d23,offset_j2,offset_j3,rows,mean_vehicle_count,max_vehicle_count,mean_total_waiting_time,max_total_waiting_time,mean_speed,min_mean_speed,mean_total_queue,max_total_queue,total_departed,total_arrived,final_active,final_buffered,buffered_ratio
100,0,0,3600,80.717,102,378.779,1725.0,7.601,0.0,22.444,59,3400,3316,84,0,0.0
100,0,5,3600,80.566,101,374.193,1562.0,7.626,0.0,22.28,56,3400,3317,83,0,0.0
100,0,10,3600,80.814,100,372.656,1477.0,7.63,0.0,22.437,54,3400,3318,82,0,0.0
100,0,15,3600,80.537,99,344.472,1389.0,7.666,0.0,21.708,53,3400,3314,86,0,0.0
100,0,20,3600,80.136,99,320.693,1281.0,7.703,0.0,21.292,52,3400,3312,88,0,0.0
100,0,25,3600,80.7,104,332.538,1285.0,7.636,0.0,21.815,52,3400,3308,92,0,0.0
100,0,30,3600,82.67,112,361.421,1359.0,7.448,0.0,22.978,51,3400,3306,94,0,0.0
100,0,35,3600,127.829,194,1397.437,5580.0,5.0,0.0,60.431,141,3400,3213,187,0,0.0
100,0,40,3600,129.146,195,1421.124,5569.0,4.953,0.0,61.617,147,3400,3213,187,0,0.0
100,0,45,3600,129.133,193,1426.293,5549.0,4.97,0.0,61.739,148,3399,3213,186,1,0.0
100,0,50,3600,129.139,194,1428.433,5448.0,4.988,0.0,61.649,144,3399,3215,184,1,0.0
100,0,55,3600,129.298,191,1444.034,5436.0,4.998,0.0,61.774,145,3399,3215,184,1,0.0
100,0,60,3600,84.911,102,372.542,1065.0,7.392,0.0,24.597,51,3400,3312,88,0,0.0
100,0,65,3600,81.123,99,305.856,981.0,7.691,0.0,21.38,48,3400,3318,82,0,0.0
100,0,70,3600,81.311,98,323.946,973.0,7.649,0.0,21.594,51,3400,3313,87,0,0.0
100,0,75,3600,81.413,100,348.937,1076.0,7.612,0.0,21.974,50,3400,3313,87,0,0.0
100,0,80,3600,81.147,98,371.512,1279.0,7.608,0.0,22.588,53,3400,3314,86,0,0.0
100,0,85,3600,80.558,100,369.832,1433.0,7.632,0.0,22.214,53,3400,3316,84,0,0.0
100,0,90,3600,80.717,102,378.779,1725.0,7.601,0.0,22.444,59,3400,3316,84,0,0.0
100,5,0,3600,80.724,101,376.395,1672.0,7.621,0.0,22.388,60,3400,3317,83,0,0.0
100,5,5,3600,80.596,100,376.451,1466.0,7.63,0.0,22.346,55,3400,3318,82,0,0.0
100,5,10,3600,80.637,101,372.385,1462.0,7.647,0.0,22.306,55,3400,3318,82,0,0.0
100,5,15,3600,78.977,99,327.249,1194.0,7.828,0.0,20.765,49,3400,3318,82,0,0.0
100,5,20,3600,78.478,97,300.796,1056.0,7.879,0.0,19.958,47,3400,3317,83,0,0.0
100,5,25,3600,78.004,98,281.226,991.0,7.922,0.0,19.486,47,3400,3317,83,0,0.0
100,5,30,3600,78.924,103,300.391,1012.0,7.815,0.0,20.145,46,3400,3316,84,0,0.0
100,5,35,3600,83.032,108,371.998,1261.0,7.449,0.0,23.131,51,3400,3312,88,0,0.0
100,5,40,3600,131.512,197,1495.55,5394.0,4.87,0.0,63.956,151,3400,3215,185,0,0.0
100,5,45,3600,131.48,194,1473.453,5451.0,4.881,0.0,63.795,151,3400,3216,184,0,0.0
100,5,50,3600,131.493,193,1479.572,5351.0,4.893,0.0,63.962,149,3400,3216,184,0,0.0
100,5,55,3600,131.588,192,1485.015,5279.0,4.905,0.0,63.971,148,3400,3217,183,0,0.0
100,5,60,3600,131.626,191,1501.72,5107.0,4.914,0.0,64.036,145,3400,3219,181,0,0.0
100,5,65,3600,86.041,103,389.532,1043.0,7.289,0.0,25.556,55,3400,3318,82,0,0.0
100,5,70,3600,84.228,100,363.136,1041.0,7.415,0.0,23.999,56,3400,3313,87,0,0.0
100,5,75,3600,83.959,97,380.628,1166.0,7.41,0.0,23.975,55,3400,3314,86,0,0.0
100,5,80,3600,83.594,100,398.531,1400.0,7.412,0.0,23.879,56,3400,3315,85,0,0.0
100,5,85,3600,80.741,99,369.499,1397.0,7.64,0.0,22.282,54,3400,3316,84,0,0.0
100,5,90,3600,80.724,101,376.395,1672.0,7.621,0.0,22.388,60,3400,3317,83,0,0.0
100,10,0,3600,80.75,99,374.772,1631.0,7.648,0.0,22.366,59,3400,3319,81,0,0.0
100,10,5,3600,80.9,102,380.385,1486.0,7.625,0.0,22.548,58,3400,3320,80,0,0.0
100,10,10,3600,80.806,101,374.609,1365.0,7.645,0.0,22.382,54,3400,3319,81,0,0.0
100,10,15,3600,78.971,99,328.52,1074.0,7.837,0.0,20.729,47,3400,3321,79,0,0.0
100,10,20,3600,77.71,99,293.862,957.0,7.978,0.0,19.498,45,3400,3323,77,0,0.0
100,10,25,3600,77.395,96,277.147,885.0,8.007,0.0,18.968,44,3400,3322,78,0,0.0
100,10,30,3600,77.149,97,263.883,833.0,8.028,0.0,18.527,43,3400,3323,77,0,0.0
100,10,35,3600,80.451,105,325.845,1154.0,7.702,0.0,21.061,51,3400,3320,80,0,0.0
100,10,40,3600,85.595,107,407.847,1263.0,7.266,0.0,24.983,57,3400,3315,85,0,0.0
100,10,45,3600,133.915,196,1533.306,5367.0,4.791,0.0,65.996,155,3400,3218,182,0,0.0
100,10,50,3600,134.034,194,1518.187,5224.0,4.799,0.0,66.047,152,3400,3219,181,0,0.0
100,10,55,3600,133.995,194,1516.469,5075.0,4.809,0.0,66.023,151,3400,3219,181,0,0.0
100,10,60,3600,134.191,193,1525.931,5039.0,4.811,0.0,66.169,150,3400,3221,179,0,0.0
100,10,65,3600,134.621,192,1554.606,4871.0,4.793,0.0,66.598,147,3400,3222,178,0,0.0
100,10,70,3600,88.364,101,428.588,1167.0,7.091,0.0,27.434,61,3400,3312,88,0,0.0
100,10,75,3600,87.324,99,426.907,1268.0,7.151,0.0,26.704,58,3400,3313,87,0,0.0
100,10,80,3600,87.045,103,449.992,1512.0,7.147,0.0,26.668,60,3400,3314,86,0,0.0
100,10,85,3600,84.66,101,423.852,1572.0,7.318,0.0,24.818,59,3400,3317,83,0,0.0
100,10,90,3600,80.75,99,374.772,1631.0,7.648,0.0,22.366,59,3400,3319,81,0,0.0
100,15,0,3600,84.776,103,428.802,1676.0,7.316,0.0,24.956,62,3400,3318,82,0,0.0
100,15,5,3600,80.666,99,372.924,1439.0,7.677,0.0,22.249,55,3400,3320,80,0,0.0
100,15,10,3600,80.76,99,371.457,1299.0,7.676,0.0,22.279,54,3400,3321,79,0,0.0
100,15,15,3600,79.132,97,330.99,1099.0,7.843,0.0,20.801,49,3400,3321,79,0,0.0
100,15,20,3600,77.833,96,298.863,993.0,7.984,0.0,19.607,47,3400,3323,77,0,0.0
100,15,25,3600,77.215,95,281.125,930.0,8.061,0.0,18.965,46,3400,3323,77,0,0.0
100,15,30,3600,77.361,97,276.248,873.0,8.047,0.0,18.854,46,3400,3324,76,0,0.0
100,15,35,3600,78.266,98,280.201,840.0,7.948,0.0,19.095,46,3400,3324,76,0,0.0
100,15,40,3600,82.575,101,351.706,979.0,7.544,0.0,22.356,52,3400,3322,78,0,0.0
100,15,45,3600,96.897,120,549.661,1716.0,6.456,0.0,33.737,76,3400,3298,102,0,0.0
100,15,50,3600,136.746,197,1577.12,5088.0,4.697,0.0,68.244,157,3400,3219,181,0,0.0
100,15,55,3600,136.749,197,1568.639,4976.0,4.704,0.0,68.341,156,3400,3219,181,0,0.0
100,15,60,3600,137.099,195,1575.466,4950.0,4.694,0.0,68.657,155,3400,3221,179,0,0.0
100,15,65,3600,137.358,194,1585.355,4790.0,4.687,0.0,68.827,150,3400,3222,178,0,0.0
100,15,70,3600,137.669,193,1607.276,4745.0,4.679,0.0,69.062,146,3400,3216,184,0,0.0
100,15,75,3600,90.612,104,474.041,1358.0,6.902,0.0,29.355,61,3400,3313,87,0,0.0
100,15,80,3600,90.02,105,488.307,1607.0,6.927,0.0,29.033,65,3400,3313,87,0,0.0
100,15,85,3600,87.784,104,461.371,1666.0,7.081,0.0,27.157,63,3400,3316,84,0,0.0
100,15,90,3600,84.776,103,428.802,1676.0,7.316,0.0,24.956,62,3400,3318,82,0,0.0
100,20,0,3600,86.104,105,422.691,1756.0,7.222,0.0,25.665,66,3400,3321,79,0,0.0
100,20,5,3600,83.308,100,389.396,1515.0,7.461,0.0,23.511,61,3400,3322,78,0,0.0
100,20,10,3600,80.431,98,361.268,1344.0,7.73,0.0,21.936,55,3400,3324,76,0,0.0
100,20,15,3600,78.857,96,319.566,1064.0,7.896,0.0,20.416,49,3400,3324,76,0,0.0
100,20,20,3600,77.982,98,297.184,954.0,7.995,0.0,19.591,47,3400,3326,74,0,0.0
100,20,25,3600,77.478,96,282.668,881.0,8.06,0.0,19.045,46,3400,3326,74,0,0.0
100,20,30,3600,76.806,94,266.669,799.0,8.146,0.0,18.424,45,3400,3327,73,0,0.0
100,20,35,3600,77.483,95,272.272,791.0,8.067,0.0,18.677,45,3400,3328,72,0,0.0
100,20,40,3600,78.836,96,278.951,765.0,7.914,0.0,19.1,45,3400,3328,72,0,0.0
100,20,45,3600,82.682,99,337.507,1120.0,7.56,0.0,22.154,54,3400,3325,75,0,0.0
100,20,50,3600,94.683,118,504.718,1455.0,6.628,0.0,31.711,71,3400,3304,96,0,0.0
100,20,55,3600,133.728,195,1490.709,4579.0,4.823,0.0,65.652,152,3400,3226,174,0,0.0
100,20,60,3600,134.702,195,1498.346,4575.0,4.789,0.0,66.438,152,3400,3227,173,0,0.0
100,20,65,3600,134.993,193,1502.631,4449.0,4.777,0.0,66.681,149,3400,3227,173,0,0.0
100,20,70,3600,135.324,192,1515.165,4388.0,4.762,0.0,66.914,144,3400,3223,177,0,0.0
100,20,75,3600,135.424,193,1539.771,4342.0,4.755,0.0,67.159,141,3400,3222,178,0,0.0
100,20,80,3600,91.917,107,504.705,1561.0,6.791,0.0,30.463,65,3400,3315,85,0,0.0
100,20,85,3600,89.195,108,461.148,1690.0,6.983,0.0,28.12,65,3400,3319,81,0,0.0
100,20,90,3600,86.104,105,422.691,1756.0,7.222,0.0,25.665,66,3400,3321,79,0,0.0
100,25,0,3600,85.888,104,390.621,1643.0,7.247,0.0,25.302,65,3400,3320,80,0,0.0
100,25,5,3600,83.146,99,357.112,1455.0,7.483,0.0,23.081,61,3400,3322,78,0,0.0
100,25,10,3600,80.369,96,320.164,1188.0,7.746,0.0,20.874,54,3400,3325,75,0,0.0
100,25,15,3600,78.192,94,303.204,1002.0,7.979,0.0,19.813,48,3400,3325,75,0,0.0
100,25,20,3600,76.88,93,270.825,840.0,8.124,0.0,18.541,45,3400,3326,74,0,0.0
100,25,25,3600,76.32,92,258.255,766.0,8.193,0.0,18.03,44,3400,3327,73,0,0.0
100,25,30,3600,75.514,91,240.387,694.0,8.291,0.0,17.278,43,3400,3329,71,0,0.0
100,25,35,3600,75.661,90,238.232,650.0,8.277,0.0,17.184,42,3400,3330,70,0,0.0
100,25,40,3600,76.833,92,242.183,699.0,8.139,0.0,17.373,41,3400,3330,70,0,0.0
100,25,45,3600,77.946,92,245.852,786.0,8.017,0.0,17.924,46,3400,3330,70,0,0.0
100,25,50,3600,82.295,98,311.869,897.0,7.61,0.0,21.652,48,3400,3328,72,0,0.0
100,25,55,3600,95.656,123,487.664,1371.0,6.572,0.0,31.964,71,3400,3305,95,0,0.0
100,25,60,3600,134.706,197,1505.884,4219.0,4.789,0.0,66.404,149,3400,3227,173,0,0.0
100,25,65,3600,134.974,197,1495.026,4033.0,4.776,0.0,66.575,144,3400,3228,172,0,0.0
100,25,70,3600,135.306,196,1499.701,4000.0,4.762,0.0,66.869,138,3400,3221,179,0,0.0
100,25,75,3600,135.388,195,1508.724,4007.0,4.755,0.0,66.904,137,3400,3223,177,0,0.0
100,25,80,3600,135.354,198,1525.872,3986.0,4.752,0.0,66.883,141,3400,3224,176,0,0.0
100,25,85,3600,89.552,107,444.097,1616.0,6.96,0.0,28.239,68,3400,3320,80,0,0.0
100,25,90,3600,85.888,104,390.621,1643.0,7.247,0.0,25.302,65,3400,3320,80,0,0.0
100,30,0,3600,89.604,106,421.606,1666.0,6.951,0.0,27.454,67,3400,3320,80,0,0.0
100,30,5,3600,85.919,99,372.189,1403.0,7.25,0.0,24.617,61,3400,3321,79,0,0.0
100,30,10,3600,82.533,99,324.154,1222.0,7.554,0.0,21.828,56,3400,3323,77,0,0.0
100,30,15,3600,79.291,95,276.734,968.0,7.877,0.0,19.122,49,3400,3327,73,0,0.0
100,30,20,3600,77.221,94,260.163,835.0,8.109,0.0,18.118,45,3400,3329,71,0,0.0
100,30,25,3600,76.286,92,239.544,711.0,8.214,0.0,17.204,42,3400,3331,69,0,0.0
100,30,30,3600,75.467,92,221.586,671.0,8.311,0.0,16.413,41,3400,3333,67,0,0.0
100,30,35,3600,75.527,92,221.904,620.0,8.302,0.0,16.395,42,3400,3334,66,0,0.0
100,30,40,3600,75.673,90,224.806,632.0,8.272,0.0,16.474,39,3400,3333,67,0,0.0
100,30,45,3600,77.049,90,225.004,716.0,8.12,0.0,16.424,44,3400,3334,66,0,0.0
100,30,50,3600,78.178,93,229.966,679.0,8.003,0.0,17.001,37,3400,3333,67,0,0.0
100,30,55,3600,82.406,100,290.132,753.0,7.607,0.0,20.824,43,3400,3330,70,0,0.0
100,30,60,3600,95.87,122,468.131,1359.0,6.557,0.0,31.805,68,3400,3308,92,0,0.0
100,30,65,3600,134.986,198,1508.632,3778.0,4.774,0.0,66.556,140,3400,3229,171,0,0.0
100,30,70,3600,135.287,198,1503.065,3684.0,4.757,0.0,66.798,135,3400,3225,175,0,0.0
100,30,75,3600,135.422,195,1500.08,3609.0,4.744,0.0,66.841,134,3400,3225,175,0,0.0
100,30,80,3600,135.299,198,1509.421,3616.0,4.747,0.0,66.81,136,3400,3226,174,0,0.0
100,30,85,3600,135.421,197,1530.792,3900.0,4.741,0.0,66.938,143,3400,3227,173,0,0.0
100,30,90,3600,89.604,106,421.606,1666.0,6.951,0.0,27.454,67,3400,3320,80,0,0.0
100,35,0,3600,135.666,199,1541.374,4181.0,4.72,0.0,67.114,143,3400,3226,174,0,0.0
100,35,5,3600,89.995,104,407.959,1412.0,6.916,0.0,27.264,66,3400,3315,85,0,0.0
100,35,10,3600,86.898,99,367.652,1179.0,7.174,0.0,24.799,59,3400,3319,81,0,0.0
100,35,15,3600,83.064,96,312.555,993.0,7.52,0.0,21.638,55,3400,3321,79,0,0.0
100,35,20,3600,79.596,95,260.804,821.0,7.861,0.0,18.678,49,3400,3326,74,0,0.0
100,35,25,3600,77.128,92,234.648,685.0,8.138,0.0,17.273,41,3400,3331,69,0,0.0
100,35,30,3600,76.108,93,213.656,621.0,8.248,0.0,16.296,40,3400,3333,67,0,0.0
100,35,35,3600,76.086,92,214.412,666.0,8.242,0.0,16.258,40,3400,3334,66,0,0.0
100,35,40,3600,76.269,91,218.857,584.0,8.206,0.0,16.36,38,3400,3335,65,0,0.0
100,35,45,3600,76.107,90,217.048,668.0,8.209,0.0,16.154,41,3400,3335,65,0,0.0
100,35,50,3600,77.512,93,220.098,614.0,8.062,0.0,16.088,35,3400,3334,66,0,0.0
100,35,55,3600,78.724,95,224.979,585.0,7.936,0.0,16.849,34,3400,3334,66,0,0.0
100,35,60,3600,82.734,100,278.939,639.0,7.557,0.0,20.579,40,3400,3332,68,0,0.0
100,35,65,3600,96.691,123,467.869,1402.0,6.476,0.0,32.288,60,3400,3309,91,0,0.0
100,35,70,3600,135.388,200,1524.553,3504.0,4.742,0.0,66.882,128,3400,3225,175,0,0.0
100,35,75,3600,135.588,199,1513.996,3370.0,4.728,0.0,67.011,130,3400,3224,176,0,0.0
100,35,80,3600,135.454,199,1517.082,3460.0,4.726,0.0,67.014,134,3400,3226,174,0,0.0
100,35,85,3600,135.706,198,1525.511,3551.0,4.714,0.0,67.149,136,3400,3227,173,0,0.0
100,35,90,3600,135.666,199,1541.374,4181.0,4.72,0.0,67.114,143,3400,3226,174,0,0.0
100,40,0,3600,135.816,199,1534.766,3770.0,4.7,0.0,67.076,138,3400,3227,173,0,0.0
100,40,5,3600,135.998,197,1558.785,3754.0,4.702,0.0,67.3,137,3400,3223,177,0,0.0
100,40,10,3600,91.175,105,412.392,1250.0,6.824,0.0,28.001,67,3400,3313,87,0,0.0
100,40,15,3600,87.049,97,352.569,1004.0,7.163,0.0,24.689,59,3400,3314,86,0,0.0
100,40,20,3600,83.256,96,298.018,817.0,7.505,0.0,21.541,53,3400,3321,79,0,0.0
100,40,25,3600,79.791,94,250.858,685.0,7.845,0.0,18.713,47,3400,3326,74,0,0.0
100,40,30,3600,76.666,93,208.92,607.0,8.185,0.0,16.689,41,3400,3334,66,0,0.0
100,40,35,3600,76.354,92,204.635,554.0,8.208,0.0,16.348,40,3400,3335,65,0,0.0
100,40,40,3600,76.445,91,209.44,736.0,8.176,0.0,16.417,44,3400,3336,64,0,0.0
100,40,45,3600,76.365,91,210.671,626.0,8.168,0.0,16.262,40,3400,3336,64,0,0.0
100,40,50,3600,76.302,90,213.974,629.0,8.163,0.0,16.167,40,3400,3336,64,0,0.0
100,40,55,3600,77.819,93,217.022,578.0,8.005,0.0,16.309,38,3400,3335,65,0,0.0
100,40,60,3600,78.933,95,221.378,591.0,7.883,0.0,17.322,38,3400,3335,65,0,0.0
100,40,65,3600,83.428,102,280.518,637.0,7.458,0.0,21.347,42,3400,3332,68,0,0.0
100,40,70,3600,97.0,123,466.196,1486.0,6.427,0.0,32.709,66,3400,3305,95,0,0.0
100,40,75,3600,135.611,201,1536.801,3659.0,4.715,0.0,66.918,127,3400,3225,175,0,0.0
100,40,80,3600,135.489,201,1516.853,3546.0,4.711,0.0,66.73,126,3400,3226,174,0,0.0
100,40,85,3600,135.701,199,1525.932,3662.0,4.7,0.0,67.005,136,3400,3227,173,0,0.0
100,40,90,3600,135.816,199,1534.766,3770.0,4.7,0.0,67.076,138,3400,3227,173,0,0.0
100,45,0,3600,135.757,199,1521.777,3798.0,4.689,0.0,66.482,136,3400,3225,175,0,0.0
100,45,5,3600,135.987,198,1533.232,3689.0,4.69,0.0,66.632,136,3400,3224,176,0,0.0
100,45,10,3600,136.491,197,1562.206,3635.0,4.682,0.0,67.204,138,3400,3221,179,0,0.0
100,45,15,3600,90.945,104,398.208,1177.0,6.845,0.0,27.676,69,3400,3310,90,0,0.0
100,45,20,3600,87.23,98,346.819,1016.0,7.152,0.0,24.732,63,3400,3317,83,0,0.0
100,45,25,3600,83.449,96,293.631,847.0,7.493,0.0,21.587,58,3400,3322,78,0,0.0
100,45,30,3600,79.897,96,245.099,727.0,7.837,0.0,18.761,50,3400,3330,70,0,0.0
100,45,35,3600,77.047,93,206.949,683.0,8.124,0.0,16.949,43,3400,3334,66,0,0.0
100,45,40,3600,76.586,92,203.881,666.0,8.146,0.0,16.537,41,3400,3336,64,0,0.0
100,45,45,3600,76.542,92,207.066,777.0,8.132,0.0,16.427,45,3400,3336,64,0,0.0
100,45,50,3600,76.506,91,211.507,721.0,8.123,0.0,16.381,42,3400,3336,64,0,0.0
100,45,55,3600,76.559,91,216.967,679.0,8.113,0.0,16.611,38,3400,3336,64,0,0.0
100,45,60,3600,77.95,93,219.05,664.0,7.961,0.0,16.92,39,3400,3336,64,0,0.0
100,45,65,3600,79.775,97,231.131,675.0,7.772,0.0,18.327,40,3400,3336,64,0,0.0
100,45,70,3600,83.918,103,281.87,791.0,7.387,0.0,21.893,44,3400,3326,74,0,0.0
100,45,75,3600,97.254,123,469.932,1631.0,6.381,0.0,32.975,66,3400,3303,97,0,0.0
100,45,80,3600,135.45,202,1531.302,3809.0,4.703,0.0,66.226,128,3400,3226,174,0,0.0
100,45,85,3600,135.688,201,1525.916,3702.0,4.689,0.0,66.533,134,3400,3228,172,0,0.0
100,45,90,3600,135.757,199,1521.777,3798.0,4.689,0.0,66.482,136,3400,3225,175,0,0.0
100,50,0,3600,135.623,205,1524.798,3574.0,4.687,0.0,65.935,131,3400,3225,175,0,0.0
100,50,5,3600,135.882,203,1528.721,3673.0,4.686,0.0,66.163,131,3400,3225,175,0,0.0
100,50,10,3600,136.336,201,1547.102,3643.0,4.679,0.0,66.65,130,3400,3219,181,0,0.0
100,50,15,3600,136.283,200,1561.59,3429.0,4.695,0.0,66.56,128,3400,3218,182,0,0.0
100,50,20,3600,91.216,108,407.061,1090.0,6.833,0.0,27.881,61,3400,3311,89,0,0.0
100,50,25,3600,87.261,100,348.658,931.0,7.16,0.0,24.731,56,3400,3318,82,0,0.0
100,50,30,3600,83.524,97,296.445,775.0,7.493,0.0,21.665,49,3400,3324,76,0,0.0
100,50,35,3600,80.275,95,252.923,630.0,7.788,0.0,19.067,42,3400,3331,69,0,0.0
100,50,40,3600,77.282,98,211.849,623.0,8.062,0.0,17.249,38,3400,3336,64,0,0.0
100,50,45,3600,76.674,97,207.709,669.0,8.109,0.0,16.668,42,3400,3336,64,0,0.0
100,50,50,3600,76.639,96,213.88,649.0,8.095,0.0,16.668,40,3400,3336,64,0,0.0
100,50,55,3600,76.582,95,219.72,604.0,8.095,0.0,16.919,40,3400,3336,64,0,0.0
100,50,60,3600,76.62,93,223.87,593.0,8.098,0.0,17.255,40,3400,3336,64,0,0.0
100,50,65,3600,78.664,94,231.214,586.0,7.877,0.0,17.794,38,3400,3334,66,0,0.0
100,50,70,3600,80.507,101,240.775,569.0,7.689,0.0,19.057,40,3400,3325,75,0,0.0
100,50,75,3600,84.346,105,287.814,706.0,7.326,0.0,22.361,44,3400,3322,78,0,0.0
100,50,80,3600,97.264,128,479.464,1586.0,6.36,0.0,33.092,64,3400,3301,99,0,0.0
100,50,85,3600,135.528,205,1534.515,3663.0,4.691,0.0,65.848,127,3400,3227,173,0,0.0
100,50,90,3600,135.623,205,1524.798,3574.0,4.687,0.0,65.935,131,3400,3225,175,0,0.0
100,55,0,3600,135.545,207,1556.194,3706.0,4.687,0.0,65.713,128,3400,3227,173,0,0.0
100,55,5,3600,135.789,205,1548.481,3577.0,4.685,0.0,65.951,125,3400,3224,176,0,0.0
100,55,10,3600,136.302,203,1555.009,3717.0,4.674,0.0,66.353,131,3400,3219,181,0,0.0
100,55,15,3600,136.213,202,1566.917,3656.0,4.69,0.0,66.41,126,3400,3218,182,0,0.0
100,55,20,3600,136.314,201,1587.143,3471.0,4.697,0.0,66.525,125,3400,3217,183,0,0.0
100,55,25,3600,91.338,108,419.103,1083.0,6.839,0.0,28.05,54,3400,3313,87,0,0.0
100,55,30,3600,87.444,101,363.894,914.0,7.158,0.0,25.004,47,3400,3319,81,0,0.0
100,55,35,3600,83.857,99,314.479,791.0,7.456,0.0,22.103,42,3400,3325,75,0,0.0
100,55,40,3600,80.607,100,270.381,709.0,7.723,0.0,19.564,44,3400,3330,70,0,0.0
100,55,45,3600,77.413,99,222.662,650.0,8.014,0.0,17.509,40,3400,3336,64,0,0.0
100,55,50,3600,76.968,99,223.892,590.0,8.039,0.0,17.19,39,3400,3336,64,0,0.0
100,55,55,3600,77.006,98,232.109,677.0,8.025,0.0,17.531,42,3400,3336,64,0,0.0
100,55,60,3600,77.021,96,237.251,691.0,8.033,0.0,17.872,42,3400,3336,64,0,0.0
100,55,65,3600,77.652,96,246.445,629.0,7.988,0.0,18.419,42,3400,3334,66,0,0.0
100,55,70,3600,79.738,101,252.793,671.0,7.765,0.0,18.889,42,3400,3325,75,0,0.0
100,55,75,3600,81.248,103,256.105,658.0,7.603,0.0,19.828,43,3400,3322,78,0,0.0
100,55,80,3600,84.821,107,299.528,815.0,7.275,0.0,22.807,44,3400,3321,79,0,0.0
100,55,85,3600,97.694,128,502.206,1658.0,6.324,0.0,33.464,72,3400,3302,98,0,0.0
100,55,90,3600,135.545,207,1556.194,3706.0,4.687,0.0,65.713,128,3400,3227,173,0,0.0
100,60,0,3600,97.981,129,528.221,1719.0,6.312,0.0,34.08,68,3400,3299,101,0,0.0
100,60,5,3600,135.81,204,1585.359,3670.0,4.684,0.0,66.302,127,3400,3224,176,0,0.0
100,60,10,3600,136.321,202,1585.759,3580.0,4.671,0.0,66.799,126,3400,3220,180,0,0.0
100,60,15,3600,135.575,201,1559.939,3662.0,4.704,0.0,66.089,131,3400,3218,182,0,0.0
100,60,20,3600,136.26,200,1588.171,3529.0,4.694,0.0,66.717,128,3400,3217,183,0,0.0
100,60,25,3600,136.333,199,1610.226,3428.0,4.701,0.0,66.878,128,3400,3218,182,0,0.0
100,60,30,3600,91.353,106,440.5,1085.0,6.849,0.0,28.685,52,3400,3314,86,0,0.0
100,60,35,3600,87.777,100,390.708,960.0,7.128,0.0,25.882,49,3400,3321,79,0,0.0
100,60,40,3600,84.299,99,344.339,902.0,7.391,0.0,23.108,49,3400,3324,76,0,0.0
100,60,45,3600,80.799,98,293.682,805.0,7.672,0.0,20.267,42,3400,3330,70,0,0.0
100,60,50,3600,77.85,99,248.089,557.0,7.932,0.0,18.218,39,3400,3335,65,0,0.0
100,60,55,3600,77.333,98,250.657,597.0,7.974,0.0,18.231,41,3400,3336,64,0,0.0
100,60,60,3600,77.549,96,256.16,783.0,7.958,0.0,18.531,45,3400,3336,64,0,0.0
100,60,65,3600,78.221,96,267.186,766.0,7.906,0.0,19.099,44,3400,3334,66,0,0.0
100,60,70,3600,78.789,95,275.066,764.0,7.875,0.0,19.536,44,3400,3326,74,0,0.0
100,60,75,3600,80.568,100,275.852,759.0,7.675,0.0,19.752,43,3400,3322,78,0,0.0
100,60,80,3600,82.008,102,278.324,751.0,7.526,0.0,20.621,43,3400,3321,79,0,0.0
100,60,85,3600,85.458,106,326.61,923.0,7.217,0.0,23.749,46,3400,3320,80,0,0.0
100,60,90,3600,97.981,129,528.221,1719.0,6.312,0.0,34.08,68,3400,3299,101,0,0.0
100,65,0,3600,86.788,111,367.603,1064.0,7.108,0.0,25.301,51,3400,3317,83,0,0.0
100,65,5,3600,98.774,128,560.708,1726.0,6.271,0.0,35.16,70,3400,3296,104,0,0.0
100,65,10,3600,136.576,201,1622.869,3767.0,4.656,0.0,67.563,127,3400,3219,181,0,0.0
100,65,15,3600,136.456,201,1610.341,3602.0,4.67,0.0,67.524,128,3400,3218,182,0,0.0
100,65,20,3600,136.488,199,1617.032,3694.0,4.676,0.0,67.664,132,3400,3216,184,0,0.0
100,65,25,3600,136.565,197,1621.84,3595.0,4.681,0.0,67.653,129,3400,3218,182,0,0.0
100,65,30,3600,136.629,198,1647.843,3465.0,4.692,0.0,67.884,129,3400,3220,180,0,0.0
100,65,35,3600,92.33,107,492.182,1172.0,6.779,0.0,30.539,56,3400,3315,85,0,0.0
100,65,40,3600,88.412,101,431.039,1060.0,7.06,0.0,27.364,53,3400,3321,79,0,0.0
100,65,45,3600,84.665,101,376.735,1002.0,7.34,0.0,24.262,47,3400,3324,76,0,0.0
100,65,50,3600,81.309,103,328.909,771.0,7.6,0.0,21.518,44,3400,3330,70,0,0.0
100,65,55,3600,78.266,101,283.353,664.0,7.864,0.0,19.391,38,3400,3336,64,0,0.0
100,65,60,3600,78.266,99,284.412,726.0,7.865,0.0,19.46,42,3400,3336,64,0,0.0
100,65,65,3600,78.894,99,295.358,895.0,7.81,0.0,19.992,47,3400,3335,65,0,0.0
100,65,70,3600,79.466,99,305.1,879.0,7.775,0.0,20.48,46,3400,3325,75,0,0.0
100,65,75,3600,79.724,97,308.021,883.0,7.768,0.0,20.714,46,3400,3322,78,0,0.0
100,65,80,3600,81.506,101,309.71,879.0,7.575,0.0,20.959,47,3400,3321,79,0,0.0
100,65,85,3600,83.434,103,321.981,961.0,7.39,0.0,22.25,47,3400,3320,80,0,0.0
100,65,90,3600,86.788,111,367.603,1064.0,7.108,0.0,25.301,51,3400,3317,83,0,0.0
100,70,0,3600,86.771,109,400.625,1184.0,7.089,0.0,25.291,56,3400,3310,90,0,0.0
100,70,5,3600,89.85,113,444.0,1275.0,6.858,0.0,28.212,55,3400,3309,91,0,0.0
100,70,10,3600,101.736,132,614.364,1833.0,6.084,0.0,37.414,75,3400,3287,113,0,0.0
100,70,15,3600,137.466,205,1491.588,3773.0,4.627,0.0,66.583,133,3400,3208,192,0,0.0
100,70,20,3600,137.473,204,1480.012,3641.0,4.632,0.0,66.557,131,3400,3207,193,0,0.0
100,70,25,3600,137.592,203,1473.987,3765.0,4.631,0.0,66.508,136,3400,3208,192,0,0.0
100,70,30,3600,137.625,203,1484.618,3619.0,4.646,0.0,66.639,135,3400,3211,189,0,0.0
100,70,35,3600,137.915,199,1515.075,3498.0,4.647,0.0,67.121,132,3400,3211,189,0,0.0
100,70,40,3600,93.664,111,534.17,1257.0,6.686,0.0,31.875,58,3400,3308,92,0,0.0
100,70,45,3600,89.397,102,466.278,1146.0,6.986,0.0,28.431,53,3400,3313,87,0,0.0
100,70,50,3600,85.871,105,415.97,908.0,7.232,0.0,25.478,49,3400,3317,83,0,0.0
100,70,55,3600,82.447,103,366.954,843.0,7.489,0.0,22.695,44,3400,3324,76,0,0.0
100,70,60,3600,79.538,102,325.564,796.0,7.729,0.0,20.769,43,3400,3328,72,0,0.0
100,70,65,3600,80.094,102,334.968,877.0,7.668,0.0,21.182,46,3400,3330,70,0,0.0
100,70,70,3600,80.701,102,345.254,1058.0,7.623,0.0,21.681,49,3400,3320,80,0,0.0
100,70,75,3600,80.978,100,349.912,1054.0,7.609,0.0,21.971,49,3400,3317,83,0,0.0
100,70,80,3600,81.222,100,352.649,1036.0,7.604,0.0,22.2,49,3400,3315,85,0,0.0
100,70,85,3600,83.63,104,367.219,1162.0,7.364,0.0,22.988,55,3400,3314,86,0,0.0
100,70,90,3600,86.771,109,400.625,1184.0,7.089,0.0,25.291,56,3400,3310,90,0,0.0
100,75,0,3600,84.759,106,405.303,1298.0,7.255,0.0,24.274,53,3400,3310,90,0,0.0
100,75,5,3600,87.771,112,437.68,1377.0,7.005,0.0,26.486,55,3400,3308,92,0,0.0
100,75,10,3600,91.072,112,487.165,1461.0,6.766,0.0,29.537,56,3400,3304,96,0,0.0
100,75,15,3600,101.619,132,606.301,1894.0,6.098,0.0,37.148,73,3400,3278,122,0,0.0
100,75,20,3600,135.447,203,1434.574,3867.0,4.696,0.0,64.577,130,3400,3204,196,0,0.0
100,75,25,3600,135.526,203,1428.744,3771.0,4.699,0.0,64.727,132,3400,3205,195,0,0.0
100,75,30,3600,135.54,201,1426.246,3852.0,4.709,0.0,64.736,133,3400,3206,194,0,0.0
100,75,35,3600,135.798,198,1445.77,3760.0,4.713,0.0,65.068,134,3400,3207,193,0,0.0
100,75,40,3600,136.071,198,1462.964,3629.0,4.713,0.0,65.315,132,3400,3209,191,0,0.0
100,75,45,3600,92.543,109,520.976,1246.0,6.773,0.0,31.007,56,3400,3303,97,0,0.0
100,75,50,3600,88.511,105,458.67,1031.0,7.057,0.0,27.718,52,3400,3309,91,0,0.0
100,75,55,3600,84.847,105,404.436,990.0,7.316,0.0,24.645,47,3400,3314,86,0,0.0
100,75,60,3600,81.805,104,361.961,916.0,7.538,0.0,22.158,46,3400,3320,80,0,0.0
100,75,65,3600,80.308,103,347.778,936.0,7.656,0.0,21.5,46,3400,3326,74,0,0.0
100,75,70,3600,81.083,103,362.766,1024.0,7.581,0.0,22.156,49,3400,3314,86,0,0.0
100,75,75,3600,81.492,101,374.133,1241.0,7.548,0.0,22.614,49,3400,3312,88,0,0.0
100,75,80,3600,81.759,103,379.828,1232.0,7.529,0.0,22.842,50,3400,3312,88,0,0.0
100,75,85,3600,81.51,101,373.334,1228.0,7.556,0.0,22.643,50,3400,3313,87,0,0.0
100,75,90,3600,84.759,106,405.303,1298.0,7.255,0.0,24.274,53,3400,3310,90,0,0.0
100,80,0,3600,81.631,104,387.775,1410.0,7.531,0.0,23.039,55,3400,3315,85,0,0.0
100,80,5,3600,84.572,105,415.122,1357.0,7.268,0.0,24.546,54,3400,3311,89,0,0.0
100,80,10,3600,87.154,107,441.765,1470.0,7.06,0.0,26.536,57,3400,3308,92,0,0.0
100,80,15,3600,87.958,110,443.703,1483.0,7.008,0.0,27.354,56,3400,3303,97,0,0.0
100,80,20,3600,100.325,135,584.134,1880.0,6.177,0.0,36.09,73,3400,3277,123,0,0.0
100,80,25,3600,133.464,204,1394.603,3987.0,4.77,0.0,63.23,130,3400,3204,196,0,0.0
100,80,30,3600,133.508,203,1374.464,3913.0,4.777,0.0,63.086,132,3399,3207,192,1,0.0
100,80,35,3600,133.802,197,1381.598,3978.0,4.777,0.0,63.412,136,3400,3206,194,0,0.0
100,80,40,3600,133.973,196,1396.273,3895.0,4.784,0.0,63.693,133,3400,3207,193,0,0.0
100,80,45,3600,133.946,194,1410.049,3751.0,4.8,0.0,63.598,130,3399,3207,192,1,0.0
100,80,50,3600,90.874,109,497.068,1213.0,6.902,0.0,29.718,54,3400,3301,99,0,0.0
100,80,55,3600,86.003,104,412.498,1051.0,7.264,0.0,25.634,49,3400,3307,93,0,0.0
100,80,60,3600,82.509,103,362.845,990.0,7.523,0.0,22.76,50,3400,3318,82,0,0.0
100,80,65,3600,80.887,105,343.393,973.0,7.629,0.0,21.426,46,3400,3321,79,0,0.0
100,80,70,3600,80.499,104,354.607,996.0,7.66,0.0,21.869,49,3400,3316,84,0,0.0
100,80,75,3600,81.27,102,376.816,1162.0,7.576,0.0,22.662,48,3400,3312,88,0,0.0
100,80,80,3600,81.683,102,389.119,1395.0,7.531,0.0,23.064,52,3400,3312,88,0,0.0
100,80,85,3600,80.866,99,374.367,1304.0,7.593,0.0,22.354,50,3400,3313,87,0,0.0
100,80,90,3600,81.631,104,387.775,1410.0,7.531,0.0,23.039,55,3400,3315,85,0,0.0
100,85,0,3600,80.755,101,378.031,1506.0,7.597,0.0,22.412,54,3400,3316,84,0,0.0
100,85,5,3600,81.04,103,379.774,1434.0,7.589,0.0,22.642,51,3400,3317,83,0,0.0
100,85,10,3600,83.689,101,407.641,1493.0,7.358,0.0,24.209,55,3400,3313,87,0,0.0
100,85,15,3600,83.534,103,381.461,1398.0,7.379,0.0,23.94,54,3400,3309,91,0,0.0
100,85,20,3600,84.09,107,383.462,1409.0,7.329,0.0,24.423,53,3400,3305,95,0,0.0
100,85,25,3600,86.029,112,409.091,1419.0,7.165,0.0,25.67,54,3400,3302,98,0,0.0
100,85,30,3600,130.434,203,1326.998,4255.0,4.888,0.0,60.923,134,3400,3208,192,0,0.0
100,85,35,3600,130.74,197,1324.072,4136.0,4.883,0.0,61.207,133,3399,3209,190,1,0.0
100,85,40,3600,130.975,195,1322.814,4160.0,4.885,0.0,61.424,138,3400,3210,190,0,0.0
100,85,45,3600,130.857,195,1331.127,4023.0,4.908,0.0,61.411,136,3399,3211,188,1,0.0
100,85,50,3600,131.034,193,1357.179,3999.0,4.921,0.0,61.696,135,3400,3212,188,0,0.0
100,85,55,3600,86.963,108,417.33,1107.0,7.214,0.0,26.387,52,3400,3307,93,0,0.0
100,85,60,3600,82.696,101,346.245,1008.0,7.552,0.0,22.834,48,3400,3314,86,0,0.0
100,85,65,3600,80.696,102,319.414,975.0,7.687,0.0,21.128,45,3400,3319,81,0,0.0
100,85,70,3600,80.806,101,338.385,978.0,7.659,0.0,21.412,49,3400,3313,87,0,0.0
100,85,75,3600,80.615,99,358.905,1107.0,7.66,0.0,22.122,48,3400,3314,86,0,0.0
100,85,80,3600,81.511,99,386.737,1325.0,7.557,0.0,22.989,53,3400,3312,88,0,0.0
100,85,85,3600,80.666,100,374.957,1472.0,7.609,0.0,22.315,54,3400,3315,85,0,0.0
100,85,90,3600,80.755,101,378.031,1506.0,7.597,0.0,22.412,54,3400,3316,84,0,0.0
100,90,0,3600,80.717,102,378.779,1725.0,7.601,0.0,22.444,59,3400,3316,84,0,0.0
100,90,5,3600,80.566,101,374.193,1562.0,7.626,0.0,22.28,56,3400,3317,83,0,0.0
100,90,10,3600,80.814,100,372.656,1477.0,7.63,0.0,22.437,54,3400,3318,82,0,0.0
100,90,15,3600,80.537,99,344.472,1389.0,7.666,0.0,21.708,53,3400,3314,86,0,0.0
100,90,20,3600,80.136,99,320.693,1281.0,7.703,0.0,21.292,52,3400,3312,88,0,0.0
100,90,25,3600,80.7,104,332.538,1285.0,7.636,0.0,21.815,52,3400,3308,92,0,0.0
100,90,30,3600,82.67,112,361.421,1359.0,7.448,0.0,22.978,51,3400,3306,94,0,0.0
100,90,35,3600,127.829,194,1397.437,5580.0,5.0,0.0,60.431,141,3400,3213,187,0,0.0
100,90,40,3600,129.146,195,1421.124,5569.0,4.953,0.0,61.617,147,3400,3213,187,0,0.0
100,90,45,3600,129.133,193,1426.293,5549.0,4.97,0.0,61.739,148,3399,3213,186,1,0.0
100,90,50,3600,129.139,194,1428.433,5448.0,4.988,0.0,61.649,144,3399,3215,184,1,0.0
100,90,55,3600,129.298,191,1444.034,5436.0,4.998,0.0,61.774,145,3399,3215,184,1,0.0
100,90,60,3600,84.911,102,372.542,1065.0,7.392,0.0,24.597,51,3400,3312,88,0,0.0
100,90,65,3600,81.123,99,305.856,981.0,7.691,0.0,21.38,48,3400,3318,82,0,0.0
100,90,70,3600,81.311,98,323.946,973.0,7.649,0.0,21.594,51,3400,3313,87,0,0.0
100,90,75,3600,81.413,100,348.937,1076.0,7.612,0.0,21.974,50,3400,3313,87,0,0.0
100,90,80,3600,81.147,98,371.512,1279.0,7.608,0.0,22.588,53,3400,3314,86,0,0.0
100,90,85,3600,80.558,100,369.832,1433.0,7.632,0.0,22.214,53,3400,3316,84,0,0.0
100,90,90,3600,80.717,102,378.779,1725.0,7.601,0.0,22.444,59,3400,3316,84,0,0.0
200,0,0,3600,89.741,109,461.093,1936.0,7.32,0.0,26.92,67,3400,3309,91,0,0.0
200,0,5,3600,88.827,107,442.779,1765.0,7.398,0.0,26.178,65,3400,3308,92,0,0.0
200,0,10,3600,86.392,105,391.068,1632.0,7.615,0.0,24.042,62,3400,3309,91,0,0.0
200,0,15,3600,84.043,109,350.272,1535.0,7.849,0.0,22.078,58,3400,3308,92,0,0.0
200,0,20,3600,83.461,107,342.78,1331.0,7.913,0.0,21.444,52,3400,3305,95,0,0.0
200,0,25,3600,85.739,110,380.286,1573.0,7.699,0.0,23.026,57,3400,3302,98,0,0.0
200,0,30,3600,85.253,112,351.628,1353.0,7.733,0.0,22.52,53,3400,3303,97,0,0.0
200,0,35,3600,85.428,111,336.499,1349.0,7.717,0.0,22.39,54,3400,3304,96,0,0.0
200,0,40,3600,85.575,111,318.75,1097.0,7.724,0.0,21.925,53,3400,3304,96,0,0.0
200,0,45,3600,85.883,110,308.107,1255.0,7.741,0.0,21.702,55,3400,3305,95,0,0.0
200,0,50,3600,85.726,105,300.749,1185.0,7.801,0.0,21.609,53,3400,3306,94,0,0.0
200,0,55,3600,86.075,105,311.075,1083.0,7.804,0.0,22.072,51,3400,3307,93,0,0.0
200,0,60,3600,86.522,104,330.473,913.0,7.765,0.0,22.561,54,3400,3308,92,0,0.0
200,0,65,3600,87.054,107,360.049,1023.0,7.689,0.0,23.238,56,3400,3311,89,0,0.0
200,0,70,3600,84.573,102,334.51,1066.0,7.858,0.0,21.857,56,3400,3307,93,0,0.0
200,0,75,3600,83.684,103,326.38,1028.0,7.899,0.0,21.492,54,3400,3309,91,0,0.0
200,0,80,3600,85.85,105,375.602,1361.0,7.677,0.0,23.503,59,3400,3308,92,0,0.0
200,0,85,3600,88.687,107,439.061,1698.0,7.418,0.0,26.039,64,3400,3310,90,0,0.0
200,0,90,3600,89.741,109,461.093,1936.0,7.32,0.0,26.92,67,3400,3309,91,0,0.0
200,5,0,3600,89.783,110,455.689,1872.0,7.336,0.0,26.804,68,3400,3311,89,0,0.0
200,5,5,3600,88.979,107,442.851,1649.0,7.395,0.0,26.238,64,3400,3311,89,0,0.0
200,5,10,3600,86.763,105,396.928,1523.0,7.584,0.0,24.334,62,3400,3311,89,0,0.0
200,5,15,3600,83.693,105,336.872,1294.0,7.876,0.0,21.72,58,3400,3310,90,0,0.0
200,5,20,3600,81.79,103,305.28,1196.0,8.079,0.0,20.043,53,3400,3314,86,0,0.0
200,5,25,3600,83.39,107,342.987,1332.0,7.938,0.0,21.342,53,3400,3311,89,0,0.0
200,5,30,3600,86.767,112,407.468,1398.0,7.643,0.0,24.135,54,3400,3308,92,0,0.0
200,5,35,3600,86.441,111,381.153,1260.0,7.66,0.0,23.66,52,3400,3309,91,0,0.0
200,5,40,3600,86.39,109,358.033,1139.0,7.664,0.0,23.131,53,3400,3310,90,0,0.0
200,5,45,3600,86.456,108,334.838,1242.0,7.691,0.0,22.475,55,3400,3311,89,0,0.0
200,5,50,3600,86.82,108,324.49,1205.0,7.696,0.0,22.452,54,3400,3311,89,0,0.0
200,5,55,3600,87.004,104,323.085,1111.0,7.715,0.0,22.7,52,3400,3312,88,0,0.0
200,5,60,3600,87.145,106,328.726,999.0,7.718,0.0,22.945,51,3400,3314,86,0,0.0
200,5,65,3600,87.638,102,349.788,926.0,7.66,0.0,23.556,57,3400,3315,85,0,0.0
200,5,70,3600,88.029,102,374.468,1090.0,7.595,0.0,24.012,60,3400,3308,92,0,0.0
200,5,75,3600,84.216,101,321.679,1029.0,7.883,0.0,21.484,54,3400,3310,90,0,0.0
200,5,80,3600,85.537,101,359.287,1274.0,7.735,0.0,23.021,58,3400,3311,89,0,0.0
200,5,85,3600,88.659,106,428.927,1603.0,7.443,0.0,25.8,64,3400,3312,88,0,0.0
200,5,90,3600,89.783,110,455.689,1872.0,7.336,0.0,26.804,68,3400,3311,89,0,0.0
200,10,0,3600,89.902,108,455.531,1786.0,7.351,0.0,26.829,68,3400,3312,88,0,0.0
200,10,5,3600,89.374,106,449.511,1710.0,7.384,0.0,26.498,65,3400,3311,89,0,0.0
200,10,10,3600,86.889,105,398.051,1467.0,7.588,0.0,24.374,63,3400,3313,87,0,0.0
200,10,15,3600,84.028,104,344.229,1274.0,7.853,0.0,21.982,60,3400,3312,88,0,0.0
200,10,20,3600,81.488,102,293.374,973.0,8.113,0.0,19.698,52,3400,3316,84,0,0.0
200,10,25,3600,81.841,104,306.537,1099.0,8.106,0.0,19.991,52,3400,3317,83,0,0.0
200,10,30,3600,85.014,106,374.71,1265.0,7.828,0.0,22.745,52,3400,3316,84,0,0.0
200,10,35,3600,88.481,109,438.64,1399.0,7.525,0.0,25.574,56,3400,3313,87,0,0.0
200,10,40,3600,88.446,107,415.722,1259.0,7.517,0.0,25.183,57,3400,3313,87,0,0.0
200,10,45,3600,88.418,107,384.147,1365.0,7.534,0.0,24.345,58,3400,3314,86,0,0.0
200,10,50,3600,88.358,105,361.045,1195.0,7.565,0.0,23.847,54,3400,3315,85,0,0.0
200,10,55,3600,88.828,105,354.018,1174.0,7.55,0.0,24.153,55,3400,3315,85,0,0.0
200,10,60,3600,88.957,103,352.097,1017.0,7.558,0.0,24.369,50,3400,3317,83,0,0.0
200,10,65,3600,89.792,104,372.521,1043.0,7.486,0.0,25.158,60,3400,3318,82,0,0.0
200,10,70,3600,90.092,104,392.074,1117.0,7.445,0.0,25.58,61,3400,3312,88,0,0.0
200,10,75,3600,89.976,103,412.164,1283.0,7.423,0.0,25.746,62,3400,3313,87,0,0.0
200,10,80,3600,86.961,101,376.95,1313.0,7.638,0.0,23.894,60,3400,3314,86,0,0.0
200,10,85,3600,88.606,105,422.017,1569.0,7.476,0.0,25.605,64,3400,3316,84,0,0.0
200,10,90,3600,89.902,108,455.531,1786.0,7.351,0.0,26.829,68,3400,3312,88,0,0.0
200,15,0,3600,89.549,107,442.758,1763.0,7.405,0.0,26.374,67,3400,3314,86,0,0.0
200,15,5,3600,89.244,106,441.792,1637.0,7.421,0.0,26.223,65,3400,3313,87,0,0.0
200,15,10,3600,87.14,105,400.567,1482.0,7.595,0.0,24.49,64,3400,3315,85,0,0.0
200,15,15,3600,84.432,102,349.998,1202.0,7.841,0.0,22.247,59,3400,3313,87,0,0.0
200,15,20,3600,82.47,102,310.366,1037.0,8.041,0.0,20.444,55,3400,3316,84,0,0.0
200,15,25,3600,81.696,100,295.056,904.0,8.142,0.0,19.668,51,3400,3321,79,0,0.0
200,15,30,3600,83.069,101,328.282,1017.0,8.039,0.0,20.905,51,3400,3319,81,0,0.0
200,15,35,3600,86.376,104,396.94,1157.0,7.739,0.0,23.822,53,3400,3317,83,0,0.0
200,15,40,3600,89.859,109,457.454,1284.0,7.432,0.0,26.566,59,3400,3314,86,0,0.0
200,15,45,3600,89.958,108,427.185,1403.0,7.427,0.0,25.91,60,3400,3314,86,0,0.0
200,15,50,3600,90.276,106,403.752,1249.0,7.42,0.0,25.573,58,3400,3315,85,0,0.0
200,15,55,3600,90.32,106,382.159,1168.0,7.429,0.0,25.375,56,3400,3315,85,0,0.0
200,15,60,3600,90.656,103,374.762,1065.0,7.409,0.0,25.632,58,3400,3317,83,0,0.0
200,15,65,3600,91.113,103,382.117,1032.0,7.372,0.0,26.106,60,3400,3318,82,0,0.0
200,15,70,3600,91.776,104,402.455,1038.0,7.31,0.0,26.782,65,3400,3312,88,0,0.0
200,15,75,3600,91.788,105,420.499,1291.0,7.291,0.0,26.982,64,3400,3313,87,0,0.0
200,15,80,3600,91.622,106,440.834,1507.0,7.279,0.0,27.063,66,3400,3314,86,0,0.0
200,15,85,3600,89.932,105,436.871,1612.0,7.39,0.0,26.352,64,3400,3316,84,0,0.0
200,15,90,3600,89.549,107,442.758,1763.0,7.405,0.0,26.374,67,3400,3314,86,0,0.0
200,20,0,3600,90.626,108,447.41,1781.0,7.332,0.0,26.814,68,3400,3315,85,0,0.0
200,20,5,3600,88.668,106,421.277,1599.0,7.491,0.0,25.532,65,3400,3316,84,0,0.0
200,20,10,3600,86.9,103,390.649,1359.0,7.643,0.0,24.163,63,3400,3317,83,0,0.0
200,20,15,3600,84.944,101,352.53,1267.0,7.827,0.0,22.476,62,3400,3316,84,0,0.0
200,20,20,3600,82.812,101,311.804,1020.0,8.038,0.0,20.649,56,3400,3320,80,0,0.0
200,20,25,3600,81.847,99,292.679,859.0,8.151,0.0,19.712,51,3400,3323,77,0,0.0
200,20,30,3600,81.168,99,279.819,751.0,8.238,0.0,19.011,47,3400,3325,75,0,0.0
200,20,35,3600,82.606,102,315.132,889.0,8.11,0.0,20.437,48,3400,3325,75,0,0.0
200,20,40,3600,86.096,102,380.879,1018.0,7.777,0.0,23.392,53,3400,3321,79,0,0.0
200,20,45,3600,89.905,107,437.872,1333.0,7.451,0.0,26.109,60,3400,3317,83,0,0.0
200,20,50,3600,90.546,105,416.927,1248.0,7.41,0.0,25.929,58,3400,3318,82,0,0.0
200,20,55,3600,90.669,107,391.464,1130.0,7.407,0.0,25.739,56,3400,3318,82,0,0.0
200,20,60,3600,90.862,107,372.379,1032.0,7.393,0.0,25.696,52,3400,3321,79,0,0.0
200,20,65,3600,91.371,105,371.335,985.0,7.346,0.0,26.079,65,3400,3320,80,0,0.0
200,20,70,3600,91.849,103,379.833,957.0,7.301,0.0,26.504,64,3400,3315,85,0,0.0
200,20,75,3600,92.066,105,396.168,1144.0,7.274,0.0,26.908,63,3400,3316,84,0,0.0
200,20,80,3600,92.078,107,417.231,1378.0,7.254,0.0,27.129,66,3400,3318,82,0,0.0
200,20,85,3600,92.239,108,448.566,1653.0,7.222,0.0,27.508,67,3400,3318,82,0,0.0
200,20,90,3600,90.626,108,447.41,1781.0,7.332,0.0,26.814,68,3400,3315,85,0,0.0
200,25,0,3600,90.488,108,409.857,1653.0,7.36,0.0,25.933,69,3400,3315,85,0,0.0
200,25,5,3600,88.388,104,399.74,1490.0,7.526,0.0,24.868,65,3400,3317,83,0,0.0
200,25,10,3600,86.324,100,373.28,1346.0,7.712,0.0,23.521,63,3400,3318,82,0,0.0
200,25,15,3600,83.892,98,330.185,1144.0,7.945,0.0,21.57,59,3400,3317,83,0,0.0
200,25,20,3600,82.203,98,296.394,923.0,8.119,0.0,20.046,54,3400,3320,80,0,0.0
200,25,25,3600,81.172,97,276.286,780.0,8.235,0.0,19.051,50,3400,3324,76,0,0.0
200,25,30,3600,80.463,97,264.628,705.0,8.321,0.0,18.4,46,3400,3326,74,0,0.0
200,25,35,3600,80.078,97,259.118,751.0,8.368,0.0,17.963,44,3400,3327,73,0,0.0
200,25,40,3600,81.562,97,289.425,789.0,8.216,0.0,19.318,42,3400,3326,74,0,0.0
200,25,45,3600,85.216,101,342.769,1068.0,7.862,0.0,22.032,55,3400,3324,76,0,0.0
200,25,50,3600,89.523,105,402.347,1144.0,7.5,0.0,25.184,58,3400,3320,80,0,0.0
200,25,55,3600,89.828,107,374.876,1035.0,7.482,0.0,25.031,56,3400,3320,80,0,0.0
200,25,60,3600,90.046,109,352.377,939.0,7.465,0.0,25.007,49,3400,3322,78,0,0.0
200,25,65,3600,90.522,108,343.616,886.0,7.416,0.0,25.296,56,3400,3323,77,0,0.0
200,25,70,3600,90.923,107,346.685,986.0,7.373,0.0,25.706,69,3400,3317,83,0,0.0
200,25,75,3600,91.284,105,358.066,1003.0,7.332,0.0,26.063,69,3400,3318,82,0,0.0
200,25,80,3600,91.303,106,375.274,1253.0,7.319,0.0,26.295,68,3400,3319,81,0,0.0
200,25,85,3600,91.625,107,403.426,1527.0,7.28,0.0,26.66,66,3400,3318,82,0,0.0
200,25,90,3600,90.488,108,409.857,1653.0,7.36,0.0,25.933,69,3400,3315,85,0,0.0
200,30,0,3600,91.644,109,380.097,1571.0,7.275,0.0,25.896,69,3400,3316,84,0,0.0
200,30,5,3600,91.836,108,415.985,1514.0,7.254,0.0,26.242,68,3400,3315,85,0,0.0
200,30,10,3600,88.959,102,390.883,1329.0,7.496,0.0,24.582,62,3400,3317,83,0,0.0
200,30,15,3600,85.555,97,342.663,1103.0,7.809,0.0,22.189,58,3400,3318,82,0,0.0
200,30,20,3600,82.946,97,295.636,898.0,8.064,0.0,19.969,53,3400,3321,79,0,0.0
200,30,25,3600,81.125,97,260.189,728.0,8.258,0.0,18.292,48,3400,3327,73,0,0.0
200,30,30,3600,80.173,97,244.702,628.0,8.363,0.0,17.438,46,3400,3329,71,0,0.0
200,30,35,3600,79.69,96,237.141,552.0,8.415,0.0,16.903,40,3400,3330,70,0,0.0
200,30,40,3600,79.465,95,234.553,604.0,8.43,0.0,16.679,36,3400,3331,69,0,0.0
200,30,45,3600,81.246,98,266.289,832.0,8.244,0.0,18.22,44,3400,3329,71,0,0.0
200,30,50,3600,85.022,101,319.231,900.0,7.882,0.0,21.042,48,3400,3326,74,0,0.0
200,30,55,3600,89.442,106,367.207,933.0,7.511,0.0,23.934,55,3400,3323,77,0,0.0
200,30,60,3600,90.111,108,345.538,873.0,7.46,0.0,24.173,49,3400,3324,76,0,0.0
200,30,65,3600,90.561,109,328.721,804.0,7.414,0.0,24.479,50,3400,3324,76,0,0.0
200,30,70,3600,91.016,108,320.884,758.0,7.359,0.0,24.835,62,3400,3318,82,0,0.0
200,30,75,3600,91.184,107,321.978,984.0,7.329,0.0,25.084,68,3400,3320,80,0,0.0
200,30,80,3600,91.227,107,329.621,1103.0,7.316,0.0,25.21,69,3400,3321,79,0,0.0
200,30,85,3600,91.521,107,350.372,1332.0,7.288,0.0,25.558,68,3400,3320,80,0,0.0
200,30,90,3600,91.644,109,380.097,1571.0,7.275,0.0,25.896,69,3400,3316,84,0,0.0
200,35,0,3600,91.906,109,332.779,1401.0,7.24,0.0,25.22,70,3400,3316,84,0,0.0
200,35,5,3600,92.407,109,368.763,1321.0,7.206,0.0,25.803,68,3400,3314,86,0,0.0
200,35,10,3600,92.493,106,407.724,1282.0,7.201,0.0,26.234,67,3400,3311,89,0,0.0
200,35,15,3600,89.319,101,375.62,1088.0,7.474,0.0,24.232,62,3400,3313,87,0,0.0
200,35,20,3600,85.997,98,330.64,931.0,7.779,0.0,21.824,56,3400,3316,84,0,0.0
200,35,25,3600,83.306,99,285.698,775.0,8.042,0.0,19.605,52,3400,3320,80,0,0.0
200,35,30,3600,81.05,101,244.547,643.0,8.271,0.0,17.542,44,3400,3327,73,0,0.0
200,35,35,3600,79.919,97,225.379,620.0,8.38,0.0,16.479,38,3400,3330,70,0,0.0
200,35,40,3600,79.507,97,219.675,578.0,8.411,0.0,16.033,33,3400,3332,68,0,0.0
200,35,45,3600,79.434,97,220.866,634.0,8.407,0.0,16.011,36,3400,3332,68,0,0.0
200,35,50,3600,81.491,99,256.225,662.0,8.197,0.0,17.838,38,3400,3330,70,0,0.0
200,35,55,3600,85.542,104,308.199,740.0,7.818,0.0,20.825,47,3400,3327,73,0,0.0
200,35,60,3600,89.913,106,350.479,769.0,7.45,0.0,23.591,50,3400,3324,76,0,0.0
200,35,65,3600,90.701,108,329.959,726.0,7.384,0.0,23.921,44,3400,3324,76,0,0.0
200,35,70,3600,91.136,109,312.411,657.0,7.337,0.0,24.295,53,3400,3319,81,0,0.0
200,35,75,3600,91.283,109,300.646,792.0,7.302,0.0,24.422,64,3400,3320,80,0,0.0
200,35,80,3600,91.379,108,299.042,1055.0,7.278,0.0,24.534,68,3400,3321,79,0,0.0
200,35,85,3600,91.801,108,313.001,1141.0,7.24,0.0,24.958,68,3400,3319,81,0,0.0
200,35,90,3600,91.906,109,332.779,1401.0,7.24,0.0,25.22,70,3400,3316,84,0,0.0
200,40,0,3600,91.987,109,299.362,1187.0,7.207,0.0,24.934,70,3400,3316,84,0,0.0
200,40,5,3600,92.371,107,324.92,1129.0,7.19,0.0,25.443,68,3400,3315,85,0,0.0
200,40,10,3600,92.989,107,362.281,1107.0,7.156,0.0,26.132,69,3400,3312,88,0,0.0
200,40,15,3600,92.872,104,395.806,1063.0,7.176,0.0,26.259,66,3400,3310,90,0,0.0
200,40,20,3600,89.554,103,362.139,950.0,7.458,0.0,24.158,61,3400,3312,88,0,0.0
200,40,25,3600,86.353,102,322.474,941.0,7.753,0.0,21.948,55,3400,3320,80,0,0.0
200,40,30,3600,83.779,100,283.909,797.0,7.995,0.0,19.857,47,3400,3323,77,0,0.0
200,40,35,3600,81.511,98,243.964,734.0,8.206,0.0,17.773,39,3400,3330,70,0,0.0
200,40,40,3600,80.048,100,217.318,707.0,8.327,0.0,16.366,41,3400,3333,67,0,0.0
200,40,45,3600,79.837,100,216.245,623.0,8.337,0.0,16.23,41,3400,3334,66,0,0.0
200,40,50,3600,79.756,99,219.498,639.0,8.336,0.0,16.447,40,3400,3334,66,0,0.0
200,40,55,3600,81.844,102,252.137,680.0,8.131,0.0,18.3,41,3400,3331,69,0,0.0
200,40,60,3600,85.607,102,295.152,789.0,7.787,0.0,20.862,47,3400,3329,71,0,0.0
200,40,65,3600,90.503,109,341.12,888.0,7.371,0.0,23.761,50,3400,3326,74,0,0.0
200,40,70,3600,91.245,111,318.544,795.0,7.306,0.0,24.034,48,3400,3319,81,0,0.0
200,40,75,3600,91.403,110,298.706,672.0,7.274,0.0,24.27,52,3400,3320,80,0,0.0
200,40,80,3600,91.521,110,286.929,870.0,7.245,0.0,24.402,64,3400,3321,79,0,0.0
200,40,85,3600,91.868,110,288.249,1137.0,7.207,0.0,24.671,71,3400,3320,80,0,0.0
200,40,90,3600,91.987,109,299.362,1187.0,7.207,0.0,24.934,70,3400,3316,84,0,0.0
200,45,0,3600,91.956,111,279.468,1200.0,7.187,0.0,24.575,75,3400,3316,84,0,0.0
200,45,5,3600,92.367,110,295.817,1121.0,7.168,0.0,25.081,74,3400,3315,85,0,0.0
200,45,10,3600,92.972,107,325.466,1133.0,7.142,0.0,25.835,72,3400,3311,89,0,0.0
200,45,15,3600,93.078,106,354.163,1068.0,7.157,0.0,26.08,71,3400,3309,91,0,0.0
200,45,20,3600,92.962,105,388.956,1050.0,7.175,0.0,26.226,69,3400,3308,92,0,0.0
200,45,25,3600,89.878,102,358.299,1034.0,7.436,0.0,24.324,64,3400,3315,85,0,0.0
200,45,30,3600,86.594,100,320.089,941.0,7.731,0.0,22.109,58,3400,3322,78,0,0.0
200,45,35,3600,84.12,101,286.182,820.0,7.943,0.0,20.124,48,3400,3325,75,0,0.0
200,45,40,3600,81.754,100,245.904,711.0,8.137,0.0,18.013,42,3400,3330,70,0,0.0
200,45,45,3600,80.199,100,217.786,755.0,8.266,0.0,16.632,40,3400,3335,65,0,0.0
200,45,50,3600,79.933,99,218.041,722.0,8.281,0.0,16.702,39,3400,3335,65,0,0.0
200,45,55,3600,80.16,98,221.789,687.0,8.265,0.0,17.111,39,3400,3332,68,0,0.0
200,45,60,3600,82.151,100,250.425,775.0,8.084,0.0,18.749,41,3400,3332,68,0,0.0
200,45,65,3600,86.231,104,299.515,865.0,7.709,0.0,21.462,45,3400,3329,71,0,0.0
200,45,70,3600,91.075,111,340.866,993.0,7.3,0.0,24.07,48,3400,3318,82,0,0.0
200,45,75,3600,91.405,111,313.451,895.0,7.259,0.0,24.109,48,3400,3319,81,0,0.0
200,45,80,3600,91.407,112,287.829,786.0,7.242,0.0,24.117,53,3400,3321,79,0,0.0
200,45,85,3600,91.805,112,281.576,926.0,7.197,0.0,24.519,65,3400,3319,81,0,0.0
200,45,90,3600,91.956,111,279.468,1200.0,7.187,0.0,24.575,75,3400,3316,84,0,0.0
200,50,0,3600,91.839,115,282.144,969.0,7.188,0.0,24.472,65,3400,3315,85,0,0.0
200,50,5,3600,92.281,113,287.689,907.0,7.164,0.0,24.885,64,3400,3314,86,0,0.0
200,50,10,3600,92.911,111,306.398,864.0,7.137,0.0,25.585,64,3400,3312,88,0,0.0
200,50,15,3600,92.891,109,324.749,824.0,7.164,0.0,25.754,63,3400,3309,91,0,0.0
200,50,20,3600,93.047,109,355.631,966.0,7.172,0.0,26.072,61,3400,3308,92,0,0.0
200,50,25,3600,92.914,107,388.141,1062.0,7.189,0.0,26.221,60,3400,3310,90,0,0.0
200,50,30,3600,89.867,103,360.987,991.0,7.441,0.0,24.513,55,3400,3317,83,0,0.0
200,50,35,3600,86.819,100,328.149,971.0,7.697,0.0,22.463,44,3400,3321,79,0,0.0
200,50,40,3600,84.553,101,297.49,910.0,7.87,0.0,20.625,47,3400,3326,74,0,0.0
200,50,45,3600,82.136,102,257.819,876.0,8.061,0.0,18.636,43,3400,3330,70,0,0.0
200,50,50,3600,80.423,105,228.794,664.0,8.2,0.0,17.402,42,3400,3335,65,0,0.0
200,50,55,3600,80.532,105,229.687,631.0,8.196,0.0,17.646,42,3400,3334,66,0,0.0
200,50,60,3600,80.955,103,233.324,627.0,8.178,0.0,17.979,41,3400,3332,68,0,0.0
200,50,65,3600,82.944,107,262.256,717.0,7.998,0.0,19.526,44,3400,3329,71,0,0.0
200,50,70,3600,86.746,108,307.544,884.0,7.653,0.0,21.926,47,3400,3321,79,0,0.0
200,50,75,3600,90.944,114,339.589,917.0,7.287,0.0,23.971,50,3400,3320,80,0,0.0
200,50,80,3600,91.399,114,313.152,813.0,7.236,0.0,24.071,49,3400,3321,79,0,0.0
200,50,85,3600,91.646,115,292.812,740.0,7.206,0.0,24.289,55,3400,3321,79,0,0.0
200,50,90,3600,91.839,115,282.144,969.0,7.188,0.0,24.472,65,3400,3315,85,0,0.0
200,55,0,3600,91.772,117,304.18,785.0,7.197,0.0,24.387,51,3400,3317,83,0,0.0
200,55,5,3600,92.126,116,297.92,712.0,7.175,0.0,24.761,54,3400,3314,86,0,0.0
200,55,10,3600,92.709,115,307.656,820.0,7.142,0.0,25.43,53,3400,3312,88,0,0.0
200,55,15,3600,92.841,112,317.65,711.0,7.159,0.0,25.63,52,3400,3309,91,0,0.0
200,55,20,3600,93.063,112,338.901,857.0,7.169,0.0,25.957,50,3400,3308,92,0,0.0
200,55,25,3600,93.41,111,372.468,982.0,7.158,0.0,26.405,48,3400,3310,90,0,0.0
200,55,30,3600,93.029,108,402.696,1093.0,7.19,0.0,26.51,47,3400,3313,87,0,0.0
200,55,35,3600,90.211,104,379.636,1092.0,7.405,0.0,25.041,48,3400,3317,83,0,0.0
200,55,40,3600,87.342,102,349.206,1036.0,7.626,0.0,23.191,52,3400,3323,77,0,0.0
200,55,45,3600,84.801,103,313.539,1001.0,7.819,0.0,21.271,47,3400,3325,75,0,0.0
200,55,50,3600,82.443,106,275.245,807.0,7.999,0.0,19.516,46,3400,3331,69,0,0.0
200,55,55,3600,80.98,106,243.723,720.0,8.123,0.0,18.232,42,3400,3334,66,0,0.0
200,55,60,3600,81.284,104,245.913,693.0,8.112,0.0,18.475,42,3400,3332,68,0,0.0
200,55,65,3600,81.935,104,252.242,695.0,8.074,0.0,18.892,43,3400,3330,70,0,0.0
200,55,70,3600,83.864,106,282.92,863.0,7.909,0.0,20.418,44,3400,3322,78,0,0.0
200,55,75,3600,87.246,107,325.196,919.0,7.592,0.0,22.475,48,3400,3320,80,0,0.0
200,55,80,3600,90.882,115,348.488,1021.0,7.268,0.0,24.038,52,3400,3321,79,0,0.0
200,55,85,3600,91.57,115,326.718,910.0,7.208,0.0,24.263,51,3400,3320,80,0,0.0
200,55,90,3600,91.772,117,304.18,785.0,7.197,0.0,24.387,51,3400,3317,83,0,0.0
200,60,0,3600,91.806,115,350.509,1016.0,7.187,0.0,25.026,54,3400,3317,83,0,0.0
200,60,5,3600,92.199,114,334.664,918.0,7.167,0.0,25.422,52,3400,3315,85,0,0.0
200,60,10,3600,92.864,114,333.793,832.0,7.127,0.0,26.052,55,3400,3311,89,0,0.0
200,60,15,3600,92.901,112,331.714,936.0,7.145,0.0,26.145,57,3400,3309,91,0,0.0
200,60,20,3600,92.996,111,341.28,834.0,7.163,0.0,26.308,54,3400,3309,91,0,0.0
200,60,25,3600,93.236,110,362.924,883.0,7.169,0.0,26.67,51,3400,3309,91,0,0.0
200,60,30,3600,93.438,108,395.015,990.0,7.165,0.0,27.089,45,3400,3312,88,0,0.0
200,60,35,3600,93.565,107,434.378,1155.0,7.147,0.0,27.554,51,3400,3314,86,0,0.0
200,60,40,3600,90.865,103,408.649,1113.0,7.337,0.0,25.966,55,3400,3317,83,0,0.0
200,60,45,3600,87.61,104,370.178,1148.0,7.588,0.0,23.945,51,3400,3322,78,0,0.0
200,60,50,3600,85.288,107,339.894,968.0,7.76,0.0,22.373,51,3400,3325,75,0,0.0
200,60,55,3600,83.103,106,297.47,870.0,7.927,0.0,20.456,44,3400,3330,70,0,0.0
200,60,60,3600,81.769,104,266.654,845.0,8.042,0.0,19.146,47,3400,3331,69,0,0.0
200,60,65,3600,82.35,104,272.922,810.0,8.006,0.0,19.52,45,3400,3329,71,0,0.0
200,60,70,3600,82.942,104,279.946,810.0,7.975,0.0,19.94,45,3400,3322,78,0,0.0
200,60,75,3600,84.494,103,306.243,944.0,7.837,0.0,21.202,48,3400,3320,80,0,0.0
200,60,80,3600,87.351,109,340.914,1079.0,7.566,0.0,22.924,51,3400,3321,79,0,0.0
200,60,85,3600,91.323,114,377.059,1147.0,7.217,0.0,24.985,54,3400,3320,80,0,0.0
200,60,90,3600,91.806,115,350.509,1016.0,7.187,0.0,25.026,54,3400,3317,83,0,0.0
200,65,0,3600,91.848,114,414.095,1254.0,7.174,0.0,26.299,58,3400,3317,83,0,0.0
200,65,5,3600,92.36,117,388.321,1153.0,7.148,0.0,26.413,56,3400,3315,85,0,0.0
200,65,10,3600,93.041,115,377.575,1053.0,7.113,0.0,27.06,55,3400,3312,88,0,0.0
200,65,15,3600,92.992,113,364.975,956.0,7.133,0.0,27.125,56,3400,3308,92,0,0.0
200,65,20,3600,93.214,112,365.652,1077.0,7.133,0.0,27.348,58,3400,3308,92,0,0.0
200,65,25,3600,93.532,112,377.737,951.0,7.132,0.0,27.662,56,3400,3309,91,0,0.0
200,65,30,3600,93.701,108,399.79,906.0,7.141,0.0,28.029,55,3400,3312,88,0,0.0
200,65,35,3600,94.076,109,435.88,1038.0,7.115,0.0,28.606,51,3400,3312,88,0,0.0
200,65,40,3600,94.269,106,474.22,1280.0,7.088,0.0,29.056,62,3400,3313,87,0,0.0
200,65,45,3600,90.987,106,436.801,1282.0,7.325,0.0,26.909,55,3400,3316,84,0,0.0
200,65,50,3600,88.412,107,406.351,1106.0,7.519,0.0,25.235,54,3400,3323,77,0,0.0
200,65,55,3600,86.319,107,372.022,1009.0,7.664,0.0,23.556,49,3400,3325,75,0,0.0
200,65,60,3600,84.317,106,333.708,1015.0,7.812,0.0,21.773,51,3400,3326,74,0,0.0
200,65,65,3600,83.307,108,308.78,1023.0,7.885,0.0,20.714,47,3400,3327,73,0,0.0
200,65,70,3600,83.769,108,315.47,968.0,7.863,0.0,21.102,48,3400,3319,81,0,0.0
200,65,75,3600,84.165,106,320.468,962.0,7.843,0.0,21.429,48,3400,3319,81,0,0.0
200,65,80,3600,85.588,107,344.516,1118.0,7.72,0.0,22.615,52,3400,3319,81,0,0.0
200,65,85,3600,88.311,110,382.26,1242.0,7.468,0.0,24.443,56,3400,3321,79,0,0.0
200,65,90,3600,91.848,114,414.095,1254.0,7.174,0.0,26.299,58,3400,3317,83,0,0.0
200,70,0,3600,90.937,115,448.487,1391.0,7.233,0.0,26.921,59,3400,3311,89,0,0.0
200,70,5,3600,93.314,119,457.844,1389.0,7.065,0.0,27.73,58,3400,3305,95,0,0.0
200,70,10,3600,93.944,118,438.189,1298.0,7.033,0.0,28.051,57,3400,3302,98,0,0.0
200,70,15,3600,94.065,116,415.351,1205.0,7.037,0.0,28.174,57,3400,3299,101,0,0.0
200,70,20,3600,94.108,115,401.86,1104.0,7.047,0.0,28.23,59,3400,3299,101,0,0.0
200,70,25,3600,94.482,115,404.344,1191.0,7.037,0.0,28.544,61,3400,3299,101,0,0.0
200,70,30,3600,94.603,113,416.202,1084.0,7.056,0.0,28.846,59,3400,3301,99,0,0.0
200,70,35,3600,94.922,112,440.699,1009.0,7.054,0.0,29.295,56,3400,3304,96,0,0.0
200,70,40,3600,95.388,110,476.627,1111.0,7.022,0.0,29.931,60,3400,3306,94,0,0.0
200,70,45,3600,95.272,111,507.646,1338.0,7.029,0.0,30.046,59,3400,3306,94,0,0.0
200,70,50,3600,92.34,109,480.424,1238.0,7.231,0.0,28.3,57,3400,3311,89,0,0.0
200,70,55,3600,90.003,109,451.734,1182.0,7.391,0.0,26.782,53,3400,3315,85,0,0.0
200,70,60,3600,87.736,108,415.59,1170.0,7.538,0.0,24.992,56,3400,3314,86,0,0.0
200,70,65,3600,86.259,113,386.158,1176.0,7.627,0.0,23.583,53,3400,3316,84,0,0.0
200,70,70,3600,85.16,111,358.975,1217.0,7.707,0.0,22.44,53,3400,3309,91,0,0.0
200,70,75,3600,85.554,109,365.833,1138.0,7.682,0.0,22.838,53,3400,3308,92,0,0.0
200,70,80,3600,86.764,110,384.963,1187.0,7.581,0.0,23.844,56,3400,3309,91,0,0.0
200,70,85,3600,88.898,113,423.535,1343.0,7.401,0.0,25.656,59,3400,3310,90,0,0.0
200,70,90,3600,90.937,115,448.487,1391.0,7.233,0.0,26.921,59,3400,3311,89,0,0.0
200,75,0,3600,89.971,112,455.379,1451.0,7.3,0.0,26.756,58,3400,3308,92,0,0.0
200,75,5,3600,91.034,114,465.926,1544.0,7.228,0.0,27.326,57,3400,3305,95,0,0.0
200,75,10,3600,92.679,119,466.067,1479.0,7.116,0.0,27.578,56,3400,3297,103,0,0.0
200,75,15,3600,92.805,117,436.591,1390.0,7.117,0.0,27.41,55,3400,3294,106,0,0.0
200,75,20,3600,92.934,119,413.318,1288.0,7.115,0.0,27.431,57,3400,3294,106,0,0.0
200,75,25,3600,93.395,116,407.831,1225.0,7.094,0.0,27.782,60,3400,3295,105,0,0.0
200,75,30,3600,93.427,113,404.334,1310.0,7.116,0.0,27.841,57,3400,3296,104,0,0.0
200,75,35,3600,93.887,114,417.574,1243.0,7.11,0.0,28.304,57,3400,3298,102,0,0.0
200,75,40,3600,94.288,112,442.771,1097.0,7.103,0.0,28.886,58,3400,3299,101,0,0.0
200,75,45,3600,94.275,112,467.929,1183.0,7.116,0.0,29.078,58,3400,3299,101,0,0.0
200,75,50,3600,94.443,110,501.38,1207.0,7.102,0.0,29.419,59,3400,3301,99,0,0.0
200,75,55,3600,92.053,109,487.226,1303.0,7.258,0.0,28.205,57,3400,3306,94,0,0.0
200,75,60,3600,89.553,109,452.75,1231.0,7.423,0.0,26.496,59,3400,3310,90,0,0.0
200,75,65,3600,87.678,111,421.009,1230.0,7.53,0.0,24.926,56,3400,3311,89,0,0.0
200,75,70,3600,86.119,111,390.345,1235.0,7.628,0.0,23.519,54,3400,3304,96,0,0.0
200,75,75,3600,85.955,110,385.938,1298.0,7.63,0.0,23.378,54,3400,3304,96,0,0.0
200,75,80,3600,87.348,110,411.77,1391.0,7.511,0.0,24.593,57,3400,3304,96,0,0.0
200,75,85,3600,89.246,111,447.165,1436.0,7.352,0.0,26.246,59,3400,3305,95,0,0.0
200,75,90,3600,89.971,112,455.379,1451.0,7.3,0.0,26.756,58,3400,3308,92,0,0.0
200,80,0,3600,89.937,110,462.883,1553.0,7.293,0.0,26.944,61,3400,3307,93,0,0.0
200,80,5,3600,89.118,110,445.352,1519.0,7.376,0.0,26.247,59,3400,3310,90,0,0.0
200,80,10,3600,89.116,110,440.272,1477.0,7.397,0.0,25.969,57,3400,3304,96,0,0.0
200,80,15,3600,90.263,116,439.45,1515.0,7.305,0.0,26.054,56,3400,3295,105,0,0.0
200,80,20,3600,90.462,117,413.159,1402.0,7.29,0.0,25.939,55,3400,3296,104,0,0.0
200,80,25,3600,90.516,116,391.699,1297.0,7.291,0.0,25.872,56,3400,3296,104,0,0.0
200,80,30,3600,90.58,116,375.489,1208.0,7.305,0.0,25.674,55,3400,3298,102,0,0.0
200,80,35,3600,90.989,114,377.225,1278.0,7.301,0.0,25.967,56,3400,3298,102,0,0.0
200,80,40,3600,91.392,113,388.301,1187.0,7.303,0.0,26.438,56,3400,3299,101,0,0.0
200,80,45,3600,91.464,114,401.531,1103.0,7.33,0.0,26.634,52,3400,3299,101,0,0.0
200,80,50,3600,91.686,110,426.85,1052.0,7.328,0.0,26.984,55,3400,3302,98,0,0.0
200,80,55,3600,92.143,112,465.284,1130.0,7.285,0.0,27.639,56,3400,3302,98,0,0.0
200,80,60,3600,89.592,106,441.154,1257.0,7.454,0.0,26.187,59,3400,3309,91,0,0.0
200,80,65,3600,87.658,108,417.728,1212.0,7.569,0.0,24.969,56,3400,3312,88,0,0.0
200,80,70,3600,85.903,108,388.586,1219.0,7.672,0.0,23.561,57,3400,3305,95,0,0.0
200,80,75,3600,85.536,111,382.338,1317.0,7.677,0.0,23.251,54,3400,3304,96,0,0.0
200,80,80,3600,86.975,110,411.961,1524.0,7.542,0.0,24.564,58,3400,3305,95,0,0.0
200,80,85,3600,89.386,109,459.617,1583.0,7.337,0.0,26.638,62,3400,3306,94,0,0.0
200,80,90,3600,89.937,110,462.883,1553.0,7.293,0.0,26.944,61,3400,3307,93,0,0.0
200,85,0,3600,89.851,109,467.906,1748.0,7.301,0.0,27.08,62,3400,3309,91,0,0.0
200,85,5,3600,88.917,108,443.606,1645.0,7.384,0.0,26.194,62,3400,3308,92,0,0.0
200,85,10,3600,86.623,110,399.739,1535.0,7.604,0.0,24.268,58,3400,3310,90,0,0.0
200,85,15,3600,86.207,111,390.133,1465.0,7.657,0.0,23.644,53,3400,3304,96,0,0.0
200,85,20,3600,87.266,112,396.536,1406.0,7.552,0.0,23.924,52,3400,3299,101,0,0.0
200,85,25,3600,87.2,115,370.668,1347.0,7.55,0.0,23.683,51,3400,3298,102,0,0.0
200,85,30,3600,87.198,114,350.579,1241.0,7.555,0.0,23.526,51,3400,3301,99,0,0.0
200,85,35,3600,87.405,114,336.986,1155.0,7.557,0.0,23.281,53,3400,3300,100,0,0.0
200,85,40,3600,87.975,114,336.085,1229.0,7.544,0.0,23.495,54,3400,3302,98,0,0.0
200,85,45,3600,87.889,111,333.231,1150.0,7.595,0.0,23.485,52,3400,3302,98,0,0.0
200,85,50,3600,88.323,107,350.172,1097.0,7.6,0.0,24.009,49,3400,3305,95,0,0.0
200,85,55,3600,88.801,109,375.049,1047.0,7.57,0.0,24.556,52,3400,3304,96,0,0.0
200,85,60,3600,89.274,106,409.32,1076.0,7.512,0.0,25.226,59,3400,3306,94,0,0.0
200,85,65,3600,87.111,104,392.05,1188.0,7.646,0.0,24.134,56,3400,3311,89,0,0.0
200,85,70,3600,85.245,106,367.555,1175.0,7.765,0.0,22.931,58,3400,3304,96,0,0.0
200,85,75,3600,84.422,109,355.366,1164.0,7.798,0.0,22.346,53,3400,3305,95,0,0.0
200,85,80,3600,86.389,109,397.492,1450.0,7.607,0.0,24.121,58,3400,3305,95,0,0.0
200,85,85,3600,88.98,107,451.41,1800.0,7.377,0.0,26.376,64,3400,3309,91,0,0.0
200,85,90,3600,89.851,109,467.906,1748.0,7.301,0.0,27.08,62,3400,3309,91,0,0.0
200,90,0,3600,89.741,109,461.093,1936.0,7.32,0.0,26.92,67,3400,3309,91,0,0.0
200,90,5,3600,88.827,107,442.779,1765.0,7.398,0.0,26.178,65,3400,3308,92,0,0.0
200,90,10,3600,86.392,105,391.068,1632.0,7.615,0.0,24.042,62,3400,3309,91,0,0.0
200,90,15,3600,84.043,109,350.272,1535.0,7.849,0.0,22.078,58,3400,3308,92,0,0.0
200,90,20,3600,83.461,107,342.78,1331.0,7.913,0.0,21.444,52,3400,3305,95,0,0.0
200,90,25,3600,85.739,110,380.286,1573.0,7.699,0.0,23.026,57,3400,3302,98,0,0.0
200,90,30,3600,85.253,112,351.628,1353.0,7.733,0.0,22.52,53,3400,3303,97,0,0.0
200,90,35,3600,85.428,111,336.499,1349.0,7.717,0.0,22.39,54,3400,3304,96,0,0.0
200,90,40,3600,85.575,111,318.75,1097.0,7.724,0.0,21.925,53,3400,3304,96,0,0.0
200,90,45,3600,85.883,110,308.107,1255.0,7.741,0.0,21.702,55,3400,3305,95,0,0.0
200,90,50,3600,85.726,105,300.749,1185.0,7.801,0.0,21.609,53,3400,3306,94,0,0.0
200,90,55,3600,86.075,105,311.075,1083.0,7.804,0.0,22.072,51,3400,3307,93,0,0.0
200,90,60,3600,86.522,104,330.473,913.0,7.765,0.0,22.561,54,3400,3308,92,0,0.0
200,90,65,3600,87.054,107,360.049,1023.0,7.689,0.0,23.238,56,3400,3311,89,0,0.0
200,90,70,3600,84.573,102,334.51,1066.0,7.858,0.0,21.857,56,3400,3307,93,0,0.0
200,90,75,3600,83.684,103,326.38,1028.0,7.899,0.0,21.492,54,3400,3309,91,0,0.0
200,90,80,3600,85.85,105,375.602,1361.0,7.677,0.0,23.503,59,3400,3308,92,0,0.0
200,90,85,3600,88.687,107,439.061,1698.0,7.418,0.0,26.039,64,3400,3310,90,0,0.0
200,90,90,3600,89.741,109,461.093,1936.0,7.32,0.0,26.92,67,3400,3309,91,0,0.0
300,0,0,3600,92.896,111,418.791,1838.0,7.513,0.0,26.347,69,3400,3303,97,0,0.0
300,0,5,3600,93.216,112,434.912,1771.0,7.483,0.0,26.744,67,3400,3304,96,0,0.0
300,0,10,3600,92.958,115,445.624,1700.0,7.494,0.0,26.609,67,3400,3298,102,0,0.0
300,0,15,3600,92.075,118,437.307,1594.0,7.573,0.0,25.834,63,3400,3296,104,0,0.0
300,0,20,3600,90.896,119,415.693,1585.0,7.702,0.0,24.788,62,3400,3295,105,0,0.0
300,0,25,3600,87.965,117,346.443,1473.0,7.996,0.0,22.068,58,3400,3299,101,0,0.0
300,0,30,3600,86.731,113,309.766,1272.0,8.117,0.0,20.658,53,3400,3301,99,0,0.0
300,0,35,3600,86.341,115,291.344,1235.0,8.154,0.0,20.061,51,3400,3304,96,0,0.0
300,0,40,3600,85.987,112,280.393,1005.0,8.191,0.0,19.714,50,3400,3305,95,0,0.0
300,0,45,3600,85.819,110,270.804,1139.0,8.241,0.0,19.163,52,3400,3306,94,0,0.0
300,0,50,3600,85.952,107,267.12,1106.0,8.274,0.0,18.835,50,3400,3307,93,0,0.0
300,0,55,3600,86.549,105,277.486,979.0,8.245,0.0,19.256,44,3400,3306,94,0,0.0
300,0,60,3600,86.886,105,288.316,972.0,8.214,0.0,19.918,48,3400,3308,92,0,0.0
300,0,65,3600,88.222,104,323.483,976.0,8.061,0.0,21.773,56,3400,3309,91,0,0.0
300,0,70,3600,91.147,108,382.731,1253.0,7.775,0.0,24.41,65,3400,3303,97,0,0.0
300,0,75,3600,92.429,110,413.382,1473.0,7.63,0.0,25.673,66,3400,3303,97,0,0.0
300,0,80,3600,92.13,113,408.902,1629.0,7.614,0.0,25.593,67,3400,3303,97,0,0.0
300,0,85,3600,93.218,112,428.959,1737.0,7.5,0.0,26.632,69,3400,3305,95,0,0.0
300,0,90,3600,92.896,111,418.791,1838.0,7.513,0.0,26.347,69,3400,3303,97,0,0.0
300,5,0,3600,92.839,110,411.33,1704.0,7.54,0.0,26.16,69,3400,3308,92,0,0.0
300,5,5,3600,93.169,109,424.966,1595.0,7.502,0.0,26.527,67,3400,3306,94,0,0.0
300,5,10,3600,92.303,110,419.157,1506.0,7.562,0.0,25.897,66,3400,3303,97,0,0.0
300,5,15,3600,91.725,113,426.536,1521.0,7.614,0.0,25.59,63,3400,3298,102,0,0.0
300,5,20,3600,92.345,117,447.361,1530.0,7.597,0.0,26.106,67,3400,3300,100,0,0.0
300,5,25,3600,91.216,119,422.446,1506.0,7.724,0.0,25.082,64,3400,3301,99,0,0.0
300,5,30,3600,88.563,112,360.869,1225.0,7.985,0.0,22.701,55,3400,3306,94,0,0.0
300,5,35,3600,87.831,110,335.108,1147.0,8.052,0.0,21.76,52,3400,3309,91,0,0.0
300,5,40,3600,87.318,109,317.366,1105.0,8.093,0.0,21.149,51,3400,3310,90,0,0.0
300,5,45,3600,86.651,107,297.745,1111.0,8.165,0.0,20.267,53,3400,3311,89,0,0.0
300,5,50,3600,86.698,106,289.656,1061.0,8.192,0.0,19.784,49,3400,3311,89,0,0.0
300,5,55,3600,86.716,104,283.122,929.0,8.222,0.0,19.408,43,3400,3312,88,0,0.0
300,5,60,3600,87.141,105,288.065,875.0,8.197,0.0,19.694,42,3400,3314,86,0,0.0
300,5,65,3600,87.514,103,298.601,891.0,8.149,0.0,20.431,52,3400,3315,85,0,0.0
300,5,70,3600,88.444,102,323.509,969.0,8.033,0.0,21.881,60,3400,3309,91,0,0.0
300,5,75,3600,91.355,105,382.457,1189.0,7.745,0.0,24.591,62,3400,3309,91,0,0.0
300,5,80,3600,92.376,108,404.288,1434.0,7.625,0.0,25.561,67,3400,3309,91,0,0.0
300,5,85,3600,92.996,110,415.506,1580.0,7.545,0.0,26.208,67,3400,3310,90,0,0.0
300,5,90,3600,92.839,110,411.33,1704.0,7.54,0.0,26.16,69,3400,3308,92,0,0.0
300,10,0,3600,93.031,110,410.118,1667.0,7.553,0.0,26.17,69,3400,3312,88,0,0.0
300,10,5,3600,93.388,109,426.716,1549.0,7.509,0.0,26.644,68,3400,3309,91,0,0.0
300,10,10,3600,92.112,108,409.618,1383.0,7.6,0.0,25.603,66,3400,3307,93,0,0.0
300,10,15,3600,90.906,111,401.067,1279.0,7.705,0.0,24.753,63,3400,3305,95,0,0.0
300,10,20,3600,91.843,116,434.602,1400.0,7.656,0.0,25.742,66,3400,3306,94,0,0.0
300,10,25,3600,92.984,118,461.467,1495.0,7.602,0.0,26.666,68,3400,3305,95,0,0.0
300,10,30,3600,92.193,115,440.441,1356.0,7.695,0.0,25.896,62,3400,3306,94,0,0.0
300,10,35,3600,90.449,110,396.474,1277.0,7.853,0.0,24.292,56,3400,3312,88,0,0.0
300,10,40,3600,89.572,108,366.796,1122.0,7.921,0.0,23.234,54,3400,3313,87,0,0.0
300,10,45,3600,88.945,109,344.915,1281.0,7.974,0.0,22.395,57,3400,3313,87,0,0.0
300,10,50,3600,88.623,105,328.356,1105.0,8.019,0.0,21.617,50,3400,3315,85,0,0.0
300,10,55,3600,88.811,104,319.253,1119.0,8.03,0.0,21.172,49,3400,3315,85,0,0.0
300,10,60,3600,89.062,104,315.781,972.0,8.025,0.0,21.198,44,3400,3317,83,0,0.0
300,10,65,3600,89.669,104,326.595,992.0,7.967,0.0,21.77,56,3400,3318,82,0,0.0
300,10,70,3600,90.044,103,341.685,926.0,7.918,0.0,22.609,60,3400,3312,88,0,0.0
300,10,75,3600,90.01,102,350.161,1095.0,7.886,0.0,23.272,62,3400,3313,87,0,0.0
300,10,80,3600,92.688,109,402.165,1393.0,7.632,0.0,25.654,68,3400,3313,87,0,0.0
300,10,85,3600,93.728,111,426.071,1666.0,7.52,0.0,26.711,68,3400,3312,88,0,0.0
300,10,90,3600,93.031,110,410.118,1667.0,7.553,0.0,26.17,69,3400,3312,88,0,0.0
300,15,0,3600,93.452,110,414.457,1812.0,7.553,0.0,26.382,71,3400,3311,89,0,0.0
300,15,5,3600,93.715,109,428.996,1622.0,7.516,0.0,26.766,69,3400,3310,90,0,0.0
300,15,10,3600,92.921,109,419.682,1411.0,7.568,0.0,26.113,67,3400,3307,93,0,0.0
300,15,15,3600,91.257,107,398.25,1234.0,7.712,0.0,24.827,65,3400,3307,93,0,0.0
300,15,20,3600,90.475,113,392.697,1238.0,7.797,0.0,24.221,64,3400,3310,90,0,0.0
300,15,25,3600,91.787,116,431.178,1265.0,7.718,0.0,25.566,65,3400,3308,92,0,0.0
300,15,30,3600,93.157,114,458.467,1314.0,7.64,0.0,26.678,65,3400,3308,92,0,0.0
300,15,35,3600,93.046,112,450.07,1255.0,7.663,0.0,26.5,56,3400,3312,88,0,0.0
300,15,40,3600,91.694,109,412.247,1184.0,7.773,0.0,25.209,56,3400,3313,87,0,0.0
300,15,45,3600,90.798,107,381.045,1260.0,7.843,0.0,24.064,59,3400,3314,86,0,0.0
300,15,50,3600,90.425,106,363.345,1164.0,7.874,0.0,23.343,54,3400,3315,85,0,0.0
300,15,55,3600,90.334,106,344.317,1090.0,7.896,0.0,22.559,48,3400,3315,85,0,0.0
300,15,60,3600,90.581,103,335.922,1027.0,7.89,0.0,22.388,50,3400,3317,83,0,0.0
300,15,65,3600,91.057,102,339.117,1024.0,7.847,0.0,22.749,54,3400,3318,82,0,0.0
300,15,70,3600,91.485,103,349.517,1030.0,7.803,0.0,23.272,61,3400,3312,88,0,0.0
300,15,75,3600,91.655,104,363.126,1110.0,7.767,0.0,23.898,61,3400,3313,87,0,0.0
300,15,80,3600,91.324,107,368.644,1300.0,7.767,0.0,24.324,65,3400,3314,86,0,0.0
300,15,85,3600,93.967,110,422.01,1604.0,7.528,0.0,26.686,70,3400,3314,86,0,0.0
300,15,90,3600,93.452,110,414.457,1812.0,7.553,0.0,26.382,71,3400,3311,89,0,0.0
300,20,0,3600,93.408,110,405.702,1690.0,7.577,0.0,26.154,71,3400,3315,85,0,0.0
300,20,5,3600,94.14,110,430.957,1653.0,7.51,0.0,26.949,70,3400,3312,88,0,0.0
300,20,10,3600,93.174,107,419.474,1392.0,7.581,0.0,26.237,69,3400,3309,91,0,0.0
300,20,15,3600,91.876,106,401.294,1247.0,7.693,0.0,25.146,66,3400,3309,91,0,0.0
300,20,20,3600,89.586,107,366.529,1043.0,7.899,0.0,23.308,62,3400,3312,88,0,0.0
300,20,25,3600,89.001,110,361.865,1065.0,7.974,0.0,22.852,62,3400,3314,86,0,0.0
300,20,30,3600,90.69,107,400.432,1106.0,7.855,0.0,24.426,61,3400,3312,88,0,0.0
300,20,35,3600,92.736,109,439.933,1175.0,7.701,0.0,26.163,59,3400,3316,84,0,0.0
300,20,40,3600,93.29,110,444.041,1127.0,7.66,0.0,26.597,57,3400,3316,84,0,0.0
300,20,45,3600,91.678,107,397.647,1237.0,7.79,0.0,24.956,59,3400,3317,83,0,0.0
300,20,50,3600,90.921,107,371.805,1145.0,7.847,0.0,23.997,55,3400,3318,82,0,0.0
300,20,55,3600,90.67,107,347.103,1045.0,7.872,0.0,23.049,49,3400,3318,82,0,0.0
300,20,60,3600,90.937,107,333.371,990.0,7.857,0.0,22.679,46,3400,3320,80,0,0.0
300,20,65,3600,91.347,105,328.921,979.0,7.82,0.0,22.787,61,3400,3320,80,0,0.0
300,20,70,3600,91.811,105,335.858,960.0,7.777,0.0,23.273,61,3400,3315,85,0,0.0
300,20,75,3600,92.099,106,346.105,967.0,7.737,0.0,23.708,61,3400,3315,85,0,0.0
300,20,80,3600,91.916,107,357.118,1206.0,7.735,0.0,24.072,64,3400,3317,83,0,0.0
300,20,85,3600,92.418,108,384.942,1498.0,7.673,0.0,25.215,67,3400,3318,82,0,0.0
300,20,90,3600,93.408,110,405.702,1690.0,7.577,0.0,26.154,71,3400,3315,85,0,0.0
300,25,0,3600,91.727,109,364.573,1563.0,7.73,0.0,24.521,69,3400,3314,86,0,0.0
300,25,5,3600,92.876,109,397.79,1461.0,7.627,0.0,25.674,69,3400,3312,88,0,0.0
300,25,10,3600,91.962,107,390.252,1324.0,7.702,0.0,25.056,69,3400,3310,90,0,0.0
300,25,15,3600,90.405,105,369.307,1163.0,7.841,0.0,23.854,65,3400,3311,89,0,0.0
300,25,20,3600,88.524,106,337.93,996.0,8.014,0.0,22.191,61,3400,3313,87,0,0.0
300,25,25,3600,86.536,107,307.534,1033.0,8.212,0.0,20.528,57,3400,3316,84,0,0.0
300,25,30,3600,86.195,105,307.172,915.0,8.264,0.0,20.333,52,3400,3319,81,0,0.0
300,25,35,3600,88.803,109,357.399,937.0,8.038,0.0,22.661,53,3400,3320,80,0,0.0
300,25,40,3600,90.999,109,393.537,924.0,7.852,0.0,24.488,53,3400,3318,82,0,0.0
300,25,45,3600,91.345,109,389.535,1119.0,7.824,0.0,24.706,58,3400,3318,82,0,0.0
300,25,50,3600,90.399,107,357.025,1042.0,7.899,0.0,23.657,55,3400,3319,81,0,0.0
300,25,55,3600,89.986,106,327.047,946.0,7.936,0.0,22.608,49,3400,3319,81,0,0.0
300,25,60,3600,90.148,109,306.635,904.0,7.926,0.0,22.023,43,3400,3320,80,0,0.0
300,25,65,3600,90.516,108,296.668,871.0,7.89,0.0,22.044,52,3400,3322,78,0,0.0
300,25,70,3600,90.944,107,296.546,856.0,7.849,0.0,22.299,66,3400,3317,83,0,0.0
300,25,75,3600,91.199,105,304.639,853.0,7.815,0.0,22.734,65,3400,3317,83,0,0.0
300,25,80,3600,91.205,106,314.873,1058.0,7.802,0.0,22.952,62,3400,3319,81,0,0.0
300,25,85,3600,91.558,107,340.447,1352.0,7.756,0.0,23.742,66,3400,3319,81,0,0.0
300,25,90,3600,91.727,109,364.573,1563.0,7.73,0.0,24.521,69,3400,3314,86,0,0.0
300,30,0,3600,91.662,109,314.045,1385.0,7.742,0.0,22.927,69,3400,3316,84,0,0.0
300,30,5,3600,92.279,108,352.438,1336.0,7.686,0.0,24.207,66,3400,3314,86,0,0.0
300,30,10,3600,93.354,108,386.778,1252.0,7.597,0.0,25.237,66,3400,3310,90,0,0.0
300,30,15,3600,92.618,105,387.766,1116.0,7.666,0.0,24.786,64,3400,3310,90,0,0.0
300,30,20,3600,90.603,104,358.909,998.0,7.846,0.0,23.147,60,3400,3312,88,0,0.0
300,30,25,3600,88.212,105,323.878,937.0,8.069,0.0,21.238,55,3400,3317,83,0,0.0
300,30,30,3600,85.781,103,284.276,899.0,8.308,0.0,19.13,47,3400,3321,79,0,0.0
300,30,35,3600,85.661,103,283.633,853.0,8.327,0.0,19.03,45,3400,3324,76,0,0.0
300,30,40,3600,88.185,106,325.192,808.0,8.093,0.0,21.177,44,3400,3324,76,0,0.0
300,30,45,3600,90.09,108,351.463,962.0,7.926,0.0,22.842,53,3400,3321,79,0,0.0
300,30,50,3600,91.038,107,358.152,961.0,7.843,0.0,23.633,54,3400,3321,79,0,0.0
300,30,55,3600,90.001,106,324.076,854.0,7.927,0.0,22.549,48,3400,3322,78,0,0.0
300,30,60,3600,90.083,108,296.825,845.0,7.927,0.0,21.574,43,3400,3323,77,0,0.0
300,30,65,3600,90.545,109,280.334,793.0,7.881,0.0,21.208,41,3400,3324,76,0,0.0
300,30,70,3600,90.997,108,272.511,767.0,7.834,0.0,21.437,55,3400,3319,81,0,0.0
300,30,75,3600,91.22,107,270.476,820.0,7.801,0.0,21.689,63,3400,3320,80,0,0.0
300,30,80,3600,91.16,106,273.813,892.0,7.796,0.0,21.872,67,3400,3321,79,0,0.0
300,30,85,3600,91.509,108,289.954,1165.0,7.758,0.0,22.277,65,3400,3320,80,0,0.0
300,30,90,3600,91.662,109,314.045,1385.0,7.742,0.0,22.927,69,3400,3316,84,0,0.0
300,35,0,3600,91.796,108,270.524,1221.0,7.72,0.0,21.854,69,3400,3316,84,0,0.0
300,35,5,3600,92.251,108,300.614,1140.0,7.687,0.0,22.748,66,3400,3315,85,0,0.0
300,35,10,3600,92.888,106,340.926,1082.0,7.638,0.0,24.062,64,3400,3311,89,0,0.0
300,35,15,3600,93.696,107,373.917,1009.0,7.581,0.0,24.869,63,3400,3309,91,0,0.0
300,35,20,3600,92.808,104,373.842,1063.0,7.661,0.0,24.254,62,3400,3310,90,0,0.0
300,35,25,3600,91.112,106,353.816,1019.0,7.811,0.0,22.856,57,3400,3313,87,0,0.0
300,35,30,3600,89.004,105,327.389,1021.0,8.0,0.0,21.23,50,3400,3319,81,0,0.0
300,35,35,3600,86.735,104,291.961,942.0,8.202,0.0,19.339,42,3400,3323,77,0,0.0
300,35,40,3600,85.76,106,273.669,879.0,8.289,0.0,18.531,42,3400,3327,73,0,0.0
300,35,45,3600,87.712,108,294.818,828.0,8.109,0.0,20.05,48,3400,3327,73,0,0.0
300,35,50,3600,90.031,110,328.307,796.0,7.901,0.0,22.124,51,3400,3323,77,0,0.0
300,35,55,3600,91.286,109,334.478,755.0,7.794,0.0,23.062,48,3400,3322,78,0,0.0
300,35,60,3600,90.404,108,304.891,752.0,7.871,0.0,22.141,42,3400,3323,77,0,0.0
300,35,65,3600,90.677,108,280.868,711.0,7.85,0.0,21.32,42,3400,3324,76,0,0.0
300,35,70,3600,91.146,109,262.752,666.0,7.803,0.0,20.852,44,3400,3319,81,0,0.0
300,35,75,3600,91.401,109,253.308,698.0,7.763,0.0,21.037,57,3400,3319,81,0,0.0
300,35,80,3600,91.318,108,246.912,887.0,7.76,0.0,21.158,64,3400,3321,79,0,0.0
300,35,85,3600,91.717,107,257.006,955.0,7.721,0.0,21.646,64,3400,3319,81,0,0.0
300,35,90,3600,91.796,108,270.524,1221.0,7.72,0.0,21.854,69,3400,3316,84,0,0.0
300,40,0,3600,91.893,109,240.59,1011.0,7.692,0.0,21.48,66,3400,3316,84,0,0.0
300,40,5,3600,92.361,108,262.334,950.0,7.665,0.0,22.078,65,3400,3316,84,0,0.0
300,40,10,3600,92.884,107,296.983,924.0,7.634,0.0,23.147,64,3400,3311,89,0,0.0
300,40,15,3600,93.072,107,327.402,865.0,7.632,0.0,23.994,62,3400,3309,91,0,0.0
300,40,20,3600,93.788,106,362.531,994.0,7.576,0.0,24.722,60,3400,3308,92,0,0.0
300,40,25,3600,93.222,107,369.741,1117.0,7.628,0.0,24.306,57,3400,3311,89,0,0.0
300,40,30,3600,91.075,106,348.004,1002.0,7.806,0.0,22.736,47,3400,3315,85,0,0.0
300,40,35,3600,89.14,105,324.691,1011.0,7.963,0.0,21.318,44,3400,3319,81,0,0.0
300,40,40,3600,86.836,106,291.001,1006.0,8.147,0.0,19.613,50,3400,3322,78,0,0.0
300,40,45,3600,85.865,108,266.016,991.0,8.229,0.0,18.763,48,3400,3328,72,0,0.0
300,40,50,3600,87.69,109,283.889,847.0,8.063,0.0,20.113,46,3400,3328,72,0,0.0
300,40,55,3600,90.351,111,316.155,880.0,7.828,0.0,22.194,50,3400,3323,77,0,0.0
300,40,60,3600,91.586,112,320.386,839.0,7.735,0.0,23.034,50,3400,3323,77,0,0.0
300,40,65,3600,90.968,111,295.328,765.0,7.795,0.0,22.308,50,3400,3324,76,0,0.0
300,40,70,3600,91.239,111,271.4,645.0,7.77,0.0,21.469,49,3400,3319,81,0,0.0
300,40,75,3600,91.412,110,250.323,635.0,7.742,0.0,20.882,47,3400,3319,81,0,0.0
300,40,80,3600,91.499,110,235.331,715.0,7.72,0.0,20.806,58,3400,3321,79,0,0.0
300,40,85,3600,91.726,110,233.352,980.0,7.696,0.0,21.166,67,3400,3320,80,0,0.0
300,40,90,3600,91.893,109,240.59,1011.0,7.692,0.0,21.48,66,3400,3316,84,0,0.0
300,45,0,3600,91.884,111,227.171,1033.0,7.671,0.0,21.192,70,3400,3315,85,0,0.0
300,45,5,3600,92.32,110,239.386,945.0,7.651,0.0,21.735,67,3400,3315,85,0,0.0
300,45,10,3600,92.873,107,263.485,939.0,7.626,0.0,22.486,66,3400,3312,88,0,0.0
300,45,15,3600,92.918,107,287.217,889.0,7.643,0.0,23.03,64,3400,3310,90,0,0.0
300,45,20,3600,93.097,105,320.946,898.0,7.636,0.0,24.003,63,3400,3308,92,0,0.0
300,45,25,3600,93.855,106,360.154,1044.0,7.575,0.0,24.815,60,3400,3309,91,0,0.0
300,45,30,3600,93.159,106,367.014,1147.0,7.631,0.0,24.347,52,3400,3312,88,0,0.0
300,45,35,3600,91.622,107,356.564,1139.0,7.744,0.0,23.329,48,3400,3316,84,0,0.0
300,45,40,3600,89.554,106,331.85,1130.0,7.893,0.0,21.993,54,3400,3320,80,0,0.0
300,45,45,3600,87.076,107,290.651,1168.0,8.092,0.0,20.201,52,3400,3323,77,0,0.0
300,45,50,3600,86.324,107,269.156,976.0,8.15,0.0,19.456,47,3400,3326,74,0,0.0
300,45,55,3600,87.981,112,281.768,929.0,7.994,0.0,20.497,47,3400,3327,73,0,0.0
300,45,60,3600,90.856,112,313.749,1000.0,7.758,0.0,22.49,49,3400,3327,73,0,0.0
300,45,65,3600,92.161,112,319.488,993.0,7.658,0.0,23.321,51,3400,3324,76,0,0.0
300,45,70,3600,91.273,111,290.44,872.0,7.745,0.0,22.423,49,3400,3319,81,0,0.0
300,45,75,3600,91.294,111,263.835,784.0,7.731,0.0,21.45,47,3400,3320,80,0,0.0
300,45,80,3600,91.386,112,240.218,667.0,7.712,0.0,20.737,45,3400,3321,79,0,0.0
300,45,85,3600,91.826,112,231.603,751.0,7.667,0.0,20.985,58,3400,3320,80,0,0.0
300,45,90,3600,91.884,111,227.171,1033.0,7.671,0.0,21.192,70,3400,3315,85,0,0.0
300,50,0,3600,91.849,115,231.239,829.0,7.661,0.0,20.878,55,3400,3316,84,0,0.0
300,50,5,3600,92.178,112,232.976,762.0,7.65,0.0,21.392,57,3400,3314,86,0,0.0
300,50,10,3600,92.793,112,248.107,732.0,7.621,0.0,22.106,54,3400,3312,88,0,0.0
300,50,15,3600,92.919,110,263.845,677.0,7.637,0.0,22.449,53,3400,3310,90,0,0.0
300,50,20,3600,93.02,108,289.936,790.0,7.646,0.0,23.155,52,3400,3308,92,0,0.0
300,50,25,3600,93.3,107,324.541,923.0,7.624,0.0,24.207,51,3400,3309,91,0,0.0
300,50,30,3600,94.22,107,370.024,1042.0,7.546,0.0,25.27,47,3400,3310,90,0,0.0
300,50,35,3600,93.818,107,384.769,1153.0,7.563,0.0,25.212,52,3400,3312,88,0,0.0
300,50,40,3600,92.133,107,370.994,1198.0,7.676,0.0,24.234,59,3400,3316,84,0,0.0
300,50,45,3600,89.708,107,336.535,1218.0,7.859,0.0,22.627,53,3400,3320,80,0,0.0
300,50,50,3600,87.871,110,303.148,1020.0,8.005,0.0,21.102,52,3400,3323,77,0,0.0
300,50,55,3600,86.851,109,274.361,941.0,8.084,0.0,19.992,48,3400,3323,77,0,0.0
300,50,60,3600,88.362,111,287.078,852.0,7.944,0.0,20.89,49,3400,3328,72,0,0.0
300,50,65,3600,91.414,114,323.76,929.0,7.691,0.0,22.95,51,3400,3325,75,0,0.0
300,50,70,3600,92.429,115,325.291,887.0,7.619,0.0,23.517,51,3400,3318,82,0,0.0
300,50,75,3600,91.294,113,292.504,774.0,7.72,0.0,22.454,50,3400,3320,80,0,0.0
300,50,80,3600,91.227,113,263.702,676.0,7.713,0.0,21.393,47,3400,3321,79,0,0.0
300,50,85,3600,91.552,116,243.641,636.0,7.679,0.0,20.856,49,3400,3320,80,0,0.0
300,50,90,3600,91.849,115,231.239,829.0,7.661,0.0,20.878,55,3400,3316,84,0,0.0
300,55,0,3600,91.708,117,256.983,680.0,7.663,0.0,21.039,49,3400,3316,84,0,0.0
300,55,5,3600,92.138,115,249.259,623.0,7.642,0.0,21.336,49,3400,3316,84,0,0.0
300,55,10,3600,92.684,114,253.705,697.0,7.618,0.0,21.972,51,3400,3311,89,0,0.0
300,55,15,3600,92.807,112,260.31,589.0,7.637,0.0,22.279,45,3400,3310,90,0,0.0
300,55,20,3600,93.045,112,277.913,694.0,7.641,0.0,22.712,45,3400,3308,92,0,0.0
300,55,25,3600,93.303,111,307.018,791.0,7.629,0.0,23.585,44,3400,3309,91,0,0.0
300,55,30,3600,93.515,108,339.635,924.0,7.609,0.0,24.686,45,3400,3310,90,0,0.0
300,55,35,3600,94.607,108,389.779,1094.0,7.509,0.0,26.024,52,3400,3310,90,0,0.0
300,55,40,3600,94.146,108,403.768,1301.0,7.523,0.0,26.108,61,3400,3312,88,0,0.0
300,55,45,3600,92.543,108,386.773,1304.0,7.635,0.0,25.13,57,3400,3316,84,0,0.0
300,55,50,3600,90.586,111,354.131,1153.0,7.783,0.0,23.563,55,3400,3318,82,0,0.0
300,55,55,3600,88.724,111,318.768,1172.0,7.928,0.0,21.968,52,3400,3318,82,0,0.0
300,55,60,3600,87.414,111,290.18,1015.0,8.032,0.0,20.724,49,3400,3324,76,0,0.0
300,55,65,3600,89.135,115,306.938,931.0,7.87,0.0,21.608,49,3400,3324,76,0,0.0
300,55,70,3600,91.901,116,342.572,1060.0,7.642,0.0,23.452,52,3400,3317,83,0,0.0
300,55,75,3600,92.538,116,339.022,963.0,7.593,0.0,23.743,52,3400,3319,81,0,0.0
300,55,80,3600,91.374,115,303.542,855.0,7.692,0.0,22.573,52,3400,3320,80,0,0.0
300,55,85,3600,91.504,116,277.619,756.0,7.671,0.0,21.63,49,3400,3318,82,0,0.0
300,55,90,3600,91.708,117,256.983,680.0,7.663,0.0,21.039,49,3400,3316,84,0,0.0
300,60,0,3600,91.694,115,302.834,887.0,7.649,0.0,22.416,52,3400,3316,84,0,0.0
300,60,5,3600,92.083,114,286.056,772.0,7.635,0.0,21.986,49,3400,3314,86,0,0.0
300,60,10,3600,92.689,114,280.633,701.0,7.606,0.0,22.425,51,3400,3312,88,0,0.0
300,60,15,3600,92.826,112,277.843,806.0,7.624,0.0,22.694,54,3400,3309,91,0,0.0
300,60,20,3600,93.015,111,285.561,709.0,7.633,0.0,23.039,49,3400,3308,92,0,0.0
300,60,25,3600,93.247,111,303.424,698.0,7.632,0.0,23.52,44,3400,3309,91,0,0.0
300,60,30,3600,93.535,109,330.498,823.0,7.617,0.0,24.296,45,3400,3310,90,0,0.0
300,60,35,3600,94.155,107,369.37,986.0,7.555,0.0,25.694,52,3400,3310,90,0,0.0
300,60,40,3600,95.211,107,417.782,1184.0,7.454,0.0,27.171,61,3400,3310,90,0,0.0
300,60,45,3600,94.814,109,428.069,1402.0,7.475,0.0,27.169,60,3400,3312,88,0,0.0
300,60,50,3600,93.295,112,408.374,1230.0,7.583,0.0,25.994,58,3400,3314,86,0,0.0
300,60,55,3600,91.65,112,381.478,1276.0,7.701,0.0,24.641,55,3400,3315,85,0,0.0
300,60,60,3600,89.535,111,344.056,1266.0,7.862,0.0,22.898,58,3400,3318,82,0,0.0
300,60,65,3600,88.624,111,321.766,1092.0,7.923,0.0,21.872,52,3400,3319,81,0,0.0
300,60,70,3600,90.031,115,338.641,1116.0,7.79,0.0,22.737,51,3400,3315,85,0,0.0
300,60,75,3600,91.94,116,364.035,1191.0,7.631,0.0,24.105,54,3400,3314,86,0,0.0
300,60,80,3600,92.569,116,359.926,1106.0,7.575,0.0,24.331,55,3400,3315,85,0,0.0
300,60,85,3600,91.734,114,330.769,1003.0,7.644,0.0,23.443,54,3400,3318,82,0,0.0
300,60,90,3600,91.694,115,302.834,887.0,7.649,0.0,22.416,52,3400,3316,84,0,0.0
300,65,0,3600,92.041,114,363.341,1117.0,7.611,0.0,24.583,57,3400,3316,84,0,0.0
300,65,5,3600,92.191,116,340.428,1009.0,7.611,0.0,23.771,55,3400,3314,86,0,0.0
300,65,10,3600,92.929,114,329.511,934.0,7.575,0.0,23.643,53,3400,3312,88,0,0.0
300,65,15,3600,92.931,112,313.873,833.0,7.6,0.0,23.582,54,3400,3309,91,0,0.0
300,65,20,3600,93.131,112,310.712,963.0,7.608,0.0,23.841,56,3400,3308,92,0,0.0
300,65,25,3600,93.413,111,320.001,839.0,7.606,0.0,24.279,53,3400,3309,91,0,0.0
300,65,30,3600,93.684,108,337.849,777.0,7.598,0.0,24.726,47,3400,3310,90,0,0.0
300,65,35,3600,94.228,109,369.725,872.0,7.557,0.0,25.726,51,3400,3310,90,0,0.0
300,65,40,3600,94.99,109,408.592,1104.0,7.485,0.0,27.088,62,3400,3310,90,0,0.0
300,65,45,3600,96.231,110,452.855,1311.0,7.389,0.0,28.456,61,3400,3310,90,0,0.0
300,65,50,3600,96.068,112,462.167,1342.0,7.394,0.0,28.407,62,3400,3309,91,0,0.0
300,65,55,3600,94.561,112,444.492,1358.0,7.491,0.0,27.342,58,3400,3309,91,0,0.0
300,65,60,3600,92.815,111,419.71,1398.0,7.612,0.0,26.025,62,3400,3315,85,0,0.0
300,65,65,3600,90.888,112,382.517,1407.0,7.743,0.0,24.325,59,3400,3315,85,0,0.0
300,65,70,3600,90.035,116,366.402,1432.0,7.794,0.0,23.555,62,3400,3311,89,0,0.0
300,65,75,3600,90.856,114,375.181,1222.0,7.714,0.0,24.074,57,3400,3312,88,0,0.0
300,65,80,3600,92.394,116,395.615,1357.0,7.581,0.0,25.229,58,3400,3312,88,0,0.0
300,65,85,3600,93.101,116,396.496,1251.0,7.519,0.0,25.67,58,3400,3314,86,0,0.0
300,65,90,3600,92.041,114,363.341,1117.0,7.611,0.0,24.583,57,3400,3316,84,0,0.0
300,70,0,3600,94.206,121,434.629,1368.0,7.431,0.0,26.825,60,3400,3303,97,0,0.0
300,70,5,3600,93.388,120,407.669,1247.0,7.504,0.0,26.001,58,3400,3305,95,0,0.0
300,70,10,3600,93.919,117,389.913,1152.0,7.476,0.0,25.456,57,3400,3303,97,0,0.0
300,70,15,3600,93.98,115,366.275,1060.0,7.491,0.0,24.74,55,3400,3300,100,0,0.0
300,70,20,3600,94.199,116,353.802,993.0,7.494,0.0,24.81,56,3400,3300,100,0,0.0
300,70,25,3600,94.425,115,350.777,1086.0,7.501,0.0,25.092,58,3400,3300,100,0,0.0
300,70,30,3600,94.576,113,359.186,985.0,7.517,0.0,25.485,56,3400,3303,97,0,0.0
300,70,35,3600,94.993,112,381.721,940.0,7.5,0.0,26.152,51,3400,3303,97,0,0.0
300,70,40,3600,95.666,112,413.738,968.0,7.449,0.0,27.167,61,3400,3304,96,0,0.0
300,70,45,3600,96.127,110,448.009,1152.0,7.416,0.0,28.334,60,3400,3304,96,0,0.0
300,70,50,3600,97.696,112,494.235,1204.0,7.296,0.0,29.814,62,3400,3302,98,0,0.0
300,70,55,3600,97.648,113,508.576,1455.0,7.282,0.0,29.968,62,3400,3299,101,0,0.0
300,70,60,3600,96.116,113,490.54,1472.0,7.374,0.0,28.869,63,3400,3305,95,0,0.0
300,70,65,3600,94.84,115,472.575,1529.0,7.439,0.0,27.874,64,3400,3306,94,0,0.0
300,70,70,3600,93.935,117,455.445,1615.0,7.474,0.0,27.06,65,3400,3303,97,0,0.0
300,70,75,3600,93.021,116,439.556,1485.0,7.511,0.0,26.337,61,3400,3303,97,0,0.0
300,70,80,3600,93.136,118,437.042,1493.0,7.499,0.0,26.334,59,3400,3304,96,0,0.0
300,70,85,3600,94.758,119,459.482,1456.0,7.371,0.0,27.528,60,3400,3302,98,0,0.0
300,70,90,3600,94.206,121,434.629,1368.0,7.431,0.0,26.825,60,3400,3303,97,0,0.0
300,75,0,3600,95.0,120,474.122,1569.0,7.351,0.0,27.871,60,3400,3295,105,0,0.0
300,75,5,3600,94.841,120,462.922,1499.0,7.373,0.0,27.568,58,3400,3295,105,0,0.0
300,75,10,3600,93.229,119,421.229,1358.0,7.522,0.0,26.074,56,3400,3298,102,0,0.0
300,75,15,3600,93.0,118,392.34,1246.0,7.55,0.0,25.004,53,3400,3294,106,0,0.0
300,75,20,3600,93.042,119,369.405,1188.0,7.561,0.0,24.295,56,3400,3295,105,0,0.0
300,75,25,3600,93.299,115,356.733,1043.0,7.558,0.0,24.312,57,3400,3295,105,0,0.0
300,75,30,3600,93.484,114,354.93,1205.0,7.573,0.0,24.557,55,3400,3297,103,0,0.0
300,75,35,3600,93.928,114,365.633,1113.0,7.567,0.0,25.043,53,3400,3298,102,0,0.0
300,75,40,3600,94.324,112,384.432,1038.0,7.556,0.0,25.638,55,3400,3299,101,0,0.0
300,75,45,3600,94.689,111,409.952,1021.0,7.539,0.0,26.429,57,3400,3300,100,0,0.0
300,75,50,3600,95.501,111,449.151,1014.0,7.473,0.0,27.896,59,3400,3300,100,0,0.0
300,75,55,3600,97.203,113,497.594,1225.0,7.332,0.0,29.559,62,3400,3297,103,0,0.0
300,75,60,3600,97.334,113,515.9,1447.0,7.304,0.0,29.865,67,3400,3299,101,0,0.0
300,75,65,3600,96.238,115,502.505,1605.0,7.348,0.0,29.055,67,3400,3300,100,0,0.0
300,75,70,3600,95.379,115,494.467,1718.0,7.375,0.0,28.515,69,3400,3295,105,0,0.0
300,75,75,3600,94.641,114,481.031,1794.0,7.387,0.0,27.915,66,3400,3296,104,0,0.0
300,75,80,3600,93.934,116,459.196,1643.0,7.418,0.0,27.12,64,3400,3298,102,0,0.0
300,75,85,3600,95.069,118,480.514,1592.0,7.331,0.0,28.072,60,3400,3298,102,0,0.0
300,75,90,3600,95.0,120,474.122,1569.0,7.351,0.0,27.871,60,3400,3295,105,0,0.0
300,80,0,3600,94.482,116,471.894,1706.0,7.374,0.0,27.837,64,3400,3296,104,0,0.0
300,80,5,3600,94.993,119,485.351,1575.0,7.339,0.0,28.155,61,3400,3293,107,0,0.0
300,80,10,3600,93.721,118,455.05,1506.0,7.459,0.0,26.906,59,3400,3294,106,0,0.0
300,80,15,3600,91.307,118,396.684,1364.0,7.686,0.0,24.666,56,3400,3293,107,0,0.0
300,80,20,3600,90.763,117,363.83,1275.0,7.737,0.0,23.439,54,3400,3295,105,0,0.0
300,80,25,3600,90.656,116,342.634,1156.0,7.753,0.0,22.813,54,3400,3296,104,0,0.0
300,80,30,3600,90.748,116,331.879,1073.0,7.763,0.0,22.755,54,3400,3298,102,0,0.0
300,80,35,3600,91.058,114,331.539,1154.0,7.767,0.0,22.949,54,3400,3297,103,0,0.0
300,80,40,3600,91.368,114,338.575,1054.0,7.777,0.0,23.164,48,3400,3300,100,0,0.0
300,80,45,3600,91.71,113,352.965,1049.0,7.779,0.0,23.591,47,3400,3300,100,0,0.0
300,80,50,3600,92.513,110,383.71,1018.0,7.724,0.0,24.781,51,3400,3302,98,0,0.0
300,80,55,3600,93.373,109,418.658,1010.0,7.645,0.0,26.251,56,3400,3303,97,0,0.0
300,80,60,3600,95.0,111,461.67,1209.0,7.498,0.0,27.816,65,3400,3300,100,0,0.0
300,80,65,3600,95.194,113,477.28,1405.0,7.449,0.0,28.137,66,3400,3300,100,0,0.0
300,80,70,3600,95.091,114,485.566,1546.0,7.415,0.0,28.268,69,3400,3295,105,0,0.0
300,80,75,3600,94.567,113,480.471,1736.0,7.409,0.0,27.988,67,3400,3295,105,0,0.0
300,80,80,3600,93.681,115,456.989,1826.0,7.443,0.0,27.138,67,3400,3295,105,0,0.0
300,80,85,3600,94.356,114,469.295,1647.0,7.379,0.0,27.754,65,3400,3298,102,0,0.0
300,80,90,3600,94.482,116,471.894,1706.0,7.374,0.0,27.837,64,3400,3296,104,0,0.0
300,85,0,3600,93.352,111,441.402,1729.0,7.463,0.0,26.947,65,3400,3300,100,0,0.0
300,85,5,3600,94.164,114,470.628,1663.0,7.395,0.0,27.772,64,3400,3297,103,0,0.0
300,85,10,3600,93.675,118,465.829,1603.0,7.436,0.0,27.188,62,3400,3294,106,0,0.0
300,85,15,3600,91.715,120,425.701,1482.0,7.616,0.0,25.391,60,3400,3292,108,0,0.0
300,85,20,3600,88.901,115,358.385,1353.0,7.897,0.0,22.743,53,3400,3298,102,0,0.0
300,85,25,3600,88.065,112,325.422,1192.0,7.974,0.0,21.505,49,3400,3299,101,0,0.0
300,85,30,3600,87.701,113,304.586,1085.0,8.007,0.0,20.838,49,3400,3301,99,0,0.0
300,85,35,3600,87.601,114,294.185,990.0,8.031,0.0,20.652,49,3400,3301,99,0,0.0
300,85,40,3600,87.819,114,292.992,1111.0,8.047,0.0,20.627,52,3400,3303,97,0,0.0
300,85,45,3600,88.295,110,297.514,1035.0,8.048,0.0,20.709,48,3400,3302,98,0,0.0
300,85,50,3600,88.964,107,314.438,998.0,8.02,0.0,21.335,45,3400,3303,97,0,0.0
300,85,55,3600,89.604,109,337.225,982.0,7.971,0.0,22.357,47,3400,3304,96,0,0.0
300,85,60,3600,90.374,105,366.862,930.0,7.887,0.0,23.773,59,3400,3308,92,0,0.0
300,85,65,3600,92.643,109,416.478,1188.0,7.668,0.0,25.792,63,3400,3306,94,0,0.0
300,85,70,3600,93.662,109,446.199,1414.0,7.547,0.0,26.861,67,3400,3300,100,0,0.0
300,85,75,3600,93.509,110,451.205,1591.0,7.513,0.0,26.97,66,3400,3299,101,0,0.0
300,85,80,3600,92.794,111,435.728,1659.0,7.531,0.0,26.429,66,3400,3300,100,0,0.0
300,85,85,3600,93.378,111,443.715,1736.0,7.465,0.0,26.978,67,3400,3302,98,0,0.0
300,85,90,3600,93.352,111,441.402,1729.0,7.463,0.0,26.947,65,3400,3300,100,0,0.0
300,90,0,3600,92.896,111,418.791,1838.0,7.513,0.0,26.347,69,3400,3303,97,0,0.0
300,90,5,3600,93.216,112,434.912,1771.0,7.483,0.0,26.744,67,3400,3304,96,0,0.0
300,90,10,3600,92.958,115,445.624,1700.0,7.494,0.0,26.609,67,3400,3298,102,0,0.0
300,90,15,3600,92.075,118,437.307,1594.0,7.573,0.0,25.834,63,3400,3296,104,0,0.0
300,90,20,3600,90.896,119,415.693,1585.0,7.702,0.0,24.788,62,3400,3295,105,0,0.0
300,90,25,3600,87.965,117,346.443,1473.0,7.996,0.0,22.068,58,3400,3299,101,0,0.0
300,90,30,3600,86.731,113,309.766,1272.0,8.117,0.0,20.658,53,3400,3301,99,0,0.0
300,90,35,3600,86.341,115,291.344,1235.0,8.154,0.0,20.061,51,3400,3304,96,0,0.0
300,90,40,3600,85.987,112,280.393,1005.0,8.191,0.0,19.714,50,3400,3305,95,0,0.0
300,90,45,3600,85.819,110,270.804,1139.0,8.241,0.0,19.163,52,3400,3306,94,0,0.0
300,90,50,3600,85.952,107,267.12,1106.0,8.274,0.0,18.835,50,3400,3307,93,0,0.0
300,90,55,3600,86.549,105,277.486,979.0,8.245,0.0,19.256,44,3400,3306,94,0,0.0
300,90,60,3600,86.886,105,288.316,972.0,8.214,0.0,19.918,48,3400,3308,92,0,0.0
300,90,65,3600,88.222,104,323.483,976.0,8.061,0.0,21.773,56,3400,3309,91,0,0.0
300,90,70,3600,91.147,108,382.731,1253.0,7.775,0.0,24.41,65,3400,3303,97,0,0.0
300,90,75,3600,92.429,110,413.382,1473.0,7.63,0.0,25.673,66,3400,3303,97,0,0.0
300,90,80,3600,92.13,113,408.902,1629.0,7.614,0.0,25.593,67,3400,3303,97,0,0.0
300,90,85,3600,93.218,112,428.959,1737.0,7.5,0.0,26.632,69,3400,3305,95,0,0.0
300,90,90,3600,92.896,111,418.791,1838.0,7.513,0.0,26.347,69,3400,3303,97,0,0.0
500,0,0,3600,102.119,126,444.502,2103.0,7.642,0.0,27.777,79,3400,3290,110,0,0.0
500,0,5,3600,101.396,124,431.924,1868.0,7.677,0.0,27.266,73,3400,3285,115,0,0.0
500,0,10,3600,100.001,124,402.915,1640.0,7.779,0.0,26.187,71,3400,3282,118,0,0.0
500,0,15,3600,99.25,123,390.245,1425.0,7.846,0.0,25.533,67,3400,3284,116,0,0.0
500,0,20,3600,99.048,123,393.992,1376.0,7.875,0.0,25.262,67,3400,3286,114,0,0.0
500,0,25,3600,96.94,122,364.829,1245.0,8.074,0.0,23.448,61,3400,3288,112,0,0.0
500,0,30,3600,95.26,122,346.769,1080.0,8.265,0.0,21.992,57,3400,3294,106,0,0.0
500,0,35,3600,92.596,120,308.536,1019.0,8.548,0.0,19.708,48,3400,3298,102,0,0.0
500,0,40,3600,90.269,115,276.682,863.0,8.796,0.0,17.79,38,3400,3303,97,0,0.0
500,0,45,3600,88.82,111,256.709,1050.0,8.954,0.0,16.762,41,3400,3305,95,0,0.0
500,0,50,3600,89.069,111,264.234,1065.0,8.939,0.0,17.32,42,3400,3305,95,0,0.0
500,0,55,3600,91.218,110,296.361,1287.0,8.745,0.0,19.049,47,3400,3307,93,0,0.0
500,0,60,3600,93.504,113,327.295,1292.0,8.536,0.0,20.797,47,3400,3306,94,0,0.0
500,0,65,3600,96.354,111,359.535,1397.0,8.269,0.0,22.722,57,3400,3307,93,0,0.0
500,0,70,3600,98.389,114,377.485,1339.0,8.07,0.0,24.153,63,3400,3300,100,0,0.0
500,0,75,3600,98.931,116,372.859,1326.0,7.994,0.0,24.672,65,3400,3299,101,0,0.0
500,0,80,3600,99.893,118,390.58,1368.0,7.878,0.0,25.712,69,3400,3298,102,0,0.0
500,0,85,3600,101.387,124,424.045,1680.0,7.728,0.0,27.084,77,3400,3294,106,0,0.0
500,0,90,3600,102.119,126,444.502,2103.0,7.642,0.0,27.777,79,3400,3290,110,0,0.0
500,5,0,3600,101.339,123,417.886,1915.0,7.739,0.0,26.858,77,3400,3299,101,0,0.0
500,5,5,3600,103.149,123,462.554,1779.0,7.581,0.0,28.616,77,3400,3291,109,0,0.0
500,5,10,3600,103.001,124,462.717,1646.0,7.582,0.0,28.744,75,3400,3286,114,0,0.0
500,5,15,3600,102.23,124,443.241,1467.0,7.645,0.0,28.032,70,3400,3286,114,0,0.0
500,5,20,3600,102.072,126,447.677,1384.0,7.666,0.0,27.929,69,3400,3287,113,0,0.0
500,5,25,3600,100.416,125,423.272,1196.0,7.817,0.0,26.458,66,3400,3290,110,0,0.0
500,5,30,3600,98.256,124,393.88,1059.0,8.022,0.0,24.604,60,3400,3295,105,0,0.0
500,5,35,3600,95.663,121,358.544,971.0,8.281,0.0,22.451,52,3400,3299,101,0,0.0
500,5,40,3600,93.224,118,323.182,841.0,8.522,0.0,20.318,39,3400,3305,95,0,0.0
500,5,45,3600,90.602,114,284.008,1006.0,8.786,0.0,18.088,40,3400,3308,92,0,0.0
500,5,50,3600,88.987,111,261.726,970.0,8.949,0.0,16.953,38,3400,3310,90,0,0.0
500,5,55,3600,89.404,106,268.909,1001.0,8.918,0.0,17.522,42,3400,3312,88,0,0.0
500,5,60,3600,91.555,108,301.447,1132.0,8.719,0.0,19.26,43,3400,3312,88,0,0.0
500,5,65,3600,93.836,107,327.991,1133.0,8.504,0.0,20.812,45,3400,3312,88,0,0.0
500,5,70,3600,96.146,110,347.347,1146.0,8.282,0.0,22.255,57,3400,3304,96,0,0.0
500,5,75,3600,96.519,112,332.529,1067.0,8.22,0.0,22.4,61,3400,3305,95,0,0.0
500,5,80,3600,96.974,113,328.054,1106.0,8.147,0.0,22.864,63,3400,3305,95,0,0.0
500,5,85,3600,98.396,117,356.214,1417.0,7.994,0.0,24.316,67,3400,3303,97,0,0.0
500,5,90,3600,101.339,123,417.886,1915.0,7.739,0.0,26.858,77,3400,3299,101,0,0.0
500,10,0,3600,99.206,119,368.644,1619.0,7.938,0.0,24.973,75,3400,3304,96,0,0.0
500,10,5,3600,103.308,123,458.002,1807.0,7.607,0.0,28.688,77,3400,3296,104,0,0.0
500,10,10,3600,104.97,121,496.936,1698.0,7.475,0.0,30.274,77,3400,3289,111,0,0.0
500,10,15,3600,105.789,122,516.003,1561.0,7.419,0.0,31.097,74,3400,3285,115,0,0.0
500,10,20,3600,105.325,125,508.862,1502.0,7.459,0.0,30.73,72,3400,3288,112,0,0.0
500,10,25,3600,103.476,126,475.903,1329.0,7.613,0.0,29.066,69,3400,3291,109,0,0.0
500,10,30,3600,101.589,125,449.326,1147.0,7.779,0.0,27.479,63,3400,3295,105,0,0.0
500,10,35,3600,98.988,122,410.677,1052.0,8.015,0.0,25.294,53,3400,3299,101,0,0.0
500,10,40,3600,96.427,119,372.991,957.0,8.251,0.0,23.107,44,3400,3306,94,0,0.0
500,10,45,3600,93.999,115,335.64,1087.0,8.48,0.0,20.894,44,3400,3309,91,0,0.0
500,10,50,3600,91.618,109,303.631,1058.0,8.704,0.0,18.991,41,3400,3313,87,0,0.0
500,10,55,3600,90.31,105,288.245,1014.0,8.829,0.0,18.14,41,3400,3314,86,0,0.0
500,10,60,3600,90.567,104,290.576,993.0,8.812,0.0,18.506,41,3400,3316,84,0,0.0
500,10,65,3600,92.728,105,313.595,1009.0,8.611,0.0,19.912,44,3400,3317,83,0,0.0
500,10,70,3600,94.722,106,329.99,1039.0,8.427,0.0,21.152,52,3400,3309,91,0,0.0
500,10,75,3600,95.247,109,315.082,984.0,8.352,0.0,21.272,57,3400,3309,91,0,0.0
500,10,80,3600,95.611,111,302.348,966.0,8.289,0.0,21.52,61,3400,3309,91,0,0.0
500,10,85,3600,96.661,117,313.118,1229.0,8.172,0.0,22.445,66,3400,3309,91,0,0.0
500,10,90,3600,99.206,119,368.644,1619.0,7.938,0.0,24.973,75,3400,3304,96,0,0.0
500,15,0,3600,97.648,117,325.926,1447.0,8.105,0.0,23.194,75,3400,3309,91,0,0.0
500,15,5,3600,101.092,121,399.714,1602.0,7.814,0.0,26.46,76,3400,3303,97,0,0.0
500,15,10,3600,105.292,123,495.842,1685.0,7.495,0.0,30.436,78,3400,3296,104,0,0.0
500,15,15,3600,107.143,121,536.46,1679.0,7.363,0.0,32.072,79,3400,3288,112,0,0.0
500,15,20,3600,108.281,123,564.493,1570.0,7.291,0.0,33.131,76,3400,3288,112,0,0.0
500,15,25,3600,106.352,124,528.312,1368.0,7.439,0.0,31.526,71,3400,3291,109,0,0.0
500,15,30,3600,104.511,125,497.803,1159.0,7.594,0.0,29.954,64,3400,3296,104,0,0.0
500,15,35,3600,101.881,124,453.398,1057.0,7.809,0.0,27.657,55,3400,3300,100,0,0.0
500,15,40,3600,99.48,122,415.14,1022.0,8.011,0.0,25.553,44,3400,3305,95,0,0.0
500,15,45,3600,96.692,118,370.836,1140.0,8.257,0.0,23.107,46,3400,3310,90,0,0.0
500,15,50,3600,94.522,112,341.956,1073.0,8.449,0.0,21.276,43,3400,3313,87,0,0.0
500,15,55,3600,92.764,109,317.671,1028.0,8.607,0.0,19.749,43,3400,3315,85,0,0.0
500,15,60,3600,91.678,107,306.935,1004.0,8.709,0.0,19.097,43,3400,3317,83,0,0.0
500,15,65,3600,91.654,107,301.039,1010.0,8.715,0.0,19.099,44,3400,3318,82,0,0.0
500,15,70,3600,93.576,107,315.694,994.0,8.537,0.0,20.223,48,3400,3311,89,0,0.0
500,15,75,3600,94.225,109,302.102,963.0,8.464,0.0,20.324,54,3400,3311,89,0,0.0
500,15,80,3600,94.988,112,295.418,956.0,8.372,0.0,20.831,63,3400,3311,89,0,0.0
500,15,85,3600,96.074,113,301.999,1195.0,8.253,0.0,21.73,64,3400,3312,88,0,0.0
500,15,90,3600,97.648,117,325.926,1447.0,8.105,0.0,23.194,75,3400,3309,91,0,0.0
500,20,0,3600,96.32,113,297.809,1239.0,8.246,0.0,21.884,70,3400,3311,89,0,0.0
500,20,5,3600,97.829,114,326.741,1222.0,8.108,0.0,23.404,70,3400,3309,91,0,0.0
500,20,10,3600,101.706,119,407.125,1270.0,7.79,0.0,26.904,72,3400,3300,100,0,0.0
500,20,15,3600,105.318,119,489.986,1403.0,7.523,0.0,30.339,74,3400,3295,105,0,0.0
500,20,20,3600,108.119,122,551.727,1549.0,7.33,0.0,32.815,76,3400,3292,108,0,0.0
500,20,25,3600,107.874,123,549.311,1356.0,7.357,0.0,32.684,72,3400,3290,110,0,0.0
500,20,30,3600,105.945,126,514.697,1155.0,7.511,0.0,31.087,64,3400,3295,105,0,0.0
500,20,35,3600,103.518,125,473.384,1028.0,7.702,0.0,29.066,57,3400,3301,99,0,0.0
500,20,40,3600,100.916,119,427.342,969.0,7.908,0.0,26.783,46,3400,3308,92,0,0.0
500,20,45,3600,98.402,120,383.658,1115.0,8.116,0.0,24.464,47,3400,3311,89,0,0.0
500,20,50,3600,96.18,113,349.592,1078.0,8.306,0.0,22.512,45,3400,3315,85,0,0.0
500,20,55,3600,94.376,110,326.581,1025.0,8.463,0.0,20.963,44,3400,3317,83,0,0.0
500,20,60,3600,92.733,107,306.341,973.0,8.611,0.0,19.575,44,3400,3320,80,0,0.0
500,20,65,3600,92.078,106,301.044,934.0,8.673,0.0,19.159,45,3400,3322,78,0,0.0
500,20,70,3600,92.08,107,293.249,884.0,8.676,0.0,19.059,45,3400,3314,86,0,0.0
500,20,75,3600,92.814,106,282.784,874.0,8.6,0.0,19.176,49,3400,3314,86,0,0.0
500,20,80,3600,93.965,109,281.115,843.0,8.483,0.0,19.887,56,3400,3314,86,0,0.0
500,20,85,3600,95.071,111,284.179,1076.0,8.369,0.0,20.75,62,3400,3314,86,0,0.0
500,20,90,3600,96.32,113,297.809,1239.0,8.246,0.0,21.884,70,3400,3311,89,0,0.0
500,25,0,3600,94.629,112,265.116,1130.0,8.414,0.0,20.311,67,3400,3314,86,0,0.0
500,25,5,3600,95.952,112,288.415,1082.0,8.287,0.0,21.65,67,3400,3310,90,0,0.0
500,25,10,3600,97.772,113,326.102,1032.0,8.124,0.0,23.309,65,3400,3303,97,0,0.0
500,25,15,3600,100.816,116,393.113,1092.0,7.879,0.0,26.195,67,3400,3295,105,0,0.0
500,25,20,3600,104.846,118,480.892,1362.0,7.577,0.0,29.861,71,3400,3293,107,0,0.0
500,25,25,3600,106.064,121,507.232,1493.0,7.493,0.0,31.002,68,3400,3292,108,0,0.0
500,25,30,3600,105.984,123,509.901,1409.0,7.51,0.0,31.101,64,3400,3294,106,0,0.0
500,25,35,3600,103.241,123,455.07,1066.0,7.726,0.0,28.748,55,3400,3303,97,0,0.0
500,25,40,3600,100.948,119,411.598,897.0,7.904,0.0,26.721,48,3400,3307,93,0,0.0
500,25,45,3600,98.047,117,358.419,1007.0,8.141,0.0,24.139,46,3400,3312,88,0,0.0
500,25,50,3600,96.086,114,324.372,977.0,8.31,0.0,22.309,44,3400,3315,85,0,0.0
500,25,55,3600,94.25,111,297.758,927.0,8.475,0.0,20.665,43,3400,3317,83,0,0.0
500,25,60,3600,92.526,110,276.051,897.0,8.634,0.0,19.19,41,3400,3321,79,0,0.0
500,25,65,3600,91.569,108,265.87,880.0,8.724,0.0,18.265,41,3400,3321,79,0,0.0
500,25,70,3600,91.246,107,264.129,826.0,8.757,0.0,18.022,52,3400,3315,85,0,0.0
500,25,75,3600,91.462,107,257.769,815.0,8.73,0.0,18.008,48,3400,3317,83,0,0.0
500,25,80,3600,92.319,107,250.433,777.0,8.642,0.0,18.384,52,3400,3317,83,0,0.0
500,25,85,3600,93.524,110,255.483,953.0,8.523,0.0,19.319,58,3400,3318,82,0,0.0
500,25,90,3600,94.629,112,265.116,1130.0,8.414,0.0,20.311,67,3400,3314,86,0,0.0
500,30,0,3600,93.501,110,230.509,942.0,8.528,0.0,18.345,62,3400,3316,84,0,0.0
500,30,5,3600,94.797,110,248.034,880.0,8.406,0.0,19.615,61,3400,3313,87,0,0.0
500,30,10,3600,96.172,110,273.694,832.0,8.282,0.0,20.919,60,3400,3308,92,0,0.0
500,30,15,3600,97.765,112,308.794,848.0,8.145,0.0,22.435,61,3400,3305,95,0,0.0
500,30,20,3600,101.059,114,377.505,1119.0,7.875,0.0,25.473,59,3400,3298,102,0,0.0
500,30,25,3600,104.935,121,460.433,1364.0,7.58,0.0,29.028,62,3400,3295,105,0,0.0
500,30,30,3600,106.755,124,499.968,1575.0,7.451,0.0,30.757,61,3400,3295,105,0,0.0
500,30,35,3600,106.198,124,490.293,1372.0,7.495,0.0,30.438,56,3400,3301,99,0,0.0
500,30,40,3600,103.549,120,438.327,1073.0,7.689,0.0,28.199,52,3400,3306,94,0,0.0
500,30,45,3600,100.423,117,378.298,984.0,7.932,0.0,25.422,47,3400,3313,87,0,0.0
500,30,50,3600,97.538,115,323.221,898.0,8.163,0.0,22.827,44,3400,3315,85,0,0.0
500,30,55,3600,95.202,114,281.879,837.0,8.367,0.0,20.659,43,3400,3319,81,0,0.0
500,30,60,3600,93.332,111,252.817,824.0,8.544,0.0,18.966,42,3400,3322,78,0,0.0
500,30,65,3600,92.401,110,243.735,791.0,8.634,0.0,18.09,41,3400,3324,76,0,0.0
500,30,70,3600,91.636,108,240.787,757.0,8.712,0.0,17.459,43,3400,3318,82,0,0.0
500,30,75,3600,91.253,107,237.811,769.0,8.741,0.0,17.077,45,3400,3319,81,0,0.0
500,30,80,3600,91.179,106,224.05,738.0,8.743,0.0,16.651,46,3400,3320,80,0,0.0
500,30,85,3600,92.208,108,221.85,794.0,8.646,0.0,17.252,51,3400,3319,81,0,0.0
500,30,90,3600,93.501,110,230.509,942.0,8.528,0.0,18.345,62,3400,3316,84,0,0.0
500,35,0,3600,92.946,110,213.042,833.0,8.569,0.0,17.071,55,3400,3316,84,0,0.0
500,35,5,3600,94.262,110,225.916,771.0,8.458,0.0,18.312,54,3400,3314,86,0,0.0
500,35,10,3600,95.552,110,245.151,717.0,8.343,0.0,19.547,53,3400,3309,91,0,0.0
500,35,15,3600,96.676,110,267.614,672.0,8.247,0.0,20.682,49,3400,3304,96,0,0.0
500,35,20,3600,98.163,112,302.678,845.0,8.116,0.0,22.178,48,3400,3304,96,0,0.0
500,35,25,3600,101.37,115,367.391,1101.0,7.851,0.0,25.112,54,3400,3302,98,0,0.0
500,35,30,3600,105.392,121,449.419,1402.0,7.544,0.0,28.797,58,3400,3297,103,0,0.0
500,35,35,3600,107.104,126,484.279,1690.0,7.414,0.0,30.414,70,3400,3301,99,0,0.0
500,35,40,3600,106.918,122,479.891,1390.0,7.419,0.0,30.389,63,3400,3300,100,0,0.0
500,35,45,3600,103.836,120,418.515,1120.0,7.64,0.0,27.726,58,3400,3306,94,0,0.0
500,35,50,3600,100.898,118,360.206,874.0,7.861,0.0,25.083,53,3400,3313,87,0,0.0
500,35,55,3600,97.744,115,301.137,741.0,8.107,0.0,22.232,47,3400,3314,86,0,0.0
500,35,60,3600,95.051,114,253.252,732.0,8.344,0.0,19.803,42,3400,3319,81,0,0.0
500,35,65,3600,93.742,113,231.371,712.0,8.475,0.0,18.446,42,3400,3323,77,0,0.0
500,35,70,3600,92.844,110,224.662,670.0,8.568,0.0,17.657,42,3400,3319,81,0,0.0
500,35,75,3600,91.816,109,217.781,673.0,8.667,0.0,16.856,45,3400,3319,81,0,0.0
500,35,80,3600,91.426,107,213.775,758.0,8.697,0.0,16.411,46,3400,3320,80,0,0.0
500,35,85,3600,91.934,107,211.525,719.0,8.654,0.0,16.416,45,3400,3320,80,0,0.0
500,35,90,3600,92.946,110,213.042,833.0,8.569,0.0,17.071,55,3400,3316,84,0,0.0
500,40,0,3600,91.983,109,197.614,777.0,8.632,0.0,16.265,47,3400,3317,83,0,0.0
500,40,5,3600,93.312,109,206.429,705.0,8.526,0.0,17.099,45,3400,3314,86,0,0.0
500,40,10,3600,94.512,109,219.568,611.0,8.431,0.0,18.307,43,3400,3309,91,0,0.0
500,40,15,3600,95.668,109,237.538,613.0,8.336,0.0,19.445,42,3400,3307,93,0,0.0
500,40,20,3600,96.85,108,263.445,713.0,8.231,0.0,20.77,46,3400,3305,95,0,0.0
500,40,25,3600,98.479,111,299.636,898.0,8.086,0.0,22.507,49,3400,3305,95,0,0.0
500,40,30,3600,101.878,117,365.632,1210.0,7.804,0.0,25.598,56,3400,3302,98,0,0.0
500,40,35,3600,105.744,123,442.87,1465.0,7.501,0.0,29.057,68,3400,3301,99,0,0.0
500,40,40,3600,107.66,123,476.032,1695.0,7.352,0.0,30.664,75,3400,3302,98,0,0.0
500,40,45,3600,107.018,122,462.087,1486.0,7.388,0.0,30.209,72,3400,3301,99,0,0.0
500,40,50,3600,104.41,122,407.499,1230.0,7.569,0.0,27.871,67,3400,3307,93,0,0.0
500,40,55,3600,101.21,122,346.317,959.0,7.801,0.0,25.027,61,3400,3312,88,0,0.0
500,40,60,3600,98.002,117,287.754,749.0,8.057,0.0,22.214,55,3400,3316,84,0,0.0
500,40,65,3600,95.601,116,240.876,660.0,8.268,0.0,19.808,48,3400,3319,81,0,0.0
500,40,70,3600,94.213,114,220.585,634.0,8.408,0.0,18.543,43,3400,3314,86,0,0.0
500,40,75,3600,93.12,112,211.137,619.0,8.514,0.0,17.673,43,3400,3315,85,0,0.0
500,40,80,3600,92.01,110,203.754,660.0,8.618,0.0,16.803,46,3400,3316,84,0,0.0
500,40,85,3600,91.798,110,202.606,830.0,8.633,0.0,16.476,50,3400,3318,82,0,0.0
500,40,90,3600,91.983,109,197.614,777.0,8.632,0.0,16.265,47,3400,3317,83,0,0.0
500,45,0,3600,91.808,111,194.986,897.0,8.621,0.0,16.409,51,3400,3318,82,0,0.0
500,45,5,3600,92.515,110,200.298,811.0,8.577,0.0,16.7,48,3400,3317,83,0,0.0
500,45,10,3600,93.678,109,208.935,755.0,8.493,0.0,17.486,46,3400,3310,90,0,0.0
500,45,15,3600,94.819,109,221.998,686.0,8.41,0.0,18.619,42,3400,3308,92,0,0.0
500,45,20,3600,95.786,109,238.366,640.0,8.328,0.0,19.719,39,3400,3306,94,0,0.0
500,45,25,3600,97.115,109,268.553,777.0,8.206,0.0,21.415,47,3400,3306,94,0,0.0
500,45,30,3600,98.854,113,304.85,930.0,8.051,0.0,23.254,51,3400,3306,94,0,0.0
500,45,35,3600,102.406,120,369.718,1243.0,7.752,0.0,26.257,66,3400,3304,96,0,0.0
500,45,40,3600,105.967,121,442.91,1582.0,7.466,0.0,29.474,75,3400,3302,98,0,0.0
500,45,45,3600,107.651,125,466.005,1856.0,7.336,0.0,30.6,75,3400,3301,99,0,0.0
500,45,50,3600,107.003,125,451.352,1565.0,7.37,0.0,30.095,71,3400,3304,96,0,0.0
500,45,55,3600,104.566,123,401.599,1320.0,7.533,0.0,27.924,68,3400,3307,93,0,0.0
500,45,60,3600,101.484,123,342.399,1099.0,7.758,0.0,25.202,64,3400,3312,88,0,0.0
500,45,65,3600,98.494,119,285.608,864.0,7.994,0.0,22.425,55,3400,3318,82,0,0.0
500,45,70,3600,95.876,117,237.334,690.0,8.229,0.0,20.022,50,3400,3314,86,0,0.0
500,45,75,3600,94.234,116,213.088,698.0,8.385,0.0,18.566,45,3400,3315,85,0,0.0
500,45,80,3600,93.114,114,202.927,662.0,8.493,0.0,17.619,45,3400,3314,86,0,0.0
500,45,85,3600,92.234,112,200.017,690.0,8.575,0.0,16.956,46,3400,3318,82,0,0.0
500,45,90,3600,91.808,111,194.986,897.0,8.621,0.0,16.409,51,3400,3318,82,0,0.0
500,50,0,3600,92.295,115,201.437,768.0,8.565,0.0,16.956,44,3400,3316,84,0,0.0
500,50,5,3600,92.273,112,203.72,700.0,8.576,0.0,16.839,44,3400,3317,83,0,0.0
500,50,10,3600,93.081,111,211.702,658.0,8.526,0.0,17.299,42,3400,3312,88,0,0.0
500,50,15,3600,93.923,112,216.479,590.0,8.478,0.0,17.844,40,3400,3307,93,0,0.0
500,50,20,3600,95.011,112,231.293,548.0,8.396,0.0,19.127,36,3400,3306,94,0,0.0
500,50,25,3600,96.331,112,253.521,568.0,8.28,0.0,20.668,44,3400,3306,94,0,0.0
500,50,30,3600,97.445,111,275.601,729.0,8.173,0.0,22.068,49,3400,3307,93,0,0.0
500,50,35,3600,99.648,114,317.648,921.0,7.979,0.0,24.147,58,3400,3304,96,0,0.0
500,50,40,3600,102.686,118,376.242,1274.0,7.721,0.0,26.797,71,3400,3302,98,0,0.0
500,50,45,3600,106.319,122,444.333,1730.0,7.44,0.0,29.707,75,3400,3300,100,0,0.0
500,50,50,3600,108.065,128,472.96,1728.0,7.301,0.0,30.966,75,3400,3301,99,0,0.0
500,50,55,3600,107.394,127,456.283,1508.0,7.33,0.0,30.311,73,3400,3302,98,0,0.0
500,50,60,3600,104.58,125,400.763,1314.0,7.522,0.0,27.88,69,3400,3308,92,0,0.0
500,50,65,3600,101.789,123,346.923,1002.0,7.724,0.0,25.343,64,3400,3316,84,0,0.0
500,50,70,3600,98.726,122,290.549,774.0,7.968,0.0,22.605,59,3400,3310,90,0,0.0
500,50,75,3600,96.018,119,240.067,708.0,8.209,0.0,20.071,53,3400,3310,90,0,0.0
500,50,80,3600,94.226,118,213.324,566.0,8.379,0.0,18.519,45,3400,3313,87,0,0.0
500,50,85,3600,93.211,116,203.635,657.0,8.476,0.0,17.579,39,3400,3314,86,0,0.0
500,50,90,3600,92.295,115,201.437,768.0,8.565,0.0,16.956,44,3400,3316,84,0,0.0
500,55,0,3600,93.531,117,219.868,665.0,8.45,0.0,17.938,38,3400,3311,89,0,0.0
500,55,5,3600,92.704,115,217.731,592.0,8.531,0.0,17.383,37,3400,3312,88,0,0.0
500,55,10,3600,92.807,114,224.834,593.0,8.53,0.0,17.55,38,3400,3311,89,0,0.0
500,55,15,3600,93.151,113,224.282,580.0,8.527,0.0,17.677,38,3400,3308,92,0,0.0
500,55,20,3600,93.939,113,231.923,596.0,8.478,0.0,18.418,37,3400,3306,94,0,0.0
500,55,25,3600,95.21,112,249.064,574.0,8.376,0.0,19.946,37,3400,3306,94,0,0.0
500,55,30,3600,96.652,113,268.319,610.0,8.25,0.0,21.466,45,3400,3307,93,0,0.0
500,55,35,3600,98.352,113,296.791,777.0,8.098,0.0,23.16,56,3400,3304,96,0,0.0
500,55,40,3600,100.468,114,336.736,1060.0,7.915,0.0,25.086,66,3400,3303,97,0,0.0
500,55,45,3600,103.452,119,395.608,1472.0,7.671,0.0,27.622,73,3400,3300,100,0,0.0
500,55,50,3600,106.768,124,460.343,1577.0,7.411,0.0,30.209,74,3400,3299,101,0,0.0
500,55,55,3600,108.056,128,483.005,1828.0,7.294,0.0,31.085,76,3400,3301,99,0,0.0
500,55,60,3600,107.481,128,467.775,1597.0,7.315,0.0,30.449,73,3400,3305,95,0,0.0
500,55,65,3600,104.986,128,418.136,1343.0,7.48,0.0,28.235,68,3400,3309,91,0,0.0
500,55,70,3600,102.137,124,364.011,1093.0,7.691,0.0,25.696,62,3400,3305,95,0,0.0
500,55,75,3600,98.884,123,303.136,852.0,7.952,0.0,22.776,56,3400,3305,95,0,0.0
500,55,80,3600,95.996,121,250.26,771.0,8.209,0.0,20.111,51,3400,3307,93,0,0.0
500,55,85,3600,94.57,118,229.244,648.0,8.345,0.0,18.826,45,3400,3308,92,0,0.0
500,55,90,3600,93.531,117,219.868,665.0,8.45,0.0,17.938,38,3400,3311,89,0,0.0
500,60,0,3600,94.659,117,253.534,644.0,8.343,0.0,19.532,49,3400,3307,93,0,0.0
500,60,5,3600,93.89,116,249.11,560.0,8.422,0.0,18.899,44,3400,3307,93,0,0.0
500,60,10,3600,93.33,114,250.102,575.0,8.475,0.0,18.517,39,3400,3307,93,0,0.0
500,60,15,3600,93.004,112,246.946,699.0,8.519,0.0,18.153,41,3400,3308,92,0,0.0
500,60,20,3600,93.318,110,246.04,646.0,8.514,0.0,18.37,39,3400,3306,94,0,0.0
500,60,25,3600,94.217,111,253.4,663.0,8.454,0.0,19.233,40,3400,3306,94,0,0.0
500,60,30,3600,95.917,112,272.134,647.0,8.315,0.0,20.909,40,3400,3307,93,0,0.0
500,60,35,3600,97.658,113,296.872,710.0,8.167,0.0,22.654,53,3400,3304,96,0,0.0
500,60,40,3600,99.436,114,325.315,889.0,8.014,0.0,24.297,65,3400,3302,98,0,0.0
500,60,45,3600,101.271,114,357.749,1158.0,7.863,0.0,25.881,66,3400,3300,100,0,0.0
500,60,50,3600,104.085,120,416.432,1287.0,7.632,0.0,28.324,69,3400,3299,101,0,0.0
500,60,55,3600,107.475,126,486.461,1681.0,7.358,0.0,31.139,77,3400,3299,101,0,0.0
500,60,60,3600,108.622,128,513.418,1938.0,7.252,0.0,32.046,80,3400,3303,97,0,0.0
500,60,65,3600,107.892,127,496.664,1749.0,7.273,0.0,31.318,76,3400,3305,95,0,0.0
500,60,70,3600,105.391,128,444.809,1470.0,7.441,0.0,29.043,72,3400,3302,98,0,0.0
500,60,75,3600,102.296,126,387.892,1251.0,7.669,0.0,26.388,68,3400,3303,97,0,0.0
500,60,80,3600,99.005,123,327.388,1038.0,7.933,0.0,23.469,63,3400,3305,95,0,0.0
500,60,85,3600,96.139,118,275.038,820.0,8.192,0.0,20.861,55,3400,3306,94,0,0.0
500,60,90,3600,94.659,117,253.534,644.0,8.343,0.0,19.532,49,3400,3307,93,0,0.0
500,65,0,3600,96.408,118,309.281,964.0,8.175,0.0,22.06,56,3400,3306,94,0,0.0
500,65,5,3600,95.112,115,290.731,788.0,8.309,0.0,20.899,51,3400,3307,93,0,0.0
500,65,10,3600,94.646,114,290.494,710.0,8.36,0.0,20.465,47,3400,3307,93,0,0.0
500,65,15,3600,93.672,111,283.708,689.0,8.452,0.0,19.707,41,3400,3307,93,0,0.0
500,65,20,3600,93.459,112,281.636,829.0,8.483,0.0,19.408,45,3400,3306,94,0,0.0
500,65,25,3600,94.113,113,281.777,786.0,8.448,0.0,19.608,42,3400,3306,94,0,0.0
500,65,30,3600,95.656,113,293.369,830.0,8.33,0.0,20.793,43,3400,3307,93,0,0.0
500,65,35,3600,97.479,114,314.701,866.0,8.186,0.0,22.551,47,3400,3303,97,0,0.0
500,65,40,3600,99.151,114,337.293,845.0,8.048,0.0,24.164,62,3400,3303,97,0,0.0
500,65,45,3600,100.605,117,360.904,992.0,7.931,0.0,25.608,64,3400,3300,100,0,0.0
500,65,50,3600,102.339,115,395.234,1072.0,7.791,0.0,27.222,67,3400,3299,101,0,0.0
500,65,55,3600,105.162,123,457.524,1491.0,7.556,0.0,29.837,75,3400,3299,101,0,0.0
500,65,60,3600,107.998,123,521.089,1799.0,7.322,0.0,32.341,78,3400,3301,99,0,0.0
500,65,65,3600,109.532,126,554.495,2071.0,7.176,0.0,33.574,84,3400,3304,96,0,0.0
500,65,70,3600,108.566,126,534.022,1875.0,7.217,0.0,32.71,79,3400,3298,102,0,0.0
500,65,75,3600,105.916,128,485.177,1630.0,7.395,0.0,30.489,77,3400,3299,101,0,0.0
500,65,80,3600,102.418,126,419.748,1419.0,7.652,0.0,27.474,68,3400,3301,99,0,0.0
500,65,85,3600,99.351,121,362.25,1143.0,7.902,0.0,24.705,64,3400,3303,97,0,0.0
500,65,90,3600,96.408,118,309.281,964.0,8.175,0.0,22.06,56,3400,3306,94,0,0.0
500,70,0,3600,100.437,124,399.014,1288.0,7.813,0.0,25.83,69,3400,3292,108,0,0.0
500,70,5,3600,97.972,120,356.583,1114.0,8.041,0.0,23.617,61,3400,3294,106,0,0.0
500,70,10,3600,96.866,119,339.687,972.0,8.156,0.0,22.6,58,3400,3296,104,0,0.0
500,70,15,3600,95.729,116,327.18,839.0,8.264,0.0,21.587,50,3400,3297,103,0,0.0
500,70,20,3600,94.768,114,322.124,812.0,8.351,0.0,20.852,44,3400,3301,99,0,0.0
500,70,25,3600,94.746,113,323.286,967.0,8.367,0.0,20.709,47,3400,3300,100,0,0.0
500,70,30,3600,95.473,113,325.818,949.0,8.332,0.0,21.051,45,3400,3301,99,0,0.0
500,70,35,3600,97.29,114,342.966,987.0,8.195,0.0,22.437,46,3400,3298,102,0,0.0
500,70,40,3600,99.008,114,361.228,1001.0,8.063,0.0,24.112,55,3400,3297,103,0,0.0
500,70,45,3600,100.608,116,382.354,994.0,7.941,0.0,25.672,60,3400,3294,106,0,0.0
500,70,50,3600,102.621,115,415.005,1040.0,7.781,0.0,27.452,63,3400,3293,107,0,0.0
500,70,55,3600,104.976,122,461.55,1178.0,7.586,0.0,29.687,73,3400,3293,107,0,0.0
500,70,60,3600,107.964,123,525.667,1542.0,7.343,0.0,32.39,78,3400,3295,105,0,0.0
500,70,65,3600,110.648,129,586.114,1965.0,7.126,0.0,34.728,83,3400,3295,105,0,0.0
500,70,70,3600,111.484,130,606.002,2252.0,7.037,0.0,35.387,85,3400,3291,109,0,0.0
500,70,75,3600,109.572,131,572.941,2004.0,7.146,0.0,33.848,83,3400,3288,112,0,0.0
500,70,80,3600,106.615,130,515.322,1778.0,7.337,0.0,31.306,77,3400,3289,111,0,0.0
500,70,85,3600,103.957,129,463.239,1560.0,7.527,0.0,28.901,76,3400,3290,110,0,0.0
500,70,90,3600,100.437,124,399.014,1288.0,7.813,0.0,25.83,69,3400,3292,108,0,0.0
500,75,0,3600,102.843,130,454.1,1603.0,7.6,0.0,28.12,72,3400,3288,112,0,0.0
500,75,5,3600,100.108,124,403.59,1386.0,7.828,0.0,25.708,64,3400,3289,111,0,0.0
500,75,10,3600,98.415,122,375.518,1182.0,7.993,0.0,24.176,60,3400,3290,110,0,0.0
500,75,15,3600,97.028,120,356.398,1012.0,8.128,0.0,22.956,51,3400,3292,108,0,0.0
500,75,20,3600,96.148,119,352.475,924.0,8.211,0.0,22.191,50,3400,3293,107,0,0.0
500,75,25,3600,94.246,116,327.608,945.0,8.4,0.0,20.591,46,3400,3294,106,0,0.0
500,75,30,3600,93.978,114,329.953,1056.0,8.439,0.0,20.488,45,3400,3296,104,0,0.0
500,75,35,3600,95.431,114,345.641,1053.0,8.337,0.0,21.359,45,3400,3297,103,0,0.0
500,75,40,3600,96.996,116,357.486,1097.0,8.219,0.0,22.523,45,3400,3296,104,0,0.0
500,75,45,3600,98.663,117,373.538,1160.0,8.094,0.0,23.979,53,3400,3292,108,0,0.0
500,75,50,3600,100.421,117,397.838,1120.0,7.957,0.0,25.641,58,3400,3292,108,0,0.0
500,75,55,3600,103.162,120,441.494,1255.0,7.728,0.0,28.053,67,3400,3292,108,0,0.0
500,75,60,3600,105.718,121,487.584,1337.0,7.513,0.0,30.384,76,3400,3294,106,0,0.0
500,75,65,3600,108.553,123,547.815,1631.0,7.282,0.0,32.98,82,3400,3295,105,0,0.0
500,75,70,3600,111.148,127,604.561,2052.0,7.075,0.0,35.21,85,3400,3286,114,0,0.0
500,75,75,3600,110.977,129,607.131,2326.0,7.064,0.0,35.058,84,3400,3281,119,0,0.0
500,75,80,3600,108.916,133,571.927,2059.0,7.179,0.0,33.352,81,3400,3281,119,0,0.0
500,75,85,3600,106.161,129,516.881,1769.0,7.355,0.0,30.995,75,3400,3283,117,0,0.0
500,75,90,3600,102.843,130,454.1,1603.0,7.6,0.0,28.12,72,3400,3288,112,0,0.0
500,80,0,3600,103.754,129,476.997,1817.0,7.512,0.0,29.119,72,3400,3284,116,0,0.0
500,80,5,3600,100.994,130,426.091,1616.0,7.725,0.0,26.806,68,3400,3286,114,0,0.0
500,80,10,3600,98.768,125,383.931,1340.0,7.916,0.0,24.851,63,3400,3289,111,0,0.0
500,80,15,3600,97.576,121,368.765,1141.0,8.038,0.0,23.805,56,3400,3290,110,0,0.0
500,80,20,3600,96.631,121,362.625,1042.0,8.131,0.0,22.978,52,3400,3290,110,0,0.0
500,80,25,3600,94.721,119,337.221,958.0,8.331,0.0,21.258,47,3400,3292,108,0,0.0
500,80,30,3600,93.114,115,319.049,934.0,8.508,0.0,19.895,43,3400,3297,103,0,0.0
500,80,35,3600,92.842,113,319.348,1136.0,8.554,0.0,19.721,44,3400,3299,101,0,0.0
500,80,40,3600,93.712,115,329.867,1073.0,8.493,0.0,20.432,43,3400,3302,98,0,0.0
500,80,45,3600,95.143,116,341.575,1123.0,8.384,0.0,21.499,45,3400,3299,101,0,0.0
500,80,50,3600,96.674,116,358.244,1141.0,8.264,0.0,22.824,48,3400,3297,103,0,0.0
500,80,55,3600,99.383,116,396.854,1199.0,8.034,0.0,25.045,57,3400,3297,103,0,0.0
500,80,60,3600,102.135,119,438.109,1283.0,7.794,0.0,27.416,68,3400,3298,102,0,0.0
500,80,65,3600,104.581,120,478.148,1369.0,7.578,0.0,29.637,74,3400,3299,101,0,0.0
500,80,70,3600,107.339,123,533.186,1631.0,7.352,0.0,32.104,81,3400,3291,109,0,0.0
500,80,75,3600,108.309,127,557.14,1961.0,7.257,0.0,32.983,80,3400,3287,113,0,0.0
500,80,80,3600,108.048,129,556.596,2246.0,7.246,0.0,32.688,81,3400,3282,118,0,0.0
500,80,85,3600,106.478,128,532.004,1979.0,7.326,0.0,31.467,78,3400,3284,116,0,0.0
500,80,90,3600,103.754,129,476.997,1817.0,7.512,0.0,29.119,72,3400,3284,116,0,0.0
500,85,0,3600,103.352,129,470.159,1928.0,7.534,0.0,28.805,78,3400,3285,115,0,0.0
500,85,5,3600,100.84,125,422.045,1636.0,7.711,0.0,26.796,72,3400,3282,118,0,0.0
500,85,10,3600,98.898,124,384.088,1392.0,7.871,0.0,25.133,67,3400,3282,118,0,0.0
500,85,15,3600,97.772,121,369.732,1211.0,7.974,0.0,24.236,60,3400,3286,114,0,0.0
500,85,20,3600,97.256,121,367.366,1140.0,8.032,0.0,23.617,57,3400,3288,112,0,0.0
500,85,25,3600,95.299,120,341.321,1040.0,8.236,0.0,21.918,51,3400,3291,109,0,0.0
500,85,30,3600,93.425,120,320.705,929.0,8.449,0.0,20.31,47,3400,3296,104,0,0.0
500,85,35,3600,91.417,116,295.181,924.0,8.674,0.0,18.66,40,3400,3299,101,0,0.0
500,85,40,3600,90.688,114,288.805,1051.0,8.762,0.0,18.215,41,3400,3302,98,0,0.0
500,85,45,3600,91.182,114,294.262,1115.0,8.73,0.0,18.745,42,3400,3304,96,0,0.0
500,85,50,3600,92.608,115,309.364,1147.0,8.612,0.0,19.832,43,3400,3303,97,0,0.0
500,85,55,3600,94.988,116,343.241,1250.0,8.405,0.0,21.773,46,3400,3303,97,0,0.0
500,85,60,3600,97.479,115,375.618,1258.0,8.18,0.0,23.699,56,3400,3304,96,0,0.0
500,85,65,3600,100.192,114,409.529,1367.0,7.932,0.0,25.808,65,3400,3304,96,0,0.0
500,85,70,3600,102.663,119,444.233,1419.0,7.71,0.0,27.937,72,3400,3297,103,0,0.0
500,85,75,3600,103.384,122,459.895,1546.0,7.623,0.0,28.811,74,3400,3295,105,0,0.0
500,85,80,3600,104.491,124,487.08,1875.0,7.509,0.0,29.838,77,3400,3292,108,0,0.0
500,85,85,3600,104.578,127,495.272,2081.0,7.466,0.0,29.923,79,3400,3287,113,0,0.0
500,85,90,3600,103.352,129,470.159,1928.0,7.534,0.0,28.805,78,3400,3285,115,0,0.0
500,90,0,3600,102.119,126,444.502,2103.0,7.642,0.0,27.777,79,3400,3290,110,0,0.0
500,90,5,3600,101.396,124,431.924,1868.0,7.677,0.0,27.266,73,3400,3285,115,0,0.0
500,90,10,3600,100.001,124,402.915,1640.0,7.779,0.0,26.187,71,3400,3282,118,0,0.0
500,90,15,3600,99.25,123,390.245,1425.0,7.846,0.0,25.533,67,3400,3284,116,0,0.0
500,90,20,3600,99.048,123,393.992,1376.0,7.875,0.0,25.262,67,3400,3286,114,0,0.0
500,90,25,3600,96.94,122,364.829,1245.0,8.074,0.0,23.448,61,3400,3288,112,0,0.0
500,90,30,3600,95.26,122,346.769,1080.0,8.265,0.0,21.992,57,3400,3294,106,0,0.0
500,90,35,3600,92.596,120,308.536,1019.0,8.548,0.0,19.708,48,3400,3298,102,0,0.0
500,90,40,3600,90.269,115,276.682,863.0,8.796,0.0,17.79,38,3400,3303,97,0,0.0
500,90,45,3600,88.82,111,256.709,1050.0,8.954,0.0,16.762,41,3400,3305,95,0,0.0
500,90,50,3600,89.069,111,264.234,1065.0,8.939,0.0,17.32,42,3400,3305,95,0,0.0
500,90,55,3600,91.218,110,296.361,1287.0,8.745,0.0,19.049,47,3400,3307,93,0,0.0
500,90,60,3600,93.504,113,327.295,1292.0,8.536,0.0,20.797,47,3400,3306,94,0,0.0
500,90,65,3600,96.354,111,359.535,1397.0,8.269,0.0,22.722,57,3400,3307,93,0,0.0
500,90,70,3600,98.389,114,377.485,1339.0,8.07,0.0,24.153,63,3400,3300,100,0,0.0
500,90,75,3600,98.931,116,372.859,1326.0,7.994,0.0,24.672,65,3400,3299,101,0,0.0
500,90,80,3600,99.893,118,390.58,1368.0,7.878,0.0,25.712,69,3400,3298,102,0,0.0
500,90,85,3600,101.387,124,424.045,1680.0,7.728,0.0,27.084,77,3400,3294,106,0,0.0
500,90,90,3600,102.119,126,444.502,2103.0,7.642,0.0,27.777,79,3400,3290,110,0,0.0
750,0,0,3600,104.337,125,300.667,1533.0,8.525,0.0,21.374,65,3400,3287,113,0,0.0
750,0,5,3600,104.832,126,305.785,1357.0,8.487,0.0,21.789,63,3400,3285,115,0,0.0
750,0,10,3600,105.547,130,321.445,1253.0,8.43,0.0,22.492,63,3400,3281,119,0,0.0
750,0,15,3600,105.471,130,335.374,1156.0,8.444,0.0,22.699,58,3400,3278,122,0,0.0
750,0,20,3600,104.621,131,335.824,1105.0,8.531,0.0,22.171,51,3400,3278,122,0,0.0
750,0,25,3600,103.738,131,334.092,1015.0,8.631,0.0,21.859,50,3400,3282,118,0,0.0
750,0,30,3600,103.697,131,348.12,1154.0,8.657,0.0,22.382,47,3400,3285,115,0,0.0
750,0,35,3600,105.242,130,382.335,1209.0,8.536,0.0,23.802,46,3400,3286,114,0,0.0
750,0,40,3600,106.483,129,415.668,1225.0,8.45,0.0,25.098,50,3400,3289,111,0,0.0
750,0,45,3600,107.183,127,429.664,1368.0,8.41,0.0,25.656,52,3400,3291,109,0,0.0
750,0,50,3600,106.923,125,426.146,1397.0,8.441,0.0,25.425,54,3400,3294,106,0,0.0
750,0,55,3600,105.437,122,393.973,1415.0,8.556,0.0,24.057,55,3400,3297,103,0,0.0
750,0,60,3600,103.704,125,360.32,1291.0,8.687,0.0,22.441,52,3400,3297,103,0,0.0
750,0,65,3600,103.121,120,348.5,1380.0,8.712,0.0,21.805,54,3400,3295,105,0,0.0
750,0,70,3600,103.956,124,354.874,1386.0,8.622,0.0,22.261,56,3400,3287,113,0,0.0
750,0,75,3600,104.578,126,360.076,1398.0,8.549,0.0,22.814,58,3400,3286,114,0,0.0
750,0,80,3600,104.041,125,329.266,1264.0,8.573,0.0,21.991,58,3400,3287,113,0,0.0
750,0,85,3600,104.303,128,314.599,1354.0,8.532,0.0,21.73,63,3400,3287,113,0,0.0
750,0,90,3600,104.337,125,300.667,1533.0,8.525,0.0,21.374,65,3400,3287,113,0,0.0
750,5,0,3600,105.095,125,328.151,1435.0,8.495,0.0,22.176,64,3400,3291,109,0,0.0
750,5,5,3600,105.39,123,320.041,1275.0,8.467,0.0,22.197,63,3400,3289,111,0,0.0
750,5,10,3600,106.167,125,329.831,1177.0,8.407,0.0,22.928,62,3400,3285,115,0,0.0
750,5,15,3600,105.951,127,329.832,1054.0,8.432,0.0,22.931,56,3400,3282,118,0,0.0
750,5,20,3600,106.263,131,347.169,1093.0,8.416,0.0,23.3,50,3400,3283,117,0,0.0
750,5,25,3600,105.206,130,343.367,926.0,8.516,0.0,22.653,46,3400,3286,114,0,0.0
750,5,30,3600,104.086,130,338.367,1034.0,8.619,0.0,22.172,46,3400,3287,113,0,0.0
750,5,35,3600,104.848,128,366.072,969.0,8.573,0.0,23.277,47,3400,3291,109,0,0.0
750,5,40,3600,106.266,129,404.949,1074.0,8.466,0.0,24.764,48,3400,3293,107,0,0.0
750,5,45,3600,106.926,126,420.922,1237.0,8.431,0.0,25.37,49,3400,3294,106,0,0.0
750,5,50,3600,107.039,124,422.473,1171.0,8.431,0.0,25.389,48,3400,3295,105,0,0.0
750,5,55,3600,105.162,122,384.518,1149.0,8.584,0.0,23.752,49,3400,3300,100,0,0.0
750,5,60,3600,103.206,122,345.804,1059.0,8.743,0.0,22.008,47,3400,3304,96,0,0.0
750,5,65,3600,102.393,119,332.384,1095.0,8.798,0.0,21.202,49,3400,3305,95,0,0.0
750,5,70,3600,103.236,120,349.5,1243.0,8.706,0.0,21.807,52,3400,3293,107,0,0.0
750,5,75,3600,104.286,123,366.937,1231.0,8.604,0.0,22.68,54,3400,3293,107,0,0.0
750,5,80,3600,104.979,125,370.668,1282.0,8.53,0.0,23.136,57,3400,3291,109,0,0.0
750,5,85,3600,105.062,125,350.044,1216.0,8.504,0.0,22.775,60,3400,3293,107,0,0.0
750,5,90,3600,105.095,125,328.151,1435.0,8.495,0.0,22.176,64,3400,3291,109,0,0.0
750,10,0,3600,107.131,127,378.608,1444.0,8.364,0.0,24.12,63,3400,3293,107,0,0.0
750,10,5,3600,107.446,125,365.301,1275.0,8.333,0.0,24.069,63,3400,3290,110,0,0.0
750,10,10,3600,107.812,124,359.215,1184.0,8.301,0.0,24.298,61,3400,3288,112,0,0.0
750,10,15,3600,107.925,124,357.424,1139.0,8.301,0.0,24.472,58,3400,3284,116,0,0.0
750,10,20,3600,108.217,127,366.371,1031.0,8.286,0.0,24.739,54,3400,3284,116,0,0.0
750,10,25,3600,108.358,129,385.042,996.0,8.281,0.0,25.096,49,3400,3285,115,0,0.0
750,10,30,3600,107.114,130,379.01,935.0,8.39,0.0,24.296,46,3400,3289,111,0,0.0
750,10,35,3600,106.801,129,392.095,1021.0,8.42,0.0,24.512,48,3400,3290,110,0,0.0
750,10,40,3600,106.83,127,408.137,1141.0,8.426,0.0,25.012,50,3400,3293,107,0,0.0
750,10,45,3600,107.206,126,418.343,1157.0,8.409,0.0,25.372,47,3400,3295,105,0,0.0
750,10,50,3600,107.221,125,425.214,1135.0,8.42,0.0,25.499,47,3400,3298,102,0,0.0
750,10,55,3600,105.444,122,388.063,1038.0,8.563,0.0,23.927,47,3400,3300,100,0,0.0
750,10,60,3600,103.514,120,348.122,1002.0,8.722,0.0,22.173,45,3400,3304,96,0,0.0
750,10,65,3600,102.357,121,328.611,1120.0,8.815,0.0,21.128,49,3400,3309,91,0,0.0
750,10,70,3600,103.231,125,349.028,1452.0,8.733,0.0,21.777,56,3400,3303,97,0,0.0
750,10,75,3600,104.828,127,379.493,1266.0,8.586,0.0,23.073,52,3400,3297,103,0,0.0
750,10,80,3600,105.631,124,388.592,1218.0,8.503,0.0,23.691,54,3400,3295,105,0,0.0
750,10,85,3600,107.265,127,406.097,1256.0,8.363,0.0,24.779,61,3400,3296,104,0,0.0
750,10,90,3600,107.131,127,378.608,1444.0,8.364,0.0,24.12,63,3400,3293,107,0,0.0
750,15,0,3600,108.73,127,420.956,1456.0,8.271,0.0,25.64,65,3400,3296,104,0,0.0
750,15,5,3600,108.922,125,400.559,1394.0,8.247,0.0,25.413,65,3400,3292,108,0,0.0
750,15,10,3600,109.57,125,391.168,1250.0,8.192,0.0,25.691,62,3400,3290,110,0,0.0
750,15,15,3600,109.468,123,379.194,1137.0,8.205,0.0,25.654,59,3400,3286,114,0,0.0
750,15,20,3600,109.92,125,383.049,1125.0,8.179,0.0,25.951,54,3400,3286,114,0,0.0
750,15,25,3600,110.086,128,397.019,1045.0,8.175,0.0,26.328,51,3400,3287,113,0,0.0
750,15,30,3600,110.288,129,414.892,1004.0,8.167,0.0,26.589,47,3400,3289,111,0,0.0
750,15,35,3600,109.598,131,421.619,1019.0,8.222,0.0,26.284,49,3400,3291,109,0,0.0
750,15,40,3600,108.931,129,432.865,1149.0,8.274,0.0,26.247,50,3400,3294,106,0,0.0
750,15,45,3600,107.304,125,411.436,1165.0,8.405,0.0,25.194,46,3400,3296,104,0,0.0
750,15,50,3600,107.165,127,418.779,1085.0,8.424,0.0,25.311,46,3400,3300,100,0,0.0
750,15,55,3600,105.726,122,388.153,1052.0,8.543,0.0,23.979,47,3400,3302,98,0,0.0
750,15,60,3600,103.668,121,351.427,1014.0,8.714,0.0,22.3,47,3400,3307,93,0,0.0
750,15,65,3600,102.65,121,327.881,997.0,8.796,0.0,21.18,46,3400,3310,90,0,0.0
750,15,70,3600,102.218,122,323.839,1091.0,8.832,0.0,20.848,50,3400,3305,95,0,0.0
750,15,75,3600,103.935,126,358.82,1114.0,8.678,0.0,22.269,52,3400,3303,97,0,0.0
750,15,80,3600,105.71,126,391.558,1251.0,8.524,0.0,23.686,55,3400,3297,103,0,0.0
750,15,85,3600,107.508,129,417.94,1282.0,8.372,0.0,25.04,61,3400,3297,103,0,0.0
750,15,90,3600,108.73,127,420.956,1456.0,8.271,0.0,25.64,65,3400,3296,104,0,0.0
750,20,0,3600,107.669,126,402.392,1310.0,8.375,0.0,24.76,63,3400,3300,100,0,0.0
750,20,5,3600,109.453,126,415.563,1307.0,8.233,0.0,25.872,63,3400,3295,105,0,0.0
750,20,10,3600,110.084,125,402.678,1209.0,8.18,0.0,26.061,61,3400,3291,109,0,0.0
750,20,15,3600,110.218,122,386.322,1096.0,8.171,0.0,26.05,56,3400,3290,110,0,0.0
750,20,20,3600,110.258,122,375.168,1021.0,8.169,0.0,26.04,54,3400,3289,111,0,0.0
750,20,25,3600,110.598,125,382.721,972.0,8.152,0.0,26.416,52,3400,3290,110,0,0.0
750,20,30,3600,110.669,127,395.402,959.0,8.154,0.0,26.699,49,3400,3291,109,0,0.0
750,20,35,3600,111.221,129,424.987,997.0,8.115,0.0,27.312,49,3400,3294,106,0,0.0
750,20,40,3600,110.502,128,433.959,1072.0,8.166,0.0,27.008,51,3400,3296,104,0,0.0
750,20,45,3600,109.092,127,431.374,1208.0,8.274,0.0,26.302,48,3400,3298,102,0,0.0
750,20,50,3600,107.217,126,413.526,1033.0,8.42,0.0,25.181,46,3400,3302,98,0,0.0
750,20,55,3600,105.507,126,377.105,995.0,8.557,0.0,23.646,45,3400,3304,96,0,0.0
750,20,60,3600,103.831,123,347.42,918.0,8.698,0.0,22.27,46,3400,3308,92,0,0.0
750,20,65,3600,102.756,121,325.899,1038.0,8.788,0.0,21.215,47,3400,3313,87,0,0.0
750,20,70,3600,101.937,120,310.371,865.0,8.859,0.0,20.401,47,3400,3308,92,0,0.0
750,20,75,3600,101.904,120,310.439,963.0,8.859,0.0,20.305,48,3400,3305,95,0,0.0
750,20,80,3600,103.25,123,338.902,994.0,8.74,0.0,21.536,51,3400,3305,95,0,0.0
750,20,85,3600,105.276,125,370.126,1085.0,8.572,0.0,23.042,56,3400,3306,94,0,0.0
750,20,90,3600,107.669,126,402.392,1310.0,8.375,0.0,24.76,63,3400,3300,100,0,0.0
750,25,0,3600,104.522,124,339.934,1139.0,8.647,0.0,22.048,60,3400,3305,95,0,0.0
750,25,5,3600,106.954,124,365.626,1097.0,8.441,0.0,23.707,60,3400,3298,102,0,0.0
750,25,10,3600,109.211,123,388.63,1083.0,8.26,0.0,25.45,59,3400,3290,110,0,0.0
750,25,15,3600,109.309,123,364.363,980.0,8.249,0.0,25.346,54,3400,3290,110,0,0.0
750,25,20,3600,109.427,121,349.074,920.0,8.238,0.0,25.326,51,3400,3288,112,0,0.0
750,25,25,3600,109.673,124,346.926,939.0,8.22,0.0,25.54,55,3400,3289,111,0,0.0
750,25,30,3600,109.897,126,355.869,862.0,8.211,0.0,25.809,54,3400,3290,110,0,0.0
750,25,35,3600,110.367,127,381.822,923.0,8.177,0.0,26.445,51,3400,3294,106,0,0.0
750,25,40,3600,110.101,127,397.363,1049.0,8.196,0.0,26.37,50,3400,3296,104,0,0.0
750,25,45,3600,108.793,126,394.835,1177.0,8.298,0.0,25.47,47,3400,3298,102,0,0.0
750,25,50,3600,107.153,124,386.509,1005.0,8.429,0.0,24.497,45,3400,3301,99,0,0.0
750,25,55,3600,104.508,125,352.061,1022.0,8.641,0.0,22.674,43,3400,3306,94,0,0.0
750,25,60,3600,102.622,122,319.074,970.0,8.801,0.0,21.124,47,3400,3309,91,0,0.0
750,25,65,3600,101.709,122,298.784,987.0,8.881,0.0,20.135,45,3400,3314,86,0,0.0
750,25,70,3600,100.338,119,276.901,932.0,9.003,0.0,18.971,50,3400,3307,93,0,0.0
750,25,75,3600,99.631,119,265.544,806.0,9.066,0.0,18.362,45,3400,3306,94,0,0.0
750,25,80,3600,99.655,119,263.483,779.0,9.064,0.0,18.241,48,3400,3306,94,0,0.0
750,25,85,3600,101.827,123,301.703,877.0,8.874,0.0,20.02,49,3400,3307,93,0,0.0
750,25,90,3600,104.522,124,339.934,1139.0,8.647,0.0,22.048,60,3400,3305,95,0,0.0
750,30,0,3600,101.631,121,279.749,912.0,8.893,0.0,19.039,51,3400,3305,95,0,0.0
750,30,5,3600,104.368,124,315.673,901.0,8.661,0.0,21.021,52,3400,3303,97,0,0.0
750,30,10,3600,107.066,123,342.186,907.0,8.439,0.0,22.833,52,3400,3298,102,0,0.0
750,30,15,3600,109.284,121,358.389,908.0,8.261,0.0,24.557,52,3400,3292,108,0,0.0
750,30,20,3600,109.397,120,329.755,820.0,8.246,0.0,24.346,49,3400,3291,109,0,0.0
750,30,25,3600,109.73,123,320.601,823.0,8.217,0.0,24.591,54,3400,3291,109,0,0.0
750,30,30,3600,109.878,125,319.675,919.0,8.204,0.0,24.822,59,3400,3292,108,0,0.0
750,30,35,3600,110.275,127,336.774,853.0,8.174,0.0,25.414,57,3400,3296,104,0,0.0
750,30,40,3600,110.667,127,359.191,970.0,8.143,0.0,25.862,53,3400,3297,103,0,0.0
750,30,45,3600,110.657,127,384.738,1105.0,8.147,0.0,26.057,49,3400,3298,102,0,0.0
750,30,50,3600,109.101,125,376.606,988.0,8.266,0.0,24.863,45,3400,3301,99,0,0.0
750,30,55,3600,106.983,124,360.507,954.0,8.431,0.0,23.522,43,3400,3302,98,0,0.0
750,30,60,3600,104.571,123,332.559,946.0,8.628,0.0,21.888,42,3400,3307,93,0,0.0
750,30,65,3600,102.936,126,305.292,894.0,8.764,0.0,20.429,43,3400,3311,89,0,0.0
750,30,70,3600,101.017,123,273.509,854.0,8.936,0.0,18.823,47,3400,3307,93,0,0.0
750,30,75,3600,99.706,119,249.775,954.0,9.051,0.0,17.598,43,3400,3306,94,0,0.0
750,30,80,3600,98.855,118,232.83,732.0,9.131,0.0,16.712,42,3400,3306,94,0,0.0
750,30,85,3600,99.36,118,243.887,763.0,9.087,0.0,17.152,44,3400,3307,93,0,0.0
750,30,90,3600,101.631,121,279.749,912.0,8.893,0.0,19.039,51,3400,3305,95,0,0.0
750,35,0,3600,99.787,119,233.996,776.0,9.04,0.0,16.777,44,3400,3303,97,0,0.0
750,35,5,3600,101.495,118,262.284,734.0,8.894,0.0,18.29,44,3400,3300,100,0,0.0
750,35,10,3600,104.877,121,305.338,767.0,8.614,0.0,20.784,47,3400,3299,101,0,0.0
750,35,15,3600,107.224,120,320.852,774.0,8.425,0.0,22.217,47,3400,3294,106,0,0.0
750,35,20,3600,109.586,120,333.112,733.0,8.234,0.0,23.888,48,3400,3291,109,0,0.0
750,35,25,3600,109.858,121,312.788,730.0,8.203,0.0,24.032,50,3400,3291,109,0,0.0
750,35,30,3600,109.973,124,299.051,830.0,8.187,0.0,24.124,57,3400,3292,108,0,0.0
750,35,35,3600,110.427,127,304.263,986.0,8.145,0.0,24.624,67,3400,3296,104,0,0.0
750,35,40,3600,110.715,127,318.005,896.0,8.117,0.0,25.059,64,3400,3297,103,0,0.0
750,35,45,3600,110.916,126,335.148,995.0,8.104,0.0,25.273,62,3400,3298,102,0,0.0
750,35,50,3600,111.115,126,363.339,979.0,8.097,0.0,25.57,59,3400,3299,101,0,0.0
750,35,55,3600,109.507,126,358.336,987.0,8.216,0.0,24.477,53,3400,3301,99,0,0.0
750,35,60,3600,107.729,128,349.244,1102.0,8.357,0.0,23.38,47,3400,3305,95,0,0.0
750,35,65,3600,105.512,127,324.242,1004.0,8.536,0.0,21.802,46,3400,3307,93,0,0.0
750,35,70,3600,103.608,128,295.253,949.0,8.702,0.0,20.139,49,3400,3304,96,0,0.0
750,35,75,3600,101.444,124,263.508,964.0,8.886,0.0,18.45,44,3400,3302,98,0,0.0
750,35,80,3600,99.718,119,233.001,987.0,9.041,0.0,16.879,44,3400,3300,100,0,0.0
750,35,85,3600,99.072,118,221.669,838.0,9.101,0.0,16.132,41,3400,3302,98,0,0.0
750,35,90,3600,99.787,119,233.996,776.0,9.04,0.0,16.777,44,3400,3303,97,0,0.0
750,40,0,3600,99.42,116,219.268,902.0,9.058,0.0,16.399,43,3400,3300,100,0,0.0
750,40,5,3600,100.078,118,231.641,691.0,9.003,0.0,17.084,41,3400,3300,100,0,0.0
750,40,10,3600,102.311,117,267.029,753.0,8.815,0.0,19.036,44,3400,3301,99,0,0.0
750,40,15,3600,105.052,119,293.38,815.0,8.595,0.0,20.802,47,3400,3297,103,0,0.0
750,40,20,3600,107.727,119,308.738,833.0,8.38,0.0,22.344,49,3400,3294,106,0,0.0
750,40,25,3600,110.029,121,321.61,769.0,8.192,0.0,23.962,48,3400,3292,108,0,0.0
750,40,30,3600,110.125,124,296.732,729.0,8.17,0.0,23.961,52,3400,3293,107,0,0.0
750,40,35,3600,110.493,126,290.521,872.0,8.126,0.0,24.342,63,3400,3296,104,0,0.0
750,40,40,3600,110.847,125,295.9,1067.0,8.084,0.0,24.866,76,3400,3297,103,0,0.0
750,40,45,3600,111.01,124,302.343,968.0,8.075,0.0,24.961,76,3400,3298,102,0,0.0
750,40,50,3600,111.262,125,321.224,893.0,8.061,0.0,25.223,71,3400,3299,101,0,0.0
750,40,55,3600,111.41,126,351.153,978.0,8.055,0.0,25.596,69,3400,3299,101,0,0.0
750,40,60,3600,109.82,129,346.187,1010.0,8.173,0.0,24.484,58,3400,3302,98,0,0.0
750,40,65,3600,108.162,131,338.215,1071.0,8.304,0.0,23.41,52,3400,3306,94,0,0.0
750,40,70,3600,105.977,127,316.553,1054.0,8.483,0.0,21.885,50,3400,3301,99,0,0.0
750,40,75,3600,104.006,126,292.189,993.0,8.647,0.0,20.342,45,3400,3298,102,0,0.0
750,40,80,3600,101.811,122,259.245,1030.0,8.838,0.0,18.571,46,3400,3298,102,0,0.0
750,40,85,3600,100.16,121,233.097,1220.0,8.987,0.0,17.061,52,3400,3304,96,0,0.0
750,40,90,3600,99.42,116,219.268,902.0,9.058,0.0,16.399,43,3400,3300,100,0,0.0
750,45,0,3600,100.557,122,239.36,1074.0,8.944,0.0,17.694,47,3400,3303,97,0,0.0
750,45,5,3600,99.844,117,227.289,817.0,9.015,0.0,17.17,44,3400,3302,98,0,0.0
750,45,10,3600,100.821,117,243.218,817.0,8.935,0.0,18.054,44,3400,3300,100,0,0.0
750,45,15,3600,102.135,117,259.723,843.0,8.825,0.0,19.182,45,3400,3297,103,0,0.0
750,45,20,3600,104.969,120,286.583,919.0,8.597,0.0,20.945,47,3400,3295,105,0,0.0
750,45,25,3600,108.074,121,309.2,940.0,8.344,0.0,22.753,47,3400,3293,107,0,0.0
750,45,30,3600,110.107,123,313.265,902.0,8.175,0.0,24.029,52,3400,3292,108,0,0.0
750,45,35,3600,110.544,125,297.691,813.0,8.121,0.0,24.351,59,3400,3296,104,0,0.0
750,45,40,3600,110.932,124,290.173,975.0,8.07,0.0,24.678,73,3400,3297,103,0,0.0
750,45,45,3600,110.914,126,283.989,1180.0,8.065,0.0,24.664,75,3400,3298,102,0,0.0
750,45,50,3600,111.211,125,296.382,1074.0,8.044,0.0,25.045,72,3400,3299,101,0,0.0
750,45,55,3600,111.264,126,312.349,963.0,8.043,0.0,25.171,69,3400,3299,101,0,0.0
750,45,60,3600,111.471,128,343.814,988.0,8.033,0.0,25.598,66,3400,3301,99,0,0.0
750,45,65,3600,110.335,130,343.256,1018.0,8.117,0.0,24.656,59,3400,3303,97,0,0.0
750,45,70,3600,108.482,129,336.049,1078.0,8.263,0.0,23.613,54,3400,3300,100,0,0.0
750,45,75,3600,106.162,130,314.918,1098.0,8.449,0.0,22.161,47,3400,3299,101,0,0.0
750,45,80,3600,104.142,129,290.489,1049.0,8.622,0.0,20.504,45,3400,3300,100,0,0.0
750,45,85,3600,102.349,128,266.347,1175.0,8.78,0.0,19.062,51,3400,3302,98,0,0.0
750,45,90,3600,100.557,122,239.36,1074.0,8.944,0.0,17.694,47,3400,3303,97,0,0.0
750,50,0,3600,102.216,126,270.714,1125.0,8.786,0.0,19.344,48,3400,3301,99,0,0.0
750,50,5,3600,100.834,125,248.01,972.0,8.918,0.0,18.242,44,3400,3302,98,0,0.0
750,50,10,3600,100.134,119,237.617,793.0,8.991,0.0,17.879,40,3400,3302,98,0,0.0
750,50,15,3600,100.858,118,245.411,726.0,8.935,0.0,18.474,44,3400,3300,100,0,0.0
750,50,20,3600,102.827,120,268.506,763.0,8.768,0.0,19.816,45,3400,3298,102,0,0.0
750,50,25,3600,105.613,123,296.319,832.0,8.542,0.0,21.521,48,3400,3295,105,0,0.0
750,50,30,3600,108.407,122,313.049,854.0,8.313,0.0,22.948,50,3400,3294,106,0,0.0
750,50,35,3600,110.356,124,319.722,826.0,8.142,0.0,24.236,55,3400,3296,104,0,0.0
750,50,40,3600,110.77,124,302.951,894.0,8.086,0.0,24.514,71,3400,3297,103,0,0.0
750,50,45,3600,110.776,125,286.799,1070.0,8.074,0.0,24.479,73,3400,3298,102,0,0.0
750,50,50,3600,111.061,129,286.892,1088.0,8.048,0.0,24.739,74,3400,3299,101,0,0.0
750,50,55,3600,111.252,127,297.326,988.0,8.032,0.0,25.011,72,3400,3299,101,0,0.0
750,50,60,3600,111.337,127,311.913,860.0,8.03,0.0,25.083,68,3400,3300,100,0,0.0
750,50,65,3600,111.997,130,351.261,1022.0,7.983,0.0,25.836,64,3400,3301,99,0,0.0
750,50,70,3600,110.515,130,348.708,1048.0,8.094,0.0,24.861,57,3400,3297,103,0,0.0
750,50,75,3600,108.738,131,341.233,1140.0,8.23,0.0,23.819,52,3400,3298,102,0,0.0
750,50,80,3600,106.026,134,314.959,1063.0,8.444,0.0,22.14,46,3400,3298,102,0,0.0
750,50,85,3600,104.042,130,294.581,1084.0,8.615,0.0,20.683,50,3400,3300,100,0,0.0
750,50,90,3600,102.216,126,270.714,1125.0,8.786,0.0,19.344,48,3400,3301,99,0,0.0
750,55,0,3600,104.233,129,310.212,1085.0,8.598,0.0,21.35,49,3400,3299,101,0,0.0
750,55,5,3600,102.667,130,290.446,982.0,8.746,0.0,20.293,44,3400,3300,100,0,0.0
750,55,10,3600,101.515,125,270.763,757.0,8.859,0.0,19.406,43,3400,3300,100,0,0.0
750,55,15,3600,100.729,120,253.223,710.0,8.94,0.0,18.728,42,3400,3297,103,0,0.0
750,55,20,3600,101.681,120,263.887,881.0,8.865,0.0,19.37,46,3400,3299,101,0,0.0
750,55,25,3600,103.406,121,286.648,914.0,8.721,0.0,20.561,47,3400,3296,104,0,0.0
750,55,30,3600,105.73,123,306.998,948.0,8.533,0.0,21.797,47,3400,3295,105,0,0.0
750,55,35,3600,108.56,124,329.468,971.0,8.293,0.0,23.371,51,3400,3296,104,0,0.0
750,55,40,3600,110.739,124,337.632,930.0,8.101,0.0,24.613,67,3400,3297,103,0,0.0
750,55,45,3600,110.748,125,311.015,957.0,8.083,0.0,24.507,69,3400,3298,102,0,0.0
750,55,50,3600,111.084,129,301.39,1018.0,8.046,0.0,24.773,72,3400,3299,101,0,0.0
750,55,55,3600,111.174,129,299.743,1211.0,8.031,0.0,24.889,74,3400,3299,101,0,0.0
750,55,60,3600,111.321,127,308.617,1091.0,8.021,0.0,25.16,72,3400,3300,100,0,0.0
750,55,65,3600,111.81,128,331.599,971.0,7.984,0.0,25.511,67,3400,3301,99,0,0.0
750,55,70,3600,112.199,133,367.373,1044.0,7.958,0.0,26.151,64,3400,3297,103,0,0.0
750,55,75,3600,110.614,132,361.845,1078.0,8.071,0.0,25.124,57,3400,3297,103,0,0.0
750,55,80,3600,108.588,133,352.691,1144.0,8.224,0.0,24.047,51,3400,3297,103,0,0.0
750,55,85,3600,106.258,132,331.934,1176.0,8.415,0.0,22.704,48,3400,3300,100,0,0.0
750,55,90,3600,104.233,129,310.212,1085.0,8.598,0.0,21.35,49,3400,3299,101,0,0.0
750,60,0,3600,106.679,133,356.642,1224.0,8.381,0.0,23.588,51,3400,3300,100,0,0.0
750,60,5,3600,105.017,132,341.291,994.0,8.535,0.0,22.592,46,3400,3299,101,0,0.0
750,60,10,3600,103.757,131,323.055,952.0,8.656,0.0,21.663,43,3400,3293,107,0,0.0
750,60,15,3600,102.342,126,295.448,819.0,8.795,0.0,20.417,46,3400,3294,106,0,0.0
750,60,20,3600,101.606,121,278.476,827.0,8.869,0.0,19.728,44,3400,3295,105,0,0.0
750,60,25,3600,102.54,119,289.051,1054.0,8.797,0.0,20.302,47,3400,3297,103,0,0.0
750,60,30,3600,104.016,120,311.07,979.0,8.673,0.0,21.439,48,3400,3295,105,0,0.0
750,60,35,3600,106.665,123,341.638,1090.0,8.453,0.0,23.042,53,3400,3296,104,0,0.0
750,60,40,3600,109.064,123,358.512,1083.0,8.246,0.0,24.298,58,3400,3297,103,0,0.0
750,60,45,3600,110.775,124,358.55,1028.0,8.094,0.0,25.192,65,3400,3298,102,0,0.0
750,60,50,3600,111.045,127,337.847,969.0,8.058,0.0,25.305,66,3400,3299,101,0,0.0
750,60,55,3600,111.229,128,325.433,1088.0,8.031,0.0,25.406,71,3400,3299,101,0,0.0
750,60,60,3600,111.459,127,324.478,1360.0,8.008,0.0,25.599,79,3400,3301,99,0,0.0
750,60,65,3600,111.871,128,337.925,1210.0,7.972,0.0,26.018,77,3400,3302,98,0,0.0
750,60,70,3600,112.278,133,362.324,1095.0,7.942,0.0,26.462,74,3400,3296,104,0,0.0
750,60,75,3600,112.472,133,390.361,1052.0,7.924,0.0,26.851,70,3400,3297,103,0,0.0
750,60,80,3600,110.718,134,384.372,1126.0,8.051,0.0,25.756,62,3400,3297,103,0,0.0
750,60,85,3600,109.024,134,378.212,1196.0,8.184,0.0,24.854,55,3400,3299,101,0,0.0
750,60,90,3600,106.679,133,356.642,1224.0,8.381,0.0,23.588,51,3400,3300,100,0,0.0
750,65,0,3600,109.549,135,414.788,1279.0,8.141,0.0,26.148,58,3400,3298,102,0,0.0
750,65,5,3600,107.752,132,397.763,1075.0,8.3,0.0,25.06,52,3400,3296,104,0,0.0
750,65,10,3600,106.518,131,382.21,906.0,8.414,0.0,24.168,47,3400,3295,105,0,0.0
750,65,15,3600,104.964,128,358.1,866.0,8.563,0.0,22.944,44,3400,3293,107,0,0.0
750,65,20,3600,103.521,125,330.243,939.0,8.7,0.0,21.682,47,3400,3296,104,0,0.0
750,65,25,3600,103.004,121,318.376,979.0,8.755,0.0,21.227,50,3400,3294,106,0,0.0
750,65,30,3600,103.744,119,329.496,1092.0,8.696,0.0,21.812,52,3400,3295,105,0,0.0
750,65,35,3600,105.195,122,353.23,1185.0,8.573,0.0,22.994,54,3400,3296,104,0,0.0
750,65,40,3600,107.156,122,375.734,1181.0,8.407,0.0,24.263,53,3400,3297,103,0,0.0
750,65,45,3600,109.292,123,387.586,1211.0,8.229,0.0,25.353,57,3400,3298,102,0,0.0
750,65,50,3600,111.084,127,391.998,1171.0,8.074,0.0,26.37,62,3400,3299,101,0,0.0
750,65,55,3600,111.323,127,370.918,1092.0,8.037,0.0,26.454,68,3400,3299,101,0,0.0
750,65,60,3600,111.494,128,358.787,1201.0,8.009,0.0,26.589,75,3400,3300,100,0,0.0
750,65,65,3600,111.934,127,362.486,1446.0,7.965,0.0,26.99,81,3400,3301,99,0,0.0
750,65,70,3600,112.559,130,378.241,1355.0,7.913,0.0,27.507,80,3400,3296,104,0,0.0
750,65,75,3600,112.742,132,398.671,1243.0,7.896,0.0,27.868,78,3400,3297,103,0,0.0
750,65,80,3600,112.619,133,422.213,1128.0,7.901,0.0,27.949,73,3400,3297,103,0,0.0
750,65,85,3600,111.198,135,418.676,1195.0,8.006,0.0,27.011,68,3400,3298,102,0,0.0
750,65,90,3600,109.549,135,414.788,1279.0,8.141,0.0,26.148,58,3400,3298,102,0,0.0
750,70,0,3600,112.431,138,460.521,1240.0,7.91,0.0,28.291,70,3400,3286,114,0,0.0
750,70,5,3600,111.024,137,459.668,1127.0,8.031,0.0,27.629,62,3400,3288,112,0,0.0
750,70,10,3600,109.57,134,448.9,965.0,8.161,0.0,26.837,56,3400,3286,114,0,0.0
750,70,15,3600,108.333,134,433.531,914.0,8.277,0.0,25.933,51,3400,3284,116,0,0.0
750,70,20,3600,106.281,132,401.073,929.0,8.462,0.0,24.318,47,3400,3286,114,0,0.0
750,70,25,3600,105.352,128,383.483,1214.0,8.554,0.0,23.509,52,3400,3286,114,0,0.0
750,70,30,3600,105.162,126,375.374,1190.0,8.58,0.0,23.262,55,3400,3287,113,0,0.0
750,70,35,3600,106.293,125,392.994,1304.0,8.487,0.0,24.162,57,3400,3290,110,0,0.0
750,70,40,3600,107.719,122,417.641,1355.0,8.366,0.0,25.384,58,3400,3291,109,0,0.0
750,70,45,3600,109.311,125,430.994,1333.0,8.24,0.0,26.27,58,3400,3292,108,0,0.0
750,70,50,3600,111.245,126,440.001,1359.0,8.084,0.0,27.167,58,3400,3288,112,0,0.0
750,70,55,3600,112.272,128,431.211,1325.0,7.988,0.0,27.609,62,3400,3290,110,0,0.0
750,70,60,3600,112.534,130,411.284,1222.0,7.948,0.0,27.738,72,3400,3291,109,0,0.0
750,70,65,3600,113.099,131,405.069,1343.0,7.886,0.0,28.106,79,3400,3292,108,0,0.0
750,70,70,3600,113.535,132,406.749,1634.0,7.841,0.0,28.434,86,3400,3288,112,0,0.0
750,70,75,3600,113.662,132,416.659,1461.0,7.823,0.0,28.683,82,3400,3288,112,0,0.0
750,70,80,3600,113.602,134,434.459,1387.0,7.82,0.0,28.889,81,3400,3289,111,0,0.0
750,70,85,3600,113.991,135,467.341,1290.0,7.791,0.0,29.421,78,3400,3287,113,0,0.0
750,70,90,3600,112.431,138,460.521,1240.0,7.91,0.0,28.291,70,3400,3286,114,0,0.0
750,75,0,3600,113.124,138,461.668,1336.0,7.847,0.0,28.747,72,3400,3281,119,0,0.0
750,75,5,3600,112.259,140,469.643,1197.0,7.92,0.0,28.275,66,3400,3282,118,0,0.0
750,75,10,3600,111.018,138,473.296,1122.0,8.031,0.0,27.834,58,3400,3284,116,0,0.0
750,75,15,3600,109.36,139,455.922,1083.0,8.183,0.0,26.809,55,3400,3282,118,0,0.0
750,75,20,3600,108.1,136,440.103,1101.0,8.299,0.0,25.858,49,3400,3281,119,0,0.0
750,75,25,3600,106.948,132,422.593,1098.0,8.412,0.0,24.963,49,3400,3283,117,0,0.0
750,75,30,3600,106.262,129,411.859,1334.0,8.482,0.0,24.473,51,3400,3283,117,0,0.0
750,75,35,3600,106.942,124,423.615,1353.0,8.431,0.0,25.064,54,3400,3288,112,0,0.0
750,75,40,3600,107.659,126,435.286,1467.0,8.373,0.0,25.642,57,3400,3290,110,0,0.0
750,75,45,3600,108.35,125,443.806,1475.0,8.313,0.0,26.166,56,3400,3291,109,0,0.0
750,75,50,3600,109.651,126,454.268,1435.0,8.211,0.0,26.815,57,3400,3289,111,0,0.0
750,75,55,3600,110.728,128,449.655,1457.0,8.117,0.0,27.067,56,3400,3284,116,0,0.0
750,75,60,3600,111.368,129,434.736,1416.0,8.051,0.0,27.107,64,3400,3284,116,0,0.0
750,75,65,3600,112.055,134,420.105,1290.0,7.973,0.0,27.4,71,3400,3285,115,0,0.0
750,75,70,3600,112.311,129,406.998,1379.0,7.933,0.0,27.497,79,3400,3279,121,0,0.0
750,75,75,3600,112.315,133,403.688,1628.0,7.915,0.0,27.632,78,3400,3280,120,0,0.0
750,75,80,3600,112.334,131,410.112,1554.0,7.903,0.0,27.787,76,3400,3281,119,0,0.0
750,75,85,3600,112.565,135,426.328,1426.0,7.881,0.0,28.07,76,3400,3282,118,0,0.0
750,75,90,3600,113.124,138,461.668,1336.0,7.847,0.0,28.747,72,3400,3281,119,0,0.0
750,80,0,3600,110.17,133,396.972,1361.0,8.057,0.0,26.279,70,3400,3279,121,0,0.0
750,80,5,3600,110.645,136,427.609,1305.0,8.025,0.0,26.963,66,3400,3276,124,0,0.0
750,80,10,3600,109.818,138,433.615,1279.0,8.1,0.0,26.518,62,3400,3278,122,0,0.0
750,80,15,3600,108.343,136,427.699,1160.0,8.24,0.0,25.787,54,3400,3277,123,0,0.0
750,80,20,3600,107.033,137,418.638,1117.0,8.367,0.0,25.109,51,3400,3281,119,0,0.0
750,80,25,3600,106.184,132,411.001,1022.0,8.451,0.0,24.588,49,3400,3281,119,0,0.0
750,80,30,3600,105.839,133,408.838,1150.0,8.498,0.0,24.414,49,3400,3282,118,0,0.0
750,80,35,3600,106.446,128,424.22,1404.0,8.46,0.0,25.053,54,3400,3286,114,0,0.0
750,80,40,3600,107.341,124,439.254,1428.0,8.392,0.0,25.761,53,3400,3290,110,0,0.0
750,80,45,3600,107.666,124,442.821,1404.0,8.371,0.0,25.984,55,3400,3291,109,0,0.0
750,80,50,3600,107.952,126,444.418,1441.0,8.348,0.0,26.066,56,3400,3295,105,0,0.0
750,80,55,3600,107.973,127,431.086,1471.0,8.333,0.0,25.682,57,3400,3288,112,0,0.0
750,80,60,3600,108.381,125,419.919,1422.0,8.293,0.0,25.525,56,3400,3288,112,0,0.0
750,80,65,3600,109.032,129,411.285,1385.0,8.215,0.0,25.729,62,3400,3286,114,0,0.0
750,80,70,3600,109.558,129,393.312,1302.0,8.15,0.0,25.737,70,3400,3280,120,0,0.0
750,80,75,3600,109.551,129,379.122,1403.0,8.127,0.0,25.654,72,3400,3282,118,0,0.0
750,80,80,3600,109.718,128,374.411,1608.0,8.096,0.0,25.734,73,3400,3281,119,0,0.0
750,80,85,3600,110.006,132,383.012,1480.0,8.065,0.0,26.067,72,3400,3281,119,0,0.0
750,80,90,3600,110.17,133,396.972,1361.0,8.057,0.0,26.279,70,3400,3279,121,0,0.0
750,85,0,3600,106.536,130,329.043,1395.0,8.333,0.0,23.187,69,3400,3281,119,0,0.0
750,85,5,3600,107.316,132,351.316,1311.0,8.273,0.0,23.982,66,3400,3279,121,0,0.0
750,85,10,3600,107.899,137,378.446,1248.0,8.236,0.0,24.691,60,3400,3278,122,0,0.0
750,85,15,3600,106.987,134,382.742,1170.0,8.327,0.0,24.242,54,3400,3279,121,0,0.0
750,85,20,3600,105.743,135,378.748,1117.0,8.452,0.0,23.633,49,3400,3282,118,0,0.0
750,85,25,3600,105.127,135,382.426,1087.0,8.526,0.0,23.618,49,3400,3283,117,0,0.0
750,85,30,3600,104.735,132,381.018,1132.0,8.575,0.0,23.461,47,3400,3285,115,0,0.0
750,85,35,3600,105.676,132,404.897,1242.0,8.508,0.0,24.426,51,3400,3287,113,0,0.0
750,85,40,3600,106.792,129,429.368,1395.0,8.43,0.0,25.423,52,3400,3292,108,0,0.0
750,85,45,3600,107.346,125,439.192,1423.0,8.398,0.0,25.874,52,3400,3293,107,0,0.0
750,85,50,3600,107.187,124,433.472,1390.0,8.416,0.0,25.621,54,3400,3295,105,0,0.0
750,85,55,3600,105.857,124,403.612,1437.0,8.509,0.0,24.315,52,3400,3296,104,0,0.0
750,85,60,3600,105.274,121,385.725,1375.0,8.543,0.0,23.554,53,3400,3292,108,0,0.0
750,85,65,3600,106.068,124,388.818,1378.0,8.459,0.0,23.857,58,3400,3290,110,0,0.0
750,85,70,3600,106.432,127,375.738,1374.0,8.404,0.0,23.819,63,3400,3285,115,0,0.0
750,85,75,3600,106.196,127,352.64,1238.0,8.399,0.0,23.445,64,3400,3285,115,0,0.0
750,85,80,3600,106.188,126,333.479,1327.0,8.376,0.0,23.028,66,3400,3285,115,0,0.0
750,85,85,3600,106.494,126,329.092,1528.0,8.333,0.0,23.128,69,3400,3284,116,0,0.0
750,85,90,3600,106.536,130,329.043,1395.0,8.333,0.0,23.187,69,3400,3281,119,0,0.0
750,90,0,3600,104.337,125,300.667,1533.0,8.525,0.0,21.374,65,3400,3287,113,0,0.0
750,90,5,3600,104.832,126,305.785,1357.0,8.487,0.0,21.789,63,3400,3285,115,0,0.0
750,90,10,3600,105.547,130,321.445,1253.0,8.43,0.0,22.492,63,3400,3281,119,0,0.0
750,90,15,3600,105.471,130,335.374,1156.0,8.444,0.0,22.699,58,3400,3278,122,0,0.0
750,90,20,3600,104.621,131,335.824,1105.0,8.531,0.0,22.171,51,3400,3278,122,0,0.0
750,90,25,3600,103.738,131,334.092,1015.0,8.631,0.0,21.859,50,3400,3282,118,0,0.0
750,90,30,3600,103.697,131,348.12,1154.0,8.657,0.0,22.382,47,3400,3285,115,0,0.0
750,90,35,3600,105.242,130,382.335,1209.0,8.536,0.0,23.802,46,3400,3286,114,0,0.0
750,90,40,3600,106.483,129,415.668,1225.0,8.45,0.0,25.098,50,3400,3289,111,0,0.0
750,90,45,3600,107.183,127,429.664,1368.0,8.41,0.0,25.656,52,3400,3291,109,0,0.0
750,90,50,3600,106.923,125,426.146,1397.0,8.441,0.0,25.425,54,3400,3294,106,0,0.0
750,90,55,3600,105.437,122,393.973,1415.0,8.556,0.0,24.057,55,3400,3297,103,0,0.0
750,90,60,3600,103.704,125,360.32,1291.0,8.687,0.0,22.441,52,3400,3297,103,0,0.0
750,90,65,3600,103.121,120,348.5,1380.0,8.712,0.0,21.805,54,3400,3295,105,0,0.0
750,90,70,3600,103.956,124,354.874,1386.0,8.622,0.0,22.261,56,3400,3287,113,0,0.0
750,90,75,3600,104.578,126,360.076,1398.0,8.549,0.0,22.814,58,3400,3286,114,0,0.0
750,90,80,3600,104.041,125,329.266,1264.0,8.573,0.0,21.991,58,3400,3287,113,0,0.0
750,90,85,3600,104.303,128,314.599,1354.0,8.532,0.0,21.73,63,3400,3287,113,0,0.0
750,90,90,3600,104.337,125,300.667,1533.0,8.525,0.0,21.374,65,3400,3287,113,0,0.0
1000,0,0,3600,106.922,132,256.17,1166.0,9.362,0.0,17.119,54,3400,3279,121,0,0.0
1000,0,5,3600,107.364,135,267.615,1170.0,9.33,0.0,17.688,49,3400,3281,119,0,0.0
1000,0,10,3600,108.589,134,288.652,1182.0,9.23,0.0,18.836,50,3400,3279,121,0,0.0
1000,0,15,3600,110.143,134,307.343,1160.0,9.105,0.0,20.059,51,3400,3276,124,0,0.0
1000,0,20,3600,112.995,136,346.039,1267.0,8.881,0.0,22.244,53,3400,3275,125,0,0.0
1000,0,25,3600,115.009,140,373.222,1461.0,8.732,0.0,24.011,57,3400,3275,125,0,0.0
1000,0,30,3600,116.676,140,397.335,1402.0,8.613,0.0,25.568,55,3400,3274,126,0,0.0
1000,0,35,3600,118.388,147,427.74,1444.0,8.49,0.0,27.114,54,3400,3275,125,0,0.0
1000,0,40,3600,117.533,145,413.453,1348.0,8.555,0.0,26.509,54,3400,3275,125,0,0.0
1000,0,45,3600,117.265,146,411.657,1530.0,8.586,0.0,26.34,56,3400,3274,126,0,0.0
1000,0,50,3600,117.174,141,416.177,1465.0,8.601,0.0,26.387,56,3400,3273,127,0,0.0
1000,0,55,3600,117.816,137,434.092,1441.0,8.565,0.0,26.976,55,3400,3276,124,0,0.0
1000,0,60,3600,116.414,134,407.928,1268.0,8.661,0.0,25.834,53,3400,3277,123,0,0.0
1000,0,65,3600,115.091,132,380.876,1167.0,8.743,0.0,24.483,52,3400,3279,121,0,0.0
1000,0,70,3600,113.988,134,363.089,1062.0,8.814,0.0,23.29,53,3400,3274,126,0,0.0
1000,0,75,3600,111.261,134,319.966,1019.0,9.008,0.0,20.998,50,3400,3274,126,0,0.0
1000,0,80,3600,108.952,134,282.964,1029.0,9.184,0.0,18.909,47,3400,3276,124,0,0.0
1000,0,85,3600,107.704,132,266.122,1029.0,9.282,0.0,17.777,49,3400,3278,122,0,0.0
1000,0,90,3600,106.922,132,256.17,1166.0,9.362,0.0,17.119,54,3400,3279,121,0,0.0
1000,5,0,3600,108.155,133,275.985,1215.0,9.266,0.0,18.111,50,3400,3283,117,0,0.0
1000,5,5,3600,107.496,131,267.686,1060.0,9.329,0.0,17.573,45,3400,3282,118,0,0.0
1000,5,10,3600,107.472,131,271.931,1037.0,9.336,0.0,17.779,45,3400,3281,119,0,0.0
1000,5,15,3600,108.249,129,280.286,1038.0,9.28,0.0,18.413,46,3400,3280,120,0,0.0
1000,5,20,3600,110.63,131,308.581,1157.0,9.088,0.0,20.137,48,3400,3282,118,0,0.0
1000,5,25,3600,112.588,133,330.51,1197.0,8.932,0.0,21.691,49,3400,3282,118,0,0.0
1000,5,30,3600,114.365,135,350.941,1131.0,8.795,0.0,23.262,49,3400,3283,117,0,0.0
1000,5,35,3600,115.662,136,367.999,1115.0,8.695,0.0,24.533,50,3400,3283,117,0,0.0
1000,5,40,3600,116.811,141,389.748,1076.0,8.607,0.0,25.659,53,3400,3283,117,0,0.0
1000,5,45,3600,116.283,139,384.419,1259.0,8.656,0.0,25.328,53,3400,3282,118,0,0.0
1000,5,50,3600,117.093,142,404.182,1378.0,8.61,0.0,26.052,53,3400,3279,121,0,0.0
1000,5,55,3600,118.411,139,438.706,1296.0,8.525,0.0,27.365,54,3400,3278,122,0,0.0
1000,5,60,3600,119.237,136,463.226,1292.0,8.472,0.0,28.221,53,3400,3279,121,0,0.0
1000,5,65,3600,118.229,136,438.435,1177.0,8.533,0.0,27.162,53,3400,3281,119,0,0.0
1000,5,70,3600,116.904,133,414.811,1199.0,8.616,0.0,25.91,57,3400,3276,124,0,0.0
1000,5,75,3600,114.619,133,378.6,1189.0,8.768,0.0,23.934,52,3400,3277,123,0,0.0
1000,5,80,3600,111.786,134,330.655,1124.0,8.971,0.0,21.442,50,3400,3279,121,0,0.0
1000,5,85,3600,109.796,133,301.421,1106.0,9.124,0.0,19.647,49,3400,3280,120,0,0.0
1000,5,90,3600,108.155,133,275.985,1215.0,9.266,0.0,18.111,50,3400,3283,117,0,0.0
1000,10,0,3600,111.038,135,322.528,1292.0,9.042,0.0,20.584,50,3400,3284,116,0,0.0
1000,10,5,3600,109.976,134,308.793,1250.0,9.128,0.0,19.645,47,3400,3283,117,0,0.0
1000,10,10,3600,109.603,131,307.049,1263.0,9.165,0.0,19.295,46,3400,3282,118,0,0.0
1000,10,15,3600,109.154,130,297.901,1110.0,9.211,0.0,18.962,45,3400,3281,119,0,0.0
1000,10,20,3600,109.839,129,300.183,1056.0,9.162,0.0,19.447,44,3400,3284,116,0,0.0
1000,10,25,3600,111.27,134,308.149,963.0,9.047,0.0,20.432,44,3400,3285,115,0,0.0
1000,10,30,3600,113.149,132,329.712,969.0,8.897,0.0,22.071,44,3400,3284,116,0,0.0
1000,10,35,3600,114.618,137,345.37,968.0,8.783,0.0,23.4,48,3400,3284,116,0,0.0
1000,10,40,3600,115.448,138,355.837,996.0,8.712,0.0,24.274,53,3400,3283,117,0,0.0
1000,10,45,3600,117.11,142,389.02,1468.0,8.598,0.0,25.733,57,3400,3285,115,0,0.0
1000,10,50,3600,117.734,141,411.548,1357.0,8.563,0.0,26.509,55,3400,3284,116,0,0.0
1000,10,55,3600,119.776,139,460.256,1266.0,8.429,0.0,28.409,56,3400,3281,119,0,0.0
1000,10,60,3600,120.861,138,489.549,1276.0,8.362,0.0,29.438,57,3400,3282,118,0,0.0
1000,10,65,3600,121.669,140,507.445,1281.0,8.303,0.0,30.094,59,3400,3282,118,0,0.0
1000,10,70,3600,120.363,137,482.009,1246.0,8.386,0.0,28.909,64,3400,3279,121,0,0.0
1000,10,75,3600,117.694,133,434.526,1228.0,8.558,0.0,26.648,56,3400,3279,121,0,0.0
1000,10,80,3600,115.244,133,389.589,1281.0,8.722,0.0,24.374,55,3400,3280,120,0,0.0
1000,10,85,3600,113.011,136,354.328,1361.0,8.886,0.0,22.443,56,3400,3283,117,0,0.0
1000,10,90,3600,111.038,135,322.528,1292.0,9.042,0.0,20.584,50,3400,3284,116,0,0.0
1000,15,0,3600,113.596,136,358.711,1431.0,8.852,0.0,22.729,55,3400,3282,118,0,0.0
1000,15,5,3600,112.096,133,335.606,1419.0,8.971,0.0,21.355,54,3400,3286,114,0,0.0
1000,15,10,3600,111.318,132,326.992,1133.0,9.036,0.0,20.628,45,3400,3283,117,0,0.0
1000,15,15,3600,110.562,130,317.476,1116.0,9.105,0.0,19.921,44,3400,3281,119,0,0.0
1000,15,20,3600,109.959,127,301.681,972.0,9.161,0.0,19.291,43,3400,3286,114,0,0.0
1000,15,25,3600,110.299,128,297.338,960.0,9.137,0.0,19.572,43,3400,3286,114,0,0.0
1000,15,30,3600,112.078,130,310.894,993.0,8.998,0.0,20.936,43,3400,3288,112,0,0.0
1000,15,35,3600,113.383,132,322.39,935.0,8.889,0.0,22.157,46,3400,3285,115,0,0.0
1000,15,40,3600,114.628,135,333.2,977.0,8.785,0.0,23.211,49,3400,3286,114,0,0.0
1000,15,45,3600,115.866,141,356.202,1342.0,8.696,0.0,24.468,53,3400,3286,114,0,0.0
1000,15,50,3600,118.095,137,403.689,1240.0,8.542,0.0,26.407,52,3400,3283,117,0,0.0
1000,15,55,3600,120.34,141,459.826,1366.0,8.392,0.0,28.589,57,3400,3281,119,0,0.0
1000,15,60,3600,121.976,141,502.176,1354.0,8.287,0.0,30.162,61,3400,3285,115,0,0.0
1000,15,65,3600,123.021,142,527.87,1280.0,8.216,0.0,31.083,62,3400,3284,116,0,0.0
1000,15,70,3600,123.009,140,531.65,1314.0,8.214,0.0,31.098,65,3400,3278,122,0,0.0
1000,15,75,3600,120.702,140,487.945,1351.0,8.358,0.0,29.146,60,3400,3279,121,0,0.0
1000,15,80,3600,118.086,137,440.488,1371.0,8.528,0.0,26.9,58,3400,3279,121,0,0.0
1000,15,85,3600,115.898,136,399.876,1418.0,8.678,0.0,24.904,57,3400,3283,117,0,0.0
1000,15,90,3600,113.596,136,358.711,1431.0,8.852,0.0,22.729,55,3400,3282,118,0,0.0
1000,20,0,3600,115.623,134,381.732,1532.0,8.711,0.0,24.404,59,3400,3285,115,0,0.0
1000,20,5,3600,113.879,134,352.119,1464.0,8.843,0.0,22.804,54,3400,3288,112,0,0.0
1000,20,10,3600,112.654,129,334.766,1240.0,8.941,0.0,21.681,49,3400,3284,116,0,0.0
1000,20,15,3600,111.549,127,320.243,1112.0,9.035,0.0,20.644,46,3400,3284,116,0,0.0
1000,20,20,3600,110.936,126,307.115,971.0,9.09,0.0,19.818,45,3400,3288,112,0,0.0
1000,20,25,3600,110.89,126,302.665,939.0,9.099,0.0,19.72,43,3400,3289,111,0,0.0
1000,20,30,3600,110.995,128,294.626,884.0,9.097,0.0,19.873,42,3400,3291,109,0,0.0
1000,20,35,3600,112.008,131,294.539,867.0,9.011,0.0,20.685,43,3400,3292,108,0,0.0
1000,20,40,3600,113.319,131,308.826,864.0,8.899,0.0,22.0,48,3400,3289,111,0,0.0
1000,20,45,3600,114.665,132,325.879,1107.0,8.794,0.0,23.113,50,3400,3290,110,0,0.0
1000,20,50,3600,115.907,132,350.154,956.0,8.705,0.0,24.289,49,3400,3287,113,0,0.0
1000,20,55,3600,118.086,138,400.651,1045.0,8.549,0.0,26.339,53,3400,3283,117,0,0.0
1000,20,60,3600,120.101,141,450.147,1073.0,8.414,0.0,28.224,57,3400,3283,117,0,0.0
1000,20,65,3600,121.882,140,491.2,1276.0,8.293,0.0,29.823,64,3400,3288,112,0,0.0
1000,20,70,3600,122.762,140,516.179,1290.0,8.235,0.0,30.712,66,3400,3282,118,0,0.0
1000,20,75,3600,122.5,141,516.292,1319.0,8.244,0.0,30.592,61,3400,3280,120,0,0.0
1000,20,80,3600,119.974,140,466.451,1411.0,8.407,0.0,28.414,63,3400,3282,118,0,0.0
1000,20,85,3600,117.819,139,422.822,1477.0,8.552,0.0,26.437,63,3400,3283,117,0,0.0
1000,20,90,3600,115.623,134,381.732,1532.0,8.711,0.0,24.404,59,3400,3285,115,0,0.0
1000,25,0,3600,115.231,138,359.261,1516.0,8.748,0.0,24.079,61,3400,3284,116,0,0.0
1000,25,5,3600,113.734,132,331.687,1265.0,8.86,0.0,22.681,52,3400,3285,115,0,0.0
1000,25,10,3600,112.275,130,305.889,1128.0,8.978,0.0,21.283,48,3400,3285,115,0,0.0
1000,25,15,3600,111.089,130,287.416,1016.0,9.078,0.0,20.096,46,3400,3284,116,0,0.0
1000,25,20,3600,110.217,124,272.368,894.0,9.152,0.0,19.097,43,3400,3289,111,0,0.0
1000,25,25,3600,109.992,125,266.858,848.0,9.175,0.0,18.698,47,3400,3289,111,0,0.0
1000,25,30,3600,110.019,126,263.58,804.0,9.177,0.0,18.765,45,3400,3291,109,0,0.0
1000,25,35,3600,110.628,128,266.159,775.0,9.126,0.0,19.376,43,3400,3292,108,0,0.0
1000,25,40,3600,111.588,128,272.154,798.0,9.042,0.0,20.299,46,3400,3292,108,0,0.0
1000,25,45,3600,112.665,128,286.492,942.0,8.955,0.0,21.335,47,3400,3293,107,0,0.0
1000,25,50,3600,113.951,133,310.824,874.0,8.854,0.0,22.541,48,3400,3290,110,0,0.0
1000,25,55,3600,115.671,139,348.33,970.0,8.728,0.0,24.073,49,3400,3289,111,0,0.0
1000,25,60,3600,116.592,136,374.978,993.0,8.664,0.0,25.027,53,3400,3289,111,0,0.0
1000,25,65,3600,118.642,139,421.19,1129.0,8.518,0.0,26.87,58,3400,3293,107,0,0.0
1000,25,70,3600,120.629,139,463.981,1368.0,8.38,0.0,28.627,68,3400,3284,116,0,0.0
1000,25,75,3600,120.169,140,461.096,1233.0,8.407,0.0,28.435,66,3400,3283,117,0,0.0
1000,25,80,3600,119.59,139,451.01,1278.0,8.438,0.0,28.034,63,3400,3280,120,0,0.0
1000,25,85,3600,117.586,138,406.349,1381.0,8.575,0.0,26.209,63,3400,3285,115,0,0.0
1000,25,90,3600,115.231,138,359.261,1516.0,8.748,0.0,24.079,61,3400,3284,116,0,0.0
1000,30,0,3600,117.111,137,371.336,1381.0,8.603,0.0,24.885,60,3400,3283,117,0,0.0
1000,30,5,3600,115.014,133,330.951,1226.0,8.755,0.0,23.078,53,3400,3283,117,0,0.0
1000,30,10,3600,113.225,129,296.711,1047.0,8.897,0.0,21.452,47,3400,3285,115,0,0.0
1000,30,15,3600,111.738,127,271.214,985.0,9.019,0.0,20.07,45,3400,3284,116,0,0.0
1000,30,20,3600,110.58,124,251.685,812.0,9.12,0.0,18.81,43,3400,3290,110,0,0.0
1000,30,25,3600,110.167,125,243.427,770.0,9.153,0.0,18.085,42,3400,3291,109,0,0.0
1000,30,30,3600,110.028,125,237.246,740.0,9.167,0.0,17.657,42,3400,3293,107,0,0.0
1000,30,35,3600,110.44,128,239.321,718.0,9.136,0.0,17.981,43,3400,3294,106,0,0.0
1000,30,40,3600,111.225,127,248.235,769.0,9.068,0.0,18.915,43,3400,3294,106,0,0.0
1000,30,45,3600,111.596,126,246.734,834.0,9.036,0.0,19.386,46,3400,3295,105,0,0.0
1000,30,50,3600,112.687,128,264.236,839.0,8.949,0.0,20.423,45,3400,3296,104,0,0.0
1000,30,55,3600,114.09,131,291.431,746.0,8.841,0.0,21.707,46,3400,3290,110,0,0.0
1000,30,60,3600,115.406,135,326.216,961.0,8.741,0.0,22.995,48,3400,3291,109,0,0.0
1000,30,65,3600,118.009,139,384.796,1092.0,8.553,0.0,25.246,55,3400,3295,105,0,0.0
1000,30,70,3600,119.477,143,418.35,1212.0,8.45,0.0,26.66,63,3400,3287,113,0,0.0
1000,30,75,3600,120.127,144,437.086,1372.0,8.399,0.0,27.401,61,3400,3284,116,0,0.0
1000,30,80,3600,119.642,137,431.201,1204.0,8.428,0.0,27.235,60,3400,3283,117,0,0.0
1000,30,85,3600,119.52,138,426.122,1398.0,8.434,0.0,27.166,64,3400,3285,115,0,0.0
1000,30,90,3600,117.111,137,371.336,1381.0,8.603,0.0,24.885,60,3400,3283,117,0,0.0
1000,35,0,3600,120.107,141,410.921,1408.0,8.381,0.0,26.942,63,3400,3282,118,0,0.0
1000,35,5,3600,117.852,137,362.278,1199.0,8.539,0.0,24.9,57,3400,3285,115,0,0.0
1000,35,10,3600,115.583,133,317.545,1028.0,8.704,0.0,22.926,51,3400,3284,116,0,0.0
1000,35,15,3600,113.319,130,271.912,920.0,8.882,0.0,20.77,47,3400,3283,117,0,0.0
1000,35,20,3600,112.016,129,246.606,808.0,8.991,0.0,19.403,44,3400,3289,111,0,0.0
1000,35,25,3600,110.986,126,231.559,691.0,9.077,0.0,18.344,41,3400,3291,109,0,0.0
1000,35,30,3600,110.524,127,224.304,665.0,9.113,0.0,17.677,43,3400,3293,107,0,0.0
1000,35,35,3600,110.493,127,221.136,717.0,9.112,0.0,17.388,44,3400,3294,106,0,0.0
1000,35,40,3600,111.025,127,224.923,681.0,9.069,0.0,17.684,43,3400,3295,105,0,0.0
1000,35,45,3600,111.229,126,225.332,793.0,9.054,0.0,18.154,44,3400,3295,105,0,0.0
1000,35,50,3600,111.848,127,229.881,723.0,9.006,0.0,18.77,42,3400,3298,102,0,0.0
1000,35,55,3600,113.041,129,250.607,637.0,8.912,0.0,19.912,42,3400,3297,103,0,0.0
1000,35,60,3600,114.252,132,275.844,782.0,8.816,0.0,21.003,46,3400,3295,105,0,0.0
1000,35,65,3600,116.118,137,321.561,956.0,8.673,0.0,22.76,52,3400,3296,104,0,0.0
1000,35,70,3600,118.869,141,384.272,1143.0,8.476,0.0,25.266,59,3400,3290,110,0,0.0
1000,35,75,3600,119.354,142,399.814,1217.0,8.44,0.0,25.977,60,3400,3288,112,0,0.0
1000,35,80,3600,120.479,143,422.06,1437.0,8.357,0.0,26.98,64,3400,3283,117,0,0.0
1000,35,85,3600,120.345,139,420.203,1294.0,8.363,0.0,27.101,61,3400,3283,117,0,0.0
1000,35,90,3600,120.107,141,410.921,1408.0,8.381,0.0,26.942,63,3400,3282,118,0,0.0
1000,40,0,3600,120.836,140,411.592,1380.0,8.32,0.0,27.3,64,3400,3285,115,0,0.0
1000,40,5,3600,120.75,139,405.052,1216.0,8.326,0.0,27.246,64,3400,3284,116,0,0.0
1000,40,10,3600,118.38,136,356.289,1011.0,8.492,0.0,25.215,60,3400,3283,117,0,0.0
1000,40,15,3600,115.771,132,302.114,819.0,8.684,0.0,22.822,53,3400,3284,116,0,0.0
1000,40,20,3600,113.584,129,254.604,760.0,8.854,0.0,20.601,50,3400,3287,113,0,0.0
1000,40,25,3600,112.208,129,230.995,665.0,8.966,0.0,19.316,46,3400,3290,110,0,0.0
1000,40,30,3600,111.286,127,218.137,638.0,9.041,0.0,18.372,43,3400,3293,107,0,0.0
1000,40,35,3600,110.976,126,214.541,626.0,9.059,0.0,17.868,41,3400,3296,104,0,0.0
1000,40,40,3600,111.04,126,212.814,824.0,9.046,0.0,17.594,50,3400,3297,103,0,0.0
1000,40,45,3600,111.082,125,209.635,727.0,9.049,0.0,17.544,45,3400,3298,102,0,0.0
1000,40,50,3600,111.543,125,214.143,709.0,9.018,0.0,18.096,44,3400,3299,101,0,0.0
1000,40,55,3600,112.276,128,223.471,653.0,8.959,0.0,18.821,43,3400,3299,101,0,0.0
1000,40,60,3600,113.439,132,245.922,688.0,8.866,0.0,20.003,46,3400,3298,102,0,0.0
1000,40,65,3600,114.92,136,280.012,847.0,8.746,0.0,21.439,49,3400,3297,103,0,0.0
1000,40,70,3600,116.856,139,325.702,1027.0,8.601,0.0,23.304,55,3400,3292,108,0,0.0
1000,40,75,3600,118.728,142,374.378,1194.0,8.462,0.0,25.22,56,3400,3292,108,0,0.0
1000,40,80,3600,119.754,145,390.983,1266.0,8.392,0.0,26.113,60,3400,3289,111,0,0.0
1000,40,85,3600,120.978,143,417.964,1507.0,8.305,0.0,27.314,68,3400,3285,115,0,0.0
1000,40,90,3600,120.836,140,411.592,1380.0,8.32,0.0,27.3,64,3400,3285,115,0,0.0
1000,45,0,3600,121.751,147,418.667,1556.0,8.25,0.0,27.854,71,3400,3288,112,0,0.0
1000,45,5,3600,121.583,142,416.088,1333.0,8.261,0.0,27.871,65,3400,3285,115,0,0.0
1000,45,10,3600,121.226,140,403.472,1202.0,8.288,0.0,27.535,65,3400,3281,119,0,0.0
1000,45,15,3600,118.463,138,346.968,981.0,8.485,0.0,25.172,59,3400,3282,118,0,0.0
1000,45,20,3600,115.969,136,294.221,924.0,8.665,0.0,22.834,59,3400,3285,115,0,0.0
1000,45,25,3600,113.794,130,249.23,780.0,8.831,0.0,20.723,49,3400,3287,113,0,0.0
1000,45,30,3600,112.301,131,225.01,694.0,8.952,0.0,19.417,47,3400,3291,109,0,0.0
1000,45,35,3600,111.514,127,214.595,674.0,9.012,0.0,18.574,45,3400,3296,104,0,0.0
1000,45,40,3600,111.26,127,210.125,701.0,9.018,0.0,18.013,45,3400,3297,103,0,0.0
1000,45,45,3600,111.002,128,203.739,852.0,9.039,0.0,17.501,51,3400,3298,102,0,0.0
1000,45,50,3600,111.298,128,205.018,806.0,9.021,0.0,17.655,48,3400,3299,101,0,0.0
1000,45,55,3600,111.527,127,208.219,728.0,9.006,0.0,18.108,46,3400,3299,101,0,0.0
1000,45,60,3600,112.157,130,221.001,677.0,8.953,0.0,18.956,44,3400,3300,100,0,0.0
1000,45,65,3600,113.569,132,247.572,693.0,8.835,0.0,20.241,48,3400,3300,100,0,0.0
1000,45,70,3600,115.006,135,280.953,849.0,8.72,0.0,21.756,51,3400,3291,109,0,0.0
1000,45,75,3600,116.795,141,323.159,1018.0,8.582,0.0,23.57,53,3400,3292,108,0,0.0
1000,45,80,3600,118.815,144,372.354,1249.0,8.434,0.0,25.595,56,3400,3289,111,0,0.0
1000,45,85,3600,119.855,145,390.074,1375.0,8.366,0.0,26.468,63,3400,3288,112,0,0.0
1000,45,90,3600,121.751,147,418.667,1556.0,8.25,0.0,27.854,71,3400,3288,112,0,0.0
1000,50,0,3600,120.249,147,397.024,1374.0,8.339,0.0,26.979,64,3400,3287,113,0,0.0
1000,50,5,3600,121.741,149,425.539,1276.0,8.245,0.0,28.211,62,3400,3284,116,0,0.0
1000,50,10,3600,121.351,142,416.614,1091.0,8.273,0.0,27.903,60,3400,3281,119,0,0.0
1000,50,15,3600,120.875,140,400.859,918.0,8.313,0.0,27.391,55,3400,3280,120,0,0.0
1000,50,20,3600,118.471,137,345.171,793.0,8.483,0.0,25.086,52,3400,3284,116,0,0.0
1000,50,25,3600,115.914,134,291.557,689.0,8.668,0.0,22.715,49,3400,3285,115,0,0.0
1000,50,30,3600,113.826,130,251.556,622.0,8.826,0.0,20.8,48,3400,3290,110,0,0.0
1000,50,35,3600,112.473,128,229.512,556.0,8.929,0.0,19.564,44,3400,3295,105,0,0.0
1000,50,40,3600,111.766,129,219.527,604.0,8.976,0.0,18.794,44,3400,3297,103,0,0.0
1000,50,45,3600,111.159,130,210.576,690.0,9.02,0.0,18.006,47,3400,3298,102,0,0.0
1000,50,50,3600,111.151,129,206.385,692.0,9.023,0.0,17.588,46,3400,3299,101,0,0.0
1000,50,55,3600,111.344,127,207.627,611.0,9.012,0.0,17.758,43,3400,3299,101,0,0.0
1000,50,60,3600,111.722,128,214.718,612.0,8.982,0.0,18.421,44,3400,3300,100,0,0.0
1000,50,65,3600,112.791,130,235.105,581.0,8.889,0.0,19.642,43,3400,3300,100,0,0.0
1000,50,70,3600,114.12,136,261.997,748.0,8.778,0.0,21.002,51,3400,3293,107,0,0.0
1000,50,75,3600,115.611,138,294.676,895.0,8.658,0.0,22.615,49,3400,3292,108,0,0.0
1000,50,80,3600,117.192,142,331.0,1066.0,8.537,0.0,24.237,52,3400,3289,111,0,0.0
1000,50,85,3600,119.31,147,379.807,1309.0,8.386,0.0,26.194,59,3400,3286,114,0,0.0
1000,50,90,3600,120.249,147,397.024,1374.0,8.339,0.0,26.979,64,3400,3287,113,0,0.0
1000,55,0,3600,119.992,148,397.372,1301.0,8.335,0.0,27.04,61,3400,3286,114,0,0.0
1000,55,5,3600,120.644,148,417.246,1162.0,8.305,0.0,27.743,58,3400,3283,117,0,0.0
1000,55,10,3600,122.049,149,441.332,1138.0,8.221,0.0,28.709,55,3400,3280,120,0,0.0
1000,55,15,3600,121.716,144,431.653,1047.0,8.255,0.0,28.293,54,3400,3280,120,0,0.0
1000,55,20,3600,120.954,142,410.381,1015.0,8.308,0.0,27.477,54,3400,3279,121,0,0.0
1000,55,25,3600,118.81,139,362.113,879.0,8.46,0.0,25.478,55,3400,3282,118,0,0.0
1000,55,30,3600,116.245,136,309.711,779.0,8.645,0.0,23.131,51,3400,3286,114,0,0.0
1000,55,35,3600,114.426,132,270.958,717.0,8.775,0.0,21.268,50,3400,3291,109,0,0.0
1000,55,40,3600,113.009,134,248.447,644.0,8.875,0.0,20.034,46,3400,3296,104,0,0.0
1000,55,45,3600,111.818,132,231.54,638.0,8.966,0.0,18.918,47,3400,3298,102,0,0.0
1000,55,50,3600,111.434,129,224.289,601.0,8.994,0.0,18.222,44,3400,3299,101,0,0.0
1000,55,55,3600,111.271,129,220.377,636.0,9.007,0.0,17.887,48,3400,3299,101,0,0.0
1000,55,60,3600,111.518,128,222.247,587.0,8.991,0.0,18.219,47,3400,3300,100,0,0.0
1000,55,65,3600,112.277,129,235.056,571.0,8.926,0.0,19.208,45,3400,3300,100,0,0.0
1000,55,70,3600,113.254,134,254.588,594.0,8.841,0.0,20.481,48,3400,3293,107,0,0.0
1000,55,75,3600,114.649,135,280.616,750.0,8.723,0.0,21.979,48,3400,3293,107,0,0.0
1000,55,80,3600,116.179,140,310.89,962.0,8.601,0.0,23.517,50,3400,3290,110,0,0.0
1000,55,85,3600,117.835,142,348.742,1140.0,8.48,0.0,25.141,54,3400,3290,110,0,0.0
1000,55,90,3600,119.992,148,397.372,1301.0,8.335,0.0,27.04,61,3400,3286,114,0,0.0
1000,60,0,3600,118.608,143,373.33,1177.0,8.421,0.0,26.111,57,3400,3284,116,0,0.0
1000,60,5,3600,120.732,147,429.498,1126.0,8.282,0.0,28.219,55,3400,3280,120,0,0.0
1000,60,10,3600,121.379,147,443.394,1090.0,8.257,0.0,28.706,53,3400,3279,121,0,0.0
1000,60,15,3600,122.541,148,466.471,1211.0,8.195,0.0,29.521,54,3400,3278,122,0,0.0
1000,60,20,3600,122.058,144,454.264,1190.0,8.235,0.0,29.006,54,3400,3279,121,0,0.0
1000,60,25,3600,121.588,142,441.631,1116.0,8.267,0.0,28.478,56,3400,3281,119,0,0.0
1000,60,30,3600,118.78,139,382.5,1017.0,8.464,0.0,25.984,54,3400,3284,116,0,0.0
1000,60,35,3600,116.651,135,339.272,931.0,8.608,0.0,24.038,54,3400,3289,111,0,0.0
1000,60,40,3600,114.638,132,299.936,822.0,8.743,0.0,22.165,52,3400,3293,107,0,0.0
1000,60,45,3600,113.072,132,271.459,719.0,8.862,0.0,20.669,48,3400,3297,103,0,0.0
1000,60,50,3600,112.143,132,257.958,640.0,8.933,0.0,19.688,48,3400,3299,101,0,0.0
1000,60,55,3600,111.675,132,250.015,667.0,8.968,0.0,18.991,47,3400,3299,101,0,0.0
1000,60,60,3600,111.599,133,246.342,778.0,8.977,0.0,18.682,52,3400,3300,100,0,0.0
1000,60,65,3600,112.154,131,250.706,707.0,8.929,0.0,19.061,48,3400,3300,100,0,0.0
1000,60,70,3600,112.879,133,264.241,682.0,8.868,0.0,20.261,46,3400,3294,106,0,0.0
1000,60,75,3600,113.997,134,280.805,697.0,8.771,0.0,21.539,47,3400,3293,107,0,0.0
1000,60,80,3600,115.358,136,304.2,819.0,8.659,0.0,22.972,48,3400,3291,109,0,0.0
1000,60,85,3600,116.962,139,338.818,998.0,8.534,0.0,24.642,53,3400,3293,107,0,0.0
1000,60,90,3600,118.608,143,373.33,1177.0,8.421,0.0,26.111,57,3400,3284,116,0,0.0
1000,65,0,3600,118.241,141,376.062,1065.0,8.439,0.0,26.015,54,3400,3283,117,0,0.0
1000,65,5,3600,119.916,143,416.199,1018.0,8.329,0.0,27.706,53,3400,3281,119,0,0.0
1000,65,10,3600,122.109,150,471.055,1116.0,8.186,0.0,29.786,54,3400,3276,124,0,0.0
1000,65,15,3600,122.422,148,481.886,1086.0,8.19,0.0,30.119,52,3400,3274,126,0,0.0
1000,65,20,3600,123.548,147,504.799,1347.0,8.13,0.0,30.979,59,3400,3277,123,0,0.0
1000,65,25,3600,122.62,142,490.594,1271.0,8.198,0.0,30.329,59,3400,3279,121,0,0.0
1000,65,30,3600,122.012,138,476.856,1252.0,8.24,0.0,29.755,60,3400,3279,121,0,0.0
1000,65,35,3600,119.517,135,425.627,1177.0,8.407,0.0,27.576,59,3400,3288,112,0,0.0
1000,65,40,3600,116.975,134,377.496,1052.0,8.572,0.0,25.401,56,3400,3291,109,0,0.0
1000,65,45,3600,114.633,134,329.719,936.0,8.738,0.0,23.168,55,3400,3295,105,0,0.0
1000,65,50,3600,113.365,133,303.67,846.0,8.83,0.0,21.769,52,3400,3298,102,0,0.0
1000,65,55,3600,112.393,133,291.618,769.0,8.904,0.0,20.87,51,3400,3299,101,0,0.0
1000,65,60,3600,111.97,133,284.098,767.0,8.939,0.0,20.195,49,3400,3300,100,0,0.0
1000,65,65,3600,112.256,132,285.708,895.0,8.916,0.0,20.101,57,3400,3300,100,0,0.0
1000,65,70,3600,113.024,131,290.199,865.0,8.851,0.0,20.532,52,3400,3293,107,0,0.0
1000,65,75,3600,113.877,133,300.613,820.0,8.777,0.0,21.564,49,3400,3293,107,0,0.0
1000,65,80,3600,114.954,135,315.493,833.0,8.686,0.0,22.8,50,3400,3290,110,0,0.0
1000,65,85,3600,116.596,138,341.722,883.0,8.556,0.0,24.345,51,3400,3293,107,0,0.0
1000,65,90,3600,118.241,141,376.062,1065.0,8.439,0.0,26.015,54,3400,3283,117,0,0.0
1000,70,0,3600,118.326,141,392.31,1024.0,8.43,0.0,26.069,55,3400,3279,121,0,0.0
1000,70,5,3600,120.017,144,424.541,1073.0,8.313,0.0,27.689,55,3400,3273,127,0,0.0
1000,70,10,3600,122.189,149,475.482,1108.0,8.172,0.0,29.852,56,3400,3270,130,0,0.0
1000,70,15,3600,124.342,148,530.302,1235.0,8.045,0.0,31.932,57,3400,3265,135,0,0.0
1000,70,20,3600,124.898,148,544.876,1264.0,8.03,0.0,32.436,60,3400,3266,134,0,0.0
1000,70,25,3600,125.608,148,559.073,1474.0,7.998,0.0,32.93,61,3400,3268,132,0,0.0
1000,70,30,3600,124.606,144,546.807,1451.0,8.071,0.0,32.297,61,3400,3269,131,0,0.0
1000,70,35,3600,123.237,140,519.588,1419.0,8.161,0.0,31.077,61,3400,3277,123,0,0.0
1000,70,40,3600,120.682,140,465.072,1288.0,8.323,0.0,28.779,62,3400,3279,121,0,0.0
1000,70,45,3600,118.118,135,413.637,1182.0,8.492,0.0,26.475,59,3400,3282,118,0,0.0
1000,70,50,3600,115.997,138,370.255,1081.0,8.631,0.0,24.448,58,3400,3284,116,0,0.0
1000,70,55,3600,114.374,138,343.578,992.0,8.747,0.0,23.031,56,3400,3288,112,0,0.0
1000,70,60,3600,113.663,138,331.496,915.0,8.803,0.0,22.11,52,3400,3291,109,0,0.0
1000,70,65,3600,113.437,133,327.668,875.0,8.819,0.0,21.587,52,3400,3292,108,0,0.0
1000,70,70,3600,113.706,133,328.848,1043.0,8.795,0.0,21.493,59,3400,3286,114,0,0.0
1000,70,75,3600,114.335,132,336.044,1048.0,8.741,0.0,22.08,57,3400,3287,113,0,0.0
1000,70,80,3600,115.127,138,342.561,989.0,8.674,0.0,22.895,54,3400,3284,116,0,0.0
1000,70,85,3600,116.588,138,365.64,1011.0,8.555,0.0,24.537,55,3400,3279,121,0,0.0
1000,70,90,3600,118.326,141,392.31,1024.0,8.43,0.0,26.069,55,3400,3279,121,0,0.0
1000,75,0,3600,116.126,140,371.022,1145.0,8.596,0.0,24.135,52,3400,3278,122,0,0.0
1000,75,5,3600,117.983,143,402.098,1142.0,8.462,0.0,25.928,54,3400,3273,127,0,0.0
1000,75,10,3600,120.231,149,445.408,1246.0,8.305,0.0,28.11,57,3400,3270,130,0,0.0
1000,75,15,3600,122.253,149,489.836,1351.0,8.179,0.0,30.11,53,3400,3266,134,0,0.0
1000,75,20,3600,124.978,152,547.428,1400.0,8.01,0.0,32.451,57,3400,3260,140,0,0.0
1000,75,25,3600,125.829,148,572.929,1433.0,7.972,0.0,33.37,59,3400,3263,137,0,0.0
1000,75,30,3600,125.916,149,580.851,1628.0,7.984,0.0,33.515,60,3400,3264,136,0,0.0
1000,75,35,3600,124.576,144,557.053,1561.0,8.074,0.0,32.422,60,3400,3270,130,0,0.0
1000,75,40,3600,122.917,143,525.951,1509.0,8.18,0.0,30.946,59,3400,3272,128,0,0.0
1000,75,45,3600,120.203,139,469.907,1412.0,8.355,0.0,28.59,57,3400,3271,129,0,0.0
1000,75,50,3600,117.78,136,421.057,1278.0,8.516,0.0,26.389,56,3400,3278,122,0,0.0
1000,75,55,3600,115.921,138,386.784,1152.0,8.639,0.0,24.714,54,3400,3280,120,0,0.0
1000,75,60,3600,114.356,141,356.477,1100.0,8.748,0.0,23.107,52,3400,3283,117,0,0.0
1000,75,65,3600,113.286,136,340.188,1020.0,8.826,0.0,21.961,49,3400,3284,116,0,0.0
1000,75,70,3600,112.874,136,334.677,985.0,8.86,0.0,21.322,53,3400,3278,122,0,0.0
1000,75,75,3600,113.032,133,335.771,1142.0,8.844,0.0,21.21,54,3400,3279,121,0,0.0
1000,75,80,3600,113.436,134,335.78,1177.0,8.807,0.0,21.441,53,3400,3281,119,0,0.0
1000,75,85,3600,114.602,135,353.282,1121.0,8.714,0.0,22.743,53,3400,3283,117,0,0.0
1000,75,90,3600,116.126,140,371.022,1145.0,8.596,0.0,24.135,52,3400,3278,122,0,0.0
1000,80,0,3600,112.592,135,336.386,1125.0,8.879,0.0,21.617,53,3400,3275,125,0,0.0
1000,80,5,3600,114.358,137,360.375,1170.0,8.74,0.0,23.152,52,3400,3274,126,0,0.0
1000,80,10,3600,116.549,141,397.818,1181.0,8.575,0.0,25.26,51,3400,3273,127,0,0.0
1000,80,15,3600,118.721,143,434.208,1227.0,8.426,0.0,27.214,52,3400,3268,132,0,0.0
1000,80,20,3600,121.224,145,483.038,1308.0,8.263,0.0,29.524,55,3400,3263,137,0,0.0
1000,80,25,3600,123.381,149,532.091,1434.0,8.124,0.0,31.552,56,3400,3259,141,0,0.0
1000,80,30,3600,123.561,148,536.972,1541.0,8.129,0.0,31.731,58,3400,3262,138,0,0.0
1000,80,35,3600,123.216,145,536.78,1617.0,8.163,0.0,31.535,61,3400,3269,131,0,0.0
1000,80,40,3600,122.485,143,524.139,1497.0,8.216,0.0,30.871,59,3400,3269,131,0,0.0
1000,80,45,3600,120.605,142,490.257,1538.0,8.348,0.0,29.262,59,3400,3270,130,0,0.0
1000,80,50,3600,118.274,138,441.053,1397.0,8.503,0.0,27.25,58,3400,3272,128,0,0.0
1000,80,55,3600,116.621,137,408.357,1272.0,8.612,0.0,25.746,56,3400,3276,124,0,0.0
1000,80,60,3600,114.813,137,375.13,1138.0,8.736,0.0,24.05,53,3400,3280,120,0,0.0
1000,80,65,3600,113.412,137,348.61,1086.0,8.827,0.0,22.499,51,3400,3281,119,0,0.0
1000,80,70,3600,112.226,138,330.396,993.0,8.918,0.0,21.233,51,3400,3276,124,0,0.0
1000,80,75,3600,111.071,135,315.977,999.0,9.003,0.0,20.237,53,3400,3278,122,0,0.0
1000,80,80,3600,110.912,132,314.044,1176.0,9.015,0.0,20.022,55,3400,3278,122,0,0.0
1000,80,85,3600,111.512,133,322.782,1129.0,8.963,0.0,20.591,52,3400,3279,121,0,0.0
1000,80,90,3600,112.592,135,336.386,1125.0,8.879,0.0,21.617,53,3400,3275,125,0,0.0
1000,85,0,3600,109.138,134,291.405,1166.0,9.168,0.0,18.923,51,3400,3281,119,0,0.0
1000,85,5,3600,110.257,138,307.616,1178.0,9.078,0.0,19.987,49,3400,3279,121,0,0.0
1000,85,10,3600,112.286,140,335.943,1216.0,8.914,0.0,21.662,48,3400,3276,124,0,0.0
1000,85,15,3600,114.377,141,367.478,1273.0,8.756,0.0,23.529,49,3400,3274,126,0,0.0
1000,85,20,3600,116.929,141,406.42,1312.0,8.574,0.0,25.689,53,3400,3272,128,0,0.0
1000,85,25,3600,119.049,146,444.667,1322.0,8.426,0.0,27.684,53,3400,3269,131,0,0.0
1000,85,30,3600,120.965,145,484.958,1444.0,8.3,0.0,29.525,53,3400,3266,134,0,0.0
1000,85,35,3600,121.022,149,486.429,1490.0,8.307,0.0,29.568,57,3400,3274,126,0,0.0
1000,85,40,3600,119.882,146,471.624,1501.0,8.393,0.0,28.795,57,3400,3274,126,0,0.0
1000,85,45,3600,119.065,144,457.229,1518.0,8.457,0.0,28.036,55,3400,3272,128,0,0.0
1000,85,50,3600,118.545,142,449.568,1479.0,8.498,0.0,27.535,54,3400,3271,129,0,0.0
1000,85,55,3600,116.637,136,412.832,1326.0,8.629,0.0,26.002,53,3400,3273,127,0,0.0
1000,85,60,3600,115.264,138,386.063,1202.0,8.723,0.0,24.713,51,3400,3276,124,0,0.0
1000,85,65,3600,113.94,134,360.692,1121.0,8.808,0.0,23.312,50,3400,3279,121,0,0.0
1000,85,70,3600,112.276,133,333.903,1032.0,8.925,0.0,21.669,52,3400,3276,124,0,0.0
1000,85,75,3600,110.088,133,301.501,1025.0,9.087,0.0,19.814,48,3400,3277,123,0,0.0
1000,85,80,3600,108.695,132,279.761,1042.0,9.197,0.0,18.454,46,3400,3277,123,0,0.0
1000,85,85,3600,108.877,132,285.934,1176.0,9.182,0.0,18.573,53,3400,3279,121,0,0.0
1000,85,90,3600,109.138,134,291.405,1166.0,9.168,0.0,18.923,51,3400,3281,119,0,0.0
1000,90,0,3600,106.922,132,256.17,1166.0,9.362,0.0,17.119,54,3400,3279,121,0,0.0
1000,90,5,3600,107.364,135,267.615,1170.0,9.33,0.0,17.688,49,3400,3281,119,0,0.0
1000,90,10,3600,108.589,134,288.652,1182.0,9.23,0.0,18.836,50,3400,3279,121,0,0.0
1000,90,15,3600,110.143,134,307.343,1160.0,9.105,0.0,20.059,51,3400,3276,124,0,0.0
1000,90,20,3600,112.995,136,346.039,1267.0,8.881,0.0,22.244,53,3400,3275,125,0,0.0
1000,90,25,3600,115.009,140,373.222,1461.0,8.732,0.0,24.011,57,3400,3275,125,0,0.0
1000,90,30,3600,116.676,140,397.335,1402.0,8.613,0.0,25.568,55,3400,3274,126,0,0.0
1000,90,35,3600,118.388,147,427.74,1444.0,8.49,0.0,27.114,54,3400,3275,125,0,0.0
1000,90,40,3600,117.533,145,413.453,1348.0,8.555,0.0,26.509,54,3400,3275,125,0,0.0
1000,90,45,3600,117.265,146,411.657,1530.0,8.586,0.0,26.34,56,3400,3274,126,0,0.0
1000,90,50,3600,117.174,141,416.177,1465.0,8.601,0.0,26.387,56,3400,3273,127,0,0.0
1000,90,55,3600,117.816,137,434.092,1441.0,8.565,0.0,26.976,55,3400,3276,124,0,0.0
1000,90,60,3600,116.414,134,407.928,1268.0,8.661,0.0,25.834,53,3400,3277,123,0,0.0
1000,90,65,3600,115.091,132,380.876,1167.0,8.743,0.0,24.483,52,3400,3279,121,0,0.0
1000,90,70,3600,113.988,134,363.089,1062.0,8.814,0.0,23.29,53,3400,3274,126,0,0.0
1000,90,75,3600,111.261,134,319.966,1019.0,9.008,0.0,20.998,50,3400,3274,126,0,0.0
1000,90,80,3600,108.952,134,282.964,1029.0,9.184,0.0,18.909,47,3400,3276,124,0,0.0
1000,90,85,3600,107.704,132,266.122,1029.0,9.282,0.0,17.777,49,3400,3278,122,0,0.0
1000,90,90,3600,106.922,132,256.17,1166.0,9.362,0.0,17.119,54,3400,3279,121,0,0.0
