step,phase_group,vehicle_count,total_waiting_time,mean_speed,total_queue,J1_phase,J2_phase
0,side_green,6,0.0,0.0,6,0,0
1,side_green,6,0.0,1.789690213444798,0,0,0
2,side_green,6,0.0,3.756390419423891,0,0,0
3,side_green,12,0.0,2.961484862384775,6,0,0
4,side_green,12,0.0,4.797696436644764,0,0,0
5,side_green,12,0.0,6.735967414591385,0,0,0
6,side_green,18,0.0,5.7638837567543515,6,0,0
7,side_green,18,0.0,7.291986458535685,0,0,0
8,side_green,18,0.0,8.642236585430558,0,0,0
9,side_green,20,0.0,8.761151940986249,2,0,0
10,side_green,20,0.0,9.998061604781238,0,0,0
11,side_green,20,0.0,10.886164256273853,0,0,0
12,side_green,21,0.0,11.109217396344624,1,0,0
13,side_green,21,0.0,11.632807712137605,0,0,0
14,side_green,21,0.0,11.814542439372556,0,0,0
15,side_green,22,0.0,11.646360770399339,1,0,0
16,side_green,22,0.0,11.59982050484491,0,0,0
17,side_green,22,0.0,11.933284274513102,0,0,0
18,side_green,27,0.0,10.048006311655696,5,0,0
19,side_green,27,0.0,10.514450787174482,0,0,0
20,side_green,27,0.0,10.827091951031388,0,0,0
21,side_green,27,0.0,10.98801742075472,0,0,0
22,side_green,27,0.0,10.91493696168818,0,0,0
23,side_green,29,0.0,10.2681088891804,2,0,0
24,side_green,29,0.0,9.806972548533095,0,0,0
25,side_green,29,0.0,9.863240625376068,0,0,0
26,side_green,29,0.0,10.22318099483431,0,0,0
27,side_green,30,0.0,10.093020331527375,1,0,0
28,side_green,30,1.0,10.464156052291704,1,0,0
29,side_green,30,2.0,10.481148447392801,1,0,0
30,side_green,32,4.0,9.787564086242629,4,0,0
31,side_green,32,7.0,9.755848871830405,3,0,0
32,side_green,32,11.0,9.850634638578361,4,0,0
33,side_green,31,15.0,9.237228017908842,5,0,0
34,side_green,31,20.0,9.254139308058729,5,0,0
35,side_green,36,25.0,7.810515069617646,10,0,0
36,side_green,36,30.0,7.626342526390648,6,0,0
37,side_green,36,35.0,7.740039850227157,5,0,0
38,side_green,36,42.0,7.734311129831192,8,0,0
39,side_green,36,50.0,8.05818708385771,8,0,0
40,side_green,37,58.0,8.162759374933412,9,0,0
41,side_green,38,67.0,8.12586193542995,10,0,0
42,side_yellow,38,77.0,8.439659186969227,10,1,1
43,side_yellow,38,87.0,8.604193681617314,10,1,1
44,side_yellow,38,97.0,8.493362851599903,10,1,1
45,main_green,38,55.0,8.429327574023688,8,2,2
46,main_green,39,16.0,8.76651606947269,4,2,2
47,main_green,39,0.0,8.972531059340511,0,2,2
48,main_green,39,1.0,9.117009370559243,0,2,2
49,main_green,38,4.0,9.127793575229674,1,2,2
50,main_green,36,7.0,9.196971634397421,1,2,2
51,main_green,36,12.0,9.43399638187389,3,2,2
52,main_green,42,13.0,7.997718321215727,10,2,2
53,main_green,42,8.0,8.404054399232253,3,2,2
54,main_green,40,5.0,8.377957044047887,3,2,2
55,main_green,40,5.0,8.477453049736008,4,2,2
56,main_green,40,8.0,9.014419365759538,3,2,2
57,main_green,40,12.0,9.595761427814038,4,2,2
58,main_green,40,16.0,10.026150332543772,5,2,2
59,main_green,41,20.0,10.183038358595315,5,2,2
60,main_green,41,24.0,10.59554712448764,4,2,2
61,main_green,42,28.0,10.725322658022261,5,2,2
62,main_green,42,32.0,10.888423263208589,4,2,2
63,main_green,42,36.0,10.806470924159258,4,2,2
64,main_green,43,40.0,10.734375828773254,5,2,2
65,main_green,42,44.0,10.836432438502513,4,2,2
66,main_green,42,48.0,11.032481969745357,4,2,2
67,main_green,42,52.0,10.945137192184196,5,2,2
68,main_green,42,56.0,11.166912185468414,4,2,2
69,main_green,46,60.0,9.923110023402296,9,2,2
70,main_green,47,64.0,9.642881561409432,5,2,2
71,main_green,46,68.0,9.730020983717209,4,2,2
72,main_green,45,72.0,9.704454479119484,4,2,2
73,main_green,46,79.0,9.635003070692605,8,2,2
74,main_green,44,86.0,9.718130821763166,7,2,2
75,main_green,45,94.0,9.922037485065731,9,2,2
76,main_green,44,102.0,9.76915390630672,9,2,2
77,main_green,43,110.0,9.998252067084207,8,2,2
78,main_green,42,118.0,9.97172975795598,8,2,2
79,main_green,42,126.0,10.269673320311293,8,2,2
80,main_green,47,134.0,9.19612158652605,13,2,2
81,main_green,48,142.0,9.328549727778789,9,2,2
82,main_green,48,150.0,9.286189155930765,9,2,2
83,main_green,52,158.0,8.76258470181903,12,2,2
84,main_green,52,166.0,9.082015185203206,8,2,2
85,main_green,52,174.0,9.274675450621528,8,2,2
86,main_green,57,182.0,8.606687035535343,13,2,2
87,main_yellow,57,191.0,8.826865320541751,9,3,3
88,main_yellow,57,200.0,8.910152986980338,9,3,3
89,main_yellow,59,210.0,8.738465860477442,12,3,3
90,side_green,59,8.0,9.198066409675912,4,0,0
91,side_green,59,0.0,9.659805587105208,0,0,0
92,side_green,60,1.0,9.895529218966397,2,0,0
93,side_green,59,2.0,10.167049924563097,1,0,0
94,side_green,58,5.0,10.483133497516326,3,0,0
95,side_green,58,8.0,10.781178740818172,3,0,0
96,side_green,59,13.0,10.74402104602313,6,0,0
97,side_green,58,19.0,10.554682982193285,6,0,0
98,side_green,58,26.0,9.953837187655736,8,0,0
99,side_green,58,34.0,9.752051700412299,8,0,0
100,side_green,57,42.0,9.377673911639945,8,0,0
101,side_green,56,52.0,9.03982066442622,10,0,0
102,side_green,56,62.0,8.780260913126792,10,0,0
103,side_green,59,75.0,7.727702736633577,17,0,0
104,side_green,59,91.0,7.834927260147249,12,0,0
105,side_green,57,106.0,7.83955375009015,13,0,0
106,side_green,57,111.0,7.893794230323335,14,0,0
107,side_green,56,124.0,7.695361142042837,14,0,0
108,side_green,54,137.0,7.736213516678772,13,0,0
109,side_green,53,151.0,7.4655857223533,15,0,0
110,side_green,49,168.0,6.957237383224451,18,0,0
111,side_green,47,186.0,6.908252101099029,18,0,0
112,side_green,47,204.0,6.7174035851893725,19,0,0
113,side_green,48,222.0,6.612133389007693,19,0,0
114,side_green,48,241.0,6.676300366393499,19,0,0
115,side_green,48,261.0,6.712681874578041,20,0,0
116,side_green,49,281.0,6.707519032325165,21,0,0
117,side_green,49,302.0,6.766545663288651,21,0,0
118,side_green,50,323.0,6.683156713995058,22,0,0
119,side_green,47,345.0,6.201871040558527,22,0,0
120,side_green,47,367.0,5.74396657332828,23,0,0
121,side_green,51,389.0,5.179272318385176,26,0,0
122,side_green,51,411.0,5.1210683709398985,22,0,0
123,side_green,50,434.0,5.126059930375487,23,0,0
124,side_green,50,460.0,5.279257285526342,26,0,0
125,side_green,50,486.0,5.22420364685987,27,0,0
126,side_green,51,512.0,5.197983219472345,27,0,0
127,side_green,51,538.0,5.29669208089682,26,0,0
128,side_green,51,564.0,5.188103731297649,26,0,0
129,side_green,51,591.0,5.027653451556713,27,0,0
130,side_green,51,619.0,4.879858467651557,28,0,0
131,side_green,49,648.0,4.354225407879865,29,0,0
132,side_yellow,50,677.0,4.021950886284416,30,1,1
133,side_yellow,51,708.0,3.793257776182513,32,1,1
134,side_yellow,51,741.0,3.752774235402866,33,1,1
135,main_green,52,456.0,3.887925294872825,27,2,2
136,main_green,51,228.0,4.102127047487608,18,2,2
137,main_green,51,105.0,4.752465121568923,10,2,2
138,main_green,57,49.0,4.868336570197041,13,2,2
139,main_green,56,18.0,5.415932717764067,5,2,2
140,main_green,55,9.0,6.17787888693575,3,2,2
141,main_green,57,7.0,6.647086300743634,3,2,2
142,main_green,56,14.0,7.231084007100698,6,2,2
143,main_green,56,21.0,7.978880786061056,6,2,2
144,main_green,58,22.0,8.257035736377757,9,2,2
145,main_green,58,23.0,8.707117712084115,7,2,2
146,main_green,58,25.0,9.102702395828565,6,2,2
147,main_green,59,28.0,9.231306926036668,7,2,2
148,main_green,59,30.0,9.499694094534775,5,2,2
149,main_green,60,32.0,9.590909001064315,5,2,2
150,main_green,60,36.0,10.27226403059066,4,2,2
151,main_green,60,40.0,10.770243311084357,4,2,2
152,main_green,60,44.0,11.148562779988563,4,2,2
153,main_green,60,48.0,11.377518472714977,4,2,2
154,main_green,60,52.0,11.616020318075972,4,2,2
155,main_green,65,56.0,10.368023414202876,10,2,2
156,main_green,65,60.0,10.442634303868855,4,2,2
157,main_green,65,64.0,10.363010914113351,4,2,2
158,main_green,64,69.0,10.56206153908089,5,2,2
159,main_green,64,77.0,10.728217496458374,8,2,2
160,main_green,67,85.0,10.065072204578422,13,2,2
161,main_green,65,93.0,10.179526028581037,8,2,2
162,main_green,62,101.0,10.056161446060004,9,2,2
163,main_green,65,109.0,9.286096175035807,13,2,2
164,main_green,63,117.0,9.471968265586446,8,2,2
165,main_green,62,125.0,9.770333639072408,8,2,2
166,main_green,60,133.0,9.79185639864763,9,2,2
167,main_green,60,141.0,10.096958812193611,8,2,2
168,main_green,59,150.0,10.279957096541239,8,2,2
169,main_green,61,160.0,10.09946080417273,10,2,2
170,main_green,60,170.0,10.033015528434214,8,2,2
171,main_green,60,181.0,10.006131074734933,9,2,2
172,main_green,66,192.0,9.064490426943886,15,2,2
173,main_green,66,203.0,9.113930772746237,9,2,2
174,main_green,66,215.0,9.153801606588397,10,2,2
175,main_green,67,223.0,9.187264592458277,11,2,2
176,main_green,67,236.0,9.137554883376753,11,2,2
177,main_yellow,67,250.0,9.147176417624264,12,3,3
178,main_yellow,69,266.0,8.81085409569601,16,3,3
179,main_yellow,67,272.0,8.484901206567018,15,3,3
180,side_green,67,31.0,8.294405493624213,8,0,0
181,side_green,67,14.0,8.269329293150228,5,0,0
182,side_green,67,3.0,8.492957147977403,1,0,0
183,side_green,68,7.0,8.92837985714774,4,0,0
184,side_green,67,9.0,9.144873545722431,5,0,0
185,side_green,67,15.0,9.586214433445116,6,0,0
186,side_green,67,20.0,9.752832274591004,5,0,0
187,side_green,68,28.0,9.783521525898717,6,0,0
188,side_green,67,37.0,9.87624283262885,6,0,0
189,side_green,70,47.0,9.309799053887232,11,0,0
190,side_green,70,57.0,9.484649356710586,8,0,0
191,side_green,69,68.0,9.695843628438398,8,0,0
192,side_green,69,60.0,9.664681124045005,9,0,0
193,side_green,68,68.0,9.530570417988006,9,0,0
194,side_green,68,77.0,9.636758459876422,9,0,0
195,side_green,66,88.0,9.64230264080399,11,0,0
196,side_green,65,100.0,9.301283615821937,13,0,0
197,side_green,63,113.0,9.153080113446906,13,0,0
198,side_green,62,127.0,9.038481579772327,14,0,0
199,side_green,56,143.0,8.355276272830872,17,0,0
200,side_green,55,160.0,8.095086548655852,18,0,0
201,side_green,49,177.0,7.478908636624969,17,0,0
202,side_green,48,194.0,7.281588336173479,17,0,0
203,side_green,46,212.0,7.062726172243187,18,0,0
204,side_green,46,231.0,7.0370730344177845,19,0,0
205,side_green,46,250.0,6.963539440734499,19,0,0
206,side_green,49,269.0,5.64405458897841,25,0,0
207,side_green,49,289.0,5.638037283352282,20,0,0
208,side_green,49,309.0,5.6400631426460155,20,0,0
209,side_green,49,332.0,5.29355711873222,24,0,0
210,side_green,49,355.0,5.313637568058503,23,0,0
211,side_green,47,379.0,5.083936166065603,24,0,0
212,side_green,49,405.0,4.906378973612793,28,0,0
213,side_green,49,432.0,5.044828751888446,27,0,0
214,side_green,49,459.0,4.931617032260243,27,0,0
215,side_green,51,486.0,4.778580369608709,29,0,0
216,side_green,51,513.0,4.6853330918432805,27,0,0
217,side_green,51,541.0,4.621086866579161,28,0,0
218,side_green,50,571.0,4.263748416925206,31,0,0
219,side_green,50,601.0,4.336011124066434,30,0,0
220,side_green,50,631.0,4.295493891170964,30,0,0
221,side_green,52,663.0,4.065203872739518,34,0,0
222,side_yellow,49,695.0,3.4236696754802045,32,1,1
223,side_yellow,53,727.0,2.956299351593326,36,1,1
224,side_yellow,54,760.0,2.82491322990194,34,1,1
225,main_green,53,476.0,3.02074447064724,26,2,2
226,main_green,53,280.0,3.538033841066778,20,2,2
227,main_green,53,140.0,4.42834205281613,13,2,2
228,main_green,54,64.0,5.242091481568849,11,2,2
229,main_green,55,39.0,6.256604693553475,8,2,2
230,main_green,55,23.0,7.217783041494945,5,2,2
231,main_green,55,20.0,8.054182127885129,4,2,2
232,main_green,55,25.0,8.556715872173303,4,2,2
233,main_green,55,30.0,8.970786858093673,4,2,2
234,main_green,55,33.0,9.310070709796479,5,2,2
235,main_green,56,37.0,9.243527589600523,5,2,2
236,main_green,57,40.0,9.210871461848548,5,2,2
237,main_green,57,45.0,9.309640652067321,5,2,2
238,main_green,57,48.0,9.583472170695751,4,2,2
239,main_green,57,52.0,9.67824936676397,4,2,2
240,main_green,62,56.0,9.174752934459013,9,2,2
241,main_green,63,60.0,9.349411554067302,5,2,2
242,main_green,63,66.0,9.602273936391887,6,2,2
243,main_green,68,72.0,9.148937047638576,11,2,2
244,main_green,69,78.0,9.412257980836616,7,2,2
245,main_green,69,85.0,9.683298966803076,8,2,2
246,main_green,73,93.0,9.52462792806233,12,2,2
247,main_green,73,101.0,9.822115913321545,9,2,2
248,main_green,73,109.0,10.202832359353176,8,2,2
249,main_green,74,117.0,10.278028586814717,9,2,2
250,main_green,75,125.0,10.428224291304852,9,2,2
251,main_green,71,133.0,10.59342088871655,8,2,2
252,main_green,71,142.0,10.655237040170451,9,2,2
253,main_green,69,151.0,10.62614023444209,8,2,2
254,main_green,66,160.0,10.688364135391154,8,2,2
255,main_green,64,169.0,10.717757145878496,8,2,2
256,main_green,64,178.0,10.703392457797973,8,2,2
257,main_green,62,187.0,10.384561039296024,8,2,2
258,main_green,66,196.0,9.202238393516144,14,2,2
259,main_green,65,205.0,8.983116299536064,8,2,2
260,main_green,64,207.0,8.96177409912553,10,2,2
261,main_green,63,218.0,8.712126926965142,11,2,2
262,main_green,63,231.0,8.661042621231292,13,2,2
263,main_green,64,246.0,8.46587668818132,16,2,2
264,main_green,64,262.0,8.394397635274636,16,2,2
265,main_green,65,280.0,8.464501873222778,19,2,2
266,main_green,65,300.0,8.418594465031795,20,2,2
267,main_yellow,66,320.0,8.255388871352505,21,3,3
268,main_yellow,66,340.0,8.085620602857416,20,3,3
269,main_yellow,66,360.0,7.918652739458022,20,3,3
270,side_green,67,97.0,7.831331273843343,15,0,0
271,side_green,67,32.0,8.293541470570684,7,0,0
272,side_green,68,10.0,8.641222378671248,6,0,0
273,side_green,67,15.0,8.502915492800872,6,0,0
274,side_green,66,20.0,8.474776138111425,5,0,0
275,side_green,71,27.0,7.671780530159673,12,0,0
276,side_green,70,37.0,7.607132213128531,9,0,0
277,side_green,69,51.0,7.6127857895267415,10,0,0
278,side_green,69,66.0,7.68471141748328,12,0,0
279,side_green,67,77.0,7.902467964236852,17,0,0
280,side_green,68,86.0,8.142868982642243,14,0,0
281,side_green,67,100.0,8.169350256176385,14,0,0
282,side_green,67,115.0,8.553774888915477,14,0,0
283,side_green,66,130.0,8.600656243259607,14,0,0
284,side_green,66,145.0,8.613581833142748,14,0,0
285,side_green,65,151.0,8.776096555950616,15,0,0
286,side_green,65,168.0,8.776126107996605,18,0,0
287,side_green,65,185.0,8.64999935036504,18,0,0
288,side_green,62,202.0,8.52628754770453,17,0,0
289,side_green,57,220.0,8.038915533666906,18,0,0
290,side_green,55,238.0,7.893229577579501,18,0,0
291,side_green,55,256.0,7.763803321165336,18,0,0
292,side_green,57,275.0,6.745193900907542,24,0,0
293,side_green,54,296.0,6.46376767487082,21,0,0
294,side_green,55,318.0,6.413093030924864,23,0,0
295,side_green,55,340.0,6.226056691665673,23,0,0
296,side_green,55,362.0,6.334593093866672,22,0,0
297,side_green,55,385.0,6.285615198208677,23,0,0
298,side_green,55,409.0,6.056666769840186,25,0,0
299,side_green,51,433.0,5.451064460391816,24,0,0
300,side_green,50,458.0,5.171437426059075,25,0,0
301,side_green,51,484.0,5.057338537387837,27,0,0
302,side_green,52,512.0,4.91613654413241,29,0,0
303,side_green,52,541.0,4.752847776712882,29,0,0
304,side_green,53,570.0,4.630664888260082,30,0,0
305,side_green,53,599.0,4.551542110670487,29,0,0
306,side_green,52,630.0,4.3337907048969475,31,0,0
307,side_green,52,662.0,4.32321809789658,32,0,0
308,side_green,49,694.0,3.7087982962037715,32,0,0
309,side_green,53,727.0,2.9105177457070828,39,0,0
310,side_green,53,760.0,2.900469147234851,33,0,0
311,side_green,53,793.0,3.106368672482438,33,0,0
312,side_yellow,54,828.0,3.2342149839402365,36,1,1
313,side_yellow,54,864.0,3.4059524647169392,36,1,1
314,side_yellow,54,900.0,3.5418490709524457,36,1,1
315,main_green,56,600.0,3.850492769932216,30,2,2
316,main_green,56,345.0,4.458646610635413,20,2,2
317,main_green,56,188.0,4.9248865596310765,14,2,2
318,main_green,57,87.0,5.40711208249694,9,2,2
319,main_green,57,29.0,6.175665063942941,3,2,2
320,main_green,62,13.0,6.331418531309456,9,2,2
321,main_green,62,14.0,7.149445370156973,3,2,2
322,main_green,62,17.0,7.8334473507016344,3,2,2
323,main_green,67,19.0,7.684682263676735,10,2,2
324,main_green,68,22.0,8.031477238148085,7,2,2
325,main_green,67,26.0,8.317730445433824,5,2,2
326,main_green,71,30.0,7.926800453795133,10,2,2
327,main_green,70,35.0,8.196417451927683,5,2,2
328,main_green,69,27.0,8.568885907879755,4,2,2
329,main_green,70,23.0,9.15330775992516,6,2,2
330,main_green,70,13.0,9.73353546661577,5,2,2
331,main_green,71,10.0,9.972907388917099,5,2,2
332,main_green,71,14.0,10.255257014551848,5,2,2
333,main_green,71,18.0,10.60723794136669,4,2,2
334,main_green,71,22.0,10.894620070895167,4,2,2
335,main_green,71,26.0,11.013295340360871,4,2,2
336,main_green,71,30.0,11.106228606164734,4,2,2
337,main_green,71,34.0,11.109641107203322,4,2,2
338,main_green,73,38.0,10.695319504719812,6,2,2
339,main_green,73,43.0,10.703543827852219,5,2,2
340,main_green,72,50.0,10.522260185712119,6,2,2
341,main_green,68,57.0,10.230290083708804,6,2,2
342,main_green,68,66.0,9.872874276558205,8,2,2
343,main_green,70,77.0,8.571722179024071,15,2,2
344,main_green,69,89.0,8.47612314374586,10,2,2
345,main_green,68,103.0,8.4586613534815,12,2,2
346,main_green,68,119.0,8.281119639096227,15,2,2
347,main_green,67,137.0,8.267904542493488,17,2,2
348,main_green,66,156.0,8.386896480728455,17,2,2
349,main_green,64,175.0,8.208754067148828,18,2,2
350,main_green,64,185.0,8.234065457662918,17,2,2
351,main_green,63,203.0,8.291641759630874,16,2,2
352,main_green,63,221.0,8.423130261709082,16,2,2
353,main_green,65,239.0,8.324031552947371,18,2,2
354,main_green,63,258.0,8.361307167598616,17,2,2
355,main_green,63,277.0,8.430207020971084,17,2,2
356,main_green,64,296.0,8.487552306745537,18,2,2
357,main_yellow,64,297.0,8.518539295479147,17,3,3
358,main_yellow,64,310.0,8.335235084511183,16,3,3
359,main_yellow,64,310.0,7.861179392355011,16,3,3
360,side_green,65,137.0,7.569253922828178,11,0,0
361,side_green,70,6.0,7.030071552956815,9,0,0
362,side_green,70,12.0,7.353749746673978,6,0,0
363,side_green,69,20.0,7.6341207155275095,7,0,0
364,side_green,69,32.0,7.848601175655689,8,0,0
365,side_green,67,45.0,7.886777647775355,9,0,0
366,side_green,67,62.0,7.922568115234967,14,0,0
367,side_green,67,78.0,8.229362707141703,13,0,0
368,side_green,67,93.0,8.313150464588213,14,0,0
369,side_green,67,102.0,8.516771804743843,12,0,0
370,side_green,66,119.0,8.576625773023464,13,0,0
371,side_green,66,136.0,8.467344481636662,13,0,0
372,side_green,66,134.0,8.223591693876418,14,0,0
373,side_green,65,130.0,8.124716714069294,14,0,0
374,side_green,63,146.0,8.113202047390752,16,0,0
375,side_green,64,164.0,7.63150715396968,20,0,0
376,side_green,64,182.0,7.657582992944647,18,0,0
377,side_green,61,201.0,7.397291072053493,19,0,0
378,side_green,65,222.0,6.432597780126979,27,0,0
379,side_green,61,245.0,6.247982826708203,23,0,0
380,side_green,60,268.0,6.294972017533997,23,0,0
381,side_green,62,291.0,6.311867795371439,25,0,0
382,side_green,61,315.0,6.325024029789479,24,0,0
383,side_green,61,340.0,6.449979195863934,25,0,0
384,side_green,59,365.0,6.086814991472589,27,0,0
385,side_green,59,391.0,6.269057828013819,26,0,0
386,side_green,58,417.0,6.31721622026921,26,0,0
387,side_green,56,444.0,6.161958355003263,27,0,0
388,side_green,53,471.0,5.631865357218573,27,0,0
389,side_green,54,499.0,5.580964336848691,29,0,0
390,side_green,55,527.0,5.378786868063494,29,0,0
391,side_green,55,555.0,5.295192418835267,28,0,0
392,side_green,55,584.0,5.358665919674176,29,0,0
393,side_green,55,613.0,5.25999849541559,29,0,0
394,side_green,53,643.0,4.89816855365668,30,0,0
395,side_green,57,674.0,4.146473292549309,36,0,0
396,side_green,56,706.0,4.056139263597497,32,0,0
397,side_green,57,738.0,3.9424291050477698,33,0,0
398,side_green,56,772.0,3.843969246787323,34,0,0
399,side_green,56,806.0,3.8309102193518956,34,0,0
400,side_green,61,842.0,3.43061293905928,41,0,0
401,side_green,61,878.0,3.6317871895397196,36,0,0
402,side_yellow,61,916.0,3.7989469890279377,38,1,1
403,side_yellow,66,954.0,3.559812443409713,43,1,1
404,side_yellow,66,992.0,3.687233253686724,38,1,1
405,main_green,67,691.0,3.93581526182331,34,2,2
406,main_green,67,423.0,4.50251282833245,25,2,2
407,main_green,67,216.0,5.027379299329511,17,2,2
408,main_green,67,89.0,5.74775650945855,10,2,2
409,main_green,68,42.0,6.393986048963032,7,2,2
410,main_green,68,26.0,7.2012259810128665,4,2,2
411,main_green,68,21.0,7.764689046233315,4,2,2
412,main_green,71,20.0,7.261515374945722,10,2,2
413,main_green,71,21.0,7.568017623802986,4,2,2
414,main_green,70,29.0,7.741254071458039,6,2,2
415,main_green,71,40.0,7.9772375230436845,10,2,2
416,main_green,71,46.0,8.130809039743639,12,2,2
417,main_green,71,54.0,8.355927065693168,13,2,2
418,main_green,73,35.0,8.349490276826808,12,2,2
419,main_green,73,34.0,8.587452319861509,9,2,2
420,main_green,73,34.0,8.61619428898168,9,2,2
421,main_green,74,34.0,8.609824511024003,9,2,2
422,main_green,74,40.0,8.697632811687763,9,2,2
423,main_green,75,50.0,8.835172989853444,11,2,2
424,main_green,75,56.0,9.189057396756196,9,2,2
425,main_green,75,68.0,9.512653886564715,12,2,2
426,main_green,75,80.0,9.737806707354542,12,2,2
427,main_green,76,92.0,9.636031103082859,14,2,2
428,main_green,75,104.0,9.704875547486825,12,2,2
429,main_green,79,116.0,9.045815595098128,16,2,2
430,main_green,80,128.0,8.82819883079066,13,2,2
431,main_green,76,141.0,8.646151897196125,12,2,2
432,main_green,76,156.0,8.714882048215006,14,2,2
433,main_green,75,171.0,8.753846270872895,16,2,2
434,main_green,75,189.0,8.75663307516992,18,2,2
435,main_green,72,208.0,8.74447195030282,18,2,2
436,main_green,71,227.0,8.752380100584974,19,2,2
437,main_green,66,246.0,8.534446193817523,18,2,2
438,main_green,66,256.0,8.694100988583392,16,2,2
439,main_green,65,273.0,8.833863174980388,16,2,2
440,main_green,65,290.0,8.695423819451555,17,2,2
441,main_green,65,307.0,8.486705524769013,17,2,2
442,main_green,63,324.0,8.40929244237726,16,2,2
443,main_green,63,342.0,8.486552221344988,17,2,2
444,main_green,63,360.0,8.578057730453208,17,2,2
445,main_green,63,378.0,8.398250813539601,17,2,2
446,main_green,69,396.0,7.459133447414584,23,2,2
447,main_yellow,67,414.0,7.329834445290277,17,3,3
448,main_yellow,67,434.0,7.114118457789131,18,3,3
449,main_yellow,68,436.0,6.852116495915039,22,3,3
450,side_green,68,198.0,6.973037124451814,13,0,0
451,side_green,68,16.0,7.431686361437282,6,0,0
452,side_green,70,10.0,7.484604660687792,9,0,0
453,side_green,69,18.0,7.753732085460151,7,0,0
454,side_green,69,27.0,8.06831448838731,7,0,0
455,side_green,69,40.0,8.065297421444434,11,0,0
456,side_green,70,53.0,8.081128769077523,11,0,0
457,side_green,70,69.0,8.254294587273597,13,0,0
458,side_green,71,79.0,8.242140443111536,12,0,0
459,side_green,69,90.0,8.259986710970136,14,0,0
460,side_green,68,108.0,8.33533150468471,15,0,0
461,side_green,69,127.0,8.271252732466554,17,0,0
462,side_green,69,146.0,8.47092050128415,16,0,0
463,side_green,72,165.0,7.706678006708667,21,0,0
464,side_green,71,185.0,7.383493191076758,18,0,0
465,side_green,71,195.0,7.280307665972339,18,0,0
466,side_green,70,194.0,7.4610635734638695,19,0,0
467,side_green,68,215.0,7.46409318802036,21,0,0
468,side_green,66,237.0,7.492333552426632,22,0,0
469,side_green,66,260.0,7.433844441179135,24,0,0
470,side_green,61,283.0,7.186670280899057,23,0,0
471,side_green,62,307.0,7.1233350038576635,25,0,0
472,side_green,60,331.0,6.974348273804183,24,0,0
473,side_green,57,355.0,6.569507562417886,24,0,0
474,side_green,56,380.0,6.310182982358817,25,0,0
475,side_green,56,405.0,5.952016079878218,26,0,0
476,side_green,56,432.0,5.898285951400984,27,0,0
477,side_green,54,460.0,5.542921298035303,28,0,0
478,side_green,54,488.0,5.143993852226994,29,0,0
479,side_green,52,516.0,4.702583985637863,28,0,0
480,side_green,55,545.0,3.842824377079098,34,0,0
481,side_green,55,575.0,3.6765751224339125,31,0,0
482,side_green,55,607.0,3.8662880016631784,32,0,0
483,side_green,60,640.0,3.7245021367039652,38,0,0
484,side_green,61,673.0,3.9296948538377454,34,0,0
485,side_green,61,707.0,4.204941233234325,34,0,0
486,side_green,66,741.0,4.0440944817028175,39,0,0
487,side_green,67,775.0,4.133707722365727,35,0,0
488,side_green,67,811.0,4.407606567638548,36,0,0
489,side_green,67,847.0,4.436491173574766,37,0,0
490,side_green,67,884.0,4.745847172583958,37,0,0
491,side_green,67,922.0,4.831330236684187,38,0,0
492,side_yellow,67,960.0,4.799819504268411,39,1,1
493,side_yellow,68,998.0,4.736780031270513,39,1,1
494,side_yellow,68,1037.0,4.766683577795995,39,1,1
495,main_green,68,744.0,5.013711183258753,32,2,2
496,main_green,64,487.0,4.8759347297030144,24,2,2
497,main_green,64,276.0,5.296263645326374,16,2,2
498,main_green,69,134.0,5.429977181652452,15,2,2
499,main_green,69,55.0,6.062495096834735,6,2,2
500,main_green,70,23.0,6.5819090607976625,4,2,2
501,main_green,70,8.0,7.125685947431864,3,2,2
502,main_green,70,11.0,7.278525954470254,5,2,2
503,main_green,71,19.0,7.30404137542272,7,2,2
504,main_green,71,29.0,7.364353258781526,8,2,2
505,main_green,71,37.0,7.522409785895827,12,2,2
506,main_green,71,49.0,7.695944544799679,15,2,2
507,main_green,73,63.0,7.654395843474396,18,2,2
508,main_green,73,79.0,7.734167785209165,18,2,2
509,main_green,74,94.0,7.782922068254828,18,2,2
510,main_green,74,101.0,8.058251204297411,18,2,2
511,main_green,74,108.0,8.441731556038603,16,2,2
512,main_green,74,106.0,8.854789123127663,13,2,2
513,main_green,75,117.0,8.914134793767223,13,2,2
514,main_green,74,129.0,9.074174682627161,12,2,2
515,main_green,79,141.0,8.594183012821583,17,2,2
516,main_green,80,153.0,8.6053592849252,13,2,2
517,main_green,80,166.0,8.763710728468528,13,2,2
518,main_green,81,182.0,8.941915287830845,17,2,2
519,main_green,80,198.0,9.278362577384904,16,2,2
520,main_green,81,215.0,9.372096274918823,17,2,2
521,main_green,79,232.0,9.289845547376506,17,2,2
522,main_green,78,249.0,9.469422779875618,16,2,2
523,main_green,75,266.0,9.304489472748426,16,2,2
524,main_green,75,283.0,9.192063558607213,17,2,2
525,main_green,70,300.0,9.073554975376409,16,2,2
526,main_green,70,318.0,8.924494773929888,17,2,2
527,main_green,68,336.0,8.917551796808047,16,2,2
528,main_green,65,354.0,8.844871294014858,16,2,2
529,main_green,64,372.0,8.777926359541024,17,2,2
530,main_green,62,390.0,8.619214332473224,16,2,2
531,main_green,61,408.0,8.286483465628992,16,2,2
532,main_green,66,426.0,7.489642961776601,21,2,2
533,main_green,65,445.0,7.4073431081430945,17,2,2
534,main_green,65,466.0,7.362804164725932,19,2,2
535,main_green,66,487.0,7.40743657048276,20,2,2
536,main_green,66,508.0,7.574890507885243,19,2,2
537,main_yellow,67,530.0,7.540568008507462,21,3,3
538,main_yellow,68,534.0,7.462834539346703,22,3,3
539,main_yellow,68,542.0,7.3386520458502265,21,3,3
540,side_green,68,257.0,7.508738420243777,12,0,0
541,side_green,69,31.0,7.567764915952501,6,0,0
542,side_green,69,6.0,7.653460564750532,4,0,0
543,side_green,69,13.0,7.619206098247428,5,0,0
544,side_green,71,24.0,7.472159507463261,10,0,0
545,side_green,70,38.0,7.7059100346637965,11,0,0
546,side_green,70,55.0,7.838188431058406,14,0,0
547,side_green,69,70.0,7.865664330641954,15,0,0
548,side_green,69,88.0,7.906489197809051,15,0,0
549,side_green,75,108.0,7.125960454841749,23,0,0
550,side_green,74,129.0,7.134699941920601,18,0,0
551,side_green,73,143.0,7.239419854289759,17,0,0
552,side_green,74,157.0,7.432351756022176,21,0,0
553,side_green,73,168.0,7.561548339760106,21,0,0
554,side_green,71,178.0,7.655797046683427,21,0,0
555,side_green,71,199.0,7.527987810165334,23,0,0
556,side_green,70,221.0,7.78799856195996,22,0,0
557,side_green,68,243.0,7.72280777199234,22,0,0
558,side_green,66,266.0,7.585585064351257,23,0,0
559,side_green,66,290.0,7.3422392703308565,25,0,0
560,side_green,67,314.0,6.509098027544925,29,0,0
561,side_green,65,338.0,6.4365377049290045,24,0,0
562,side_green,65,363.0,6.544731234694583,25,0,0
563,side_green,67,388.0,5.675445720725457,30,0,0
564,side_green,66,414.0,5.74013772438003,26,0,0
565,side_green,65,441.0,5.780619358748197,27,0,0
566,side_green,68,469.0,5.155357870319744,34,0,0
567,side_green,68,499.0,5.592357266259775,30,0,0
568,side_green,65,529.0,5.491159014970466,30,0,0
569,side_green,64,559.0,5.365520729619089,31,0,0
570,side_green,62,590.0,5.433980514403357,31,0,0
571,side_green,62,622.0,5.55995373935201,32,0,0
572,side_green,63,654.0,5.472192665389296,33,0,0
573,side_green,63,686.0,5.571733534268929,32,0,0
574,side_green,64,718.0,5.4475620593340235,33,0,0
575,side_green,64,751.0,5.4216028486501004,33,0,0
576,side_green,64,785.0,5.3502935224004595,34,0,0
577,side_green,64,819.0,5.320701709001383,34,0,0
578,side_green,65,854.0,5.042484766410343,36,0,0
579,side_green,65,889.0,4.691594493731473,35,0,0
580,side_green,65,925.0,4.456067704767453,36,0,0
581,side_green,65,963.0,4.054729287294462,39,0,0
582,side_yellow,63,1001.0,3.8180542506495745,38,1,1
583,side_yellow,67,1039.0,3.488693196551721,43,1,1
584,side_yellow,68,1079.0,3.4483650860819064,41,1,1
585,main_green,68,782.0,3.600925404345854,32,2,2
586,main_green,68,498.0,4.078500254021117,26,2,2
587,main_green,70,275.0,4.4374766939587245,21,2,2
588,main_green,70,133.0,5.036588811015804,14,2,2
589,main_green,70,50.0,5.615387498548473,9,2,2
590,main_green,72,45.0,6.226971717772823,10,2,2
591,main_green,71,39.0,6.751194554832358,8,2,2
592,main_green,71,44.0,7.2385705068151465,8,2,2
593,main_green,72,50.0,7.725564978996663,10,2,2
594,main_green,72,62.0,8.038640830373183,10,2,2
595,main_green,72,69.0,8.378481453858418,12,2,2
596,main_green,74,76.0,8.421823046899762,13,2,2
597,main_green,74,84.0,8.633556904414366,11,2,2
598,main_green,74,93.0,8.81626769953772,12,2,2
599,main_green,74,98.0,9.153173387456095,10,2,2
600,main_green,75,107.0,9.305494685366313,11,2,2
601,main_green,79,92.0,8.920214412466438,11,2,2
602,main_green,79,87.0,9.129756102367635,5,2,2
603,main_green,80,68.0,9.13518693493167,6,2,2
604,main_green,79,75.0,9.15327616734535,7,2,2
605,main_green,77,83.0,9.319589830178742,8,2,2
606,main_green,76,92.0,9.42002623638288,9,2,2
607,main_green,76,101.0,9.805242867064244,8,2,2
608,main_green,76,108.0,10.080728978192411,9,2,2
609,main_green,76,116.0,10.048456886710193,8,2,2
610,main_green,75,125.0,9.819226829243417,9,2,2
611,main_green,75,134.0,9.876665771800447,8,2,2
612,main_green,74,143.0,9.82340789392122,9,2,2
613,main_green,71,152.0,9.74049608351322,8,2,2
614,main_green,70,161.0,9.80016816595228,8,2,2
615,main_green,69,170.0,9.674548515765766,9,2,2
616,main_green,68,179.0,9.83466657046604,8,2,2
617,main_green,66,189.0,9.715226233101655,9,2,2
618,main_green,71,200.0,8.837559656660673,15,2,2
619,main_green,70,211.0,8.856035392614112,9,2,2
620,main_green,69,224.0,8.688381553625977,12,2,2
621,main_green,66,239.0,8.572726613051351,14,2,2
622,main_green,66,255.0,8.877578164076553,14,2,2
623,main_green,65,271.0,9.021743745249406,14,2,2
624,main_green,66,287.0,8.907812990490644,16,2,2
625,main_green,65,303.0,9.078476402479303,14,2,2
626,main_green,64,319.0,9.209555898808443,14,2,2
627,main_yellow,65,335.0,9.053196677262955,15,3,3
628,main_yellow,65,331.0,9.171200089503252,14,3,3
629,main_yellow,66,321.0,9.143305806717116,14,3,3
630,side_green,64,40.0,9.312554660455927,4,0,0
631,side_green,63,1.0,9.415569418353432,1,0,0
632,side_green,63,4.0,9.467359069579162,4,0,0
633,side_green,63,9.0,9.661196018285041,5,0,0
634,side_green,63,14.0,9.75099960972918,5,0,0
635,side_green,68,20.0,9.242718003533936,11,0,0
636,side_green,67,29.0,9.31563380767534,9,0,0
637,side_green,67,39.0,9.433003351857911,10,0,0
638,side_green,64,50.0,9.219603859162882,11,0,0
639,side_green,64,62.0,9.191061014711575,12,0,0
640,side_green,70,76.0,8.295754261414437,20,0,0
641,side_green,69,90.0,8.263008855305022,14,0,0
642,side_green,68,107.0,8.086410504107523,18,0,0
643,side_green,72,125.0,7.626479350945833,22,0,0
644,side_green,70,143.0,7.338599204337229,18,0,0
645,side_green,69,161.0,7.359864456392566,18,0,0
646,side_green,69,182.0,7.206680863280488,22,0,0
647,side_green,69,206.0,6.9802538628912405,25,0,0
648,side_green,69,230.0,7.037563023893754,24,0,0
649,side_green,65,256.0,6.429418847791432,27,0,0
650,side_green,61,282.0,6.251455868763719,26,0,0
651,side_green,54,309.0,5.541444025791526,27,0,0
652,side_green,58,337.0,4.808414321257238,34,0,0
653,side_green,56,366.0,4.6987324220227205,29,0,0
654,side_green,56,395.0,4.861749980853103,29,0,0
655,side_green,57,425.0,5.088258731063885,31,0,0
656,side_green,57,455.0,5.382330795271808,30,0,0
657,side_green,57,485.0,5.256798508787013,30,0,0
658,side_green,59,515.0,5.0798893745895,32,0,0
659,side_green,59,545.0,5.06692480959235,30,0,0
660,side_green,59,576.0,5.108093752068757,31,0,0
661,side_green,59,608.0,5.004551113716972,32,0,0
662,side_green,60,640.0,5.110374750652865,33,0,0
663,side_green,61,672.0,5.054507406381566,33,0,0
664,side_green,61,704.0,5.244409382221769,32,0,0
665,side_green,61,736.0,5.273523526402256,32,0,0
666,side_green,61,768.0,5.123178956624834,32,0,0
667,side_green,62,801.0,5.090393228409666,34,0,0
668,side_green,59,834.0,4.69405286539401,33,0,0
669,side_green,64,869.0,4.329712084668896,40,0,0
670,side_green,64,904.0,4.207918221165129,36,0,0
671,side_green,64,941.0,4.254892078369726,37,0,0
672,side_yellow,64,978.0,4.471102037774727,37,1,1
673,side_yellow,65,1015.0,4.621292532854039,38,1,1
674,side_yellow,65,1053.0,4.790393653841719,38,1,1
675,main_green,65,751.0,5.165924596547832,30,2,2
676,main_green,67,493.0,5.436269017918544,24,2,2
677,main_green,67,253.0,5.90057789673466,14,2,2
678,main_green,67,106.0,6.272287700503072,10,2,2
679,main_green,67,34.0,6.909519679626698,5,2,2
680,main_green,68,17.0,7.341682757420806,4,2,2
681,main_green,68,12.0,7.805615043932156,3,2,2
682,main_green,68,19.0,8.253554843625366,5,2,2
683,main_green,67,27.0,8.492637503509428,6,2,2
684,main_green,68,36.0,8.747606528809444,8,2,2
685,main_green,64,46.0,8.619829689562858,8,2,2
686,main_green,68,58.0,7.91753587041805,15,2,2
687,main_green,68,61.0,7.655867732725102,12,2,2
688,main_green,68,64.0,7.684956044680749,10,2,2
689,main_green,68,60.0,7.950279076246297,15,2,2
690,main_green,69,42.0,8.27952614224922,12,2,2
691,main_green,69,26.0,8.909136937061241,7,2,2
692,main_green,70,22.0,9.187085316695198,6,2,2
693,main_green,71,27.0,9.467371993876863,6,2,2
694,main_green,71,24.0,9.769543885737047,4,2,2
695,main_green,72,28.0,9.977770467155683,5,2,2
696,main_green,72,32.0,10.404070845176179,4,2,2
697,main_green,70,36.0,10.649542429770392,4,2,2
698,main_green,72,40.0,10.5982626624143,6,2,2
699,main_green,71,44.0,10.9698566760054,4,2,2
700,main_green,71,48.0,10.973206054518673,4,2,2
701,main_green,70,52.0,10.988530678827933,5,2,2
702,main_green,70,57.0,11.132607296138064,4,2,2
703,main_green,72,62.0,10.465846812103058,8,2,2
704,main_green,71,67.0,10.078696906370794,5,2,2
705,main_green,68,74.0,9.982970862583594,6,2,2
706,main_green,67,82.0,9.845471325806935,7,2,2
707,main_green,64,91.0,9.844364051066217,7,2,2
708,main_green,63,101.0,9.986595846396757,8,2,2
709,main_green,62,111.0,10.013343053182973,9,2,2
710,main_green,59,121.0,10.075538850701264,8,2,2
711,main_green,57,131.0,10.09637676119988,8,2,2
712,main_green,53,141.0,10.086299471293328,8,2,2
713,main_green,54,151.0,9.939953813155386,9,2,2
714,main_green,54,161.0,9.914921571819619,8,2,2
715,main_green,54,171.0,9.593179096996671,9,2,2
716,main_green,54,181.0,9.579977108304648,8,2,2
717,main_yellow,54,191.0,9.465521876239157,8,3,3
718,main_yellow,54,184.0,9.422268742675364,8,3,3
719,main_yellow,54,179.0,9.186075275958794,8,3,3
720,side_green,59,1.0,8.36754380088871,6,0,0
721,side_green,60,4.0,8.074675759970098,4,0,0
722,side_green,60,7.0,7.917683536577174,3,0,0
723,side_green,65,11.0,7.404286912494431,9,0,0
724,side_green,66,20.0,7.747533457054632,10,0,0
725,side_green,65,30.0,8.201393191489444,10,0,0
726,side_green,68,41.0,7.972023941068538,16,0,0
727,side_green,69,56.0,8.310412468562095,16,0,0
728,side_green,69,71.0,8.55418463566992,15,0,0
729,side_green,68,87.0,8.531763641560532,17,0,0
730,side_green,68,103.0,8.381698932069016,17,0,0
731,side_green,67,120.0,8.509986387336118,17,0,0
732,side_green,67,138.0,8.380174182491622,19,0,0
733,side_green,67,156.0,8.329671051789305,18,0,0
734,side_green,67,174.0,8.425942455893095,18,0,0
735,side_green,67,194.0,8.168384890211676,21,0,0
736,side_green,66,215.0,8.018890999008615,21,0,0
737,side_green,65,236.0,7.793025391789054,21,0,0
738,side_green,67,258.0,6.709299904235223,27,0,0
739,side_green,61,280.0,6.001922488895502,22,0,0
740,side_green,58,304.0,5.8416911486476115,24,0,0
741,side_green,55,329.0,5.659056241246126,25,0,0
742,side_green,55,354.0,5.743316719934257,25,0,0
743,side_green,56,379.0,5.311818963783717,27,0,0
744,side_green,55,405.0,5.17253798657603,26,0,0
745,side_green,55,433.0,5.2385539728413235,26,0,0
746,side_green,55,459.0,5.322461909252435,26,0,0
747,side_green,56,485.0,5.2314566374172795,29,0,0
748,side_green,56,513.0,5.242899755598868,28,0,0
749,side_green,56,541.0,5.301896108278221,28,0,0
750,side_green,58,570.0,5.157510375191858,31,0,0
751,side_green,58,599.0,5.247726071475979,29,0,0
752,side_green,58,629.0,5.3368968337160725,30,0,0
753,side_green,59,660.0,5.138021884681586,32,0,0
754,side_green,59,691.0,5.096242332865287,31,0,0
755,side_green,64,724.0,4.609350282942523,38,0,0
756,side_green,65,757.0,4.646275733080484,34,0,0
757,side_green,65,791.0,4.80054424138103,34,0,0
758,side_green,66,826.0,4.80037446296326,36,0,0
759,side_green,65,861.0,4.799018976278977,35,0,0
760,side_green,64,896.0,4.519258072945676,36,0,0
761,side_green,65,932.0,4.626162615242189,37,0,0
762,side_yellow,65,970.0,4.6946586644748445,38,1,1
763,side_yellow,63,1009.0,4.4881601402846085,39,1,1
764,side_yellow,62,1048.0,4.4167261172024554,39,1,1
765,main_green,63,743.0,4.574323998781991,32,2,2
766,main_green,64,463.0,4.903709153908346,24,2,2
767,main_green,64,237.0,5.402911377081303,16,2,2
768,main_green,64,106.0,5.850696168345255,9,2,2
769,main_green,64,26.0,6.607319675685671,4,2,2
770,main_green,64,11.0,7.2100604719479975,3,2,2
771,main_green,61,11.0,7.445757908344786,2,2,2
772,main_green,66,17.0,7.118727298788201,10,2,2
773,main_green,66,24.0,7.400020431967925,5,2,2
774,main_green,65,35.0,7.597888003321648,9,2,2
775,main_green,66,47.0,7.575960041293651,11,2,2
776,main_green,66,52.0,7.94268480768738,12,2,2
777,main_green,65,59.0,8.185925688851171,13,2,2
778,main_green,66,66.0,8.399569301828205,13,2,2
779,main_green,67,59.0,8.674695155578961,12,2,2
780,main_green,67,52.0,9.024057288690468,9,2,2
781,main_green,68,37.0,9.130355774632132,8,2,2
782,main_green,68,31.0,9.519920740694406,5,2,2
783,main_green,67,33.0,9.7497551545689,4,2,2
784,main_green,68,37.0,9.889979643728607,5,2,2
785,main_green,68,41.0,10.245181735496246,4,2,2
786,main_green,68,45.0,10.711326775564913,4,2,2
787,main_green,69,49.0,10.793630108856654,5,2,2
788,main_green,69,53.0,11.144085161524938,4,2,2
789,main_green,74,57.0,10.582602212262282,9,2,2
790,main_green,73,61.0,10.35546007377176,5,2,2
791,main_green,71,65.0,10.207677479595018,4,2,2
792,main_green,71,74.0,10.140109588045792,8,2,2
793,main_green,70,84.0,10.039099396005462,9,2,2
794,main_green,68,94.0,10.215722840330372,8,2,2
795,main_green,66,104.0,10.235840440798656,9,2,2
796,main_green,66,114.0,10.272037530278835,9,2,2
797,main_green,63,124.0,10.228544227258913,8,2,2
798,main_green,61,127.0,10.301705199534421,8,2,2
799,main_green,59,136.0,10.372532936027534,8,2,2
800,main_green,60,145.0,9.505113940121417,13,2,2
801,main_green,59,154.0,9.486678393862604,9,2,2
802,main_green,58,163.0,9.602319016559065,8,2,2
803,main_green,62,172.0,8.982035971815556,13,2,2
804,main_green,62,181.0,9.292968736341125,8,2,2
805,main_green,62,191.0,9.479101445741204,9,2,2
806,main_green,67,201.0,8.935795780510022,14,2,2
807,main_yellow,67,211.0,9.04842100897202,9,3,3
808,main_yellow,67,206.0,8.991260537153279,10,3,3
809,main_yellow,69,212.0,8.564539847196368,12,3,3
810,side_green,69,9.0,8.708453924587122,6,0,0
811,side_green,69,6.0,8.745133192906728,4,0,0
812,side_green,70,10.0,8.871187399584784,5,0,0
813,side_green,69,18.0,8.890995886755798,8,0,0
814,side_green,69,26.0,9.22100317515697,8,0,0
815,side_green,69,36.0,9.438470887349542,10,0,0
816,side_green,69,50.0,9.418672040463816,15,0,0
817,side_green,67,65.0,9.29515697535777,15,0,0
818,side_green,67,81.0,8.907194490483082,17,0,0
819,side_green,64,97.0,8.689255716773745,16,0,0
820,side_green,64,113.0,8.45242041982145,16,0,0
821,side_green,64,130.0,8.357992727151702,17,0,0
822,side_green,64,148.0,8.10770589649141,18,0,0
823,side_green,70,166.0,7.186508824484196,24,0,0
824,side_green,70,187.0,7.1352856043676,19,0,0
825,side_green,70,211.0,6.9560194406184,20,0,0
826,side_green,69,229.0,6.789230447372862,22,0,0
827,side_green,67,248.0,6.450552143357877,23,0,0
828,side_green,64,271.0,6.400586134650601,23,0,0
829,side_green,62,295.0,6.332843144775277,25,0,0
830,side_green,61,319.0,6.313654614465406,25,0,0
831,side_green,57,345.0,6.01462689776118,26,0,0
832,side_green,55,371.0,5.635905591464386,27,0,0
833,side_green,56,397.0,5.6040828727130725,27,0,0
834,side_green,56,424.0,5.735558326808719,27,0,0
835,side_green,56,451.0,5.668331552510133,27,0,0
836,side_green,57,479.0,5.621126101345022,29,0,0
837,side_green,57,508.0,5.606852907852813,29,0,0
838,side_green,58,538.0,5.6056566054861525,31,0,0
839,side_green,57,568.0,5.55495962785509,30,0,0
840,side_green,56,598.0,5.131520671560504,31,0,0
841,side_green,60,628.0,4.722515076760304,34,0,0
842,side_green,57,659.0,4.238617094019335,31,0,0
843,side_green,57,691.0,4.445540506842745,32,0,0
844,side_green,57,724.0,4.468263252039891,33,0,0
845,side_green,58,758.0,4.385337106181877,35,0,0
846,side_green,59,792.0,4.384357489634225,35,0,0
847,side_green,59,827.0,4.5488744217314885,35,0,0
848,side_green,59,862.0,4.489713607098656,35,0,0
849,side_green,59,897.0,4.360283875461803,35,0,0
850,side_green,59,933.0,4.168052811579325,36,0,0
851,side_green,59,970.0,3.923053990383822,37,0,0
852,side_yellow,60,1009.0,3.78666949165695,40,1,1
853,side_yellow,60,1049.0,3.522613293430098,41,1,1
854,side_yellow,59,1090.0,3.3761539833916863,41,1,1
855,main_green,60,789.0,3.4382155605384375,34,2,2
856,main_green,58,505.0,3.4473323655858916,26,2,2
857,main_green,57,266.0,3.7107092427067547,18,2,2
858,main_green,63,101.0,3.7763141426566036,17,2,2
859,main_green,63,36.0,4.397711846037062,5,2,2
860,main_green,62,18.0,4.975236410944927,3,2,2
861,main_green,64,14.0,5.778443026728772,7,2,2
862,main_green,64,22.0,6.657755842605651,6,2,2
863,main_green,64,31.0,7.43432710014188,7,2,2
864,main_green,66,42.0,7.795147204279427,11,2,2
865,main_green,66,54.0,8.161641562192136,10,2,2
866,main_green,66,68.0,8.40203082745592,12,2,2
867,main_green,67,74.0,8.381103687590182,15,2,2
868,main_green,67,70.0,8.702588382249106,13,2,2
869,main_green,68,62.0,8.822059892224017,12,2,2
870,main_green,68,59.0,9.23358146521397,10,2,2
871,main_green,68,56.0,9.658277983798175,8,2,2
872,main_green,68,51.0,9.907522519886594,6,2,2
873,main_green,68,52.0,10.365476364210133,5,2,2
874,main_green,68,52.0,10.658512054768751,4,2,2
875,main_green,73,56.0,9.78287144638832,10,2,2
876,main_green,73,60.0,10.02235360809597,4,2,2
877,main_green,73,64.0,10.169312596013741,4,2,2
878,main_green,73,69.0,10.399233370287444,5,2,2
879,main_green,72,76.0,10.51977749170946,7,2,2
880,main_green,76,84.0,9.905547366317819,13,2,2
881,main_green,75,92.0,9.994326886552159,8,2,2
882,main_green,74,101.0,9.93112767532245,9,2,2
883,main_green,76,111.0,9.219700470306393,13,2,2
884,main_green,74,121.0,9.278018857208664,8,2,2
885,main_green,71,132.0,9.394981818623066,9,2,2
886,main_green,70,144.0,9.496824265997999,11,2,2
887,main_green,67,151.0,9.636325881802914,8,2,2
888,main_green,66,162.0,9.842860971993328,9,2,2
889,main_green,65,173.0,9.549927851200897,11,2,2
890,main_green,64,184.0,9.695526399851802,9,2,2
891,main_green,63,196.0,9.703961380450465,10,2,2
892,main_green,68,208.0,8.72079537943517,16,2,2
893,main_green,68,220.0,8.81907277853207,10,2,2
894,main_green,68,233.0,8.858933609804318,11,2,2
895,main_green,69,247.0,8.885300970120529,13,2,2
896,main_green,69,263.0,8.868674390098617,14,2,2
897,main_yellow,69,279.0,8.857136607575729,14,3,3
898,main_yellow,71,295.0,8.495936309001783,16,3,3
899,main_yellow,70,278.0,8.220769352547045,16,3,3
900,side_green,70,28.0,8.002071702932168,7,0,0
901,side_green,70,9.0,7.864233858762332,4,0,0
902,side_green,70,4.0,7.949366333110163,4,0,0
903,side_green,70,11.0,8.13887797781242,8,0,0
904,side_green,70,19.0,8.334951508891733,9,0,0
905,side_green,69,28.0,8.581353239535508,9,0,0
906,side_green,68,41.0,8.755725589619724,12,0,0
907,side_green,68,57.0,8.733553212220128,13,0,0
908,side_green,67,73.0,8.719966466958496,12,0,0
909,side_green,71,90.0,8.20804581973504,17,0,0
910,side_green,72,107.0,8.29285697450232,14,0,0
911,side_green,72,115.0,8.190788081225483,14,0,0
912,side_green,73,118.0,8.227370593684789,15,0,0
913,side_green,74,134.0,8.06309048539006,17,0,0
914,side_green,71,153.0,7.85683951067663,19,0,0
915,side_green,70,172.0,7.914977358835029,19,0,0
916,side_green,71,193.0,7.762142688384167,22,0,0
917,side_green,69,216.0,7.7449903751579505,23,0,0
918,side_green,67,239.0,7.574754584490786,23,0,0
919,side_green,63,265.0,7.008912144371561,27,0,0
920,side_green,60,291.0,6.500277751411507,27,0,0
921,side_green,58,317.0,6.35376336458571,26,0,0
922,side_green,55,344.0,6.139389166676387,27,0,0
923,side_green,54,371.0,5.941667616934312,27,0,0
924,side_green,54,398.0,6.042042321790767,27,0,0
925,side_green,51,426.0,5.5259237540754675,28,0,0
926,side_green,56,454.0,4.691898868367422,34,0,0
927,side_green,56,482.0,4.537906738819531,28,0,0
928,side_green,56,511.0,4.502978907248072,29,0,0
929,side_green,57,541.0,4.375792820224113,31,0,0
930,side_green,56,571.0,4.308622280338701,30,0,0
931,side_green,56,604.0,4.463303106403516,33,0,0
932,side_green,58,638.0,4.5214223356283245,36,0,0
933,side_green,57,672.0,4.5728820226687015,34,0,0
934,side_green,57,706.0,4.529498513579476,34,0,0
935,side_green,59,740.0,4.200674235974991,36,0,0
936,side_green,59,775.0,4.058911369307355,35,0,0
937,side_green,57,811.0,3.6889524479137905,36,0,0
938,side_green,58,849.0,3.5846737196656013,39,0,0
939,side_green,58,888.0,3.6376963873513213,39,0,0
940,side_green,58,927.0,3.7232964377618893,39,0,0
941,side_green,60,966.0,3.5663758712476645,41,0,0
942,side_yellow,58,1006.0,3.243763363152789,40,1,1
943,side_yellow,61,1047.0,2.551020177775634,45,1,1
944,side_yellow,62,1088.0,2.5095853146803444,42,1,1
945,main_green,61,783.0,2.560781569929564,33,2,2
946,main_green,61,527.0,3.124598388119091,27,2,2
947,main_green,61,306.0,3.7026589612001164,20,2,2
948,main_green,62,156.0,4.438918751056188,15,2,2
949,main_green,63,68.0,5.199108682697903,10,2,2
950,main_green,63,36.0,5.92111533455608,7,2,2
951,main_green,63,29.0,6.527523621035483,8,2,2
952,main_green,63,37.0,7.029179069636882,7,2,2
953,main_green,63,48.0,7.418364512746046,9,2,2
954,main_green,63,60.0,7.834641324327271,10,2,2
955,main_green,64,65.0,8.01282061446339,12,2,2
956,main_green,65,71.0,8.096855360637132,12,2,2
957,main_green,65,77.0,8.438500489570893,11,2,2
958,main_green,65,83.0,8.45227039871981,10,2,2
959,main_green,65,81.0,8.517308193136424,10,2,2
960,main_green,70,78.0,7.9684596322206795,14,2,2
961,main_green,71,76.0,8.065519994589444,9,2,2
962,main_green,71,65.0,8.5185512255113,5,2,2
963,main_green,76,67.0,8.341488896040936,10,2,2
964,main_green,77,75.0,8.66086198622853,9,2,2
965,main_green,77,83.0,9.20206571202951,8,2,2
966,main_green,82,91.0,9.119030575420178,13,2,2
967,main_green,83,99.0,9.539108575382656,9,2,2
968,main_green,81,107.0,9.941875431318708,8,2,2
969,main_green,82,115.0,10.295627359903802,9,2,2
970,main_green,83,123.0,10.510007767817783,9,2,2
971,main_green,81,131.0,10.606327690272575,8,2,2
972,main_green,82,140.0,10.726857422603876,9,2,2
973,main_green,79,147.0,10.714970411377397,8,2,2
974,main_green,77,155.0,10.741211514345085,8,2,2
975,main_green,72,163.0,10.72471872144796,8,2,2
976,main_green,71,171.0,10.711151312514252,8,2,2
977,main_green,69,179.0,10.706991067630385,8,2,2
978,main_green,72,187.0,9.604093735485337,14,2,2
979,main_green,70,196.0,9.496264319614768,9,2,2
980,main_green,70,207.0,9.3665326525276,11,2,2
981,main_green,69,219.0,9.056590445524069,12,2,2
982,main_green,65,232.0,8.629611761541716,13,2,2
983,main_green,65,246.0,8.33487574940727,15,2,2
984,main_green,65,263.0,8.454664320950357,17,2,2
985,main_green,66,283.0,8.435020714875309,21,2,2
986,main_green,66,303.0,8.403482954277493,20,2,2
987,main_yellow,67,323.0,8.358634296072585,21,3,3
988,main_yellow,67,343.0,8.395719097600551,20,3,3
989,main_yellow,67,363.0,8.267710370672575,20,3,3
990,side_green,68,100.0,7.970047941670458,13,0,0
991,side_green,68,29.0,7.946327076290064,4,0,0
992,side_green,68,2.0,7.854502451820144,3,0,0
993,side_green,69,7.0,7.903194364966993,6,0,0
994,side_green,68,15.0,7.946104519044334,8,0,0
995,side_green,71,25.0,7.052709964713437,15,0,0
996,side_green,71,38.0,7.008171349631686,12,0,0
997,side_green,71,55.0,7.280234986299355,13,0,0
998,side_green,72,73.0,7.281197620650283,15,0,0
999,side_green,72,88.0,7.739665947650173,18,0,0
1000,side_green,73,98.0,7.9148161175484155,19,0,0
1001,side_green,74,110.0,8.054115241242583,17,0,0
1002,side_green,72,126.0,8.117024450126165,16,0,0
1003,side_green,72,143.0,8.185103574344865,17,0,0
1004,side_green,71,160.0,8.284631041342974,17,0,0
1005,side_green,70,178.0,8.27738712260082,18,0,0
1006,side_green,71,197.0,8.356688806634027,20,0,0
1007,side_green,71,218.0,8.264577071638353,22,0,0
1008,side_green,68,239.0,8.156695072388763,21,0,0
1009,side_green,62,260.0,7.580084275516188,21,0,0
1010,side_green,60,282.0,7.14463159264472,22,0,0
1011,side_green,59,305.0,6.978293695076324,23,0,0
1012,side_green,62,328.0,6.308664668275178,28,0,0
1013,side_green,59,352.0,6.086367367006143,24,0,0
1014,side_green,58,377.0,5.768996177824697,26,0,0
1015,side_green,58,402.0,5.692042365686896,26,0,0
1016,side_green,58,427.0,5.683445697476615,25,0,0
1017,side_green,58,453.0,5.892520541025027,26,0,0
1018,side_green,58,480.0,5.638131177647492,28,0,0
1019,side_green,58,508.0,5.598370520895411,28,0,0
1020,side_green,56,537.0,5.376236886446992,29,0,0
1021,side_green,55,567.0,4.917382877115804,31,0,0
1022,side_green,55,597.0,4.548750659637329,31,0,0
1023,side_green,55,628.0,4.3369980491256666,31,0,0
1024,side_green,56,660.0,4.1342057497446545,33,0,0
1025,side_green,55,693.0,3.9441608931899643,33,0,0
1026,side_green,55,727.0,3.9558974913081526,34,0,0
1027,side_green,55,762.0,3.914260177693455,35,0,0
1028,side_green,52,798.0,3.383449460835209,36,0,0
1029,side_green,58,834.0,2.9416238134364066,42,0,0
1030,side_green,58,870.0,3.118135654499017,36,0,0
1031,side_green,58,907.0,3.258317205613332,37,0,0
1032,side_yellow,58,946.0,3.2439375041397627,40,1,1
1033,side_yellow,58,985.0,3.3678853093312764,39,1,1
1034,side_yellow,58,1024.0,3.489329326963096,39,1,1
1035,main_green,60,721.0,3.8640125888956756,33,2,2
1036,main_green,60,442.0,4.396951124606926,23,2,2
1037,main_green,60,239.0,4.7736207836127384,16,2,2
1038,main_green,60,106.0,5.140037612682033,10,2,2
1039,main_green,60,28.0,5.845433238605256,4,2,2
1040,main_green,65,11.0,6.174542950226253,8,2,2
1041,main_green,65,11.0,7.056355406494084,2,2,2
1042,main_green,65,14.0,7.821148254388467,3,2,2
1043,main_green,70,19.0,7.668154788680012,8,2,2
1044,main_green,71,26.0,8.04817404682077,6,2,2
1045,main_green,70,35.0,8.294240846772531,7,2,2
1046,main_green,73,37.0,7.8663871646293835,14,2,2
1047,main_green,72,31.0,8.178320648449295,9,2,2
1048,main_green,72,26.0,8.618935832411292,7,2,2
1049,main_green,73,21.0,8.958595423347205,6,2,2
1050,main_green,73,13.0,9.513451329593263,6,2,2
1051,main_green,74,14.0,9.934728251731288,7,2,2
1052,main_green,75,14.0,10.133318634794463,6,2,2
1053,main_green,74,15.0,10.439022865721372,4,2,2
1054,main_green,74,19.0,10.71511327555336,4,2,2
1055,main_green,74,23.0,10.907206708351538,4,2,2
1056,main_green,74,27.0,11.097861996907218,4,2,2
1057,main_green,74,31.0,11.111455869623178,4,2,2
1058,main_green,76,35.0,10.770168398711837,6,2,2
1059,main_green,75,41.0,10.762279776498222,6,2,2
1060,main_green,74,48.0,10.3868959092517,7,2,2
1061,main_green,71,55.0,9.872289796213254,7,2,2
1062,main_green,71,65.0,9.68430164555305,9,2,2
1063,main_green,75,77.0,8.764071526336265,16,2,2
1064,main_green,73,90.0,8.77201640771204,11,2,2
1065,main_green,71,104.0,8.731356660038513,12,2,2
1066,main_green,69,118.0,8.554008883202213,13,2,2
1067,main_green,69,129.0,8.608805865398832,15,2,2
1068,main_green,65,146.0,8.551854880342017,16,2,2
1069,main_green,66,163.0,8.686164196087896,17,2,2
1070,main_green,63,180.0,8.450791649983058,17,2,2
1071,main_green,63,197.0,8.557588567586789,16,2,2
1072,main_green,63,214.0,8.657981316519898,16,2,2
1073,main_green,65,231.0,8.541172012498663,18,2,2
1074,main_green,65,248.0,8.646810705986027,16,2,2
1075,main_green,64,266.0,8.787562213673828,17,2,2
1076,main_green,65,284.0,8.598574216146336,18,2,2
1077,main_yellow,64,302.0,8.577268892548293,17,3,3
1078,main_yellow,64,320.0,8.362781661396683,17,3,3
1079,main_yellow,64,320.0,7.805307577707674,17,3,3
1080,side_green,65,139.0,7.462477648863538,10,0,0
1081,side_green,70,5.0,6.910143904277538,9,0,0
1082,side_green,70,7.0,7.086598152042712,4,0,0
1083,side_green,70,16.0,7.221950129205941,6,0,0
1084,side_green,69,26.0,7.435703322651721,7,0,0
1085,side_green,68,40.0,7.735639436258628,11,0,0
1086,side_green,68,56.0,7.743886319293051,14,0,0
1087,side_green,68,73.0,8.020072312250122,14,0,0
1088,side_green,66,77.0,7.9738257084704065,14,0,0
1089,side_green,65,91.0,8.064293841421582,14,0,0
1090,side_green,65,109.0,8.22501266647594,15,0,0
1091,side_green,65,128.0,8.33687480128447,16,0,0
1092,side_green,65,142.0,8.168826222499858,17,0,0
1093,side_green,65,150.0,8.39743603148074,17,0,0
1094,side_green,65,156.0,8.336987377536309,17,0,0
1095,side_green,67,173.0,7.962213309804566,19,0,0
1096,side_green,65,192.0,7.659473778045172,19,0,0
1097,side_green,62,211.0,7.296002388516763,19,0,0
1098,side_green,66,232.0,6.311164917525716,27,0,0
1099,side_green,63,254.0,6.15409585273468,22,0,0
1100,side_green,61,278.0,6.102523178909076,24,0,0
1101,side_green,62,304.0,5.9311625084588915,28,0,0
1102,side_green,59,330.0,5.89302308548529,26,0,0
1103,side_green,58,357.0,5.941892899262478,27,0,0
1104,side_green,60,384.0,5.84133824559111,29,0,0
1105,side_green,60,411.0,6.09922696655382,27,0,0
1106,side_green,59,438.0,5.967687678296332,27,0,0
1107,side_green,58,465.0,5.832960259293805,27,0,0
1108,side_green,57,494.0,5.637583140937994,29,0,0
1109,side_green,57,523.0,5.385876058715252,30,0,0
1110,side_green,56,553.0,5.044589406169691,31,0,0
1111,side_green,56,584.0,5.108178681516185,31,0,0
1112,side_green,56,615.0,5.028979514388037,31,0,0
1113,side_green,56,647.0,4.986504205028445,32,0,0
1114,side_green,55,679.0,4.671414952734023,32,0,0
1115,side_green,58,711.0,3.8538918367703525,37,0,0
1116,side_green,57,745.0,3.65000975420008,34,0,0
1117,side_green,58,780.0,3.539824675405824,36,0,0
1118,side_green,58,815.0,3.712374431914265,35,0,0
1119,side_green,57,851.0,3.57433519263636,36,0,0
1120,side_green,61,887.0,3.163375514814162,41,0,0
1121,side_green,61,923.0,3.4106076052363594,36,0,0
1122,side_yellow,61,961.0,3.6264231795205477,38,1,1
1123,side_yellow,66,1000.0,3.5050220573182407,44,1,1
1124,side_yellow,66,1039.0,3.790353081188153,39,1,1
1125,main_green,67,752.0,4.0222259142449746,32,2,2
1126,main_green,68,493.0,4.398159210429495,24,2,2
1127,main_green,68,275.0,5.051353302718489,15,2,2
1128,main_green,68,128.0,5.844588526757404,11,2,2
1129,main_green,69,48.0,6.58319150696457,7,2,2
1130,main_green,69,17.0,7.340952501396189,3,2,2
1131,main_green,67,8.0,7.889550938508064,2,2,2
1132,main_green,71,7.0,7.5036313275465565,7,2,2
1133,main_green,71,11.0,7.912094157215314,2,2,2
1134,main_green,71,16.0,8.272267893947426,3,2,2
1135,main_green,72,17.0,8.276199385967516,7,2,2
1136,main_green,72,21.0,8.495802869051973,8,2,2
1137,main_green,72,26.0,8.467753332035409,8,2,2
1138,main_green,74,32.0,8.329955249063373,11,2,2
1139,main_green,74,34.0,8.61353584766684,8,2,2
1140,main_green,74,32.0,8.72386245141376,9,2,2
1141,main_green,75,32.0,8.596511488368563,10,2,2
1142,main_green,75,39.0,8.662461297378561,8,2,2
1143,main_green,76,49.0,8.72131475430268,11,2,2
1144,main_green,76,59.0,9.015241620524806,10,2,2
1145,main_green,75,71.0,9.366083043198847,12,2,2
1146,main_green,75,83.0,9.561223295804533,12,2,2
1147,main_green,77,95.0,9.227396997987414,14,2,2
1148,main_green,76,107.0,8.986151376210604,12,2,2
1149,main_green,80,120.0,8.454361822649727,16,2,2
1150,main_green,81,133.0,8.31815057560445,13,2,2
1151,main_green,80,150.0,8.339016064268398,15,2,2
1152,main_green,79,169.0,8.336226344626967,17,2,2
1153,main_green,78,186.0,8.259700090482271,18,2,2
1154,main_green,78,205.0,8.361322243530012,18,2,2
1155,main_green,76,220.0,8.581208048815112,16,2,2
1156,main_green,73,238.0,8.56263204626475,16,2,2
1157,main_green,71,256.0,8.56176857067799,17,2,2
1158,main_green,69,275.0,8.582990957116166,17,2,2
1159,main_green,66,294.0,8.449220865053755,17,2,2
1160,main_green,66,303.0,8.442482404400605,18,2,2
1161,main_green,66,317.0,8.38432408289519,17,2,2
1162,main_green,64,334.0,8.282744250893352,16,2,2
1163,main_green,63,351.0,8.300716136291541,16,2,2
1164,main_green,63,368.0,8.353779409477776,16,2,2
1165,main_green,62,386.0,8.047536807187893,16,2,2
1166,main_green,68,405.0,7.297283137881213,23,2,2
1167,main_yellow,68,424.0,7.161092965077407,17,3,3
1168,main_yellow,68,439.0,7.214591457314013,17,3,3
1169,main_yellow,69,441.0,6.931815596648892,23,3,3
1170,side_green,69,211.0,7.1997646141493625,13,0,0
1171,side_green,69,16.0,7.4796061429105825,6,0,0
1172,side_green,71,12.0,7.468931746035114,6,0,0
1173,side_green,70,21.0,7.469837052735306,8,0,0
1174,side_green,68,33.0,7.386120482193632,9,0,0
1175,side_green,69,45.0,7.30687506304111,11,0,0
1176,side_green,69,62.0,7.226417948930693,15,0,0
1177,side_green,68,81.0,7.213770156536892,16,0,0
1178,side_green,68,94.0,7.270207015972264,16,0,0
1179,side_green,67,114.0,7.310757927719249,17,0,0
1180,side_green,66,135.0,7.322200706996221,18,0,0
1181,side_green,67,152.0,7.3936092899122015,19,0,0
1182,side_green,67,176.0,7.500009943072595,21,0,0
1183,side_green,72,200.0,7.156467278056971,26,0,0
1184,side_green,72,224.0,7.063971638065416,22,0,0
1185,side_green,71,248.0,7.042245141787336,21,0,0
1186,side_green,70,257.0,7.041204179510856,21,0,0
1187,side_green,70,268.0,7.3105409858831525,23,0,0
1188,side_green,67,292.0,7.270580509935437,23,0,0
1189,side_green,64,302.0,6.921553594861622,25,0,0
1190,side_green,64,326.0,6.895042013471231,24,0,0
1191,side_green,65,350.0,6.9087416424987484,25,0,0
1192,side_green,61,375.0,6.566384994905981,25,0,0
1193,side_green,61,401.0,6.616710207367512,26,0,0
1194,side_green,61,427.0,6.406599135725348,26,0,0
1195,side_green,61,454.0,6.0088229584124795,28,0,0
1196,side_green,60,481.0,5.646537114538448,27,0,0
1197,side_green,56,510.0,5.060384666145765,29,0,0
1198,side_green,56,539.0,4.90048742320329,30,0,0
1199,side_green,54,571.0,4.552354288101262,32,0,0
1200,side_green,59,603.0,4.180366126334555,37,0,0
1201,side_green,57,636.0,3.8087956164239873,34,0,0
1202,side_green,57,669.0,3.842037129110921,33,0,0
1203,side_green,61,703.0,3.524217197228565,39,0,0
1204,side_green,62,737.0,3.751208026392721,35,0,0
1205,side_green,61,772.0,3.992419430224992,35,0,0
1206,side_green,66,807.0,3.8958080937954196,40,0,0
1207,side_green,67,842.0,4.08497165242092,36,0,0
1208,side_green,67,878.0,4.327544547611253,36,0,0
1209,side_green,68,916.0,4.511117607770168,39,0,0
1210,side_green,68,954.0,4.787487045366654,38,0,0
1211,side_green,68,992.0,4.93952448218359,38,0,0
1212,side_yellow,69,1030.0,4.941985164725797,39,1,1
1213,side_yellow,69,1069.0,4.71300357075081,40,1,1
1214,side_yellow,69,1108.0,4.648018117771678,39,1,1
1215,main_green,69,797.0,4.888375541488355,33,2,2
1216,main_green,68,515.0,5.114897809750317,25,2,2
1217,main_green,67,284.0,5.335521107429184,18,2,2
1218,main_green,71,132.0,5.17917639360401,16,2,2
1219,main_green,70,55.0,5.747565779279253,6,2,2
1220,main_green,71,26.0,6.211938960911948,7,2,2
1221,main_green,71,15.0,6.752960517214004,6,2,2
1222,main_green,71,20.0,7.019784571774948,6,2,2
1223,main_green,72,29.0,7.038485213708681,8,2,2
1224,main_green,72,41.0,7.2002817758177535,10,2,2
1225,main_green,72,54.0,7.297997259345583,11,2,2
1226,main_green,72,68.0,7.28214653043661,16,2,2
1227,main_green,74,83.0,7.154855588360404,19,2,2
1228,main_green,74,89.0,7.227559942606107,18,2,2
1229,main_green,74,96.0,7.517558588167998,17,2,2
1230,main_green,75,104.0,7.573240522144408,18,2,2
1231,main_green,75,112.0,7.932244543655214,16,2,2
1232,main_green,75,112.0,8.328101503486684,13,2,2
1233,main_green,76,123.0,8.475676230228588,13,2,2
1234,main_green,76,135.0,8.658319860118063,12,2,2
1235,main_green,81,147.0,8.244866789167302,17,2,2
1236,main_green,81,159.0,8.17110026649174,13,2,2
1237,main_green,81,173.0,8.46495712206144,14,2,2
1238,main_green,82,189.0,8.758308586813001,17,2,2
1239,main_green,82,205.0,9.162088678789567,16,2,2
1240,main_green,82,221.0,9.242248128306134,17,2,2
1241,main_green,82,238.0,9.260493682186715,17,2,2
1242,main_green,80,255.0,9.355353977457147,16,2,2
1243,main_green,79,272.0,9.350627952274124,16,2,2
1244,main_green,78,289.0,9.125847976172988,17,2,2
1245,main_green,75,306.0,9.226904210059761,16,2,2
1246,main_green,72,324.0,8.933772536121928,17,2,2
1247,main_green,70,342.0,8.884849597563916,16,2,2
1248,main_green,68,360.0,8.794707013862569,16,2,2
1249,main_green,69,378.0,8.832111962269227,17,2,2
1250,main_green,69,396.0,8.876289732592708,16,2,2
1251,main_green,67,414.0,8.61966430418679,16,2,2
1252,main_green,72,432.0,7.967416320896435,21,2,2
1253,main_green,70,450.0,7.8621667409300615,16,2,2
1254,main_green,67,469.0,7.708461307474327,17,2,2
1255,main_green,68,490.0,7.71456366942535,20,2,2
1256,main_green,68,511.0,7.764228267630064,19,2,2
1257,main_yellow,69,521.0,7.708714014414774,21,3,3
1258,main_yellow,70,542.0,7.65940149672106,21,3,3
1259,main_yellow,70,545.0,7.497202772415449,21,3,3
1260,side_green,70,257.0,7.604832182727695,13,0,0
1261,side_green,71,33.0,7.5360020853631795,9,0,0
1262,side_green,71,11.0,7.437708764200966,5,0,0
1263,side_green,71,18.0,7.535119472099963,6,0,0
1264,side_green,73,30.0,7.355393256104823,10,0,0
1265,side_green,73,47.0,7.630950525882856,13,0,0
1266,side_green,73,66.0,7.757188620077737,15,0,0
1267,side_green,71,88.0,7.603209152941238,18,0,0
1268,side_green,70,112.0,7.530618314987209,20,0,0
1269,side_green,75,137.0,6.817318604822827,27,0,0
1270,side_green,74,163.0,6.716800499460537,22,0,0
1271,side_green,75,164.0,6.932148697130671,19,0,0
1272,side_green,75,188.0,6.997129356055314,20,0,0
1273,side_green,74,212.0,7.084188559390714,20,0,0
1274,side_green,73,237.0,7.019632677740652,22,0,0
1275,side_green,71,251.0,6.900134631074005,23,0,0
1276,side_green,71,237.0,7.245511455230967,23,0,0
1277,side_green,70,261.0,7.369279518659115,24,0,0
1278,side_green,68,285.0,7.440618699519056,24,0,0
1279,side_green,69,310.0,7.392551655398546,26,0,0
1280,side_green,71,335.0,6.772903872238087,30,0,0
1281,side_green,70,360.0,6.760943723491772,25,0,0
1282,side_green,67,385.0,6.471549299410301,25,0,0
1283,side_green,70,412.0,5.79984792962927,32,0,0
1284,side_green,68,440.0,5.8139277277833505,28,0,0
1285,side_green,65,469.0,5.718326668303175,29,0,0
1286,side_green,70,499.0,5.210497079338072,36,0,0
1287,side_green,67,529.0,5.142291694653802,30,0,0
1288,side_green,67,560.0,5.427735616195,31,0,0
1289,side_green,66,592.0,5.360250413670918,33,0,0
1290,side_green,64,624.0,5.259392380165107,32,0,0
1291,side_green,64,656.0,5.388858793607249,32,0,0
1292,side_green,65,689.0,5.409825718404386,34,0,0
1293,side_green,65,723.0,5.513595344917579,34,0,0
1294,side_green,66,757.0,5.407177880425701,35,0,0
1295,side_green,66,791.0,5.390733695313748,34,0,0
1296,side_green,66,826.0,5.306935993236492,35,0,0
1297,side_green,66,862.0,5.08514784107777,36,0,0
1298,side_green,67,898.0,4.696773976132682,37,0,0
1299,side_green,67,934.0,4.487230742639777,36,0,0
1300,side_green,67,971.0,4.478620350326489,37,0,0
1301,side_green,68,1010.0,4.346166248604175,40,0,0
1302,side_yellow,66,1050.0,4.0529950801924475,40,1,1
1303,side_yellow,71,1090.0,3.643813291445649,45,1,1
1304,side_yellow,72,1130.0,3.556808296149821,41,1,1
1305,main_green,71,824.0,3.6646933042368257,34,2,2
1306,main_green,69,538.0,3.937151440881202,28,2,2
1307,main_green,71,299.0,4.270664696147786,23,2,2
1308,main_green,71,137.0,4.759822343757141,15,2,2
1309,main_green,71,53.0,5.435612328662089,9,2,2
1310,main_green,73,37.0,6.073785414873029,10,2,2
1311,main_green,72,40.0,6.796831871392707,7,2,2
1312,main_green,72,46.0,7.399154738212464,8,2,2
1313,main_green,73,57.0,7.772490124722812,10,2,2
1314,main_green,73,70.0,8.15187645041605,11,2,2
1315,main_green,73,84.0,8.23913385596496,12,2,2
1316,main_green,75,91.0,8.254845014545323,15,2,2
1317,main_green,75,100.0,8.500694628586512,13,2,2
1318,main_green,75,107.0,8.771951248570055,12,2,2
1319,main_green,75,115.0,8.930410259133735,12,2,2
1320,main_green,76,124.0,9.015118817709592,13,2,2
1321,main_green,80,133.0,8.581345783973905,15,2,2
1322,main_green,79,141.0,8.71087626706181,10,2,2
1323,main_green,80,149.0,8.778107621986075,11,2,2
1324,main_green,79,162.0,9.001800276402136,13,2,2
1325,main_green,78,176.0,9.207446038687843,13,2,2
1326,main_green,78,191.0,9.09350090398176,14,2,2
1327,main_green,78,206.0,9.261976682018416,13,2,2
1328,main_green,78,208.0,9.274552128713877,13,2,2
1329,main_green,78,223.0,9.276689653088601,13,2,2
1330,main_green,79,235.0,9.218962930019915,13,2,2
1331,main_green,77,249.0,9.07726677954483,12,2,2
1332,main_green,75,263.0,8.895375801292271,13,2,2
1333,main_green,73,278.0,8.799952258991432,13,2,2
1334,main_green,71,294.0,8.768527099087857,14,2,2
1335,main_green,71,310.0,8.747246150229676,15,2,2
1336,main_green,68,279.0,8.775549443039358,13,2,2
1337,main_green,67,290.0,8.855609581337363,13,2,2
1338,main_green,71,305.0,7.973712438823165,19,2,2
1339,main_green,68,308.0,7.910470330059329,15,2,2
1340,main_green,66,318.0,7.8143640127716605,15,2,2
1341,main_green,67,328.0,7.779446113615877,16,2,2
1342,main_green,67,304.0,8.19477313317224,14,2,2
1343,main_green,67,312.0,8.647789359724438,12,2,2
1344,main_green,69,326.0,8.688272581288937,15,2,2
1345,main_green,68,341.0,8.770095073030884,14,2,2
1346,main_green,67,356.0,8.991041670026952,14,2,2
1347,main_yellow,68,334.0,8.881454706623492,16,3,3
1348,main_yellow,68,344.0,8.911653060834436,14,3,3
1349,main_yellow,69,355.0,8.659728617584406,14,3,3
1350,side_green,69,64.0,8.851658347510044,6,0,0
1351,side_green,69,6.0,9.282512562778901,5,0,0
1352,side_green,68,12.0,9.379136678372982,7,0,0
1353,side_green,68,19.0,9.660135393430398,7,0,0
1354,side_green,65,28.0,9.575360644694687,8,0,0
1355,side_green,69,38.0,9.06934079753457,14,0,0
1356,side_green,68,49.0,8.961914393636281,10,0,0
1357,side_green,67,57.0,9.071689696493722,9,0,0
1358,side_green,66,69.0,8.961469043762698,11,0,0
1359,side_green,66,77.0,9.096107995635215,13,0,0
1360,side_green,72,92.0,8.40342900034049,21,0,0
1361,side_green,71,108.0,8.413330016055436,16,0,0
1362,side_green,71,124.0,8.406662363766081,16,0,0
1363,side_green,75,141.0,7.704238387497488,22,0,0
1364,side_green,75,159.0,7.596181929533952,18,0,0
1365,side_green,72,178.0,7.426299288504727,19,0,0
1366,side_green,72,199.0,7.352613765519454,22,0,0
1367,side_green,71,223.0,7.0715232973375395,25,0,0
1368,side_green,66,248.0,6.54262242493072,25,0,0
1369,side_green,64,276.0,6.121106649134539,29,0,0
1370,side_green,62,305.0,6.071167845184531,29,0,0
1371,side_green,60,334.0,5.746149755547395,29,0,0
1372,side_green,65,364.0,5.088853111382063,36,0,0
1373,side_green,63,394.0,5.053775505488305,30,0,0
1374,side_green,62,425.0,5.1581862924321635,31,0,0
1375,side_green,63,456.0,5.298618296250632,32,0,0
1376,side_green,62,488.0,5.291360011866103,32,0,0
1377,side_green,61,520.0,5.214101232325095,32,0,0
1378,side_green,63,552.0,4.979655791115709,34,0,0
1379,side_green,63,585.0,5.0121442909065195,33,0,0
1380,side_green,62,618.0,4.901736665632223,33,0,0
1381,side_green,62,651.0,4.8903833386556395,33,0,0
1382,side_green,63,685.0,4.993663961846344,35,0,0
1383,side_green,64,719.0,4.978065544507244,35,0,0
1384,side_green,64,753.0,5.016888051797639,34,0,0
1385,side_green,64,788.0,5.124469421359756,35,0,0
1386,side_green,64,823.0,5.1275075796126615,35,0,0
1387,side_green,65,859.0,5.0060583930523,37,0,0
1388,side_green,63,895.0,4.722418127451902,36,0,0
1389,side_green,67,932.0,4.281264172303085,42,0,0
1390,side_green,67,969.0,4.142368464215085,38,0,0
1391,side_green,66,1006.0,4.222569662178448,37,0,0
1392,side_yellow,66,1044.0,4.247905380621218,38,1,1
1393,side_yellow,67,1084.0,4.29191090943824,41,1,1
1394,side_yellow,67,1124.0,4.353676772270032,40,1,1
1395,main_green,67,813.0,4.724028255620158,33,2,2
1396,main_green,69,543.0,5.102960778217274,27,2,2
1397,main_green,69,309.0,5.517935884920823,17,2,2
1398,main_green,69,126.0,6.045470691789397,10,2,2
1399,main_green,69,41.0,6.577643763361007,6,2,2
1400,main_green,70,21.0,7.139516570894043,5,2,2
1401,main_green,70,9.0,7.766422981653563,2,2,2
1402,main_green,68,14.0,8.019151203672346,3,2,2
1403,main_green,68,20.0,8.288497411937305,4,2,2
1404,main_green,69,28.0,8.517246048933744,7,2,2
1405,main_green,66,37.0,8.515780379992009,7,2,2
1406,main_green,70,39.0,7.979730934443067,13,2,2
1407,main_green,69,41.0,7.88074189427155,8,2,2
1408,main_green,69,46.0,7.945792699039382,9,2,2
1409,main_green,69,41.0,8.254919099403834,10,2,2
1410,main_green,70,37.0,8.51861478172673,12,2,2
1411,main_green,70,33.0,8.964271128663897,9,2,2
1412,main_green,71,29.0,9.311294101609718,8,2,2
1413,main_green,72,23.0,9.679136452398232,6,2,2
1414,main_green,72,21.0,10.157848639563946,4,2,2
1415,main_green,73,25.0,10.31231651814492,5,2,2
1416,main_green,73,29.0,10.684524769014992,4,2,2
1417,main_green,72,33.0,10.861485784669577,4,2,2
1418,main_green,74,37.0,10.725060175105368,6,2,2
1419,main_green,74,41.0,10.933440725057356,4,2,2
1420,main_green,73,46.0,11.050180742844978,4,2,2
1421,main_green,72,51.0,10.7776476779748,5,2,2
1422,main_green,71,57.0,10.594764788122632,4,2,2
1423,main_green,72,63.0,9.684314648914274,8,2,2
1424,main_green,71,71.0,9.400034972448088,7,2,2
1425,main_green,69,77.0,9.295874750759243,5,2,2
1426,main_green,68,79.0,9.110282159474588,8,2,2
1427,main_green,64,83.0,9.272630612616815,6,2,2
1428,main_green,64,87.0,9.642941763433889,5,2,2
1429,main_green,60,96.0,9.61926895931223,9,2,2
1430,main_green,60,105.0,9.838140954533449,8,2,2
1431,main_green,58,114.0,9.952167483733035,8,2,2
1432,main_green,56,124.0,10.007655938101404,8,2,2
1433,main_green,57,134.0,9.919202115176777,9,2,2
1434,main_green,56,144.0,9.90546206870042,8,2,2
1435,main_green,57,154.0,9.677159252975468,9,2,2
1436,main_green,57,164.0,9.731011682410607,8,2,2
1437,main_yellow,57,174.0,9.872361710537866,8,3,3
1438,main_yellow,57,185.0,9.723626270308696,9,3,3
1439,main_yellow,57,171.0,9.184441615726888,10,3,3
1440,side_green,62,2.0,8.232350406586594,6,0,0
1441,side_green,63,3.0,8.085400858354815,2,0,0
1442,side_green,63,8.0,8.38675437165285,5,0,0
1443,side_green,68,14.0,8.220732946557964,11,0,0
1444,side_green,66,21.0,8.478436932923717,8,0,0
1445,side_green,66,30.0,8.959103095673973,9,0,0
1446,side_green,71,39.0,8.618313195436604,14,0,0
1447,side_green,69,48.0,8.793593165436471,10,0,0
1448,side_green,67,60.0,8.901999755573788,12,0,0
1449,side_green,68,73.0,9.169702756556015,14,0,0
1450,side_green,68,86.0,9.083570707175893,14,0,0
1451,side_green,67,99.0,9.025860217262052,13,0,0
1452,side_green,68,112.0,8.740576985146166,14,0,0
1453,side_green,68,128.0,8.750633311627508,16,0,0
1454,side_green,67,144.0,8.548015769170526,16,0,0
1455,side_green,66,161.0,8.290571089573398,18,0,0
1456,side_green,66,178.0,8.249019516568678,17,0,0
1457,side_green,64,197.0,7.929518107517326,19,0,0
1458,side_green,65,218.0,6.932639062007668,26,0,0
1459,side_green,62,239.0,6.661006258113014,21,0,0
1460,side_green,58,260.0,6.04292189998365,21,0,0
1461,side_green,54,281.0,5.436727358228194,21,0,0
1462,side_green,53,302.0,5.349041190073984,21,0,0
1463,side_green,54,326.0,5.0278740167899585,25,0,0
1464,side_green,54,354.0,5.249829677054111,24,0,0
1465,side_green,54,382.0,5.1712952161289705,24,0,0
1466,side_green,54,400.0,5.223532432290472,24,0,0
1467,side_green,55,422.0,5.120285076791499,26,0,0
1468,side_green,55,449.0,5.156306060362291,27,0,0
1469,side_green,55,476.0,5.211298225904628,27,0,0
1470,side_green,57,503.0,5.077120432020006,29,0,0
1471,side_green,57,531.0,5.185869428279129,28,0,0
1472,side_green,57,560.0,5.272289357776217,29,0,0
1473,side_green,58,590.0,5.182013599537083,31,0,0
1474,side_green,58,621.0,5.149282826421098,31,0,0
1475,side_green,63,652.0,4.748929768940615,36,0,0
1476,side_green,64,684.0,4.8105960075441025,33,0,0
1477,side_green,64,718.0,4.810780011934081,34,0,0
1478,side_green,65,752.0,4.798616404261639,35,0,0
1479,side_green,63,786.0,4.616899908712214,34,0,0
1480,side_green,64,820.0,4.746721555470219,35,0,0
1481,side_green,64,856.0,4.65614715694887,37,0,0
1482,side_yellow,64,892.0,4.804675064880723,36,1,1
1483,side_yellow,64,928.0,4.790704136334264,36,1,1
1484,side_yellow,63,965.0,4.752777946544066,37,1,1
1485,main_green,64,657.0,4.923404876734838,30,2,2
1486,main_green,65,388.0,5.223234189344828,23,2,2
1487,main_green,64,208.0,5.692916747839657,14,2,2
1488,main_green,64,93.0,6.04338736189571,9,2,2
1489,main_green,63,31.0,6.519485020824555,4,2,2
1490,main_green,63,10.0,7.211226782237417,3,2,2
1491,main_green,62,16.0,7.702102643070149,4,2,2
1492,main_green,66,19.0,7.192151062944153,11,2,2
1493,main_green,66,23.0,7.409203035938299,5,2,2
1494,main_green,64,32.0,7.641037278947259,7,2,2
1495,main_green,64,36.0,7.678494917812954,10,2,2
1496,main_green,64,44.0,7.83706759449723,12,2,2
1497,main_green,64,42.0,8.10543904081003,12,2,2
1498,main_green,65,39.0,8.236099224187798,11,2,2
1499,main_green,66,38.0,8.665058326352288,10,2,2
1500,main_green,66,37.0,8.91982794893901,8,2,2
1501,main_green,67,30.0,9.077167917459878,6,2,2
1502,main_green,67,32.0,9.614619900626835,4,2,2
1503,main_green,66,36.0,9.89108127511211,4,2,2
1504,main_green,66,40.0,10.062305074698607,5,2,2
1505,main_green,66,44.0,10.278219732683157,4,2,2
1506,main_green,66,48.0,10.818268924407109,4,2,2
1507,main_green,67,52.0,10.938132872632098,5,2,2
1508,main_green,67,56.0,11.26501045754767,4,2,2
1509,main_green,72,60.0,10.363040391728443,9,2,2
1510,main_green,72,64.0,10.16640071702378,5,2,2
1511,main_green,68,68.0,9.977198357824808,4,2,2
1512,main_green,68,73.0,10.143699837995944,4,2,2
1513,main_green,68,80.0,10.084322182936848,7,2,2
1514,main_green,67,88.0,10.34464714730451,7,2,2
1515,main_green,64,97.0,10.223810735200694,9,2,2
1516,main_green,63,106.0,10.242914516952862,9,2,2
1517,main_green,61,115.0,10.229849498830797,8,2,2
1518,main_green,58,117.0,10.223448878302309,8,2,2
1519,main_green,57,125.0,10.42989843936241,8,2,2
1520,main_green,59,133.0,9.531578098030623,13,2,2
1521,main_green,60,141.0,9.605910676209504,9,2,2
1522,main_green,57,149.0,9.70626152203894,8,2,2
1523,main_green,62,157.0,9.218941707797702,13,2,2
1524,main_green,62,165.0,9.582347892860788,8,2,2
1525,main_green,62,173.0,9.794164950749915,8,2,2
1526,main_green,67,181.0,9.184646706591854,13,2,2
1527,main_yellow,66,189.0,8.918931434467858,8,3,3
1528,main_yellow,66,198.0,8.752196697586239,8,3,3
1529,main_yellow,68,207.0,8.296844847522724,12,3,3
1530,side_green,68,7.0,8.327474204685666,5,0,0
1531,side_green,68,6.0,8.581710058943605,4,0,0
1532,side_green,69,11.0,8.82091061709813,6,0,0
1533,side_green,69,18.0,9.10136548773475,7,0,0
1534,side_green,69,28.0,9.421996335934024,10,0,0
1535,side_green,69,39.0,9.542962439093163,11,0,0
1536,side_green,68,51.0,9.419447226777212,13,0,0
1537,side_green,68,64.0,9.328098813514195,13,0,0
1538,side_green,68,78.0,9.076474073227832,15,0,0
1539,side_green,68,93.0,8.923914913283571,15,0,0
1540,side_green,66,108.0,8.633025993716487,15,0,0
1541,side_green,66,124.0,8.462721349486555,16,0,0
1542,side_green,65,141.0,8.082458657389093,17,0,0
1543,side_green,70,160.0,7.134421463883944,24,0,0
1544,side_green,69,182.0,7.048915328383368,19,0,0
1545,side_green,69,206.0,7.003050878223534,20,0,0
1546,side_green,69,220.0,6.890924205974801,21,0,0
1547,side_green,68,242.0,6.84287256991441,22,0,0
1548,side_green,67,262.0,6.941813845597049,23,0,0
1549,side_green,63,286.0,6.62598362448451,25,0,0
1550,side_green,61,310.0,6.586306535424979,25,0,0
1551,side_green,55,335.0,6.184954998494505,25,0,0
1552,side_green,56,360.0,6.021741181236079,26,0,0
1553,side_green,57,385.0,6.076645686389378,26,0,0
1554,side_green,55,412.0,5.811417122491354,27,0,0
1555,side_green,55,439.0,5.814237976340398,27,0,0
1556,side_green,56,466.0,5.823519336769867,28,0,0
1557,side_green,56,494.0,5.854937218381523,28,0,0
1558,side_green,57,522.0,5.644899225700855,29,0,0
1559,side_green,55,550.0,5.318391495874449,28,0,0
1560,side_green,55,579.0,5.050148918271542,30,0,0
1561,side_green,59,609.0,4.659865602273467,34,0,0
1562,side_green,59,640.0,4.806841213405847,31,0,0
1563,side_green,58,672.0,4.862284612466114,32,0,0
1564,side_green,58,704.0,4.999303571788169,32,0,0
1565,side_green,59,736.0,4.938576865634885,33,0,0
1566,side_green,60,768.0,4.944892476567596,33,0,0
1567,side_green,58,800.0,4.712918798602514,32,0,0
1568,side_green,58,833.0,4.541975060527923,33,0,0
1569,side_green,58,867.0,4.486263677720663,34,0,0
1570,side_green,58,901.0,4.322426883156748,34,0,0
1571,side_green,58,937.0,4.085121300246387,36,0,0
1572,side_yellow,58,974.0,3.6776535373531978,38,1,1
1573,side_yellow,59,1013.0,3.4851778479942155,40,1,1
1574,side_yellow,58,1053.0,3.4102879949032365,40,1,1
1575,main_green,59,753.0,3.584117617917803,33,2,2
1576,main_green,57,478.0,3.687768809946465,25,2,2
1577,main_green,55,237.0,3.829999986709443,17,2,2
1578,main_green,61,74.0,3.851086826490987,15,2,2
1579,main_green,61,16.0,4.620805732418727,4,2,2
1580,main_green,61,4.0,5.587162954411078,1,2,2
1581,main_green,63,4.0,6.355342204171328,3,2,2
1582,main_green,63,10.0,7.173290515412271,5,2,2
1583,main_green,63,19.0,7.850031187815613,7,2,2
1584,main_green,65,28.0,8.16391497976455,9,2,2
1585,main_green,65,38.0,8.70630181900043,8,2,2
1586,main_green,65,49.0,8.895929626286135,9,2,2
1587,main_green,66,52.0,8.918848898147884,11,2,2
1588,main_green,66,38.0,9.278767758577334,9,2,2
1589,main_green,67,38.0,9.366258578084253,8,2,2
1590,main_green,67,39.0,9.618914614161671,6,2,2
1591,main_green,67,41.0,10.056921342962756,5,2,2
1592,main_green,67,43.0,10.449638382445498,4,2,2
1593,main_green,67,47.0,10.790699387195184,4,2,2
1594,main_green,67,51.0,11.094051960188672,4,2,2
1595,main_green,73,55.0,10.282521350100886,10,2,2
1596,main_green,72,59.0,10.431783998793598,4,2,2
1597,main_green,72,63.0,10.506554035951252,4,2,2
1598,main_green,71,68.0,10.655848264762936,5,2,2
1599,main_green,71,73.0,10.849747842711256,5,2,2
1600,main_green,76,80.0,10.09248225356667,12,2,2
1601,main_green,73,88.0,10.170776798459327,8,2,2
1602,main_green,73,96.0,10.15357445991379,9,2,2
1603,main_green,75,104.0,9.478098486452213,13,2,2
1604,main_green,75,112.0,9.763482620747496,8,2,2
1605,main_green,70,120.0,9.773464788273591,8,2,2
1606,main_green,69,128.0,9.900814093087309,9,2,2
1607,main_green,66,137.0,10.034037610428799,8,2,2
1608,main_green,65,146.0,10.214976870021932,8,2,2
1609,main_green,64,155.0,9.862507493901097,10,2,2
1610,main_green,63,165.0,10.016666739307354,8,2,2
1611,main_green,61,175.0,9.927069783597691,8,2,2
1612,main_green,66,185.0,8.955907413299315,14,2,2
1613,main_green,66,195.0,8.99645787987125,8,2,2
1614,main_green,66,205.0,8.965338795527376,8,2,2
1615,main_green,67,217.0,8.880528162020092,11,2,2
1616,main_green,67,230.0,8.913282340401565,11,2,2
1617,main_yellow,66,244.0,8.901388448505864,12,3,3
1618,main_yellow,68,258.0,8.600914589478686,14,3,3
1619,main_yellow,68,264.0,8.310406708423844,14,3,3
1620,side_green,67,27.0,8.125166680243963,8,0,0
1621,side_green,67,12.0,7.921436873567282,6,0,0
1622,side_green,67,9.0,8.074815805511122,3,0,0
1623,side_green,67,15.0,8.212713762339778,6,0,0
1624,side_green,67,19.0,8.37793578694208,7,0,0
1625,side_green,67,27.0,8.73195619021004,8,0,0
1626,side_green,67,33.0,8.914998461569667,7,0,0
1627,side_green,67,41.0,8.845509056958612,9,0,0
1628,side_green,67,53.0,8.98745830412938,10,0,0
1629,side_green,70,67.0,8.456403109239215,15,0,0
1630,side_green,69,81.0,8.342660799800557,12,0,0
1631,side_green,67,96.0,8.35591126409188,12,0,0
1632,side_green,68,103.0,8.408754857876149,14,0,0
1633,side_green,69,111.0,8.445349372009192,14,0,0
1634,side_green,69,125.0,8.667244409455101,14,0,0
1635,side_green,69,140.0,8.759506656294331,15,0,0
1636,side_green,70,155.0,8.700787648916421,16,0,0
1637,side_green,68,171.0,8.576970037583452,16,0,0
1638,side_green,65,189.0,8.416855783562793,18,0,0
1639,side_green,63,208.0,8.110601818479966,20,0,0
1640,side_green,60,227.0,7.5260583313336635,20,0,0
1641,side_green,55,246.0,7.027211127850287,19,0,0
1642,side_green,52,266.0,6.708259591631632,20,0,0
1643,side_green,50,288.0,6.3566427343951695,22,0,0
1644,side_green,50,310.0,6.433446443019833,22,0,0
1645,side_green,47,333.0,5.9060693182581785,23,0,0
1646,side_green,53,356.0,5.108108645507168,29,0,0
1647,side_green,53,380.0,5.172439343423872,24,0,0
1648,side_green,52,405.0,5.005395133562971,25,0,0
1649,side_green,53,430.0,5.036838023001973,26,0,0
1650,side_green,53,457.0,5.206426540504248,27,0,0
1651,side_green,52,484.0,5.167011757603074,27,0,0
1652,side_green,54,511.0,5.071254332833157,29,0,0
1653,side_green,52,538.0,4.986042633551889,27,0,0
1654,side_green,52,566.0,4.942380504923052,28,0,0
1655,side_green,54,595.0,4.717148950503769,31,0,0
1656,side_green,54,624.0,4.631828845263927,29,0,0
1657,side_green,54,654.0,4.519002160901763,30,0,0
1658,side_green,53,684.0,4.120540545097571,31,0,0
1659,side_green,53,715.0,4.278247029422326,31,0,0
1660,side_green,53,748.0,4.32844608332589,33,0,0
1661,side_green,55,781.0,4.115292050457651,35,0,0
1662,side_yellow,53,815.0,3.6285725600362078,34,1,1
1663,side_yellow,56,849.0,2.860349910586726,38,1,1
1664,side_yellow,56,883.0,2.4965898428279845,35,1,1
1665,main_green,56,583.0,2.78393522546277,29,2,2
1666,main_green,56,344.0,3.4837019603626858,23,2,2
1667,main_green,56,166.0,4.267243891038511,16,2,2
1668,main_green,57,74.0,5.167934930824005,11,2,2
1669,main_green,58,45.0,5.9840155163468305,9,2,2
1670,main_green,58,28.0,6.709324199911261,6,2,2
1671,main_green,58,23.0,7.2322628313100505,5,2,2
1672,main_green,58,28.0,7.773845934591016,4,2,2
1673,main_green,58,36.0,8.07855260131766,6,2,2
1674,main_green,58,42.0,8.197166436747715,8,2,2
1675,main_green,59,48.0,8.038696896289533,8,2,2
1676,main_green,60,49.0,8.210912676435669,8,2,2
1677,main_green,60,50.0,8.476959188081349,6,2,2
1678,main_green,60,52.0,8.743676823281566,6,2,2
1679,main_green,60,55.0,9.03946153507428,5,2,2
1680,main_green,65,57.0,8.510966252778466,9,2,2
1681,main_green,66,61.0,8.679925057289275,5,2,2
1682,main_green,66,66.0,9.147322953340659,5,2,2
1683,main_green,71,72.0,8.874789126548082,11,2,2
1684,main_green,72,78.0,9.078903045240242,7,2,2
1685,main_green,72,84.0,9.430346235013898,6,2,2
1686,main_green,77,90.0,9.025575295904835,11,2,2
1687,main_green,78,98.0,9.320120722880088,9,2,2
1688,main_green,77,107.0,9.642096445227246,8,2,2
1689,main_green,77,116.0,10.098205952540189,8,2,2
1690,main_green,78,125.0,10.059062113866208,10,2,2
1691,main_green,77,134.0,10.199645292614653,8,2,2
1692,main_green,74,144.0,10.283936527755092,8,2,2
1693,main_green,74,148.0,10.295642391742833,9,2,2
1694,main_green,70,157.0,10.38629264995339,8,2,2
1695,main_green,68,166.0,10.344048475736596,8,2,2
1696,main_green,66,175.0,10.33276925088342,8,2,2
1697,main_green,66,184.0,10.11037138652198,8,2,2
1698,main_green,71,193.0,9.131831868269156,14,2,2
1699,main_green,70,204.0,9.017310669079833,10,2,2
1700,main_green,68,216.0,8.793520606469373,11,2,2
1701,main_green,67,229.0,8.661373841856975,12,2,2
1702,main_green,66,245.0,8.477471887231578,15,2,2
1703,main_green,66,261.0,8.19167354244045,16,2,2
1704,main_green,66,279.0,8.167029013105351,17,2,2
1705,main_green,67,298.0,8.008571571375887,19,2,2
1706,main_green,67,319.0,8.09858766823998,20,2,2
1707,main_yellow,68,340.0,7.9619665742909245,21,3,3
1708,main_yellow,68,361.0,7.835553840492455,20,3,3
1709,main_yellow,68,382.0,7.736550412503625,20,3,3
1710,side_green,69,102.0,7.808979915775528,13,0,0
1711,side_green,68,28.0,7.820611409776753,5,0,0
1712,side_green,69,4.0,7.745197932093191,3,0,0
1713,side_green,69,9.0,7.688387695045534,5,0,0
1714,side_green,67,12.0,7.431603046367472,5,0,0
1715,side_green,72,19.0,6.783827169493068,12,0,0
1716,side_green,73,30.0,7.066977992038262,11,0,0
1717,side_green,73,43.0,7.344005601983374,11,0,0
1718,side_green,73,58.0,7.521799776820308,13,0,0
1719,side_green,73,75.0,7.814954880604002,17,0,0
1720,side_green,73,89.0,8.032048331330289,16,0,0
1721,side_green,73,106.0,7.891298548927722,16,0,0
1722,side_green,72,123.0,8.000617183108005,15,0,0
1723,side_green,71,141.0,7.902938595661804,16,0,0
1724,side_green,69,161.0,7.843512385412002,18,0,0
1725,side_green,69,165.0,7.986666115624971,20,0,0
1726,side_green,69,186.0,8.00590218973683,22,0,0
1727,side_green,69,208.0,7.893054714384211,23,0,0
1728,side_green,64,230.0,7.716114843157688,22,0,0
1729,side_green,63,252.0,7.745306879577213,22,0,0
1730,side_green,61,274.0,7.703275207336524,22,0,0
1731,side_green,61,296.0,7.742563713971291,22,0,0
1732,side_green,61,319.0,6.7183060669867345,28,0,0
1733,side_green,60,342.0,6.643049960100133,23,0,0
1734,side_green,58,366.0,6.244355365890118,25,0,0
1735,side_green,58,390.0,5.917032581472992,25,0,0
1736,side_green,58,415.0,5.9550131980050285,25,0,0
1737,side_green,58,440.0,5.914467840128559,25,0,0
1738,side_green,59,467.0,5.859515013235754,28,0,0
1739,side_green,57,494.0,5.5209577060790656,27,0,0
1740,side_green,54,522.0,4.950335152991368,28,0,0
1741,side_green,55,551.0,4.583215955650082,30,0,0
1742,side_green,55,583.0,4.254623797394796,33,0,0
1743,side_green,55,615.0,4.0517144307441555,32,0,0
1744,side_green,56,649.0,3.890580930016996,35,0,0
1745,side_green,56,685.0,3.910110422331855,36,0,0
1746,side_green,56,721.0,4.051961241227362,36,0,0
1747,side_green,55,758.0,3.883321018054564,37,0,0
1748,side_green,52,795.0,3.3290985382391245,37,0,0
1749,side_green,58,832.0,2.9065564735989167,43,0,0
1750,side_green,56,869.0,2.752968818866177,37,0,0
1751,side_green,56,907.0,2.8919642880344605,38,0,0
1752,side_yellow,57,945.0,2.9338481968862182,39,1,1
1753,side_yellow,57,983.0,3.0632882361947513,38,1,1
1754,side_yellow,57,1022.0,3.278056169677101,39,1,1
1755,main_green,59,736.0,3.585003875290226,33,2,2
1756,main_green,59,487.0,4.2154943899911155,23,2,2
1757,main_green,59,309.0,4.675953381117627,17,2,2
1758,main_green,60,173.0,5.213248481523302,12,2,2
1759,main_green,60,64.0,5.786547585879638,5,2,2
1760,main_green,65,37.0,5.917392244766648,9,2,2
1761,main_green,65,11.0,6.798046961898613,3,2,2
1762,main_green,65,15.0,7.543247890046708,3,2,2
1763,main_green,70,21.0,7.557524290317768,9,2,2
1764,main_green,71,20.0,7.908721140054155,6,2,2
1765,main_green,69,22.0,8.092832199453339,6,2,2
1766,main_green,74,25.0,7.732007116585467,12,2,2
1767,main_green,74,28.0,8.034060101194342,6,2,2
1768,main_green,74,32.0,8.318071351820036,6,2,2
1769,main_green,75,30.0,8.720705624580003,11,2,2
1770,main_green,74,29.0,9.241777674101348,9,2,2
1771,main_green,74,27.0,9.369526523804923,8,2,2
1772,main_green,75,23.0,9.508078422811398,6,2,2
1773,main_green,75,20.0,9.852592002126768,4,2,2
1774,main_green,74,24.0,10.1331859960123,4,2,2
1775,main_green,74,28.0,10.420917759049706,4,2,2
1776,main_green,74,32.0,10.639625323086975,4,2,2
1777,main_green,74,36.0,10.763759197058015,4,2,2
1778,main_green,76,40.0,10.405312310526627,6,2,2
1779,main_green,76,45.0,10.434119475868867,5,2,2
1780,main_green,75,52.0,10.233844667183227,7,2,2
1781,main_green,72,60.0,9.745807010958467,8,2,2
1782,main_green,72,68.0,9.266494484890146,8,2,2
1783,main_green,76,78.0,8.340355753340948,16,2,2
1784,main_green,76,91.0,8.370555448128073,12,2,2
1785,main_green,75,105.0,8.396915347131346,13,2,2
1786,main_green,75,122.0,8.27034328255041,16,2,2
1787,main_green,74,141.0,8.324268966653284,18,2,2
1788,main_green,73,160.0,8.425225017794649,17,2,2
1789,main_green,72,179.0,8.39459635069928,18,2,2
1790,main_green,70,192.0,8.382112696679835,17,2,2
1791,main_green,69,210.0,8.60391846421686,16,2,2
1792,main_green,67,228.0,8.561052507443137,16,2,2
1793,main_green,68,246.0,8.31953857416373,18,2,2
1794,main_green,66,264.0,8.303360469792208,16,2,2
1795,main_green,65,283.0,8.364294101871078,17,2,2
1796,main_green,66,302.0,8.434744527153816,18,2,2
1797,main_yellow,66,321.0,8.441169113316862,17,3,3
1798,main_yellow,65,327.0,8.374830101670343,17,3,3
1799,main_yellow,65,345.0,8.108647459745693,17,3,3
1800,side_green,66,148.0,7.943481526487464,10,0,0
1801,side_green,71,1.0,7.529638309356341,6,0,0
1802,side_green,71,2.0,7.6744346911781065,1,0,0
1803,side_green,71,7.0,7.979943983984539,2,0,0
1804,side_green,70,14.0,7.969298723781143,4,0,0
1805,side_green,69,22.0,7.997222357616419,4,0,0
1806,side_green,69,32.0,8.071932236939684,9,0,0
1807,side_green,69,42.0,8.257491392376943,10,0,0
1808,side_green,69,47.0,8.409401100323567,9,0,0
1809,side_green,68,60.0,8.612373957304902,10,0,0
1810,side_green,68,74.0,8.70578965321999,11,0,0
1811,side_green,68,89.0,8.89759857013378,12,0,0
1812,side_green,68,85.0,8.85244373455007,15,0,0
1813,side_green,67,88.0,8.88081327570046,14,0,0
1814,side_green,67,102.0,8.850215779202005,14,0,0
1815,side_green,69,116.0,8.575811194772172,16,0,0
1816,side_green,67,133.0,8.494274471976887,17,0,0
1817,side_green,65,150.0,8.279291890997532,17,0,0
1818,side_green,67,169.0,7.1389586017836875,25,0,0
1819,side_green,65,189.0,7.03568438950241,20,0,0
1820,side_green,63,210.0,6.888044003311496,21,0,0
1821,side_green,63,233.0,6.573808044979753,25,0,0
1822,side_green,59,258.0,6.283423871714968,25,0,0
1823,side_green,58,283.0,6.345778404824227,25,0,0
1824,side_green,60,308.0,6.087697989688133,27,0,0
1825,side_green,60,334.0,6.238363080035337,26,0,0
1826,side_green,58,360.0,5.948613361128983,26,0,0
1827,side_green,55,388.0,5.47095360094082,28,0,0
1828,side_green,55,417.0,5.510642336756626,29,0,0
1829,side_green,56,447.0,5.554432070161807,31,0,0
1830,side_green,57,477.0,5.514064196155044,31,0,0
1831,side_green,57,507.0,5.4427357960792655,30,0,0
1832,side_green,54,538.0,5.084544185348938,31,0,0
1833,side_green,54,569.0,4.991446310308079,31,0,0
1834,side_green,51,601.0,4.412140117487462,32,0,0
1835,side_green,55,633.0,3.830139613582586,37,0,0
1836,side_green,55,666.0,3.7926652479584426,33,0,0
1837,side_green,56,699.0,3.7257771531764456,34,0,0
1838,side_green,56,732.0,3.85223895826839,33,0,0
1839,side_green,56,766.0,3.955990361519801,34,0,0
1840,side_green,61,800.0,3.5987092588990857,39,0,0
1841,side_green,60,836.0,3.6763210173321514,36,0,0
1842,side_yellow,61,872.0,3.763743342187886,37,1,1
1843,side_yellow,65,910.0,3.5828222077967102,42,1,1
1844,side_yellow,65,948.0,3.6911824385993737,38,1,1
1845,main_green,66,676.0,3.922540868624805,32,2,2
1846,main_green,67,445.0,4.436302522744588,26,2,2
1847,main_green,67,263.0,4.98984464396609,17,2,2
1848,main_green,67,143.0,5.688412091706525,11,2,2
1849,main_green,68,60.0,6.379023056042995,8,2,2
1850,main_green,68,18.0,7.060814698467036,4,2,2
1851,main_green,66,16.0,7.352764018946262,4,2,2
1852,main_green,70,22.0,6.953321348010053,10,2,2
1853,main_green,70,28.0,7.294697992340677,4,2,2
1854,main_green,70,30.0,7.612432245681615,7,2,2
1855,main_green,71,34.0,7.936503981804331,9,2,2
1856,main_green,71,38.0,8.343730989932833,8,2,2
1857,main_green,71,47.0,8.523611699393996,11,2,2
1858,main_green,73,55.0,8.424679686310226,12,2,2
1859,main_green,73,45.0,8.626683602072433,9,2,2
1860,main_green,73,33.0,8.740491949052824,8,2,2
1861,main_green,74,35.0,8.630424089904624,9,2,2
1862,main_green,74,38.0,8.74276029145044,8,2,2
1863,main_green,75,48.0,8.827233993948209,11,2,2
1864,main_green,75,58.0,9.131212742756349,10,2,2
1865,main_green,75,70.0,9.360852138412664,12,2,2
1866,main_green,75,82.0,9.661220911799735,12,2,2
1867,main_green,77,94.0,9.486224712068685,14,2,2
1868,main_green,76,106.0,9.559608458777253,12,2,2
1869,main_green,80,118.0,9.070763061186026,16,2,2
1870,main_green,81,131.0,8.954395328412188,13,2,2
1871,main_green,78,146.0,8.832958595960658,14,2,2
1872,main_green,77,163.0,8.821085441224866,16,2,2
1873,main_green,74,180.0,8.65018400099302,17,2,2
1874,main_green,74,198.0,8.71608582640879,17,2,2
1875,main_green,72,210.0,9.009719081652928,16,2,2
1876,main_green,70,227.0,8.947289366370692,17,2,2
1877,main_green,70,244.0,9.052068258994577,16,2,2
1878,main_green,69,261.0,9.093949121876635,16,2,2
1879,main_green,69,278.0,9.230898849552048,16,2,2
1880,main_green,68,295.0,9.049761289440575,17,2,2
1881,main_green,67,312.0,8.884883658228013,17,2,2
1882,main_green,65,329.0,8.96352128544338,16,2,2
1883,main_green,64,346.0,8.957161844872958,16,2,2
1884,main_green,62,363.0,8.74946601260802,16,2,2
1885,main_green,62,380.0,8.59525837573039,16,2,2
1886,main_green,67,397.0,7.597246955133814,22,2,2
1887,main_yellow,66,417.0,7.361523863883969,18,3,3
1888,main_yellow,66,437.0,7.450491944195486,18,3,3
1889,main_yellow,67,443.0,7.272605268585898,21,3,3
1890,side_green,67,210.0,7.427382509717104,13,0,0
1891,side_green,67,19.0,7.581542820822087,6,0,0
1892,side_green,69,5.0,7.5495486294035565,4,0,0
1893,side_green,68,10.0,7.7585861780031795,3,0,0
1894,side_green,67,19.0,7.846213917090636,7,0,0
1895,side_green,68,31.0,7.934857815322115,10,0,0
1896,side_green,68,42.0,7.904347125589878,13,0,0
1897,side_green,66,56.0,7.901018583236481,13,0,0
1898,side_green,67,65.0,8.017123938564502,12,0,0
1899,side_green,67,72.0,8.18624427543891,12,0,0
1900,side_green,65,86.0,8.077665756365729,12,0,0
1901,side_green,66,103.0,8.074084816476416,16,0,0
1902,side_green,66,121.0,8.21342704014091,16,0,0
1903,side_green,71,141.0,7.67305878535877,23,0,0
1904,side_green,71,162.0,7.692460282004741,20,0,0
1905,side_green,71,180.0,7.80420489821368,18,0,0
1906,side_green,71,177.0,8.05559566005075,18,0,0
1907,side_green,69,195.0,8.060853731265167,18,0,0
1908,side_green,65,215.0,7.815126848262039,20,0,0
1909,side_green,65,235.0,7.762149610152822,21,0,0
1910,side_green,60,257.0,7.514521763979204,22,0,0
1911,side_green,59,279.0,7.252488197907449,23,0,0
1912,side_green,58,302.0,7.306112147168895,23,0,0
1913,side_green,55,325.0,6.9444345575068365,23,0,0
1914,side_green,55,349.0,6.966672049339683,24,0,0
1915,side_green,56,373.0,6.760119802816894,25,0,0
1916,side_green,54,397.0,6.280303859064861,24,0,0
1917,side_green,52,422.0,6.026156119761529,25,0,0
1918,side_green,53,447.0,5.723962468409721,26,0,0
1919,side_green,50,472.0,5.130749412142601,25,0,0
1920,side_green,53,499.0,4.1918008915528855,32,0,0
1921,side_green,54,528.0,4.279180341911263,30,0,0
1922,side_green,54,557.0,4.340656579973087,29,0,0
1923,side_green,58,587.0,3.810123841191242,35,0,0
1924,side_green,58,617.0,3.8022630365989496,31,0,0
1925,side_green,58,648.0,4.084415810921756,31,0,0
1926,side_green,63,681.0,4.048731674300653,38,0,0
1927,side_green,64,714.0,4.349281367311202,34,0,0
1928,side_green,63,747.0,4.407688925585051,33,0,0
1929,side_green,64,781.0,4.515339974110512,35,0,0
1930,side_green,64,816.0,4.6682662306205165,35,0,0
1931,side_green,64,851.0,4.775055307655379,35,0,0
1932,side_yellow,65,888.0,4.892928203282541,38,1,1
1933,side_yellow,66,925.0,5.009028236527537,38,1,1
1934,side_yellow,66,963.0,5.03026821304889,38,1,1
1935,main_green,66,672.0,5.264210092285293,30,2,2
1936,main_green,62,422.0,5.146558971615959,23,2,2
1937,main_green,62,214.0,5.576819109115456,15,2,2
1938,main_green,67,85.0,5.561488264772225,13,2,2
1939,main_green,67,29.0,6.067687834552702,3,2,2
1940,main_green,68,13.0,6.463630834786906,5,2,2
1941,main_green,68,12.0,6.886418067903794,4,2,2
1942,main_green,68,19.0,7.041384251866786,5,2,2
1943,main_green,69,29.0,6.943320573221127,9,2,2
1944,main_green,69,41.0,7.0528776894181435,11,2,2
1945,main_green,69,58.0,7.436323143277875,15,2,2
1946,main_green,69,71.0,7.575341041925763,19,2,2
1947,main_green,71,84.0,7.305049506733257,20,2,2
1948,main_green,71,88.0,7.4705782653138,18,2,2
1949,main_green,71,89.0,7.749794491777293,16,2,2
1950,main_green,72,93.0,7.983096821025332,15,2,2
1951,main_green,72,103.0,8.39051034078611,13,2,2
1952,main_green,72,113.0,8.912522395657138,13,2,2
1953,main_green,73,124.0,9.088239711297781,13,2,2
1954,main_green,73,136.0,9.291597200292408,12,2,2
1955,main_green,78,148.0,8.753844992028249,17,2,2
1956,main_green,79,160.0,8.625784336513812,13,2,2
1957,main_green,78,172.0,8.64865451222775,12,2,2
1958,main_green,78,187.0,8.790450709952639,16,2,2
1959,main_green,78,202.0,9.141385433394017,15,2,2
1960,main_green,79,218.0,9.34002036377439,17,2,2
1961,main_green,78,234.0,9.325759453652012,17,2,2
1962,main_green,77,250.0,9.373025226957763,16,2,2
1963,main_green,76,266.0,9.321033505133217,16,2,2
1964,main_green,75,283.0,9.270864644607238,17,2,2
1965,main_green,72,300.0,9.169545231290108,16,2,2
1966,main_green,69,317.0,8.964674429919171,17,2,2
1967,main_green,67,334.0,9.036967041891032,16,2,2
1968,main_green,65,351.0,9.031935323538713,16,2,2
1969,main_green,65,368.0,8.958845442599317,17,2,2
1970,main_green,64,385.0,8.96147362547021,16,2,2
1971,main_green,63,402.0,8.599257061389606,16,2,2
1972,main_green,66,419.0,7.720114376154613,21,2,2
1973,main_green,66,436.0,7.568868829701277,16,2,2
1974,main_green,64,455.0,7.666360027370447,18,2,2
1975,main_green,65,475.0,7.732271447967292,20,2,2
1976,main_green,65,496.0,8.022534435031154,20,2,2
1977,main_yellow,66,517.0,7.916318103401631,21,3,3
1978,main_yellow,67,538.0,7.874974180098104,21,3,3
1979,main_yellow,67,543.0,7.818759665977784,20,3,3
1980,side_green,67,256.0,8.069126216606602,13,0,0
1981,side_green,68,31.0,8.149515216488323,6,0,0
1982,side_green,68,6.0,8.03680548682823,4,0,0
1983,side_green,67,11.0,7.903494621706476,4,0,0
1984,side_green,67,19.0,7.631012299601796,7,0,0
1985,side_green,67,35.0,7.901445435827444,12,0,0
1986,side_green,67,52.0,8.125213399854028,13,0,0
1987,side_green,67,71.0,8.210517793528824,15,0,0
1988,side_green,67,91.0,8.238861847200317,16,0,0
1989,side_green,72,112.0,7.477657389603824,23,0,0
1990,side_green,71,128.0,7.277682375622659,17,0,0
1991,side_green,70,130.0,7.36776615589228,16,0,0
1992,side_green,70,150.0,7.352236455843932,17,0,0
1993,side_green,69,171.0,7.494335460560411,17,0,0
1994,side_green,68,183.0,7.614971583182095,18,0,0
1995,side_green,70,180.0,7.655232662271832,21,0,0
1996,side_green,67,187.0,7.756676243816675,19,0,0
1997,side_green,67,208.0,7.984725903643351,21,0,0
1998,side_green,66,229.0,7.971125794240274,21,0,0
1999,side_green,67,251.0,7.929990811130602,23,0,0
2000,side_green,67,273.0,7.169830997319604,27,0,0
2001,side_green,65,295.0,7.101375529576491,22,0,0
2002,side_green,62,318.0,6.929570761889723,23,0,0
2003,side_green,67,341.0,6.323845550383085,28,0,0
2004,side_green,64,365.0,6.075436966520676,24,0,0
2005,side_green,60,390.0,5.834672323930643,25,0,0
2006,side_green,65,417.0,5.450018915769281,33,0,0
2007,side_green,64,445.0,5.657221992728716,28,0,0
2008,side_green,64,473.0,5.834374624405495,28,0,0
2009,side_green,64,502.0,5.837866658678716,30,0,0
2010,side_green,62,531.0,5.9270894488599835,29,0,0
2011,side_green,61,561.0,5.926681071123742,30,0,0
2012,side_green,62,591.0,5.926242366385524,31,0,0
2013,side_green,62,622.0,5.95350569788006,31,0,0
2014,side_green,63,653.0,5.897218600452209,32,0,0
2015,side_green,63,685.0,5.861441548861192,32,0,0
2016,side_green,63,717.0,5.710623175380352,32,0,0
2017,side_green,63,749.0,5.510673703662998,32,0,0
2018,side_green,64,782.0,5.024854756242945,34,0,0
2019,side_green,63,815.0,4.751646775357129,33,0,0
2020,side_green,63,848.0,4.793980639660531,33,0,0
2021,side_green,64,884.0,4.551088261328767,37,0,0
2022,side_yellow,62,920.0,4.292544940874558,36,1,1
2023,side_yellow,66,956.0,3.624125262779667,41,1,1
2024,side_yellow,65,993.0,3.1241124575545753,38,1,1
2025,main_green,65,703.0,3.393473807970707,30,2,2
2026,main_green,65,432.0,4.0424097888247035,23,2,2
2027,main_green,67,233.0,4.6152555103718695,21,2,2
2028,main_green,67,111.0,5.264932112405624,13,2,2
2029,main_green,67,50.0,5.876385392034494,9,2,2
2030,main_green,69,28.0,6.276203011612422,9,2,2
2031,main_green,69,33.0,6.928737310740515,7,2,2
2032,main_green,69,39.0,7.337513010671756,7,2,2
2033,main_green,70,49.0,7.7620682144524995,9,2,2
2034,main_green,70,54.0,8.076930173634777,9,2,2
2035,main_green,70,62.0,8.452471158361323,11,2,2
2036,main_green,72,70.0,8.481857867355707,12,2,2
2037,main_green,72,69.0,8.7484598625093,10,2,2
2038,main_green,72,68.0,9.025262546730152,10,2,2
2039,main_green,72,65.0,9.382790787382712,7,2,2
2040,main_green,73,64.0,9.489571708367857,7,2,2
2041,main_green,77,61.0,9.307338042591681,8,2,2
2042,main_green,76,65.0,9.392971516887815,4,2,2
2043,main_green,77,71.0,9.587297247280306,7,2,2
2044,main_green,76,77.0,9.728773015126325,6,2,2
2045,main_green,76,84.0,9.968327715748387,7,2,2
2046,main_green,76,92.0,9.974459994518844,9,2,2
2047,main_green,76,100.0,10.201114949828126,8,2,2
2048,main_green,75,109.0,10.475334522856937,8,2,2
2049,main_green,75,119.0,10.58132067147837,9,2,2
2050,main_green,74,129.0,10.447272484009847,10,2,2
2051,main_green,73,136.0,10.452854153315817,8,2,2
2052,main_green,71,146.0,10.146270066477008,9,2,2
2053,main_green,70,156.0,10.235179193680596,8,2,2
2054,main_green,68,166.0,10.098023591072232,8,2,2
2055,main_green,65,176.0,9.938089286153978,9,2,2
2056,main_green,64,186.0,9.928213269350984,8,2,2
2057,main_green,61,196.0,9.845778880298255,8,2,2
2058,main_green,66,207.0,8.834106660773461,15,2,2
2059,main_green,64,219.0,8.582113212196129,10,2,2
2060,main_green,62,233.0,8.442972602650716,12,2,2
2061,main_green,64,247.0,8.347215328494748,14,2,2
2062,main_green,64,262.0,8.614492477151655,13,2,2
2063,main_green,64,279.0,8.85664159978621,15,2,2
2064,main_green,64,296.0,8.628445166169026,17,2,2
2065,main_green,64,313.0,8.830549508738548,15,2,2
2066,main_green,63,330.0,8.979948314323742,15,2,2
2067,main_yellow,64,322.0,8.67327923102194,15,3,3
2068,main_yellow,64,326.0,8.653059576706658,13,3,3
2069,main_yellow,64,341.0,8.136863919138921,15,3,3
2070,side_green,64,55.0,8.061088014144953,8,0,0
2071,side_green,64,8.0,8.113130785553908,4,0,0
2072,side_green,65,15.0,8.372178992652193,8,0,0
2073,side_green,62,24.0,8.564447213517138,9,0,0
2074,side_green,62,35.0,9.01133003473407,11,0,0
2075,side_green,66,47.0,8.47670167526819,17,0,0
2076,side_green,66,59.0,8.898424270317973,12,0,0
2077,side_green,65,71.0,9.047203568108946,12,0,0
2078,side_green,63,83.0,9.102493879103001,12,0,0
2079,side_green,63,96.0,8.971005916540154,13,0,0
2080,side_green,68,110.0,8.03096385469458,20,0,0
2081,side_green,68,125.0,8.087034913823558,15,0,0
2082,side_green,68,142.0,8.176688773706363,17,0,0
2083,side_green,72,160.0,7.541277351576358,23,0,0
2084,side_green,71,180.0,7.6882172148051655,20,0,0
2085,side_green,69,201.0,7.751059300206181,21,0,0
2086,side_green,69,222.0,7.775205641906631,22,0,0
2087,side_green,69,244.0,7.692983885575571,23,0,0
2088,side_green,67,266.0,7.442606939431924,22,0,0
2089,side_green,63,289.0,6.918765982973852,24,0,0
2090,side_green,59,313.0,6.419120685329702,24,0,0
2091,side_green,55,338.0,5.9215786549969955,25,0,0
2092,side_green,60,365.0,5.275906252571858,33,0,0
2093,side_green,58,393.0,5.274893393462129,28,0,0
2094,side_green,58,421.0,5.537308603705466,28,0,0
2095,side_green,58,449.0,5.4006267796228205,29,0,0
2096,side_green,57,477.0,5.420920165435237,28,0,0
2097,side_green,56,506.0,5.275698297842832,29,0,0
2098,side_green,58,536.0,4.9582775618111254,32,0,0
2099,side_green,58,566.0,5.060802390656625,30,0,0
2100,side_green,58,597.0,5.187884468808731,31,0,0
2101,side_green,58,628.0,5.220424677633813,31,0,0
2102,side_green,59,659.0,5.2943522028814565,32,0,0
2103,side_green,60,690.0,5.166940844695895,32,0,0
2104,side_green,60,721.0,5.150209360139942,31,0,0
2105,side_green,60,753.0,5.228488124026784,32,0,0
2106,side_green,60,786.0,5.3473577080101125,33,0,0
2107,side_green,61,819.0,5.378171175209894,34,0,0
2108,side_green,58,853.0,5.081082321071137,34,0,0
2109,side_green,62,887.0,4.399925865449655,39,0,0
2110,side_green,63,921.0,4.397340026449403,35,0,0
2111,side_green,63,955.0,4.46746210619566,34,0,0
2112,side_yellow,63,989.0,4.488337257699989,34,1,1
2113,side_yellow,64,1023.0,4.5439387093864,35,1,1
2114,side_yellow,64,1059.0,4.667807462966277,36,1,1
2115,main_green,64,737.0,4.964574325364516,29,2,2
2116,main_green,66,460.0,5.231991395355508,23,2,2
2117,main_green,66,243.0,5.6640975836450975,15,2,2
2118,main_green,66,97.0,6.2222486329600954,10,2,2
2119,main_green,66,46.0,6.7198953124282825,6,2,2
2120,main_green,67,28.0,7.096009610889705,5,2,2
2121,main_green,67,15.0,7.566796970974663,4,2,2
2122,main_green,65,16.0,7.837735576504761,3,2,2
2123,main_green,65,23.0,8.111052524401833,5,2,2
2124,main_green,66,31.0,8.385100182560217,7,2,2
2125,main_green,62,40.0,8.308748384791743,7,2,2
2126,main_green,66,51.0,7.889149962588931,14,2,2
2127,main_green,67,62.0,7.81060575067058,10,2,2
2128,main_green,67,63.0,7.745604125247747,10,2,2
2129,main_green,67,68.0,7.9505297280584255,13,2,2
2130,main_green,68,59.0,8.201851306653491,13,2,2
2131,main_green,68,54.0,8.521740320296344,13,2,2
2132,main_green,69,45.0,8.728776538001012,11,2,2
2133,main_green,69,37.0,9.02696935676063,9,2,2
2134,main_green,69,36.0,9.41281870960454,7,2,2
2135,main_green,70,35.0,9.628319099841175,7,2,2
2136,main_green,70,35.0,9.887920666589546,6,2,2
2137,main_green,70,34.0,10.175551950920894,5,2,2
2138,main_green,71,36.0,10.127470597017215,6,2,2
2139,main_green,71,40.0,10.528550587133019,4,2,2
2140,main_green,70,44.0,10.688772155958691,4,2,2
2141,main_green,69,48.0,10.714176624443871,5,2,2
2142,main_green,68,52.0,10.770240851817926,4,2,2
2143,main_green,69,57.0,10.039973835732773,8,2,2
2144,main_green,67,62.0,9.771650080471144,5,2,2
2145,main_green,65,68.0,9.843419148709453,5,2,2
2146,main_green,64,75.0,9.872418192213049,7,2,2
2147,main_green,63,83.0,10.01694740895332,7,2,2
2148,main_green,61,91.0,10.05561560579069,7,2,2
2149,main_green,60,100.0,9.998875079193567,8,2,2
2150,main_green,60,110.0,10.137253508690446,8,2,2
2151,main_green,58,120.0,10.210260888694016,8,2,2
2152,main_green,56,130.0,10.154700184786998,8,2,2
2153,main_green,57,140.0,10.011748215581985,9,2,2
2154,main_green,55,150.0,9.882843915296233,8,2,2
2155,main_green,56,160.0,9.753451693362857,9,2,2
2156,main_green,56,170.0,9.8704709009828,8,2,2
2157,main_yellow,56,180.0,9.854350219324575,8,3,3
2158,main_yellow,56,190.0,9.79693369134775,8,3,3
2159,main_yellow,56,189.0,9.50671222504617,8,3,3
2160,side_green,61,1.0,8.298529767415825,6,0,0
2161,side_green,61,3.0,8.025782225515373,3,0,0
2162,side_green,61,7.0,8.142796425853296,3,0,0
2163,side_green,66,13.0,7.841794051365181,10,0,0
2164,side_green,65,18.0,7.79494928545161,8,0,0
2165,side_green,65,26.0,8.111309833883656,8,0,0
2166,side_green,69,35.0,7.806072461104641,14,0,0
2167,side_green,70,46.0,8.00874409304649,12,0,0
2168,side_green,70,59.0,8.342499964054062,13,0,0
2169,side_green,71,74.0,8.388361726047329,16,0,0
2170,side_green,71,91.0,8.487756549592211,18,0,0
2171,side_green,71,109.0,8.591066441094922,18,0,0
2172,side_green,69,127.0,8.26441701594853,19,0,0
2173,side_green,69,145.0,8.346515866481298,18,0,0
2174,side_green,68,165.0,8.092200785514544,20,0,0
2175,side_green,69,186.0,7.960544850623867,22,0,0
2176,side_green,69,209.0,7.825696418984093,23,0,0
2177,side_green,69,232.0,7.655268436914109,23,0,0
2178,side_green,70,255.0,6.6604044650630145,28,0,0
2179,side_green,68,278.0,6.369618123503481,23,0,0
2180,side_green,63,303.0,5.81125472960612,25,0,0
2181,side_green,60,328.0,5.421766054586639,25,0,0
2182,side_green,57,354.0,5.200517672624773,26,0,0
2183,side_green,58,381.0,5.138793877866572,29,0,0
2184,side_green,56,411.0,5.061858536450049,27,0,0
2185,side_green,56,441.0,5.146584084916241,27,0,0
2186,side_green,56,462.0,5.294371827251053,27,0,0
2187,side_green,57,490.0,5.188830103165217,29,0,0
2188,side_green,57,519.0,5.174240978823192,29,0,0
2189,side_green,57,548.0,5.1559427670250315,29,0,0
2190,side_green,59,579.0,4.920680764303844,33,0,0
2191,side_green,59,610.0,4.982020505691052,31,0,0
2192,side_green,59,642.0,5.049225197126121,32,0,0
2193,side_green,60,675.0,4.977281050055835,34,0,0
2194,side_green,60,708.0,4.989763524581341,33,0,0
2195,side_green,65,741.0,4.6136849822553785,38,0,0
2196,side_green,66,776.0,4.755153785777453,36,0,0
2197,side_green,66,811.0,4.929531415469865,35,0,0
2198,side_green,67,846.0,5.041744969455077,36,0,0
2199,side_green,66,882.0,5.105902399277584,36,0,0
2200,side_green,66,918.0,5.094090287808088,37,0,0
2201,side_green,66,954.0,4.924986883172064,37,0,0
2202,side_yellow,64,991.0,4.756341988007364,37,1,1
2203,side_yellow,63,1029.0,4.716634797753218,38,1,1
2204,side_yellow,63,1067.0,4.57925952280784,38,1,1
2205,main_green,64,766.0,4.536335593293777,32,2,2
2206,main_green,64,498.0,4.647287094188724,24,2,2
2207,main_green,64,269.0,5.108813555762899,16,2,2
2208,main_green,64,135.0,5.596608272905564,10,2,2
2209,main_green,64,28.0,6.079684561282333,4,2,2
2210,main_green,64,8.0,6.70344024229047,2,2,2
2211,main_green,62,9.0,7.242885726528298,2,2,2
2212,main_green,67,15.0,6.927776338930643,10,2,2
2213,main_green,66,22.0,6.987352879654429,5,2,2
2214,main_green,65,30.0,7.2440880409269095,6,2,2
2215,main_green,66,41.0,7.367793086696037,10,2,2
2216,main_green,66,47.0,7.684441911605354,12,2,2
2217,main_green,66,53.0,8.125667154322835,12,2,2
2218,main_green,67,48.0,8.457434744872188,11,2,2
2219,main_green,68,49.0,8.717182159401924,10,2,2
2220,main_green,68,39.0,8.874092545760375,8,2,2
2221,main_green,69,33.0,9.204080070326805,8,2,2
2222,main_green,69,34.0,9.455059315643357,5,2,2
2223,main_green,68,35.0,9.610889783305694,4,2,2
2224,main_green,69,39.0,9.73422366362461,5,2,2
2225,main_green,69,43.0,10.005018017229073,4,2,2
2226,main_green,69,47.0,10.399921338041525,4,2,2
2227,main_green,70,51.0,10.459149939257568,5,2,2
2228,main_green,70,55.0,10.756988467643467,4,2,2
2229,main_green,75,59.0,10.195947889927075,9,2,2
2230,main_green,75,63.0,10.054884354984187,5,2,2
2231,main_green,74,68.0,9.881813138816362,5,2,2
2232,main_green,74,75.0,9.857990824359986,6,2,2
2233,main_green,74,84.0,9.865601046789331,8,2,2
2234,main_green,72,94.0,9.977650693621943,8,2,2
2235,main_green,70,104.0,9.969160410375569,9,2,2
2236,main_green,68,114.0,9.94241656972021,9,2,2
2237,main_green,66,124.0,10.131999016164091,8,2,2
2238,main_green,64,134.0,10.240530689189265,8,2,2
2239,main_green,62,136.0,10.337992952571787,8,2,2
2240,main_green,64,145.0,9.550998401516443,13,2,2
2241,main_green,61,154.0,9.39205687658003,9,2,2
2242,main_green,59,163.0,9.562836641854622,8,2,2
2243,main_green,62,172.0,8.86001143589281,13,2,2
2244,main_green,62,181.0,9.124317121575508,8,2,2
2245,main_green,62,190.0,9.21984644973678,8,2,2
2246,main_green,67,200.0,8.622728771091985,14,2,2
2247,main_yellow,67,195.0,8.897052393397306,9,3,3
2248,main_yellow,67,201.0,8.95951590212862,8,3,3
2249,main_yellow,69,212.0,8.72605507939121,13,3,3
2250,side_green,69,8.0,8.924823503116313,5,0,0
2251,side_green,69,5.0,9.011325626553864,4,0,0
2252,side_green,70,10.0,9.118819604864447,6,0,0
2253,side_green,70,17.0,9.162611038550674,7,0,0
2254,side_green,69,25.0,9.274579693994397,8,0,0
2255,side_green,69,36.0,9.446680977357344,11,0,0
2256,side_green,70,48.0,9.457068241354468,13,0,0
2257,side_green,69,62.0,9.228550237921207,14,0,0
2258,side_green,68,77.0,8.620725316084693,16,0,0
2259,side_green,67,94.0,8.350619521966681,17,0,0
2260,side_green,66,111.0,8.129219929248098,17,0,0
2261,side_green,66,129.0,7.921013386087569,18,0,0
2262,side_green,65,148.0,7.791871400812622,19,0,0
2263,side_green,69,169.0,6.961825369633169,27,0,0
2264,side_green,68,192.0,6.779838292848261,21,0,0
2265,side_green,68,215.0,6.659376659809739,23,0,0
2266,side_green,68,236.0,6.662665425815267,22,0,0
2267,side_green,69,258.0,6.740628053444248,25,0,0
2268,side_green,69,282.0,6.696251154566105,25,0,0
2269,side_green,61,306.0,6.255715227915816,24,0,0
2270,side_green,60,333.0,6.201205222439731,28,0,0
2271,side_green,57,360.0,5.783343880145348,28,0,0
2272,side_green,57,387.0,5.769774596574191,27,0,0
2273,side_green,58,415.0,5.821519429072706,29,0,0
2274,side_green,57,443.0,5.745118327643052,28,0,0
2275,side_green,57,471.0,5.688388514117233,28,0,0
2276,side_green,58,499.0,5.5909784819616,29,0,0
2277,side_green,58,529.0,5.659257067902474,30,0,0
2278,side_green,59,560.0,5.445274579436686,32,0,0
2279,side_green,57,591.0,5.245920597121643,31,0,0
2280,side_green,57,622.0,4.8930648854168926,32,0,0
2281,side_green,61,653.0,4.374215235666566,35,0,0
2282,side_green,59,685.0,4.253651315571971,32,0,0
2283,side_green,58,718.0,4.144601922643975,33,0,0
2284,side_green,58,753.0,4.321582099540691,35,0,0
2285,side_green,59,788.0,4.292002995323904,36,0,0
2286,side_green,60,823.0,4.371632132222838,36,0,0
2287,side_green,60,858.0,4.368621982214971,35,0,0
2288,side_green,60,894.0,4.1810326147866235,36,0,0
2289,side_green,60,930.0,3.9866820279110753,36,0,0
2290,side_green,60,967.0,3.821346373633538,37,0,0
2291,side_green,60,1007.0,3.825229650009158,40,0,0
2292,side_yellow,61,1048.0,3.768724722299708,42,1,1
2293,side_yellow,61,1089.0,3.5493713174195096,42,1,1
2294,side_yellow,61,1130.0,3.452002382980855,41,1,1
2295,main_green,61,832.0,3.5028192343303712,35,2,2
2296,main_green,60,554.0,3.7057659567762116,26,2,2
2297,main_green,57,312.0,3.739320725195404,19,2,2
2298,main_green,63,130.0,3.767488720127217,17,2,2
2299,main_green,63,40.0,4.383360517480612,5,2,2
2300,main_green,63,16.0,5.061078525627842,3,2,2
2301,main_green,65,13.0,5.8558937831395035,7,2,2
2302,main_green,65,18.0,6.555526780189771,5,2,2
2303,main_green,65,27.0,7.134902533493316,7,2,2
2304,main_green,67,37.0,7.5598889613629545,10,2,2
2305,main_green,67,50.0,7.934801480417289,11,2,2
2306,main_green,67,64.0,8.106153460862123,12,2,2
2307,main_green,68,70.0,8.295185413472831,14,2,2
2308,main_green,68,76.0,8.641000285624745,13,2,2
2309,main_green,69,73.0,8.684963503183551,14,2,2
2310,main_green,69,67.0,8.898126981488918,11,2,2
2311,main_green,69,49.0,9.388202304398462,7,2,2
2312,main_green,69,50.0,9.720573758838814,6,2,2
2313,main_green,69,51.0,10.028190562098123,5,2,2
2314,main_green,69,56.0,10.241779574414462,5,2,2
2315,main_green,74,55.0,9.457666874182463,10,2,2
2316,main_green,74,59.0,9.617314762171837,4,2,2
2317,main_green,74,64.0,9.899352619878048,5,2,2
2318,main_green,74,71.0,10.12514227438958,7,2,2
2319,main_green,74,79.0,10.399518214028749,8,2,2
2320,main_green,78,87.0,9.858352802774196,13,2,2
2321,main_green,75,96.0,9.867633952412397,8,2,2
2322,main_green,75,105.0,9.706202155173216,9,2,2
2323,main_green,78,115.0,9.050134178768303,14,2,2
2324,main_green,78,125.0,9.283948853474707,9,2,2
2325,main_green,76,136.0,9.426762098417399,10,2,2
2326,main_green,75,147.0,9.57724339122607,11,2,2
2327,main_green,72,158.0,9.670692391131716,10,2,2
2328,main_green,70,169.0,9.949821864257867,10,2,2
2329,main_green,70,180.0,9.803069688061745,12,2,2
2330,main_green,68,177.0,10.062986601788634,8,2,2
2331,main_green,63,187.0,9.905616210045617,8,2,2
2332,main_green,68,197.0,8.898282129116245,14,2,2
2333,main_green,68,208.0,8.868119538882022,9,2,2
2334,main_green,68,219.0,8.96891447566743,9,2,2
2335,main_green,69,233.0,9.067275518592364,13,2,2
2336,main_green,69,248.0,9.040095894823905,13,2,2
2337,main_yellow,68,256.0,9.0553974218041,13,3,3
2338,main_yellow,70,270.0,8.635981436241606,15,3,3
2339,main_yellow,69,284.0,8.046081665437194,13,3,3
2340,side_green,69,35.0,7.737238226903204,9,0,0
2341,side_green,69,8.0,7.611362136371664,4,0,0
2342,side_green,68,2.0,7.783733898182326,2,0,0
2343,side_green,69,6.0,8.109262694695932,5,0,0
2344,side_green,69,13.0,8.359715629361077,8,0,0
2345,side_green,69,22.0,8.732995596026159,9,0,0
2346,side_green,68,31.0,8.828729819159658,9,0,0
2347,side_green,68,44.0,8.579416500929195,12,0,0
2348,side_green,67,58.0,8.365806646382172,11,0,0
2349,side_green,71,72.0,7.845264107115315,15,0,0
2350,side_green,71,88.0,7.912770306418415,14,0,0
2351,side_green,71,101.0,8.01350015442273,15,0,0
2352,side_green,72,120.0,7.986787224332143,18,0,0
2353,side_green,73,126.0,8.098010988743416,18,0,0
2354,side_green,72,145.0,8.122973702017891,19,0,0
2355,side_green,72,164.0,8.197203772388805,19,0,0
2356,side_green,70,185.0,7.972765593591141,22,0,0
2357,side_green,70,206.0,7.990404144815847,21,0,0
2358,side_green,64,227.0,7.5767839363484955,21,0,0
2359,side_green,63,251.0,7.351283486532382,25,0,0
2360,side_green,61,275.0,6.780018342740437,25,0,0
2361,side_green,58,299.0,6.393234318204805,24,0,0
2362,side_green,55,325.0,6.1232218150107975,26,0,0
2363,side_green,55,351.0,6.02987511038433,26,0,0
2364,side_green,54,377.0,5.856209190022143,26,0,0
2365,side_green,53,403.0,5.626593485046979,26,0,0
2366,side_green,58,431.0,4.903014167070916,34,0,0
2367,side_green,58,461.0,4.908817005479635,30,0,0
2368,side_green,57,491.0,4.71912662559237,30,0,0
2369,side_green,58,521.0,4.664074963845914,31,0,0
2370,side_green,58,552.0,4.791288748019412,31,0,0
2371,side_green,57,583.0,4.72225938157544,31,0,0
2372,side_green,57,615.0,4.406773989879273,34,0,0
2373,side_green,56,649.0,4.317230871714901,34,0,0
2374,side_green,56,683.0,4.163229018120857,34,0,0
2375,side_green,58,717.0,3.917481558424525,36,0,0
2376,side_green,58,752.0,3.878722598971259,35,0,0
2377,side_green,59,787.0,3.7793916474001024,36,0,0
2378,side_green,59,824.0,3.808775384909114,37,0,0
2379,side_green,58,863.0,3.6404862253558252,39,0,0
2380,side_green,58,902.0,3.680418140071593,39,0,0
2381,side_green,60,941.0,3.5651700321831625,41,0,0
2382,side_yellow,57,981.0,3.0184746346356275,40,1,1
2383,side_yellow,61,1021.0,2.598771609812744,44,1,1
2384,side_yellow,61,1062.0,2.2445475801095736,42,1,1
2385,main_green,61,769.0,2.5148180729046756,34,2,2
2386,main_green,61,522.0,3.052678969035515,26,2,2
2387,main_green,61,314.0,3.7145413807003753,21,2,2
2388,main_green,62,168.0,4.444021023745087,15,2,2
2389,main_green,63,81.0,5.380427339189034,11,2,2
2390,main_green,63,32.0,6.229317597998959,7,2,2
2391,main_green,63,25.0,6.9402717223062025,6,2,2
2392,main_green,63,30.0,7.3966624944639525,5,2,2
2393,main_green,63,39.0,7.870418947578056,7,2,2
2394,main_green,63,49.0,8.289209200682253,8,2,2
2395,main_green,64,61.0,8.35951746466353,11,2,2
2396,main_green,65,67.0,8.52346925003189,12,2,2
2397,main_green,65,73.0,8.747845362750299,11,2,2
2398,main_green,65,80.0,8.700990146940523,11,2,2
2399,main_green,65,77.0,8.646075140982333,11,2,2
2400,main_green,70,74.0,8.091447362319109,14,2,2
2401,main_green,71,72.0,8.148725363331753,9,2,2
2402,main_green,71,69.0,8.357735807141417,7,2,2
2403,main_green,76,71.0,8.407381967868261,13,2,2
2404,main_green,77,79.0,8.809689489087086,9,2,2
2405,main_green,77,87.0,9.329292464272239,8,2,2
2406,main_green,82,95.0,9.13346584661098,13,2,2
2407,main_green,83,103.0,9.415582601056403,9,2,2
2408,main_green,81,111.0,9.830620976059869,8,2,2
2409,main_green,82,119.0,10.14242009891973,9,2,2
2410,main_green,83,127.0,10.309667597036636,9,2,2
2411,main_green,81,135.0,10.528602360947762,8,2,2
2412,main_green,81,144.0,10.582571753110052,9,2,2
2413,main_green,78,153.0,10.73401998918737,8,2,2
2414,main_green,78,162.0,10.826325048470956,8,2,2
2415,main_green,75,171.0,10.753439208418419,8,2,2
2416,main_green,73,180.0,10.842108440902043,8,2,2
2417,main_green,68,190.0,10.667056278570696,8,2,2
2418,main_green,73,200.0,9.629769626677074,14,2,2
2419,main_green,72,210.0,9.383066540343473,8,2,2
2420,main_green,71,221.0,9.180778177200358,9,2,2
2421,main_green,69,234.0,9.009169261907095,11,2,2
2422,main_green,68,247.0,8.777865698420392,11,2,2
2423,main_green,67,264.0,8.547547608112637,16,2,2
2424,main_green,65,282.0,8.408566399120383,16,2,2
2425,main_green,66,301.0,8.220875212430892,18,2,2
2426,main_green,66,322.0,8.390527376224853,19,2,2
2427,main_yellow,67,344.0,8.169900344914918,21,3,3
2428,main_yellow,67,354.0,8.18446645886637,20,3,3
2429,main_yellow,67,357.0,8.00929376815096,20,3,3
2430,side_green,68,91.0,7.916284179861286,14,0,0
2431,side_green,68,26.0,8.083824033538248,5,0,0
2432,side_green,69,4.0,8.137907792728436,3,0,0
2433,side_green,68,8.0,8.118022203625014,5,0,0
2434,side_green,67,15.0,8.07323098853669,7,0,0
2435,side_green,72,24.0,7.305798887235072,14,0,0
2436,side_green,73,35.0,7.255933469114168,11,0,0
2437,side_green,72,52.0,7.30443789307016,13,0,0
2438,side_green,73,71.0,7.53863121343356,16,0,0
2439,side_green,73,79.0,7.857507493666103,17,0,0
2440,side_green,72,90.0,7.8554093178639794,16,0,0
2441,side_green,72,105.0,8.020055188597361,16,0,0
2442,side_green,71,122.0,8.149760770323688,17,0,0
2443,side_green,70,139.0,8.24146496564537,17,0,0
2444,side_green,69,157.0,8.303104416653774,18,0,0
2445,side_green,69,176.0,8.437304382017372,19,0,0
2446,side_green,70,196.0,8.378534136334737,21,0,0
2447,side_green,69,217.0,8.197087408099355,22,0,0
2448,side_green,68,238.0,7.962959942327546,21,0,0
2449,side_green,59,260.0,7.254124554081499,22,0,0
2450,side_green,56,283.0,6.92917337976874,23,0,0
2451,side_green,55,307.0,6.7991062262262565,24,0,0
2452,side_green,58,331.0,6.086497670194677,29,0,0
2453,side_green,58,355.0,6.143555464337366,24,0,0
2454,side_green,57,380.0,5.8609989596381995,26,0,0
2455,side_green,58,405.0,5.916380567904052,26,0,0
2456,side_green,58,430.0,6.03545247284013,25,0,0
2457,side_green,58,456.0,6.1489320514011565,26,0,0
2458,side_green,58,482.0,6.016274697856477,27,0,0
2459,side_green,56,508.0,5.750700042163888,26,0,0
2460,side_green,54,536.0,5.07037086645714,29,0,0
2461,side_green,54,565.0,4.83799009146417,29,0,0
2462,side_green,55,595.0,4.499167259285042,31,0,0
2463,side_green,56,627.0,4.285785370341204,33,0,0
2464,side_green,55,659.0,3.8873856746591686,32,0,0
2465,side_green,54,694.0,3.6947302974074665,35,0,0
2466,side_green,54,730.0,3.7040891619302774,36,0,0
2467,side_green,54,767.0,3.7106271198813716,37,0,0
2468,side_green,52,804.0,3.312170967705416,37,0,0
2469,side_green,58,841.0,2.986016151166345,43,0,0
2470,side_green,58,878.0,3.014219746567081,37,0,0
2471,side_green,57,915.0,3.0232643378271735,37,0,0
2472,side_yellow,58,953.0,3.1021172933946852,39,1,1
2473,side_yellow,57,992.0,3.131425684650871,39,1,1
2474,side_yellow,57,1031.0,3.2979770861941553,39,1,1
2475,main_green,59,729.0,3.546287844366826,33,2,2
2476,main_green,59,453.0,4.079985797356065,23,2,2
2477,main_green,59,244.0,4.537252411993888,16,2,2
2478,main_green,60,104.0,5.139628228858155,10,2,2
2479,main_green,60,28.0,5.851571363531829,3,2,2
2480,main_green,65,11.0,6.228450436855792,8,2,2
2481,main_green,65,12.0,7.141618625240035,3,2,2
2482,main_green,65,15.0,7.830209190531691,3,2,2
2483,main_green,70,21.0,7.7586323263012265,9,2,2
2484,main_green,71,29.0,8.116051815817999,7,2,2
2485,main_green,67,39.0,8.211022299522682,8,2,2
2486,main_green,72,40.0,8.028935278114783,13,2,2
2487,main_green,72,42.0,8.349388078571902,8,2,2
2488,main_green,72,23.0,8.76433220039185,5,2,2
2489,main_green,73,10.0,9.143907206822496,5,2,2
2490,main_green,73,10.0,9.678786081516566,5,2,2
2491,main_green,74,11.0,9.918461888897896,6,2,2
2492,main_green,75,13.0,10.164644813272282,6,2,2
2493,main_green,75,15.0,10.49901242583566,4,2,2
2494,main_green,74,19.0,10.777058494337213,4,2,2
2495,main_green,74,23.0,11.01202940531974,4,2,2
2496,main_green,74,27.0,11.17370778071582,4,2,2
2497,main_green,74,31.0,11.187047578746537,4,2,2
2498,main_green,76,35.0,10.91755020760481,6,2,2
2499,main_green,76,39.0,10.720231468747226,4,2,2
2500,main_green,75,44.0,10.461030556669394,5,2,2
2501,main_green,70,51.0,9.841402908230485,7,2,2
2502,main_green,70,59.0,9.484158051797671,8,2,2
2503,main_green,75,71.0,8.714094789771691,18,2,2
2504,main_green,71,85.0,8.572310873179568,12,2,2
2505,main_green,70,99.0,8.648697179462971,12,2,2
2506,main_green,69,115.0,8.558572411892046,15,2,2
2507,main_green,68,132.0,8.424051645812057,16,2,2
2508,main_green,64,144.0,8.380941993998324,15,2,2
2509,main_green,65,160.0,8.510174492070776,16,2,2
2510,main_green,64,176.0,8.357475468439171,16,2,2
2511,main_green,63,193.0,8.45627222240411,16,2,2
2512,main_green,63,210.0,8.655381429794362,16,2,2
2513,main_green,65,227.0,8.55563352659815,18,2,2
2514,main_green,65,244.0,8.716005710462792,16,2,2
2515,main_green,64,261.0,8.792215388551536,16,2,2
2516,main_green,64,278.0,8.579270822080964,17,2,2
2517,main_yellow,64,282.0,8.634404916243772,17,3,3
2518,main_yellow,64,297.0,8.498592772626866,16,3,3
2519,main_yellow,64,314.0,8.164647169385843,17,3,3
2520,side_green,65,136.0,7.935452326929597,11,0,0
2521,side_green,70,6.0,7.379444980937119,8,0,0
2522,side_green,70,11.0,7.53984513411108,5,0,0
2523,side_green,70,18.0,7.8364658874219275,5,0,0
2524,side_green,69,28.0,7.8313844414294485,6,0,0
2525,side_green,69,43.0,7.915034647157022,11,0,0
2526,side_green,67,59.0,7.639330315526996,13,0,0
2527,side_green,67,73.0,7.859102294106617,12,0,0
2528,side_green,66,79.0,7.803098902179386,11,0,0
2529,side_green,66,95.0,7.913901268525746,12,0,0
2530,side_green,66,112.0,7.9349772003272205,13,0,0
2531,side_green,66,131.0,7.867266057492614,15,0,0
2532,side_green,66,121.0,7.841447480380418,16,0,0
2533,side_green,66,127.0,7.819825059815351,15,0,0
2534,side_green,65,145.0,7.91884186769528,18,0,0
2535,side_green,67,164.0,7.678598141231011,21,0,0
2536,side_green,67,184.0,7.751183682025979,20,0,0
2537,side_green,65,204.0,7.600748950086208,20,0,0
2538,side_green,67,224.0,6.51780108175788,26,0,0
2539,side_green,63,246.0,6.257837301245226,22,0,0
2540,side_green,63,268.0,6.277759274675012,22,0,0
2541,side_green,65,294.0,6.136462491129775,28,0,0
2542,side_green,64,320.0,6.173766731039163,26,0,0
2543,side_green,63,347.0,6.298760138209589,27,0,0
2544,side_green,63,374.0,5.901167427012297,29,0,0
2545,side_green,60,401.0,5.683792653591,27,0,0
2546,side_green,59,428.0,5.64547353728674,27,0,0
2547,side_green,59,457.0,5.725536738355213,29,0,0
2548,side_green,58,487.0,5.62867057582839,30,0,0
2549,side_green,58,517.0,5.365586255370116,31,0,0
2550,side_green,57,547.0,5.010977597300262,31,0,0
2551,side_green,56,578.0,4.957774146239311,31,0,0
2552,side_green,56,609.0,5.0195273357056776,31,0,0
2553,side_green,56,641.0,5.142115977547527,32,0,0
2554,side_green,56,673.0,5.106567661772111,32,0,0
2555,side_green,61,705.0,4.427239309217358,37,0,0
2556,side_green,60,737.0,4.286434276828177,32,0,0
2557,side_green,59,770.0,3.970580968822102,34,0,0
2558,side_green,56,804.0,3.6207770636401797,34,0,0
2559,side_green,56,840.0,3.6817894604861214,36,0,0
2560,side_green,61,876.0,3.264659530044677,41,0,0
2561,side_green,61,913.0,3.3929942956567527,37,0,0
2562,side_yellow,62,950.0,3.4730761873777696,38,1,1
2563,side_yellow,66,989.0,3.3979064860640653,43,1,1
2564,side_yellow,66,1029.0,3.6401935629635527,40,1,1
2565,main_green,67,740.0,3.9698860755238847,33,2,2
2566,main_green,68,476.0,4.4064921758248845,25,2,2
2567,main_green,68,257.0,5.003562303350988,18,2,2
2568,main_green,68,106.0,5.595024298837,10,2,2
2569,main_green,69,32.0,6.269533592639753,5,2,2
2570,main_green,69,10.0,6.918699104402624,3,2,2
2571,main_green,68,9.0,7.536188310195125,2,2,2
2572,main_green,72,14.0,7.169597060481507,9,2,2
2573,main_green,72,20.0,7.731400171410164,4,2,2
2574,main_green,72,29.0,8.086627676363682,7,2,2
2575,main_green,73,38.0,8.190498917203524,8,2,2
2576,main_green,73,51.0,8.388412580789486,11,2,2
2577,main_green,73,57.0,8.53837731340225,12,2,2
2578,main_green,75,63.0,8.377605273401102,14,2,2
2579,main_green,75,58.0,8.502030494015235,12,2,2
2580,main_green,75,53.0,8.472830959531548,11,2,2
2581,main_green,75,50.0,8.344647777270144,12,2,2
2582,main_green,75,47.0,8.491568434060229,10,2,2
2583,main_green,76,44.0,8.607932381282389,9,2,2
2584,main_green,76,54.0,9.024154630534397,10,2,2
2585,main_green,76,66.0,9.468092435889497,12,2,2
2586,main_green,76,78.0,9.70757605448057,12,2,2
2587,main_green,77,90.0,9.46920899498746,14,2,2
2588,main_green,76,102.0,9.425755865324001,12,2,2
2589,main_green,80,115.0,8.765340117955033,16,2,2
2590,main_green,81,128.0,8.592386666954804,13,2,2
2591,main_green,79,142.0,8.495195739677108,12,2,2
2592,main_green,77,159.0,8.459454292211841,15,2,2
2593,main_green,78,177.0,8.506456135023061,17,2,2
2594,main_green,76,190.0,8.403330377957325,18,2,2
2595,main_green,75,206.0,8.625035185098863,16,2,2
2596,main_green,73,223.0,8.629209897030455,17,2,2
2597,main_green,69,240.0,8.565926936976942,16,2,2
2598,main_green,67,257.0,8.534386109930926,16,2,2
2599,main_green,65,275.0,8.701669143377902,17,2,2
2600,main_green,63,293.0,8.354658483284819,18,2,2
2601,main_green,64,311.0,8.411408047386002,18,2,2
2602,main_green,64,329.0,8.388627874328987,17,2,2
2603,main_green,62,347.0,8.353008903071913,17,2,2
2604,main_green,62,365.0,8.427044830277508,17,2,2
2605,main_green,62,383.0,8.33602547678836,17,2,2
2606,main_green,67,401.0,7.245632853436268,23,2,2
2607,main_yellow,67,420.0,7.194949772388872,18,3,3
2608,main_yellow,67,440.0,6.955986164193619,19,3,3
2609,main_yellow,68,442.0,6.685206681159411,21,3,3
2610,side_green,68,206.0,6.627201093133558,13,0,0
2611,side_green,67,19.0,6.7519168104408305,8,0,0
2612,side_green,69,11.0,6.6649035696567,8,0,0
2613,side_green,69,21.0,6.886524468833147,8,0,0
2614,side_green,68,36.0,6.944346253105545,11,0,0
2615,side_green,68,54.0,6.937442863342112,17,0,0
2616,side_green,69,73.0,7.180546117803956,18,0,0
2617,side_green,69,90.0,7.534639747136171,16,0,0
2618,side_green,70,101.0,7.745410192883281,16,0,0
2619,side_green,68,119.0,7.798386276866196,15,0,0
2620,side_green,68,137.0,7.952583524957716,15,0,0
2621,side_green,68,156.0,7.751501076109744,17,0,0
2622,side_green,67,177.0,7.643154929446791,18,0,0
2623,side_green,72,199.0,6.958868683525378,24,0,0
2624,side_green,73,222.0,6.892324260304271,21,0,0
2625,side_green,73,241.0,6.970524826400583,20,0,0
2626,side_green,73,238.0,7.056077893485575,21,0,0
2627,side_green,72,246.0,7.216046251812165,22,0,0
2628,side_green,71,270.0,7.298014957880955,24,0,0
2629,side_green,69,295.0,7.1779198796260895,26,0,0
2630,side_green,68,321.0,7.214284409429074,26,0,0
2631,side_green,65,347.0,6.855798919035493,27,0,0
2632,side_green,65,373.0,6.930177250595004,26,0,0
2633,side_green,62,400.0,6.6064679553208,27,0,0
2634,side_green,61,428.0,6.411225521167543,28,0,0
2635,side_green,60,456.0,5.887415231697811,29,0,0
2636,side_green,59,485.0,5.731004009945232,29,0,0
2637,side_green,58,515.0,5.459859244630004,30,0,0
2638,side_green,57,546.0,4.93116743009989,32,0,0
2639,side_green,56,577.0,4.583276526495118,31,0,0
2640,side_green,59,609.0,3.839452476513189,37,0,0
2641,side_green,59,643.0,3.7700387152501196,35,0,0
2642,side_green,58,677.0,3.808936790386468,34,0,0
2643,side_green,61,713.0,3.34642379162418,41,0,0
2644,side_green,62,749.0,3.6710825498298774,37,0,0
2645,side_green,62,785.0,3.968515312609041,36,0,0
2646,side_green,67,821.0,3.8775854971951498,41,0,0
2647,side_green,68,857.0,4.0744051476705065,37,0,0
2648,side_green,68,894.0,4.235708284000753,37,0,0
2649,side_green,69,931.0,4.384213625076142,38,0,0
2650,side_green,69,970.0,4.552109864707449,39,0,0
2651,side_green,69,1009.0,4.686938946520924,39,0,0
2652,side_yellow,70,1050.0,4.743961719985693,42,1,1
2653,side_yellow,71,1091.0,4.846957938877308,42,1,1
2654,side_yellow,70,1132.0,4.699979409824265,41,1,1
2655,main_green,70,831.0,4.963104562746627,33,2,2
2656,main_green,70,562.0,5.189847791717895,25,2,2
2657,main_green,68,336.0,5.163266607630497,18,2,2
2658,main_green,72,171.0,5.1261710253529165,16,2,2
2659,main_green,71,79.0,5.572642501555849,9,2,2
2660,main_green,72,24.0,6.108544830106279,7,2,2
2661,main_green,72,16.0,6.693714905323585,6,2,2
2662,main_green,72,21.0,6.96905826658077,6,2,2
2663,main_green,73,32.0,7.134084502379193,10,2,2
2664,main_green,73,45.0,7.337187787608576,11,2,2
2665,main_green,73,59.0,7.651654228885036,12,2,2
2666,main_green,73,69.0,7.949771775482449,16,2,2
2667,main_green,75,83.0,7.734752871949315,21,2,2
2668,main_green,75,92.0,7.782656328175379,17,2,2
2669,main_green,75,96.0,7.874630963982663,16,2,2
2670,main_green,76,100.0,7.930764539709053,16,2,2
2671,main_green,76,110.0,8.182705734929192,14,2,2
2672,main_green,76,120.0,8.561124156039298,14,2,2
2673,main_green,77,130.0,8.76930015485237,14,2,2
2674,main_green,77,140.0,9.028187935084741,12,2,2
2675,main_green,81,152.0,8.593683928724403,17,2,2
2676,main_green,82,164.0,8.716797106541847,13,2,2
2677,main_green,81,176.0,8.870974764341273,12,2,2
2678,main_green,82,191.0,9.162653849216605,16,2,2
2679,main_green,82,207.0,9.47047909183853,16,2,2
2680,main_green,83,223.0,9.582610180786583,17,2,2
2681,main_green,82,239.0,9.546652222756181,17,2,2
2682,main_green,81,255.0,9.65203857992404,16,2,2
2683,main_green,80,271.0,9.65169659094954,16,2,2
2684,main_green,77,287.0,9.44474808946804,17,2,2
2685,main_green,75,304.0,9.416264761666506,16,2,2
2686,main_green,74,321.0,9.290411134565561,17,2,2
2687,main_green,71,338.0,9.139369351762598,16,2,2
2688,main_green,69,355.0,9.324236586240508,16,2,2
2689,main_green,67,372.0,9.261555464889089,16,2,2
2690,main_green,65,383.0,9.022591260070072,17,2,2
2691,main_green,64,399.0,9.048853494604105,16,2,2
2692,main_green,66,415.0,8.023684725113208,21,2,2
2693,main_green,66,431.0,7.985274037137949,16,2,2
2694,main_green,65,449.0,8.024257941260766,18,2,2
2695,main_green,65,468.0,7.904128167790225,20,2,2
2696,main_green,65,488.0,8.082081428762276,20,2,2
2697,main_yellow,66,508.0,8.085306149888229,21,3,3
2698,main_yellow,67,528.0,7.893039975664701,21,3,3
2699,main_yellow,67,549.0,7.833143037893538,21,3,3
2700,side_green,67,256.0,7.902613142286808,13,0,0
2701,side_green,68,32.0,8.045498129168209,6,0,0
2702,side_green,68,7.0,8.144358639330623,4,0,0
2703,side_green,67,17.0,8.088336128603535,6,0,0
2704,side_green,68,30.0,7.75333174373542,11,0,0
2705,side_green,68,44.0,7.905494915126132,10,0,0
2706,side_green,66,61.0,7.95300443403297,13,0,0
2707,side_green,66,76.0,8.072378999999444,14,0,0
2708,side_green,65,95.0,7.785068951079839,15,0,0
2709,side_green,71,115.0,6.990906140831128,22,0,0
2710,side_green,68,131.0,6.73135601254463,17,0,0
2711,side_green,67,130.0,6.901955311273327,16,0,0
2712,side_green,68,152.0,7.002141146096016,20,0,0
2713,side_green,67,174.0,7.063334889572838,19,0,0
2714,side_green,67,194.0,7.375211927561778,19,0,0
2715,side_green,68,203.0,7.325614599015311,21,0,0
2716,side_green,68,197.0,7.72150097359495,20,0,0
2717,side_green,68,217.0,7.9026344559782915,20,0,0
2718,side_green,66,238.0,7.945507283836576,21,0,0
2719,side_green,66,259.0,7.726976198918254,22,0,0
2720,side_green,69,280.0,7.0432179874183545,26,0,0
2721,side_green,67,302.0,7.112188605369235,22,0,0
2722,side_green,64,324.0,7.121580114823986,22,0,0
2723,side_green,66,347.0,6.333815026530429,28,0,0
2724,side_green,65,371.0,6.373792386752831,24,0,0
2725,side_green,60,396.0,6.030364930033414,25,0,0
2726,side_green,65,421.0,5.590318179234035,31,0,0
2727,side_green,64,448.0,5.628285838742874,27,0,0
2728,side_green,64,476.0,5.834621546274245,28,0,0
2729,side_green,63,504.0,5.764992037171592,29,0,0
2730,side_green,62,527.0,5.888510669789616,28,0,0
2731,side_green,62,557.0,5.962905007171593,30,0,0
2732,side_green,63,587.0,6.005413443909346,31,0,0
2733,side_green,63,617.0,5.870665974872112,30,0,0
2734,side_green,63,648.0,5.715913245638105,32,0,0
2735,side_green,63,680.0,5.610222739000188,32,0,0
2736,side_green,63,712.0,5.523493106867688,32,0,0
2737,side_green,63,744.0,5.351104809788447,32,0,0
2738,side_green,64,778.0,4.907424395165424,35,0,0
2739,side_green,64,812.0,4.831449498537289,34,0,0
2740,side_green,64,847.0,4.6971823773769605,35,0,0
2741,side_green,65,883.0,4.526849612116337,37,0,0
2742,side_yellow,62,919.0,4.158698145049814,36,1,1
2743,side_yellow,66,955.0,3.5855880315284323,41,1,1
2744,side_yellow,67,992.0,3.5242372435822182,38,1,1
2745,main_green,65,691.0,3.6380831921867824,30,2,2
2746,main_green,65,425.0,4.0833130692196775,23,2,2
2747,main_green,67,235.0,4.539089150673253,20,2,2
2748,main_green,67,106.0,5.210256751179391,14,2,2
2749,main_green,67,33.0,6.017879964315469,9,2,2
2750,main_green,69,21.0,6.599183360623273,8,2,2
2751,main_green,69,25.0,7.400326988653891,6,2,2
2752,main_green,69,32.0,8.04598923642802,6,2,2
2753,main_green,70,41.0,8.430088157638684,8,2,2
2754,main_green,70,49.0,8.784079490315177,8,2,2
2755,main_green,70,59.0,9.018779787378502,9,2,2
2756,main_green,72,69.0,8.95748202416818,11,2,2
2757,main_green,72,80.0,9.110156714657753,10,2,2
2758,main_green,72,82.0,9.398309774927506,10,2,2
2759,main_green,72,75.0,9.757828937782586,7,2,2
2760,main_green,73,74.0,9.768370371397497,7,2,2
2761,main_green,77,72.0,9.36700136815637,9,2,2
2762,main_green,77,77.0,9.575488818946763,5,2,2
2763,main_green,77,84.0,9.664060443918578,8,2,2
2764,main_green,77,93.0,10.0276213378436,9,2,2
2765,main_green,76,102.0,10.30683373152739,9,2,2
2766,main_green,75,111.0,10.337915518017518,10,2,2
2767,main_green,74,120.0,10.549754082305489,9,2,2
2768,main_green,74,129.0,10.647137059247305,9,2,2
2769,main_green,74,139.0,10.697499586535306,9,2,2
2770,main_green,74,149.0,10.662095171694938,10,2,2
2771,main_green,72,159.0,10.572682657621586,9,2,2
2772,main_green,70,169.0,10.272782822168672,10,2,2
2773,main_green,67,179.0,10.055873370816414,9,2,2
2774,main_green,67,189.0,10.062119213276217,9,2,2
2775,main_green,66,200.0,9.848549543305012,11,2,2
2776,main_green,63,211.0,9.70420590809071,10,2,2
2777,main_green,60,222.0,9.552950414673441,10,2,2
2778,main_green,66,233.0,8.556784831665,16,2,2
2779,main_green,64,247.0,8.459326297111877,12,2,2
2780,main_green,64,261.0,8.68364944327908,12,2,2
2781,main_green,63,275.0,8.374311631246522,14,2,2
2782,main_green,63,290.0,8.669440980829481,13,2,2
2783,main_green,63,306.0,8.938537317168162,14,2,2
2784,main_green,65,322.0,8.861281806612524,16,2,2
2785,main_green,64,338.0,9.062168597110329,14,2,2
2786,main_green,64,354.0,9.188973541116308,14,2,2
2787,main_yellow,65,370.0,9.016904977646675,15,3,3
2788,main_yellow,64,366.0,8.883101779316817,14,3,3
2789,main_yellow,64,356.0,8.613309877458493,15,3,3
2790,side_green,64,71.0,8.73133134332042,6,0,0
2791,side_green,63,3.0,9.022341897363406,1,0,0
2792,side_green,64,8.0,9.287084463259772,6,0,0
2793,side_green,63,13.0,9.522776545979834,5,0,0
2794,side_green,62,20.0,9.7406743903991,6,0,0
2795,side_green,66,27.0,9.083717858682913,11,0,0
2796,side_green,65,36.0,9.42312868899892,8,0,0
2797,side_green,63,46.0,9.534996055225799,9,0,0
2798,side_green,63,54.0,9.627113243640906,9,0,0
2799,side_green,63,58.0,9.85164618511851,9,0,0
2800,side_green,66,68.0,8.942147606819805,16,0,0
2801,side_green,66,78.0,8.943017104085262,10,0,0
2802,side_green,65,88.0,8.918866012559759,10,0,0
2803,side_green,70,99.0,8.334751068421614,16,0,0
2804,side_green,68,112.0,8.255497322293431,13,0,0
2805,side_green,67,126.0,8.350751200450764,14,0,0
2806,side_green,65,142.0,8.242358195226348,17,0,0
2807,side_green,65,158.0,8.06037610028097,17,0,0
2808,side_green,61,176.0,7.649294146808316,18,0,0
2809,side_green,60,195.0,7.366377610916841,20,0,0
2810,side_green,58,215.0,7.168066261712141,20,0,0
2811,side_green,54,235.0,6.700564098659891,20,0,0
2812,side_green,57,256.0,5.74055590364436,27,0,0
2813,side_green,55,278.0,5.730387125959749,22,0,0
2814,side_green,53,302.0,5.561756651921927,24,0,0
2815,side_green,54,326.0,5.777667866288742,25,0,0
2816,side_green,54,351.0,5.876531088578384,25,0,0
2817,side_green,53,376.0,5.553927698453607,25,0,0
2818,side_green,55,402.0,5.37963006001422,28,0,0
2819,side_green,55,428.0,5.636894278256536,26,0,0
2820,side_green,55,454.0,5.659867826627001,26,0,0
2821,side_green,55,480.0,5.67214832543254,26,0,0
2822,side_green,56,506.0,5.678529843955126,27,0,0
2823,side_green,57,533.0,5.5972622668621606,28,0,0
2824,side_green,57,560.0,5.666760278133861,27,0,0
2825,side_green,57,587.0,5.6735815601561255,27,0,0
2826,side_green,57,615.0,5.825262250503791,28,0,0
2827,side_green,58,644.0,5.634031508839468,30,0,0
2828,side_green,57,673.0,5.526391549176299,29,0,0
2829,side_green,60,703.0,4.867675371791791,35,0,0
2830,side_green,61,734.0,4.825563216859599,32,0,0
2831,side_green,61,765.0,4.923675348107697,31,0,0
2832,side_yellow,61,797.0,4.966200593309377,32,1,1
2833,side_yellow,62,829.0,4.942121279517808,33,1,1
2834,side_yellow,62,861.0,4.9823507156696625,32,1,1
2835,main_green,62,553.0,5.340824177529229,25,2,2
2836,main_green,63,308.0,5.621833538779728,20,2,2
2837,main_green,63,126.0,6.244677709433649,12,2,2
2838,main_green,63,54.0,6.7491706648364795,8,2,2
2839,main_green,63,23.0,7.323178630391753,4,2,2
2840,main_green,64,8.0,7.7410653125631415,2,2,2
2841,main_green,64,5.0,8.305163737060543,1,2,2
2842,main_green,62,8.0,8.747612761495015,1,2,2
2843,main_green,62,13.0,9.000844136940964,3,2,2
2844,main_green,63,19.0,9.058454182735318,5,2,2
2845,main_green,60,26.0,9.049533886593492,5,2,2
2846,main_green,64,36.0,8.194683986884284,13,2,2
2847,main_green,65,40.0,8.032291432075427,9,2,2
2848,main_green,64,44.0,8.023706842914555,8,2,2
2849,main_green,64,53.0,8.09818672716546,11,2,2
2850,main_green,65,48.0,8.34246170613349,10,2,2
2851,main_green,65,14.0,8.898060878452176,5,2,2
2852,main_green,66,13.0,9.30110650501954,5,2,2
2853,main_green,66,17.0,9.584686500128004,5,2,2
2854,main_green,66,21.0,9.905534293568728,4,2,2
2855,main_green,67,25.0,10.128992323519535,5,2,2
2856,main_green,67,29.0,10.453072474307744,4,2,2
2857,main_green,66,33.0,10.822256417053147,4,2,2
2858,main_green,67,37.0,10.789618826521837,6,2,2
2859,main_green,67,41.0,11.049802702938472,4,2,2
2860,main_green,67,45.0,11.235356946678245,4,2,2
2861,main_green,67,49.0,11.097661776637919,5,2,2
2862,main_green,65,53.0,11.056897418316385,4,2,2
2863,main_green,67,57.0,10.14972530427638,8,2,2
2864,main_green,65,62.0,9.854267617377694,5,2,2
2865,main_green,62,67.0,9.82922121620248,4,2,2
2866,main_green,62,73.0,9.784059777710205,6,2,2
2867,main_green,61,81.0,9.88780859944449,7,2,2
2868,main_green,60,90.0,10.210300587080951,8,2,2
2869,main_green,59,99.0,10.188590929639629,9,2,2
2870,main_green,58,108.0,10.39780511551107,8,2,2
2871,main_green,55,117.0,10.395184039716824,8,2,2
2872,main_green,54,126.0,10.305620854266065,8,2,2
2873,main_green,54,135.0,10.193588540989234,9,2,2
2874,main_green,54,144.0,10.211695176435198,8,2,2
2875,main_green,55,153.0,10.024375497449753,9,2,2
2876,main_green,54,162.0,10.104556741861506,8,2,2
2877,main_yellow,54,171.0,10.02855916152666,8,3,3
2878,main_yellow,54,180.0,9.763706140139151,8,3,3
2879,main_yellow,54,173.0,9.2452258691219,8,3,3
2880,side_green,58,0.0,7.9284702041111,5,0,0
2881,side_green,59,4.0,7.554909151842211,5,0,0
2882,side_green,59,10.0,7.704942476597452,6,0,0
2883,side_green,62,16.0,7.254272091682075,11,0,0
2884,side_green,63,24.0,7.702639393717153,9,0,0
2885,side_green,62,35.0,8.246840568680533,11,0,0
2886,side_green,66,47.0,8.097095862043867,17,0,0
2887,side_green,67,60.0,8.388797061715454,14,0,0
2888,side_green,67,73.0,8.582039191470875,13,0,0
2889,side_green,68,86.0,8.537703055928665,14,0,0
2890,side_green,67,99.0,8.482621881570074,14,0,0
2891,side_green,67,113.0,8.550455576211712,14,0,0
2892,side_green,65,130.0,8.158132768932543,18,0,0
2893,side_green,64,147.0,8.256581904017413,17,0,0
2894,side_green,64,165.0,8.518977095364543,18,0,0
2895,side_green,65,183.0,8.323552940563765,19,0,0
2896,side_green,64,202.0,8.279972469620292,19,0,0
2897,side_green,63,222.0,7.94331235648253,21,0,0
2898,side_green,64,242.0,6.958485375709619,24,0,0
2899,side_green,59,263.0,6.327542430478233,21,0,0
2900,side_green,56,285.0,5.959210482760477,22,0,0
2901,side_green,52,307.0,5.384501209355576,22,0,0
2902,side_green,51,329.0,5.222050408292427,22,0,0
2903,side_green,53,352.0,5.263432223503685,24,0,0
2904,side_green,53,375.0,5.419221795412361,22,0,0
2905,side_green,53,401.0,5.4245343020914065,23,0,0
2906,side_green,53,424.0,5.535126492953334,24,0,0
2907,side_green,54,445.0,5.535125326768293,26,0,0
2908,side_green,54,471.0,5.57227892553616,26,0,0
2909,side_green,54,497.0,5.561693387145345,26,0,0
2910,side_green,56,523.0,5.316339855700185,28,0,0
2911,side_green,56,549.0,5.290372103378815,26,0,0
2912,side_green,56,576.0,5.328435981576367,27,0,0
2913,side_green,57,605.0,5.140026179389171,30,0,0
2914,side_green,57,635.0,5.124383992593403,30,0,0
2915,side_green,62,666.0,4.705979459308504,36,0,0
2916,side_green,63,697.0,4.804675380820319,32,0,0
2917,side_green,63,729.0,4.964957020163504,32,0,0
2918,side_green,64,762.0,5.0697602187681525,34,0,0
2919,side_green,64,795.0,5.149814519653864,33,0,0
2920,side_green,63,828.0,4.9782978191723934,34,0,0
2921,side_green,64,862.0,5.032922203168718,35,0,0
2922,side_yellow,63,897.0,4.9171696277557455,35,1,1
2923,side_yellow,63,932.0,4.835780541375974,35,1,1
2924,side_yellow,63,968.0,4.828958478362179,36,1,1
2925,main_green,63,661.0,4.748065428494297,30,2,2
2926,main_green,63,377.0,4.945496166997194,22,2,2
2927,main_green,62,168.0,5.414871136416346,14,2,2
2928,main_green,62,91.0,6.019761536410949,8,2,2
2929,main_green,62,41.0,6.605765364135612,4,2,2
2930,main_green,62,18.0,7.140724661975211,4,2,2
2931,main_green,58,11.0,7.220170878243488,2,2,2
2932,main_green,63,17.0,6.654994713471774,10,2,2
2933,main_green,63,24.0,6.992122403739262,5,2,2
2934,main_green,63,32.0,7.187042082504914,6,2,2
2935,main_green,63,43.0,7.282647109147428,10,2,2
2936,main_green,63,40.0,7.598122211659561,12,2,2
2937,main_green,63,36.0,8.063504178951186,10,2,2
2938,main_green,64,34.0,8.451300091479604,11,2,2
2939,main_green,65,31.0,8.698343352924267,9,2,2
2940,main_green,65,29.0,9.051540256857189,7,2,2
2941,main_green,66,27.0,9.185015642993662,7,2,2
2942,main_green,66,30.0,9.510153622464038,5,2,2
2943,main_green,66,32.0,9.94132236581245,4,2,2
2944,main_green,67,36.0,9.90408985367956,5,2,2
2945,main_green,67,40.0,10.073390130927029,4,2,2
2946,main_green,67,44.0,10.407146357205944,4,2,2
2947,main_green,68,48.0,10.643204397689358,5,2,2
2948,main_green,67,52.0,10.914805277897536,4,2,2
2949,main_green,72,56.0,10.214083461394416,9,2,2
2950,main_green,72,60.0,10.096490524531292,5,2,2
2951,main_green,68,64.0,9.899761810417669,4,2,2
2952,main_green,68,69.0,9.992568809939321,5,2,2
2953,main_green,67,78.0,9.883208911021384,9,2,2
2954,main_green,65,88.0,10.008076418073788,8,2,2
2955,main_green,64,98.0,10.04117457399091,9,2,2
2956,main_green,62,108.0,10.00924525765549,9,2,2
2957,main_green,60,118.0,10.043987076464232,8,2,2
2958,main_green,60,128.0,10.116331213477093,8,2,2
2959,main_green,60,138.0,10.276192786546211,8,2,2
2960,main_green,65,148.0,9.42317890742924,13,2,2
2961,main_green,63,158.0,9.232227382854168,9,2,2
2962,main_green,62,168.0,9.496289428298896,8,2,2
2963,main_green,65,178.0,8.87962389432762,13,2,2
2964,main_green,63,188.0,9.136996236487583,8,2,2
2965,main_green,63,198.0,9.20192897208304,8,2,2
2966,main_green,68,208.0,8.611287927330121,13,2,2
2967,main_yellow,68,204.0,8.652500610109461,8,3,3
2968,main_yellow,68,215.0,8.657457703524319,10,3,3
2969,main_yellow,70,228.0,8.233680999908021,14,3,3
2970,side_green,70,13.0,8.326086194430266,7,0,0
2971,side_green,70,8.0,8.667417436142317,4,0,0
2972,side_green,71,15.0,8.807510305353862,8,0,0
2973,side_green,70,25.0,8.844501681560546,9,0,0
2974,side_green,69,33.0,9.046368174921804,9,0,0
2975,side_green,69,44.0,9.24001085072651,11,0,0
2976,side_green,69,56.0,9.23280882219303,13,0,0
2977,side_green,70,70.0,8.980177238638523,15,0,0
2978,side_green,68,84.0,8.56356267971141,14,0,0
2979,side_green,68,99.0,8.449447534655782,15,0,0
2980,side_green,67,115.0,8.333979742149946,16,0,0
2981,side_green,66,133.0,7.936547543334046,18,0,0
2982,side_green,66,153.0,7.89714641422904,20,0,0
2983,side_green,72,175.0,7.071045002307027,27,0,0
2984,side_green,72,197.0,7.063008288863411,21,0,0
2985,side_green,69,222.0,6.833043697521436,22,0,0
2986,side_green,68,246.0,6.581467324373817,23,0,0
2987,side_green,69,261.0,6.700498991226098,23,0,0
2988,side_green,66,284.0,6.492260411893152,23,0,0
2989,side_green,65,310.0,6.346727701310087,27,0,0
2990,side_green,62,336.0,6.175404192582234,27,0,0
2991,side_green,59,363.0,6.090378457107461,27,0,0
2992,side_green,59,390.0,5.916855717403975,28,0,0
2993,side_green,59,418.0,5.825990026101189,29,0,0
2994,side_green,58,446.0,5.624691383108382,28,0,0
2995,side_green,57,474.0,5.542207823728795,28,0,0
2996,side_green,58,503.0,5.406899881630975,30,0,0
2997,side_green,58,532.0,5.53513516456664,29,0,0
2998,side_green,59,563.0,5.479460467436448,32,0,0
2999,side_green,58,594.0,5.334087614626136,31,0,0
3000,side_green,59,625.0,5.109064993650813,32,0,0
3001,side_green,63,656.0,4.702725315591674,35,0,0
3002,side_green,60,689.0,4.3327076067515575,33,0,0
3003,side_green,58,723.0,4.170984201846801,34,0,0
3004,side_green,58,758.0,4.343990574474728,35,0,0
3005,side_green,59,793.0,4.440159570453836,36,0,0
3006,side_green,60,828.0,4.446798409825423,36,0,0
3007,side_green,60,863.0,4.488493608082466,35,0,0
3008,side_green,60,898.0,4.377351780243212,35,0,0
3009,side_green,60,933.0,4.224821092809148,35,0,0
3010,side_green,60,969.0,4.001147038406992,36,0,0
3011,side_green,60,1006.0,3.999698200782982,37,0,0
3012,side_yellow,61,1044.0,3.902915253671178,39,1,1
3013,side_yellow,62,1084.0,3.7168543010954918,41,1,1
3014,side_yellow,61,1124.0,3.452825179252884,40,1,1
3015,main_green,61,826.0,3.397733917111923,34,2,2
3016,main_green,60,543.0,3.5696663116146587,26,2,2
3017,main_green,58,301.0,3.6886029853078277,20,2,2
3018,main_green,64,109.0,3.782917114176325,18,2,2
3019,main_green,64,27.0,4.5379753173060315,5,2,2
3020,main_green,64,17.0,5.138868522658436,5,2,2
3021,main_green,65,13.0,5.680022146003726,6,2,2
3022,main_green,65,17.0,6.438865476789229,4,2,2
3023,main_green,65,27.0,7.1699586524177,8,2,2
3024,main_green,67,39.0,7.504893465189172,12,2,2
3025,main_green,67,52.0,7.86107150342914,11,2,2
3026,main_green,67,67.0,8.077548519443297,13,2,2
3027,main_green,68,64.0,8.187288638556305,14,2,2
3028,main_green,68,61.0,8.62386415929635,12,2,2
3029,main_green,69,56.0,8.826547895239347,11,2,2
3030,main_green,69,53.0,9.070446211625981,9,2,2
3031,main_green,69,49.0,9.383401588460199,7,2,2
3032,main_green,69,44.0,9.8463599492293,4,2,2
3033,main_green,69,48.0,10.247140066071447,4,2,2
3034,main_green,69,52.0,10.591897161418746,4,2,2
3035,main_green,74,56.0,9.816099542647974,10,2,2
3036,main_green,74,60.0,10.116454873378597,4,2,2
3037,main_green,74,64.0,10.214149006802376,4,2,2
3038,main_green,74,69.0,10.300291262640663,5,2,2
3039,main_green,74,77.0,10.417020483834024,7,2,2
3040,main_green,78,85.0,9.810595923562179,12,2,2
3041,main_green,76,94.0,10.03279966168273,8,2,2
3042,main_green,75,103.0,10.061320809351448,9,2,2
3043,main_green,78,112.0,9.453661261229682,13,2,2
3044,main_green,76,121.0,9.6609930211731,8,2,2
3045,main_green,76,130.0,9.896439643803667,8,2,2
3046,main_green,74,139.0,9.881336936448653,9,2,2
3047,main_green,70,149.0,9.951468226219673,9,2,2
3048,main_green,69,160.0,10.128502051357705,9,2,2
3049,main_green,68,171.0,10.220239853619693,10,2,2
3050,main_green,65,182.0,10.056281564633737,10,2,2
3051,main_green,63,193.0,9.788971810504245,9,2,2
3052,main_green,67,204.0,8.885166348858231,14,2,2
3053,main_green,68,215.0,8.720680376088005,10,2,2
3054,main_green,68,226.0,8.869773029646531,9,2,2
3055,main_green,68,240.0,9.010605625521894,12,2,2
3056,main_green,69,255.0,9.039517853021387,14,2,2
3057,main_yellow,69,270.0,8.64034143024702,14,3,3
3058,main_yellow,68,265.0,8.46233915651393,13,3,3
3059,main_yellow,69,268.0,7.938471913270293,15,3,3
3060,side_green,68,29.0,7.462602389753128,8,0,0
3061,side_green,68,14.0,7.300349121390555,8,0,0
3062,side_green,68,12.0,7.613203861916548,6,0,0
3063,side_green,69,20.0,7.972660687981508,9,0,0
3064,side_green,69,30.0,8.104635651235176,11,0,0
3065,side_green,69,42.0,8.464489407811481,11,0,0
3066,side_green,68,55.0,8.617753643733456,11,0,0
3067,side_green,69,70.0,8.482574436940748,13,0,0
3068,side_green,68,85.0,8.276959235861051,12,0,0
3069,side_green,72,100.0,7.937318447992682,16,0,0
3070,side_green,73,118.0,7.973325338610956,16,0,0
3071,side_green,73,137.0,8.12958214894491,16,0,0
3072,side_green,73,136.0,8.178792989083433,18,0,0
3073,side_green,74,154.0,8.244086637901939,19,0,0
3074,side_green,74,172.0,8.292852857240764,18,0,0
3075,side_green,73,191.0,8.35771640131306,19,0,0
3076,side_green,74,210.0,8.270040626190442,20,0,0
3077,side_green,72,230.0,8.227076250083096,20,0,0
3078,side_green,68,250.0,7.8579377952539025,20,0,0
3079,side_green,65,273.0,7.5373264093151136,24,0,0
3080,side_green,63,296.0,7.0579179932246126,24,0,0
3081,side_green,59,321.0,6.670554059900527,25,0,0
3082,side_green,53,346.0,6.061210137204818,25,0,0
3083,side_green,53,371.0,5.989020738152702,25,0,0
3084,side_green,53,398.0,5.982797604489792,27,0,0
3085,side_green,49,425.0,5.384377909690742,27,0,0
3086,side_green,55,453.0,4.632683461191272,34,0,0
3087,side_green,55,481.0,4.742244781506688,28,0,0
3088,side_green,55,509.0,4.701661551419936,28,0,0
3089,side_green,56,537.0,4.501617149034592,29,0,0
3090,side_green,55,566.0,4.353367479723284,29,0,0
3091,side_green,55,597.0,4.517256794840608,31,0,0
3092,side_green,57,629.0,4.434345977148257,34,0,0
3093,side_green,57,663.0,4.551420804594069,34,0,0
3094,side_green,57,697.0,4.534972686533113,34,0,0
3095,side_green,59,731.0,4.259062591182785,36,0,0
3096,side_green,58,765.0,4.0902623517982555,34,0,0
3097,side_green,58,801.0,4.098227645706237,36,0,0
3098,side_green,58,837.0,3.9512229273900745,37,0,0
3099,side_green,57,874.0,3.8315504715792996,37,0,0
3100,side_green,57,911.0,3.85321112453311,37,0,0
3101,side_green,59,949.0,3.7646291940937466,40,0,0
3102,side_yellow,56,988.0,3.1986216040155093,39,1,1
3103,side_yellow,59,1027.0,2.5857953518044683,43,1,1
3104,side_yellow,60,1066.0,2.4172870338803616,40,1,1
3105,main_green,60,759.0,2.6239202856579675,33,2,2
3106,main_green,60,500.0,3.075721919088743,27,2,2
3107,main_green,60,287.0,3.760010362861261,20,2,2
3108,main_green,61,138.0,4.396940530726007,15,2,2
3109,main_green,62,57.0,5.166991142207878,9,2,2
3110,main_green,62,29.0,6.107630085971977,5,2,2
3111,main_green,62,29.0,6.908990788860484,5,2,2
3112,main_green,62,37.0,7.424254889997699,6,2,2
3113,main_green,62,47.0,7.937722245426661,8,2,2
3114,main_green,62,56.0,8.430046228691095,8,2,2
3115,main_green,63,64.0,8.483467862145723,11,2,2
3116,main_green,64,71.0,8.494574813925484,10,2,2
3117,main_green,64,79.0,8.76110680653631,9,2,2
3118,main_green,64,88.0,9.099817703114915,9,2,2
3119,main_green,64,98.0,9.32121854652943,9,2,2
3120,main_green,69,95.0,8.6905259012928,14,2,2
3121,main_green,70,93.0,8.699371346701588,9,2,2
3122,main_green,70,74.0,8.975145348844896,6,2,2
3123,main_green,75,75.0,8.685781073771155,11,2,2
3124,main_green,76,81.0,9.045368716123189,7,2,2
3125,main_green,76,89.0,9.468449513377859,8,2,2
3126,main_green,80,97.0,9.309552921984402,13,2,2
3127,main_green,81,105.0,9.648124676708537,9,2,2
3128,main_green,81,113.0,10.088219341242834,8,2,2
3129,main_green,82,121.0,10.358867627222013,9,2,2
3130,main_green,82,129.0,10.413443100040034,9,2,2
3131,main_green,80,137.0,10.651474539675224,8,2,2
3132,main_green,78,146.0,10.611261014854184,9,2,2
3133,main_green,75,156.0,10.602525369132222,8,2,2
3134,main_green,74,166.0,10.724398797515398,8,2,2
3135,main_green,72,173.0,10.848637113789685,8,2,2
3136,main_green,69,182.0,10.810094534354581,8,2,2
3137,main_green,67,191.0,10.403199314567798,9,2,2
3138,main_green,70,200.0,9.52596477363555,13,2,2
3139,main_green,68,209.0,9.312502128661734,8,2,2
3140,main_green,67,219.0,9.08464368828192,9,2,2
3141,main_green,67,232.0,8.966333406900109,12,2,2
3142,main_green,67,247.0,8.997967730419438,14,2,2
3143,main_green,66,263.0,8.739884368010511,16,2,2
3144,main_green,65,280.0,8.660859538782164,16,2,2
3145,main_green,66,297.0,8.342426921756788,17,2,2
3146,main_green,66,318.0,8.397729189208752,20,2,2
3147,main_yellow,67,339.0,8.261821101950403,21,3,3
3148,main_yellow,67,343.0,8.106910889498195,20,3,3
3149,main_yellow,67,364.0,7.935045072079481,21,3,3
3150,side_green,68,96.0,7.7310749503529825,14,0,0
3151,side_green,68,30.0,7.875046658278264,8,0,0
3152,side_green,69,12.0,7.8789957724892075,7,0,0
3153,side_green,68,20.0,7.8973423011253185,9,0,0
3154,side_green,67,29.0,7.8185918658689255,9,0,0
3155,side_green,72,39.0,7.369984988317679,15,0,0
3156,side_green,72,51.0,7.424169864001196,13,0,0
3157,side_green,72,68.0,7.488299688386117,13,0,0
3158,side_green,72,84.0,7.575908395911695,15,0,0
3159,side_green,71,101.0,7.817895516579545,14,0,0
3160,side_green,72,116.0,7.965479049020924,17,0,0
3161,side_green,73,134.0,8.11915009013056,18,0,0
3162,side_green,72,147.0,8.102806329102437,17,0,0
3163,side_green,71,165.0,8.164002389288417,17,0,0
3164,side_green,70,177.0,8.25948591744376,19,0,0
3165,side_green,68,196.0,8.184493935800102,19,0,0
3166,side_green,68,216.0,8.12170953769622,21,0,0
3167,side_green,69,236.0,8.014914230069946,21,0,0
3168,side_green,64,258.0,7.6092345613637935,22,0,0
3169,side_green,60,280.0,7.267412780910237,22,0,0
3170,side_green,56,302.0,6.8041927712744625,22,0,0
3171,side_green,55,324.0,6.682225234583707,22,0,0
3172,side_green,60,346.0,6.086199650935049,27,0,0
3173,side_green,58,370.0,6.114556946202353,24,0,0
3174,side_green,58,394.0,6.068781484682951,25,0,0
3175,side_green,59,419.0,5.909668956082953,26,0,0
3176,side_green,58,444.0,5.719208338560123,25,0,0
3177,side_green,58,469.0,5.734980456219724,25,0,0
3178,side_green,59,494.0,5.541054036879234,26,0,0
3179,side_green,56,522.0,5.054840658969626,28,0,0
3180,side_green,55,551.0,4.857854299370335,29,0,0
3181,side_green,55,582.0,4.626336729406823,32,0,0
3182,side_green,56,614.0,4.467648886777742,33,0,0
3183,side_green,55,646.0,4.217873585234043,32,0,0
3184,side_green,56,680.0,4.133386034321776,35,0,0
3185,side_green,56,715.0,4.180241410784982,35,0,0
3186,side_green,56,750.0,4.140546320408306,35,0,0
3187,side_green,55,785.0,4.009645980925229,35,0,0
3188,side_green,54,821.0,3.7690880120934356,36,0,0
3189,side_green,58,857.0,3.055530566514136,42,0,0
3190,side_green,57,893.0,3.0153097529695945,36,0,0
3191,side_green,57,930.0,3.1137420580465003,37,0,0
3192,side_yellow,58,967.0,3.1884503364039603,38,1,1
3193,side_yellow,58,1005.0,3.329071675864627,38,1,1
3194,side_yellow,57,1043.0,3.469057007365936,38,1,1
3195,main_green,59,729.0,3.81694856865059,33,2,2
3196,main_green,59,441.0,4.400668766640446,23,2,2
3197,main_green,59,227.0,4.715983403244318,15,2,2
3198,main_green,60,101.0,5.17955179371219,10,2,2
3199,main_green,60,32.0,5.821538276881567,4,2,2
3200,main_green,65,5.0,6.068199982760681,6,2,2
3201,main_green,65,8.0,6.965809887504007,2,2,2
3202,main_green,65,13.0,7.698640952227339,3,2,2
3203,main_green,70,19.0,7.778261019582791,9,2,2
3204,main_green,71,27.0,8.218134255836208,7,2,2
3205,main_green,70,34.0,8.374405065697731,6,2,2
3206,main_green,73,35.0,7.87512780297653,13,2,2
3207,main_green,73,30.0,8.159040571657977,8,2,2
3208,main_green,73,25.0,8.523207325987347,7,2,2
3209,main_green,73,22.0,8.872804836391596,9,2,2
3210,main_green,73,20.0,9.402273416291699,8,2,2
3211,main_green,74,19.0,9.767494617016895,8,2,2
3212,main_green,75,16.0,10.014361514938535,6,2,2
3213,main_green,74,19.0,10.382820590885634,5,2,2
3214,main_green,73,22.0,10.666946124039782,4,2,2
3215,main_green,73,26.0,10.79771679237984,4,2,2
3216,main_green,73,30.0,10.829881668868744,4,2,2
3217,main_green,74,34.0,10.708901043269105,5,2,2
3218,main_green,75,38.0,10.563679099078001,5,2,2
3219,main_green,75,44.0,10.647653492559227,6,2,2
3220,main_green,74,51.0,10.556833190297539,7,2,2
3221,main_green,71,59.0,10.103481371833825,8,2,2
3222,main_green,71,67.0,9.716297343569165,8,2,2
3223,main_green,75,78.0,8.764617925549224,15,2,2
3224,main_green,72,91.0,8.579529641239194,11,2,2
3225,main_green,67,107.0,8.330734544161029,14,2,2
3226,main_green,67,125.0,8.228431734200306,17,2,2
3227,main_green,66,144.0,8.192271108785997,18,2,2
3228,main_green,65,163.0,8.299919788395291,17,2,2
3229,main_green,65,182.0,8.316633191244918,18,2,2
3230,main_green,65,201.0,8.168361736172736,18,2,2
3231,main_green,65,213.0,8.437967830589802,16,2,2
3232,main_green,63,231.0,8.457531196623409,16,2,2
3233,main_green,64,249.0,8.155671076887515,18,2,2
3234,main_green,63,267.0,8.253617915868647,16,2,2
3235,main_green,63,286.0,8.401808079686603,17,2,2
3236,main_green,64,305.0,8.491010425426596,18,2,2
3237,main_yellow,64,324.0,8.642944160113691,17,3,3
3238,main_yellow,64,343.0,8.420129062878555,17,3,3
3239,main_yellow,64,345.0,7.9843585843915115,17,3,3
3240,side_green,65,152.0,7.658697038990542,11,0,0
3241,side_green,70,4.0,7.193720911327968,8,0,0
3242,side_green,70,8.0,7.454337410824269,4,0,0
3243,side_green,70,16.0,7.773569645153923,6,0,0
3244,side_green,70,27.0,8.019744528507841,7,0,0
3245,side_green,68,37.0,7.94055018473437,9,0,0
3246,side_green,68,47.0,7.970787629763451,11,0,0
3247,side_green,67,57.0,8.17746728879166,12,0,0
3248,side_green,68,68.0,8.262584363306717,13,0,0
3249,side_green,67,82.0,8.311556218605027,12,0,0
3250,side_green,67,97.0,8.369049322862129,13,0,0
3251,side_green,67,105.0,8.362871524733231,15,0,0
3252,side_green,67,113.0,8.383055716907412,17,0,0
3253,side_green,66,128.0,8.421359573702064,16,0,0
3254,side_green,65,145.0,8.38704913760595,17,0,0
3255,side_green,66,163.0,7.911085062613793,20,0,0
3256,side_green,65,182.0,7.768285212788331,19,0,0
3257,side_green,64,202.0,7.609047119795436,20,0,0
3258,side_green,65,223.0,6.4024718771840154,27,0,0
3259,side_green,64,246.0,6.478996697753384,23,0,0
3260,side_green,64,271.0,6.669511478193421,25,0,0
3261,side_green,64,296.0,6.4186394048907545,27,0,0
3262,side_green,63,322.0,6.508325384181585,26,0,0
3263,side_green,60,348.0,6.37415662416017,26,0,0
3264,side_green,62,375.0,6.288421143400165,29,0,0
3265,side_green,61,402.0,6.271133893184092,27,0,0
3266,side_green,59,430.0,5.923457419558378,28,0,0
3267,side_green,58,459.0,5.761542969888863,29,0,0
3268,side_green,57,488.0,5.540330542007446,29,0,0
3269,side_green,57,518.0,5.362989485006728,31,0,0
3270,side_green,57,549.0,5.25888156830124,32,0,0
3271,side_green,55,580.0,5.003530456466243,31,0,0
3272,side_green,54,611.0,4.889303406170252,31,0,0
3273,side_green,54,643.0,4.713916616468511,32,0,0
3274,side_green,52,675.0,4.133051407235907,32,0,0
3275,side_green,56,708.0,3.452889979945927,38,0,0
3276,side_green,55,742.0,3.232006370084434,34,0,0
3277,side_green,56,777.0,3.2392095316376532,36,0,0
3278,side_green,56,813.0,3.4920677281846584,36,0,0
3279,side_green,56,850.0,3.54332304722291,37,0,0
3280,side_green,61,887.0,3.3880885074669203,42,0,0
3281,side_green,61,924.0,3.584407338950523,37,0,0
3282,side_yellow,61,961.0,3.6994739935721617,37,1,1
3283,side_yellow,66,999.0,3.4683298528720385,43,1,1
3284,side_yellow,66,1039.0,3.6676018495245626,40,1,1
3285,main_green,67,744.0,4.01269041245942,33,2,2
3286,main_green,68,480.0,4.484506879003731,26,2,2
3287,main_green,68,270.0,5.049114446057072,17,2,2
3288,main_green,68,137.0,5.746862692382748,11,2,2
3289,main_green,69,48.0,6.4601650701681805,7,2,2
3290,main_green,69,23.0,7.124580639619461,5,2,2
3291,main_green,67,15.0,7.412876454283716,5,2,2
3292,main_green,72,19.0,7.026241830738886,10,2,2
3293,main_green,72,27.0,7.495955790510684,6,2,2
3294,main_green,72,37.0,7.701743742706752,8,2,2
3295,main_green,73,49.0,7.967161706359361,11,2,2
3296,main_green,72,54.0,8.00391525936312,11,2,2
3297,main_green,73,62.0,8.074387629860817,15,2,2
3298,main_green,74,55.0,8.223317647962665,12,2,2
3299,main_green,74,44.0,8.399222512053091,11,2,2
3300,main_green,74,35.0,8.47507861082555,9,2,2
3301,main_green,75,39.0,8.39096782368426,10,2,2
3302,main_green,75,43.0,8.492796431019672,9,2,2
3303,main_green,76,51.0,8.780361339150247,12,2,2
3304,main_green,76,63.0,9.152388420306323,12,2,2
3305,main_green,75,75.0,9.494306255494692,12,2,2
3306,main_green,75,87.0,9.766025233877118,12,2,2
3307,main_green,77,99.0,9.616789688609872,14,2,2
3308,main_green,77,111.0,9.484703868732415,12,2,2
3309,main_green,80,123.0,9.008823432416879,16,2,2
3310,main_green,79,137.0,8.633466056251924,14,2,2
3311,main_green,78,151.0,8.687068195529326,13,2,2
3312,main_green,77,166.0,8.604554257636385,14,2,2
3313,main_green,76,182.0,8.424748774732674,16,2,2
3314,main_green,76,200.0,8.379995868693506,18,2,2
3315,main_green,74,218.0,8.576611412567132,17,2,2
3316,main_green,72,238.0,8.55805744946676,20,2,2
3317,main_green,70,258.0,8.562397749788753,19,2,2
3318,main_green,67,270.0,8.521068232727222,17,2,2
3319,main_green,65,284.0,8.590638474038302,16,2,2
3320,main_green,66,301.0,8.622846864022804,17,2,2
3321,main_green,65,318.0,8.426207111160199,17,2,2
3322,main_green,65,335.0,8.425345777155771,16,2,2
3323,main_green,63,352.0,8.430097464295537,16,2,2
3324,main_green,62,369.0,8.483795693225957,16,2,2
3325,main_green,62,387.0,8.35347182304501,17,2,2
3326,main_green,68,405.0,7.329612134536922,23,2,2
3327,main_yellow,68,423.0,7.215454009681209,17,3,3
3328,main_yellow,68,443.0,6.990464823045287,18,3,3
3329,main_yellow,68,446.0,6.613601489942922,22,3,3
3330,side_green,68,206.0,6.814843325259091,12,0,0
3331,side_green,68,17.0,7.31354472406522,8,0,0
3332,side_green,70,13.0,7.425970019263944,10,0,0
3333,side_green,70,21.0,7.729873558577833,8,0,0
3334,side_green,70,33.0,8.062491704037813,10,0,0
3335,side_green,71,46.0,8.291209407226495,11,0,0
3336,side_green,71,62.0,8.351840582818841,14,0,0
3337,side_green,70,73.0,8.30760731476202,11,0,0
3338,side_green,71,81.0,8.29117160463187,13,0,0
3339,side_green,70,92.0,8.348404848521712,12,0,0
3340,side_green,69,109.0,8.377122200453046,15,0,0
3341,side_green,69,127.0,8.35874461017778,17,0,0
3342,side_green,69,138.0,8.51586579453338,18,0,0
3343,side_green,74,157.0,7.92007831904183,23,0,0
3344,side_green,74,176.0,7.833047235635839,19,0,0
3345,side_green,74,196.0,7.9059384025062975,19,0,0
3346,side_green,73,204.0,7.997655224087957,19,0,0
3347,side_green,71,226.0,7.954181855308121,22,0,0
3348,side_green,68,249.0,7.779732242030533,23,0,0
3349,side_green,66,273.0,7.600917083611742,25,0,0
3350,side_green,63,297.0,7.301636054341023,24,0,0
3351,side_green,63,321.0,6.987599084522524,25,0,0
3352,side_green,59,345.0,6.724562652136776,24,0,0
3353,side_green,57,372.0,6.437742727852549,27,0,0
3354,side_green,57,399.0,6.244080637727456,27,0,0
3355,side_green,57,426.0,5.793754462377959,28,0,0
3356,side_green,56,453.0,5.3632118377041715,27,0,0
3357,side_green,56,483.0,5.2041694956504845,30,0,0
3358,side_green,54,514.0,4.594603249840609,32,0,0
3359,side_green,52,545.0,4.238440917572998,31,0,0
3360,side_green,56,578.0,3.608283891506889,38,0,0
3361,side_green,57,611.0,3.623433857986103,34,0,0
3362,side_green,57,644.0,3.6346365347733296,33,0,0
3363,side_green,61,678.0,3.2993914999596536,39,0,0
3364,side_green,62,712.0,3.4389521307074924,35,0,0
3365,side_green,62,747.0,3.6097877382434014,35,0,0
3366,side_green,67,783.0,3.522411630569267,41,0,0
3367,side_green,67,821.0,3.663191937343541,39,0,0
3368,side_green,67,860.0,3.967692517765816,39,0,0
3369,side_green,68,899.0,4.154144971473792,40,0,0
3370,side_green,68,939.0,4.497505038243098,40,0,0
3371,side_green,67,979.0,4.540006329208389,40,0,0
3372,side_yellow,68,1020.0,4.591741219792433,42,1,1
3373,side_yellow,69,1061.0,4.650205090689751,42,1,1
3374,side_yellow,69,1102.0,4.756040659824773,41,1,1
3375,main_green,69,803.0,4.922055274222271,33,2,2
3376,main_green,68,538.0,5.109435361160999,25,2,2
3377,main_green,68,314.0,5.1608361077561,18,2,2
3378,main_green,71,152.0,5.215535323328543,15,2,2
3379,main_green,70,71.0,5.734417027280132,6,2,2
3380,main_green,71,32.0,6.207245355598867,6,2,2
3381,main_green,71,18.0,6.682210127546991,6,2,2
3382,main_green,71,23.0,7.083358137911768,7,2,2
3383,main_green,72,33.0,7.306209438258991,9,2,2
3384,main_green,72,46.0,7.737041163715215,11,2,2
3385,main_green,72,62.0,7.875858367100455,14,2,2
3386,main_green,72,69.0,8.126956013068886,15,2,2
3387,main_green,74,80.0,7.830706148072664,19,2,2
3388,main_green,74,93.0,7.76522429542601,19,2,2
3389,main_green,74,107.0,7.828987477584848,18,2,2
3390,main_green,75,110.0,7.977124290429421,19,2,2
3391,main_green,75,113.0,8.214379807034874,17,2,2
3392,main_green,75,116.0,8.701229815357088,15,2,2
3393,main_green,76,120.0,8.75948455769118,14,2,2
3394,main_green,76,130.0,9.032025294706424,12,2,2
3395,main_green,80,142.0,8.435543642845435,17,2,2
3396,main_green,81,154.0,8.397689320099895,13,2,2
3397,main_green,80,168.0,8.535689830890517,14,2,2
3398,main_green,81,184.0,8.618629093579868,16,2,2
3399,main_green,81,201.0,8.920450385824193,16,2,2
3400,main_green,82,219.0,8.902496916229724,18,2,2
3401,main_green,81,238.0,8.689434723096701,18,2,2
3402,main_green,80,258.0,8.958448169358139,18,2,2
3403,main_green,78,276.0,8.994123689509857,17,2,2
3404,main_green,76,295.0,8.790690291093682,18,2,2
3405,main_green,72,315.0,8.76407410523321,18,2,2
3406,main_green,73,335.0,8.740237203337811,19,2,2
3407,main_green,70,355.0,8.64849001794749,18,2,2
3408,main_green,68,375.0,8.685520196990156,18,2,2
3409,main_green,65,380.0,8.759715411235067,16,2,2
3410,main_green,64,385.0,8.652934490592086,17,2,2
3411,main_green,63,402.0,8.40820350874592,16,2,2
3412,main_green,67,419.0,7.596498385763328,21,2,2
3413,main_green,66,437.0,7.546146733164714,17,2,2
3414,main_green,66,456.0,7.691348454669947,18,2,2
3415,main_green,67,476.0,7.75399230980087,20,2,2
3416,main_green,67,498.0,7.911277304201602,20,2,2
3417,main_yellow,68,520.0,7.845933835681116,21,3,3
3418,main_yellow,69,543.0,7.71457914416063,22,3,3
3419,main_yellow,69,544.0,7.653413431844848,22,3,3
3420,side_green,69,255.0,7.799585282768275,13,0,0
3421,side_green,70,33.0,7.932126075092991,6,0,0
3422,side_green,70,6.0,8.147997954942415,3,0,0
3423,side_green,68,13.0,8.126036510600702,6,0,0
3424,side_green,70,21.0,7.871569302799084,8,0,0
3425,side_green,70,33.0,8.022235126804961,8,0,0
3426,side_green,70,47.0,8.25096117525726,11,0,0
3427,side_green,69,67.0,8.082693381127989,16,0,0
3428,side_green,68,87.0,8.06499253633633,16,0,0
3429,side_green,71,109.0,7.029968883999777,24,0,0
3430,side_green,71,133.0,6.992140778818831,20,0,0
3431,side_green,68,140.0,6.829139968446921,17,0,0
3432,side_green,68,156.0,6.8150639253772445,19,0,0
3433,side_green,68,179.0,6.844863140819342,19,0,0
3434,side_green,68,202.0,6.932059950312528,19,0,0
3435,side_green,70,215.0,6.927057533666285,23,0,0
3436,side_green,70,201.0,7.400580384443956,21,0,0
3437,side_green,68,224.0,7.408115081484418,23,0,0
3438,side_green,65,247.0,7.332164202721058,23,0,0
3439,side_green,66,271.0,7.22536223702095,25,0,0
3440,side_green,68,295.0,6.473675497958858,29,0,0
3441,side_green,68,319.0,6.7905874082292,24,0,0
3442,side_green,66,344.0,6.631537499873257,25,0,0
3443,side_green,69,369.0,6.059913171091691,30,0,0
3444,side_green,66,394.0,5.974510758609377,25,0,0
3445,side_green,63,420.0,5.863549568391839,26,0,0
3446,side_green,68,448.0,5.411363906908884,34,0,0
3447,side_green,67,477.0,5.597753299571155,29,0,0
3448,side_green,67,507.0,5.789719778406343,30,0,0
3449,side_green,66,537.0,5.783280843494296,31,0,0
3450,side_green,63,568.0,5.767227846769975,31,0,0
3451,side_green,63,599.0,5.95629449982878,31,0,0
3452,side_green,64,630.0,5.948052300541193,32,0,0
3453,side_green,64,661.0,6.047998595274702,31,0,0
3454,side_green,65,693.0,5.957062407915472,33,0,0
3455,side_green,65,725.0,5.8679378747889395,32,0,0
3456,side_green,65,758.0,5.7525611535279175,33,0,0
3457,side_green,66,791.0,5.40463320560782,34,0,0
3458,side_green,66,825.0,5.014233919151764,34,0,0
3459,side_green,66,860.0,4.797578034859689,35,0,0
3460,side_green,66,897.0,4.628590781910765,37,0,0
3461,side_green,67,935.0,4.428142578649354,39,0,0
3462,side_yellow,62,973.0,3.8294938567686914,38,1,1
3463,side_yellow,67,1012.0,3.3521603465921626,44,1,1
3464,side_yellow,67,1051.0,3.164327170884781,40,1,1
3465,main_green,67,753.0,3.5477520306444235,33,2,2
3466,main_green,67,483.0,4.086847491910813,27,2,2
3467,main_green,69,261.0,4.464474671961151,23,2,2
3468,main_green,69,133.0,5.173171180908232,14,2,2
3469,main_green,69,51.0,5.836546490273336,8,2,2
3470,main_green,71,30.0,6.326517490109423,9,2,2
3471,main_green,71,33.0,7.008442831735899,7,2,2
3472,main_green,71,37.0,7.6069148276581915,8,2,2
3473,main_green,72,47.0,8.005051375079884,9,2,2
3474,main_green,72,59.0,8.4005743161911,10,2,2
3475,main_green,72,65.0,8.647009420468372,11,2,2
3476,main_green,74,72.0,8.650313931126302,14,2,2
3477,main_green,74,80.0,8.838652709159367,12,2,2
3478,main_green,74,79.0,9.050854305820776,12,2,2
3479,main_green,74,74.0,9.23376044270312,9,2,2
3480,main_green,75,69.0,9.319910016272278,8,2,2
3481,main_green,78,65.0,8.90783683397292,10,2,2
3482,main_green,78,62.0,9.185531938966434,4,2,2
3483,main_green,79,68.0,9.522933031423376,7,2,2
3484,main_green,78,76.0,9.776259781875341,8,2,2
3485,main_green,76,85.0,9.945936909292591,8,2,2
3486,main_green,76,94.0,9.960431159990252,9,2,2
3487,main_green,76,104.0,10.040036106923937,9,2,2
3488,main_green,76,114.0,10.239215731289434,9,2,2
3489,main_green,75,126.0,10.231042581338816,10,2,2
3490,main_green,75,139.0,10.007537608594752,12,2,2
3491,main_green,74,152.0,10.069187243600036,11,2,2
3492,main_green,74,165.0,9.83105741553362,12,2,2
3493,main_green,68,169.0,9.68423836467896,9,2,2
3494,main_green,68,180.0,9.700533272610453,9,2,2
3495,main_green,66,191.0,9.34360052798357,10,2,2
3496,main_green,65,191.0,9.482123281090079,10,2,2
3497,main_green,62,191.0,9.31661562235357,9,2,2
3498,main_green,65,198.0,8.116799261623838,14,2,2
3499,main_green,64,208.0,8.09725657947309,9,2,2
3500,main_green,63,219.0,8.366820868441158,10,2,2
3501,main_green,65,233.0,8.436301300712445,15,2,2
3502,main_green,65,247.0,8.69082785087086,13,2,2
3503,main_green,65,261.0,8.960087822121613,13,2,2
3504,main_green,66,276.0,8.862517829681371,15,2,2
3505,main_green,66,291.0,8.973311993442042,13,2,2
3506,main_green,65,306.0,9.086606963702842,13,2,2
3507,main_yellow,66,322.0,8.892623793553717,15,3,3
3508,main_yellow,66,318.0,8.836865471833237,14,3,3
3509,main_yellow,65,322.0,8.541958579258333,14,3,3
3510,side_green,65,46.0,8.483009722421823,6,0,0
3511,side_green,63,4.0,8.534005413609403,3,0,0
3512,side_green,64,10.0,8.531982358257972,6,0,0
3513,side_green,63,17.0,8.723514871693585,6,0,0
3514,side_green,62,25.0,8.854851516045903,10,0,0
3515,side_green,67,35.0,8.381679668055218,15,0,0
3516,side_green,66,45.0,8.714158641232519,10,0,0
3517,side_green,65,57.0,8.89551897437588,12,0,0
3518,side_green,64,69.0,8.966335043589808,12,0,0
3519,side_green,64,81.0,9.024243526120946,12,0,0
3520,side_green,70,95.0,8.163177864539641,20,0,0
3521,side_green,70,111.0,8.382662316571658,16,0,0
3522,side_green,70,128.0,8.467475268961817,17,0,0
3523,side_green,75,145.0,7.665429480042056,22,0,0
3524,side_green,75,162.0,7.80460325028014,17,0,0
3525,side_green,73,180.0,7.768968691752968,18,0,0
3526,side_green,73,201.0,7.745580091202619,22,0,0
3527,side_green,72,223.0,7.664361951172424,23,0,0
3528,side_green,69,246.0,7.42202047878561,23,0,0
3529,side_green,67,270.0,7.056872001703201,25,0,0
3530,side_green,63,295.0,6.726039054922406,25,0,0
3531,side_green,60,321.0,6.382520795512756,26,0,0
3532,side_green,61,348.0,5.260262730447374,33,0,0
3533,side_green,59,375.0,5.208307369595148,27,0,0
3534,side_green,57,402.0,5.2635731533196335,27,0,0
3535,side_green,58,430.0,5.363607099606536,29,0,0
3536,side_green,57,459.0,5.51597037412396,29,0,0
3537,side_green,58,488.0,5.34147184236655,30,0,0
3538,side_green,58,517.0,5.147008313330536,30,0,0
3539,side_green,58,546.0,5.097992860688785,29,0,0
3540,side_green,58,575.0,5.035852732479059,29,0,0
3541,side_green,58,605.0,4.945687936180155,30,0,0
3542,side_green,59,636.0,4.973099044481861,32,0,0
3543,side_green,60,667.0,5.082851388146468,32,0,0
3544,side_green,60,698.0,5.162852866782002,31,0,0
3545,side_green,60,729.0,5.192483726022374,31,0,0
3546,side_green,60,761.0,5.31565891242641,32,0,0
3547,side_green,61,793.0,5.4126476021146654,33,0,0
3548,side_green,58,827.0,5.017859672898182,34,0,0
3549,side_green,62,861.0,4.473491070069751,39,0,0
3550,side_green,63,895.0,4.50308962842393,35,0,0
3551,side_green,63,929.0,4.521376071027194,34,0,0
3552,side_yellow,63,964.0,4.567229841425093,35,1,1
3553,side_yellow,64,1000.0,4.5567822358716255,37,1,1
3554,side_yellow,64,1036.0,4.6636353534066215,36,1,1
3555,main_green,64,723.0,5.002460549701633,29,2,2
3556,main_green,66,446.0,5.304544591441053,24,2,2
3557,main_green,66,247.0,5.828255689476087,16,2,2
3558,main_green,66,100.0,6.252703116928515,11,2,2
3559,main_green,66,51.0,6.836257730429483,7,2,2
3560,main_green,67,33.0,7.330363372072035,6,2,2
3561,main_green,67,22.0,7.816601933332879,4,2,2
3562,main_green,67,20.0,8.071509117652795,3,2,2
3563,main_green,66,27.0,8.318566836537412,5,2,2
3564,main_green,67,35.0,8.49497008443749,7,2,2
3565,main_green,65,43.0,8.532494222523598,6,2,2
3566,main_green,65,53.0,7.642959016571653,13,2,2
3567,main_green,66,65.0,7.793548229765799,11,2,2
3568,main_green,66,67.0,7.930707397624208,12,2,2
3569,main_green,66,70.0,8.06701824613914,13,2,2
3570,main_green,67,64.0,8.20652468217857,15,2,2
3571,main_green,67,46.0,8.72013042102043,10,2,2
3572,main_green,69,42.0,8.928851486228417,11,2,2
3573,main_green,69,41.0,9.280934217144697,8,2,2
3574,main_green,69,40.0,9.625412876791593,7,2,2
3575,main_green,70,38.0,9.723372446595524,7,2,2
3576,main_green,70,36.0,10.092412081565996,5,2,2
3577,main_green,70,34.0,10.381308390147968,5,2,2
3578,main_green,71,37.0,10.34378067745826,6,2,2
3579,main_green,71,41.0,10.64219408869914,4,2,2
3580,main_green,70,45.0,10.857012152658028,4,2,2
3581,main_green,69,49.0,10.986054611954943,5,2,2
3582,main_green,68,53.0,11.095823697313145,4,2,2
3583,main_green,70,57.0,10.455640230568475,8,2,2
3584,main_green,69,61.0,10.233729870720438,5,2,2
3585,main_green,66,66.0,10.192703010338633,4,2,2
3586,main_green,64,73.0,9.962465735806271,7,2,2
3587,main_green,63,81.0,10.067720543048837,7,2,2
3588,main_green,61,90.0,10.10423674449106,8,2,2
3589,main_green,60,99.0,10.039868679306116,9,2,2
3590,main_green,58,109.0,10.232118192342254,9,2,2
3591,main_green,57,119.0,10.266784381160276,9,2,2
3592,main_green,56,129.0,10.328042924462805,9,2,2
3593,main_green,55,139.0,10.183372294542508,10,2,2
3594,main_green,55,149.0,9.95625499692985,9,2,2
3595,main_green,56,159.0,9.848053915525636,10,2,2
3596,main_green,55,169.0,9.851445198844063,9,2,2
3597,main_yellow,55,179.0,9.80508824467741,9,3,3
3598,main_yellow,55,190.0,9.59659012759508,9,3,3
3599,main_yellow,55,184.0,9.119884161212582,9,3,3
