step,phase,phase_group,vehicle_count,total_waiting_time,mean_speed,total_queue,J1_phase,J2_phase,J3_phase,E1_queue_J1_J2,neg_E1_queue_J2_J1,E2_queue_J2_J3,neg_E2_queue_J3_J2,departed_cumulative,arrived_cumulative
1,0,side_green,8,0.0,0.0,8,0,0,0,0,0,0,0,8,0
2,0,side_green,8,0.0,1.955,0,0,0,0,0,0,0,0,8,0
3,0,side_green,8,0.0,4.006,0,0,0,0,0,0,0,0,8,0
4,0,side_green,8,0.0,5.904,0,0,0,0,0,0,0,0,8,0
5,0,side_green,9,0.0,7.2,1,0,0,0,0,0,0,0,9,0
6,0,side_green,9,0.0,9.095,0,0,0,0,0,0,0,0,9,0
7,0,side_green,10,0.0,9.795,1,0,0,0,0,0,0,0,10,0
8,0,side_green,10,0.0,10.765,0,0,0,0,0,0,0,0,10,0
9,0,side_green,11,0.0,10.22,1,0,0,0,0,0,0,0,11,0
10,0,side_green,11,0.0,10.604,0,0,0,0,0,0,0,0,11,0
11,0,side_green,11,0.0,11.313,0,0,0,0,0,0,0,0,11,0
12,0,side_green,12,0.0,10.575,1,0,0,0,0,0,0,0,12,0
13,0,side_green,19,0.0,7.142,7,0,0,0,0,0,0,0,19,0
14,0,side_green,19,0.0,8.072,0,0,0,0,0,0,0,0,19,0
15,0,side_green,19,0.0,8.971,0,0,0,0,0,0,0,0,19,0
16,0,side_green,19,0.0,9.779,0,0,0,0,0,0,0,0,19,0
17,0,side_green,21,0.0,9.636,2,0,0,0,0,0,0,0,21,0
18,0,side_green,21,0.0,10.673,0,0,0,0,0,0,0,0,21,0
19,0,side_green,21,0.0,11.324,0,0,0,0,0,0,0,0,21,0
20,0,side_green,21,0.0,11.792,0,0,0,0,0,0,0,0,21,0
21,0,side_green,22,0.0,11.435,1,0,0,0,0,0,0,0,22,0
22,0,side_green,23,0.0,11.324,1,0,0,0,0,0,0,0,23,0
23,0,side_green,23,0.0,11.493,0,0,0,0,0,0,0,0,23,0
24,0,side_green,23,0.0,11.787,0,0,0,0,0,0,0,0,23,0
25,0,side_green,30,0.0,8.961,7,0,0,0,0,0,0,0,30,0
26,0,side_green,30,0.0,9.332,0,0,0,0,0,0,0,0,30,0
27,0,side_green,31,1.0,9.36,2,0,0,0,0,0,0,0,31,0
28,0,side_green,31,2.0,9.917,1,0,0,0,0,0,0,0,31,0
29,0,side_green,32,3.0,10.042,2,0,0,0,0,0,0,0,32,0
30,0,side_green,32,5.0,10.23,2,0,0,0,0,0,0,0,32,0
31,0,side_green,32,7.0,10.543,2,0,0,0,0,0,0,0,32,0
32,0,side_green,33,9.0,10.413,3,0,0,0,0,0,0,0,33,0
33,0,side_green,34,12.0,10.022,4,0,0,0,0,0,0,0,34,0
34,0,side_green,31,15.0,9.849,3,0,0,0,0,0,0,0,34,3
35,0,side_green,31,19.0,9.906,4,0,0,0,0,0,0,0,34,3
36,0,side_green,30,24.0,9.986,5,0,0,0,0,0,0,0,34,4
37,0,side_green,37,29.0,8.077,12,0,0,0,0,0,0,0,41,4
38,0,side_green,37,34.0,7.851,6,0,0,0,0,0,0,0,42,5
39,0,side_green,37,39.0,8.286,5,0,0,0,0,0,0,0,42,5
40,0,side_green,37,44.0,8.644,5,0,0,0,0,0,0,0,42,5
41,0,side_green,38,49.0,8.54,6,0,0,0,0,0,0,0,43,5
42,0,side_green,38,56.0,8.767,7,0,0,0,0,0,0,0,43,5
43,1,side_yellow,38,63.0,8.698,8,1,1,1,0,0,0,0,44,6
44,1,side_yellow,38,70.0,9.095,7,1,1,1,0,0,0,0,44,6
45,1,side_yellow,39,78.0,8.839,9,1,1,1,0,0,0,0,45,6
46,2,main_green,37,23.0,8.819,4,2,2,2,0,0,0,0,45,8
47,2,main_green,34,1.0,8.863,1,2,2,2,0,0,0,0,45,11
48,2,main_green,35,0.0,9.039,1,2,2,2,0,0,0,0,46,11
49,2,main_green,42,0.0,8.155,7,2,2,2,0,0,0,0,53,11
50,2,main_green,42,0.0,9.062,0,2,2,2,0,0,0,0,53,11
51,2,main_green,42,0.0,9.897,0,2,2,2,0,0,0,0,53,11
52,2,main_green,42,0.0,10.7,0,2,2,2,0,0,0,0,53,11
53,2,main_green,44,0.0,10.773,2,2,2,2,0,0,0,0,55,11
54,2,main_green,44,0.0,11.249,0,2,2,2,0,0,0,0,55,11
55,2,main_green,44,0.0,11.192,0,2,2,2,0,0,0,0,55,11
56,2,main_green,44,0.0,10.965,0,2,2,2,0,0,0,0,55,11
57,2,main_green,44,0.0,10.35,1,2,2,2,0,0,0,0,56,12
58,2,main_green,43,4.0,9.973,5,2,2,2,0,0,0,0,57,14
59,2,main_green,40,9.0,9.94,5,2,2,2,0,0,0,0,57,17
60,2,main_green,39,15.0,9.985,6,2,2,2,0,0,0,0,57,18
61,2,main_green,46,21.0,8.602,13,2,2,2,0,0,0,0,64,18
62,2,main_green,46,27.0,8.916,6,2,2,2,0,0,0,0,64,18
63,2,main_green,47,33.0,9.188,7,2,2,2,0,0,0,0,65,18
64,2,main_green,47,39.0,9.459,6,2,2,2,0,0,0,0,65,18
65,2,main_green,48,45.0,9.564,7,2,2,2,0,0,0,0,66,18
66,2,main_green,48,51.0,9.835,6,2,2,2,0,0,0,0,66,18
67,2,main_green,48,57.0,9.745,6,2,2,2,0,0,0,0,66,18
68,2,main_green,49,63.0,9.439,7,2,2,2,0,0,0,0,67,18
69,2,main_green,50,69.0,9.034,7,2,2,2,0,0,0,0,68,18
70,2,main_green,50,78.0,9.001,9,2,2,2,0,0,0,0,68,18
71,2,main_green,50,88.0,9.11,10,2,2,2,0,0,0,0,68,18
72,2,main_green,50,99.0,9.202,11,2,2,2,0,0,0,0,68,18
73,2,main_green,57,110.0,8.145,18,2,2,2,0,0,0,0,75,18
74,2,main_green,58,122.0,8.249,13,2,2,2,0,0,0,0,76,18
75,2,main_green,58,134.0,8.626,12,2,2,2,0,0,0,0,76,18
76,2,main_green,58,146.0,8.827,12,2,2,2,0,0,0,0,76,18
77,2,main_green,59,158.0,8.885,13,2,2,2,0,0,0,0,77,18
78,2,main_green,59,170.0,8.793,12,2,2,2,0,0,0,0,77,18
79,2,main_green,60,182.0,8.539,13,2,2,2,0,0,0,0,78,18
80,2,main_green,60,195.0,8.556,13,2,2,2,0,0,0,0,78,18
81,2,main_green,61,210.0,8.382,16,2,2,2,0,0,0,0,79,18
82,2,main_green,61,226.0,8.434,16,2,2,2,0,0,0,0,79,18
83,2,main_green,61,243.0,8.476,17,2,2,2,0,0,0,0,79,18
84,2,main_green,62,260.0,8.471,18,2,2,2,0,0,0,0,80,18
85,2,main_green,69,278.0,7.694,25,2,2,2,0,0,0,0,87,18
86,2,main_green,69,296.0,7.967,18,2,2,2,0,0,0,0,87,18
87,2,main_green,69,314.0,8.177,18,2,2,2,0,0,0,0,87,18
88,3,main_yellow,69,332.0,8.427,18,3,3,3,0,0,0,0,87,18
89,3,main_yellow,71,350.0,8.198,20,3,3,3,0,0,0,0,89,18
90,3,main_yellow,71,368.0,8.172,18,3,3,3,0,0,0,0,89,18
91,0,side_green,71,60.0,8.507,6,0,0,0,0,0,0,0,89,18
92,0,side_green,71,0.0,8.874,0,0,0,0,0,0,0,0,89,18
93,0,side_green,72,0.0,9.005,1,0,0,0,0,0,0,0,90,18
94,0,side_green,73,1.0,9.084,2,0,0,0,0,0,0,0,91,18
95,0,side_green,73,3.0,9.322,2,0,0,0,0,0,0,0,91,18
96,0,side_green,73,7.0,9.54,4,0,0,0,1,0,1,0,91,18
97,0,side_green,80,15.0,8.668,15,0,0,0,1,2,2,1,98,18
98,0,side_green,80,25.0,8.72,10,0,0,0,1,2,2,2,98,18
99,0,side_green,81,38.0,8.494,14,0,0,0,1,3,3,2,99,18
100,0,side_green,81,52.0,8.392,14,0,0,0,1,3,3,2,99,18
101,0,side_green,82,69.0,8.304,18,0,0,0,2,5,3,2,100,18
102,0,side_green,82,86.0,8.384,17,0,0,0,2,5,3,2,100,18
103,0,side_green,82,106.0,8.307,20,0,0,0,2,5,5,2,100,18
104,0,side_green,83,126.0,7.961,21,0,0,0,2,5,5,2,101,18
105,0,side_green,84,148.0,7.677,23,0,0,0,2,5,6,2,102,18
106,0,side_green,84,173.0,7.539,25,0,0,0,2,6,7,3,102,18
107,0,side_green,84,200.0,7.32,27,0,0,0,3,6,7,3,102,18
108,0,side_green,84,230.0,7.091,30,0,0,0,4,6,9,3,102,18
109,0,side_green,88,262.0,6.175,39,0,0,0,5,6,9,3,109,21
110,0,side_green,87,295.0,6.021,34,0,0,0,5,7,9,3,110,23
111,0,side_green,82,329.0,5.908,34,0,0,0,5,7,9,3,110,28
112,0,side_green,77,366.0,5.618,37,0,0,0,6,7,9,4,110,33
113,0,side_green,73,403.0,5.312,38,0,0,0,6,7,9,4,111,38
114,0,side_green,70,440.0,5.065,37,0,0,0,6,7,9,4,111,41
115,0,side_green,70,477.0,5.078,38,0,0,0,6,7,9,4,112,42
116,0,side_green,70,514.0,5.241,37,0,0,0,6,7,9,4,112,42
117,0,side_green,71,553.0,5.009,40,0,0,0,6,7,10,4,113,42
118,0,side_green,68,593.0,4.569,40,0,0,0,6,8,10,4,113,45
119,0,side_green,66,633.0,4.243,40,0,0,0,6,8,10,4,113,47
120,0,side_green,66,674.0,4.094,42,0,0,0,6,8,10,4,114,48
121,0,side_green,73,717.0,3.696,50,0,0,0,6,8,10,4,121,48
122,0,side_green,73,760.0,3.926,43,0,0,0,6,8,10,4,121,48
123,0,side_green,73,803.0,4.109,43,0,0,0,6,8,10,4,121,48
124,0,side_green,73,847.0,4.287,44,0,0,0,6,8,10,4,121,48
125,0,side_green,75,891.0,4.37,46,0,0,0,6,8,10,4,123,48
126,0,side_green,75,935.0,4.478,44,0,0,0,6,8,10,4,123,48
127,0,side_green,75,980.0,4.634,45,0,0,0,6,8,10,4,123,48
128,0,side_green,75,1026.0,4.651,46,0,0,0,6,8,10,4,123,48
129,0,side_green,76,1072.0,4.583,47,0,0,0,6,8,10,4,124,48
130,0,side_green,71,1119.0,3.746,48,0,0,0,6,8,10,4,125,54
131,0,side_green,71,1167.0,3.719,48,0,0,0,6,8,10,4,125,54
132,0,side_green,71,1215.0,3.747,48,0,0,0,6,8,10,4,125,54
133,1,side_yellow,78,1263.0,3.357,55,1,1,1,6,8,10,4,132,54
134,1,side_yellow,78,1313.0,3.497,50,1,1,1,6,8,10,4,132,54
135,1,side_yellow,79,1363.0,3.622,51,1,1,1,6,8,10,4,133,54
136,2,main_green,79,934.0,3.986,38,2,2,2,4,6,8,2,133,54
137,2,main_green,80,567.0,4.41,28,2,2,2,2,4,6,0,134,54
138,2,main_green,80,290.0,4.99,17,2,2,2,0,2,4,0,134,54
139,2,main_green,80,118.0,5.788,9,2,2,2,0,0,2,0,134,54
140,2,main_green,81,22.0,6.512,5,2,2,2,0,0,0,0,135,54
141,2,main_green,82,10.0,7.371,7,2,2,2,0,0,0,0,136,54
142,2,main_green,79,11.0,8.106,6,2,2,2,0,0,0,0,136,57
143,2,main_green,77,17.0,8.853,6,2,2,2,0,0,0,0,136,59
144,2,main_green,77,23.0,9.531,6,2,2,2,0,0,0,0,136,59
145,2,main_green,84,29.0,9.323,13,2,2,2,0,0,0,0,143,59
146,2,main_green,85,35.0,9.773,7,2,2,2,0,0,0,0,144,59
147,2,main_green,84,41.0,10.052,6,2,2,2,0,0,0,0,144,60
148,2,main_green,84,47.0,10.366,6,2,2,2,0,0,0,0,144,60
149,2,main_green,85,53.0,10.473,7,2,2,2,0,0,0,0,145,60
150,2,main_green,85,59.0,10.455,6,2,2,2,0,0,0,0,145,60
151,2,main_green,86,65.0,10.427,7,2,2,2,0,0,0,0,146,60
152,2,main_green,86,73.0,10.274,8,2,2,2,0,0,0,0,146,60
153,2,main_green,87,81.0,10.101,9,2,2,2,0,0,0,0,147,60
154,2,main_green,87,92.0,10.197,11,2,2,2,0,0,0,0,147,60
155,2,main_green,87,104.0,10.265,12,2,2,2,0,0,0,0,147,60
156,2,main_green,88,116.0,10.141,13,2,2,2,0,0,0,0,148,60
157,2,main_green,95,128.0,9.531,19,2,2,2,0,0,0,0,155,60
158,2,main_green,95,140.0,9.778,12,2,2,2,0,0,0,0,155,60
159,2,main_green,95,152.0,9.959,12,2,2,2,0,0,0,0,155,60
160,2,main_green,95,164.0,10.029,12,2,2,2,0,0,0,0,155,60
161,2,main_green,97,176.0,9.816,14,2,2,2,0,0,0,0,157,60
162,2,main_green,93,188.0,9.626,12,2,2,2,0,0,0,0,157,64
163,2,main_green,93,202.0,9.566,14,2,2,2,0,0,0,0,157,64
164,2,main_green,91,217.0,9.523,15,2,2,2,0,0,0,0,157,66
165,2,main_green,90,232.0,9.464,16,2,2,2,0,0,0,0,158,68
166,2,main_green,90,249.0,9.333,18,2,2,2,0,0,0,0,159,69
167,2,main_green,87,267.0,9.273,18,2,2,2,0,0,0,0,159,72
168,2,main_green,86,285.0,9.289,18,2,2,2,0,0,0,0,159,73
169,2,main_green,92,303.0,8.579,25,2,2,2,0,0,0,0,166,74
170,2,main_green,92,321.0,8.738,18,2,2,2,0,0,0,0,166,74
171,2,main_green,92,339.0,8.752,19,2,2,2,0,0,0,0,167,75
172,2,main_green,90,357.0,8.736,18,2,2,2,0,0,0,0,167,77
173,2,main_green,91,375.0,8.703,19,2,2,2,0,0,0,0,168,77
174,2,main_green,91,393.0,8.802,18,2,2,2,0,0,0,0,168,77
175,2,main_green,91,411.0,8.786,18,2,2,2,0,0,0,0,168,77
176,2,main_green,92,430.0,8.599,20,2,2,2,0,0,0,0,169,77
177,2,main_green,93,453.0,8.526,24,2,2,2,0,0,0,0,170,77
178,3,main_yellow,92,476.0,8.593,23,3,3,3,0,0,0,0,170,78
179,3,main_yellow,92,500.0,8.513,24,3,3,3,0,0,0,0,170,78
180,3,main_yellow,92,524.0,8.39,24,3,3,3,0,0,0,0,170,78
181,0,side_green,99,133.0,7.977,20,0,0,0,0,0,0,1,177,78
182,0,side_green,100,3.0,8.4,3,0,0,0,1,0,0,1,178,78
183,0,side_green,100,6.0,8.951,3,0,0,0,1,0,0,2,178,78
184,0,side_green,99,11.0,9.34,5,0,0,0,2,0,0,2,178,79
185,0,side_green,100,16.0,9.619,6,0,0,0,2,0,0,2,179,79
186,0,side_green,99,21.0,9.844,5,0,0,0,2,0,0,2,179,80
187,0,side_green,100,26.0,9.898,6,0,0,0,2,0,0,2,180,80
188,0,side_green,99,34.0,10.024,8,0,0,0,3,0,2,2,180,81
189,0,side_green,100,45.0,9.815,12,0,0,0,3,0,3,3,181,81
190,0,side_green,98,59.0,9.62,14,0,0,0,3,1,4,3,181,83
191,0,side_green,96,75.0,9.467,16,0,0,0,3,1,5,4,181,85
192,0,side_green,96,94.0,9.131,20,0,0,0,4,2,5,4,182,86
193,0,side_green,103,113.0,8.357,26,0,0,0,4,2,5,4,189,86
194,0,side_green,103,133.0,8.289,20,0,0,0,5,2,5,4,189,86
195,0,side_green,102,156.0,8.324,23,0,0,0,5,2,7,4,189,87
196,0,side_green,101,180.0,8.128,24,0,0,0,5,3,7,4,189,88
197,0,side_green,103,205.0,7.666,27,0,0,0,5,3,7,5,191,88
198,0,side_green,103,233.0,7.438,28,0,0,0,5,4,8,5,191,88
199,0,side_green,96,263.0,6.834,30,0,0,0,5,4,9,5,191,95
200,0,side_green,93,296.0,6.275,33,0,0,0,6,5,10,5,191,98
201,0,side_green,88,333.0,5.552,38,0,0,0,6,5,12,6,192,104
202,0,side_green,85,371.0,4.93,39,0,0,0,7,5,12,6,193,108
203,0,side_green,78,411.0,4.139,40,0,0,0,7,5,13,6,193,115
204,0,side_green,77,456.0,3.904,45,0,0,0,7,6,15,6,193,116
205,0,side_green,83,502.0,3.374,53,0,0,0,7,7,15,6,200,117
206,0,side_green,82,550.0,3.415,48,0,0,0,7,9,15,6,200,118
207,0,side_green,83,600.0,3.527,51,0,0,0,7,11,15,6,201,118
208,0,side_green,83,651.0,3.714,51,0,0,0,7,11,15,6,201,118
209,0,side_green,84,703.0,3.734,53,0,0,0,7,11,16,6,202,118
210,0,side_green,84,756.0,3.817,53,0,0,0,7,11,16,6,202,118
211,0,side_green,84,810.0,3.895,54,0,0,0,7,12,16,6,202,118
212,0,side_green,85,864.0,3.911,55,0,0,0,7,12,16,6,203,118
213,0,side_green,86,920.0,3.89,57,0,0,0,7,12,16,6,204,118
214,0,side_green,83,977.0,3.66,57,0,0,0,7,12,16,6,204,121
215,0,side_green,82,1034.0,3.554,57,0,0,0,7,12,16,6,204,122
216,0,side_green,82,1091.0,3.572,57,0,0,0,7,12,16,6,204,122
217,0,side_green,89,1148.0,3.239,64,0,0,0,7,12,16,6,211,122
218,0,side_green,89,1206.0,3.239,59,0,0,0,7,12,16,6,212,123
219,0,side_green,89,1265.0,3.322,59,0,0,0,7,12,16,6,212,123
220,0,side_green,88,1324.0,3.374,59,0,0,0,7,12,16,6,212,124
221,0,side_green,89,1384.0,3.36,61,0,0,0,7,12,16,6,213,124
222,0,side_green,89,1444.0,3.475,60,0,0,0,7,12,16,6,213,124
223,1,side_yellow,90,1505.0,3.587,62,1,1,1,7,12,16,6,214,124
224,1,side_yellow,90,1566.0,3.613,61,1,1,1,7,12,16,6,214,124
225,1,side_yellow,91,1627.0,3.493,62,1,1,1,7,12,16,6,215,124
226,2,main_green,90,1208.0,3.582,50,2,2,2,5,10,14,4,215,125
227,2,main_green,89,851.0,3.919,39,2,2,2,3,8,12,2,215,126
228,2,main_green,88,544.0,4.36,29,2,2,2,1,6,10,0,216,128
229,2,main_green,95,363.0,4.793,28,2,2,2,0,4,8,0,223,128
230,2,main_green,94,230.0,5.757,13,2,2,2,0,2,6,0,223,129
231,2,main_green,93,121.0,6.775,7,2,2,2,0,0,4,0,223,130
232,2,main_green,93,65.0,7.875,4,2,2,2,0,0,2,0,223,130
233,2,main_green,95,14.0,8.689,4,2,2,2,0,0,0,0,225,130
234,2,main_green,95,16.0,9.415,2,2,2,2,0,0,0,0,225,130
235,2,main_green,95,18.0,9.897,2,2,2,2,0,0,0,0,225,130
236,2,main_green,95,21.0,10.288,3,2,2,2,0,0,0,0,225,130
237,2,main_green,96,24.0,10.455,4,2,2,2,0,0,0,0,226,130
238,2,main_green,95,31.0,10.524,8,2,2,2,0,0,0,0,227,132
239,2,main_green,93,39.0,10.698,8,2,2,2,0,0,0,0,227,134
240,2,main_green,93,47.0,10.854,8,2,2,2,0,0,0,0,227,134
241,2,main_green,100,55.0,10.2,15,2,2,2,0,0,0,0,234,134
242,2,main_green,100,63.0,10.397,8,2,2,2,0,0,0,0,234,134
243,2,main_green,101,71.0,10.55,9,2,2,2,0,0,0,0,235,134
244,2,main_green,101,79.0,10.672,8,2,2,2,0,0,0,0,235,134
245,2,main_green,102,87.0,10.541,9,2,2,2,0,0,0,0,236,134
246,2,main_green,102,95.0,10.495,8,2,2,2,0,0,0,0,236,134
247,2,main_green,102,103.0,10.409,8,2,2,2,0,0,0,0,236,134
248,2,main_green,103,112.0,10.229,10,2,2,2,0,0,0,0,237,134
249,2,main_green,104,122.0,10.169,11,2,2,2,0,0,0,0,238,134
250,2,main_green,104,135.0,10.177,13,2,2,2,0,0,0,0,238,134
251,2,main_green,104,149.0,10.249,14,2,2,2,0,0,0,0,238,134
252,2,main_green,100,163.0,10.161,14,2,2,2,0,0,0,0,238,138
253,2,main_green,107,177.0,9.608,21,2,2,2,0,0,0,0,245,138
254,2,main_green,106,191.0,9.609,15,2,2,2,0,0,0,0,246,140
255,2,main_green,106,205.0,9.846,14,2,2,2,0,0,0,0,246,140
256,2,main_green,105,219.0,9.894,14,2,2,2,0,0,0,0,246,141
257,2,main_green,105,233.0,9.75,15,2,2,2,0,0,0,0,247,142
258,2,main_green,102,247.0,9.739,14,2,2,2,0,0,0,0,247,145
259,2,main_green,102,261.0,9.622,15,2,2,2,0,0,0,0,248,146
260,2,main_green,100,277.0,9.63,16,2,2,2,0,0,0,0,248,148
261,2,main_green,99,295.0,9.508,19,2,2,2,0,0,0,0,249,150
262,2,main_green,98,314.0,9.443,19,2,2,2,0,0,0,0,249,151
263,2,main_green,97,333.0,9.498,19,2,2,2,0,0,0,0,249,152
264,2,main_green,96,352.0,9.42,20,2,2,2,0,0,0,0,250,154
265,2,main_green,101,372.0,8.798,27,2,2,2,0,0,0,0,257,156
266,2,main_green,100,392.0,8.907,20,2,2,2,0,0,0,0,257,157
267,2,main_green,98,412.0,9.005,20,2,2,2,0,0,0,0,257,159
268,3,main_yellow,96,432.0,9.173,20,3,3,3,0,0,0,0,257,161
269,3,main_yellow,97,452.0,8.672,22,3,3,3,0,0,0,0,259,162
270,3,main_yellow,97,472.0,8.57,20,3,3,3,0,0,0,0,259,162
271,0,side_green,97,109.0,8.62,8,0,0,0,0,0,0,0,259,162
272,0,side_green,97,2.0,8.875,2,0,0,0,0,0,0,0,259,162
273,0,side_green,98,5.0,9.189,5,0,0,0,2,0,0,0,260,162
274,0,side_green,99,10.0,9.342,6,0,0,0,2,0,0,1,261,162
275,0,side_green,97,16.0,9.61,6,0,0,0,3,0,0,1,261,164
276,0,side_green,95,25.0,9.777,9,0,0,0,4,2,0,1,261,166
277,0,side_green,101,34.0,9.107,16,0,0,0,4,2,0,1,268,167
278,0,side_green,100,46.0,9.184,12,0,0,0,5,3,0,1,268,168
279,0,side_green,99,60.0,8.926,15,0,0,0,6,3,0,1,269,170
280,0,side_green,97,76.0,8.632,16,0,0,0,6,5,0,1,269,172
281,0,side_green,97,93.0,8.4,18,0,0,0,7,5,0,1,270,173
282,0,side_green,95,115.0,8.259,22,0,0,0,7,6,1,2,270,175
283,0,side_green,95,138.0,8.203,23,0,0,0,7,7,1,2,270,175
284,0,side_green,96,162.0,7.772,25,0,0,0,7,7,1,3,271,175
285,0,side_green,97,187.0,7.432,26,0,0,0,7,8,1,3,272,175
286,0,side_green,97,216.0,7.162,29,0,0,0,7,10,3,3,272,175
287,0,side_green,97,248.0,6.93,32,0,0,0,7,11,3,3,272,175
288,0,side_green,97,283.0,6.676,35,0,0,0,7,12,4,3,272,175
289,0,side_green,98,322.0,5.592,46,0,0,0,8,13,5,4,279,181
290,0,side_green,97,363.0,5.427,42,0,0,0,9,13,6,4,280,183
291,0,side_green,91,404.0,5.067,41,0,0,0,9,13,6,4,280,189
292,0,side_green,87,447.0,4.821,43,0,0,0,9,13,6,4,280,193
293,0,side_green,84,492.0,4.424,46,0,0,0,9,13,8,4,281,197
294,0,side_green,83,538.0,4.38,46,0,0,0,9,13,9,4,281,198
295,0,side_green,82,584.0,4.247,47,0,0,0,9,13,9,4,282,200
296,0,side_green,81,632.0,4.227,48,0,0,0,9,13,11,4,282,201
297,0,side_green,82,681.0,4.189,50,0,0,0,9,13,11,4,283,201
298,0,side_green,78,733.0,3.754,52,0,0,0,9,13,13,4,283,205
299,0,side_green,78,785.0,3.802,52,0,0,0,9,13,13,4,283,205
300,0,side_green,78,837.0,3.689,53,0,0,0,9,13,13,4,284,206
301,0,side_green,85,890.0,3.424,60,0,0,0,9,13,13,4,291,206
302,0,side_green,85,943.0,3.579,53,0,0,0,9,13,13,4,291,206
303,0,side_green,84,996.0,3.555,53,0,0,0,9,13,13,4,291,207
304,0,side_green,84,1050.0,3.643,54,0,0,0,9,13,13,4,291,207
305,0,side_green,86,1104.0,3.59,56,0,0,0,9,13,13,4,293,207
306,0,side_green,86,1160.0,3.67,56,0,0,0,9,13,13,4,293,207
307,0,side_green,86,1217.0,3.791,57,0,0,0,9,13,13,4,293,207
308,0,side_green,86,1274.0,3.78,57,0,0,0,9,13,13,4,293,207
309,0,side_green,87,1331.0,3.756,58,0,0,0,9,13,13,4,294,207
310,0,side_green,86,1389.0,3.511,59,0,0,0,9,13,13,4,295,209
311,0,side_green,85,1447.0,3.454,58,0,0,0,9,13,13,4,295,210
312,0,side_green,85,1506.0,3.479,59,0,0,0,9,13,13,4,295,210
313,1,side_yellow,92,1565.0,3.121,66,1,1,1,9,13,13,4,302,210
314,1,side_yellow,92,1624.0,3.319,59,1,1,1,9,13,13,4,302,210
315,1,side_yellow,92,1683.0,3.314,60,1,1,1,9,13,13,4,303,211
316,2,main_green,91,1264.0,3.652,49,2,2,2,7,11,11,2,303,212
317,2,main_green,92,893.0,4.13,38,2,2,2,5,9,9,0,304,212
318,2,main_green,92,607.0,4.717,28,2,2,2,3,7,7,0,304,212
319,2,main_green,92,368.0,5.46,18,2,2,2,1,5,5,0,304,212
320,2,main_green,92,191.0,6.098,12,2,2,2,0,3,3,0,305,213
321,2,main_green,93,65.0,7.025,6,2,2,2,0,1,1,0,306,213
322,2,main_green,91,6.0,7.674,3,2,2,2,0,0,0,0,306,215
323,2,main_green,88,11.0,8.34,5,2,2,2,0,0,0,0,306,218
324,2,main_green,87,17.0,9.158,6,2,2,2,0,0,0,0,306,219
325,2,main_green,94,23.0,9.188,13,2,2,2,0,0,0,0,313,219
326,2,main_green,95,29.0,9.709,7,2,2,2,0,0,0,0,314,219
327,2,main_green,95,35.0,10.266,6,2,2,2,0,0,0,0,314,219
328,2,main_green,95,41.0,10.634,6,2,2,2,0,0,0,0,314,219
329,2,main_green,96,47.0,10.741,7,2,2,2,0,0,0,0,315,219
330,2,main_green,96,53.0,10.763,6,2,2,2,0,0,0,0,315,219
331,2,main_green,97,59.0,10.571,7,2,2,2,0,0,0,0,316,219
332,2,main_green,97,65.0,10.448,6,2,2,2,0,0,0,0,316,219
333,2,main_green,98,75.0,10.374,11,2,2,2,0,0,0,0,317,219
334,2,main_green,98,87.0,10.356,12,2,2,2,0,0,0,0,317,219
335,2,main_green,98,99.0,10.366,12,2,2,2,0,0,0,0,317,219
336,2,main_green,99,111.0,10.28,13,2,2,2,0,0,0,0,318,219
337,2,main_green,106,123.0,9.675,19,2,2,2,0,0,0,0,325,219
338,2,main_green,106,135.0,9.868,12,2,2,2,0,0,0,0,325,219
339,2,main_green,106,147.0,10.057,12,2,2,2,0,0,0,0,325,219
340,2,main_green,106,159.0,10.16,12,2,2,2,0,0,0,0,325,219
341,2,main_green,108,171.0,9.933,14,2,2,2,0,0,0,0,327,219
342,2,main_green,106,183.0,9.804,12,2,2,2,0,0,0,0,327,221
343,2,main_green,106,196.0,9.777,13,2,2,2,0,0,0,0,327,221
344,2,main_green,104,211.0,9.724,15,2,2,2,0,0,0,0,327,223
345,2,main_green,104,227.0,9.721,17,2,2,2,0,0,0,0,328,224
346,2,main_green,103,243.0,9.65,17,2,2,2,0,0,0,0,329,226
347,2,main_green,101,261.0,9.649,18,2,2,2,0,0,0,0,329,228
348,2,main_green,99,279.0,9.64,18,2,2,2,0,0,0,0,329,230
349,2,main_green,104,297.0,9.084,25,2,2,2,0,0,0,0,336,232
350,2,main_green,103,315.0,9.282,18,2,2,2,0,0,0,0,336,233
351,2,main_green,101,333.0,9.266,19,2,2,2,0,0,0,0,337,236
352,2,main_green,100,351.0,9.335,18,2,2,2,0,0,0,0,337,237
353,2,main_green,99,369.0,9.262,19,2,2,2,0,0,0,0,338,239
354,2,main_green,97,387.0,9.218,18,2,2,2,0,0,0,0,338,241
355,2,main_green,97,405.0,9.268,18,2,2,2,0,0,0,0,338,241
356,2,main_green,97,424.0,9.146,20,2,2,2,0,0,0,0,339,242
357,2,main_green,97,445.0,8.927,22,2,2,2,0,0,0,0,340,243
358,3,main_yellow,96,466.0,8.915,21,3,3,3,0,0,0,0,340,244
359,3,main_yellow,95,488.0,8.751,22,3,3,3,0,0,0,0,340,245
360,3,main_yellow,95,511.0,8.527,23,3,3,3,0,0,0,0,340,245
361,0,side_green,102,125.0,8.007,20,0,0,0,1,0,0,0,347,245
362,0,side_green,103,5.0,8.421,5,0,0,0,2,0,0,0,348,245
363,0,side_green,103,10.0,8.822,5,0,0,0,2,0,0,0,348,245
364,0,side_green,102,16.0,9.251,6,0,0,0,2,0,0,0,348,246
365,0,side_green,102,23.0,9.51,8,0,0,0,3,0,0,0,349,247
366,0,side_green,101,30.0,9.887,7,0,0,0,3,0,0,0,349,248
367,0,side_green,99,40.0,10.028,11,0,0,0,3,0,2,0,350,251
368,0,side_green,98,52.0,10.167,12,0,0,0,4,0,2,0,350,252
369,0,side_green,99,65.0,9.789,14,0,0,0,4,0,2,0,351,252
370,0,side_green,99,78.0,9.459,13,0,0,0,4,0,2,0,351,252
371,0,side_green,98,94.0,8.987,16,0,0,0,5,1,2,1,351,253
372,0,side_green,98,111.0,8.415,18,0,0,0,5,1,3,1,352,254
373,0,side_green,103,130.0,7.497,26,0,0,0,5,2,4,1,359,256
374,0,side_green,103,153.0,7.359,23,0,0,0,5,3,5,1,359,256
375,0,side_green,101,179.0,7.084,26,0,0,0,5,4,7,1,359,258
376,0,side_green,101,210.0,6.91,31,0,0,0,5,5,8,3,359,258
377,0,side_green,103,244.0,6.61,36,0,0,0,5,6,9,3,361,258
378,0,side_green,103,279.0,6.432,35,0,0,0,5,7,9,3,361,258
379,0,side_green,99,316.0,6.046,37,0,0,0,6,8,9,3,361,262
380,0,side_green,94,356.0,5.6,40,0,0,0,6,8,11,3,361,267
381,0,side_green,91,398.0,5.198,43,0,0,0,6,9,12,3,362,271
382,0,side_green,87,443.0,4.71,46,0,0,0,6,11,13,3,363,276
383,0,side_green,85,490.0,4.619,47,0,0,0,6,12,14,3,363,278
384,0,side_green,83,540.0,4.374,50,0,0,0,6,13,14,3,363,280
385,0,side_green,85,590.0,3.478,57,0,0,0,6,13,14,3,370,285
386,0,side_green,83,642.0,3.394,52,0,0,0,6,14,15,3,370,287
387,0,side_green,83,694.0,3.43,53,0,0,0,6,14,15,3,371,288
388,0,side_green,83,748.0,3.669,54,0,0,0,6,14,15,3,371,288
389,0,side_green,84,802.0,3.707,55,0,0,0,6,14,15,3,372,288
390,0,side_green,84,856.0,3.921,54,0,0,0,6,14,15,3,372,288
391,0,side_green,84,910.0,3.983,54,0,0,0,6,14,15,3,372,288
392,0,side_green,85,964.0,3.88,55,0,0,0,6,14,15,3,373,288
393,0,side_green,86,1018.0,3.906,55,0,0,0,6,14,15,3,374,288
394,0,side_green,85,1074.0,3.809,56,0,0,0,6,14,15,3,374,289
395,0,side_green,81,1131.0,3.429,57,0,0,0,6,14,15,3,374,293
396,0,side_green,81,1188.0,3.396,57,0,0,0,6,14,15,3,374,293
397,0,side_green,88,1245.0,3.114,64,0,0,0,6,14,15,3,381,293
398,0,side_green,88,1302.0,3.232,58,0,0,0,6,14,15,3,382,294
399,0,side_green,88,1360.0,3.409,58,0,0,0,6,14,15,3,382,294
400,0,side_green,88,1418.0,3.552,58,0,0,0,6,14,15,3,382,294
401,0,side_green,89,1476.0,3.554,59,0,0,0,6,14,15,3,383,294
402,0,side_green,89,1534.0,3.608,58,0,0,0,6,14,15,3,383,294
403,1,side_yellow,90,1593.0,3.527,60,1,1,1,6,14,15,3,384,294
404,1,side_yellow,90,1653.0,3.457,60,1,1,1,6,14,15,3,384,294
405,1,side_yellow,91,1714.0,3.358,62,1,1,1,6,14,15,3,385,294
406,2,main_green,88,1291.0,3.277,50,2,2,2,4,12,13,1,385,297
407,2,main_green,87,936.0,3.564,41,2,2,2,2,10,11,0,385,298
408,2,main_green,87,651.0,4.101,33,2,2,2,0,8,9,0,386,299
409,2,main_green,94,460.0,4.463,32,2,2,2,0,6,7,0,393,299
410,2,main_green,94,306.0,5.464,17,2,2,2,0,4,5,0,393,299
411,2,main_green,94,166.0,6.551,10,2,2,2,0,2,3,0,393,299
412,2,main_green,94,78.0,7.538,5,2,2,2,0,0,2,0,393,299
413,2,main_green,96,13.0,8.094,4,2,2,2,0,0,0,0,395,299
414,2,main_green,95,15.0,8.912,2,2,2,2,0,0,0,0,395,300
415,2,main_green,95,17.0,9.429,2,2,2,2,0,0,0,0,395,300
416,2,main_green,95,19.0,9.784,2,2,2,2,0,0,0,0,395,300
417,2,main_green,96,21.0,9.901,3,2,2,2,0,0,0,0,396,300
418,2,main_green,94,28.0,10.002,8,2,2,2,0,0,0,0,397,303
419,2,main_green,94,36.0,10.264,8,2,2,2,0,0,0,0,397,303
420,2,main_green,93,44.0,10.521,8,2,2,2,0,0,0,0,397,304
421,2,main_green,100,52.0,9.877,15,2,2,2,0,0,0,0,404,304
422,2,main_green,100,60.0,10.021,8,2,2,2,0,0,0,0,404,304
423,2,main_green,101,68.0,10.082,9,2,2,2,0,0,0,0,405,304
424,2,main_green,101,76.0,10.233,8,2,2,2,0,0,0,0,405,304
425,2,main_green,102,84.0,10.212,9,2,2,2,0,0,0,0,406,304
426,2,main_green,102,92.0,10.315,8,2,2,2,0,0,0,0,406,304
427,2,main_green,102,100.0,10.243,8,2,2,2,0,0,0,0,406,304
428,2,main_green,103,109.0,10.002,10,2,2,2,0,0,0,0,407,304
429,2,main_green,104,120.0,9.876,12,2,2,2,0,0,0,0,408,304
430,2,main_green,104,131.0,9.929,11,2,2,2,0,0,0,0,408,304
431,2,main_green,104,143.0,10.121,12,2,2,2,0,0,0,0,408,304
432,2,main_green,103,157.0,10.129,14,2,2,2,0,0,0,0,408,305
433,2,main_green,109,171.0,9.393,21,2,2,2,0,0,0,0,415,306
434,2,main_green,110,185.0,9.477,15,2,2,2,0,0,0,0,416,306
435,2,main_green,108,199.0,9.553,14,2,2,2,0,0,0,0,416,308
436,2,main_green,106,213.0,9.644,14,2,2,2,0,0,0,0,416,310
437,2,main_green,105,227.0,9.412,15,2,2,2,0,0,0,0,417,312
438,2,main_green,102,241.0,9.27,14,2,2,2,0,0,0,0,417,315
439,2,main_green,101,255.0,9.079,15,2,2,2,0,0,0,0,418,317
440,2,main_green,99,271.0,9.184,16,2,2,2,0,0,0,0,418,319
441,2,main_green,98,290.0,9.06,20,2,2,2,0,0,0,0,419,321
442,2,main_green,97,310.0,9.022,20,2,2,2,0,0,0,0,419,322
443,2,main_green,96,330.0,9.088,20,2,2,2,0,0,0,0,419,323
444,2,main_green,95,350.0,8.979,21,2,2,2,0,0,0,0,420,325
445,2,main_green,100,370.0,8.329,27,2,2,2,0,0,0,0,427,327
446,2,main_green,98,390.0,8.563,20,2,2,2,0,0,0,0,427,329
447,2,main_green,97,410.0,8.747,20,2,2,2,0,0,0,0,427,330
448,3,main_yellow,94,430.0,8.646,20,3,3,3,0,0,0,0,427,333
449,3,main_yellow,96,450.0,8.221,22,3,3,3,0,0,0,0,429,333
450,3,main_yellow,96,470.0,7.93,20,3,3,3,0,0,0,0,429,333
451,0,side_green,96,113.0,7.885,10,0,0,0,1,0,0,0,429,333
452,0,side_green,96,6.0,8.007,4,0,0,0,1,0,0,0,429,333
453,0,side_green,97,10.0,8.137,7,0,0,0,3,0,0,1,430,333
454,0,side_green,98,18.0,8.384,9,0,0,0,3,0,0,2,431,333
455,0,side_green,97,28.0,8.845,10,0,0,0,5,0,0,2,431,334
456,0,side_green,97,39.0,9.174,11,0,0,0,6,0,0,2,431,334
457,0,side_green,103,53.0,8.623,21,0,0,0,7,0,0,2,438,335
458,0,side_green,102,69.0,8.612,16,0,0,0,8,1,0,2,438,336
459,0,side_green,102,87.0,8.483,19,0,0,0,9,1,1,2,439,337
460,0,side_green,100,109.0,8.246,22,0,0,0,10,2,2,2,439,339
461,0,side_green,100,135.0,8.019,27,0,0,0,11,4,2,3,440,340
462,0,side_green,100,161.0,7.966,26,0,0,0,11,4,2,3,440,340
463,0,side_green,100,188.0,7.915,27,0,0,0,11,4,2,3,440,340
464,0,side_green,100,217.0,7.61,30,0,0,0,11,4,3,3,441,341
465,0,side_green,101,249.0,7.369,33,0,0,0,12,5,3,4,442,341
466,0,side_green,100,282.0,7.188,33,0,0,0,12,5,4,4,442,342
467,0,side_green,100,317.0,7.048,35,0,0,0,12,6,4,5,442,342
468,0,side_green,100,355.0,6.858,38,0,0,0,12,8,4,5,442,342
469,0,side_green,103,394.0,5.985,46,0,0,0,12,9,4,5,449,346
470,0,side_green,101,434.0,5.645,41,0,0,0,12,9,4,5,450,349
471,0,side_green,93,476.0,5.069,42,0,0,0,12,10,4,5,450,357
472,0,side_green,91,520.0,4.885,44,0,0,0,12,10,6,5,450,359
473,0,side_green,86,566.0,4.254,47,0,0,0,12,12,6,5,451,365
474,0,side_green,85,614.0,4.212,48,0,0,0,12,12,7,5,451,366
475,0,side_green,84,666.0,4.111,53,0,0,0,12,12,10,5,452,368
476,0,side_green,84,718.0,4.224,52,0,0,0,12,12,10,5,452,368
477,0,side_green,85,772.0,4.167,55,0,0,0,12,12,11,5,453,368
478,0,side_green,82,827.0,3.839,55,0,0,0,12,13,11,5,453,371
479,0,side_green,79,883.0,3.441,56,0,0,0,12,13,11,5,453,374
480,0,side_green,80,939.0,3.415,57,0,0,0,12,13,11,5,454,374
481,0,side_green,87,995.0,3.099,63,0,0,0,12,13,11,5,461,374
482,0,side_green,87,1052.0,3.204,57,0,0,0,12,13,11,5,461,374
483,0,side_green,87,1109.0,3.23,57,0,0,0,12,13,11,5,461,374
484,0,side_green,87,1167.0,3.358,58,0,0,0,12,13,11,5,461,374
485,0,side_green,89,1225.0,3.446,60,0,0,0,12,13,11,5,463,374
486,0,side_green,89,1285.0,3.586,60,0,0,0,12,13,11,5,463,374
487,0,side_green,89,1345.0,3.717,60,0,0,0,12,13,11,5,463,374
488,0,side_green,89,1405.0,3.767,60,0,0,0,12,13,11,5,463,374
489,0,side_green,89,1465.0,3.65,61,0,0,0,12,13,11,5,464,375
490,0,side_green,88,1526.0,3.384,62,0,0,0,12,13,11,5,465,377
491,0,side_green,87,1588.0,3.288,62,0,0,0,12,13,11,5,465,378
492,0,side_green,86,1650.0,3.216,62,0,0,0,12,13,11,5,465,379
493,1,side_yellow,92,1712.0,2.901,69,1,1,1,12,13,11,5,472,380
494,1,side_yellow,92,1775.0,3.01,63,1,1,1,12,13,11,5,472,380
495,1,side_yellow,93,1838.0,3.124,64,1,1,1,12,13,11,5,473,380
496,2,main_green,93,1405.0,3.544,52,2,2,2,10,11,9,3,473,380
497,2,main_green,94,1012.0,4.001,41,2,2,2,8,9,7,1,474,380
498,2,main_green,94,700.0,4.499,29,2,2,2,6,7,5,0,474,380
499,2,main_green,94,445.0,5.113,19,2,2,2,4,5,3,0,474,380
500,2,main_green,95,215.0,5.807,11,2,2,2,2,3,1,0,475,380
501,2,main_green,96,38.0,6.688,8,2,2,2,0,1,0,0,476,380
502,2,main_green,92,10.0,7.421,5,2,2,2,0,0,0,0,476,384
503,2,main_green,91,16.0,8.346,6,2,2,2,0,0,0,0,476,385
504,2,main_green,90,22.0,9.004,6,2,2,2,0,0,0,0,476,386
505,2,main_green,97,28.0,8.98,13,2,2,2,0,0,0,0,483,386
506,2,main_green,98,34.0,9.591,7,2,2,2,0,0,0,0,484,386
507,2,main_green,98,40.0,10.241,6,2,2,2,0,0,0,0,484,386
508,2,main_green,98,46.0,10.607,6,2,2,2,0,0,0,0,484,386
509,2,main_green,99,52.0,10.599,7,2,2,2,0,0,0,0,485,386
510,2,main_green,99,58.0,10.765,6,2,2,2,0,0,0,0,485,386
511,2,main_green,100,64.0,10.688,7,2,2,2,0,0,0,0,486,386
512,2,main_green,100,71.0,10.542,7,2,2,2,0,0,0,0,486,386
513,2,main_green,101,78.0,10.406,8,2,2,2,0,0,0,0,487,386
514,2,main_green,101,87.0,10.441,9,2,2,2,0,0,0,0,487,386
515,2,main_green,101,98.0,10.457,11,2,2,2,0,0,0,0,487,386
516,2,main_green,102,110.0,10.427,13,2,2,2,0,0,0,0,488,386
517,2,main_green,109,122.0,9.731,19,2,2,2,0,0,0,0,495,386
518,2,main_green,109,134.0,9.965,12,2,2,2,0,0,0,0,495,386
519,2,main_green,109,146.0,10.132,12,2,2,2,0,0,0,0,495,386
520,2,main_green,109,158.0,10.233,12,2,2,2,0,0,0,0,495,386
521,2,main_green,111,170.0,10.155,14,2,2,2,0,0,0,0,497,386
522,2,main_green,108,182.0,9.978,12,2,2,2,0,0,0,0,497,389
523,2,main_green,107,194.0,9.921,12,2,2,2,0,0,0,0,497,390
524,2,main_green,105,207.0,9.797,13,2,2,2,0,0,0,0,497,392
525,2,main_green,105,225.0,9.71,19,2,2,2,0,0,0,0,498,393
526,2,main_green,104,243.0,9.643,19,2,2,2,0,0,0,0,499,395
527,2,main_green,103,261.0,9.675,18,2,2,2,0,0,0,0,499,396
528,2,main_green,103,279.0,9.762,18,2,2,2,0,0,0,0,499,396
529,2,main_green,107,297.0,9.16,25,2,2,2,0,0,0,0,506,399
530,2,main_green,106,315.0,9.307,18,2,2,2,0,0,0,0,506,400
531,2,main_green,106,333.0,9.264,19,2,2,2,0,0,0,0,507,401
532,2,main_green,104,351.0,9.35,18,2,2,2,0,0,0,0,507,403
533,2,main_green,105,369.0,9.292,19,2,2,2,0,0,0,0,508,403
534,2,main_green,103,387.0,9.348,18,2,2,2,0,0,0,0,508,405
535,2,main_green,101,405.0,9.298,18,2,2,2,0,0,0,0,508,407
536,2,main_green,102,423.0,9.139,19,2,2,2,0,0,0,0,509,407
537,2,main_green,102,444.0,9.003,22,2,2,2,0,0,0,0,510,408
538,3,main_yellow,102,467.0,8.944,23,3,3,3,0,0,0,0,510,408
539,3,main_yellow,101,490.0,8.923,23,3,3,3,0,0,0,0,510,409
540,3,main_yellow,101,515.0,8.772,25,3,3,3,0,0,0,0,510,409
541,0,side_green,108,130.0,8.194,20,0,0,0,0,0,0,0,517,409
542,0,side_green,109,3.0,8.472,2,0,0,0,0,0,0,0,518,409
543,0,side_green,108,6.0,8.792,3,0,0,0,0,0,0,1,518,410
544,0,side_green,107,12.0,9.137,6,0,0,0,2,0,0,1,518,411
545,0,side_green,107,19.0,9.384,8,0,0,0,3,0,0,1,519,412
546,0,side_green,107,28.0,9.664,9,0,0,0,4,0,0,1,519,412
547,0,side_green,107,40.0,9.83,13,0,0,0,4,1,1,2,520,413
548,0,side_green,105,52.0,9.741,12,0,0,0,4,1,1,2,520,415
549,0,side_green,105,66.0,9.423,15,0,0,0,4,2,2,2,521,416
550,0,side_green,104,83.0,9.163,17,0,0,0,5,3,2,2,521,417
551,0,side_green,104,103.0,9.096,20,0,0,0,6,4,3,2,521,417
552,0,side_green,104,126.0,8.676,24,0,0,0,6,5,3,3,522,418
553,0,side_green,110,151.0,7.905,32,0,0,0,6,6,3,3,529,419
554,0,side_green,109,178.0,7.653,27,0,0,0,7,6,3,3,529,420
555,0,side_green,109,208.0,7.409,30,0,0,0,7,7,5,3,529,420
556,0,side_green,108,240.0,7.09,32,0,0,0,7,8,6,3,529,421
557,0,side_green,109,274.0,6.813,36,0,0,0,7,9,6,3,531,422
558,0,side_green,107,312.0,6.61,38,0,0,0,7,11,7,3,531,424
559,0,side_green,101,353.0,6.138,41,0,0,0,7,13,8,3,531,430
560,0,side_green,95,398.0,5.651,45,0,0,0,7,13,10,4,531,436
561,0,side_green,89,444.0,4.974,47,0,0,0,7,13,11,4,532,443
562,0,side_green,86,491.0,4.555,48,0,0,0,7,13,12,4,533,447
563,0,side_green,81,541.0,4.02,50,0,0,0,7,13,13,5,533,452
564,0,side_green,79,593.0,3.847,52,0,0,0,7,13,14,5,533,454
565,0,side_green,85,645.0,3.403,59,0,0,0,7,13,14,5,540,455
566,0,side_green,84,698.0,3.488,53,0,0,0,7,13,15,5,540,456
567,0,side_green,85,752.0,3.565,55,0,0,0,7,13,15,5,541,456
568,0,side_green,85,806.0,3.743,54,0,0,0,7,13,15,5,541,456
569,0,side_green,86,861.0,3.875,56,0,0,0,7,13,15,5,542,456
570,0,side_green,85,916.0,3.915,55,0,0,0,7,13,15,5,542,457
571,0,side_green,85,971.0,3.92,55,0,0,0,7,13,15,5,542,457
572,0,side_green,86,1026.0,3.861,56,0,0,0,7,13,15,5,543,457
573,0,side_green,87,1082.0,3.794,57,0,0,0,7,13,15,5,544,457
574,0,side_green,85,1139.0,3.674,57,0,0,0,7,13,15,5,544,459
575,0,side_green,83,1197.0,3.443,58,0,0,0,7,13,15,5,544,461
576,0,side_green,81,1255.0,3.158,58,0,0,0,7,13,15,5,544,463
577,0,side_green,88,1313.0,2.906,65,0,0,0,7,13,15,5,551,463
578,0,side_green,89,1371.0,2.981,59,0,0,0,7,13,15,5,552,463
579,0,side_green,89,1431.0,3.089,60,0,0,0,7,13,15,5,552,463
580,0,side_green,89,1491.0,3.2,60,0,0,0,7,13,15,5,552,463
581,0,side_green,90,1552.0,3.27,62,0,0,0,7,13,15,5,553,463
582,0,side_green,90,1613.0,3.504,61,0,0,0,7,13,15,5,553,463
583,1,side_yellow,91,1674.0,3.594,62,1,1,1,7,13,15,5,554,463
584,1,side_yellow,91,1736.0,3.664,62,1,1,1,7,13,15,5,554,463
585,1,side_yellow,92,1799.0,3.554,64,1,1,1,7,13,15,5,555,463
586,2,main_green,89,1370.0,3.456,51,2,2,2,5,11,13,3,555,466
587,2,main_green,88,982.0,3.79,40,2,2,2,3,9,11,1,555,467
588,2,main_green,87,667.0,4.194,30,2,2,2,1,7,9,0,556,469
589,2,main_green,94,446.0,4.664,28,2,2,2,0,5,7,0,563,469
590,2,main_green,94,288.0,5.593,14,2,2,2,0,3,5,0,563,469
591,2,main_green,94,144.0,6.542,8,2,2,2,0,1,3,0,563,469
592,2,main_green,94,48.0,7.755,4,2,2,2,0,0,1,0,563,469
593,2,main_green,96,16.0,8.445,4,2,2,2,0,0,0,0,565,469
594,2,main_green,96,18.0,8.998,2,2,2,2,0,0,0,0,565,469
595,2,main_green,96,20.0,9.501,2,2,2,2,0,0,0,0,565,469
596,2,main_green,96,22.0,9.834,2,2,2,2,0,0,0,0,565,469
597,2,main_green,97,26.0,10.121,5,2,2,2,0,0,0,0,566,469
598,2,main_green,97,33.0,10.3,8,2,2,2,0,0,0,0,567,470
599,2,main_green,95,41.0,10.593,8,2,2,2,0,0,0,0,567,472
600,2,main_green,95,49.0,10.707,8,2,2,2,0,0,0,0,567,472
601,2,main_green,101,57.0,10.098,15,2,2,2,0,0,0,0,574,473
602,2,main_green,101,65.0,10.255,8,2,2,2,0,0,0,0,574,473
603,2,main_green,102,73.0,10.229,9,2,2,2,0,0,0,0,575,473
604,2,main_green,102,81.0,10.427,8,2,2,2,0,0,0,0,575,473
605,2,main_green,103,89.0,10.406,9,2,2,2,0,0,0,0,576,473
606,2,main_green,103,97.0,10.357,8,2,2,2,0,0,0,0,576,473
607,2,main_green,103,105.0,10.303,8,2,2,2,0,0,0,0,576,473
608,2,main_green,104,113.0,10.152,9,2,2,2,0,0,0,0,577,473
609,2,main_green,105,122.0,10.053,10,2,2,2,0,0,0,0,578,473
610,2,main_green,105,136.0,10.085,14,2,2,2,0,0,0,0,578,473
611,2,main_green,105,150.0,10.151,14,2,2,2,0,0,0,0,578,473
612,2,main_green,101,164.0,10.113,14,2,2,2,0,0,0,0,578,477
613,2,main_green,108,178.0,9.451,21,2,2,2,0,0,0,0,585,477
614,2,main_green,107,192.0,9.446,15,2,2,2,0,0,0,0,586,479
615,2,main_green,107,206.0,9.641,14,2,2,2,0,0,0,0,586,479
616,2,main_green,105,220.0,9.77,14,2,2,2,0,0,0,0,586,481
617,2,main_green,105,234.0,9.652,15,2,2,2,0,0,0,0,587,482
618,2,main_green,102,248.0,9.481,14,2,2,2,0,0,0,0,587,485
619,2,main_green,102,263.0,9.213,16,2,2,2,0,0,0,0,588,486
620,2,main_green,100,278.0,9.208,15,2,2,2,0,0,0,0,588,488
621,2,main_green,100,294.0,9.129,17,2,2,2,0,0,0,0,589,489
622,2,main_green,97,314.0,9.118,20,2,2,2,0,0,0,0,589,492
623,2,main_green,96,334.0,9.076,20,2,2,2,0,0,0,0,589,493
624,2,main_green,95,354.0,9.057,21,2,2,2,0,0,0,0,590,495
625,2,main_green,100,374.0,8.357,27,2,2,2,0,0,0,0,597,497
626,2,main_green,98,394.0,8.485,20,2,2,2,0,0,0,0,597,499
627,2,main_green,96,414.0,8.627,20,2,2,2,0,0,0,0,597,501
628,3,main_yellow,96,434.0,8.729,20,3,3,3,0,0,0,0,597,501
629,3,main_yellow,98,454.0,8.442,22,3,3,3,0,0,0,0,599,501
630,3,main_yellow,98,475.0,8.385,21,3,3,3,0,0,0,1,599,501
631,0,side_green,98,110.0,8.546,9,0,0,0,0,0,0,1,599,501
632,0,side_green,98,4.0,8.861,2,0,0,0,0,0,0,1,599,501
633,0,side_green,99,5.0,9.166,3,0,0,0,0,0,0,1,600,501
634,0,side_green,100,7.0,9.426,3,0,0,0,0,0,0,1,601,501
635,0,side_green,99,9.0,9.837,2,0,0,0,0,0,0,1,601,502
636,0,side_green,99,12.0,10.169,3,0,0,0,1,0,0,1,601,502
637,0,side_green,105,17.0,9.759,12,0,0,0,1,0,0,2,608,503
638,0,side_green,104,25.0,9.944,8,0,0,0,3,0,0,2,608,504
639,0,side_green,103,34.0,9.709,10,0,0,0,4,0,0,2,609,506
640,0,side_green,102,43.0,9.541,9,0,0,0,4,0,0,2,609,507
641,0,side_green,103,55.0,9.33,13,0,0,0,6,0,1,2,610,507
642,0,side_green,102,70.0,8.991,15,0,0,0,6,2,1,3,610,508
643,0,side_green,100,89.0,8.596,19,0,0,0,7,3,1,3,610,510
644,0,side_green,101,110.0,8.203,22,0,0,0,7,3,2,4,611,510
645,0,side_green,102,135.0,7.746,26,0,0,0,8,4,4,4,612,510
646,0,side_green,101,164.0,7.351,29,0,0,0,9,6,4,4,612,511
647,0,side_green,101,194.0,7.1,30,0,0,0,9,6,4,4,612,511
648,0,side_green,100,228.0,6.836,34,0,0,0,9,7,7,4,612,512
649,0,side_green,100,262.0,5.721,41,0,0,0,9,7,7,4,619,519
650,0,side_green,96,298.0,5.226,37,0,0,0,9,8,8,4,620,524
651,0,side_green,94,338.0,5.114,40,0,0,0,9,11,9,4,620,526
652,0,side_green,85,382.0,4.324,44,0,0,0,9,11,11,5,620,535
653,0,side_green,85,428.0,4.19,47,0,0,0,10,12,11,5,621,536
654,0,side_green,83,477.0,4.144,49,0,0,0,10,12,13,5,621,538
655,0,side_green,84,528.0,4.168,52,0,0,0,10,12,13,6,622,538
656,0,side_green,83,580.0,4.133,52,0,0,0,10,12,14,6,622,539
657,0,side_green,84,633.0,4.078,54,0,0,0,10,12,14,6,623,539
658,0,side_green,81,687.0,3.873,54,0,0,0,10,12,14,6,623,542
659,0,side_green,80,741.0,3.647,54,0,0,0,10,12,14,6,623,543
660,0,side_green,80,795.0,3.464,55,0,0,0,10,12,14,6,624,544
661,0,side_green,87,849.0,3.152,61,0,0,0,10,12,14,6,631,544
662,0,side_green,87,904.0,3.179,55,0,0,0,10,12,14,6,631,544
663,0,side_green,87,961.0,3.33,57,0,0,0,10,12,14,6,631,544
664,0,side_green,87,1019.0,3.443,58,0,0,0,10,12,14,6,631,544
665,0,side_green,89,1077.0,3.532,60,0,0,0,10,12,14,6,633,544
666,0,side_green,88,1135.0,3.667,58,0,0,0,10,12,14,6,633,545
667,0,side_green,88,1194.0,3.84,59,0,0,0,10,12,14,6,633,545
668,0,side_green,88,1253.0,3.926,59,0,0,0,10,12,14,6,633,545
669,0,side_green,89,1312.0,3.881,60,0,0,0,10,12,14,6,634,545
670,0,side_green,89,1371.0,3.751,60,0,0,0,10,12,14,6,635,546
671,0,side_green,86,1431.0,3.435,60,0,0,0,10,12,14,6,635,549
672,0,side_green,84,1491.0,3.214,60,0,0,0,10,12,14,6,635,551
673,1,side_yellow,91,1552.0,2.907,68,1,1,1,10,12,14,6,642,551
674,1,side_yellow,91,1613.0,3.017,61,1,1,1,10,12,14,6,642,551
675,1,side_yellow,92,1674.0,3.089,62,1,1,1,10,12,14,6,643,551
676,2,main_green,92,1273.0,3.487,50,2,2,2,8,10,12,4,643,551
677,2,main_green,93,919.0,3.986,40,2,2,2,6,8,10,2,644,551
678,2,main_green,93,617.0,4.496,28,2,2,2,4,6,8,0,644,551
679,2,main_green,93,383.0,5.286,18,2,2,2,2,4,6,0,644,551
680,2,main_green,94,182.0,6.012,11,2,2,2,0,2,4,0,645,551
681,2,main_green,95,62.0,6.771,7,2,2,2,0,0,2,0,646,551
682,2,main_green,93,9.0,7.566,5,2,2,2,0,0,0,0,646,553
683,2,main_green,92,15.0,8.319,6,2,2,2,0,0,0,0,646,554
684,2,main_green,90,21.0,9.093,6,2,2,2,0,0,0,0,646,556
685,2,main_green,97,27.0,9.013,13,2,2,2,0,0,0,0,653,556
686,2,main_green,98,33.0,9.507,7,2,2,2,0,0,0,0,654,556
687,2,main_green,98,39.0,10.039,6,2,2,2,0,0,0,0,654,556
688,2,main_green,98,45.0,10.368,6,2,2,2,0,0,0,0,654,556
689,2,main_green,98,51.0,10.495,7,2,2,2,0,0,0,0,655,557
690,2,main_green,98,57.0,10.483,6,2,2,2,0,0,0,0,655,557
691,2,main_green,99,63.0,10.37,7,2,2,2,0,0,0,0,656,557
692,2,main_green,99,69.0,10.228,6,2,2,2,0,0,0,0,656,557
693,2,main_green,100,77.0,10.004,9,2,2,2,0,0,0,0,657,557
694,2,main_green,100,86.0,10.082,9,2,2,2,0,0,0,0,657,557
695,2,main_green,100,96.0,10.052,10,2,2,2,0,0,0,0,657,557
696,2,main_green,101,108.0,10.012,13,2,2,2,0,0,0,0,658,557
697,2,main_green,108,120.0,9.443,19,2,2,2,0,0,0,0,665,557
698,2,main_green,108,132.0,9.596,12,2,2,2,0,0,0,0,665,557
699,2,main_green,108,144.0,9.719,12,2,2,2,0,0,0,0,665,557
700,2,main_green,108,156.0,9.931,12,2,2,2,0,0,0,0,665,557
701,2,main_green,110,168.0,9.662,14,2,2,2,0,0,0,0,667,557
702,2,main_green,110,180.0,9.618,12,2,2,2,0,0,0,0,667,557
703,2,main_green,110,193.0,9.657,13,2,2,2,0,0,0,0,667,557
704,2,main_green,107,206.0,9.615,13,2,2,2,0,0,0,0,667,560
705,2,main_green,106,222.0,9.549,17,2,2,2,0,0,0,0,668,562
706,2,main_green,106,239.0,9.438,18,2,2,2,0,0,0,0,669,563
707,2,main_green,106,257.0,9.589,18,2,2,2,0,0,0,0,669,563
708,2,main_green,103,275.0,9.589,18,2,2,2,0,0,0,0,669,566
709,2,main_green,110,293.0,9.023,25,2,2,2,0,0,0,0,676,566
710,2,main_green,106,311.0,9.079,18,2,2,2,0,0,0,0,676,570
711,2,main_green,105,329.0,9.153,19,2,2,2,0,0,0,0,677,572
712,2,main_green,103,347.0,9.196,18,2,2,2,0,0,0,0,677,574
713,2,main_green,100,365.0,9.056,19,2,2,2,0,0,0,0,678,578
714,2,main_green,100,383.0,9.108,18,2,2,2,0,0,0,0,678,578
715,2,main_green,96,401.0,8.904,18,2,2,2,0,0,0,0,678,582
716,2,main_green,97,419.0,8.853,19,2,2,2,0,0,0,0,679,582
717,2,main_green,97,440.0,8.727,22,2,2,2,0,0,0,0,680,583
718,3,main_yellow,97,464.0,8.741,24,3,3,3,0,0,0,0,680,583
719,3,main_yellow,97,488.0,8.695,24,3,3,3,0,0,0,0,680,583
720,3,main_yellow,97,512.0,8.691,24,3,3,3,0,0,0,0,680,583
721,0,side_green,104,128.0,8.26,19,0,0,0,0,0,0,0,687,583
722,0,side_green,105,0.0,8.633,1,0,0,0,0,0,0,0,688,583
723,0,side_green,105,1.0,9.139,1,0,0,0,1,0,0,0,688,583
724,0,side_green,105,3.0,9.442,2,0,0,0,2,0,0,0,688,583
725,0,side_green,106,6.0,9.631,4,0,0,0,3,0,0,0,689,583
726,0,side_green,105,10.0,9.882,4,0,0,0,3,0,0,0,689,584
727,0,side_green,106,17.0,9.971,8,0,0,0,4,1,1,0,690,584
728,0,side_green,104,26.0,10.076,9,0,0,0,4,1,1,1,690,586
729,0,side_green,105,39.0,9.733,14,0,0,0,4,3,2,2,691,586
730,0,side_green,104,54.0,9.469,15,0,0,0,4,3,2,3,691,587
731,0,side_green,103,71.0,9.186,17,0,0,0,4,4,3,3,691,588
732,0,side_green,104,89.0,8.866,19,0,0,0,4,4,3,3,692,588
733,0,side_green,110,110.0,8.096,28,0,0,0,4,4,4,3,699,589
734,0,side_green,110,133.0,7.918,23,0,0,0,5,5,4,3,699,589
735,0,side_green,109,158.0,7.827,25,0,0,0,5,6,5,3,699,590
736,0,side_green,109,184.0,7.642,26,0,0,0,5,7,5,3,699,590
737,0,side_green,110,214.0,7.264,32,0,0,0,5,9,7,3,701,591
738,0,side_green,109,248.0,7.196,34,0,0,0,7,9,8,3,701,592
739,0,side_green,103,283.0,6.719,35,0,0,0,7,9,9,3,701,598
740,0,side_green,100,322.0,6.391,39,0,0,0,7,11,9,4,701,601
741,0,side_green,94,362.0,5.625,41,0,0,0,7,11,10,4,702,608
742,0,side_green,88,404.0,4.91,43,0,0,0,7,12,11,4,703,615
743,0,side_green,84,450.0,4.499,46,0,0,0,8,12,12,5,703,619
744,0,side_green,81,499.0,4.164,49,0,0,0,8,12,15,5,703,622
745,0,side_green,85,549.0,3.633,57,0,0,0,8,12,15,5,710,625
746,0,side_green,83,600.0,3.542,51,0,0,0,8,12,15,5,710,627
747,0,side_green,83,651.0,3.537,52,0,0,0,8,12,15,5,711,628
748,0,side_green,83,703.0,3.713,52,0,0,0,8,12,15,5,711,628
749,0,side_green,83,756.0,3.692,54,0,0,0,8,12,15,5,712,629
750,0,side_green,83,809.0,3.844,53,0,0,0,8,12,15,5,712,629
751,0,side_green,83,863.0,4.016,54,0,0,0,8,12,15,5,712,629
752,0,side_green,84,917.0,3.996,55,0,0,0,8,12,15,5,713,629
753,0,side_green,85,971.0,4.045,55,0,0,0,8,12,15,5,714,629
754,0,side_green,83,1026.0,3.853,55,0,0,0,8,12,15,5,714,631
755,0,side_green,82,1081.0,3.814,55,0,0,0,8,12,15,5,714,632
756,0,side_green,81,1136.0,3.739,55,0,0,0,8,12,15,5,714,633
757,0,side_green,87,1191.0,3.298,62,0,0,0,8,12,15,5,721,634
758,0,side_green,88,1247.0,3.436,57,0,0,0,8,12,15,5,722,634
759,0,side_green,88,1303.0,3.506,56,0,0,0,8,12,15,5,722,634
760,0,side_green,88,1359.0,3.5,56,0,0,0,8,12,15,5,722,634
761,0,side_green,88,1416.0,3.49,58,0,0,0,8,12,15,5,723,635
762,0,side_green,88,1474.0,3.576,58,0,0,0,8,12,15,5,723,635
763,1,side_yellow,89,1532.0,3.567,59,1,1,1,8,12,15,5,724,635
764,1,side_yellow,89,1591.0,3.555,59,1,1,1,8,12,15,5,724,635
765,1,side_yellow,90,1653.0,3.434,63,1,1,1,8,12,15,5,725,635
766,2,main_green,88,1247.0,3.493,50,2,2,2,6,10,13,3,725,637
767,2,main_green,87,873.0,3.875,39,2,2,2,4,8,11,1,725,638
768,2,main_green,87,589.0,4.411,30,2,2,2,2,6,9,0,726,639
769,2,main_green,93,360.0,4.762,26,2,2,2,0,4,7,0,733,640
770,2,main_green,92,224.0,5.803,12,2,2,2,0,2,5,0,733,641
771,2,main_green,92,98.0,6.857,6,2,2,2,0,0,3,0,733,641
772,2,main_green,92,43.0,8.017,3,2,2,2,0,0,1,0,733,641
773,2,main_green,94,46.0,8.741,5,2,2,2,0,0,1,0,735,641
774,2,main_green,94,18.0,9.396,2,2,2,2,0,0,0,0,735,641
775,2,main_green,94,20.0,9.881,2,2,2,2,0,0,0,0,735,641
776,2,main_green,94,23.0,10.209,3,2,2,2,0,0,0,0,735,641
777,2,main_green,95,29.0,10.444,7,2,2,2,0,0,0,0,736,641
778,2,main_green,94,36.0,10.637,8,2,2,2,0,0,0,0,737,643
779,2,main_green,94,43.0,10.767,7,2,2,2,0,0,0,0,737,643
780,2,main_green,92,50.0,10.814,7,2,2,2,0,0,0,0,737,645
781,2,main_green,99,57.0,10.013,14,2,2,2,0,0,0,0,744,645
782,2,main_green,99,64.0,10.085,7,2,2,2,0,0,0,0,744,645
783,2,main_green,100,72.0,10.203,9,2,2,2,0,0,0,0,745,645
784,2,main_green,100,80.0,10.371,8,2,2,2,0,0,0,0,745,645
785,2,main_green,101,88.0,10.305,9,2,2,2,0,0,0,0,746,645
786,2,main_green,101,96.0,10.302,8,2,2,2,0,0,0,0,746,645
787,2,main_green,101,104.0,10.286,8,2,2,2,0,0,0,0,746,645
788,2,main_green,102,113.0,10.221,10,2,2,2,0,0,0,0,747,645
789,2,main_green,103,123.0,10.085,11,2,2,2,0,0,0,0,748,645
790,2,main_green,103,134.0,10.217,11,2,2,2,0,0,0,0,748,645
791,2,main_green,103,147.0,10.244,13,2,2,2,0,0,0,0,748,645
792,2,main_green,100,160.0,10.216,13,2,2,2,0,0,0,0,748,648
793,2,main_green,106,174.0,9.529,21,2,2,2,0,0,0,0,755,649
794,2,main_green,107,188.0,9.591,15,2,2,2,0,0,0,0,756,649
795,2,main_green,105,202.0,9.688,14,2,2,2,0,0,0,0,756,651
796,2,main_green,103,216.0,9.746,14,2,2,2,0,0,0,0,756,653
797,2,main_green,102,230.0,9.576,15,2,2,2,0,0,0,0,757,655
798,2,main_green,101,244.0,9.608,14,2,2,2,0,0,0,0,757,656
799,2,main_green,99,258.0,9.386,15,2,2,2,0,0,0,0,758,659
800,2,main_green,99,272.0,9.403,14,2,2,2,0,0,0,0,758,659
801,2,main_green,98,287.0,9.306,16,2,2,2,0,0,0,0,759,661
802,2,main_green,97,306.0,9.277,19,2,2,2,0,0,0,0,759,662
803,2,main_green,93,326.0,9.263,20,2,2,2,0,0,0,0,759,666
804,2,main_green,94,346.0,9.189,21,2,2,2,0,0,0,0,760,666
805,2,main_green,100,366.0,8.517,27,2,2,2,0,0,0,0,767,667
806,2,main_green,99,386.0,8.723,20,2,2,2,0,0,0,0,767,668
807,2,main_green,97,406.0,8.924,20,2,2,2,0,0,0,0,767,670
808,3,main_yellow,96,426.0,9.026,20,3,3,3,0,0,0,0,767,671
809,3,main_yellow,98,446.0,8.774,22,3,3,3,0,0,0,0,769,671
810,3,main_yellow,98,466.0,8.553,20,3,3,3,0,0,0,0,769,671
811,0,side_green,98,107.0,8.571,8,0,0,0,0,0,0,0,769,671
812,0,side_green,97,2.0,8.851,2,0,0,0,1,0,0,0,769,672
813,0,side_green,98,5.0,9.161,4,0,0,0,1,0,0,1,770,672
814,0,side_green,98,10.0,9.365,6,0,0,0,3,0,0,1,771,673
815,0,side_green,98,16.0,9.731,6,0,0,0,4,0,0,1,771,673
816,0,side_green,97,23.0,9.949,7,0,0,0,4,0,0,1,771,674
817,0,side_green,104,32.0,9.562,16,0,0,0,4,0,1,1,778,674
818,0,side_green,101,42.0,9.647,10,0,0,0,5,0,1,1,778,677
819,0,side_green,102,53.0,9.614,12,0,0,0,6,0,1,1,779,677
820,0,side_green,101,66.0,9.378,13,0,0,0,6,0,1,2,779,678
821,0,side_green,102,80.0,8.942,15,0,0,0,6,0,1,2,780,678
822,0,side_green,101,96.0,8.673,16,0,0,0,6,1,2,2,780,679
823,0,side_green,100,115.0,8.422,19,0,0,0,6,3,2,3,780,680
824,0,side_green,98,136.0,7.992,22,0,0,0,6,3,4,3,781,683
825,0,side_green,99,160.0,7.633,25,0,0,0,7,4,4,3,782,683
826,0,side_green,97,187.0,7.298,27,0,0,0,7,5,6,3,782,685
827,0,side_green,97,215.0,6.978,28,0,0,0,7,6,6,3,782,685
828,0,side_green,97,246.0,6.734,31,0,0,0,7,7,7,3,782,685
829,0,side_green,103,281.0,5.932,42,0,0,0,7,9,8,3,789,686
830,0,side_green,98,318.0,5.387,38,0,0,0,8,10,8,3,790,692
831,0,side_green,93,357.0,5.015,39,0,0,0,9,10,9,3,790,697
832,0,side_green,86,401.0,4.548,44,0,0,0,9,11,10,5,790,704
833,0,side_green,85,448.0,4.393,48,0,0,0,9,12,12,5,791,706
834,0,side_green,83,497.0,4.327,49,0,0,0,9,13,12,5,791,708
835,0,side_green,83,547.0,4.311,51,0,0,0,9,13,13,5,792,709
836,0,side_green,82,597.0,4.335,50,0,0,0,9,13,13,5,792,710
837,0,side_green,82,648.0,4.229,52,0,0,0,9,13,13,5,793,711
838,0,side_green,80,700.0,3.989,52,0,0,0,9,13,13,5,793,713
839,0,side_green,78,752.0,3.756,52,0,0,0,9,13,13,5,793,715
840,0,side_green,79,804.0,3.664,53,0,0,0,9,13,13,5,794,715
841,0,side_green,86,856.0,3.338,59,0,0,0,9,13,13,5,801,715
842,0,side_green,86,909.0,3.425,53,0,0,0,9,13,13,5,801,715
843,0,side_green,85,964.0,3.421,55,0,0,0,9,13,13,5,801,716
844,0,side_green,85,1019.0,3.576,55,0,0,0,9,13,13,5,801,716
845,0,side_green,86,1075.0,3.58,58,0,0,0,9,13,13,5,803,717
846,0,side_green,86,1132.0,3.686,57,0,0,0,9,13,13,5,803,717
847,0,side_green,86,1189.0,3.913,57,0,0,0,9,13,13,5,803,717
848,0,side_green,86,1246.0,4.04,57,0,0,0,9,13,13,5,803,717
849,0,side_green,87,1303.0,3.992,58,0,0,0,9,13,13,5,804,717
850,0,side_green,88,1360.0,3.967,58,0,0,0,9,13,13,5,805,717
851,0,side_green,83,1418.0,3.512,58,0,0,0,9,13,13,5,805,722
852,0,side_green,83,1476.0,3.531,58,0,0,0,9,13,13,5,805,722
853,1,side_yellow,90,1534.0,3.226,65,1,1,1,9,13,13,5,812,722
854,1,side_yellow,89,1593.0,3.256,59,1,1,1,9,13,13,5,812,723
855,1,side_yellow,90,1652.0,3.303,60,1,1,1,9,13,13,5,813,723
856,2,main_green,90,1238.0,3.624,47,2,2,2,7,11,11,3,813,723
857,2,main_green,91,878.0,4.1,37,2,2,2,5,9,9,1,814,723
858,2,main_green,91,581.0,4.668,26,2,2,2,3,7,7,0,814,723
859,2,main_green,91,350.0,5.31,16,2,2,2,1,5,5,0,814,723
860,2,main_green,92,180.0,6.072,11,2,2,2,0,3,3,0,815,723
861,2,main_green,93,60.0,6.971,6,2,2,2,0,1,1,0,816,723
862,2,main_green,89,11.0,7.683,6,2,2,2,0,0,0,0,816,727
863,2,main_green,88,14.0,8.481,6,2,2,2,0,0,0,0,816,728
864,2,main_green,88,20.0,9.336,6,2,2,2,0,0,0,0,816,728
865,2,main_green,95,26.0,9.309,13,2,2,2,0,0,0,0,823,728
866,2,main_green,96,32.0,9.836,7,2,2,2,0,0,0,0,824,728
867,2,main_green,95,38.0,10.32,6,2,2,2,0,0,0,0,824,729
868,2,main_green,95,44.0,10.576,6,2,2,2,0,0,0,0,824,729
869,2,main_green,96,50.0,10.578,7,2,2,2,0,0,0,0,825,729
870,2,main_green,96,56.0,10.656,6,2,2,2,0,0,0,0,825,729
871,2,main_green,97,62.0,10.571,7,2,2,2,0,0,0,0,826,729
872,2,main_green,97,68.0,10.444,6,2,2,2,0,0,0,0,826,729
873,2,main_green,98,76.0,10.33,9,2,2,2,0,0,0,0,827,729
874,2,main_green,98,86.0,10.373,10,2,2,2,0,0,0,0,827,729
875,2,main_green,98,97.0,10.296,11,2,2,2,0,0,0,0,827,729
876,2,main_green,99,109.0,10.255,13,2,2,2,0,0,0,0,828,729
877,2,main_green,106,121.0,9.631,19,2,2,2,0,0,0,0,835,729
878,2,main_green,106,133.0,9.895,12,2,2,2,0,0,0,0,835,729
879,2,main_green,106,145.0,10.08,12,2,2,2,0,0,0,0,835,729
880,2,main_green,106,157.0,10.153,12,2,2,2,0,0,0,0,835,729
881,2,main_green,108,169.0,9.941,14,2,2,2,0,0,0,0,837,729
882,2,main_green,107,181.0,9.882,12,2,2,2,0,0,0,0,837,730
883,2,main_green,107,193.0,9.872,12,2,2,2,0,0,0,0,837,730
884,2,main_green,106,207.0,9.9,14,2,2,2,0,0,0,0,837,731
885,2,main_green,105,223.0,9.737,17,2,2,2,0,0,0,0,838,733
886,2,main_green,104,241.0,9.705,19,2,2,2,0,0,0,0,839,735
887,2,main_green,102,259.0,9.751,18,2,2,2,0,0,0,0,839,737
888,2,main_green,99,277.0,9.68,18,2,2,2,0,0,0,0,839,740
889,2,main_green,105,295.0,9.151,25,2,2,2,0,0,0,0,846,741
890,2,main_green,102,313.0,9.231,18,2,2,2,0,0,0,0,846,744
891,2,main_green,101,331.0,9.233,19,2,2,2,0,0,0,0,847,746
892,2,main_green,100,349.0,9.385,18,2,2,2,0,0,0,0,847,747
893,2,main_green,98,367.0,9.307,19,2,2,2,0,0,0,0,848,750
894,2,main_green,98,385.0,9.327,18,2,2,2,0,0,0,0,848,750
895,2,main_green,96,403.0,9.36,18,2,2,2,0,0,0,0,848,752
896,2,main_green,97,423.0,9.171,21,2,2,2,0,0,0,0,849,752
897,2,main_green,96,445.0,9.011,23,2,2,2,0,0,0,0,850,754
898,3,main_yellow,96,468.0,9.084,23,3,3,3,0,0,0,0,850,754
899,3,main_yellow,95,492.0,9.094,24,3,3,3,0,0,0,0,850,755
900,3,main_yellow,95,516.0,9.052,24,3,3,3,0,0,0,0,850,755
901,0,side_green,102,131.0,8.555,19,0,0,0,0,0,0,0,857,755
902,0,side_green,103,0.0,8.88,1,0,0,0,0,0,0,0,858,755
903,0,side_green,103,1.0,9.037,1,0,0,0,1,0,0,0,858,755
904,0,side_green,102,4.0,9.265,3,0,0,0,2,0,0,0,858,756
905,0,side_green,102,9.0,9.324,6,0,0,0,3,0,0,0,859,757
906,0,side_green,100,18.0,9.531,9,0,0,0,5,1,1,0,859,759
907,0,side_green,100,27.0,9.725,10,0,0,0,5,1,1,0,860,760
908,0,side_green,100,39.0,9.911,12,0,0,0,5,2,2,1,860,760
909,0,side_green,101,51.0,9.642,13,0,0,0,5,2,2,1,861,760
910,0,side_green,100,68.0,9.411,17,0,0,0,5,3,4,2,861,761
911,0,side_green,100,85.0,9.193,17,0,0,0,5,3,4,2,861,761
912,0,side_green,99,105.0,8.86,21,0,0,0,5,3,6,2,862,763
913,0,side_green,106,127.0,7.97,29,0,0,0,6,3,6,2,869,763
914,0,side_green,105,151.0,7.728,24,0,0,0,7,4,6,2,869,764
915,0,side_green,105,179.0,7.466,28,0,0,0,7,6,7,2,869,764
916,0,side_green,104,208.0,7.232,29,0,0,0,7,7,7,2,869,765
917,0,side_green,106,239.0,6.978,33,0,0,0,7,8,7,3,871,765
918,0,side_green,105,274.0,6.784,35,0,0,0,7,10,9,3,871,766
919,0,side_green,98,312.0,6.173,38,0,0,0,7,11,10,3,871,773
920,0,side_green,94,354.0,5.763,42,0,0,0,7,12,11,4,871,777
921,0,side_green,91,399.0,5.298,46,0,0,0,7,13,12,4,872,781
922,0,side_green,84,446.0,4.626,48,0,0,0,8,13,13,4,873,789
923,0,side_green,80,496.0,4.312,50,0,0,0,9,13,14,4,873,793
924,0,side_green,76,547.0,3.889,51,0,0,0,9,13,14,4,873,797
925,0,side_green,82,598.0,3.389,58,0,0,0,9,13,14,4,880,798
926,0,side_green,81,649.0,3.522,51,0,0,0,9,13,14,4,880,799
927,0,side_green,82,700.0,3.64,52,0,0,0,9,13,14,4,881,799
928,0,side_green,82,753.0,3.72,53,0,0,0,9,13,14,4,881,799
929,0,side_green,83,806.0,3.92,54,0,0,0,9,13,14,4,882,799
930,0,side_green,83,859.0,4.021,53,0,0,0,9,13,14,4,882,799
931,0,side_green,83,912.0,4.092,53,0,0,0,9,13,14,4,882,799
932,0,side_green,84,965.0,4.06,54,0,0,0,9,13,14,4,883,799
933,0,side_green,85,1019.0,4.025,55,0,0,0,9,13,14,4,884,799
934,0,side_green,82,1074.0,3.729,55,0,0,0,9,13,14,4,884,802
935,0,side_green,80,1129.0,3.555,55,0,0,0,9,13,14,4,884,804
936,0,side_green,80,1185.0,3.475,56,0,0,0,9,13,14,4,884,804
937,0,side_green,86,1241.0,3.094,63,0,0,0,9,13,14,4,891,805
938,0,side_green,87,1297.0,3.186,57,0,0,0,9,13,14,4,892,805
939,0,side_green,87,1354.0,3.332,57,0,0,0,9,13,14,4,892,805
940,0,side_green,87,1411.0,3.45,57,0,0,0,9,13,14,4,892,805
941,0,side_green,88,1469.0,3.48,59,0,0,0,9,13,14,4,893,805
942,0,side_green,88,1527.0,3.58,58,0,0,0,9,13,14,4,893,805
943,1,side_yellow,89,1587.0,3.603,61,1,1,1,9,13,14,4,894,805
944,1,side_yellow,89,1647.0,3.744,60,1,1,1,9,13,14,4,894,805
945,1,side_yellow,90,1707.0,3.657,61,1,1,1,9,13,14,4,895,805
946,2,main_green,89,1289.0,3.841,49,2,2,2,7,11,12,2,895,806
947,2,main_green,87,921.0,4.054,37,2,2,2,5,9,10,0,895,808
948,2,main_green,88,638.0,4.608,29,2,2,2,3,7,8,0,896,808
949,2,main_green,93,403.0,4.841,25,2,2,2,1,5,6,0,903,810
950,2,main_green,93,224.0,5.809,9,2,2,2,0,3,4,0,903,810
951,2,main_green,93,101.0,6.917,5,2,2,2,0,1,2,0,903,810
952,2,main_green,92,2.0,7.996,1,2,2,2,0,0,0,0,903,811
953,2,main_green,94,0.0,8.832,2,2,2,2,0,0,0,0,905,811
954,2,main_green,94,0.0,9.655,0,2,2,2,0,0,0,0,905,811
955,2,main_green,94,0.0,10.2,0,2,2,2,0,0,0,0,905,811
956,2,main_green,94,1.0,10.631,1,2,2,2,0,0,0,0,905,811
957,2,main_green,95,4.0,10.901,4,2,2,2,0,0,0,0,906,811
958,2,main_green,93,7.0,10.876,4,2,2,2,0,0,0,0,907,814
959,2,main_green,92,12.0,11.068,5,2,2,2,0,0,0,0,907,815
960,2,main_green,90,17.0,11.088,5,2,2,2,0,0,0,0,907,817
961,2,main_green,97,22.0,10.325,12,2,2,2,0,0,0,0,914,817
962,2,main_green,97,28.0,10.544,6,2,2,2,0,0,0,0,914,817
963,2,main_green,98,34.0,10.626,7,2,2,2,0,0,0,0,915,817
964,2,main_green,98,40.0,10.838,6,2,2,2,0,0,0,0,915,817
965,2,main_green,99,46.0,10.745,7,2,2,2,0,0,0,0,916,817
966,2,main_green,99,52.0,10.754,6,2,2,2,0,0,0,0,916,817
967,2,main_green,99,58.0,10.693,6,2,2,2,0,0,0,0,916,817
968,2,main_green,100,64.0,10.511,7,2,2,2,0,0,0,0,917,817
969,2,main_green,101,72.0,10.432,9,2,2,2,0,0,0,0,918,817
970,2,main_green,101,84.0,10.465,12,2,2,2,0,0,0,0,918,817
971,2,main_green,101,96.0,10.388,12,2,2,2,0,0,0,0,918,817
972,2,main_green,97,108.0,10.345,12,2,2,2,0,0,0,0,918,821
973,2,main_green,104,120.0,9.689,19,2,2,2,0,0,0,0,925,821
974,2,main_green,103,132.0,9.678,13,2,2,2,0,0,0,0,926,823
975,2,main_green,102,144.0,9.899,12,2,2,2,0,0,0,0,926,824
976,2,main_green,99,156.0,9.942,12,2,2,2,0,0,0,0,926,827
977,2,main_green,99,168.0,9.905,13,2,2,2,0,0,0,0,927,828
978,2,main_green,99,180.0,9.927,12,2,2,2,0,0,0,0,927,828
979,2,main_green,98,192.0,9.789,13,2,2,2,0,0,0,0,928,830
980,2,main_green,98,204.0,9.707,12,2,2,2,0,0,0,0,928,830
981,2,main_green,95,220.0,9.412,17,2,2,2,0,0,0,0,929,834
982,2,main_green,95,236.0,9.487,16,2,2,2,0,0,0,0,929,834
983,2,main_green,91,253.0,9.446,17,2,2,2,0,0,0,0,929,838
984,2,main_green,89,270.0,9.361,18,2,2,2,0,0,0,0,930,841
985,2,main_green,95,288.0,8.736,25,2,2,2,0,0,0,0,937,842
986,2,main_green,93,306.0,8.844,18,2,2,2,0,0,0,0,937,844
987,2,main_green,93,324.0,9.072,18,2,2,2,0,0,0,0,937,844
988,3,main_yellow,93,342.0,9.121,18,3,3,3,0,0,0,0,937,844
989,3,main_yellow,95,360.0,8.93,20,3,3,3,0,0,0,0,939,844
990,3,main_yellow,95,378.0,8.951,18,3,3,3,0,0,0,0,939,844
991,0,side_green,95,61.0,9.101,7,0,0,0,1,0,0,0,939,844
992,0,side_green,95,2.0,9.22,1,0,0,0,1,0,0,0,939,844
993,0,side_green,96,5.0,9.429,4,0,0,0,2,0,0,0,940,844
994,0,side_green,97,8.0,9.58,4,0,0,0,2,0,0,0,941,844
995,0,side_green,95,11.0,9.899,3,0,0,0,2,0,0,0,941,846
996,0,side_green,94,14.0,9.888,3,0,0,0,2,0,0,0,941,847
997,0,side_green,99,20.0,9.264,13,0,0,0,2,1,0,0,948,849
998,0,side_green,98,31.0,9.407,11,0,0,0,4,1,2,1,948,850
999,0,side_green,98,44.0,9.439,14,0,0,0,4,1,3,2,949,851
1000,0,side_green,97,59.0,9.507,15,0,0,0,5,1,3,2,949,852
1001,0,side_green,98,74.0,9.395,16,0,0,0,5,1,3,2,950,852
1002,0,side_green,97,90.0,9.239,16,0,0,0,5,1,3,3,950,853
1003,0,side_green,97,107.0,9.12,17,0,0,0,5,2,3,3,950,853
1004,0,side_green,98,125.0,8.77,19,0,0,0,5,2,3,3,951,853
1005,0,side_green,99,144.0,8.241,20,0,0,0,5,3,3,3,952,853
1006,0,side_green,99,166.0,7.772,22,0,0,0,5,4,3,3,952,853
1007,0,side_green,98,193.0,7.265,27,0,0,0,6,5,5,3,952,854
1008,0,side_green,97,222.0,6.839,29,0,0,0,6,6,6,3,952,855
1009,0,side_green,99,252.0,5.769,37,0,0,0,6,7,6,3,959,860
1010,0,side_green,95,287.0,5.235,36,0,0,0,7,8,8,4,960,865
1011,0,side_green,91,328.0,4.856,41,0,0,0,7,10,10,4,960,869
1012,0,side_green,86,371.0,4.517,43,0,0,0,7,11,11,4,960,874
1013,0,side_green,85,416.0,4.418,46,0,0,0,8,12,11,4,961,876
1014,0,side_green,84,464.0,4.54,48,0,0,0,8,13,12,5,961,877
1015,0,side_green,82,514.0,4.255,51,0,0,0,8,13,14,5,962,880
1016,0,side_green,82,565.0,4.304,51,0,0,0,8,13,14,5,962,880
1017,0,side_green,81,616.0,4.018,52,0,0,0,8,13,14,5,963,882
1018,0,side_green,80,667.0,3.995,51,0,0,0,8,13,14,5,963,883
1019,0,side_green,78,719.0,3.779,52,0,0,0,8,13,14,5,963,885
1020,0,side_green,79,773.0,3.652,55,0,0,0,8,13,14,5,964,885
1021,0,side_green,86,827.0,3.357,61,0,0,0,8,13,14,5,971,885
1022,0,side_green,86,881.0,3.44,54,0,0,0,8,13,14,5,971,885
1023,0,side_green,86,935.0,3.523,54,0,0,0,8,13,14,5,971,885
1024,0,side_green,85,991.0,3.556,56,0,0,0,8,13,14,5,971,886
1025,0,side_green,86,1047.0,3.538,58,0,0,0,8,13,14,5,973,887
1026,0,side_green,86,1103.0,3.762,56,0,0,0,8,13,14,5,973,887
1027,0,side_green,86,1160.0,3.901,57,0,0,0,8,13,14,5,973,887
1028,0,side_green,86,1217.0,4.012,57,0,0,0,8,13,14,5,973,887
1029,0,side_green,87,1274.0,4.031,58,0,0,0,8,13,14,5,974,887
1030,0,side_green,85,1331.0,3.649,58,0,0,0,8,13,14,5,975,890
1031,0,side_green,83,1388.0,3.373,57,0,0,0,8,13,14,5,975,892
1032,0,side_green,82,1445.0,3.245,57,0,0,0,8,13,14,5,975,893
1033,1,side_yellow,89,1504.0,2.965,66,1,1,1,8,13,14,5,982,893
1034,1,side_yellow,89,1563.0,3.045,59,1,1,1,8,13,14,5,982,893
1035,1,side_yellow,90,1623.0,3.147,61,1,1,1,8,13,14,5,983,893
1036,2,main_green,90,1213.0,3.517,49,2,2,2,6,11,12,3,983,893
1037,2,main_green,91,852.0,3.975,39,2,2,2,4,9,10,1,984,893
1038,2,main_green,91,569.0,4.548,27,2,2,2,2,7,8,0,984,893
1039,2,main_green,91,352.0,5.244,17,2,2,2,0,5,6,0,984,893
1040,2,main_green,92,213.0,5.858,12,2,2,2,0,3,4,0,985,893
1041,2,main_green,93,94.0,6.809,8,2,2,2,0,1,2,0,986,893
1042,2,main_green,90,9.0,7.565,6,2,2,2,0,0,0,0,986,896
1043,2,main_green,90,15.0,8.481,6,2,2,2,0,0,0,0,986,896
1044,2,main_green,90,21.0,9.32,6,2,2,2,0,0,0,0,986,896
1045,2,main_green,94,27.0,9.14,13,2,2,2,0,0,0,0,993,899
1046,2,main_green,95,33.0,9.799,7,2,2,2,0,0,0,0,994,899
1047,2,main_green,95,39.0,10.277,6,2,2,2,0,0,0,0,994,899
1048,2,main_green,95,45.0,10.631,6,2,2,2,0,0,0,0,994,899
1049,2,main_green,96,51.0,10.688,7,2,2,2,0,0,0,0,995,899
1050,2,main_green,96,57.0,10.779,6,2,2,2,0,0,0,0,995,899
1051,2,main_green,97,63.0,10.592,7,2,2,2,0,0,0,0,996,899
1052,2,main_green,97,70.0,10.609,7,2,2,2,0,0,0,0,996,899
1053,2,main_green,98,79.0,10.457,10,2,2,2,0,0,0,0,997,899
1054,2,main_green,98,91.0,10.522,12,2,2,2,0,0,0,0,997,899
1055,2,main_green,98,103.0,10.565,12,2,2,2,0,0,0,0,997,899
1056,2,main_green,99,115.0,10.498,13,2,2,2,0,0,0,0,998,899
1057,2,main_green,106,127.0,9.807,19,2,2,2,0,0,0,0,1005,899
1058,2,main_green,106,139.0,10.035,12,2,2,2,0,0,0,0,1005,899
1059,2,main_green,106,151.0,10.147,12,2,2,2,0,0,0,0,1005,899
1060,2,main_green,106,163.0,10.34,12,2,2,2,0,0,0,0,1005,899
1061,2,main_green,108,175.0,10.129,14,2,2,2,0,0,0,0,1007,899
1062,2,main_green,105,187.0,10.062,12,2,2,2,0,0,0,0,1007,902
1063,2,main_green,105,199.0,9.971,12,2,2,2,0,0,0,0,1007,902
1064,2,main_green,104,212.0,9.952,13,2,2,2,0,0,0,0,1007,903
1065,2,main_green,105,229.0,9.833,18,2,2,2,0,0,0,0,1008,903
1066,2,main_green,104,247.0,9.723,19,2,2,2,0,0,0,0,1009,905
1067,2,main_green,102,265.0,9.832,18,2,2,2,0,0,0,0,1009,907
1068,2,main_green,100,283.0,9.845,18,2,2,2,0,0,0,0,1009,909
1069,2,main_green,106,301.0,9.152,25,2,2,2,0,0,0,0,1016,910
1070,2,main_green,103,319.0,9.261,18,2,2,2,0,0,0,0,1016,913
1071,2,main_green,102,337.0,9.285,19,2,2,2,0,0,0,0,1017,915
1072,2,main_green,100,355.0,9.445,18,2,2,2,0,0,0,0,1017,917
1073,2,main_green,100,373.0,9.323,19,2,2,2,0,0,0,0,1018,918
1074,2,main_green,96,391.0,9.335,18,2,2,2,0,0,0,0,1018,922
1075,2,main_green,95,409.0,9.356,18,2,2,2,0,0,0,0,1018,923
1076,2,main_green,94,427.0,9.179,19,2,2,2,0,0,0,0,1019,925
1077,2,main_green,95,447.0,9.1,21,2,2,2,0,0,0,0,1020,925
1078,3,main_yellow,94,469.0,9.029,22,3,3,3,0,0,0,0,1020,926
1079,3,main_yellow,94,492.0,9.008,23,3,3,3,0,0,0,0,1020,926
1080,3,main_yellow,94,516.0,8.999,24,3,3,3,0,0,0,0,1020,926
1081,0,side_green,101,125.0,8.469,19,0,0,0,0,0,0,0,1027,926
1082,0,side_green,102,3.0,8.859,2,0,0,0,0,0,0,0,1028,926
1083,0,side_green,102,5.0,9.343,2,0,0,0,1,0,0,0,1028,926
1084,0,side_green,101,9.0,9.736,4,0,0,0,1,0,0,0,1028,927
1085,0,side_green,100,13.0,9.747,5,0,0,0,1,0,0,0,1029,929
1086,0,side_green,100,17.0,10.046,4,0,0,0,1,0,0,0,1029,929
1087,0,side_green,101,22.0,10.11,6,0,0,0,2,0,0,0,1030,929
1088,0,side_green,100,30.0,10.155,8,0,0,0,2,1,1,0,1030,930
1089,0,side_green,100,40.0,9.883,11,0,0,0,2,2,1,0,1031,931
1090,0,side_green,97,52.0,9.518,12,0,0,0,2,3,2,0,1031,934
1091,0,side_green,96,66.0,9.148,14,0,0,0,3,3,3,0,1031,935
1092,0,side_green,96,83.0,8.666,18,0,0,0,3,3,5,0,1032,936
1093,0,side_green,103,104.0,7.726,28,0,0,0,3,4,7,0,1039,936
1094,0,side_green,102,127.0,7.544,23,0,0,0,3,5,7,1,1039,937
1095,0,side_green,101,151.0,7.437,24,0,0,0,3,5,8,1,1039,938
1096,0,side_green,101,180.0,7.297,29,0,0,0,3,7,8,3,1039,938
1097,0,side_green,102,212.0,6.908,34,0,0,0,3,9,9,3,1041,939
1098,0,side_green,102,246.0,6.761,34,0,0,0,3,9,11,3,1041,939
1099,0,side_green,96,281.0,6.203,35,0,0,0,3,9,11,3,1041,945
1100,0,side_green,91,321.0,5.688,40,0,0,0,5,9,13,3,1041,950
1101,0,side_green,87,364.0,5.073,44,0,0,0,5,11,14,3,1042,955
1102,0,side_green,83,410.0,4.62,47,0,0,0,5,11,15,4,1043,960
1103,0,side_green,78,457.0,4.139,47,0,0,0,6,11,15,4,1043,965
1104,0,side_green,77,506.0,3.98,49,0,0,0,6,13,15,4,1043,966
1105,0,side_green,84,556.0,3.607,57,0,0,0,6,13,15,4,1050,966
1106,0,side_green,84,606.0,3.784,50,0,0,0,6,13,15,4,1050,966
1107,0,side_green,85,657.0,3.762,52,0,0,0,6,13,16,4,1051,966
1108,0,side_green,83,708.0,3.683,51,0,0,0,6,13,16,4,1051,968
1109,0,side_green,83,761.0,3.728,54,0,0,0,6,13,16,4,1052,969
1110,0,side_green,83,814.0,3.904,53,0,0,0,6,13,16,4,1052,969
1111,0,side_green,83,868.0,4.03,54,0,0,0,6,13,16,4,1052,969
1112,0,side_green,84,922.0,4.039,55,0,0,0,6,13,16,4,1053,969
1113,0,side_green,85,977.0,3.973,56,0,0,0,6,13,16,4,1054,969
1114,0,side_green,83,1032.0,3.741,55,0,0,0,6,13,16,4,1054,971
1115,0,side_green,83,1087.0,3.733,55,0,0,0,6,13,16,4,1054,971
1116,0,side_green,82,1142.0,3.69,55,0,0,0,6,13,16,4,1054,972
1117,0,side_green,89,1199.0,3.3,64,0,0,0,6,13,16,4,1061,972
1118,0,side_green,90,1257.0,3.464,59,0,0,0,6,13,16,4,1062,972
1119,0,side_green,89,1315.0,3.521,58,0,0,0,6,13,16,4,1062,973
1120,0,side_green,88,1373.0,3.506,58,0,0,0,6,13,16,4,1062,974
1121,0,side_green,89,1431.0,3.558,59,0,0,0,6,13,16,4,1063,974
1122,0,side_green,88,1489.0,3.665,58,0,0,0,6,13,16,4,1063,975
1123,1,side_yellow,89,1549.0,3.812,61,1,1,1,6,13,16,4,1064,975
1124,1,side_yellow,89,1609.0,3.95,60,1,1,1,6,13,16,4,1064,975
1125,1,side_yellow,90,1669.0,3.887,61,1,1,1,6,13,16,4,1065,975
1126,2,main_green,85,1257.0,3.582,48,2,2,2,4,11,14,2,1065,980
1127,2,main_green,85,896.0,3.953,36,2,2,2,2,9,12,0,1065,980
1128,2,main_green,85,628.0,4.362,28,2,2,2,0,7,10,0,1066,981
1129,2,main_green,92,442.0,4.727,27,2,2,2,0,5,8,0,1073,981
1130,2,main_green,92,287.0,5.713,13,2,2,2,0,3,6,0,1073,981
1131,2,main_green,92,151.0,6.786,7,2,2,2,0,1,4,0,1073,981
1132,2,main_green,92,57.0,7.962,2,2,2,2,0,0,2,0,1073,981
1133,2,main_green,94,0.0,8.801,2,2,2,2,0,0,0,0,1075,981
1134,2,main_green,94,0.0,9.535,0,2,2,2,0,0,0,0,1075,981
1135,2,main_green,94,0.0,10.114,0,2,2,2,0,0,0,0,1075,981
1136,2,main_green,94,1.0,10.514,1,2,2,2,0,0,0,0,1075,981
1137,2,main_green,95,3.0,10.878,3,2,2,2,0,0,0,0,1076,981
1138,2,main_green,92,7.0,10.991,5,2,2,2,0,0,0,0,1077,985
1139,2,main_green,91,12.0,11.184,5,2,2,2,0,0,0,0,1077,986
1140,2,main_green,90,17.0,11.348,5,2,2,2,0,0,0,0,1077,987
1141,2,main_green,97,23.0,10.632,13,2,2,2,0,0,0,0,1084,987
1142,2,main_green,97,29.0,10.715,6,2,2,2,0,0,0,0,1084,987
1143,2,main_green,98,35.0,10.854,7,2,2,2,0,0,0,0,1085,987
1144,2,main_green,98,41.0,11.115,6,2,2,2,0,0,0,0,1085,987
1145,2,main_green,99,47.0,11.057,7,2,2,2,0,0,0,0,1086,987
1146,2,main_green,99,53.0,11.106,6,2,2,2,0,0,0,0,1086,987
1147,2,main_green,99,59.0,11.159,6,2,2,2,0,0,0,0,1086,987
1148,2,main_green,100,65.0,10.908,7,2,2,2,0,0,0,0,1087,987
1149,2,main_green,101,72.0,10.691,8,2,2,2,0,0,0,0,1088,987
1150,2,main_green,101,82.0,10.742,10,2,2,2,0,0,0,0,1088,987
1151,2,main_green,101,93.0,10.804,11,2,2,2,0,0,0,0,1088,987
1152,2,main_green,97,105.0,10.751,12,2,2,2,0,0,0,0,1088,991
1153,2,main_green,104,117.0,10.02,19,2,2,2,0,0,0,0,1095,991
1154,2,main_green,102,129.0,10.1,13,2,2,2,0,0,0,0,1096,994
1155,2,main_green,102,141.0,10.339,12,2,2,2,0,0,0,0,1096,994
1156,2,main_green,100,153.0,10.4,12,2,2,2,0,0,0,0,1096,996
1157,2,main_green,100,165.0,10.25,13,2,2,2,0,0,0,0,1097,997
1158,2,main_green,99,177.0,10.208,12,2,2,2,0,0,0,0,1097,998
1159,2,main_green,97,189.0,9.966,13,2,2,2,0,0,0,0,1098,1001
1160,2,main_green,95,203.0,9.901,14,2,2,2,0,0,0,0,1098,1003
1161,2,main_green,93,218.0,9.751,16,2,2,2,0,0,0,0,1099,1006
1162,2,main_green,92,234.0,9.802,16,2,2,2,0,0,0,0,1099,1007
1163,2,main_green,91,252.0,9.824,18,2,2,2,0,0,0,0,1099,1008
1164,2,main_green,90,270.0,9.68,19,2,2,2,0,0,0,0,1100,1010
1165,2,main_green,97,288.0,9.077,25,2,2,2,0,0,0,0,1107,1010
1166,2,main_green,95,306.0,9.202,18,2,2,2,0,0,0,0,1107,1012
1167,2,main_green,93,324.0,9.338,18,2,2,2,0,0,0,0,1107,1014
1168,3,main_yellow,92,342.0,9.273,18,3,3,3,0,0,0,0,1107,1015
1169,3,main_yellow,93,360.0,9.04,20,3,3,3,0,0,0,0,1109,1016
1170,3,main_yellow,93,379.0,8.946,19,3,3,3,1,0,0,0,1109,1016
1171,0,side_green,93,65.0,9.105,7,0,0,0,1,0,0,0,1109,1016
1172,0,side_green,93,5.0,9.406,3,0,0,0,2,0,0,0,1109,1016
1173,0,side_green,94,8.0,9.602,4,0,0,0,2,0,0,0,1110,1016
1174,0,side_green,95,11.0,9.655,4,0,0,0,2,0,0,0,1111,1016
1175,0,side_green,95,14.0,9.746,3,0,0,0,2,0,0,0,1111,1016
1176,0,side_green,93,18.0,9.664,4,0,0,0,2,0,0,0,1111,1018
1177,0,side_green,98,27.0,8.898,16,0,0,0,3,1,1,1,1118,1020
1178,0,side_green,98,37.0,8.811,10,0,0,0,3,2,1,1,1118,1020
1179,0,side_green,99,51.0,8.518,15,0,0,0,3,3,3,2,1119,1020
1180,0,side_green,98,70.0,8.354,19,0,0,0,5,5,3,2,1119,1021
1181,0,side_green,99,92.0,8.108,23,0,0,0,5,6,4,2,1120,1021
1182,0,side_green,99,116.0,7.816,24,0,0,0,5,7,5,2,1120,1021
1183,0,side_green,99,142.0,7.611,26,0,0,0,5,8,6,2,1120,1021
1184,0,side_green,99,170.0,7.175,29,0,0,0,5,8,7,3,1121,1022
1185,0,side_green,99,200.0,6.895,31,0,0,0,6,8,8,3,1122,1023
1186,0,side_green,98,234.0,6.693,34,0,0,0,6,10,10,3,1122,1024
1187,0,side_green,98,271.0,6.459,37,0,0,0,7,11,10,3,1122,1024
1188,0,side_green,98,312.0,6.328,41,0,0,0,7,12,12,3,1122,1024
1189,0,side_green,98,355.0,5.327,50,0,0,0,7,13,13,3,1129,1031
1190,0,side_green,97,400.0,5.136,46,0,0,0,7,13,14,3,1130,1033
1191,0,side_green,90,448.0,4.653,48,0,0,0,7,13,15,4,1130,1040
1192,0,side_green,85,498.0,4.372,50,0,0,0,8,13,15,5,1130,1045
1193,0,side_green,83,548.0,4.065,51,0,0,0,8,13,15,5,1131,1048
1194,0,side_green,82,598.0,4.025,50,0,0,0,8,13,15,5,1131,1049
1195,0,side_green,82,650.0,4.082,53,0,0,0,8,13,15,5,1132,1050
1196,0,side_green,82,703.0,4.255,53,0,0,0,8,13,15,5,1132,1050
1197,0,side_green,83,756.0,4.186,54,0,0,0,8,13,15,5,1133,1050
1198,0,side_green,81,809.0,4.004,53,0,0,0,8,13,15,5,1133,1052
1199,0,side_green,80,862.0,3.888,53,0,0,0,8,13,15,5,1133,1053
1200,0,side_green,80,916.0,3.751,55,0,0,0,8,13,15,5,1134,1054
1201,0,side_green,87,970.0,3.463,61,0,0,0,8,13,15,5,1141,1054
1202,0,side_green,86,1025.0,3.412,55,0,0,0,8,13,15,5,1141,1055
1203,0,side_green,86,1080.0,3.614,55,0,0,0,8,13,15,5,1141,1055
1204,0,side_green,86,1135.0,3.693,55,0,0,0,8,13,15,5,1141,1055
1205,0,side_green,87,1191.0,3.706,58,0,0,0,8,13,15,5,1143,1056
1206,0,side_green,87,1248.0,3.92,57,0,0,0,8,13,15,5,1143,1056
1207,0,side_green,87,1305.0,3.98,57,0,0,0,8,13,15,5,1143,1056
1208,0,side_green,87,1362.0,3.991,57,0,0,0,8,13,15,5,1143,1056
1209,0,side_green,88,1419.0,3.882,58,0,0,0,8,13,15,5,1144,1056
1210,0,side_green,85,1477.0,3.353,59,0,0,0,8,13,15,5,1145,1060
1211,0,side_green,84,1537.0,3.314,60,0,0,0,8,13,15,5,1145,1061
1212,0,side_green,83,1597.0,3.188,60,0,0,0,8,13,15,5,1145,1062
1213,1,side_yellow,90,1657.0,2.973,67,1,1,1,8,13,15,5,1152,1062
1214,1,side_yellow,90,1717.0,3.048,60,1,1,1,8,13,15,5,1152,1062
1215,1,side_yellow,91,1778.0,3.11,62,1,1,1,8,13,15,5,1153,1062
1216,2,main_green,91,1351.0,3.512,50,2,2,2,6,11,13,3,1153,1062
1217,2,main_green,92,984.0,3.918,39,2,2,2,4,9,11,1,1154,1062
1218,2,main_green,92,684.0,4.591,28,2,2,2,2,7,9,0,1154,1062
1219,2,main_green,92,435.0,5.26,18,2,2,2,0,5,7,0,1154,1062
1220,2,main_green,93,283.0,6.004,13,2,2,2,0,3,5,0,1155,1062
1221,2,main_green,94,140.0,6.882,9,2,2,2,0,1,3,0,1156,1062
1222,2,main_green,91,39.0,7.647,5,2,2,2,0,0,1,0,1156,1065
1223,2,main_green,90,12.0,8.512,5,2,2,2,0,0,0,0,1156,1066
1224,2,main_green,89,18.0,9.309,6,2,2,2,0,0,0,0,1156,1067
1225,2,main_green,95,24.0,9.307,13,2,2,2,0,0,0,0,1163,1068
1226,2,main_green,96,30.0,9.793,7,2,2,2,0,0,0,0,1164,1068
1227,2,main_green,96,36.0,10.401,6,2,2,2,0,0,0,0,1164,1068
1228,2,main_green,96,42.0,10.874,6,2,2,2,0,0,0,0,1164,1068
1229,2,main_green,97,48.0,10.909,7,2,2,2,0,0,0,0,1165,1068
1230,2,main_green,97,54.0,11.047,6,2,2,2,0,0,0,0,1165,1068
1231,2,main_green,98,60.0,10.867,7,2,2,2,0,0,0,0,1166,1068
1232,2,main_green,98,66.0,10.833,6,2,2,2,0,0,0,0,1166,1068
1233,2,main_green,99,74.0,10.699,9,2,2,2,0,0,0,0,1167,1068
1234,2,main_green,99,85.0,10.677,11,2,2,2,0,0,0,0,1167,1068
1235,2,main_green,99,97.0,10.737,12,2,2,2,0,0,0,0,1167,1068
1236,2,main_green,100,109.0,10.706,13,2,2,2,0,0,0,0,1168,1068
1237,2,main_green,107,121.0,10.1,19,2,2,2,0,0,0,0,1175,1068
1238,2,main_green,107,133.0,10.282,12,2,2,2,0,0,0,0,1175,1068
1239,2,main_green,107,145.0,10.389,12,2,2,2,0,0,0,0,1175,1068
1240,2,main_green,107,157.0,10.61,12,2,2,2,0,0,0,0,1175,1068
1241,2,main_green,109,169.0,10.287,14,2,2,2,0,0,0,0,1177,1068
1242,2,main_green,105,181.0,10.122,12,2,2,2,0,0,0,0,1177,1072
1243,2,main_green,105,193.0,10.104,12,2,2,2,0,0,0,0,1177,1072
1244,2,main_green,102,206.0,10.096,13,2,2,2,0,0,0,0,1177,1075
1245,2,main_green,102,222.0,10.079,17,2,2,2,0,0,0,0,1178,1076
1246,2,main_green,100,239.0,9.87,18,2,2,2,0,0,0,0,1179,1079
1247,2,main_green,99,257.0,9.899,18,2,2,2,0,0,0,0,1179,1080
1248,2,main_green,97,275.0,9.957,18,2,2,2,0,0,0,0,1179,1082
1249,2,main_green,102,293.0,9.175,25,2,2,2,0,0,0,0,1186,1084
1250,2,main_green,101,311.0,9.318,18,2,2,2,0,0,0,0,1186,1085
1251,2,main_green,101,329.0,9.313,19,2,2,2,0,0,0,0,1187,1086
1252,2,main_green,97,347.0,9.307,18,2,2,2,0,0,0,0,1187,1090
1253,2,main_green,97,365.0,9.246,19,2,2,2,0,0,0,0,1188,1091
1254,2,main_green,94,383.0,9.185,18,2,2,2,0,0,0,0,1188,1094
1255,2,main_green,93,401.0,9.198,18,2,2,2,0,0,0,0,1188,1095
1256,2,main_green,94,420.0,9.044,20,2,2,2,0,0,0,0,1189,1095
1257,2,main_green,94,442.0,8.905,23,2,2,2,0,0,0,0,1190,1096
1258,3,main_yellow,94,464.0,8.924,22,3,3,3,0,0,0,0,1190,1096
1259,3,main_yellow,94,488.0,8.915,24,3,3,3,0,0,0,0,1190,1096
1260,3,main_yellow,94,513.0,8.812,25,3,3,3,1,0,0,0,1190,1096
1261,0,side_green,101,129.0,8.199,20,0,0,0,1,0,0,0,1197,1096
1262,0,side_green,102,3.0,8.527,2,0,0,0,1,0,0,0,1198,1096
1263,0,side_green,102,5.0,8.836,2,0,0,0,2,0,0,0,1198,1096
1264,0,side_green,101,12.0,9.14,7,0,0,0,4,0,0,0,1198,1097
1265,0,side_green,101,20.0,9.262,9,0,0,0,4,1,0,0,1199,1098
1266,0,side_green,100,29.0,9.491,9,0,0,0,4,1,0,1,1199,1099
1267,0,side_green,100,39.0,9.543,11,0,0,0,4,1,1,1,1200,1100
1268,0,side_green,99,51.0,9.492,12,0,0,0,4,2,2,1,1200,1101
1269,0,side_green,98,66.0,9.111,16,0,0,0,4,3,4,1,1201,1103
1270,0,side_green,97,81.0,8.85,15,0,0,0,4,3,4,1,1201,1104
1271,0,side_green,97,101.0,8.715,20,0,0,0,5,5,5,1,1201,1104
1272,0,side_green,97,126.0,8.417,26,0,0,0,6,5,6,2,1202,1105
1273,0,side_green,104,153.0,7.653,34,0,0,0,6,5,7,2,1209,1105
1274,0,side_green,103,182.0,7.595,29,0,0,0,7,6,7,2,1209,1106
1275,0,side_green,102,211.0,7.558,29,0,0,0,7,6,7,2,1209,1107
1276,0,side_green,101,242.0,7.337,31,0,0,0,7,6,8,2,1209,1108
1277,0,side_green,102,274.0,6.99,34,0,0,0,7,7,8,2,1211,1109
1278,0,side_green,102,306.0,7.029,32,0,0,0,7,7,8,2,1211,1109
1279,0,side_green,102,342.0,6.985,36,0,0,0,7,8,9,2,1211,1109
1280,0,side_green,92,382.0,6.054,40,0,0,0,8,11,9,2,1211,1119
1281,0,side_green,86,420.0,5.169,40,0,0,0,8,10,9,2,1212,1126
1282,0,side_green,83,464.0,4.694,45,0,0,0,8,12,10,3,1213,1130
1283,0,side_green,79,511.0,4.245,47,0,0,0,8,13,11,3,1213,1134
1284,0,side_green,77,560.0,4.005,49,0,0,0,8,13,13,3,1213,1136
1285,0,side_green,83,610.0,3.53,57,0,0,0,8,13,13,4,1220,1137
1286,0,side_green,81,660.0,3.471,50,0,0,0,8,13,13,4,1220,1139
1287,0,side_green,82,711.0,3.523,52,0,0,0,8,13,14,4,1221,1139
1288,0,side_green,82,763.0,3.686,52,0,0,0,8,13,14,4,1221,1139
1289,0,side_green,83,815.0,3.869,53,0,0,0,8,13,14,4,1222,1139
1290,0,side_green,83,869.0,4.0,54,0,0,0,8,13,14,4,1222,1139
1291,0,side_green,83,923.0,4.092,54,0,0,0,8,13,14,4,1222,1139
1292,0,side_green,84,977.0,4.103,55,0,0,0,8,13,14,4,1223,1139
1293,0,side_green,85,1031.0,4.022,55,0,0,0,8,13,14,4,1224,1139
1294,0,side_green,84,1086.0,3.867,55,0,0,0,8,13,14,4,1224,1140
1295,0,side_green,82,1142.0,3.661,56,0,0,0,8,13,14,4,1224,1142
1296,0,side_green,80,1198.0,3.451,56,0,0,0,8,13,14,4,1224,1144
1297,0,side_green,87,1255.0,3.053,64,0,0,0,8,13,14,4,1231,1144
1298,0,side_green,87,1312.0,3.168,58,0,0,0,8,13,14,4,1232,1145
1299,0,side_green,87,1370.0,3.285,58,0,0,0,8,13,14,4,1232,1145
1300,0,side_green,87,1428.0,3.386,58,0,0,0,8,13,14,4,1232,1145
1301,0,side_green,88,1486.0,3.495,59,0,0,0,8,13,14,4,1233,1145
1302,0,side_green,88,1545.0,3.65,59,0,0,0,8,13,14,4,1233,1145
1303,1,side_yellow,89,1605.0,3.6,61,1,1,1,8,13,14,4,1234,1145
1304,1,side_yellow,89,1665.0,3.551,60,1,1,1,8,13,14,4,1234,1145
1305,1,side_yellow,90,1725.0,3.435,61,1,1,1,8,13,14,4,1235,1145
1306,2,main_green,86,1295.0,3.186,49,2,2,2,6,11,12,2,1235,1149
1307,2,main_green,85,918.0,3.459,39,2,2,2,4,9,10,0,1235,1150
1308,2,main_green,85,627.0,3.989,31,2,2,2,2,7,8,0,1236,1151
1309,2,main_green,92,380.0,4.437,28,2,2,2,0,5,6,0,1243,1151
1310,2,main_green,92,232.0,5.364,14,2,2,2,0,3,4,0,1243,1151
1311,2,main_green,92,103.0,6.437,8,2,2,2,0,1,2,0,1243,1151
1312,2,main_green,92,16.0,7.595,3,2,2,2,0,0,0,0,1243,1151
1313,2,main_green,94,19.0,8.416,5,2,2,2,0,0,0,0,1245,1151
1314,2,main_green,94,22.0,9.23,3,2,2,2,0,0,0,0,1245,1151
1315,2,main_green,94,25.0,9.882,3,2,2,2,0,0,0,0,1245,1151
1316,2,main_green,94,28.0,10.339,3,2,2,2,0,0,0,0,1245,1151
1317,2,main_green,95,34.0,10.582,7,2,2,2,0,0,0,0,1246,1151
1318,2,main_green,94,42.0,10.655,9,2,2,2,0,0,0,0,1247,1153
1319,2,main_green,94,50.0,10.888,8,2,2,2,0,0,0,0,1247,1153
1320,2,main_green,93,58.0,10.979,8,2,2,2,0,0,0,0,1247,1154
1321,2,main_green,100,67.0,10.346,16,2,2,2,0,0,0,0,1254,1154
1322,2,main_green,100,76.0,10.448,9,2,2,2,0,0,0,0,1254,1154
1323,2,main_green,101,85.0,10.502,10,2,2,2,0,0,0,0,1255,1154
1324,2,main_green,101,94.0,10.64,9,2,2,2,0,0,0,0,1255,1154
1325,2,main_green,102,103.0,10.599,10,2,2,2,0,0,0,0,1256,1154
1326,2,main_green,102,112.0,10.705,9,2,2,2,0,0,0,0,1256,1154
1327,2,main_green,102,121.0,10.619,9,2,2,2,0,0,0,0,1256,1154
1328,2,main_green,103,130.0,10.42,10,2,2,2,0,0,0,0,1257,1154
1329,2,main_green,104,142.0,10.284,13,2,2,2,0,0,0,0,1258,1154
1330,2,main_green,104,156.0,10.32,14,2,2,2,0,0,0,0,1258,1154
1331,2,main_green,103,171.0,10.318,15,2,2,2,0,0,0,0,1258,1155
1332,2,main_green,100,186.0,10.348,15,2,2,2,0,0,0,0,1258,1158
1333,2,main_green,106,201.0,9.655,22,2,2,2,0,0,0,0,1265,1159
1334,2,main_green,105,216.0,9.69,16,2,2,2,0,0,0,0,1266,1161
1335,2,main_green,104,231.0,9.746,15,2,2,2,0,0,0,0,1266,1162
1336,2,main_green,102,246.0,9.748,15,2,2,2,0,0,0,0,1266,1164
1337,2,main_green,100,261.0,9.617,16,2,2,2,0,0,0,0,1267,1167
1338,2,main_green,99,276.0,9.702,15,2,2,2,0,0,0,0,1267,1168
1339,2,main_green,99,291.0,9.513,16,2,2,2,0,0,0,0,1268,1169
1340,2,main_green,99,307.0,9.381,16,2,2,2,0,0,0,0,1268,1169
1341,2,main_green,99,324.0,9.294,18,2,2,2,0,0,0,0,1269,1170
1342,2,main_green,98,344.0,9.366,20,2,2,2,0,0,0,0,1269,1171
1343,2,main_green,97,365.0,9.403,21,2,2,2,0,0,0,0,1269,1172
1344,2,main_green,96,386.0,9.279,22,2,2,2,0,0,0,0,1270,1174
1345,2,main_green,103,407.0,8.756,28,2,2,2,0,0,0,0,1277,1174
1346,2,main_green,102,428.0,8.877,21,2,2,2,0,0,0,0,1277,1175
1347,2,main_green,100,449.0,9.043,21,2,2,2,0,0,0,0,1277,1177
1348,3,main_yellow,99,470.0,9.089,21,3,3,3,0,0,0,0,1277,1178
1349,3,main_yellow,100,491.0,8.847,23,3,3,3,0,0,0,0,1279,1179
1350,3,main_yellow,99,512.0,8.89,21,3,3,3,0,0,0,0,1279,1180
1351,0,side_green,98,130.0,8.9,9,0,0,0,0,0,0,0,1279,1181
1352,0,side_green,98,0.0,9.204,0,0,0,0,0,0,0,0,1279,1181
1353,0,side_green,99,3.0,9.374,4,0,0,0,1,0,0,1,1280,1181
1354,0,side_green,98,6.0,9.686,4,0,0,0,1,0,0,1,1281,1183
1355,0,side_green,97,9.0,10.0,3,0,0,0,1,0,0,1,1281,1184
1356,0,side_green,97,14.0,10.356,5,0,0,0,1,1,0,1,1281,1184
1357,0,side_green,102,20.0,9.883,13,0,0,0,1,1,0,1,1288,1186
1358,0,side_green,102,27.0,9.97,7,0,0,0,1,1,1,1,1288,1186
1359,0,side_green,101,35.0,9.621,9,0,0,0,1,1,1,1,1289,1188
1360,0,side_green,101,44.0,9.286,9,0,0,0,1,1,2,1,1289,1188
1361,0,side_green,101,57.0,8.813,14,0,0,0,1,1,4,2,1290,1189
1362,0,side_green,101,71.0,8.439,14,0,0,0,1,2,4,2,1290,1189
1363,0,side_green,100,88.0,7.994,17,0,0,0,1,2,5,3,1290,1190
1364,0,side_green,100,108.0,7.383,21,0,0,0,1,4,5,3,1291,1191
1365,0,side_green,99,132.0,6.87,25,0,0,0,3,5,6,3,1292,1193
1366,0,side_green,99,160.0,6.543,28,0,0,0,3,6,8,3,1292,1193
1367,0,side_green,99,193.0,6.288,33,0,0,0,5,8,9,3,1292,1193
1368,0,side_green,99,230.0,6.213,37,0,0,0,5,9,11,4,1292,1193
1369,0,side_green,104,267.0,5.528,44,0,0,0,5,9,11,4,1299,1195
1370,0,side_green,101,310.0,5.241,44,0,0,0,5,11,14,4,1300,1199
1371,0,side_green,98,355.0,5.236,45,0,0,0,6,12,14,4,1300,1202
1372,0,side_green,90,401.0,4.697,46,0,0,0,6,13,14,4,1300,1210
1373,0,side_green,88,449.0,4.434,49,0,0,0,6,13,16,4,1301,1213
1374,0,side_green,86,497.0,4.359,48,0,0,0,6,13,16,4,1301,1215
1375,0,side_green,84,548.0,4.157,52,0,0,0,6,13,17,4,1302,1218
1376,0,side_green,82,600.0,4.054,52,0,0,0,6,13,17,4,1302,1220
1377,0,side_green,83,653.0,4.025,54,0,0,0,6,13,17,4,1303,1220
1378,0,side_green,81,706.0,3.755,53,0,0,0,6,13,17,4,1303,1222
1379,0,side_green,80,759.0,3.613,53,0,0,0,6,13,17,4,1303,1223
1380,0,side_green,78,812.0,3.301,54,0,0,0,6,13,17,4,1304,1226
1381,0,side_green,85,867.0,2.971,62,0,0,0,6,13,17,4,1311,1226
1382,0,side_green,85,922.0,3.235,55,0,0,0,6,13,17,4,1311,1226
1383,0,side_green,85,978.0,3.337,56,0,0,0,6,13,17,4,1311,1226
1384,0,side_green,85,1034.0,3.497,56,0,0,0,6,13,17,4,1311,1226
1385,0,side_green,87,1091.0,3.542,59,0,0,0,6,13,17,4,1313,1226
1386,0,side_green,87,1148.0,3.763,57,0,0,0,6,13,17,4,1313,1226
1387,0,side_green,87,1205.0,3.853,57,0,0,0,6,13,17,4,1313,1226
1388,0,side_green,87,1262.0,3.834,57,0,0,0,6,13,17,4,1313,1226
1389,0,side_green,88,1319.0,3.73,58,0,0,0,6,13,17,4,1314,1226
1390,0,side_green,87,1377.0,3.466,59,0,0,0,6,13,17,4,1315,1228
1391,0,side_green,87,1436.0,3.54,59,0,0,0,6,13,17,4,1315,1228
1392,0,side_green,87,1496.0,3.571,60,0,0,0,6,13,17,4,1315,1228
1393,1,side_yellow,94,1556.0,3.289,67,1,1,1,6,13,17,4,1322,1228
1394,1,side_yellow,94,1616.0,3.465,60,1,1,1,6,13,17,4,1322,1228
1395,1,side_yellow,95,1677.0,3.518,62,1,1,1,6,13,17,4,1323,1228
1396,2,main_green,93,1269.0,3.634,49,2,2,2,4,11,15,2,1323,1230
1397,2,main_green,94,909.0,4.026,39,2,2,2,2,9,13,0,1324,1230
1398,2,main_green,93,651.0,4.454,28,2,2,2,0,7,11,0,1324,1231
1399,2,main_green,92,468.0,5.137,21,2,2,2,0,5,9,0,1324,1232
1400,2,main_green,93,317.0,5.766,16,2,2,2,0,3,7,0,1325,1232
1401,2,main_green,94,187.0,6.518,11,2,2,2,0,1,5,0,1326,1232
1402,2,main_green,92,96.0,7.336,7,2,2,2,0,0,3,0,1326,1234
1403,2,main_green,91,43.0,8.126,7,2,2,2,0,0,1,0,1326,1235
1404,2,main_green,90,20.0,8.832,6,2,2,2,0,0,0,0,1326,1236
1405,2,main_green,95,26.0,8.709,13,2,2,2,0,0,0,0,1333,1238
1406,2,main_green,96,32.0,9.307,7,2,2,2,0,0,0,0,1334,1238
1407,2,main_green,96,38.0,9.991,6,2,2,2,0,0,0,0,1334,1238
1408,2,main_green,96,44.0,10.438,6,2,2,2,0,0,0,0,1334,1238
1409,2,main_green,97,50.0,10.686,7,2,2,2,0,0,0,0,1335,1238
1410,2,main_green,97,56.0,10.854,6,2,2,2,0,0,0,0,1335,1238
1411,2,main_green,98,62.0,10.8,7,2,2,2,0,0,0,0,1336,1238
1412,2,main_green,98,69.0,10.693,7,2,2,2,0,0,0,0,1336,1238
1413,2,main_green,99,76.0,10.467,8,2,2,2,0,0,0,0,1337,1238
1414,2,main_green,99,86.0,10.466,10,2,2,2,0,0,0,0,1337,1238
1415,2,main_green,99,98.0,10.454,12,2,2,2,0,0,0,0,1337,1238
1416,2,main_green,100,110.0,10.337,13,2,2,2,0,0,0,0,1338,1238
1417,2,main_green,107,122.0,9.725,19,2,2,2,0,0,0,0,1345,1238
1418,2,main_green,107,134.0,9.892,12,2,2,2,0,0,0,0,1345,1238
1419,2,main_green,107,146.0,10.098,12,2,2,2,0,0,0,0,1345,1238
1420,2,main_green,107,158.0,10.235,12,2,2,2,0,0,0,0,1345,1238
1421,2,main_green,109,170.0,10.081,14,2,2,2,0,0,0,0,1347,1238
1422,2,main_green,106,182.0,9.933,12,2,2,2,0,0,0,0,1347,1241
1423,2,main_green,106,195.0,9.858,13,2,2,2,0,0,0,0,1347,1241
1424,2,main_green,105,208.0,9.885,13,2,2,2,0,0,0,0,1347,1242
1425,2,main_green,105,224.0,9.737,17,2,2,2,0,0,0,0,1348,1243
1426,2,main_green,104,241.0,9.64,18,2,2,2,0,0,0,0,1349,1245
1427,2,main_green,101,258.0,9.705,17,2,2,2,0,0,0,0,1349,1248
1428,2,main_green,99,275.0,9.783,17,2,2,2,0,0,0,0,1349,1250
1429,2,main_green,104,292.0,9.137,24,2,2,2,0,0,0,0,1356,1252
1430,2,main_green,101,310.0,9.132,18,2,2,2,0,0,0,0,1356,1255
1431,2,main_green,100,328.0,9.279,19,2,2,2,0,0,0,0,1357,1257
1432,2,main_green,98,346.0,9.379,18,2,2,2,0,0,0,0,1357,1259
1433,2,main_green,97,364.0,9.174,19,2,2,2,0,0,0,0,1358,1261
1434,2,main_green,95,382.0,9.35,18,2,2,2,0,0,0,0,1358,1263
1435,2,main_green,94,400.0,9.249,18,2,2,2,0,0,0,0,1358,1264
1436,2,main_green,93,418.0,9.055,19,2,2,2,0,0,0,0,1359,1266
1437,2,main_green,93,439.0,8.884,22,2,2,2,0,0,0,0,1360,1267
1438,3,main_yellow,92,462.0,8.791,23,3,3,3,0,0,0,0,1360,1268
1439,3,main_yellow,92,485.0,8.707,23,3,3,3,0,0,0,0,1360,1268
1440,3,main_yellow,92,510.0,8.566,25,3,3,3,1,0,0,0,1360,1268
1441,0,side_green,99,125.0,8.169,20,0,0,0,1,0,0,0,1367,1268
1442,0,side_green,100,4.0,8.51,3,0,0,0,2,0,0,0,1368,1268
1443,0,side_green,100,7.0,9.104,3,0,0,0,3,0,0,0,1368,1268
1444,0,side_green,99,12.0,9.409,5,0,0,0,4,0,0,0,1368,1269
1445,0,side_green,98,17.0,9.604,6,0,0,0,4,0,0,0,1369,1271
1446,0,side_green,96,22.0,9.817,5,0,0,0,4,0,0,0,1369,1273
1447,0,side_green,96,29.0,9.854,8,0,0,0,4,0,0,1,1370,1274
1448,0,side_green,94,42.0,9.812,13,0,0,0,5,0,1,2,1370,1276
1449,0,side_green,95,57.0,9.373,16,0,0,0,5,1,2,2,1371,1276
1450,0,side_green,95,73.0,9.002,16,0,0,0,5,2,2,2,1371,1276
1451,0,side_green,95,92.0,8.667,19,0,0,0,7,2,3,2,1371,1276
1452,0,side_green,96,112.0,8.297,21,0,0,0,7,3,3,2,1372,1276
1453,0,side_green,103,136.0,7.489,31,0,0,0,7,4,4,3,1379,1276
1454,0,side_green,103,163.0,7.333,27,0,0,0,8,5,5,3,1379,1276
1455,0,side_green,102,193.0,7.101,30,0,0,0,8,6,6,3,1379,1277
1456,0,side_green,102,224.0,6.931,31,0,0,0,8,6,7,3,1379,1277
1457,0,side_green,103,258.0,6.527,36,0,0,0,8,7,7,4,1381,1278
1458,0,side_green,103,295.0,6.449,37,0,0,0,8,8,9,4,1381,1278
1459,0,side_green,98,335.0,5.986,40,0,0,0,8,8,9,5,1381,1283
1460,0,side_green,94,378.0,5.567,43,0,0,0,8,9,11,5,1381,1287
1461,0,side_green,91,423.0,5.058,46,0,0,0,8,10,12,5,1382,1291
1462,0,side_green,86,472.0,4.507,50,0,0,0,9,12,13,5,1383,1297
1463,0,side_green,83,523.0,4.293,51,0,0,0,9,13,13,5,1383,1300
1464,0,side_green,81,575.0,4.194,52,0,0,0,9,13,13,5,1383,1302
1465,0,side_green,85,627.0,3.549,59,0,0,0,9,13,13,5,1390,1305
1466,0,side_green,84,679.0,3.628,52,0,0,0,9,13,13,5,1390,1306
1467,0,side_green,84,731.0,3.622,53,0,0,0,9,13,13,5,1391,1307
1468,0,side_green,84,784.0,3.731,53,0,0,0,9,13,13,5,1391,1307
1469,0,side_green,84,837.0,3.811,54,0,0,0,9,13,13,5,1392,1308
1470,0,side_green,84,891.0,4.027,54,0,0,0,9,13,13,5,1392,1308
1471,0,side_green,84,945.0,4.198,54,0,0,0,9,13,13,5,1392,1308
1472,0,side_green,85,999.0,4.071,55,0,0,0,9,13,13,5,1393,1308
1473,0,side_green,86,1053.0,4.112,55,0,0,0,9,13,13,5,1394,1308
1474,0,side_green,84,1108.0,3.733,55,0,0,0,9,13,13,5,1394,1310
1475,0,side_green,83,1163.0,3.561,55,0,0,0,9,13,13,5,1394,1311
1476,0,side_green,82,1218.0,3.432,55,0,0,0,9,13,13,5,1394,1312
1477,0,side_green,88,1275.0,3.014,64,0,0,0,9,13,13,5,1401,1313
1478,0,side_green,89,1332.0,3.136,58,0,0,0,9,13,13,5,1402,1313
1479,0,side_green,88,1390.0,3.17,58,0,0,0,9,13,13,5,1402,1314
1480,0,side_green,88,1449.0,3.258,59,0,0,0,9,13,13,5,1402,1314
1481,0,side_green,89,1508.0,3.343,60,0,0,0,9,13,13,5,1403,1314
1482,0,side_green,89,1568.0,3.475,60,0,0,0,9,13,13,5,1403,1314
1483,1,side_yellow,90,1628.0,3.452,61,1,1,1,9,13,13,5,1404,1314
1484,1,side_yellow,90,1689.0,3.486,61,1,1,1,9,13,13,5,1404,1314
1485,1,side_yellow,91,1751.0,3.325,63,1,1,1,9,13,13,5,1405,1314
1486,2,main_green,88,1329.0,3.158,50,2,2,2,7,11,11,3,1405,1317
1487,2,main_green,88,946.0,3.666,40,2,2,2,5,9,9,1,1405,1317
1488,2,main_green,89,643.0,4.285,32,2,2,2,3,7,7,0,1406,1317
1489,2,main_green,94,392.0,4.566,28,2,2,2,1,5,5,0,1413,1319
1490,2,main_green,94,213.0,5.612,13,2,2,2,0,3,3,0,1413,1319
1491,2,main_green,93,82.0,6.715,7,2,2,2,0,1,1,0,1413,1320
1492,2,main_green,93,16.0,7.78,3,2,2,2,0,0,0,0,1413,1320
1493,2,main_green,95,19.0,8.5,5,2,2,2,0,0,0,0,1415,1320
1494,2,main_green,95,22.0,9.389,3,2,2,2,0,0,0,0,1415,1320
1495,2,main_green,95,25.0,9.921,3,2,2,2,0,0,0,0,1415,1320
1496,2,main_green,95,28.0,10.222,3,2,2,2,0,0,0,0,1415,1320
1497,2,main_green,96,33.0,10.431,6,2,2,2,0,0,0,0,1416,1320
1498,2,main_green,97,41.0,10.45,9,2,2,2,0,0,0,0,1417,1320
1499,2,main_green,95,49.0,10.565,8,2,2,2,0,0,0,0,1417,1322
1500,2,main_green,95,57.0,10.805,8,2,2,2,0,0,0,0,1417,1322
1501,2,main_green,101,66.0,10.038,16,2,2,2,0,0,0,0,1424,1323
1502,2,main_green,101,75.0,10.219,9,2,2,2,0,0,0,0,1424,1323
1503,2,main_green,102,84.0,10.22,10,2,2,2,0,0,0,0,1425,1323
1504,2,main_green,102,93.0,10.437,9,2,2,2,0,0,0,0,1425,1323
1505,2,main_green,103,102.0,10.524,10,2,2,2,0,0,0,0,1426,1323
1506,2,main_green,103,111.0,10.513,9,2,2,2,0,0,0,0,1426,1323
1507,2,main_green,103,120.0,10.515,9,2,2,2,0,0,0,0,1426,1323
1508,2,main_green,104,129.0,10.408,10,2,2,2,0,0,0,0,1427,1323
1509,2,main_green,105,142.0,10.287,14,2,2,2,0,0,0,0,1428,1323
1510,2,main_green,105,156.0,10.197,14,2,2,2,0,0,0,0,1428,1323
1511,2,main_green,105,170.0,10.206,14,2,2,2,0,0,0,0,1428,1323
1512,2,main_green,103,184.0,10.179,14,2,2,2,0,0,0,0,1428,1325
1513,2,main_green,109,199.0,9.54,22,2,2,2,0,0,0,0,1435,1326
1514,2,main_green,106,214.0,9.542,16,2,2,2,0,0,0,0,1436,1330
1515,2,main_green,106,229.0,9.575,15,2,2,2,0,0,0,0,1436,1330
1516,2,main_green,104,244.0,9.793,15,2,2,2,0,0,0,0,1436,1332
1517,2,main_green,104,259.0,9.657,16,2,2,2,0,0,0,0,1437,1333
1518,2,main_green,103,274.0,9.652,15,2,2,2,0,0,0,0,1437,1334
1519,2,main_green,102,289.0,9.455,16,2,2,2,0,0,0,0,1438,1336
1520,2,main_green,101,306.0,9.363,17,2,2,2,0,0,0,0,1438,1337
1521,2,main_green,100,325.0,9.267,20,2,2,2,0,0,0,0,1439,1339
1522,2,main_green,97,346.0,9.24,21,2,2,2,0,0,0,0,1439,1342
1523,2,main_green,96,367.0,9.254,21,2,2,2,0,0,0,0,1439,1343
1524,2,main_green,95,388.0,9.118,22,2,2,2,0,0,0,0,1440,1345
1525,2,main_green,100,409.0,8.55,28,2,2,2,0,0,0,0,1447,1347
1526,2,main_green,98,430.0,8.629,21,2,2,2,0,0,0,0,1447,1349
1527,2,main_green,98,451.0,8.839,21,2,2,2,0,0,0,0,1447,1349
1528,3,main_yellow,98,472.0,8.898,21,3,3,3,0,0,0,0,1447,1349
1529,3,main_yellow,100,493.0,8.71,23,3,3,3,0,0,0,0,1449,1349
1530,3,main_yellow,100,514.0,8.607,21,3,3,3,0,0,0,0,1449,1349
1531,0,side_green,100,135.0,8.635,10,0,0,0,0,0,0,0,1449,1349
1532,0,side_green,100,3.0,8.953,3,0,0,0,1,0,0,0,1449,1349
1533,0,side_green,101,3.0,9.106,3,0,0,0,2,0,0,0,1450,1349
1534,0,side_green,101,7.0,9.4,5,0,0,0,2,0,0,1,1451,1350
1535,0,side_green,100,13.0,9.628,6,0,0,0,3,0,0,1,1451,1351
1536,0,side_green,100,22.0,9.97,9,0,0,0,3,1,0,1,1451,1351
1537,0,side_green,106,31.0,9.512,16,0,0,0,3,1,0,1,1458,1352
1538,0,side_green,105,42.0,9.73,11,0,0,0,3,2,0,2,1458,1353
1539,0,side_green,104,53.0,9.722,12,0,0,0,3,2,0,2,1459,1355
1540,0,side_green,104,66.0,9.719,13,0,0,0,4,2,0,2,1459,1355
1541,0,side_green,104,79.0,9.363,14,0,0,0,4,2,0,2,1460,1356
1542,0,side_green,102,93.0,9.008,14,0,0,0,4,2,1,2,1460,1358
1543,0,side_green,102,110.0,8.561,17,0,0,0,5,3,2,2,1460,1358
1544,0,side_green,103,131.0,8.115,22,0,0,0,5,3,4,2,1461,1358
1545,0,side_green,103,154.0,7.577,24,0,0,0,5,4,4,3,1462,1359
1546,0,side_green,103,179.0,7.18,25,0,0,0,5,5,5,3,1462,1359
1547,0,side_green,103,210.0,6.951,31,0,0,0,6,7,7,4,1462,1359
1548,0,side_green,102,244.0,6.614,34,0,0,0,6,7,8,4,1462,1360
1549,0,side_green,108,281.0,5.927,44,0,0,0,7,8,9,4,1469,1361
1550,0,side_green,101,319.0,5.35,39,0,0,0,7,9,9,4,1470,1369
1551,0,side_green,96,360.0,5.092,41,0,0,0,7,10,11,4,1470,1374
1552,0,side_green,90,405.0,4.649,45,0,0,0,7,11,13,4,1470,1380
1553,0,side_green,86,453.0,4.257,49,0,0,0,7,13,14,4,1471,1385
1554,0,side_green,84,502.0,4.191,49,0,0,0,7,13,15,4,1471,1387
1555,0,side_green,82,553.0,4.016,52,0,0,0,7,13,16,4,1472,1390
1556,0,side_green,82,606.0,4.164,53,0,0,0,7,13,16,4,1472,1390
1557,0,side_green,83,659.0,4.174,54,0,0,0,7,13,16,4,1473,1390
1558,0,side_green,81,712.0,4.028,53,0,0,0,7,13,16,4,1473,1392
1559,0,side_green,78,765.0,3.687,53,0,0,0,7,13,16,4,1473,1395
1560,0,side_green,79,818.0,3.634,54,0,0,0,7,13,16,4,1474,1395
1561,0,side_green,85,871.0,3.149,60,0,0,0,7,13,16,4,1481,1396
1562,0,side_green,85,924.0,3.272,53,0,0,0,7,13,16,4,1481,1396
1563,0,side_green,85,979.0,3.386,55,0,0,0,7,13,16,4,1481,1396
1564,0,side_green,85,1035.0,3.445,56,0,0,0,7,13,16,4,1481,1396
1565,0,side_green,87,1092.0,3.533,59,0,0,0,7,13,16,4,1483,1396
1566,0,side_green,87,1149.0,3.729,57,0,0,0,7,13,16,4,1483,1396
1567,0,side_green,87,1206.0,3.876,57,0,0,0,7,13,16,4,1483,1396
1568,0,side_green,87,1264.0,3.929,58,0,0,0,7,13,16,4,1483,1396
1569,0,side_green,88,1323.0,3.9,60,0,0,0,7,13,16,4,1484,1396
1570,0,side_green,87,1382.0,3.638,60,0,0,0,7,13,16,4,1485,1398
1571,0,side_green,86,1441.0,3.609,59,0,0,0,7,13,16,4,1485,1399
1572,0,side_green,84,1500.0,3.352,59,0,0,0,7,13,16,4,1485,1401
1573,1,side_yellow,91,1559.0,2.992,66,1,1,1,7,13,16,4,1492,1401
1574,1,side_yellow,91,1619.0,3.081,60,1,1,1,7,13,16,4,1492,1401
1575,1,side_yellow,92,1680.0,3.137,62,1,1,1,7,13,16,4,1493,1401
1576,2,main_green,92,1255.0,3.607,50,2,2,2,5,11,14,2,1493,1401
1577,2,main_green,93,889.0,3.964,40,2,2,2,3,9,12,0,1494,1401
1578,2,main_green,93,625.0,4.561,29,2,2,2,1,7,10,0,1494,1401
1579,2,main_green,93,424.0,5.168,20,2,2,2,0,5,8,0,1494,1401
1580,2,main_green,93,278.0,5.808,14,2,2,2,0,3,6,0,1495,1402
1581,2,main_green,94,154.0,6.668,11,2,2,2,0,1,4,0,1496,1402
1582,2,main_green,92,97.0,7.517,9,2,2,2,0,0,3,0,1496,1404
1583,2,main_green,90,44.0,8.229,7,2,2,2,0,0,1,0,1496,1406
1584,2,main_green,90,21.0,9.062,6,2,2,2,0,0,0,0,1496,1406
1585,2,main_green,96,27.0,9.165,13,2,2,2,0,0,0,0,1503,1407
1586,2,main_green,97,33.0,9.758,7,2,2,2,0,0,0,0,1504,1407
1587,2,main_green,97,39.0,10.223,6,2,2,2,0,0,0,0,1504,1407
1588,2,main_green,97,45.0,10.697,6,2,2,2,0,0,0,0,1504,1407
1589,2,main_green,97,51.0,10.774,7,2,2,2,0,0,0,0,1505,1408
1590,2,main_green,97,57.0,10.88,6,2,2,2,0,0,0,0,1505,1408
1591,2,main_green,98,63.0,10.697,7,2,2,2,0,0,0,0,1506,1408
1592,2,main_green,98,69.0,10.602,6,2,2,2,0,0,0,0,1506,1408
1593,2,main_green,99,76.0,10.497,8,2,2,2,0,0,0,0,1507,1408
1594,2,main_green,99,87.0,10.457,11,2,2,2,0,0,0,0,1507,1408
1595,2,main_green,99,99.0,10.504,12,2,2,2,0,0,0,0,1507,1408
1596,2,main_green,100,111.0,10.474,13,2,2,2,0,0,0,0,1508,1408
1597,2,main_green,107,123.0,9.861,19,2,2,2,0,0,0,0,1515,1408
1598,2,main_green,107,135.0,10.035,12,2,2,2,0,0,0,0,1515,1408
1599,2,main_green,107,147.0,10.219,12,2,2,2,0,0,0,0,1515,1408
1600,2,main_green,107,159.0,10.417,12,2,2,2,0,0,0,0,1515,1408
1601,2,main_green,108,171.0,10.274,14,2,2,2,0,0,0,0,1517,1409
1602,2,main_green,107,183.0,10.171,12,2,2,2,0,0,0,0,1517,1410
1603,2,main_green,107,195.0,10.16,12,2,2,2,0,0,0,0,1517,1410
1604,2,main_green,107,208.0,10.146,13,2,2,2,0,0,0,0,1517,1410
1605,2,main_green,106,224.0,9.98,17,2,2,2,0,0,0,0,1518,1412
1606,2,main_green,104,241.0,9.914,18,2,2,2,0,0,0,0,1519,1415
1607,2,main_green,103,259.0,9.932,18,2,2,2,0,0,0,0,1519,1416
1608,2,main_green,101,277.0,10.052,18,2,2,2,0,0,0,0,1519,1418
1609,2,main_green,106,295.0,9.417,25,2,2,2,0,0,0,0,1526,1420
1610,2,main_green,103,313.0,9.484,18,2,2,2,0,0,0,0,1526,1423
1611,2,main_green,102,331.0,9.535,19,2,2,2,0,0,0,0,1527,1425
1612,2,main_green,100,349.0,9.543,18,2,2,2,0,0,0,0,1527,1427
1613,2,main_green,99,367.0,9.374,19,2,2,2,0,0,0,0,1528,1429
1614,2,main_green,98,385.0,9.422,18,2,2,2,0,0,0,0,1528,1430
1615,2,main_green,95,403.0,9.358,18,2,2,2,0,0,0,0,1528,1433
1616,2,main_green,95,421.0,9.219,19,2,2,2,0,0,0,0,1529,1434
1617,2,main_green,95,442.0,9.068,22,2,2,2,0,0,0,0,1530,1435
1618,3,main_yellow,95,466.0,9.128,24,3,3,3,0,0,0,0,1530,1435
1619,3,main_yellow,93,490.0,9.065,24,3,3,3,0,0,0,0,1530,1437
1620,3,main_yellow,93,514.0,9.111,24,3,3,3,0,0,0,0,1530,1437
1621,0,side_green,100,127.0,8.603,19,0,0,0,0,0,0,0,1537,1437
1622,0,side_green,101,1.0,8.956,2,0,0,0,1,0,0,0,1538,1437
1623,0,side_green,101,3.0,9.327,2,0,0,0,2,0,0,0,1538,1437
1624,0,side_green,98,6.0,9.619,3,0,0,0,2,0,0,0,1538,1440
1625,0,side_green,98,10.0,9.813,5,0,0,0,2,0,0,1,1539,1441
1626,0,side_green,97,15.0,10.105,5,0,0,0,2,0,0,1,1539,1442
1627,0,side_green,96,21.0,10.255,7,0,0,0,2,0,1,1,1540,1444
1628,0,side_green,95,30.0,10.343,9,0,0,0,3,1,1,1,1540,1445
1629,0,side_green,95,42.0,9.99,13,0,0,0,3,1,3,1,1541,1446
1630,0,side_green,94,55.0,9.623,13,0,0,0,3,1,4,1,1541,1447
1631,0,side_green,93,68.0,9.249,13,0,0,0,3,1,4,1,1541,1448
1632,0,side_green,94,86.0,8.876,19,0,0,0,4,2,6,1,1542,1448
1633,0,side_green,101,106.0,8.004,27,0,0,0,4,3,6,2,1549,1448
1634,0,side_green,101,128.0,7.806,22,0,0,0,4,3,7,2,1549,1448
1635,0,side_green,101,152.0,7.53,24,0,0,0,4,4,8,2,1549,1448
1636,0,side_green,101,179.0,7.349,27,0,0,0,4,5,10,2,1549,1448
1637,0,side_green,103,208.0,6.969,31,0,0,0,4,6,10,2,1551,1448
1638,0,side_green,103,240.0,6.671,32,0,0,0,5,8,10,2,1551,1448
1639,0,side_green,96,274.0,6.062,34,0,0,0,6,8,11,2,1551,1455
1640,0,side_green,93,310.0,5.69,36,0,0,0,6,8,12,2,1551,1458
1641,0,side_green,88,351.0,5.02,42,0,0,0,6,10,13,3,1552,1464
1642,0,side_green,85,394.0,4.574,44,0,0,0,6,10,14,4,1553,1468
1643,0,side_green,79,441.0,4.017,47,0,0,0,7,12,14,4,1553,1474
1644,0,side_green,78,490.0,3.838,49,0,0,0,7,12,15,4,1553,1475
1645,0,side_green,84,542.0,3.399,59,0,0,0,7,14,16,4,1560,1476
1646,0,side_green,82,594.0,3.316,52,0,0,0,7,14,16,4,1560,1478
1647,0,side_green,83,647.0,3.487,54,0,0,0,7,14,16,4,1561,1478
1648,0,side_green,83,700.0,3.646,53,0,0,0,7,14,16,4,1561,1478
1649,0,side_green,84,754.0,3.808,55,0,0,0,7,14,16,4,1562,1478
1650,0,side_green,84,808.0,3.91,54,0,0,0,7,14,16,4,1562,1478
1651,0,side_green,84,863.0,3.994,55,0,0,0,7,14,16,4,1562,1478
1652,0,side_green,85,918.0,3.931,56,0,0,0,7,14,16,4,1563,1478
1653,0,side_green,86,973.0,3.864,56,0,0,0,7,14,16,4,1564,1478
1654,0,side_green,85,1029.0,3.858,56,0,0,0,7,14,16,4,1564,1479
1655,0,side_green,84,1085.0,3.674,56,0,0,0,7,14,16,4,1564,1480
1656,0,side_green,83,1141.0,3.661,56,0,0,0,7,14,16,4,1564,1481
1657,0,side_green,89,1198.0,3.225,64,0,0,0,7,14,16,4,1571,1482
1658,0,side_green,90,1255.0,3.262,58,0,0,0,7,14,16,4,1572,1482
1659,0,side_green,89,1313.0,3.329,58,0,0,0,7,14,16,4,1572,1483
1660,0,side_green,88,1372.0,3.326,59,0,0,0,7,14,16,4,1572,1484
1661,0,side_green,89,1431.0,3.403,60,0,0,0,7,14,16,4,1573,1484
1662,0,side_green,89,1491.0,3.522,60,0,0,0,7,14,16,4,1573,1484
1663,1,side_yellow,90,1552.0,3.656,62,1,1,1,7,14,16,4,1574,1484
1664,1,side_yellow,90,1613.0,3.655,61,1,1,1,7,14,16,4,1574,1484
1665,1,side_yellow,91,1674.0,3.518,62,1,1,1,7,14,16,4,1575,1484
1666,2,main_green,89,1258.0,3.447,50,2,2,2,5,12,14,2,1575,1486
1667,2,main_green,88,908.0,3.753,40,2,2,2,3,10,12,0,1575,1487
1668,2,main_green,88,649.0,4.211,32,2,2,2,1,8,10,0,1576,1488
1669,2,main_green,93,451.0,4.454,30,2,2,2,0,6,8,0,1583,1490
1670,2,main_green,93,308.0,5.447,15,2,2,2,0,4,6,0,1583,1490
1671,2,main_green,93,185.0,6.534,9,2,2,2,0,2,4,0,1583,1490
1672,2,main_green,93,77.0,7.692,5,2,2,2,0,0,2,0,1583,1490
1673,2,main_green,95,21.0,8.481,5,2,2,2,0,0,0,0,1585,1490
1674,2,main_green,95,24.0,9.153,3,2,2,2,0,0,0,0,1585,1490
1675,2,main_green,95,27.0,9.657,3,2,2,2,0,0,0,0,1585,1490
1676,2,main_green,95,30.0,10.17,3,2,2,2,0,0,0,0,1585,1490
1677,2,main_green,96,35.0,10.46,6,2,2,2,0,0,0,0,1586,1490
1678,2,main_green,94,44.0,10.736,10,2,2,2,0,0,0,0,1587,1493
1679,2,main_green,94,53.0,10.992,9,2,2,2,0,0,0,0,1587,1493
1680,2,main_green,94,62.0,11.117,9,2,2,2,0,0,0,0,1587,1493
1681,2,main_green,101,71.0,10.349,16,2,2,2,0,0,0,0,1594,1493
1682,2,main_green,101,80.0,10.61,9,2,2,2,0,0,0,0,1594,1493
1683,2,main_green,102,89.0,10.659,10,2,2,2,0,0,0,0,1595,1493
1684,2,main_green,102,98.0,10.88,9,2,2,2,0,0,0,0,1595,1493
1685,2,main_green,103,107.0,10.932,10,2,2,2,0,0,0,0,1596,1493
1686,2,main_green,103,116.0,10.888,9,2,2,2,0,0,0,0,1596,1493
1687,2,main_green,103,125.0,10.77,9,2,2,2,0,0,0,0,1596,1493
1688,2,main_green,104,134.0,10.528,10,2,2,2,0,0,0,0,1597,1493
1689,2,main_green,105,146.0,10.462,13,2,2,2,0,0,0,0,1598,1493
1690,2,main_green,105,160.0,10.497,14,2,2,2,0,0,0,0,1598,1493
1691,2,main_green,105,175.0,10.571,15,2,2,2,0,0,0,0,1598,1493
1692,2,main_green,102,190.0,10.55,15,2,2,2,0,0,0,0,1598,1496
1693,2,main_green,108,205.0,9.886,22,2,2,2,0,0,0,0,1605,1497
1694,2,main_green,107,220.0,9.842,16,2,2,2,0,0,0,0,1606,1499
1695,2,main_green,107,235.0,10.061,15,2,2,2,0,0,0,0,1606,1499
1696,2,main_green,104,250.0,10.129,15,2,2,2,0,0,0,0,1606,1502
1697,2,main_green,103,265.0,9.993,16,2,2,2,0,0,0,0,1607,1504
1698,2,main_green,103,280.0,9.992,15,2,2,2,0,0,0,0,1607,1504
1699,2,main_green,101,295.0,9.761,16,2,2,2,0,0,0,0,1608,1507
1700,2,main_green,100,313.0,9.804,18,2,2,2,0,0,0,0,1608,1508
1701,2,main_green,98,332.0,9.625,20,2,2,2,0,0,0,0,1609,1511
1702,2,main_green,98,352.0,9.695,20,2,2,2,0,0,0,0,1609,1511
1703,2,main_green,94,373.0,9.722,21,2,2,2,0,0,0,0,1609,1515
1704,2,main_green,94,394.0,9.607,22,2,2,2,0,0,0,0,1610,1516
1705,2,main_green,99,415.0,8.871,28,2,2,2,0,0,0,0,1617,1518
1706,2,main_green,97,436.0,8.985,21,2,2,2,0,0,0,0,1617,1520
1707,2,main_green,97,457.0,9.23,21,2,2,2,0,0,0,0,1617,1520
1708,3,main_yellow,96,478.0,9.161,21,3,3,3,0,0,0,0,1617,1521
1709,3,main_yellow,97,499.0,8.822,23,3,3,3,0,0,0,0,1619,1522
1710,3,main_yellow,96,520.0,8.807,21,3,3,3,0,0,0,0,1619,1523
1711,0,side_green,96,134.0,9.063,10,0,0,0,0,0,0,1,1619,1523
1712,0,side_green,96,4.0,9.39,3,0,0,0,1,0,0,1,1619,1523
1713,0,side_green,97,5.0,9.592,3,0,0,0,1,0,0,1,1620,1523
1714,0,side_green,96,7.0,9.743,3,0,0,0,1,0,0,1,1621,1525
1715,0,side_green,95,10.0,9.864,3,0,0,0,1,0,0,2,1621,1526
1716,0,side_green,95,16.0,9.953,6,0,0,0,1,1,0,2,1621,1526
1717,0,side_green,99,23.0,9.12,14,0,0,0,1,1,1,2,1628,1529
1718,0,side_green,97,32.0,9.08,9,0,0,0,1,1,2,2,1628,1531
1719,0,side_green,98,41.0,8.868,10,0,0,0,1,1,2,2,1629,1531
1720,0,side_green,97,56.0,8.614,15,0,0,0,2,3,4,2,1629,1532
1721,0,side_green,97,74.0,8.131,19,0,0,0,2,4,6,2,1630,1533
1722,0,side_green,96,94.0,7.729,20,0,0,0,2,5,7,2,1630,1534
1723,0,side_green,96,118.0,7.481,24,0,0,0,2,7,8,3,1630,1534
1724,0,side_green,97,146.0,7.214,29,0,0,0,3,8,8,4,1631,1534
1725,0,side_green,98,177.0,6.863,32,0,0,0,3,9,9,4,1632,1534
1726,0,side_green,98,212.0,6.668,35,0,0,0,4,9,12,4,1632,1534
1727,0,side_green,98,251.0,6.609,39,0,0,0,4,12,12,5,1632,1534
1728,0,side_green,98,292.0,6.511,41,0,0,0,4,12,13,5,1632,1534
1729,0,side_green,100,335.0,5.619,50,0,0,0,5,12,14,5,1639,1539
1730,0,side_green,98,377.0,5.353,44,0,0,0,5,12,13,5,1640,1542
1731,0,side_green,95,422.0,5.106,45,0,0,0,5,12,15,5,1640,1545
1732,0,side_green,90,469.0,4.709,47,0,0,0,6,12,15,5,1640,1550
1733,0,side_green,86,518.0,4.314,50,0,0,0,6,12,16,5,1641,1555
1734,0,side_green,83,568.0,4.209,50,0,0,0,6,12,16,6,1641,1558
1735,0,side_green,82,620.0,4.106,53,0,0,0,6,12,16,6,1642,1560
1736,0,side_green,82,672.0,4.352,52,0,0,0,6,12,16,6,1642,1560
1737,0,side_green,83,724.0,4.277,53,0,0,0,6,12,16,6,1643,1560
1738,0,side_green,82,776.0,4.28,52,0,0,0,6,12,16,6,1643,1561
1739,0,side_green,77,829.0,3.732,53,0,0,0,6,12,16,6,1643,1566
1740,0,side_green,78,882.0,3.67,54,0,0,0,6,12,16,6,1644,1566
1741,0,side_green,84,935.0,3.282,60,0,0,0,6,12,16,6,1651,1567
1742,0,side_green,84,989.0,3.34,54,0,0,0,6,12,16,6,1651,1567
1743,0,side_green,84,1043.0,3.502,54,0,0,0,6,12,16,6,1651,1567
1744,0,side_green,84,1097.0,3.577,54,0,0,0,6,12,16,6,1651,1567
1745,0,side_green,86,1152.0,3.63,57,0,0,0,6,12,16,6,1653,1567
1746,0,side_green,86,1208.0,3.721,56,0,0,0,6,12,16,6,1653,1567
1747,0,side_green,86,1265.0,3.846,57,0,0,0,6,12,16,6,1653,1567
1748,0,side_green,86,1322.0,3.852,57,0,0,0,6,12,16,6,1653,1567
1749,0,side_green,87,1380.0,3.791,59,0,0,0,6,12,16,6,1654,1567
1750,0,side_green,86,1439.0,3.541,60,0,0,0,6,12,16,6,1655,1569
1751,0,side_green,84,1498.0,3.424,59,0,0,0,6,12,16,6,1655,1571
1752,0,side_green,82,1557.0,3.245,59,0,0,0,6,12,16,6,1655,1573
1753,1,side_yellow,89,1616.0,2.986,66,1,1,1,6,12,16,6,1662,1573
1754,1,side_yellow,89,1675.0,3.136,59,1,1,1,6,12,16,6,1662,1573
1755,1,side_yellow,90,1734.0,3.32,60,1,1,1,6,12,16,6,1663,1573
1756,2,main_green,90,1313.0,3.678,48,2,2,2,4,10,14,4,1663,1573
1757,2,main_green,91,951.0,4.154,37,2,2,2,2,8,12,2,1664,1573
1758,2,main_green,91,626.0,4.685,25,2,2,2,0,6,10,0,1664,1573
1759,2,main_green,91,434.0,5.24,17,2,2,2,0,4,8,0,1664,1573
1760,2,main_green,92,275.0,5.855,11,2,2,2,0,2,6,0,1665,1573
1761,2,main_green,93,126.0,6.705,6,2,2,2,0,0,4,0,1666,1573
1762,2,main_green,91,67.0,7.579,6,2,2,2,0,0,2,0,1666,1575
1763,2,main_green,87,44.0,8.389,7,2,2,2,0,0,1,0,1666,1579
1764,2,main_green,87,17.0,9.216,6,2,2,2,0,0,0,0,1666,1579
1765,2,main_green,94,23.0,9.126,13,2,2,2,0,0,0,0,1673,1579
1766,2,main_green,95,29.0,9.649,7,2,2,2,0,0,0,0,1674,1579
1767,2,main_green,95,35.0,10.295,6,2,2,2,0,0,0,0,1674,1579
1768,2,main_green,95,41.0,10.645,6,2,2,2,0,0,0,0,1674,1579
1769,2,main_green,96,47.0,10.934,7,2,2,2,0,0,0,0,1675,1579
1770,2,main_green,96,53.0,11.098,6,2,2,2,0,0,0,0,1675,1579
1771,2,main_green,97,59.0,10.992,7,2,2,2,0,0,0,0,1676,1579
1772,2,main_green,97,65.0,10.939,6,2,2,2,0,0,0,0,1676,1579
1773,2,main_green,98,74.0,10.723,10,2,2,2,0,0,0,0,1677,1579
1774,2,main_green,98,83.0,10.693,9,2,2,2,0,0,0,0,1677,1579
1775,2,main_green,98,92.0,10.832,9,2,2,2,0,0,0,0,1677,1579
1776,2,main_green,99,102.0,10.739,11,2,2,2,0,0,0,0,1678,1579
1777,2,main_green,106,114.0,10.087,19,2,2,2,0,0,0,0,1685,1579
1778,2,main_green,106,126.0,10.254,12,2,2,2,0,0,0,0,1685,1579
1779,2,main_green,106,138.0,10.412,12,2,2,2,0,0,0,0,1685,1579
1780,2,main_green,106,150.0,10.491,12,2,2,2,0,0,0,0,1685,1579
1781,2,main_green,108,162.0,10.385,14,2,2,2,0,0,0,0,1687,1579
1782,2,main_green,104,174.0,10.251,12,2,2,2,0,0,0,0,1687,1583
1783,2,main_green,104,186.0,10.302,12,2,2,2,0,0,0,0,1687,1583
1784,2,main_green,101,200.0,10.144,14,2,2,2,0,0,0,0,1687,1586
1785,2,main_green,101,215.0,10.059,16,2,2,2,0,0,0,0,1688,1587
1786,2,main_green,99,233.0,9.901,19,2,2,2,0,0,0,0,1689,1590
1787,2,main_green,98,251.0,9.932,18,2,2,2,0,0,0,0,1689,1591
1788,2,main_green,96,269.0,9.976,18,2,2,2,0,0,0,0,1689,1593
1789,2,main_green,102,287.0,9.216,25,2,2,2,0,0,0,0,1696,1594
1790,2,main_green,98,305.0,9.272,18,2,2,2,0,0,0,0,1696,1598
1791,2,main_green,98,323.0,9.313,19,2,2,2,0,0,0,0,1697,1599
1792,2,main_green,95,341.0,9.446,18,2,2,2,0,0,0,0,1697,1602
1793,2,main_green,95,359.0,9.249,19,2,2,2,0,0,0,0,1698,1603
1794,2,main_green,94,377.0,9.264,18,2,2,2,0,0,0,0,1698,1604
1795,2,main_green,93,395.0,9.31,18,2,2,2,0,0,0,0,1698,1605
1796,2,main_green,94,413.0,9.072,19,2,2,2,0,0,0,0,1699,1605
1797,2,main_green,93,431.0,8.948,19,2,2,2,0,0,0,0,1700,1607
1798,3,main_yellow,93,453.0,9.02,22,3,3,3,0,0,0,0,1700,1607
1799,3,main_yellow,93,477.0,8.997,24,3,3,3,0,0,0,0,1700,1607
1800,3,main_yellow,93,501.0,8.965,24,3,3,3,0,0,0,0,1700,1607
1801,0,side_green,100,123.0,8.508,19,0,0,0,0,0,0,0,1707,1607
1802,0,side_green,101,1.0,8.839,2,0,0,0,1,0,0,0,1708,1607
1803,0,side_green,101,2.0,9.209,1,0,0,0,1,0,0,0,1708,1607
1804,0,side_green,101,4.0,9.575,2,0,0,0,2,0,0,0,1708,1607
1805,0,side_green,101,7.0,9.716,4,0,0,0,2,0,0,0,1709,1608
1806,0,side_green,100,13.0,10.068,6,0,0,0,2,1,0,0,1709,1609
1807,0,side_green,100,21.0,10.151,9,0,0,0,3,2,0,0,1710,1610
1808,0,side_green,98,30.0,10.205,9,0,0,0,3,2,1,0,1710,1612
1809,0,side_green,98,42.0,9.932,13,0,0,0,3,2,2,1,1711,1613
1810,0,side_green,97,56.0,9.557,14,0,0,0,3,2,2,2,1711,1614
1811,0,side_green,96,72.0,9.133,16,0,0,0,4,3,2,2,1711,1615
1812,0,side_green,96,89.0,8.676,18,0,0,0,4,3,3,2,1712,1616
1813,0,side_green,101,109.0,7.747,27,0,0,0,4,4,4,2,1719,1618
1814,0,side_green,101,132.0,7.441,23,0,0,0,5,5,4,2,1719,1618
1815,0,side_green,101,158.0,7.179,26,0,0,0,5,5,6,2,1719,1618
1816,0,side_green,100,186.0,6.9,28,0,0,0,5,6,7,2,1719,1619
1817,0,side_green,102,216.0,6.61,32,0,0,0,5,7,8,2,1721,1619
1818,0,side_green,102,247.0,6.497,31,0,0,0,6,7,8,2,1721,1619
1819,0,side_green,98,282.0,6.171,35,0,0,0,6,9,10,2,1721,1623
1820,0,side_green,95,322.0,5.892,40,0,0,0,6,11,12,2,1721,1626
1821,0,side_green,93,365.0,5.492,44,0,0,0,6,12,13,3,1722,1629
1822,0,side_green,86,411.0,4.805,47,0,0,0,6,13,14,4,1723,1637
1823,0,side_green,81,459.0,4.368,48,0,0,0,6,13,15,4,1723,1642
1824,0,side_green,76,510.0,3.895,51,0,0,0,6,13,16,4,1723,1647
1825,0,side_green,83,561.0,3.602,58,0,0,0,6,13,16,4,1730,1647
1826,0,side_green,81,612.0,3.609,51,0,0,0,6,13,16,4,1730,1649
1827,0,side_green,82,663.0,3.72,52,0,0,0,6,13,16,4,1731,1649
1828,0,side_green,82,714.0,3.759,51,0,0,0,6,13,16,4,1731,1649
1829,0,side_green,83,766.0,3.848,53,0,0,0,6,13,16,4,1732,1649
1830,0,side_green,83,818.0,3.991,52,0,0,0,6,13,16,4,1732,1649
1831,0,side_green,83,872.0,4.126,54,0,0,0,6,13,16,4,1732,1649
1832,0,side_green,84,926.0,4.135,55,0,0,0,6,13,16,4,1733,1649
1833,0,side_green,85,980.0,4.106,55,0,0,0,6,13,16,4,1734,1649
1834,0,side_green,80,1034.0,3.583,54,0,0,0,6,13,16,4,1734,1654
1835,0,side_green,80,1088.0,3.579,54,0,0,0,6,13,16,4,1734,1654
1836,0,side_green,80,1144.0,3.603,56,0,0,0,6,13,16,4,1734,1654
1837,0,side_green,87,1200.0,3.277,63,0,0,0,6,13,16,4,1741,1654
1838,0,side_green,87,1256.0,3.329,57,0,0,0,6,13,16,4,1742,1655
1839,0,side_green,87,1313.0,3.494,57,0,0,0,6,13,16,4,1742,1655
1840,0,side_green,87,1370.0,3.551,57,0,0,0,6,13,16,4,1742,1655
1841,0,side_green,88,1427.0,3.575,58,0,0,0,6,13,16,4,1743,1655
1842,0,side_green,88,1484.0,3.635,57,0,0,0,6,13,16,4,1743,1655
1843,1,side_yellow,89,1542.0,3.665,59,1,1,1,6,13,16,4,1744,1655
1844,1,side_yellow,89,1601.0,3.767,59,1,1,1,6,13,16,4,1744,1655
1845,1,side_yellow,90,1660.0,3.753,60,1,1,1,6,13,16,4,1745,1655
1846,2,main_green,86,1238.0,3.53,48,2,2,2,4,11,14,2,1745,1659
1847,2,main_green,85,877.0,3.852,37,2,2,2,2,9,12,0,1745,1660
1848,2,main_green,86,608.0,4.455,28,2,2,2,0,7,10,0,1746,1660
1849,2,main_green,93,441.0,4.887,27,2,2,2,0,5,8,0,1753,1660
1850,2,main_green,93,291.0,5.875,13,2,2,2,0,3,6,0,1753,1660
1851,2,main_green,93,155.0,6.939,7,2,2,2,0,1,4,0,1753,1660
1852,2,main_green,93,59.0,8.034,2,2,2,2,0,0,2,0,1753,1660
1853,2,main_green,94,0.0,8.739,2,2,2,2,0,0,0,0,1755,1661
1854,2,main_green,94,0.0,9.447,0,2,2,2,0,0,0,0,1755,1661
1855,2,main_green,94,0.0,9.984,0,2,2,2,0,0,0,0,1755,1661
1856,2,main_green,94,1.0,10.416,1,2,2,2,0,0,0,0,1755,1661
1857,2,main_green,95,2.0,10.777,2,2,2,2,0,0,0,0,1756,1661
1858,2,main_green,93,6.0,10.801,5,2,2,2,0,0,0,0,1757,1664
1859,2,main_green,91,12.0,10.827,6,2,2,2,0,0,0,0,1757,1666
1860,2,main_green,90,18.0,11.106,6,2,2,2,0,0,0,0,1757,1667
1861,2,main_green,97,24.0,10.41,13,2,2,2,0,0,0,0,1764,1667
1862,2,main_green,97,30.0,10.609,6,2,2,2,0,0,0,0,1764,1667
1863,2,main_green,98,36.0,10.697,7,2,2,2,0,0,0,0,1765,1667
1864,2,main_green,98,42.0,10.858,6,2,2,2,0,0,0,0,1765,1667
1865,2,main_green,99,48.0,10.866,7,2,2,2,0,0,0,0,1766,1667
1866,2,main_green,99,54.0,10.754,6,2,2,2,0,0,0,0,1766,1667
1867,2,main_green,99,60.0,10.784,6,2,2,2,0,0,0,0,1766,1667
1868,2,main_green,100,66.0,10.595,7,2,2,2,0,0,0,0,1767,1667
1869,2,main_green,101,73.0,10.476,8,2,2,2,0,0,0,0,1768,1667
1870,2,main_green,101,84.0,10.505,11,2,2,2,0,0,0,0,1768,1667
1871,2,main_green,101,96.0,10.552,12,2,2,2,0,0,0,0,1768,1667
1872,2,main_green,98,108.0,10.529,12,2,2,2,0,0,0,0,1768,1670
1873,2,main_green,104,120.0,9.845,19,2,2,2,0,0,0,0,1775,1671
1874,2,main_green,104,132.0,9.912,13,2,2,2,0,0,0,0,1776,1672
1875,2,main_green,103,144.0,10.109,12,2,2,2,0,0,0,0,1776,1673
1876,2,main_green,102,156.0,10.239,12,2,2,2,0,0,0,0,1776,1674
1877,2,main_green,99,168.0,10.13,13,2,2,2,0,0,0,0,1777,1678
1878,2,main_green,98,180.0,10.021,12,2,2,2,0,0,0,0,1777,1679
1879,2,main_green,97,192.0,9.73,13,2,2,2,0,0,0,0,1778,1681
1880,2,main_green,96,205.0,9.669,13,2,2,2,0,0,0,0,1778,1682
1881,2,main_green,95,221.0,9.493,17,2,2,2,0,0,0,0,1779,1684
1882,2,main_green,93,239.0,9.486,18,2,2,2,0,0,0,0,1779,1686
1883,2,main_green,91,257.0,9.522,18,2,2,2,0,0,0,0,1779,1688
1884,2,main_green,90,275.0,9.476,19,2,2,2,0,0,0,0,1780,1690
1885,2,main_green,95,293.0,8.748,25,2,2,2,0,0,0,0,1787,1692
1886,2,main_green,93,311.0,8.893,18,2,2,2,0,0,0,0,1787,1694
1887,2,main_green,93,329.0,9.106,18,2,2,2,0,0,0,0,1787,1694
1888,3,main_yellow,92,347.0,9.046,18,3,3,3,0,0,0,0,1787,1695
1889,3,main_yellow,94,365.0,8.804,20,3,3,3,0,0,0,0,1789,1695
1890,3,main_yellow,94,383.0,8.586,18,3,3,3,0,0,0,0,1789,1695
1891,0,side_green,93,66.0,8.601,7,0,0,0,1,0,0,0,1789,1696
1892,0,side_green,93,3.0,8.836,2,0,0,0,2,0,0,0,1789,1696
1893,0,side_green,94,8.0,9.036,6,0,0,0,3,0,0,1,1790,1696
1894,0,side_green,93,14.0,9.084,7,0,0,0,4,0,0,1,1791,1698
1895,0,side_green,93,22.0,9.538,8,0,0,0,4,0,0,1,1791,1698
1896,0,side_green,91,32.0,9.862,10,0,0,0,5,0,0,1,1791,1700
1897,0,side_green,98,43.0,9.36,18,0,0,0,5,0,1,1,1798,1700
1898,0,side_green,97,54.0,9.518,11,0,0,0,5,0,1,1,1798,1701
1899,0,side_green,97,66.0,9.41,13,0,0,0,5,1,1,1,1799,1702
1900,0,side_green,96,79.0,9.305,13,0,0,0,5,2,1,1,1799,1703
1901,0,side_green,97,94.0,8.977,16,0,0,0,5,3,2,1,1800,1703
1902,0,side_green,94,111.0,8.658,17,0,0,0,5,3,2,2,1800,1706
1903,0,side_green,94,129.0,8.322,18,0,0,0,5,4,2,2,1800,1706
1904,0,side_green,95,153.0,7.77,25,0,0,0,6,6,3,3,1801,1706
1905,0,side_green,96,178.0,7.359,26,0,0,0,6,7,3,3,1802,1706
1906,0,side_green,96,207.0,6.959,29,0,0,0,7,7,4,3,1802,1706
1907,0,side_green,96,236.0,6.68,29,0,0,0,7,7,4,3,1802,1706
1908,0,side_green,96,271.0,6.491,35,0,0,0,8,9,6,4,1802,1706
1909,0,side_green,97,310.0,5.367,46,0,0,0,8,11,7,4,1809,1712
1910,0,side_green,94,352.0,5.009,43,0,0,0,8,11,9,4,1810,1716
1911,0,side_green,91,394.0,4.756,43,0,0,0,8,11,10,4,1810,1719
1912,0,side_green,85,439.0,4.248,46,0,0,0,9,12,11,4,1810,1725
1913,0,side_green,83,488.0,4.005,50,0,0,0,9,13,12,4,1811,1728
1914,0,side_green,82,540.0,4.103,52,0,0,0,9,13,14,4,1811,1729
1915,0,side_green,82,592.0,4.17,53,0,0,0,9,13,14,4,1812,1730
1916,0,side_green,82,644.0,4.183,52,0,0,0,9,13,14,4,1812,1730
1917,0,side_green,83,696.0,4.146,53,0,0,0,9,13,14,4,1813,1730
1918,0,side_green,81,749.0,3.913,53,0,0,0,9,13,14,4,1813,1732
1919,0,side_green,80,802.0,3.698,53,0,0,0,9,13,14,4,1813,1733
1920,0,side_green,80,855.0,3.547,54,0,0,0,9,13,14,4,1814,1734
1921,0,side_green,86,910.0,3.224,62,0,0,0,9,13,14,4,1821,1735
1922,0,side_green,86,965.0,3.311,55,0,0,0,9,13,14,4,1821,1735
1923,0,side_green,86,1021.0,3.542,56,0,0,0,9,13,14,4,1821,1735
1924,0,side_green,86,1077.0,3.676,56,0,0,0,9,13,14,4,1821,1735
1925,0,side_green,88,1133.0,3.627,58,0,0,0,9,13,14,4,1823,1735
1926,0,side_green,88,1191.0,3.722,58,0,0,0,9,13,14,4,1823,1735
1927,0,side_green,88,1249.0,3.859,58,0,0,0,9,13,14,4,1823,1735
1928,0,side_green,87,1308.0,3.826,59,0,0,0,9,13,14,4,1823,1736
1929,0,side_green,88,1367.0,3.822,60,0,0,0,9,13,14,4,1824,1736
1930,0,side_green,86,1427.0,3.514,61,0,0,0,9,13,14,4,1825,1739
1931,0,side_green,85,1487.0,3.446,60,0,0,0,9,13,14,4,1825,1740
1932,0,side_green,85,1547.0,3.491,60,0,0,0,9,13,14,4,1825,1740
1933,1,side_yellow,91,1607.0,3.056,67,1,1,1,9,13,14,4,1832,1741
1934,1,side_yellow,91,1667.0,3.11,60,1,1,1,9,13,14,4,1832,1741
1935,1,side_yellow,91,1727.0,3.093,61,1,1,1,9,13,14,4,1833,1742
1936,2,main_green,91,1299.0,3.495,50,2,2,2,7,11,12,2,1833,1742
1937,2,main_green,92,925.0,3.915,39,2,2,2,5,9,10,0,1834,1742
1938,2,main_green,92,647.0,4.528,28,2,2,2,3,7,8,0,1834,1742
1939,2,main_green,92,403.0,5.116,19,2,2,2,1,5,6,0,1834,1742
1940,2,main_green,93,219.0,5.745,12,2,2,2,0,3,4,0,1835,1742
1941,2,main_green,94,94.0,6.599,10,2,2,2,0,1,2,0,1836,1742
1942,2,main_green,92,10.0,7.488,5,2,2,2,0,0,0,0,1836,1744
1943,2,main_green,90,16.0,8.349,6,2,2,2,0,0,0,0,1836,1746
1944,2,main_green,90,22.0,9.112,6,2,2,2,0,0,0,0,1836,1746
1945,2,main_green,96,28.0,9.086,13,2,2,2,0,0,0,0,1843,1747
1946,2,main_green,97,34.0,9.675,7,2,2,2,0,0,0,0,1844,1747
1947,2,main_green,97,40.0,10.253,6,2,2,2,0,0,0,0,1844,1747
1948,2,main_green,96,46.0,10.67,6,2,2,2,0,0,0,0,1844,1748
1949,2,main_green,97,52.0,10.779,7,2,2,2,0,0,0,0,1845,1748
1950,2,main_green,97,58.0,10.983,6,2,2,2,0,0,0,0,1845,1748
1951,2,main_green,98,64.0,10.813,7,2,2,2,0,0,0,0,1846,1748
1952,2,main_green,98,70.0,10.739,6,2,2,2,0,0,0,0,1846,1748
1953,2,main_green,99,76.0,10.562,7,2,2,2,0,0,0,0,1847,1748
1954,2,main_green,99,84.0,10.61,8,2,2,2,0,0,0,0,1847,1748
1955,2,main_green,99,95.0,10.504,11,2,2,2,0,0,0,0,1847,1748
1956,2,main_green,100,107.0,10.447,13,2,2,2,0,0,0,0,1848,1748
1957,2,main_green,107,119.0,9.797,19,2,2,2,0,0,0,0,1855,1748
1958,2,main_green,107,131.0,9.946,12,2,2,2,0,0,0,0,1855,1748
1959,2,main_green,107,143.0,10.12,12,2,2,2,0,0,0,0,1855,1748
1960,2,main_green,107,155.0,10.427,12,2,2,2,0,0,0,0,1855,1748
1961,2,main_green,109,167.0,10.194,14,2,2,2,0,0,0,0,1857,1748
1962,2,main_green,108,179.0,10.127,12,2,2,2,0,0,0,0,1857,1749
1963,2,main_green,105,191.0,9.931,12,2,2,2,0,0,0,0,1857,1752
1964,2,main_green,105,203.0,9.914,12,2,2,2,0,0,0,0,1857,1752
1965,2,main_green,103,217.0,9.793,15,2,2,2,0,0,0,0,1858,1755
1966,2,main_green,101,234.0,9.662,18,2,2,2,0,0,0,0,1859,1758
1967,2,main_green,101,252.0,9.725,18,2,2,2,0,0,0,0,1859,1758
1968,2,main_green,98,270.0,9.67,18,2,2,2,0,0,0,0,1859,1761
1969,2,main_green,105,288.0,9.058,25,2,2,2,0,0,0,0,1866,1761
1970,2,main_green,102,306.0,9.171,18,2,2,2,0,0,0,0,1866,1764
1971,2,main_green,102,324.0,9.287,19,2,2,2,0,0,0,0,1867,1765
1972,2,main_green,100,342.0,9.291,18,2,2,2,0,0,0,0,1867,1767
1973,2,main_green,99,360.0,9.219,19,2,2,2,0,0,0,0,1868,1769
1974,2,main_green,98,378.0,9.361,18,2,2,2,0,0,0,0,1868,1770
1975,2,main_green,96,396.0,9.212,18,2,2,2,0,0,0,0,1868,1772
1976,2,main_green,97,414.0,8.995,19,2,2,2,0,0,0,0,1869,1772
1977,2,main_green,97,434.0,8.836,21,2,2,2,0,0,0,0,1870,1773
1978,3,main_yellow,97,457.0,8.931,23,3,3,3,0,0,0,0,1870,1773
1979,3,main_yellow,97,481.0,9.006,24,3,3,3,0,0,0,0,1870,1773
1980,3,main_yellow,95,505.0,8.878,24,3,3,3,0,0,0,0,1870,1775
1981,0,side_green,102,122.0,8.409,19,0,0,0,0,0,0,0,1877,1775
1982,0,side_green,103,0.0,8.798,1,0,0,0,0,0,0,0,1878,1775
1983,0,side_green,103,2.0,9.169,2,0,0,0,2,0,0,0,1878,1775
1984,0,side_green,103,4.0,9.522,2,0,0,0,2,0,0,0,1878,1775
1985,0,side_green,102,7.0,9.619,4,0,0,0,3,0,0,0,1879,1777
1986,0,side_green,101,13.0,10.009,6,0,0,0,3,0,1,0,1879,1778
1987,0,side_green,101,22.0,10.191,10,0,0,0,4,1,1,1,1880,1779
1988,0,side_green,101,32.0,10.427,10,0,0,0,4,2,1,1,1880,1779
1989,0,side_green,100,42.0,10.15,11,0,0,0,4,2,1,1,1881,1781
1990,0,side_green,99,54.0,9.827,12,0,0,0,4,2,1,2,1881,1782
1991,0,side_green,97,66.0,9.391,12,0,0,0,4,2,1,2,1881,1784
1992,0,side_green,98,82.0,8.911,17,0,0,0,4,3,3,2,1882,1784
1993,0,side_green,103,100.0,7.805,25,0,0,0,4,4,3,2,1889,1786
1994,0,side_green,103,120.0,7.599,20,0,0,0,4,5,4,2,1889,1786
1995,0,side_green,103,142.0,7.479,22,0,0,0,6,5,4,2,1889,1786
1996,0,side_green,103,169.0,7.303,27,0,0,0,6,7,5,3,1889,1786
1997,0,side_green,104,199.0,6.887,32,0,0,0,6,8,6,3,1891,1787
1998,0,side_green,104,232.0,6.824,33,0,0,0,7,9,7,3,1891,1787
1999,0,side_green,99,267.0,6.386,35,0,0,0,7,11,7,3,1891,1792
2000,0,side_green,95,305.0,5.779,38,0,0,0,7,12,8,3,1891,1796
2001,0,side_green,90,345.0,5.112,41,0,0,0,7,12,10,3,1892,1802
2002,0,side_green,86,388.0,4.603,44,0,0,0,7,13,11,4,1893,1807
2003,0,side_green,84,435.0,4.474,47,0,0,0,8,14,12,4,1893,1809
2004,0,side_green,80,485.0,3.999,50,0,0,0,8,14,13,4,1893,1813
2005,0,side_green,84,537.0,3.365,59,0,0,0,8,14,15,4,1900,1816
2006,0,side_green,84,589.0,3.57,52,0,0,0,8,14,15,4,1900,1816
2007,0,side_green,85,641.0,3.724,53,0,0,0,8,14,15,4,1901,1816
2008,0,side_green,84,694.0,3.839,53,0,0,0,8,14,15,4,1901,1817
2009,0,side_green,85,747.0,3.929,54,0,0,0,8,14,15,4,1902,1817
2010,0,side_green,84,800.0,4.007,53,0,0,0,8,14,15,4,1902,1818
2011,0,side_green,84,853.0,4.164,53,0,0,0,8,14,15,4,1902,1818
2012,0,side_green,85,907.0,4.134,55,0,0,0,8,14,15,4,1903,1818
2013,0,side_green,86,961.0,4.154,55,0,0,0,8,14,15,4,1904,1818
2014,0,side_green,86,1016.0,4.156,55,0,0,0,8,14,15,4,1904,1818
2015,0,side_green,84,1071.0,3.817,55,0,0,0,8,14,15,4,1904,1820
2016,0,side_green,83,1127.0,3.672,56,0,0,0,8,14,15,4,1904,1821
2017,0,side_green,88,1183.0,3.142,63,0,0,0,8,14,15,4,1911,1823
2018,0,side_green,88,1240.0,3.12,58,0,0,0,8,14,15,4,1912,1824
2019,0,side_green,88,1298.0,3.227,58,0,0,0,8,14,15,4,1912,1824
2020,0,side_green,88,1357.0,3.368,59,0,0,0,8,14,15,4,1912,1824
2021,0,side_green,89,1416.0,3.419,60,0,0,0,8,14,15,4,1913,1824
2022,0,side_green,89,1476.0,3.588,60,0,0,0,8,14,15,4,1913,1824
2023,1,side_yellow,90,1537.0,3.691,62,1,1,1,8,14,15,4,1914,1824
2024,1,side_yellow,90,1598.0,3.74,61,1,1,1,8,14,15,4,1914,1824
2025,1,side_yellow,91,1660.0,3.672,63,1,1,1,8,14,15,4,1915,1824
2026,2,main_green,88,1248.0,3.607,50,2,2,2,6,12,13,2,1915,1827
2027,2,main_green,88,893.0,4.107,38,2,2,2,4,10,11,0,1915,1827
2028,2,main_green,88,634.0,4.583,30,2,2,2,2,8,9,0,1916,1828
2029,2,main_green,95,416.0,5.035,27,2,2,2,0,6,7,0,1923,1828
2030,2,main_green,94,275.0,6.047,12,2,2,2,0,4,5,0,1923,1829
2031,2,main_green,94,148.0,7.061,6,2,2,2,0,2,3,0,1923,1829
2032,2,main_green,93,28.0,8.199,1,2,2,2,0,0,1,0,1923,1830
2033,2,main_green,95,0.0,9.019,2,2,2,2,0,0,0,0,1925,1830
2034,2,main_green,95,0.0,9.674,0,2,2,2,0,0,0,0,1925,1830
2035,2,main_green,95,0.0,10.23,0,2,2,2,0,0,0,0,1925,1830
2036,2,main_green,95,1.0,10.561,1,2,2,2,0,0,0,0,1925,1830
2037,2,main_green,96,4.0,10.673,4,2,2,2,0,0,0,0,1926,1830
2038,2,main_green,93,9.0,10.785,6,2,2,2,0,0,0,0,1927,1834
2039,2,main_green,92,15.0,10.98,6,2,2,2,0,0,0,0,1927,1835
2040,2,main_green,91,21.0,11.095,6,2,2,2,0,0,0,0,1927,1836
2041,2,main_green,98,27.0,10.314,13,2,2,2,0,0,0,0,1934,1836
2042,2,main_green,98,33.0,10.559,6,2,2,2,0,0,0,0,1934,1836
2043,2,main_green,99,39.0,10.669,7,2,2,2,0,0,0,0,1935,1836
2044,2,main_green,99,45.0,10.807,6,2,2,2,0,0,0,0,1935,1836
2045,2,main_green,100,51.0,10.718,7,2,2,2,0,0,0,0,1936,1836
2046,2,main_green,100,57.0,10.84,6,2,2,2,0,0,0,0,1936,1836
2047,2,main_green,100,63.0,10.73,6,2,2,2,0,0,0,0,1936,1836
2048,2,main_green,101,69.0,10.459,7,2,2,2,0,0,0,0,1937,1836
2049,2,main_green,102,76.0,10.36,8,2,2,2,0,0,0,0,1938,1836
2050,2,main_green,102,86.0,10.36,10,2,2,2,0,0,0,0,1938,1836
2051,2,main_green,102,98.0,10.466,12,2,2,2,0,0,0,0,1938,1836
2052,2,main_green,99,110.0,10.459,12,2,2,2,0,0,0,0,1938,1839
2053,2,main_green,106,122.0,9.867,19,2,2,2,0,0,0,0,1945,1839
2054,2,main_green,106,134.0,9.903,13,2,2,2,0,0,0,0,1946,1840
2055,2,main_green,104,146.0,10.023,12,2,2,2,0,0,0,0,1946,1842
2056,2,main_green,104,158.0,10.206,12,2,2,2,0,0,0,0,1946,1842
2057,2,main_green,102,170.0,10.037,13,2,2,2,0,0,0,0,1947,1845
2058,2,main_green,100,182.0,9.874,12,2,2,2,0,0,0,0,1947,1847
2059,2,main_green,99,194.0,9.743,13,2,2,2,0,0,0,0,1948,1849
2060,2,main_green,96,208.0,9.704,14,2,2,2,0,0,0,0,1948,1852
2061,2,main_green,96,224.0,9.628,17,2,2,2,0,0,0,0,1949,1853
2062,2,main_green,94,241.0,9.509,17,2,2,2,0,0,0,0,1949,1855
2063,2,main_green,93,259.0,9.606,18,2,2,2,0,0,0,0,1949,1856
2064,2,main_green,92,277.0,9.533,19,2,2,2,0,0,0,0,1950,1858
2065,2,main_green,97,295.0,8.857,25,2,2,2,0,0,0,0,1957,1860
2066,2,main_green,95,313.0,9.006,18,2,2,2,0,0,0,0,1957,1862
2067,2,main_green,94,331.0,9.225,18,2,2,2,0,0,0,0,1957,1863
2068,3,main_yellow,93,349.0,9.296,18,3,3,3,0,0,0,0,1957,1864
2069,3,main_yellow,94,367.0,8.964,20,3,3,3,0,0,0,0,1959,1865
2070,3,main_yellow,94,386.0,8.802,19,3,3,3,1,0,0,0,1959,1865
2071,0,side_green,94,68.0,8.76,8,0,0,0,2,0,0,0,1959,1865
2072,0,side_green,94,5.0,9.094,2,0,0,0,2,0,0,0,1959,1865
2073,0,side_green,95,9.0,9.265,5,0,0,0,3,0,0,0,1960,1865
2074,0,side_green,94,15.0,9.419,7,0,0,0,4,0,0,1,1961,1867
2075,0,side_green,93,22.0,9.712,7,0,0,0,4,0,1,1,1961,1868
2076,0,side_green,92,30.0,10.036,8,0,0,0,5,0,1,1,1961,1869
2077,0,side_green,97,40.0,9.32,17,0,0,0,5,0,1,2,1968,1871
2078,0,side_green,96,51.0,9.255,11,0,0,0,5,0,1,2,1968,1872
2079,0,side_green,96,62.0,8.994,12,0,0,0,5,0,1,2,1969,1873
2080,0,side_green,96,76.0,8.919,14,0,0,0,5,0,3,2,1969,1873
2081,0,side_green,95,91.0,8.777,16,0,0,0,5,1,3,2,1970,1875
2082,0,side_green,94,111.0,8.562,20,0,0,0,6,2,5,3,1970,1876
2083,0,side_green,94,133.0,8.497,22,0,0,0,6,3,5,3,1970,1876
2084,0,side_green,94,158.0,8.097,26,0,0,0,6,4,7,3,1971,1877
2085,0,side_green,95,185.0,7.83,28,0,0,0,7,5,7,3,1972,1877
2086,0,side_green,95,214.0,7.564,29,0,0,0,7,5,7,3,1972,1877
2087,0,side_green,95,245.0,7.372,31,0,0,0,8,6,7,3,1972,1877
2088,0,side_green,95,279.0,7.288,34,0,0,0,8,7,7,4,1972,1877
2089,0,side_green,95,314.0,6.084,42,0,0,0,9,7,7,4,1979,1884
2090,0,side_green,93,350.0,5.692,37,0,0,0,9,8,7,4,1980,1887
2091,0,side_green,87,390.0,5.024,40,0,0,0,9,10,8,4,1980,1893
2092,0,side_green,82,431.0,4.492,41,0,0,0,9,11,8,4,1980,1898
2093,0,side_green,82,475.0,4.233,45,0,0,0,9,12,10,4,1981,1899
2094,0,side_green,82,521.0,4.373,46,0,0,0,9,12,10,5,1981,1899
2095,0,side_green,81,571.0,4.197,51,0,0,0,9,13,12,5,1982,1901
2096,0,side_green,81,623.0,4.253,52,0,0,0,9,13,13,5,1982,1901
2097,0,side_green,82,675.0,4.3,53,0,0,0,9,13,13,5,1983,1901
2098,0,side_green,78,727.0,3.896,52,0,0,0,9,13,13,5,1983,1905
2099,0,side_green,77,779.0,3.758,52,0,0,0,9,13,13,5,1983,1906
2100,0,side_green,77,831.0,3.516,53,0,0,0,9,13,13,5,1984,1907
2101,0,side_green,84,884.0,3.236,60,0,0,0,9,13,13,5,1991,1907
2102,0,side_green,84,937.0,3.311,53,0,0,0,9,13,13,5,1991,1907
2103,0,side_green,84,991.0,3.462,54,0,0,0,9,13,13,5,1991,1907
2104,0,side_green,84,1046.0,3.585,55,0,0,0,9,13,13,5,1991,1907
2105,0,side_green,86,1101.0,3.558,57,0,0,0,9,13,13,5,1993,1907
2106,0,side_green,86,1156.0,3.745,55,0,0,0,9,13,13,5,1993,1907
2107,0,side_green,86,1213.0,3.907,57,0,0,0,9,13,13,5,1993,1907
2108,0,side_green,86,1270.0,3.987,57,0,0,0,9,13,13,5,1993,1907
2109,0,side_green,87,1327.0,3.968,58,0,0,0,9,13,13,5,1994,1907
2110,0,side_green,84,1385.0,3.441,59,0,0,0,9,13,13,5,1995,1911
2111,0,side_green,83,1443.0,3.335,58,0,0,0,9,13,13,5,1995,1912
2112,0,side_green,82,1501.0,3.214,58,0,0,0,9,13,13,5,1995,1913
2113,1,side_yellow,89,1560.0,2.916,66,1,1,1,9,13,13,5,2002,1913
2114,1,side_yellow,89,1619.0,3.0,59,1,1,1,9,13,13,5,2002,1913
2115,1,side_yellow,90,1679.0,3.079,61,1,1,1,9,13,13,5,2003,1913
2116,2,main_green,90,1257.0,3.466,49,2,2,2,7,11,11,3,2003,1913
2117,2,main_green,91,881.0,3.97,39,2,2,2,5,9,9,1,2004,1913
2118,2,main_green,91,583.0,4.644,27,2,2,2,3,7,7,0,2004,1913
2119,2,main_green,91,346.0,5.282,17,2,2,2,1,5,5,0,2004,1913
2120,2,main_green,92,179.0,6.043,10,2,2,2,0,3,3,0,2005,1913
2121,2,main_green,93,61.0,6.867,6,2,2,2,0,1,1,0,2006,1913
2122,2,main_green,91,7.0,7.696,5,2,2,2,0,0,0,0,2006,1915
2123,2,main_green,89,12.0,8.529,5,2,2,2,0,0,0,0,2006,1917
2124,2,main_green,89,18.0,9.437,6,2,2,2,0,0,0,0,2006,1917
2125,2,main_green,96,24.0,9.397,13,2,2,2,0,0,0,0,2013,1917
2126,2,main_green,96,30.0,9.88,7,2,2,2,0,0,0,0,2014,1918
2127,2,main_green,96,36.0,10.373,6,2,2,2,0,0,0,0,2014,1918
2128,2,main_green,96,42.0,10.733,6,2,2,2,0,0,0,0,2014,1918
2129,2,main_green,96,48.0,10.982,7,2,2,2,0,0,0,0,2015,1919
2130,2,main_green,96,54.0,11.007,6,2,2,2,0,0,0,0,2015,1919
2131,2,main_green,97,60.0,10.937,7,2,2,2,0,0,0,0,2016,1919
2132,2,main_green,97,66.0,10.892,6,2,2,2,0,0,0,0,2016,1919
2133,2,main_green,98,74.0,10.611,9,2,2,2,0,0,0,0,2017,1919
2134,2,main_green,98,84.0,10.66,10,2,2,2,0,0,0,0,2017,1919
2135,2,main_green,98,96.0,10.61,12,2,2,2,0,0,0,0,2017,1919
2136,2,main_green,99,108.0,10.543,13,2,2,2,0,0,0,0,2018,1919
2137,2,main_green,106,120.0,9.958,19,2,2,2,0,0,0,0,2025,1919
2138,2,main_green,106,132.0,10.173,12,2,2,2,0,0,0,0,2025,1919
2139,2,main_green,106,144.0,10.374,12,2,2,2,0,0,0,0,2025,1919
2140,2,main_green,106,156.0,10.539,12,2,2,2,0,0,0,0,2025,1919
2141,2,main_green,108,168.0,10.35,14,2,2,2,0,0,0,0,2027,1919
2142,2,main_green,105,180.0,10.273,12,2,2,2,0,0,0,0,2027,1922
2143,2,main_green,105,192.0,10.256,12,2,2,2,0,0,0,0,2027,1922
2144,2,main_green,103,206.0,10.199,14,2,2,2,0,0,0,0,2027,1924
2145,2,main_green,104,222.0,10.03,17,2,2,2,0,0,0,0,2028,1924
2146,2,main_green,102,239.0,9.897,18,2,2,2,0,0,0,0,2029,1927
2147,2,main_green,101,257.0,9.859,18,2,2,2,0,0,0,0,2029,1928
2148,2,main_green,99,275.0,9.985,18,2,2,2,0,0,0,0,2029,1930
2149,2,main_green,104,293.0,9.343,25,2,2,2,0,0,0,0,2036,1932
2150,2,main_green,103,311.0,9.525,18,2,2,2,0,0,0,0,2036,1933
2151,2,main_green,102,329.0,9.473,19,2,2,2,0,0,0,0,2037,1935
2152,2,main_green,99,347.0,9.493,18,2,2,2,0,0,0,0,2037,1938
2153,2,main_green,99,365.0,9.349,19,2,2,2,0,0,0,0,2038,1939
2154,2,main_green,98,383.0,9.354,18,2,2,2,0,0,0,0,2038,1940
2155,2,main_green,97,401.0,9.26,18,2,2,2,0,0,0,0,2038,1941
2156,2,main_green,97,420.0,9.141,20,2,2,2,0,0,0,0,2039,1942
2157,2,main_green,95,442.0,9.013,23,2,2,2,0,0,0,0,2040,1945
2158,3,main_yellow,95,465.0,9.043,23,3,3,3,0,0,0,0,2040,1945
2159,3,main_yellow,95,489.0,9.007,24,3,3,3,0,0,0,0,2040,1945
2160,3,main_yellow,95,513.0,8.896,24,3,3,3,0,0,0,0,2040,1945
2161,0,side_green,102,130.0,8.444,20,0,0,0,1,0,0,0,2047,1945
2162,0,side_green,103,2.0,8.75,2,0,0,0,1,0,0,0,2048,1945
2163,0,side_green,103,4.0,9.164,2,0,0,0,2,0,0,0,2048,1945
2164,0,side_green,101,8.0,9.441,4,0,0,0,2,0,0,1,2048,1947
2165,0,side_green,102,13.0,9.611,6,0,0,0,2,0,0,1,2049,1947
2166,0,side_green,102,18.0,9.766,5,0,0,0,2,0,0,1,2049,1947
2167,0,side_green,101,27.0,9.763,10,0,0,0,3,1,2,1,2050,1949
2168,0,side_green,100,36.0,9.785,9,0,0,0,3,1,2,1,2050,1950
2169,0,side_green,99,47.0,9.414,12,0,0,0,3,3,2,1,2051,1952
2170,0,side_green,98,61.0,9.099,14,0,0,0,3,3,4,1,2051,1953
2171,0,side_green,97,79.0,8.913,18,0,0,0,3,4,6,1,2051,1954
2172,0,side_green,97,100.0,8.467,22,0,0,0,4,5,6,2,2052,1955
2173,0,side_green,103,122.0,7.573,29,0,0,0,4,5,7,2,2059,1956
2174,0,side_green,102,148.0,7.368,26,0,0,0,4,7,9,2,2059,1957
2175,0,side_green,101,177.0,7.208,29,0,0,0,5,7,9,3,2059,1958
2176,0,side_green,100,208.0,6.825,31,0,0,0,5,8,9,3,2059,1959
2177,0,side_green,102,243.0,6.415,37,0,0,0,5,10,10,3,2061,1959
2178,0,side_green,102,280.0,6.375,37,0,0,0,6,10,10,3,2061,1959
2179,0,side_green,96,321.0,5.948,41,0,0,0,6,12,12,3,2061,1965
2180,0,side_green,93,365.0,5.765,44,0,0,0,6,12,13,4,2061,1968
2181,0,side_green,90,411.0,5.315,47,0,0,0,6,12,15,4,2062,1972
2182,0,side_green,86,455.0,4.814,46,0,0,0,6,12,14,4,2063,1977
2183,0,side_green,81,501.0,4.38,46,0,0,0,6,12,15,4,2063,1982
2184,0,side_green,80,550.0,4.262,49,0,0,0,7,12,15,4,2063,1983
2185,0,side_green,85,600.0,3.672,57,0,0,0,7,12,15,5,2070,1985
2186,0,side_green,83,651.0,3.647,51,0,0,0,7,12,16,5,2070,1987
2187,0,side_green,84,703.0,3.753,53,0,0,0,7,12,16,5,2071,1987
2188,0,side_green,83,755.0,3.776,52,0,0,0,7,12,16,5,2071,1988
2189,0,side_green,84,808.0,3.918,54,0,0,0,7,12,16,5,2072,1988
2190,0,side_green,83,861.0,3.96,53,0,0,0,7,12,16,5,2072,1989
2191,0,side_green,83,914.0,4.076,53,0,0,0,7,12,16,5,2072,1989
2192,0,side_green,84,968.0,4.042,55,0,0,0,7,12,16,5,2073,1989
2193,0,side_green,85,1023.0,4.03,56,0,0,0,7,12,16,5,2074,1989
2194,0,side_green,84,1078.0,3.956,55,0,0,0,7,12,16,5,2074,1990
2195,0,side_green,83,1134.0,3.881,56,0,0,0,7,12,16,5,2074,1991
2196,0,side_green,80,1190.0,3.548,56,0,0,0,7,12,16,5,2074,1994
2197,0,side_green,87,1246.0,3.232,63,0,0,0,7,12,16,5,2081,1994
2198,0,side_green,88,1302.0,3.353,57,0,0,0,7,12,16,5,2082,1994
2199,0,side_green,88,1358.0,3.426,56,0,0,0,7,12,16,5,2082,1994
2200,0,side_green,88,1415.0,3.513,57,0,0,0,7,12,16,5,2082,1994
2201,0,side_green,89,1474.0,3.614,60,0,0,0,7,12,16,5,2083,1994
2202,0,side_green,89,1534.0,3.695,60,0,0,0,7,12,16,5,2083,1994
2203,1,side_yellow,89,1594.0,3.814,61,1,1,1,7,12,16,5,2084,1995
2204,1,side_yellow,89,1654.0,3.818,60,1,1,1,7,12,16,5,2084,1995
2205,1,side_yellow,90,1714.0,3.783,61,1,1,1,7,12,16,5,2085,1995
2206,2,main_green,86,1290.0,3.534,48,2,2,2,5,10,14,3,2085,1999
2207,2,main_green,85,924.0,3.881,37,2,2,2,3,8,12,1,2085,2000
2208,2,main_green,85,626.0,4.38,29,2,2,2,1,6,10,0,2086,2001
2209,2,main_green,92,418.0,4.82,26,2,2,2,0,4,8,0,2093,2001
2210,2,main_green,92,261.0,5.881,11,2,2,2,0,2,6,0,2093,2001
2211,2,main_green,92,125.0,6.995,6,2,2,2,0,0,4,0,2093,2001
2212,2,main_green,92,65.0,8.15,3,2,2,2,0,0,2,0,2093,2001
2213,2,main_green,94,6.0,8.796,3,2,2,2,0,0,0,0,2095,2001
2214,2,main_green,94,7.0,9.527,1,2,2,2,0,0,0,0,2095,2001
2215,2,main_green,94,8.0,10.118,1,2,2,2,0,0,0,0,2095,2001
2216,2,main_green,94,9.0,10.556,1,2,2,2,0,0,0,0,2095,2001
2217,2,main_green,95,13.0,10.938,5,2,2,2,0,0,0,0,2096,2001
2218,2,main_green,92,20.0,10.956,8,2,2,2,0,0,0,0,2097,2005
2219,2,main_green,91,27.0,11.257,7,2,2,2,0,0,0,0,2097,2006
2220,2,main_green,91,34.0,11.472,7,2,2,2,0,0,0,0,2097,2006
2221,2,main_green,98,41.0,10.773,14,2,2,2,0,0,0,0,2104,2006
2222,2,main_green,98,48.0,10.849,7,2,2,2,0,0,0,0,2104,2006
2223,2,main_green,99,55.0,10.894,8,2,2,2,0,0,0,0,2105,2006
2224,2,main_green,99,62.0,11.016,7,2,2,2,0,0,0,0,2105,2006
2225,2,main_green,100,69.0,11.068,8,2,2,2,0,0,0,0,2106,2006
2226,2,main_green,100,76.0,11.142,7,2,2,2,0,0,0,0,2106,2006
2227,2,main_green,100,83.0,11.039,7,2,2,2,0,0,0,0,2106,2006
2228,2,main_green,101,90.0,10.858,8,2,2,2,0,0,0,0,2107,2006
2229,2,main_green,102,100.0,10.673,11,2,2,2,0,0,0,0,2108,2006
2230,2,main_green,102,112.0,10.776,12,2,2,2,0,0,0,0,2108,2006
2231,2,main_green,102,124.0,10.784,12,2,2,2,0,0,0,0,2108,2006
2232,2,main_green,99,137.0,10.786,13,2,2,2,0,0,0,0,2108,2009
2233,2,main_green,106,150.0,10.192,20,2,2,2,0,0,0,0,2115,2009
2234,2,main_green,103,163.0,10.103,14,2,2,2,0,0,0,0,2116,2013
2235,2,main_green,103,176.0,10.301,13,2,2,2,0,0,0,0,2116,2013
2236,2,main_green,99,189.0,10.346,13,2,2,2,0,0,0,0,2116,2017
2237,2,main_green,99,202.0,10.257,14,2,2,2,0,0,0,0,2117,2018
2238,2,main_green,96,215.0,10.235,13,2,2,2,0,0,0,0,2117,2021
2239,2,main_green,96,228.0,10.01,14,2,2,2,0,0,0,0,2118,2022
2240,2,main_green,94,241.0,9.833,13,2,2,2,0,0,0,0,2118,2024
2241,2,main_green,94,255.0,9.747,15,2,2,2,0,0,0,0,2119,2025
2242,2,main_green,93,273.0,9.766,18,2,2,2,0,0,0,0,2119,2026
2243,2,main_green,92,292.0,9.748,19,2,2,2,0,0,0,0,2119,2027
2244,2,main_green,90,311.0,9.582,20,2,2,2,0,0,0,0,2120,2030
2245,2,main_green,97,330.0,9.026,26,2,2,2,0,0,0,0,2127,2030
2246,2,main_green,95,349.0,9.176,19,2,2,2,0,0,0,0,2127,2032
2247,2,main_green,94,368.0,9.292,19,2,2,2,0,0,0,0,2127,2033
2248,3,main_yellow,93,387.0,9.337,19,3,3,3,0,0,0,0,2127,2034
2249,3,main_yellow,95,406.0,9.073,21,3,3,3,0,0,0,0,2129,2034
2250,3,main_yellow,95,425.0,9.065,19,3,3,3,0,0,0,0,2129,2034
2251,0,side_green,95,83.0,9.247,7,0,0,0,0,0,0,0,2129,2034
2252,0,side_green,95,0.0,9.45,0,0,0,0,0,0,0,0,2129,2034
2253,0,side_green,96,2.0,9.631,3,0,0,0,1,0,0,0,2130,2034
2254,0,side_green,97,5.0,9.854,4,0,0,0,1,0,0,1,2131,2034
2255,0,side_green,95,8.0,10.137,3,0,0,0,1,0,0,1,2131,2036
2256,0,side_green,95,11.0,10.368,3,0,0,0,1,0,0,1,2131,2036
2257,0,side_green,100,18.0,9.676,14,0,0,0,2,1,1,1,2138,2038
2258,0,side_green,99,26.0,9.747,8,0,0,0,2,1,1,2,2138,2039
2259,0,side_green,98,36.0,9.462,11,0,0,0,2,1,2,2,2139,2041
2260,0,side_green,97,47.0,9.217,11,0,0,0,2,2,2,2,2139,2042
2261,0,side_green,96,60.0,8.779,14,0,0,0,3,3,2,2,2140,2044
2262,0,side_green,95,76.0,8.416,16,0,0,0,3,3,4,2,2140,2045
2263,0,side_green,95,95.0,7.881,19,0,0,0,4,4,5,2,2140,2045
2264,0,side_green,95,117.0,7.305,23,0,0,0,4,5,6,3,2141,2046
2265,0,side_green,96,142.0,6.861,26,0,0,0,4,6,8,3,2142,2046
2266,0,side_green,96,170.0,6.571,28,0,0,0,4,8,8,3,2142,2046
2267,0,side_green,96,203.0,6.398,33,0,0,0,5,10,9,3,2142,2046
2268,0,side_green,96,241.0,6.328,38,0,0,0,5,10,12,4,2142,2046
2269,0,side_green,98,282.0,5.333,48,0,0,0,5,11,13,4,2149,2051
2270,0,side_green,94,326.0,4.924,45,0,0,0,6,12,14,4,2150,2056
2271,0,side_green,91,372.0,4.78,46,0,0,0,6,13,14,4,2150,2059
2272,0,side_green,85,421.0,4.355,49,0,0,0,6,13,15,5,2150,2065
2273,0,side_green,83,471.0,4.175,51,0,0,0,6,13,16,5,2151,2068
2274,0,side_green,81,521.0,4.149,50,0,0,0,6,13,16,5,2151,2070
2275,0,side_green,82,571.0,4.251,51,0,0,0,6,13,16,5,2152,2070
2276,0,side_green,81,621.0,4.238,50,0,0,0,6,13,16,5,2152,2071
2277,0,side_green,82,673.0,4.259,53,0,0,0,6,13,16,5,2153,2071
2278,0,side_green,79,725.0,3.86,52,0,0,0,6,13,16,5,2153,2074
2279,0,side_green,78,777.0,3.716,52,0,0,0,6,13,16,5,2153,2075
2280,0,side_green,79,830.0,3.67,54,0,0,0,6,13,16,5,2154,2075
2281,0,side_green,86,884.0,3.373,61,0,0,0,6,13,16,5,2161,2075
2282,0,side_green,86,938.0,3.506,54,0,0,0,6,13,16,5,2161,2075
2283,0,side_green,86,992.0,3.713,54,0,0,0,6,13,16,5,2161,2075
2284,0,side_green,85,1047.0,3.747,55,0,0,0,6,13,16,5,2161,2076
2285,0,side_green,86,1102.0,3.669,57,0,0,0,6,13,16,5,2163,2077
2286,0,side_green,86,1157.0,3.75,55,0,0,0,6,13,16,5,2163,2077
2287,0,side_green,86,1214.0,3.887,57,0,0,0,6,13,16,5,2163,2077
2288,0,side_green,86,1271.0,3.955,57,0,0,0,6,13,16,5,2163,2077
2289,0,side_green,87,1328.0,3.82,58,0,0,0,6,13,16,5,2164,2077
2290,0,side_green,86,1386.0,3.588,59,0,0,0,6,13,16,5,2165,2079
2291,0,side_green,84,1445.0,3.455,59,0,0,0,6,13,16,5,2165,2081
2292,0,side_green,82,1504.0,3.309,59,0,0,0,6,13,16,5,2165,2083
2293,1,side_yellow,89,1563.0,3.018,66,1,1,1,6,13,16,5,2172,2083
2294,1,side_yellow,89,1622.0,3.199,59,1,1,1,6,13,16,5,2172,2083
2295,1,side_yellow,90,1682.0,3.294,61,1,1,1,6,13,16,5,2173,2083
2296,2,main_green,90,1265.0,3.661,49,2,2,2,4,11,14,3,2173,2083
2297,2,main_green,91,915.0,4.044,38,2,2,2,2,9,12,1,2174,2083
2298,2,main_green,91,626.0,4.521,26,2,2,2,0,7,10,0,2174,2083
2299,2,main_green,91,451.0,5.155,18,2,2,2,0,5,8,0,2174,2083
2300,2,main_green,92,297.0,5.907,13,2,2,2,0,3,6,0,2175,2083
2301,2,main_green,93,161.0,6.749,10,2,2,2,0,1,4,0,2176,2083
2302,2,main_green,88,68.0,7.419,5,2,2,2,0,0,2,0,2176,2088
2303,2,main_green,88,40.0,8.385,5,2,2,2,0,0,1,0,2176,2088
2304,2,main_green,88,15.0,9.205,6,2,2,2,0,0,0,0,2176,2088
2305,2,main_green,95,21.0,9.177,13,2,2,2,0,0,0,0,2183,2088
2306,2,main_green,95,27.0,9.767,7,2,2,2,0,0,0,0,2184,2089
2307,2,main_green,95,33.0,10.297,6,2,2,2,0,0,0,0,2184,2089
2308,2,main_green,95,39.0,10.666,6,2,2,2,0,0,0,0,2184,2089
2309,2,main_green,96,45.0,10.817,7,2,2,2,0,0,0,0,2185,2089
2310,2,main_green,96,51.0,11.063,6,2,2,2,0,0,0,0,2185,2089
2311,2,main_green,97,57.0,11.052,7,2,2,2,0,0,0,0,2186,2089
2312,2,main_green,97,63.0,10.956,6,2,2,2,0,0,0,0,2186,2089
2313,2,main_green,98,71.0,10.849,9,2,2,2,0,0,0,0,2187,2089
2314,2,main_green,98,80.0,10.761,9,2,2,2,0,0,0,0,2187,2089
2315,2,main_green,98,91.0,10.77,11,2,2,2,0,0,0,0,2187,2089
2316,2,main_green,99,103.0,10.68,13,2,2,2,0,0,0,0,2188,2089
2317,2,main_green,106,115.0,10.027,19,2,2,2,0,0,0,0,2195,2089
2318,2,main_green,106,127.0,10.268,12,2,2,2,0,0,0,0,2195,2089
2319,2,main_green,106,139.0,10.361,12,2,2,2,0,0,0,0,2195,2089
2320,2,main_green,106,151.0,10.599,12,2,2,2,0,0,0,0,2195,2089
2321,2,main_green,108,163.0,10.439,14,2,2,2,0,0,0,0,2197,2089
2322,2,main_green,104,175.0,10.373,12,2,2,2,0,0,0,0,2197,2093
2323,2,main_green,103,187.0,10.361,12,2,2,2,0,0,0,0,2197,2094
2324,2,main_green,103,202.0,10.244,15,2,2,2,0,0,0,0,2197,2094
2325,2,main_green,103,218.0,10.11,17,2,2,2,0,0,0,0,2198,2095
2326,2,main_green,102,235.0,10.04,18,2,2,2,0,0,0,0,2199,2097
2327,2,main_green,100,252.0,9.943,17,2,2,2,0,0,0,0,2199,2099
2328,2,main_green,99,270.0,9.936,18,2,2,2,0,0,0,0,2199,2100
2329,2,main_green,103,288.0,9.348,25,2,2,2,0,0,0,0,2206,2103
2330,2,main_green,101,306.0,9.371,18,2,2,2,0,0,0,0,2206,2105
2331,2,main_green,100,324.0,9.396,19,2,2,2,0,0,0,0,2207,2107
2332,2,main_green,97,342.0,9.495,18,2,2,2,0,0,0,0,2207,2110
2333,2,main_green,96,360.0,9.527,19,2,2,2,0,0,0,0,2208,2112
2334,2,main_green,94,378.0,9.556,18,2,2,2,0,0,0,0,2208,2114
2335,2,main_green,92,396.0,9.36,18,2,2,2,0,0,0,0,2208,2116
2336,2,main_green,92,414.0,9.146,19,2,2,2,0,0,0,0,2209,2117
2337,2,main_green,92,434.0,8.943,21,2,2,2,0,0,0,0,2210,2118
2338,3,main_yellow,92,456.0,9.067,22,3,3,3,0,0,0,0,2210,2118
2339,3,main_yellow,92,479.0,8.906,23,3,3,3,0,0,0,0,2210,2118
2340,3,main_yellow,92,503.0,8.851,24,3,3,3,0,0,0,0,2210,2118
2341,0,side_green,99,126.0,8.364,21,0,0,0,2,0,0,0,2217,2118
2342,0,side_green,100,4.0,8.789,3,0,0,0,2,0,0,0,2218,2118
2343,0,side_green,100,7.0,9.22,3,0,0,0,2,0,0,0,2218,2118
2344,0,side_green,99,11.0,9.506,4,0,0,0,3,0,0,0,2218,2119
2345,0,side_green,97,15.0,9.666,5,0,0,0,3,0,0,0,2219,2122
2346,0,side_green,96,21.0,9.959,6,0,0,0,3,0,1,0,2219,2123
2347,0,side_green,95,30.0,10.048,10,0,0,0,4,0,2,1,2220,2125
2348,0,side_green,94,40.0,10.119,10,0,0,0,4,1,2,1,2220,2126
2349,0,side_green,92,52.0,9.761,13,0,0,0,4,1,4,1,2221,2129
2350,0,side_green,92,66.0,9.325,14,0,0,0,4,2,4,1,2221,2129
2351,0,side_green,92,81.0,8.88,15,0,0,0,4,2,4,2,2221,2129
2352,0,side_green,93,100.0,8.383,20,0,0,0,5,3,5,2,2222,2129
2353,0,side_green,100,121.0,7.629,28,0,0,0,5,3,6,2,2229,2129
2354,0,side_green,100,145.0,7.471,24,0,0,0,5,5,6,2,2229,2129
2355,0,side_green,100,173.0,7.37,28,0,0,0,5,7,7,3,2229,2129
2356,0,side_green,100,202.0,7.169,29,0,0,0,6,7,7,3,2229,2129
2357,0,side_green,102,233.0,6.88,33,0,0,0,6,8,8,3,2231,2129
2358,0,side_green,102,265.0,6.645,32,0,0,0,6,9,8,3,2231,2129
2359,0,side_green,98,302.0,6.225,37,0,0,0,6,10,10,3,2231,2133
2360,0,side_green,93,343.0,5.79,41,0,0,0,7,11,11,3,2231,2138
2361,0,side_green,90,385.0,5.225,43,0,0,0,7,11,11,4,2232,2142
2362,0,side_green,85,431.0,4.727,47,0,0,0,8,13,12,4,2233,2148
2363,0,side_green,81,479.0,4.394,48,0,0,0,8,13,14,4,2233,2152
2364,0,side_green,77,529.0,4.003,50,0,0,0,8,13,15,4,2233,2156
2365,0,side_green,82,579.0,3.37,57,0,0,0,8,13,15,4,2240,2158
2366,0,side_green,82,629.0,3.597,50,0,0,0,8,13,15,4,2240,2158
2367,0,side_green,83,681.0,3.596,53,0,0,0,8,13,15,4,2241,2158
2368,0,side_green,83,733.0,3.772,52,0,0,0,8,13,15,4,2241,2158
2369,0,side_green,83,786.0,3.75,54,0,0,0,8,13,15,4,2242,2159
2370,0,side_green,83,839.0,3.942,53,0,0,0,8,13,15,4,2242,2159
2371,0,side_green,83,892.0,4.064,53,0,0,0,8,13,15,4,2242,2159
2372,0,side_green,84,945.0,4.131,54,0,0,0,8,13,15,4,2243,2159
2373,0,side_green,85,999.0,4.059,55,0,0,0,8,13,15,4,2244,2159
2374,0,side_green,81,1053.0,3.607,54,0,0,0,8,13,15,4,2244,2163
2375,0,side_green,81,1107.0,3.572,54,0,0,0,8,13,15,4,2244,2163
2376,0,side_green,80,1162.0,3.542,55,0,0,0,8,13,15,4,2244,2164
2377,0,side_green,86,1217.0,3.084,62,0,0,0,8,13,15,4,2251,2165
2378,0,side_green,87,1273.0,3.155,57,0,0,0,8,13,15,4,2252,2165
2379,0,side_green,87,1329.0,3.319,56,0,0,0,8,13,15,4,2252,2165
2380,0,side_green,87,1387.0,3.412,58,0,0,0,8,13,15,4,2252,2165
2381,0,side_green,88,1445.0,3.499,59,0,0,0,8,13,15,4,2253,2165
2382,0,side_green,88,1504.0,3.652,59,0,0,0,8,13,15,4,2253,2165
2383,1,side_yellow,89,1564.0,3.619,61,1,1,1,8,13,15,4,2254,2165
2384,1,side_yellow,89,1624.0,3.7,60,1,1,1,8,13,15,4,2254,2165
2385,1,side_yellow,90,1684.0,3.514,61,1,1,1,8,13,15,4,2255,2165
2386,2,main_green,90,1265.0,3.742,49,2,2,2,6,11,13,2,2255,2165
2387,2,main_green,87,893.0,3.952,38,2,2,2,4,9,11,0,2255,2168
2388,2,main_green,86,624.0,4.258,30,2,2,2,2,7,9,0,2256,2170
2389,2,main_green,93,401.0,4.688,27,2,2,2,0,5,7,0,2263,2170
2390,2,main_green,92,253.0,5.643,12,2,2,2,0,3,5,0,2263,2171
2391,2,main_green,92,129.0,6.849,7,2,2,2,0,1,3,0,2263,2171
2392,2,main_green,92,43.0,7.933,3,2,2,2,0,0,1,0,2263,2171
2393,2,main_green,94,15.0,8.779,4,2,2,2,0,0,0,0,2265,2171
2394,2,main_green,94,17.0,9.525,2,2,2,2,0,0,0,0,2265,2171
2395,2,main_green,94,19.0,10.146,2,2,2,2,0,0,0,0,2265,2171
2396,2,main_green,94,21.0,10.575,2,2,2,2,0,0,0,0,2265,2171
2397,2,main_green,95,24.0,10.671,4,2,2,2,0,0,0,0,2266,2171
2398,2,main_green,94,28.0,10.702,5,2,2,2,0,0,0,0,2267,2173
2399,2,main_green,92,33.0,10.928,5,2,2,2,0,0,0,0,2267,2175
2400,2,main_green,92,41.0,11.032,8,2,2,2,0,0,0,0,2267,2175
2401,2,main_green,99,49.0,10.286,15,2,2,2,0,0,0,0,2274,2175
2402,2,main_green,99,57.0,10.514,8,2,2,2,0,0,0,0,2274,2175
2403,2,main_green,100,65.0,10.569,9,2,2,2,0,0,0,0,2275,2175
2404,2,main_green,100,73.0,10.783,8,2,2,2,0,0,0,0,2275,2175
2405,2,main_green,101,81.0,10.826,9,2,2,2,0,0,0,0,2276,2175
2406,2,main_green,101,89.0,10.878,8,2,2,2,0,0,0,0,2276,2175
2407,2,main_green,101,97.0,10.882,8,2,2,2,0,0,0,0,2276,2175
2408,2,main_green,102,105.0,10.74,9,2,2,2,0,0,0,0,2277,2175
2409,2,main_green,103,115.0,10.512,11,2,2,2,0,0,0,0,2278,2175
2410,2,main_green,103,127.0,10.451,12,2,2,2,0,0,0,0,2278,2175
2411,2,main_green,102,140.0,10.51,13,2,2,2,0,0,0,0,2278,2176
2412,2,main_green,99,154.0,10.515,14,2,2,2,0,0,0,0,2278,2179
2413,2,main_green,106,168.0,9.801,21,2,2,2,0,0,0,0,2285,2179
2414,2,main_green,103,182.0,9.785,15,2,2,2,0,0,0,0,2286,2183
2415,2,main_green,103,196.0,9.913,14,2,2,2,0,0,0,0,2286,2183
2416,2,main_green,100,210.0,9.953,14,2,2,2,0,0,0,0,2286,2186
2417,2,main_green,101,224.0,9.904,15,2,2,2,0,0,0,0,2287,2186
2418,2,main_green,100,238.0,9.864,14,2,2,2,0,0,0,0,2287,2187
2419,2,main_green,100,252.0,9.622,15,2,2,2,0,0,0,0,2288,2188
2420,2,main_green,98,269.0,9.581,17,2,2,2,0,0,0,0,2288,2190
2421,2,main_green,97,287.0,9.526,19,2,2,2,0,0,0,0,2289,2192
2422,2,main_green,96,307.0,9.537,20,2,2,2,0,0,0,0,2289,2193
2423,2,main_green,94,327.0,9.534,20,2,2,2,0,0,0,0,2289,2195
2424,2,main_green,94,347.0,9.519,21,2,2,2,0,0,0,0,2290,2196
2425,2,main_green,98,367.0,8.833,27,2,2,2,0,0,0,0,2297,2199
2426,2,main_green,97,387.0,9.005,20,2,2,2,0,0,0,0,2297,2200
2427,2,main_green,96,407.0,9.178,20,2,2,2,0,0,0,0,2297,2201
2428,3,main_yellow,94,427.0,9.088,20,3,3,3,0,0,0,0,2297,2203
2429,3,main_yellow,96,447.0,8.797,22,3,3,3,0,0,0,0,2299,2203
2430,3,main_yellow,96,469.0,8.719,22,3,3,3,1,0,0,0,2299,2203
2431,0,side_green,96,114.0,8.771,11,0,0,0,1,0,0,0,2299,2203
2432,0,side_green,96,8.0,9.119,3,0,0,0,1,0,0,0,2299,2203
2433,0,side_green,97,8.0,9.375,3,0,0,0,1,0,0,0,2300,2203
2434,0,side_green,97,11.0,9.53,4,0,0,0,1,0,0,1,2301,2204
2435,0,side_green,96,15.0,9.786,4,0,0,0,1,1,0,1,2301,2205
2436,0,side_green,94,20.0,10.0,5,0,0,0,2,1,0,1,2301,2207
2437,0,side_green,100,29.0,9.395,16,0,0,0,2,1,2,1,2308,2208
2438,0,side_green,99,41.0,9.564,12,0,0,0,2,3,2,1,2308,2209
2439,0,side_green,100,53.0,9.365,13,0,0,0,2,3,2,1,2309,2209
2440,0,side_green,99,66.0,9.168,13,0,0,0,3,3,2,1,2309,2210
2441,0,side_green,99,82.0,8.704,17,0,0,0,4,4,2,1,2310,2211
2442,0,side_green,98,101.0,8.345,19,0,0,0,4,5,4,1,2310,2212
2443,0,side_green,97,122.0,8.081,21,0,0,0,5,5,4,2,2310,2213
2444,0,side_green,98,147.0,7.77,26,0,0,0,5,6,5,3,2311,2213
2445,0,side_green,97,175.0,7.089,29,0,0,0,5,6,7,3,2312,2215
2446,0,side_green,97,207.0,6.642,32,0,0,0,5,8,9,3,2312,2215
2447,0,side_green,97,239.0,6.302,32,0,0,0,5,8,9,3,2312,2215
2448,0,side_green,97,277.0,6.153,38,0,0,0,6,10,10,3,2312,2215
2449,0,side_green,99,317.0,5.206,47,0,0,0,7,10,11,3,2319,2220
2450,0,side_green,100,362.0,5.316,46,0,0,0,7,12,13,4,2320,2220
2451,0,side_green,95,409.0,5.143,47,0,0,0,7,13,14,4,2320,2225
2452,0,side_green,89,458.0,4.815,49,0,0,0,7,13,14,4,2320,2231
2453,0,side_green,85,507.0,4.444,50,0,0,0,7,13,14,4,2321,2236
2454,0,side_green,82,557.0,4.296,50,0,0,0,7,13,15,4,2321,2239
2455,0,side_green,82,607.0,4.323,51,0,0,0,7,13,15,4,2322,2240
2456,0,side_green,81,657.0,4.288,50,0,0,0,7,13,15,4,2322,2241
2457,0,side_green,82,708.0,4.271,52,0,0,0,7,13,15,4,2323,2241
2458,0,side_green,78,760.0,3.766,52,0,0,0,7,13,15,4,2323,2245
2459,0,side_green,77,812.0,3.534,52,0,0,0,7,13,15,4,2323,2246
2460,0,side_green,78,864.0,3.508,53,0,0,0,7,13,15,4,2324,2246
2461,0,side_green,85,918.0,3.262,61,0,0,0,7,13,15,4,2331,2246
2462,0,side_green,84,972.0,3.352,54,0,0,0,7,13,15,4,2331,2247
2463,0,side_green,84,1027.0,3.528,55,0,0,0,7,13,15,4,2331,2247
2464,0,side_green,84,1082.0,3.703,55,0,0,0,7,13,15,4,2331,2247
2465,0,side_green,86,1137.0,3.708,57,0,0,0,7,13,15,4,2333,2247
2466,0,side_green,86,1192.0,3.83,55,0,0,0,7,13,15,4,2333,2247
2467,0,side_green,86,1248.0,3.898,56,0,0,0,7,13,15,4,2333,2247
2468,0,side_green,86,1305.0,3.965,57,0,0,0,7,13,15,4,2333,2247
2469,0,side_green,87,1362.0,3.868,58,0,0,0,7,13,15,4,2334,2247
2470,0,side_green,87,1419.0,3.717,58,0,0,0,7,13,15,4,2335,2248
2471,0,side_green,85,1478.0,3.607,59,0,0,0,7,13,15,4,2335,2250
2472,0,side_green,83,1537.0,3.389,59,0,0,0,7,13,15,4,2335,2252
2473,1,side_yellow,89,1596.0,2.982,66,1,1,1,7,13,15,4,2342,2253
2474,1,side_yellow,89,1656.0,3.162,60,1,1,1,7,13,15,4,2342,2253
2475,1,side_yellow,90,1716.0,3.28,61,1,1,1,7,13,15,4,2343,2253
2476,2,main_green,90,1284.0,3.587,48,2,2,2,5,11,13,2,2343,2253
2477,2,main_green,91,914.0,3.941,38,2,2,2,3,9,11,0,2344,2253
2478,2,main_green,91,636.0,4.417,27,2,2,2,1,7,9,0,2344,2253
2479,2,main_green,91,422.0,5.004,19,2,2,2,0,5,7,0,2344,2253
2480,2,main_green,92,263.0,5.731,13,2,2,2,0,3,5,0,2345,2253
2481,2,main_green,93,128.0,6.77,10,2,2,2,0,1,3,0,2346,2253
2482,2,main_green,89,42.0,7.562,7,2,2,2,0,0,1,0,2346,2257
2483,2,main_green,88,16.0,8.524,6,2,2,2,0,0,0,0,2346,2258
2484,2,main_green,88,22.0,9.381,6,2,2,2,0,0,0,0,2346,2258
2485,2,main_green,94,28.0,9.27,13,2,2,2,0,0,0,0,2353,2259
2486,2,main_green,95,34.0,9.748,7,2,2,2,0,0,0,0,2354,2259
2487,2,main_green,95,40.0,10.39,6,2,2,2,0,0,0,0,2354,2259
2488,2,main_green,95,46.0,10.798,6,2,2,2,0,0,0,0,2354,2259
2489,2,main_green,96,52.0,10.977,7,2,2,2,0,0,0,0,2355,2259
2490,2,main_green,96,58.0,11.035,6,2,2,2,0,0,0,0,2355,2259
2491,2,main_green,97,64.0,10.859,7,2,2,2,0,0,0,0,2356,2259
2492,2,main_green,97,70.0,10.782,6,2,2,2,0,0,0,0,2356,2259
2493,2,main_green,98,77.0,10.629,8,2,2,2,0,0,0,0,2357,2259
2494,2,main_green,98,86.0,10.613,9,2,2,2,0,0,0,0,2357,2259
2495,2,main_green,98,97.0,10.692,11,2,2,2,0,0,0,0,2357,2259
2496,2,main_green,99,109.0,10.695,13,2,2,2,0,0,0,0,2358,2259
2497,2,main_green,106,121.0,10.014,19,2,2,2,0,0,0,0,2365,2259
2498,2,main_green,106,133.0,10.106,12,2,2,2,0,0,0,0,2365,2259
2499,2,main_green,106,145.0,10.366,12,2,2,2,0,0,0,0,2365,2259
2500,2,main_green,106,157.0,10.428,12,2,2,2,0,0,0,0,2365,2259
2501,2,main_green,108,169.0,10.352,14,2,2,2,0,0,0,0,2367,2259
2502,2,main_green,104,181.0,10.202,12,2,2,2,0,0,0,0,2367,2263
2503,2,main_green,104,193.0,10.149,12,2,2,2,0,0,0,0,2367,2263
2504,2,main_green,102,207.0,10.101,14,2,2,2,0,0,0,0,2367,2265
2505,2,main_green,103,224.0,10.017,18,2,2,2,0,0,0,0,2368,2265
2506,2,main_green,101,242.0,9.846,19,2,2,2,0,0,0,0,2369,2268
2507,2,main_green,101,260.0,9.935,18,2,2,2,0,0,0,0,2369,2268
2508,2,main_green,97,278.0,9.858,18,2,2,2,0,0,0,0,2369,2272
2509,2,main_green,103,296.0,9.195,25,2,2,2,0,0,0,0,2376,2273
2510,2,main_green,100,314.0,9.383,18,2,2,2,0,0,0,0,2376,2276
2511,2,main_green,99,332.0,9.431,19,2,2,2,0,0,0,0,2377,2278
2512,2,main_green,98,350.0,9.514,18,2,2,2,0,0,0,0,2377,2279
2513,2,main_green,97,368.0,9.451,19,2,2,2,0,0,0,0,2378,2281
2514,2,main_green,94,386.0,9.455,18,2,2,2,0,0,0,0,2378,2284
2515,2,main_green,92,404.0,9.353,18,2,2,2,0,0,0,0,2378,2286
2516,2,main_green,93,422.0,9.193,19,2,2,2,0,0,0,0,2379,2286
2517,2,main_green,93,444.0,9.009,23,2,2,2,0,0,0,0,2380,2287
2518,3,main_yellow,93,467.0,9.087,23,3,3,3,0,0,0,0,2380,2287
2519,3,main_yellow,93,491.0,9.052,24,3,3,3,0,0,0,0,2380,2287
2520,3,main_yellow,93,515.0,8.822,24,3,3,3,0,0,0,0,2380,2287
2521,0,side_green,100,131.0,8.3,20,0,0,0,1,0,0,0,2387,2287
2522,0,side_green,101,3.0,8.545,3,0,0,0,1,0,0,0,2388,2287
2523,0,side_green,101,6.0,9.004,3,0,0,0,1,0,0,0,2388,2287
2524,0,side_green,100,11.0,9.211,5,0,0,0,2,0,0,0,2388,2288
2525,0,side_green,98,17.0,9.252,7,0,0,0,3,0,0,0,2389,2291
2526,0,side_green,98,25.0,9.544,8,0,0,0,3,1,0,1,2389,2291
2527,0,side_green,98,34.0,9.604,10,0,0,0,3,1,0,1,2390,2292
2528,0,side_green,97,46.0,9.561,12,0,0,0,4,3,0,1,2390,2293
2529,0,side_green,97,60.0,9.381,15,0,0,0,4,4,1,1,2391,2294
2530,0,side_green,96,76.0,9.216,16,0,0,0,4,4,2,1,2391,2295
2531,0,side_green,96,95.0,9.014,19,0,0,0,5,5,3,1,2391,2295
2532,0,side_green,95,115.0,8.482,21,0,0,0,5,6,3,1,2392,2297
2533,0,side_green,102,136.0,7.527,28,0,0,0,5,6,3,1,2399,2297
2534,0,side_green,102,159.0,7.41,23,0,0,0,5,7,4,1,2399,2297
2535,0,side_green,102,185.0,7.243,26,0,0,0,5,9,4,1,2399,2297
2536,0,side_green,102,213.0,6.996,28,0,0,0,6,9,5,1,2399,2297
2537,0,side_green,104,244.0,6.75,33,0,0,0,6,10,7,1,2401,2297
2538,0,side_green,104,280.0,6.608,36,0,0,0,6,13,9,1,2401,2297
2539,0,side_green,97,319.0,6.12,39,0,0,0,6,13,9,2,2401,2304
2540,0,side_green,94,361.0,5.873,42,0,0,0,6,13,11,2,2401,2307
2541,0,side_green,91,405.0,5.318,45,0,0,0,6,14,12,2,2402,2311
2542,0,side_green,87,451.0,4.778,47,0,0,0,7,14,13,2,2403,2316
2543,0,side_green,85,498.0,4.54,47,0,0,0,7,14,13,3,2403,2318
2544,0,side_green,81,548.0,4.194,50,0,0,0,7,14,14,4,2403,2322
2545,0,side_green,83,600.0,3.324,59,0,0,0,7,14,15,4,2410,2327
2546,0,side_green,82,652.0,3.445,52,0,0,0,7,14,15,4,2410,2328
2547,0,side_green,83,705.0,3.499,54,0,0,0,7,14,15,4,2411,2328
2548,0,side_green,83,758.0,3.655,53,0,0,0,7,14,15,4,2411,2328
2549,0,side_green,84,811.0,3.728,54,0,0,0,7,14,15,4,2412,2328
2550,0,side_green,84,865.0,3.873,54,0,0,0,7,14,15,4,2412,2328
2551,0,side_green,84,920.0,3.969,55,0,0,0,7,14,15,4,2412,2328
2552,0,side_green,85,975.0,4.018,56,0,0,0,7,14,15,4,2413,2328
2553,0,side_green,86,1030.0,3.98,56,0,0,0,7,14,15,4,2414,2328
2554,0,side_green,84,1086.0,3.848,56,0,0,0,7,14,15,4,2414,2330
2555,0,side_green,83,1142.0,3.618,56,0,0,0,7,14,15,4,2414,2331
2556,0,side_green,82,1199.0,3.473,57,0,0,0,7,14,15,4,2414,2332
2557,0,side_green,88,1256.0,3.057,64,0,0,0,7,14,15,4,2421,2333
2558,0,side_green,89,1313.0,3.277,58,0,0,0,7,14,15,4,2422,2333
2559,0,side_green,89,1372.0,3.388,59,0,0,0,7,14,15,4,2422,2333
2560,0,side_green,88,1431.0,3.382,59,0,0,0,7,14,15,4,2422,2334
2561,0,side_green,89,1490.0,3.448,60,0,0,0,7,14,15,4,2423,2334
2562,0,side_green,89,1550.0,3.598,60,0,0,0,7,14,15,4,2423,2334
2563,1,side_yellow,90,1610.0,3.713,61,1,1,1,7,14,15,4,2424,2334
2564,1,side_yellow,90,1671.0,3.728,61,1,1,1,7,14,15,4,2424,2334
2565,1,side_yellow,91,1732.0,3.638,62,1,1,1,7,14,15,4,2425,2334
2566,2,main_green,89,1311.0,3.659,49,2,2,2,5,12,13,2,2425,2336
2567,2,main_green,86,940.0,3.8,37,2,2,2,3,10,11,0,2425,2339
2568,2,main_green,87,667.0,4.457,31,2,2,2,1,8,9,0,2426,2339
2569,2,main_green,93,457.0,4.729,28,2,2,2,0,6,7,0,2433,2340
2570,2,main_green,93,301.0,5.733,13,2,2,2,0,4,5,0,2433,2340
2571,2,main_green,93,160.0,6.804,8,2,2,2,0,2,3,0,2433,2340
2572,2,main_green,93,34.0,7.874,2,2,2,2,0,0,1,0,2433,2340
2573,2,main_green,95,6.0,8.628,3,2,2,2,0,0,0,0,2435,2340
2574,2,main_green,95,7.0,9.302,1,2,2,2,0,0,0,0,2435,2340
2575,2,main_green,95,8.0,9.831,1,2,2,2,0,0,0,0,2435,2340
2576,2,main_green,95,10.0,10.249,2,2,2,2,0,0,0,0,2435,2340
2577,2,main_green,96,14.0,10.573,5,2,2,2,0,0,0,0,2436,2340
2578,2,main_green,95,20.0,10.728,7,2,2,2,0,0,0,0,2437,2342
2579,2,main_green,94,27.0,11.051,7,2,2,2,0,0,0,0,2437,2343
2580,2,main_green,93,34.0,11.073,7,2,2,2,0,0,0,0,2437,2344
2581,2,main_green,99,41.0,10.39,14,2,2,2,0,0,0,0,2444,2345
2582,2,main_green,99,48.0,10.491,7,2,2,2,0,0,0,0,2444,2345
2583,2,main_green,100,55.0,10.604,8,2,2,2,0,0,0,0,2445,2345
2584,2,main_green,100,62.0,10.739,7,2,2,2,0,0,0,0,2445,2345
2585,2,main_green,101,69.0,10.686,8,2,2,2,0,0,0,0,2446,2345
2586,2,main_green,101,76.0,10.764,7,2,2,2,0,0,0,0,2446,2345
2587,2,main_green,101,83.0,10.691,7,2,2,2,0,0,0,0,2446,2345
2588,2,main_green,102,92.0,10.57,10,2,2,2,0,0,0,0,2447,2345
2589,2,main_green,103,101.0,10.358,10,2,2,2,0,0,0,0,2448,2345
2590,2,main_green,103,112.0,10.432,11,2,2,2,0,0,0,0,2448,2345
2591,2,main_green,103,124.0,10.484,12,2,2,2,0,0,0,0,2448,2345
2592,2,main_green,99,137.0,10.432,13,2,2,2,0,0,0,0,2448,2349
2593,2,main_green,106,150.0,9.815,20,2,2,2,0,0,0,0,2455,2349
2594,2,main_green,104,163.0,9.802,14,2,2,2,0,0,0,0,2456,2352
2595,2,main_green,103,176.0,9.965,13,2,2,2,0,0,0,0,2456,2353
2596,2,main_green,103,189.0,10.132,13,2,2,2,0,0,0,0,2456,2353
2597,2,main_green,101,202.0,9.853,14,2,2,2,0,0,0,0,2457,2356
2598,2,main_green,100,215.0,9.786,13,2,2,2,0,0,0,0,2457,2357
2599,2,main_green,101,228.0,9.639,14,2,2,2,0,0,0,0,2458,2357
2600,2,main_green,98,242.0,9.543,14,2,2,2,0,0,0,0,2458,2360
2601,2,main_green,98,258.0,9.437,17,2,2,2,0,0,0,0,2459,2361
2602,2,main_green,94,275.0,9.443,17,2,2,2,0,0,0,0,2459,2365
2603,2,main_green,92,294.0,9.502,19,2,2,2,0,0,0,0,2459,2367
2604,2,main_green,92,313.0,9.47,20,2,2,2,0,0,0,0,2460,2368
2605,2,main_green,96,332.0,8.797,26,2,2,2,0,0,0,0,2467,2371
2606,2,main_green,95,351.0,8.985,19,2,2,2,0,0,0,0,2467,2372
2607,2,main_green,94,370.0,9.213,19,2,2,2,0,0,0,0,2467,2373
2608,3,main_yellow,93,389.0,9.23,19,3,3,3,0,0,0,0,2467,2374
2609,3,main_yellow,95,408.0,8.942,21,3,3,3,0,0,0,0,2469,2374
2610,3,main_yellow,95,427.0,8.874,19,3,3,3,0,0,0,0,2469,2374
2611,0,side_green,95,86.0,8.977,7,0,0,0,0,0,0,0,2469,2374
2612,0,side_green,95,2.0,9.054,2,0,0,0,1,0,0,0,2469,2374
2613,0,side_green,96,4.0,9.134,4,0,0,0,1,0,0,1,2470,2374
2614,0,side_green,96,9.0,9.209,6,0,0,0,2,0,0,1,2471,2375
2615,0,side_green,96,14.0,9.393,5,0,0,0,2,0,0,1,2471,2375
2616,0,side_green,96,22.0,9.674,8,0,0,0,3,0,1,1,2471,2375
2617,0,side_green,103,33.0,9.082,18,0,0,0,3,1,1,2,2478,2375
2618,0,side_green,103,45.0,9.04,12,0,0,0,4,1,1,2,2478,2375
2619,0,side_green,104,61.0,8.952,17,0,0,0,5,1,4,2,2479,2375
2620,0,side_green,103,79.0,8.677,18,0,0,0,5,2,5,2,2479,2376
2621,0,side_green,103,99.0,8.275,21,0,0,0,6,3,5,2,2480,2377
2622,0,side_green,102,123.0,8.018,24,0,0,0,6,4,5,3,2480,2378
2623,0,side_green,101,148.0,7.709,25,0,0,0,6,4,6,3,2480,2379
2624,0,side_green,101,177.0,7.223,30,0,0,0,6,5,8,3,2481,2380
2625,0,side_green,100,208.0,6.99,32,0,0,0,6,6,8,3,2482,2382
2626,0,side_green,100,242.0,6.846,34,0,0,0,7,8,8,3,2482,2382
2627,0,side_green,98,280.0,6.57,38,0,0,0,7,9,10,4,2482,2384
2628,0,side_green,97,320.0,6.358,40,0,0,0,7,10,11,4,2482,2385
2629,0,side_green,100,362.0,5.425,49,0,0,0,7,11,12,4,2489,2389
2630,0,side_green,96,406.0,4.963,45,0,0,0,7,11,13,4,2490,2394
2631,0,side_green,93,454.0,4.779,48,0,0,0,7,12,14,5,2490,2397
2632,0,side_green,86,504.0,4.302,50,0,0,0,7,12,15,5,2490,2404
2633,0,side_green,83,555.0,4.041,52,0,0,0,7,12,15,6,2491,2408
2634,0,side_green,82,606.0,4.048,51,0,0,0,7,12,15,6,2491,2409
2635,0,side_green,83,657.0,4.155,52,0,0,0,7,12,15,6,2492,2409
2636,0,side_green,82,709.0,4.052,52,0,0,0,7,12,15,6,2492,2410
2637,0,side_green,83,761.0,4.059,53,0,0,0,7,12,15,6,2493,2410
2638,0,side_green,81,814.0,3.789,53,0,0,0,7,12,15,6,2493,2412
2639,0,side_green,80,868.0,3.696,54,0,0,0,7,12,15,6,2493,2413
2640,0,side_green,81,923.0,3.613,56,0,0,0,7,12,15,6,2494,2413
2641,0,side_green,87,978.0,3.258,62,0,0,0,7,12,15,6,2501,2414
2642,0,side_green,86,1033.0,3.315,55,0,0,0,7,12,15,6,2501,2415
2643,0,side_green,85,1089.0,3.31,56,0,0,0,7,12,15,6,2501,2416
2644,0,side_green,85,1145.0,3.386,56,0,0,0,7,12,15,6,2501,2416
2645,0,side_green,87,1201.0,3.456,58,0,0,0,7,12,15,6,2503,2416
2646,0,side_green,87,1258.0,3.661,57,0,0,0,7,12,15,6,2503,2416
2647,0,side_green,87,1316.0,3.764,58,0,0,0,7,12,15,6,2503,2416
2648,0,side_green,87,1374.0,3.808,58,0,0,0,7,12,15,6,2503,2416
2649,0,side_green,88,1432.0,3.74,59,0,0,0,7,12,15,6,2504,2416
2650,0,side_green,87,1491.0,3.543,60,0,0,0,7,12,15,6,2505,2418
2651,0,side_green,87,1550.0,3.569,59,0,0,0,7,12,15,6,2505,2418
2652,0,side_green,87,1609.0,3.567,59,0,0,0,7,12,15,6,2505,2418
2653,1,side_yellow,92,1669.0,3.049,67,1,1,1,7,12,15,6,2512,2420
2654,1,side_yellow,91,1729.0,3.121,60,1,1,1,7,12,15,6,2512,2421
2655,1,side_yellow,92,1790.0,3.17,62,1,1,1,7,12,15,6,2513,2421
2656,2,main_green,91,1362.0,3.551,49,2,2,2,5,10,13,4,2513,2422
2657,2,main_green,92,978.0,3.998,39,2,2,2,3,8,11,2,2514,2422
2658,2,main_green,92,635.0,4.532,27,2,2,2,1,6,9,0,2514,2422
2659,2,main_green,92,413.0,5.092,18,2,2,2,0,4,7,0,2514,2422
2660,2,main_green,93,253.0,5.809,13,2,2,2,0,2,5,0,2515,2422
2661,2,main_green,94,106.0,6.663,7,2,2,2,0,0,3,0,2516,2422
2662,2,main_green,91,38.0,7.388,6,2,2,2,0,0,1,0,2516,2425
2663,2,main_green,90,13.0,8.249,6,2,2,2,0,0,0,0,2516,2426
2664,2,main_green,89,19.0,9.045,6,2,2,2,0,0,0,0,2516,2427
2665,2,main_green,96,25.0,9.084,13,2,2,2,0,0,0,0,2523,2427
2666,2,main_green,97,31.0,9.53,7,2,2,2,0,0,0,0,2524,2427
2667,2,main_green,96,37.0,10.025,6,2,2,2,0,0,0,0,2524,2428
2668,2,main_green,96,43.0,10.486,6,2,2,2,0,0,0,0,2524,2428
2669,2,main_green,97,49.0,10.599,7,2,2,2,0,0,0,0,2525,2428
2670,2,main_green,97,55.0,10.689,6,2,2,2,0,0,0,0,2525,2428
2671,2,main_green,98,61.0,10.681,7,2,2,2,0,0,0,0,2526,2428
2672,2,main_green,98,67.0,10.663,6,2,2,2,0,0,0,0,2526,2428
2673,2,main_green,99,74.0,10.443,8,2,2,2,0,0,0,0,2527,2428
2674,2,main_green,99,83.0,10.384,9,2,2,2,0,0,0,0,2527,2428
2675,2,main_green,99,93.0,10.455,10,2,2,2,0,0,0,0,2527,2428
2676,2,main_green,100,104.0,10.377,12,2,2,2,0,0,0,0,2528,2428
2677,2,main_green,107,116.0,9.831,19,2,2,2,0,0,0,0,2535,2428
2678,2,main_green,107,128.0,9.942,12,2,2,2,0,0,0,0,2535,2428
2679,2,main_green,107,140.0,10.117,12,2,2,2,0,0,0,0,2535,2428
2680,2,main_green,107,152.0,10.296,12,2,2,2,0,0,0,0,2535,2428
2681,2,main_green,109,164.0,10.16,14,2,2,2,0,0,0,0,2537,2428
2682,2,main_green,107,176.0,10.103,12,2,2,2,0,0,0,0,2537,2430
2683,2,main_green,106,188.0,10.085,12,2,2,2,0,0,0,0,2537,2431
2684,2,main_green,104,200.0,10.023,12,2,2,2,0,0,0,0,2537,2433
2685,2,main_green,103,214.0,9.832,15,2,2,2,0,0,0,0,2538,2435
2686,2,main_green,102,229.0,9.701,16,2,2,2,0,0,0,0,2539,2437
2687,2,main_green,100,246.0,9.734,17,2,2,2,0,0,0,0,2539,2439
2688,2,main_green,98,264.0,9.725,18,2,2,2,0,0,0,0,2539,2441
2689,2,main_green,105,282.0,9.09,25,2,2,2,0,0,0,0,2546,2441
2690,2,main_green,103,300.0,9.158,18,2,2,2,0,0,0,0,2546,2443
2691,2,main_green,101,318.0,9.245,19,2,2,2,0,0,0,0,2547,2446
2692,2,main_green,100,336.0,9.302,18,2,2,2,0,0,0,0,2547,2447
2693,2,main_green,99,354.0,9.123,19,2,2,2,0,0,0,0,2548,2449
2694,2,main_green,97,372.0,9.156,18,2,2,2,0,0,0,0,2548,2451
2695,2,main_green,95,390.0,9.196,18,2,2,2,0,0,0,0,2548,2453
2696,2,main_green,96,409.0,9.004,20,2,2,2,0,0,0,0,2549,2453
2697,2,main_green,96,430.0,8.934,22,2,2,2,0,0,0,0,2550,2454
2698,3,main_yellow,96,452.0,8.918,22,3,3,3,0,0,0,0,2550,2454
2699,3,main_yellow,95,476.0,8.894,24,3,3,3,0,0,0,0,2550,2455
2700,3,main_yellow,95,500.0,8.689,24,3,3,3,0,0,0,0,2550,2455
2701,0,side_green,102,121.0,8.269,20,0,0,0,1,0,0,0,2557,2455
2702,0,side_green,103,2.0,8.629,2,0,0,0,1,0,0,0,2558,2455
2703,0,side_green,103,3.0,9.103,1,0,0,0,1,0,0,0,2558,2455
2704,0,side_green,102,7.0,9.51,4,0,0,0,2,0,0,0,2558,2456
2705,0,side_green,103,12.0,9.721,6,0,0,0,3,0,0,0,2559,2456
2706,0,side_green,102,17.0,9.983,5,0,0,0,3,0,0,0,2559,2457
2707,0,side_green,102,24.0,10.032,8,0,0,0,4,1,0,0,2560,2458
2708,0,side_green,102,34.0,10.096,10,0,0,0,5,2,1,0,2560,2458
2709,0,side_green,102,45.0,9.952,12,0,0,0,5,3,1,0,2561,2459
2710,0,side_green,102,58.0,9.622,13,0,0,0,5,3,1,0,2561,2459
2711,0,side_green,100,75.0,9.289,17,0,0,0,5,4,2,1,2561,2461
2712,0,side_green,101,93.0,8.795,19,0,0,0,5,4,3,1,2562,2461
2713,0,side_green,105,112.0,7.713,26,0,0,0,5,5,3,1,2569,2464
2714,0,side_green,104,132.0,7.47,20,0,0,0,6,5,3,1,2569,2465
2715,0,side_green,102,155.0,7.25,23,0,0,0,6,5,4,2,2569,2467
2716,0,side_green,101,182.0,7.086,27,0,0,0,6,7,5,3,2569,2468
2717,0,side_green,103,211.0,6.79,31,0,0,0,6,8,5,3,2571,2468
2718,0,side_green,103,244.0,6.645,33,0,0,0,7,9,6,4,2571,2468
2719,0,side_green,97,282.0,6.008,38,0,0,0,7,11,8,4,2571,2474
2720,0,side_green,95,322.0,5.753,40,0,0,0,7,11,10,4,2571,2476
2721,0,side_green,87,366.0,4.946,45,0,0,0,9,12,10,4,2572,2485
2722,0,side_green,88,411.0,4.859,46,0,0,0,9,12,10,5,2573,2485
2723,0,side_green,84,458.0,4.451,47,0,0,0,9,12,12,5,2573,2489
2724,0,side_green,80,508.0,4.058,50,0,0,0,9,12,14,5,2573,2493
2725,0,side_green,86,560.0,3.62,59,0,0,0,9,12,15,5,2580,2494
2726,0,side_green,83,612.0,3.497,52,0,0,0,9,12,15,5,2580,2497
2727,0,side_green,84,664.0,3.592,53,0,0,0,9,12,15,5,2581,2497
2728,0,side_green,84,717.0,3.677,53,0,0,0,9,12,15,5,2581,2497
2729,0,side_green,85,771.0,3.739,55,0,0,0,9,12,15,5,2582,2497
2730,0,side_green,84,825.0,3.734,54,0,0,0,9,12,15,5,2582,2498
2731,0,side_green,84,880.0,3.948,55,0,0,0,9,12,15,5,2582,2498
2732,0,side_green,85,935.0,3.957,56,0,0,0,9,12,15,5,2583,2498
2733,0,side_green,86,991.0,3.95,57,0,0,0,9,12,15,5,2584,2498
2734,0,side_green,84,1047.0,3.774,56,0,0,0,9,12,15,5,2584,2500
2735,0,side_green,84,1103.0,3.742,56,0,0,0,9,12,15,5,2584,2500
2736,0,side_green,84,1159.0,3.707,56,0,0,0,9,12,15,5,2584,2500
2737,0,side_green,90,1216.0,3.32,64,0,0,0,9,12,15,5,2591,2501
2738,0,side_green,91,1274.0,3.359,59,0,0,0,9,12,15,5,2592,2501
2739,0,side_green,88,1333.0,3.173,59,0,0,0,9,12,15,5,2592,2504
2740,0,side_green,88,1392.0,3.242,59,0,0,0,9,12,15,5,2592,2504
2741,0,side_green,89,1451.0,3.369,60,0,0,0,9,12,15,5,2593,2504
2742,0,side_green,89,1511.0,3.488,60,0,0,0,9,12,15,5,2593,2504
2743,1,side_yellow,90,1572.0,3.625,62,1,1,1,9,12,15,5,2594,2504
2744,1,side_yellow,90,1633.0,3.598,61,1,1,1,9,12,15,5,2594,2504
2745,1,side_yellow,91,1694.0,3.525,62,1,1,1,9,12,15,5,2595,2504
2746,2,main_green,88,1287.0,3.413,51,2,2,2,7,10,13,3,2595,2507
2747,2,main_green,87,918.0,3.783,39,2,2,2,5,8,11,1,2595,2508
2748,2,main_green,88,623.0,4.314,30,2,2,2,3,6,9,0,2596,2508
2749,2,main_green,94,394.0,4.631,26,2,2,2,1,4,7,0,2603,2509
2750,2,main_green,94,220.0,5.608,11,2,2,2,0,2,5,0,2603,2509
2751,2,main_green,94,94.0,6.836,6,2,2,2,0,0,3,0,2603,2509
2752,2,main_green,94,40.0,8.012,3,2,2,2,0,0,1,0,2603,2509
2753,2,main_green,96,43.0,8.797,5,2,2,2,0,0,1,0,2605,2509
2754,2,main_green,96,16.0,9.558,2,2,2,2,0,0,0,0,2605,2509
2755,2,main_green,96,18.0,10.086,2,2,2,2,0,0,0,0,2605,2509
2756,2,main_green,96,20.0,10.461,2,2,2,2,0,0,0,0,2605,2509
2757,2,main_green,96,23.0,10.669,4,2,2,2,0,0,0,0,2606,2510
2758,2,main_green,95,30.0,10.765,8,2,2,2,0,0,0,0,2607,2512
2759,2,main_green,94,38.0,10.982,8,2,2,2,0,0,0,0,2607,2513
2760,2,main_green,93,46.0,11.026,8,2,2,2,0,0,0,0,2607,2514
2761,2,main_green,100,54.0,10.276,15,2,2,2,0,0,0,0,2614,2514
2762,2,main_green,100,62.0,10.45,8,2,2,2,0,0,0,0,2614,2514
2763,2,main_green,101,70.0,10.498,9,2,2,2,0,0,0,0,2615,2514
2764,2,main_green,101,78.0,10.678,8,2,2,2,0,0,0,0,2615,2514
2765,2,main_green,102,86.0,10.64,9,2,2,2,0,0,0,0,2616,2514
2766,2,main_green,102,94.0,10.573,8,2,2,2,0,0,0,0,2616,2514
2767,2,main_green,102,102.0,10.556,8,2,2,2,0,0,0,0,2616,2514
2768,2,main_green,103,112.0,10.426,11,2,2,2,0,0,0,0,2617,2514
2769,2,main_green,104,124.0,10.324,13,2,2,2,0,0,0,0,2618,2514
2770,2,main_green,104,138.0,10.342,14,2,2,2,0,0,0,0,2618,2514
2771,2,main_green,104,152.0,10.442,14,2,2,2,0,0,0,0,2618,2514
2772,2,main_green,100,166.0,10.346,14,2,2,2,0,0,0,0,2618,2518
2773,2,main_green,107,180.0,9.629,21,2,2,2,0,0,0,0,2625,2518
2774,2,main_green,106,194.0,9.783,15,2,2,2,0,0,0,0,2626,2520
2775,2,main_green,104,208.0,9.962,14,2,2,2,0,0,0,0,2626,2522
2776,2,main_green,103,222.0,9.975,14,2,2,2,0,0,0,0,2626,2523
2777,2,main_green,103,236.0,10.045,15,2,2,2,0,0,0,0,2627,2524
2778,2,main_green,100,250.0,10.057,14,2,2,2,0,0,0,0,2627,2527
2779,2,main_green,101,264.0,9.874,15,2,2,2,0,0,0,0,2628,2527
2780,2,main_green,98,278.0,9.811,14,2,2,2,0,0,0,0,2628,2530
2781,2,main_green,99,294.0,9.542,17,2,2,2,0,0,0,0,2629,2530
2782,2,main_green,97,313.0,9.543,19,2,2,2,0,0,0,0,2629,2532
2783,2,main_green,94,333.0,9.619,20,2,2,2,0,0,0,0,2629,2535
2784,2,main_green,94,353.0,9.449,21,2,2,2,0,0,0,0,2630,2536
2785,2,main_green,99,373.0,8.809,27,2,2,2,0,0,0,0,2637,2538
2786,2,main_green,99,393.0,9.066,20,2,2,2,0,0,0,0,2637,2538
2787,2,main_green,97,413.0,9.228,20,2,2,2,0,0,0,0,2637,2540
2788,3,main_yellow,97,433.0,9.219,20,3,3,3,0,0,0,0,2637,2540
2789,3,main_yellow,98,453.0,8.839,22,3,3,3,0,0,0,0,2639,2541
2790,3,main_yellow,98,473.0,8.837,20,3,3,3,0,0,0,0,2639,2541
2791,0,side_green,98,107.0,9.002,8,0,0,0,0,0,0,0,2639,2541
2792,0,side_green,98,3.0,9.283,3,0,0,0,1,0,0,0,2639,2541
2793,0,side_green,99,2.0,9.486,2,0,0,0,1,0,0,0,2640,2541
2794,0,side_green,100,4.0,9.661,3,0,0,0,1,0,0,0,2641,2541
2795,0,side_green,100,6.0,9.83,2,0,0,0,1,0,0,0,2641,2541
2796,0,side_green,99,9.0,10.056,3,0,0,0,1,0,0,0,2641,2542
2797,0,side_green,106,16.0,9.5,14,0,0,0,2,1,1,0,2648,2542
2798,0,side_green,105,25.0,9.561,9,0,0,0,2,2,1,1,2648,2543
2799,0,side_green,104,37.0,9.351,13,0,0,0,2,3,3,1,2649,2545
2800,0,side_green,104,50.0,9.092,13,0,0,0,2,3,4,1,2649,2545
2801,0,side_green,103,65.0,8.811,16,0,0,0,2,4,4,2,2650,2547
2802,0,side_green,103,84.0,8.52,19,0,0,0,2,5,6,2,2650,2547
2803,0,side_green,103,105.0,8.403,21,0,0,0,2,6,6,2,2650,2547
2804,0,side_green,103,130.0,8.036,26,0,0,0,2,7,8,3,2651,2548
2805,0,side_green,101,156.0,7.573,27,0,0,0,2,7,9,3,2652,2551
2806,0,side_green,101,184.0,7.217,28,0,0,0,3,7,9,3,2652,2551
2807,0,side_green,99,215.0,6.84,31,0,0,0,4,8,10,3,2652,2553
2808,0,side_green,99,249.0,6.512,34,0,0,0,5,8,11,3,2652,2553
2809,0,side_green,102,288.0,5.61,46,0,0,0,5,11,13,3,2659,2557
2810,0,side_green,95,331.0,5.045,44,0,0,0,5,11,15,4,2660,2565
2811,0,side_green,91,376.0,4.82,45,0,0,0,6,12,15,4,2660,2569
2812,0,side_green,86,424.0,4.49,48,0,0,0,6,13,15,4,2660,2574
2813,0,side_green,85,473.0,4.393,50,0,0,0,6,13,15,5,2661,2576
2814,0,side_green,80,523.0,3.969,50,0,0,0,6,13,16,5,2661,2581
2815,0,side_green,81,573.0,4.065,51,0,0,0,6,13,16,5,2662,2581
2816,0,side_green,81,624.0,4.202,51,0,0,0,6,13,16,5,2662,2581
2817,0,side_green,82,675.0,4.124,52,0,0,0,6,13,16,5,2663,2581
2818,0,side_green,81,727.0,4.111,52,0,0,0,6,13,16,5,2663,2582
2819,0,side_green,80,779.0,3.979,52,0,0,0,6,13,16,5,2663,2583
2820,0,side_green,81,832.0,3.984,54,0,0,0,6,13,16,5,2664,2583
2821,0,side_green,86,886.0,3.474,61,0,0,0,6,13,16,5,2671,2585
2822,0,side_green,86,940.0,3.623,54,0,0,0,6,13,16,5,2671,2585
2823,0,side_green,86,994.0,3.695,54,0,0,0,6,13,16,5,2671,2585
2824,0,side_green,85,1048.0,3.707,54,0,0,0,6,13,16,5,2671,2586
2825,0,side_green,86,1103.0,3.686,57,0,0,0,6,13,16,5,2673,2587
2826,0,side_green,86,1159.0,3.833,56,0,0,0,6,13,16,5,2673,2587
2827,0,side_green,86,1215.0,3.997,56,0,0,0,6,13,16,5,2673,2587
2828,0,side_green,86,1272.0,4.031,57,0,0,0,6,13,16,5,2673,2587
2829,0,side_green,87,1329.0,3.94,58,0,0,0,6,13,16,5,2674,2587
2830,0,side_green,87,1387.0,3.806,59,0,0,0,6,13,16,5,2675,2588
2831,0,side_green,85,1445.0,3.646,58,0,0,0,6,13,16,5,2675,2590
2832,0,side_green,84,1503.0,3.497,58,0,0,0,6,13,16,5,2675,2591
2833,1,side_yellow,90,1563.0,3.01,67,1,1,1,6,13,16,5,2682,2592
2834,1,side_yellow,90,1623.0,3.138,60,1,1,1,6,13,16,5,2682,2592
2835,1,side_yellow,90,1684.0,3.145,62,1,1,1,6,13,16,5,2683,2593
2836,2,main_green,90,1270.0,3.557,49,2,2,2,4,11,14,3,2683,2593
2837,2,main_green,91,918.0,3.989,39,2,2,2,2,9,12,1,2684,2593
2838,2,main_green,91,629.0,4.546,27,2,2,2,0,7,10,0,2684,2593
2839,2,main_green,91,447.0,5.181,19,2,2,2,0,5,8,0,2684,2593
2840,2,main_green,92,298.0,5.845,14,2,2,2,0,3,6,0,2685,2593
2841,2,main_green,93,166.0,6.818,12,2,2,2,0,1,4,0,2686,2593
2842,2,main_green,89,73.0,7.548,7,2,2,2,0,0,2,0,2686,2597
2843,2,main_green,87,17.0,8.372,6,2,2,2,0,0,0,0,2686,2599
2844,2,main_green,87,23.0,9.258,6,2,2,2,0,0,0,0,2686,2599
2845,2,main_green,94,29.0,9.193,13,2,2,2,0,0,0,0,2693,2599
2846,2,main_green,95,35.0,9.735,7,2,2,2,0,0,0,0,2694,2599
2847,2,main_green,95,41.0,10.31,6,2,2,2,0,0,0,0,2694,2599
2848,2,main_green,95,47.0,10.754,6,2,2,2,0,0,0,0,2694,2599
2849,2,main_green,96,53.0,10.891,7,2,2,2,0,0,0,0,2695,2599
2850,2,main_green,96,59.0,10.942,6,2,2,2,0,0,0,0,2695,2599
2851,2,main_green,97,65.0,10.911,7,2,2,2,0,0,0,0,2696,2599
2852,2,main_green,97,72.0,10.792,7,2,2,2,0,0,0,0,2696,2599
2853,2,main_green,98,80.0,10.639,9,2,2,2,0,0,0,0,2697,2599
2854,2,main_green,98,91.0,10.779,11,2,2,2,0,0,0,0,2697,2599
2855,2,main_green,98,102.0,10.78,11,2,2,2,0,0,0,0,2697,2599
2856,2,main_green,99,114.0,10.661,13,2,2,2,0,0,0,0,2698,2599
2857,2,main_green,106,126.0,10.075,19,2,2,2,0,0,0,0,2705,2599
2858,2,main_green,106,138.0,10.282,12,2,2,2,0,0,0,0,2705,2599
2859,2,main_green,106,150.0,10.442,12,2,2,2,0,0,0,0,2705,2599
2860,2,main_green,106,162.0,10.565,12,2,2,2,0,0,0,0,2705,2599
2861,2,main_green,107,174.0,10.4,14,2,2,2,0,0,0,0,2707,2600
2862,2,main_green,105,186.0,10.3,12,2,2,2,0,0,0,0,2707,2602
2863,2,main_green,104,198.0,10.235,12,2,2,2,0,0,0,0,2707,2603
2864,2,main_green,101,212.0,10.073,14,2,2,2,0,0,0,0,2707,2606
2865,2,main_green,101,227.0,9.959,16,2,2,2,0,0,0,0,2708,2607
2866,2,main_green,101,243.0,9.893,17,2,2,2,0,0,0,0,2709,2608
2867,2,main_green,99,260.0,9.927,17,2,2,2,0,0,0,0,2709,2610
2868,2,main_green,97,278.0,9.973,18,2,2,2,0,0,0,0,2709,2612
2869,2,main_green,102,296.0,9.28,25,2,2,2,0,0,0,0,2716,2614
2870,2,main_green,101,314.0,9.378,18,2,2,2,0,0,0,0,2716,2615
2871,2,main_green,102,332.0,9.43,19,2,2,2,0,0,0,0,2717,2615
2872,2,main_green,100,350.0,9.472,18,2,2,2,0,0,0,0,2717,2617
2873,2,main_green,99,368.0,9.455,19,2,2,2,0,0,0,0,2718,2619
2874,2,main_green,97,386.0,9.51,18,2,2,2,0,0,0,0,2718,2621
2875,2,main_green,95,404.0,9.414,18,2,2,2,0,0,0,0,2718,2623
2876,2,main_green,94,423.0,9.193,20,2,2,2,0,0,0,0,2719,2625
2877,2,main_green,92,443.0,8.972,21,2,2,2,0,0,0,0,2720,2628
2878,3,main_yellow,92,464.0,9.009,21,3,3,3,0,0,0,0,2720,2628
2879,3,main_yellow,92,486.0,9.026,22,3,3,3,0,0,0,0,2720,2628
2880,3,main_yellow,92,510.0,8.964,24,3,3,3,0,0,0,0,2720,2628
2881,0,side_green,99,120.0,8.455,19,0,0,0,0,0,0,0,2727,2628
2882,0,side_green,100,1.0,8.81,2,0,0,0,1,0,0,0,2728,2628
2883,0,side_green,100,3.0,9.259,2,0,0,0,1,0,0,0,2728,2628
2884,0,side_green,99,5.0,9.579,2,0,0,0,1,0,0,0,2728,2629
2885,0,side_green,99,8.0,9.633,4,0,0,0,1,0,0,0,2729,2630
2886,0,side_green,99,14.0,9.889,6,0,0,0,1,0,1,1,2729,2630
2887,0,side_green,100,22.0,9.928,9,0,0,0,1,1,2,1,2730,2630
2888,0,side_green,98,30.0,9.892,8,0,0,0,1,1,2,1,2730,2632
2889,0,side_green,96,41.0,9.508,12,0,0,0,2,1,3,1,2731,2635
2890,0,side_green,96,54.0,9.036,13,0,0,0,2,2,4,1,2731,2635
2891,0,side_green,93,71.0,8.474,17,0,0,0,2,4,4,2,2731,2638
2892,0,side_green,94,90.0,7.884,20,0,0,0,2,5,4,3,2732,2638
2893,0,side_green,101,111.0,7.002,28,0,0,0,2,5,6,3,2739,2638
2894,0,side_green,100,139.0,6.755,28,0,0,0,4,7,7,3,2739,2639
2895,0,side_green,100,170.0,6.667,31,0,0,0,4,9,8,3,2739,2639
2896,0,side_green,100,203.0,6.685,33,0,0,0,5,10,8,3,2739,2639
2897,0,side_green,102,238.0,6.514,37,0,0,0,5,11,9,3,2741,2639
2898,0,side_green,102,276.0,6.51,38,0,0,0,5,11,10,4,2741,2639
2899,0,side_green,98,317.0,6.156,41,0,0,0,5,12,12,4,2741,2643
2900,0,side_green,92,360.0,5.589,43,0,0,0,6,12,13,4,2741,2649
2901,0,side_green,88,405.0,5.134,46,0,0,0,6,12,14,4,2742,2654
2902,0,side_green,86,453.0,4.837,49,0,0,0,6,12,15,4,2743,2657
2903,0,side_green,80,502.0,4.265,49,0,0,0,6,12,15,5,2743,2663
2904,0,side_green,77,551.0,3.933,49,0,0,0,6,12,15,5,2743,2666
2905,0,side_green,81,601.0,3.284,57,0,0,0,6,12,15,5,2750,2669
2906,0,side_green,81,651.0,3.383,50,0,0,0,6,12,15,5,2750,2669
2907,0,side_green,82,702.0,3.471,52,0,0,0,6,12,16,5,2751,2669
2908,0,side_green,82,754.0,3.691,52,0,0,0,6,12,16,5,2751,2669
2909,0,side_green,83,807.0,3.826,54,0,0,0,6,12,16,5,2752,2669
2910,0,side_green,83,860.0,3.923,53,0,0,0,6,12,16,5,2752,2669
2911,0,side_green,83,913.0,4.048,53,0,0,0,6,12,16,5,2752,2669
2912,0,side_green,84,966.0,3.993,54,0,0,0,6,12,16,5,2753,2669
2913,0,side_green,85,1021.0,4.062,56,0,0,0,6,12,16,5,2754,2669
2914,0,side_green,81,1076.0,3.63,55,0,0,0,6,12,16,5,2754,2673
2915,0,side_green,80,1131.0,3.556,55,0,0,0,6,12,16,5,2754,2674
2916,0,side_green,80,1187.0,3.481,56,0,0,0,6,12,16,5,2754,2674
2917,0,side_green,87,1243.0,3.133,63,0,0,0,6,12,16,5,2761,2674
2918,0,side_green,88,1299.0,3.271,57,0,0,0,6,12,16,5,2762,2674
2919,0,side_green,88,1356.0,3.381,57,0,0,0,6,12,16,5,2762,2674
2920,0,side_green,88,1414.0,3.478,58,0,0,0,6,12,16,5,2762,2674
2921,0,side_green,89,1472.0,3.579,59,0,0,0,6,12,16,5,2763,2674
2922,0,side_green,89,1530.0,3.724,58,0,0,0,6,12,16,5,2763,2674
2923,1,side_yellow,90,1590.0,3.778,61,1,1,1,6,12,16,5,2764,2674
2924,1,side_yellow,90,1650.0,3.738,60,1,1,1,6,12,16,5,2764,2674
2925,1,side_yellow,90,1710.0,3.54,61,1,1,1,6,12,16,5,2765,2675
2926,2,main_green,88,1287.0,3.614,48,2,2,2,4,10,14,3,2765,2677
2927,2,main_green,86,917.0,3.91,38,2,2,2,2,8,12,1,2765,2679
2928,2,main_green,86,622.0,4.35,29,2,2,2,0,6,10,0,2766,2680
2929,2,main_green,93,434.0,4.722,27,2,2,2,0,4,8,0,2773,2680
2930,2,main_green,93,276.0,5.675,13,2,2,2,0,2,6,0,2773,2680
2931,2,main_green,93,133.0,6.751,7,2,2,2,0,0,4,0,2773,2680
2932,2,main_green,93,69.0,7.813,4,2,2,2,0,0,2,0,2773,2680
2933,2,main_green,95,13.0,8.537,4,2,2,2,0,0,0,0,2775,2680
2934,2,main_green,94,15.0,9.202,2,2,2,2,0,0,0,0,2775,2681
2935,2,main_green,94,17.0,9.698,2,2,2,2,0,0,0,0,2775,2681
2936,2,main_green,94,20.0,10.157,3,2,2,2,0,0,0,0,2775,2681
2937,2,main_green,95,27.0,10.444,8,2,2,2,0,0,0,0,2776,2681
2938,2,main_green,94,34.0,10.515,8,2,2,2,0,0,0,0,2777,2683
2939,2,main_green,92,42.0,10.809,8,2,2,2,0,0,0,0,2777,2685
2940,2,main_green,92,50.0,11.01,8,2,2,2,0,0,0,0,2777,2685
2941,2,main_green,99,58.0,10.292,15,2,2,2,0,0,0,0,2784,2685
2942,2,main_green,99,66.0,10.474,8,2,2,2,0,0,0,0,2784,2685
2943,2,main_green,100,74.0,10.539,9,2,2,2,0,0,0,0,2785,2685
2944,2,main_green,100,82.0,10.667,8,2,2,2,0,0,0,0,2785,2685
2945,2,main_green,101,90.0,10.718,9,2,2,2,0,0,0,0,2786,2685
2946,2,main_green,101,98.0,10.544,8,2,2,2,0,0,0,0,2786,2685
2947,2,main_green,101,106.0,10.431,8,2,2,2,0,0,0,0,2786,2685
2948,2,main_green,102,114.0,10.358,9,2,2,2,0,0,0,0,2787,2685
2949,2,main_green,103,126.0,10.351,13,2,2,2,0,0,0,0,2788,2685
2950,2,main_green,103,140.0,10.43,14,2,2,2,0,0,0,0,2788,2685
2951,2,main_green,103,154.0,10.394,14,2,2,2,0,0,0,0,2788,2685
2952,2,main_green,100,168.0,10.387,14,2,2,2,0,0,0,0,2788,2688
2953,2,main_green,106,182.0,9.785,21,2,2,2,0,0,0,0,2795,2689
2954,2,main_green,105,196.0,9.819,15,2,2,2,0,0,0,0,2796,2691
2955,2,main_green,103,210.0,9.919,14,2,2,2,0,0,0,0,2796,2693
2956,2,main_green,101,224.0,9.993,14,2,2,2,0,0,0,0,2796,2695
2957,2,main_green,100,238.0,9.874,15,2,2,2,0,0,0,0,2797,2697
2958,2,main_green,99,252.0,9.857,14,2,2,2,0,0,0,0,2797,2698
2959,2,main_green,98,266.0,9.634,15,2,2,2,0,0,0,0,2798,2700
2960,2,main_green,96,282.0,9.569,16,2,2,2,0,0,0,0,2798,2702
2961,2,main_green,94,298.0,9.406,17,2,2,2,0,0,0,0,2799,2705
2962,2,main_green,92,317.0,9.342,19,2,2,2,0,0,0,0,2799,2707
2963,2,main_green,91,337.0,9.432,20,2,2,2,0,0,0,0,2799,2708
2964,2,main_green,91,357.0,9.302,21,2,2,2,0,0,0,0,2800,2709
2965,2,main_green,98,377.0,8.844,27,2,2,2,0,0,0,0,2807,2709
2966,2,main_green,96,397.0,8.86,20,2,2,2,0,0,0,0,2807,2711
2967,2,main_green,95,417.0,8.942,20,2,2,2,0,0,0,0,2807,2712
2968,3,main_yellow,94,437.0,9.029,20,3,3,3,0,0,0,0,2807,2713
2969,3,main_yellow,96,457.0,8.747,22,3,3,3,0,0,0,0,2809,2713
2970,3,main_yellow,96,478.0,8.548,21,3,3,3,1,0,0,0,2809,2713
2971,0,side_green,96,111.0,8.578,9,0,0,0,1,0,0,0,2809,2713
2972,0,side_green,96,5.0,8.821,3,0,0,0,2,0,0,0,2809,2713
2973,0,side_green,97,9.0,8.99,6,0,0,0,3,0,0,1,2810,2713
2974,0,side_green,97,14.0,9.174,6,0,0,0,3,0,0,1,2811,2714
2975,0,side_green,97,20.0,9.514,6,0,0,0,4,0,0,1,2811,2714
2976,0,side_green,97,28.0,9.886,8,0,0,0,4,1,1,1,2811,2714
2977,0,side_green,103,38.0,9.463,17,0,0,0,4,2,1,1,2818,2715
2978,0,side_green,102,49.0,9.605,11,0,0,0,5,2,1,1,2818,2716
2979,0,side_green,103,62.0,9.484,14,0,0,0,5,3,1,1,2819,2716
2980,0,side_green,101,77.0,9.294,15,0,0,0,5,4,1,1,2819,2718
2981,0,side_green,101,92.0,8.956,16,0,0,0,5,4,1,1,2820,2719
2982,0,side_green,100,111.0,8.673,19,0,0,0,5,6,2,1,2820,2720
2983,0,side_green,99,131.0,8.533,20,0,0,0,5,6,3,1,2820,2721
2984,0,side_green,99,156.0,8.209,26,0,0,0,5,8,5,1,2821,2722
2985,0,side_green,99,183.0,7.794,28,0,0,0,5,9,5,2,2822,2723
2986,0,side_green,99,212.0,7.485,29,0,0,0,6,9,6,2,2822,2723
2987,0,side_green,99,245.0,7.337,33,0,0,0,7,11,7,2,2822,2723
2988,0,side_green,98,279.0,6.968,34,0,0,0,7,12,7,2,2822,2724
2989,0,side_green,99,315.0,5.796,43,0,0,0,7,12,8,2,2829,2730
2990,0,side_green,97,353.0,5.376,39,0,0,0,7,12,10,2,2830,2733
2991,0,side_green,93,393.0,5.0,40,0,0,0,7,12,11,2,2830,2737
2992,0,side_green,86,438.0,4.336,45,0,0,0,7,13,13,2,2830,2744
2993,0,side_green,84,486.0,4.106,49,0,0,0,8,13,13,4,2831,2747
2994,0,side_green,83,535.0,4.143,49,0,0,0,8,13,14,4,2831,2748
2995,0,side_green,83,585.0,4.051,51,0,0,0,8,13,14,5,2832,2749
2996,0,side_green,82,637.0,4.141,52,0,0,0,8,13,15,5,2832,2750
2997,0,side_green,83,690.0,4.135,54,0,0,0,8,13,15,5,2833,2750
2998,0,side_green,80,743.0,3.747,53,0,0,0,8,13,15,5,2833,2753
2999,0,side_green,78,796.0,3.486,53,0,0,0,8,13,15,5,2833,2755
3000,0,side_green,79,850.0,3.466,55,0,0,0,8,13,15,5,2834,2755
3001,0,side_green,86,905.0,3.152,62,0,0,0,8,13,15,5,2841,2755
3002,0,side_green,86,961.0,3.354,56,0,0,0,8,13,15,5,2841,2755
3003,0,side_green,86,1017.0,3.505,56,0,0,0,8,13,15,5,2841,2755
3004,0,side_green,86,1073.0,3.64,56,0,0,0,8,13,15,5,2841,2755
3005,0,side_green,87,1129.0,3.569,58,0,0,0,8,13,15,5,2843,2756
3006,0,side_green,87,1185.0,3.667,56,0,0,0,8,13,15,5,2843,2756
3007,0,side_green,87,1242.0,3.741,57,0,0,0,8,13,15,5,2843,2756
3008,0,side_green,87,1300.0,3.845,58,0,0,0,8,13,15,5,2843,2756
3009,0,side_green,88,1358.0,3.774,59,0,0,0,8,13,15,5,2844,2756
3010,0,side_green,87,1416.0,3.501,59,0,0,0,8,13,15,5,2845,2758
3011,0,side_green,86,1475.0,3.433,59,0,0,0,8,13,15,5,2845,2759
3012,0,side_green,85,1535.0,3.431,60,0,0,0,8,13,15,5,2845,2760
3013,1,side_yellow,91,1595.0,3.019,67,1,1,1,8,13,15,5,2852,2761
3014,1,side_yellow,91,1656.0,3.183,61,1,1,1,8,13,15,5,2852,2761
3015,1,side_yellow,92,1717.0,3.211,62,1,1,1,8,13,15,5,2853,2761
3016,2,main_green,92,1300.0,3.585,50,2,2,2,6,11,13,3,2853,2761
3017,2,main_green,92,939.0,3.954,40,2,2,2,4,9,11,1,2854,2762
3018,2,main_green,92,644.0,4.541,28,2,2,2,2,7,9,0,2854,2762
3019,2,main_green,92,411.0,5.219,18,2,2,2,0,5,7,0,2854,2762
3020,2,main_green,93,257.0,6.036,12,2,2,2,0,3,5,0,2855,2762
3021,2,main_green,94,120.0,6.966,7,2,2,2,0,1,3,0,2856,2762
3022,2,main_green,92,30.0,7.855,3,2,2,2,0,0,1,0,2856,2764
3023,2,main_green,91,8.0,8.631,5,2,2,2,0,0,0,0,2856,2765
3024,2,main_green,90,14.0,9.34,6,2,2,2,0,0,0,0,2856,2766
3025,2,main_green,97,20.0,9.361,13,2,2,2,0,0,0,0,2863,2766
3026,2,main_green,97,26.0,9.822,7,2,2,2,0,0,0,0,2864,2767
3027,2,main_green,97,32.0,10.389,6,2,2,2,0,0,0,0,2864,2767
3028,2,main_green,97,38.0,10.732,6,2,2,2,0,0,0,0,2864,2767
3029,2,main_green,98,44.0,10.84,7,2,2,2,0,0,0,0,2865,2767
3030,2,main_green,97,50.0,10.944,6,2,2,2,0,0,0,0,2865,2768
3031,2,main_green,98,56.0,10.768,7,2,2,2,0,0,0,0,2866,2768
3032,2,main_green,98,62.0,10.736,6,2,2,2,0,0,0,0,2866,2768
3033,2,main_green,99,71.0,10.609,10,2,2,2,0,0,0,0,2867,2768
3034,2,main_green,99,81.0,10.533,10,2,2,2,0,0,0,0,2867,2768
3035,2,main_green,99,93.0,10.62,12,2,2,2,0,0,0,0,2867,2768
3036,2,main_green,100,105.0,10.554,13,2,2,2,0,0,0,0,2868,2768
3037,2,main_green,107,117.0,10.006,19,2,2,2,0,0,0,0,2875,2768
3038,2,main_green,107,129.0,10.104,12,2,2,2,0,0,0,0,2875,2768
3039,2,main_green,107,141.0,10.268,12,2,2,2,0,0,0,0,2875,2768
3040,2,main_green,107,153.0,10.45,12,2,2,2,0,0,0,0,2875,2768
3041,2,main_green,109,165.0,10.186,14,2,2,2,0,0,0,0,2877,2768
3042,2,main_green,106,177.0,9.999,12,2,2,2,0,0,0,0,2877,2771
3043,2,main_green,106,190.0,9.888,13,2,2,2,0,0,0,0,2877,2771
3044,2,main_green,103,206.0,9.87,16,2,2,2,0,0,0,0,2877,2774
3045,2,main_green,104,223.0,9.935,18,2,2,2,0,0,0,0,2878,2774
3046,2,main_green,102,241.0,9.779,19,2,2,2,0,0,0,0,2879,2777
3047,2,main_green,101,259.0,9.887,18,2,2,2,0,0,0,0,2879,2778
3048,2,main_green,99,277.0,9.93,18,2,2,2,0,0,0,0,2879,2780
3049,2,main_green,104,295.0,9.264,25,2,2,2,0,0,0,0,2886,2782
3050,2,main_green,103,313.0,9.297,18,2,2,2,0,0,0,0,2886,2783
3051,2,main_green,101,331.0,9.439,19,2,2,2,0,0,0,0,2887,2786
3052,2,main_green,100,349.0,9.521,18,2,2,2,0,0,0,0,2887,2787
3053,2,main_green,99,367.0,9.276,19,2,2,2,0,0,0,0,2888,2789
3054,2,main_green,99,385.0,9.372,18,2,2,2,0,0,0,0,2888,2789
3055,2,main_green,95,403.0,9.276,18,2,2,2,0,0,0,0,2888,2793
3056,2,main_green,96,421.0,9.104,19,2,2,2,0,0,0,0,2889,2793
3057,2,main_green,95,441.0,8.974,21,2,2,2,0,0,0,0,2890,2795
3058,3,main_yellow,95,465.0,8.919,24,3,3,3,0,0,0,0,2890,2795
3059,3,main_yellow,94,489.0,8.899,24,3,3,3,0,0,0,0,2890,2796
3060,3,main_yellow,94,514.0,8.859,25,3,3,3,1,0,0,0,2890,2796
3061,0,side_green,101,135.0,8.333,21,0,0,0,2,0,0,0,2897,2796
3062,0,side_green,102,5.0,8.611,3,0,0,0,2,0,0,0,2898,2796
3063,0,side_green,102,8.0,8.979,3,0,0,0,2,0,0,0,2898,2796
3064,0,side_green,101,12.0,9.339,4,0,0,0,2,0,0,0,2898,2797
3065,0,side_green,100,18.0,9.417,7,0,0,0,2,0,0,1,2899,2799
3066,0,side_green,99,26.0,9.7,8,0,0,0,3,0,1,1,2899,2800
3067,0,side_green,98,35.0,9.656,10,0,0,0,3,1,1,1,2900,2802
3068,0,side_green,97,44.0,9.71,9,0,0,0,3,1,1,1,2900,2803
3069,0,side_green,98,56.0,9.503,13,0,0,0,3,2,3,1,2901,2803
3070,0,side_green,97,71.0,9.175,16,0,0,0,4,3,2,2,2901,2804
3071,0,side_green,97,89.0,8.824,18,0,0,0,4,3,4,2,2901,2804
3072,0,side_green,97,111.0,8.395,23,0,0,0,5,4,5,3,2902,2805
3073,0,side_green,102,136.0,7.48,32,0,0,0,5,5,6,3,2909,2807
3074,0,side_green,101,163.0,7.226,27,0,0,0,5,6,7,3,2909,2808
3075,0,side_green,101,193.0,7.15,30,0,0,0,6,7,7,3,2909,2808
3076,0,side_green,101,226.0,6.983,33,0,0,0,6,8,8,3,2909,2808
3077,0,side_green,103,260.0,6.648,36,0,0,0,6,9,8,3,2911,2808
3078,0,side_green,103,297.0,6.554,37,0,0,0,6,10,9,3,2911,2808
3079,0,side_green,98,336.0,6.31,39,0,0,0,6,11,9,3,2911,2813
3080,0,side_green,92,378.0,5.763,42,0,0,0,7,12,9,4,2911,2819
3081,0,side_green,86,422.0,5.039,45,0,0,0,7,12,11,4,2912,2826
3082,0,side_green,85,468.0,4.71,47,0,0,0,8,12,12,4,2913,2828
3083,0,side_green,81,516.0,4.291,48,0,0,0,8,12,13,4,2913,2832
3084,0,side_green,79,566.0,4.111,50,0,0,0,8,12,14,4,2913,2834
3085,0,side_green,84,616.0,3.648,57,0,0,0,8,12,14,4,2920,2836
3086,0,side_green,81,668.0,3.428,52,0,0,0,8,12,15,4,2920,2839
3087,0,side_green,82,720.0,3.572,53,0,0,0,8,12,15,4,2921,2839
3088,0,side_green,82,772.0,3.678,52,0,0,0,8,12,15,4,2921,2839
3089,0,side_green,83,825.0,3.771,54,0,0,0,8,12,15,4,2922,2839
3090,0,side_green,83,878.0,3.974,53,0,0,0,8,12,15,4,2922,2839
3091,0,side_green,83,931.0,4.175,53,0,0,0,8,12,15,4,2922,2839
3092,0,side_green,84,985.0,4.143,55,0,0,0,8,12,15,4,2923,2839
3093,0,side_green,85,1039.0,4.081,55,0,0,0,8,12,15,4,2924,2839
3094,0,side_green,82,1094.0,3.714,55,0,0,0,8,12,15,4,2924,2842
3095,0,side_green,82,1149.0,3.606,55,0,0,0,8,12,15,4,2924,2842
3096,0,side_green,81,1205.0,3.552,56,0,0,0,8,12,15,4,2924,2843
3097,0,side_green,87,1262.0,3.175,64,0,0,0,8,12,15,4,2931,2844
3098,0,side_green,88,1319.0,3.247,58,0,0,0,8,12,15,4,2932,2844
3099,0,side_green,88,1377.0,3.406,58,0,0,0,8,12,15,4,2932,2844
3100,0,side_green,87,1435.0,3.384,58,0,0,0,8,12,15,4,2932,2845
3101,0,side_green,88,1493.0,3.363,59,0,0,0,8,12,15,4,2933,2845
3102,0,side_green,88,1552.0,3.54,59,0,0,0,8,12,15,4,2933,2845
3103,1,side_yellow,89,1612.0,3.641,61,1,1,1,8,12,15,4,2934,2845
3104,1,side_yellow,89,1672.0,3.719,60,1,1,1,8,12,15,4,2934,2845
3105,1,side_yellow,90,1732.0,3.672,61,1,1,1,8,12,15,4,2935,2845
3106,2,main_green,89,1298.0,3.802,48,2,2,2,6,10,13,2,2935,2846
3107,2,main_green,87,917.0,4.076,38,2,2,2,4,8,11,0,2935,2848
3108,2,main_green,86,629.0,4.512,29,2,2,2,2,6,9,0,2936,2850
3109,2,main_green,93,387.0,4.927,25,2,2,2,0,4,7,0,2943,2850
3110,2,main_green,93,222.0,5.852,10,2,2,2,0,2,5,0,2943,2850
3111,2,main_green,93,86.0,6.948,3,2,2,2,0,0,3,0,2943,2850
3112,2,main_green,93,30.0,8.121,1,2,2,2,0,0,1,0,2943,2850
3113,2,main_green,95,0.0,8.86,2,2,2,2,0,0,0,0,2945,2850
3114,2,main_green,94,0.0,9.604,0,2,2,2,0,0,0,0,2945,2851
3115,2,main_green,94,0.0,10.244,0,2,2,2,0,0,0,0,2945,2851
3116,2,main_green,94,0.0,10.571,0,2,2,2,0,0,0,0,2945,2851
3117,2,main_green,95,2.0,10.748,3,2,2,2,0,0,0,0,2946,2851
3118,2,main_green,90,6.0,10.738,5,2,2,2,0,0,0,0,2947,2857
3119,2,main_green,90,12.0,10.918,6,2,2,2,0,0,0,0,2947,2857
3120,2,main_green,90,18.0,11.075,6,2,2,2,0,0,0,0,2947,2857
3121,2,main_green,97,24.0,10.275,13,2,2,2,0,0,0,0,2954,2857
3122,2,main_green,97,30.0,10.415,6,2,2,2,0,0,0,0,2954,2857
3123,2,main_green,98,36.0,10.568,7,2,2,2,0,0,0,0,2955,2857
3124,2,main_green,98,42.0,10.714,6,2,2,2,0,0,0,0,2955,2857
3125,2,main_green,99,48.0,10.827,7,2,2,2,0,0,0,0,2956,2857
3126,2,main_green,99,54.0,10.923,6,2,2,2,0,0,0,0,2956,2857
3127,2,main_green,99,60.0,10.778,6,2,2,2,0,0,0,0,2956,2857
3128,2,main_green,100,66.0,10.627,7,2,2,2,0,0,0,0,2957,2857
3129,2,main_green,101,72.0,10.49,7,2,2,2,0,0,0,0,2958,2857
3130,2,main_green,101,81.0,10.584,9,2,2,2,0,0,0,0,2958,2857
3131,2,main_green,101,91.0,10.633,10,2,2,2,0,0,0,0,2958,2857
3132,2,main_green,97,103.0,10.546,12,2,2,2,0,0,0,0,2958,2861
3133,2,main_green,104,115.0,9.848,19,2,2,2,0,0,0,0,2965,2861
3134,2,main_green,103,127.0,9.979,13,2,2,2,0,0,0,0,2966,2863
3135,2,main_green,101,139.0,10.129,12,2,2,2,0,0,0,0,2966,2865
3136,2,main_green,100,151.0,10.198,12,2,2,2,0,0,0,0,2966,2866
3137,2,main_green,100,163.0,10.168,13,2,2,2,0,0,0,0,2967,2867
3138,2,main_green,99,175.0,10.103,12,2,2,2,0,0,0,0,2967,2868
3139,2,main_green,98,187.0,9.8,13,2,2,2,0,0,0,0,2968,2870
3140,2,main_green,96,201.0,9.709,14,2,2,2,0,0,0,0,2968,2872
3141,2,main_green,95,217.0,9.578,17,2,2,2,0,0,0,0,2969,2874
3142,2,main_green,94,235.0,9.595,18,2,2,2,0,0,0,0,2969,2875
3143,2,main_green,92,253.0,9.508,18,2,2,2,0,0,0,0,2969,2877
3144,2,main_green,91,271.0,9.45,19,2,2,2,0,0,0,0,2970,2879
3145,2,main_green,97,289.0,8.876,25,2,2,2,0,0,0,0,2977,2880
3146,2,main_green,96,307.0,9.106,18,2,2,2,0,0,0,0,2977,2881
3147,2,main_green,94,325.0,9.224,18,2,2,2,0,0,0,0,2977,2883
3148,3,main_yellow,93,343.0,9.177,18,3,3,3,0,0,0,0,2977,2884
3149,3,main_yellow,95,361.0,9.035,20,3,3,3,0,0,0,0,2979,2884
3150,3,main_yellow,95,379.0,9.216,18,3,3,3,0,0,0,0,2979,2884
3151,0,side_green,95,66.0,9.408,6,0,0,0,0,0,0,0,2979,2884
3152,0,side_green,95,0.0,9.533,0,0,0,0,0,0,0,0,2979,2884
3153,0,side_green,96,0.0,9.726,1,0,0,0,0,0,0,0,2980,2884
3154,0,side_green,96,0.0,9.864,1,0,0,0,0,0,0,0,2981,2885
3155,0,side_green,95,1.0,10.0,1,0,0,0,0,0,0,0,2981,2886
3156,0,side_green,95,4.0,10.313,3,0,0,0,1,0,0,1,2981,2886
3157,0,side_green,100,12.0,9.585,15,0,0,0,1,2,1,1,2988,2888
3158,0,side_green,99,20.0,9.677,8,0,0,0,1,2,1,1,2988,2889
3159,0,side_green,98,30.0,9.481,11,0,0,0,3,2,1,1,2989,2891
3160,0,side_green,96,42.0,9.117,12,0,0,0,3,3,2,1,2989,2893
3161,0,side_green,97,57.0,8.854,16,0,0,0,4,3,3,2,2990,2893
3162,0,side_green,97,73.0,8.626,16,0,0,0,4,3,3,3,2990,2893
3163,0,side_green,95,92.0,8.31,19,0,0,0,5,4,4,3,2990,2895
3164,0,side_green,95,114.0,7.821,23,0,0,0,5,4,6,3,2991,2896
3165,0,side_green,96,138.0,7.524,25,0,0,0,5,4,6,4,2992,2896
3166,0,side_green,96,165.0,7.104,27,0,0,0,5,4,8,4,2992,2896
3167,0,side_green,96,195.0,6.885,30,0,0,0,5,5,8,4,2992,2896
3168,0,side_green,96,229.0,6.61,34,0,0,0,5,6,10,5,2992,2896
3169,0,side_green,102,268.0,5.958,46,0,0,0,6,8,12,5,2999,2897
3170,0,side_green,98,307.0,5.478,40,0,0,0,6,8,12,5,3000,2902
3171,0,side_green,92,350.0,4.967,43,0,0,0,6,10,14,5,3000,2908
3172,0,side_green,87,394.0,4.536,44,0,0,0,6,10,14,6,3000,2913
3173,0,side_green,82,441.0,3.894,48,0,0,0,6,12,14,6,3001,2919
3174,0,side_green,82,490.0,3.995,49,0,0,0,6,12,15,6,3001,2919
3175,0,side_green,82,543.0,4.04,54,0,0,0,7,13,15,6,3002,2920
3176,0,side_green,82,596.0,4.153,53,0,0,0,7,13,15,6,3002,2920
3177,0,side_green,83,649.0,4.145,54,0,0,0,7,13,15,6,3003,2920
3178,0,side_green,81,702.0,3.952,53,0,0,0,7,13,15,6,3003,2922
3179,0,side_green,79,755.0,3.691,53,0,0,0,7,13,15,6,3003,2924
3180,0,side_green,80,808.0,3.629,54,0,0,0,7,13,15,6,3004,2924
3181,0,side_green,87,861.0,3.345,60,0,0,0,7,13,15,6,3011,2924
3182,0,side_green,86,916.0,3.299,55,0,0,0,7,13,15,6,3011,2925
3183,0,side_green,85,972.0,3.296,56,0,0,0,7,13,15,6,3011,2926
3184,0,side_green,85,1028.0,3.474,56,0,0,0,7,13,15,6,3011,2926
3185,0,side_green,87,1085.0,3.51,59,0,0,0,7,13,15,6,3013,2926
3186,0,side_green,87,1142.0,3.603,57,0,0,0,7,13,15,6,3013,2926
3187,0,side_green,87,1200.0,3.785,58,0,0,0,7,13,15,6,3013,2926
3188,0,side_green,87,1258.0,3.758,58,0,0,0,7,13,15,6,3013,2926
3189,0,side_green,88,1316.0,3.697,59,0,0,0,7,13,15,6,3014,2926
3190,0,side_green,86,1374.0,3.385,59,0,0,0,7,13,15,6,3015,2929
3191,0,side_green,85,1433.0,3.342,59,0,0,0,7,13,15,6,3015,2930
3192,0,side_green,85,1493.0,3.373,60,0,0,0,7,13,15,6,3015,2930
3193,1,side_yellow,92,1553.0,3.075,67,1,1,1,7,13,15,6,3022,2930
3194,1,side_yellow,92,1613.0,3.146,60,1,1,1,7,13,15,6,3022,2930
3195,1,side_yellow,92,1674.0,3.151,62,1,1,1,7,13,15,6,3023,2931
3196,2,main_green,91,1269.0,3.469,49,2,2,2,5,11,13,4,3023,2932
3197,2,main_green,92,907.0,4.022,39,2,2,2,3,9,11,2,3024,2932
3198,2,main_green,92,590.0,4.741,27,2,2,2,1,7,9,0,3024,2932
3199,2,main_green,92,395.0,5.426,18,2,2,2,0,5,7,0,3024,2932
3200,2,main_green,93,251.0,6.077,12,2,2,2,0,3,5,0,3025,2932
3201,2,main_green,93,125.0,6.907,7,2,2,2,0,1,3,0,3026,2933
3202,2,main_green,93,35.0,7.871,6,2,2,2,0,0,1,0,3026,2933
3203,2,main_green,90,11.0,8.549,5,2,2,2,0,0,0,0,3026,2936
3204,2,main_green,90,17.0,9.239,6,2,2,2,0,0,0,0,3026,2936
3205,2,main_green,97,23.0,9.041,13,2,2,2,0,0,0,0,3033,2936
3206,2,main_green,98,29.0,9.516,7,2,2,2,0,0,0,0,3034,2936
3207,2,main_green,98,35.0,10.078,6,2,2,2,0,0,0,0,3034,2936
3208,2,main_green,96,41.0,10.486,6,2,2,2,0,0,0,0,3034,2938
3209,2,main_green,97,47.0,10.587,7,2,2,2,0,0,0,0,3035,2938
3210,2,main_green,97,53.0,10.705,6,2,2,2,0,0,0,0,3035,2938
3211,2,main_green,98,59.0,10.511,7,2,2,2,0,0,0,0,3036,2938
3212,2,main_green,98,66.0,10.473,7,2,2,2,0,0,0,0,3036,2938
3213,2,main_green,99,74.0,10.375,9,2,2,2,0,0,0,0,3037,2938
3214,2,main_green,99,84.0,10.444,10,2,2,2,0,0,0,0,3037,2938
3215,2,main_green,99,96.0,10.402,12,2,2,2,0,0,0,0,3037,2938
3216,2,main_green,100,108.0,10.367,13,2,2,2,0,0,0,0,3038,2938
3217,2,main_green,107,120.0,9.771,19,2,2,2,0,0,0,0,3045,2938
3218,2,main_green,107,132.0,9.974,12,2,2,2,0,0,0,0,3045,2938
3219,2,main_green,107,144.0,10.131,12,2,2,2,0,0,0,0,3045,2938
3220,2,main_green,107,156.0,10.203,12,2,2,2,0,0,0,0,3045,2938
3221,2,main_green,108,168.0,10.022,14,2,2,2,0,0,0,0,3047,2939
3222,2,main_green,105,180.0,9.931,12,2,2,2,0,0,0,0,3047,2942
3223,2,main_green,105,192.0,9.868,12,2,2,2,0,0,0,0,3047,2942
3224,2,main_green,103,205.0,9.794,13,2,2,2,0,0,0,0,3047,2944
3225,2,main_green,104,220.0,9.704,16,2,2,2,0,0,0,0,3048,2944
3226,2,main_green,103,237.0,9.598,18,2,2,2,0,0,0,0,3049,2946
3227,2,main_green,102,255.0,9.7,18,2,2,2,0,0,0,0,3049,2947
3228,2,main_green,101,273.0,9.746,18,2,2,2,0,0,0,0,3049,2948
3229,2,main_green,106,291.0,9.068,25,2,2,2,0,0,0,0,3056,2950
3230,2,main_green,104,309.0,9.252,18,2,2,2,0,0,0,0,3056,2952
3231,2,main_green,103,327.0,9.233,19,2,2,2,0,0,0,0,3057,2954
3232,2,main_green,101,345.0,9.306,18,2,2,2,0,0,0,0,3057,2956
3233,2,main_green,100,363.0,9.137,19,2,2,2,0,0,0,0,3058,2958
3234,2,main_green,97,381.0,9.148,18,2,2,2,0,0,0,0,3058,2961
3235,2,main_green,97,399.0,9.103,18,2,2,2,0,0,0,0,3058,2961
3236,2,main_green,96,419.0,8.84,21,2,2,2,0,0,0,0,3059,2963
3237,2,main_green,96,441.0,8.81,23,2,2,2,0,0,0,0,3060,2964
3238,3,main_yellow,95,464.0,8.779,23,3,3,3,0,0,0,0,3060,2965
3239,3,main_yellow,95,488.0,8.687,24,3,3,3,0,0,0,0,3060,2965
3240,3,main_yellow,95,513.0,8.688,25,3,3,3,1,0,0,0,3060,2965
3241,0,side_green,101,130.0,8.316,20,0,0,0,1,0,0,0,3067,2966
3242,0,side_green,102,3.0,8.755,2,0,0,0,1,0,0,0,3068,2966
3243,0,side_green,102,5.0,9.178,2,0,0,0,2,0,0,0,3068,2966
3244,0,side_green,102,7.0,9.568,2,0,0,0,2,0,0,0,3068,2966
3245,0,side_green,102,10.0,9.74,4,0,0,0,2,0,0,0,3069,2967
3246,0,side_green,102,13.0,10.055,3,0,0,0,2,0,0,0,3069,2967
3247,0,side_green,103,20.0,10.022,8,0,0,0,2,2,1,0,3070,2967
3248,0,side_green,103,28.0,10.081,8,0,0,0,2,2,1,0,3070,2967
3249,0,side_green,104,39.0,9.812,12,0,0,0,2,3,2,0,3071,2967
3250,0,side_green,104,53.0,9.567,14,0,0,0,4,3,3,0,3071,2967
3251,0,side_green,103,69.0,9.3,16,0,0,0,4,4,3,1,3071,2968
3252,0,side_green,103,88.0,8.907,20,0,0,0,5,5,3,2,3072,2969
3253,0,side_green,109,110.0,8.067,29,0,0,0,5,6,4,2,3079,2970
3254,0,side_green,106,133.0,7.875,23,0,0,0,5,7,4,2,3079,2973
3255,0,side_green,105,159.0,7.509,26,0,0,0,6,7,5,3,3079,2974
3256,0,side_green,103,190.0,7.236,31,0,0,0,6,9,6,3,3079,2976
3257,0,side_green,104,224.0,6.972,36,0,0,0,7,10,7,3,3081,2977
3258,0,side_green,103,260.0,6.819,36,0,0,0,7,11,8,3,3081,2978
3259,0,side_green,96,297.0,6.196,37,0,0,0,7,11,8,3,3081,2985
3260,0,side_green,92,338.0,5.724,41,0,0,0,7,13,10,3,3081,2989
3261,0,side_green,91,381.0,5.363,44,0,0,0,8,13,11,3,3082,2991
3262,0,side_green,84,426.0,4.54,46,0,0,0,8,13,12,3,3083,2999
3263,0,side_green,82,474.0,4.352,48,0,0,0,8,13,13,4,3083,3001
3264,0,side_green,77,523.0,3.891,49,0,0,0,8,13,14,4,3083,3006
3265,0,side_green,83,574.0,3.489,58,0,0,0,8,13,15,4,3090,3007
3266,0,side_green,81,626.0,3.499,52,0,0,0,8,13,15,4,3090,3009
3267,0,side_green,82,678.0,3.605,53,0,0,0,8,13,15,4,3091,3009
3268,0,side_green,82,730.0,3.813,52,0,0,0,8,13,15,4,3091,3009
3269,0,side_green,83,782.0,3.942,53,0,0,0,8,13,15,4,3092,3009
3270,0,side_green,83,834.0,4.016,52,0,0,0,8,13,15,4,3092,3009
3271,0,side_green,83,886.0,4.129,52,0,0,0,8,13,15,4,3092,3009
3272,0,side_green,84,939.0,4.067,54,0,0,0,8,13,15,4,3093,3009
3273,0,side_green,85,993.0,3.997,55,0,0,0,8,13,15,4,3094,3009
3274,0,side_green,83,1048.0,3.817,55,0,0,0,8,13,15,4,3094,3011
3275,0,side_green,82,1104.0,3.732,56,0,0,0,8,13,15,4,3094,3012
3276,0,side_green,80,1160.0,3.548,56,0,0,0,8,13,15,4,3094,3014
3277,0,side_green,87,1216.0,3.224,63,0,0,0,8,13,15,4,3101,3014
3278,0,side_green,87,1272.0,3.196,57,0,0,0,8,13,15,4,3102,3015
3279,0,side_green,87,1328.0,3.285,56,0,0,0,8,13,15,4,3102,3015
3280,0,side_green,87,1385.0,3.336,57,0,0,0,8,13,15,4,3102,3015
3281,0,side_green,88,1444.0,3.388,60,0,0,0,8,13,15,4,3103,3015
3282,0,side_green,88,1503.0,3.512,59,0,0,0,8,13,15,4,3103,3015
3283,1,side_yellow,89,1563.0,3.665,61,1,1,1,8,13,15,4,3104,3015
3284,1,side_yellow,89,1623.0,3.705,60,1,1,1,8,13,15,4,3104,3015
3285,1,side_yellow,90,1683.0,3.713,61,1,1,1,8,13,15,4,3105,3015
3286,2,main_green,90,1265.0,4.006,49,2,2,2,6,11,13,2,3105,3015
3287,2,main_green,87,904.0,4.139,37,2,2,2,4,9,11,0,3105,3018
3288,2,main_green,88,637.0,4.78,28,2,2,2,2,7,9,0,3106,3018
3289,2,main_green,93,398.0,4.991,24,2,2,2,0,5,7,0,3113,3020
3290,2,main_green,92,252.0,6.029,11,2,2,2,0,3,5,0,3113,3021
3291,2,main_green,92,118.0,7.138,5,2,2,2,0,1,3,0,3113,3021
3292,2,main_green,92,28.0,8.307,1,2,2,2,0,0,1,0,3113,3021
3293,2,main_green,94,0.0,9.132,2,2,2,2,0,0,0,0,3115,3021
3294,2,main_green,94,0.0,9.77,0,2,2,2,0,0,0,0,3115,3021
3295,2,main_green,94,0.0,10.193,0,2,2,2,0,0,0,0,3115,3021
3296,2,main_green,94,0.0,10.565,0,2,2,2,0,0,0,0,3115,3021
3297,2,main_green,95,2.0,10.765,3,2,2,2,0,0,0,0,3116,3021
3298,2,main_green,94,7.0,10.912,6,2,2,2,0,0,0,0,3117,3023
3299,2,main_green,92,13.0,11.023,6,2,2,2,0,0,0,0,3117,3025
3300,2,main_green,90,19.0,11.233,6,2,2,2,0,0,0,0,3117,3027
3301,2,main_green,97,25.0,10.47,13,2,2,2,0,0,0,0,3124,3027
3302,2,main_green,97,31.0,10.616,6,2,2,2,0,0,0,0,3124,3027
3303,2,main_green,98,37.0,10.684,7,2,2,2,0,0,0,0,3125,3027
3304,2,main_green,98,43.0,10.865,6,2,2,2,0,0,0,0,3125,3027
3305,2,main_green,99,49.0,10.791,7,2,2,2,0,0,0,0,3126,3027
3306,2,main_green,99,55.0,10.852,6,2,2,2,0,0,0,0,3126,3027
3307,2,main_green,99,61.0,10.924,6,2,2,2,0,0,0,0,3126,3027
3308,2,main_green,100,67.0,10.693,7,2,2,2,0,0,0,0,3127,3027
3309,2,main_green,101,75.0,10.477,9,2,2,2,0,0,0,0,3128,3027
3310,2,main_green,101,85.0,10.605,10,2,2,2,0,0,0,0,3128,3027
3311,2,main_green,101,97.0,10.612,12,2,2,2,0,0,0,0,3128,3027
3312,2,main_green,97,109.0,10.576,12,2,2,2,0,0,0,0,3128,3031
3313,2,main_green,104,121.0,9.919,19,2,2,2,0,0,0,0,3135,3031
3314,2,main_green,103,133.0,9.892,13,2,2,2,0,0,0,0,3136,3033
3315,2,main_green,103,145.0,10.115,12,2,2,2,0,0,0,0,3136,3033
3316,2,main_green,102,157.0,10.311,12,2,2,2,0,0,0,0,3136,3034
3317,2,main_green,101,169.0,10.125,13,2,2,2,0,0,0,0,3137,3036
3318,2,main_green,100,181.0,10.02,12,2,2,2,0,0,0,0,3137,3037
3319,2,main_green,99,193.0,9.835,13,2,2,2,0,0,0,0,3138,3039
3320,2,main_green,96,207.0,9.781,14,2,2,2,0,0,0,0,3138,3042
3321,2,main_green,96,224.0,9.765,18,2,2,2,0,0,0,0,3139,3043
3322,2,main_green,93,242.0,9.699,18,2,2,2,0,0,0,0,3139,3046
3323,2,main_green,93,260.0,9.821,18,2,2,2,0,0,0,0,3139,3046
3324,2,main_green,91,278.0,9.717,19,2,2,2,0,0,0,0,3140,3049
3325,2,main_green,98,296.0,9.031,25,2,2,2,0,0,0,0,3147,3049
3326,2,main_green,95,314.0,9.074,18,2,2,2,0,0,0,0,3147,3052
3327,2,main_green,94,332.0,9.288,18,2,2,2,0,0,0,0,3147,3053
3328,3,main_yellow,93,350.0,9.267,18,3,3,3,0,0,0,0,3147,3054
3329,3,main_yellow,94,368.0,9.023,20,3,3,3,0,0,0,0,3149,3055
3330,3,main_yellow,94,386.0,9.09,18,3,3,3,0,0,0,0,3149,3055
3331,0,side_green,94,67.0,9.107,6,0,0,0,0,0,0,0,3149,3055
3332,0,side_green,94,1.0,9.408,1,0,0,0,1,0,0,0,3149,3055
3333,0,side_green,95,2.0,9.569,2,0,0,0,1,0,0,0,3150,3055
3334,0,side_green,96,3.0,9.643,2,0,0,0,1,0,0,0,3151,3055
3335,0,side_green,94,6.0,9.715,3,0,0,0,1,0,0,1,3151,3057
3336,0,side_green,93,11.0,9.934,5,0,0,0,1,0,1,1,3151,3058
3337,0,side_green,99,19.0,9.28,15,0,0,0,1,1,2,1,3158,3059
3338,0,side_green,98,31.0,9.376,12,0,0,0,2,2,3,2,3158,3060
3339,0,side_green,99,45.0,9.089,15,0,0,0,2,2,4,3,3159,3060
3340,0,side_green,98,60.0,8.955,15,0,0,0,2,2,5,3,3159,3061
3341,0,side_green,96,76.0,8.564,17,0,0,0,2,3,5,3,3160,3064
3342,0,side_green,95,94.0,8.408,18,0,0,0,2,3,7,3,3160,3065
3343,0,side_green,94,114.0,8.302,20,0,0,0,2,5,7,3,3160,3066
3344,0,side_green,95,137.0,7.963,24,0,0,0,2,5,8,4,3161,3066
3345,0,side_green,95,162.0,7.567,26,0,0,0,3,6,8,4,3162,3067
3346,0,side_green,95,190.0,7.31,28,0,0,0,3,6,9,4,3162,3067
3347,0,side_green,95,220.0,7.025,30,0,0,0,3,6,10,4,3162,3067
3348,0,side_green,95,252.0,6.655,32,0,0,0,3,7,10,5,3162,3067
3349,0,side_green,98,288.0,5.697,43,0,0,0,3,8,12,5,3169,3071
3350,0,side_green,95,327.0,5.181,40,0,0,0,4,9,13,5,3170,3075
3351,0,side_green,89,366.0,4.706,39,0,0,0,4,9,13,5,3170,3081
3352,0,side_green,83,409.0,4.155,43,0,0,0,4,10,14,6,3170,3087
3353,0,side_green,81,456.0,3.955,48,0,0,0,5,11,15,6,3171,3090
3354,0,side_green,80,505.0,4.08,49,0,0,0,6,11,16,6,3171,3091
3355,0,side_green,81,554.0,4.186,50,0,0,0,6,11,16,6,3172,3091
3356,0,side_green,81,604.0,4.353,50,0,0,0,6,11,16,6,3172,3091
3357,0,side_green,82,655.0,4.294,52,0,0,0,6,12,16,6,3173,3091
3358,0,side_green,82,706.0,4.225,51,0,0,0,6,12,16,6,3173,3091
3359,0,side_green,81,757.0,4.126,51,0,0,0,6,12,16,6,3173,3092
3360,0,side_green,81,809.0,3.984,53,0,0,0,6,12,16,6,3174,3093
3361,0,side_green,88,862.0,3.672,60,0,0,0,6,12,16,6,3181,3093
3362,0,side_green,87,915.0,3.605,53,0,0,0,6,12,16,6,3181,3094
3363,0,side_green,87,968.0,3.648,53,0,0,0,6,12,16,6,3181,3094
3364,0,side_green,87,1023.0,3.724,55,0,0,0,6,12,16,6,3181,3094
3365,0,side_green,89,1079.0,3.786,58,0,0,0,6,12,16,6,3183,3094
3366,0,side_green,89,1135.0,3.959,56,0,0,0,6,12,16,6,3183,3094
3367,0,side_green,87,1192.0,3.987,57,0,0,0,6,12,16,6,3183,3096
3368,0,side_green,86,1249.0,3.989,57,0,0,0,6,12,16,6,3183,3097
3369,0,side_green,87,1306.0,3.902,58,0,0,0,6,12,16,6,3184,3097
3370,0,side_green,86,1364.0,3.637,59,0,0,0,6,12,16,6,3185,3099
3371,0,side_green,85,1422.0,3.565,58,0,0,0,6,12,16,6,3185,3100
3372,0,side_green,82,1481.0,3.228,59,0,0,0,6,12,16,6,3185,3103
3373,1,side_yellow,89,1540.0,2.93,66,1,1,1,6,12,16,6,3192,3103
3374,1,side_yellow,89,1600.0,2.996,60,1,1,1,6,12,16,6,3192,3103
3375,1,side_yellow,90,1660.0,3.094,61,1,1,1,6,12,16,6,3193,3103
3376,2,main_green,90,1241.0,3.499,49,2,2,2,4,10,14,4,3193,3103
3377,2,main_green,91,888.0,3.986,39,2,2,2,2,8,12,2,3194,3103
3378,2,main_green,91,574.0,4.639,26,2,2,2,0,6,10,0,3194,3103
3379,2,main_green,91,397.0,5.332,18,2,2,2,0,4,8,0,3194,3103
3380,2,main_green,92,252.0,5.98,12,2,2,2,0,2,6,0,3195,3103
3381,2,main_green,93,125.0,6.749,7,2,2,2,0,0,4,0,3196,3103
3382,2,main_green,90,65.0,7.606,6,2,2,2,0,0,2,0,3196,3106
3383,2,main_green,89,10.0,8.41,5,2,2,2,0,0,0,0,3196,3107
3384,2,main_green,88,15.0,9.105,5,2,2,2,0,0,0,0,3196,3108
3385,2,main_green,94,21.0,8.994,13,2,2,2,0,0,0,0,3203,3109
3386,2,main_green,95,27.0,9.574,7,2,2,2,0,0,0,0,3204,3109
3387,2,main_green,95,33.0,10.117,6,2,2,2,0,0,0,0,3204,3109
3388,2,main_green,95,39.0,10.537,6,2,2,2,0,0,0,0,3204,3109
3389,2,main_green,96,45.0,10.708,7,2,2,2,0,0,0,0,3205,3109
3390,2,main_green,96,51.0,10.815,6,2,2,2,0,0,0,0,3205,3109
3391,2,main_green,97,57.0,10.872,7,2,2,2,0,0,0,0,3206,3109
3392,2,main_green,97,63.0,10.805,6,2,2,2,0,0,0,0,3206,3109
3393,2,main_green,98,70.0,10.507,8,2,2,2,0,0,0,0,3207,3109
3394,2,main_green,98,78.0,10.506,8,2,2,2,0,0,0,0,3207,3109
3395,2,main_green,98,88.0,10.625,10,2,2,2,0,0,0,0,3207,3109
3396,2,main_green,99,100.0,10.57,13,2,2,2,0,0,0,0,3208,3109
3397,2,main_green,106,112.0,9.89,19,2,2,2,0,0,0,0,3215,3109
3398,2,main_green,106,124.0,10.092,12,2,2,2,0,0,0,0,3215,3109
3399,2,main_green,106,136.0,10.227,12,2,2,2,0,0,0,0,3215,3109
3400,2,main_green,106,148.0,10.36,12,2,2,2,0,0,0,0,3215,3109
3401,2,main_green,107,160.0,10.191,14,2,2,2,0,0,0,0,3217,3110
3402,2,main_green,104,172.0,9.995,12,2,2,2,0,0,0,0,3217,3113
3403,2,main_green,104,184.0,9.965,12,2,2,2,0,0,0,0,3217,3113
3404,2,main_green,101,198.0,9.991,14,2,2,2,0,0,0,0,3217,3116
3405,2,main_green,102,213.0,9.811,16,2,2,2,0,0,0,0,3218,3116
3406,2,main_green,100,230.0,9.668,18,2,2,2,0,0,0,0,3219,3119
3407,2,main_green,99,248.0,9.711,18,2,2,2,0,0,0,0,3219,3120
3408,2,main_green,98,266.0,9.785,18,2,2,2,0,0,0,0,3219,3121
3409,2,main_green,103,284.0,9.067,25,2,2,2,0,0,0,0,3226,3123
3410,2,main_green,102,302.0,9.259,18,2,2,2,0,0,0,0,3226,3124
3411,2,main_green,102,320.0,9.298,19,2,2,2,0,0,0,0,3227,3125
3412,2,main_green,99,338.0,9.359,18,2,2,2,0,0,0,0,3227,3128
3413,2,main_green,98,356.0,9.187,19,2,2,2,0,0,0,0,3228,3130
3414,2,main_green,97,374.0,9.27,18,2,2,2,0,0,0,0,3228,3131
3415,2,main_green,95,392.0,9.118,18,2,2,2,0,0,0,0,3228,3133
3416,2,main_green,95,411.0,8.945,20,2,2,2,0,0,0,0,3229,3134
3417,2,main_green,94,433.0,8.916,23,2,2,2,0,0,0,0,3230,3136
3418,3,main_yellow,94,457.0,8.888,24,3,3,3,0,0,0,0,3230,3136
3419,3,main_yellow,93,481.0,8.76,24,3,3,3,0,0,0,0,3230,3137
3420,3,main_yellow,93,506.0,8.504,25,3,3,3,1,0,0,0,3230,3137
3421,0,side_green,100,131.0,7.879,20,0,0,0,1,0,0,0,3237,3137
3422,0,side_green,101,5.0,8.2,4,0,0,0,3,0,0,0,3238,3137
3423,0,side_green,101,10.0,8.62,5,0,0,0,3,0,0,1,3238,3137
3424,0,side_green,101,18.0,9.014,8,0,0,0,4,0,0,1,3238,3137
3425,0,side_green,100,27.0,8.97,10,0,0,0,5,0,0,1,3239,3139
3426,0,side_green,99,37.0,9.17,10,0,0,0,5,1,0,1,3239,3140
3427,0,side_green,98,49.0,9.092,13,0,0,0,5,2,1,1,3240,3142
3428,0,side_green,97,64.0,9.232,15,0,0,0,5,3,1,2,3240,3143
3429,0,side_green,97,83.0,9.03,20,0,0,0,5,4,3,3,3241,3144
3430,0,side_green,97,105.0,8.793,22,0,0,0,6,4,4,3,3241,3144
3431,0,side_green,96,128.0,8.524,23,0,0,0,6,5,4,3,3241,3145
3432,0,side_green,97,152.0,8.215,25,0,0,0,6,6,4,3,3242,3145
3433,0,side_green,104,178.0,7.545,33,0,0,0,6,7,5,3,3249,3145
3434,0,side_green,104,206.0,7.434,28,0,0,0,7,7,5,3,3249,3145
3435,0,side_green,104,236.0,7.288,30,0,0,0,7,7,6,3,3249,3145
3436,0,side_green,102,268.0,7.032,32,0,0,0,8,7,7,3,3249,3147
3437,0,side_green,104,302.0,6.788,36,0,0,0,8,8,7,3,3251,3147
3438,0,side_green,104,338.0,6.635,36,0,0,0,9,8,8,3,3251,3147
3439,0,side_green,101,377.0,6.304,39,0,0,0,9,9,9,3,3251,3150
3440,0,side_green,95,418.0,5.843,41,0,0,0,9,9,9,4,3251,3156
3441,0,side_green,90,461.0,5.28,44,0,0,0,9,11,9,4,3252,3162
3442,0,side_green,84,507.0,4.703,47,0,0,0,9,11,10,5,3253,3169
3443,0,side_green,77,555.0,3.999,48,0,0,0,9,12,10,5,3253,3176
3444,0,side_green,76,603.0,3.897,48,0,0,0,9,12,10,5,3253,3177
3445,0,side_green,82,653.0,3.453,57,0,0,0,9,12,12,5,3260,3178
3446,0,side_green,82,703.0,3.705,50,0,0,0,9,12,12,5,3260,3178
3447,0,side_green,83,754.0,3.806,52,0,0,0,9,12,13,5,3261,3178
3448,0,side_green,83,805.0,4.031,51,0,0,0,9,12,13,5,3261,3178
3449,0,side_green,84,857.0,4.071,53,0,0,0,9,12,13,5,3262,3178
3450,0,side_green,84,909.0,4.162,52,0,0,0,9,12,13,5,3262,3178
3451,0,side_green,84,961.0,4.237,52,0,0,0,9,12,13,5,3262,3178
3452,0,side_green,85,1014.0,4.193,54,0,0,0,9,12,13,5,3263,3178
3453,0,side_green,85,1068.0,4.073,55,0,0,0,9,12,13,5,3264,3179
3454,0,side_green,82,1122.0,3.737,54,0,0,0,9,12,13,5,3264,3182
3455,0,side_green,82,1177.0,3.738,55,0,0,0,9,12,13,5,3264,3182
3456,0,side_green,81,1233.0,3.544,56,0,0,0,9,12,13,5,3264,3183
3457,0,side_green,87,1289.0,3.155,63,0,0,0,9,12,13,5,3271,3184
3458,0,side_green,88,1347.0,3.264,59,0,0,0,9,12,13,5,3272,3184
3459,0,side_green,88,1405.0,3.462,58,0,0,0,9,12,13,5,3272,3184
3460,0,side_green,87,1463.0,3.504,58,0,0,0,9,12,13,5,3272,3185
3461,0,side_green,88,1521.0,3.494,59,0,0,0,9,12,13,5,3273,3185
3462,0,side_green,88,1579.0,3.643,58,0,0,0,9,12,13,5,3273,3185
3463,1,side_yellow,89,1639.0,3.637,61,1,1,1,9,12,13,5,3274,3185
3464,1,side_yellow,89,1700.0,3.595,61,1,1,1,9,12,13,5,3274,3185
3465,1,side_yellow,90,1761.0,3.583,62,1,1,1,9,12,13,5,3275,3185
3466,2,main_green,86,1321.0,3.324,49,2,2,2,7,10,11,3,3275,3189
3467,2,main_green,85,925.0,3.784,38,2,2,2,5,8,9,1,3275,3190
3468,2,main_green,85,599.0,4.23,29,2,2,2,3,6,7,0,3276,3191
3469,2,main_green,92,355.0,4.697,26,2,2,2,1,4,5,0,3283,3191
3470,2,main_green,92,174.0,5.745,10,2,2,2,0,2,3,0,3283,3191
3471,2,main_green,92,45.0,6.845,6,2,2,2,0,0,1,0,3283,3191
3472,2,main_green,92,12.0,7.963,3,2,2,2,0,0,0,0,3283,3191
3473,2,main_green,94,12.0,8.578,4,2,2,2,0,0,0,0,3285,3191
3474,2,main_green,94,14.0,9.294,2,2,2,2,0,0,0,0,3285,3191
3475,2,main_green,94,16.0,9.851,2,2,2,2,0,0,0,0,3285,3191
3476,2,main_green,94,18.0,10.262,2,2,2,2,0,0,0,0,3285,3191
3477,2,main_green,95,23.0,10.514,6,2,2,2,0,0,0,0,3286,3191
3478,2,main_green,94,30.0,10.599,8,2,2,2,0,0,0,0,3287,3193
3479,2,main_green,92,38.0,10.839,8,2,2,2,0,0,0,0,3287,3195
3480,2,main_green,92,46.0,10.958,8,2,2,2,0,0,0,0,3287,3195
3481,2,main_green,99,54.0,10.194,15,2,2,2,0,0,0,0,3294,3195
3482,2,main_green,99,62.0,10.399,8,2,2,2,0,0,0,0,3294,3195
3483,2,main_green,100,70.0,10.412,9,2,2,2,0,0,0,0,3295,3195
3484,2,main_green,100,78.0,10.631,8,2,2,2,0,0,0,0,3295,3195
3485,2,main_green,101,86.0,10.571,9,2,2,2,0,0,0,0,3296,3195
3486,2,main_green,101,94.0,10.666,8,2,2,2,0,0,0,0,3296,3195
3487,2,main_green,101,102.0,10.774,8,2,2,2,0,0,0,0,3296,3195
3488,2,main_green,102,110.0,10.503,9,2,2,2,0,0,0,0,3297,3195
3489,2,main_green,103,118.0,10.258,9,2,2,2,0,0,0,0,3298,3195
3490,2,main_green,103,128.0,10.367,10,2,2,2,0,0,0,0,3298,3195
3491,2,main_green,102,142.0,10.323,14,2,2,2,0,0,0,0,3298,3196
3492,2,main_green,100,156.0,10.383,14,2,2,2,0,0,0,0,3298,3198
3493,2,main_green,106,170.0,9.7,21,2,2,2,0,0,0,0,3305,3199
3494,2,main_green,105,184.0,9.636,15,2,2,2,0,0,0,0,3306,3201
3495,2,main_green,102,198.0,9.825,14,2,2,2,0,0,0,0,3306,3204
3496,2,main_green,101,212.0,9.906,14,2,2,2,0,0,0,0,3306,3205
3497,2,main_green,99,226.0,9.838,15,2,2,2,0,0,0,0,3307,3208
3498,2,main_green,98,240.0,9.782,14,2,2,2,0,0,0,0,3307,3209
3499,2,main_green,99,254.0,9.69,15,2,2,2,0,0,0,0,3308,3209
3500,2,main_green,96,269.0,9.489,15,2,2,2,0,0,0,0,3308,3212
3501,2,main_green,97,285.0,9.411,17,2,2,2,0,0,0,0,3309,3212
3502,2,main_green,95,302.0,9.331,17,2,2,2,0,0,0,0,3309,3214
3503,2,main_green,95,322.0,9.429,20,2,2,2,0,0,0,0,3309,3214
3504,2,main_green,94,342.0,9.342,21,2,2,2,0,0,0,0,3310,3216
3505,2,main_green,101,362.0,8.747,27,2,2,2,0,0,0,0,3317,3216
3506,2,main_green,98,382.0,8.864,20,2,2,2,0,0,0,0,3317,3219
3507,2,main_green,97,402.0,8.976,20,2,2,2,0,0,0,0,3317,3220
3508,3,main_yellow,97,422.0,8.94,20,3,3,3,0,0,0,0,3317,3220
3509,3,main_yellow,99,442.0,8.614,22,3,3,3,0,0,0,0,3319,3220
3510,3,main_yellow,99,463.0,8.504,21,3,3,3,1,0,0,0,3319,3220
3511,0,side_green,99,105.0,8.509,9,0,0,0,1,0,0,0,3319,3220
3512,0,side_green,99,7.0,8.732,5,0,0,0,3,0,0,1,3319,3220
3513,0,side_green,100,10.0,8.956,5,0,0,0,3,0,0,1,3320,3220
3514,0,side_green,101,15.0,9.339,6,0,0,0,3,0,0,1,3321,3220
3515,0,side_green,101,22.0,9.635,7,0,0,0,5,0,0,1,3321,3220
3516,0,side_green,100,31.0,9.836,9,0,0,0,5,1,0,1,3321,3221
3517,0,side_green,106,41.0,9.238,17,0,0,0,5,1,1,1,3328,3222
3518,0,side_green,103,52.0,9.116,11,0,0,0,5,2,1,1,3328,3225
3519,0,side_green,102,65.0,8.767,14,0,0,0,6,3,1,1,3329,3227
3520,0,side_green,102,80.0,8.438,15,0,0,0,6,3,1,2,3329,3227
3521,0,side_green,102,99.0,8.104,20,0,0,0,6,5,2,2,3330,3228
3522,0,side_green,102,122.0,7.982,23,0,0,0,7,6,2,3,3330,3228
3523,0,side_green,102,147.0,7.882,25,0,0,0,7,6,4,3,3330,3228
3524,0,side_green,102,176.0,7.7,30,0,0,0,7,8,5,3,3331,3229
3525,0,side_green,103,207.0,7.396,32,0,0,0,8,9,5,3,3332,3229
3526,0,side_green,103,240.0,7.148,33,0,0,0,8,10,6,3,3332,3229
3527,0,side_green,103,274.0,6.903,34,0,0,0,8,11,6,3,3332,3229
3528,0,side_green,102,313.0,6.623,39,0,0,0,9,12,8,3,3332,3230
3529,0,side_green,105,354.0,5.873,48,0,0,0,9,12,9,3,3339,3234
3530,0,side_green,102,397.0,5.511,44,0,0,0,9,13,10,3,3340,3238
3531,0,side_green,99,442.0,5.326,45,0,0,0,9,13,11,3,3340,3241
3532,0,side_green,92,490.0,4.876,48,0,0,0,10,13,12,3,3340,3248
3533,0,side_green,89,540.0,4.686,51,0,0,0,10,13,12,5,3341,3252
3534,0,side_green,85,590.0,4.41,50,0,0,0,10,13,12,5,3341,3256
3535,0,side_green,83,640.0,4.199,51,0,0,0,10,13,12,5,3342,3259
3536,0,side_green,82,692.0,4.203,52,0,0,0,10,13,13,5,3342,3260
3537,0,side_green,83,745.0,4.135,54,0,0,0,10,13,13,5,3343,3260
3538,0,side_green,81,798.0,3.935,53,0,0,0,10,13,13,5,3343,3262
3539,0,side_green,80,851.0,3.841,53,0,0,0,10,13,13,5,3343,3263
3540,0,side_green,81,905.0,3.7,55,0,0,0,10,13,13,5,3344,3263
3541,0,side_green,86,960.0,3.248,62,0,0,0,10,13,13,5,3351,3265
3542,0,side_green,86,1016.0,3.365,56,0,0,0,10,13,13,5,3351,3265
3543,0,side_green,86,1072.0,3.56,56,0,0,0,10,13,13,5,3351,3265
3544,0,side_green,85,1128.0,3.551,56,0,0,0,10,13,13,5,3351,3266
3545,0,side_green,87,1184.0,3.561,58,0,0,0,10,13,13,5,3353,3266
3546,0,side_green,87,1240.0,3.721,56,0,0,0,10,13,13,5,3353,3266
3547,0,side_green,87,1298.0,3.876,58,0,0,0,10,13,13,5,3353,3266
3548,0,side_green,87,1356.0,3.938,58,0,0,0,10,13,13,5,3353,3266
3549,0,side_green,88,1414.0,3.842,59,0,0,0,10,13,13,5,3354,3266
3550,0,side_green,86,1472.0,3.467,59,0,0,0,10,13,13,5,3355,3269
3551,0,side_green,85,1530.0,3.454,58,0,0,0,10,13,13,5,3355,3270
3552,0,side_green,84,1590.0,3.355,60,0,0,0,10,13,13,5,3355,3271
3553,1,side_yellow,90,1650.0,3.035,67,1,1,1,10,13,13,5,3362,3272
3554,1,side_yellow,90,1710.0,3.165,60,1,1,1,10,13,13,5,3362,3272
3555,1,side_yellow,91,1771.0,3.277,62,1,1,1,10,13,13,5,3363,3272
3556,2,main_green,91,1348.0,3.645,49,2,2,2,8,11,11,3,3363,3272
3557,2,main_green,92,975.0,4.01,38,2,2,2,6,9,9,1,3364,3272
3558,2,main_green,92,668.0,4.492,27,2,2,2,4,7,7,0,3364,3272
3559,2,main_green,92,415.0,5.103,18,2,2,2,2,5,5,0,3364,3272
3560,2,main_green,93,204.0,5.858,11,2,2,2,0,3,3,0,3365,3272
3561,2,main_green,94,71.0,6.844,9,2,2,2,0,1,1,0,3366,3272
3562,2,main_green,92,9.0,7.844,5,2,2,2,0,0,0,0,3366,3274
3563,2,main_green,90,14.0,8.736,5,2,2,2,0,0,0,0,3366,3276
3564,2,main_green,89,20.0,9.544,6,2,2,2,0,0,0,0,3366,3277
3565,2,main_green,95,26.0,9.526,13,2,2,2,0,0,0,0,3373,3278
3566,2,main_green,96,32.0,10.026,7,2,2,2,0,0,0,0,3374,3278
3567,2,main_green,96,38.0,10.466,6,2,2,2,0,0,0,0,3374,3278
3568,2,main_green,96,44.0,10.857,6,2,2,2,0,0,0,0,3374,3278
3569,2,main_green,97,50.0,10.884,7,2,2,2,0,0,0,0,3375,3278
3570,2,main_green,97,56.0,10.928,6,2,2,2,0,0,0,0,3375,3278
3571,2,main_green,98,62.0,10.721,7,2,2,2,0,0,0,0,3376,3278
3572,2,main_green,98,69.0,10.614,7,2,2,2,0,0,0,0,3376,3278
3573,2,main_green,99,78.0,10.482,10,2,2,2,0,0,0,0,3377,3278
3574,2,main_green,99,89.0,10.508,11,2,2,2,0,0,0,0,3377,3278
3575,2,main_green,99,101.0,10.64,12,2,2,2,0,0,0,0,3377,3278
3576,2,main_green,100,113.0,10.71,13,2,2,2,0,0,0,0,3378,3278
3577,2,main_green,107,125.0,10.004,19,2,2,2,0,0,0,0,3385,3278
3578,2,main_green,107,137.0,10.119,12,2,2,2,0,0,0,0,3385,3278
3579,2,main_green,107,149.0,10.297,12,2,2,2,0,0,0,0,3385,3278
3580,2,main_green,107,161.0,10.385,12,2,2,2,0,0,0,0,3385,3278
3581,2,main_green,109,173.0,10.296,14,2,2,2,0,0,0,0,3387,3278
3582,2,main_green,107,185.0,10.24,12,2,2,2,0,0,0,0,3387,3280
3583,2,main_green,105,197.0,10.075,12,2,2,2,0,0,0,0,3387,3282
3584,2,main_green,104,211.0,10.047,14,2,2,2,0,0,0,0,3387,3283
3585,2,main_green,102,228.0,9.837,18,2,2,2,0,0,0,0,3388,3286
3586,2,main_green,102,246.0,9.804,19,2,2,2,0,0,0,0,3389,3287
3587,2,main_green,100,264.0,9.859,18,2,2,2,0,0,0,0,3389,3289
3588,2,main_green,99,282.0,9.837,18,2,2,2,0,0,0,0,3389,3290
3589,2,main_green,104,300.0,9.224,25,2,2,2,0,0,0,0,3396,3292
3590,2,main_green,102,318.0,9.319,18,2,2,2,0,0,0,0,3396,3294
3591,2,main_green,101,336.0,9.329,19,2,2,2,0,0,0,0,3397,3296
3592,2,main_green,100,354.0,9.503,18,2,2,2,0,0,0,0,3397,3297
3593,2,main_green,99,372.0,9.473,19,2,2,2,0,0,0,0,3398,3299
3594,2,main_green,99,390.0,9.567,18,2,2,2,0,0,0,0,3398,3299
3595,2,main_green,95,408.0,9.448,18,2,2,2,0,0,0,0,3398,3303
3596,2,main_green,96,426.0,9.218,19,2,2,2,0,0,0,0,3399,3303
3597,2,main_green,97,444.0,9.149,19,2,2,2,0,0,0,0,3400,3303
3598,3,main_yellow,97,464.0,9.124,20,3,3,3,0,0,0,0,3400,3303
3599,3,main_yellow,97,488.0,9.129,24,3,3,3,0,0,0,0,3400,3303
3600,3,main_yellow,97,512.0,9.005,24,3,3,3,0,0,0,0,3400,3303
