step,J1_phase_group,J2_phase_group,vehicle_count,total_waiting_time,mean_speed,total_queue,J1_phase,J2_phase,J1_side_pressure,J1_main_pressure,J2_side_pressure,J2_main_pressure
0,main_green,main_green,6,0.0,0.0,6,2,2,0.0,0.0,0.0,0.0
1,main_green,main_green,6,0.0,2.2160101741746376,0,2,2,0.0,0.0,0.0,0.0
2,main_green,main_green,6,0.0,4.202645001781639,0,2,2,0.0,0.0,0.0,0.0
3,main_green,main_green,6,0.0,6.158685374686804,0,2,2,0.0,0.0,0.0,0.0
4,main_green,main_green,7,0.0,6.98194049956011,1,2,2,0.0,0.0,0.0,0.0
5,main_green,main_green,7,0.0,9.034671975984905,0,2,2,0.0,0.0,0.0,0.0
6,main_green,main_green,8,0.0,9.657154982322233,1,2,2,0.0,0.0,0.0,0.0
7,main_green,main_green,8,0.0,10.455212413587658,0,2,2,0.0,0.0,0.0,0.0
8,main_green,main_green,9,0.0,9.729761485846751,1,2,2,0.0,0.0,0.0,0.0
9,main_green,main_green,9,0.0,10.410660589233593,0,2,2,0.0,0.0,0.0,0.0
10,main_green,main_green,9,0.0,11.060287410352728,0,2,2,4.0,6.0,4.0,4.0
11,main_green,main_green,10,0.0,10.406112790094825,1,2,2,4.0,6.0,4.0,4.0
12,main_green,main_green,15,0.0,7.347951170882676,5,2,2,4.0,6.0,4.0,4.0
13,main_green,main_green,15,0.0,8.216218041113112,0,2,2,4.0,6.0,4.0,4.0
14,main_green,main_green,15,0.0,9.174042781299445,0,2,2,4.0,6.0,4.0,4.0
15,main_green,main_green,15,0.0,10.13282096763819,0,2,2,4.0,6.0,4.0,4.0
16,main_green,main_green,17,0.0,9.249900650075102,2,2,2,4.0,6.0,4.0,4.0
17,main_green,main_green,17,0.0,9.29510704049555,0,2,2,4.0,6.0,4.0,4.0
18,main_green,main_green,17,0.0,9.41206579784426,0,2,2,4.0,6.0,4.0,4.0
19,main_green,main_green,17,1.0,9.115902733385273,1,2,2,4.0,6.0,4.0,4.0
20,main_green,main_green,18,4.0,8.580290668214353,4,2,2,8.0,10.0,8.0,8.0
21,main_green,main_green,19,8.0,8.499993725736514,5,2,2,8.0,10.0,8.0,8.0
22,main_green,main_green,19,12.0,9.013248486840984,4,2,2,8.0,10.0,8.0,8.0
23,main_green,main_green,19,16.0,9.222387112154045,4,2,2,8.0,10.0,8.0,8.0
24,main_green,main_green,24,20.0,7.35382144791916,9,2,2,8.0,10.0,8.0,8.0
25,main_green,main_green,24,24.0,8.041233754726017,4,2,2,8.0,10.0,8.0,8.0
26,main_green,main_green,25,28.0,8.192511319214,5,2,2,8.0,10.0,8.0,8.0
27,main_green,main_green,25,32.0,8.664736434860549,4,2,2,8.0,10.0,8.0,8.0
28,main_green,main_green,26,36.0,8.606662422280305,5,2,2,8.0,10.0,8.0,8.0
29,main_green,main_green,26,40.0,8.584648649018755,4,2,2,8.0,10.0,8.0,8.0
30,main_green,main_green,26,44.0,8.491601700069234,4,2,2,11.0,15.0,11.0,11.0
31,main_green,main_green,27,49.0,8.095623730645379,6,2,2,11.0,15.0,11.0,11.0
32,main_green,main_green,28,56.0,8.079216542239374,8,2,2,11.0,15.0,11.0,11.0
33,main_green,main_green,28,63.0,8.263259245142732,7,2,2,11.0,15.0,11.0,11.0
34,main_green,main_green,28,71.0,8.406300887907033,8,2,2,11.0,15.0,11.0,11.0
35,main_green,main_green,28,79.0,8.518967397938477,8,2,2,11.0,15.0,11.0,11.0
36,main_green,main_green,33,87.0,7.326634768117882,13,2,2,11.0,15.0,11.0,11.0
37,main_green,main_green,34,95.0,7.538714952386586,9,2,2,11.0,15.0,11.0,11.0
38,main_green,main_green,34,103.0,8.053000171978653,8,2,2,11.0,15.0,11.0,11.0
39,main_green,main_green,34,111.0,8.41499958770949,8,2,2,11.0,15.0,11.0,11.0
40,main_green,main_green,35,119.0,8.18759642865162,9,2,2,12.0,14.0,13.0,15.0
41,main_green,main_green,35,127.0,8.052156017684391,8,2,2,12.0,14.0,13.0,15.0
42,main_green,main_green,36,135.0,7.808000243858343,9,2,2,12.0,14.0,13.0,15.0
43,main_green,main_green,36,146.0,8.0476670988555,11,2,2,12.0,14.0,13.0,15.0
44,main_green,main_green,37,158.0,7.993647468438903,13,2,2,12.0,14.0,13.0,15.0
45,main_green,main_green,37,170.0,8.087491214683086,12,2,2,12.0,14.0,13.0,15.0
46,main_green,main_green,37,182.0,8.264884018883427,12,2,2,12.0,14.0,13.0,15.0
47,main_green,main_green,38,194.0,8.156903869341747,13,2,2,12.0,14.0,13.0,15.0
48,main_green,main_green,43,206.0,7.324768682324908,17,2,2,12.0,14.0,13.0,15.0
49,main_green,main_green,43,218.0,7.6639864069647325,12,2,2,12.0,14.0,13.0,15.0
50,main_green,main_green,43,230.0,7.954862854256941,12,2,2,15.0,15.0,15.0,15.0
51,main_green,main_green,43,242.0,7.984880803745415,12,2,2,15.0,15.0,15.0,15.0
52,main_green,main_green,45,254.0,7.674481312499507,14,2,2,15.0,15.0,15.0,15.0
53,main_green,main_green,45,266.0,7.919176091032798,12,2,2,15.0,15.0,15.0,15.0
54,main_green,main_green,45,278.0,7.934355121550267,12,2,2,15.0,15.0,15.0,15.0
55,main_green,main_green,45,291.0,7.949903249478462,13,2,2,15.0,15.0,15.0,15.0
56,main_green,main_green,46,304.0,7.867451419269972,14,2,2,15.0,15.0,15.0,15.0
57,main_green,main_green,47,320.0,7.805363394193634,17,2,2,15.0,15.0,15.0,15.0
58,main_green,main_green,47,336.0,7.896990547122075,16,2,2,15.0,15.0,15.0,15.0
59,main_green,main_green,47,352.0,8.037805802176223,16,2,2,15.0,15.0,15.0,15.0
60,main_green,main_green,52,368.0,7.364720775643657,21,2,2,12.0,14.0,13.0,15.0
61,main_green,main_green,52,384.0,7.658976907271422,16,2,2,12.0,14.0,13.0,15.0
62,main_green,main_green,53,400.0,7.75353878827122,17,2,2,12.0,14.0,13.0,15.0
63,main_green,main_green,53,416.0,8.0949166185497,16,2,2,12.0,14.0,13.0,15.0
64,main_green,main_green,54,432.0,7.842301098151064,17,2,2,12.0,14.0,13.0,15.0
65,main_green,main_green,54,448.0,7.895539554542059,16,2,2,12.0,14.0,13.0,15.0
66,main_green,main_green,54,464.0,7.742678193521765,16,2,2,12.0,14.0,13.0,15.0
67,main_green,main_green,55,482.0,7.656380959202044,19,2,2,12.0,14.0,13.0,15.0
68,main_green,main_green,56,502.0,7.65412079731328,21,2,2,12.0,14.0,13.0,15.0
69,main_green,main_green,56,522.0,7.847331086678872,20,2,2,12.0,14.0,13.0,15.0
70,yellow_transition,yellow_transition,56,542.0,7.875197266613119,20,3,3,14.0,10.0,15.0,13.0
71,yellow_transition,yellow_transition,55,562.0,7.688726574019799,20,3,3,14.0,10.0,15.0,13.0
72,yellow_transition,yellow_transition,59,582.0,6.687246741839523,25,3,3,14.0,10.0,15.0,13.0
73,side_green,side_green,60,220.0,6.884608409124172,14,0,0,14.0,10.0,15.0,13.0
74,side_green,side_green,60,33.0,7.39424284054644,6,0,0,14.0,10.0,15.0,13.0
75,side_green,side_green,60,6.0,8.069258051607822,3,0,0,14.0,10.0,15.0,13.0
76,side_green,side_green,61,10.0,8.685761165222619,5,0,0,14.0,10.0,15.0,13.0
77,side_green,side_green,61,14.0,9.332457750493942,4,0,0,14.0,10.0,15.0,13.0
78,side_green,side_green,62,18.0,9.755699750615687,5,0,0,14.0,10.0,15.0,13.0
79,side_green,side_green,62,22.0,10.277848269660186,4,0,0,14.0,10.0,15.0,13.0
80,side_green,side_green,63,26.0,10.224924964870247,5,0,0,14.0,10.0,15.0,13.0
81,side_green,side_green,61,32.0,10.12087766713431,6,0,0,14.0,10.0,15.0,13.0
82,side_green,side_green,61,41.0,10.037111089917534,9,0,0,14.0,10.0,15.0,13.0
83,yellow_transition,yellow_transition,61,50.0,9.68597944997194,10,1,1,-18.0,4.0,-15.0,9.0
84,yellow_transition,yellow_transition,66,60.0,8.9033900115682,15,1,1,-18.0,4.0,-15.0,9.0
85,yellow_transition,yellow_transition,66,72.0,8.848540529953194,12,1,1,-18.0,4.0,-15.0,9.0
86,main_green,main_green,65,13.0,9.160833787004544,4,2,2,-18.0,4.0,-15.0,9.0
87,main_green,main_green,64,1.0,9.3493852415485,1,2,2,-18.0,4.0,-15.0,9.0
88,main_green,main_green,66,0.0,9.68929026425875,2,2,2,-18.0,4.0,-15.0,9.0
89,main_green,main_green,66,0.0,10.089822534658282,0,2,2,-18.0,4.0,-15.0,9.0
90,main_green,main_green,66,0.0,10.448781572095065,0,2,2,-18.0,4.0,-15.0,9.0
91,main_green,main_green,61,0.0,10.922874427112674,0,2,2,-18.0,4.0,-15.0,9.0
92,main_green,main_green,59,0.0,11.06920553903241,1,2,2,-18.0,4.0,-15.0,9.0
93,main_green,main_green,55,3.0,10.929836704991851,4,2,2,-18.0,4.0,-15.0,9.0
94,main_green,main_green,50,6.0,10.91628428128778,3,2,2,-18.0,4.0,-15.0,9.0
95,main_green,main_green,46,9.0,11.029345750233183,3,2,2,-18.0,4.0,-15.0,9.0
96,main_green,main_green,46,13.0,9.70156812063186,9,2,2,-4.0,8.0,-5.0,7.0
97,main_green,main_green,46,17.0,10.068607664359252,4,2,2,-4.0,8.0,-5.0,7.0
98,main_green,main_green,47,21.0,10.19811048863283,5,2,2,-4.0,8.0,-5.0,7.0
99,main_green,main_green,47,25.0,10.561829392521968,4,2,2,-4.0,8.0,-5.0,7.0
100,main_green,main_green,48,29.0,10.494729585799197,5,2,2,-4.0,8.0,-5.0,7.0
101,main_green,main_green,48,33.0,10.636015677965196,4,2,2,-4.0,8.0,-5.0,7.0
102,main_green,main_green,48,37.0,10.673648275229475,4,2,2,-4.0,8.0,-5.0,7.0
103,main_green,main_green,49,42.0,10.382656250530493,6,2,2,-4.0,8.0,-5.0,7.0
104,main_green,main_green,50,47.0,10.019042868423048,6,2,2,-4.0,8.0,-5.0,7.0
105,main_green,main_green,50,54.0,10.171276893073694,7,2,2,-4.0,8.0,-5.0,7.0
106,main_green,main_green,50,62.0,10.334579158900308,8,2,2,0.0,14.0,-1.0,13.0
107,main_green,main_green,50,70.0,10.456988229144494,8,2,2,0.0,14.0,-1.0,13.0
108,main_green,main_green,55,78.0,9.53679312406396,13,2,2,0.0,14.0,-1.0,13.0
109,main_green,main_green,56,86.0,9.516855952616641,9,2,2,0.0,14.0,-1.0,13.0
110,main_green,main_green,56,94.0,9.807092376631317,8,2,2,0.0,14.0,-1.0,13.0
111,main_green,main_green,56,102.0,10.09481581451223,8,2,2,0.0,14.0,-1.0,13.0
112,main_green,main_green,55,110.0,9.7282393172315,9,2,2,0.0,14.0,-1.0,13.0
113,main_green,main_green,55,118.0,9.68393122666974,8,2,2,0.0,14.0,-1.0,13.0
114,main_green,main_green,54,126.0,9.327087560587763,9,2,2,0.0,14.0,-1.0,13.0
115,main_green,main_green,52,135.0,9.390313039089062,9,2,2,0.0,14.0,-1.0,13.0
116,main_green,main_green,52,147.0,9.254296675993135,13,2,2,6.0,14.0,3.0,11.0
117,main_green,main_green,51,159.0,9.255773042265922,12,2,2,6.0,14.0,3.0,11.0
118,main_green,main_green,49,171.0,9.255710988209207,12,2,2,6.0,14.0,3.0,11.0
119,main_green,main_green,49,183.0,9.225394673574828,13,2,2,6.0,14.0,3.0,11.0
120,main_green,main_green,54,195.0,8.364445463237669,17,2,2,6.0,14.0,3.0,11.0
121,main_green,main_green,54,207.0,8.784271454525634,12,2,2,6.0,14.0,3.0,11.0
122,main_green,main_green,54,219.0,8.916710802799619,12,2,2,6.0,14.0,3.0,11.0
123,main_green,main_green,54,231.0,9.088353998291062,12,2,2,6.0,14.0,3.0,11.0
124,main_green,main_green,56,243.0,8.84337773228844,14,2,2,6.0,14.0,3.0,11.0
125,main_green,main_green,56,255.0,8.948167033615624,12,2,2,6.0,14.0,3.0,11.0
126,main_green,main_green,56,267.0,9.098961171567499,12,2,2,9.0,9.0,8.0,8.0
127,main_green,main_green,56,279.0,9.012382581302843,12,2,2,9.0,9.0,8.0,8.0
128,main_green,main_green,57,293.0,8.80020700698099,15,2,2,9.0,9.0,8.0,8.0
129,main_green,main_green,58,308.0,8.747928427432553,16,2,2,9.0,9.0,8.0,8.0
130,main_green,main_green,58,323.0,8.857637083777608,15,2,2,9.0,9.0,8.0,8.0
131,main_green,main_green,58,339.0,8.962206581835776,16,2,2,9.0,9.0,8.0,8.0
132,main_green,main_green,63,355.0,8.380089764109654,21,2,2,9.0,9.0,8.0,8.0
133,main_green,main_green,63,371.0,8.528386481436119,16,2,2,9.0,9.0,8.0,8.0
134,main_green,main_green,62,387.0,8.495812774353048,17,2,2,9.0,9.0,8.0,8.0
135,main_green,main_green,61,403.0,8.541931085186734,16,2,2,9.0,9.0,8.0,8.0
136,yellow_transition,yellow_transition,61,419.0,8.318464555416227,17,3,3,11.0,9.0,12.0,10.0
137,yellow_transition,yellow_transition,60,435.0,8.154146152197365,16,3,3,11.0,9.0,12.0,10.0
138,yellow_transition,yellow_transition,60,452.0,8.156106815260248,17,3,3,11.0,9.0,12.0,10.0
139,side_green,side_green,61,143.0,8.09373742777056,10,0,0,11.0,9.0,12.0,10.0
140,side_green,side_green,60,5.0,8.197688170966646,4,0,0,11.0,9.0,12.0,10.0
141,side_green,side_green,60,1.0,8.682740368823405,1,0,0,11.0,9.0,12.0,10.0
142,side_green,side_green,59,3.0,9.133090342271133,2,0,0,11.0,9.0,12.0,10.0
143,side_green,side_green,57,6.0,9.67090721228707,3,0,0,11.0,9.0,12.0,10.0
144,side_green,side_green,60,9.0,9.144658456790673,8,0,0,11.0,9.0,12.0,10.0
145,side_green,side_green,61,13.0,9.38049665154507,5,0,0,11.0,9.0,12.0,10.0
146,side_green,side_green,61,18.0,9.767159943394491,5,0,0,11.0,9.0,12.0,10.0
147,side_green,side_green,60,23.0,9.780558474540358,5,0,0,11.0,9.0,12.0,10.0
148,side_green,side_green,61,30.0,9.81752975885352,8,0,0,11.0,9.0,12.0,10.0
149,yellow_transition,yellow_transition,60,38.0,9.759004739567951,8,1,1,-11.0,9.0,-9.0,7.0
150,yellow_transition,yellow_transition,61,47.0,9.447388188408132,10,1,1,-11.0,9.0,-9.0,7.0
151,yellow_transition,yellow_transition,61,56.0,9.353600584432758,9,1,1,-11.0,9.0,-9.0,7.0
152,main_green,main_green,61,11.0,9.134153301730054,6,2,2,-11.0,9.0,-9.0,7.0
153,main_green,main_green,61,3.0,9.485360570783627,2,2,2,-11.0,9.0,-9.0,7.0
154,main_green,main_green,60,5.0,9.692420499593075,2,2,2,-11.0,9.0,-9.0,7.0
155,main_green,main_green,61,7.0,9.87031145340551,3,2,2,-11.0,9.0,-9.0,7.0
156,main_green,main_green,66,9.0,9.561214774111514,7,2,2,-11.0,9.0,-9.0,7.0
157,main_green,main_green,66,11.0,10.282273142493734,2,2,2,-11.0,9.0,-9.0,7.0
158,main_green,main_green,58,13.0,10.658053360576632,2,2,2,-11.0,9.0,-9.0,7.0
159,main_green,main_green,56,15.0,11.178870893516061,2,2,2,-11.0,9.0,-9.0,7.0
160,main_green,main_green,52,17.0,10.829212451192221,4,2,2,-11.0,9.0,-9.0,7.0
161,main_green,main_green,51,19.0,10.819588785790266,2,2,2,-11.0,9.0,-9.0,7.0
162,main_green,main_green,48,21.0,11.007742149618329,2,2,2,-1.0,9.0,-7.0,9.0
163,main_green,main_green,45,24.0,10.809292697617602,3,2,2,-1.0,9.0,-7.0,9.0
164,main_green,main_green,45,29.0,10.466887901345054,6,2,2,-1.0,9.0,-7.0,9.0
165,main_green,main_green,44,34.0,10.116623661622414,6,2,2,-1.0,9.0,-7.0,9.0
166,main_green,main_green,44,40.0,10.273386489263702,6,2,2,-1.0,9.0,-7.0,9.0
167,main_green,main_green,44,46.0,10.499000300257817,6,2,2,-1.0,9.0,-7.0,9.0
168,main_green,main_green,49,52.0,9.596336779256337,11,2,2,-1.0,9.0,-7.0,9.0
169,main_green,main_green,49,58.0,9.727144642704623,6,2,2,-1.0,9.0,-7.0,9.0
170,main_green,main_green,50,64.0,9.802765121554204,7,2,2,-1.0,9.0,-7.0,9.0
171,main_green,main_green,50,70.0,10.096832789647612,6,2,2,-1.0,9.0,-7.0,9.0
172,main_green,main_green,51,76.0,9.978716629480012,7,2,2,3.0,11.0,1.0,19.0
173,main_green,main_green,51,82.0,9.975786758049143,6,2,2,3.0,11.0,1.0,19.0
174,main_green,main_green,51,88.0,10.007630692494665,6,2,2,3.0,11.0,1.0,19.0
175,main_green,main_green,52,96.0,9.953032139949226,9,2,2,3.0,11.0,1.0,19.0
176,main_green,main_green,53,104.0,9.956056302046273,9,2,2,3.0,11.0,1.0,19.0
177,main_green,main_green,53,113.0,9.964103336008119,9,2,2,3.0,11.0,1.0,19.0
178,main_green,main_green,51,122.0,10.050396295909762,9,2,2,3.0,11.0,1.0,19.0
179,main_green,main_green,51,131.0,9.96321590626179,9,2,2,3.0,11.0,1.0,19.0
180,main_green,main_green,52,141.0,8.914320260550117,15,2,2,3.0,11.0,1.0,19.0
181,main_green,main_green,51,151.0,8.821014892961228,11,2,2,3.0,11.0,1.0,19.0
182,main_green,main_green,50,161.0,9.032504838532509,10,2,2,12.0,12.0,8.0,14.0
183,main_green,main_green,50,171.0,9.24677590700321,10,2,2,12.0,12.0,8.0,14.0
184,main_green,main_green,51,181.0,9.018919100598048,11,2,2,12.0,12.0,8.0,14.0
185,main_green,main_green,51,191.0,9.129234425285864,10,2,2,12.0,12.0,8.0,14.0
186,main_green,main_green,52,201.0,8.82579613722527,11,2,2,12.0,12.0,8.0,14.0
187,main_green,main_green,52,211.0,8.985623270778975,10,2,2,12.0,12.0,8.0,14.0
188,main_green,main_green,53,224.0,8.879817762720975,14,2,2,12.0,12.0,8.0,14.0
189,main_green,main_green,53,238.0,8.931231604837457,14,2,2,12.0,12.0,8.0,14.0
190,main_green,main_green,53,252.0,9.084184757118093,14,2,2,12.0,12.0,8.0,14.0
191,main_green,main_green,54,266.0,9.042347070864686,15,2,2,12.0,12.0,8.0,14.0
192,main_green,main_green,59,280.0,8.353973574132452,19,2,2,9.0,9.0,5.0,11.0
193,main_green,main_green,59,294.0,8.665291574650206,14,2,2,9.0,9.0,5.0,11.0
194,main_green,main_green,59,308.0,8.927018056318405,14,2,2,9.0,9.0,5.0,11.0
195,main_green,main_green,59,322.0,8.969465677151979,14,2,2,9.0,9.0,5.0,11.0
196,main_green,main_green,61,336.0,8.643311968810268,16,2,2,9.0,9.0,5.0,11.0
197,main_green,main_green,61,350.0,8.704808614229803,14,2,2,9.0,9.0,5.0,11.0
198,main_green,main_green,61,365.0,8.669039342499232,15,2,2,9.0,9.0,5.0,11.0
199,main_green,main_green,61,380.0,8.768544449338492,15,2,2,9.0,9.0,5.0,11.0
200,main_green,main_green,62,397.0,8.625206981282,18,2,2,9.0,9.0,5.0,11.0
201,main_green,main_green,60,415.0,8.402655332825029,19,2,2,9.0,9.0,5.0,11.0
202,yellow_transition,yellow_transition,59,433.0,8.217777338812725,18,3,3,12.0,10.0,7.0,9.0
203,yellow_transition,yellow_transition,56,451.0,7.859000214361907,18,3,3,12.0,10.0,7.0,9.0
204,yellow_transition,yellow_transition,59,470.0,7.0586779596507,24,3,3,12.0,10.0,7.0,9.0
205,side_green,main_green,58,295.0,7.249333006624719,14,0,2,12.0,10.0,7.0,9.0
206,side_green,main_green,59,211.0,7.434077945614758,12,0,2,12.0,10.0,7.0,9.0
207,side_green,main_green,59,206.0,7.860785200480279,9,0,2,12.0,10.0,7.0,9.0
208,side_green,main_green,60,216.0,7.9879206051570195,11,0,2,12.0,10.0,7.0,9.0
209,side_green,main_green,60,226.0,8.186560106726537,10,0,2,12.0,10.0,7.0,9.0
210,side_green,main_green,59,237.0,8.421560936987554,11,0,2,12.0,10.0,7.0,9.0
211,side_green,main_green,59,248.0,8.579278213658998,12,0,2,12.0,10.0,7.0,9.0
212,side_green,main_green,60,262.0,8.728902469080179,15,0,2,12.0,10.0,7.0,9.0
213,side_green,main_green,60,276.0,8.872802619425135,14,0,2,12.0,10.0,7.0,9.0
214,side_green,main_green,60,290.0,8.886288953609334,14,0,2,12.0,10.0,7.0,9.0
215,yellow_transition,yellow_transition,59,305.0,8.84118425634823,15,1,3,-13.0,17.0,9.0,1.0
216,yellow_transition,yellow_transition,64,320.0,7.968211822400644,20,1,3,-13.0,17.0,9.0,1.0
217,yellow_transition,yellow_transition,64,337.0,7.727126920211065,18,1,3,-13.0,17.0,9.0,1.0
218,main_green,side_green,64,125.0,8.018875574015896,9,2,0,-13.0,17.0,9.0,1.0
219,main_green,side_green,63,19.0,8.498187845133797,3,2,0,-13.0,17.0,9.0,1.0
220,main_green,side_green,64,2.0,8.934551441222084,2,2,0,-13.0,17.0,9.0,1.0
221,main_green,side_green,64,3.0,9.312321792226573,1,2,0,-13.0,17.0,9.0,1.0
222,main_green,side_green,65,4.0,9.704108717991407,2,2,0,-13.0,17.0,9.0,1.0
223,main_green,side_green,63,5.0,10.233519038060438,1,2,0,-13.0,17.0,9.0,1.0
224,main_green,side_green,62,6.0,10.400461480151654,2,2,0,-13.0,17.0,9.0,1.0
225,main_green,side_green,60,9.0,10.651943441873517,3,2,0,-13.0,17.0,9.0,1.0
226,main_green,side_green,57,12.0,10.68839732675076,3,2,0,-13.0,17.0,9.0,1.0
227,main_green,side_green,57,17.0,10.488736169774874,6,2,0,-13.0,17.0,9.0,1.0
228,yellow_transition,yellow_transition,60,22.0,9.51305002473623,10,3,1,-10.0,0.0,-15.0,11.0
229,yellow_transition,yellow_transition,59,27.0,9.505946760560642,5,3,1,-10.0,0.0,-15.0,11.0
230,yellow_transition,yellow_transition,59,34.0,9.730716095542363,7,3,1,-10.0,0.0,-15.0,11.0
231,main_green,main_green,58,17.0,9.959064989616994,3,2,2,-10.0,0.0,-15.0,11.0
232,main_green,main_green,59,14.0,9.838015195456146,4,2,2,-10.0,0.0,-15.0,11.0
233,main_green,main_green,59,16.0,10.115341308952749,2,2,2,-10.0,0.0,-15.0,11.0
234,main_green,main_green,58,18.0,10.32753597249422,2,2,2,-10.0,0.0,-15.0,11.0
235,main_green,main_green,58,20.0,10.358475343347644,2,2,2,-10.0,0.0,-15.0,11.0
236,main_green,main_green,57,23.0,10.332417580598053,4,2,2,-10.0,0.0,-15.0,11.0
237,main_green,main_green,56,28.0,10.320312971249393,6,2,2,-10.0,0.0,-15.0,11.0
238,main_green,main_green,56,34.0,10.406049668063757,6,2,2,-10.0,0.0,-15.0,11.0
239,main_green,main_green,54,40.0,10.619532916903243,6,2,2,-10.0,0.0,-15.0,11.0
240,main_green,main_green,57,46.0,9.769385729712988,11,2,2,-10.0,0.0,-15.0,11.0
241,main_green,main_green,54,52.0,9.88010653696201,6,2,2,-1.0,5.0,-1.0,13.0
242,main_green,main_green,55,58.0,10.08745897997205,7,2,2,-1.0,5.0,-1.0,13.0
243,main_green,main_green,52,64.0,10.077407709728949,6,2,2,-1.0,5.0,-1.0,13.0
244,main_green,main_green,51,70.0,10.016024438185777,7,2,2,-1.0,5.0,-1.0,13.0
245,main_green,main_green,51,76.0,9.978697582618087,6,2,2,-1.0,5.0,-1.0,13.0
246,main_green,main_green,51,82.0,10.109510429409124,6,2,2,-1.0,5.0,-1.0,13.0
247,main_green,main_green,51,89.0,9.772505581593816,8,2,2,-1.0,5.0,-1.0,13.0
248,main_green,main_green,52,97.0,9.647045135075947,9,2,2,-1.0,5.0,-1.0,13.0
249,main_green,main_green,51,106.0,9.670068687542097,9,2,2,-1.0,5.0,-1.0,13.0
250,main_green,main_green,50,116.0,9.648119229344541,10,2,2,-1.0,5.0,-1.0,13.0
251,main_green,main_green,50,126.0,9.787842880970246,10,2,2,7.0,15.0,-2.0,6.0
252,main_green,main_green,55,136.0,8.968583689290176,15,2,2,7.0,15.0,-2.0,6.0
253,main_green,main_green,56,146.0,9.00083155324788,11,2,2,7.0,15.0,-2.0,6.0
254,main_green,main_green,56,156.0,9.388677302853955,10,2,2,7.0,15.0,-2.0,6.0
255,main_green,main_green,55,166.0,9.354371798476091,10,2,2,7.0,15.0,-2.0,6.0
256,main_green,main_green,55,176.0,9.270900497783762,11,2,2,7.0,15.0,-2.0,6.0
257,main_green,main_green,53,186.0,9.140309594814122,10,2,2,7.0,15.0,-2.0,6.0
258,main_green,main_green,54,196.0,8.953380152804568,11,2,2,7.0,15.0,-2.0,6.0
259,main_green,main_green,53,207.0,9.030108592191969,11,2,2,7.0,15.0,-2.0,6.0
260,main_green,main_green,53,219.0,8.867868946284437,13,2,2,7.0,15.0,-2.0,6.0
261,main_green,main_green,53,232.0,8.85643089532404,13,2,2,10.0,16.0,4.0,12.0
262,main_green,main_green,52,246.0,8.874268937297073,14,2,2,10.0,16.0,4.0,12.0
263,main_green,main_green,53,260.0,8.76221274445678,15,2,2,10.0,16.0,4.0,12.0
264,main_green,main_green,58,274.0,8.133383404407208,19,2,2,10.0,16.0,4.0,12.0
265,main_green,main_green,58,288.0,8.442215075715849,14,2,2,10.0,16.0,4.0,12.0
266,main_green,main_green,57,302.0,8.623961001875465,14,2,2,10.0,16.0,4.0,12.0
267,main_green,main_green,56,316.0,8.601207838831911,14,2,2,10.0,16.0,4.0,12.0
268,main_green,main_green,58,330.0,8.412229632446603,16,2,2,10.0,16.0,4.0,12.0
269,main_green,main_green,58,344.0,8.466057443115778,14,2,2,10.0,16.0,4.0,12.0
270,main_green,main_green,57,358.0,8.2923440461224,14,2,2,10.0,16.0,4.0,12.0
271,yellow_transition,yellow_transition,57,374.0,8.355594205403557,16,3,3,13.0,11.0,8.0,10.0
272,yellow_transition,yellow_transition,57,392.0,8.035356119745217,19,3,3,13.0,11.0,8.0,10.0
273,yellow_transition,yellow_transition,58,410.0,7.8591933766034625,19,3,3,13.0,11.0,8.0,10.0
274,side_green,main_green,58,255.0,8.185778534764129,14,0,2,13.0,11.0,8.0,10.0
275,side_green,main_green,57,183.0,8.497909828451467,10,0,2,13.0,11.0,8.0,10.0
276,side_green,main_green,61,182.0,7.936906972742869,13,0,2,13.0,11.0,8.0,10.0
277,side_green,main_green,61,191.0,8.29691182916568,9,0,2,13.0,11.0,8.0,10.0
278,side_green,main_green,62,200.0,8.578196766828867,10,0,2,13.0,11.0,8.0,10.0
279,side_green,main_green,62,211.0,9.078096942073305,11,0,2,13.0,11.0,8.0,10.0
280,side_green,main_green,62,222.0,9.200176480016177,12,0,2,13.0,11.0,8.0,10.0
281,side_green,main_green,62,233.0,9.296610602893418,11,0,2,13.0,11.0,8.0,10.0
282,side_green,main_green,61,244.0,9.326178739477013,11,0,2,13.0,11.0,8.0,10.0
283,side_green,main_green,62,255.0,9.069881980136543,12,0,2,13.0,11.0,8.0,10.0
284,yellow_transition,yellow_transition,62,267.0,8.861745509382239,13,1,3,-14.0,12.0,10.0,0.0
285,yellow_transition,yellow_transition,62,282.0,8.983720238574334,15,1,3,-14.0,12.0,10.0,0.0
286,yellow_transition,yellow_transition,61,297.0,8.920647575428204,15,1,3,-14.0,12.0,10.0,0.0
287,main_green,side_green,61,100.0,9.0979016455986,7,2,0,-14.0,12.0,10.0,0.0
288,main_green,side_green,64,9.0,8.624231811345322,7,2,0,-14.0,12.0,10.0,0.0
289,main_green,side_green,64,0.0,8.976299353549157,1,2,0,-14.0,12.0,10.0,0.0
290,main_green,side_green,64,0.0,9.566346115691369,0,2,0,-14.0,12.0,10.0,0.0
291,main_green,side_green,64,1.0,10.125032329842933,1,2,0,-14.0,12.0,10.0,0.0
292,main_green,side_green,64,3.0,10.512210976469664,3,2,0,-14.0,12.0,10.0,0.0
293,main_green,side_green,62,5.0,10.652347718212418,2,2,0,-14.0,12.0,10.0,0.0
294,main_green,side_green,59,7.0,10.601715549175745,3,2,0,-14.0,12.0,10.0,0.0
295,main_green,side_green,58,9.0,10.78456325071235,2,2,0,-14.0,12.0,10.0,0.0
296,main_green,side_green,58,12.0,10.673603078869617,4,2,0,-14.0,12.0,10.0,0.0
297,yellow_transition,yellow_transition,56,17.0,10.696156482348533,5,3,1,-10.0,2.0,-16.0,10.0
298,yellow_transition,yellow_transition,54,23.0,10.604455598554042,6,3,1,-10.0,2.0,-16.0,10.0
299,yellow_transition,yellow_transition,52,29.0,10.247508745539822,7,3,1,-10.0,2.0,-16.0,10.0
300,main_green,main_green,57,9.0,9.66521036014613,7,2,2,-10.0,2.0,-16.0,10.0
301,main_green,main_green,56,11.0,10.03945273864443,2,2,2,-10.0,2.0,-16.0,10.0
302,main_green,main_green,56,13.0,10.438503474626831,2,2,2,-10.0,2.0,-16.0,10.0
303,main_green,main_green,56,15.0,10.828069328125,2,2,2,-10.0,2.0,-16.0,10.0
304,main_green,main_green,56,17.0,10.69052921387986,4,2,2,-10.0,2.0,-16.0,10.0
305,main_green,main_green,55,19.0,10.8129449982532,2,2,2,-10.0,2.0,-16.0,10.0
306,main_green,main_green,53,21.0,10.878351730948534,2,2,2,-10.0,2.0,-16.0,10.0
307,main_green,main_green,51,23.0,10.82053471729174,2,2,2,-10.0,2.0,-16.0,10.0
308,main_green,main_green,49,25.0,10.582881468651598,3,2,2,-10.0,2.0,-16.0,10.0
309,main_green,main_green,48,30.0,10.40595185094541,6,2,2,-10.0,2.0,-16.0,10.0
310,main_green,main_green,47,36.0,10.440960684265264,6,2,2,-3.0,7.0,-1.0,17.0
311,main_green,main_green,46,42.0,10.482601568301627,6,2,2,-3.0,7.0,-1.0,17.0
312,main_green,main_green,50,48.0,9.644172951588972,11,2,2,-3.0,7.0,-1.0,17.0
313,main_green,main_green,49,54.0,9.812364170166985,6,2,2,-3.0,7.0,-1.0,17.0
314,main_green,main_green,49,60.0,9.761458267731054,7,2,2,-3.0,7.0,-1.0,17.0
315,main_green,main_green,48,66.0,10.022771955486805,6,2,2,-3.0,7.0,-1.0,17.0
316,main_green,main_green,49,72.0,9.954935595910841,7,2,2,-3.0,7.0,-1.0,17.0
317,main_green,main_green,49,78.0,10.04820566885183,6,2,2,-3.0,7.0,-1.0,17.0
318,main_green,main_green,49,84.0,10.015236274292858,6,2,2,-3.0,7.0,-1.0,17.0
319,main_green,main_green,50,91.0,9.854584579125085,8,2,2,-3.0,7.0,-1.0,17.0
320,main_green,main_green,51,100.0,9.800327472311821,10,2,2,5.0,13.0,0.0,12.0
321,main_green,main_green,51,109.0,9.895620514000093,9,2,2,5.0,13.0,0.0,12.0
322,main_green,main_green,51,118.0,9.936109549028494,9,2,2,5.0,13.0,0.0,12.0
323,main_green,main_green,50,127.0,9.898226152856564,9,2,2,5.0,13.0,0.0,12.0
324,main_green,main_green,54,136.0,8.98236944531831,14,2,2,5.0,13.0,0.0,12.0
325,main_green,main_green,54,146.0,9.0267843408136,11,2,2,5.0,13.0,0.0,12.0
326,main_green,main_green,52,156.0,9.1890084946994,10,2,2,5.0,13.0,0.0,12.0
327,main_green,main_green,52,166.0,9.359513772436458,10,2,2,5.0,13.0,0.0,12.0
328,main_green,main_green,53,176.0,9.236607045819525,11,2,2,5.0,13.0,0.0,12.0
329,main_green,main_green,52,186.0,9.104302476459027,10,2,2,5.0,13.0,0.0,12.0
330,main_green,main_green,53,196.0,8.92871628370108,11,2,2,10.0,10.0,5.0,11.0
331,main_green,main_green,53,207.0,8.891038297849523,11,2,2,10.0,10.0,5.0,11.0
332,main_green,main_green,54,219.0,8.74634790235482,13,2,2,10.0,10.0,5.0,11.0
333,main_green,main_green,54,233.0,8.785082576192778,14,2,2,10.0,10.0,5.0,11.0
334,main_green,main_green,54,247.0,9.04251144172824,14,2,2,10.0,10.0,5.0,11.0
335,main_green,main_green,54,261.0,8.832790406328128,15,2,2,10.0,10.0,5.0,11.0
336,main_green,main_green,59,275.0,8.22977042426526,19,2,2,10.0,10.0,5.0,11.0
337,main_green,main_green,58,289.0,8.283148683148305,14,2,2,10.0,10.0,5.0,11.0
338,main_green,main_green,58,303.0,8.680945348368358,14,2,2,10.0,10.0,5.0,11.0
339,main_green,main_green,58,317.0,8.855178460536711,14,2,2,10.0,10.0,5.0,11.0
340,yellow_transition,yellow_transition,60,331.0,8.58492304369275,16,3,3,13.0,9.0,7.0,7.0
341,yellow_transition,yellow_transition,59,345.0,8.543385373349162,14,3,3,13.0,9.0,7.0,7.0
342,yellow_transition,yellow_transition,59,360.0,8.338347153169586,15,3,3,13.0,9.0,7.0,7.0
343,side_green,main_green,58,208.0,8.124875466074274,10,0,2,13.0,9.0,7.0,7.0
344,side_green,main_green,58,143.0,8.173296910041445,9,0,2,13.0,9.0,7.0,7.0
345,side_green,main_green,58,148.0,8.260363086679522,8,0,2,13.0,9.0,7.0,7.0
346,side_green,main_green,58,158.0,8.653277420868603,10,0,2,13.0,9.0,7.0,7.0
347,side_green,main_green,58,168.0,9.045760638302587,10,0,2,13.0,9.0,7.0,7.0
348,side_green,main_green,60,179.0,8.42828266149534,16,0,2,13.0,9.0,7.0,7.0
349,side_green,main_green,60,190.0,8.933059841959677,11,0,2,13.0,9.0,7.0,7.0
350,side_green,main_green,61,201.0,9.029334861641482,12,0,2,13.0,9.0,7.0,7.0
351,side_green,main_green,61,213.0,9.103323916920433,12,0,2,13.0,9.0,7.0,7.0
352,side_green,main_green,61,225.0,8.913846476967738,13,0,2,13.0,9.0,7.0,7.0
353,yellow_transition,yellow_transition,60,237.0,8.93878288021753,12,1,3,-8.0,16.0,12.0,4.0
354,yellow_transition,yellow_transition,59,250.0,8.8397943475057,13,1,3,-8.0,16.0,12.0,4.0
355,yellow_transition,yellow_transition,59,264.0,8.439846949629626,15,1,3,-8.0,16.0,12.0,4.0
356,main_green,side_green,60,82.0,8.42848042306604,8,2,0,-8.0,16.0,12.0,4.0
357,main_green,side_green,60,3.0,8.635425253196951,1,2,0,-8.0,16.0,12.0,4.0
358,main_green,side_green,60,0.0,9.15886142463138,0,2,0,-8.0,16.0,12.0,4.0
359,main_green,side_green,59,2.0,9.64945167207527,2,2,0,-8.0,16.0,12.0,4.0
360,main_green,side_green,64,4.0,9.322459031299694,7,2,0,-8.0,16.0,12.0,4.0
361,main_green,side_green,61,6.0,9.591127029025177,3,2,0,-8.0,16.0,12.0,4.0
362,main_green,side_green,60,8.0,10.355537195120291,2,2,0,-8.0,16.0,12.0,4.0
363,main_green,side_green,58,12.0,10.632605733959695,4,2,0,-8.0,16.0,12.0,4.0
364,main_green,side_green,56,16.0,10.787524877091315,5,2,0,-8.0,16.0,12.0,4.0
365,main_green,side_green,55,20.0,10.945896080594103,4,2,0,-8.0,16.0,12.0,4.0
366,yellow_transition,yellow_transition,54,24.0,10.730334016666568,5,3,1,-8.0,2.0,-11.0,13.0
367,yellow_transition,yellow_transition,53,28.0,10.53346463360805,4,3,1,-8.0,2.0,-11.0,13.0
368,yellow_transition,yellow_transition,54,32.0,10.254929503117884,5,3,1,-8.0,2.0,-11.0,13.0
369,main_green,main_green,52,2.0,10.367316895840256,2,2,2,-8.0,2.0,-11.0,13.0
370,main_green,main_green,52,4.0,10.471667709219076,2,2,2,-8.0,2.0,-11.0,13.0
371,main_green,main_green,52,7.0,10.580298828986617,4,2,2,-8.0,2.0,-11.0,13.0
372,main_green,main_green,57,10.0,10.000181958922639,8,2,2,-8.0,2.0,-11.0,13.0
373,main_green,main_green,57,13.0,10.425837245273412,3,2,2,-8.0,2.0,-11.0,13.0
374,main_green,main_green,55,16.0,10.81365221487874,3,2,2,-8.0,2.0,-11.0,13.0
375,main_green,main_green,55,19.0,11.0765094843424,3,2,2,-8.0,2.0,-11.0,13.0
376,main_green,main_green,55,22.0,10.935786840895291,5,2,2,-8.0,2.0,-11.0,13.0
377,main_green,main_green,51,25.0,10.921162036510834,3,2,2,-8.0,2.0,-11.0,13.0
378,main_green,main_green,50,28.0,10.74821331768761,3,2,2,-8.0,2.0,-11.0,13.0
379,main_green,main_green,49,31.0,10.84967215497405,3,2,2,-4.0,6.0,-1.0,17.0
380,main_green,main_green,49,36.0,10.586546384670687,6,2,2,-4.0,6.0,-1.0,17.0
381,main_green,main_green,47,43.0,10.295893827990016,8,2,2,-4.0,6.0,-1.0,17.0
382,main_green,main_green,46,50.0,10.44264252328063,7,2,2,-4.0,6.0,-1.0,17.0
383,main_green,main_green,45,57.0,10.488319320364974,7,2,2,-4.0,6.0,-1.0,17.0
384,main_green,main_green,50,64.0,9.412572313129374,12,2,2,-4.0,6.0,-1.0,17.0
385,main_green,main_green,50,71.0,9.771454286403944,7,2,2,-4.0,6.0,-1.0,17.0
386,main_green,main_green,51,78.0,9.826226922081638,8,2,2,-4.0,6.0,-1.0,17.0
387,main_green,main_green,50,85.0,10.131241290416817,7,2,2,-4.0,6.0,-1.0,17.0
388,main_green,main_green,51,92.0,10.092513813590749,8,2,2,-4.0,6.0,-1.0,17.0
389,main_green,main_green,51,99.0,10.148948467942818,7,2,2,8.0,18.0,0.0,6.0
390,main_green,main_green,51,106.0,10.023109844901732,7,2,2,8.0,18.0,0.0,6.0
391,main_green,main_green,52,114.0,9.739906091385953,9,2,2,8.0,18.0,0.0,6.0
392,main_green,main_green,53,124.0,9.61857939133994,11,2,2,8.0,18.0,0.0,6.0
393,main_green,main_green,53,135.0,9.801868377229964,11,2,2,8.0,18.0,0.0,6.0
394,main_green,main_green,52,146.0,9.836784595121161,11,2,2,8.0,18.0,0.0,6.0
395,main_green,main_green,50,157.0,9.702858957136781,11,2,2,8.0,18.0,0.0,6.0
396,main_green,main_green,55,168.0,9.076312819173001,16,2,2,8.0,18.0,0.0,6.0
397,main_green,main_green,56,179.0,9.104068664877628,12,2,2,8.0,18.0,0.0,6.0
398,main_green,main_green,55,190.0,9.184286095873652,11,2,2,8.0,18.0,0.0,6.0
399,main_green,main_green,55,201.0,9.458117257913798,11,2,2,11.0,13.0,4.0,6.0
400,main_green,main_green,56,212.0,9.264039409127125,12,2,2,11.0,13.0,4.0,6.0
401,main_green,main_green,56,223.0,9.360343841361649,11,2,2,11.0,13.0,4.0,6.0
402,main_green,main_green,56,234.0,9.132093152593383,12,2,2,11.0,13.0,4.0,6.0
403,main_green,main_green,56,246.0,9.18750092967369,12,2,2,11.0,13.0,4.0,6.0
404,main_green,main_green,57,258.0,9.064295800438464,13,2,2,11.0,13.0,4.0,6.0
405,main_green,main_green,56,273.0,9.118818768633917,15,2,2,11.0,13.0,4.0,6.0
406,main_green,main_green,56,288.0,9.15396267653412,15,2,2,11.0,13.0,4.0,6.0
407,main_green,main_green,56,303.0,9.067921835676245,16,2,2,11.0,13.0,4.0,6.0
408,main_green,main_green,61,318.0,8.472449931093628,20,2,2,11.0,13.0,4.0,6.0
409,yellow_transition,yellow_transition,59,333.0,8.541842298147433,15,3,3,13.0,13.0,9.0,7.0
410,yellow_transition,yellow_transition,59,348.0,8.514198357331265,15,3,3,13.0,13.0,9.0,7.0
411,yellow_transition,yellow_transition,57,363.0,8.459227470317954,15,3,3,13.0,13.0,9.0,7.0
412,main_green,side_green,59,250.0,8.096979033728024,13,2,0,13.0,13.0,9.0,7.0
413,main_green,side_green,58,219.0,8.235743387772656,9,2,0,13.0,13.0,9.0,7.0
414,main_green,side_green,58,229.0,8.573477480632954,10,2,0,13.0,13.0,9.0,7.0
415,main_green,side_green,58,240.0,8.797328465122998,11,2,0,13.0,13.0,9.0,7.0
416,main_green,side_green,58,252.0,8.830650026705511,13,2,0,13.0,13.0,9.0,7.0
417,main_green,side_green,58,264.0,8.779634189657163,13,2,0,13.0,13.0,9.0,7.0
418,main_green,side_green,57,277.0,8.991634516992853,13,2,0,13.0,13.0,9.0,7.0
419,main_green,side_green,55,291.0,8.995584167383187,14,2,0,13.0,13.0,9.0,7.0
420,main_green,side_green,60,305.0,8.265239790665028,19,2,0,13.0,13.0,9.0,7.0
421,main_green,side_green,60,319.0,8.470041802192501,14,2,0,13.0,13.0,9.0,7.0
422,yellow_transition,yellow_transition,60,334.0,8.275651208610533,16,3,1,14.0,4.0,-6.0,16.0
423,yellow_transition,yellow_transition,59,349.0,8.32284895682631,15,3,1,14.0,4.0,-6.0,16.0
424,yellow_transition,yellow_transition,60,364.0,8.112601758242965,16,3,1,14.0,4.0,-6.0,16.0
425,side_green,main_green,60,136.0,8.16370765224136,8,0,2,14.0,4.0,-6.0,16.0
426,side_green,main_green,59,23.0,8.406802098176897,2,0,2,14.0,4.0,-6.0,16.0
427,side_green,main_green,59,1.0,8.428915948744674,2,0,2,14.0,4.0,-6.0,16.0
428,side_green,main_green,60,3.0,8.532407279259566,3,0,2,14.0,4.0,-6.0,16.0
429,side_green,main_green,60,6.0,9.07665101198372,3,0,2,14.0,4.0,-6.0,16.0
430,side_green,main_green,58,10.0,9.618037749458198,4,0,2,14.0,4.0,-6.0,16.0
431,side_green,main_green,56,17.0,9.924967930330004,7,0,2,14.0,4.0,-6.0,16.0
432,side_green,main_green,60,24.0,9.459599126471364,12,0,2,14.0,4.0,-6.0,16.0
433,side_green,main_green,56,31.0,9.627656784489897,8,0,2,14.0,4.0,-6.0,16.0
434,side_green,main_green,56,38.0,10.010487531194569,7,0,2,14.0,4.0,-6.0,16.0
435,yellow_transition,yellow_transition,54,46.0,9.86715603547583,8,1,3,-8.0,16.0,-2.0,2.0
436,yellow_transition,yellow_transition,55,54.0,9.512519271448138,9,1,3,-8.0,16.0,-2.0,2.0
437,yellow_transition,yellow_transition,54,63.0,9.20089812680334,9,1,3,-8.0,16.0,-2.0,2.0
438,main_green,main_green,55,32.0,9.156936313329295,5,2,2,-8.0,16.0,-2.0,2.0
439,main_green,main_green,55,23.0,9.21916210448944,3,2,2,-8.0,16.0,-2.0,2.0
440,main_green,main_green,56,27.0,9.394878352939783,6,2,2,-8.0,16.0,-2.0,2.0
441,main_green,main_green,56,32.0,9.733610098467492,5,2,2,-8.0,16.0,-2.0,2.0
442,main_green,main_green,55,38.0,10.193343154465154,6,2,2,-8.0,16.0,-2.0,2.0
443,main_green,main_green,54,44.0,10.151211874251068,7,2,2,-8.0,16.0,-2.0,2.0
444,main_green,main_green,58,50.0,9.62397409440541,11,2,2,-8.0,16.0,-2.0,2.0
445,main_green,main_green,55,56.0,9.854706158088417,6,2,2,-8.0,16.0,-2.0,2.0
446,main_green,main_green,55,62.0,10.306590221021159,6,2,2,-8.0,16.0,-2.0,2.0
447,main_green,main_green,51,68.0,10.41827135874921,6,2,2,-8.0,16.0,-2.0,2.0
448,main_green,main_green,52,74.0,9.911536400581792,8,2,2,2.0,16.0,1.0,7.0
449,main_green,main_green,52,80.0,9.92693071668381,6,2,2,2.0,16.0,1.0,7.0
450,main_green,main_green,51,86.0,9.893658768899767,6,2,2,2.0,16.0,1.0,7.0
451,main_green,main_green,49,93.0,9.801325300513207,7,2,2,2.0,16.0,1.0,7.0
452,main_green,main_green,50,102.0,9.68871830424731,10,2,2,2.0,16.0,1.0,7.0
453,main_green,main_green,49,112.0,9.399638538458701,11,2,2,2.0,16.0,1.0,7.0
454,main_green,main_green,49,122.0,9.601835040655468,10,2,2,2.0,16.0,1.0,7.0
455,main_green,main_green,47,132.0,9.457868423472119,10,2,2,2.0,16.0,1.0,7.0
456,main_green,main_green,52,142.0,8.631274768670108,15,2,2,2.0,16.0,1.0,7.0
457,main_green,main_green,52,152.0,8.907816133817585,10,2,2,2.0,16.0,1.0,7.0
458,main_green,main_green,53,162.0,9.090315612215752,11,2,2,1.0,9.0,13.0,21.0
459,main_green,main_green,53,172.0,9.234289019728777,10,2,2,1.0,9.0,13.0,21.0
460,main_green,main_green,54,182.0,9.16116018500749,11,2,2,1.0,9.0,13.0,21.0
461,main_green,main_green,54,192.0,9.28760900623732,10,2,2,1.0,9.0,13.0,21.0
462,main_green,main_green,54,202.0,9.20330025654745,10,2,2,1.0,9.0,13.0,21.0
463,main_green,main_green,55,212.0,9.127677308185808,11,2,2,1.0,9.0,13.0,21.0
464,main_green,main_green,55,223.0,8.982546169880463,12,2,2,1.0,9.0,13.0,21.0
465,main_green,main_green,53,237.0,8.835037938529432,14,2,2,1.0,9.0,13.0,21.0
466,main_green,main_green,53,251.0,8.983595716285443,14,2,2,1.0,9.0,13.0,21.0
467,main_green,main_green,53,265.0,9.048127858371178,14,2,2,1.0,9.0,13.0,21.0
468,main_green,main_green,58,279.0,8.2430675183672,19,2,2,1.0,5.0,13.0,23.0
469,main_green,main_green,58,293.0,8.349465741297355,15,2,2,1.0,5.0,13.0,23.0
470,main_green,main_green,58,307.0,8.628705331057557,14,2,2,1.0,5.0,13.0,23.0
471,main_green,main_green,58,321.0,8.845485325080784,14,2,2,1.0,5.0,13.0,23.0
472,main_green,main_green,59,335.0,8.70966878238582,15,2,2,1.0,5.0,13.0,23.0
473,main_green,main_green,58,349.0,8.648495960420165,14,2,2,1.0,5.0,13.0,23.0
474,main_green,main_green,58,363.0,8.484630238033224,15,2,2,1.0,5.0,13.0,23.0
475,main_green,main_green,58,377.0,8.534428049672895,14,2,2,1.0,5.0,13.0,23.0
476,main_green,main_green,58,393.0,8.323964434498487,17,2,2,1.0,5.0,13.0,23.0
477,main_green,main_green,58,410.0,8.416873666701294,17,2,2,1.0,5.0,13.0,23.0
478,yellow_transition,yellow_transition,58,428.0,8.437285917251222,18,3,3,10.0,10.0,12.0,6.0
479,yellow_transition,yellow_transition,58,446.0,8.233973788591731,19,3,3,10.0,10.0,12.0,6.0
480,yellow_transition,yellow_transition,63,465.0,7.434073591321868,24,3,3,10.0,10.0,12.0,6.0
481,main_green,side_green,63,294.0,7.836062866308895,15,2,0,10.0,10.0,12.0,6.0
482,main_green,side_green,63,210.0,8.249539948210154,11,2,0,10.0,10.0,12.0,6.0
483,main_green,side_green,63,206.0,8.615621503773417,9,2,0,10.0,10.0,12.0,6.0
484,main_green,side_green,65,215.0,8.583141187422086,11,2,0,10.0,10.0,12.0,6.0
485,main_green,side_green,64,224.0,8.742187277951215,9,2,0,10.0,10.0,12.0,6.0
486,main_green,side_green,64,234.0,8.934597157270115,10,2,0,10.0,10.0,12.0,6.0
487,main_green,side_green,63,246.0,9.173706658281633,12,2,0,10.0,10.0,12.0,6.0
488,main_green,side_green,64,260.0,9.198580346601302,15,2,0,10.0,10.0,12.0,6.0
489,main_green,side_green,64,274.0,9.039195147575136,15,2,0,10.0,10.0,12.0,6.0
490,main_green,side_green,64,288.0,9.016890960912416,14,2,0,10.0,10.0,12.0,6.0
491,yellow_transition,yellow_transition,63,304.0,9.11225241408498,16,3,1,11.0,3.0,-17.0,11.0
492,yellow_transition,yellow_transition,67,320.0,8.393279603252957,21,3,1,11.0,3.0,-17.0,11.0
493,yellow_transition,yellow_transition,66,337.0,8.2933437476269,17,3,1,11.0,3.0,-17.0,11.0
494,side_green,main_green,67,122.0,8.437357905869604,10,0,2,11.0,3.0,-17.0,11.0
495,side_green,main_green,64,17.0,8.755845816907195,2,0,2,11.0,3.0,-17.0,11.0
496,side_green,main_green,65,0.0,9.05020614815556,1,0,2,11.0,3.0,-17.0,11.0
497,side_green,main_green,64,1.0,9.54720367346901,1,0,2,11.0,3.0,-17.0,11.0
498,side_green,main_green,63,3.0,9.974159142488903,2,0,2,11.0,3.0,-17.0,11.0
499,side_green,main_green,61,5.0,10.180618996327176,3,0,2,11.0,3.0,-17.0,11.0
500,side_green,main_green,61,8.0,10.448415834440365,4,0,2,11.0,3.0,-17.0,11.0
501,side_green,main_green,57,13.0,10.58105355148115,5,0,2,11.0,3.0,-17.0,11.0
502,side_green,main_green,55,18.0,10.828942368502956,5,0,2,11.0,3.0,-17.0,11.0
503,side_green,main_green,54,23.0,10.94434822588952,5,0,2,11.0,3.0,-17.0,11.0
504,yellow_transition,yellow_transition,56,29.0,9.970974874774063,11,1,3,-15.0,11.0,-7.0,3.0
505,yellow_transition,yellow_transition,56,35.0,9.780102428779243,7,1,3,-15.0,11.0,-7.0,3.0
506,yellow_transition,yellow_transition,56,41.0,9.899924119166457,6,1,3,-15.0,11.0,-7.0,3.0
507,main_green,main_green,55,19.0,10.226841802496958,3,2,2,-15.0,11.0,-7.0,3.0
508,main_green,main_green,56,17.0,10.15912185164108,3,2,2,-15.0,11.0,-7.0,3.0
509,main_green,main_green,56,19.0,10.512373593808345,2,2,2,-15.0,11.0,-7.0,3.0
510,main_green,main_green,57,21.0,10.413464809611913,3,2,2,-15.0,11.0,-7.0,3.0
511,main_green,main_green,57,23.0,10.611799450459076,2,2,2,-15.0,11.0,-7.0,3.0
512,main_green,main_green,56,27.0,10.519317631008391,5,2,2,-15.0,11.0,-7.0,3.0
513,main_green,main_green,54,32.0,10.630105916091797,5,2,2,-15.0,11.0,-7.0,3.0
514,main_green,main_green,53,38.0,10.829831102679425,6,2,2,-15.0,11.0,-7.0,3.0
515,main_green,main_green,50,44.0,10.619487761677885,7,2,2,-15.0,11.0,-7.0,3.0
516,main_green,main_green,54,50.0,9.74501670960614,11,2,2,-15.0,11.0,-7.0,3.0
517,main_green,main_green,52,56.0,9.917297588926127,6,2,2,1.0,17.0,0.0,8.0
518,main_green,main_green,51,62.0,10.221677412943684,6,2,2,1.0,17.0,0.0,8.0
519,main_green,main_green,51,68.0,10.437650454924041,6,2,2,1.0,17.0,0.0,8.0
520,main_green,main_green,52,74.0,10.129338197363259,8,2,2,1.0,17.0,0.0,8.0
521,main_green,main_green,51,80.0,10.295556866137153,6,2,2,1.0,17.0,0.0,8.0
522,main_green,main_green,49,86.0,10.19605200295751,6,2,2,1.0,17.0,0.0,8.0
523,main_green,main_green,49,92.0,10.068462042249765,6,2,2,1.0,17.0,0.0,8.0
524,main_green,main_green,48,98.0,9.632936593983585,7,2,2,1.0,17.0,0.0,8.0
525,main_green,main_green,49,105.0,9.603341205136966,8,2,2,1.0,17.0,0.0,8.0
526,main_green,main_green,49,115.0,9.698695892909836,10,2,2,1.0,17.0,0.0,8.0
527,main_green,main_green,48,125.0,9.777645898943849,10,2,2,-2.0,8.0,7.0,19.0
528,main_green,main_green,53,135.0,8.880629128852878,15,2,2,-2.0,8.0,7.0,19.0
529,main_green,main_green,53,145.0,9.135439398116429,10,2,2,-2.0,8.0,7.0,19.0
530,main_green,main_green,54,155.0,9.148336018119808,11,2,2,-2.0,8.0,7.0,19.0
531,main_green,main_green,54,165.0,9.378798692612406,10,2,2,-2.0,8.0,7.0,19.0
532,main_green,main_green,55,175.0,9.290605316753911,11,2,2,-2.0,8.0,7.0,19.0
533,main_green,main_green,54,185.0,9.192928632222763,10,2,2,-2.0,8.0,7.0,19.0
534,main_green,main_green,53,195.0,9.072332444140363,10,2,2,-2.0,8.0,7.0,19.0
535,main_green,main_green,54,207.0,9.024796001230825,13,2,2,-2.0,8.0,7.0,19.0
536,main_green,main_green,54,220.0,8.819707690660458,14,2,2,-2.0,8.0,7.0,19.0
537,main_green,main_green,54,234.0,8.935847902463165,14,2,2,3.0,11.0,10.0,12.0
538,main_green,main_green,53,248.0,9.089702218174102,14,2,2,3.0,11.0,10.0,12.0
539,main_green,main_green,53,262.0,9.136676892616403,14,2,2,3.0,11.0,10.0,12.0
540,main_green,main_green,58,276.0,8.417762623778064,19,2,2,3.0,11.0,10.0,12.0
541,main_green,main_green,59,290.0,8.491241158789673,15,2,2,3.0,11.0,10.0,12.0
542,main_green,main_green,59,304.0,8.716933381152325,14,2,2,3.0,11.0,10.0,12.0
543,main_green,main_green,58,318.0,8.83352242559849,14,2,2,3.0,11.0,10.0,12.0
544,main_green,main_green,58,332.0,8.76434138581276,15,2,2,3.0,11.0,10.0,12.0
545,main_green,main_green,57,346.0,8.665406177213557,14,2,2,3.0,11.0,10.0,12.0
546,main_green,main_green,58,360.0,8.528811446149303,15,2,2,3.0,11.0,10.0,12.0
547,yellow_transition,yellow_transition,58,374.0,8.645634837900642,14,3,3,11.0,13.0,11.0,7.0
548,yellow_transition,yellow_transition,58,389.0,8.432797013355211,16,3,3,11.0,13.0,11.0,7.0
549,yellow_transition,yellow_transition,58,407.0,8.477069317686897,18,3,3,11.0,13.0,11.0,7.0
550,main_green,side_green,58,248.0,8.651660999009602,14,2,0,11.0,13.0,11.0,7.0
551,main_green,side_green,58,177.0,8.527653279694851,11,2,0,11.0,13.0,11.0,7.0
552,main_green,side_green,63,178.0,8.158597572379538,13,2,0,11.0,13.0,11.0,7.0
553,main_green,side_green,62,186.0,8.523261389850495,8,2,0,11.0,13.0,11.0,7.0
554,main_green,side_green,62,195.0,9.011365944258227,9,2,0,11.0,13.0,11.0,7.0
555,main_green,side_green,61,204.0,9.127729266706801,9,2,0,11.0,13.0,11.0,7.0
556,main_green,side_green,62,214.0,8.96754641233649,12,2,0,11.0,13.0,11.0,7.0
557,main_green,side_green,61,224.0,9.072496924671098,10,2,0,11.0,13.0,11.0,7.0
558,main_green,side_green,60,236.0,9.258887505137412,12,2,0,11.0,13.0,11.0,7.0
559,main_green,side_green,59,249.0,9.220491734451873,13,2,0,11.0,13.0,11.0,7.0
560,yellow_transition,yellow_transition,59,263.0,8.937537132516148,15,3,1,11.0,3.0,-14.0,12.0
561,yellow_transition,yellow_transition,60,277.0,8.730410209077705,15,3,1,11.0,3.0,-14.0,12.0
562,yellow_transition,yellow_transition,60,292.0,8.655653988765183,15,3,1,11.0,3.0,-14.0,12.0
563,side_green,main_green,59,99.0,8.843093037567213,8,0,2,11.0,3.0,-14.0,12.0
564,side_green,main_green,64,13.0,8.588790298341033,8,0,2,11.0,3.0,-14.0,12.0
565,side_green,main_green,64,3.0,8.986466998560953,1,0,2,11.0,3.0,-14.0,12.0
566,side_green,main_green,64,5.0,9.369635605732938,3,0,2,11.0,3.0,-14.0,12.0
567,side_green,main_green,63,8.0,10.082122486993168,3,0,2,11.0,3.0,-14.0,12.0
568,side_green,main_green,63,11.0,10.340643378332404,4,0,2,11.0,3.0,-14.0,12.0
569,side_green,main_green,62,14.0,10.614162305390275,3,0,2,11.0,3.0,-14.0,12.0
570,side_green,main_green,59,17.0,10.68430271395245,3,0,2,11.0,3.0,-14.0,12.0
571,side_green,main_green,57,23.0,10.487224400903774,7,0,2,11.0,3.0,-14.0,12.0
572,side_green,main_green,57,30.0,10.37870558843895,8,0,2,11.0,3.0,-14.0,12.0
573,yellow_transition,yellow_transition,54,37.0,10.334087852571766,7,1,3,-15.0,15.0,-9.0,-1.0
574,yellow_transition,yellow_transition,52,44.0,10.323716737258925,7,1,3,-15.0,15.0,-9.0,-1.0
575,yellow_transition,yellow_transition,51,51.0,10.18097837653064,7,1,3,-15.0,15.0,-9.0,-1.0
576,main_green,main_green,54,18.0,9.469615147679699,8,2,2,-15.0,15.0,-9.0,-1.0
577,main_green,main_green,55,14.0,9.803553325467625,3,2,2,-15.0,15.0,-9.0,-1.0
578,main_green,main_green,55,16.0,10.23486617081264,2,2,2,-15.0,15.0,-9.0,-1.0
579,main_green,main_green,55,18.0,10.74789691045004,2,2,2,-15.0,15.0,-9.0,-1.0
580,main_green,main_green,56,20.0,10.864812301033464,3,2,2,-15.0,15.0,-9.0,-1.0
581,main_green,main_green,53,22.0,11.025349926275549,2,2,2,-15.0,15.0,-9.0,-1.0
582,main_green,main_green,52,24.0,11.073791283407783,3,2,2,-15.0,15.0,-9.0,-1.0
583,main_green,main_green,51,26.0,11.039001497212398,2,2,2,-15.0,15.0,-9.0,-1.0
584,main_green,main_green,51,29.0,10.798557747396112,4,2,2,-15.0,15.0,-9.0,-1.0
585,main_green,main_green,48,33.0,10.682012019630163,4,2,2,-15.0,15.0,-9.0,-1.0
586,main_green,main_green,48,38.0,10.83275648508585,5,2,2,-3.0,17.0,-3.0,7.0
587,main_green,main_green,47,44.0,10.54928392498868,7,2,2,-3.0,17.0,-3.0,7.0
588,main_green,main_green,51,50.0,9.691822833643347,11,2,2,-3.0,17.0,-3.0,7.0
589,main_green,main_green,49,56.0,9.934246693433122,6,2,2,-3.0,17.0,-3.0,7.0
590,main_green,main_green,49,62.0,10.222874856482905,6,2,2,-3.0,17.0,-3.0,7.0
591,main_green,main_green,47,68.0,10.237611886371145,6,2,2,-3.0,17.0,-3.0,7.0
592,main_green,main_green,49,74.0,9.763212592599624,8,2,2,-3.0,17.0,-3.0,7.0
593,main_green,main_green,49,80.0,9.961795634432708,6,2,2,-3.0,17.0,-3.0,7.0
594,main_green,main_green,48,86.0,9.856100122874247,6,2,2,-3.0,17.0,-3.0,7.0
595,main_green,main_green,48,92.0,9.775231046161819,6,2,2,-3.0,17.0,-3.0,7.0
596,main_green,main_green,49,98.0,9.568086078001171,7,2,2,-3.0,5.0,9.0,19.0
597,main_green,main_green,50,107.0,9.478759599464768,10,2,2,-3.0,5.0,9.0,19.0
598,main_green,main_green,50,117.0,9.684785008936183,10,2,2,-3.0,5.0,9.0,19.0
599,main_green,main_green,50,127.0,9.744455745172118,10,2,2,-3.0,5.0,9.0,19.0
600,main_green,main_green,55,137.0,8.90364005586211,15,2,2,-3.0,5.0,9.0,19.0
601,main_green,main_green,55,147.0,9.072250810130974,10,2,2,-3.0,5.0,9.0,19.0
602,main_green,main_green,54,157.0,9.112670356779628,11,2,2,-3.0,5.0,9.0,19.0
603,main_green,main_green,52,167.0,9.185252698260415,10,2,2,-3.0,5.0,9.0,19.0
604,main_green,main_green,53,177.0,9.024021535241237,11,2,2,-3.0,5.0,9.0,19.0
605,main_green,main_green,53,187.0,9.194588334565584,10,2,2,-3.0,5.0,9.0,19.0
606,main_green,main_green,52,197.0,9.185319104865872,10,2,2,3.0,9.0,11.0,13.0
607,main_green,main_green,53,207.0,8.962034101784088,11,2,2,3.0,9.0,11.0,13.0
608,main_green,main_green,54,220.0,8.812934423482417,14,2,2,3.0,9.0,11.0,13.0
609,main_green,main_green,54,233.0,8.896491578736935,13,2,2,3.0,9.0,11.0,13.0
610,main_green,main_green,54,246.0,9.030505805070144,13,2,2,3.0,9.0,11.0,13.0
611,main_green,main_green,52,259.0,9.037161924741307,13,2,2,3.0,9.0,11.0,13.0
612,main_green,main_green,57,273.0,8.29369277974004,19,2,2,3.0,9.0,11.0,13.0
613,main_green,main_green,58,287.0,8.43991109719205,15,2,2,3.0,9.0,11.0,13.0
614,main_green,main_green,58,301.0,8.6239549454527,14,2,2,3.0,9.0,11.0,13.0
615,main_green,main_green,58,315.0,8.838853524678017,14,2,2,3.0,9.0,11.0,13.0
616,yellow_transition,yellow_transition,59,329.0,8.567634911532938,15,3,3,7.0,7.0,13.0,11.0
617,yellow_transition,yellow_transition,58,343.0,8.65259314517486,14,3,3,7.0,7.0,13.0,11.0
618,yellow_transition,yellow_transition,59,357.0,8.219449329493195,15,3,3,7.0,7.0,13.0,11.0
619,main_green,side_green,58,207.0,8.211890463419289,11,2,0,7.0,7.0,13.0,11.0
620,main_green,side_green,58,144.0,8.002412027167328,8,2,0,7.0,7.0,13.0,11.0
621,main_green,side_green,58,153.0,8.255618070932849,9,2,0,7.0,7.0,13.0,11.0
622,main_green,side_green,57,163.0,8.404924870439485,10,2,0,7.0,7.0,13.0,11.0
623,main_green,side_green,58,175.0,8.570597236241062,13,2,0,7.0,7.0,13.0,11.0
624,main_green,side_green,63,187.0,8.261541555643513,17,2,0,7.0,7.0,13.0,11.0
625,main_green,side_green,61,200.0,8.537654236874147,13,2,0,7.0,7.0,13.0,11.0
626,main_green,side_green,61,214.0,8.855455227486107,14,2,0,7.0,7.0,13.0,11.0
627,main_green,side_green,59,228.0,8.830104599434849,14,2,0,7.0,7.0,13.0,11.0
628,main_green,side_green,60,242.0,8.517662919965924,16,2,0,7.0,7.0,13.0,11.0
629,yellow_transition,yellow_transition,59,256.0,8.33489014306536,14,3,1,10.0,4.0,-7.0,21.0
630,yellow_transition,yellow_transition,59,272.0,8.382934762383421,16,3,1,10.0,4.0,-7.0,21.0
631,yellow_transition,yellow_transition,59,289.0,8.252613334130881,17,3,1,10.0,4.0,-7.0,21.0
632,side_green,main_green,60,97.0,8.42181890502231,10,0,2,10.0,4.0,-7.0,21.0
633,side_green,main_green,60,7.0,8.519162362680612,3,0,2,10.0,4.0,-7.0,21.0
634,side_green,main_green,60,1.0,9.009425846393816,1,0,2,10.0,4.0,-7.0,21.0
635,side_green,main_green,60,2.0,9.57860693098493,1,0,2,10.0,4.0,-7.0,21.0
636,side_green,main_green,65,5.0,9.220858062006993,8,0,2,10.0,4.0,-7.0,21.0
637,side_green,main_green,63,8.0,9.725076342229316,3,0,2,10.0,4.0,-7.0,21.0
638,side_green,main_green,62,11.0,10.0128749800367,4,0,2,10.0,4.0,-7.0,21.0
639,side_green,main_green,59,14.0,10.381804011632145,3,0,2,10.0,4.0,-7.0,21.0
640,side_green,main_green,58,19.0,10.449918440756784,6,0,2,10.0,4.0,-7.0,21.0
641,side_green,main_green,57,24.0,10.52920783287841,5,0,2,10.0,4.0,-7.0,21.0
642,yellow_transition,yellow_transition,55,29.0,10.404966948030193,5,1,3,-7.0,19.0,-11.0,-3.0
643,yellow_transition,yellow_transition,55,34.0,10.028941383504122,6,1,3,-7.0,19.0,-11.0,-3.0
644,yellow_transition,yellow_transition,55,40.0,9.7260978738231,7,1,3,-7.0,19.0,-11.0,-3.0
645,main_green,main_green,54,10.0,10.07212408707157,4,2,2,-7.0,19.0,-11.0,-3.0
646,main_green,main_green,53,4.0,10.289702797594153,2,2,2,-7.0,19.0,-11.0,-3.0
647,main_green,main_green,53,6.0,10.684983828294214,2,2,2,-7.0,19.0,-11.0,-3.0
648,main_green,main_green,57,8.0,10.016124102185842,7,2,2,-7.0,19.0,-11.0,-3.0
649,main_green,main_green,58,10.0,10.261537876345777,3,2,2,-7.0,19.0,-11.0,-3.0
650,main_green,main_green,56,12.0,10.612458953605698,2,2,2,-7.0,19.0,-11.0,-3.0
651,main_green,main_green,54,14.0,10.810915410794033,2,2,2,-7.0,19.0,-11.0,-3.0
652,main_green,main_green,53,16.0,10.929951797169691,3,2,2,-7.0,19.0,-11.0,-3.0
653,main_green,main_green,52,18.0,11.02520837106768,2,2,2,-7.0,19.0,-11.0,-3.0
654,main_green,main_green,53,20.0,10.9248106488726,3,2,2,-7.0,19.0,-11.0,-3.0
655,main_green,main_green,51,22.0,10.898948429270394,2,2,2,-5.0,15.0,-5.0,5.0
656,main_green,main_green,52,25.0,10.679958325462511,4,2,2,-5.0,15.0,-5.0,5.0
657,main_green,main_green,50,30.0,10.635095613882408,5,2,2,-5.0,15.0,-5.0,5.0
658,main_green,main_green,49,36.0,10.804446342342,6,2,2,-5.0,15.0,-5.0,5.0
659,main_green,main_green,49,42.0,10.587556823616165,7,2,2,-5.0,15.0,-5.0,5.0
660,main_green,main_green,53,48.0,9.63645416561855,11,2,2,-5.0,15.0,-5.0,5.0
661,main_green,main_green,53,54.0,9.873326599454668,6,2,2,-5.0,15.0,-5.0,5.0
662,main_green,main_green,52,60.0,10.25228335359296,6,2,2,-5.0,15.0,-5.0,5.0
663,main_green,main_green,52,66.0,10.397570687563892,6,2,2,-5.0,15.0,-5.0,5.0
664,main_green,main_green,52,72.0,10.001013860777489,8,2,2,-5.0,15.0,-5.0,5.0
665,main_green,main_green,51,78.0,10.030492769219407,6,2,2,-4.0,6.0,7.0,21.0
666,main_green,main_green,50,84.0,9.91646716524292,6,2,2,-4.0,6.0,7.0,21.0
667,main_green,main_green,50,90.0,9.899236373059507,6,2,2,-4.0,6.0,7.0,21.0
668,main_green,main_green,51,98.0,9.716446314758265,9,2,2,-4.0,6.0,7.0,21.0
669,main_green,main_green,50,108.0,9.494512086980484,11,2,2,-4.0,6.0,7.0,21.0
670,main_green,main_green,50,118.0,9.550232445137253,10,2,2,-4.0,6.0,7.0,21.0
671,main_green,main_green,49,128.0,9.74179235120946,10,2,2,-4.0,6.0,7.0,21.0
672,main_green,main_green,53,138.0,8.744422430841954,15,2,2,-4.0,6.0,7.0,21.0
673,main_green,main_green,52,148.0,8.97997131604035,10,2,2,-4.0,6.0,7.0,21.0
674,main_green,main_green,53,158.0,9.075566595529155,11,2,2,-4.0,6.0,7.0,21.0
675,main_green,main_green,53,168.0,9.403077119334945,10,2,2,3.0,9.0,13.0,19.0
676,main_green,main_green,54,178.0,9.385734364583726,11,2,2,3.0,9.0,13.0,19.0
677,main_green,main_green,54,188.0,9.599619061486873,10,2,2,3.0,9.0,13.0,19.0
678,main_green,main_green,54,198.0,9.590114011677713,10,2,2,3.0,9.0,13.0,19.0
679,main_green,main_green,55,208.0,9.404074527442015,11,2,2,3.0,9.0,13.0,19.0
680,main_green,main_green,56,219.0,9.145922839440923,12,2,2,3.0,9.0,13.0,19.0
681,main_green,main_green,55,231.0,9.271000655999515,12,2,2,3.0,9.0,13.0,19.0
682,main_green,main_green,54,243.0,9.160358644165699,12,2,2,3.0,9.0,13.0,19.0
683,main_green,main_green,54,257.0,9.25315019429683,14,2,2,3.0,9.0,13.0,19.0
684,main_green,main_green,58,271.0,8.477731788147633,19,2,2,3.0,9.0,13.0,19.0
685,yellow_transition,yellow_transition,58,285.0,8.406803765951429,15,3,3,10.0,14.0,12.0,6.0
686,yellow_transition,yellow_transition,57,299.0,8.504362656144654,14,3,3,10.0,14.0,12.0,6.0
687,yellow_transition,yellow_transition,57,313.0,8.556792442502152,14,3,3,10.0,14.0,12.0,6.0
688,main_green,side_green,58,175.0,8.403422330548635,11,2,0,10.0,14.0,12.0,6.0
689,main_green,side_green,58,125.0,8.57000887389632,6,2,0,10.0,14.0,12.0,6.0
690,main_green,side_green,59,131.0,8.58863267812962,7,2,0,10.0,14.0,12.0,6.0
691,main_green,side_green,59,138.0,8.88524135692523,7,2,0,10.0,14.0,12.0,6.0
692,main_green,side_green,60,148.0,9.029413844614576,11,2,0,10.0,14.0,12.0,6.0
693,main_green,side_green,60,158.0,9.477440107767135,10,2,0,10.0,14.0,12.0,6.0
694,main_green,side_green,59,168.0,9.658260742371537,10,2,0,10.0,14.0,12.0,6.0
695,main_green,side_green,59,179.0,9.601898797888312,12,2,0,10.0,14.0,12.0,6.0
696,main_green,side_green,62,190.0,8.87184215702027,16,2,0,10.0,14.0,12.0,6.0
697,main_green,side_green,61,202.0,9.09406738369686,12,2,0,10.0,14.0,12.0,6.0
698,yellow_transition,yellow_transition,59,214.0,8.9971277162519,12,3,1,11.0,5.0,-10.0,12.0
699,yellow_transition,yellow_transition,58,226.0,8.933227748397615,12,3,1,11.0,5.0,-10.0,12.0
700,yellow_transition,yellow_transition,60,238.0,8.59050191767042,14,3,1,11.0,5.0,-10.0,12.0
701,side_green,main_green,60,61.0,8.509243701197557,5,0,2,11.0,5.0,-10.0,12.0
702,side_green,main_green,60,2.0,8.662665726096481,1,0,2,11.0,5.0,-10.0,12.0
703,side_green,main_green,59,3.0,8.997637831417304,1,0,2,11.0,5.0,-10.0,12.0
704,side_green,main_green,59,4.0,9.195212419672762,2,0,2,11.0,5.0,-10.0,12.0
705,side_green,main_green,60,8.0,9.450557764018459,5,0,2,11.0,5.0,-10.0,12.0
706,side_green,main_green,57,13.0,9.826853661292086,5,0,2,11.0,5.0,-10.0,12.0
707,side_green,main_green,55,18.0,10.104830403745193,5,0,2,11.0,5.0,-10.0,12.0
708,side_green,main_green,57,23.0,9.399991739469518,10,0,2,11.0,5.0,-10.0,12.0
709,side_green,main_green,57,30.0,9.811130973532563,7,0,2,11.0,5.0,-10.0,12.0
710,side_green,main_green,57,37.0,9.714478283503322,8,0,2,11.0,5.0,-10.0,12.0
711,yellow_transition,yellow_transition,55,44.0,9.853167445529529,7,1,3,-8.0,16.0,-4.0,0.0
712,yellow_transition,yellow_transition,55,51.0,9.702694746373941,8,1,3,-8.0,16.0,-4.0,0.0
713,yellow_transition,yellow_transition,55,58.0,9.660494921323107,7,1,3,-8.0,16.0,-4.0,0.0
714,main_green,main_green,54,27.0,9.716936675060985,4,2,2,-8.0,16.0,-4.0,0.0
715,main_green,main_green,55,22.0,9.799199237302435,3,2,2,-8.0,16.0,-4.0,0.0
716,main_green,main_green,55,25.0,9.708814340736758,4,2,2,-8.0,16.0,-4.0,0.0
717,main_green,main_green,55,30.0,10.016938201143528,5,2,2,-8.0,16.0,-4.0,0.0
718,main_green,main_green,54,35.0,10.25082172133908,5,2,2,-8.0,16.0,-4.0,0.0
719,main_green,main_green,53,41.0,10.61709396520387,6,2,2,-8.0,16.0,-4.0,0.0
720,main_green,main_green,56,47.0,9.765489491948532,11,2,2,-8.0,16.0,-4.0,0.0
721,main_green,main_green,55,53.0,9.944223604887593,7,2,2,-8.0,16.0,-4.0,0.0
722,main_green,main_green,54,59.0,10.114021544452084,6,2,2,-8.0,16.0,-4.0,0.0
723,main_green,main_green,53,65.0,10.312275281634209,6,2,2,-8.0,16.0,-4.0,0.0
724,main_green,main_green,54,71.0,10.120950971312384,7,2,2,0.0,14.0,0.0,6.0
725,main_green,main_green,53,77.0,10.003343678254716,6,2,2,0.0,14.0,0.0,6.0
726,main_green,main_green,53,83.0,9.760383768047387,7,2,2,0.0,14.0,0.0,6.0
727,main_green,main_green,51,91.0,9.82112381775142,8,2,2,0.0,14.0,0.0,6.0
728,main_green,main_green,51,100.0,9.685599334285005,10,2,2,0.0,14.0,0.0,6.0
729,main_green,main_green,51,110.0,9.815742380020994,10,2,2,0.0,14.0,0.0,6.0
730,main_green,main_green,50,120.0,9.84014034675925,10,2,2,0.0,14.0,0.0,6.0
731,main_green,main_green,51,130.0,9.718935448206581,11,2,2,0.0,14.0,0.0,6.0
732,main_green,main_green,54,140.0,8.86197262995569,15,2,2,0.0,14.0,0.0,6.0
733,main_green,main_green,54,150.0,9.124766217429263,10,2,2,0.0,14.0,0.0,6.0
734,main_green,main_green,53,160.0,9.324290008415746,10,2,2,1.0,3.0,13.0,21.0
735,main_green,main_green,53,170.0,9.487370013474175,10,2,2,1.0,3.0,13.0,21.0
736,main_green,main_green,55,180.0,9.183680904277544,12,2,2,1.0,3.0,13.0,21.0
737,main_green,main_green,55,190.0,9.159793527289578,10,2,2,1.0,3.0,13.0,21.0
738,main_green,main_green,55,200.0,9.146374807532881,10,2,2,1.0,3.0,13.0,21.0
739,main_green,main_green,55,212.0,9.260927150410646,12,2,2,1.0,3.0,13.0,21.0
740,main_green,main_green,54,226.0,8.965794543371292,15,2,2,1.0,3.0,13.0,21.0
741,main_green,main_green,54,240.0,8.852447700712919,15,2,2,1.0,3.0,13.0,21.0
742,main_green,main_green,53,254.0,8.839784666760748,14,2,2,1.0,3.0,13.0,21.0
743,main_green,main_green,53,268.0,8.984133881522215,14,2,2,1.0,3.0,13.0,21.0
744,main_green,main_green,57,282.0,8.248539197082046,19,2,2,3.0,5.0,13.0,17.0
745,main_green,main_green,57,296.0,8.383740271682967,14,2,2,3.0,5.0,13.0,17.0
746,main_green,main_green,57,310.0,8.435193111962816,15,2,2,3.0,5.0,13.0,17.0
747,main_green,main_green,57,324.0,8.635725033520952,14,2,2,3.0,5.0,13.0,17.0
748,main_green,main_green,58,338.0,8.52019627697259,15,2,2,3.0,5.0,13.0,17.0
749,main_green,main_green,58,352.0,8.441762503364675,14,2,2,3.0,5.0,13.0,17.0
750,main_green,main_green,56,366.0,8.304477665310937,14,2,2,3.0,5.0,13.0,17.0
751,main_green,main_green,56,381.0,8.117066917216714,16,2,2,3.0,5.0,13.0,17.0
752,main_green,main_green,56,398.0,8.057260484552538,18,2,2,3.0,5.0,13.0,17.0
753,main_green,main_green,56,416.0,8.06722757081719,18,2,2,3.0,5.0,13.0,17.0
754,yellow_transition,yellow_transition,56,434.0,8.162247465224182,18,3,3,11.0,13.0,11.0,7.0
755,yellow_transition,yellow_transition,56,452.0,8.22333894145313,18,3,3,11.0,13.0,11.0,7.0
756,yellow_transition,yellow_transition,60,470.0,7.427070184653792,23,3,3,11.0,13.0,11.0,7.0
757,main_green,side_green,61,302.0,7.486813618870888,15,2,0,11.0,13.0,11.0,7.0
758,main_green,side_green,61,214.0,7.831773218448876,10,2,0,11.0,13.0,11.0,7.0
759,main_green,side_green,61,209.0,8.237290160938258,9,2,0,11.0,13.0,11.0,7.0
760,main_green,side_green,62,219.0,8.4779458650266,11,2,0,11.0,13.0,11.0,7.0
761,main_green,side_green,62,229.0,8.879172958703126,10,2,0,11.0,13.0,11.0,7.0
762,main_green,side_green,61,239.0,9.077253413290954,11,2,0,11.0,13.0,11.0,7.0
763,main_green,side_green,61,250.0,9.479481855034354,11,2,0,11.0,13.0,11.0,7.0
764,main_green,side_green,62,261.0,9.563960640268771,12,2,0,11.0,13.0,11.0,7.0
765,main_green,side_green,61,273.0,9.51909941317827,12,2,0,11.0,13.0,11.0,7.0
766,main_green,side_green,60,285.0,9.440058535708856,12,2,0,11.0,13.0,11.0,7.0
767,yellow_transition,yellow_transition,61,297.0,9.163007512482892,13,3,1,13.0,7.0,-17.0,9.0
768,yellow_transition,yellow_transition,66,310.0,8.267226990874676,18,3,1,13.0,7.0,-17.0,9.0
769,yellow_transition,yellow_transition,66,324.0,8.104522755039737,14,3,1,13.0,7.0,-17.0,9.0
770,side_green,main_green,64,118.0,8.170058324371517,8,0,2,13.0,7.0,-17.0,9.0
771,side_green,main_green,64,16.0,8.451084686945315,2,0,2,13.0,7.0,-17.0,9.0
772,side_green,main_green,65,2.0,8.584354822206862,4,0,2,13.0,7.0,-17.0,9.0
773,side_green,main_green,63,5.0,8.945611838496122,3,0,2,13.0,7.0,-17.0,9.0
774,side_green,main_green,63,8.0,9.42511175842247,3,0,2,13.0,7.0,-17.0,9.0
775,side_green,main_green,62,12.0,9.789416618526907,4,0,2,13.0,7.0,-17.0,9.0
776,side_green,main_green,61,17.0,10.064809016942418,6,0,2,13.0,7.0,-17.0,9.0
777,side_green,main_green,59,24.0,10.101058067077007,8,0,2,13.0,7.0,-17.0,9.0
778,side_green,main_green,58,31.0,10.377676741708353,7,0,2,13.0,7.0,-17.0,9.0
779,side_green,main_green,55,39.0,10.462521216961402,8,0,2,13.0,7.0,-17.0,9.0
780,yellow_transition,yellow_transition,58,47.0,9.433947706391457,13,1,3,-13.0,17.0,-10.0,-2.0
781,yellow_transition,yellow_transition,56,55.0,9.44185389894993,8,1,3,-13.0,17.0,-10.0,-2.0
782,yellow_transition,yellow_transition,56,63.0,9.359926383925607,9,1,3,-13.0,17.0,-10.0,-2.0
783,main_green,main_green,56,28.0,9.709942326975712,4,2,2,-13.0,17.0,-10.0,-2.0
784,main_green,main_green,57,18.0,9.842006331382605,3,2,2,-13.0,17.0,-10.0,-2.0
785,main_green,main_green,57,20.0,10.218046898764536,2,2,2,-13.0,17.0,-10.0,-2.0
786,main_green,main_green,57,22.0,10.442785369906515,2,2,2,-13.0,17.0,-10.0,-2.0
787,main_green,main_green,58,25.0,10.446437344678953,4,2,2,-13.0,17.0,-10.0,-2.0
788,main_green,main_green,59,28.0,10.528078910991374,4,2,2,-13.0,17.0,-10.0,-2.0
789,main_green,main_green,55,32.0,10.636822844015049,4,2,2,-13.0,17.0,-10.0,-2.0
790,main_green,main_green,53,38.0,10.852477721044403,6,2,2,-13.0,17.0,-10.0,-2.0
791,main_green,main_green,50,44.0,10.8075995435808,6,2,2,-13.0,17.0,-10.0,-2.0
792,main_green,main_green,53,50.0,9.798191167527277,11,2,2,-13.0,17.0,-10.0,-2.0
793,main_green,main_green,52,56.0,9.733389526066556,7,2,2,2.0,18.0,0.0,2.0
794,main_green,main_green,52,62.0,10.0004724158023,6,2,2,2.0,18.0,0.0,2.0
795,main_green,main_green,50,68.0,10.158672661068495,6,2,2,2.0,18.0,0.0,2.0
796,main_green,main_green,51,74.0,10.071953791553334,7,2,2,2.0,18.0,0.0,2.0
797,main_green,main_green,51,80.0,10.00053293260945,6,2,2,2.0,18.0,0.0,2.0
798,main_green,main_green,52,86.0,9.79939465630573,7,2,2,2.0,18.0,0.0,2.0
799,main_green,main_green,52,92.0,9.839837888970912,6,2,2,2.0,18.0,0.0,2.0
800,main_green,main_green,52,99.0,9.658749387833401,8,2,2,2.0,18.0,0.0,2.0
801,main_green,main_green,51,109.0,9.725453117869368,10,2,2,2.0,18.0,0.0,2.0
802,main_green,main_green,50,119.0,9.862333813342817,10,2,2,2.0,18.0,0.0,2.0
803,main_green,main_green,50,129.0,9.681583739564402,11,2,2,-4.0,4.0,8.0,18.0
804,main_green,main_green,55,139.0,8.99106209623704,15,2,2,-4.0,4.0,8.0,18.0
805,main_green,main_green,55,149.0,9.309640871418777,10,2,2,-4.0,4.0,8.0,18.0
806,main_green,main_green,55,159.0,9.511743617112861,10,2,2,-4.0,4.0,8.0,18.0
807,main_green,main_green,54,169.0,9.601580223217729,10,2,2,-4.0,4.0,8.0,18.0
808,main_green,main_green,56,179.0,9.253538648654004,12,2,2,-4.0,4.0,8.0,18.0
809,main_green,main_green,55,189.0,9.351842017682204,10,2,2,-4.0,4.0,8.0,18.0
810,main_green,main_green,55,199.0,9.202435062465366,10,2,2,-4.0,4.0,8.0,18.0
811,main_green,main_green,52,209.0,8.989970343794225,10,2,2,-4.0,4.0,8.0,18.0
812,main_green,main_green,53,221.0,8.873020248670848,13,2,2,-4.0,4.0,8.0,18.0
813,main_green,main_green,54,234.0,8.863473172800774,14,2,2,4.0,12.0,12.0,12.0
814,main_green,main_green,53,248.0,8.872658600205865,14,2,2,4.0,12.0,12.0,12.0
815,main_green,main_green,53,262.0,8.970683954904503,14,2,2,4.0,12.0,12.0,12.0
816,main_green,main_green,58,276.0,8.306401760599083,19,2,2,4.0,12.0,12.0,12.0
817,main_green,main_green,58,290.0,8.519200985903334,14,2,2,4.0,12.0,12.0,12.0
818,main_green,main_green,59,304.0,8.521378400987526,15,2,2,4.0,12.0,12.0,12.0
819,main_green,main_green,59,318.0,8.858458020439826,14,2,2,4.0,12.0,12.0,12.0
820,main_green,main_green,60,332.0,8.700960538452806,15,2,2,4.0,12.0,12.0,12.0
821,main_green,main_green,60,346.0,8.806271179765535,14,2,2,4.0,12.0,12.0,12.0
822,main_green,main_green,60,360.0,8.647658282520748,14,2,2,4.0,12.0,12.0,12.0
823,yellow_transition,yellow_transition,60,375.0,8.359640928310277,16,3,3,6.0,6.0,12.0,8.0
824,yellow_transition,yellow_transition,61,391.0,8.259558695487522,17,3,3,6.0,6.0,12.0,8.0
825,yellow_transition,yellow_transition,60,409.0,8.251699558863365,18,3,3,6.0,6.0,12.0,8.0
826,main_green,side_green,59,248.0,8.382504857753068,14,2,0,6.0,6.0,12.0,8.0
827,main_green,side_green,58,177.0,8.708305313237062,10,2,0,6.0,6.0,12.0,8.0
828,main_green,side_green,62,177.0,8.227337328404321,13,2,0,6.0,6.0,12.0,8.0
829,main_green,side_green,63,185.0,8.399510875751632,9,2,0,6.0,6.0,12.0,8.0
830,main_green,side_green,62,194.0,8.809888680425908,9,2,0,6.0,6.0,12.0,8.0
831,main_green,side_green,61,204.0,9.111555160535925,10,2,0,6.0,6.0,12.0,8.0
832,main_green,side_green,62,214.0,9.447506477396706,11,2,0,6.0,6.0,12.0,8.0
833,main_green,side_green,60,224.0,9.634233683332189,10,2,0,6.0,6.0,12.0,8.0
834,main_green,side_green,60,234.0,9.676599401730785,11,2,0,6.0,6.0,12.0,8.0
835,main_green,side_green,58,244.0,9.567521323852388,10,2,0,6.0,6.0,12.0,8.0
836,yellow_transition,yellow_transition,59,255.0,9.238553810567806,12,3,1,13.0,7.0,-12.0,10.0
837,yellow_transition,yellow_transition,59,267.0,9.089408798228204,12,3,1,13.0,7.0,-12.0,10.0
838,yellow_transition,yellow_transition,58,279.0,8.745476772359355,12,3,1,13.0,7.0,-12.0,10.0
839,side_green,main_green,59,91.0,8.623845535347582,7,0,2,13.0,7.0,-12.0,10.0
840,side_green,main_green,63,9.0,8.059406582682428,9,0,2,13.0,7.0,-12.0,10.0
841,side_green,main_green,63,5.0,8.666872878579829,3,0,2,13.0,7.0,-12.0,10.0
842,side_green,main_green,63,8.0,9.339946080324436,3,0,2,13.0,7.0,-12.0,10.0
843,side_green,main_green,61,11.0,9.845778399081711,3,0,2,13.0,7.0,-12.0,10.0
844,side_green,main_green,61,15.0,9.925280033117861,6,0,2,13.0,7.0,-12.0,10.0
845,side_green,main_green,58,19.0,10.194651971104639,4,0,2,13.0,7.0,-12.0,10.0
846,side_green,main_green,58,23.0,10.493399865756917,4,0,2,13.0,7.0,-12.0,10.0
847,side_green,main_green,53,29.0,10.248890727972654,6,0,2,13.0,7.0,-12.0,10.0
848,side_green,main_green,54,37.0,9.9776577489485,9,0,2,13.0,7.0,-12.0,10.0
849,yellow_transition,yellow_transition,55,45.0,9.915551905651595,9,1,3,-13.0,17.0,-5.0,-1.0
850,yellow_transition,yellow_transition,52,53.0,9.71106828273643,8,1,3,-13.0,17.0,-5.0,-1.0
851,yellow_transition,yellow_transition,51,62.0,9.811430156656867,9,1,3,-13.0,17.0,-5.0,-1.0
852,main_green,main_green,55,32.0,9.105255197075332,11,2,2,-13.0,17.0,-5.0,-1.0
853,main_green,main_green,55,24.0,9.493452489048389,3,2,2,-13.0,17.0,-5.0,-1.0
854,main_green,main_green,56,27.0,9.696871435533529,4,2,2,-13.0,17.0,-5.0,-1.0
855,main_green,main_green,56,30.0,10.14777892885321,3,2,2,-13.0,17.0,-5.0,-1.0
856,main_green,main_green,57,33.0,10.215261333217875,4,2,2,-13.0,17.0,-5.0,-1.0
857,main_green,main_green,57,36.0,10.61196576301203,3,2,2,-13.0,17.0,-5.0,-1.0
858,main_green,main_green,54,39.0,10.634069129277075,3,2,2,-13.0,17.0,-5.0,-1.0
859,main_green,main_green,53,42.0,10.275983784843183,4,2,2,-13.0,17.0,-5.0,-1.0
860,main_green,main_green,52,48.0,10.259071846625535,7,2,2,-13.0,17.0,-5.0,-1.0
861,main_green,main_green,51,55.0,10.338463628484972,7,2,2,-13.0,17.0,-5.0,-1.0
862,main_green,main_green,49,62.0,10.292737738481653,7,2,2,-6.0,12.0,0.0,10.0
863,main_green,main_green,48,69.0,10.380984944600627,7,2,2,-6.0,12.0,0.0,10.0
864,main_green,main_green,52,76.0,9.387124790024236,12,2,2,-6.0,12.0,0.0,10.0
865,main_green,main_green,53,83.0,9.479192187236741,8,2,2,-6.0,12.0,0.0,10.0
866,main_green,main_green,50,90.0,9.6252106911708,7,2,2,-6.0,12.0,0.0,10.0
867,main_green,main_green,50,97.0,9.826122919942282,7,2,2,-6.0,12.0,0.0,10.0
868,main_green,main_green,50,104.0,9.736884854141723,8,2,2,-6.0,12.0,0.0,10.0
869,main_green,main_green,50,111.0,9.794455695138113,7,2,2,-6.0,12.0,0.0,10.0
870,main_green,main_green,51,118.0,9.506473742907513,8,2,2,-6.0,12.0,0.0,10.0
871,main_green,main_green,50,125.0,9.381606027476046,7,2,2,-6.0,12.0,0.0,10.0
872,main_green,main_green,51,133.0,9.285542627643043,9,2,2,-3.0,7.0,11.0,19.0
873,main_green,main_green,51,144.0,9.456559186957481,11,2,2,-3.0,7.0,11.0,19.0
874,main_green,main_green,51,155.0,9.573969349704393,11,2,2,-3.0,7.0,11.0,19.0
875,main_green,main_green,52,166.0,9.4289046646811,12,2,2,-3.0,7.0,11.0,19.0
876,main_green,main_green,57,177.0,8.643292990283054,16,2,2,-3.0,7.0,11.0,19.0
877,main_green,main_green,57,188.0,8.945679865538638,11,2,2,-3.0,7.0,11.0,19.0
878,main_green,main_green,55,199.0,9.108315980769413,11,2,2,-3.0,7.0,11.0,19.0
879,main_green,main_green,54,210.0,9.279794877877427,11,2,2,-3.0,7.0,11.0,19.0
880,main_green,main_green,54,221.0,8.693109369828617,13,2,2,-3.0,7.0,11.0,19.0
881,main_green,main_green,54,232.0,8.693893135663053,11,2,2,-3.0,7.0,11.0,19.0
882,main_green,main_green,54,243.0,8.662516727843265,11,2,2,3.0,11.0,14.0,16.0
883,main_green,main_green,54,256.0,8.71437296392798,13,2,2,3.0,11.0,14.0,16.0
884,main_green,main_green,55,270.0,8.604092241792475,15,2,2,3.0,11.0,14.0,16.0
885,main_green,main_green,56,285.0,8.6400959095522,16,2,2,3.0,11.0,14.0,16.0
886,main_green,main_green,56,300.0,8.720359287203932,15,2,2,3.0,11.0,14.0,16.0
887,main_green,main_green,56,315.0,8.836439488316874,15,2,2,3.0,11.0,14.0,16.0
888,main_green,main_green,60,330.0,8.17550003934776,20,2,2,3.0,11.0,14.0,16.0
889,main_green,main_green,60,345.0,8.314195661272926,15,2,2,3.0,11.0,14.0,16.0
890,main_green,main_green,60,360.0,8.344461124833925,16,2,2,3.0,11.0,14.0,16.0
891,main_green,main_green,59,375.0,8.447918828278773,15,2,2,3.0,11.0,14.0,16.0
892,yellow_transition,yellow_transition,60,390.0,8.216854669176133,16,3,3,9.0,7.0,15.0,13.0
893,yellow_transition,yellow_transition,60,405.0,8.165548602407169,15,3,3,9.0,7.0,15.0,13.0
894,yellow_transition,yellow_transition,60,420.0,8.139035960387382,15,3,3,9.0,7.0,15.0,13.0
895,side_green,side_green,60,132.0,7.993870870518148,9,0,0,9.0,7.0,15.0,13.0
896,side_green,side_green,59,19.0,8.08914043091636,6,0,0,9.0,7.0,15.0,13.0
897,side_green,side_green,59,4.0,8.525740111808904,2,0,0,9.0,7.0,15.0,13.0
898,side_green,side_green,59,7.0,9.074808724652229,3,0,0,9.0,7.0,15.0,13.0
899,side_green,side_green,59,11.0,9.655592461696168,4,0,0,9.0,7.0,15.0,13.0
900,side_green,side_green,63,16.0,9.39050487578541,10,0,0,9.0,7.0,15.0,13.0
901,side_green,side_green,63,21.0,9.620331284118132,6,0,0,9.0,7.0,15.0,13.0
902,side_green,side_green,63,26.0,9.74585539952778,5,0,0,9.0,7.0,15.0,13.0
903,side_green,side_green,62,32.0,9.655900904109133,6,0,0,9.0,7.0,15.0,13.0
904,side_green,side_green,63,41.0,9.475437875897155,10,0,0,9.0,7.0,15.0,13.0
905,yellow_transition,yellow_transition,61,51.0,9.283356644032352,10,1,1,-9.0,9.0,-12.0,8.0
906,yellow_transition,yellow_transition,62,62.0,9.057728711024255,12,1,1,-9.0,9.0,-12.0,8.0
907,yellow_transition,yellow_transition,61,73.0,8.88076721782604,11,1,1,-9.0,9.0,-12.0,8.0
908,main_green,main_green,61,15.0,8.620426134043946,6,2,2,-9.0,9.0,-12.0,8.0
909,main_green,main_green,60,3.0,9.002595980578542,2,2,2,-9.0,9.0,-12.0,8.0
910,main_green,main_green,59,6.0,9.280670933269013,3,2,2,-9.0,9.0,-12.0,8.0
911,main_green,main_green,59,9.0,9.483058480241537,4,2,2,-9.0,9.0,-12.0,8.0
912,main_green,main_green,64,12.0,9.319211637749428,8,2,2,-9.0,9.0,-12.0,8.0
913,main_green,main_green,61,15.0,9.824062935573158,3,2,2,-9.0,9.0,-12.0,8.0
914,main_green,main_green,58,18.0,10.388129822308414,3,2,2,-9.0,9.0,-12.0,8.0
915,main_green,main_green,55,21.0,10.74262793268435,3,2,2,-9.0,9.0,-12.0,8.0
916,main_green,main_green,53,24.0,10.43730376528384,5,2,2,-9.0,9.0,-12.0,8.0
917,main_green,main_green,50,27.0,10.589579252719625,3,2,2,-9.0,9.0,-12.0,8.0
918,main_green,main_green,47,30.0,10.77891204573131,3,2,2,2.0,14.0,-6.0,8.0
919,main_green,main_green,47,33.0,10.744077723774389,3,2,2,2.0,14.0,-6.0,8.0
920,main_green,main_green,46,37.0,10.106069059743284,5,2,2,2.0,14.0,-6.0,8.0
921,main_green,main_green,47,42.0,10.022537622835475,6,2,2,2.0,14.0,-6.0,8.0
922,main_green,main_green,46,48.0,10.088838370439117,6,2,2,2.0,14.0,-6.0,8.0
923,main_green,main_green,46,54.0,10.263482824612836,6,2,2,2.0,14.0,-6.0,8.0
924,main_green,main_green,51,61.0,9.303765869450347,12,2,2,2.0,14.0,-6.0,8.0
925,main_green,main_green,51,68.0,9.626078315027453,7,2,2,2.0,14.0,-6.0,8.0
926,main_green,main_green,52,75.0,9.683592985071614,8,2,2,2.0,14.0,-6.0,8.0
927,main_green,main_green,52,82.0,9.969256715815517,7,2,2,2.0,14.0,-6.0,8.0
928,main_green,main_green,53,89.0,9.896511764365002,8,2,2,4.0,16.0,0.0,14.0
929,main_green,main_green,53,96.0,9.94966590715928,7,2,2,4.0,16.0,0.0,14.0
930,main_green,main_green,53,103.0,9.92627607323306,7,2,2,4.0,16.0,0.0,14.0
931,main_green,main_green,54,112.0,9.675418018932657,10,2,2,4.0,16.0,0.0,14.0
932,main_green,main_green,55,122.0,9.508256032838977,11,2,2,4.0,16.0,0.0,14.0
933,main_green,main_green,54,133.0,9.50800057371766,11,2,2,4.0,16.0,0.0,14.0
934,main_green,main_green,52,144.0,9.55436686494918,11,2,2,4.0,16.0,0.0,14.0
935,main_green,main_green,52,155.0,9.669265454093999,11,2,2,4.0,16.0,0.0,14.0
936,main_green,main_green,57,166.0,8.865519151063769,16,2,2,4.0,16.0,0.0,14.0
937,main_green,main_green,56,177.0,8.888221806227262,12,2,2,4.0,16.0,0.0,14.0
938,main_green,main_green,56,188.0,9.187004058016603,11,2,2,11.0,13.0,7.0,11.0
939,main_green,main_green,54,199.0,9.17411681610191,11,2,2,11.0,13.0,7.0,11.0
940,main_green,main_green,55,210.0,8.98957842745923,12,2,2,11.0,13.0,7.0,11.0
941,main_green,main_green,54,221.0,9.035736725646347,11,2,2,11.0,13.0,7.0,11.0
942,main_green,main_green,55,232.0,8.837388048319765,12,2,2,11.0,13.0,7.0,11.0
943,main_green,main_green,54,244.0,8.846595678900918,12,2,2,11.0,13.0,7.0,11.0
944,main_green,main_green,55,257.0,8.744086353268525,14,2,2,11.0,13.0,7.0,11.0
945,main_green,main_green,55,271.0,8.937801269100335,14,2,2,11.0,13.0,7.0,11.0
946,main_green,main_green,55,286.0,8.983879898971184,15,2,2,11.0,13.0,7.0,11.0
947,main_green,main_green,56,301.0,8.846733427851651,16,2,2,11.0,13.0,7.0,11.0
948,main_green,main_green,61,316.0,8.294512058822752,20,2,2,8.0,10.0,7.0,11.0
949,main_green,main_green,61,331.0,8.592812485665444,15,2,2,8.0,10.0,7.0,11.0
950,main_green,main_green,61,346.0,8.771124459706964,15,2,2,8.0,10.0,7.0,11.0
951,main_green,main_green,61,361.0,8.85717391213167,15,2,2,8.0,10.0,7.0,11.0
952,main_green,main_green,63,376.0,8.643534974509786,17,2,2,8.0,10.0,7.0,11.0
953,main_green,main_green,63,391.0,8.626009828798997,15,2,2,8.0,10.0,7.0,11.0
954,main_green,main_green,63,407.0,8.69343407526857,16,2,2,8.0,10.0,7.0,11.0
955,main_green,main_green,63,424.0,8.70578622024355,17,2,2,8.0,10.0,7.0,11.0
956,main_green,main_green,62,442.0,8.512922535651176,19,2,2,8.0,10.0,7.0,11.0
957,main_green,main_green,62,461.0,8.317901733038132,20,2,2,8.0,10.0,7.0,11.0
958,yellow_transition,yellow_transition,60,480.0,8.252639718884963,19,3,3,12.0,8.0,10.0,8.0
959,yellow_transition,yellow_transition,60,499.0,8.25324853998867,19,3,3,12.0,8.0,10.0,8.0
960,yellow_transition,yellow_transition,64,518.0,7.500237799681566,24,3,3,12.0,8.0,10.0,8.0
961,side_green,side_green,62,186.0,7.6590653766316565,11,0,0,12.0,8.0,10.0,8.0
962,side_green,side_green,62,25.0,7.817875095154622,5,0,0,12.0,8.0,10.0,8.0
963,side_green,side_green,61,2.0,8.134749029450703,1,0,0,12.0,8.0,10.0,8.0
964,side_green,side_green,62,5.0,8.570401003377809,4,0,0,12.0,8.0,10.0,8.0
965,side_green,side_green,61,8.0,9.017473270022863,3,0,0,12.0,8.0,10.0,8.0
966,side_green,side_green,60,13.0,9.681473769247157,5,0,0,12.0,8.0,10.0,8.0
967,side_green,side_green,60,19.0,9.873129117934175,7,0,0,12.0,8.0,10.0,8.0
968,side_green,side_green,61,26.0,9.935324900241262,8,0,0,12.0,8.0,10.0,8.0
969,side_green,side_green,61,33.0,9.943919728287922,7,0,0,12.0,8.0,10.0,8.0
970,side_green,side_green,61,41.0,10.075856053704998,8,0,0,12.0,8.0,10.0,8.0
971,yellow_transition,yellow_transition,60,50.0,9.981112485578828,9,1,1,-17.0,7.0,-16.0,6.0
972,yellow_transition,yellow_transition,64,60.0,9.056894782220736,15,1,1,-17.0,7.0,-16.0,6.0
973,yellow_transition,yellow_transition,65,70.0,8.897887319143939,11,1,1,-17.0,7.0,-16.0,6.0
974,main_green,main_green,64,8.0,9.248283135214518,3,2,2,-17.0,7.0,-16.0,6.0
975,main_green,main_green,64,0.0,9.384018308587402,0,2,2,-17.0,7.0,-16.0,6.0
976,main_green,main_green,64,0.0,9.70476541042162,1,2,2,-17.0,7.0,-16.0,6.0
977,main_green,main_green,64,0.0,9.936800077592865,0,2,2,-17.0,7.0,-16.0,6.0
978,main_green,main_green,65,0.0,10.276794998194495,1,2,2,-17.0,7.0,-16.0,6.0
979,main_green,main_green,61,0.0,10.439102334655521,0,2,2,-17.0,7.0,-16.0,6.0
980,main_green,main_green,61,2.0,10.70847586694577,3,2,2,-17.0,7.0,-16.0,6.0
981,main_green,main_green,56,6.0,11.030916022284218,4,2,2,-17.0,7.0,-16.0,6.0
982,main_green,main_green,53,10.0,11.202523158369342,4,2,2,-17.0,7.0,-16.0,6.0
983,main_green,main_green,50,14.0,11.025670962883979,5,2,2,-17.0,7.0,-16.0,6.0
984,main_green,main_green,54,18.0,10.213278165351449,9,2,2,-9.0,5.0,-6.0,8.0
985,main_green,main_green,49,22.0,10.392806780932409,4,2,2,-9.0,5.0,-6.0,8.0
986,main_green,main_green,47,26.0,10.50485284726907,4,2,2,-9.0,5.0,-6.0,8.0
987,main_green,main_green,46,30.0,10.756840464551214,4,2,2,-9.0,5.0,-6.0,8.0
988,main_green,main_green,48,34.0,10.396598381114705,6,2,2,-9.0,5.0,-6.0,8.0
989,main_green,main_green,48,38.0,10.491599837087792,4,2,2,-9.0,5.0,-6.0,8.0
990,main_green,main_green,48,42.0,10.59342353577069,4,2,2,-9.0,5.0,-6.0,8.0
991,main_green,main_green,48,46.0,10.592528277000136,4,2,2,-9.0,5.0,-6.0,8.0
992,main_green,main_green,49,53.0,10.454151657677873,8,2,2,-9.0,5.0,-6.0,8.0
993,main_green,main_green,50,60.0,10.160225353827414,8,2,2,-9.0,5.0,-6.0,8.0
994,main_green,main_green,50,67.0,10.23687201398199,7,2,2,-1.0,13.0,0.0,14.0
995,main_green,main_green,50,75.0,10.437894598986222,8,2,2,-1.0,13.0,0.0,14.0
996,main_green,main_green,55,83.0,9.567008034252204,13,2,2,-1.0,13.0,0.0,14.0
997,main_green,main_green,55,91.0,9.862082947464042,8,2,2,-1.0,13.0,0.0,14.0
998,main_green,main_green,56,99.0,9.967074823888721,9,2,2,-1.0,13.0,0.0,14.0
999,main_green,main_green,56,107.0,10.174653474310833,8,2,2,-1.0,13.0,0.0,14.0
1000,main_green,main_green,54,115.0,9.95377479883664,9,2,2,-1.0,13.0,0.0,14.0
1001,main_green,main_green,52,123.0,9.724236336355716,8,2,2,-1.0,13.0,0.0,14.0
1002,main_green,main_green,51,131.0,9.586777116703969,8,2,2,-1.0,13.0,0.0,14.0
1003,main_green,main_green,50,139.0,9.315080529314882,9,2,2,-1.0,13.0,0.0,14.0
1004,main_green,main_green,50,150.0,9.204472062525452,12,2,2,5.0,11.0,7.0,13.0
1005,main_green,main_green,49,162.0,9.251781838220342,12,2,2,5.0,11.0,7.0,13.0
1006,main_green,main_green,49,174.0,9.348065834784073,12,2,2,5.0,11.0,7.0,13.0
1007,main_green,main_green,49,186.0,9.494563169851618,12,2,2,5.0,11.0,7.0,13.0
1008,main_green,main_green,54,198.0,8.677851161224327,17,2,2,5.0,11.0,7.0,13.0
1009,main_green,main_green,55,210.0,8.736126602847818,13,2,2,5.0,11.0,7.0,13.0
1010,main_green,main_green,54,222.0,8.97574144670712,12,2,2,5.0,11.0,7.0,13.0
1011,main_green,main_green,54,234.0,9.089612354721408,12,2,2,5.0,11.0,7.0,13.0
1012,main_green,main_green,55,246.0,8.966098251963095,13,2,2,5.0,11.0,7.0,13.0
1013,main_green,main_green,55,258.0,8.9700068215847,12,2,2,5.0,11.0,7.0,13.0
1014,main_green,main_green,56,270.0,8.855879361572047,13,2,2,8.0,10.0,9.0,9.0
1015,main_green,main_green,56,282.0,8.944697102050466,12,2,2,8.0,10.0,9.0,9.0
1016,main_green,main_green,57,294.0,8.919246224126194,13,2,2,8.0,10.0,9.0,9.0
1017,main_green,main_green,57,310.0,8.955172964242061,16,2,2,8.0,10.0,9.0,9.0
1018,main_green,main_green,57,326.0,9.043144930270717,16,2,2,8.0,10.0,9.0,9.0
1019,main_green,main_green,58,342.0,8.96608071637055,17,2,2,8.0,10.0,9.0,9.0
1020,main_green,main_green,63,358.0,8.299468787178492,21,2,2,8.0,10.0,9.0,9.0
1021,main_green,main_green,63,374.0,8.534943668269879,16,2,2,8.0,10.0,9.0,9.0
1022,main_green,main_green,63,390.0,8.790107984021715,16,2,2,8.0,10.0,9.0,9.0
1023,main_green,main_green,60,406.0,8.762850586386172,16,2,2,8.0,10.0,9.0,9.0
1024,yellow_transition,yellow_transition,62,422.0,8.41550415673527,18,3,3,12.0,8.0,11.0,7.0
1025,yellow_transition,yellow_transition,59,438.0,8.113172926015645,16,3,3,12.0,8.0,11.0,7.0
1026,yellow_transition,yellow_transition,58,454.0,7.831793899177948,16,3,3,12.0,8.0,11.0,7.0
1027,side_green,side_green,57,140.0,7.767219997723418,9,0,0,12.0,8.0,11.0,7.0
1028,side_green,side_green,56,3.0,7.712965527842363,3,0,0,12.0,8.0,11.0,7.0
1029,side_green,side_green,56,2.0,8.03582903478,3,0,0,12.0,8.0,11.0,7.0
1030,side_green,side_green,56,5.0,8.594232532535958,3,0,0,12.0,8.0,11.0,7.0
1031,side_green,side_green,56,9.0,9.210585158113718,4,0,0,12.0,8.0,11.0,7.0
1032,side_green,side_green,61,13.0,8.908828781073094,9,0,0,12.0,8.0,11.0,7.0
1033,side_green,side_green,60,18.0,9.306198520127957,5,0,0,12.0,8.0,11.0,7.0
1034,side_green,side_green,60,25.0,9.515117422656653,8,0,0,12.0,8.0,11.0,7.0
1035,side_green,side_green,60,33.0,9.79649428271482,8,0,0,12.0,8.0,11.0,7.0
1036,side_green,side_green,61,41.0,9.602013188402527,9,0,0,12.0,8.0,11.0,7.0
1037,yellow_transition,yellow_transition,61,50.0,9.475454391076582,9,1,1,-10.0,12.0,-10.0,8.0
1038,yellow_transition,yellow_transition,61,62.0,9.22339686492097,12,1,1,-10.0,12.0,-10.0,8.0
1039,yellow_transition,yellow_transition,61,75.0,8.751458347773736,14,1,1,-10.0,12.0,-10.0,8.0
1040,main_green,main_green,62,21.0,8.686865646332727,8,2,2,-10.0,12.0,-10.0,8.0
1041,main_green,main_green,60,4.0,8.880281737017732,2,2,2,-10.0,12.0,-10.0,8.0
1042,main_green,main_green,60,6.0,9.320844585256664,2,2,2,-10.0,12.0,-10.0,8.0
1043,main_green,main_green,59,8.0,9.906260646811551,2,2,2,-10.0,12.0,-10.0,8.0
1044,main_green,main_green,63,10.0,9.596187274135481,7,2,2,-10.0,12.0,-10.0,8.0
1045,main_green,main_green,58,12.0,9.903069812558133,3,2,2,-10.0,12.0,-10.0,8.0
1046,main_green,main_green,58,14.0,10.520759889339086,2,2,2,-10.0,12.0,-10.0,8.0
1047,main_green,main_green,53,16.0,10.747589333414288,2,2,2,-10.0,12.0,-10.0,8.0
1048,main_green,main_green,53,18.0,10.866565786119693,3,2,2,-10.0,12.0,-10.0,8.0
1049,main_green,main_green,49,20.0,10.820874827961857,2,2,2,-10.0,12.0,-10.0,8.0
1050,main_green,main_green,47,22.0,10.553309586394112,3,2,2,-4.0,4.0,-1.0,9.0
1051,main_green,main_green,47,24.0,10.683888954655377,2,2,2,-4.0,4.0,-1.0,9.0
1052,main_green,main_green,47,28.0,10.365211807555267,5,2,2,-4.0,4.0,-1.0,9.0
1053,main_green,main_green,46,34.0,10.450380420928626,6,2,2,-4.0,4.0,-1.0,9.0
1054,main_green,main_green,45,40.0,10.45500689572883,6,2,2,-4.0,4.0,-1.0,9.0
1055,main_green,main_green,46,46.0,10.468546167196493,7,2,2,-4.0,4.0,-1.0,9.0
1056,main_green,main_green,51,52.0,9.522194954690232,11,2,2,-4.0,4.0,-1.0,9.0
1057,main_green,main_green,51,58.0,9.775806098258663,6,2,2,-4.0,4.0,-1.0,9.0
1058,main_green,main_green,51,64.0,9.958727189526806,6,2,2,-4.0,4.0,-1.0,9.0
1059,main_green,main_green,51,70.0,10.310983782725856,6,2,2,-4.0,4.0,-1.0,9.0
1060,main_green,main_green,53,76.0,10.002582815983661,8,2,2,1.0,13.0,2.0,12.0
1061,main_green,main_green,53,82.0,10.088295630889341,6,2,2,1.0,13.0,2.0,12.0
1062,main_green,main_green,53,88.0,9.99942743288266,6,2,2,1.0,13.0,2.0,12.0
1063,main_green,main_green,53,94.0,9.946307618270264,6,2,2,1.0,13.0,2.0,12.0
1064,main_green,main_green,54,101.0,9.815344602252035,8,2,2,1.0,13.0,2.0,12.0
1065,main_green,main_green,55,110.0,9.69047881980541,10,2,2,1.0,13.0,2.0,12.0
1066,main_green,main_green,53,120.0,9.71956623201675,10,2,2,1.0,13.0,2.0,12.0
1067,main_green,main_green,52,130.0,9.786404652778163,10,2,2,1.0,13.0,2.0,12.0
1068,main_green,main_green,54,140.0,8.736449190424226,15,2,2,1.0,13.0,2.0,12.0
1069,main_green,main_green,53,150.0,8.927798395714378,10,2,2,1.0,13.0,2.0,12.0
1070,main_green,main_green,51,160.0,8.840581714437121,11,2,2,6.0,12.0,9.0,17.0
1071,main_green,main_green,51,170.0,9.021952972490736,10,2,2,6.0,12.0,9.0,17.0
1072,main_green,main_green,51,180.0,8.789314470822601,11,2,2,6.0,12.0,9.0,17.0
1073,main_green,main_green,51,190.0,8.917716906369296,10,2,2,6.0,12.0,9.0,17.0
1074,main_green,main_green,51,200.0,8.939151441301837,10,2,2,6.0,12.0,9.0,17.0
1075,main_green,main_green,52,211.0,8.717746515489456,12,2,2,6.0,12.0,9.0,17.0
1076,main_green,main_green,53,223.0,8.595611963092463,13,2,2,6.0,12.0,9.0,17.0
1077,main_green,main_green,53,237.0,8.817079401733244,14,2,2,6.0,12.0,9.0,17.0
1078,main_green,main_green,53,251.0,8.825126912059808,14,2,2,6.0,12.0,9.0,17.0
1079,main_green,main_green,53,265.0,8.958011164191493,14,2,2,6.0,12.0,9.0,17.0
1080,main_green,main_green,58,279.0,8.306017663419716,19,2,2,8.0,12.0,6.0,10.0
1081,main_green,main_green,59,293.0,8.421019797501895,15,2,2,8.0,12.0,6.0,10.0
1082,main_green,main_green,59,307.0,8.621207831864607,14,2,2,8.0,12.0,6.0,10.0
1083,main_green,main_green,59,321.0,8.749551391482667,14,2,2,8.0,12.0,6.0,10.0
1084,main_green,main_green,60,335.0,8.619319586988722,15,2,2,8.0,12.0,6.0,10.0
1085,main_green,main_green,60,349.0,8.600562581796122,14,2,2,8.0,12.0,6.0,10.0
1086,main_green,main_green,61,364.0,8.407548690395299,16,2,2,8.0,12.0,6.0,10.0
1087,main_green,main_green,61,380.0,8.538460548757962,16,2,2,8.0,12.0,6.0,10.0
1088,main_green,main_green,62,398.0,8.443283670482808,19,2,2,8.0,12.0,6.0,10.0
1089,main_green,main_green,61,416.0,8.513952188695486,18,2,2,8.0,12.0,6.0,10.0
1090,main_green,main_green,59,434.0,8.446622554438914,18,2,2,10.0,10.0,9.0,9.0
1091,main_green,main_green,60,452.0,8.351180308659602,19,2,2,10.0,10.0,9.0,9.0
1092,main_green,main_green,64,470.0,7.811185481534901,23,2,2,10.0,10.0,9.0,9.0
1093,main_green,main_green,63,488.0,7.95230160441616,18,2,2,10.0,10.0,9.0,9.0
1094,main_green,main_green,61,506.0,7.986516381502993,18,2,2,10.0,10.0,9.0,9.0
1095,main_green,main_green,60,524.0,7.987356185174116,18,2,2,10.0,10.0,9.0,9.0
1096,main_green,main_green,60,542.0,7.567751887301529,20,2,2,10.0,10.0,9.0,9.0
1097,main_green,main_green,60,560.0,7.530678323704015,18,2,2,10.0,10.0,9.0,9.0
1098,main_green,main_green,60,578.0,7.60752479405412,18,2,2,10.0,10.0,9.0,9.0
1099,main_green,main_green,60,598.0,7.579256724898646,20,2,2,10.0,10.0,9.0,9.0
1100,yellow_transition,yellow_transition,61,620.0,7.586447325572443,23,3,3,14.0,10.0,15.0,13.0
1101,yellow_transition,yellow_transition,62,642.0,7.4208109508469455,23,3,3,14.0,10.0,15.0,13.0
1102,yellow_transition,yellow_transition,62,664.0,7.357059628528952,22,3,3,14.0,10.0,15.0,13.0
1103,side_green,side_green,61,275.0,7.382683642187722,14,0,0,14.0,10.0,15.0,13.0
1104,side_green,side_green,65,58.0,6.847857597410103,11,0,0,14.0,10.0,15.0,13.0
1105,side_green,side_green,64,1.0,7.2730106129450665,1,0,0,14.0,10.0,15.0,13.0
1106,side_green,side_green,65,5.0,7.581900773221735,5,0,0,14.0,10.0,15.0,13.0
1107,side_green,side_green,64,11.0,8.251179016256444,6,0,0,14.0,10.0,15.0,13.0
1108,side_green,side_green,64,17.0,8.612519056537431,7,0,0,14.0,10.0,15.0,13.0
1109,side_green,side_green,64,26.0,9.237845957588236,9,0,0,14.0,10.0,15.0,13.0
1110,side_green,side_green,64,35.0,9.694387430372846,9,0,0,14.0,10.0,15.0,13.0
1111,side_green,side_green,64,45.0,9.753619094622824,11,0,0,14.0,10.0,15.0,13.0
1112,side_green,side_green,64,55.0,9.725299775977856,11,0,0,14.0,10.0,15.0,13.0
1113,yellow_transition,yellow_transition,64,65.0,9.663661657291579,10,1,1,-16.0,12.0,-16.0,8.0
1114,yellow_transition,yellow_transition,64,76.0,9.629823870409824,11,1,1,-16.0,12.0,-16.0,8.0
1115,yellow_transition,yellow_transition,64,89.0,9.504680308027877,13,1,1,-16.0,12.0,-16.0,8.0
1116,main_green,main_green,68,29.0,8.815237928029026,10,2,2,-16.0,12.0,-16.0,8.0
1117,main_green,main_green,69,0.0,9.018484899980232,1,2,2,-16.0,12.0,-16.0,8.0
1118,main_green,main_green,69,0.0,9.594532125704688,0,2,2,-16.0,12.0,-16.0,8.0
1119,main_green,main_green,69,0.0,10.078649658784604,0,2,2,-16.0,12.0,-16.0,8.0
1120,main_green,main_green,69,0.0,10.573463899286542,1,2,2,-16.0,12.0,-16.0,8.0
1121,main_green,main_green,66,0.0,11.01559264776945,0,2,2,-16.0,12.0,-16.0,8.0
1122,main_green,main_green,62,0.0,11.060533724603404,1,2,2,-16.0,12.0,-16.0,8.0
1123,main_green,main_green,60,0.0,11.23057671357898,0,2,2,-16.0,12.0,-16.0,8.0
1124,main_green,main_green,55,1.0,11.066171208735396,2,2,2,-16.0,12.0,-16.0,8.0
1125,main_green,main_green,52,4.0,11.088480386574155,3,2,2,-16.0,12.0,-16.0,8.0
1126,main_green,main_green,46,8.0,11.014768257119252,4,2,2,-10.0,2.0,-5.0,9.0
1127,main_green,main_green,46,12.0,10.789559321875261,5,2,2,-10.0,2.0,-5.0,9.0
1128,main_green,main_green,51,16.0,9.927386621831717,9,2,2,-10.0,2.0,-5.0,9.0
1129,main_green,main_green,51,20.0,10.161114007846674,4,2,2,-10.0,2.0,-5.0,9.0
1130,main_green,main_green,49,24.0,10.342950086704924,4,2,2,-10.0,2.0,-5.0,9.0
1131,main_green,main_green,49,28.0,10.440163904245248,4,2,2,-10.0,2.0,-5.0,9.0
1132,main_green,main_green,51,32.0,10.188400730950708,6,2,2,-10.0,2.0,-5.0,9.0
1133,main_green,main_green,51,36.0,10.39657682179362,4,2,2,-10.0,2.0,-5.0,9.0
1134,main_green,main_green,51,40.0,10.359303764136794,4,2,2,-10.0,2.0,-5.0,9.0
1135,main_green,main_green,51,44.0,10.473281339768077,4,2,2,-10.0,2.0,-5.0,9.0
1136,main_green,main_green,52,50.0,10.306337461074701,7,2,2,-3.0,9.0,-1.0,15.0
1137,main_green,main_green,53,57.0,10.195290400251213,8,2,2,-3.0,9.0,-1.0,15.0
1138,main_green,main_green,53,64.0,10.337031266806838,7,2,2,-3.0,9.0,-1.0,15.0
1139,main_green,main_green,53,72.0,10.359364967411652,8,2,2,-3.0,9.0,-1.0,15.0
1140,main_green,main_green,58,80.0,9.496874987164487,13,2,2,-3.0,9.0,-1.0,15.0
1141,main_green,main_green,58,88.0,9.763531437992961,8,2,2,-3.0,9.0,-1.0,15.0
1142,main_green,main_green,59,96.0,9.768842261197507,9,2,2,-3.0,9.0,-1.0,15.0
1143,main_green,main_green,57,104.0,9.93491705701193,8,2,2,-3.0,9.0,-1.0,15.0
1144,main_green,main_green,55,112.0,9.712740800061765,9,2,2,-3.0,9.0,-1.0,15.0
1145,main_green,main_green,55,120.0,9.622631749345217,8,2,2,-3.0,9.0,-1.0,15.0
1146,main_green,main_green,52,128.0,9.28793711262876,8,2,2,3.0,7.0,4.0,12.0
1147,main_green,main_green,52,136.0,9.203972928806662,9,2,2,3.0,7.0,4.0,12.0
1148,main_green,main_green,51,144.0,8.998253383156461,9,2,2,3.0,7.0,4.0,12.0
1149,main_green,main_green,50,156.0,9.03471529659092,12,2,2,3.0,7.0,4.0,12.0
1150,main_green,main_green,50,168.0,9.189461443520965,12,2,2,3.0,7.0,4.0,12.0
1151,main_green,main_green,49,180.0,9.287432701155135,12,2,2,3.0,7.0,4.0,12.0
1152,main_green,main_green,54,192.0,8.472122602564276,17,2,2,3.0,7.0,4.0,12.0
1153,main_green,main_green,55,204.0,8.447745754762408,13,2,2,3.0,7.0,4.0,12.0
1154,main_green,main_green,55,216.0,8.771625674037555,12,2,2,3.0,7.0,4.0,12.0
1155,main_green,main_green,55,228.0,8.839698205199632,12,2,2,3.0,7.0,4.0,12.0
1156,main_green,main_green,56,240.0,8.788459442522525,13,2,2,8.0,10.0,8.0,12.0
1157,main_green,main_green,56,252.0,8.77641518345815,12,2,2,8.0,10.0,8.0,12.0
1158,main_green,main_green,57,264.0,8.68557670554373,13,2,2,8.0,10.0,8.0,12.0
1159,main_green,main_green,57,276.0,8.879804815875564,12,2,2,8.0,10.0,8.0,12.0
1160,main_green,main_green,58,290.0,8.670030581032314,15,2,2,8.0,10.0,8.0,12.0
1161,main_green,main_green,58,306.0,8.764392314555462,16,2,2,8.0,10.0,8.0,12.0
1162,main_green,main_green,58,322.0,8.79508546257979,16,2,2,8.0,10.0,8.0,12.0
1163,main_green,main_green,59,338.0,8.813222427314107,17,2,2,8.0,10.0,8.0,12.0
1164,main_green,main_green,63,354.0,8.13676052175833,21,2,2,8.0,10.0,8.0,12.0
1165,main_green,main_green,61,370.0,8.231372965301349,16,2,2,8.0,10.0,8.0,12.0
1166,yellow_transition,yellow_transition,60,386.0,8.407244616230487,16,3,3,14.0,12.0,10.0,6.0
1167,yellow_transition,yellow_transition,59,402.0,8.396357464622476,16,3,3,14.0,12.0,10.0,6.0
1168,yellow_transition,yellow_transition,60,418.0,7.824121337831164,18,3,3,14.0,12.0,10.0,6.0
1169,side_green,side_green,59,122.0,7.718281992910995,8,0,0,14.0,12.0,10.0,6.0
1170,side_green,side_green,58,1.0,8.085109750286756,1,0,0,14.0,12.0,10.0,6.0
1171,side_green,side_green,58,3.0,8.560370199622115,3,0,0,14.0,12.0,10.0,6.0
1172,side_green,side_green,58,6.0,9.06042858774001,4,0,0,14.0,12.0,10.0,6.0
1173,side_green,side_green,59,9.0,9.577023808071868,4,0,0,14.0,12.0,10.0,6.0
1174,side_green,side_green,58,12.0,10.166320730618237,3,0,0,14.0,12.0,10.0,6.0
1175,side_green,side_green,57,15.0,10.629712221695913,3,0,0,14.0,12.0,10.0,6.0
1176,side_green,side_green,61,19.0,9.855610387285697,9,0,0,14.0,12.0,10.0,6.0
1177,side_green,side_green,61,23.0,9.910168533864734,4,0,0,14.0,12.0,10.0,6.0
1178,side_green,side_green,62,28.0,9.860841091879118,6,0,0,14.0,12.0,10.0,6.0
1179,yellow_transition,yellow_transition,61,37.0,9.78907677371181,9,1,1,-11.0,7.0,-10.0,10.0
1180,yellow_transition,yellow_transition,62,46.0,9.536979484432484,10,1,1,-11.0,7.0,-10.0,10.0
1181,yellow_transition,yellow_transition,62,55.0,9.345925605796221,9,1,1,-11.0,7.0,-10.0,10.0
1182,main_green,main_green,61,8.0,9.31350436654164,2,2,2,-11.0,7.0,-10.0,10.0
1183,main_green,main_green,61,2.0,9.161292162640043,3,2,2,-11.0,7.0,-10.0,10.0
1184,main_green,main_green,61,5.0,9.346830058410017,4,2,2,-11.0,7.0,-10.0,10.0
1185,main_green,main_green,61,9.0,9.822164122182341,4,2,2,-11.0,7.0,-10.0,10.0
1186,main_green,main_green,61,13.0,10.1665846430561,4,2,2,-11.0,7.0,-10.0,10.0
1187,main_green,main_green,58,17.0,10.739158310157277,4,2,2,-11.0,7.0,-10.0,10.0
1188,main_green,main_green,56,21.0,9.974312323686002,9,2,2,-11.0,7.0,-10.0,10.0
1189,main_green,main_green,54,25.0,9.93340894904202,5,2,2,-11.0,7.0,-10.0,10.0
1190,main_green,main_green,50,29.0,10.150801339829158,4,2,2,-11.0,7.0,-10.0,10.0
1191,main_green,main_green,48,33.0,10.439695923136249,4,2,2,-11.0,7.0,-10.0,10.0
1192,main_green,main_green,45,37.0,10.204859059073474,5,2,2,2.0,12.0,-1.0,7.0
1193,main_green,main_green,45,41.0,10.374525930348316,4,2,2,2.0,12.0,-1.0,7.0
1194,main_green,main_green,46,45.0,10.20153611846113,5,2,2,2.0,12.0,-1.0,7.0
1195,main_green,main_green,46,49.0,10.100714559978455,4,2,2,2.0,12.0,-1.0,7.0
1196,main_green,main_green,47,54.0,9.773691941070132,6,2,2,2.0,12.0,-1.0,7.0
1197,main_green,main_green,47,60.0,9.879802513633752,6,2,2,2.0,12.0,-1.0,7.0
1198,main_green,main_green,47,67.0,9.915964749458318,7,2,2,2.0,12.0,-1.0,7.0
1199,main_green,main_green,48,74.0,9.926199416590213,8,2,2,2.0,12.0,-1.0,7.0
1200,main_green,main_green,53,82.0,9.004937712962478,13,2,2,2.0,12.0,-1.0,7.0
1201,main_green,main_green,53,90.0,9.281774762841872,8,2,2,2.0,12.0,-1.0,7.0
1202,main_green,main_green,53,98.0,9.5330670598621,8,2,2,4.0,16.0,3.0,13.0
1203,main_green,main_green,53,106.0,9.769498519438631,8,2,2,4.0,16.0,3.0,13.0
1204,main_green,main_green,55,114.0,9.447868561698737,10,2,2,4.0,16.0,3.0,13.0
1205,main_green,main_green,55,122.0,9.536367734608133,8,2,2,4.0,16.0,3.0,13.0
1206,main_green,main_green,55,130.0,9.528664362730437,8,2,2,4.0,16.0,3.0,13.0
1207,main_green,main_green,55,138.0,9.70476861936719,8,2,2,4.0,16.0,3.0,13.0
1208,main_green,main_green,53,149.0,9.297448595425658,12,2,2,4.0,16.0,3.0,13.0
1209,main_green,main_green,54,160.0,9.152734057160481,12,2,2,4.0,16.0,3.0,13.0
1210,main_green,main_green,53,172.0,9.216800869445827,12,2,2,4.0,16.0,3.0,13.0
1211,main_green,main_green,52,184.0,9.332585776469685,12,2,2,4.0,16.0,3.0,13.0
1212,main_green,main_green,56,196.0,8.400693377953719,17,2,2,5.0,11.0,5.0,13.0
1213,main_green,main_green,56,208.0,8.712773319292433,12,2,2,5.0,11.0,5.0,13.0
1214,main_green,main_green,55,220.0,8.684035003760275,13,2,2,5.0,11.0,5.0,13.0
1215,main_green,main_green,54,232.0,8.82259455645128,12,2,2,5.0,11.0,5.0,13.0
1216,main_green,main_green,55,244.0,8.855545403358851,13,2,2,5.0,11.0,5.0,13.0
1217,main_green,main_green,55,256.0,8.829356893676222,12,2,2,5.0,11.0,5.0,13.0
1218,main_green,main_green,55,268.0,8.727417871207182,12,2,2,5.0,11.0,5.0,13.0
1219,main_green,main_green,56,281.0,8.538836430927713,14,2,2,5.0,11.0,5.0,13.0
1220,main_green,main_green,57,294.0,8.418007809688458,14,2,2,5.0,11.0,5.0,13.0
1221,main_green,main_green,56,310.0,8.591752373233163,16,2,2,5.0,11.0,5.0,13.0
1222,main_green,main_green,56,326.0,8.603974155181124,16,2,2,10.0,14.0,8.0,10.0
1223,main_green,main_green,56,342.0,8.7440466610638,16,2,2,10.0,14.0,8.0,10.0
1224,main_green,main_green,61,358.0,8.119001410961095,21,2,2,10.0,14.0,8.0,10.0
1225,main_green,main_green,62,374.0,8.17077066223636,17,2,2,10.0,14.0,8.0,10.0
1226,main_green,main_green,62,390.0,8.471453834792221,16,2,2,10.0,14.0,8.0,10.0
1227,main_green,main_green,62,406.0,8.535466389951491,16,2,2,10.0,14.0,8.0,10.0
1228,main_green,main_green,63,422.0,8.4041385556752,17,2,2,10.0,14.0,8.0,10.0
1229,main_green,main_green,63,438.0,8.48371728114201,16,2,2,10.0,14.0,8.0,10.0
1230,main_green,main_green,64,455.0,8.36266612930247,18,2,2,10.0,14.0,8.0,10.0
1231,main_green,main_green,62,473.0,8.37495540380491,18,2,2,10.0,14.0,8.0,10.0
1232,yellow_transition,yellow_transition,61,492.0,7.973057986541157,20,3,3,10.0,8.0,11.0,9.0
1233,yellow_transition,yellow_transition,60,512.0,7.776004116815329,20,3,3,10.0,8.0,11.0,9.0
1234,yellow_transition,yellow_transition,59,532.0,7.603588369770855,20,3,3,10.0,8.0,11.0,9.0
1235,side_green,side_green,59,191.0,7.604088536244555,14,0,0,10.0,8.0,11.0,9.0
1236,side_green,side_green,64,24.0,7.353240140503962,10,0,0,10.0,8.0,11.0,9.0
1237,side_green,side_green,63,5.0,7.922853624727458,3,0,0,10.0,8.0,11.0,9.0
1238,side_green,side_green,62,9.0,8.604162129513366,4,0,0,10.0,8.0,11.0,9.0
1239,side_green,side_green,62,14.0,9.228387254620186,5,0,0,10.0,8.0,11.0,9.0
1240,side_green,side_green,63,19.0,9.597566686028411,7,0,0,10.0,8.0,11.0,9.0
1241,side_green,side_green,63,24.0,10.007515510857026,5,0,0,10.0,8.0,11.0,9.0
1242,side_green,side_green,63,30.0,10.497450292159229,6,0,0,10.0,8.0,11.0,9.0
1243,side_green,side_green,62,37.0,10.562865094426552,7,0,0,10.0,8.0,11.0,9.0
1244,side_green,side_green,63,44.0,10.238425879266904,8,0,0,10.0,8.0,11.0,9.0
1245,yellow_transition,yellow_transition,63,52.0,9.767991314529347,9,1,1,-16.0,10.0,-18.0,2.0
1246,yellow_transition,yellow_transition,63,60.0,9.678562184221942,8,1,1,-16.0,10.0,-18.0,2.0
1247,yellow_transition,yellow_transition,63,70.0,9.510386251793351,10,1,1,-16.0,10.0,-18.0,2.0
1248,main_green,main_green,68,12.0,8.802333564452272,10,2,2,-16.0,10.0,-18.0,2.0
1249,main_green,main_green,68,0.0,9.263004303220598,0,2,2,-16.0,10.0,-18.0,2.0
1250,main_green,main_green,67,0.0,9.41657080327313,1,2,2,-16.0,10.0,-18.0,2.0
1251,main_green,main_green,66,0.0,9.90841547601149,0,2,2,-16.0,10.0,-18.0,2.0
1252,main_green,main_green,67,0.0,10.28981360322937,1,2,2,-16.0,10.0,-18.0,2.0
1253,main_green,main_green,61,0.0,10.606960553027488,0,2,2,-16.0,10.0,-18.0,2.0
1254,main_green,main_green,59,0.0,10.845528294824607,0,2,2,-16.0,10.0,-18.0,2.0
1255,main_green,main_green,55,1.0,10.865249857633593,2,2,2,-16.0,10.0,-18.0,2.0
1256,main_green,main_green,54,2.0,10.871578910769186,2,2,2,-16.0,10.0,-18.0,2.0
1257,main_green,main_green,48,6.0,10.967304030599598,4,2,2,-16.0,10.0,-18.0,2.0
1258,main_green,main_green,44,10.0,10.97945468764019,4,2,2,-7.0,9.0,-5.0,9.0
1259,main_green,main_green,43,14.0,11.14656318372031,4,2,2,-7.0,9.0,-5.0,9.0
1260,main_green,main_green,47,18.0,9.912091557342162,9,2,2,-7.0,9.0,-5.0,9.0
1261,main_green,main_green,48,22.0,10.124952991608792,5,2,2,-7.0,9.0,-5.0,9.0
1262,main_green,main_green,47,26.0,10.259260335159698,4,2,2,-7.0,9.0,-5.0,9.0
1263,main_green,main_green,47,30.0,10.582518655731642,4,2,2,-7.0,9.0,-5.0,9.0
1264,main_green,main_green,48,34.0,10.663873698655616,5,2,2,-7.0,9.0,-5.0,9.0
1265,main_green,main_green,48,38.0,10.765847809605658,4,2,2,-7.0,9.0,-5.0,9.0
1266,main_green,main_green,49,42.0,10.657075995469457,5,2,2,-7.0,9.0,-5.0,9.0
1267,main_green,main_green,49,46.0,10.506482106317982,4,2,2,-7.0,9.0,-5.0,9.0
1268,main_green,main_green,50,52.0,10.315667808466232,7,2,2,-1.0,13.0,0.0,14.0
1269,main_green,main_green,50,59.0,10.391727261783087,7,2,2,-1.0,13.0,0.0,14.0
1270,main_green,main_green,50,66.0,10.579065997323896,7,2,2,-1.0,13.0,0.0,14.0
1271,main_green,main_green,51,73.0,10.271984809842,8,2,2,-1.0,13.0,0.0,14.0
1272,main_green,main_green,56,81.0,9.431211873319445,13,2,2,-1.0,13.0,0.0,14.0
1273,main_green,main_green,55,89.0,9.69762685366601,8,2,2,-1.0,13.0,0.0,14.0
1274,main_green,main_green,54,97.0,9.916705000265653,8,2,2,-1.0,13.0,0.0,14.0
1275,main_green,main_green,54,105.0,10.076829944004306,8,2,2,-1.0,13.0,0.0,14.0
1276,main_green,main_green,53,113.0,9.46184564954458,10,2,2,-1.0,13.0,0.0,14.0
1277,main_green,main_green,53,121.0,9.569246671449367,8,2,2,-1.0,13.0,0.0,14.0
1278,main_green,main_green,51,129.0,9.327730698085237,8,2,2,4.0,10.0,6.0,12.0
1279,main_green,main_green,48,138.0,9.256598254648582,9,2,2,4.0,10.0,6.0,12.0
1280,main_green,main_green,49,148.0,9.144873345994595,11,2,2,4.0,10.0,6.0,12.0
1281,main_green,main_green,50,160.0,9.145931753043099,13,2,2,4.0,10.0,6.0,12.0
1282,main_green,main_green,50,172.0,9.136114909581119,12,2,2,4.0,10.0,6.0,12.0
1283,main_green,main_green,50,184.0,9.422765725552761,12,2,2,4.0,10.0,6.0,12.0
1284,main_green,main_green,55,196.0,8.635298158474397,17,2,2,4.0,10.0,6.0,12.0
1285,main_green,main_green,55,208.0,8.819478527391011,12,2,2,4.0,10.0,6.0,12.0
1286,main_green,main_green,56,220.0,8.963570523507183,13,2,2,4.0,10.0,6.0,12.0
1287,main_green,main_green,56,232.0,9.079184783565548,12,2,2,4.0,10.0,6.0,12.0
1288,main_green,main_green,57,244.0,8.995537301894563,13,2,2,9.0,11.0,9.0,11.0
1289,main_green,main_green,57,256.0,9.053929422986274,12,2,2,9.0,11.0,9.0,11.0
1290,main_green,main_green,57,268.0,9.061335827220757,12,2,2,9.0,11.0,9.0,11.0
1291,main_green,main_green,58,280.0,9.0964810933941,13,2,2,9.0,11.0,9.0,11.0
1292,main_green,main_green,59,293.0,8.896897623318909,14,2,2,9.0,11.0,9.0,11.0
1293,main_green,main_green,59,307.0,8.90560635498275,14,2,2,9.0,11.0,9.0,11.0
1294,main_green,main_green,59,323.0,9.058514492058581,16,2,2,9.0,11.0,9.0,11.0
1295,main_green,main_green,59,339.0,9.114686485001087,16,2,2,9.0,11.0,9.0,11.0
1296,main_green,main_green,64,355.0,8.399157524775244,21,2,2,9.0,11.0,9.0,11.0
1297,main_green,main_green,62,371.0,8.313802759921208,17,2,2,9.0,11.0,9.0,11.0
1298,yellow_transition,yellow_transition,61,387.0,8.42072425629568,16,3,3,11.0,7.0,12.0,10.0
1299,yellow_transition,yellow_transition,58,403.0,8.1841172499949,16,3,3,11.0,7.0,12.0,10.0
1300,yellow_transition,yellow_transition,58,419.0,7.572790929386145,17,3,3,11.0,7.0,12.0,10.0
1301,side_green,side_green,56,122.0,7.373255974220265,8,0,0,11.0,7.0,12.0,10.0
1302,side_green,side_green,57,1.0,7.379565174709837,2,0,0,11.0,7.0,12.0,10.0
1303,side_green,side_green,56,2.0,7.684013744359624,1,0,0,11.0,7.0,12.0,10.0
1304,side_green,side_green,57,5.0,8.147384117129613,4,0,0,11.0,7.0,12.0,10.0
1305,side_green,side_green,57,10.0,8.819324681736441,5,0,0,11.0,7.0,12.0,10.0
1306,side_green,side_green,57,16.0,9.573257426492713,6,0,0,11.0,7.0,12.0,10.0
1307,side_green,side_green,58,23.0,9.681240073003138,8,0,0,11.0,7.0,12.0,10.0
1308,side_green,side_green,63,30.0,9.074465279634966,12,0,0,11.0,7.0,12.0,10.0
1309,side_green,side_green,63,38.0,9.399768124549578,8,0,0,11.0,7.0,12.0,10.0
1310,side_green,side_green,63,47.0,9.567227612806231,9,0,0,11.0,7.0,12.0,10.0
1311,yellow_transition,yellow_transition,63,58.0,9.624393247127772,11,1,1,-12.0,8.0,-11.0,9.0
1312,yellow_transition,yellow_transition,64,69.0,9.252101866382873,13,1,1,-12.0,8.0,-11.0,9.0
1313,yellow_transition,yellow_transition,63,80.0,9.060924629808014,11,1,1,-12.0,8.0,-11.0,9.0
1314,main_green,main_green,62,16.0,9.05281522011916,3,2,2,-12.0,8.0,-11.0,9.0
1315,main_green,main_green,61,0.0,9.133472967517761,0,2,2,-12.0,8.0,-11.0,9.0
1316,main_green,main_green,61,1.0,9.184877405017902,2,2,2,-12.0,8.0,-11.0,9.0
1317,main_green,main_green,61,4.0,9.333005565636523,4,2,2,-12.0,8.0,-11.0,9.0
1318,main_green,main_green,60,7.0,10.007031979125511,3,2,2,-12.0,8.0,-11.0,9.0
1319,main_green,main_green,57,11.0,10.466241907375643,4,2,2,-12.0,8.0,-11.0,9.0
1320,main_green,main_green,58,15.0,10.004486616383423,9,2,2,-12.0,8.0,-11.0,9.0
1321,main_green,main_green,55,19.0,10.353759129838636,4,2,2,-12.0,8.0,-11.0,9.0
1322,main_green,main_green,54,23.0,10.449366159095954,5,2,2,-12.0,8.0,-11.0,9.0
1323,main_green,main_green,50,27.0,10.603342484456158,4,2,2,-12.0,8.0,-11.0,9.0
1324,main_green,main_green,49,31.0,10.552015760382126,5,2,2,-2.0,6.0,2.0,12.0
1325,main_green,main_green,48,35.0,10.556442215936885,4,2,2,-2.0,6.0,2.0,12.0
1326,main_green,main_green,47,39.0,10.471540952612614,4,2,2,-2.0,6.0,2.0,12.0
1327,main_green,main_green,48,43.0,10.131275325736157,5,2,2,-2.0,6.0,2.0,12.0
1328,main_green,main_green,49,49.0,10.023744494714451,7,2,2,-2.0,6.0,2.0,12.0
1329,main_green,main_green,49,56.0,10.131967567454165,7,2,2,-2.0,6.0,2.0,12.0
1330,main_green,main_green,49,64.0,10.2233396182938,8,2,2,-2.0,6.0,2.0,12.0
1331,main_green,main_green,49,72.0,10.31826298469671,8,2,2,-2.0,6.0,2.0,12.0
1332,main_green,main_green,54,80.0,9.410231882968164,13,2,2,-2.0,6.0,2.0,12.0
1333,main_green,main_green,55,88.0,9.55170524162204,9,2,2,-2.0,6.0,2.0,12.0
1334,main_green,main_green,55,96.0,9.758569162825047,8,2,2,3.0,13.0,2.0,12.0
1335,main_green,main_green,55,104.0,10.101492454309286,8,2,2,3.0,13.0,2.0,12.0
1336,main_green,main_green,56,112.0,9.991644390113663,9,2,2,3.0,13.0,2.0,12.0
1337,main_green,main_green,56,120.0,9.83249113875129,8,2,2,3.0,13.0,2.0,12.0
1338,main_green,main_green,57,129.0,9.711277364754126,10,2,2,3.0,13.0,2.0,12.0
1339,main_green,main_green,57,138.0,9.673737124237851,9,2,2,3.0,13.0,2.0,12.0
1340,main_green,main_green,56,147.0,9.371423383149848,10,2,2,3.0,13.0,2.0,12.0
1341,main_green,main_green,56,158.0,9.502912021958867,11,2,2,3.0,13.0,2.0,12.0
1342,main_green,main_green,53,170.0,9.457143311858342,12,2,2,3.0,13.0,2.0,12.0
1343,main_green,main_green,53,182.0,9.379257490559995,13,2,2,3.0,13.0,2.0,12.0
1344,main_green,main_green,55,194.0,8.345129235821176,17,2,2,7.0,15.0,3.0,7.0
1345,main_green,main_green,54,206.0,8.580757058770175,12,2,2,7.0,15.0,3.0,7.0
1346,main_green,main_green,53,218.0,8.741529785136246,12,2,2,7.0,15.0,3.0,7.0
1347,main_green,main_green,53,230.0,8.826509989341794,12,2,2,7.0,15.0,3.0,7.0
1348,main_green,main_green,55,242.0,8.70950725205724,14,2,2,7.0,15.0,3.0,7.0
1349,main_green,main_green,55,254.0,8.581101126991808,12,2,2,7.0,15.0,3.0,7.0
1350,main_green,main_green,55,266.0,8.676752894771305,12,2,2,7.0,15.0,3.0,7.0
1351,main_green,main_green,54,279.0,8.629708757939683,13,2,2,7.0,15.0,3.0,7.0
1352,main_green,main_green,55,293.0,8.382660004113136,15,2,2,7.0,15.0,3.0,7.0
1353,main_green,main_green,56,309.0,8.2974206934257,17,2,2,7.0,15.0,3.0,7.0
1354,main_green,main_green,56,325.0,8.434337958434863,16,2,2,9.0,9.0,8.0,8.0
1355,main_green,main_green,56,341.0,8.568610093154538,16,2,2,9.0,9.0,8.0,8.0
1356,main_green,main_green,61,357.0,7.932436759733438,21,2,2,9.0,9.0,8.0,8.0
1357,main_green,main_green,61,373.0,8.208341202557701,16,2,2,9.0,9.0,8.0,8.0
1358,main_green,main_green,62,389.0,8.22807598766774,17,2,2,9.0,9.0,8.0,8.0
1359,main_green,main_green,62,405.0,8.405231624092131,16,2,2,9.0,9.0,8.0,8.0
1360,main_green,main_green,63,421.0,8.433761768087798,17,2,2,9.0,9.0,8.0,8.0
1361,main_green,main_green,63,437.0,8.39840194758843,16,2,2,9.0,9.0,8.0,8.0
1362,main_green,main_green,62,453.0,8.419204461313281,16,2,2,9.0,9.0,8.0,8.0
1363,main_green,main_green,63,469.0,8.353971399081539,17,2,2,9.0,9.0,8.0,8.0
1364,yellow_transition,yellow_transition,63,486.0,7.944699476715656,18,3,3,10.0,6.0,12.0,12.0
1365,yellow_transition,yellow_transition,63,505.0,7.866474996273417,19,3,3,10.0,6.0,12.0,12.0
1366,yellow_transition,yellow_transition,61,525.0,7.573222500711168,20,3,3,10.0,6.0,12.0,12.0
1367,side_green,main_green,58,366.0,7.503285571238377,16,0,2,10.0,6.0,12.0,12.0
1368,side_green,main_green,63,293.0,7.349380643973388,18,0,2,10.0,6.0,12.0,12.0
1369,side_green,main_green,63,295.0,7.628840470429057,12,0,2,10.0,6.0,12.0,12.0
1370,side_green,main_green,63,306.0,8.04240655987533,11,0,2,10.0,6.0,12.0,12.0
1371,side_green,main_green,60,318.0,8.116032698937017,12,0,2,10.0,6.0,12.0,12.0
1372,side_green,main_green,61,331.0,8.484307675122455,14,0,2,10.0,6.0,12.0,12.0
1373,side_green,main_green,61,344.0,8.687963981458282,13,0,2,10.0,6.0,12.0,12.0
1374,side_green,main_green,61,357.0,8.625300700193856,14,0,2,10.0,6.0,12.0,12.0
1375,side_green,main_green,60,371.0,8.61435380029238,14,0,2,10.0,6.0,12.0,12.0
1376,side_green,main_green,61,387.0,8.354286920570942,17,0,2,10.0,6.0,12.0,12.0
1377,yellow_transition,yellow_transition,60,403.0,8.300392636698,16,1,3,-12.0,18.0,17.0,3.0
1378,yellow_transition,yellow_transition,59,420.0,8.221124915062678,17,1,3,-12.0,18.0,17.0,3.0
1379,yellow_transition,yellow_transition,59,437.0,7.9258805544123465,18,1,3,-12.0,18.0,17.0,3.0
1380,main_green,side_green,64,185.0,7.495085723492348,15,2,0,-12.0,18.0,17.0,3.0
1381,main_green,side_green,64,47.0,8.09076526849067,5,2,0,-12.0,18.0,17.0,3.0
1382,main_green,side_green,64,2.0,8.704278063048957,1,2,0,-12.0,18.0,17.0,3.0
1383,main_green,side_green,63,3.0,9.18465919296386,1,2,0,-12.0,18.0,17.0,3.0
1384,main_green,side_green,65,4.0,9.43879202650323,3,2,0,-12.0,18.0,17.0,3.0
1385,main_green,side_green,65,5.0,9.963820346330191,1,2,0,-12.0,18.0,17.0,3.0
1386,main_green,side_green,63,8.0,10.409998263851888,3,2,0,-12.0,18.0,17.0,3.0
1387,main_green,side_green,62,11.0,10.61998857216513,3,2,0,-12.0,18.0,17.0,3.0
1388,main_green,side_green,61,15.0,10.418876612629674,5,2,0,-12.0,18.0,17.0,3.0
1389,main_green,side_green,60,20.0,10.32979430813914,6,2,0,-12.0,18.0,17.0,3.0
1390,yellow_transition,yellow_transition,58,26.0,10.355584741797813,6,3,1,-9.0,1.0,-16.0,12.0
1391,yellow_transition,yellow_transition,57,32.0,10.20485874101929,6,3,1,-9.0,1.0,-16.0,12.0
1392,yellow_transition,yellow_transition,60,39.0,9.300857742024931,12,3,1,-9.0,1.0,-16.0,12.0
1393,main_green,main_green,60,13.0,9.71219427150741,3,2,2,-9.0,1.0,-16.0,12.0
1394,main_green,main_green,60,13.0,9.88424199668666,3,2,2,-9.0,1.0,-16.0,12.0
1395,main_green,main_green,58,15.0,10.242666843407905,2,2,2,-9.0,1.0,-16.0,12.0
1396,main_green,main_green,59,17.0,10.339480977777171,3,2,2,-9.0,1.0,-16.0,12.0
1397,main_green,main_green,59,19.0,10.595919901534858,2,2,2,-9.0,1.0,-16.0,12.0
1398,main_green,main_green,57,21.0,10.58107107483568,2,2,2,-9.0,1.0,-16.0,12.0
1399,main_green,main_green,56,23.0,10.471611044004632,3,2,2,-9.0,1.0,-16.0,12.0
1400,main_green,main_green,55,27.0,10.574343570177174,5,2,2,-9.0,1.0,-16.0,12.0
1401,main_green,main_green,53,32.0,10.578609862780054,5,2,2,-9.0,1.0,-16.0,12.0
1402,main_green,main_green,52,38.0,10.712851084407324,6,2,2,-9.0,1.0,-16.0,12.0
1403,main_green,main_green,51,44.0,10.729317102852521,6,2,2,-4.0,8.0,-6.0,14.0
1404,main_green,main_green,54,50.0,9.796366398717332,11,2,2,-4.0,8.0,-6.0,14.0
1405,main_green,main_green,54,56.0,9.744078794516403,7,2,2,-4.0,8.0,-6.0,14.0
1406,main_green,main_green,51,62.0,9.955333135151756,6,2,2,-4.0,8.0,-6.0,14.0
1407,main_green,main_green,50,68.0,10.099011193190252,6,2,2,-4.0,8.0,-6.0,14.0
1408,main_green,main_green,49,74.0,9.858019133465163,7,2,2,-4.0,8.0,-6.0,14.0
1409,main_green,main_green,49,80.0,9.815669106756804,6,2,2,-4.0,8.0,-6.0,14.0
1410,main_green,main_green,49,86.0,9.529244080517657,7,2,2,-4.0,8.0,-6.0,14.0
1411,main_green,main_green,49,93.0,9.560807687447154,7,2,2,-4.0,8.0,-6.0,14.0
1412,main_green,main_green,50,101.0,9.317674236763276,9,2,2,-4.0,8.0,-6.0,14.0
1413,main_green,main_green,50,110.0,9.481348391031032,9,2,2,7.0,19.0,0.0,10.0
1414,main_green,main_green,50,120.0,9.63873744876237,10,2,2,7.0,19.0,0.0,10.0
1415,main_green,main_green,51,130.0,9.506610079094841,11,2,2,7.0,19.0,0.0,10.0
1416,main_green,main_green,56,140.0,8.758173953838003,15,2,2,7.0,19.0,0.0,10.0
1417,main_green,main_green,56,150.0,9.098777840562528,10,2,2,7.0,19.0,0.0,10.0
1418,main_green,main_green,55,160.0,9.201997100300693,10,2,2,7.0,19.0,0.0,10.0
1419,main_green,main_green,55,170.0,9.399973698923091,10,2,2,7.0,19.0,0.0,10.0
1420,main_green,main_green,56,180.0,9.011167538981177,12,2,2,7.0,19.0,0.0,10.0
1421,main_green,main_green,53,190.0,8.97775250849496,10,2,2,7.0,19.0,0.0,10.0
1422,main_green,main_green,53,200.0,8.906570834382517,10,2,2,7.0,19.0,0.0,10.0
1423,main_green,main_green,53,212.0,8.923449596947263,12,2,2,10.0,10.0,4.0,12.0
1424,main_green,main_green,54,225.0,8.815469974141779,14,2,2,10.0,10.0,4.0,12.0
1425,main_green,main_green,55,239.0,8.682278747342734,15,2,2,10.0,10.0,4.0,12.0
1426,main_green,main_green,55,253.0,8.913487760491469,14,2,2,10.0,10.0,4.0,12.0
1427,main_green,main_green,55,267.0,8.955814630355565,14,2,2,10.0,10.0,4.0,12.0
1428,main_green,main_green,60,281.0,8.297398743295496,19,2,2,10.0,10.0,4.0,12.0
1429,main_green,main_green,60,295.0,8.520895552908765,14,2,2,10.0,10.0,4.0,12.0
1430,main_green,main_green,61,309.0,8.564590864257651,15,2,2,10.0,10.0,4.0,12.0
1431,main_green,main_green,59,323.0,8.622071654248415,14,2,2,10.0,10.0,4.0,12.0
1432,main_green,main_green,60,337.0,8.466251812301207,15,2,2,10.0,10.0,4.0,12.0
1433,yellow_transition,yellow_transition,60,351.0,8.507996802487835,14,3,3,12.0,10.0,7.0,9.0
1434,yellow_transition,yellow_transition,60,365.0,8.426188170647837,14,3,3,12.0,10.0,7.0,9.0
1435,yellow_transition,yellow_transition,61,380.0,8.029684248113597,16,3,3,12.0,10.0,7.0,9.0
1436,side_green,main_green,61,225.0,8.01379682655612,13,0,2,12.0,10.0,7.0,9.0
1437,side_green,main_green,60,159.0,8.123037561971726,11,0,2,12.0,10.0,7.0,9.0
1438,side_green,main_green,59,164.0,8.29181848510311,10,0,2,12.0,10.0,7.0,9.0
1439,side_green,main_green,58,174.0,8.512143848550982,10,0,2,12.0,10.0,7.0,9.0
1440,side_green,main_green,62,185.0,8.127177335589092,16,0,2,12.0,10.0,7.0,9.0
1441,side_green,main_green,63,197.0,8.386241088038073,13,0,2,12.0,10.0,7.0,9.0
1442,side_green,main_green,62,210.0,8.623220980918912,13,0,2,12.0,10.0,7.0,9.0
1443,side_green,main_green,62,223.0,8.855201129888265,13,0,2,12.0,10.0,7.0,9.0
1444,side_green,main_green,60,237.0,8.569225677331753,15,0,2,12.0,10.0,7.0,9.0
1445,side_green,main_green,60,251.0,8.693038822823643,14,0,2,12.0,10.0,7.0,9.0
1446,yellow_transition,yellow_transition,59,265.0,8.475682577195496,15,1,3,-7.0,19.0,10.0,-2.0
1447,yellow_transition,yellow_transition,59,279.0,8.593742224691622,14,1,3,-7.0,19.0,10.0,-2.0
1448,yellow_transition,yellow_transition,60,296.0,8.453155431660484,18,1,3,-7.0,19.0,10.0,-2.0
1449,main_green,side_green,60,98.0,8.571526404041652,9,2,0,-7.0,19.0,10.0,-2.0
1450,main_green,side_green,60,6.0,8.766297194822105,2,2,0,-7.0,19.0,10.0,-2.0
1451,main_green,side_green,61,1.0,8.968457901973592,2,2,0,-7.0,19.0,10.0,-2.0
1452,main_green,side_green,65,3.0,8.82179757203181,7,2,0,-7.0,19.0,10.0,-2.0
1453,main_green,side_green,64,5.0,9.456884655397635,2,2,0,-7.0,19.0,10.0,-2.0
1454,main_green,side_green,60,8.0,9.878954865034,3,2,0,-7.0,19.0,10.0,-2.0
1455,main_green,side_green,59,11.0,10.448974106700216,3,2,0,-7.0,19.0,10.0,-2.0
1456,main_green,side_green,57,14.0,10.343954600042258,5,2,0,-7.0,19.0,10.0,-2.0
1457,main_green,side_green,56,17.0,10.706608744577064,3,2,0,-7.0,19.0,10.0,-2.0
1458,main_green,side_green,56,21.0,10.971942625904486,4,2,0,-7.0,19.0,10.0,-2.0
1459,yellow_transition,yellow_transition,54,26.0,11.018350435224328,5,3,1,-6.0,2.0,-13.0,13.0
1460,yellow_transition,yellow_transition,54,32.0,10.56976677228121,7,3,1,-6.0,2.0,-13.0,13.0
1461,yellow_transition,yellow_transition,55,39.0,10.399600106708052,8,3,1,-6.0,2.0,-13.0,13.0
1462,main_green,main_green,54,16.0,10.655099469200687,3,2,2,-6.0,2.0,-13.0,13.0
1463,main_green,main_green,54,19.0,10.86246448333455,3,2,2,-6.0,2.0,-13.0,13.0
1464,main_green,main_green,58,22.0,10.164215105826402,8,2,2,-6.0,2.0,-13.0,13.0
1465,main_green,main_green,57,25.0,10.482209385620271,3,2,2,-6.0,2.0,-13.0,13.0
1466,main_green,main_green,58,28.0,10.749131754498276,4,2,2,-6.0,2.0,-13.0,13.0
1467,main_green,main_green,56,31.0,11.048108085530032,3,2,2,-6.0,2.0,-13.0,13.0
1468,main_green,main_green,54,34.0,11.020708568250722,4,2,2,-6.0,2.0,-13.0,13.0
1469,main_green,main_green,53,37.0,11.020626966436609,3,2,2,-6.0,2.0,-13.0,13.0
1470,main_green,main_green,51,40.0,10.886556225904675,3,2,2,-6.0,2.0,-13.0,13.0
1471,main_green,main_green,51,44.0,10.461086030358151,5,2,2,-6.0,2.0,-13.0,13.0
1472,main_green,main_green,50,50.0,10.281696175844958,7,2,2,-4.0,2.0,-2.0,22.0
1473,main_green,main_green,48,57.0,10.2225898251682,7,2,2,-4.0,2.0,-2.0,22.0
1474,main_green,main_green,48,64.0,10.498941227362325,7,2,2,-4.0,2.0,-2.0,22.0
1475,main_green,main_green,48,71.0,10.55208843760512,7,2,2,-4.0,2.0,-2.0,22.0
1476,main_green,main_green,51,78.0,9.432892288882629,12,2,2,-4.0,2.0,-2.0,22.0
1477,main_green,main_green,52,85.0,9.53596877377677,8,2,2,-4.0,2.0,-2.0,22.0
1478,main_green,main_green,51,92.0,9.808448811025725,7,2,2,-4.0,2.0,-2.0,22.0
1479,main_green,main_green,51,99.0,10.036478120343105,7,2,2,-4.0,2.0,-2.0,22.0
1480,main_green,main_green,52,106.0,9.950211034201601,8,2,2,-4.0,2.0,-2.0,22.0
1481,main_green,main_green,51,113.0,10.048867680289339,7,2,2,-4.0,2.0,-2.0,22.0
1482,main_green,main_green,51,120.0,9.671095417359417,8,2,2,9.0,15.0,-1.0,5.0
1483,main_green,main_green,51,127.0,9.849482137588465,7,2,2,9.0,15.0,-1.0,5.0
1484,main_green,main_green,52,136.0,9.647158279785295,10,2,2,9.0,15.0,-1.0,5.0
1485,main_green,main_green,52,146.0,9.745202968159106,10,2,2,9.0,15.0,-1.0,5.0
1486,main_green,main_green,52,157.0,9.768065750327038,11,2,2,9.0,15.0,-1.0,5.0
1487,main_green,main_green,51,168.0,9.555874396395392,12,2,2,9.0,15.0,-1.0,5.0
1488,main_green,main_green,56,179.0,8.745552190683254,16,2,2,9.0,15.0,-1.0,5.0
1489,main_green,main_green,56,190.0,9.02180356612444,11,2,2,9.0,15.0,-1.0,5.0
1490,main_green,main_green,56,201.0,9.272757706303082,11,2,2,9.0,15.0,-1.0,5.0
1491,main_green,main_green,55,212.0,9.305759233076397,11,2,2,9.0,15.0,-1.0,5.0
1492,yellow_transition,yellow_transition,56,223.0,9.041151407675823,13,3,3,12.0,10.0,3.0,9.0
1493,yellow_transition,yellow_transition,56,234.0,8.949606414007205,11,3,3,12.0,10.0,3.0,9.0
1494,yellow_transition,yellow_transition,56,246.0,8.777897766468323,12,3,3,12.0,10.0,3.0,9.0
1495,side_green,main_green,56,118.0,8.889605682217534,8,0,2,12.0,10.0,3.0,9.0
1496,side_green,main_green,56,79.0,8.815153830559968,7,0,2,12.0,10.0,3.0,9.0
1497,side_green,main_green,56,83.0,8.83827267146158,8,0,2,12.0,10.0,3.0,9.0
1498,side_green,main_green,56,91.0,9.17715138460029,8,0,2,12.0,10.0,3.0,9.0
1499,side_green,main_green,56,100.0,9.504033223734963,9,0,2,12.0,10.0,3.0,9.0
1500,side_green,main_green,60,109.0,9.008967130692271,14,0,2,12.0,10.0,3.0,9.0
1501,side_green,main_green,59,118.0,9.242812590814813,9,0,2,12.0,10.0,3.0,9.0
1502,side_green,main_green,59,127.0,9.306081398535548,10,0,2,12.0,10.0,3.0,9.0
1503,side_green,main_green,59,136.0,9.350407046178166,9,0,2,12.0,10.0,3.0,9.0
1504,side_green,main_green,59,145.0,9.175058355728583,10,0,2,12.0,10.0,3.0,9.0
1505,yellow_transition,yellow_transition,58,156.0,9.096329391711299,11,1,3,-7.0,19.0,6.0,0.0
1506,yellow_transition,yellow_transition,58,167.0,9.08419087708409,11,1,3,-7.0,19.0,6.0,0.0
1507,yellow_transition,yellow_transition,58,178.0,8.692352295724161,12,1,3,-7.0,19.0,6.0,0.0
1508,main_green,side_green,59,32.0,8.570191190700081,6,2,0,-7.0,19.0,6.0,0.0
1509,main_green,side_green,59,2.0,8.903390160967348,1,2,0,-7.0,19.0,6.0,0.0
1510,main_green,side_green,59,3.0,9.239222566443122,1,2,0,-7.0,19.0,6.0,0.0
1511,main_green,side_green,56,4.0,9.61210032614938,1,2,0,-7.0,19.0,6.0,0.0
1512,main_green,side_green,61,7.0,9.269671837851813,8,2,0,-7.0,19.0,6.0,0.0
1513,main_green,side_green,61,10.0,9.669290909756421,4,2,0,-7.0,19.0,6.0,0.0
1514,main_green,side_green,59,13.0,10.093401312466456,3,2,0,-7.0,19.0,6.0,0.0
1515,main_green,side_green,59,18.0,10.583533393240854,5,2,0,-7.0,19.0,6.0,0.0
1516,main_green,side_green,57,23.0,10.519018175890858,6,2,0,-7.0,19.0,6.0,0.0
1517,main_green,side_green,55,28.0,10.596504462695043,5,2,0,-7.0,19.0,6.0,0.0
1518,yellow_transition,yellow_transition,54,33.0,10.426150551708687,6,3,1,-8.0,-2.0,-6.0,16.0
1519,yellow_transition,yellow_transition,52,38.0,10.29776357525044,5,3,1,-8.0,-2.0,-6.0,16.0
1520,yellow_transition,yellow_transition,52,44.0,9.904601294291192,7,3,1,-8.0,-2.0,-6.0,16.0
1521,main_green,main_green,51,18.0,9.998399493131819,4,2,2,-8.0,-2.0,-6.0,16.0
1522,main_green,main_green,51,19.0,10.342753964006725,3,2,2,-8.0,-2.0,-6.0,16.0
1523,main_green,main_green,51,22.0,10.35815539719296,4,2,2,-8.0,-2.0,-6.0,16.0
1524,main_green,main_green,56,25.0,9.873687232926825,8,2,2,-8.0,-2.0,-6.0,16.0
1525,main_green,main_green,56,28.0,10.289313384588397,3,2,2,-8.0,-2.0,-6.0,16.0
1526,main_green,main_green,54,31.0,10.718057575149674,3,2,2,-8.0,-2.0,-6.0,16.0
1527,main_green,main_green,51,34.0,11.065263902338366,3,2,2,-8.0,-2.0,-6.0,16.0
1528,main_green,main_green,52,37.0,10.68555390888929,5,2,2,-8.0,-2.0,-6.0,16.0
1529,main_green,main_green,51,40.0,10.637757851201847,3,2,2,-8.0,-2.0,-6.0,16.0
1530,main_green,main_green,50,43.0,10.654121667415806,3,2,2,-8.0,-2.0,-6.0,16.0
1531,main_green,main_green,49,46.0,10.651970797352488,3,2,2,-2.0,8.0,-3.0,17.0
1532,main_green,main_green,49,51.0,10.423526507109107,6,2,2,-2.0,8.0,-3.0,17.0
1533,main_green,main_green,49,58.0,10.304576807016943,8,2,2,-2.0,8.0,-3.0,17.0
1534,main_green,main_green,46,65.0,10.168494495889389,7,2,2,-2.0,8.0,-3.0,17.0
1535,main_green,main_green,46,72.0,10.416720863295692,7,2,2,-2.0,8.0,-3.0,17.0
1536,main_green,main_green,50,79.0,9.255531319429757,12,2,2,-2.0,8.0,-3.0,17.0
1537,main_green,main_green,49,86.0,9.425441649219009,7,2,2,-2.0,8.0,-3.0,17.0
1538,main_green,main_green,49,93.0,9.529053830552483,8,2,2,-2.0,8.0,-3.0,17.0
1539,main_green,main_green,49,100.0,9.76403918873222,7,2,2,-2.0,8.0,-3.0,17.0
1540,main_green,main_green,50,107.0,9.595762647744078,8,2,2,-2.0,8.0,-3.0,17.0
1541,main_green,main_green,50,114.0,9.635531937768736,7,2,2,11.0,23.0,-1.0,7.0
1542,main_green,main_green,50,121.0,9.66700305682914,7,2,2,11.0,23.0,-1.0,7.0
1543,main_green,main_green,51,128.0,9.463019032583288,8,2,2,11.0,23.0,-1.0,7.0
1544,main_green,main_green,52,138.0,9.389952184626075,11,2,2,11.0,23.0,-1.0,7.0
1545,main_green,main_green,52,149.0,9.467562866563675,11,2,2,11.0,23.0,-1.0,7.0
1546,main_green,main_green,52,160.0,9.603513767540472,11,2,2,11.0,23.0,-1.0,7.0
1547,main_green,main_green,49,171.0,9.369106317410404,11,2,2,11.0,23.0,-1.0,7.0
1548,main_green,main_green,53,182.0,8.536024905169196,16,2,2,11.0,23.0,-1.0,7.0
1549,main_green,main_green,54,193.0,8.748755069613827,12,2,2,11.0,23.0,-1.0,7.0
1550,main_green,main_green,54,204.0,9.03916814287475,11,2,2,11.0,23.0,-1.0,7.0
1551,yellow_transition,yellow_transition,54,215.0,9.165948897007317,11,3,3,15.0,13.0,4.0,8.0
1552,yellow_transition,yellow_transition,55,226.0,8.994224244423462,12,3,3,15.0,13.0,4.0,8.0
1553,yellow_transition,yellow_transition,55,237.0,8.877057007438463,11,3,3,15.0,13.0,4.0,8.0
1554,side_green,main_green,56,110.0,8.671039378992786,8,0,2,15.0,13.0,4.0,8.0
1555,side_green,main_green,56,72.0,9.042971250577166,6,0,2,15.0,13.0,4.0,8.0
1556,side_green,main_green,57,77.0,9.088499159642808,7,0,2,15.0,13.0,4.0,8.0
1557,side_green,main_green,55,83.0,9.194303236842545,6,0,2,15.0,13.0,4.0,8.0
1558,side_green,main_green,55,90.0,9.441694331212616,7,0,2,15.0,13.0,4.0,8.0
1559,side_green,main_green,56,98.0,9.532869961710103,9,0,2,15.0,13.0,4.0,8.0
1560,side_green,main_green,61,107.0,9.087187823216858,14,0,2,15.0,13.0,4.0,8.0
1561,side_green,main_green,60,116.0,9.237028654197037,9,0,2,15.0,13.0,4.0,8.0
1562,side_green,main_green,60,125.0,9.470570871757149,9,0,2,15.0,13.0,4.0,8.0
1563,side_green,main_green,60,135.0,9.59014595516222,10,0,2,15.0,13.0,4.0,8.0
1564,yellow_transition,yellow_transition,61,145.0,9.268937980548657,12,1,3,-10.0,12.0,6.0,2.0
1565,yellow_transition,yellow_transition,61,155.0,9.067562040419023,10,1,3,-10.0,12.0,6.0,2.0
1566,yellow_transition,yellow_transition,59,166.0,8.857801947417933,11,1,3,-10.0,12.0,6.0,2.0
1567,main_green,side_green,58,32.0,8.814100519178004,5,2,0,-10.0,12.0,6.0,2.0
1568,main_green,side_green,59,2.0,8.856430090841014,3,2,0,-10.0,12.0,6.0,2.0
1569,main_green,side_green,60,4.0,9.124832957324625,3,2,0,-10.0,12.0,6.0,2.0
1570,main_green,side_green,59,7.0,9.511263322558579,3,2,0,-10.0,12.0,6.0,2.0
1571,main_green,side_green,59,12.0,9.955867974985297,5,2,0,-10.0,12.0,6.0,2.0
1572,main_green,side_green,62,17.0,9.419453825989983,10,2,0,-10.0,12.0,6.0,2.0
1573,main_green,side_green,60,22.0,9.720425653027757,5,2,0,-10.0,12.0,6.0,2.0
1574,main_green,side_green,57,28.0,9.680039036385791,7,2,0,-10.0,12.0,6.0,2.0
1575,main_green,side_green,54,34.0,9.942863425398112,6,2,0,-10.0,12.0,6.0,2.0
1576,main_green,side_green,52,41.0,9.79470983546084,8,2,0,-10.0,12.0,6.0,2.0
1577,yellow_transition,yellow_transition,51,49.0,9.674751149964543,8,3,1,-3.0,5.0,-5.0,21.0
1578,yellow_transition,yellow_transition,51,57.0,9.683448460517914,8,3,1,-3.0,5.0,-5.0,21.0
1579,yellow_transition,yellow_transition,51,65.0,9.335114200985622,9,3,1,-3.0,5.0,-5.0,21.0
1580,main_green,main_green,52,39.0,9.188203928276955,6,2,2,-3.0,5.0,-5.0,21.0
1581,main_green,main_green,52,33.0,9.319686843292784,6,2,2,-3.0,5.0,-5.0,21.0
1582,main_green,main_green,52,39.0,9.52768576345994,6,2,2,-3.0,5.0,-5.0,21.0
1583,main_green,main_green,52,45.0,9.842339238287325,6,2,2,-3.0,5.0,-5.0,21.0
1584,main_green,main_green,57,51.0,9.36321975346949,11,2,2,-3.0,5.0,-5.0,21.0
1585,main_green,main_green,54,57.0,9.386210139071924,7,2,2,-3.0,5.0,-5.0,21.0
1586,main_green,main_green,54,63.0,9.852934239833885,6,2,2,-3.0,5.0,-5.0,21.0
1587,main_green,main_green,51,69.0,9.992818139115682,6,2,2,-3.0,5.0,-5.0,21.0
1588,main_green,main_green,52,75.0,9.863211553936317,7,2,2,-3.0,5.0,-5.0,21.0
1589,main_green,main_green,52,81.0,10.043718838870332,6,2,2,-3.0,5.0,-5.0,21.0
1590,main_green,main_green,52,87.0,9.896053828408581,7,2,2,0.0,2.0,3.0,17.0
1591,main_green,main_green,51,93.0,9.781425149879313,6,2,2,0.0,2.0,3.0,17.0
1592,main_green,main_green,52,99.0,9.67998598260243,7,2,2,0.0,2.0,3.0,17.0
1593,main_green,main_green,52,108.0,9.73349421051331,9,2,2,0.0,2.0,3.0,17.0
1594,main_green,main_green,50,117.0,9.597071190371665,9,2,2,0.0,2.0,3.0,17.0
1595,main_green,main_green,50,127.0,9.542074141516709,11,2,2,0.0,2.0,3.0,17.0
1596,main_green,main_green,55,137.0,8.680734497913374,15,2,2,0.0,2.0,3.0,17.0
1597,main_green,main_green,54,147.0,8.931993513485557,10,2,2,0.0,2.0,3.0,17.0
1598,main_green,main_green,54,157.0,9.090514010723286,10,2,2,0.0,2.0,3.0,17.0
1599,main_green,main_green,54,167.0,9.1671711437454,10,2,2,0.0,2.0,3.0,17.0
1600,main_green,main_green,56,177.0,8.964197312781522,12,2,2,11.0,13.0,2.0,8.0
1601,main_green,main_green,55,187.0,8.923372430715267,10,2,2,11.0,13.0,2.0,8.0
1602,main_green,main_green,55,197.0,8.811359362993166,10,2,2,11.0,13.0,2.0,8.0
1603,main_green,main_green,55,208.0,8.860646570273422,11,2,2,11.0,13.0,2.0,8.0
1604,main_green,main_green,55,220.0,8.779398773452579,13,2,2,11.0,13.0,2.0,8.0
1605,main_green,main_green,56,234.0,8.645440652592308,15,2,2,11.0,13.0,2.0,8.0
1606,main_green,main_green,55,248.0,8.72611765177829,14,2,2,11.0,13.0,2.0,8.0
1607,main_green,main_green,55,262.0,8.795418730606439,14,2,2,11.0,13.0,2.0,8.0
1608,main_green,main_green,58,276.0,7.984578526061346,19,2,2,11.0,13.0,2.0,8.0
1609,main_green,main_green,57,290.0,8.069625670920153,14,2,2,11.0,13.0,2.0,8.0
1610,main_green,main_green,58,304.0,8.207974107368829,15,2,2,17.0,17.0,5.0,5.0
1611,main_green,main_green,58,318.0,8.396355196989465,14,2,2,17.0,17.0,5.0,5.0
1612,main_green,main_green,59,332.0,8.196259249467401,15,2,2,17.0,17.0,5.0,5.0
1613,main_green,main_green,59,346.0,8.178947181307903,14,2,2,17.0,17.0,5.0,5.0
1614,main_green,main_green,59,361.0,8.306508259287153,15,2,2,17.0,17.0,5.0,5.0
1615,main_green,main_green,60,377.0,8.235778512776744,17,2,2,17.0,17.0,5.0,5.0
1616,main_green,main_green,59,395.0,8.17264961216562,19,2,2,17.0,17.0,5.0,5.0
1617,main_green,main_green,59,413.0,8.108351084931725,18,2,2,17.0,17.0,5.0,5.0
1618,main_green,main_green,59,431.0,8.17742306094063,18,2,2,17.0,17.0,5.0,5.0
1619,main_green,main_green,59,449.0,8.345053948958773,18,2,2,17.0,17.0,5.0,5.0
1620,yellow_transition,yellow_transition,63,467.0,7.700391641171486,23,3,3,14.0,12.0,6.0,6.0
1621,yellow_transition,yellow_transition,63,485.0,7.668074322565145,19,3,3,14.0,12.0,6.0,6.0
1622,yellow_transition,yellow_transition,62,503.0,7.817848087957603,18,3,3,14.0,12.0,6.0,6.0
1623,side_green,main_green,61,322.0,7.7494394490591425,14,0,2,14.0,12.0,6.0,6.0
1624,side_green,main_green,61,230.0,7.705947976202765,11,0,2,14.0,12.0,6.0,6.0
1625,side_green,main_green,61,218.0,7.856156925246845,9,0,2,14.0,12.0,6.0,6.0
1626,side_green,main_green,62,227.0,7.940924992954284,10,0,2,14.0,12.0,6.0,6.0
1627,side_green,main_green,62,237.0,8.334749202741111,10,0,2,14.0,12.0,6.0,6.0
1628,side_green,main_green,63,249.0,8.506848575706055,13,0,2,14.0,12.0,6.0,6.0
1629,side_green,main_green,62,262.0,8.678147243209732,13,0,2,14.0,12.0,6.0,6.0
1630,side_green,main_green,61,276.0,8.652446074070037,14,0,2,14.0,12.0,6.0,6.0
1631,side_green,main_green,62,291.0,8.601305772717389,16,0,2,14.0,12.0,6.0,6.0
1632,side_green,main_green,66,306.0,7.986466354937108,20,0,2,14.0,12.0,6.0,6.0
1633,yellow_transition,yellow_transition,65,323.0,7.968149650266138,17,1,3,-9.0,21.0,15.0,1.0
1634,yellow_transition,yellow_transition,65,340.0,7.99904922685867,17,1,3,-9.0,21.0,15.0,1.0
1635,yellow_transition,yellow_transition,64,358.0,7.965343826696113,18,1,3,-9.0,21.0,15.0,1.0
1636,main_green,side_green,65,143.0,7.885459697664736,12,2,0,-9.0,21.0,15.0,1.0
1637,main_green,side_green,64,23.0,8.109483213464223,3,2,0,-9.0,21.0,15.0,1.0
1638,main_green,side_green,64,0.0,8.58046084476465,0,2,0,-9.0,21.0,15.0,1.0
1639,main_green,side_green,63,2.0,8.958239737382266,2,2,0,-9.0,21.0,15.0,1.0
1640,main_green,side_green,63,5.0,9.470171425201906,4,2,0,-9.0,21.0,15.0,1.0
1641,main_green,side_green,62,8.0,9.749161788541663,4,2,0,-9.0,21.0,15.0,1.0
1642,main_green,side_green,61,12.0,10.232126350211008,4,2,0,-9.0,21.0,15.0,1.0
1643,main_green,side_green,58,16.0,10.63616543850472,4,2,0,-9.0,21.0,15.0,1.0
1644,main_green,side_green,62,21.0,9.993913349269402,10,2,0,-9.0,21.0,15.0,1.0
1645,main_green,side_green,59,26.0,10.049168413163116,5,2,0,-9.0,21.0,15.0,1.0
1646,yellow_transition,yellow_transition,58,31.0,9.97194059667869,6,3,1,-3.0,3.0,-10.0,10.0
1647,yellow_transition,yellow_transition,56,36.0,9.984146354367468,5,3,1,-3.0,3.0,-10.0,10.0
1648,yellow_transition,yellow_transition,57,41.0,9.872333546790568,6,3,1,-3.0,3.0,-10.0,10.0
1649,main_green,main_green,57,22.0,10.11425367460354,3,2,2,-3.0,3.0,-10.0,10.0
1650,main_green,main_green,57,23.0,10.01333373160407,2,2,2,-3.0,3.0,-10.0,10.0
1651,main_green,main_green,58,25.0,9.93226770247604,3,2,2,-3.0,3.0,-10.0,10.0
1652,main_green,main_green,59,29.0,9.950900863213937,5,2,2,-3.0,3.0,-10.0,10.0
1653,main_green,main_green,59,34.0,10.220655111394606,5,2,2,-3.0,3.0,-10.0,10.0
1654,main_green,main_green,58,39.0,10.437345224879857,5,2,2,-3.0,3.0,-10.0,10.0
1655,main_green,main_green,56,45.0,10.59522138173557,6,2,2,-3.0,3.0,-10.0,10.0
1656,main_green,main_green,58,51.0,9.772047737070638,11,2,2,-3.0,3.0,-10.0,10.0
1657,main_green,main_green,57,57.0,9.686715672433428,7,2,2,-3.0,3.0,-10.0,10.0
1658,main_green,main_green,55,63.0,9.828406417099636,6,2,2,-3.0,3.0,-10.0,10.0
1659,main_green,main_green,52,69.0,9.873759372778295,6,2,2,-1.0,3.0,2.0,20.0
1660,main_green,main_green,53,75.0,9.891217605997635,7,2,2,-1.0,3.0,2.0,20.0
1661,main_green,main_green,52,81.0,9.86597502705117,6,2,2,-1.0,3.0,2.0,20.0
1662,main_green,main_green,51,87.0,9.620615075358257,7,2,2,-1.0,3.0,2.0,20.0
1663,main_green,main_green,51,93.0,9.622360437084076,6,2,2,-1.0,3.0,2.0,20.0
1664,main_green,main_green,52,100.0,9.417072316210085,8,2,2,-1.0,3.0,2.0,20.0
1665,main_green,main_green,51,109.0,9.430469143152212,9,2,2,-1.0,3.0,2.0,20.0
1666,main_green,main_green,51,118.0,9.516498507593768,9,2,2,-1.0,3.0,2.0,20.0
1667,main_green,main_green,52,128.0,9.529528064460283,11,2,2,-1.0,3.0,2.0,20.0
1668,main_green,main_green,55,138.0,8.631111066677546,15,2,2,-1.0,3.0,2.0,20.0
1669,main_green,main_green,55,148.0,8.942684924993559,10,2,2,9.0,17.0,6.0,14.0
1670,main_green,main_green,55,158.0,9.15230991237724,10,2,2,9.0,17.0,6.0,14.0
1671,main_green,main_green,55,168.0,9.4101459077725,10,2,2,9.0,17.0,6.0,14.0
1672,main_green,main_green,56,178.0,8.987153377849106,12,2,2,9.0,17.0,6.0,14.0
1673,main_green,main_green,56,188.0,8.974063944669322,10,2,2,9.0,17.0,6.0,14.0
1674,main_green,main_green,56,198.0,9.104039581731763,10,2,2,9.0,17.0,6.0,14.0
1675,main_green,main_green,56,209.0,9.003465889125827,11,2,2,9.0,17.0,6.0,14.0
1676,main_green,main_green,56,223.0,8.8150001956163,15,2,2,9.0,17.0,6.0,14.0
1677,main_green,main_green,56,237.0,8.682110860907535,15,2,2,9.0,17.0,6.0,14.0
1678,main_green,main_green,56,251.0,8.837220353359948,14,2,2,9.0,17.0,6.0,14.0
1679,main_green,main_green,56,265.0,9.017334110543139,14,2,2,11.0,13.0,1.0,5.0
1680,main_green,main_green,61,279.0,8.384737277899982,19,2,2,11.0,13.0,1.0,5.0
1681,main_green,main_green,61,293.0,8.601272367934934,14,2,2,11.0,13.0,1.0,5.0
1682,main_green,main_green,61,307.0,8.718669828279257,15,2,2,11.0,13.0,1.0,5.0
1683,main_green,main_green,61,321.0,8.828122046707216,14,2,2,11.0,13.0,1.0,5.0
1684,main_green,main_green,62,335.0,8.630732577416357,15,2,2,11.0,13.0,1.0,5.0
1685,main_green,main_green,62,349.0,8.720108676660724,14,2,2,11.0,13.0,1.0,5.0
1686,main_green,main_green,60,363.0,8.511689585110096,14,2,2,11.0,13.0,1.0,5.0
1687,main_green,main_green,60,379.0,8.343309881867686,17,2,2,11.0,13.0,1.0,5.0
1688,main_green,main_green,60,396.0,8.239467196378028,18,2,2,11.0,13.0,1.0,5.0
1689,yellow_transition,yellow_transition,60,413.0,8.193099440208787,17,3,3,12.0,10.0,7.0,11.0
1690,yellow_transition,yellow_transition,60,431.0,8.248019062016763,18,3,3,12.0,10.0,7.0,11.0
1691,yellow_transition,yellow_transition,60,449.0,8.231957877884609,18,3,3,12.0,10.0,7.0,11.0
1692,side_green,main_green,64,281.0,7.548316718274639,19,0,2,12.0,10.0,7.0,11.0
1693,side_green,main_green,64,200.0,7.565427576136765,12,0,2,12.0,10.0,7.0,11.0
1694,side_green,main_green,64,195.0,7.869197018707159,9,0,2,12.0,10.0,7.0,11.0
1695,side_green,main_green,64,204.0,8.291642074544926,9,0,2,12.0,10.0,7.0,11.0
1696,side_green,main_green,64,216.0,8.449155391322423,13,0,2,12.0,10.0,7.0,11.0
1697,side_green,main_green,64,228.0,8.571249453849415,12,0,2,12.0,10.0,7.0,11.0
1698,side_green,main_green,64,240.0,8.682270960338514,13,0,2,12.0,10.0,7.0,11.0
1699,side_green,main_green,63,254.0,8.892556323376182,14,0,2,12.0,10.0,7.0,11.0
1700,side_green,main_green,62,269.0,8.784939109396001,16,0,2,12.0,10.0,7.0,11.0
1701,side_green,main_green,60,284.0,8.885764210293457,15,0,2,12.0,10.0,7.0,11.0
1702,yellow_transition,yellow_transition,59,300.0,8.67547732706179,16,1,3,-15.0,13.0,14.0,6.0
1703,yellow_transition,yellow_transition,59,316.0,8.407747746278751,17,1,3,-15.0,13.0,14.0,6.0
1704,yellow_transition,yellow_transition,64,333.0,7.6413554800329315,22,1,3,-15.0,13.0,14.0,6.0
1705,main_green,side_green,64,122.0,8.054237999932765,11,2,0,-15.0,13.0,14.0,6.0
1706,main_green,side_green,63,20.0,8.322311717265844,4,2,0,-15.0,13.0,14.0,6.0
1707,main_green,side_green,61,5.0,8.702527579128972,2,2,0,-15.0,13.0,14.0,6.0
1708,main_green,side_green,63,8.0,8.8669515529747,5,2,0,-15.0,13.0,14.0,6.0
1709,main_green,side_green,63,11.0,9.367100722242922,3,2,0,-15.0,13.0,14.0,6.0
1710,main_green,side_green,61,14.0,9.867138898482912,3,2,0,-15.0,13.0,14.0,6.0
1711,main_green,side_green,58,19.0,10.169631011630784,5,2,0,-15.0,13.0,14.0,6.0
1712,main_green,side_green,59,24.0,10.340826240396451,6,2,0,-15.0,13.0,14.0,6.0
1713,main_green,side_green,57,30.0,10.269588347840655,7,2,0,-15.0,13.0,14.0,6.0
1714,main_green,side_green,55,36.0,10.398232368203166,6,2,0,-15.0,13.0,14.0,6.0
1715,yellow_transition,yellow_transition,53,42.0,10.356985133309195,6,3,1,-8.0,4.0,-15.0,13.0
1716,yellow_transition,yellow_transition,58,49.0,9.426920582287817,12,3,1,-8.0,4.0,-15.0,13.0
1717,yellow_transition,yellow_transition,58,56.0,9.396751484946954,7,3,1,-8.0,4.0,-15.0,13.0
1718,main_green,main_green,58,22.0,9.57613595256331,4,2,2,-8.0,4.0,-15.0,13.0
1719,main_green,main_green,58,18.0,10.126812195364147,2,2,2,-8.0,4.0,-15.0,13.0
1720,main_green,main_green,58,20.0,10.172907970856174,3,2,2,-8.0,4.0,-15.0,13.0
1721,main_green,main_green,57,22.0,10.562599362901567,2,2,2,-8.0,4.0,-15.0,13.0
1722,main_green,main_green,57,24.0,10.861075039423291,2,2,2,-8.0,4.0,-15.0,13.0
1723,main_green,main_green,56,26.0,10.890076500451311,3,2,2,-8.0,4.0,-15.0,13.0
1724,main_green,main_green,56,29.0,10.783924311749226,4,2,2,-8.0,4.0,-15.0,13.0
1725,main_green,main_green,53,33.0,10.68459200645445,4,2,2,-8.0,4.0,-15.0,13.0
1726,main_green,main_green,53,38.0,10.725852491386036,5,2,2,-8.0,4.0,-15.0,13.0
1727,main_green,main_green,50,44.0,10.735337656362509,6,2,2,-8.0,4.0,-15.0,13.0
1728,main_green,main_green,54,50.0,9.832658555872978,11,2,2,-5.0,3.0,-3.0,19.0
1729,main_green,main_green,53,56.0,9.797985349017987,7,2,2,-5.0,3.0,-3.0,19.0
1730,main_green,main_green,52,62.0,10.071185428057587,6,2,2,-5.0,3.0,-3.0,19.0
1731,main_green,main_green,51,68.0,10.27186527904049,6,2,2,-5.0,3.0,-3.0,19.0
1732,main_green,main_green,52,74.0,10.17818255958818,7,2,2,-5.0,3.0,-3.0,19.0
1733,main_green,main_green,50,80.0,9.971073797419448,6,2,2,-5.0,3.0,-3.0,19.0
1734,main_green,main_green,51,86.0,9.690585565107165,7,2,2,-5.0,3.0,-3.0,19.0
1735,main_green,main_green,51,92.0,9.785400799640234,6,2,2,-5.0,3.0,-3.0,19.0
1736,main_green,main_green,52,100.0,9.656534438426258,9,2,2,-5.0,3.0,-3.0,19.0
1737,main_green,main_green,52,110.0,9.789212699842041,10,2,2,-5.0,3.0,-3.0,19.0
1738,main_green,main_green,51,120.0,9.893882651147925,10,2,2,6.0,12.0,-2.0,8.0
1739,main_green,main_green,52,130.0,9.778780013983136,11,2,2,6.0,12.0,-2.0,8.0
1740,main_green,main_green,57,140.0,9.039244125689937,15,2,2,6.0,12.0,-2.0,8.0
1741,main_green,main_green,57,150.0,9.297497104240831,10,2,2,6.0,12.0,-2.0,8.0
1742,main_green,main_green,57,160.0,9.563590016229277,10,2,2,6.0,12.0,-2.0,8.0
1743,main_green,main_green,57,170.0,9.611289825951735,10,2,2,6.0,12.0,-2.0,8.0
1744,main_green,main_green,58,180.0,9.202987481920296,12,2,2,6.0,12.0,-2.0,8.0
1745,main_green,main_green,56,190.0,9.13110705838277,10,2,2,6.0,12.0,-2.0,8.0
1746,main_green,main_green,56,200.0,9.072404873811566,10,2,2,6.0,12.0,-2.0,8.0
1747,main_green,main_green,55,213.0,9.098553348634228,13,2,2,6.0,12.0,-2.0,8.0
1748,main_green,main_green,54,226.0,8.80113126366099,14,2,2,7.0,7.0,4.0,10.0
1749,main_green,main_green,55,240.0,8.800172926200297,15,2,2,7.0,7.0,4.0,10.0
1750,main_green,main_green,55,254.0,8.923121288688456,14,2,2,7.0,7.0,4.0,10.0
1751,main_green,main_green,55,268.0,9.070246954269122,14,2,2,7.0,7.0,4.0,10.0
1752,main_green,main_green,60,282.0,8.437606171123825,19,2,2,7.0,7.0,4.0,10.0
1753,main_green,main_green,60,296.0,8.677511349313473,14,2,2,7.0,7.0,4.0,10.0
1754,main_green,main_green,59,310.0,8.477210403601775,15,2,2,7.0,7.0,4.0,10.0
1755,main_green,main_green,59,324.0,8.710457788956587,14,2,2,7.0,7.0,4.0,10.0
1756,main_green,main_green,60,338.0,8.660186999476101,15,2,2,7.0,7.0,4.0,10.0
1757,main_green,main_green,59,352.0,8.55827278461106,14,2,2,7.0,7.0,4.0,10.0
1758,main_green,main_green,58,366.0,8.529757213826755,14,2,2,13.0,15.0,6.0,10.0
1759,main_green,main_green,58,380.0,8.267962571497307,15,2,2,13.0,15.0,6.0,10.0
1760,main_green,main_green,57,396.0,8.065162891777705,17,2,2,13.0,15.0,6.0,10.0
1761,main_green,main_green,57,413.0,8.199544578393457,17,2,2,13.0,15.0,6.0,10.0
1762,main_green,main_green,56,431.0,8.179717867146648,18,2,2,13.0,15.0,6.0,10.0
1763,main_green,main_green,56,449.0,8.309941256250847,18,2,2,13.0,15.0,6.0,10.0
1764,main_green,main_green,61,467.0,7.768436079228304,23,2,2,13.0,15.0,6.0,10.0
1765,main_green,main_green,62,485.0,7.726070504173111,19,2,2,13.0,15.0,6.0,10.0
1766,main_green,main_green,60,503.0,7.855496955072151,18,2,2,13.0,15.0,6.0,10.0
1767,main_green,main_green,60,521.0,7.944460772547903,18,2,2,13.0,15.0,6.0,10.0
1768,yellow_transition,yellow_transition,60,539.0,7.611581950688859,19,3,3,19.0,13.0,13.0,9.0
1769,yellow_transition,yellow_transition,59,557.0,7.363938057959071,18,3,3,19.0,13.0,13.0,9.0
1770,yellow_transition,yellow_transition,59,575.0,6.939894835484674,19,3,3,19.0,13.0,13.0,9.0
1771,side_green,side_green,57,217.0,6.887409585373299,12,0,0,19.0,13.0,13.0,9.0
1772,side_green,side_green,58,32.0,7.223490936422189,8,0,0,19.0,13.0,13.0,9.0
1773,side_green,side_green,58,5.0,7.587225753943493,3,0,0,19.0,13.0,13.0,9.0
1774,side_green,side_green,58,8.0,8.120168692267303,3,0,0,19.0,13.0,13.0,9.0
1775,side_green,side_green,59,12.0,8.565971963179443,5,0,0,19.0,13.0,13.0,9.0
1776,side_green,side_green,64,17.0,8.495528780052334,10,0,0,19.0,13.0,13.0,9.0
1777,side_green,side_green,64,23.0,9.11664538449511,6,0,0,19.0,13.0,13.0,9.0
1778,side_green,side_green,64,31.0,9.545106338247411,8,0,0,19.0,13.0,13.0,9.0
1779,side_green,side_green,64,39.0,9.888549878971569,8,0,0,19.0,13.0,13.0,9.0
1780,side_green,side_green,66,49.0,9.65078644782954,12,0,0,19.0,13.0,13.0,9.0
1781,yellow_transition,yellow_transition,66,59.0,9.652519519483656,10,1,1,-12.0,10.0,-11.0,5.0
1782,yellow_transition,yellow_transition,66,69.0,9.714395449604332,10,1,1,-12.0,10.0,-11.0,5.0
1783,yellow_transition,yellow_transition,65,80.0,9.534972231973489,11,1,1,-12.0,10.0,-11.0,5.0
1784,main_green,main_green,66,19.0,9.4571977436806,6,2,2,-12.0,10.0,-11.0,5.0
1785,main_green,main_green,67,7.0,9.633523915411581,3,2,2,-12.0,10.0,-11.0,5.0
1786,main_green,main_green,66,2.0,10.013685894103135,1,2,2,-12.0,10.0,-11.0,5.0
1787,main_green,main_green,65,3.0,10.278042540797571,1,2,2,-12.0,10.0,-11.0,5.0
1788,main_green,main_green,68,4.0,9.967561043184428,6,2,2,-12.0,10.0,-11.0,5.0
1789,main_green,main_green,64,5.0,10.502756199110477,1,2,2,-12.0,10.0,-11.0,5.0
1790,main_green,main_green,62,6.0,10.971028997355848,2,2,2,-12.0,10.0,-11.0,5.0
1791,main_green,main_green,55,7.0,11.20542661327686,1,2,2,-12.0,10.0,-11.0,5.0
1792,main_green,main_green,54,8.0,11.131722605729934,2,2,2,-12.0,10.0,-11.0,5.0
1793,main_green,main_green,52,9.0,11.239020757454616,1,2,2,-12.0,10.0,-11.0,5.0
1794,main_green,main_green,48,10.0,11.043203556382041,1,2,2,-7.0,7.0,-5.0,9.0
1795,main_green,main_green,48,12.0,10.55350328477651,3,2,2,-7.0,7.0,-5.0,9.0
1796,main_green,main_green,46,15.0,10.38755824991955,4,2,2,-7.0,7.0,-5.0,9.0
1797,main_green,main_green,44,19.0,10.448780798899646,4,2,2,-7.0,7.0,-5.0,9.0
1798,main_green,main_green,43,24.0,10.495487299485445,5,2,2,-7.0,7.0,-5.0,9.0
1799,main_green,main_green,43,29.0,10.680414269690845,5,2,2,-7.0,7.0,-5.0,9.0
1800,main_green,main_green,48,34.0,9.592577773258899,10,2,2,-7.0,7.0,-5.0,9.0
1801,main_green,main_green,49,39.0,9.665015812133108,6,2,2,-7.0,7.0,-5.0,9.0
1802,main_green,main_green,49,44.0,9.92542080794585,5,2,2,-7.0,7.0,-5.0,9.0
1803,main_green,main_green,49,49.0,10.282295087612459,5,2,2,-7.0,7.0,-5.0,9.0
1804,main_green,main_green,50,54.0,10.18810646474939,6,2,2,0.0,12.0,1.0,19.0
1805,main_green,main_green,50,59.0,10.201598656781453,5,2,2,0.0,12.0,1.0,19.0
1806,main_green,main_green,51,64.0,9.934270014834418,6,2,2,0.0,12.0,1.0,19.0
1807,main_green,main_green,51,69.0,9.877680209222698,5,2,2,0.0,12.0,1.0,19.0
1808,main_green,main_green,52,76.0,9.76377106525099,8,2,2,0.0,12.0,1.0,19.0
1809,main_green,main_green,52,83.0,9.894906262634972,7,2,2,0.0,12.0,1.0,19.0
1810,main_green,main_green,49,92.0,9.744154867138604,9,2,2,0.0,12.0,1.0,19.0
1811,main_green,main_green,50,101.0,9.581082684554339,10,2,2,0.0,12.0,1.0,19.0
1812,main_green,main_green,53,110.0,8.74072760166076,14,2,2,0.0,12.0,1.0,19.0
1813,main_green,main_green,51,119.0,8.842079175143157,9,2,2,0.0,12.0,1.0,19.0
1814,main_green,main_green,51,128.0,9.166960593681576,9,2,2,6.0,16.0,6.0,20.0
1815,main_green,main_green,51,137.0,9.307601422810787,9,2,2,6.0,16.0,6.0,20.0
1816,main_green,main_green,52,146.0,9.07539274762222,11,2,2,6.0,16.0,6.0,20.0
1817,main_green,main_green,52,155.0,9.16434478254998,9,2,2,6.0,16.0,6.0,20.0
1818,main_green,main_green,52,164.0,9.14531621282725,9,2,2,6.0,16.0,6.0,20.0
1819,main_green,main_green,52,174.0,9.100010805518853,10,2,2,6.0,16.0,6.0,20.0
1820,main_green,main_green,53,186.0,8.915560369975845,13,2,2,6.0,16.0,6.0,20.0
1821,main_green,main_green,54,198.0,8.829502682366673,13,2,2,6.0,16.0,6.0,20.0
1822,main_green,main_green,54,210.0,9.095164383004304,12,2,2,6.0,16.0,6.0,20.0
1823,main_green,main_green,54,223.0,9.109836048675984,13,2,2,6.0,16.0,6.0,20.0
1824,main_green,main_green,59,236.0,8.468105520734603,18,2,2,7.0,11.0,2.0,8.0
1825,main_green,main_green,59,249.0,8.627760773889001,13,2,2,7.0,11.0,2.0,8.0
1826,main_green,main_green,60,262.0,8.79868971901107,14,2,2,7.0,11.0,2.0,8.0
1827,main_green,main_green,60,275.0,8.794464444250925,13,2,2,7.0,11.0,2.0,8.0
1828,main_green,main_green,61,288.0,8.745926599237409,14,2,2,7.0,11.0,2.0,8.0
1829,main_green,main_green,61,301.0,8.782785845973041,13,2,2,7.0,11.0,2.0,8.0
1830,main_green,main_green,61,314.0,8.872800539506956,13,2,2,7.0,11.0,2.0,8.0
1831,main_green,main_green,62,329.0,8.673416899854951,16,2,2,7.0,11.0,2.0,8.0
1832,main_green,main_green,62,345.0,8.54374051757195,17,2,2,7.0,11.0,2.0,8.0
1833,main_green,main_green,60,361.0,8.449277858592517,16,2,2,7.0,11.0,2.0,8.0
1834,yellow_transition,yellow_transition,60,377.0,8.548050179289948,16,3,3,10.0,8.0,7.0,11.0
1835,yellow_transition,yellow_transition,59,394.0,8.471243086221168,17,3,3,10.0,8.0,7.0,11.0
1836,yellow_transition,yellow_transition,64,411.0,7.760980472560856,22,3,3,10.0,8.0,7.0,11.0
1837,side_green,main_green,65,264.0,7.975980005555402,14,0,2,10.0,8.0,7.0,11.0
1838,side_green,main_green,64,199.0,8.251723451805129,9,0,2,10.0,8.0,7.0,11.0
1839,side_green,main_green,63,199.0,8.473133241637038,8,0,2,10.0,8.0,7.0,11.0
1840,side_green,main_green,64,207.0,8.697764586035241,9,0,2,10.0,8.0,7.0,11.0
1841,side_green,main_green,64,216.0,9.02490537847257,9,0,2,10.0,8.0,7.0,11.0
1842,side_green,main_green,64,226.0,9.170652196276295,11,0,2,10.0,8.0,7.0,11.0
1843,side_green,main_green,63,236.0,9.476547560919721,10,0,2,10.0,8.0,7.0,11.0
1844,side_green,main_green,63,248.0,9.28248964467259,13,0,2,10.0,8.0,7.0,11.0
1845,side_green,main_green,60,260.0,9.265203049322464,12,0,2,10.0,8.0,7.0,11.0
1846,side_green,main_green,59,274.0,9.200809686417251,14,0,2,10.0,8.0,7.0,11.0
1847,yellow_transition,yellow_transition,59,289.0,8.812173780280068,16,1,3,-15.0,11.0,13.0,5.0
1848,yellow_transition,yellow_transition,61,304.0,8.10401809153754,20,1,3,-15.0,11.0,13.0,5.0
1849,yellow_transition,yellow_transition,61,319.0,8.178909503070436,15,1,3,-15.0,11.0,13.0,5.0
1850,main_green,side_green,61,110.0,8.460762281242385,7,2,0,-15.0,11.0,13.0,5.0
1851,main_green,side_green,61,14.0,8.76418392534231,2,2,0,-15.0,11.0,13.0,5.0
1852,main_green,side_green,63,0.0,8.836550330474871,2,2,0,-15.0,11.0,13.0,5.0
1853,main_green,side_green,63,2.0,9.157495864379662,2,2,0,-15.0,11.0,13.0,5.0
1854,main_green,side_green,63,5.0,9.694178444107731,3,2,0,-15.0,11.0,13.0,5.0
1855,main_green,side_green,62,8.0,10.166128492840999,3,2,0,-15.0,11.0,13.0,5.0
1856,main_green,side_green,59,11.0,10.331904292947433,4,2,0,-15.0,11.0,13.0,5.0
1857,main_green,side_green,56,16.0,10.148820425444242,6,2,0,-15.0,11.0,13.0,5.0
1858,main_green,side_green,55,22.0,10.293877089598817,6,2,0,-15.0,11.0,13.0,5.0
1859,main_green,side_green,52,30.0,10.236947663839409,8,2,0,-15.0,11.0,13.0,5.0
1860,yellow_transition,yellow_transition,56,38.0,9.305447261018156,13,3,1,-6.0,4.0,-14.0,16.0
1861,yellow_transition,yellow_transition,56,46.0,9.335364964863805,8,3,1,-6.0,4.0,-14.0,16.0
1862,yellow_transition,yellow_transition,56,54.0,9.104909730227924,9,3,1,-6.0,4.0,-14.0,16.0
1863,main_green,main_green,56,24.0,9.581273133227734,5,2,2,-6.0,4.0,-14.0,16.0
1864,main_green,main_green,57,15.0,9.826846277352184,3,2,2,-6.0,4.0,-14.0,16.0
1865,main_green,main_green,57,17.0,10.092718741920564,2,2,2,-6.0,4.0,-14.0,16.0
1866,main_green,main_green,57,19.0,10.410312035451184,2,2,2,-6.0,4.0,-14.0,16.0
1867,main_green,main_green,57,21.0,10.315495071348337,3,2,2,-6.0,4.0,-14.0,16.0
1868,main_green,main_green,55,24.0,10.328880793349574,4,2,2,-6.0,4.0,-14.0,16.0
1869,main_green,main_green,54,29.0,10.61601355291986,5,2,2,-6.0,4.0,-14.0,16.0
1870,main_green,main_green,53,35.0,10.818934510359599,6,2,2,-6.0,4.0,-14.0,16.0
1871,main_green,main_green,52,41.0,10.798160398606687,6,2,2,-6.0,4.0,-14.0,16.0
1872,main_green,main_green,55,47.0,9.890837172395813,11,2,2,-6.0,4.0,-14.0,16.0
1873,main_green,main_green,54,53.0,9.91722675748199,7,2,2,1.0,9.0,-2.0,12.0
1874,main_green,main_green,52,59.0,10.148369856799974,6,2,2,1.0,9.0,-2.0,12.0
1875,main_green,main_green,51,65.0,10.403404470636541,6,2,2,1.0,9.0,-2.0,12.0
1876,main_green,main_green,50,71.0,10.298645183404957,7,2,2,1.0,9.0,-2.0,12.0
1877,main_green,main_green,49,77.0,10.374084930407188,6,2,2,1.0,9.0,-2.0,12.0
1878,main_green,main_green,50,83.0,10.06408762694687,7,2,2,1.0,9.0,-2.0,12.0
1879,main_green,main_green,49,89.0,9.923777400455407,6,2,2,1.0,9.0,-2.0,12.0
1880,main_green,main_green,50,98.0,9.74275141336516,10,2,2,1.0,9.0,-2.0,12.0
1881,main_green,main_green,50,108.0,9.828243371973606,10,2,2,1.0,9.0,-2.0,12.0
1882,main_green,main_green,50,118.0,9.950352130479725,10,2,2,1.0,9.0,-2.0,12.0
1883,main_green,main_green,51,128.0,9.722280112915248,11,2,2,8.0,18.0,-4.0,4.0
1884,main_green,main_green,56,138.0,9.001809651205676,15,2,2,8.0,18.0,-4.0,4.0
1885,main_green,main_green,56,148.0,9.230987284399333,10,2,2,8.0,18.0,-4.0,4.0
1886,main_green,main_green,56,158.0,9.583284075541416,10,2,2,8.0,18.0,-4.0,4.0
1887,main_green,main_green,55,168.0,9.65531511987182,10,2,2,8.0,18.0,-4.0,4.0
1888,main_green,main_green,57,178.0,9.226997070568267,12,2,2,8.0,18.0,-4.0,4.0
1889,main_green,main_green,56,188.0,9.333328385361673,10,2,2,8.0,18.0,-4.0,4.0
1890,main_green,main_green,54,198.0,9.051445519466355,10,2,2,8.0,18.0,-4.0,4.0
1891,main_green,main_green,54,209.0,9.202380224120418,11,2,2,8.0,18.0,-4.0,4.0
1892,main_green,main_green,54,221.0,9.059103695852754,13,2,2,8.0,18.0,-4.0,4.0
1893,main_green,main_green,55,234.0,8.939114208143668,14,2,2,12.0,16.0,4.0,4.0
1894,main_green,main_green,55,248.0,9.168921586526842,14,2,2,12.0,16.0,4.0,4.0
1895,main_green,main_green,54,262.0,9.204465294646413,14,2,2,12.0,16.0,4.0,4.0
1896,main_green,main_green,59,276.0,8.489680723004872,19,2,2,12.0,16.0,4.0,4.0
1897,main_green,main_green,59,290.0,8.763698713856826,14,2,2,12.0,16.0,4.0,4.0
1898,main_green,main_green,59,304.0,8.689189948342365,15,2,2,12.0,16.0,4.0,4.0
1899,main_green,main_green,58,318.0,8.824568416327354,14,2,2,12.0,16.0,4.0,4.0
1900,main_green,main_green,59,332.0,8.510761527443108,15,2,2,12.0,16.0,4.0,4.0
1901,main_green,main_green,57,346.0,8.45810240868995,14,2,2,12.0,16.0,4.0,4.0
1902,main_green,main_green,56,360.0,8.302953659542455,14,2,2,12.0,16.0,4.0,4.0
1903,yellow_transition,yellow_transition,56,375.0,8.180526498329801,16,3,3,12.0,10.0,10.0,10.0
1904,yellow_transition,yellow_transition,57,392.0,8.159634440509874,18,3,3,12.0,10.0,10.0,10.0
1905,yellow_transition,yellow_transition,57,410.0,8.064493298124436,18,3,3,12.0,10.0,10.0,10.0
1906,side_green,main_green,57,254.0,8.354864786814513,14,0,2,12.0,10.0,10.0,10.0
1907,side_green,main_green,57,182.0,8.550033111457779,10,0,2,12.0,10.0,10.0,10.0
1908,side_green,main_green,62,181.0,8.098680889588854,13,0,2,12.0,10.0,10.0,10.0
1909,side_green,main_green,63,190.0,8.259403479738175,10,0,2,12.0,10.0,10.0,10.0
1910,side_green,main_green,62,199.0,8.553956427894677,9,0,2,12.0,10.0,10.0,10.0
1911,side_green,main_green,61,209.0,8.789380368982538,10,0,2,12.0,10.0,10.0,10.0
1912,side_green,main_green,62,221.0,9.011623931777258,13,0,2,12.0,10.0,10.0,10.0
1913,side_green,main_green,61,233.0,9.300139959172803,12,0,2,12.0,10.0,10.0,10.0
1914,side_green,main_green,61,245.0,9.166399554212225,13,0,2,12.0,10.0,10.0,10.0
1915,side_green,main_green,60,258.0,8.925945114898047,13,0,2,12.0,10.0,10.0,10.0
1916,yellow_transition,yellow_transition,59,272.0,8.551035015199766,15,1,3,-16.0,12.0,13.0,5.0
1917,yellow_transition,yellow_transition,59,287.0,8.716329277801472,15,1,3,-16.0,12.0,13.0,5.0
1918,yellow_transition,yellow_transition,57,303.0,8.382437281161431,16,1,3,-16.0,12.0,13.0,5.0
1919,main_green,side_green,57,100.0,8.452844016546088,9,2,0,-16.0,12.0,13.0,5.0
1920,main_green,side_green,62,8.0,7.998526429827559,7,2,0,-16.0,12.0,13.0,5.0
1921,main_green,side_green,62,1.0,8.653194919962642,1,2,0,-16.0,12.0,13.0,5.0
1922,main_green,side_green,62,3.0,9.126824241367812,2,2,0,-16.0,12.0,13.0,5.0
1923,main_green,side_green,60,5.0,9.651308851004464,2,2,0,-16.0,12.0,13.0,5.0
1924,main_green,side_green,62,7.0,9.945960926244824,4,2,0,-16.0,12.0,13.0,5.0
1925,main_green,side_green,60,10.0,10.511021258316806,3,2,0,-16.0,12.0,13.0,5.0
1926,main_green,side_green,58,13.0,10.976380340614954,3,2,0,-16.0,12.0,13.0,5.0
1927,main_green,side_green,56,17.0,11.221740594570774,4,2,0,-16.0,12.0,13.0,5.0
1928,main_green,side_green,55,21.0,10.763296857675865,5,2,0,-16.0,12.0,13.0,5.0
1929,yellow_transition,yellow_transition,54,25.0,10.404230209704632,5,3,1,-9.0,3.0,-14.0,14.0
1930,yellow_transition,yellow_transition,52,31.0,10.080951600368312,6,3,1,-9.0,3.0,-14.0,14.0
1931,yellow_transition,yellow_transition,52,38.0,10.139992701846364,7,3,1,-9.0,3.0,-14.0,14.0
1932,main_green,main_green,56,9.0,9.402311315879098,9,2,2,-9.0,3.0,-14.0,14.0
1933,main_green,main_green,56,8.0,9.749232932420986,2,2,2,-9.0,3.0,-14.0,14.0
1934,main_green,main_green,57,10.0,9.967643536304596,3,2,2,-9.0,3.0,-14.0,14.0
1935,main_green,main_green,56,12.0,10.496072743225929,2,2,2,-9.0,3.0,-14.0,14.0
1936,main_green,main_green,57,14.0,10.70145555753902,3,2,2,-9.0,3.0,-14.0,14.0
1937,main_green,main_green,55,16.0,10.888120428361987,2,2,2,-9.0,3.0,-14.0,14.0
1938,main_green,main_green,53,18.0,10.926959885860136,2,2,2,-9.0,3.0,-14.0,14.0
1939,main_green,main_green,50,20.0,10.68135295415183,3,2,2,-9.0,3.0,-14.0,14.0
1940,main_green,main_green,51,24.0,10.512748898974495,5,2,2,-9.0,3.0,-14.0,14.0
1941,main_green,main_green,49,28.0,10.4149884300865,4,2,2,-9.0,3.0,-14.0,14.0
1942,main_green,main_green,48,33.0,10.577621841083866,5,2,2,-3.0,9.0,-3.0,15.0
1943,main_green,main_green,48,38.0,10.492842146540589,5,2,2,-3.0,9.0,-3.0,15.0
1944,main_green,main_green,52,44.0,9.571346037645503,11,2,2,-3.0,9.0,-3.0,15.0
1945,main_green,main_green,52,50.0,9.620725326462248,7,2,2,-3.0,9.0,-3.0,15.0
1946,main_green,main_green,50,56.0,9.750791131651813,6,2,2,-3.0,9.0,-3.0,15.0
1947,main_green,main_green,49,62.0,9.946549163123795,6,2,2,-3.0,9.0,-3.0,15.0
1948,main_green,main_green,50,68.0,9.945462774306357,7,2,2,-3.0,9.0,-3.0,15.0
1949,main_green,main_green,50,74.0,9.863307055109159,6,2,2,-3.0,9.0,-3.0,15.0
1950,main_green,main_green,50,80.0,9.67476008114704,7,2,2,-3.0,9.0,-3.0,15.0
1951,main_green,main_green,50,88.0,9.749654653136856,8,2,2,-3.0,9.0,-3.0,15.0
1952,main_green,main_green,51,96.0,9.456501685051766,9,2,2,8.0,18.0,-4.0,4.0
1953,main_green,main_green,51,105.0,9.554174156370554,9,2,2,8.0,18.0,-4.0,4.0
1954,main_green,main_green,51,114.0,9.713787095805294,9,2,2,8.0,18.0,-4.0,4.0
1955,main_green,main_green,52,124.0,9.557286689459874,11,2,2,8.0,18.0,-4.0,4.0
1956,main_green,main_green,57,134.0,8.835092021348862,15,2,2,8.0,18.0,-4.0,4.0
1957,main_green,main_green,56,144.0,8.999891897309167,10,2,2,8.0,18.0,-4.0,4.0
1958,main_green,main_green,56,154.0,9.20749722950357,10,2,2,8.0,18.0,-4.0,4.0
1959,main_green,main_green,55,164.0,9.310021492629716,10,2,2,8.0,18.0,-4.0,4.0
1960,main_green,main_green,57,174.0,8.999232097814206,12,2,2,8.0,18.0,-4.0,4.0
1961,main_green,main_green,56,184.0,9.043696113875919,10,2,2,8.0,18.0,-4.0,4.0
1962,main_green,main_green,56,194.0,9.100547758137607,10,2,2,10.0,14.0,2.0,10.0
1963,main_green,main_green,55,204.0,9.126817076692243,10,2,2,10.0,14.0,2.0,10.0
1964,main_green,main_green,54,215.0,8.817377520091846,12,2,2,10.0,14.0,2.0,10.0
1965,main_green,main_green,55,229.0,8.788462825877238,15,2,2,10.0,14.0,2.0,10.0
1966,main_green,main_green,55,243.0,8.8762073019321,14,2,2,10.0,14.0,2.0,10.0
1967,main_green,main_green,55,257.0,9.022587986583291,14,2,2,10.0,14.0,2.0,10.0
1968,main_green,main_green,59,271.0,8.320603946277384,19,2,2,10.0,14.0,2.0,10.0
1969,main_green,main_green,59,285.0,8.43457157588161,14,2,2,10.0,14.0,2.0,10.0
1970,main_green,main_green,59,299.0,8.435489989294592,15,2,2,10.0,14.0,2.0,10.0
1971,main_green,main_green,58,313.0,8.608183277062993,14,2,2,10.0,14.0,2.0,10.0
1972,yellow_transition,yellow_transition,58,327.0,8.362767555356225,15,3,3,10.0,6.0,10.0,16.0
1973,yellow_transition,yellow_transition,57,341.0,8.368615099265831,14,3,3,10.0,6.0,10.0,16.0
1974,yellow_transition,yellow_transition,56,355.0,8.048055602894387,14,3,3,10.0,6.0,10.0,16.0
1975,side_green,main_green,57,208.0,8.17619809826818,12,0,2,10.0,6.0,10.0,16.0
1976,side_green,main_green,57,145.0,8.146565471371584,10,0,2,10.0,6.0,10.0,16.0
1977,side_green,main_green,57,150.0,8.544238791857428,8,0,2,10.0,6.0,10.0,16.0
1978,side_green,main_green,57,158.0,8.956624514677005,8,0,2,10.0,6.0,10.0,16.0
1979,side_green,main_green,57,166.0,9.292391153901711,8,0,2,10.0,6.0,10.0,16.0
1980,side_green,main_green,62,175.0,8.84965004212861,14,0,2,10.0,6.0,10.0,16.0
1981,side_green,main_green,61,184.0,8.714868308636252,10,0,2,10.0,6.0,10.0,16.0
1982,side_green,main_green,61,194.0,8.917471815482434,10,0,2,10.0,6.0,10.0,16.0
1983,side_green,main_green,61,204.0,9.10689703288045,10,0,2,10.0,6.0,10.0,16.0
1984,side_green,main_green,61,215.0,8.93063595206166,12,0,2,10.0,6.0,10.0,16.0
1985,yellow_transition,yellow_transition,60,227.0,8.868959813671053,12,1,3,-10.0,14.0,13.0,7.0
1986,yellow_transition,yellow_transition,60,240.0,8.54873184320766,14,1,3,-10.0,14.0,13.0,7.0
1987,yellow_transition,yellow_transition,60,255.0,8.27045648289734,15,1,3,-10.0,14.0,13.0,7.0
1988,main_green,side_green,61,82.0,8.203516507076557,8,2,0,-10.0,14.0,13.0,7.0
1989,main_green,side_green,59,4.0,8.407658889640237,2,2,0,-10.0,14.0,13.0,7.0
1990,main_green,side_green,58,2.0,8.689933095507431,2,2,0,-10.0,14.0,13.0,7.0
1991,main_green,side_green,59,4.0,9.078330828765475,3,2,0,-10.0,14.0,13.0,7.0
1992,main_green,side_green,64,7.0,8.806210250226693,8,2,0,-10.0,14.0,13.0,7.0
1993,main_green,side_green,64,10.0,9.483737827290168,3,2,0,-10.0,14.0,13.0,7.0
1994,main_green,side_green,62,15.0,9.998733121993771,5,2,0,-10.0,14.0,13.0,7.0
1995,main_green,side_green,60,20.0,10.102187563034953,5,2,0,-10.0,14.0,13.0,7.0
1996,main_green,side_green,60,25.0,9.892257157082033,7,2,0,-10.0,14.0,13.0,7.0
1997,main_green,side_green,59,30.0,10.008919135782794,5,2,0,-10.0,14.0,13.0,7.0
1998,yellow_transition,yellow_transition,57,36.0,10.090312649942364,6,3,1,-8.0,0.0,-10.0,14.0
1999,yellow_transition,yellow_transition,55,42.0,9.993771419985208,6,3,1,-8.0,0.0,-10.0,14.0
2000,yellow_transition,yellow_transition,56,48.0,9.617265503542262,7,3,1,-8.0,0.0,-10.0,14.0
2001,main_green,main_green,55,22.0,9.55704190660079,5,2,2,-8.0,0.0,-10.0,14.0
2002,main_green,main_green,55,18.0,9.877700550789617,4,2,2,-8.0,0.0,-10.0,14.0
2003,main_green,main_green,55,22.0,10.05722959253551,4,2,2,-8.0,0.0,-10.0,14.0
2004,main_green,main_green,60,26.0,9.531415173167577,9,2,2,-8.0,0.0,-10.0,14.0
2005,main_green,main_green,60,30.0,10.00332285753754,4,2,2,-8.0,0.0,-10.0,14.0
2006,main_green,main_green,60,34.0,10.219556257596908,5,2,2,-8.0,0.0,-10.0,14.0
2007,main_green,main_green,59,38.0,10.620200568502923,4,2,2,-8.0,0.0,-10.0,14.0
2008,main_green,main_green,58,42.0,10.60142098471882,5,2,2,-8.0,0.0,-10.0,14.0
2009,main_green,main_green,56,46.0,10.516178165029855,4,2,2,-8.0,0.0,-10.0,14.0
2010,main_green,main_green,54,50.0,10.386707554406474,4,2,2,-8.0,0.0,-10.0,14.0
2011,main_green,main_green,54,56.0,10.183230203920877,7,2,2,-3.0,1.0,-3.0,17.0
2012,main_green,main_green,53,63.0,10.020251712791035,8,2,2,-3.0,1.0,-3.0,17.0
2013,main_green,main_green,52,71.0,10.051670394943525,8,2,2,-3.0,1.0,-3.0,17.0
2014,main_green,main_green,49,79.0,10.105781372245056,8,2,2,-3.0,1.0,-3.0,17.0
2015,main_green,main_green,48,87.0,10.16022591877139,8,2,2,-3.0,1.0,-3.0,17.0
2016,main_green,main_green,51,95.0,9.280394467106053,13,2,2,-3.0,1.0,-3.0,17.0
2017,main_green,main_green,51,103.0,9.301704968963252,9,2,2,-3.0,1.0,-3.0,17.0
2018,main_green,main_green,51,111.0,9.524515449928051,8,2,2,-3.0,1.0,-3.0,17.0
2019,main_green,main_green,51,119.0,9.85861472806564,8,2,2,-3.0,1.0,-3.0,17.0
2020,main_green,main_green,52,127.0,9.729153901218984,9,2,2,-3.0,1.0,-3.0,17.0
2021,main_green,main_green,52,135.0,9.640698436743275,8,2,2,7.0,15.0,2.0,14.0
2022,main_green,main_green,52,144.0,9.361046745966004,10,2,2,7.0,15.0,2.0,14.0
2023,main_green,main_green,52,153.0,9.35079533240728,9,2,2,7.0,15.0,2.0,14.0
2024,main_green,main_green,53,162.0,9.308652443677781,10,2,2,7.0,15.0,2.0,14.0
2025,main_green,main_green,53,174.0,9.416300335127065,12,2,2,7.0,15.0,2.0,14.0
2026,main_green,main_green,53,186.0,9.506908587741506,12,2,2,7.0,15.0,2.0,14.0
2027,main_green,main_green,54,198.0,9.462986719002673,13,2,2,7.0,15.0,2.0,14.0
2028,main_green,main_green,57,210.0,8.68542133928544,17,2,2,7.0,15.0,2.0,14.0
2029,main_green,main_green,56,222.0,8.875413049026653,12,2,2,7.0,15.0,2.0,14.0
2030,main_green,main_green,56,234.0,9.040481905838464,12,2,2,7.0,15.0,2.0,14.0
2031,main_green,main_green,56,246.0,9.20389031840718,12,2,2,12.0,14.0,5.0,9.0
2032,main_green,main_green,56,258.0,8.644939820613699,14,2,2,12.0,14.0,5.0,9.0
2033,main_green,main_green,56,270.0,8.805990987153523,12,2,2,12.0,14.0,5.0,9.0
2034,main_green,main_green,56,282.0,8.847047573648313,12,2,2,12.0,14.0,5.0,9.0
2035,main_green,main_green,56,295.0,8.844923998333142,13,2,2,12.0,14.0,5.0,9.0
2036,main_green,main_green,57,310.0,8.719805076430447,16,2,2,12.0,14.0,5.0,9.0
2037,main_green,main_green,58,326.0,8.671136079390305,17,2,2,12.0,14.0,5.0,9.0
2038,main_green,main_green,58,342.0,8.767303460832506,16,2,2,12.0,14.0,5.0,9.0
2039,main_green,main_green,58,358.0,8.855110286577862,16,2,2,12.0,14.0,5.0,9.0
2040,main_green,main_green,62,374.0,8.136729807760345,21,2,2,12.0,14.0,5.0,9.0
2041,yellow_transition,yellow_transition,62,390.0,8.344825962374873,16,3,3,15.0,11.0,8.0,6.0
2042,yellow_transition,yellow_transition,62,406.0,8.363333035097657,17,3,3,15.0,11.0,8.0,6.0
2043,yellow_transition,yellow_transition,61,422.0,8.287381629309408,16,3,3,15.0,11.0,8.0,6.0
2044,side_green,side_green,61,132.0,8.195638513936686,9,0,0,15.0,11.0,8.0,6.0
2045,side_green,side_green,61,10.0,8.235025383509218,1,0,0,15.0,11.0,8.0,6.0
2046,side_green,side_green,61,2.0,8.730595303824158,2,0,0,15.0,11.0,8.0,6.0
2047,side_green,side_green,61,5.0,8.989115590820786,4,0,0,15.0,11.0,8.0,6.0
2048,side_green,side_green,61,9.0,9.1328663924913,5,0,0,15.0,11.0,8.0,6.0
2049,side_green,side_green,61,13.0,9.753141124605207,4,0,0,15.0,11.0,8.0,6.0
2050,side_green,side_green,58,17.0,10.038983749665999,4,0,0,15.0,11.0,8.0,6.0
2051,side_green,side_green,58,24.0,10.462668022619122,7,0,0,15.0,11.0,8.0,6.0
2052,side_green,side_green,63,32.0,9.857000092252129,13,0,0,15.0,11.0,8.0,6.0
2053,side_green,side_green,63,40.0,9.632120827579133,9,0,0,15.0,11.0,8.0,6.0
2054,yellow_transition,yellow_transition,63,48.0,9.772098070487363,8,1,1,-13.0,5.0,-9.0,11.0
2055,yellow_transition,yellow_transition,62,56.0,9.64471337134655,8,1,1,-13.0,5.0,-9.0,11.0
2056,yellow_transition,yellow_transition,62,66.0,9.32856250044016,11,1,1,-13.0,5.0,-9.0,11.0
2057,main_green,main_green,61,5.0,9.383577116366329,3,2,2,-13.0,5.0,-9.0,11.0
2058,main_green,main_green,61,0.0,9.26327870211086,1,2,2,-13.0,5.0,-9.0,11.0
2059,main_green,main_green,60,1.0,9.362803229605339,1,2,2,-13.0,5.0,-9.0,11.0
2060,main_green,main_green,61,3.0,9.531034564534677,3,2,2,-13.0,5.0,-9.0,11.0
2061,main_green,main_green,61,5.0,9.99874121992827,2,2,2,-13.0,5.0,-9.0,11.0
2062,main_green,main_green,59,8.0,10.596431320658484,3,2,2,-13.0,5.0,-9.0,11.0
2063,main_green,main_green,54,12.0,10.650192788097861,5,2,2,-13.0,5.0,-9.0,11.0
2064,main_green,main_green,56,16.0,9.9651691736708,9,2,2,-13.0,5.0,-9.0,11.0
2065,main_green,main_green,52,20.0,10.257179884706176,4,2,2,-13.0,5.0,-9.0,11.0
2066,main_green,main_green,49,24.0,10.419738246544245,4,2,2,-13.0,5.0,-9.0,11.0
2067,main_green,main_green,45,28.0,10.56956513846425,4,2,2,-1.0,9.0,0.0,8.0
2068,main_green,main_green,46,32.0,10.249102926677736,6,2,2,-1.0,9.0,0.0,8.0
2069,main_green,main_green,46,36.0,10.460385829610852,4,2,2,-1.0,9.0,0.0,8.0
2070,main_green,main_green,46,40.0,10.61176484287819,4,2,2,-1.0,9.0,0.0,8.0
2071,main_green,main_green,46,44.0,10.467676129810554,4,2,2,-1.0,9.0,0.0,8.0
2072,main_green,main_green,47,48.0,10.135857332313872,5,2,2,-1.0,9.0,0.0,8.0
2073,main_green,main_green,48,53.0,9.905790494679971,6,2,2,-1.0,9.0,0.0,8.0
2074,main_green,main_green,48,60.0,10.070711070537923,7,2,2,-1.0,9.0,0.0,8.0
2075,main_green,main_green,48,68.0,10.11762627584878,8,2,2,-1.0,9.0,0.0,8.0
2076,main_green,main_green,53,76.0,9.288534857588289,13,2,2,-1.0,9.0,0.0,8.0
2077,main_green,main_green,53,84.0,9.526973384192305,8,2,2,4.0,14.0,4.0,16.0
2078,main_green,main_green,54,92.0,9.561762105634106,9,2,2,4.0,14.0,4.0,16.0
2079,main_green,main_green,54,100.0,9.795585798804415,8,2,2,4.0,14.0,4.0,16.0
2080,main_green,main_green,55,108.0,9.778444943966136,9,2,2,4.0,14.0,4.0,16.0
2081,main_green,main_green,55,116.0,9.881075937127124,8,2,2,4.0,14.0,4.0,16.0
2082,main_green,main_green,55,125.0,9.77898201273951,9,2,2,4.0,14.0,4.0,16.0
2083,main_green,main_green,53,134.0,9.558923677407378,10,2,2,4.0,14.0,4.0,16.0
2084,main_green,main_green,53,144.0,9.2380427194344,11,2,2,4.0,14.0,4.0,16.0
2085,main_green,main_green,50,156.0,8.994245333164201,12,2,2,4.0,14.0,4.0,16.0
2086,main_green,main_green,50,168.0,9.165355310012554,12,2,2,4.0,14.0,4.0,16.0
2087,main_green,main_green,48,180.0,9.156872803707017,12,2,2,7.0,9.0,8.0,16.0
2088,main_green,main_green,53,192.0,8.41958120904914,17,2,2,7.0,9.0,8.0,16.0
2089,main_green,main_green,53,204.0,8.353836254486538,13,2,2,7.0,9.0,8.0,16.0
2090,main_green,main_green,53,216.0,8.62767674982911,12,2,2,7.0,9.0,8.0,16.0
2091,main_green,main_green,53,228.0,8.860217314746608,12,2,2,7.0,9.0,8.0,16.0
2092,main_green,main_green,54,240.0,8.640117407935158,13,2,2,7.0,9.0,8.0,16.0
2093,main_green,main_green,54,252.0,8.759091882930223,12,2,2,7.0,9.0,8.0,16.0
2094,main_green,main_green,55,264.0,8.619144233167614,13,2,2,7.0,9.0,8.0,16.0
2095,main_green,main_green,55,276.0,8.553381978323138,12,2,2,7.0,9.0,8.0,16.0
2096,main_green,main_green,56,291.0,8.456537877938207,16,2,2,7.0,9.0,8.0,16.0
2097,main_green,main_green,56,307.0,8.479297684509303,16,2,2,9.0,13.0,8.0,8.0
2098,main_green,main_green,56,323.0,8.576600708918495,16,2,2,9.0,13.0,8.0,8.0
2099,main_green,main_green,57,339.0,8.648304171394585,17,2,2,9.0,13.0,8.0,8.0
2100,main_green,main_green,62,355.0,7.978201865987986,21,2,2,9.0,13.0,8.0,8.0
2101,main_green,main_green,62,371.0,8.110897271350725,16,2,2,9.0,13.0,8.0,8.0
2102,main_green,main_green,62,387.0,8.469342482360885,16,2,2,9.0,13.0,8.0,8.0
2103,main_green,main_green,62,403.0,8.651972215917247,16,2,2,9.0,13.0,8.0,8.0
2104,main_green,main_green,64,419.0,8.406771593572818,18,2,2,9.0,13.0,8.0,8.0
2105,main_green,main_green,64,435.0,8.417454158473323,16,2,2,9.0,13.0,8.0,8.0
2106,main_green,main_green,60,451.0,8.037528251175534,16,2,2,9.0,13.0,8.0,8.0
2107,yellow_transition,yellow_transition,60,467.0,8.06423142400104,16,3,3,15.0,17.0,9.0,5.0
2108,yellow_transition,yellow_transition,61,485.0,7.820883424822872,19,3,3,15.0,17.0,9.0,5.0
2109,yellow_transition,yellow_transition,62,504.0,7.637764760083734,20,3,3,15.0,17.0,9.0,5.0
2110,main_green,side_green,60,351.0,7.728679748698701,16,2,0,15.0,17.0,9.0,5.0
2111,main_green,side_green,59,281.0,7.9364144945444774,12,2,0,15.0,17.0,9.0,5.0
2112,main_green,side_green,62,284.0,7.452816767800048,16,2,0,15.0,17.0,9.0,5.0
2113,main_green,side_green,60,296.0,7.846215161261421,12,2,0,15.0,17.0,9.0,5.0
2114,main_green,side_green,60,308.0,8.062354861410535,13,2,0,15.0,17.0,9.0,5.0
2115,main_green,side_green,59,320.0,8.204247839271016,12,2,0,15.0,17.0,9.0,5.0
2116,main_green,side_green,60,333.0,8.187446685794207,14,2,0,15.0,17.0,9.0,5.0
2117,main_green,side_green,60,346.0,8.384319046913708,13,2,0,15.0,17.0,9.0,5.0
2118,main_green,side_green,60,360.0,8.591126888757142,14,2,0,15.0,17.0,9.0,5.0
2119,main_green,side_green,60,375.0,8.41076074007945,16,2,0,15.0,17.0,9.0,5.0
2120,yellow_transition,yellow_transition,61,390.0,8.13485022258614,16,3,1,14.0,2.0,-11.0,19.0
2121,yellow_transition,yellow_transition,61,406.0,8.037616570061633,16,3,1,14.0,2.0,-11.0,19.0
2122,yellow_transition,yellow_transition,61,424.0,7.9014473989138105,18,3,1,14.0,2.0,-11.0,19.0
2123,side_green,main_green,60,178.0,8.079064116550288,10,0,2,14.0,2.0,-11.0,19.0
2124,side_green,main_green,65,38.0,7.755061447832157,9,0,2,14.0,2.0,-11.0,19.0
2125,side_green,main_green,66,2.0,8.187791785004448,3,0,2,14.0,2.0,-11.0,19.0
2126,side_green,main_green,66,4.0,8.774488686196962,2,0,2,14.0,2.0,-11.0,19.0
2127,side_green,main_green,65,6.0,9.224903540757547,2,0,2,14.0,2.0,-11.0,19.0
2128,side_green,main_green,66,8.0,9.681515507799723,3,0,2,14.0,2.0,-11.0,19.0
2129,side_green,main_green,65,12.0,10.095469687371653,4,0,2,14.0,2.0,-11.0,19.0
2130,side_green,main_green,65,16.0,10.30906290964407,5,0,2,14.0,2.0,-11.0,19.0
2131,side_green,main_green,62,21.0,10.365526938108554,5,0,2,14.0,2.0,-11.0,19.0
2132,side_green,main_green,62,26.0,10.368962844250337,6,0,2,14.0,2.0,-11.0,19.0
2133,yellow_transition,yellow_transition,59,33.0,10.475681486585609,7,1,3,-16.0,14.0,-11.0,-3.0
2134,yellow_transition,yellow_transition,59,40.0,10.407462940394247,7,1,3,-16.0,14.0,-11.0,-3.0
2135,yellow_transition,yellow_transition,58,47.0,9.931445985133854,8,1,3,-16.0,14.0,-11.0,-3.0
2136,main_green,main_green,62,14.0,9.420444858159692,8,2,2,-16.0,14.0,-11.0,-3.0
2137,main_green,main_green,61,10.0,9.9062581251557,2,2,2,-16.0,14.0,-11.0,-3.0
2138,main_green,main_green,61,12.0,10.26088694118847,2,2,2,-16.0,14.0,-11.0,-3.0
2139,main_green,main_green,61,14.0,10.807777986876115,2,2,2,-16.0,14.0,-11.0,-3.0
2140,main_green,main_green,62,16.0,10.684738721012875,4,2,2,-16.0,14.0,-11.0,-3.0
2141,main_green,main_green,62,18.0,10.968877838225596,2,2,2,-16.0,14.0,-11.0,-3.0
2142,main_green,main_green,56,20.0,11.130440770882117,2,2,2,-16.0,14.0,-11.0,-3.0
2143,main_green,main_green,56,22.0,11.001897306189093,2,2,2,-16.0,14.0,-11.0,-3.0
2144,main_green,main_green,55,26.0,10.848151311624692,5,2,2,-16.0,14.0,-11.0,-3.0
2145,main_green,main_green,54,31.0,10.78992844321982,6,2,2,-16.0,14.0,-11.0,-3.0
2146,main_green,main_green,51,36.0,10.706251251000399,5,2,2,-7.0,11.0,-4.0,6.0
2147,main_green,main_green,51,42.0,10.888282437682662,6,2,2,-7.0,11.0,-4.0,6.0
2148,main_green,main_green,55,48.0,9.7744458387549,11,2,2,-7.0,11.0,-4.0,6.0
2149,main_green,main_green,53,54.0,9.950538560016131,6,2,2,-7.0,11.0,-4.0,6.0
2150,main_green,main_green,53,60.0,10.106277693170856,7,2,2,-7.0,11.0,-4.0,6.0
2151,main_green,main_green,50,66.0,10.234316106660094,6,2,2,-7.0,11.0,-4.0,6.0
2152,main_green,main_green,51,72.0,10.12973455186513,7,2,2,-7.0,11.0,-4.0,6.0
2153,main_green,main_green,50,78.0,10.092050697968272,6,2,2,-7.0,11.0,-4.0,6.0
2154,main_green,main_green,49,84.0,9.9702375902587,6,2,2,-7.0,11.0,-4.0,6.0
2155,main_green,main_green,50,92.0,9.796423025507346,9,2,2,-7.0,11.0,-4.0,6.0
2156,main_green,main_green,51,100.0,9.74821657141086,9,2,2,-3.0,5.0,8.0,20.0
2157,main_green,main_green,51,109.0,9.832305252406746,9,2,2,-3.0,5.0,8.0,20.0
2158,main_green,main_green,50,118.0,9.946531754589348,9,2,2,-3.0,5.0,8.0,20.0
2159,main_green,main_green,50,128.0,10.072087015661417,10,2,2,-3.0,5.0,8.0,20.0
2160,main_green,main_green,55,138.0,9.24575926064261,15,2,2,-3.0,5.0,8.0,20.0
2161,main_green,main_green,56,148.0,9.353418811322724,11,2,2,-3.0,5.0,8.0,20.0
2162,main_green,main_green,53,158.0,9.410494391434618,10,2,2,-3.0,5.0,8.0,20.0
2163,main_green,main_green,52,168.0,9.44731470861219,10,2,2,-3.0,5.0,8.0,20.0
2164,main_green,main_green,52,178.0,9.250777844115127,11,2,2,-3.0,5.0,8.0,20.0
2165,main_green,main_green,52,188.0,9.209221670035884,10,2,2,-3.0,5.0,8.0,20.0
2166,main_green,main_green,53,198.0,8.964755804770043,11,2,2,3.0,7.0,12.0,14.0
2167,main_green,main_green,53,208.0,8.98432228005008,10,2,2,3.0,7.0,12.0,14.0
2168,main_green,main_green,54,220.0,8.930528432412936,13,2,2,3.0,7.0,12.0,14.0
2169,main_green,main_green,54,234.0,8.994031353185342,14,2,2,3.0,7.0,12.0,14.0
2170,main_green,main_green,54,248.0,9.115458989146996,14,2,2,3.0,7.0,12.0,14.0
2171,main_green,main_green,55,262.0,9.058445724954074,15,2,2,3.0,7.0,12.0,14.0
2172,main_green,main_green,59,276.0,8.299848921634352,19,2,2,3.0,7.0,12.0,14.0
2173,main_green,main_green,59,290.0,8.552115171598945,14,2,2,3.0,7.0,12.0,14.0
2174,main_green,main_green,58,304.0,8.691840060455272,14,2,2,3.0,7.0,12.0,14.0
2175,main_green,main_green,57,318.0,8.759324815684566,14,2,2,3.0,7.0,12.0,14.0
2176,yellow_transition,yellow_transition,59,332.0,8.490327933755916,16,3,3,8.0,8.0,12.0,8.0
2177,yellow_transition,yellow_transition,58,346.0,8.408257444992213,14,3,3,8.0,8.0,12.0,8.0
2178,yellow_transition,yellow_transition,58,360.0,8.362985186054958,14,3,3,8.0,8.0,12.0,8.0
2179,main_green,side_green,58,210.0,8.597549008243169,11,2,0,8.0,8.0,12.0,8.0
2180,main_green,side_green,59,148.0,8.45049584223108,9,2,0,8.0,8.0,12.0,8.0
2181,main_green,side_green,59,151.0,8.53113478087771,7,2,0,8.0,8.0,12.0,8.0
2182,main_green,side_green,59,158.0,8.955836413982716,7,2,0,8.0,8.0,12.0,8.0
2183,main_green,side_green,59,167.0,9.356087281918244,9,2,0,8.0,8.0,12.0,8.0
2184,main_green,side_green,62,177.0,8.871028545447219,15,2,0,8.0,8.0,12.0,8.0
2185,main_green,side_green,62,187.0,9.260519812857614,10,2,0,8.0,8.0,12.0,8.0
2186,main_green,side_green,61,197.0,9.283886240247245,11,2,0,8.0,8.0,12.0,8.0
2187,main_green,side_green,61,207.0,9.397570711379302,10,2,0,8.0,8.0,12.0,8.0
2188,main_green,side_green,59,218.0,9.106157437735858,12,2,0,8.0,8.0,12.0,8.0
2189,yellow_transition,yellow_transition,59,230.0,9.157429267298406,12,3,1,12.0,8.0,-9.0,13.0
2190,yellow_transition,yellow_transition,59,243.0,9.0628435391944,13,3,1,12.0,8.0,-9.0,13.0
2191,yellow_transition,yellow_transition,59,257.0,8.745443382429999,15,3,1,12.0,8.0,-9.0,13.0
2192,side_green,main_green,60,73.0,8.699438504253445,7,0,2,12.0,8.0,-9.0,13.0
2193,side_green,main_green,59,5.0,8.918964176388018,3,0,2,12.0,8.0,-9.0,13.0
2194,side_green,main_green,59,3.0,9.320571432702693,2,0,2,12.0,8.0,-9.0,13.0
2195,side_green,main_green,57,5.0,9.606208486129686,2,0,2,12.0,8.0,-9.0,13.0
2196,side_green,main_green,61,9.0,9.07729206887429,9,0,2,12.0,8.0,-9.0,13.0
2197,side_green,main_green,59,14.0,9.178964524282645,6,0,2,12.0,8.0,-9.0,13.0
2198,side_green,main_green,58,21.0,9.655095134220668,7,0,2,12.0,8.0,-9.0,13.0
2199,side_green,main_green,55,28.0,9.873163403499799,7,0,2,12.0,8.0,-9.0,13.0
2200,side_green,main_green,54,36.0,9.906489297634266,9,0,2,12.0,8.0,-9.0,13.0
2201,side_green,main_green,53,44.0,9.862735343101454,8,0,2,12.0,8.0,-9.0,13.0
2202,yellow_transition,yellow_transition,53,52.0,9.510622127464943,9,1,3,-9.0,19.0,-1.0,1.0
2203,yellow_transition,yellow_transition,52,60.0,9.278607970207567,8,1,3,-9.0,19.0,-1.0,1.0
2204,yellow_transition,yellow_transition,53,70.0,8.98903011415992,11,1,3,-9.0,19.0,-1.0,1.0
2205,main_green,main_green,53,42.0,9.185490506067017,7,2,2,-9.0,19.0,-1.0,1.0
2206,main_green,main_green,53,30.0,9.430829927086979,4,2,2,-9.0,19.0,-1.0,1.0
2207,main_green,main_green,54,35.0,9.532478067102655,6,2,2,-9.0,19.0,-1.0,1.0
2208,main_green,main_green,59,40.0,9.141985508552326,10,2,2,-9.0,19.0,-1.0,1.0
2209,main_green,main_green,59,45.0,9.70653734690081,5,2,2,-9.0,19.0,-1.0,1.0
2210,main_green,main_green,56,50.0,10.0799720227572,5,2,2,-9.0,19.0,-1.0,1.0
2211,main_green,main_green,55,55.0,10.50678106571831,5,2,2,-9.0,19.0,-1.0,1.0
2212,main_green,main_green,56,60.0,10.252580905775037,7,2,2,-9.0,19.0,-1.0,1.0
2213,main_green,main_green,54,65.0,10.305439562311644,5,2,2,-9.0,19.0,-1.0,1.0
2214,main_green,main_green,54,70.0,10.392033786520859,5,2,2,-9.0,19.0,-1.0,1.0
2215,main_green,main_green,52,76.0,10.343593198055212,6,2,2,-4.0,12.0,1.0,7.0
2216,main_green,main_green,53,83.0,10.181174973567007,8,2,2,-4.0,12.0,1.0,7.0
2217,main_green,main_green,51,92.0,9.842612304613485,10,2,2,-4.0,12.0,1.0,7.0
2218,main_green,main_green,50,101.0,10.07327147727073,9,2,2,-4.0,12.0,1.0,7.0
2219,main_green,main_green,48,110.0,10.191116329865563,9,2,2,-4.0,12.0,1.0,7.0
2220,main_green,main_green,53,119.0,9.217434947356448,14,2,2,-4.0,12.0,1.0,7.0
2221,main_green,main_green,52,128.0,9.352361021621869,9,2,2,-4.0,12.0,1.0,7.0
2222,main_green,main_green,52,137.0,9.375306750811502,10,2,2,-4.0,12.0,1.0,7.0
2223,main_green,main_green,52,146.0,9.56408503762944,9,2,2,-4.0,12.0,1.0,7.0
2224,main_green,main_green,53,155.0,9.45735231688899,10,2,2,-4.0,12.0,1.0,7.0
2225,main_green,main_green,53,164.0,9.442239271527816,9,2,2,-2.0,6.0,13.0,21.0
2226,main_green,main_green,53,173.0,9.37380782901388,9,2,2,-2.0,6.0,13.0,21.0
2227,main_green,main_green,54,182.0,9.275800703012937,10,2,2,-2.0,6.0,13.0,21.0
2228,main_green,main_green,55,192.0,9.164968528026897,11,2,2,-2.0,6.0,13.0,21.0
2229,main_green,main_green,55,204.0,9.273763379650955,12,2,2,-2.0,6.0,13.0,21.0
2230,main_green,main_green,54,217.0,9.307087944574684,13,2,2,-2.0,6.0,13.0,21.0
2231,main_green,main_green,52,230.0,9.301107573815363,13,2,2,-2.0,6.0,13.0,21.0
2232,main_green,main_green,57,243.0,8.477495073245706,18,2,2,-2.0,6.0,13.0,21.0
2233,main_green,main_green,57,256.0,8.591196771896914,14,2,2,-2.0,6.0,13.0,21.0
2234,main_green,main_green,56,269.0,8.70271194901775,13,2,2,-2.0,6.0,13.0,21.0
2235,main_green,main_green,55,282.0,8.817815592127099,13,2,2,5.0,7.0,17.0,17.0
2236,main_green,main_green,56,295.0,8.561282554372132,14,2,2,5.0,7.0,17.0,17.0
2237,main_green,main_green,56,308.0,8.625176388375902,13,2,2,5.0,7.0,17.0,17.0
2238,main_green,main_green,57,322.0,8.507419042806779,15,2,2,5.0,7.0,17.0,17.0
2239,main_green,main_green,57,338.0,8.500908079068415,16,2,2,5.0,7.0,17.0,17.0
2240,main_green,main_green,57,355.0,8.407036419965241,18,2,2,5.0,7.0,17.0,17.0
2241,main_green,main_green,56,372.0,8.462028959401083,17,2,2,5.0,7.0,17.0,17.0
2242,main_green,main_green,56,389.0,8.53854775828851,17,2,2,5.0,7.0,17.0,17.0
2243,main_green,main_green,56,406.0,8.338820574862412,18,2,2,5.0,7.0,17.0,17.0
2244,main_green,main_green,61,423.0,7.80181343507271,22,2,2,5.0,7.0,17.0,17.0
2245,yellow_transition,yellow_transition,61,440.0,7.972020642282202,17,3,3,13.0,11.0,17.0,9.0
2246,yellow_transition,yellow_transition,60,457.0,8.110554643026852,17,3,3,13.0,11.0,17.0,9.0
2247,yellow_transition,yellow_transition,59,474.0,8.032114655920664,17,3,3,13.0,11.0,17.0,9.0
2248,side_green,side_green,61,167.0,7.938449551408014,11,0,0,13.0,11.0,17.0,9.0
2249,side_green,side_green,61,23.0,8.335455553166257,2,0,0,13.0,11.0,17.0,9.0
2250,side_green,side_green,61,0.0,8.697978474114548,0,0,0,13.0,11.0,17.0,9.0
2251,side_green,side_green,61,1.0,9.096460656448079,1,0,0,13.0,11.0,17.0,9.0
2252,side_green,side_green,61,4.0,9.42197859626037,4,0,0,13.0,11.0,17.0,9.0
2253,side_green,side_green,62,7.0,9.64395772128465,4,0,0,13.0,11.0,17.0,9.0
2254,side_green,side_green,62,11.0,10.09980845509749,4,0,0,13.0,11.0,17.0,9.0
2255,side_green,side_green,62,16.0,10.382135270185504,5,0,0,13.0,11.0,17.0,9.0
2256,side_green,side_green,67,23.0,9.693195948185346,12,0,0,13.0,11.0,17.0,9.0
2257,side_green,side_green,66,30.0,9.758008908196462,7,0,0,13.0,11.0,17.0,9.0
2258,yellow_transition,yellow_transition,65,37.0,9.514866336521258,8,1,1,-9.0,9.0,-17.0,1.0
2259,yellow_transition,yellow_transition,64,46.0,9.442868688369648,9,1,1,-9.0,9.0,-17.0,1.0
2260,yellow_transition,yellow_transition,64,55.0,9.334623989496171,10,1,1,-9.0,9.0,-17.0,1.0
2261,main_green,main_green,63,5.0,9.291120040228037,3,2,2,-9.0,9.0,-17.0,1.0
2262,main_green,main_green,62,0.0,9.436105831698443,0,2,2,-9.0,9.0,-17.0,1.0
2263,main_green,main_green,61,0.0,9.563467055331497,1,2,2,-9.0,9.0,-17.0,1.0
2264,main_green,main_green,62,2.0,9.79447423526817,3,2,2,-9.0,9.0,-17.0,1.0
2265,main_green,main_green,62,6.0,10.276947963835521,4,2,2,-9.0,9.0,-17.0,1.0
2266,main_green,main_green,60,10.0,10.6422815794809,4,2,2,-9.0,9.0,-17.0,1.0
2267,main_green,main_green,58,14.0,11.108814305204554,4,2,2,-9.0,9.0,-17.0,1.0
2268,main_green,main_green,60,18.0,10.36228706572668,9,2,2,-9.0,9.0,-17.0,1.0
2269,main_green,main_green,54,22.0,10.390899571765441,5,2,2,-9.0,9.0,-17.0,1.0
2270,main_green,main_green,51,26.0,10.509383604478618,4,2,2,-9.0,9.0,-17.0,1.0
2271,main_green,main_green,47,30.0,10.523131112886485,4,2,2,3.0,13.0,-3.0,5.0
2272,main_green,main_green,47,34.0,10.356524320127955,5,2,2,3.0,13.0,-3.0,5.0
2273,main_green,main_green,45,38.0,10.380794678928726,4,2,2,3.0,13.0,-3.0,5.0
2274,main_green,main_green,46,42.0,10.12080549699856,5,2,2,3.0,13.0,-3.0,5.0
2275,main_green,main_green,46,46.0,10.026284361587154,4,2,2,3.0,13.0,-3.0,5.0
2276,main_green,main_green,47,52.0,10.008945066091629,7,2,2,3.0,13.0,-3.0,5.0
2277,main_green,main_green,47,60.0,10.021207753423617,8,2,2,3.0,13.0,-3.0,5.0
2278,main_green,main_green,47,68.0,10.18077209784983,8,2,2,3.0,13.0,-3.0,5.0
2279,main_green,main_green,48,76.0,10.022359814573099,9,2,2,3.0,13.0,-3.0,5.0
2280,main_green,main_green,53,84.0,9.143868030696163,13,2,2,3.0,13.0,-3.0,5.0
2281,main_green,main_green,53,92.0,9.54813568205541,8,2,2,4.0,16.0,3.0,13.0
2282,main_green,main_green,53,100.0,9.684246110607683,8,2,2,4.0,16.0,3.0,13.0
2283,main_green,main_green,53,108.0,9.956402708259288,8,2,2,4.0,16.0,3.0,13.0
2284,main_green,main_green,55,116.0,9.697746765526219,10,2,2,4.0,16.0,3.0,13.0
2285,main_green,main_green,55,124.0,9.699962321194166,8,2,2,4.0,16.0,3.0,13.0
2286,main_green,main_green,55,132.0,9.71826492137613,8,2,2,4.0,16.0,3.0,13.0
2287,main_green,main_green,51,141.0,9.516149720827332,9,2,2,4.0,16.0,3.0,13.0
2288,main_green,main_green,52,150.0,9.223155283606708,10,2,2,4.0,16.0,3.0,13.0
2289,main_green,main_green,52,162.0,9.069725479747612,13,2,2,4.0,16.0,3.0,13.0
2290,main_green,main_green,50,174.0,9.085931151586237,12,2,2,4.0,16.0,3.0,13.0
2291,main_green,main_green,50,186.0,9.239454488009422,12,2,2,8.0,20.0,3.0,9.0
2292,main_green,main_green,55,198.0,8.373437134337598,17,2,2,8.0,20.0,3.0,9.0
2293,main_green,main_green,54,210.0,8.536651365327426,12,2,2,8.0,20.0,3.0,9.0
2294,main_green,main_green,55,222.0,8.693992006411571,13,2,2,8.0,20.0,3.0,9.0
2295,main_green,main_green,55,234.0,8.888136512677876,12,2,2,8.0,20.0,3.0,9.0
2296,main_green,main_green,56,246.0,8.81275377348077,13,2,2,8.0,20.0,3.0,9.0
2297,main_green,main_green,54,258.0,8.81483755741514,12,2,2,8.0,20.0,3.0,9.0
2298,main_green,main_green,54,270.0,8.796139474498014,12,2,2,8.0,20.0,3.0,9.0
2299,main_green,main_green,55,282.0,8.560207161532364,13,2,2,8.0,20.0,3.0,9.0
2300,main_green,main_green,56,294.0,8.554920917267795,13,2,2,8.0,20.0,3.0,9.0
2301,main_green,main_green,56,308.0,8.648108426699695,14,2,2,7.0,9.0,10.0,14.0
2302,main_green,main_green,56,324.0,8.67147711422693,16,2,2,7.0,9.0,10.0,14.0
2303,main_green,main_green,56,340.0,8.773732792477881,16,2,2,7.0,9.0,10.0,14.0
2304,main_green,main_green,61,356.0,8.184436166218383,21,2,2,7.0,9.0,10.0,14.0
2305,main_green,main_green,62,372.0,8.230681432479527,17,2,2,7.0,9.0,10.0,14.0
2306,main_green,main_green,62,388.0,8.47848228698504,16,2,2,7.0,9.0,10.0,14.0
2307,main_green,main_green,62,404.0,8.61686811346127,16,2,2,7.0,9.0,10.0,14.0
2308,main_green,main_green,63,420.0,8.578733549174459,17,2,2,7.0,9.0,10.0,14.0
2309,main_green,main_green,63,436.0,8.519153991572255,16,2,2,7.0,9.0,10.0,14.0
2310,main_green,main_green,62,452.0,8.280590884708442,17,2,2,7.0,9.0,10.0,14.0
2311,yellow_transition,yellow_transition,60,470.0,8.145913592032702,18,3,3,11.0,7.0,13.0,11.0
2312,yellow_transition,yellow_transition,60,490.0,7.847853799881636,21,3,3,11.0,7.0,13.0,11.0
2313,yellow_transition,yellow_transition,59,510.0,7.7914451721473,20,3,3,11.0,7.0,13.0,11.0
2314,side_green,side_green,59,174.0,8.030067282455885,12,0,0,11.0,7.0,13.0,11.0
2315,side_green,side_green,58,18.0,8.086591206273111,5,0,0,11.0,7.0,13.0,11.0
2316,side_green,side_green,63,1.0,7.899495360725256,6,0,0,11.0,7.0,13.0,11.0
2317,side_green,side_green,62,2.0,8.444189239760952,1,0,0,11.0,7.0,13.0,11.0
2318,side_green,side_green,62,5.0,8.896234999709742,3,0,0,11.0,7.0,13.0,11.0
2319,side_green,side_green,61,8.0,9.337206981793118,3,0,0,11.0,7.0,13.0,11.0
2320,side_green,side_green,62,14.0,9.357299792502147,8,0,0,11.0,7.0,13.0,11.0
2321,side_green,side_green,62,21.0,9.808276437602649,7,0,0,11.0,7.0,13.0,11.0
2322,side_green,side_green,62,28.0,9.904299826310583,7,0,0,11.0,7.0,13.0,11.0
2323,side_green,side_green,61,36.0,9.904834381312739,8,0,0,11.0,7.0,13.0,11.0
2324,yellow_transition,yellow_transition,61,46.0,9.652869690114102,11,1,1,-16.0,4.0,-13.0,11.0
2325,yellow_transition,yellow_transition,62,58.0,9.449562326210572,13,1,1,-16.0,4.0,-13.0,11.0
2326,yellow_transition,yellow_transition,62,71.0,9.32603621456947,13,1,1,-16.0,4.0,-13.0,11.0
2327,main_green,main_green,62,21.0,9.598202636399385,5,2,2,-16.0,4.0,-13.0,11.0
2328,main_green,main_green,65,0.0,9.064666636390175,5,2,2,-16.0,4.0,-13.0,11.0
2329,main_green,main_green,64,0.0,9.498133768993279,0,2,2,-16.0,4.0,-13.0,11.0
2330,main_green,main_green,65,0.0,9.916931660665524,1,2,2,-16.0,4.0,-13.0,11.0
2331,main_green,main_green,65,0.0,10.47724856443478,0,2,2,-16.0,4.0,-13.0,11.0
2332,main_green,main_green,61,0.0,10.937235199166883,1,2,2,-16.0,4.0,-13.0,11.0
2333,main_green,main_green,57,0.0,11.343747746719123,0,2,2,-16.0,4.0,-13.0,11.0
2334,main_green,main_green,56,0.0,11.526614395530368,0,2,2,-16.0,4.0,-13.0,11.0
2335,main_green,main_green,52,0.0,11.230931656427249,1,2,2,-16.0,4.0,-13.0,11.0
2336,main_green,main_green,49,1.0,10.889298850307584,2,2,2,-16.0,4.0,-13.0,11.0
2337,main_green,main_green,47,4.0,10.927688208640486,3,2,2,-6.0,10.0,-6.0,10.0
2338,main_green,main_green,44,7.0,10.940442845296628,3,2,2,-6.0,10.0,-6.0,10.0
2339,main_green,main_green,43,10.0,11.0670088477415,3,2,2,-6.0,10.0,-6.0,10.0
2340,main_green,main_green,46,14.0,9.92266673386563,9,2,2,-6.0,10.0,-6.0,10.0
2341,main_green,main_green,47,18.0,9.94781305562707,5,2,2,-6.0,10.0,-6.0,10.0
2342,main_green,main_green,47,22.0,10.300937162799606,4,2,2,-6.0,10.0,-6.0,10.0
2343,main_green,main_green,47,26.0,10.56202652778853,4,2,2,-6.0,10.0,-6.0,10.0
2344,main_green,main_green,48,30.0,10.480080104320756,5,2,2,-6.0,10.0,-6.0,10.0
2345,main_green,main_green,48,34.0,10.687375087056637,4,2,2,-6.0,10.0,-6.0,10.0
2346,main_green,main_green,49,38.0,10.533561794832465,5,2,2,-6.0,10.0,-6.0,10.0
2347,main_green,main_green,49,42.0,10.458864330365241,4,2,2,0.0,16.0,-2.0,14.0
2348,main_green,main_green,50,47.0,10.092565070210219,6,2,2,0.0,16.0,-2.0,14.0
2349,main_green,main_green,50,54.0,10.120451611822588,7,2,2,0.0,16.0,-2.0,14.0
2350,main_green,main_green,50,61.0,10.279223139658177,7,2,2,0.0,16.0,-2.0,14.0
2351,main_green,main_green,51,68.0,10.108711298809189,8,2,2,0.0,16.0,-2.0,14.0
2352,main_green,main_green,56,76.0,9.313547564964463,13,2,2,0.0,16.0,-2.0,14.0
2353,main_green,main_green,54,84.0,9.433689086885876,8,2,2,0.0,16.0,-2.0,14.0
2354,main_green,main_green,54,92.0,9.718245586060766,8,2,2,0.0,16.0,-2.0,14.0
2355,main_green,main_green,52,100.0,9.837461565463782,8,2,2,0.0,16.0,-2.0,14.0
2356,main_green,main_green,52,108.0,9.292173068241768,10,2,2,0.0,16.0,-2.0,14.0
2357,main_green,main_green,52,116.0,9.424265073736622,8,2,2,7.0,19.0,4.0,10.0
2358,main_green,main_green,51,124.0,9.328700809708844,8,2,2,7.0,19.0,4.0,10.0
2359,main_green,main_green,50,134.0,9.265836742002715,10,2,2,7.0,19.0,4.0,10.0
2360,main_green,main_green,50,145.0,9.021957773872524,12,2,2,7.0,19.0,4.0,10.0
2361,main_green,main_green,51,157.0,8.971520346864548,13,2,2,7.0,19.0,4.0,10.0
2362,main_green,main_green,51,169.0,9.158429356354294,12,2,2,7.0,19.0,4.0,10.0
2363,main_green,main_green,51,181.0,9.283012494829029,12,2,2,7.0,19.0,4.0,10.0
2364,main_green,main_green,56,193.0,8.57671667116036,17,2,2,7.0,19.0,4.0,10.0
2365,main_green,main_green,56,205.0,8.731743517078849,12,2,2,7.0,19.0,4.0,10.0
2366,main_green,main_green,57,217.0,8.868366013751425,13,2,2,7.0,19.0,4.0,10.0
2367,main_green,main_green,57,229.0,9.034429047295745,12,2,2,9.0,11.0,7.0,9.0
2368,main_green,main_green,58,241.0,8.879260163995246,13,2,2,9.0,11.0,7.0,9.0
2369,main_green,main_green,58,253.0,9.057184092074811,12,2,2,9.0,11.0,7.0,9.0
2370,main_green,main_green,58,265.0,9.00326352643002,12,2,2,9.0,11.0,7.0,9.0
2371,main_green,main_green,59,278.0,8.811799755687174,14,2,2,9.0,11.0,7.0,9.0
2372,main_green,main_green,60,292.0,8.73848377708092,15,2,2,9.0,11.0,7.0,9.0
2373,main_green,main_green,60,307.0,8.900836627741565,15,2,2,9.0,11.0,7.0,9.0
2374,main_green,main_green,60,322.0,9.032417170123654,15,2,2,9.0,11.0,7.0,9.0
2375,main_green,main_green,59,338.0,8.860801810135646,16,2,2,9.0,11.0,7.0,9.0
2376,main_green,main_green,62,354.0,8.126516010611706,21,2,2,9.0,11.0,7.0,9.0
2377,yellow_transition,yellow_transition,62,370.0,8.06801815107228,17,3,3,13.0,13.0,10.0,4.0
2378,yellow_transition,yellow_transition,61,386.0,8.131728868738607,16,3,3,13.0,13.0,10.0,4.0
2379,yellow_transition,yellow_transition,61,402.0,8.206108674540033,16,3,3,13.0,13.0,10.0,4.0
2380,main_green,side_green,61,265.0,8.144467696297095,13,2,0,13.0,13.0,10.0,4.0
2381,main_green,side_green,60,216.0,8.125348447779924,8,2,0,13.0,13.0,10.0,4.0
2382,main_green,side_green,59,224.0,8.028149708967153,9,2,0,13.0,13.0,10.0,4.0
2383,main_green,side_green,59,233.0,8.105061544084869,9,2,0,13.0,13.0,10.0,4.0
2384,main_green,side_green,59,245.0,8.196818627897722,13,2,0,13.0,13.0,10.0,4.0
2385,main_green,side_green,59,257.0,8.505780764123102,12,2,0,13.0,13.0,10.0,4.0
2386,main_green,side_green,58,270.0,8.680816991766582,13,2,0,13.0,13.0,10.0,4.0
2387,main_green,side_green,57,284.0,8.571245451160232,15,2,0,13.0,13.0,10.0,4.0
2388,main_green,side_green,62,298.0,7.895080419631974,19,2,0,13.0,13.0,10.0,4.0
2389,main_green,side_green,62,312.0,8.102298437615879,14,2,0,13.0,13.0,10.0,4.0
2390,yellow_transition,yellow_transition,62,328.0,8.228120797197633,16,3,1,13.0,1.0,-6.0,18.0
2391,yellow_transition,yellow_transition,60,344.0,8.123315810337207,16,3,1,13.0,1.0,-6.0,18.0
2392,yellow_transition,yellow_transition,62,360.0,7.95863607311841,18,3,1,13.0,1.0,-6.0,18.0
2393,side_green,main_green,62,142.0,8.257996229208398,8,0,2,13.0,1.0,-6.0,18.0
2394,side_green,main_green,62,20.0,8.655100707501878,2,0,2,13.0,1.0,-6.0,18.0
2395,side_green,main_green,61,0.0,9.004248739612533,0,0,2,13.0,1.0,-6.0,18.0
2396,side_green,main_green,61,0.0,9.224870216588444,1,0,2,13.0,1.0,-6.0,18.0
2397,side_green,main_green,62,2.0,9.66033537389031,3,0,2,13.0,1.0,-6.0,18.0
2398,side_green,main_green,60,4.0,10.200466335577357,2,0,2,13.0,1.0,-6.0,18.0
2399,side_green,main_green,58,6.0,10.616459255869144,2,0,2,13.0,1.0,-6.0,18.0
2400,side_green,main_green,60,9.0,9.886559965327201,8,0,2,13.0,1.0,-6.0,18.0
2401,side_green,main_green,58,13.0,10.03436404268654,4,0,2,13.0,1.0,-6.0,18.0
2402,side_green,main_green,57,18.0,9.932151478056923,6,0,2,13.0,1.0,-6.0,18.0
2403,yellow_transition,yellow_transition,57,24.0,10.029170177436706,6,1,3,-11.0,11.0,-1.0,9.0
2404,yellow_transition,yellow_transition,56,31.0,9.981557201480017,8,1,3,-11.0,11.0,-1.0,9.0
2405,yellow_transition,yellow_transition,56,38.0,9.881282706502223,7,1,3,-11.0,11.0,-1.0,9.0
2406,main_green,main_green,56,23.0,10.015103031722633,3,2,2,-11.0,11.0,-1.0,9.0
2407,main_green,main_green,57,22.0,9.846731837036279,3,2,2,-11.0,11.0,-1.0,9.0
2408,main_green,main_green,57,25.0,9.758068268336686,4,2,2,-11.0,11.0,-1.0,9.0
2409,main_green,main_green,57,31.0,10.061832398490289,6,2,2,-11.0,11.0,-1.0,9.0
2410,main_green,main_green,57,37.0,10.363616483881843,6,2,2,-11.0,11.0,-1.0,9.0
2411,main_green,main_green,57,43.0,10.656392092518116,6,2,2,-11.0,11.0,-1.0,9.0
2412,main_green,main_green,60,49.0,9.772765798888507,11,2,2,-11.0,11.0,-1.0,9.0
2413,main_green,main_green,59,55.0,9.767359448923703,7,2,2,-11.0,11.0,-1.0,9.0
2414,main_green,main_green,57,61.0,9.937662208788785,6,2,2,-11.0,11.0,-1.0,9.0
2415,main_green,main_green,54,67.0,10.11192696629627,6,2,2,-11.0,11.0,-1.0,9.0
2416,main_green,main_green,55,73.0,9.95315584175547,7,2,2,0.0,14.0,-1.0,5.0
2417,main_green,main_green,53,79.0,9.809721972309664,6,2,2,0.0,14.0,-1.0,5.0
2418,main_green,main_green,54,85.0,9.55363931891718,7,2,2,0.0,14.0,-1.0,5.0
2419,main_green,main_green,53,93.0,9.590923760021072,8,2,2,0.0,14.0,-1.0,5.0
2420,main_green,main_green,51,101.0,9.323975718706455,9,2,2,0.0,14.0,-1.0,5.0
2421,main_green,main_green,50,110.0,9.346376140244328,9,2,2,0.0,14.0,-1.0,5.0
2422,main_green,main_green,49,120.0,9.43792366651215,10,2,2,0.0,14.0,-1.0,5.0
2423,main_green,main_green,50,130.0,9.439943765930593,11,2,2,0.0,14.0,-1.0,5.0
2424,main_green,main_green,55,140.0,8.700536389494937,15,2,2,0.0,14.0,-1.0,5.0
2425,main_green,main_green,55,150.0,8.944763114470344,10,2,2,0.0,14.0,-1.0,5.0
2426,main_green,main_green,55,160.0,9.249673709621185,10,2,2,3.0,11.0,8.0,14.0
2427,main_green,main_green,54,170.0,9.323889371467288,10,2,2,3.0,11.0,8.0,14.0
2428,main_green,main_green,56,180.0,9.024759200096224,12,2,2,3.0,11.0,8.0,14.0
2429,main_green,main_green,56,190.0,9.064930631024504,10,2,2,3.0,11.0,8.0,14.0
2430,main_green,main_green,56,200.0,9.082630146005709,10,2,2,3.0,11.0,8.0,14.0
2431,main_green,main_green,54,212.0,9.00609913797294,12,2,2,3.0,11.0,8.0,14.0
2432,main_green,main_green,53,224.0,8.692981128220673,13,2,2,3.0,11.0,8.0,14.0
2433,main_green,main_green,52,237.0,8.51628292767215,14,2,2,3.0,11.0,8.0,14.0
2434,main_green,main_green,52,251.0,8.60849625254694,14,2,2,3.0,11.0,8.0,14.0
2435,main_green,main_green,51,265.0,8.68763394442216,14,2,2,3.0,11.0,8.0,14.0
2436,main_green,main_green,56,279.0,7.928743177767478,19,2,2,3.0,9.0,16.0,22.0
2437,main_green,main_green,56,293.0,8.147055329580205,14,2,2,3.0,9.0,16.0,22.0
2438,main_green,main_green,57,307.0,8.297506120673463,15,2,2,3.0,9.0,16.0,22.0
2439,main_green,main_green,57,321.0,8.444983459598241,14,2,2,3.0,9.0,16.0,22.0
2440,main_green,main_green,58,335.0,8.349562296576318,15,2,2,3.0,9.0,16.0,22.0
2441,main_green,main_green,57,349.0,8.310797190529593,14,2,2,3.0,9.0,16.0,22.0
2442,main_green,main_green,57,363.0,8.249717974333896,14,2,2,3.0,9.0,16.0,22.0
2443,main_green,main_green,57,379.0,7.999840598333864,17,2,2,3.0,9.0,16.0,22.0
2444,main_green,main_green,57,396.0,7.889736994637744,18,2,2,3.0,9.0,16.0,22.0
2445,main_green,main_green,57,413.0,7.933312167990747,17,2,2,3.0,9.0,16.0,22.0
2446,yellow_transition,yellow_transition,57,431.0,7.894092062069694,18,3,3,10.0,12.0,11.0,7.0
2447,yellow_transition,yellow_transition,57,449.0,7.848170531292946,18,3,3,10.0,12.0,11.0,7.0
2448,yellow_transition,yellow_transition,62,467.0,7.184511984030441,23,3,3,10.0,12.0,11.0,7.0
2449,main_green,side_green,63,296.0,7.234971092261334,15,2,0,10.0,12.0,11.0,7.0
2450,main_green,side_green,63,212.0,7.601642449448113,11,2,0,10.0,12.0,11.0,7.0
2451,main_green,side_green,63,205.0,8.038375291891038,9,2,0,10.0,12.0,11.0,7.0
2452,main_green,side_green,64,215.0,8.208169953619626,11,2,0,10.0,12.0,11.0,7.0
2453,main_green,side_green,63,225.0,8.363259454975092,10,2,0,10.0,12.0,11.0,7.0
2454,main_green,side_green,64,235.0,8.543612821594461,11,2,0,10.0,12.0,11.0,7.0
2455,main_green,side_green,63,247.0,9.010324615953316,12,2,0,10.0,12.0,11.0,7.0
2456,main_green,side_green,64,259.0,8.96591734301216,13,2,0,10.0,12.0,11.0,7.0
2457,main_green,side_green,64,273.0,9.091985224254113,14,2,0,10.0,12.0,11.0,7.0
2458,main_green,side_green,63,287.0,9.166316679702321,14,2,0,10.0,12.0,11.0,7.0
2459,yellow_transition,yellow_transition,62,301.0,8.818460347901363,15,3,1,11.0,5.0,-15.0,9.0
2460,yellow_transition,yellow_transition,67,315.0,8.131849986682559,19,3,1,11.0,5.0,-15.0,9.0
2461,yellow_transition,yellow_transition,67,330.0,8.188925606585425,15,3,1,11.0,5.0,-15.0,9.0
2462,side_green,main_green,67,116.0,8.479347586837475,7,0,2,11.0,5.0,-15.0,9.0
2463,side_green,main_green,66,17.0,8.738607417555093,3,0,2,11.0,5.0,-15.0,9.0
2464,side_green,main_green,67,2.0,8.748050775938708,3,0,2,11.0,5.0,-15.0,9.0
2465,side_green,main_green,67,4.0,9.303319243166872,2,0,2,11.0,5.0,-15.0,9.0
2466,side_green,main_green,67,6.0,9.78313090910407,2,0,2,11.0,5.0,-15.0,9.0
2467,side_green,main_green,65,8.0,10.055169322185936,2,0,2,11.0,5.0,-15.0,9.0
2468,side_green,main_green,63,12.0,10.099724809533637,5,0,2,11.0,5.0,-15.0,9.0
2469,side_green,main_green,62,17.0,10.239187812300337,6,0,2,11.0,5.0,-15.0,9.0
2470,side_green,main_green,58,23.0,10.32631496429119,6,0,2,11.0,5.0,-15.0,9.0
2471,side_green,main_green,55,31.0,10.410177236242948,8,0,2,11.0,5.0,-15.0,9.0
2472,yellow_transition,yellow_transition,57,39.0,9.31986502265366,13,1,3,-14.0,14.0,-6.0,0.0
2473,yellow_transition,yellow_transition,57,47.0,9.516515307506888,8,1,3,-14.0,14.0,-6.0,0.0
2474,yellow_transition,yellow_transition,58,55.0,9.58566125413171,9,1,3,-14.0,14.0,-6.0,0.0
2475,main_green,main_green,57,31.0,9.883531499815922,4,2,2,-14.0,14.0,-6.0,0.0
2476,main_green,main_green,58,29.0,9.879462181214269,4,2,2,-14.0,14.0,-6.0,0.0
2477,main_green,main_green,58,32.0,9.867154369985919,3,2,2,-14.0,14.0,-6.0,0.0
2478,main_green,main_green,58,35.0,10.115315585056354,3,2,2,-14.0,14.0,-6.0,0.0
2479,main_green,main_green,58,39.0,10.088414869968616,5,2,2,-14.0,14.0,-6.0,0.0
2480,main_green,main_green,58,44.0,10.1787206417432,6,2,2,-14.0,14.0,-6.0,0.0
2481,main_green,main_green,56,51.0,10.350031680142594,7,2,2,-14.0,14.0,-6.0,0.0
2482,main_green,main_green,55,58.0,10.552360956924225,7,2,2,-14.0,14.0,-6.0,0.0
2483,main_green,main_green,52,65.0,10.65436922786144,7,2,2,-14.0,14.0,-6.0,0.0
2484,main_green,main_green,56,72.0,9.782359265481626,12,2,2,-14.0,14.0,-6.0,0.0
2485,main_green,main_green,54,79.0,9.701860377288105,8,2,2,0.0,16.0,2.0,2.0
2486,main_green,main_green,52,86.0,9.841784887371094,7,2,2,0.0,16.0,2.0,2.0
2487,main_green,main_green,52,93.0,10.058795124978113,7,2,2,0.0,16.0,2.0,2.0
2488,main_green,main_green,51,100.0,9.745423705042958,8,2,2,0.0,16.0,2.0,2.0
2489,main_green,main_green,51,107.0,9.778876758668444,7,2,2,0.0,16.0,2.0,2.0
2490,main_green,main_green,51,114.0,9.524606191390548,8,2,2,0.0,16.0,2.0,2.0
2491,main_green,main_green,51,121.0,9.518855944369365,7,2,2,0.0,16.0,2.0,2.0
2492,main_green,main_green,51,130.0,9.343533266399083,10,2,2,0.0,16.0,2.0,2.0
2493,main_green,main_green,51,140.0,9.46760031777063,10,2,2,0.0,16.0,2.0,2.0
2494,main_green,main_green,50,151.0,9.52032881309162,11,2,2,0.0,16.0,2.0,2.0
2495,main_green,main_green,50,162.0,9.354246875236509,12,2,2,-3.0,5.0,10.0,16.0
2496,main_green,main_green,55,173.0,8.579898856759996,16,2,2,-3.0,5.0,10.0,16.0
2497,main_green,main_green,55,184.0,8.775323231394744,11,2,2,-3.0,5.0,10.0,16.0
2498,main_green,main_green,55,195.0,9.044155535346777,11,2,2,-3.0,5.0,10.0,16.0
2499,main_green,main_green,55,206.0,9.228486081361524,11,2,2,-3.0,5.0,10.0,16.0
2500,main_green,main_green,57,217.0,8.90451420735704,13,2,2,-3.0,5.0,10.0,16.0
2501,main_green,main_green,56,228.0,8.820255410482279,11,2,2,-3.0,5.0,10.0,16.0
2502,main_green,main_green,56,239.0,8.831896082731026,11,2,2,-3.0,5.0,10.0,16.0
2503,main_green,main_green,53,251.0,8.647063400992067,12,2,2,-3.0,5.0,10.0,16.0
2504,main_green,main_green,53,265.0,8.470396747433309,15,2,2,-3.0,5.0,10.0,16.0
2505,main_green,main_green,54,279.0,8.409354745493852,15,2,2,3.0,11.0,15.0,17.0
2506,main_green,main_green,54,294.0,8.574455218728989,15,2,2,3.0,11.0,15.0,17.0
2507,main_green,main_green,54,309.0,8.709098305763762,15,2,2,3.0,11.0,15.0,17.0
2508,main_green,main_green,59,324.0,7.959549944247526,20,2,2,3.0,11.0,15.0,17.0
2509,main_green,main_green,59,339.0,8.222601861565813,15,2,2,3.0,11.0,15.0,17.0
2510,main_green,main_green,59,354.0,8.289780915672537,16,2,2,3.0,11.0,15.0,17.0
2511,main_green,main_green,58,369.0,8.34979562871378,15,2,2,3.0,11.0,15.0,17.0
2512,main_green,main_green,59,384.0,8.157647392395692,16,2,2,3.0,11.0,15.0,17.0
2513,main_green,main_green,58,399.0,8.240046043286833,15,2,2,3.0,11.0,15.0,17.0
2514,main_green,main_green,57,414.0,8.056937533451165,15,2,2,3.0,11.0,15.0,17.0
2515,yellow_transition,yellow_transition,58,432.0,7.751478858229475,19,3,3,10.0,12.0,14.0,10.0
2516,yellow_transition,yellow_transition,58,451.0,7.5020462676623,20,3,3,10.0,12.0,14.0,10.0
2517,yellow_transition,yellow_transition,58,470.0,7.3271113308307205,19,3,3,10.0,12.0,14.0,10.0
2518,main_green,side_green,58,296.0,7.496789295594444,15,2,0,10.0,12.0,14.0,10.0
2519,main_green,side_green,58,203.0,7.850504113736463,13,2,0,10.0,12.0,14.0,10.0
2520,main_green,side_green,63,187.0,7.672260667110966,15,2,0,10.0,12.0,14.0,10.0
2521,main_green,side_green,64,197.0,7.96035476466216,11,2,0,10.0,12.0,14.0,10.0
2522,main_green,side_green,64,207.0,8.51155981113428,10,2,0,10.0,12.0,14.0,10.0
2523,main_green,side_green,63,217.0,8.784548829558801,10,2,0,10.0,12.0,14.0,10.0
2524,main_green,side_green,64,228.0,8.882972220633123,12,2,0,10.0,12.0,14.0,10.0
2525,main_green,side_green,63,239.0,8.920013571753017,11,2,0,10.0,12.0,14.0,10.0
2526,main_green,side_green,64,251.0,8.762279661871352,13,2,0,10.0,12.0,14.0,10.0
2527,main_green,side_green,62,265.0,8.787553955284388,14,2,0,10.0,12.0,14.0,10.0
2528,yellow_transition,yellow_transition,63,280.0,8.438089651640821,16,3,1,10.0,4.0,-14.0,16.0
2529,yellow_transition,yellow_transition,62,295.0,8.089329285445356,15,3,1,10.0,4.0,-14.0,16.0
2530,yellow_transition,yellow_transition,60,313.0,7.827840225753109,18,3,1,10.0,4.0,-14.0,16.0
2531,side_green,main_green,61,109.0,7.864800751797335,11,0,2,10.0,4.0,-14.0,16.0
2532,side_green,main_green,65,17.0,7.394138457307075,9,0,2,10.0,4.0,-14.0,16.0
2533,side_green,main_green,65,6.0,8.122785384938606,2,0,2,10.0,4.0,-14.0,16.0
2534,side_green,main_green,65,8.0,8.68010191186195,2,0,2,10.0,4.0,-14.0,16.0
2535,side_green,main_green,65,10.0,9.279440531790199,2,0,2,10.0,4.0,-14.0,16.0
2536,side_green,main_green,66,12.0,9.405070001780283,4,0,2,10.0,4.0,-14.0,16.0
2537,side_green,main_green,63,16.0,9.889936678090542,4,0,2,10.0,4.0,-14.0,16.0
2538,side_green,main_green,61,21.0,10.12639216195351,5,0,2,10.0,4.0,-14.0,16.0
2539,side_green,main_green,60,26.0,10.149063016161925,5,0,2,10.0,4.0,-14.0,16.0
2540,side_green,main_green,61,31.0,9.98191926584585,6,0,2,10.0,4.0,-14.0,16.0
2541,yellow_transition,yellow_transition,59,37.0,9.856447658359228,7,1,3,-10.0,20.0,-13.0,-7.0
2542,yellow_transition,yellow_transition,57,45.0,9.703286001299768,8,1,3,-10.0,20.0,-13.0,-7.0
2543,yellow_transition,yellow_transition,57,53.0,9.553103956809062,8,1,3,-10.0,20.0,-13.0,-7.0
2544,main_green,main_green,60,19.0,8.812909898026179,10,2,2,-10.0,20.0,-13.0,-7.0
2545,main_green,main_green,60,11.0,9.181050107228021,3,2,2,-10.0,20.0,-13.0,-7.0
2546,main_green,main_green,58,12.0,9.407261909028025,4,2,2,-10.0,20.0,-13.0,-7.0
2547,main_green,main_green,57,15.0,9.839464042797545,3,2,2,-10.0,20.0,-13.0,-7.0
2548,main_green,main_green,58,18.0,10.04671778231704,4,2,2,-10.0,20.0,-13.0,-7.0
2549,main_green,main_green,56,21.0,10.303914747784205,3,2,2,-10.0,20.0,-13.0,-7.0
2550,main_green,main_green,54,24.0,10.29562984721551,3,2,2,-10.0,20.0,-13.0,-7.0
2551,main_green,main_green,54,27.0,10.17355161625625,4,2,2,-10.0,20.0,-13.0,-7.0
2552,main_green,main_green,52,32.0,9.966793322538042,6,2,2,-10.0,20.0,-13.0,-7.0
2553,main_green,main_green,51,38.0,10.160073291669452,6,2,2,-10.0,20.0,-13.0,-7.0
2554,main_green,main_green,49,45.0,10.109477436855512,7,2,2,-1.0,17.0,-5.0,7.0
2555,main_green,main_green,49,52.0,10.131272865255298,7,2,2,-1.0,17.0,-5.0,7.0
2556,main_green,main_green,54,59.0,9.14313579718723,12,2,2,-1.0,17.0,-5.0,7.0
2557,main_green,main_green,54,66.0,9.123233791266765,8,2,2,-1.0,17.0,-5.0,7.0
2558,main_green,main_green,54,73.0,9.40673590590602,7,2,2,-1.0,17.0,-5.0,7.0
2559,main_green,main_green,54,80.0,9.655141530597293,7,2,2,-1.0,17.0,-5.0,7.0
2560,main_green,main_green,55,87.0,9.619605916957891,8,2,2,-1.0,17.0,-5.0,7.0
2561,main_green,main_green,54,94.0,9.58303990189957,7,2,2,-1.0,17.0,-5.0,7.0
2562,main_green,main_green,55,101.0,9.57613457393563,8,2,2,-1.0,17.0,-5.0,7.0
2563,main_green,main_green,53,109.0,9.485879886566691,8,2,2,-1.0,17.0,-5.0,7.0
2564,main_green,main_green,54,118.0,9.344472917869135,10,2,2,1.0,13.0,4.0,18.0
2565,main_green,main_green,52,129.0,9.225145228531813,11,2,2,1.0,13.0,4.0,18.0
2566,main_green,main_green,51,140.0,9.400514551293949,11,2,2,1.0,13.0,4.0,18.0
2567,main_green,main_green,52,151.0,9.341740338137543,12,2,2,1.0,13.0,4.0,18.0
2568,main_green,main_green,56,162.0,8.52524991783349,16,2,2,1.0,13.0,4.0,18.0
2569,main_green,main_green,56,173.0,8.845601824330096,11,2,2,1.0,13.0,4.0,18.0
2570,main_green,main_green,54,184.0,8.88710095336075,11,2,2,1.0,13.0,4.0,18.0
2571,main_green,main_green,54,195.0,9.014286133316803,11,2,2,1.0,13.0,4.0,18.0
2572,main_green,main_green,56,206.0,8.769365417960177,13,2,2,1.0,13.0,4.0,18.0
2573,main_green,main_green,56,217.0,8.876130230984186,11,2,2,1.0,13.0,4.0,18.0
2574,main_green,main_green,56,228.0,8.86860116677821,11,2,2,2.0,4.0,15.0,25.0
2575,main_green,main_green,55,240.0,8.876601856470172,12,2,2,2.0,4.0,15.0,25.0
2576,main_green,main_green,56,255.0,8.66183927601491,16,2,2,2.0,4.0,15.0,25.0
2577,main_green,main_green,57,270.0,8.568530106857954,16,2,2,2.0,4.0,15.0,25.0
2578,main_green,main_green,57,285.0,8.743030947791976,15,2,2,2.0,4.0,15.0,25.0
2579,main_green,main_green,57,300.0,8.846246984079496,15,2,2,2.0,4.0,15.0,25.0
2580,main_green,main_green,62,315.0,8.239845978186587,20,2,2,2.0,4.0,15.0,25.0
2581,main_green,main_green,61,330.0,8.279869178486674,15,2,2,2.0,4.0,15.0,25.0
2582,main_green,main_green,62,345.0,8.317698641723288,16,2,2,2.0,4.0,15.0,25.0
2583,main_green,main_green,62,360.0,8.526231610080105,15,2,2,2.0,4.0,15.0,25.0
2584,yellow_transition,yellow_transition,63,375.0,8.536434157527122,16,3,3,8.0,4.0,12.0,10.0
2585,yellow_transition,yellow_transition,63,390.0,8.40457469143631,15,3,3,8.0,4.0,12.0,10.0
2586,yellow_transition,yellow_transition,63,406.0,8.229208545006527,16,3,3,8.0,4.0,12.0,10.0
2587,side_green,side_green,64,123.0,8.25085642414936,9,0,0,8.0,4.0,12.0,10.0
2588,side_green,side_green,64,5.0,8.272113364569359,4,0,0,8.0,4.0,12.0,10.0
2589,side_green,side_green,64,3.0,8.805932970050648,2,0,0,8.0,4.0,12.0,10.0
2590,side_green,side_green,63,6.0,9.197376539195393,3,0,0,8.0,4.0,12.0,10.0
2591,side_green,side_green,63,9.0,9.8410139945681,3,0,0,8.0,4.0,12.0,10.0
2592,side_green,side_green,67,14.0,9.486225405408005,10,0,0,8.0,4.0,12.0,10.0
2593,side_green,side_green,67,19.0,9.638043517357874,6,0,0,8.0,4.0,12.0,10.0
2594,side_green,side_green,66,24.0,10.020380006239764,5,0,0,8.0,4.0,12.0,10.0
2595,side_green,side_green,66,29.0,10.071936171440141,5,0,0,8.0,4.0,12.0,10.0
2596,side_green,side_green,67,36.0,10.011698237604218,8,0,0,8.0,4.0,12.0,10.0
2597,yellow_transition,yellow_transition,67,44.0,10.020425185346829,8,1,1,-11.0,9.0,-15.0,1.0
2598,yellow_transition,yellow_transition,67,53.0,9.839361596225398,10,1,1,-11.0,9.0,-15.0,1.0
2599,yellow_transition,yellow_transition,67,62.0,9.606109764504348,9,1,1,-11.0,9.0,-15.0,1.0
2600,main_green,main_green,65,9.0,9.4911094647415,3,2,2,-11.0,9.0,-15.0,1.0
2601,main_green,main_green,65,1.0,9.798284934712598,1,2,2,-11.0,9.0,-15.0,1.0
2602,main_green,main_green,62,2.0,10.14119438676552,1,2,2,-11.0,9.0,-15.0,1.0
2603,main_green,main_green,62,4.0,10.375016416560653,3,2,2,-11.0,9.0,-15.0,1.0
2604,main_green,main_green,66,6.0,9.936394273433763,7,2,2,-11.0,9.0,-15.0,1.0
2605,main_green,main_green,60,8.0,10.321643319350102,2,2,2,-11.0,9.0,-15.0,1.0
2606,main_green,main_green,58,10.0,10.971047423460071,2,2,2,-11.0,9.0,-15.0,1.0
2607,main_green,main_green,51,12.0,11.154651959969323,2,2,2,-11.0,9.0,-15.0,1.0
2608,main_green,main_green,50,14.0,11.064374713862449,4,2,2,-11.0,9.0,-15.0,1.0
2609,main_green,main_green,49,16.0,11.071637226721128,2,2,2,-11.0,9.0,-15.0,1.0
2610,main_green,main_green,47,18.0,11.146124698369585,2,2,2,-4.0,8.0,-3.0,9.0
2611,main_green,main_green,45,20.0,10.963720066570337,2,2,2,-4.0,8.0,-3.0,9.0
2612,main_green,main_green,45,24.0,10.705172865261675,5,2,2,-4.0,8.0,-3.0,9.0
2613,main_green,main_green,45,29.0,10.549134576370284,6,2,2,-4.0,8.0,-3.0,9.0
2614,main_green,main_green,44,35.0,10.69103988709556,6,2,2,-4.0,8.0,-3.0,9.0
2615,main_green,main_green,44,41.0,10.829000244885048,6,2,2,-4.0,8.0,-3.0,9.0
2616,main_green,main_green,49,47.0,9.820439856504924,11,2,2,-4.0,8.0,-3.0,9.0
2617,main_green,main_green,49,53.0,10.078838820525675,6,2,2,-4.0,8.0,-3.0,9.0
2618,main_green,main_green,50,59.0,10.124716670722167,7,2,2,-4.0,8.0,-3.0,9.0
2619,main_green,main_green,50,65.0,10.390845784926153,6,2,2,-4.0,8.0,-3.0,9.0
2620,main_green,main_green,51,71.0,10.199334565212228,7,2,2,1.0,11.0,3.0,17.0
2621,main_green,main_green,51,77.0,10.251801107698606,6,2,2,1.0,11.0,3.0,17.0
2622,main_green,main_green,51,83.0,10.069778477641632,6,2,2,1.0,11.0,3.0,17.0
2623,main_green,main_green,52,89.0,10.012796817322084,7,2,2,1.0,11.0,3.0,17.0
2624,main_green,main_green,52,97.0,9.80519933806615,9,2,2,1.0,11.0,3.0,17.0
2625,main_green,main_green,52,106.0,9.905498050054321,9,2,2,1.0,11.0,3.0,17.0
2626,main_green,main_green,49,115.0,9.782303994908018,9,2,2,1.0,11.0,3.0,17.0
2627,main_green,main_green,49,125.0,10.010454064794839,10,2,2,1.0,11.0,3.0,17.0
2628,main_green,main_green,52,135.0,8.953312888577642,15,2,2,1.0,11.0,3.0,17.0
2629,main_green,main_green,53,145.0,9.048938844303613,11,2,2,1.0,11.0,3.0,17.0
2630,main_green,main_green,51,155.0,9.14774446861115,10,2,2,10.0,16.0,6.0,8.0
2631,main_green,main_green,51,165.0,9.377114528489791,10,2,2,10.0,16.0,6.0,8.0
2632,main_green,main_green,52,175.0,9.169930802908976,11,2,2,10.0,16.0,6.0,8.0
2633,main_green,main_green,51,185.0,9.243104113100914,10,2,2,10.0,16.0,6.0,8.0
2634,main_green,main_green,52,195.0,8.971660344688527,11,2,2,10.0,16.0,6.0,8.0
2635,main_green,main_green,52,205.0,9.002660065154075,10,2,2,10.0,16.0,6.0,8.0
2636,main_green,main_green,53,218.0,8.93080129787794,14,2,2,10.0,16.0,6.0,8.0
2637,main_green,main_green,53,232.0,9.027342818401971,14,2,2,10.0,16.0,6.0,8.0
2638,main_green,main_green,53,246.0,9.120159299071885,14,2,2,10.0,16.0,6.0,8.0
2639,main_green,main_green,54,260.0,8.928482451385513,15,2,2,10.0,16.0,6.0,8.0
2640,main_green,main_green,59,274.0,8.348475483315823,19,2,2,8.0,12.0,6.0,8.0
2641,main_green,main_green,59,288.0,8.680248729794652,14,2,2,8.0,12.0,6.0,8.0
2642,main_green,main_green,59,302.0,8.870575741563783,14,2,2,8.0,12.0,6.0,8.0
2643,main_green,main_green,59,316.0,9.116223082023392,14,2,2,8.0,12.0,6.0,8.0
2644,main_green,main_green,61,330.0,8.867498461951502,16,2,2,8.0,12.0,6.0,8.0
2645,main_green,main_green,61,344.0,8.841547480580866,14,2,2,8.0,12.0,6.0,8.0
2646,main_green,main_green,61,358.0,8.872296832356012,14,2,2,8.0,12.0,6.0,8.0
2647,main_green,main_green,61,373.0,9.031795957639584,15,2,2,8.0,12.0,6.0,8.0
2648,main_green,main_green,62,389.0,8.816185207908829,17,2,2,8.0,12.0,6.0,8.0
2649,main_green,main_green,59,406.0,8.473312153141203,18,2,2,8.0,12.0,6.0,8.0
2650,yellow_transition,yellow_transition,59,424.0,8.477873366991428,18,3,3,11.0,13.0,8.0,6.0
2651,yellow_transition,yellow_transition,57,442.0,8.31250484265973,18,3,3,11.0,13.0,8.0,6.0
2652,yellow_transition,yellow_transition,62,460.0,7.497265122001845,23,3,3,11.0,13.0,8.0,6.0
2653,main_green,side_green,60,315.0,7.652548710741116,14,2,0,11.0,13.0,8.0,6.0
2654,main_green,side_green,61,255.0,7.97273023799899,11,2,0,11.0,13.0,8.0,6.0
2655,main_green,side_green,60,258.0,7.90935065898971,10,2,0,11.0,13.0,8.0,6.0
2656,main_green,side_green,60,268.0,8.01974703193607,11,2,0,11.0,13.0,8.0,6.0
2657,main_green,side_green,59,278.0,8.253460613597479,10,2,0,11.0,13.0,8.0,6.0
2658,main_green,side_green,58,290.0,8.459867049217518,12,2,0,11.0,13.0,8.0,6.0
2659,main_green,side_green,58,304.0,8.753315302308797,15,2,0,11.0,13.0,8.0,6.0
2660,main_green,side_green,59,318.0,8.818654504689833,15,2,0,11.0,13.0,8.0,6.0
2661,main_green,side_green,59,332.0,9.043809425330396,14,2,0,11.0,13.0,8.0,6.0
2662,main_green,side_green,58,346.0,9.074608030363969,14,2,0,11.0,13.0,8.0,6.0
2663,yellow_transition,yellow_transition,57,360.0,8.955423207954022,14,3,1,14.0,8.0,-13.0,13.0
2664,yellow_transition,yellow_transition,61,375.0,8.02919414912673,20,3,1,14.0,8.0,-13.0,13.0
2665,yellow_transition,yellow_transition,62,390.0,7.769363515890517,16,3,1,14.0,8.0,-13.0,13.0
2666,side_green,main_green,62,159.0,7.97695529865133,8,0,2,14.0,8.0,-13.0,13.0
2667,side_green,main_green,61,39.0,8.326826013763073,3,0,2,14.0,8.0,-13.0,13.0
2668,side_green,main_green,62,2.0,8.58916305871046,3,0,2,14.0,8.0,-13.0,13.0
2669,side_green,main_green,61,4.0,8.999809885562609,2,0,2,14.0,8.0,-13.0,13.0
2670,side_green,main_green,62,6.0,9.3453360494431,3,0,2,14.0,8.0,-13.0,13.0
2671,side_green,main_green,60,8.0,9.56462817646969,2,0,2,14.0,8.0,-13.0,13.0
2672,side_green,main_green,59,13.0,9.766092631513528,6,0,2,14.0,8.0,-13.0,13.0
2673,side_green,main_green,59,19.0,10.282263309493029,6,0,2,14.0,8.0,-13.0,13.0
2674,side_green,main_green,57,25.0,10.563694382025266,6,0,2,14.0,8.0,-13.0,13.0
2675,side_green,main_green,55,32.0,10.390034930124523,8,0,2,14.0,8.0,-13.0,13.0
2676,yellow_transition,yellow_transition,58,39.0,9.445154775403719,12,1,3,-13.0,15.0,-7.0,1.0
2677,yellow_transition,yellow_transition,58,46.0,9.7569563825691,7,1,3,-13.0,15.0,-7.0,1.0
2678,yellow_transition,yellow_transition,56,54.0,9.841894700760564,8,1,3,-13.0,15.0,-7.0,1.0
2679,main_green,main_green,55,26.0,10.147818519315324,4,2,2,-13.0,15.0,-7.0,1.0
2680,main_green,main_green,57,18.0,9.864095685679995,4,2,2,-13.0,15.0,-7.0,1.0
2681,main_green,main_green,57,20.0,10.001863397835212,2,2,2,-13.0,15.0,-7.0,1.0
2682,main_green,main_green,57,22.0,10.398272415837285,2,2,2,-13.0,15.0,-7.0,1.0
2683,main_green,main_green,57,25.0,10.562827425705448,3,2,2,-13.0,15.0,-7.0,1.0
2684,main_green,main_green,58,30.0,10.661136232829138,6,2,2,-13.0,15.0,-7.0,1.0
2685,main_green,main_green,56,35.0,10.599087630726645,6,2,2,-13.0,15.0,-7.0,1.0
2686,main_green,main_green,55,40.0,10.772541619942258,5,2,2,-13.0,15.0,-7.0,1.0
2687,main_green,main_green,53,45.0,10.929384720862936,5,2,2,-13.0,15.0,-7.0,1.0
2688,main_green,main_green,56,51.0,9.915969653036436,11,2,2,-13.0,15.0,-7.0,1.0
2689,main_green,main_green,54,57.0,10.090107180633984,6,2,2,-2.0,14.0,1.0,7.0
2690,main_green,main_green,53,63.0,10.08895314355233,7,2,2,-2.0,14.0,1.0,7.0
2691,main_green,main_green,52,69.0,10.274266610230335,6,2,2,-2.0,14.0,1.0,7.0
2692,main_green,main_green,52,75.0,10.026014991188852,7,2,2,-2.0,14.0,1.0,7.0
2693,main_green,main_green,51,81.0,9.93477812805343,6,2,2,-2.0,14.0,1.0,7.0
2694,main_green,main_green,50,87.0,9.885384595038543,6,2,2,-2.0,14.0,1.0,7.0
2695,main_green,main_green,51,94.0,9.783141970617335,8,2,2,-2.0,14.0,1.0,7.0
2696,main_green,main_green,50,104.0,9.458294677892688,11,2,2,-2.0,14.0,1.0,7.0
2697,main_green,main_green,50,114.0,9.62113735696419,10,2,2,-2.0,14.0,1.0,7.0
2698,main_green,main_green,50,124.0,9.74303383481369,10,2,2,-2.0,14.0,1.0,7.0
2699,main_green,main_green,49,134.0,9.794293011858084,10,2,2,-3.0,7.0,7.0,17.0
2700,main_green,main_green,53,144.0,8.835706749616982,15,2,2,-3.0,7.0,7.0,17.0
2701,main_green,main_green,54,154.0,8.969311232702044,11,2,2,-3.0,7.0,7.0,17.0
2702,main_green,main_green,54,164.0,9.227819268737779,10,2,2,-3.0,7.0,7.0,17.0
2703,main_green,main_green,53,174.0,9.386383050039198,10,2,2,-3.0,7.0,7.0,17.0
2704,main_green,main_green,54,184.0,9.187241802645131,11,2,2,-3.0,7.0,7.0,17.0
2705,main_green,main_green,53,194.0,9.15000291698586,10,2,2,-3.0,7.0,7.0,17.0
2706,main_green,main_green,54,204.0,9.006203616963527,11,2,2,-3.0,7.0,7.0,17.0
2707,main_green,main_green,54,215.0,9.025505100130808,11,2,2,-3.0,7.0,7.0,17.0
2708,main_green,main_green,54,228.0,8.8891292472047,14,2,2,-3.0,7.0,7.0,17.0
2709,main_green,main_green,54,241.0,8.934279103637877,13,2,2,1.0,7.0,13.0,19.0
2710,main_green,main_green,53,255.0,8.914603700803683,14,2,2,1.0,7.0,13.0,19.0
2711,main_green,main_green,54,269.0,8.999881857175865,15,2,2,1.0,7.0,13.0,19.0
2712,main_green,main_green,59,283.0,8.28419241077796,19,2,2,1.0,7.0,13.0,19.0
2713,main_green,main_green,58,297.0,8.500845031572613,14,2,2,1.0,7.0,13.0,19.0
2714,main_green,main_green,58,311.0,8.688165845580393,14,2,2,1.0,7.0,13.0,19.0
2715,main_green,main_green,57,325.0,8.78958578032432,14,2,2,1.0,7.0,13.0,19.0
2716,main_green,main_green,59,339.0,8.562368435718584,16,2,2,1.0,7.0,13.0,19.0
2717,main_green,main_green,58,353.0,8.45843983467215,14,2,2,1.0,7.0,13.0,19.0
2718,main_green,main_green,57,368.0,8.534986097994913,15,2,2,1.0,7.0,13.0,19.0
2719,yellow_transition,yellow_transition,57,384.0,8.424653135536895,16,3,3,10.0,12.0,11.0,9.0
2720,yellow_transition,yellow_transition,57,400.0,7.870876921892703,17,3,3,10.0,12.0,11.0,9.0
2721,yellow_transition,yellow_transition,58,418.0,7.501870802899336,19,3,3,10.0,12.0,11.0,9.0
2722,main_green,side_green,58,260.0,7.7427194749781005,15,2,0,10.0,12.0,11.0,9.0
2723,main_green,side_green,58,188.0,7.972262647644861,11,2,0,10.0,12.0,11.0,9.0
2724,main_green,side_green,63,186.0,7.708949336833002,14,2,0,10.0,12.0,11.0,9.0
2725,main_green,side_green,62,196.0,8.210285018278348,10,2,0,10.0,12.0,11.0,9.0
2726,main_green,side_green,62,206.0,8.416933432635567,11,2,0,10.0,12.0,11.0,9.0
2727,main_green,side_green,62,217.0,8.796103877565566,11,2,0,10.0,12.0,11.0,9.0
2728,main_green,side_green,62,228.0,8.855123855777942,12,2,0,10.0,12.0,11.0,9.0
2729,main_green,side_green,62,240.0,9.114273848070049,12,2,0,10.0,12.0,11.0,9.0
2730,main_green,side_green,62,252.0,9.304122913009389,12,2,0,10.0,12.0,11.0,9.0
2731,main_green,side_green,62,264.0,9.11569821482875,13,2,0,10.0,12.0,11.0,9.0
2732,yellow_transition,yellow_transition,61,278.0,8.865126497088639,15,3,1,11.0,3.0,-15.0,15.0
2733,yellow_transition,yellow_transition,61,293.0,8.72106149159654,15,3,1,11.0,3.0,-15.0,15.0
2734,yellow_transition,yellow_transition,60,308.0,8.555593173178561,15,3,1,11.0,3.0,-15.0,15.0
2735,side_green,main_green,60,99.0,8.617537902520132,8,0,2,11.0,3.0,-15.0,15.0
2736,side_green,main_green,64,11.0,8.110707235764693,9,0,2,11.0,3.0,-15.0,15.0
2737,side_green,main_green,65,2.0,8.4125646659461,2,0,2,11.0,3.0,-15.0,15.0
2738,side_green,main_green,64,3.0,9.072985478284082,1,0,2,11.0,3.0,-15.0,15.0
2739,side_green,main_green,63,5.0,9.701539732621438,2,0,2,11.0,3.0,-15.0,15.0
2740,side_green,main_green,61,8.0,10.011678761699088,4,0,2,11.0,3.0,-15.0,15.0
2741,side_green,main_green,60,11.0,10.557653826737674,3,0,2,11.0,3.0,-15.0,15.0
2742,side_green,main_green,60,14.0,10.72742857480801,4,0,2,11.0,3.0,-15.0,15.0
2743,side_green,main_green,57,18.0,10.870247216913148,4,0,2,11.0,3.0,-15.0,15.0
2744,side_green,main_green,57,23.0,10.544236272117537,6,0,2,11.0,3.0,-15.0,15.0
2745,yellow_transition,yellow_transition,55,28.0,10.554463139535043,5,1,3,-15.0,15.0,-9.0,-1.0
2746,yellow_transition,yellow_transition,54,35.0,10.367550490332448,7,1,3,-15.0,15.0,-9.0,-1.0
2747,yellow_transition,yellow_transition,55,42.0,9.901262569887116,8,1,3,-15.0,15.0,-9.0,-1.0
2748,main_green,main_green,58,15.0,9.342217731756778,9,2,2,-15.0,15.0,-9.0,-1.0
2749,main_green,main_green,57,11.0,9.741000070225045,2,2,2,-15.0,15.0,-9.0,-1.0
2750,main_green,main_green,57,13.0,10.305680851591518,2,2,2,-15.0,15.0,-9.0,-1.0
2751,main_green,main_green,55,15.0,10.670837773378729,2,2,2,-15.0,15.0,-9.0,-1.0
2752,main_green,main_green,57,17.0,10.71869466500895,4,2,2,-15.0,15.0,-9.0,-1.0
2753,main_green,main_green,55,19.0,10.931812479405428,2,2,2,-15.0,15.0,-9.0,-1.0
2754,main_green,main_green,53,21.0,11.139513795986042,2,2,2,-15.0,15.0,-9.0,-1.0
2755,main_green,main_green,52,23.0,11.102080363103262,2,2,2,-15.0,15.0,-9.0,-1.0
2756,main_green,main_green,52,27.0,10.763184203259053,5,2,2,-15.0,15.0,-9.0,-1.0
2757,main_green,main_green,52,31.0,10.557699452699252,5,2,2,-15.0,15.0,-9.0,-1.0
2758,main_green,main_green,51,35.0,10.588091156199434,4,2,2,-4.0,14.0,-4.0,4.0
2759,main_green,main_green,49,41.0,10.730377609896664,6,2,2,-4.0,14.0,-4.0,4.0
2760,main_green,main_green,53,47.0,9.775938159728708,11,2,2,-4.0,14.0,-4.0,4.0
2761,main_green,main_green,50,53.0,9.905646906814198,6,2,2,-4.0,14.0,-4.0,4.0
2762,main_green,main_green,51,59.0,9.971140185500522,7,2,2,-4.0,14.0,-4.0,4.0
2763,main_green,main_green,49,65.0,10.22512492592163,6,2,2,-4.0,14.0,-4.0,4.0
2764,main_green,main_green,49,71.0,9.989052256658017,7,2,2,-4.0,14.0,-4.0,4.0
2765,main_green,main_green,48,77.0,10.075943150539885,6,2,2,-4.0,14.0,-4.0,4.0
2766,main_green,main_green,48,83.0,10.130712122626718,6,2,2,-4.0,14.0,-4.0,4.0
2767,main_green,main_green,49,89.0,9.790057417651328,7,2,2,-4.0,14.0,-4.0,4.0
2768,main_green,main_green,50,96.0,9.654338137894696,8,2,2,-3.0,7.0,8.0,22.0
2769,main_green,main_green,50,105.0,9.794843219274767,9,2,2,-3.0,7.0,8.0,22.0
2770,main_green,main_green,50,115.0,9.879441423555992,10,2,2,-3.0,7.0,8.0,22.0
2771,main_green,main_green,50,125.0,9.972636508858422,10,2,2,-3.0,7.0,8.0,22.0
2772,main_green,main_green,54,135.0,9.018880886684567,15,2,2,-3.0,7.0,8.0,22.0
2773,main_green,main_green,55,145.0,9.147272935827848,11,2,2,-3.0,7.0,8.0,22.0
2774,main_green,main_green,54,155.0,9.400598485133626,10,2,2,-3.0,7.0,8.0,22.0
2775,main_green,main_green,53,165.0,9.444882578002547,10,2,2,-3.0,7.0,8.0,22.0
2776,main_green,main_green,52,175.0,9.133123891009008,11,2,2,-3.0,7.0,8.0,22.0
2777,main_green,main_green,52,185.0,9.144983455321244,10,2,2,-3.0,7.0,8.0,22.0
2778,main_green,main_green,53,195.0,8.917816168583077,11,2,2,2.0,6.0,13.0,15.0
2779,main_green,main_green,53,205.0,9.098431352216771,10,2,2,2.0,6.0,13.0,15.0
2780,main_green,main_green,54,217.0,9.059375538245197,13,2,2,2.0,6.0,13.0,15.0
2781,main_green,main_green,54,231.0,9.081643813913624,14,2,2,2.0,6.0,13.0,15.0
2782,main_green,main_green,54,245.0,9.155610198791962,14,2,2,2.0,6.0,13.0,15.0
2783,main_green,main_green,54,259.0,8.984535162089001,15,2,2,2.0,6.0,13.0,15.0
2784,main_green,main_green,59,273.0,8.48386745069424,19,2,2,2.0,6.0,13.0,15.0
2785,main_green,main_green,59,287.0,8.684125410883734,14,2,2,2.0,6.0,13.0,15.0
2786,main_green,main_green,57,301.0,8.734508421535603,14,2,2,2.0,6.0,13.0,15.0
2787,main_green,main_green,57,315.0,8.881880611802398,14,2,2,2.0,6.0,13.0,15.0
2788,yellow_transition,yellow_transition,58,329.0,8.666338203127546,16,3,3,8.0,8.0,13.0,11.0
2789,yellow_transition,yellow_transition,58,343.0,8.601845279509394,14,3,3,8.0,8.0,13.0,11.0
2790,yellow_transition,yellow_transition,58,357.0,8.52272681629694,14,3,3,8.0,8.0,13.0,11.0
2791,main_green,side_green,58,210.0,8.389848408111067,10,2,0,8.0,8.0,13.0,11.0
2792,main_green,side_green,59,152.0,8.396909814964014,12,2,0,8.0,8.0,13.0,11.0
2793,main_green,side_green,60,159.0,8.510502042640798,10,2,0,8.0,8.0,13.0,11.0
2794,main_green,side_green,60,168.0,8.796704411298641,9,2,0,8.0,8.0,13.0,11.0
2795,main_green,side_green,59,179.0,9.055495525130398,11,2,0,8.0,8.0,13.0,11.0
2796,main_green,side_green,64,190.0,8.626393254353372,16,2,0,8.0,8.0,13.0,11.0
2797,main_green,side_green,61,201.0,8.65776600967224,11,2,0,8.0,8.0,13.0,11.0
2798,main_green,side_green,60,213.0,8.676348541644433,13,2,0,8.0,8.0,13.0,11.0
2799,main_green,side_green,60,225.0,8.89138255054811,12,2,0,8.0,8.0,13.0,11.0
2800,main_green,side_green,61,237.0,8.73812414359048,13,2,0,8.0,8.0,13.0,11.0
2801,yellow_transition,yellow_transition,60,251.0,8.642372051898752,14,3,1,11.0,5.0,-9.0,15.0
2802,yellow_transition,yellow_transition,59,265.0,8.289503342565336,14,3,1,11.0,5.0,-9.0,15.0
2803,yellow_transition,yellow_transition,59,280.0,7.90886450427979,16,3,1,11.0,5.0,-9.0,15.0
2804,side_green,main_green,59,91.0,7.763894425311103,10,0,2,11.0,5.0,-9.0,15.0
2805,side_green,main_green,59,7.0,8.04686983940168,4,0,2,11.0,5.0,-9.0,15.0
2806,side_green,main_green,59,5.0,8.426641657497822,3,0,2,11.0,5.0,-9.0,15.0
2807,side_green,main_green,59,8.0,8.8931909764435,3,0,2,11.0,5.0,-9.0,15.0
2808,side_green,main_green,64,12.0,8.740637131789663,9,0,2,11.0,5.0,-9.0,15.0
2809,side_green,main_green,64,17.0,9.141477000131335,6,0,2,11.0,5.0,-9.0,15.0
2810,side_green,main_green,64,22.0,9.676811552104912,5,0,2,11.0,5.0,-9.0,15.0
2811,side_green,main_green,60,27.0,9.847487479910228,5,0,2,11.0,5.0,-9.0,15.0
2812,side_green,main_green,58,33.0,10.02184820501471,7,0,2,11.0,5.0,-9.0,15.0
2813,side_green,main_green,56,40.0,10.241268217406652,7,0,2,11.0,5.0,-9.0,15.0
2814,yellow_transition,yellow_transition,55,47.0,10.112987016494468,8,1,3,-10.0,16.0,-3.0,1.0
2815,yellow_transition,yellow_transition,54,54.0,10.103739951663602,7,1,3,-10.0,16.0,-3.0,1.0
2816,yellow_transition,yellow_transition,55,61.0,9.796538834554172,8,1,3,-10.0,16.0,-3.0,1.0
2817,main_green,main_green,55,31.0,9.900275102102178,3,2,2,-10.0,16.0,-3.0,1.0
2818,main_green,main_green,54,29.0,9.953825122078282,4,2,2,-10.0,16.0,-3.0,1.0
2819,main_green,main_green,55,33.0,9.981458688783045,5,2,2,-10.0,16.0,-3.0,1.0
2820,main_green,main_green,60,37.0,9.374830218878442,9,2,2,-10.0,16.0,-3.0,1.0
2821,main_green,main_green,59,42.0,9.81175572303098,5,2,2,-10.0,16.0,-3.0,1.0
2822,main_green,main_green,59,47.0,10.234231334067836,5,2,2,-10.0,16.0,-3.0,1.0
2823,main_green,main_green,56,52.0,10.511915881571653,5,2,2,-10.0,16.0,-3.0,1.0
2824,main_green,main_green,57,57.0,10.233533211507897,7,2,2,-10.0,16.0,-3.0,1.0
2825,main_green,main_green,55,62.0,10.306927389671097,5,2,2,-10.0,16.0,-3.0,1.0
2826,main_green,main_green,52,67.0,10.111219855830864,5,2,2,-10.0,16.0,-3.0,1.0
2827,main_green,main_green,50,73.0,10.007081919951737,6,2,2,-1.0,15.0,0.0,6.0
2828,main_green,main_green,51,82.0,9.789833354191552,10,2,2,-1.0,15.0,0.0,6.0
2829,main_green,main_green,51,91.0,9.679002213396773,10,2,2,-1.0,15.0,0.0,6.0
2830,main_green,main_green,50,100.0,9.758565581814374,9,2,2,-1.0,15.0,0.0,6.0
2831,main_green,main_green,50,109.0,9.870328066561584,9,2,2,-1.0,15.0,0.0,6.0
2832,main_green,main_green,54,118.0,8.990006551573918,14,2,2,-1.0,15.0,0.0,6.0
2833,main_green,main_green,53,127.0,9.155544648680657,9,2,2,-1.0,15.0,0.0,6.0
2834,main_green,main_green,52,136.0,9.195239731752267,10,2,2,-1.0,15.0,0.0,6.0
2835,main_green,main_green,52,145.0,9.362474189132552,9,2,2,-1.0,15.0,0.0,6.0
2836,main_green,main_green,53,154.0,9.211374213708874,10,2,2,-1.0,15.0,0.0,6.0
2837,main_green,main_green,52,163.0,9.317350209366305,9,2,2,0.0,10.0,11.0,17.0
2838,main_green,main_green,52,172.0,9.374761325695362,9,2,2,0.0,10.0,11.0,17.0
2839,main_green,main_green,53,182.0,9.262936837338641,11,2,2,0.0,10.0,11.0,17.0
2840,main_green,main_green,54,192.0,9.077467048332643,11,2,2,0.0,10.0,11.0,17.0
2841,main_green,main_green,54,203.0,9.169247340748454,11,2,2,0.0,10.0,11.0,17.0
2842,main_green,main_green,52,215.0,9.129768755952483,12,2,2,0.0,10.0,11.0,17.0
2843,main_green,main_green,51,227.0,9.133049947330363,12,2,2,0.0,10.0,11.0,17.0
2844,main_green,main_green,54,240.0,8.303738508597656,18,2,2,0.0,10.0,11.0,17.0
2845,main_green,main_green,55,253.0,8.366776554091034,14,2,2,0.0,10.0,11.0,17.0
2846,main_green,main_green,55,266.0,8.635860068751859,13,2,2,0.0,10.0,11.0,17.0
2847,main_green,main_green,55,279.0,8.831258897041623,13,2,2,5.0,9.0,17.0,19.0
2848,main_green,main_green,56,292.0,8.643663527567416,14,2,2,5.0,9.0,17.0,19.0
2849,main_green,main_green,56,305.0,8.687798967044646,13,2,2,5.0,9.0,17.0,19.0
2850,main_green,main_green,57,318.0,8.478863821953382,14,2,2,5.0,9.0,17.0,19.0
2851,main_green,main_green,57,332.0,8.518680958085366,14,2,2,5.0,9.0,17.0,19.0
2852,main_green,main_green,57,348.0,8.354343840357679,17,2,2,5.0,9.0,17.0,19.0
2853,main_green,main_green,56,365.0,8.377584016164148,17,2,2,5.0,9.0,17.0,19.0
2854,main_green,main_green,55,382.0,8.375988494707034,17,2,2,5.0,9.0,17.0,19.0
2855,main_green,main_green,56,399.0,8.288076287105353,18,2,2,5.0,9.0,17.0,19.0
2856,main_green,main_green,60,416.0,7.627950815062259,22,2,2,5.0,9.0,17.0,19.0
2857,yellow_transition,yellow_transition,60,433.0,7.915201737459495,17,3,3,12.0,14.0,15.0,9.0
2858,yellow_transition,yellow_transition,60,450.0,8.08251138657163,17,3,3,12.0,14.0,15.0,9.0
2859,yellow_transition,yellow_transition,60,467.0,8.111972172627805,17,3,3,12.0,14.0,15.0,9.0
2860,main_green,side_green,62,287.0,7.923800906907442,15,2,0,12.0,14.0,15.0,9.0
2861,main_green,side_green,62,190.0,8.055741489141083,9,2,0,12.0,14.0,15.0,9.0
2862,main_green,side_green,62,178.0,8.29024381269088,7,2,0,12.0,14.0,15.0,9.0
2863,main_green,side_green,62,187.0,8.56246821783581,9,2,0,12.0,14.0,15.0,9.0
2864,main_green,side_green,63,196.0,8.70358782907761,10,2,0,12.0,14.0,15.0,9.0
2865,main_green,side_green,63,207.0,8.858794775813335,12,2,0,12.0,14.0,15.0,9.0
2866,main_green,side_green,63,219.0,9.190513263743362,12,2,0,12.0,14.0,15.0,9.0
2867,main_green,side_green,62,232.0,9.216691652455497,13,2,0,12.0,14.0,15.0,9.0
2868,main_green,side_green,67,245.0,8.595477308914665,18,2,0,12.0,14.0,15.0,9.0
2869,main_green,side_green,66,259.0,8.65649186807384,14,2,0,12.0,14.0,15.0,9.0
2870,yellow_transition,yellow_transition,67,274.0,8.62676827771825,16,3,1,12.0,4.0,-13.0,11.0
2871,yellow_transition,yellow_transition,66,289.0,8.60347721223674,15,3,1,12.0,4.0,-13.0,11.0
2872,yellow_transition,yellow_transition,66,305.0,8.369568154868773,17,3,1,12.0,4.0,-13.0,11.0
2873,side_green,main_green,66,111.0,8.411509185529829,8,0,2,12.0,4.0,-13.0,11.0
2874,side_green,main_green,65,12.0,8.439101790788168,1,0,2,12.0,4.0,-13.0,11.0
2875,side_green,main_green,64,2.0,8.506915354574327,3,0,2,12.0,4.0,-13.0,11.0
2876,side_green,main_green,65,5.0,8.848618802825884,4,0,2,12.0,4.0,-13.0,11.0
2877,side_green,main_green,62,9.0,9.239453855724452,4,0,2,12.0,4.0,-13.0,11.0
2878,side_green,main_green,61,13.0,9.684919037348012,4,0,2,12.0,4.0,-13.0,11.0
2879,side_green,main_green,59,18.0,9.9591571224653,5,0,2,12.0,4.0,-13.0,11.0
2880,side_green,main_green,63,25.0,9.569479102862697,12,0,2,12.0,4.0,-13.0,11.0
2881,side_green,main_green,60,32.0,9.7235844503079,8,0,2,12.0,4.0,-13.0,11.0
2882,side_green,main_green,59,39.0,9.941893302299068,7,0,2,12.0,4.0,-13.0,11.0
2883,yellow_transition,yellow_transition,56,46.0,9.843712839585079,7,1,3,-7.0,19.0,-7.0,-3.0
2884,yellow_transition,yellow_transition,57,53.0,9.64530673885321,8,1,3,-7.0,19.0,-7.0,-3.0
2885,yellow_transition,yellow_transition,54,60.0,9.457407153054374,7,1,3,-7.0,19.0,-7.0,-3.0
2886,main_green,main_green,55,29.0,9.505740003505352,4,2,2,-7.0,19.0,-7.0,-3.0
2887,main_green,main_green,55,23.0,9.688885255245342,2,2,2,-7.0,19.0,-7.0,-3.0
2888,main_green,main_green,56,25.0,9.546968166676008,3,2,2,-7.0,19.0,-7.0,-3.0
2889,main_green,main_green,56,29.0,9.857605098171671,4,2,2,-7.0,19.0,-7.0,-3.0
2890,main_green,main_green,56,33.0,10.236757997886349,4,2,2,-7.0,19.0,-7.0,-3.0
2891,main_green,main_green,57,38.0,10.391988976434547,6,2,2,-7.0,19.0,-7.0,-3.0
2892,main_green,main_green,60,44.0,9.773564951867769,11,2,2,-7.0,19.0,-7.0,-3.0
2893,main_green,main_green,59,50.0,10.01672084947893,6,2,2,-7.0,19.0,-7.0,-3.0
2894,main_green,main_green,57,56.0,10.21516475030282,6,2,2,-7.0,19.0,-7.0,-3.0
2895,main_green,main_green,56,62.0,10.390591919904304,6,2,2,-7.0,19.0,-7.0,-3.0
2896,main_green,main_green,56,68.0,10.09330114988949,8,2,2,-2.0,12.0,-1.0,5.0
2897,main_green,main_green,54,74.0,10.04828879529398,6,2,2,-2.0,12.0,-1.0,5.0
2898,main_green,main_green,53,80.0,10.056359020604415,6,2,2,-2.0,12.0,-1.0,5.0
2899,main_green,main_green,53,87.0,10.09235175978559,7,2,2,-2.0,12.0,-1.0,5.0
2900,main_green,main_green,54,95.0,9.914558632593739,9,2,2,-2.0,12.0,-1.0,5.0
2901,main_green,main_green,53,104.0,9.75085067800587,10,2,2,-2.0,12.0,-1.0,5.0
2902,main_green,main_green,52,114.0,9.721074054427836,10,2,2,-2.0,12.0,-1.0,5.0
2903,main_green,main_green,51,124.0,9.775292626061471,10,2,2,-2.0,12.0,-1.0,5.0
2904,main_green,main_green,55,134.0,9.02931985413952,15,2,2,-2.0,12.0,-1.0,5.0
2905,main_green,main_green,54,144.0,9.201671757610374,10,2,2,-2.0,12.0,-1.0,5.0
2906,main_green,main_green,54,154.0,9.192224563697286,11,2,2,0.0,4.0,12.0,18.0
2907,main_green,main_green,54,164.0,9.408118533225514,10,2,2,0.0,4.0,12.0,18.0
2908,main_green,main_green,55,174.0,9.25745131146326,11,2,2,0.0,4.0,12.0,18.0
2909,main_green,main_green,55,184.0,9.357879961628376,10,2,2,0.0,4.0,12.0,18.0
2910,main_green,main_green,55,194.0,9.297618799691326,10,2,2,0.0,4.0,12.0,18.0
2911,main_green,main_green,55,204.0,8.98914097347181,11,2,2,0.0,4.0,12.0,18.0
2912,main_green,main_green,54,215.0,8.729385721968484,12,2,2,0.0,4.0,12.0,18.0
2913,main_green,main_green,54,229.0,8.91401608858114,14,2,2,0.0,4.0,12.0,18.0
2914,main_green,main_green,54,243.0,9.030384908305642,14,2,2,0.0,4.0,12.0,18.0
2915,main_green,main_green,53,257.0,8.985026722267678,14,2,2,0.0,4.0,12.0,18.0
2916,main_green,main_green,56,271.0,8.136127521054167,19,2,2,2.0,6.0,13.0,15.0
2917,main_green,main_green,57,285.0,8.203485883417693,15,2,2,2.0,6.0,13.0,15.0
2918,main_green,main_green,57,299.0,8.507902223039885,14,2,2,2.0,6.0,13.0,15.0
2919,main_green,main_green,57,313.0,8.769704136237774,14,2,2,2.0,6.0,13.0,15.0
2920,main_green,main_green,58,327.0,8.811683901411776,15,2,2,2.0,6.0,13.0,15.0
2921,main_green,main_green,58,341.0,8.804206450364507,14,2,2,2.0,6.0,13.0,15.0
2922,main_green,main_green,58,355.0,8.661727195051144,15,2,2,2.0,6.0,13.0,15.0
2923,main_green,main_green,58,369.0,8.55530048204042,14,2,2,2.0,6.0,13.0,15.0
2924,main_green,main_green,58,384.0,8.352224104524321,16,2,2,2.0,6.0,13.0,15.0
2925,main_green,main_green,57,401.0,8.419417336464715,17,2,2,2.0,6.0,13.0,15.0
2926,yellow_transition,yellow_transition,56,419.0,8.360705343019417,18,3,3,10.0,12.0,13.0,9.0
2927,yellow_transition,yellow_transition,57,437.0,8.165399989387828,19,3,3,10.0,12.0,13.0,9.0
2928,yellow_transition,yellow_transition,61,455.0,7.26661683704995,23,3,3,10.0,12.0,13.0,9.0
2929,main_green,side_green,61,286.0,7.754336851954261,14,2,0,10.0,12.0,13.0,9.0
2930,main_green,side_green,61,204.0,8.041993982206703,11,2,0,10.0,12.0,13.0,9.0
2931,main_green,side_green,61,200.0,8.372740004039265,9,2,0,10.0,12.0,13.0,9.0
2932,main_green,side_green,63,209.0,8.463119143436527,11,2,0,10.0,12.0,13.0,9.0
2933,main_green,side_green,62,218.0,8.676806830463372,9,2,0,10.0,12.0,13.0,9.0
2934,main_green,side_green,61,227.0,9.083039801613412,9,2,0,10.0,12.0,13.0,9.0
2935,main_green,side_green,60,239.0,9.42183754140511,12,2,0,10.0,12.0,13.0,9.0
2936,main_green,side_green,60,252.0,9.302468186126877,14,2,0,10.0,12.0,13.0,9.0
2937,main_green,side_green,61,265.0,9.301830545738408,14,2,0,10.0,12.0,13.0,9.0
2938,main_green,side_green,60,278.0,9.361413759109922,13,2,0,10.0,12.0,13.0,9.0
2939,yellow_transition,yellow_transition,59,291.0,9.291586867515042,13,3,1,14.0,12.0,-18.0,8.0
2940,yellow_transition,yellow_transition,64,305.0,8.426837779330377,19,3,1,14.0,12.0,-18.0,8.0
2941,yellow_transition,yellow_transition,64,319.0,8.231316274453915,14,3,1,14.0,12.0,-18.0,8.0
2942,side_green,main_green,64,112.0,8.126748961271941,7,0,2,14.0,12.0,-18.0,8.0
2943,side_green,main_green,63,20.0,8.399971998617444,4,0,2,14.0,12.0,-18.0,8.0
2944,side_green,main_green,63,4.0,8.880560930464684,3,0,2,14.0,12.0,-18.0,8.0
2945,side_green,main_green,63,6.0,9.38797708379884,2,0,2,14.0,12.0,-18.0,8.0
2946,side_green,main_green,63,8.0,9.891895201125298,2,0,2,14.0,12.0,-18.0,8.0
2947,side_green,main_green,62,12.0,9.987097987803962,5,0,2,14.0,12.0,-18.0,8.0
2948,side_green,main_green,61,17.0,10.09316213519086,6,0,2,14.0,12.0,-18.0,8.0
2949,side_green,main_green,58,23.0,10.250934343886653,6,0,2,14.0,12.0,-18.0,8.0
2950,side_green,main_green,57,29.0,10.374901100605985,6,0,2,14.0,12.0,-18.0,8.0
2951,side_green,main_green,53,36.0,10.417597244368194,7,0,2,14.0,12.0,-18.0,8.0
2952,yellow_transition,yellow_transition,58,43.0,9.579180800055912,12,1,3,-14.0,14.0,-7.0,3.0
2953,yellow_transition,yellow_transition,57,51.0,9.549978497877522,9,1,3,-14.0,14.0,-7.0,3.0
2954,yellow_transition,yellow_transition,56,59.0,9.750671476667133,8,1,3,-14.0,14.0,-7.0,3.0
2955,main_green,main_green,56,24.0,9.969505431439865,4,2,2,-14.0,14.0,-7.0,3.0
2956,main_green,main_green,57,18.0,10.221537996108065,3,2,2,-14.0,14.0,-7.0,3.0
2957,main_green,main_green,57,20.0,10.469706448498464,2,2,2,-14.0,14.0,-7.0,3.0
2958,main_green,main_green,58,22.0,10.402496473970581,3,2,2,-14.0,14.0,-7.0,3.0
2959,main_green,main_green,58,24.0,10.488434775174994,2,2,2,-14.0,14.0,-7.0,3.0
2960,main_green,main_green,58,27.0,10.420624061051647,4,2,2,-14.0,14.0,-7.0,3.0
2961,main_green,main_green,57,32.0,10.624840024167378,5,2,2,-14.0,14.0,-7.0,3.0
2962,main_green,main_green,55,38.0,10.859503942849077,6,2,2,-14.0,14.0,-7.0,3.0
2963,main_green,main_green,52,44.0,10.796947353361306,7,2,2,-14.0,14.0,-7.0,3.0
2964,main_green,main_green,57,50.0,9.998445114671682,11,2,2,-14.0,14.0,-7.0,3.0
2965,main_green,main_green,53,56.0,10.020705918827794,6,2,2,-3.0,13.0,0.0,6.0
2966,main_green,main_green,52,62.0,10.195584116664982,6,2,2,-3.0,13.0,0.0,6.0
2967,main_green,main_green,51,68.0,10.431653025394466,6,2,2,-3.0,13.0,0.0,6.0
2968,main_green,main_green,51,74.0,10.117119888045945,8,2,2,-3.0,13.0,0.0,6.0
2969,main_green,main_green,51,80.0,10.210399540859653,6,2,2,-3.0,13.0,0.0,6.0
2970,main_green,main_green,50,86.0,10.240232629031214,6,2,2,-3.0,13.0,0.0,6.0
2971,main_green,main_green,50,94.0,10.156115334569954,8,2,2,-3.0,13.0,0.0,6.0
2972,main_green,main_green,50,103.0,9.947431237918305,10,2,2,-3.0,13.0,0.0,6.0
2973,main_green,main_green,50,112.0,9.767113410348408,10,2,2,-3.0,13.0,0.0,6.0
2974,main_green,main_green,50,121.0,9.876034780124831,9,2,2,-3.0,13.0,0.0,6.0
2975,main_green,main_green,49,131.0,9.975016965457447,10,2,2,-4.0,4.0,8.0,20.0
2976,main_green,main_green,54,141.0,9.043836183255936,15,2,2,-4.0,4.0,8.0,20.0
2977,main_green,main_green,54,151.0,9.32590976192394,10,2,2,-4.0,4.0,8.0,20.0
2978,main_green,main_green,55,161.0,9.384802675041936,11,2,2,-4.0,4.0,8.0,20.0
2979,main_green,main_green,54,171.0,9.435490413861974,10,2,2,-4.0,4.0,8.0,20.0
2980,main_green,main_green,55,181.0,9.459761115376704,11,2,2,-4.0,4.0,8.0,20.0
2981,main_green,main_green,55,191.0,9.342675049646456,10,2,2,-4.0,4.0,8.0,20.0
2982,main_green,main_green,54,201.0,9.301747060380846,10,2,2,-4.0,4.0,8.0,20.0
2983,main_green,main_green,52,211.0,9.03604648747658,11,2,2,-4.0,4.0,8.0,20.0
2984,main_green,main_green,52,224.0,8.84932956020526,14,2,2,-4.0,4.0,8.0,20.0
2985,main_green,main_green,52,238.0,8.882346848609812,14,2,2,3.0,7.0,14.0,20.0
2986,main_green,main_green,52,252.0,9.081938517220452,14,2,2,3.0,7.0,14.0,20.0
2987,main_green,main_green,52,266.0,9.187981467113762,14,2,2,3.0,7.0,14.0,20.0
2988,main_green,main_green,57,280.0,8.457260951639078,19,2,2,3.0,7.0,14.0,20.0
2989,main_green,main_green,58,294.0,8.610102220446764,15,2,2,3.0,7.0,14.0,20.0
2990,main_green,main_green,57,308.0,8.737931863558154,14,2,2,3.0,7.0,14.0,20.0
2991,main_green,main_green,56,322.0,8.64131685668305,14,2,2,3.0,7.0,14.0,20.0
2992,main_green,main_green,57,336.0,8.612405023664694,15,2,2,3.0,7.0,14.0,20.0
2993,main_green,main_green,56,350.0,8.409810777658828,14,2,2,3.0,7.0,14.0,20.0
2994,main_green,main_green,56,365.0,8.410249391067817,16,2,2,3.0,7.0,14.0,20.0
2995,yellow_transition,yellow_transition,56,381.0,8.459919168527657,16,3,3,11.0,13.0,11.0,7.0
2996,yellow_transition,yellow_transition,57,398.0,8.290670281050248,18,3,3,11.0,13.0,11.0,7.0
2997,yellow_transition,yellow_transition,57,415.0,8.251700167271716,17,3,3,11.0,13.0,11.0,7.0
2998,main_green,side_green,56,254.0,8.368188288577176,14,2,0,11.0,13.0,11.0,7.0
2999,main_green,side_green,57,183.0,8.44901581326096,11,2,0,11.0,13.0,11.0,7.0
3000,main_green,side_green,62,181.0,8.151562397463609,13,2,0,11.0,13.0,11.0,7.0
3001,main_green,side_green,62,189.0,8.557168970001488,8,2,0,11.0,13.0,11.0,7.0
3002,main_green,side_green,62,199.0,9.02746458952031,10,2,0,11.0,13.0,11.0,7.0
3003,main_green,side_green,61,209.0,9.311926280499462,10,2,0,11.0,13.0,11.0,7.0
3004,main_green,side_green,61,219.0,9.161914379106438,12,2,0,11.0,13.0,11.0,7.0
3005,main_green,side_green,61,230.0,9.40383867089983,11,2,0,11.0,13.0,11.0,7.0
3006,main_green,side_green,60,241.0,9.418571105203748,11,2,0,11.0,13.0,11.0,7.0
3007,main_green,side_green,60,253.0,9.5716915751935,12,2,0,11.0,13.0,11.0,7.0
3008,yellow_transition,yellow_transition,59,265.0,9.285907843328966,13,3,1,12.0,6.0,-17.0,9.0
3009,yellow_transition,yellow_transition,60,278.0,8.997236272652541,14,3,1,12.0,6.0,-17.0,9.0
3010,yellow_transition,yellow_transition,59,292.0,8.782524512992492,14,3,1,12.0,6.0,-17.0,9.0
3011,side_green,main_green,59,95.0,8.925469891399127,6,0,2,12.0,6.0,-17.0,9.0
3012,side_green,main_green,61,11.0,8.275175976115168,8,0,2,12.0,6.0,-17.0,9.0
3013,side_green,main_green,61,3.0,8.703869439804633,2,0,2,12.0,6.0,-17.0,9.0
3014,side_green,main_green,62,5.0,9.169528920276173,3,0,2,12.0,6.0,-17.0,9.0
3015,side_green,main_green,62,8.0,9.505764319662175,3,0,2,12.0,6.0,-17.0,9.0
3016,side_green,main_green,61,11.0,9.86031192804905,4,0,2,12.0,6.0,-17.0,9.0
3017,side_green,main_green,60,14.0,10.241770435529324,3,0,2,12.0,6.0,-17.0,9.0
3018,side_green,main_green,57,18.0,10.434938253001688,4,0,2,12.0,6.0,-17.0,9.0
3019,side_green,main_green,55,25.0,10.269170727509238,8,0,2,12.0,6.0,-17.0,9.0
3020,side_green,main_green,56,32.0,10.215539041368075,8,0,2,12.0,6.0,-17.0,9.0
3021,yellow_transition,yellow_transition,53,39.0,10.201077044109253,7,1,3,-12.0,18.0,-9.0,-1.0
3022,yellow_transition,yellow_transition,53,47.0,10.135675489942864,8,1,3,-12.0,18.0,-9.0,-1.0
3023,yellow_transition,yellow_transition,50,56.0,9.967904587669048,9,1,3,-12.0,18.0,-9.0,-1.0
3024,main_green,main_green,54,23.0,9.072308693494485,10,2,2,-12.0,18.0,-9.0,-1.0
3025,main_green,main_green,55,11.0,9.341162013137275,3,2,2,-12.0,18.0,-9.0,-1.0
3026,main_green,main_green,55,13.0,9.869573410448801,2,2,2,-12.0,18.0,-9.0,-1.0
3027,main_green,main_green,55,15.0,10.53751467099181,2,2,2,-12.0,18.0,-9.0,-1.0
3028,main_green,main_green,56,17.0,10.680018409777533,3,2,2,-12.0,18.0,-9.0,-1.0
3029,main_green,main_green,55,19.0,10.867164891969198,2,2,2,-12.0,18.0,-9.0,-1.0
3030,main_green,main_green,54,21.0,10.69132604724267,3,2,2,-12.0,18.0,-9.0,-1.0
3031,main_green,main_green,54,23.0,10.740104196701951,2,2,2,-12.0,18.0,-9.0,-1.0
3032,main_green,main_green,53,27.0,10.566778179762432,5,2,2,-12.0,18.0,-9.0,-1.0
3033,main_green,main_green,51,32.0,10.566855197270964,5,2,2,-12.0,18.0,-9.0,-1.0
3034,main_green,main_green,50,38.0,10.747026044339112,6,2,2,-6.0,12.0,-3.0,7.0
3035,main_green,main_green,48,44.0,10.488539498157206,7,2,2,-6.0,12.0,-3.0,7.0
3036,main_green,main_green,53,50.0,9.65699457860194,11,2,2,-6.0,12.0,-3.0,7.0
3037,main_green,main_green,51,56.0,9.872104807892931,6,2,2,-6.0,12.0,-3.0,7.0
3038,main_green,main_green,51,62.0,10.113722334421567,6,2,2,-6.0,12.0,-3.0,7.0
3039,main_green,main_green,50,68.0,10.34174505888765,6,2,2,-6.0,12.0,-3.0,7.0
3040,main_green,main_green,51,74.0,10.093134041823095,8,2,2,-6.0,12.0,-3.0,7.0
3041,main_green,main_green,51,80.0,10.302748901068002,6,2,2,-6.0,12.0,-3.0,7.0
3042,main_green,main_green,49,86.0,10.190586211203925,6,2,2,-6.0,12.0,-3.0,7.0
3043,main_green,main_green,49,94.0,10.121570742634681,8,2,2,-6.0,12.0,-3.0,7.0
3044,main_green,main_green,49,102.0,9.715270290581438,9,2,2,-4.0,6.0,8.0,20.0
3045,main_green,main_green,50,110.0,9.599418771192646,9,2,2,-4.0,6.0,8.0,20.0
3046,main_green,main_green,50,119.0,9.78252219499464,9,2,2,-4.0,6.0,8.0,20.0
3047,main_green,main_green,50,129.0,9.82371159047691,10,2,2,-4.0,6.0,8.0,20.0
3048,main_green,main_green,54,139.0,8.925514782134796,15,2,2,-4.0,6.0,8.0,20.0
3049,main_green,main_green,54,149.0,9.229759640351908,10,2,2,-4.0,6.0,8.0,20.0
3050,main_green,main_green,54,159.0,9.214390901120986,11,2,2,-4.0,6.0,8.0,20.0
3051,main_green,main_green,54,169.0,9.504515448656603,10,2,2,-4.0,6.0,8.0,20.0
3052,main_green,main_green,52,179.0,8.977821743678168,11,2,2,-4.0,6.0,8.0,20.0
3053,main_green,main_green,52,189.0,9.00215008680466,10,2,2,-4.0,6.0,8.0,20.0
3054,main_green,main_green,52,200.0,8.900202155736961,11,2,2,3.0,7.0,14.0,18.0
3055,main_green,main_green,53,212.0,8.890149200762423,13,2,2,3.0,7.0,14.0,18.0
3056,main_green,main_green,54,225.0,8.895620701300325,14,2,2,3.0,7.0,14.0,18.0
3057,main_green,main_green,54,239.0,8.945220421426674,14,2,2,3.0,7.0,14.0,18.0
3058,main_green,main_green,54,253.0,9.118913989214187,14,2,2,3.0,7.0,14.0,18.0
3059,main_green,main_green,54,267.0,9.134498552141906,14,2,2,3.0,7.0,14.0,18.0
3060,main_green,main_green,59,281.0,8.400699357301248,19,2,2,3.0,7.0,14.0,18.0
3061,main_green,main_green,59,295.0,8.427231493618617,15,2,2,3.0,7.0,14.0,18.0
3062,main_green,main_green,58,309.0,8.662688046082836,14,2,2,3.0,7.0,14.0,18.0
3063,main_green,main_green,58,323.0,8.833291231807536,14,2,2,3.0,7.0,14.0,18.0
3064,yellow_transition,yellow_transition,58,337.0,8.523237666419835,15,3,3,9.0,9.0,12.0,8.0
3065,yellow_transition,yellow_transition,57,351.0,8.42798178039724,14,3,3,9.0,9.0,12.0,8.0
3066,yellow_transition,yellow_transition,58,365.0,7.959675514164779,15,3,3,9.0,9.0,12.0,8.0
3067,main_green,side_green,58,216.0,8.234355141288999,11,2,0,9.0,9.0,12.0,8.0
3068,main_green,side_green,59,158.0,8.40157333676511,12,2,0,9.0,9.0,12.0,8.0
3069,main_green,side_green,59,164.0,8.740909320329516,9,2,0,9.0,9.0,12.0,8.0
3070,main_green,side_green,58,174.0,9.037171803748288,10,2,0,9.0,9.0,12.0,8.0
3071,main_green,side_green,59,184.0,9.245502938189151,11,2,0,9.0,9.0,12.0,8.0
3072,main_green,side_green,64,194.0,8.854920203340813,15,2,0,9.0,9.0,12.0,8.0
3073,main_green,side_green,64,204.0,9.106574937911638,10,2,0,9.0,9.0,12.0,8.0
3074,main_green,side_green,64,214.0,9.344220532103778,10,2,0,9.0,9.0,12.0,8.0
3075,main_green,side_green,64,225.0,9.484514138562268,11,2,0,9.0,9.0,12.0,8.0
3076,main_green,side_green,65,236.0,8.978701917378245,13,2,0,9.0,9.0,12.0,8.0
3077,yellow_transition,yellow_transition,62,247.0,8.601212007467568,11,3,1,11.0,5.0,-13.0,11.0
3078,yellow_transition,yellow_transition,62,259.0,8.57200092321358,12,3,1,11.0,5.0,-13.0,11.0
3079,yellow_transition,yellow_transition,60,274.0,8.252629891273136,15,3,1,11.0,5.0,-13.0,11.0
3080,side_green,main_green,59,87.0,8.117151800146257,9,0,2,11.0,5.0,-13.0,11.0
3081,side_green,main_green,59,8.0,8.293672806029218,5,0,2,11.0,5.0,-13.0,11.0
3082,side_green,main_green,59,5.0,8.671405752136623,3,0,2,11.0,5.0,-13.0,11.0
3083,side_green,main_green,57,9.0,9.167117819546418,4,0,2,11.0,5.0,-13.0,11.0
3084,side_green,main_green,62,13.0,9.03927318922485,9,0,2,11.0,5.0,-13.0,11.0
3085,side_green,main_green,61,17.0,9.658945362252961,4,0,2,11.0,5.0,-13.0,11.0
3086,side_green,main_green,60,21.0,10.042023943165942,5,0,2,11.0,5.0,-13.0,11.0
3087,side_green,main_green,57,25.0,10.415245129122162,4,0,2,11.0,5.0,-13.0,11.0
3088,side_green,main_green,56,29.0,10.560014158413233,5,0,2,11.0,5.0,-13.0,11.0
3089,side_green,main_green,55,34.0,10.737665711081098,5,0,2,11.0,5.0,-13.0,11.0
3090,yellow_transition,yellow_transition,55,39.0,10.654608665925897,5,1,3,-8.0,16.0,-3.0,3.0
3091,yellow_transition,yellow_transition,53,45.0,10.084901667237977,7,1,3,-8.0,16.0,-3.0,3.0
3092,yellow_transition,yellow_transition,53,51.0,9.59693909044437,7,1,3,-8.0,16.0,-3.0,3.0
3093,main_green,main_green,53,28.0,9.980685354542164,5,2,2,-8.0,16.0,-3.0,3.0
3094,main_green,main_green,53,31.0,10.2596245723733,4,2,2,-8.0,16.0,-3.0,3.0
3095,main_green,main_green,53,35.0,10.420308323457398,4,2,2,-8.0,16.0,-3.0,3.0
3096,main_green,main_green,57,39.0,9.680807442481308,9,2,2,-8.0,16.0,-3.0,3.0
3097,main_green,main_green,58,43.0,10.057851098565884,5,2,2,-8.0,16.0,-3.0,3.0
3098,main_green,main_green,56,47.0,10.418543824409886,4,2,2,-8.0,16.0,-3.0,3.0
3099,main_green,main_green,55,51.0,10.701517402892561,4,2,2,-8.0,16.0,-3.0,3.0
3100,main_green,main_green,55,55.0,10.689088174580787,5,2,2,-8.0,16.0,-3.0,3.0
3101,main_green,main_green,52,59.0,10.592173619655085,4,2,2,-8.0,16.0,-3.0,3.0
3102,main_green,main_green,52,63.0,10.330079244031907,5,2,2,-8.0,16.0,-3.0,3.0
3103,main_green,main_green,51,69.0,10.257739261319925,6,2,2,-3.0,15.0,0.0,6.0
3104,main_green,main_green,52,75.0,10.242505933203264,7,2,2,-3.0,15.0,0.0,6.0
3105,main_green,main_green,51,82.0,10.357782198291885,7,2,2,-3.0,15.0,0.0,6.0
3106,main_green,main_green,48,90.0,10.27102038395819,8,2,2,-3.0,15.0,0.0,6.0
3107,main_green,main_green,48,98.0,10.038781181029304,9,2,2,-3.0,15.0,0.0,6.0
3108,main_green,main_green,52,106.0,9.16532912637142,13,2,2,-3.0,15.0,0.0,6.0
3109,main_green,main_green,52,114.0,9.589878649342207,8,2,2,-3.0,15.0,0.0,6.0
3110,main_green,main_green,51,122.0,9.689417501850862,8,2,2,-3.0,15.0,0.0,6.0
3111,main_green,main_green,50,130.0,9.829516262268159,8,2,2,-3.0,15.0,0.0,6.0
3112,main_green,main_green,52,138.0,9.537267898674813,10,2,2,-3.0,15.0,0.0,6.0
3113,main_green,main_green,52,146.0,9.63306647844703,8,2,2,-2.0,10.0,11.0,15.0
3114,main_green,main_green,52,154.0,9.675811299752853,8,2,2,-2.0,10.0,11.0,15.0
3115,main_green,main_green,52,162.0,9.623534903070789,8,2,2,-2.0,10.0,11.0,15.0
3116,main_green,main_green,53,172.0,9.558905121280029,11,2,2,-2.0,10.0,11.0,15.0
3117,main_green,main_green,53,184.0,9.330951956423117,13,2,2,-2.0,10.0,11.0,15.0
3118,main_green,main_green,53,196.0,9.52071338328005,12,2,2,-2.0,10.0,11.0,15.0
3119,main_green,main_green,52,208.0,9.483169435255231,12,2,2,-2.0,10.0,11.0,15.0
3120,main_green,main_green,56,220.0,8.66215236610387,17,2,2,-2.0,10.0,11.0,15.0
3121,main_green,main_green,55,232.0,8.92362317934364,12,2,2,-2.0,10.0,11.0,15.0
3122,main_green,main_green,55,244.0,8.91518233397824,13,2,2,-2.0,10.0,11.0,15.0
3123,main_green,main_green,54,256.0,9.149974529253965,12,2,2,3.0,9.0,15.0,17.0
3124,main_green,main_green,55,268.0,8.842973163523578,13,2,2,3.0,9.0,15.0,17.0
3125,main_green,main_green,55,280.0,8.728228529249137,12,2,2,3.0,9.0,15.0,17.0
3126,main_green,main_green,55,292.0,8.740639967671717,12,2,2,3.0,9.0,15.0,17.0
3127,main_green,main_green,56,306.0,8.658951904230287,15,2,2,3.0,9.0,15.0,17.0
3128,main_green,main_green,57,321.0,8.53247750567476,16,2,2,3.0,9.0,15.0,17.0
3129,main_green,main_green,56,337.0,8.60813444118505,16,2,2,3.0,9.0,15.0,17.0
3130,main_green,main_green,56,353.0,8.824141779615967,16,2,2,3.0,9.0,15.0,17.0
3131,main_green,main_green,55,369.0,8.773082996562223,16,2,2,3.0,9.0,15.0,17.0
3132,main_green,main_green,59,385.0,7.946515327758788,21,2,2,3.0,9.0,15.0,17.0
3133,yellow_transition,yellow_transition,59,401.0,8.02187550616435,17,3,3,8.0,10.0,17.0,9.0
3134,yellow_transition,yellow_transition,58,417.0,8.042555462714203,16,3,3,8.0,10.0,17.0,9.0
3135,yellow_transition,yellow_transition,58,433.0,8.03197996265711,16,3,3,8.0,10.0,17.0,9.0
3136,main_green,side_green,58,250.0,8.019645556723944,13,2,0,8.0,10.0,17.0,9.0
3137,main_green,side_green,58,151.0,8.304738907159763,8,2,0,8.0,10.0,17.0,9.0
3138,main_green,side_green,59,136.0,8.53296898633555,7,2,0,8.0,10.0,17.0,9.0
3139,main_green,side_green,59,143.0,8.616332569886358,7,2,0,8.0,10.0,17.0,9.0
3140,main_green,side_green,60,150.0,8.665848714403014,8,2,0,8.0,10.0,17.0,9.0
3141,main_green,side_green,60,159.0,8.972107949479346,9,2,0,8.0,10.0,17.0,9.0
3142,main_green,side_green,58,169.0,9.153441506221267,10,2,0,8.0,10.0,17.0,9.0
3143,main_green,side_green,59,179.0,9.097525206878117,11,2,0,8.0,10.0,17.0,9.0
3144,main_green,side_green,63,191.0,8.457288211639655,17,2,0,8.0,10.0,17.0,9.0
3145,main_green,side_green,63,203.0,8.750330896763732,12,2,0,8.0,10.0,17.0,9.0
3146,yellow_transition,yellow_transition,62,216.0,8.752158936310321,13,3,1,10.0,4.0,-11.0,13.0
3147,yellow_transition,yellow_transition,61,230.0,8.777447071773608,14,3,1,10.0,4.0,-11.0,13.0
3148,yellow_transition,yellow_transition,63,244.0,8.469661501957937,16,3,1,10.0,4.0,-11.0,13.0
3149,side_green,main_green,62,73.0,8.70083108110589,7,0,2,10.0,4.0,-11.0,13.0
3150,side_green,main_green,62,3.0,8.917462523020712,2,0,2,10.0,4.0,-11.0,13.0
3151,side_green,main_green,61,0.0,9.00244339769008,0,0,2,10.0,4.0,-11.0,13.0
3152,side_green,main_green,62,0.0,9.237464781522597,1,0,2,10.0,4.0,-11.0,13.0
3153,side_green,main_green,62,2.0,9.386407582545939,3,0,2,10.0,4.0,-11.0,13.0
3154,side_green,main_green,61,6.0,9.736719840842616,4,0,2,10.0,4.0,-11.0,13.0
3155,side_green,main_green,58,10.0,9.938938892187606,4,0,2,10.0,4.0,-11.0,13.0
3156,side_green,main_green,62,14.0,9.618662601775203,9,0,2,10.0,4.0,-11.0,13.0
3157,side_green,main_green,57,20.0,9.756322729171535,6,0,2,10.0,4.0,-11.0,13.0
3158,side_green,main_green,57,27.0,9.890963726632197,8,0,2,10.0,4.0,-11.0,13.0
3159,yellow_transition,yellow_transition,53,34.0,9.869711382721883,7,1,3,-7.0,17.0,-5.0,1.0
3160,yellow_transition,yellow_transition,54,41.0,9.660723220071267,8,1,3,-7.0,17.0,-5.0,1.0
3161,yellow_transition,yellow_transition,54,48.0,9.377622362988213,7,1,3,-7.0,17.0,-5.0,1.0
3162,main_green,main_green,53,25.0,9.696047485288236,4,2,2,-7.0,17.0,-5.0,1.0
3163,main_green,main_green,54,22.0,9.809281661427848,4,2,2,-7.0,17.0,-5.0,1.0
3164,main_green,main_green,55,25.0,9.769239421047525,4,2,2,-7.0,17.0,-5.0,1.0
3165,main_green,main_green,55,29.0,10.07676547039107,4,2,2,-7.0,17.0,-5.0,1.0
3166,main_green,main_green,55,34.0,10.436208119145196,5,2,2,-7.0,17.0,-5.0,1.0
3167,main_green,main_green,54,40.0,10.575709450003032,6,2,2,-7.0,17.0,-5.0,1.0
3168,main_green,main_green,56,46.0,9.77820538977312,11,2,2,-7.0,17.0,-5.0,1.0
3169,main_green,main_green,57,52.0,10.04041246298026,7,2,2,-7.0,17.0,-5.0,1.0
3170,main_green,main_green,53,58.0,10.055356850464836,6,2,2,-7.0,17.0,-5.0,1.0
3171,main_green,main_green,53,64.0,10.337533267144922,6,2,2,-7.0,17.0,-5.0,1.0
3172,main_green,main_green,52,70.0,10.051392665585825,7,2,2,2.0,16.0,-1.0,3.0
3173,main_green,main_green,52,76.0,10.097178399690632,6,2,2,2.0,16.0,-1.0,3.0
3174,main_green,main_green,53,82.0,9.81736789362906,7,2,2,2.0,16.0,-1.0,3.0
3175,main_green,main_green,53,88.0,9.78246353678097,6,2,2,2.0,16.0,-1.0,3.0
3176,main_green,main_green,54,96.0,9.754443622028802,9,2,2,2.0,16.0,-1.0,3.0
3177,main_green,main_green,53,106.0,9.8415730516929,10,2,2,2.0,16.0,-1.0,3.0
3178,main_green,main_green,52,116.0,9.816155592302733,10,2,2,2.0,16.0,-1.0,3.0
3179,main_green,main_green,52,126.0,9.683068564650188,11,2,2,2.0,16.0,-1.0,3.0
3180,main_green,main_green,56,136.0,8.908804037293782,15,2,2,2.0,16.0,-1.0,3.0
3181,main_green,main_green,55,146.0,9.177851694208309,10,2,2,2.0,16.0,-1.0,3.0
3182,main_green,main_green,54,156.0,9.411413214742707,10,2,2,2.0,6.0,11.0,19.0
3183,main_green,main_green,54,166.0,9.512528269273771,10,2,2,2.0,6.0,11.0,19.0
3184,main_green,main_green,56,176.0,9.225615716156586,12,2,2,2.0,6.0,11.0,19.0
3185,main_green,main_green,56,186.0,9.387106074721355,10,2,2,2.0,6.0,11.0,19.0
3186,main_green,main_green,56,196.0,9.254820100214177,10,2,2,2.0,6.0,11.0,19.0
3187,main_green,main_green,55,209.0,9.187373312668132,13,2,2,2.0,6.0,11.0,19.0
3188,main_green,main_green,54,222.0,8.930590038395724,14,2,2,2.0,6.0,11.0,19.0
3189,main_green,main_green,54,235.0,8.793071362349066,14,2,2,2.0,6.0,11.0,19.0
3190,main_green,main_green,53,249.0,8.775215147504033,14,2,2,2.0,6.0,11.0,19.0
3191,main_green,main_green,52,263.0,8.939774604908623,14,2,2,2.0,6.0,11.0,19.0
3192,main_green,main_green,56,277.0,8.123083131519016,19,2,2,1.0,5.0,14.0,18.0
3193,main_green,main_green,56,291.0,8.395704232507788,14,2,2,1.0,5.0,14.0,18.0
3194,main_green,main_green,57,305.0,8.423547221950061,15,2,2,1.0,5.0,14.0,18.0
3195,main_green,main_green,57,319.0,8.634567452550643,14,2,2,1.0,5.0,14.0,18.0
3196,main_green,main_green,58,333.0,8.654347534652617,15,2,2,1.0,5.0,14.0,18.0
3197,main_green,main_green,58,347.0,8.586525814561142,14,2,2,1.0,5.0,14.0,18.0
3198,main_green,main_green,57,361.0,8.507717583128386,14,2,2,1.0,5.0,14.0,18.0
3199,main_green,main_green,58,375.0,8.38524204069966,15,2,2,1.0,5.0,14.0,18.0
3200,main_green,main_green,58,392.0,8.165977268568788,18,2,2,1.0,5.0,14.0,18.0
3201,main_green,main_green,58,409.0,8.218003761984825,17,2,2,1.0,5.0,14.0,18.0
3202,yellow_transition,yellow_transition,58,427.0,8.332935945651744,18,3,3,9.0,13.0,12.0,8.0
3203,yellow_transition,yellow_transition,58,445.0,8.315037600731934,18,3,3,9.0,13.0,12.0,8.0
3204,yellow_transition,yellow_transition,62,463.0,7.353617168225065,23,3,3,9.0,13.0,12.0,8.0
3205,main_green,side_green,62,297.0,7.448248060761211,15,2,0,9.0,13.0,12.0,8.0
3206,main_green,side_green,62,211.0,7.9937152094965365,10,2,0,9.0,13.0,12.0,8.0
3207,main_green,side_green,62,207.0,8.333778693979767,10,2,0,9.0,13.0,12.0,8.0
3208,main_green,side_green,63,217.0,8.666213662232474,11,2,0,9.0,13.0,12.0,8.0
3209,main_green,side_green,62,227.0,8.938176710306642,10,2,0,9.0,13.0,12.0,8.0
3210,main_green,side_green,62,237.0,9.044690031978611,11,2,0,9.0,13.0,12.0,8.0
3211,main_green,side_green,62,248.0,9.14169071584034,11,2,0,9.0,13.0,12.0,8.0
3212,main_green,side_green,62,260.0,8.910284915284224,13,2,0,9.0,13.0,12.0,8.0
3213,main_green,side_green,60,273.0,8.846428828760454,13,2,0,9.0,13.0,12.0,8.0
3214,main_green,side_green,59,288.0,8.770275828307941,15,2,0,9.0,13.0,12.0,8.0
3215,yellow_transition,yellow_transition,60,303.0,8.6620921013384,16,3,1,12.0,4.0,-15.0,11.0
3216,yellow_transition,yellow_transition,64,318.0,8.079468275205347,20,3,1,12.0,4.0,-15.0,11.0
3217,yellow_transition,yellow_transition,64,334.0,8.130122559392825,16,3,1,12.0,4.0,-15.0,11.0
3218,side_green,main_green,63,120.0,8.414537504720467,8,0,2,12.0,4.0,-15.0,11.0
3219,side_green,main_green,63,16.0,8.794188250423558,2,0,2,12.0,4.0,-15.0,11.0
3220,side_green,main_green,64,0.0,8.876276878553632,2,0,2,12.0,4.0,-15.0,11.0
3221,side_green,main_green,63,0.0,9.243084773576324,0,0,2,12.0,4.0,-15.0,11.0
3222,side_green,main_green,63,0.0,9.86178787330339,0,0,2,12.0,4.0,-15.0,11.0
3223,side_green,main_green,63,1.0,10.383209772648666,1,0,2,12.0,4.0,-15.0,11.0
3224,side_green,main_green,61,4.0,10.533816546990074,4,0,2,12.0,4.0,-15.0,11.0
3225,side_green,main_green,61,8.0,10.64911984882972,5,0,2,12.0,4.0,-15.0,11.0
3226,side_green,main_green,58,13.0,11.026718451385534,5,0,2,12.0,4.0,-15.0,11.0
3227,side_green,main_green,56,18.0,11.028999334212175,5,0,2,12.0,4.0,-15.0,11.0
3228,yellow_transition,yellow_transition,58,23.0,9.767476055700941,10,1,3,-14.0,14.0,-10.0,-2.0
3229,yellow_transition,yellow_transition,57,28.0,9.842420447535877,5,1,3,-14.0,14.0,-10.0,-2.0
3230,yellow_transition,yellow_transition,56,35.0,9.586780696398671,8,1,3,-14.0,14.0,-10.0,-2.0
3231,main_green,main_green,56,18.0,9.787044785233789,4,2,2,-14.0,14.0,-10.0,-2.0
3232,main_green,main_green,57,17.0,10.034591845531388,3,2,2,-14.0,14.0,-10.0,-2.0
3233,main_green,main_green,57,19.0,10.241464716730933,2,2,2,-14.0,14.0,-10.0,-2.0
3234,main_green,main_green,57,21.0,10.513718859753563,2,2,2,-14.0,14.0,-10.0,-2.0
3235,main_green,main_green,58,23.0,10.606653096563894,3,2,2,-14.0,14.0,-10.0,-2.0
3236,main_green,main_green,54,25.0,10.505431219535357,3,2,2,-14.0,14.0,-10.0,-2.0
3237,main_green,main_green,53,30.0,10.633978756312976,5,2,2,-14.0,14.0,-10.0,-2.0
3238,main_green,main_green,52,35.0,10.738605920882446,5,2,2,-14.0,14.0,-10.0,-2.0
3239,main_green,main_green,51,40.0,10.822928751251242,5,2,2,-14.0,14.0,-10.0,-2.0
3240,main_green,main_green,54,45.0,9.786383728990586,10,2,2,-14.0,14.0,-10.0,-2.0
3241,main_green,main_green,54,51.0,9.986757153480346,7,2,2,0.0,16.0,0.0,4.0
3242,main_green,main_green,53,57.0,10.080052823062632,6,2,2,0.0,16.0,0.0,4.0
3243,main_green,main_green,52,63.0,10.30188197580667,6,2,2,0.0,16.0,0.0,4.0
3244,main_green,main_green,50,69.0,10.113495094237965,7,2,2,0.0,16.0,0.0,4.0
3245,main_green,main_green,49,75.0,10.02700145641421,6,2,2,0.0,16.0,0.0,4.0
3246,main_green,main_green,50,81.0,9.85208679464635,7,2,2,0.0,16.0,0.0,4.0
3247,main_green,main_green,49,88.0,9.725585864471682,7,2,2,0.0,16.0,0.0,4.0
3248,main_green,main_green,50,97.0,9.642103228401755,10,2,2,0.0,16.0,0.0,4.0
3249,main_green,main_green,50,107.0,9.723724905334704,10,2,2,0.0,16.0,0.0,4.0
3250,main_green,main_green,48,117.0,9.68281230389662,10,2,2,0.0,16.0,0.0,4.0
3251,main_green,main_green,48,127.0,9.582727259263406,11,2,2,-3.0,5.0,9.0,19.0
3252,main_green,main_green,53,137.0,8.750242756855934,15,2,2,-3.0,5.0,9.0,19.0
3253,main_green,main_green,53,147.0,9.087124520779644,10,2,2,-3.0,5.0,9.0,19.0
3254,main_green,main_green,53,157.0,9.31850189595392,10,2,2,-3.0,5.0,9.0,19.0
3255,main_green,main_green,52,167.0,9.40625893549081,10,2,2,-3.0,5.0,9.0,19.0
3256,main_green,main_green,54,177.0,8.914759301849749,12,2,2,-3.0,5.0,9.0,19.0
3257,main_green,main_green,53,187.0,8.99547877283733,10,2,2,-3.0,5.0,9.0,19.0
3258,main_green,main_green,53,197.0,9.07545705201552,10,2,2,-3.0,5.0,9.0,19.0
3259,main_green,main_green,52,208.0,8.958561491870825,11,2,2,-3.0,5.0,9.0,19.0
3260,main_green,main_green,53,221.0,8.894255472591587,14,2,2,-3.0,5.0,9.0,19.0
3261,main_green,main_green,54,235.0,8.77642868062337,15,2,2,1.0,7.0,14.0,16.0
3262,main_green,main_green,53,249.0,8.855460915492268,14,2,2,1.0,7.0,14.0,16.0
3263,main_green,main_green,53,263.0,9.04886008520198,14,2,2,1.0,7.0,14.0,16.0
3264,main_green,main_green,58,277.0,8.327187397497191,19,2,2,1.0,7.0,14.0,16.0
3265,main_green,main_green,58,291.0,8.587779991928533,14,2,2,1.0,7.0,14.0,16.0
3266,main_green,main_green,59,305.0,8.63768969405372,15,2,2,1.0,7.0,14.0,16.0
3267,main_green,main_green,58,319.0,8.731630161670823,14,2,2,1.0,7.0,14.0,16.0
3268,main_green,main_green,59,333.0,8.618316009882385,15,2,2,1.0,7.0,14.0,16.0
3269,main_green,main_green,58,347.0,8.434276067248506,14,2,2,1.0,7.0,14.0,16.0
3270,main_green,main_green,58,361.0,8.472394771354095,14,2,2,1.0,7.0,14.0,16.0
3271,yellow_transition,yellow_transition,57,377.0,8.23970054198726,17,3,3,7.0,7.0,13.0,11.0
3272,yellow_transition,yellow_transition,58,393.0,8.033034982749122,17,3,3,7.0,7.0,13.0,11.0
3273,yellow_transition,yellow_transition,58,410.0,8.049439810463095,17,3,3,7.0,7.0,13.0,11.0
3274,main_green,side_green,58,255.0,8.213180961204024,14,2,0,7.0,7.0,13.0,11.0
3275,main_green,side_green,58,181.0,8.557945277494843,10,2,0,7.0,7.0,13.0,11.0
3276,main_green,side_green,63,181.0,8.073765112261752,13,2,0,7.0,7.0,13.0,11.0
3277,main_green,side_green,64,190.0,8.260761791452605,10,2,0,7.0,7.0,13.0,11.0
3278,main_green,side_green,62,199.0,8.76368786893065,9,2,0,7.0,7.0,13.0,11.0
3279,main_green,side_green,62,208.0,9.068314785103016,9,2,0,7.0,7.0,13.0,11.0
3280,main_green,side_green,61,219.0,8.953087290469371,12,2,0,7.0,7.0,13.0,11.0
3281,main_green,side_green,61,230.0,9.033137498137387,11,2,0,7.0,7.0,13.0,11.0
3282,main_green,side_green,61,241.0,9.159150015148057,12,2,0,7.0,7.0,13.0,11.0
3283,main_green,side_green,61,253.0,9.420077583129052,12,2,0,7.0,7.0,13.0,11.0
3284,yellow_transition,yellow_transition,61,267.0,9.072042354883136,15,3,1,10.0,2.0,-15.0,13.0
3285,yellow_transition,yellow_transition,61,281.0,9.18123680525408,14,3,1,10.0,2.0,-15.0,13.0
3286,yellow_transition,yellow_transition,59,295.0,8.769982657680137,14,3,1,10.0,2.0,-15.0,13.0
3287,side_green,main_green,60,98.0,8.900694070015886,8,0,2,10.0,2.0,-15.0,13.0
3288,side_green,main_green,64,11.0,8.452026690027353,7,0,2,10.0,2.0,-15.0,13.0
3289,side_green,main_green,63,0.0,8.96056961384704,0,0,2,10.0,2.0,-15.0,13.0
3290,side_green,main_green,63,0.0,9.581382410955557,0,0,2,10.0,2.0,-15.0,13.0
3291,side_green,main_green,61,1.0,10.039673621801242,1,0,2,10.0,2.0,-15.0,13.0
3292,side_green,main_green,62,2.0,10.364032667602237,3,0,2,10.0,2.0,-15.0,13.0
3293,side_green,main_green,61,4.0,10.878539124336285,2,0,2,10.0,2.0,-15.0,13.0
3294,side_green,main_green,59,6.0,11.057783336197186,2,0,2,10.0,2.0,-15.0,13.0
3295,side_green,main_green,56,9.0,10.966493181558054,3,0,2,10.0,2.0,-15.0,13.0
3296,side_green,main_green,56,13.0,10.577059895268357,5,0,2,10.0,2.0,-15.0,13.0
3297,yellow_transition,yellow_transition,54,18.0,10.445775503811316,6,1,3,-14.0,14.0,-8.0,-2.0
3298,yellow_transition,yellow_transition,53,24.0,10.596491225985009,6,1,3,-14.0,14.0,-8.0,-2.0
3299,yellow_transition,yellow_transition,52,30.0,10.689569328819696,6,1,3,-14.0,14.0,-8.0,-2.0
3300,main_green,main_green,56,14.0,9.798218479932544,8,2,2,-14.0,14.0,-8.0,-2.0
3301,main_green,main_green,55,10.0,9.906595622381086,2,2,2,-14.0,14.0,-8.0,-2.0
3302,main_green,main_green,56,12.0,10.228247386192223,3,2,2,-14.0,14.0,-8.0,-2.0
3303,main_green,main_green,56,14.0,10.686690995493231,2,2,2,-14.0,14.0,-8.0,-2.0
3304,main_green,main_green,57,16.0,10.81750018688413,3,2,2,-14.0,14.0,-8.0,-2.0
3305,main_green,main_green,54,18.0,10.954680020391903,2,2,2,-14.0,14.0,-8.0,-2.0
3306,main_green,main_green,52,20.0,10.887731968937759,2,2,2,-14.0,14.0,-8.0,-2.0
3307,main_green,main_green,51,22.0,10.706864010688754,3,2,2,-14.0,14.0,-8.0,-2.0
3308,main_green,main_green,50,25.0,10.515759381833556,4,2,2,-14.0,14.0,-8.0,-2.0
3309,main_green,main_green,48,30.0,10.534676418082581,5,2,2,-14.0,14.0,-8.0,-2.0
3310,main_green,main_green,46,36.0,10.514706326411725,6,2,2,-2.0,18.0,-4.0,6.0
3311,main_green,main_green,46,42.0,10.680121585298334,6,2,2,-2.0,18.0,-4.0,6.0
3312,main_green,main_green,51,48.0,9.658459030624728,11,2,2,-2.0,18.0,-4.0,6.0
3313,main_green,main_green,51,54.0,9.695917117621972,7,2,2,-2.0,18.0,-4.0,6.0
3314,main_green,main_green,51,60.0,9.939139333191644,6,2,2,-2.0,18.0,-4.0,6.0
3315,main_green,main_green,50,66.0,10.060491064501164,6,2,2,-2.0,18.0,-4.0,6.0
3316,main_green,main_green,50,72.0,9.976863051908097,7,2,2,-2.0,18.0,-4.0,6.0
3317,main_green,main_green,49,78.0,9.917262509056766,6,2,2,-2.0,18.0,-4.0,6.0
3318,main_green,main_green,49,84.0,9.66495179932404,7,2,2,-2.0,18.0,-4.0,6.0
3319,main_green,main_green,49,92.0,9.696072880383781,8,2,2,-2.0,18.0,-4.0,6.0
3320,main_green,main_green,50,101.0,9.443762826395744,10,2,2,-2.0,6.0,8.0,20.0
3321,main_green,main_green,50,110.0,9.480120809382425,9,2,2,-2.0,6.0,8.0,20.0
3322,main_green,main_green,50,119.0,9.637812279465969,9,2,2,-2.0,6.0,8.0,20.0
3323,main_green,main_green,51,129.0,9.576717989042953,11,2,2,-2.0,6.0,8.0,20.0
3324,main_green,main_green,56,139.0,8.794621947207697,15,2,2,-2.0,6.0,8.0,20.0
3325,main_green,main_green,54,149.0,8.985903050886495,10,2,2,-2.0,6.0,8.0,20.0
3326,main_green,main_green,54,159.0,9.264595368095456,10,2,2,-2.0,6.0,8.0,20.0
3327,main_green,main_green,52,169.0,9.396481093141666,10,2,2,-2.0,6.0,8.0,20.0
3328,main_green,main_green,53,179.0,9.031747693807532,12,2,2,-2.0,6.0,8.0,20.0
3329,main_green,main_green,53,189.0,9.084893858836049,10,2,2,-2.0,6.0,8.0,20.0
3330,main_green,main_green,53,199.0,9.203456740585647,10,2,2,4.0,14.0,11.0,15.0
3331,main_green,main_green,53,209.0,9.181453775128215,10,2,2,4.0,14.0,11.0,15.0
3332,main_green,main_green,53,221.0,8.931625370933057,13,2,2,4.0,14.0,11.0,15.0
3333,main_green,main_green,54,234.0,8.8721184400636,14,2,2,4.0,14.0,11.0,15.0
3334,main_green,main_green,54,248.0,8.950011497645342,14,2,2,4.0,14.0,11.0,15.0
3335,main_green,main_green,54,262.0,9.137714365331332,14,2,2,4.0,14.0,11.0,15.0
3336,main_green,main_green,57,276.0,8.247672951489612,19,2,2,4.0,14.0,11.0,15.0
3337,main_green,main_green,57,290.0,8.562655083844275,14,2,2,4.0,14.0,11.0,15.0
3338,main_green,main_green,58,304.0,8.532009357255053,15,2,2,4.0,14.0,11.0,15.0
3339,main_green,main_green,58,318.0,8.623821549140041,14,2,2,4.0,14.0,11.0,15.0
3340,yellow_transition,yellow_transition,59,332.0,8.513823255194932,15,3,3,8.0,8.0,13.0,11.0
3341,yellow_transition,yellow_transition,59,346.0,8.295346938812237,14,3,3,8.0,8.0,13.0,11.0
3342,yellow_transition,yellow_transition,57,361.0,8.0776534778962,15,3,3,8.0,8.0,13.0,11.0
3343,main_green,side_green,58,213.0,8.03592915961496,14,2,0,8.0,8.0,13.0,11.0
3344,main_green,side_green,58,151.0,8.150216688064383,10,2,0,8.0,8.0,13.0,11.0
3345,main_green,side_green,58,154.0,8.492867353844467,8,2,0,8.0,8.0,13.0,11.0
3346,main_green,side_green,58,162.0,8.896386228603678,8,2,0,8.0,8.0,13.0,11.0
3347,main_green,side_green,58,172.0,9.243562791101606,10,2,0,8.0,8.0,13.0,11.0
3348,main_green,side_green,63,182.0,8.80141988354158,15,2,0,8.0,8.0,13.0,11.0
3349,main_green,side_green,64,192.0,8.954121202451292,11,2,0,8.0,8.0,13.0,11.0
3350,main_green,side_green,64,203.0,9.225436015130954,11,2,0,8.0,8.0,13.0,11.0
3351,main_green,side_green,63,215.0,9.307241566318023,12,2,0,8.0,8.0,13.0,11.0
3352,main_green,side_green,64,227.0,9.122544369764825,13,2,0,8.0,8.0,13.0,11.0
3353,yellow_transition,yellow_transition,62,239.0,9.016938794858154,12,3,1,10.0,4.0,-12.0,10.0
3354,yellow_transition,yellow_transition,62,252.0,8.8170809865274,14,3,1,10.0,4.0,-12.0,10.0
3355,yellow_transition,yellow_transition,60,267.0,8.713582659669708,15,3,1,10.0,4.0,-12.0,10.0
3356,side_green,main_green,61,82.0,8.679884790991702,8,0,2,10.0,4.0,-12.0,10.0
3357,side_green,main_green,61,8.0,8.999376413919938,3,0,2,10.0,4.0,-12.0,10.0
3358,side_green,main_green,61,2.0,9.304215189802987,1,0,2,10.0,4.0,-12.0,10.0
3359,side_green,main_green,62,4.0,9.764872922851442,3,0,2,10.0,4.0,-12.0,10.0
3360,side_green,main_green,66,6.0,9.633549039271992,7,0,2,10.0,4.0,-12.0,10.0
3361,side_green,main_green,66,8.0,10.159329739519052,2,0,2,10.0,4.0,-12.0,10.0
3362,side_green,main_green,61,10.0,10.581885272715562,2,0,2,10.0,4.0,-12.0,10.0
3363,side_green,main_green,58,13.0,10.779817861145942,3,0,2,10.0,4.0,-12.0,10.0
3364,side_green,main_green,58,17.0,10.485119198297909,6,0,2,10.0,4.0,-12.0,10.0
3365,side_green,main_green,55,21.0,10.472050488029266,4,0,2,10.0,4.0,-12.0,10.0
3366,yellow_transition,yellow_transition,53,27.0,10.42569192126406,6,1,3,-11.0,13.0,-4.0,6.0
3367,yellow_transition,yellow_transition,53,33.0,10.189313705732236,6,1,3,-11.0,13.0,-4.0,6.0
3368,yellow_transition,yellow_transition,53,39.0,9.441005844856571,7,1,3,-11.0,13.0,-4.0,6.0
3369,main_green,main_green,53,18.0,9.460776732913358,4,2,2,-11.0,13.0,-4.0,6.0
3370,main_green,main_green,52,16.0,9.734617837490749,2,2,2,-11.0,13.0,-4.0,6.0
3371,main_green,main_green,52,19.0,10.28438001858943,3,2,2,-11.0,13.0,-4.0,6.0
3372,main_green,main_green,56,23.0,9.541854818594471,9,2,2,-11.0,13.0,-4.0,6.0
3373,main_green,main_green,56,27.0,10.018866206469378,4,2,2,-11.0,13.0,-4.0,6.0
3374,main_green,main_green,56,31.0,10.224826583814947,5,2,2,-11.0,13.0,-4.0,6.0
3375,main_green,main_green,55,35.0,10.591437207460439,4,2,2,-11.0,13.0,-4.0,6.0
3376,main_green,main_green,55,39.0,10.591859446874153,5,2,2,-11.0,13.0,-4.0,6.0
3377,main_green,main_green,53,43.0,10.596332816897936,4,2,2,-11.0,13.0,-4.0,6.0
3378,main_green,main_green,51,47.0,10.48859582928684,4,2,2,-11.0,13.0,-4.0,6.0
3379,main_green,main_green,51,51.0,10.249695606825536,5,2,2,-1.0,15.0,-2.0,2.0
3380,main_green,main_green,50,56.0,10.03301837462641,6,2,2,-1.0,15.0,-2.0,2.0
3381,main_green,main_green,50,63.0,10.111829331138818,7,2,2,-1.0,15.0,-2.0,2.0
3382,main_green,main_green,47,71.0,10.111477145750978,8,2,2,-1.0,15.0,-2.0,2.0
3383,main_green,main_green,47,79.0,10.210081553934021,8,2,2,-1.0,15.0,-2.0,2.0
3384,main_green,main_green,52,87.0,9.339374995205537,13,2,2,-1.0,15.0,-2.0,2.0
3385,main_green,main_green,52,95.0,9.320062464467332,9,2,2,-1.0,15.0,-2.0,2.0
3386,main_green,main_green,51,103.0,9.574080040275442,8,2,2,-1.0,15.0,-2.0,2.0
3387,main_green,main_green,50,111.0,9.741494653347168,8,2,2,-1.0,15.0,-2.0,2.0
3388,main_green,main_green,51,119.0,9.752953455957012,9,2,2,-1.0,15.0,-2.0,2.0
3389,main_green,main_green,51,127.0,9.713981379078085,8,2,2,0.0,8.0,10.0,18.0
3390,main_green,main_green,52,135.0,9.470257359548613,9,2,2,0.0,8.0,10.0,18.0
3391,main_green,main_green,52,144.0,9.458412332065205,9,2,2,0.0,8.0,10.0,18.0
3392,main_green,main_green,53,155.0,9.387581823744533,12,2,2,0.0,8.0,10.0,18.0
3393,main_green,main_green,52,167.0,9.374974387369189,12,2,2,0.0,8.0,10.0,18.0
3394,main_green,main_green,52,179.0,9.53098526144965,12,2,2,0.0,8.0,10.0,18.0
3395,main_green,main_green,50,191.0,9.24305979081077,13,2,2,0.0,8.0,10.0,18.0
3396,main_green,main_green,54,203.0,8.413732255386698,17,2,2,0.0,8.0,10.0,18.0
3397,main_green,main_green,54,215.0,8.61028443733234,12,2,2,0.0,8.0,10.0,18.0
3398,main_green,main_green,54,227.0,8.819427210976686,12,2,2,0.0,8.0,10.0,18.0
3399,main_green,main_green,53,239.0,8.828232735636085,12,2,2,5.0,7.0,16.0,20.0
3400,main_green,main_green,55,251.0,8.559916260547888,14,2,2,5.0,7.0,16.0,20.0
3401,main_green,main_green,55,263.0,8.674093574513405,12,2,2,5.0,7.0,16.0,20.0
3402,main_green,main_green,55,275.0,8.740013366659445,12,2,2,5.0,7.0,16.0,20.0
3403,main_green,main_green,55,288.0,8.773467791257142,13,2,2,5.0,7.0,16.0,20.0
3404,main_green,main_green,55,303.0,8.517336133391568,16,2,2,5.0,7.0,16.0,20.0
3405,main_green,main_green,56,319.0,8.5039419481602,17,2,2,5.0,7.0,16.0,20.0
3406,main_green,main_green,55,335.0,8.541998226249634,16,2,2,5.0,7.0,16.0,20.0
3407,main_green,main_green,55,351.0,8.638092471430156,16,2,2,5.0,7.0,16.0,20.0
3408,main_green,main_green,59,367.0,7.840440601672979,21,2,2,5.0,7.0,16.0,20.0
3409,yellow_transition,yellow_transition,58,383.0,7.934710532078952,16,3,3,12.0,14.0,14.0,8.0
3410,yellow_transition,yellow_transition,59,399.0,7.889725012339691,17,3,3,12.0,14.0,14.0,8.0
3411,yellow_transition,yellow_transition,59,416.0,7.786811698305118,17,3,3,12.0,14.0,14.0,8.0
3412,main_green,side_green,60,256.0,8.077263365740789,13,2,0,12.0,14.0,14.0,8.0
3413,main_green,side_green,60,180.0,8.350400369351972,8,2,0,12.0,14.0,14.0,8.0
3414,main_green,side_green,60,179.0,8.638684945043002,9,2,0,12.0,14.0,14.0,8.0
3415,main_green,side_green,61,188.0,8.874854978000155,10,2,0,12.0,14.0,14.0,8.0
3416,main_green,side_green,61,197.0,9.039392828643791,10,2,0,12.0,14.0,14.0,8.0
3417,main_green,side_green,61,206.0,9.423039865582936,9,2,0,12.0,14.0,14.0,8.0
3418,main_green,side_green,60,215.0,9.448953998814757,9,2,0,12.0,14.0,14.0,8.0
3419,main_green,side_green,60,226.0,9.532709844988299,11,2,0,12.0,14.0,14.0,8.0
3420,main_green,side_green,64,238.0,8.691436259768443,17,2,0,12.0,14.0,14.0,8.0
3421,main_green,side_green,65,250.0,8.65764757040123,13,2,0,12.0,14.0,14.0,8.0
3422,yellow_transition,yellow_transition,63,264.0,8.59188099178621,14,3,1,13.0,3.0,-12.0,12.0
3423,yellow_transition,yellow_transition,63,278.0,8.798216572994939,14,3,1,13.0,3.0,-12.0,12.0
3424,yellow_transition,yellow_transition,63,293.0,8.478570822728209,16,3,1,13.0,3.0,-12.0,12.0
3425,side_green,main_green,62,107.0,8.535741804775748,7,0,2,13.0,3.0,-12.0,12.0
3426,side_green,main_green,63,13.0,8.638820208498581,2,0,2,13.0,3.0,-12.0,12.0
3427,side_green,main_green,61,0.0,8.923947971941393,0,0,2,13.0,3.0,-12.0,12.0
3428,side_green,main_green,62,2.0,9.291697349984858,3,0,2,13.0,3.0,-12.0,12.0
3429,side_green,main_green,61,5.0,9.84986297215214,3,0,2,13.0,3.0,-12.0,12.0
3430,side_green,main_green,59,8.0,10.513735295038707,3,0,2,13.0,3.0,-12.0,12.0
3431,side_green,main_green,58,11.0,10.717026298629925,4,0,2,13.0,3.0,-12.0,12.0
3432,side_green,main_green,60,14.0,9.923015785199478,8,0,2,13.0,3.0,-12.0,12.0
3433,side_green,main_green,58,17.0,10.114554832396779,3,0,2,13.0,3.0,-12.0,12.0
3434,side_green,main_green,57,21.0,10.208760984558156,4,0,2,13.0,3.0,-12.0,12.0
3435,yellow_transition,yellow_transition,55,27.0,10.244087499635494,6,1,3,-11.0,11.0,-2.0,4.0
3436,yellow_transition,yellow_transition,55,33.0,9.77513456809642,8,1,3,-11.0,11.0,-2.0,4.0
3437,yellow_transition,yellow_transition,55,39.0,9.615588892340309,6,1,3,-11.0,11.0,-2.0,4.0
3438,main_green,main_green,55,25.0,9.719868171194577,3,2,2,-11.0,11.0,-2.0,4.0
3439,main_green,main_green,55,23.0,9.771786284785199,2,2,2,-11.0,11.0,-2.0,4.0
3440,main_green,main_green,55,26.0,9.683771188065883,4,2,2,-11.0,11.0,-2.0,4.0
3441,main_green,main_green,55,31.0,9.87306133552104,6,2,2,-11.0,11.0,-2.0,4.0
3442,main_green,main_green,55,37.0,10.162207745689443,6,2,2,-11.0,11.0,-2.0,4.0
3443,main_green,main_green,55,43.0,10.56604710852097,6,2,2,-11.0,11.0,-2.0,4.0
3444,main_green,main_green,58,49.0,9.757371739866548,11,2,2,-11.0,11.0,-2.0,4.0
3445,main_green,main_green,57,55.0,10.059644808074555,6,2,2,-11.0,11.0,-2.0,4.0
3446,main_green,main_green,55,61.0,9.94007070740767,7,2,2,-11.0,11.0,-2.0,4.0
3447,main_green,main_green,54,67.0,10.183606127207169,6,2,2,-11.0,11.0,-2.0,4.0
3448,main_green,main_green,54,73.0,10.272189195794997,7,2,2,1.0,19.0,-1.0,3.0
3449,main_green,main_green,52,79.0,10.18751899837513,6,2,2,1.0,19.0,-1.0,3.0
3450,main_green,main_green,51,85.0,10.231902149003586,6,2,2,1.0,19.0,-1.0,3.0
3451,main_green,main_green,50,92.0,9.755237715796811,8,2,2,1.0,19.0,-1.0,3.0
3452,main_green,main_green,51,100.0,9.635540853075522,9,2,2,1.0,19.0,-1.0,3.0
3453,main_green,main_green,50,110.0,9.649873480633815,10,2,2,1.0,19.0,-1.0,3.0
3454,main_green,main_green,49,120.0,9.637053626422942,10,2,2,1.0,19.0,-1.0,3.0
3455,main_green,main_green,48,130.0,9.770784643020763,10,2,2,1.0,19.0,-1.0,3.0
3456,main_green,main_green,52,140.0,8.822924555406264,15,2,2,1.0,19.0,-1.0,3.0
3457,main_green,main_green,53,150.0,8.929632884947127,11,2,2,1.0,19.0,-1.0,3.0
3458,main_green,main_green,53,160.0,9.183345596711884,10,2,2,3.0,9.0,12.0,20.0
3459,main_green,main_green,53,170.0,9.358236461450703,10,2,2,3.0,9.0,12.0,20.0
3460,main_green,main_green,54,180.0,9.251050699160977,11,2,2,3.0,9.0,12.0,20.0
3461,main_green,main_green,54,190.0,9.274656404610946,10,2,2,3.0,9.0,12.0,20.0
3462,main_green,main_green,54,200.0,8.993107668239533,11,2,2,3.0,9.0,12.0,20.0
3463,main_green,main_green,54,211.0,9.013939790827335,11,2,2,3.0,9.0,12.0,20.0
3464,main_green,main_green,53,224.0,8.751435685907468,14,2,2,3.0,9.0,12.0,20.0
3465,main_green,main_green,53,238.0,8.800311511162192,14,2,2,3.0,9.0,12.0,20.0
3466,main_green,main_green,53,252.0,8.905551135792464,14,2,2,3.0,9.0,12.0,20.0
3467,main_green,main_green,52,266.0,8.71194717808901,15,2,2,3.0,9.0,12.0,20.0
3468,main_green,main_green,57,280.0,8.004216181573721,19,2,2,3.0,11.0,13.0,15.0
3469,main_green,main_green,57,294.0,8.246870605534827,14,2,2,3.0,11.0,13.0,15.0
3470,main_green,main_green,57,308.0,8.566567582426929,14,2,2,3.0,11.0,13.0,15.0
3471,main_green,main_green,57,322.0,8.669642492525707,14,2,2,3.0,11.0,13.0,15.0
3472,main_green,main_green,59,336.0,8.469394110712393,16,2,2,3.0,11.0,13.0,15.0
3473,main_green,main_green,58,350.0,8.535097952133219,14,2,2,3.0,11.0,13.0,15.0
3474,main_green,main_green,57,364.0,8.546214199064803,14,2,2,3.0,11.0,13.0,15.0
3475,main_green,main_green,57,378.0,8.590838687156383,14,2,2,3.0,11.0,13.0,15.0
3476,main_green,main_green,57,393.0,8.264066446444502,16,2,2,3.0,11.0,13.0,15.0
3477,main_green,main_green,58,410.0,8.251919903679328,18,2,2,3.0,11.0,13.0,15.0
3478,main_green,main_green,57,427.0,8.172403013236336,17,2,2,9.0,9.0,13.0,13.0
3479,main_green,main_green,57,445.0,8.247400323181012,18,2,2,9.0,9.0,13.0,13.0
3480,main_green,main_green,62,463.0,7.640647798382874,23,2,2,9.0,9.0,13.0,13.0
3481,main_green,main_green,61,481.0,7.7658243550748365,18,2,2,9.0,9.0,13.0,13.0
3482,main_green,main_green,62,499.0,7.868591175259301,19,2,2,9.0,9.0,13.0,13.0
3483,main_green,main_green,62,517.0,8.054592381995858,18,2,2,9.0,9.0,13.0,13.0
3484,main_green,main_green,63,535.0,7.9697952510512975,19,2,2,9.0,9.0,13.0,13.0
3485,main_green,main_green,62,553.0,7.736927524022368,18,2,2,9.0,9.0,13.0,13.0
3486,main_green,main_green,61,571.0,7.7209515694489586,18,2,2,9.0,9.0,13.0,13.0
3487,main_green,main_green,62,590.0,7.676537202054643,20,2,2,9.0,9.0,13.0,13.0
3488,yellow_transition,yellow_transition,63,611.0,7.488186247252905,22,3,3,16.0,12.0,14.0,8.0
3489,yellow_transition,yellow_transition,62,632.0,7.38650973406218,21,3,3,16.0,12.0,14.0,8.0
3490,yellow_transition,yellow_transition,61,654.0,7.1788646835416365,22,3,3,16.0,12.0,14.0,8.0
3491,side_green,side_green,59,266.0,7.174689090568742,15,0,0,16.0,12.0,14.0,8.0
3492,side_green,side_green,63,56.0,6.979977606912155,14,0,0,16.0,12.0,14.0,8.0
3493,side_green,side_green,63,7.0,7.171139130770588,4,0,0,16.0,12.0,14.0,8.0
3494,side_green,side_green,63,10.0,7.7851606036406755,3,0,0,16.0,12.0,14.0,8.0
3495,side_green,side_green,63,15.0,8.37464797104964,5,0,0,16.0,12.0,14.0,8.0
3496,side_green,side_green,63,22.0,8.71874892847389,8,0,0,16.0,12.0,14.0,8.0
3497,side_green,side_green,63,30.0,9.42002854894515,8,0,0,16.0,12.0,14.0,8.0
3498,side_green,side_green,64,39.0,9.767979942138822,10,0,0,16.0,12.0,14.0,8.0
3499,side_green,side_green,64,48.0,10.045438874595334,9,0,0,16.0,12.0,14.0,8.0
3500,side_green,side_green,64,57.0,9.923880866123314,10,0,0,16.0,12.0,14.0,8.0
3501,yellow_transition,yellow_transition,63,67.0,9.712166475205839,10,1,1,-17.0,7.0,-15.0,9.0
3502,yellow_transition,yellow_transition,63,77.0,9.774574105495512,10,1,1,-17.0,7.0,-15.0,9.0
3503,yellow_transition,yellow_transition,64,89.0,9.485980980869604,13,1,1,-17.0,7.0,-15.0,9.0
3504,main_green,main_green,69,16.0,8.935924685943213,9,2,2,-17.0,7.0,-15.0,9.0
3505,main_green,main_green,69,0.0,9.296924530479108,0,2,2,-17.0,7.0,-15.0,9.0
3506,main_green,main_green,69,0.0,9.772653371404168,0,2,2,-17.0,7.0,-15.0,9.0
3507,main_green,main_green,67,0.0,10.211164735624967,0,2,2,-17.0,7.0,-15.0,9.0
3508,main_green,main_green,69,0.0,10.315146650067717,2,2,2,-17.0,7.0,-15.0,9.0
3509,main_green,main_green,65,0.0,10.631975590520225,0,2,2,-17.0,7.0,-15.0,9.0
3510,main_green,main_green,60,0.0,10.914072309745084,0,2,2,-17.0,7.0,-15.0,9.0
3511,main_green,main_green,59,1.0,11.137708719993405,1,2,2,-17.0,7.0,-15.0,9.0
3512,main_green,main_green,56,4.0,11.020452605331508,4,2,2,-17.0,7.0,-15.0,9.0
3513,main_green,main_green,52,8.0,10.789443727247162,5,2,2,-17.0,7.0,-15.0,9.0
3514,main_green,main_green,48,12.0,10.936642922586197,4,2,2,-6.0,8.0,-8.0,6.0
3515,main_green,main_green,45,16.0,11.070577442224158,4,2,2,-6.0,8.0,-8.0,6.0
3516,main_green,main_green,49,20.0,9.911318212027197,9,2,2,-6.0,8.0,-8.0,6.0
3517,main_green,main_green,47,24.0,10.1241623624604,4,2,2,-6.0,8.0,-8.0,6.0
3518,main_green,main_green,48,28.0,10.331548835148038,5,2,2,-6.0,8.0,-8.0,6.0
3519,main_green,main_green,48,32.0,10.497222945734956,4,2,2,-6.0,8.0,-8.0,6.0
3520,main_green,main_green,49,36.0,10.52439481271993,5,2,2,-6.0,8.0,-8.0,6.0
3521,main_green,main_green,49,40.0,10.489083697027155,4,2,2,-6.0,8.0,-8.0,6.0
3522,main_green,main_green,49,44.0,10.396667567989661,4,2,2,-6.0,8.0,-8.0,6.0
3523,main_green,main_green,50,50.0,10.12849867447546,7,2,2,-6.0,8.0,-8.0,6.0
3524,main_green,main_green,51,57.0,10.002840624046307,8,2,2,-1.0,11.0,0.0,16.0
3525,main_green,main_green,51,65.0,10.031886747339835,8,2,2,-1.0,11.0,0.0,16.0
3526,main_green,main_green,51,73.0,10.282067007736169,8,2,2,-1.0,11.0,0.0,16.0
3527,main_green,main_green,51,81.0,10.374108826632483,8,2,2,-1.0,11.0,0.0,16.0
3528,main_green,main_green,56,89.0,9.51255178218554,13,2,2,-1.0,11.0,0.0,16.0
3529,main_green,main_green,57,97.0,9.65778428640915,9,2,2,-1.0,11.0,0.0,16.0
3530,main_green,main_green,54,105.0,9.718543096064108,8,2,2,-1.0,11.0,0.0,16.0
3531,main_green,main_green,54,113.0,9.903555309152265,8,2,2,-1.0,11.0,0.0,16.0
3532,main_green,main_green,53,121.0,9.71024893626794,9,2,2,-1.0,11.0,0.0,16.0
3533,main_green,main_green,52,129.0,9.617430406553881,8,2,2,-1.0,11.0,0.0,16.0
3534,main_green,main_green,52,137.0,9.334963331320575,9,2,2,7.0,15.0,4.0,10.0
3535,main_green,main_green,52,147.0,9.31191025279691,10,2,2,7.0,15.0,4.0,10.0
3536,main_green,main_green,51,157.0,9.160603922363668,11,2,2,7.0,15.0,4.0,10.0
3537,main_green,main_green,51,168.0,9.194797793278436,11,2,2,7.0,15.0,4.0,10.0
3538,main_green,main_green,50,180.0,9.218038782178535,12,2,2,7.0,15.0,4.0,10.0
3539,main_green,main_green,51,192.0,9.090043906298856,13,2,2,7.0,15.0,4.0,10.0
3540,main_green,main_green,56,204.0,8.358533536564963,17,2,2,7.0,15.0,4.0,10.0
3541,main_green,main_green,56,216.0,8.698828481069048,12,2,2,7.0,15.0,4.0,10.0
3542,main_green,main_green,56,228.0,8.919539321492081,12,2,2,7.0,15.0,4.0,10.0
3543,main_green,main_green,56,240.0,9.0737605814891,12,2,2,7.0,15.0,4.0,10.0
3544,yellow_transition,yellow_transition,58,252.0,8.779062982815299,14,3,3,9.0,13.0,8.0,6.0
3545,yellow_transition,yellow_transition,58,264.0,8.831579729498426,12,3,3,9.0,13.0,8.0,6.0
3546,yellow_transition,yellow_transition,58,276.0,8.486708168770294,12,3,3,9.0,13.0,8.0,6.0
3547,main_green,side_green,58,166.0,8.776995443293131,8,2,0,9.0,13.0,8.0,6.0
3548,main_green,side_green,59,149.0,8.803705667065337,8,2,0,9.0,13.0,8.0,6.0
3549,main_green,side_green,60,157.0,8.823613502857588,9,2,0,9.0,13.0,8.0,6.0
3550,main_green,side_green,60,165.0,9.213473089271103,8,2,0,9.0,13.0,8.0,6.0
3551,main_green,side_green,60,174.0,9.500621797477795,9,2,0,9.0,13.0,8.0,6.0
3552,main_green,side_green,65,183.0,9.032234581792865,14,2,0,9.0,13.0,8.0,6.0
3553,main_green,side_green,63,193.0,9.282780852836597,10,2,0,9.0,13.0,8.0,6.0
3554,main_green,side_green,63,203.0,9.30335916737885,11,2,0,9.0,13.0,8.0,6.0
3555,main_green,side_green,62,214.0,9.416885482418058,11,2,0,9.0,13.0,8.0,6.0
3556,main_green,side_green,62,225.0,9.159804044960206,12,2,0,9.0,13.0,8.0,6.0
3557,yellow_transition,yellow_transition,61,237.0,8.971112717249952,12,3,1,8.0,2.0,-7.0,15.0
3558,yellow_transition,yellow_transition,60,249.0,8.884829647814465,12,3,1,8.0,2.0,-7.0,15.0
3559,yellow_transition,yellow_transition,59,262.0,8.500569530191793,14,3,1,8.0,2.0,-7.0,15.0
3560,side_green,main_green,59,82.0,8.382747930525825,9,0,2,8.0,2.0,-7.0,15.0
3561,side_green,main_green,58,7.0,8.526448203145714,3,0,2,8.0,2.0,-7.0,15.0
3562,side_green,main_green,57,3.0,8.810545224606061,1,0,2,8.0,2.0,-7.0,15.0
3563,side_green,main_green,57,5.0,9.38646871782746,2,0,2,8.0,2.0,-7.0,15.0
3564,side_green,main_green,62,8.0,9.113349819506174,8,0,2,8.0,2.0,-7.0,15.0
3565,side_green,main_green,62,11.0,9.537508775987757,4,0,2,8.0,2.0,-7.0,15.0
3566,side_green,main_green,59,16.0,9.853279862970961,5,0,2,8.0,2.0,-7.0,15.0
3567,side_green,main_green,57,22.0,10.12470105022234,6,0,2,8.0,2.0,-7.0,15.0
3568,side_green,main_green,56,28.0,10.074344138568547,7,0,2,8.0,2.0,-7.0,15.0
3569,side_green,main_green,56,34.0,10.208516951918407,6,0,2,8.0,2.0,-7.0,15.0
3570,yellow_transition,yellow_transition,55,41.0,10.031523600340783,8,1,3,-12.0,14.0,-1.0,3.0
3571,yellow_transition,yellow_transition,53,49.0,9.810582755351643,8,1,3,-12.0,14.0,-1.0,3.0
3572,yellow_transition,yellow_transition,54,57.0,9.466911017154334,9,1,3,-12.0,14.0,-1.0,3.0
3573,main_green,main_green,53,32.0,9.448529265827608,4,2,2,-12.0,14.0,-1.0,3.0
3574,main_green,main_green,53,33.0,9.86188403543923,5,2,2,-12.0,14.0,-1.0,3.0
3575,main_green,main_green,54,38.0,9.843036234802105,6,2,2,-12.0,14.0,-1.0,3.0
3576,main_green,main_green,58,43.0,9.284594982298762,10,2,2,-12.0,14.0,-1.0,3.0
3577,main_green,main_green,58,48.0,9.805505031906334,5,2,2,-12.0,14.0,-1.0,3.0
3578,main_green,main_green,57,53.0,10.124903127645997,5,2,2,-12.0,14.0,-1.0,3.0
3579,main_green,main_green,53,58.0,10.261230392230848,5,2,2,-12.0,14.0,-1.0,3.0
3580,main_green,main_green,55,63.0,10.101341100302902,7,2,2,-12.0,14.0,-1.0,3.0
3581,main_green,main_green,52,68.0,9.987893127782302,5,2,2,-12.0,14.0,-1.0,3.0
3582,main_green,main_green,50,73.0,9.791616698400173,5,2,2,-12.0,14.0,-1.0,3.0
3583,main_green,main_green,50,78.0,9.928854207352508,5,2,2,0.0,18.0,2.0,8.0
3584,main_green,main_green,50,85.0,9.75254171907804,8,2,2,0.0,18.0,2.0,8.0
3585,main_green,main_green,51,94.0,9.72498991022408,10,2,2,0.0,18.0,2.0,8.0
3586,main_green,main_green,49,103.0,9.684217527847084,9,2,2,0.0,18.0,2.0,8.0
3587,main_green,main_green,48,112.0,9.76634101376567,9,2,2,0.0,18.0,2.0,8.0
3588,main_green,main_green,51,121.0,8.787555045019765,14,2,2,0.0,18.0,2.0,8.0
3589,main_green,main_green,51,130.0,9.009988685618643,9,2,2,0.0,18.0,2.0,8.0
3590,main_green,main_green,52,139.0,9.1548255908179,10,2,2,0.0,18.0,2.0,8.0
3591,main_green,main_green,52,148.0,9.389371378846159,9,2,2,0.0,18.0,2.0,8.0
3592,main_green,main_green,53,157.0,9.18084920033083,10,2,2,0.0,18.0,2.0,8.0
3593,main_green,main_green,53,166.0,9.206078738454604,9,2,2,-1.0,5.0,13.0,21.0
3594,main_green,main_green,53,175.0,9.27473729105219,9,2,2,-1.0,5.0,13.0,21.0
3595,main_green,main_green,54,184.0,9.032970958732164,10,2,2,-1.0,5.0,13.0,21.0
3596,main_green,main_green,55,195.0,8.87603134691242,12,2,2,-1.0,5.0,13.0,21.0
3597,main_green,main_green,55,207.0,9.032298674010582,12,2,2,-1.0,5.0,13.0,21.0
3598,main_green,main_green,55,220.0,9.138279273362654,13,2,2,-1.0,5.0,13.0,21.0
3599,main_green,main_green,52,233.0,8.932693079077309,13,2,2,-1.0,5.0,13.0,21.0
