step,J1_phase_group,J2_phase_group,vehicle_count,total_waiting_time,mean_speed,total_queue,J1_phase,J2_phase,J1_side_pressure,J1_main_pressure,J2_side_pressure,J2_main_pressure
0,main_green,main_green,6,0.0,0.0,6,2,2,0.0,0.0,0.0,0.0
1,main_green,main_green,6,0.0,1.9950371187296696,0,2,2,0.0,0.0,0.0,0.0
2,main_green,main_green,6,0.0,3.6869669651224597,0,2,2,0.0,0.0,0.0,0.0
3,main_green,main_green,6,0.0,5.740896935597994,0,2,2,0.0,0.0,0.0,0.0
4,main_green,main_green,7,0.0,6.673183621100283,1,2,2,0.0,0.0,0.0,0.0
5,main_green,main_green,7,0.0,8.334056710202379,0,2,2,0.0,0.0,0.0,0.0
6,main_green,main_green,8,0.0,8.898166632437862,1,2,2,0.0,0.0,0.0,0.0
7,main_green,main_green,8,0.0,10.382304020072887,0,2,2,0.0,0.0,0.0,0.0
8,main_green,main_green,9,0.0,9.763067912018682,1,2,2,0.0,0.0,0.0,0.0
9,main_green,main_green,9,0.0,10.48282677644101,0,2,2,0.0,0.0,0.0,0.0
10,main_green,main_green,9,0.0,10.84273909130199,0,2,2,4.0,6.0,4.0,4.0
11,main_green,main_green,10,0.0,10.466996092985806,1,2,2,4.0,6.0,4.0,4.0
12,main_green,main_green,15,0.0,7.282261406702271,5,2,2,4.0,6.0,4.0,4.0
13,main_green,main_green,15,0.0,8.192199614296019,0,2,2,4.0,6.0,4.0,4.0
14,main_green,main_green,15,0.0,9.099888932167524,0,2,2,4.0,6.0,4.0,4.0
15,main_green,main_green,15,0.0,10.063646717486252,0,2,2,4.0,6.0,4.0,4.0
16,main_green,main_green,17,0.0,9.286377299917108,2,2,2,4.0,6.0,4.0,4.0
17,main_green,main_green,17,0.0,9.548822964653963,0,2,2,4.0,6.0,4.0,4.0
18,main_green,main_green,17,0.0,9.628134594823907,0,2,2,4.0,6.0,4.0,4.0
19,main_green,main_green,17,0.0,9.480626671057854,0,2,2,4.0,6.0,4.0,4.0
20,main_green,main_green,18,1.0,8.858583812612553,2,2,2,8.0,10.0,8.0,8.0
21,main_green,main_green,19,3.0,8.501395437108242,3,2,2,8.0,10.0,8.0,8.0
22,main_green,main_green,19,7.0,8.929992149826106,4,2,2,8.0,10.0,8.0,8.0
23,main_green,main_green,19,11.0,9.248216787887468,4,2,2,8.0,10.0,8.0,8.0
24,main_green,main_green,24,15.0,7.392690722671805,9,2,2,8.0,10.0,8.0,8.0
25,main_green,main_green,24,19.0,7.998903514651674,4,2,2,8.0,10.0,8.0,8.0
26,main_green,main_green,25,23.0,8.28150451216736,5,2,2,8.0,10.0,8.0,8.0
27,main_green,main_green,25,27.0,8.844279575710738,4,2,2,8.0,10.0,8.0,8.0
28,main_green,main_green,26,31.0,8.810438687656191,5,2,2,8.0,10.0,8.0,8.0
29,main_green,main_green,26,35.0,8.969976016440246,4,2,2,8.0,10.0,8.0,8.0
30,main_green,main_green,26,39.0,8.95544328871523,4,2,2,11.0,15.0,11.0,11.0
31,main_green,main_green,27,44.0,8.559762144714282,6,2,2,11.0,15.0,11.0,11.0
32,main_green,main_green,28,50.0,8.26375034593979,7,2,2,11.0,15.0,11.0,11.0
33,main_green,main_green,28,57.0,8.315010394433527,7,2,2,11.0,15.0,11.0,11.0
34,main_green,main_green,28,64.0,8.581143570762087,7,2,2,11.0,15.0,11.0,11.0
35,main_green,main_green,28,72.0,8.717697247462894,8,2,2,11.0,15.0,11.0,11.0
36,main_green,main_green,33,80.0,7.452133163398605,13,2,2,11.0,15.0,11.0,11.0
37,main_green,main_green,34,88.0,7.737257022938091,9,2,2,11.0,15.0,11.0,11.0
38,main_green,main_green,34,96.0,8.117674942985342,8,2,2,11.0,15.0,11.0,11.0
39,main_green,main_green,34,104.0,8.559069195290467,8,2,2,11.0,15.0,11.0,11.0
40,main_green,main_green,35,112.0,8.303185356739359,9,2,2,12.0,12.0,14.0,16.0
41,main_green,main_green,35,120.0,8.397186305113133,8,2,2,12.0,12.0,14.0,16.0
42,main_green,main_green,36,129.0,7.979587828869209,10,2,2,12.0,12.0,14.0,16.0
43,main_green,main_green,36,138.0,7.965716376885551,9,2,2,12.0,12.0,14.0,16.0
44,main_green,main_green,37,148.0,7.8001542655235605,11,2,2,12.0,12.0,14.0,16.0
45,main_green,main_green,37,159.0,8.01627042575861,11,2,2,12.0,12.0,14.0,16.0
46,main_green,main_green,37,171.0,8.162969666536672,12,2,2,12.0,12.0,14.0,16.0
47,main_green,main_green,38,183.0,8.13333301398934,13,2,2,12.0,12.0,14.0,16.0
48,main_green,main_green,43,195.0,7.260459518126348,17,2,2,12.0,12.0,14.0,16.0
49,main_green,main_green,43,207.0,7.641090586822231,12,2,2,12.0,12.0,14.0,16.0
50,main_green,main_green,43,219.0,7.941356805808486,12,2,2,14.0,16.0,15.0,15.0
51,main_green,main_green,43,231.0,8.202798512202463,12,2,2,14.0,16.0,15.0,15.0
52,main_green,main_green,45,243.0,7.935456622953821,14,2,2,14.0,16.0,15.0,15.0
53,main_green,main_green,45,255.0,8.199669757474796,12,2,2,14.0,16.0,15.0,15.0
54,main_green,main_green,45,267.0,8.168027220608257,12,2,2,14.0,16.0,15.0,15.0
55,main_green,main_green,45,279.0,8.060329457753824,12,2,2,14.0,16.0,15.0,15.0
56,main_green,main_green,46,293.0,7.878050082017148,15,2,2,14.0,16.0,15.0,15.0
57,main_green,main_green,47,308.0,7.8767716685414415,16,2,2,14.0,16.0,15.0,15.0
58,main_green,main_green,47,324.0,7.9790327716163425,16,2,2,14.0,16.0,15.0,15.0
59,main_green,main_green,47,340.0,8.00334622567911,16,2,2,14.0,16.0,15.0,15.0
60,main_green,main_green,52,356.0,7.438911904051046,21,2,2,12.0,14.0,13.0,15.0
61,main_green,main_green,52,372.0,7.644428677857757,16,2,2,12.0,14.0,13.0,15.0
62,main_green,main_green,53,388.0,7.718313160902668,17,2,2,12.0,14.0,13.0,15.0
63,main_green,main_green,53,404.0,7.927463473053554,16,2,2,12.0,14.0,13.0,15.0
64,main_green,main_green,54,420.0,7.818142888076064,17,2,2,12.0,14.0,13.0,15.0
65,main_green,main_green,54,436.0,7.765655241074492,16,2,2,12.0,14.0,13.0,15.0
66,main_green,main_green,54,453.0,7.7341774430727135,17,2,2,12.0,14.0,13.0,15.0
67,main_green,main_green,55,471.0,7.7311365612997065,19,2,2,12.0,14.0,13.0,15.0
68,main_green,main_green,56,489.0,7.705060604616768,19,2,2,12.0,14.0,13.0,15.0
69,main_green,main_green,56,509.0,7.8327908305526535,20,2,2,12.0,14.0,13.0,15.0
70,yellow_transition,yellow_transition,56,529.0,7.981941769413354,20,3,3,13.0,9.0,16.0,14.0
71,yellow_transition,yellow_transition,54,549.0,7.78802898529346,20,3,3,13.0,9.0,16.0,14.0
72,yellow_transition,yellow_transition,59,569.0,7.0038820520647205,25,3,3,13.0,9.0,16.0,14.0
73,side_green,side_green,60,213.0,7.108595617328501,13,0,0,13.0,9.0,16.0,14.0
74,side_green,side_green,60,29.0,7.4221876782789,4,0,0,13.0,9.0,16.0,14.0
75,side_green,side_green,60,2.0,7.800935767332334,2,0,0,13.0,9.0,16.0,14.0
76,side_green,side_green,61,5.0,8.428341578078093,4,0,0,13.0,9.0,16.0,14.0
77,side_green,side_green,60,8.0,9.051377480132636,3,0,0,13.0,9.0,16.0,14.0
78,side_green,side_green,61,13.0,9.53715341338541,6,0,0,13.0,9.0,16.0,14.0
79,side_green,side_green,60,18.0,10.090304830964648,5,0,0,13.0,9.0,16.0,14.0
80,side_green,side_green,61,23.0,10.237578366958722,6,0,0,13.0,9.0,16.0,14.0
81,side_green,side_green,61,30.0,10.247062078318619,7,0,0,13.0,9.0,16.0,14.0
82,side_green,side_green,61,38.0,10.207509556070601,8,0,0,13.0,9.0,16.0,14.0
83,yellow_transition,yellow_transition,61,47.0,9.837920434120836,10,1,1,-17.0,5.0,-16.0,6.0
84,yellow_transition,yellow_transition,66,57.0,9.107439795504362,15,1,1,-17.0,5.0,-16.0,6.0
85,yellow_transition,yellow_transition,66,68.0,9.191751944000167,11,1,1,-17.0,5.0,-16.0,6.0
86,main_green,main_green,65,11.0,9.584176554825756,3,2,2,-17.0,5.0,-16.0,6.0
87,main_green,main_green,64,0.0,9.875014866257569,0,2,2,-17.0,5.0,-16.0,6.0
88,main_green,main_green,66,0.0,9.891457661844198,2,2,2,-17.0,5.0,-16.0,6.0
89,main_green,main_green,66,0.0,10.395594849091212,0,2,2,-17.0,5.0,-16.0,6.0
90,main_green,main_green,66,0.0,10.891910680865637,0,2,2,-17.0,5.0,-16.0,6.0
91,main_green,main_green,63,0.0,11.234976540849885,0,2,2,-17.0,5.0,-16.0,6.0
92,main_green,main_green,57,2.0,11.206906968160553,3,2,2,-17.0,5.0,-16.0,6.0
93,main_green,main_green,56,4.0,11.17717194707488,3,2,2,-17.0,5.0,-16.0,6.0
94,main_green,main_green,51,8.0,11.227567869878104,4,2,2,-17.0,5.0,-16.0,6.0
95,main_green,main_green,50,12.0,11.29025601340558,4,2,2,-17.0,5.0,-16.0,6.0
96,main_green,main_green,48,16.0,10.161957195510231,9,2,2,-5.0,9.0,-10.0,4.0
97,main_green,main_green,45,20.0,10.2761234837635,4,2,2,-5.0,9.0,-10.0,4.0
98,main_green,main_green,46,24.0,10.313561221733613,5,2,2,-5.0,9.0,-10.0,4.0
99,main_green,main_green,46,28.0,10.621561870872128,4,2,2,-5.0,9.0,-10.0,4.0
100,main_green,main_green,47,32.0,10.543419371267115,5,2,2,-5.0,9.0,-10.0,4.0
101,main_green,main_green,47,36.0,10.671520500805233,4,2,2,-5.0,9.0,-10.0,4.0
102,main_green,main_green,47,40.0,10.627266048140843,4,2,2,-5.0,9.0,-10.0,4.0
103,main_green,main_green,48,44.0,10.268736576203727,5,2,2,-5.0,9.0,-10.0,4.0
104,main_green,main_green,49,49.0,10.121487635641188,6,2,2,-5.0,9.0,-10.0,4.0
105,main_green,main_green,49,55.0,10.125750378577568,6,2,2,-5.0,9.0,-10.0,4.0
106,main_green,main_green,49,63.0,10.28820496025173,8,2,2,0.0,14.0,-1.0,13.0
107,main_green,main_green,49,71.0,10.349825091528746,8,2,2,0.0,14.0,-1.0,13.0
108,main_green,main_green,54,79.0,9.492880386158912,13,2,2,0.0,14.0,-1.0,13.0
109,main_green,main_green,55,87.0,9.648235035153645,9,2,2,0.0,14.0,-1.0,13.0
110,main_green,main_green,55,95.0,9.891226479773332,8,2,2,0.0,14.0,-1.0,13.0
111,main_green,main_green,55,103.0,10.079523590238232,8,2,2,0.0,14.0,-1.0,13.0
112,main_green,main_green,53,111.0,9.738191230305816,9,2,2,0.0,14.0,-1.0,13.0
113,main_green,main_green,52,119.0,9.728411578416486,8,2,2,0.0,14.0,-1.0,13.0
114,main_green,main_green,50,127.0,9.251201012702118,9,2,2,0.0,14.0,-1.0,13.0
115,main_green,main_green,48,135.0,9.197807013356226,8,2,2,0.0,14.0,-1.0,13.0
116,main_green,main_green,49,144.0,9.037592857687367,10,2,2,7.0,11.0,9.0,15.0
117,main_green,main_green,49,156.0,9.198751401195581,12,2,2,7.0,11.0,9.0,15.0
118,main_green,main_green,48,168.0,9.140272948172884,12,2,2,7.0,11.0,9.0,15.0
119,main_green,main_green,49,180.0,9.10387958869612,13,2,2,7.0,11.0,9.0,15.0
120,main_green,main_green,54,192.0,8.419201391680202,17,2,2,7.0,11.0,9.0,15.0
121,main_green,main_green,54,204.0,8.695054864952104,12,2,2,7.0,11.0,9.0,15.0
122,main_green,main_green,54,216.0,8.92324096664947,12,2,2,7.0,11.0,9.0,15.0
123,main_green,main_green,54,228.0,9.051295624991974,12,2,2,7.0,11.0,9.0,15.0
124,main_green,main_green,56,240.0,8.789100545662055,14,2,2,7.0,11.0,9.0,15.0
125,main_green,main_green,56,252.0,8.888384281754961,12,2,2,7.0,11.0,9.0,15.0
126,main_green,main_green,56,264.0,8.952703448109101,12,2,2,8.0,10.0,8.0,10.0
127,main_green,main_green,56,276.0,8.903584421888528,12,2,2,8.0,10.0,8.0,10.0
128,main_green,main_green,57,290.0,8.852394506362165,15,2,2,8.0,10.0,8.0,10.0
129,main_green,main_green,58,306.0,8.844713687564093,17,2,2,8.0,10.0,8.0,10.0
130,main_green,main_green,58,322.0,8.856312717388407,16,2,2,8.0,10.0,8.0,10.0
131,main_green,main_green,58,338.0,8.962435398910516,16,2,2,8.0,10.0,8.0,10.0
132,main_green,main_green,63,354.0,8.313857849939302,21,2,2,8.0,10.0,8.0,10.0
133,main_green,main_green,63,370.0,8.490357856581182,16,2,2,8.0,10.0,8.0,10.0
134,main_green,main_green,64,386.0,8.680617213724418,17,2,2,8.0,10.0,8.0,10.0
135,main_green,main_green,63,402.0,8.726432607506664,16,2,2,8.0,10.0,8.0,10.0
136,yellow_transition,yellow_transition,64,418.0,8.479105615055266,17,3,3,11.0,9.0,9.0,7.0
137,yellow_transition,yellow_transition,63,434.0,8.399376125582346,16,3,3,11.0,9.0,9.0,7.0
138,yellow_transition,yellow_transition,60,450.0,8.090068175339999,16,3,3,11.0,9.0,9.0,7.0
139,side_green,side_green,59,142.0,7.9072403173082435,12,0,0,11.0,9.0,9.0,7.0
140,side_green,side_green,58,8.0,8.001323021928739,6,0,0,11.0,9.0,9.0,7.0
141,side_green,side_green,57,2.0,8.342695140740515,1,0,0,11.0,9.0,9.0,7.0
142,side_green,side_green,57,4.0,9.133970717537228,2,0,0,11.0,9.0,9.0,7.0
143,side_green,side_green,56,8.0,9.602262922874784,4,0,0,11.0,9.0,9.0,7.0
144,side_green,side_green,61,12.0,9.152635019867661,9,0,0,11.0,9.0,9.0,7.0
145,side_green,side_green,62,17.0,9.318105440986425,6,0,0,11.0,9.0,9.0,7.0
146,side_green,side_green,62,22.0,9.702835713966156,5,0,0,11.0,9.0,9.0,7.0
147,side_green,side_green,61,29.0,9.801183380464876,7,0,0,11.0,9.0,9.0,7.0
148,side_green,side_green,62,38.0,9.742627255213174,10,0,0,11.0,9.0,9.0,7.0
149,yellow_transition,yellow_transition,60,47.0,9.655398521915096,9,1,1,-12.0,8.0,-9.0,9.0
150,yellow_transition,yellow_transition,61,57.0,9.409463833435813,11,1,1,-12.0,8.0,-9.0,9.0
151,yellow_transition,yellow_transition,61,68.0,9.221726748142274,11,1,1,-12.0,8.0,-9.0,9.0
152,main_green,main_green,60,14.0,8.934933630678023,5,2,2,-12.0,8.0,-9.0,9.0
153,main_green,main_green,60,0.0,9.044408179051029,0,2,2,-12.0,8.0,-9.0,9.0
154,main_green,main_green,59,0.0,9.49429890669394,0,2,2,-12.0,8.0,-9.0,9.0
155,main_green,main_green,59,1.0,9.90172350177074,2,2,2,-12.0,8.0,-9.0,9.0
156,main_green,main_green,64,3.0,9.573219368544873,7,2,2,-12.0,8.0,-9.0,9.0
157,main_green,main_green,58,5.0,10.023677731910894,2,2,2,-12.0,8.0,-9.0,9.0
158,main_green,main_green,58,7.0,10.803642657606769,2,2,2,-12.0,8.0,-9.0,9.0
159,main_green,main_green,54,9.0,11.215434539242905,2,2,2,-12.0,8.0,-9.0,9.0
160,main_green,main_green,52,11.0,10.961325616356646,4,2,2,-12.0,8.0,-9.0,9.0
161,main_green,main_green,49,13.0,11.147242268929023,2,2,2,-12.0,8.0,-9.0,9.0
162,main_green,main_green,47,15.0,11.02014478272817,2,2,2,-3.0,7.0,-3.0,11.0
163,main_green,main_green,45,17.0,10.739128437395722,2,2,2,-3.0,7.0,-3.0,11.0
164,main_green,main_green,46,19.0,10.375891791332842,3,2,2,-3.0,7.0,-3.0,11.0
165,main_green,main_green,45,24.0,10.153209159925401,6,2,2,-3.0,7.0,-3.0,11.0
166,main_green,main_green,45,30.0,10.415542272851686,6,2,2,-3.0,7.0,-3.0,11.0
167,main_green,main_green,45,36.0,10.594474888553613,6,2,2,-3.0,7.0,-3.0,11.0
168,main_green,main_green,50,42.0,9.587123795524002,11,2,2,-3.0,7.0,-3.0,11.0
169,main_green,main_green,50,48.0,9.880366882104124,6,2,2,-3.0,7.0,-3.0,11.0
170,main_green,main_green,51,54.0,9.94389453882962,7,2,2,-3.0,7.0,-3.0,11.0
171,main_green,main_green,51,60.0,10.225538948447094,6,2,2,-3.0,7.0,-3.0,11.0
172,main_green,main_green,52,66.0,10.123840909870731,7,2,2,1.0,13.0,1.0,15.0
173,main_green,main_green,52,72.0,10.222686720848523,6,2,2,1.0,13.0,1.0,15.0
174,main_green,main_green,52,78.0,10.201192952208844,6,2,2,1.0,13.0,1.0,15.0
175,main_green,main_green,53,84.0,10.047664143222248,7,2,2,1.0,13.0,1.0,15.0
176,main_green,main_green,54,90.0,9.832354472507372,7,2,2,1.0,13.0,1.0,15.0
177,main_green,main_green,54,97.0,9.940875746662332,7,2,2,1.0,13.0,1.0,15.0
178,main_green,main_green,52,107.0,9.894129152623766,10,2,2,1.0,13.0,1.0,15.0
179,main_green,main_green,51,117.0,9.926388396414733,10,2,2,1.0,13.0,1.0,15.0
180,main_green,main_green,54,127.0,9.034931820699201,15,2,2,1.0,13.0,1.0,15.0
181,main_green,main_green,53,137.0,8.901910436253207,11,2,2,1.0,13.0,1.0,15.0
182,main_green,main_green,52,147.0,9.154800148905066,10,2,2,6.0,10.0,10.0,18.0
183,main_green,main_green,51,157.0,9.322992247450598,10,2,2,6.0,10.0,10.0,18.0
184,main_green,main_green,51,167.0,9.061694782831141,11,2,2,6.0,10.0,10.0,18.0
185,main_green,main_green,51,177.0,9.207735825628632,10,2,2,6.0,10.0,10.0,18.0
186,main_green,main_green,52,187.0,8.967289654684574,11,2,2,6.0,10.0,10.0,18.0
187,main_green,main_green,52,198.0,8.982597351520859,11,2,2,6.0,10.0,10.0,18.0
188,main_green,main_green,53,210.0,8.890783674695129,13,2,2,6.0,10.0,10.0,18.0
189,main_green,main_green,53,224.0,9.008938962561627,14,2,2,6.0,10.0,10.0,18.0
190,main_green,main_green,53,238.0,9.095563883596535,14,2,2,6.0,10.0,10.0,18.0
191,main_green,main_green,54,252.0,8.993766763131276,15,2,2,6.0,10.0,10.0,18.0
192,main_green,main_green,59,266.0,8.370128936250934,19,2,2,7.0,11.0,5.0,9.0
193,main_green,main_green,59,280.0,8.619696167844133,14,2,2,7.0,11.0,5.0,9.0
194,main_green,main_green,59,294.0,8.894132414947636,14,2,2,7.0,11.0,5.0,9.0
195,main_green,main_green,59,308.0,8.841333875478787,14,2,2,7.0,11.0,5.0,9.0
196,main_green,main_green,61,322.0,8.633216644040798,16,2,2,7.0,11.0,5.0,9.0
197,main_green,main_green,61,336.0,8.556325366656537,14,2,2,7.0,11.0,5.0,9.0
198,main_green,main_green,61,350.0,8.54393322250173,14,2,2,7.0,11.0,5.0,9.0
199,main_green,main_green,61,366.0,8.774980837348519,16,2,2,7.0,11.0,5.0,9.0
200,main_green,main_green,62,383.0,8.738732958921004,18,2,2,7.0,11.0,5.0,9.0
201,main_green,main_green,60,401.0,8.406681806965953,19,2,2,7.0,11.0,5.0,9.0
202,yellow_transition,yellow_transition,59,419.0,8.435643331597785,18,3,3,11.0,9.0,8.0,8.0
203,yellow_transition,yellow_transition,59,437.0,8.316081458189435,18,3,3,11.0,9.0,8.0,8.0
204,yellow_transition,yellow_transition,62,455.0,7.442772898171828,23,3,3,11.0,9.0,8.0,8.0
205,side_green,main_green,62,313.0,7.766386546418943,15,0,2,11.0,9.0,8.0,8.0
206,side_green,main_green,62,255.0,7.9443894900418295,12,0,2,11.0,9.0,8.0,8.0
207,side_green,main_green,62,257.0,8.178205552620993,10,0,2,11.0,9.0,8.0,8.0
208,side_green,main_green,61,268.0,8.160277945671275,12,0,2,11.0,9.0,8.0,8.0
209,side_green,main_green,61,279.0,8.550517215923868,11,0,2,11.0,9.0,8.0,8.0
210,side_green,main_green,58,290.0,8.79933244580882,11,0,2,11.0,9.0,8.0,8.0
211,side_green,main_green,58,302.0,8.787512089429345,13,0,2,11.0,9.0,8.0,8.0
212,side_green,main_green,59,314.0,8.778204534207982,13,0,2,11.0,9.0,8.0,8.0
213,side_green,main_green,59,326.0,8.846357643786785,12,0,2,11.0,9.0,8.0,8.0
214,side_green,main_green,59,341.0,8.821813903190282,15,0,2,11.0,9.0,8.0,8.0
215,yellow_transition,yellow_transition,59,356.0,8.611457441709836,15,1,3,-13.0,15.0,14.0,4.0
216,yellow_transition,yellow_transition,62,372.0,7.641006564196099,21,1,3,-13.0,15.0,14.0,4.0
217,yellow_transition,yellow_transition,63,388.0,7.50017703619,17,1,3,-13.0,15.0,14.0,4.0
218,main_green,side_green,63,157.0,7.712988467012755,10,2,0,-13.0,15.0,14.0,4.0
219,main_green,side_green,63,36.0,8.363505250628448,5,2,0,-13.0,15.0,14.0,4.0
220,main_green,side_green,64,5.0,8.645632639783985,3,2,0,-13.0,15.0,14.0,4.0
221,main_green,side_green,62,7.0,8.90794657488258,2,2,0,-13.0,15.0,14.0,4.0
222,main_green,side_green,63,9.0,9.363359164403176,3,2,0,-13.0,15.0,14.0,4.0
223,main_green,side_green,62,12.0,9.81329907616091,3,2,0,-13.0,15.0,14.0,4.0
224,main_green,side_green,60,16.0,9.824934343952359,5,2,0,-13.0,15.0,14.0,4.0
225,main_green,side_green,59,20.0,10.21159513303125,4,2,0,-13.0,15.0,14.0,4.0
226,main_green,side_green,55,26.0,10.350293260226577,6,2,0,-13.0,15.0,14.0,4.0
227,main_green,side_green,55,33.0,10.23266219799597,8,2,0,-13.0,15.0,14.0,4.0
228,yellow_transition,yellow_transition,58,40.0,9.386672072858634,12,3,1,-6.0,2.0,-13.0,13.0
229,yellow_transition,yellow_transition,58,48.0,9.563232922605518,8,3,1,-6.0,2.0,-13.0,13.0
230,yellow_transition,yellow_transition,57,56.0,9.659448055802109,8,3,1,-6.0,2.0,-13.0,13.0
231,main_green,main_green,56,22.0,9.866494542328823,4,2,2,-6.0,2.0,-13.0,13.0
232,main_green,main_green,58,16.0,9.719817892490632,4,2,2,-6.0,2.0,-13.0,13.0
233,main_green,main_green,58,18.0,9.923423045952475,2,2,2,-6.0,2.0,-13.0,13.0
234,main_green,main_green,58,20.0,9.99230799802852,2,2,2,-6.0,2.0,-13.0,13.0
235,main_green,main_green,57,23.0,10.176690747586337,3,2,2,-6.0,2.0,-13.0,13.0
236,main_green,main_green,58,28.0,10.188719033687743,6,2,2,-6.0,2.0,-13.0,13.0
237,main_green,main_green,56,34.0,10.200985340924262,7,2,2,-6.0,2.0,-13.0,13.0
238,main_green,main_green,56,40.0,10.482966653378679,6,2,2,-6.0,2.0,-13.0,13.0
239,main_green,main_green,54,46.0,10.598055609597818,6,2,2,-6.0,2.0,-13.0,13.0
240,main_green,main_green,57,52.0,9.75471166811752,11,2,2,-6.0,2.0,-13.0,13.0
241,main_green,main_green,54,58.0,9.855695552955906,6,2,2,0.0,8.0,-3.0,13.0
242,main_green,main_green,54,64.0,9.92012601091319,7,2,2,0.0,8.0,-3.0,13.0
243,main_green,main_green,52,70.0,10.179819002939016,6,2,2,0.0,8.0,-3.0,13.0
244,main_green,main_green,50,76.0,10.016753253264806,7,2,2,0.0,8.0,-3.0,13.0
245,main_green,main_green,50,82.0,10.10310256100008,6,2,2,0.0,8.0,-3.0,13.0
246,main_green,main_green,50,88.0,10.161055060745445,6,2,2,0.0,8.0,-3.0,13.0
247,main_green,main_green,49,94.0,9.855167193968063,7,2,2,0.0,8.0,-3.0,13.0
248,main_green,main_green,50,101.0,9.62517760631701,8,2,2,0.0,8.0,-3.0,13.0
249,main_green,main_green,50,109.0,9.63211230608132,8,2,2,0.0,8.0,-3.0,13.0
250,main_green,main_green,50,117.0,9.638904603751593,8,2,2,0.0,8.0,-3.0,13.0
251,main_green,main_green,50,126.0,9.729127439310846,9,2,2,5.0,13.0,-1.0,15.0
252,main_green,main_green,54,136.0,8.881611371206759,15,2,2,5.0,13.0,-1.0,15.0
253,main_green,main_green,55,146.0,8.865274466451426,11,2,2,5.0,13.0,-1.0,15.0
254,main_green,main_green,55,156.0,9.180428890655987,10,2,2,5.0,13.0,-1.0,15.0
255,main_green,main_green,55,166.0,9.340050758511126,10,2,2,5.0,13.0,-1.0,15.0
256,main_green,main_green,56,176.0,9.295476565453324,11,2,2,5.0,13.0,-1.0,15.0
257,main_green,main_green,55,186.0,9.454415814266918,10,2,2,5.0,13.0,-1.0,15.0
258,main_green,main_green,54,196.0,9.062250872180377,11,2,2,5.0,13.0,-1.0,15.0
259,main_green,main_green,53,206.0,9.086730748838525,10,2,2,5.0,13.0,-1.0,15.0
260,main_green,main_green,53,216.0,8.896729713744401,11,2,2,5.0,13.0,-1.0,15.0
261,main_green,main_green,53,229.0,8.871482558193321,13,2,2,13.0,17.0,4.0,8.0
262,main_green,main_green,53,242.0,8.969052363053025,13,2,2,13.0,17.0,4.0,8.0
263,main_green,main_green,54,255.0,8.873025762801108,14,2,2,13.0,17.0,4.0,8.0
264,main_green,main_green,59,269.0,8.263091772718289,19,2,2,13.0,17.0,4.0,8.0
265,main_green,main_green,59,283.0,8.45223326502423,14,2,2,13.0,17.0,4.0,8.0
266,main_green,main_green,59,297.0,8.74448403774631,14,2,2,13.0,17.0,4.0,8.0
267,main_green,main_green,58,311.0,8.8562741849893,14,2,2,13.0,17.0,4.0,8.0
268,main_green,main_green,60,325.0,8.435462278922039,16,2,2,13.0,17.0,4.0,8.0
269,main_green,main_green,59,339.0,8.496770232537626,14,2,2,13.0,17.0,4.0,8.0
270,main_green,main_green,59,354.0,8.435990971856201,15,2,2,13.0,17.0,4.0,8.0
271,yellow_transition,yellow_transition,58,369.0,8.455806257295178,15,3,3,12.0,10.0,6.0,8.0
272,yellow_transition,yellow_transition,59,385.0,8.204757743689312,17,3,3,12.0,10.0,6.0,8.0
273,yellow_transition,yellow_transition,59,402.0,8.060821702272603,18,3,3,12.0,10.0,6.0,8.0
274,side_green,main_green,59,241.0,8.335145105510852,13,0,2,12.0,10.0,6.0,8.0
275,side_green,main_green,58,172.0,8.489627437879454,10,0,2,12.0,10.0,6.0,8.0
276,side_green,main_green,63,170.0,8.11657905408886,13,0,2,12.0,10.0,6.0,8.0
277,side_green,main_green,63,178.0,8.49267268155454,8,0,2,12.0,10.0,6.0,8.0
278,side_green,main_green,64,186.0,8.693428284590382,9,0,2,12.0,10.0,6.0,8.0
279,side_green,main_green,63,196.0,9.064729587544308,10,0,2,12.0,10.0,6.0,8.0
280,side_green,main_green,63,206.0,9.07121094603465,11,0,2,12.0,10.0,6.0,8.0
281,side_green,main_green,63,216.0,9.21208401418916,10,0,2,12.0,10.0,6.0,8.0
282,side_green,main_green,62,229.0,9.064299738469408,13,0,2,12.0,10.0,6.0,8.0
283,side_green,main_green,61,242.0,8.823300449295965,14,0,2,12.0,10.0,6.0,8.0
284,yellow_transition,yellow_transition,61,256.0,8.682216704698417,15,1,3,-12.0,16.0,11.0,3.0
285,yellow_transition,yellow_transition,60,272.0,8.599717943585944,16,1,3,-12.0,16.0,11.0,3.0
286,yellow_transition,yellow_transition,59,288.0,8.609918814630221,16,1,3,-12.0,16.0,11.0,3.0
287,main_green,side_green,57,99.0,8.665938723820522,9,2,0,-12.0,16.0,11.0,3.0
288,main_green,side_green,62,12.0,8.310988911857299,7,2,0,-12.0,16.0,11.0,3.0
289,main_green,side_green,62,0.0,8.704889674120473,1,2,0,-12.0,16.0,11.0,3.0
290,main_green,side_green,62,0.0,9.38954239362681,0,2,0,-12.0,16.0,11.0,3.0
291,main_green,side_green,61,1.0,9.962960693272471,1,2,0,-12.0,16.0,11.0,3.0
292,main_green,side_green,60,2.0,10.384397356534361,2,2,0,-12.0,16.0,11.0,3.0
293,main_green,side_green,58,3.0,10.5744686497619,1,2,0,-12.0,16.0,11.0,3.0
294,main_green,side_green,59,6.0,10.711028512414332,4,2,0,-12.0,16.0,11.0,3.0
295,main_green,side_green,57,9.0,10.746374309738933,3,2,0,-12.0,16.0,11.0,3.0
296,main_green,side_green,56,13.0,10.553026168824852,5,2,0,-12.0,16.0,11.0,3.0
297,yellow_transition,yellow_transition,55,19.0,10.75431950451528,6,3,1,-8.0,4.0,-12.0,10.0
298,yellow_transition,yellow_transition,54,25.0,10.634486676466068,6,3,1,-8.0,4.0,-12.0,10.0
299,yellow_transition,yellow_transition,53,31.0,10.235278542285997,7,3,1,-8.0,4.0,-12.0,10.0
300,main_green,main_green,58,8.0,9.59182082254544,7,2,2,-8.0,4.0,-12.0,10.0
301,main_green,main_green,57,10.0,9.951067134595558,2,2,2,-8.0,4.0,-12.0,10.0
302,main_green,main_green,57,13.0,10.330724859291237,3,2,2,-8.0,4.0,-12.0,10.0
303,main_green,main_green,56,16.0,10.659725227645756,3,2,2,-8.0,4.0,-12.0,10.0
304,main_green,main_green,58,19.0,10.533557791851862,5,2,2,-8.0,4.0,-12.0,10.0
305,main_green,main_green,57,22.0,10.766869344002346,3,2,2,-8.0,4.0,-12.0,10.0
306,main_green,main_green,55,25.0,10.644448448961048,3,2,2,-8.0,4.0,-12.0,10.0
307,main_green,main_green,53,28.0,10.440403436469182,3,2,2,-8.0,4.0,-12.0,10.0
308,main_green,main_green,52,34.0,10.195758005419076,7,2,2,-8.0,4.0,-12.0,10.0
309,main_green,main_green,52,40.0,10.102228414608657,7,2,2,-8.0,4.0,-12.0,10.0
310,main_green,main_green,49,47.0,10.068678090980594,7,2,2,-5.0,5.0,-1.0,17.0
311,main_green,main_green,48,54.0,10.141752473821187,7,2,2,-5.0,5.0,-1.0,17.0
312,main_green,main_green,53,61.0,9.354413692597783,12,2,2,-5.0,5.0,-1.0,17.0
313,main_green,main_green,51,68.0,9.425062183805982,7,2,2,-5.0,5.0,-1.0,17.0
314,main_green,main_green,51,75.0,9.579669610714904,8,2,2,-5.0,5.0,-1.0,17.0
315,main_green,main_green,50,82.0,9.736357463950178,7,2,2,-5.0,5.0,-1.0,17.0
316,main_green,main_green,51,89.0,9.68302490136193,8,2,2,-5.0,5.0,-1.0,17.0
317,main_green,main_green,50,96.0,9.689405952339268,7,2,2,-5.0,5.0,-1.0,17.0
318,main_green,main_green,50,103.0,9.755690068808946,7,2,2,-5.0,5.0,-1.0,17.0
319,main_green,main_green,51,111.0,9.598641820030634,9,2,2,-5.0,5.0,-1.0,17.0
320,main_green,main_green,52,119.0,9.307205075748417,9,2,2,6.0,14.0,1.0,11.0
321,main_green,main_green,51,129.0,9.390669302047812,10,2,2,6.0,14.0,1.0,11.0
322,main_green,main_green,51,140.0,9.545968963168832,11,2,2,6.0,14.0,1.0,11.0
323,main_green,main_green,51,151.0,9.57673453444226,11,2,2,6.0,14.0,1.0,11.0
324,main_green,main_green,56,162.0,8.737604694709374,16,2,2,6.0,14.0,1.0,11.0
325,main_green,main_green,57,173.0,8.92256367863259,12,2,2,6.0,14.0,1.0,11.0
326,main_green,main_green,55,184.0,9.056498755717431,11,2,2,6.0,14.0,1.0,11.0
327,main_green,main_green,54,195.0,9.048498497545559,11,2,2,6.0,14.0,1.0,11.0
328,main_green,main_green,55,206.0,9.011007127032308,12,2,2,6.0,14.0,1.0,11.0
329,main_green,main_green,55,217.0,8.960617765279245,11,2,2,6.0,14.0,1.0,11.0
330,main_green,main_green,56,228.0,8.770376284422067,12,2,2,11.0,13.0,5.0,7.0
331,main_green,main_green,55,240.0,8.719701096913228,12,2,2,11.0,13.0,5.0,7.0
332,main_green,main_green,56,255.0,8.627502592131517,16,2,2,11.0,13.0,5.0,7.0
333,main_green,main_green,56,270.0,8.802610257322952,15,2,2,11.0,13.0,5.0,7.0
334,main_green,main_green,55,285.0,8.783201534186293,15,2,2,11.0,13.0,5.0,7.0
335,main_green,main_green,56,300.0,8.696189644253357,16,2,2,11.0,13.0,5.0,7.0
336,main_green,main_green,61,315.0,8.10945936089128,20,2,2,11.0,13.0,5.0,7.0
337,main_green,main_green,61,330.0,8.420862465433657,15,2,2,11.0,13.0,5.0,7.0
338,main_green,main_green,59,345.0,8.437231919339537,15,2,2,11.0,13.0,5.0,7.0
339,main_green,main_green,59,360.0,8.572177719703957,15,2,2,11.0,13.0,5.0,7.0
340,yellow_transition,yellow_transition,60,375.0,8.06949757174058,17,3,3,12.0,6.0,10.0,12.0
341,yellow_transition,yellow_transition,60,390.0,7.962604908606442,15,3,3,12.0,6.0,10.0,12.0
342,yellow_transition,yellow_transition,59,405.0,7.68345405499763,15,3,3,12.0,6.0,10.0,12.0
343,side_green,main_green,58,257.0,7.880667757722394,14,0,2,12.0,6.0,10.0,12.0
344,side_green,main_green,58,200.0,7.976099939158902,13,0,2,12.0,6.0,10.0,12.0
345,side_green,main_green,58,207.0,8.202452560807204,11,0,2,12.0,6.0,10.0,12.0
346,side_green,main_green,58,217.0,8.627800028396464,10,0,2,12.0,6.0,10.0,12.0
347,side_green,main_green,57,227.0,8.922556647557819,10,0,2,12.0,6.0,10.0,12.0
348,side_green,main_green,62,237.0,8.599573177740494,15,0,2,12.0,6.0,10.0,12.0
349,side_green,main_green,62,247.0,8.884312883220293,10,0,2,12.0,6.0,10.0,12.0
350,side_green,main_green,63,258.0,9.002624602092832,12,0,2,12.0,6.0,10.0,12.0
351,side_green,main_green,61,270.0,9.065300430336388,12,0,2,12.0,6.0,10.0,12.0
352,side_green,main_green,61,282.0,9.131131533785446,13,0,2,12.0,6.0,10.0,12.0
353,yellow_transition,yellow_transition,60,295.0,9.113024611798279,13,1,3,-9.0,17.0,14.0,4.0
354,yellow_transition,yellow_transition,59,308.0,8.864601733737587,13,1,3,-9.0,17.0,14.0,4.0
355,yellow_transition,yellow_transition,59,321.0,8.532434323928227,14,1,3,-9.0,17.0,14.0,4.0
356,main_green,side_green,60,120.0,8.43111095694729,7,2,0,-9.0,17.0,14.0,4.0
357,main_green,side_green,60,16.0,8.749047308673841,2,2,0,-9.0,17.0,14.0,4.0
358,main_green,side_green,60,0.0,9.21536790455521,0,2,0,-9.0,17.0,14.0,4.0
359,main_green,side_green,59,2.0,9.813557984673292,2,2,0,-9.0,17.0,14.0,4.0
360,main_green,side_green,63,4.0,9.490655470853932,7,2,0,-9.0,17.0,14.0,4.0
361,main_green,side_green,60,6.0,9.751784567700692,3,2,0,-9.0,17.0,14.0,4.0
362,main_green,side_green,60,8.0,10.291308445175503,2,2,0,-9.0,17.0,14.0,4.0
363,main_green,side_green,56,10.0,10.681256064603037,2,2,0,-9.0,17.0,14.0,4.0
364,main_green,side_green,57,13.0,10.786964499774612,4,2,0,-9.0,17.0,14.0,4.0
365,main_green,side_green,55,16.0,10.661109935156635,3,2,0,-9.0,17.0,14.0,4.0
366,yellow_transition,yellow_transition,56,20.0,10.351843475604896,5,3,1,-7.0,5.0,-11.0,13.0
367,yellow_transition,yellow_transition,54,25.0,10.236484155631187,5,3,1,-7.0,5.0,-11.0,13.0
368,yellow_transition,yellow_transition,55,31.0,9.865224012922383,7,3,1,-7.0,5.0,-11.0,13.0
369,main_green,main_green,52,9.0,9.992088193302996,4,2,2,-7.0,5.0,-11.0,13.0
370,main_green,main_green,52,4.0,10.258157656174575,2,2,2,-7.0,5.0,-11.0,13.0
371,main_green,main_green,52,6.0,10.431748423022556,3,2,2,-7.0,5.0,-11.0,13.0
372,main_green,main_green,57,8.0,9.782757655516628,7,2,2,-7.0,5.0,-11.0,13.0
373,main_green,main_green,57,10.0,10.316412881470612,2,2,2,-7.0,5.0,-11.0,13.0
374,main_green,main_green,55,12.0,10.639812400128074,2,2,2,-7.0,5.0,-11.0,13.0
375,main_green,main_green,55,14.0,10.984419556932343,2,2,2,-7.0,5.0,-11.0,13.0
376,main_green,main_green,55,16.0,10.599040111763166,4,2,2,-7.0,5.0,-11.0,13.0
377,main_green,main_green,54,18.0,10.617974088338677,2,2,2,-7.0,5.0,-11.0,13.0
378,main_green,main_green,54,20.0,10.767928081617061,2,2,2,-7.0,5.0,-11.0,13.0
379,main_green,main_green,52,23.0,10.692646818018442,3,2,2,-4.0,6.0,-8.0,12.0
380,main_green,main_green,52,28.0,10.548633561159162,6,2,2,-4.0,6.0,-8.0,12.0
381,main_green,main_green,53,34.0,10.40033272798041,7,2,2,-4.0,6.0,-8.0,12.0
382,main_green,main_green,50,40.0,10.570467987564784,6,2,2,-4.0,6.0,-8.0,12.0
383,main_green,main_green,49,46.0,10.563464797371582,6,2,2,-4.0,6.0,-8.0,12.0
384,main_green,main_green,52,52.0,9.684079698423504,11,2,2,-4.0,6.0,-8.0,12.0
385,main_green,main_green,52,58.0,9.948301012447825,6,2,2,-4.0,6.0,-8.0,12.0
386,main_green,main_green,52,64.0,9.900131337596154,7,2,2,-4.0,6.0,-8.0,12.0
387,main_green,main_green,52,70.0,10.29502136497168,6,2,2,-4.0,6.0,-8.0,12.0
388,main_green,main_green,51,76.0,10.172402479801418,7,2,2,-4.0,6.0,-8.0,12.0
389,main_green,main_green,51,82.0,10.174283147286808,6,2,2,7.0,17.0,-2.0,8.0
390,main_green,main_green,51,88.0,9.95235071010907,6,2,2,7.0,17.0,-2.0,8.0
391,main_green,main_green,52,94.0,9.79897319978269,7,2,2,7.0,17.0,-2.0,8.0
392,main_green,main_green,53,102.0,9.643873145226932,9,2,2,7.0,17.0,-2.0,8.0
393,main_green,main_green,53,112.0,9.799293912185666,10,2,2,7.0,17.0,-2.0,8.0
394,main_green,main_green,52,122.0,9.829550122142358,10,2,2,7.0,17.0,-2.0,8.0
395,main_green,main_green,51,132.0,9.916027688373092,10,2,2,7.0,17.0,-2.0,8.0
396,main_green,main_green,54,142.0,9.000062674117556,15,2,2,7.0,17.0,-2.0,8.0
397,main_green,main_green,55,152.0,9.09933827531755,11,2,2,7.0,17.0,-2.0,8.0
398,main_green,main_green,55,162.0,9.341876717212108,10,2,2,7.0,17.0,-2.0,8.0
399,main_green,main_green,54,172.0,9.531847144100073,10,2,2,11.0,15.0,0.0,6.0
400,main_green,main_green,55,182.0,9.428692577174035,11,2,2,11.0,15.0,0.0,6.0
401,main_green,main_green,55,192.0,9.317820433939495,10,2,2,11.0,15.0,0.0,6.0
402,main_green,main_green,56,202.0,9.243654279224923,11,2,2,11.0,15.0,0.0,6.0
403,main_green,main_green,56,212.0,9.257167346903714,10,2,2,11.0,15.0,0.0,6.0
404,main_green,main_green,56,224.0,9.035476487114291,13,2,2,11.0,15.0,0.0,6.0
405,main_green,main_green,55,237.0,9.114069737876186,13,2,2,11.0,15.0,0.0,6.0
406,main_green,main_green,54,251.0,9.229311092353255,14,2,2,11.0,15.0,0.0,6.0
407,main_green,main_green,54,265.0,9.02371518594515,15,2,2,11.0,15.0,0.0,6.0
408,main_green,main_green,59,279.0,8.326084322887056,19,2,2,11.0,15.0,0.0,6.0
409,main_green,main_green,59,293.0,8.51742391984827,14,2,2,12.0,12.0,7.0,9.0
410,main_green,main_green,59,307.0,8.834752122218102,14,2,2,12.0,12.0,7.0,9.0
411,main_green,main_green,57,321.0,8.822991947905011,14,2,2,12.0,12.0,7.0,9.0
412,main_green,main_green,59,335.0,8.426121961312413,16,2,2,12.0,12.0,7.0,9.0
413,main_green,main_green,58,349.0,8.544554857258055,14,2,2,12.0,12.0,7.0,9.0
414,main_green,main_green,58,363.0,8.493032591199517,14,2,2,12.0,12.0,7.0,9.0
415,main_green,main_green,58,379.0,8.522428211620552,16,2,2,12.0,12.0,7.0,9.0
416,main_green,main_green,58,397.0,8.393833980907981,19,2,2,12.0,12.0,7.0,9.0
417,main_green,main_green,58,415.0,8.306934515141116,19,2,2,12.0,12.0,7.0,9.0
418,main_green,main_green,57,433.0,8.305559023015723,18,2,2,12.0,12.0,7.0,9.0
419,yellow_transition,yellow_transition,56,451.0,8.26006143456239,18,3,3,11.0,9.0,10.0,12.0
420,yellow_transition,yellow_transition,60,469.0,7.435017297963251,23,3,3,11.0,9.0,10.0,12.0
421,yellow_transition,yellow_transition,60,488.0,7.591015722204399,19,3,3,11.0,9.0,10.0,12.0
422,side_green,main_green,61,311.0,7.709798481326956,15,0,2,11.0,9.0,10.0,12.0
423,side_green,main_green,59,224.0,7.775132803474744,10,0,2,11.0,9.0,10.0,12.0
424,side_green,main_green,60,215.0,8.018700594523454,10,0,2,11.0,9.0,10.0,12.0
425,side_green,main_green,59,224.0,8.283092109234326,9,0,2,11.0,9.0,10.0,12.0
426,side_green,main_green,58,234.0,8.57594788496444,10,0,2,11.0,9.0,10.0,12.0
427,side_green,main_green,57,244.0,8.85227511520044,11,0,2,11.0,9.0,10.0,12.0
428,side_green,main_green,58,255.0,9.105518108997254,12,0,2,11.0,9.0,10.0,12.0
429,side_green,main_green,58,267.0,9.488868843696512,12,0,2,11.0,9.0,10.0,12.0
430,side_green,main_green,58,279.0,9.504756149196494,12,0,2,11.0,9.0,10.0,12.0
431,side_green,main_green,58,291.0,9.567234454893518,12,0,2,11.0,9.0,10.0,12.0
432,yellow_transition,yellow_transition,63,303.0,8.610279675834853,17,1,3,-14.0,12.0,12.0,4.0
433,yellow_transition,yellow_transition,63,316.0,8.482023450710349,14,1,3,-14.0,12.0,12.0,4.0
434,yellow_transition,yellow_transition,63,330.0,8.529593160152123,14,1,3,-14.0,12.0,12.0,4.0
435,main_green,side_green,62,123.0,8.697029615000845,7,2,0,-14.0,12.0,12.0,4.0
436,main_green,side_green,62,20.0,8.798983491257381,3,2,0,-14.0,12.0,12.0,4.0
437,main_green,side_green,61,0.0,9.07088837671767,0,2,0,-14.0,12.0,12.0,4.0
438,main_green,side_green,62,1.0,9.301436788649177,2,2,0,-14.0,12.0,12.0,4.0
439,main_green,side_green,62,2.0,9.790440501772103,1,2,0,-14.0,12.0,12.0,4.0
440,main_green,side_green,62,4.0,10.087387325733255,3,2,0,-14.0,12.0,12.0,4.0
441,main_green,side_green,59,7.0,10.410306663705585,3,2,0,-14.0,12.0,12.0,4.0
442,main_green,side_green,57,11.0,10.68823498344298,4,2,0,-14.0,12.0,12.0,4.0
443,main_green,side_green,56,17.0,10.7156051941116,7,2,0,-14.0,12.0,12.0,4.0
444,main_green,side_green,59,24.0,9.817454785101365,12,2,0,-14.0,12.0,12.0,4.0
445,yellow_transition,yellow_transition,56,31.0,9.976825361610699,7,3,1,-4.0,4.0,-11.0,13.0
446,yellow_transition,yellow_transition,55,38.0,10.255650268788395,7,3,1,-4.0,4.0,-11.0,13.0
447,yellow_transition,yellow_transition,54,45.0,10.243434698129544,7,3,1,-4.0,4.0,-11.0,13.0
448,main_green,main_green,55,20.0,10.097803397848969,5,2,2,-4.0,4.0,-11.0,13.0
449,main_green,main_green,55,16.0,10.227553200626378,2,2,2,-4.0,4.0,-11.0,13.0
450,main_green,main_green,55,18.0,10.449695437472606,2,2,2,-4.0,4.0,-11.0,13.0
451,main_green,main_green,54,21.0,10.582188384563302,3,2,2,-4.0,4.0,-11.0,13.0
452,main_green,main_green,55,26.0,10.486732789694383,6,2,2,-4.0,4.0,-11.0,13.0
453,main_green,main_green,54,32.0,10.462546641338326,7,2,2,-4.0,4.0,-11.0,13.0
454,main_green,main_green,52,38.0,10.889077197301667,6,2,2,-4.0,4.0,-11.0,13.0
455,main_green,main_green,51,44.0,10.965983857126897,6,2,2,-4.0,4.0,-11.0,13.0
456,main_green,main_green,53,50.0,9.837461320839838,11,2,2,-4.0,4.0,-11.0,13.0
457,main_green,main_green,53,56.0,10.130600665707842,6,2,2,-4.0,4.0,-11.0,13.0
458,main_green,main_green,50,62.0,9.931919654632134,7,2,2,1.0,5.0,1.0,17.0
459,main_green,main_green,50,68.0,10.279752951445946,6,2,2,1.0,5.0,1.0,17.0
460,main_green,main_green,50,74.0,10.175675246671409,7,2,2,1.0,5.0,1.0,17.0
461,main_green,main_green,49,80.0,10.135011739096216,6,2,2,1.0,5.0,1.0,17.0
462,main_green,main_green,48,86.0,10.010340548339252,6,2,2,1.0,5.0,1.0,17.0
463,main_green,main_green,49,92.0,9.778263792787367,7,2,2,1.0,5.0,1.0,17.0
464,main_green,main_green,50,100.0,9.730560713274064,9,2,2,1.0,5.0,1.0,17.0
465,main_green,main_green,50,109.0,9.843739145940383,9,2,2,1.0,5.0,1.0,17.0
466,main_green,main_green,50,119.0,9.81424701092974,10,2,2,1.0,5.0,1.0,17.0
467,main_green,main_green,50,129.0,9.981987150669568,10,2,2,1.0,5.0,1.0,17.0
468,main_green,main_green,55,139.0,9.106399364780884,15,2,2,6.0,14.0,-3.0,7.0
469,main_green,main_green,55,149.0,9.181057816782864,11,2,2,6.0,14.0,-3.0,7.0
470,main_green,main_green,55,159.0,9.430981140287722,10,2,2,6.0,14.0,-3.0,7.0
471,main_green,main_green,55,169.0,9.592804513908934,10,2,2,6.0,14.0,-3.0,7.0
472,main_green,main_green,56,179.0,9.52868458217665,11,2,2,6.0,14.0,-3.0,7.0
473,main_green,main_green,55,189.0,9.396948277893493,10,2,2,6.0,14.0,-3.0,7.0
474,main_green,main_green,56,199.0,9.246904581674627,11,2,2,6.0,14.0,-3.0,7.0
475,main_green,main_green,56,209.0,9.297541986064727,10,2,2,6.0,14.0,-3.0,7.0
476,main_green,main_green,56,222.0,9.101617689065497,14,2,2,6.0,14.0,-3.0,7.0
477,main_green,main_green,54,236.0,9.013287131679808,14,2,2,6.0,14.0,-3.0,7.0
478,main_green,main_green,53,250.0,9.078925560562448,14,2,2,10.0,12.0,3.0,7.0
479,main_green,main_green,54,264.0,9.029927311402549,15,2,2,10.0,12.0,3.0,7.0
480,main_green,main_green,59,278.0,8.333386829614966,19,2,2,10.0,12.0,3.0,7.0
481,main_green,main_green,59,292.0,8.595264994137608,14,2,2,10.0,12.0,3.0,7.0
482,main_green,main_green,59,306.0,8.84282195198669,14,2,2,10.0,12.0,3.0,7.0
483,main_green,main_green,58,320.0,8.721098694723413,14,2,2,10.0,12.0,3.0,7.0
484,main_green,main_green,60,334.0,8.613693678666577,16,2,2,10.0,12.0,3.0,7.0
485,main_green,main_green,59,348.0,8.541876311046801,14,2,2,10.0,12.0,3.0,7.0
486,main_green,main_green,57,362.0,8.46484233889472,14,2,2,10.0,12.0,3.0,7.0
487,main_green,main_green,57,380.0,8.517308497215362,18,2,2,10.0,12.0,3.0,7.0
488,yellow_transition,yellow_transition,57,398.0,8.4470859704295,19,3,3,13.0,9.0,8.0,10.0
489,yellow_transition,yellow_transition,57,416.0,8.210985000736004,19,3,3,13.0,9.0,8.0,10.0
490,yellow_transition,yellow_transition,57,434.0,8.060126982113557,18,3,3,13.0,9.0,8.0,10.0
491,side_green,main_green,56,273.0,8.064513395102836,15,0,2,13.0,9.0,8.0,10.0
492,side_green,main_green,61,196.0,7.667802393428056,16,0,2,13.0,9.0,8.0,10.0
493,side_green,main_green,61,194.0,8.006555190217732,10,0,2,13.0,9.0,8.0,10.0
494,side_green,main_green,62,204.0,8.345939092909747,11,0,2,13.0,9.0,8.0,10.0
495,side_green,main_green,62,215.0,8.819700212597898,11,0,2,13.0,9.0,8.0,10.0
496,side_green,main_green,63,226.0,8.870689433341884,12,0,2,13.0,9.0,8.0,10.0
497,side_green,main_green,61,237.0,8.94434720328166,11,0,2,13.0,9.0,8.0,10.0
498,side_green,main_green,60,248.0,9.151611966658061,11,0,2,13.0,9.0,8.0,10.0
499,side_green,main_green,58,260.0,8.892400066393108,13,0,2,13.0,9.0,8.0,10.0
500,side_green,main_green,59,275.0,8.750815689884467,16,0,2,13.0,9.0,8.0,10.0
501,yellow_transition,yellow_transition,59,290.0,8.77408647503115,15,1,3,-14.0,12.0,14.0,6.0
502,yellow_transition,yellow_transition,58,305.0,8.693216741913165,15,1,3,-14.0,12.0,14.0,6.0
503,yellow_transition,yellow_transition,57,320.0,8.591268637294801,15,1,3,-14.0,12.0,14.0,6.0
504,main_green,side_green,61,110.0,8.017891151119768,14,2,0,-14.0,12.0,14.0,6.0
505,main_green,side_green,62,12.0,8.317158859711418,3,2,0,-14.0,12.0,14.0,6.0
506,main_green,side_green,62,0.0,8.88471946116102,0,2,0,-14.0,12.0,14.0,6.0
507,main_green,side_green,61,0.0,9.263317989949758,0,2,0,-14.0,12.0,14.0,6.0
508,main_green,side_green,62,0.0,9.544009257280043,1,2,0,-14.0,12.0,14.0,6.0
509,main_green,side_green,60,2.0,10.07378420851692,2,2,0,-14.0,12.0,14.0,6.0
510,main_green,side_green,58,4.0,10.150073446438887,3,2,0,-14.0,12.0,14.0,6.0
511,main_green,side_green,56,8.0,10.533151328273112,4,2,0,-14.0,12.0,14.0,6.0
512,main_green,side_green,55,13.0,10.580190942344679,6,2,0,-14.0,12.0,14.0,6.0
513,main_green,side_green,54,20.0,10.714467614957927,7,2,0,-14.0,12.0,14.0,6.0
514,yellow_transition,yellow_transition,51,27.0,10.792036563722823,7,3,1,-9.0,1.0,-13.0,15.0
515,yellow_transition,yellow_transition,50,34.0,10.517062362087561,8,3,1,-9.0,1.0,-13.0,15.0
516,yellow_transition,yellow_transition,55,41.0,9.548877819364131,12,3,1,-9.0,1.0,-13.0,15.0
517,main_green,main_green,55,18.0,9.911173688439446,3,2,2,-9.0,1.0,-13.0,15.0
518,main_green,main_green,54,13.0,10.199344344215797,2,2,2,-9.0,1.0,-13.0,15.0
519,main_green,main_green,54,15.0,10.666808180761826,2,2,2,-9.0,1.0,-13.0,15.0
520,main_green,main_green,56,17.0,10.692909800241038,4,2,2,-9.0,1.0,-13.0,15.0
521,main_green,main_green,56,19.0,10.999201458203226,2,2,2,-9.0,1.0,-13.0,15.0
522,main_green,main_green,56,21.0,11.171304887596138,2,2,2,-9.0,1.0,-13.0,15.0
523,main_green,main_green,52,23.0,11.0288764849048,2,2,2,-9.0,1.0,-13.0,15.0
524,main_green,main_green,52,26.0,10.800035270140338,4,2,2,-9.0,1.0,-13.0,15.0
525,main_green,main_green,50,30.0,10.499933609194473,5,2,2,-9.0,1.0,-13.0,15.0
526,main_green,main_green,48,36.0,10.554123057239497,6,2,2,-9.0,1.0,-13.0,15.0
527,main_green,main_green,46,42.0,10.548885273918328,6,2,2,-4.0,8.0,-3.0,19.0
528,main_green,main_green,51,48.0,9.63587430305266,11,2,2,-4.0,8.0,-3.0,19.0
529,main_green,main_green,51,54.0,9.842653769480089,6,2,2,-4.0,8.0,-3.0,19.0
530,main_green,main_green,50,60.0,9.800091450986567,7,2,2,-4.0,8.0,-3.0,19.0
531,main_green,main_green,50,66.0,10.082735519743933,6,2,2,-4.0,8.0,-3.0,19.0
532,main_green,main_green,49,72.0,10.167314208353938,7,2,2,-4.0,8.0,-3.0,19.0
533,main_green,main_green,49,78.0,10.371617123566384,6,2,2,-4.0,8.0,-3.0,19.0
534,main_green,main_green,49,84.0,10.33667834874018,6,2,2,-4.0,8.0,-3.0,19.0
535,main_green,main_green,50,90.0,9.996107993696802,7,2,2,-4.0,8.0,-3.0,19.0
536,main_green,main_green,51,96.0,9.708647695620343,7,2,2,-4.0,8.0,-3.0,19.0
537,main_green,main_green,51,105.0,9.821794274199892,9,2,2,8.0,18.0,-2.0,6.0
538,main_green,main_green,51,114.0,9.822222598495554,9,2,2,8.0,18.0,-2.0,6.0
539,main_green,main_green,51,124.0,9.949957317857898,10,2,2,8.0,18.0,-2.0,6.0
540,main_green,main_green,56,134.0,9.143271841986387,15,2,2,8.0,18.0,-2.0,6.0
541,main_green,main_green,57,144.0,9.259616420472604,11,2,2,8.0,18.0,-2.0,6.0
542,main_green,main_green,57,154.0,9.412077833025183,10,2,2,8.0,18.0,-2.0,6.0
543,main_green,main_green,55,164.0,9.386360665120444,10,2,2,8.0,18.0,-2.0,6.0
544,main_green,main_green,56,174.0,9.207185738068421,11,2,2,8.0,18.0,-2.0,6.0
545,main_green,main_green,55,184.0,9.206366987846726,10,2,2,8.0,18.0,-2.0,6.0
546,main_green,main_green,56,194.0,9.143822975250414,11,2,2,8.0,18.0,-2.0,6.0
547,main_green,main_green,55,204.0,9.067601399609162,10,2,2,11.0,17.0,-1.0,3.0
548,main_green,main_green,56,217.0,9.070213989382877,14,2,2,11.0,17.0,-1.0,3.0
549,main_green,main_green,55,231.0,9.04881268186214,14,2,2,11.0,17.0,-1.0,3.0
550,main_green,main_green,55,245.0,9.201586250179506,14,2,2,11.0,17.0,-1.0,3.0
551,main_green,main_green,56,259.0,9.147111369459154,15,2,2,11.0,17.0,-1.0,3.0
552,main_green,main_green,61,273.0,8.449867228504317,19,2,2,11.0,17.0,-1.0,3.0
553,main_green,main_green,60,287.0,8.621467087871201,14,2,2,11.0,17.0,-1.0,3.0
554,main_green,main_green,59,301.0,8.730401691041562,14,2,2,11.0,17.0,-1.0,3.0
555,main_green,main_green,57,315.0,8.649808692215771,14,2,2,11.0,17.0,-1.0,3.0
556,main_green,main_green,59,329.0,8.435277645203401,16,2,2,11.0,17.0,-1.0,3.0
557,main_green,main_green,58,343.0,8.410580129617884,14,2,2,11.0,11.0,8.0,10.0
558,main_green,main_green,57,357.0,8.3086682293906,14,2,2,11.0,11.0,8.0,10.0
559,main_green,main_green,56,374.0,8.295834355033708,17,2,2,11.0,11.0,8.0,10.0
560,main_green,main_green,57,391.0,8.234918044370373,18,2,2,11.0,11.0,8.0,10.0
561,main_green,main_green,57,409.0,8.203218206889563,19,2,2,11.0,11.0,8.0,10.0
562,main_green,main_green,57,427.0,8.293573931453174,18,2,2,11.0,11.0,8.0,10.0
563,main_green,main_green,57,445.0,8.3872277817282,18,2,2,11.0,11.0,8.0,10.0
564,main_green,main_green,61,463.0,7.696267033601023,23,2,2,11.0,11.0,8.0,10.0
565,main_green,main_green,61,481.0,7.839536930376332,18,2,2,11.0,11.0,8.0,10.0
566,main_green,main_green,61,499.0,7.9916051657587746,19,2,2,11.0,11.0,8.0,10.0
567,yellow_transition,yellow_transition,60,517.0,7.787199292201257,18,3,3,16.0,10.0,13.0,13.0
568,yellow_transition,yellow_transition,61,535.0,7.662555954507577,19,3,3,16.0,10.0,13.0,13.0
569,yellow_transition,yellow_transition,61,553.0,7.465061636317688,18,3,3,16.0,10.0,13.0,13.0
570,side_green,main_green,61,362.0,7.466508270771821,15,0,2,16.0,10.0,13.0,13.0
571,side_green,main_green,60,262.0,7.626764244973833,12,0,2,16.0,10.0,13.0,13.0
572,side_green,main_green,61,248.0,7.782457951445359,11,0,2,16.0,10.0,13.0,13.0
573,side_green,main_green,60,259.0,8.02372786514708,11,0,2,16.0,10.0,13.0,13.0
574,side_green,main_green,60,271.0,8.451865917381886,12,0,2,16.0,10.0,13.0,13.0
575,side_green,main_green,59,284.0,8.780615591962343,13,0,2,16.0,10.0,13.0,13.0
576,side_green,main_green,62,297.0,8.173473415961269,18,0,2,16.0,10.0,13.0,13.0
577,side_green,main_green,63,311.0,8.388851356864565,15,0,2,16.0,10.0,13.0,13.0
578,side_green,main_green,63,325.0,8.623069287279447,14,0,2,16.0,10.0,13.0,13.0
579,side_green,main_green,62,339.0,8.450519875848626,14,0,2,16.0,10.0,13.0,13.0
580,yellow_transition,yellow_transition,63,355.0,8.454759898958446,17,1,3,-9.0,15.0,15.0,3.0
581,yellow_transition,yellow_transition,63,371.0,8.211516528935201,16,1,3,-9.0,15.0,15.0,3.0
582,yellow_transition,yellow_transition,64,387.0,7.995055682348629,17,1,3,-9.0,15.0,15.0,3.0
583,main_green,side_green,63,154.0,8.037653767468978,9,2,0,-9.0,15.0,15.0,3.0
584,main_green,side_green,63,30.0,8.059558436228205,7,2,0,-9.0,15.0,15.0,3.0
585,main_green,side_green,62,5.0,8.438286607077998,3,2,0,-9.0,15.0,15.0,3.0
586,main_green,side_green,62,8.0,8.945268757321902,3,2,0,-9.0,15.0,15.0,3.0
587,main_green,side_green,63,13.0,9.397184960233753,6,2,0,-9.0,15.0,15.0,3.0
588,main_green,side_green,67,18.0,9.052093812869787,10,2,0,-9.0,15.0,15.0,3.0
589,main_green,side_green,64,23.0,9.509995704786428,5,2,0,-9.0,15.0,15.0,3.0
590,main_green,side_green,62,29.0,10.105111734045387,6,2,0,-9.0,15.0,15.0,3.0
591,main_green,side_green,61,36.0,10.399069421327171,7,2,0,-9.0,15.0,15.0,3.0
592,main_green,side_green,61,43.0,10.083356737781665,9,2,0,-9.0,15.0,15.0,3.0
593,yellow_transition,yellow_transition,58,50.0,10.071468451766894,7,3,1,-6.0,2.0,-10.0,16.0
594,yellow_transition,yellow_transition,56,57.0,9.90823374870626,7,3,1,-6.0,2.0,-10.0,16.0
595,yellow_transition,yellow_transition,55,64.0,9.828248170234701,7,3,1,-6.0,2.0,-10.0,16.0
596,main_green,main_green,55,34.0,9.668756467855438,6,2,2,-6.0,2.0,-10.0,16.0
597,main_green,main_green,56,30.0,9.735912893167237,5,2,2,-6.0,2.0,-10.0,16.0
598,main_green,main_green,56,35.0,10.062054995586637,5,2,2,-6.0,2.0,-10.0,16.0
599,main_green,main_green,55,40.0,10.342362267025708,5,2,2,-6.0,2.0,-10.0,16.0
600,main_green,main_green,60,45.0,9.742336422653917,10,2,2,-6.0,2.0,-10.0,16.0
601,main_green,main_green,60,50.0,10.17868415193235,5,2,2,-6.0,2.0,-10.0,16.0
602,main_green,main_green,59,55.0,10.289882940249976,6,2,2,-6.0,2.0,-10.0,16.0
603,main_green,main_green,58,60.0,10.680967051357532,5,2,2,-6.0,2.0,-10.0,16.0
604,main_green,main_green,55,65.0,10.483599579986087,6,2,2,-6.0,2.0,-10.0,16.0
605,main_green,main_green,53,70.0,10.617895270928381,5,2,2,-6.0,2.0,-10.0,16.0
606,main_green,main_green,51,75.0,10.395197246004173,5,2,2,0.0,4.0,-1.0,19.0
607,main_green,main_green,51,80.0,10.097318280026856,6,2,2,0.0,4.0,-1.0,19.0
608,main_green,main_green,52,87.0,9.91773848923674,8,2,2,0.0,4.0,-1.0,19.0
609,main_green,main_green,49,96.0,9.759613894849721,9,2,2,0.0,4.0,-1.0,19.0
610,main_green,main_green,49,105.0,9.86368642868517,9,2,2,0.0,4.0,-1.0,19.0
611,main_green,main_green,48,114.0,9.909964549785103,9,2,2,0.0,4.0,-1.0,19.0
612,main_green,main_green,53,123.0,9.135237485285243,14,2,2,0.0,4.0,-1.0,19.0
613,main_green,main_green,53,132.0,9.130409345974451,10,2,2,0.0,4.0,-1.0,19.0
614,main_green,main_green,53,141.0,9.310513651358962,9,2,2,0.0,4.0,-1.0,19.0
615,main_green,main_green,53,150.0,9.448506335415198,9,2,2,0.0,4.0,-1.0,19.0
616,main_green,main_green,54,159.0,9.360992740155302,10,2,2,11.0,15.0,0.0,8.0
617,main_green,main_green,54,168.0,9.42260486223774,9,2,2,11.0,15.0,0.0,8.0
618,main_green,main_green,55,177.0,9.117784383271136,10,2,2,11.0,15.0,0.0,8.0
619,main_green,main_green,55,186.0,9.217746489722563,9,2,2,11.0,15.0,0.0,8.0
620,main_green,main_green,56,199.0,9.12902761444532,14,2,2,11.0,15.0,0.0,8.0
621,main_green,main_green,56,212.0,9.303281093903582,13,2,2,11.0,15.0,0.0,8.0
622,main_green,main_green,54,225.0,9.295381818724037,13,2,2,11.0,15.0,0.0,8.0
623,main_green,main_green,55,238.0,9.206402241553548,14,2,2,11.0,15.0,0.0,8.0
624,main_green,main_green,58,251.0,8.303610898614908,18,2,2,11.0,15.0,0.0,8.0
625,main_green,main_green,56,264.0,8.518868220639934,13,2,2,11.0,15.0,0.0,8.0
626,main_green,main_green,56,277.0,8.704895537024129,13,2,2,17.0,19.0,4.0,8.0
627,main_green,main_green,56,290.0,8.963589066152428,13,2,2,17.0,19.0,4.0,8.0
628,main_green,main_green,58,303.0,8.628296789840634,15,2,2,17.0,19.0,4.0,8.0
629,main_green,main_green,58,316.0,8.544335438909304,13,2,2,17.0,19.0,4.0,8.0
630,main_green,main_green,58,329.0,8.560166846585293,13,2,2,17.0,19.0,4.0,8.0
631,main_green,main_green,58,344.0,8.604272015786494,15,2,2,17.0,19.0,4.0,8.0
632,main_green,main_green,58,360.0,8.452379455918935,17,2,2,17.0,19.0,4.0,8.0
633,main_green,main_green,58,376.0,8.30500340276575,17,2,2,17.0,19.0,4.0,8.0
634,main_green,main_green,58,393.0,8.404622978169716,17,2,2,17.0,19.0,4.0,8.0
635,main_green,main_green,58,410.0,8.504066139228973,17,2,2,17.0,19.0,4.0,8.0
636,yellow_transition,yellow_transition,62,427.0,7.8489634499005545,22,3,3,13.0,11.0,6.0,8.0
637,yellow_transition,yellow_transition,62,444.0,7.927382788790166,17,3,3,13.0,11.0,6.0,8.0
638,yellow_transition,yellow_transition,61,461.0,7.723421959679212,18,3,3,13.0,11.0,6.0,8.0
639,side_green,main_green,60,280.0,7.688484342774296,13,0,2,13.0,11.0,6.0,8.0
640,side_green,main_green,60,188.0,7.602082527090324,11,0,2,13.0,11.0,6.0,8.0
641,side_green,main_green,60,177.0,7.764202225774151,8,0,2,13.0,11.0,6.0,8.0
642,side_green,main_green,60,186.0,7.959826935083004,9,0,2,13.0,11.0,6.0,8.0
643,side_green,main_green,60,197.0,8.097402046256734,12,0,2,13.0,11.0,6.0,8.0
644,side_green,main_green,60,209.0,8.229346636211181,13,0,2,13.0,11.0,6.0,8.0
645,side_green,main_green,60,222.0,8.477931464753024,13,0,2,13.0,11.0,6.0,8.0
646,side_green,main_green,60,236.0,8.732483765682694,14,0,2,13.0,11.0,6.0,8.0
647,side_green,main_green,60,250.0,8.809712157220304,14,0,2,13.0,11.0,6.0,8.0
648,side_green,main_green,65,265.0,8.148055364170688,20,0,2,13.0,11.0,6.0,8.0
649,yellow_transition,yellow_transition,66,281.0,8.224402467285397,17,1,3,-11.0,17.0,13.0,-1.0
650,yellow_transition,yellow_transition,64,297.0,8.329289164785045,16,1,3,-11.0,17.0,13.0,-1.0
651,yellow_transition,yellow_transition,64,313.0,8.261563761539037,16,1,3,-11.0,17.0,13.0,-1.0
652,main_green,side_green,62,111.0,8.09048590871508,10,2,0,-11.0,17.0,13.0,-1.0
653,main_green,side_green,62,13.0,8.36453479412832,3,2,0,-11.0,17.0,13.0,-1.0
654,main_green,side_green,62,2.0,8.623786475073063,2,2,0,-11.0,17.0,13.0,-1.0
655,main_green,side_green,62,4.0,9.262243962374704,2,2,0,-11.0,17.0,13.0,-1.0
656,main_green,side_green,63,6.0,9.629884808550473,3,2,0,-11.0,17.0,13.0,-1.0
657,main_green,side_green,62,9.0,10.220548165883208,3,2,0,-11.0,17.0,13.0,-1.0
658,main_green,side_green,59,12.0,10.421480975520117,3,2,0,-11.0,17.0,13.0,-1.0
659,main_green,side_green,58,16.0,10.497922486093701,5,2,0,-11.0,17.0,13.0,-1.0
660,main_green,side_green,60,21.0,9.79250187445682,10,2,0,-11.0,17.0,13.0,-1.0
661,main_green,side_green,57,27.0,10.007555862683528,6,2,0,-11.0,17.0,13.0,-1.0
662,yellow_transition,yellow_transition,55,33.0,10.1260457343738,6,3,1,-4.0,4.0,-8.0,14.0
663,yellow_transition,yellow_transition,53,39.0,10.140454376309355,6,3,1,-4.0,4.0,-8.0,14.0
664,yellow_transition,yellow_transition,55,45.0,9.767150161584368,8,3,1,-4.0,4.0,-8.0,14.0
665,main_green,main_green,55,21.0,9.875353258019027,3,2,2,-4.0,4.0,-8.0,14.0
666,main_green,main_green,55,22.0,10.093489581637106,2,2,2,-4.0,4.0,-8.0,14.0
667,main_green,main_green,55,24.0,10.26388347056779,2,2,2,-4.0,4.0,-8.0,14.0
668,main_green,main_green,55,26.0,10.185320926377733,3,2,2,-4.0,4.0,-8.0,14.0
669,main_green,main_green,56,30.0,10.213003891386263,5,2,2,-4.0,4.0,-8.0,14.0
670,main_green,main_green,55,36.0,10.383477420075707,6,2,2,-4.0,4.0,-8.0,14.0
671,main_green,main_green,54,42.0,10.588135427038457,6,2,2,-4.0,4.0,-8.0,14.0
672,main_green,main_green,58,48.0,9.681885175287512,11,2,2,-4.0,4.0,-8.0,14.0
673,main_green,main_green,55,54.0,9.835372464763626,6,2,2,-4.0,4.0,-8.0,14.0
674,main_green,main_green,54,60.0,9.841822977597147,7,2,2,-4.0,4.0,-8.0,14.0
675,main_green,main_green,53,66.0,10.087302097154286,6,2,2,-2.0,2.0,3.0,23.0
676,main_green,main_green,52,72.0,9.772951296835812,7,2,2,-2.0,2.0,3.0,23.0
677,main_green,main_green,52,78.0,9.812013843078452,6,2,2,-2.0,2.0,3.0,23.0
678,main_green,main_green,52,84.0,9.827815824356591,6,2,2,-2.0,2.0,3.0,23.0
679,main_green,main_green,52,90.0,9.625862352832014,7,2,2,-2.0,2.0,3.0,23.0
680,main_green,main_green,53,97.0,9.509788453271797,8,2,2,-2.0,2.0,3.0,23.0
681,main_green,main_green,51,106.0,9.587341298318176,9,2,2,-2.0,2.0,3.0,23.0
682,main_green,main_green,50,116.0,9.628568241149393,10,2,2,-2.0,2.0,3.0,23.0
683,main_green,main_green,50,126.0,9.687729943261942,10,2,2,-2.0,2.0,3.0,23.0
684,main_green,main_green,55,136.0,8.878421972689388,15,2,2,-2.0,2.0,3.0,23.0
685,main_green,main_green,56,146.0,8.948326726473638,11,2,2,8.0,12.0,5.0,13.0
686,main_green,main_green,55,156.0,9.162418153730407,10,2,2,8.0,12.0,5.0,13.0
687,main_green,main_green,55,166.0,9.343264862530495,10,2,2,8.0,12.0,5.0,13.0
688,main_green,main_green,56,176.0,9.191359482894878,11,2,2,8.0,12.0,5.0,13.0
689,main_green,main_green,56,186.0,9.248114066876989,10,2,2,8.0,12.0,5.0,13.0
690,main_green,main_green,56,196.0,8.95881834957716,11,2,2,8.0,12.0,5.0,13.0
691,main_green,main_green,55,207.0,8.967126468233012,11,2,2,8.0,12.0,5.0,13.0
692,main_green,main_green,55,219.0,8.850925047880901,13,2,2,8.0,12.0,5.0,13.0
693,main_green,main_green,54,233.0,8.942694935333394,14,2,2,8.0,12.0,5.0,13.0
694,main_green,main_green,54,247.0,8.93488025177181,14,2,2,8.0,12.0,5.0,13.0
695,main_green,main_green,54,261.0,8.871061385963788,15,2,2,12.0,16.0,1.0,3.0
696,main_green,main_green,59,275.0,8.129014553661474,19,2,2,12.0,16.0,1.0,3.0
697,main_green,main_green,59,289.0,8.365810549659468,14,2,2,12.0,16.0,1.0,3.0
698,main_green,main_green,59,303.0,8.679688159407286,14,2,2,12.0,16.0,1.0,3.0
699,main_green,main_green,59,317.0,8.791207677823227,14,2,2,12.0,16.0,1.0,3.0
700,main_green,main_green,61,331.0,8.58126509507192,16,2,2,12.0,16.0,1.0,3.0
701,main_green,main_green,61,345.0,8.603868887884056,14,2,2,12.0,16.0,1.0,3.0
702,main_green,main_green,61,359.0,8.75293471202769,14,2,2,12.0,16.0,1.0,3.0
703,main_green,main_green,61,375.0,8.579194259654445,16,2,2,12.0,16.0,1.0,3.0
704,main_green,main_green,61,393.0,8.463407182147499,19,2,2,12.0,16.0,1.0,3.0
705,yellow_transition,yellow_transition,61,411.0,8.317047061706184,19,3,3,13.0,11.0,6.0,6.0
706,yellow_transition,yellow_transition,61,429.0,8.25133388275003,18,3,3,13.0,11.0,6.0,6.0
707,yellow_transition,yellow_transition,61,447.0,8.173088150626018,18,3,3,13.0,11.0,6.0,6.0
708,side_green,main_green,66,280.0,7.5703170777781565,20,0,2,13.0,11.0,6.0,6.0
709,side_green,main_green,65,202.0,7.916320686224876,12,0,2,13.0,11.0,6.0,6.0
710,side_green,main_green,65,199.0,8.237408462237005,11,0,2,13.0,11.0,6.0,6.0
711,side_green,main_green,64,209.0,8.578720200098964,10,0,2,13.0,11.0,6.0,6.0
712,side_green,main_green,63,219.0,8.640945929530341,11,0,2,13.0,11.0,6.0,6.0
713,side_green,main_green,62,229.0,8.834427675419528,10,0,2,13.0,11.0,6.0,6.0
714,side_green,main_green,61,240.0,8.994654716781273,11,0,2,13.0,11.0,6.0,6.0
715,side_green,main_green,61,252.0,8.98701449302204,13,0,2,13.0,11.0,6.0,6.0
716,side_green,main_green,61,267.0,8.85026670030329,16,0,2,13.0,11.0,6.0,6.0
717,side_green,main_green,61,282.0,8.864648257760775,15,0,2,13.0,11.0,6.0,6.0
718,yellow_transition,yellow_transition,60,297.0,8.902823026144073,15,1,3,-15.0,15.0,11.0,3.0
719,yellow_transition,yellow_transition,60,313.0,8.803693553192437,16,1,3,-15.0,15.0,11.0,3.0
720,yellow_transition,yellow_transition,65,329.0,8.019304794743157,21,1,3,-15.0,15.0,11.0,3.0
721,main_green,side_green,66,119.0,8.093041882042186,10,2,0,-15.0,15.0,11.0,3.0
722,main_green,side_green,66,15.0,8.628794408687563,3,2,0,-15.0,15.0,11.0,3.0
723,main_green,side_green,64,3.0,9.00391170272035,2,2,0,-15.0,15.0,11.0,3.0
724,main_green,side_green,65,5.0,9.328683818032353,3,2,0,-15.0,15.0,11.0,3.0
725,main_green,side_green,65,7.0,9.872452371419115,2,2,0,-15.0,15.0,11.0,3.0
726,main_green,side_green,62,10.0,9.981083714915956,4,2,0,-15.0,15.0,11.0,3.0
727,main_green,side_green,59,14.0,10.35057218622918,4,2,0,-15.0,15.0,11.0,3.0
728,main_green,side_green,58,19.0,10.413719009196413,6,2,0,-15.0,15.0,11.0,3.0
729,main_green,side_green,57,26.0,10.658737450419377,7,2,0,-15.0,15.0,11.0,3.0
730,main_green,side_green,55,33.0,10.654878472505786,7,2,0,-15.0,15.0,11.0,3.0
731,yellow_transition,yellow_transition,53,40.0,10.499410634296268,8,3,1,-10.0,-2.0,-13.0,15.0
732,yellow_transition,yellow_transition,55,47.0,9.349448960932836,12,3,1,-10.0,-2.0,-13.0,15.0
733,yellow_transition,yellow_transition,55,55.0,9.362039368340161,8,3,1,-10.0,-2.0,-13.0,15.0
734,main_green,main_green,55,24.0,9.77849783688511,4,2,2,-10.0,-2.0,-13.0,15.0
735,main_green,main_green,54,15.0,10.129559985742647,2,2,2,-10.0,-2.0,-13.0,15.0
736,main_green,main_green,56,17.0,10.152046078011626,4,2,2,-10.0,-2.0,-13.0,15.0
737,main_green,main_green,56,19.0,10.511830039800373,2,2,2,-10.0,-2.0,-13.0,15.0
738,main_green,main_green,56,21.0,10.783016947426981,2,2,2,-10.0,-2.0,-13.0,15.0
739,main_green,main_green,55,23.0,10.932327392848498,2,2,2,-10.0,-2.0,-13.0,15.0
740,main_green,main_green,54,26.0,10.69221746945668,4,2,2,-10.0,-2.0,-13.0,15.0
741,main_green,main_green,53,32.0,10.789681077014198,7,2,2,-10.0,-2.0,-13.0,15.0
742,main_green,main_green,50,38.0,10.733824108346617,6,2,2,-10.0,-2.0,-13.0,15.0
743,main_green,main_green,49,44.0,10.782464033453229,6,2,2,-10.0,-2.0,-13.0,15.0
744,main_green,main_green,52,50.0,9.685795875524072,11,2,2,-5.0,5.0,-3.0,19.0
745,main_green,main_green,52,56.0,9.992924306951672,6,2,2,-5.0,5.0,-3.0,19.0
746,main_green,main_green,53,62.0,9.996566516200758,7,2,2,-5.0,5.0,-3.0,19.0
747,main_green,main_green,50,68.0,10.248242839443133,6,2,2,-5.0,5.0,-3.0,19.0
748,main_green,main_green,50,74.0,10.018375014913827,7,2,2,-5.0,5.0,-3.0,19.0
749,main_green,main_green,49,80.0,10.039301474250998,6,2,2,-5.0,5.0,-3.0,19.0
750,main_green,main_green,48,86.0,9.991053649131745,6,2,2,-5.0,5.0,-3.0,19.0
751,main_green,main_green,49,93.0,9.846092843328261,8,2,2,-5.0,5.0,-3.0,19.0
752,main_green,main_green,50,100.0,9.694078232404799,8,2,2,-5.0,5.0,-3.0,19.0
753,main_green,main_green,50,109.0,9.794368880551776,9,2,2,-5.0,5.0,-3.0,19.0
754,main_green,main_green,50,118.0,9.88363783750646,9,2,2,8.0,16.0,-1.0,9.0
755,main_green,main_green,50,128.0,9.910948937021763,10,2,2,8.0,16.0,-1.0,9.0
756,main_green,main_green,55,138.0,9.074947037657372,15,2,2,8.0,16.0,-1.0,9.0
757,main_green,main_green,56,148.0,9.13465063685921,11,2,2,8.0,16.0,-1.0,9.0
758,main_green,main_green,55,158.0,9.329512641699838,10,2,2,8.0,16.0,-1.0,9.0
759,main_green,main_green,55,168.0,9.407941959453103,10,2,2,8.0,16.0,-1.0,9.0
760,main_green,main_green,54,178.0,9.132888317736375,11,2,2,8.0,16.0,-1.0,9.0
761,main_green,main_green,53,188.0,9.027061065587551,10,2,2,8.0,16.0,-1.0,9.0
762,main_green,main_green,54,198.0,8.749710586613881,11,2,2,8.0,16.0,-1.0,9.0
763,main_green,main_green,54,208.0,8.90172693211014,10,2,2,8.0,16.0,-1.0,9.0
764,main_green,main_green,55,221.0,8.819238570768583,14,2,2,13.0,15.0,1.0,5.0
765,main_green,main_green,55,235.0,9.018563531625771,14,2,2,13.0,15.0,1.0,5.0
766,main_green,main_green,55,249.0,9.166965524706425,14,2,2,13.0,15.0,1.0,5.0
767,main_green,main_green,55,263.0,8.977785071111871,15,2,2,13.0,15.0,1.0,5.0
768,main_green,main_green,60,277.0,8.304408231050799,19,2,2,13.0,15.0,1.0,5.0
769,main_green,main_green,60,291.0,8.631730926854216,14,2,2,13.0,15.0,1.0,5.0
770,main_green,main_green,60,305.0,8.78395276705007,14,2,2,13.0,15.0,1.0,5.0
771,main_green,main_green,60,319.0,8.999273270967258,14,2,2,13.0,15.0,1.0,5.0
772,main_green,main_green,62,333.0,8.776037304447462,16,2,2,13.0,15.0,1.0,5.0
773,main_green,main_green,61,347.0,8.70589002667479,14,2,2,13.0,15.0,1.0,5.0
774,main_green,main_green,61,361.0,8.765412663871277,14,2,2,13.0,13.0,4.0,4.0
775,main_green,main_green,59,375.0,8.494866720704332,14,2,2,13.0,13.0,4.0,4.0
776,main_green,main_green,59,390.0,8.415403399947534,16,2,2,13.0,13.0,4.0,4.0
777,main_green,main_green,60,408.0,8.428119274624608,19,2,2,13.0,13.0,4.0,4.0
778,main_green,main_green,59,426.0,8.448897647263452,18,2,2,13.0,13.0,4.0,4.0
779,main_green,main_green,58,444.0,8.463636092795815,18,2,2,13.0,13.0,4.0,4.0
780,main_green,main_green,62,462.0,7.787900190264691,23,2,2,13.0,13.0,4.0,4.0
781,main_green,main_green,62,480.0,8.06444296511391,18,2,2,13.0,13.0,4.0,4.0
782,main_green,main_green,62,498.0,7.919920327185603,19,2,2,13.0,13.0,4.0,4.0
783,main_green,main_green,60,516.0,8.051288703929615,18,2,2,13.0,13.0,4.0,4.0
784,yellow_transition,yellow_transition,61,534.0,7.841911238053674,19,3,3,16.0,8.0,15.0,13.0
785,yellow_transition,yellow_transition,60,552.0,7.661870357865508,18,3,3,16.0,8.0,15.0,13.0
786,yellow_transition,yellow_transition,59,570.0,7.40282743970648,18,3,3,16.0,8.0,15.0,13.0
787,side_green,side_green,57,213.0,7.066860769710681,12,0,0,16.0,8.0,15.0,13.0
788,side_green,side_green,58,29.0,7.3206326577307435,6,0,0,16.0,8.0,15.0,13.0
789,side_green,side_green,58,5.0,7.811616736220386,2,0,0,16.0,8.0,15.0,13.0
790,side_green,side_green,58,8.0,8.454985138225071,3,0,0,16.0,8.0,15.0,13.0
791,side_green,side_green,58,13.0,9.213639603753938,5,0,0,16.0,8.0,15.0,13.0
792,side_green,side_green,63,18.0,8.918094666014339,10,0,0,16.0,8.0,15.0,13.0
793,side_green,side_green,63,24.0,9.343378674783027,7,0,0,16.0,8.0,15.0,13.0
794,side_green,side_green,63,30.0,9.725667958491364,6,0,0,16.0,8.0,15.0,13.0
795,side_green,side_green,62,36.0,9.89614239084415,6,0,0,16.0,8.0,15.0,13.0
796,side_green,side_green,63,44.0,9.777938021838352,9,0,0,16.0,8.0,15.0,13.0
797,yellow_transition,yellow_transition,62,53.0,9.741907251668575,9,1,1,-11.0,11.0,-11.0,5.0
798,yellow_transition,yellow_transition,63,63.0,9.673743290086486,11,1,1,-11.0,11.0,-11.0,5.0
799,yellow_transition,yellow_transition,63,73.0,9.545573531868687,10,1,1,-11.0,11.0,-11.0,5.0
800,main_green,main_green,64,10.0,9.420506450309038,3,2,2,-11.0,11.0,-11.0,5.0
801,main_green,main_green,64,1.0,9.678678471573088,1,2,2,-11.0,11.0,-11.0,5.0
802,main_green,main_green,63,3.0,10.008673028678961,2,2,2,-11.0,11.0,-11.0,5.0
803,main_green,main_green,62,5.0,10.212770899557825,3,2,2,-11.0,11.0,-11.0,5.0
804,main_green,main_green,66,7.0,9.869080983725691,7,2,2,-11.0,11.0,-11.0,5.0
805,main_green,main_green,63,9.0,10.41576690288679,2,2,2,-11.0,11.0,-11.0,5.0
806,main_green,main_green,59,11.0,10.846734613577114,2,2,2,-11.0,11.0,-11.0,5.0
807,main_green,main_green,54,13.0,11.191972535853264,2,2,2,-11.0,11.0,-11.0,5.0
808,main_green,main_green,54,15.0,10.989876051944016,4,2,2,-11.0,11.0,-11.0,5.0
809,main_green,main_green,51,17.0,11.024880104318079,2,2,2,-11.0,11.0,-11.0,5.0
810,main_green,main_green,49,19.0,11.026645419989578,2,2,2,-5.0,11.0,-4.0,8.0
811,main_green,main_green,45,21.0,10.762579429415418,2,2,2,-5.0,11.0,-4.0,8.0
812,main_green,main_green,46,24.0,10.55635116945557,4,2,2,-5.0,11.0,-4.0,8.0
813,main_green,main_green,45,29.0,10.405971083475132,6,2,2,-5.0,11.0,-4.0,8.0
814,main_green,main_green,45,35.0,10.492607667345215,6,2,2,-5.0,11.0,-4.0,8.0
815,main_green,main_green,45,41.0,10.668003603698665,6,2,2,-5.0,11.0,-4.0,8.0
816,main_green,main_green,50,47.0,9.7075360233796,11,2,2,-5.0,11.0,-4.0,8.0
817,main_green,main_green,50,53.0,9.89984102368111,6,2,2,-5.0,11.0,-4.0,8.0
818,main_green,main_green,51,59.0,9.931590263082834,7,2,2,-5.0,11.0,-4.0,8.0
819,main_green,main_green,51,65.0,10.23891582743005,6,2,2,-5.0,11.0,-4.0,8.0
820,main_green,main_green,52,71.0,10.132916868621388,7,2,2,0.0,10.0,3.0,17.0
821,main_green,main_green,52,77.0,10.209608582381012,6,2,2,0.0,10.0,3.0,17.0
822,main_green,main_green,52,83.0,10.172291353670856,6,2,2,0.0,10.0,3.0,17.0
823,main_green,main_green,53,90.0,9.912244167467145,8,2,2,0.0,10.0,3.0,17.0
824,main_green,main_green,54,98.0,9.706997238520946,9,2,2,0.0,10.0,3.0,17.0
825,main_green,main_green,53,107.0,9.87999016976573,9,2,2,0.0,10.0,3.0,17.0
826,main_green,main_green,52,117.0,9.794824056785224,10,2,2,0.0,10.0,3.0,17.0
827,main_green,main_green,51,127.0,9.929503849811715,10,2,2,0.0,10.0,3.0,17.0
828,main_green,main_green,53,137.0,8.96451114918201,15,2,2,0.0,10.0,3.0,17.0
829,main_green,main_green,53,147.0,8.890593738382377,11,2,2,0.0,10.0,3.0,17.0
830,main_green,main_green,52,157.0,9.189281764694858,10,2,2,10.0,14.0,8.0,12.0
831,main_green,main_green,52,167.0,9.387540785245093,10,2,2,10.0,14.0,8.0,12.0
832,main_green,main_green,53,177.0,9.238955759455004,11,2,2,10.0,14.0,8.0,12.0
833,main_green,main_green,52,187.0,9.392422062530493,10,2,2,10.0,14.0,8.0,12.0
834,main_green,main_green,53,197.0,9.110391061113951,11,2,2,10.0,14.0,8.0,12.0
835,main_green,main_green,53,207.0,9.169104596679228,10,2,2,10.0,14.0,8.0,12.0
836,main_green,main_green,53,220.0,8.996599903789516,14,2,2,10.0,14.0,8.0,12.0
837,main_green,main_green,53,234.0,8.971542769821356,14,2,2,10.0,14.0,8.0,12.0
838,main_green,main_green,53,248.0,9.12482862906086,14,2,2,10.0,14.0,8.0,12.0
839,main_green,main_green,54,262.0,8.930546802213401,15,2,2,10.0,14.0,8.0,12.0
840,main_green,main_green,59,276.0,8.293376280521219,19,2,2,6.0,8.0,6.0,10.0
841,main_green,main_green,59,290.0,8.565700175869175,14,2,2,6.0,8.0,6.0,10.0
842,main_green,main_green,59,304.0,8.818681360164376,14,2,2,6.0,8.0,6.0,10.0
843,main_green,main_green,59,318.0,8.862408767032132,14,2,2,6.0,8.0,6.0,10.0
844,main_green,main_green,61,332.0,8.665135387546131,16,2,2,6.0,8.0,6.0,10.0
845,main_green,main_green,61,346.0,8.668795315275068,14,2,2,6.0,8.0,6.0,10.0
846,main_green,main_green,61,361.0,8.679511851914745,15,2,2,6.0,8.0,6.0,10.0
847,main_green,main_green,61,378.0,8.67189040578978,17,2,2,6.0,8.0,6.0,10.0
848,main_green,main_green,61,396.0,8.628794059122008,19,2,2,6.0,8.0,6.0,10.0
849,main_green,main_green,61,414.0,8.451007693538578,19,2,2,6.0,8.0,6.0,10.0
850,yellow_transition,yellow_transition,61,432.0,8.596731859139037,18,3,3,9.0,7.0,9.0,9.0
851,yellow_transition,yellow_transition,59,450.0,8.496993201813437,18,3,3,9.0,7.0,9.0,9.0
852,yellow_transition,yellow_transition,63,468.0,7.613471017402202,23,3,3,9.0,7.0,9.0,9.0
853,side_green,main_green,63,322.0,7.863292492434293,14,0,2,9.0,7.0,9.0,9.0
854,side_green,main_green,62,259.0,7.9104995201200206,11,0,2,9.0,7.0,9.0,9.0
855,side_green,main_green,61,261.0,8.173536162059841,10,0,2,9.0,7.0,9.0,9.0
856,side_green,main_green,60,272.0,8.23226293207458,12,0,2,9.0,7.0,9.0,9.0
857,side_green,main_green,60,283.0,8.472125893804662,11,0,2,9.0,7.0,9.0,9.0
858,side_green,main_green,60,295.0,8.853595772943356,12,0,2,9.0,7.0,9.0,9.0
859,side_green,main_green,60,308.0,8.973384527907646,14,0,2,9.0,7.0,9.0,9.0
860,side_green,main_green,60,322.0,8.824985068735186,15,0,2,9.0,7.0,9.0,9.0
861,side_green,main_green,60,336.0,8.925739057273521,14,0,2,9.0,7.0,9.0,9.0
862,side_green,main_green,58,351.0,8.710394387361998,15,0,2,9.0,7.0,9.0,9.0
863,yellow_transition,yellow_transition,58,366.0,8.668940070744627,15,1,3,-12.0,14.0,14.0,6.0
864,yellow_transition,yellow_transition,61,381.0,7.692563214573514,20,1,3,-12.0,14.0,14.0,6.0
865,yellow_transition,yellow_transition,62,398.0,7.685443512279594,18,1,3,-12.0,14.0,14.0,6.0
866,main_green,side_green,62,164.0,8.045830636946041,9,2,0,-12.0,14.0,14.0,6.0
867,main_green,side_green,61,39.0,8.256250949122254,3,2,0,-12.0,14.0,14.0,6.0
868,main_green,side_green,62,1.0,8.660768210583887,2,2,0,-12.0,14.0,14.0,6.0
869,main_green,side_green,61,3.0,9.003842976054147,2,2,0,-12.0,14.0,14.0,6.0
870,main_green,side_green,62,5.0,9.467933793784757,3,2,0,-12.0,14.0,14.0,6.0
871,main_green,side_green,59,8.0,9.908060874957762,3,2,0,-12.0,14.0,14.0,6.0
872,main_green,side_green,59,11.0,10.22407013855696,4,2,0,-12.0,14.0,14.0,6.0
873,main_green,side_green,59,16.0,10.507431363893414,5,2,0,-12.0,14.0,14.0,6.0
874,main_green,side_green,56,21.0,10.527008781372633,5,2,0,-12.0,14.0,14.0,6.0
875,main_green,side_green,54,27.0,10.254689689324735,7,2,0,-12.0,14.0,14.0,6.0
876,yellow_transition,yellow_transition,58,34.0,9.34779312053266,12,3,1,-7.0,1.0,-14.0,14.0
877,yellow_transition,yellow_transition,58,42.0,9.431217118578727,8,3,1,-7.0,1.0,-14.0,14.0
878,yellow_transition,yellow_transition,56,50.0,9.463002821731108,8,3,1,-7.0,1.0,-14.0,14.0
879,main_green,main_green,55,23.0,9.961850882458569,4,2,2,-7.0,1.0,-14.0,14.0
880,main_green,main_green,57,16.0,9.930340890827821,4,2,2,-7.0,1.0,-14.0,14.0
881,main_green,main_green,57,18.0,10.172812153403237,2,2,2,-7.0,1.0,-14.0,14.0
882,main_green,main_green,57,20.0,10.51775921023308,2,2,2,-7.0,1.0,-14.0,14.0
883,main_green,main_green,56,22.0,10.587373636347014,2,2,2,-7.0,1.0,-14.0,14.0
884,main_green,main_green,55,25.0,10.436235283326889,4,2,2,-7.0,1.0,-14.0,14.0
885,main_green,main_green,55,31.0,10.462083551910316,7,2,2,-7.0,1.0,-14.0,14.0
886,main_green,main_green,54,37.0,10.6311206403077,6,2,2,-7.0,1.0,-14.0,14.0
887,main_green,main_green,51,43.0,10.724088520343205,6,2,2,-7.0,1.0,-14.0,14.0
888,main_green,main_green,54,49.0,9.731161817439258,11,2,2,-7.0,1.0,-14.0,14.0
889,main_green,main_green,52,55.0,9.893424990847397,6,2,2,2.0,12.0,-1.0,13.0
890,main_green,main_green,52,61.0,9.887897921831494,7,2,2,2.0,12.0,-1.0,13.0
891,main_green,main_green,52,67.0,10.181590704781808,6,2,2,2.0,12.0,-1.0,13.0
892,main_green,main_green,52,73.0,10.256948857726334,7,2,2,2.0,12.0,-1.0,13.0
893,main_green,main_green,50,79.0,10.34027376658485,6,2,2,2.0,12.0,-1.0,13.0
894,main_green,main_green,50,85.0,10.31409771652504,6,2,2,2.0,12.0,-1.0,13.0
895,main_green,main_green,50,91.0,9.98324852677409,7,2,2,2.0,12.0,-1.0,13.0
896,main_green,main_green,51,97.0,9.664315657228887,7,2,2,2.0,12.0,-1.0,13.0
897,main_green,main_green,50,105.0,9.768591959699325,8,2,2,2.0,12.0,-1.0,13.0
898,main_green,main_green,49,115.0,9.814191777368771,10,2,2,2.0,12.0,-1.0,13.0
899,main_green,main_green,49,125.0,9.846086309726255,10,2,2,7.0,17.0,-3.0,9.0
900,main_green,main_green,54,135.0,9.139548686001913,15,2,2,7.0,17.0,-3.0,9.0
901,main_green,main_green,55,145.0,9.133241524024076,11,2,2,7.0,17.0,-3.0,9.0
902,main_green,main_green,55,155.0,9.480373022216673,10,2,2,7.0,17.0,-3.0,9.0
903,main_green,main_green,55,165.0,9.496307858263293,10,2,2,7.0,17.0,-3.0,9.0
904,main_green,main_green,55,175.0,9.28658090824407,11,2,2,7.0,17.0,-3.0,9.0
905,main_green,main_green,54,185.0,9.317401520272831,10,2,2,7.0,17.0,-3.0,9.0
906,main_green,main_green,54,195.0,9.006120147951819,11,2,2,7.0,17.0,-3.0,9.0
907,main_green,main_green,53,207.0,9.039647143977234,12,2,2,7.0,17.0,-3.0,9.0
908,main_green,main_green,54,219.0,9.073699513463199,13,2,2,7.0,17.0,-3.0,9.0
909,main_green,main_green,54,232.0,9.036395821072139,13,2,2,11.0,17.0,2.0,8.0
910,main_green,main_green,54,245.0,9.164222238340079,13,2,2,11.0,17.0,2.0,8.0
911,main_green,main_green,55,259.0,9.103480049614069,15,2,2,11.0,17.0,2.0,8.0
912,main_green,main_green,60,273.0,8.452026266131647,19,2,2,11.0,17.0,2.0,8.0
913,main_green,main_green,60,287.0,8.662348977838299,14,2,2,11.0,17.0,2.0,8.0
914,main_green,main_green,60,301.0,8.876197913849126,14,2,2,11.0,17.0,2.0,8.0
915,main_green,main_green,59,315.0,8.926297647253145,14,2,2,11.0,17.0,2.0,8.0
916,main_green,main_green,60,329.0,8.575557330081113,16,2,2,11.0,17.0,2.0,8.0
917,main_green,main_green,60,343.0,8.713282089418461,14,2,2,11.0,17.0,2.0,8.0
918,main_green,main_green,58,357.0,8.493747071845915,14,2,2,11.0,17.0,2.0,8.0
919,yellow_transition,yellow_transition,57,372.0,8.333376698604926,15,3,3,13.0,11.0,8.0,8.0
920,yellow_transition,yellow_transition,57,388.0,8.043070931214167,17,3,3,13.0,11.0,8.0,8.0
921,yellow_transition,yellow_transition,58,405.0,7.6452743811251285,18,3,3,13.0,11.0,8.0,8.0
922,side_green,main_green,58,247.0,7.835987086463751,14,0,2,13.0,11.0,8.0,8.0
923,side_green,main_green,58,180.0,8.229894541605624,11,0,2,13.0,11.0,8.0,8.0
924,side_green,main_green,63,181.0,7.903356213765584,14,0,2,13.0,11.0,8.0,8.0
925,side_green,main_green,63,190.0,8.337223418328072,9,0,2,13.0,11.0,8.0,8.0
926,side_green,main_green,63,200.0,8.713285353932523,11,0,2,13.0,11.0,8.0,8.0
927,side_green,main_green,61,210.0,9.034059030305611,10,0,2,13.0,11.0,8.0,8.0
928,side_green,main_green,60,220.0,9.033459471326598,11,0,2,13.0,11.0,8.0,8.0
929,side_green,main_green,60,231.0,9.1296823470455,11,0,2,13.0,11.0,8.0,8.0
930,side_green,main_green,59,243.0,9.106924346398072,12,0,2,13.0,11.0,8.0,8.0
931,side_green,main_green,60,257.0,9.015086662582274,15,0,2,13.0,11.0,8.0,8.0
932,yellow_transition,yellow_transition,61,272.0,8.950295209014849,16,1,3,-13.0,13.0,12.0,4.0
933,yellow_transition,yellow_transition,61,287.0,8.852983412309063,15,1,3,-13.0,13.0,12.0,4.0
934,yellow_transition,yellow_transition,61,302.0,8.881062457985596,15,1,3,-13.0,13.0,12.0,4.0
935,main_green,side_green,60,104.0,9.073857057862197,8,2,0,-13.0,13.0,12.0,4.0
936,main_green,side_green,65,11.0,8.680383676397252,7,2,0,-13.0,13.0,12.0,4.0
937,main_green,side_green,65,0.0,9.013277300671922,1,2,0,-13.0,13.0,12.0,4.0
938,main_green,side_green,64,0.0,9.665548497095282,0,2,0,-13.0,13.0,12.0,4.0
939,main_green,side_green,64,0.0,10.29793556858899,0,2,0,-13.0,13.0,12.0,4.0
940,main_green,side_green,61,1.0,10.614245003066756,2,2,0,-13.0,13.0,12.0,4.0
941,main_green,side_green,59,2.0,10.922665290480163,1,2,0,-13.0,13.0,12.0,4.0
942,main_green,side_green,59,4.0,10.886731850118249,3,2,0,-13.0,13.0,12.0,4.0
943,main_green,side_green,57,7.0,10.908406040147767,3,2,0,-13.0,13.0,12.0,4.0
944,main_green,side_green,57,10.0,10.775359079939697,4,2,0,-13.0,13.0,12.0,4.0
945,yellow_transition,yellow_transition,55,16.0,10.771773889637684,6,3,1,-9.0,3.0,-12.0,10.0
946,yellow_transition,yellow_transition,55,22.0,10.679300889969134,6,3,1,-9.0,3.0,-12.0,10.0
947,yellow_transition,yellow_transition,54,28.0,10.267615458887994,7,3,1,-9.0,3.0,-12.0,10.0
948,main_green,main_green,56,11.0,9.505633853240793,8,2,2,-9.0,3.0,-12.0,10.0
949,main_green,main_green,55,12.0,9.934040046061305,2,2,2,-9.0,3.0,-12.0,10.0
950,main_green,main_green,55,14.0,10.32063534023257,2,2,2,-9.0,3.0,-12.0,10.0
951,main_green,main_green,55,16.0,10.892962058182357,2,2,2,-9.0,3.0,-12.0,10.0
952,main_green,main_green,56,18.0,10.765521403748167,4,2,2,-9.0,3.0,-12.0,10.0
953,main_green,main_green,55,20.0,11.055387756891138,2,2,2,-9.0,3.0,-12.0,10.0
954,main_green,main_green,53,22.0,11.13882629737348,2,2,2,-9.0,3.0,-12.0,10.0
955,main_green,main_green,51,25.0,10.962545375464225,3,2,2,-9.0,3.0,-12.0,10.0
956,main_green,main_green,50,28.0,10.654117701550943,4,2,2,-9.0,3.0,-12.0,10.0
957,main_green,main_green,49,33.0,10.536872964885243,6,2,2,-9.0,3.0,-12.0,10.0
958,main_green,main_green,48,39.0,10.646089823250643,6,2,2,-4.0,6.0,-2.0,18.0
959,main_green,main_green,46,45.0,10.72586273209195,6,2,2,-4.0,6.0,-2.0,18.0
960,main_green,main_green,50,51.0,9.641130255600604,11,2,2,-4.0,6.0,-2.0,18.0
961,main_green,main_green,49,57.0,9.84313093648673,6,2,2,-4.0,6.0,-2.0,18.0
962,main_green,main_green,50,63.0,9.949496691161151,7,2,2,-4.0,6.0,-2.0,18.0
963,main_green,main_green,48,69.0,10.08360324715814,6,2,2,-4.0,6.0,-2.0,18.0
964,main_green,main_green,49,75.0,10.019913296291435,7,2,2,-4.0,6.0,-2.0,18.0
965,main_green,main_green,49,81.0,10.118068418250536,6,2,2,-4.0,6.0,-2.0,18.0
966,main_green,main_green,48,87.0,10.156882020036894,6,2,2,-4.0,6.0,-2.0,18.0
967,main_green,main_green,49,93.0,9.995539527822878,7,2,2,-4.0,6.0,-2.0,18.0
968,main_green,main_green,50,100.0,9.799496381602582,8,2,2,7.0,17.0,-1.0,9.0
969,main_green,main_green,50,108.0,9.886930531516638,8,2,2,7.0,17.0,-1.0,9.0
970,main_green,main_green,50,117.0,9.95554918851759,9,2,2,7.0,17.0,-1.0,9.0
971,main_green,main_green,50,127.0,10.018053503792089,10,2,2,7.0,17.0,-1.0,9.0
972,main_green,main_green,55,137.0,9.15931349985245,15,2,2,7.0,17.0,-1.0,9.0
973,main_green,main_green,55,147.0,9.20309932832056,11,2,2,7.0,17.0,-1.0,9.0
974,main_green,main_green,54,157.0,9.342480653872807,10,2,2,7.0,17.0,-1.0,9.0
975,main_green,main_green,53,167.0,9.603154007943873,10,2,2,7.0,17.0,-1.0,9.0
976,main_green,main_green,54,177.0,9.385709983699648,11,2,2,7.0,17.0,-1.0,9.0
977,main_green,main_green,52,187.0,9.366519445371772,10,2,2,7.0,17.0,-1.0,9.0
978,main_green,main_green,53,197.0,9.098229415801146,11,2,2,12.0,14.0,3.0,3.0
979,main_green,main_green,53,207.0,8.934986719749782,10,2,2,12.0,14.0,3.0,3.0
980,main_green,main_green,54,219.0,8.900047521732679,13,2,2,12.0,14.0,3.0,3.0
981,main_green,main_green,54,232.0,9.005245023209602,13,2,2,12.0,14.0,3.0,3.0
982,main_green,main_green,54,246.0,9.076520690686989,14,2,2,12.0,14.0,3.0,3.0
983,main_green,main_green,55,260.0,8.989695681035464,15,2,2,12.0,14.0,3.0,3.0
984,main_green,main_green,58,274.0,8.125708661985396,19,2,2,12.0,14.0,3.0,3.0
985,main_green,main_green,58,288.0,8.433522929613819,14,2,2,12.0,14.0,3.0,3.0
986,main_green,main_green,56,302.0,8.521797570634453,14,2,2,12.0,14.0,3.0,3.0
987,main_green,main_green,56,316.0,8.711397701181541,14,2,2,12.0,14.0,3.0,3.0
988,yellow_transition,yellow_transition,57,330.0,8.383297732450098,16,3,3,11.0,7.0,10.0,14.0
989,yellow_transition,yellow_transition,57,344.0,8.183669545656084,14,3,3,11.0,7.0,10.0,14.0
990,yellow_transition,yellow_transition,57,358.0,7.976039597145092,14,3,3,11.0,7.0,10.0,14.0
991,side_green,main_green,56,204.0,7.972815169294274,10,0,2,11.0,7.0,10.0,14.0
992,side_green,main_green,57,148.0,8.097385761731838,12,0,2,11.0,7.0,10.0,14.0
993,side_green,main_green,57,157.0,8.180751847280526,11,0,2,11.0,7.0,10.0,14.0
994,side_green,main_green,57,167.0,8.698175691626442,10,0,2,11.0,7.0,10.0,14.0
995,side_green,main_green,56,177.0,8.959940390860234,10,0,2,11.0,7.0,10.0,14.0
996,side_green,main_green,60,188.0,8.458573515182035,16,0,2,11.0,7.0,10.0,14.0
997,side_green,main_green,59,199.0,8.814739268012644,11,0,2,11.0,7.0,10.0,14.0
998,side_green,main_green,58,210.0,8.766767620950484,12,0,2,11.0,7.0,10.0,14.0
999,side_green,main_green,57,221.0,8.819553284570944,11,0,2,11.0,7.0,10.0,14.0
1000,side_green,main_green,58,233.0,8.839915883928079,13,0,2,11.0,7.0,10.0,14.0
1001,yellow_transition,yellow_transition,58,245.0,8.60158727581107,12,1,3,-8.0,18.0,13.0,7.0
1002,yellow_transition,yellow_transition,58,258.0,8.458210660417713,13,1,3,-8.0,18.0,13.0,7.0
1003,yellow_transition,yellow_transition,58,272.0,8.132844363048237,15,1,3,-8.0,18.0,13.0,7.0
1004,main_green,side_green,59,80.0,8.0410270527479,9,2,0,-8.0,18.0,13.0,7.0
1005,main_green,side_green,59,7.0,8.450278306511718,4,2,0,-8.0,18.0,13.0,7.0
1006,main_green,side_green,59,4.0,8.880428752366418,2,2,0,-8.0,18.0,13.0,7.0
1007,main_green,side_green,59,7.0,9.3795887071628,3,2,0,-8.0,18.0,13.0,7.0
1008,main_green,side_green,63,10.0,9.144851581348954,8,2,0,-8.0,18.0,13.0,7.0
1009,main_green,side_green,62,13.0,9.355043564581425,4,2,0,-8.0,18.0,13.0,7.0
1010,main_green,side_green,59,16.0,9.78476913790525,3,2,0,-8.0,18.0,13.0,7.0
1011,main_green,side_green,58,20.0,10.163697278581093,4,2,0,-8.0,18.0,13.0,7.0
1012,main_green,side_green,58,26.0,10.187747644079405,7,2,0,-8.0,18.0,13.0,7.0
1013,main_green,side_green,57,32.0,10.128371613354096,6,2,0,-8.0,18.0,13.0,7.0
1014,yellow_transition,yellow_transition,57,38.0,9.961384015720078,7,3,1,-7.0,1.0,-11.0,15.0
1015,yellow_transition,yellow_transition,56,44.0,9.85385666485743,6,3,1,-7.0,1.0,-11.0,15.0
1016,yellow_transition,yellow_transition,56,52.0,9.721103770985703,9,3,1,-7.0,1.0,-11.0,15.0
1017,main_green,main_green,54,24.0,9.935512976976817,5,2,2,-7.0,1.0,-11.0,15.0
1018,main_green,main_green,53,19.0,10.168064661699265,3,2,2,-7.0,1.0,-11.0,15.0
1019,main_green,main_green,54,22.0,10.348452795201545,4,2,2,-7.0,1.0,-11.0,15.0
1020,main_green,main_green,59,25.0,9.799292758786121,8,2,2,-7.0,1.0,-11.0,15.0
1021,main_green,main_green,59,28.0,10.36294112471377,3,2,2,-7.0,1.0,-11.0,15.0
1022,main_green,main_green,57,31.0,10.6507474984947,3,2,2,-7.0,1.0,-11.0,15.0
1023,main_green,main_green,57,34.0,11.059180006192593,3,2,2,-7.0,1.0,-11.0,15.0
1024,main_green,main_green,56,37.0,10.659222713952804,5,2,2,-7.0,1.0,-11.0,15.0
1025,main_green,main_green,53,40.0,10.607097147213524,3,2,2,-7.0,1.0,-11.0,15.0
1026,main_green,main_green,51,43.0,10.56134925091796,3,2,2,-7.0,1.0,-11.0,15.0
1027,main_green,main_green,50,47.0,10.461622192637046,4,2,2,-1.0,7.0,-4.0,14.0
1028,main_green,main_green,50,53.0,10.319138524609016,7,2,2,-1.0,7.0,-4.0,14.0
1029,main_green,main_green,50,60.0,10.1318720238458,8,2,2,-1.0,7.0,-4.0,14.0
1030,main_green,main_green,49,67.0,10.331809293297294,7,2,2,-1.0,7.0,-4.0,14.0
1031,main_green,main_green,47,74.0,10.449471807368878,7,2,2,-1.0,7.0,-4.0,14.0
1032,main_green,main_green,50,81.0,9.324492517271963,12,2,2,-1.0,7.0,-4.0,14.0
1033,main_green,main_green,50,88.0,9.542252121857365,7,2,2,-1.0,7.0,-4.0,14.0
1034,main_green,main_green,51,95.0,9.704616260298504,8,2,2,-1.0,7.0,-4.0,14.0
1035,main_green,main_green,51,102.0,9.899060376008467,7,2,2,-1.0,7.0,-4.0,14.0
1036,main_green,main_green,52,109.0,9.755776362899276,8,2,2,-1.0,7.0,-4.0,14.0
1037,main_green,main_green,52,116.0,9.886201308010158,7,2,2,9.0,19.0,-2.0,8.0
1038,main_green,main_green,52,123.0,9.884282474321717,7,2,2,9.0,19.0,-2.0,8.0
1039,main_green,main_green,53,131.0,9.59197062014031,9,2,2,9.0,19.0,-2.0,8.0
1040,main_green,main_green,54,141.0,9.487045945400498,11,2,2,9.0,19.0,-2.0,8.0
1041,main_green,main_green,54,152.0,9.653570988306512,11,2,2,9.0,19.0,-2.0,8.0
1042,main_green,main_green,53,163.0,9.6397840199156,11,2,2,9.0,19.0,-2.0,8.0
1043,main_green,main_green,52,174.0,9.761420544035769,11,2,2,9.0,19.0,-2.0,8.0
1044,main_green,main_green,56,185.0,8.889902172457056,16,2,2,9.0,19.0,-2.0,8.0
1045,main_green,main_green,56,196.0,8.811998359887921,12,2,2,9.0,19.0,-2.0,8.0
1046,main_green,main_green,55,207.0,9.131348427695823,11,2,2,9.0,19.0,-2.0,8.0
1047,main_green,main_green,55,218.0,9.244236564576552,11,2,2,12.0,12.0,3.0,11.0
1048,main_green,main_green,56,229.0,8.94801516240946,12,2,2,12.0,12.0,3.0,11.0
1049,main_green,main_green,55,240.0,8.910336526344576,11,2,2,12.0,12.0,3.0,11.0
1050,main_green,main_green,56,251.0,8.768675423972931,12,2,2,12.0,12.0,3.0,11.0
1051,main_green,main_green,56,263.0,8.836976069003551,12,2,2,12.0,12.0,3.0,11.0
1052,main_green,main_green,56,277.0,8.734403015838799,15,2,2,12.0,12.0,3.0,11.0
1053,main_green,main_green,56,292.0,8.836504399453739,15,2,2,12.0,12.0,3.0,11.0
1054,main_green,main_green,56,307.0,8.954132993640256,15,2,2,12.0,12.0,3.0,11.0
1055,main_green,main_green,56,322.0,8.799013832003315,16,2,2,12.0,12.0,3.0,11.0
1056,main_green,main_green,61,337.0,8.265755487865235,20,2,2,12.0,12.0,3.0,11.0
1057,yellow_transition,yellow_transition,61,352.0,8.414554590782863,15,3,3,14.0,12.0,7.0,9.0
1058,yellow_transition,yellow_transition,60,367.0,8.425153792347153,15,3,3,14.0,12.0,7.0,9.0
1059,yellow_transition,yellow_transition,59,382.0,8.504030630605847,15,3,3,14.0,12.0,7.0,9.0
1060,side_green,main_green,61,220.0,8.326724308677855,13,0,2,14.0,12.0,7.0,9.0
1061,side_green,main_green,61,143.0,8.825503857808723,7,0,2,14.0,12.0,7.0,9.0
1062,side_green,main_green,59,139.0,9.098292213271286,6,0,2,14.0,12.0,7.0,9.0
1063,side_green,main_green,59,145.0,9.452189289812072,6,0,2,14.0,12.0,7.0,9.0
1064,side_green,main_green,59,151.0,9.447723770052836,7,0,2,14.0,12.0,7.0,9.0
1065,side_green,main_green,59,157.0,9.436020280405783,7,0,2,14.0,12.0,7.0,9.0
1066,side_green,main_green,58,164.0,9.537843103077648,7,0,2,14.0,12.0,7.0,9.0
1067,side_green,main_green,58,173.0,9.689944619561926,9,0,2,14.0,12.0,7.0,9.0
1068,side_green,main_green,62,183.0,8.918571513879415,15,0,2,14.0,12.0,7.0,9.0
1069,side_green,main_green,62,194.0,9.049578653799689,11,0,2,14.0,12.0,7.0,9.0
1070,yellow_transition,yellow_transition,62,206.0,9.056045005199486,13,1,3,-10.0,12.0,11.0,3.0
1071,yellow_transition,yellow_transition,62,219.0,9.13960061773891,13,1,3,-10.0,12.0,11.0,3.0
1072,yellow_transition,yellow_transition,62,232.0,9.043113476877485,14,1,3,-10.0,12.0,11.0,3.0
1073,main_green,side_green,61,62.0,9.126268419548591,5,2,0,-10.0,12.0,11.0,3.0
1074,main_green,side_green,61,1.0,9.341373171766653,1,2,0,-10.0,12.0,11.0,3.0
1075,main_green,side_green,61,0.0,9.570884253468119,1,2,0,-10.0,12.0,11.0,3.0
1076,main_green,side_green,62,2.0,9.754756918189262,3,2,0,-10.0,12.0,11.0,3.0
1077,main_green,side_green,62,6.0,10.19421015451108,4,2,0,-10.0,12.0,11.0,3.0
1078,main_green,side_green,60,11.0,10.49090506854657,5,2,0,-10.0,12.0,11.0,3.0
1079,main_green,side_green,59,16.0,10.893484792492563,5,2,0,-10.0,12.0,11.0,3.0
1080,main_green,side_green,58,21.0,9.98918367632696,10,2,0,-10.0,12.0,11.0,3.0
1081,main_green,side_green,58,27.0,10.01634731912509,7,2,0,-10.0,12.0,11.0,3.0
1082,main_green,side_green,56,34.0,10.231149612832207,7,2,0,-10.0,12.0,11.0,3.0
1083,yellow_transition,yellow_transition,52,41.0,10.193876214142218,7,3,1,-3.0,3.0,-9.0,13.0
1084,yellow_transition,yellow_transition,53,48.0,9.91465213764557,8,3,1,-3.0,3.0,-9.0,13.0
1085,yellow_transition,yellow_transition,53,55.0,9.761373376694428,7,3,1,-3.0,3.0,-9.0,13.0
1086,main_green,main_green,54,27.0,9.702458908646712,4,2,2,-3.0,3.0,-9.0,13.0
1087,main_green,main_green,54,24.0,9.929879895398406,3,2,2,-3.0,3.0,-9.0,13.0
1088,main_green,main_green,54,28.0,9.86822249159476,5,2,2,-3.0,3.0,-9.0,13.0
1089,main_green,main_green,54,34.0,10.359819395217233,6,2,2,-3.0,3.0,-9.0,13.0
1090,main_green,main_green,53,40.0,10.57734185981893,6,2,2,-3.0,3.0,-9.0,13.0
1091,main_green,main_green,50,46.0,10.542344046791039,7,2,2,-3.0,3.0,-9.0,13.0
1092,main_green,main_green,54,52.0,9.669862455814737,11,2,2,-3.0,3.0,-9.0,13.0
1093,main_green,main_green,52,58.0,9.979639566267938,6,2,2,-3.0,3.0,-9.0,13.0
1094,main_green,main_green,51,64.0,10.06719390567728,6,2,2,-3.0,3.0,-9.0,13.0
1095,main_green,main_green,49,70.0,10.170610513707052,6,2,2,-3.0,3.0,-9.0,13.0
1096,main_green,main_green,51,76.0,9.870952516233858,8,2,2,0.0,4.0,4.0,18.0
1097,main_green,main_green,51,82.0,10.01712800344597,6,2,2,0.0,4.0,4.0,18.0
1098,main_green,main_green,50,89.0,10.001861837838547,7,2,2,0.0,4.0,4.0,18.0
1099,main_green,main_green,49,96.0,10.135505573441222,7,2,2,0.0,4.0,4.0,18.0
1100,main_green,main_green,49,105.0,9.868083362472944,10,2,2,0.0,4.0,4.0,18.0
1101,main_green,main_green,49,114.0,9.738278105411016,10,2,2,0.0,4.0,4.0,18.0
1102,main_green,main_green,49,124.0,9.658296549087716,10,2,2,0.0,4.0,4.0,18.0
1103,main_green,main_green,49,134.0,9.76699869497914,10,2,2,0.0,4.0,4.0,18.0
1104,main_green,main_green,53,144.0,8.959345456373919,15,2,2,0.0,4.0,4.0,18.0
1105,main_green,main_green,53,154.0,9.182481599816152,10,2,2,0.0,4.0,4.0,18.0
1106,main_green,main_green,54,164.0,9.320666607290903,11,2,2,12.0,16.0,2.0,6.0
1107,main_green,main_green,54,174.0,9.560082618573468,10,2,2,12.0,16.0,2.0,6.0
1108,main_green,main_green,55,184.0,9.427970568498479,11,2,2,12.0,16.0,2.0,6.0
1109,main_green,main_green,55,194.0,9.59072738051763,10,2,2,12.0,16.0,2.0,6.0
1110,main_green,main_green,54,204.0,9.505027066506628,10,2,2,12.0,16.0,2.0,6.0
1111,main_green,main_green,54,215.0,9.107850823230304,12,2,2,12.0,16.0,2.0,6.0
1112,main_green,main_green,54,227.0,8.899069678448003,13,2,2,12.0,16.0,2.0,6.0
1113,main_green,main_green,53,241.0,8.890477123912412,14,2,2,12.0,16.0,2.0,6.0
1114,main_green,main_green,52,255.0,8.935008147820936,14,2,2,12.0,16.0,2.0,6.0
1115,main_green,main_green,52,269.0,9.036041932489237,14,2,2,12.0,16.0,2.0,6.0
1116,main_green,main_green,57,283.0,8.292529825414437,19,2,2,10.0,10.0,4.0,10.0
1117,main_green,main_green,58,297.0,8.403709421931625,15,2,2,10.0,10.0,4.0,10.0
1118,main_green,main_green,57,311.0,8.597542850431154,14,2,2,10.0,10.0,4.0,10.0
1119,main_green,main_green,57,325.0,8.691364558982468,14,2,2,10.0,10.0,4.0,10.0
1120,main_green,main_green,58,339.0,8.580062455378382,15,2,2,10.0,10.0,4.0,10.0
1121,main_green,main_green,57,353.0,8.58325893583291,14,2,2,10.0,10.0,4.0,10.0
1122,main_green,main_green,58,367.0,8.488025281190502,15,2,2,10.0,10.0,4.0,10.0
1123,main_green,main_green,57,382.0,8.539010380040326,15,2,2,10.0,10.0,4.0,10.0
1124,main_green,main_green,58,399.0,8.391039521503417,18,2,2,10.0,10.0,4.0,10.0
1125,main_green,main_green,58,417.0,8.428375803506285,18,2,2,10.0,10.0,4.0,10.0
1126,yellow_transition,yellow_transition,58,435.0,8.448729412579985,18,3,3,15.0,13.0,7.0,5.0
1127,yellow_transition,yellow_transition,58,453.0,8.334705530168037,19,3,3,15.0,13.0,7.0,5.0
1128,yellow_transition,yellow_transition,62,471.0,7.53091909177984,23,3,3,15.0,13.0,7.0,5.0
1129,side_green,side_green,61,157.0,8.024955571406156,10,0,0,15.0,13.0,7.0,5.0
1130,side_green,side_green,60,15.0,8.478187239567585,2,0,0,15.0,13.0,7.0,5.0
1131,side_green,side_green,60,1.0,8.920799193210769,1,0,0,15.0,13.0,7.0,5.0
1132,side_green,side_green,62,2.0,9.125681985134362,3,0,0,15.0,13.0,7.0,5.0
1133,side_green,side_green,62,5.0,9.465381795240944,3,0,0,15.0,13.0,7.0,5.0
1134,side_green,side_green,62,8.0,9.996528757933454,3,0,0,15.0,13.0,7.0,5.0
1135,side_green,side_green,60,11.0,10.130398240178693,3,0,0,15.0,13.0,7.0,5.0
1136,side_green,side_green,60,17.0,10.09966347548055,7,0,0,15.0,13.0,7.0,5.0
1137,side_green,side_green,60,23.0,9.97845399084922,7,0,0,15.0,13.0,7.0,5.0
1138,side_green,side_green,58,29.0,9.95023187869511,6,0,0,15.0,13.0,7.0,5.0
1139,yellow_transition,yellow_transition,58,37.0,9.880927894305836,8,1,1,-16.0,8.0,-14.0,8.0
1140,yellow_transition,yellow_transition,62,47.0,8.959599674132608,15,1,1,-16.0,8.0,-14.0,8.0
1141,yellow_transition,yellow_transition,61,57.0,8.925387429118313,10,1,1,-16.0,8.0,-14.0,8.0
1142,main_green,main_green,62,8.0,9.08000780417031,4,2,2,-16.0,8.0,-14.0,8.0
1143,main_green,main_green,61,0.0,9.544851921371398,0,2,2,-16.0,8.0,-14.0,8.0
1144,main_green,main_green,62,0.0,9.974806502739574,1,2,2,-16.0,8.0,-14.0,8.0
1145,main_green,main_green,62,0.0,10.361827120342847,0,2,2,-16.0,8.0,-14.0,8.0
1146,main_green,main_green,62,0.0,10.86498799275911,0,2,2,-16.0,8.0,-14.0,8.0
1147,main_green,main_green,58,0.0,10.750709661820812,1,2,2,-16.0,8.0,-14.0,8.0
1148,main_green,main_green,56,0.0,10.836230866567519,1,2,2,-16.0,8.0,-14.0,8.0
1149,main_green,main_green,54,1.0,11.042582175562059,1,2,2,-16.0,8.0,-14.0,8.0
1150,main_green,main_green,51,4.0,11.222346271581175,3,2,2,-16.0,8.0,-14.0,8.0
1151,main_green,main_green,46,8.0,11.296721323386084,4,2,2,-16.0,8.0,-14.0,8.0
1152,main_green,main_green,47,12.0,10.066196872739479,9,2,2,-3.0,11.0,-5.0,7.0
1153,main_green,main_green,46,16.0,10.176192852247175,5,2,2,-3.0,11.0,-5.0,7.0
1154,main_green,main_green,46,20.0,10.34032690306555,4,2,2,-3.0,11.0,-5.0,7.0
1155,main_green,main_green,46,24.0,10.615787072838254,4,2,2,-3.0,11.0,-5.0,7.0
1156,main_green,main_green,47,28.0,10.511383316537684,5,2,2,-3.0,11.0,-5.0,7.0
1157,main_green,main_green,47,32.0,10.578501382371048,4,2,2,-3.0,11.0,-5.0,7.0
1158,main_green,main_green,48,36.0,10.24013857378001,5,2,2,-3.0,11.0,-5.0,7.0
1159,main_green,main_green,48,40.0,10.247160472513622,4,2,2,-3.0,11.0,-5.0,7.0
1160,main_green,main_green,49,44.0,10.185562068836862,5,2,2,-3.0,11.0,-5.0,7.0
1161,main_green,main_green,49,51.0,10.158976685145703,7,2,2,-3.0,11.0,-5.0,7.0
1162,main_green,main_green,49,58.0,10.43864992137605,7,2,2,-1.0,11.0,0.0,14.0
1163,main_green,main_green,50,66.0,10.192733194280972,9,2,2,-1.0,11.0,0.0,14.0
1164,main_green,main_green,55,74.0,9.374569636046571,13,2,2,-1.0,11.0,0.0,14.0
1165,main_green,main_green,55,82.0,9.575783387915612,8,2,2,-1.0,11.0,0.0,14.0
1166,main_green,main_green,55,90.0,9.768849309568266,8,2,2,-1.0,11.0,0.0,14.0
1167,main_green,main_green,54,98.0,10.097883831242857,8,2,2,-1.0,11.0,0.0,14.0
1168,main_green,main_green,54,106.0,9.592441574920125,10,2,2,-1.0,11.0,0.0,14.0
1169,main_green,main_green,53,114.0,9.557640821092576,8,2,2,-1.0,11.0,0.0,14.0
1170,main_green,main_green,51,122.0,9.408918586337705,8,2,2,-1.0,11.0,0.0,14.0
1171,main_green,main_green,50,131.0,9.343380796132159,9,2,2,-1.0,11.0,0.0,14.0
1172,main_green,main_green,51,141.0,9.300467170667602,11,2,2,6.0,10.0,7.0,11.0
1173,main_green,main_green,52,152.0,9.12825760895772,12,2,2,6.0,10.0,7.0,11.0
1174,main_green,main_green,50,164.0,9.115013316450131,12,2,2,6.0,10.0,7.0,11.0
1175,main_green,main_green,50,176.0,9.237556087218664,12,2,2,6.0,10.0,7.0,11.0
1176,main_green,main_green,55,188.0,8.372441539358583,17,2,2,6.0,10.0,7.0,11.0
1177,main_green,main_green,54,200.0,8.661532865470864,12,2,2,6.0,10.0,7.0,11.0
1178,main_green,main_green,55,212.0,8.789998827525011,13,2,2,6.0,10.0,7.0,11.0
1179,main_green,main_green,54,224.0,8.995644803986595,12,2,2,6.0,10.0,7.0,11.0
1180,main_green,main_green,55,236.0,8.806441356481232,13,2,2,6.0,10.0,7.0,11.0
1181,main_green,main_green,55,248.0,9.100233322056823,12,2,2,6.0,10.0,7.0,11.0
1182,main_green,main_green,55,260.0,9.077483685142834,12,2,2,10.0,10.0,10.0,12.0
1183,main_green,main_green,56,273.0,8.81847019261532,14,2,2,10.0,10.0,10.0,12.0
1184,main_green,main_green,57,287.0,8.717304513674934,15,2,2,10.0,10.0,10.0,12.0
1185,main_green,main_green,57,302.0,8.860519606526372,15,2,2,10.0,10.0,10.0,12.0
1186,main_green,main_green,57,317.0,8.870532161135715,15,2,2,10.0,10.0,10.0,12.0
1187,main_green,main_green,57,333.0,8.93705338584919,16,2,2,10.0,10.0,10.0,12.0
1188,main_green,main_green,62,349.0,8.283529423954194,21,2,2,10.0,10.0,10.0,12.0
1189,main_green,main_green,63,365.0,8.475476579492037,17,2,2,10.0,10.0,10.0,12.0
1190,main_green,main_green,63,381.0,8.657725454281373,16,2,2,10.0,10.0,10.0,12.0
1191,main_green,main_green,60,397.0,8.431488451242643,16,2,2,10.0,10.0,10.0,12.0
1192,yellow_transition,yellow_transition,61,413.0,8.054852450024596,17,3,3,13.0,9.0,11.0,7.0
1193,yellow_transition,yellow_transition,59,429.0,7.838588848577256,16,3,3,13.0,9.0,11.0,7.0
1194,yellow_transition,yellow_transition,60,446.0,7.499592872186142,18,3,3,13.0,9.0,11.0,7.0
1195,side_green,side_green,57,144.0,7.408993173091816,12,0,0,13.0,9.0,11.0,7.0
1196,side_green,side_green,57,11.0,7.707630212107839,7,0,0,13.0,9.0,11.0,7.0
1197,side_green,side_green,57,5.0,8.208266777481406,2,0,0,13.0,9.0,11.0,7.0
1198,side_green,side_green,57,7.0,8.880164638169243,2,0,0,13.0,9.0,11.0,7.0
1199,side_green,side_green,57,9.0,9.195863790492956,3,0,0,13.0,9.0,11.0,7.0
1200,side_green,side_green,62,13.0,8.86075535310789,9,0,0,13.0,9.0,11.0,7.0
1201,side_green,side_green,62,18.0,9.31729673522115,5,0,0,13.0,9.0,11.0,7.0
1202,side_green,side_green,62,25.0,9.820068676918892,7,0,0,13.0,9.0,11.0,7.0
1203,side_green,side_green,62,33.0,9.950704587710547,8,0,0,13.0,9.0,11.0,7.0
1204,side_green,side_green,63,41.0,9.712089548271853,10,0,0,13.0,9.0,11.0,7.0
1205,yellow_transition,yellow_transition,63,49.0,9.51239909681128,8,1,1,-11.0,9.0,-10.0,10.0
1206,yellow_transition,yellow_transition,63,59.0,9.43753036806898,10,1,1,-11.0,9.0,-10.0,10.0
1207,yellow_transition,yellow_transition,62,70.0,8.985618513015119,11,1,1,-11.0,9.0,-10.0,10.0
1208,main_green,main_green,62,16.0,8.98381085136009,6,2,2,-11.0,9.0,-10.0,10.0
1209,main_green,main_green,62,4.0,9.034289176863322,4,2,2,-11.0,9.0,-10.0,10.0
1210,main_green,main_green,60,7.0,9.275394838302379,3,2,2,-11.0,9.0,-10.0,10.0
1211,main_green,main_green,59,10.0,9.802599430796414,3,2,2,-11.0,9.0,-10.0,10.0
1212,main_green,main_green,64,13.0,9.474156583034553,8,2,2,-11.0,9.0,-10.0,10.0
1213,main_green,main_green,59,16.0,10.049273707928814,3,2,2,-11.0,9.0,-10.0,10.0
1214,main_green,main_green,57,19.0,10.461276324969434,4,2,2,-11.0,9.0,-10.0,10.0
1215,main_green,main_green,54,22.0,10.83036474735472,3,2,2,-11.0,9.0,-10.0,10.0
1216,main_green,main_green,51,25.0,10.728338643813686,4,2,2,-11.0,9.0,-10.0,10.0
1217,main_green,main_green,49,28.0,10.844414891368727,3,2,2,-11.0,9.0,-10.0,10.0
1218,main_green,main_green,45,31.0,10.65228530747822,3,2,2,-3.0,9.0,-1.0,9.0
1219,main_green,main_green,46,34.0,10.394216129997641,4,2,2,-3.0,9.0,-1.0,9.0
1220,main_green,main_green,47,39.0,10.156041168091136,6,2,2,-3.0,9.0,-1.0,9.0
1221,main_green,main_green,46,46.0,10.053148551906338,7,2,2,-3.0,9.0,-1.0,9.0
1222,main_green,main_green,46,53.0,10.23369739300286,7,2,2,-3.0,9.0,-1.0,9.0
1223,main_green,main_green,46,60.0,10.245120451848972,7,2,2,-3.0,9.0,-1.0,9.0
1224,main_green,main_green,51,67.0,9.281207862239047,12,2,2,-3.0,9.0,-1.0,9.0
1225,main_green,main_green,52,74.0,9.365644033355562,8,2,2,-3.0,9.0,-1.0,9.0
1226,main_green,main_green,52,81.0,9.723292951317676,7,2,2,-3.0,9.0,-1.0,9.0
1227,main_green,main_green,52,88.0,9.959391332881768,7,2,2,-3.0,9.0,-1.0,9.0
1228,main_green,main_green,53,95.0,9.878268451118933,8,2,2,1.0,13.0,3.0,15.0
1229,main_green,main_green,53,102.0,9.91294040160944,7,2,2,1.0,13.0,3.0,15.0
1230,main_green,main_green,54,109.0,9.824693435484773,8,2,2,1.0,13.0,3.0,15.0
1231,main_green,main_green,54,116.0,9.865243111611981,7,2,2,1.0,13.0,3.0,15.0
1232,main_green,main_green,55,124.0,9.613924526819876,9,2,2,1.0,13.0,3.0,15.0
1233,main_green,main_green,55,133.0,9.623505906986987,9,2,2,1.0,13.0,3.0,15.0
1234,main_green,main_green,53,144.0,9.671697755850326,11,2,2,1.0,13.0,3.0,15.0
1235,main_green,main_green,54,155.0,9.640831022781063,12,2,2,1.0,13.0,3.0,15.0
1236,main_green,main_green,56,166.0,8.567563477532966,16,2,2,1.0,13.0,3.0,15.0
1237,main_green,main_green,54,177.0,8.836414390420638,11,2,2,1.0,13.0,3.0,15.0
1238,main_green,main_green,54,188.0,9.054334237506014,11,2,2,5.0,9.0,11.0,19.0
1239,main_green,main_green,53,199.0,9.073062670444056,11,2,2,5.0,9.0,11.0,19.0
1240,main_green,main_green,53,210.0,8.513813753325898,13,2,2,5.0,9.0,11.0,19.0
1241,main_green,main_green,53,221.0,8.71689729774983,11,2,2,5.0,9.0,11.0,19.0
1242,main_green,main_green,53,232.0,8.615532667275147,11,2,2,5.0,9.0,11.0,19.0
1243,main_green,main_green,53,244.0,8.614319359190402,12,2,2,5.0,9.0,11.0,19.0
1244,main_green,main_green,54,259.0,8.52659622703639,16,2,2,5.0,9.0,11.0,19.0
1245,main_green,main_green,55,274.0,8.45702452168569,16,2,2,5.0,9.0,11.0,19.0
1246,main_green,main_green,55,289.0,8.634512889835907,15,2,2,5.0,9.0,11.0,19.0
1247,main_green,main_green,55,304.0,8.72582890638145,15,2,2,5.0,9.0,11.0,19.0
1248,main_green,main_green,60,319.0,8.00983380373521,20,2,2,6.0,8.0,9.0,11.0
1249,main_green,main_green,60,334.0,8.278866663416014,15,2,2,6.0,8.0,9.0,11.0
1250,main_green,main_green,61,349.0,8.449306653292055,16,2,2,6.0,8.0,9.0,11.0
1251,main_green,main_green,61,364.0,8.633253115266202,15,2,2,6.0,8.0,9.0,11.0
1252,main_green,main_green,62,379.0,8.523414032786068,16,2,2,6.0,8.0,9.0,11.0
1253,main_green,main_green,62,394.0,8.455396494321317,15,2,2,6.0,8.0,9.0,11.0
1254,main_green,main_green,62,409.0,8.456807304339554,15,2,2,6.0,8.0,9.0,11.0
1255,main_green,main_green,63,426.0,8.304420651812382,18,2,2,6.0,8.0,9.0,11.0
1256,main_green,main_green,63,444.0,8.155439352552653,19,2,2,6.0,8.0,9.0,11.0
1257,main_green,main_green,62,462.0,8.26802224123489,18,2,2,6.0,8.0,9.0,11.0
1258,yellow_transition,yellow_transition,62,481.0,8.330577373383809,19,3,3,10.0,10.0,11.0,7.0
1259,yellow_transition,yellow_transition,60,500.0,7.997871621430027,19,3,3,10.0,10.0,11.0,7.0
1260,yellow_transition,yellow_transition,65,520.0,7.337843517657741,25,3,3,10.0,10.0,11.0,7.0
1261,main_green,side_green,65,349.0,7.319116550242256,16,2,0,10.0,10.0,11.0,7.0
1262,main_green,side_green,64,265.0,7.654915862041786,11,2,0,10.0,10.0,11.0,7.0
1263,main_green,side_green,63,259.0,7.785158372328948,9,2,0,10.0,10.0,11.0,7.0
1264,main_green,side_green,63,270.0,7.885813690657345,12,2,0,10.0,10.0,11.0,7.0
1265,main_green,side_green,63,281.0,8.317997524767076,11,2,0,10.0,10.0,11.0,7.0
1266,main_green,side_green,62,293.0,8.287719969603105,13,2,0,10.0,10.0,11.0,7.0
1267,main_green,side_green,61,306.0,8.552340250518231,13,2,0,10.0,10.0,11.0,7.0
1268,main_green,side_green,62,321.0,8.720503397478007,16,2,0,10.0,10.0,11.0,7.0
1269,main_green,side_green,62,337.0,8.689781033278326,16,2,0,10.0,10.0,11.0,7.0
1270,main_green,side_green,61,353.0,8.660650377264254,16,2,0,10.0,10.0,11.0,7.0
1271,yellow_transition,yellow_transition,60,370.0,8.309682390280882,18,3,1,12.0,4.0,-14.0,14.0
1272,yellow_transition,yellow_transition,65,387.0,7.524465158625311,22,3,1,12.0,4.0,-14.0,14.0
1273,yellow_transition,yellow_transition,65,405.0,7.4530126044879585,18,3,1,12.0,4.0,-14.0,14.0
1274,side_green,main_green,63,169.0,7.537897699770588,10,0,2,12.0,4.0,-14.0,14.0
1275,side_green,main_green,63,40.0,7.895805147354715,6,0,2,12.0,4.0,-14.0,14.0
1276,side_green,main_green,64,6.0,8.128654734669057,5,0,2,12.0,4.0,-14.0,14.0
1277,side_green,main_green,64,9.0,8.58033508718196,3,0,2,12.0,4.0,-14.0,14.0
1278,side_green,main_green,64,12.0,9.214446204924222,3,0,2,12.0,4.0,-14.0,14.0
1279,side_green,main_green,63,15.0,9.839174441425047,3,0,2,12.0,4.0,-14.0,14.0
1280,side_green,main_green,60,20.0,9.905427390707759,6,0,2,12.0,4.0,-14.0,14.0
1281,side_green,main_green,61,26.0,10.146135779535257,7,0,2,12.0,4.0,-14.0,14.0
1282,side_green,main_green,58,33.0,10.279901866912198,7,0,2,12.0,4.0,-14.0,14.0
1283,side_green,main_green,57,40.0,10.275271508455683,7,0,2,12.0,4.0,-14.0,14.0
1284,yellow_transition,yellow_transition,60,48.0,9.474648647081887,13,1,3,-14.0,14.0,-9.0,-1.0
1285,yellow_transition,yellow_transition,58,56.0,9.639003524056845,8,1,3,-14.0,14.0,-9.0,-1.0
1286,yellow_transition,yellow_transition,58,64.0,9.502641648669277,9,1,3,-14.0,14.0,-9.0,-1.0
1287,main_green,main_green,58,25.0,9.8693770482202,4,2,2,-14.0,14.0,-9.0,-1.0
1288,main_green,main_green,59,16.0,9.933267934689054,4,2,2,-14.0,14.0,-9.0,-1.0
1289,main_green,main_green,58,17.0,9.94456113722188,2,2,2,-14.0,14.0,-9.0,-1.0
1290,main_green,main_green,58,19.0,10.03801364728204,2,2,2,-14.0,14.0,-9.0,-1.0
1291,main_green,main_green,59,21.0,9.96077474030238,3,2,2,-14.0,14.0,-9.0,-1.0
1292,main_green,main_green,59,26.0,10.039251172629125,6,2,2,-14.0,14.0,-9.0,-1.0
1293,main_green,main_green,57,32.0,10.316206007121716,6,2,2,-14.0,14.0,-9.0,-1.0
1294,main_green,main_green,54,38.0,10.36748739140024,6,2,2,-14.0,14.0,-9.0,-1.0
1295,main_green,main_green,53,44.0,10.59225494157208,6,2,2,-14.0,14.0,-9.0,-1.0
1296,main_green,main_green,55,50.0,9.628373619850153,11,2,2,-14.0,14.0,-9.0,-1.0
1297,main_green,main_green,56,56.0,9.712153265088046,7,2,2,-1.0,15.0,0.0,6.0
1298,main_green,main_green,53,62.0,9.810299813697208,6,2,2,-1.0,15.0,0.0,6.0
1299,main_green,main_green,52,68.0,9.938293199109596,6,2,2,-1.0,15.0,0.0,6.0
1300,main_green,main_green,52,74.0,9.695657385784678,7,2,2,-1.0,15.0,0.0,6.0
1301,main_green,main_green,52,80.0,9.806164812712783,6,2,2,-1.0,15.0,0.0,6.0
1302,main_green,main_green,53,86.0,9.649867676069187,7,2,2,-1.0,15.0,0.0,6.0
1303,main_green,main_green,52,92.0,9.700339988798442,6,2,2,-1.0,15.0,0.0,6.0
1304,main_green,main_green,53,99.0,9.636844040255545,8,2,2,-1.0,15.0,0.0,6.0
1305,main_green,main_green,51,109.0,9.51723864405217,10,2,2,-1.0,15.0,0.0,6.0
1306,main_green,main_green,50,119.0,9.6561787655504,10,2,2,-1.0,15.0,0.0,6.0
1307,main_green,main_green,50,129.0,9.469846258340997,11,2,2,-4.0,4.0,8.0,22.0
1308,main_green,main_green,55,139.0,8.714208192911178,15,2,2,-4.0,4.0,8.0,22.0
1309,main_green,main_green,55,149.0,8.970414536312738,10,2,2,-4.0,4.0,8.0,22.0
1310,main_green,main_green,55,159.0,9.298022642153757,10,2,2,-4.0,4.0,8.0,22.0
1311,main_green,main_green,54,169.0,9.345972914684715,10,2,2,-4.0,4.0,8.0,22.0
1312,main_green,main_green,56,179.0,9.083024749026722,12,2,2,-4.0,4.0,8.0,22.0
1313,main_green,main_green,54,189.0,9.00910270781585,10,2,2,-4.0,4.0,8.0,22.0
1314,main_green,main_green,54,199.0,9.020237016689803,10,2,2,-4.0,4.0,8.0,22.0
1315,main_green,main_green,54,209.0,8.996087040968693,10,2,2,-4.0,4.0,8.0,22.0
1316,main_green,main_green,55,222.0,8.851906113863565,14,2,2,-4.0,4.0,8.0,22.0
1317,main_green,main_green,56,236.0,8.777743194269572,15,2,2,0.0,4.0,14.0,20.0
1318,main_green,main_green,56,250.0,8.9195746175028,14,2,2,0.0,4.0,14.0,20.0
1319,main_green,main_green,56,264.0,9.037175458118668,14,2,2,0.0,4.0,14.0,20.0
1320,main_green,main_green,60,278.0,8.2568927578463,19,2,2,0.0,4.0,14.0,20.0
1321,main_green,main_green,60,292.0,8.532883141561948,14,2,2,0.0,4.0,14.0,20.0
1322,main_green,main_green,61,306.0,8.645728330958567,15,2,2,0.0,4.0,14.0,20.0
1323,main_green,main_green,59,320.0,8.702087035555397,14,2,2,0.0,4.0,14.0,20.0
1324,main_green,main_green,60,334.0,8.500323752546798,15,2,2,0.0,4.0,14.0,20.0
1325,main_green,main_green,60,348.0,8.668728578477028,14,2,2,0.0,4.0,14.0,20.0
1326,main_green,main_green,59,362.0,8.499559521290037,14,2,2,0.0,4.0,14.0,20.0
1327,yellow_transition,yellow_transition,59,376.0,8.221479370927367,15,3,3,9.0,11.0,10.0,6.0
1328,yellow_transition,yellow_transition,59,393.0,7.991763391410337,18,3,3,9.0,11.0,10.0,6.0
1329,yellow_transition,yellow_transition,59,411.0,7.9968249478026125,18,3,3,9.0,11.0,10.0,6.0
1330,main_green,side_green,59,254.0,8.158501572384548,15,2,0,9.0,11.0,10.0,6.0
1331,main_green,side_green,59,183.0,8.40136096380407,11,2,0,9.0,11.0,10.0,6.0
1332,main_green,side_green,64,184.0,7.995554025385939,14,2,0,9.0,11.0,10.0,6.0
1333,main_green,side_green,65,193.0,8.18605941615597,10,2,0,9.0,11.0,10.0,6.0
1334,main_green,side_green,65,203.0,8.652811642722499,10,2,0,9.0,11.0,10.0,6.0
1335,main_green,side_green,64,213.0,9.106208736002035,10,2,0,9.0,11.0,10.0,6.0
1336,main_green,side_green,64,223.0,9.110230606734698,11,2,0,9.0,11.0,10.0,6.0
1337,main_green,side_green,64,233.0,9.172469333251009,10,2,0,9.0,11.0,10.0,6.0
1338,main_green,side_green,63,243.0,9.035371384490682,11,2,0,9.0,11.0,10.0,6.0
1339,main_green,side_green,63,255.0,9.067824265222601,12,2,0,9.0,11.0,10.0,6.0
1340,yellow_transition,yellow_transition,64,269.0,8.948214192428592,15,3,1,13.0,5.0,-17.0,11.0
1341,yellow_transition,yellow_transition,64,284.0,8.759058363313484,15,3,1,13.0,5.0,-17.0,11.0
1342,yellow_transition,yellow_transition,62,300.0,8.583938772430082,16,3,1,13.0,5.0,-17.0,11.0
1343,side_green,main_green,62,102.0,8.508653284259703,9,0,2,13.0,5.0,-17.0,11.0
1344,side_green,main_green,65,13.0,8.064014322238437,8,0,2,13.0,5.0,-17.0,11.0
1345,side_green,main_green,65,3.0,8.742950156060779,2,0,2,13.0,5.0,-17.0,11.0
1346,side_green,main_green,63,6.0,9.274262029467808,3,0,2,13.0,5.0,-17.0,11.0
1347,side_green,main_green,62,9.0,9.886832954632707,3,0,2,13.0,5.0,-17.0,11.0
1348,side_green,main_green,62,12.0,10.055369412423008,5,0,2,13.0,5.0,-17.0,11.0
1349,side_green,main_green,59,16.0,10.438123067684757,4,0,2,13.0,5.0,-17.0,11.0
1350,side_green,main_green,59,20.0,10.640743888912228,4,0,2,13.0,5.0,-17.0,11.0
1351,side_green,main_green,55,24.0,10.691134358765439,4,0,2,13.0,5.0,-17.0,11.0
1352,side_green,main_green,55,28.0,10.391251828316301,5,0,2,13.0,5.0,-17.0,11.0
1353,yellow_transition,yellow_transition,54,35.0,10.198488937762633,8,1,3,-14.0,14.0,-7.0,1.0
1354,yellow_transition,yellow_transition,54,42.0,10.105492343765636,7,1,3,-14.0,14.0,-7.0,1.0
1355,yellow_transition,yellow_transition,53,50.0,9.925270357795117,8,1,3,-14.0,14.0,-7.0,1.0
1356,main_green,main_green,58,14.0,9.318771183732654,9,2,2,-14.0,14.0,-7.0,1.0
1357,main_green,main_green,58,10.0,9.659214955671406,2,2,2,-14.0,14.0,-7.0,1.0
1358,main_green,main_green,59,12.0,10.00081754074265,3,2,2,-14.0,14.0,-7.0,1.0
1359,main_green,main_green,58,14.0,10.519832061299589,2,2,2,-14.0,14.0,-7.0,1.0
1360,main_green,main_green,59,16.0,10.782770489973473,3,2,2,-14.0,14.0,-7.0,1.0
1361,main_green,main_green,58,18.0,10.926739769346636,2,2,2,-14.0,14.0,-7.0,1.0
1362,main_green,main_green,55,20.0,10.991610706298308,2,2,2,-14.0,14.0,-7.0,1.0
1363,main_green,main_green,53,23.0,10.687593210256914,4,2,2,-14.0,14.0,-7.0,1.0
1364,main_green,main_green,50,27.0,10.459356968731528,5,2,2,-14.0,14.0,-7.0,1.0
1365,main_green,main_green,49,33.0,10.514275758995543,6,2,2,-14.0,14.0,-7.0,1.0
1366,main_green,main_green,47,39.0,10.594502689431339,6,2,2,-2.0,18.0,-3.0,5.0
1367,main_green,main_green,46,45.0,10.56865221713142,6,2,2,-2.0,18.0,-3.0,5.0
1368,main_green,main_green,51,51.0,9.696989493601777,11,2,2,-2.0,18.0,-3.0,5.0
1369,main_green,main_green,51,57.0,9.738429814786194,7,2,2,-2.0,18.0,-3.0,5.0
1370,main_green,main_green,51,63.0,9.874765145908722,6,2,2,-2.0,18.0,-3.0,5.0
1371,main_green,main_green,49,69.0,10.215263973074876,6,2,2,-2.0,18.0,-3.0,5.0
1372,main_green,main_green,50,75.0,10.162242678457465,7,2,2,-2.0,18.0,-3.0,5.0
1373,main_green,main_green,48,81.0,10.059244964540422,6,2,2,-2.0,18.0,-3.0,5.0
1374,main_green,main_green,49,87.0,9.785190121681053,7,2,2,-2.0,18.0,-3.0,5.0
1375,main_green,main_green,49,93.0,9.811497380764445,6,2,2,-2.0,18.0,-3.0,5.0
1376,main_green,main_green,50,101.0,9.431860381114767,9,2,2,-3.0,7.0,8.0,20.0
1377,main_green,main_green,50,111.0,9.55072269767737,10,2,2,-3.0,7.0,8.0,20.0
1378,main_green,main_green,50,121.0,9.662260523378363,10,2,2,-3.0,7.0,8.0,20.0
1379,main_green,main_green,51,131.0,9.540813649853185,11,2,2,-3.0,7.0,8.0,20.0
1380,main_green,main_green,56,141.0,8.862907212854672,15,2,2,-3.0,7.0,8.0,20.0
1381,main_green,main_green,56,151.0,9.15174785343017,10,2,2,-3.0,7.0,8.0,20.0
1382,main_green,main_green,54,161.0,9.198746986140682,10,2,2,-3.0,7.0,8.0,20.0
1383,main_green,main_green,53,171.0,9.340979940782468,10,2,2,-3.0,7.0,8.0,20.0
1384,main_green,main_green,55,181.0,8.957671533155212,12,2,2,-3.0,7.0,8.0,20.0
1385,main_green,main_green,54,191.0,9.211819700599822,10,2,2,-3.0,7.0,8.0,20.0
1386,main_green,main_green,54,201.0,9.269900390350882,10,2,2,3.0,11.0,10.0,14.0
1387,main_green,main_green,54,211.0,9.109219992932733,10,2,2,3.0,11.0,10.0,14.0
1388,main_green,main_green,55,222.0,8.919050147726148,12,2,2,3.0,11.0,10.0,14.0
1389,main_green,main_green,56,236.0,8.83976202526152,15,2,2,3.0,11.0,10.0,14.0
1390,main_green,main_green,55,250.0,9.013549473975093,14,2,2,3.0,11.0,10.0,14.0
1391,main_green,main_green,54,264.0,9.015061284998923,14,2,2,3.0,11.0,10.0,14.0
1392,main_green,main_green,59,278.0,8.35835062799536,19,2,2,3.0,11.0,10.0,14.0
1393,main_green,main_green,59,292.0,8.522504896694803,14,2,2,3.0,11.0,10.0,14.0
1394,main_green,main_green,60,306.0,8.587368987451304,15,2,2,3.0,11.0,10.0,14.0
1395,main_green,main_green,58,320.0,8.657963415006073,14,2,2,3.0,11.0,10.0,14.0
1396,yellow_transition,yellow_transition,58,334.0,8.590318517877131,15,3,3,9.0,11.0,13.0,9.0
1397,yellow_transition,yellow_transition,58,348.0,8.603828031273784,14,3,3,9.0,11.0,13.0,9.0
1398,yellow_transition,yellow_transition,57,362.0,8.419229765619333,14,3,3,9.0,11.0,13.0,9.0
1399,main_green,side_green,58,213.0,8.411313791832608,13,2,0,9.0,11.0,13.0,9.0
1400,main_green,side_green,59,153.0,8.54851996025918,11,2,0,9.0,11.0,13.0,9.0
1401,main_green,side_green,59,158.0,8.894285450815376,8,2,0,9.0,11.0,13.0,9.0
1402,main_green,side_green,59,167.0,9.236793298977078,9,2,0,9.0,11.0,13.0,9.0
1403,main_green,side_green,59,176.0,9.539489737357673,9,2,0,9.0,11.0,13.0,9.0
1404,main_green,side_green,63,185.0,8.860235348333882,14,2,0,9.0,11.0,13.0,9.0
1405,main_green,side_green,64,194.0,9.115652115622817,10,2,0,9.0,11.0,13.0,9.0
1406,main_green,side_green,62,204.0,9.16459769067022,10,2,0,9.0,11.0,13.0,9.0
1407,main_green,side_green,62,215.0,9.19178682204247,11,2,0,9.0,11.0,13.0,9.0
1408,main_green,side_green,61,227.0,8.826701017182788,13,2,0,9.0,11.0,13.0,9.0
1409,yellow_transition,yellow_transition,61,240.0,8.766799066967614,13,3,1,10.0,4.0,-9.0,13.0
1410,yellow_transition,yellow_transition,62,254.0,8.547157863375073,15,3,1,10.0,4.0,-9.0,13.0
1411,yellow_transition,yellow_transition,61,270.0,8.430289103879518,16,3,1,10.0,4.0,-9.0,13.0
1412,side_green,main_green,62,87.0,8.416411050355999,10,0,2,10.0,4.0,-9.0,13.0
1413,side_green,main_green,61,9.0,8.76054790800507,3,0,2,10.0,4.0,-9.0,13.0
1414,side_green,main_green,61,5.0,9.172389875830467,2,0,2,10.0,4.0,-9.0,13.0
1415,side_green,main_green,62,7.0,9.492942506471714,3,0,2,10.0,4.0,-9.0,13.0
1416,side_green,main_green,67,9.0,9.168543199830639,7,0,2,10.0,4.0,-9.0,13.0
1417,side_green,main_green,63,12.0,9.526496500101866,3,0,2,10.0,4.0,-9.0,13.0
1418,side_green,main_green,63,16.0,10.086198444604195,4,0,2,10.0,4.0,-9.0,13.0
1419,side_green,main_green,58,21.0,10.42405981637035,5,0,2,10.0,4.0,-9.0,13.0
1420,side_green,main_green,59,26.0,10.409219926444026,7,0,2,10.0,4.0,-9.0,13.0
1421,side_green,main_green,57,31.0,10.333923670588428,5,0,2,10.0,4.0,-9.0,13.0
1422,yellow_transition,yellow_transition,56,36.0,10.410169111863691,5,1,3,-10.0,18.0,-10.0,0.0
1423,yellow_transition,yellow_transition,53,41.0,10.335214660419494,5,1,3,-10.0,18.0,-10.0,0.0
1424,yellow_transition,yellow_transition,52,47.0,9.896723978086612,7,1,3,-10.0,18.0,-10.0,0.0
1425,main_green,main_green,52,11.0,9.739216056124762,4,2,2,-10.0,18.0,-10.0,0.0
1426,main_green,main_green,51,5.0,9.916747310228155,3,2,2,-10.0,18.0,-10.0,0.0
1427,main_green,main_green,51,8.0,10.328989843123235,3,2,2,-10.0,18.0,-10.0,0.0
1428,main_green,main_green,56,11.0,9.809559576243482,8,2,2,-10.0,18.0,-10.0,0.0
1429,main_green,main_green,55,14.0,10.110331938957227,3,2,2,-10.0,18.0,-10.0,0.0
1430,main_green,main_green,55,17.0,10.375247404701835,4,2,2,-10.0,18.0,-10.0,0.0
1431,main_green,main_green,52,20.0,10.695346412653016,3,2,2,-10.0,18.0,-10.0,0.0
1432,main_green,main_green,52,23.0,10.798432471675172,4,2,2,-10.0,18.0,-10.0,0.0
1433,main_green,main_green,50,26.0,10.920342182669142,3,2,2,-10.0,18.0,-10.0,0.0
1434,main_green,main_green,48,29.0,10.794144134401877,3,2,2,-10.0,18.0,-10.0,0.0
1435,main_green,main_green,49,32.0,10.598330753157155,4,2,2,0.0,16.0,-3.0,7.0
1436,main_green,main_green,49,36.0,10.417007696924797,5,2,2,0.0,16.0,-3.0,7.0
1437,main_green,main_green,48,42.0,10.29441724542495,6,2,2,0.0,16.0,-3.0,7.0
1438,main_green,main_green,46,49.0,10.450703595193078,7,2,2,0.0,16.0,-3.0,7.0
1439,main_green,main_green,46,56.0,10.435092692956633,7,2,2,0.0,16.0,-3.0,7.0
1440,main_green,main_green,50,63.0,9.437093545960309,12,2,2,0.0,16.0,-3.0,7.0
1441,main_green,main_green,50,70.0,9.437703394159868,8,2,2,0.0,16.0,-3.0,7.0
1442,main_green,main_green,50,77.0,9.763851053238039,7,2,2,0.0,16.0,-3.0,7.0
1443,main_green,main_green,50,84.0,9.995026854283312,7,2,2,0.0,16.0,-3.0,7.0
1444,main_green,main_green,51,91.0,9.896866487377055,8,2,2,0.0,16.0,-3.0,7.0
1445,main_green,main_green,51,98.0,9.777720894995069,7,2,2,0.0,8.0,8.0,20.0
1446,main_green,main_green,52,105.0,9.69783971746127,8,2,2,0.0,8.0,8.0,20.0
1447,main_green,main_green,52,113.0,9.733468713797754,8,2,2,0.0,8.0,8.0,20.0
1448,main_green,main_green,53,123.0,9.55026310219966,11,2,2,0.0,8.0,8.0,20.0
1449,main_green,main_green,53,133.0,9.645949889171927,10,2,2,0.0,8.0,8.0,20.0
1450,main_green,main_green,53,144.0,9.725890332933007,11,2,2,0.0,8.0,8.0,20.0
1451,main_green,main_green,53,155.0,9.565973632367157,12,2,2,0.0,8.0,8.0,20.0
1452,main_green,main_green,55,166.0,8.6508248232758,16,2,2,0.0,8.0,8.0,20.0
1453,main_green,main_green,55,177.0,8.96357679980362,11,2,2,0.0,8.0,8.0,20.0
1454,main_green,main_green,55,188.0,9.199677506995918,11,2,2,0.0,8.0,8.0,20.0
1455,main_green,main_green,55,199.0,9.429259831012022,11,2,2,5.0,9.0,11.0,13.0
1456,main_green,main_green,56,210.0,8.971741134005075,13,2,2,5.0,9.0,11.0,13.0
1457,main_green,main_green,56,221.0,9.219648736377655,11,2,2,5.0,9.0,11.0,13.0
1458,main_green,main_green,56,232.0,9.23492413287494,11,2,2,5.0,9.0,11.0,13.0
1459,main_green,main_green,55,243.0,9.067588015171436,11,2,2,5.0,9.0,11.0,13.0
1460,main_green,main_green,56,257.0,8.997738246634889,15,2,2,5.0,9.0,11.0,13.0
1461,main_green,main_green,57,272.0,8.886543149055393,16,2,2,5.0,9.0,11.0,13.0
1462,main_green,main_green,57,287.0,8.967160163589673,15,2,2,5.0,9.0,11.0,13.0
1463,main_green,main_green,55,302.0,8.919719145482578,15,2,2,5.0,9.0,11.0,13.0
1464,main_green,main_green,60,317.0,8.299903954884988,20,2,2,5.0,9.0,11.0,13.0
1465,yellow_transition,yellow_transition,60,332.0,8.481345906252326,15,3,3,10.0,10.0,12.0,8.0
1466,yellow_transition,yellow_transition,61,347.0,8.515043764585519,16,3,3,10.0,10.0,12.0,8.0
1467,yellow_transition,yellow_transition,60,362.0,8.343127338928541,15,3,3,10.0,10.0,12.0,8.0
1468,main_green,side_green,61,224.0,8.31914838589785,12,2,0,10.0,10.0,12.0,8.0
1469,main_green,side_green,60,173.0,8.412360758537654,7,2,0,10.0,10.0,12.0,8.0
1470,main_green,side_green,60,181.0,8.811456500407258,8,2,0,10.0,10.0,12.0,8.0
1471,main_green,side_green,61,189.0,9.017390543253159,9,2,0,10.0,10.0,12.0,8.0
1472,main_green,side_green,60,199.0,9.138143778846679,11,2,0,10.0,10.0,12.0,8.0
1473,main_green,side_green,59,209.0,9.438290664318723,10,2,0,10.0,10.0,12.0,8.0
1474,main_green,side_green,59,219.0,9.656948332764696,10,2,0,10.0,10.0,12.0,8.0
1475,main_green,side_green,59,229.0,9.725770000533911,10,2,0,10.0,10.0,12.0,8.0
1476,main_green,side_green,61,239.0,8.691750914049178,15,2,0,10.0,10.0,12.0,8.0
1477,main_green,side_green,62,251.0,8.759886469449853,13,2,0,10.0,10.0,12.0,8.0
1478,yellow_transition,yellow_transition,60,264.0,8.819772635429786,13,3,1,14.0,4.0,-10.0,14.0
1479,yellow_transition,yellow_transition,59,278.0,8.66065457770031,14,3,1,14.0,4.0,-10.0,14.0
1480,yellow_transition,yellow_transition,60,292.0,8.520561061573575,15,3,1,14.0,4.0,-10.0,14.0
1481,side_green,main_green,58,103.0,8.407318673713556,7,0,2,14.0,4.0,-10.0,14.0
1482,side_green,main_green,59,11.0,8.43971411609038,2,0,2,14.0,4.0,-10.0,14.0
1483,side_green,main_green,58,0.0,8.742057508566676,0,0,2,14.0,4.0,-10.0,14.0
1484,side_green,main_green,59,4.0,9.026438316384116,5,0,2,14.0,4.0,-10.0,14.0
1485,side_green,main_green,59,9.0,9.612228481564738,5,0,2,14.0,4.0,-10.0,14.0
1486,side_green,main_green,56,14.0,10.134314646389795,5,0,2,14.0,4.0,-10.0,14.0
1487,side_green,main_green,55,19.0,10.465567103473278,6,0,2,14.0,4.0,-10.0,14.0
1488,side_green,main_green,58,24.0,9.760208507372782,10,0,2,14.0,4.0,-10.0,14.0
1489,side_green,main_green,57,29.0,10.142210192586752,5,0,2,14.0,4.0,-10.0,14.0
1490,side_green,main_green,56,34.0,10.431150783868024,5,0,2,14.0,4.0,-10.0,14.0
1491,yellow_transition,yellow_transition,55,39.0,10.369736600683158,5,1,3,-8.0,16.0,-4.0,0.0
1492,yellow_transition,yellow_transition,55,44.0,9.933507611901064,7,1,3,-8.0,16.0,-4.0,0.0
1493,yellow_transition,yellow_transition,54,50.0,9.535695814449026,6,1,3,-8.0,16.0,-4.0,0.0
1494,main_green,main_green,54,22.0,9.61891286002813,3,2,2,-8.0,16.0,-4.0,0.0
1495,main_green,main_green,54,24.0,9.765780917753306,3,2,2,-8.0,16.0,-4.0,0.0
1496,main_green,main_green,54,29.0,9.716698274629174,6,2,2,-8.0,16.0,-4.0,0.0
1497,main_green,main_green,55,35.0,9.878930745704608,7,2,2,-8.0,16.0,-4.0,0.0
1498,main_green,main_green,55,41.0,10.151973755285217,6,2,2,-8.0,16.0,-4.0,0.0
1499,main_green,main_green,53,47.0,10.435804936168893,6,2,2,-8.0,16.0,-4.0,0.0
1500,main_green,main_green,58,53.0,9.872778301888726,11,2,2,-8.0,16.0,-4.0,0.0
1501,main_green,main_green,55,59.0,9.977334929364941,6,2,2,-8.0,16.0,-4.0,0.0
1502,main_green,main_green,56,65.0,10.128346706552836,7,2,2,-8.0,16.0,-4.0,0.0
1503,main_green,main_green,53,71.0,10.224323964139318,6,2,2,-8.0,16.0,-4.0,0.0
1504,main_green,main_green,53,77.0,10.095326707564407,7,2,2,1.0,15.0,0.0,6.0
1505,main_green,main_green,51,83.0,9.942349449320727,6,2,2,1.0,15.0,0.0,6.0
1506,main_green,main_green,51,89.0,9.786101826348572,6,2,2,1.0,15.0,0.0,6.0
1507,main_green,main_green,52,96.0,9.693838924742469,8,2,2,1.0,15.0,0.0,6.0
1508,main_green,main_green,52,104.0,9.513022766745527,9,2,2,1.0,15.0,0.0,6.0
1509,main_green,main_green,51,114.0,9.600215397954686,10,2,2,1.0,15.0,0.0,6.0
1510,main_green,main_green,50,124.0,9.764437948770233,10,2,2,1.0,15.0,0.0,6.0
1511,main_green,main_green,49,134.0,9.81426483329013,10,2,2,1.0,15.0,0.0,6.0
1512,main_green,main_green,53,144.0,8.792361270878347,15,2,2,1.0,15.0,0.0,6.0
1513,main_green,main_green,54,154.0,8.960561993980006,11,2,2,1.0,15.0,0.0,6.0
1514,main_green,main_green,54,164.0,9.18219269551687,10,2,2,2.0,8.0,11.0,17.0
1515,main_green,main_green,54,174.0,9.453256858691763,10,2,2,2.0,8.0,11.0,17.0
1516,main_green,main_green,55,184.0,9.250702604623466,11,2,2,2.0,8.0,11.0,17.0
1517,main_green,main_green,54,194.0,9.32528889660622,10,2,2,2.0,8.0,11.0,17.0
1518,main_green,main_green,55,204.0,9.125113230062995,11,2,2,2.0,8.0,11.0,17.0
1519,main_green,main_green,53,214.0,8.97022601721292,10,2,2,2.0,8.0,11.0,17.0
1520,main_green,main_green,53,225.0,8.836660630752359,12,2,2,2.0,8.0,11.0,17.0
1521,main_green,main_green,53,238.0,8.965727652945361,13,2,2,2.0,8.0,11.0,17.0
1522,main_green,main_green,52,251.0,9.017367542092625,13,2,2,2.0,8.0,11.0,17.0
1523,main_green,main_green,52,264.0,8.833691525949634,14,2,2,2.0,8.0,11.0,17.0
1524,main_green,main_green,57,278.0,8.146481066710217,19,2,2,1.0,7.0,13.0,19.0
1525,main_green,main_green,57,292.0,8.500163826521714,14,2,2,1.0,7.0,13.0,19.0
1526,main_green,main_green,57,306.0,8.644342469405709,14,2,2,1.0,7.0,13.0,19.0
1527,main_green,main_green,57,320.0,8.77430191005704,14,2,2,1.0,7.0,13.0,19.0
1528,main_green,main_green,59,334.0,8.626688267411541,16,2,2,1.0,7.0,13.0,19.0
1529,main_green,main_green,59,348.0,8.788639040664272,14,2,2,1.0,7.0,13.0,19.0
1530,main_green,main_green,58,362.0,8.66975157503114,14,2,2,1.0,7.0,13.0,19.0
1531,main_green,main_green,57,377.0,8.527013359374864,15,2,2,1.0,7.0,13.0,19.0
1532,main_green,main_green,57,393.0,8.230599694174419,17,2,2,1.0,7.0,13.0,19.0
1533,main_green,main_green,58,411.0,8.141504187778803,19,2,2,1.0,7.0,13.0,19.0
1534,yellow_transition,yellow_transition,57,429.0,8.17908805467883,18,3,3,9.0,11.0,11.0,7.0
1535,yellow_transition,yellow_transition,57,447.0,8.372727548617148,18,3,3,9.0,11.0,11.0,7.0
1536,yellow_transition,yellow_transition,62,465.0,7.634625338620899,23,3,3,9.0,11.0,11.0,7.0
1537,main_green,side_green,62,291.0,7.891245027088739,14,2,0,9.0,11.0,11.0,7.0
1538,main_green,side_green,63,210.0,8.129291615792619,11,2,0,9.0,11.0,11.0,7.0
1539,main_green,side_green,63,206.0,8.534694063429336,9,2,0,9.0,11.0,11.0,7.0
1540,main_green,side_green,64,216.0,8.734495293078744,11,2,0,9.0,11.0,11.0,7.0
1541,main_green,side_green,62,226.0,8.846739374327322,10,2,0,9.0,11.0,11.0,7.0
1542,main_green,side_green,62,236.0,9.140596941433532,10,2,0,9.0,11.0,11.0,7.0
1543,main_green,side_green,61,247.0,9.025717632838923,12,2,0,9.0,11.0,11.0,7.0
1544,main_green,side_green,62,259.0,9.069882860116468,13,2,0,9.0,11.0,11.0,7.0
1545,main_green,side_green,61,272.0,9.226603203940135,13,2,0,9.0,11.0,11.0,7.0
1546,main_green,side_green,61,285.0,9.017409367832084,13,2,0,9.0,11.0,11.0,7.0
1547,yellow_transition,yellow_transition,61,299.0,9.02443709843776,14,3,1,11.0,3.0,-15.0,11.0
1548,yellow_transition,yellow_transition,66,313.0,8.320295853865687,19,3,1,11.0,3.0,-15.0,11.0
1549,yellow_transition,yellow_transition,66,328.0,8.157012446916088,16,3,1,11.0,3.0,-15.0,11.0
1550,side_green,main_green,66,117.0,8.568512141155033,8,0,2,11.0,3.0,-15.0,11.0
1551,side_green,main_green,65,15.0,8.679297424681604,2,0,2,11.0,3.0,-15.0,11.0
1552,side_green,main_green,65,0.0,8.948738883871826,1,0,2,11.0,3.0,-15.0,11.0
1553,side_green,main_green,63,2.0,9.356038743088329,2,0,2,11.0,3.0,-15.0,11.0
1554,side_green,main_green,63,4.0,9.610630362817156,3,0,2,11.0,3.0,-15.0,11.0
1555,side_green,main_green,61,6.0,10.057169999436482,2,0,2,11.0,3.0,-15.0,11.0
1556,side_green,main_green,59,8.0,10.144568001159207,3,0,2,11.0,3.0,-15.0,11.0
1557,side_green,main_green,59,13.0,10.534651573894644,5,0,2,11.0,3.0,-15.0,11.0
1558,side_green,main_green,55,18.0,10.544082113227562,5,0,2,11.0,3.0,-15.0,11.0
1559,side_green,main_green,56,23.0,10.395955174536459,6,0,2,11.0,3.0,-15.0,11.0
1560,yellow_transition,yellow_transition,60,30.0,9.55183749826196,12,1,3,-13.0,13.0,-10.0,-2.0
1561,yellow_transition,yellow_transition,60,37.0,9.801118821211771,7,1,3,-13.0,13.0,-10.0,-2.0
1562,yellow_transition,yellow_transition,57,44.0,9.808799163389029,7,1,3,-13.0,13.0,-10.0,-2.0
1563,main_green,main_green,57,15.0,10.17660940651888,3,2,2,-13.0,13.0,-10.0,-2.0
1564,main_green,main_green,58,13.0,10.182164398375908,4,2,2,-13.0,13.0,-10.0,-2.0
1565,main_green,main_green,58,15.0,10.357583816515222,2,2,2,-13.0,13.0,-10.0,-2.0
1566,main_green,main_green,58,17.0,10.59478778583806,2,2,2,-13.0,13.0,-10.0,-2.0
1567,main_green,main_green,58,20.0,10.796919938863187,3,2,2,-13.0,13.0,-10.0,-2.0
1568,main_green,main_green,54,24.0,10.665830732807551,5,2,2,-13.0,13.0,-10.0,-2.0
1569,main_green,main_green,53,29.0,10.714754122331966,6,2,2,-13.0,13.0,-10.0,-2.0
1570,main_green,main_green,53,35.0,10.92209464015344,6,2,2,-13.0,13.0,-10.0,-2.0
1571,main_green,main_green,50,41.0,10.885324275003638,6,2,2,-13.0,13.0,-10.0,-2.0
1572,main_green,main_green,54,47.0,9.929668485393092,11,2,2,-13.0,13.0,-10.0,-2.0
1573,main_green,main_green,53,53.0,10.092005158682944,6,2,2,0.0,16.0,0.0,6.0
1574,main_green,main_green,51,59.0,10.135754146376833,7,2,2,0.0,16.0,0.0,6.0
1575,main_green,main_green,51,65.0,10.385325119964541,6,2,2,0.0,16.0,0.0,6.0
1576,main_green,main_green,50,71.0,10.123642007665808,7,2,2,0.0,16.0,0.0,6.0
1577,main_green,main_green,50,77.0,10.100950090029418,6,2,2,0.0,16.0,0.0,6.0
1578,main_green,main_green,48,83.0,10.000436133970757,6,2,2,0.0,16.0,0.0,6.0
1579,main_green,main_green,49,89.0,9.64119704997181,7,2,2,0.0,16.0,0.0,6.0
1580,main_green,main_green,49,99.0,9.45952070556048,11,2,2,0.0,16.0,0.0,6.0
1581,main_green,main_green,48,109.0,9.701140923612437,10,2,2,0.0,16.0,0.0,6.0
1582,main_green,main_green,48,119.0,9.773425950398504,10,2,2,0.0,16.0,0.0,6.0
1583,main_green,main_green,47,129.0,9.805672585417838,10,2,2,-3.0,5.0,9.0,19.0
1584,main_green,main_green,52,139.0,8.945251292664526,15,2,2,-3.0,5.0,9.0,19.0
1585,main_green,main_green,53,149.0,8.991226192366371,11,2,2,-3.0,5.0,9.0,19.0
1586,main_green,main_green,53,159.0,9.210632516491275,10,2,2,-3.0,5.0,9.0,19.0
1587,main_green,main_green,53,169.0,9.312397504934458,10,2,2,-3.0,5.0,9.0,19.0
1588,main_green,main_green,53,179.0,9.161631932443495,11,2,2,-3.0,5.0,9.0,19.0
1589,main_green,main_green,52,189.0,9.128759576149632,10,2,2,-3.0,5.0,9.0,19.0
1590,main_green,main_green,52,199.0,8.81233543662557,11,2,2,-3.0,5.0,9.0,19.0
1591,main_green,main_green,52,210.0,8.79475783928558,11,2,2,-3.0,5.0,9.0,19.0
1592,main_green,main_green,53,223.0,8.717504491651749,14,2,2,-3.0,5.0,9.0,19.0
1593,main_green,main_green,52,237.0,8.675830760117677,14,2,2,5.0,11.0,12.0,12.0
1594,main_green,main_green,52,251.0,8.77502221061053,14,2,2,5.0,11.0,12.0,12.0
1595,main_green,main_green,53,265.0,8.837861208773766,15,2,2,5.0,11.0,12.0,12.0
1596,main_green,main_green,58,279.0,8.108380164975648,19,2,2,5.0,11.0,12.0,12.0
1597,main_green,main_green,58,293.0,8.278131072857816,14,2,2,5.0,11.0,12.0,12.0
1598,main_green,main_green,58,307.0,8.562520961396741,14,2,2,5.0,11.0,12.0,12.0
1599,main_green,main_green,57,321.0,8.708429388470764,14,2,2,5.0,11.0,12.0,12.0
1600,main_green,main_green,58,335.0,8.447031379698108,16,2,2,5.0,11.0,12.0,12.0
1601,main_green,main_green,58,349.0,8.627513601592202,14,2,2,5.0,11.0,12.0,12.0
1602,main_green,main_green,58,363.0,8.702745997374434,14,2,2,5.0,11.0,12.0,12.0
1603,yellow_transition,yellow_transition,57,378.0,8.495665575659071,15,3,3,8.0,12.0,12.0,10.0
1604,yellow_transition,yellow_transition,57,394.0,8.024361744720624,17,3,3,8.0,12.0,12.0,10.0
1605,yellow_transition,yellow_transition,57,410.0,7.661005005406233,17,3,3,8.0,12.0,12.0,10.0
1606,main_green,side_green,57,250.0,7.832142988834869,12,2,0,8.0,12.0,12.0,10.0
1607,main_green,side_green,57,177.0,8.089416822349639,10,2,0,8.0,12.0,12.0,10.0
1608,main_green,side_green,62,180.0,7.580013283279131,14,2,0,8.0,12.0,12.0,10.0
1609,main_green,side_green,62,189.0,7.981817395024968,9,2,0,8.0,12.0,12.0,10.0
1610,main_green,side_green,62,199.0,8.145675329527382,11,2,0,8.0,12.0,12.0,10.0
1611,main_green,side_green,61,211.0,8.5105071242445,12,2,0,8.0,12.0,12.0,10.0
1612,main_green,side_green,62,223.0,8.717052341146381,13,2,0,8.0,12.0,12.0,10.0
1613,main_green,side_green,61,236.0,8.830247097316164,13,2,0,8.0,12.0,12.0,10.0
1614,main_green,side_green,60,249.0,8.951113391394355,13,2,0,8.0,12.0,12.0,10.0
1615,main_green,side_green,61,263.0,8.750443596612998,15,2,0,8.0,12.0,12.0,10.0
1616,yellow_transition,yellow_transition,61,279.0,8.584454287575722,17,3,1,11.0,5.0,-15.0,15.0
1617,yellow_transition,yellow_transition,60,295.0,8.266745742832368,16,3,1,11.0,5.0,-15.0,15.0
1618,yellow_transition,yellow_transition,58,311.0,7.926968661244529,16,3,1,11.0,5.0,-15.0,15.0
1619,side_green,main_green,58,107.0,8.094826248232017,10,0,2,11.0,5.0,-15.0,15.0
1620,side_green,main_green,62,14.0,7.575632086723979,9,0,2,11.0,5.0,-15.0,15.0
1621,side_green,main_green,63,4.0,7.993847777625857,3,0,2,11.0,5.0,-15.0,15.0
1622,side_green,main_green,63,6.0,8.64487830012491,2,0,2,11.0,5.0,-15.0,15.0
1623,side_green,main_green,62,9.0,9.216842634603417,3,0,2,11.0,5.0,-15.0,15.0
1624,side_green,main_green,62,12.0,9.719661152042065,4,0,2,11.0,5.0,-15.0,15.0
1625,side_green,main_green,61,16.0,10.249323694855203,4,0,2,11.0,5.0,-15.0,15.0
1626,side_green,main_green,62,20.0,10.32631435282453,5,0,2,11.0,5.0,-15.0,15.0
1627,side_green,main_green,58,26.0,10.314068730998263,6,0,2,11.0,5.0,-15.0,15.0
1628,side_green,main_green,57,32.0,10.08442201700239,7,0,2,11.0,5.0,-15.0,15.0
1629,yellow_transition,yellow_transition,55,38.0,10.13425200882163,6,1,3,-13.0,19.0,-10.0,-2.0
1630,yellow_transition,yellow_transition,53,45.0,10.022588601509744,7,1,3,-13.0,19.0,-10.0,-2.0
1631,yellow_transition,yellow_transition,53,53.0,9.724893378344149,9,1,3,-13.0,19.0,-10.0,-2.0
1632,main_green,main_green,58,19.0,9.069831561022193,9,2,2,-13.0,19.0,-10.0,-2.0
1633,main_green,main_green,57,7.0,9.379445855316325,2,2,2,-13.0,19.0,-10.0,-2.0
1634,main_green,main_green,57,9.0,9.843697762310757,2,2,2,-13.0,19.0,-10.0,-2.0
1635,main_green,main_green,56,11.0,10.240989551039608,2,2,2,-13.0,19.0,-10.0,-2.0
1636,main_green,main_green,58,13.0,10.306538465382015,4,2,2,-13.0,19.0,-10.0,-2.0
1637,main_green,main_green,56,15.0,10.56052237526489,2,2,2,-13.0,19.0,-10.0,-2.0
1638,main_green,main_green,56,17.0,10.869569861143157,2,2,2,-13.0,19.0,-10.0,-2.0
1639,main_green,main_green,55,19.0,10.745333957050114,2,2,2,-13.0,19.0,-10.0,-2.0
1640,main_green,main_green,55,21.0,10.551587419069124,3,2,2,-13.0,19.0,-10.0,-2.0
1641,main_green,main_green,53,25.0,10.38816684774744,5,2,2,-13.0,19.0,-10.0,-2.0
1642,main_green,main_green,51,30.0,10.573079709206162,5,2,2,-5.0,15.0,-4.0,6.0
1643,main_green,main_green,49,36.0,10.727229639827046,6,2,2,-5.0,15.0,-4.0,6.0
1644,main_green,main_green,53,42.0,9.623364653497768,11,2,2,-5.0,15.0,-4.0,6.0
1645,main_green,main_green,52,48.0,9.976701458793745,6,2,2,-5.0,15.0,-4.0,6.0
1646,main_green,main_green,53,54.0,9.931099320931999,7,2,2,-5.0,15.0,-4.0,6.0
1647,main_green,main_green,53,60.0,10.112575755466644,6,2,2,-5.0,15.0,-4.0,6.0
1648,main_green,main_green,53,66.0,9.897818702311163,7,2,2,-5.0,15.0,-4.0,6.0
1649,main_green,main_green,53,72.0,9.902949769185195,6,2,2,-5.0,15.0,-4.0,6.0
1650,main_green,main_green,51,78.0,9.751109500431028,6,2,2,-5.0,15.0,-4.0,6.0
1651,main_green,main_green,52,84.0,9.607810689810616,7,2,2,-5.0,15.0,-4.0,6.0
1652,main_green,main_green,52,92.0,9.5487639957658,9,2,2,-5.0,3.0,7.0,21.0
1653,main_green,main_green,51,102.0,9.69034222165567,10,2,2,-5.0,3.0,7.0,21.0
1654,main_green,main_green,51,112.0,9.72205242580921,10,2,2,-5.0,3.0,7.0,21.0
1655,main_green,main_green,51,122.0,9.810308163474286,10,2,2,-5.0,3.0,7.0,21.0
1656,main_green,main_green,56,132.0,9.028800758459033,15,2,2,-5.0,3.0,7.0,21.0
1657,main_green,main_green,57,142.0,9.007484668664747,11,2,2,-5.0,3.0,7.0,21.0
1658,main_green,main_green,57,152.0,9.35994998568605,10,2,2,-5.0,3.0,7.0,21.0
1659,main_green,main_green,56,162.0,9.5610066651217,10,2,2,-5.0,3.0,7.0,21.0
1660,main_green,main_green,56,172.0,9.476451929762879,11,2,2,-5.0,3.0,7.0,21.0
1661,main_green,main_green,55,182.0,9.480615372273688,10,2,2,-5.0,3.0,7.0,21.0
1662,main_green,main_green,55,192.0,9.302720081722743,11,2,2,1.0,5.0,12.0,16.0
1663,main_green,main_green,55,202.0,9.226911887370596,10,2,2,1.0,5.0,12.0,16.0
1664,main_green,main_green,56,212.0,9.033425975776504,11,2,2,1.0,5.0,12.0,16.0
1665,main_green,main_green,55,225.0,9.1039229970625,13,2,2,1.0,5.0,12.0,16.0
1666,main_green,main_green,55,239.0,9.140052857556432,14,2,2,1.0,5.0,12.0,16.0
1667,main_green,main_green,54,253.0,8.941509368779036,15,2,2,1.0,5.0,12.0,16.0
1668,main_green,main_green,59,267.0,8.294216736407181,19,2,2,1.0,5.0,12.0,16.0
1669,main_green,main_green,58,281.0,8.482377707709027,14,2,2,1.0,5.0,12.0,16.0
1670,main_green,main_green,57,295.0,8.58606861845945,14,2,2,1.0,5.0,12.0,16.0
1671,main_green,main_green,57,309.0,8.624889392208983,14,2,2,1.0,5.0,12.0,16.0
1672,yellow_transition,yellow_transition,58,323.0,8.348908041573537,16,3,3,10.0,10.0,11.0,5.0
1673,yellow_transition,yellow_transition,58,337.0,8.327471133239076,14,3,3,10.0,10.0,11.0,5.0
1674,yellow_transition,yellow_transition,58,351.0,8.144734063493436,14,3,3,10.0,10.0,11.0,5.0
1675,main_green,side_green,58,207.0,8.236814159498731,11,2,0,10.0,10.0,11.0,5.0
1676,main_green,side_green,59,150.0,8.472952314506221,11,2,0,10.0,10.0,11.0,5.0
1677,main_green,side_green,60,155.0,8.771016979395833,9,2,0,10.0,10.0,11.0,5.0
1678,main_green,side_green,60,163.0,9.29933688522181,8,2,0,10.0,10.0,11.0,5.0
1679,main_green,side_green,60,172.0,9.61857223146834,9,2,0,10.0,10.0,11.0,5.0
1680,main_green,side_green,65,181.0,9.155839741628489,14,2,0,10.0,10.0,11.0,5.0
1681,main_green,side_green,63,190.0,9.383062571461197,9,2,0,10.0,10.0,11.0,5.0
1682,main_green,side_green,63,199.0,9.511038313390685,10,2,0,10.0,10.0,11.0,5.0
1683,main_green,side_green,62,208.0,9.737086205200875,9,2,0,10.0,10.0,11.0,5.0
1684,main_green,side_green,62,218.0,9.44933414006885,11,2,0,10.0,10.0,11.0,5.0
1685,yellow_transition,yellow_transition,62,228.0,9.308836843788315,10,3,1,12.0,8.0,-12.0,10.0
1686,yellow_transition,yellow_transition,62,238.0,9.132829798772196,10,3,1,12.0,8.0,-12.0,10.0
1687,yellow_transition,yellow_transition,63,251.0,8.923919778413069,14,3,1,12.0,8.0,-12.0,10.0
1688,side_green,main_green,63,78.0,8.841473249026484,7,0,2,12.0,8.0,-12.0,10.0
1689,side_green,main_green,62,4.0,9.021241518199615,2,0,2,12.0,8.0,-12.0,10.0
1690,side_green,main_green,61,2.0,9.336449890892846,2,0,2,12.0,8.0,-12.0,10.0
1691,side_green,main_green,59,5.0,9.83280497703068,3,0,2,12.0,8.0,-12.0,10.0
1692,side_green,main_green,63,8.0,9.408196037797882,8,0,2,12.0,8.0,-12.0,10.0
1693,side_green,main_green,63,11.0,9.821797899534923,4,0,2,12.0,8.0,-12.0,10.0
1694,side_green,main_green,61,14.0,10.325931597090237,3,0,2,12.0,8.0,-12.0,10.0
1695,side_green,main_green,59,17.0,10.706832000188369,3,0,2,12.0,8.0,-12.0,10.0
1696,side_green,main_green,57,21.0,10.62641020368223,5,0,2,12.0,8.0,-12.0,10.0
1697,side_green,main_green,53,26.0,10.790804731770614,5,0,2,12.0,8.0,-12.0,10.0
1698,yellow_transition,yellow_transition,54,31.0,10.742426701471443,6,1,3,-13.0,13.0,-2.0,6.0
1699,yellow_transition,yellow_transition,52,36.0,10.41858069169791,5,1,3,-13.0,13.0,-2.0,6.0
1700,yellow_transition,yellow_transition,53,42.0,10.03898893461292,7,1,3,-13.0,13.0,-2.0,6.0
1701,main_green,main_green,52,14.0,10.11588395085104,2,2,2,-13.0,13.0,-2.0,6.0
1702,main_green,main_green,51,17.0,10.362144399230901,3,2,2,-13.0,13.0,-2.0,6.0
1703,main_green,main_green,52,20.0,10.3822902030918,4,2,2,-13.0,13.0,-2.0,6.0
1704,main_green,main_green,57,23.0,9.838241993095536,8,2,2,-13.0,13.0,-2.0,6.0
1705,main_green,main_green,57,26.0,10.221473285358428,3,2,2,-13.0,13.0,-2.0,6.0
1706,main_green,main_green,56,29.0,10.643249808329932,3,2,2,-13.0,13.0,-2.0,6.0
1707,main_green,main_green,55,32.0,10.92511479375763,3,2,2,-13.0,13.0,-2.0,6.0
1708,main_green,main_green,55,35.0,10.638665031930957,5,2,2,-13.0,13.0,-2.0,6.0
1709,main_green,main_green,52,38.0,10.623757929108239,3,2,2,-13.0,13.0,-2.0,6.0
1710,main_green,main_green,51,41.0,10.580474563954521,3,2,2,-13.0,13.0,-2.0,6.0
1711,main_green,main_green,49,45.0,10.506834179400608,4,2,2,-4.0,14.0,-2.0,4.0
1712,main_green,main_green,49,51.0,10.415985449854574,7,2,2,-4.0,14.0,-2.0,4.0
1713,main_green,main_green,49,58.0,10.224089257400665,8,2,2,-4.0,14.0,-2.0,4.0
1714,main_green,main_green,46,65.0,10.190546970816815,7,2,2,-4.0,14.0,-2.0,4.0
1715,main_green,main_green,46,72.0,10.39703322581569,7,2,2,-4.0,14.0,-2.0,4.0
1716,main_green,main_green,50,79.0,9.353368293798662,12,2,2,-4.0,14.0,-2.0,4.0
1717,main_green,main_green,50,86.0,9.658242044964906,7,2,2,-4.0,14.0,-2.0,4.0
1718,main_green,main_green,51,93.0,9.709873649408186,8,2,2,-4.0,14.0,-2.0,4.0
1719,main_green,main_green,51,100.0,9.932116930467862,7,2,2,-4.0,14.0,-2.0,4.0
1720,main_green,main_green,52,107.0,9.84083596419613,8,2,2,-4.0,14.0,-2.0,4.0
1721,main_green,main_green,51,114.0,9.896587078732246,7,2,2,-1.0,11.0,8.0,14.0
1722,main_green,main_green,51,121.0,9.8107903304895,7,2,2,-1.0,11.0,8.0,14.0
1723,main_green,main_green,51,128.0,9.602399788775609,8,2,2,-1.0,11.0,8.0,14.0
1724,main_green,main_green,52,136.0,9.389069957431456,9,2,2,-1.0,11.0,8.0,14.0
1725,main_green,main_green,51,147.0,9.438933684860066,11,2,2,-1.0,11.0,8.0,14.0
1726,main_green,main_green,51,158.0,9.4680717528822,11,2,2,-1.0,11.0,8.0,14.0
1727,main_green,main_green,48,169.0,9.475551116425196,11,2,2,-1.0,11.0,8.0,14.0
1728,main_green,main_green,52,180.0,8.523112535359942,16,2,2,-1.0,11.0,8.0,14.0
1729,main_green,main_green,53,191.0,8.703166964647323,12,2,2,-1.0,11.0,8.0,14.0
1730,main_green,main_green,53,202.0,8.847625276212613,11,2,2,-1.0,11.0,8.0,14.0
1731,main_green,main_green,52,213.0,8.956342554223717,11,2,2,4.0,10.0,14.0,14.0
1732,main_green,main_green,53,224.0,8.859706973708414,12,2,2,4.0,10.0,14.0,14.0
1733,main_green,main_green,53,235.0,8.900133186081893,11,2,2,4.0,10.0,14.0,14.0
1734,main_green,main_green,54,246.0,8.853367764032292,12,2,2,4.0,10.0,14.0,14.0
1735,main_green,main_green,54,259.0,8.851633252070862,13,2,2,4.0,10.0,14.0,14.0
1736,main_green,main_green,54,272.0,8.612462214721207,14,2,2,4.0,10.0,14.0,14.0
1737,main_green,main_green,54,286.0,8.712007484003237,14,2,2,4.0,10.0,14.0,14.0
1738,main_green,main_green,54,301.0,8.812037512986121,15,2,2,4.0,10.0,14.0,14.0
1739,main_green,main_green,54,316.0,8.713965049471502,16,2,2,4.0,10.0,14.0,14.0
1740,main_green,main_green,59,331.0,8.066898417675102,20,2,2,4.0,10.0,14.0,14.0
1741,yellow_transition,yellow_transition,59,346.0,8.339671523532692,15,3,3,9.0,13.0,14.0,12.0
1742,yellow_transition,yellow_transition,58,361.0,8.48695560075474,15,3,3,9.0,13.0,14.0,12.0
1743,yellow_transition,yellow_transition,56,376.0,8.281388515286663,15,3,3,9.0,13.0,14.0,12.0
1744,main_green,side_green,58,214.0,7.9938743944934,13,2,0,9.0,13.0,14.0,12.0
1745,main_green,side_green,58,138.0,8.17792903719242,7,2,0,9.0,13.0,14.0,12.0
1746,main_green,side_green,58,135.0,8.44495635881734,8,2,0,9.0,13.0,14.0,12.0
1747,main_green,side_green,58,144.0,8.698193756508985,9,2,0,9.0,13.0,14.0,12.0
1748,main_green,side_green,59,154.0,8.867950795350966,11,2,0,9.0,13.0,14.0,12.0
1749,main_green,side_green,59,164.0,8.972285967224359,11,2,0,9.0,13.0,14.0,12.0
1750,main_green,side_green,58,174.0,9.27515355294549,10,2,0,9.0,13.0,14.0,12.0
1751,main_green,side_green,57,185.0,9.443041197832402,11,2,0,9.0,13.0,14.0,12.0
1752,main_green,side_green,62,196.0,8.761293529148016,16,2,0,9.0,13.0,14.0,12.0
1753,main_green,side_green,60,207.0,8.892964721670113,11,2,0,9.0,13.0,14.0,12.0
1754,yellow_transition,yellow_transition,60,219.0,8.880558644426056,13,3,1,11.0,5.0,-9.0,15.0
1755,yellow_transition,yellow_transition,60,231.0,8.844782558465631,12,3,1,11.0,5.0,-9.0,15.0
1756,yellow_transition,yellow_transition,61,243.0,8.533681098655286,13,3,1,11.0,5.0,-9.0,15.0
1757,side_green,main_green,61,63.0,8.510259755299977,5,0,2,11.0,5.0,-9.0,15.0
1758,side_green,main_green,60,0.0,8.569593280110553,0,0,2,11.0,5.0,-9.0,15.0
1759,side_green,main_green,61,1.0,8.726352176704815,2,0,2,11.0,5.0,-9.0,15.0
1760,side_green,main_green,60,2.0,9.052280682851185,2,0,2,11.0,5.0,-9.0,15.0
1761,side_green,main_green,60,5.0,9.719925902113886,3,0,2,11.0,5.0,-9.0,15.0
1762,side_green,main_green,60,9.0,10.215648295542719,4,0,2,11.0,5.0,-9.0,15.0
1763,side_green,main_green,58,13.0,10.636648922171366,4,0,2,11.0,5.0,-9.0,15.0
1764,side_green,main_green,60,18.0,9.914929257526893,10,0,2,11.0,5.0,-9.0,15.0
1765,side_green,main_green,59,23.0,9.896244053684885,6,0,2,11.0,5.0,-9.0,15.0
1766,side_green,main_green,57,28.0,10.034044019815253,5,0,2,11.0,5.0,-9.0,15.0
1767,yellow_transition,yellow_transition,57,33.0,10.234458850986194,5,1,3,-8.0,16.0,-4.0,0.0
1768,yellow_transition,yellow_transition,56,40.0,9.874991326721059,8,1,3,-8.0,16.0,-4.0,0.0
1769,yellow_transition,yellow_transition,54,47.0,9.812582949951183,7,1,3,-8.0,16.0,-4.0,0.0
1770,main_green,main_green,55,22.0,9.699295535193006,4,2,2,-8.0,16.0,-4.0,0.0
1771,main_green,main_green,55,21.0,9.79857481522845,2,2,2,-8.0,16.0,-4.0,0.0
1772,main_green,main_green,56,24.0,9.753576848592427,4,2,2,-8.0,16.0,-4.0,0.0
1773,main_green,main_green,55,29.0,10.016342214686533,5,2,2,-8.0,16.0,-4.0,0.0
1774,main_green,main_green,54,35.0,10.149256119549348,6,2,2,-8.0,16.0,-4.0,0.0
1775,main_green,main_green,54,41.0,10.249845716621154,7,2,2,-8.0,16.0,-4.0,0.0
1776,main_green,main_green,57,47.0,9.622804259832234,11,2,2,-8.0,16.0,-4.0,0.0
1777,main_green,main_green,55,53.0,9.874950167435575,6,2,2,-8.0,16.0,-4.0,0.0
1778,main_green,main_green,53,59.0,10.103204208605316,6,2,2,-8.0,16.0,-4.0,0.0
1779,main_green,main_green,53,65.0,10.327493886571057,6,2,2,-8.0,16.0,-4.0,0.0
1780,main_green,main_green,54,71.0,10.010269891639476,8,2,2,1.0,15.0,0.0,6.0
1781,main_green,main_green,53,77.0,10.0596102883725,6,2,2,1.0,15.0,0.0,6.0
1782,main_green,main_green,52,83.0,10.064166255476891,6,2,2,1.0,15.0,0.0,6.0
1783,main_green,main_green,51,89.0,9.918480792878928,6,2,2,1.0,15.0,0.0,6.0
1784,main_green,main_green,52,96.0,9.715898743056847,8,2,2,1.0,15.0,0.0,6.0
1785,main_green,main_green,53,105.0,9.692698947223366,10,2,2,1.0,15.0,0.0,6.0
1786,main_green,main_green,53,114.0,9.674231612131816,9,2,2,1.0,15.0,0.0,6.0
1787,main_green,main_green,53,124.0,9.821720035166145,10,2,2,1.0,15.0,0.0,6.0
1788,main_green,main_green,56,134.0,9.043250046225175,15,2,2,1.0,15.0,0.0,6.0
1789,main_green,main_green,56,144.0,9.405392181450177,10,2,2,1.0,15.0,0.0,6.0
1790,main_green,main_green,55,154.0,9.254017755399031,11,2,2,2.0,6.0,9.0,13.0
1791,main_green,main_green,55,164.0,9.551804419366537,10,2,2,2.0,6.0,9.0,13.0
1792,main_green,main_green,55,174.0,9.517810674353402,11,2,2,2.0,6.0,9.0,13.0
1793,main_green,main_green,54,184.0,9.34068264000088,10,2,2,2.0,6.0,9.0,13.0
1794,main_green,main_green,54,194.0,9.480457948981881,10,2,2,2.0,6.0,9.0,13.0
1795,main_green,main_green,55,204.0,9.16687048116556,11,2,2,2.0,6.0,9.0,13.0
1796,main_green,main_green,55,216.0,8.974140372241465,13,2,2,2.0,6.0,9.0,13.0
1797,main_green,main_green,54,230.0,9.082276974144122,14,2,2,2.0,6.0,9.0,13.0
1798,main_green,main_green,53,244.0,9.11269052033002,14,2,2,2.0,6.0,9.0,13.0
1799,main_green,main_green,52,258.0,9.2389303054212,14,2,2,2.0,6.0,9.0,13.0
1800,main_green,main_green,57,272.0,8.444385347820631,19,2,2,2.0,6.0,12.0,14.0
1801,main_green,main_green,58,286.0,8.517183769839564,15,2,2,2.0,6.0,12.0,14.0
1802,main_green,main_green,58,300.0,8.790674138103226,14,2,2,2.0,6.0,12.0,14.0
1803,main_green,main_green,58,314.0,8.952036383593779,14,2,2,2.0,6.0,12.0,14.0
1804,main_green,main_green,58,328.0,8.761293777811327,15,2,2,2.0,6.0,12.0,14.0
1805,main_green,main_green,57,342.0,8.761643502918945,14,2,2,2.0,6.0,12.0,14.0
1806,main_green,main_green,57,357.0,8.448850844938015,16,2,2,2.0,6.0,12.0,14.0
1807,main_green,main_green,57,372.0,8.42774559259285,15,2,2,2.0,6.0,12.0,14.0
1808,main_green,main_green,57,388.0,8.318595562167387,17,2,2,2.0,6.0,12.0,14.0
1809,main_green,main_green,57,406.0,8.3491913569174,18,2,2,2.0,6.0,12.0,14.0
1810,yellow_transition,yellow_transition,57,424.0,8.3685369783881,18,3,3,8.0,8.0,13.0,11.0
1811,yellow_transition,yellow_transition,57,442.0,8.054989792373782,19,3,3,8.0,8.0,13.0,11.0
1812,yellow_transition,yellow_transition,62,460.0,7.311954846087903,23,3,3,8.0,8.0,13.0,11.0
1813,main_green,side_green,61,293.0,7.5921425791930615,15,2,0,8.0,8.0,13.0,11.0
1814,main_green,side_green,61,214.0,7.970036372836407,12,2,0,8.0,8.0,13.0,11.0
1815,main_green,side_green,61,209.0,8.266172881402182,10,2,0,8.0,8.0,13.0,11.0
1816,main_green,side_green,63,219.0,8.196620018439237,12,2,0,8.0,8.0,13.0,11.0
1817,main_green,side_green,63,230.0,8.515674702545567,11,2,0,8.0,8.0,13.0,11.0
1818,main_green,side_green,62,242.0,8.798095376495668,12,2,0,8.0,8.0,13.0,11.0
1819,main_green,side_green,61,255.0,9.002316583629257,13,2,0,8.0,8.0,13.0,11.0
1820,main_green,side_green,61,269.0,8.887633623569045,15,2,0,8.0,8.0,13.0,11.0
1821,main_green,side_green,61,283.0,8.759458058610132,15,2,0,8.0,8.0,13.0,11.0
1822,main_green,side_green,61,298.0,8.773442814404204,15,2,0,8.0,8.0,13.0,11.0
1823,yellow_transition,yellow_transition,60,313.0,8.767359954858712,15,3,1,11.0,1.0,-14.0,14.0
1824,yellow_transition,yellow_transition,63,329.0,7.983369244945674,21,3,1,11.0,1.0,-14.0,14.0
1825,yellow_transition,yellow_transition,63,345.0,8.14914650150763,16,3,1,11.0,1.0,-14.0,14.0
1826,side_green,main_green,63,122.0,8.283732931917408,9,0,2,11.0,1.0,-14.0,14.0
1827,side_green,main_green,63,17.0,8.595352356125971,2,0,2,11.0,1.0,-14.0,14.0
1828,side_green,main_green,63,0.0,9.010428445993501,1,0,2,11.0,1.0,-14.0,14.0
1829,side_green,main_green,62,0.0,9.392377493092612,0,0,2,11.0,1.0,-14.0,14.0
1830,side_green,main_green,61,1.0,9.929198833723435,1,0,2,11.0,1.0,-14.0,14.0
1831,side_green,main_green,60,3.0,10.173101967332409,3,0,2,11.0,1.0,-14.0,14.0
1832,side_green,main_green,60,5.0,10.414912151222516,3,0,2,11.0,1.0,-14.0,14.0
1833,side_green,main_green,59,10.0,10.657849713047453,5,0,2,11.0,1.0,-14.0,14.0
1834,side_green,main_green,55,15.0,10.812826212149817,5,0,2,11.0,1.0,-14.0,14.0
1835,side_green,main_green,55,21.0,10.943543859682087,6,0,2,11.0,1.0,-14.0,14.0
1836,yellow_transition,yellow_transition,59,27.0,10.023368703798859,11,1,3,-14.0,12.0,-9.0,-1.0
1837,yellow_transition,yellow_transition,56,33.0,9.70280041422968,7,1,3,-14.0,12.0,-9.0,-1.0
1838,yellow_transition,yellow_transition,55,39.0,9.761283361443358,6,1,3,-14.0,12.0,-9.0,-1.0
1839,main_green,main_green,55,19.0,10.030212319603304,3,2,2,-14.0,12.0,-9.0,-1.0
1840,main_green,main_green,56,16.0,10.225789328816052,3,2,2,-14.0,12.0,-9.0,-1.0
1841,main_green,main_green,55,18.0,10.509719702032031,2,2,2,-14.0,12.0,-9.0,-1.0
1842,main_green,main_green,56,20.0,10.493055765402145,3,2,2,-14.0,12.0,-9.0,-1.0
1843,main_green,main_green,56,22.0,10.631989935296817,2,2,2,-14.0,12.0,-9.0,-1.0
1844,main_green,main_green,56,26.0,10.414363519147743,5,2,2,-14.0,12.0,-9.0,-1.0
1845,main_green,main_green,52,31.0,10.583501082994957,5,2,2,-14.0,12.0,-9.0,-1.0
1846,main_green,main_green,51,37.0,10.701477332265988,6,2,2,-14.0,12.0,-9.0,-1.0
1847,main_green,main_green,50,43.0,10.628391184598302,7,2,2,-14.0,12.0,-9.0,-1.0
1848,main_green,main_green,53,49.0,9.66223643380556,11,2,2,-14.0,12.0,-9.0,-1.0
1849,main_green,main_green,52,55.0,9.79682617772012,6,2,2,2.0,18.0,0.0,8.0
1850,main_green,main_green,51,61.0,9.96506061146254,6,2,2,2.0,18.0,0.0,8.0
1851,main_green,main_green,50,67.0,10.262608129418668,6,2,2,2.0,18.0,0.0,8.0
1852,main_green,main_green,50,73.0,9.793474807438406,8,2,2,2.0,18.0,0.0,8.0
1853,main_green,main_green,50,79.0,9.811496840984162,6,2,2,2.0,18.0,0.0,8.0
1854,main_green,main_green,48,85.0,9.613443383635483,6,2,2,2.0,18.0,0.0,8.0
1855,main_green,main_green,48,91.0,9.616820386853245,6,2,2,2.0,18.0,0.0,8.0
1856,main_green,main_green,48,98.0,9.379238555052648,8,2,2,2.0,18.0,0.0,8.0
1857,main_green,main_green,49,107.0,9.363008179679971,10,2,2,2.0,18.0,0.0,8.0
1858,main_green,main_green,48,116.0,9.410427449395918,9,2,2,2.0,18.0,0.0,8.0
1859,main_green,main_green,48,126.0,9.541868828012166,10,2,2,-2.0,6.0,9.0,19.0
1860,main_green,main_green,53,136.0,8.68502381433251,15,2,2,-2.0,6.0,9.0,19.0
1861,main_green,main_green,53,146.0,8.917159332788257,10,2,2,-2.0,6.0,9.0,19.0
1862,main_green,main_green,54,156.0,8.982366768549689,11,2,2,-2.0,6.0,9.0,19.0
1863,main_green,main_green,54,166.0,9.20546910963239,10,2,2,-2.0,6.0,9.0,19.0
1864,main_green,main_green,55,176.0,9.318762463983742,11,2,2,-2.0,6.0,9.0,19.0
1865,main_green,main_green,53,186.0,9.300259180666162,10,2,2,-2.0,6.0,9.0,19.0
1866,main_green,main_green,53,196.0,9.334176650731987,10,2,2,-2.0,6.0,9.0,19.0
1867,main_green,main_green,53,206.0,8.886581265311346,11,2,2,-2.0,6.0,9.0,19.0
1868,main_green,main_green,54,218.0,8.716348014695464,13,2,2,-2.0,6.0,9.0,19.0
1869,main_green,main_green,53,230.0,8.739027749094294,12,2,2,4.0,12.0,12.0,16.0
1870,main_green,main_green,53,244.0,8.789933247268378,14,2,2,4.0,12.0,12.0,16.0
1871,main_green,main_green,53,258.0,9.044101899084156,14,2,2,4.0,12.0,12.0,16.0
1872,main_green,main_green,58,272.0,8.306498918204563,19,2,2,4.0,12.0,12.0,16.0
1873,main_green,main_green,59,286.0,8.41234967434485,15,2,2,4.0,12.0,12.0,16.0
1874,main_green,main_green,59,300.0,8.46906694449577,14,2,2,4.0,12.0,12.0,16.0
1875,main_green,main_green,58,314.0,8.641916577297284,14,2,2,4.0,12.0,12.0,16.0
1876,main_green,main_green,58,328.0,8.384273233730344,15,2,2,4.0,12.0,12.0,16.0
1877,main_green,main_green,57,342.0,8.382139545769377,14,2,2,4.0,12.0,12.0,16.0
1878,main_green,main_green,57,356.0,8.164809975060615,15,2,2,4.0,12.0,12.0,16.0
1879,yellow_transition,yellow_transition,57,372.0,8.095660273163624,16,3,3,10.0,12.0,11.0,7.0
1880,yellow_transition,yellow_transition,57,390.0,7.754655174658742,19,3,3,10.0,12.0,11.0,7.0
1881,yellow_transition,yellow_transition,57,408.0,7.56352139909421,18,3,3,10.0,12.0,11.0,7.0
1882,main_green,side_green,57,250.0,7.87539527575139,14,2,0,10.0,12.0,11.0,7.0
1883,main_green,side_green,58,181.0,7.96151130908283,11,2,0,10.0,12.0,11.0,7.0
1884,main_green,side_green,63,182.0,7.681778731207676,14,2,0,10.0,12.0,11.0,7.0
1885,main_green,side_green,63,191.0,8.235384990448122,9,2,0,10.0,12.0,11.0,7.0
1886,main_green,side_green,63,201.0,8.701663442896699,10,2,0,10.0,12.0,11.0,7.0
1887,main_green,side_green,63,212.0,9.238794719917594,11,2,0,10.0,12.0,11.0,7.0
1888,main_green,side_green,65,223.0,9.243146907016392,13,2,0,10.0,12.0,11.0,7.0
1889,main_green,side_green,65,234.0,9.311407753450302,11,2,0,10.0,12.0,11.0,7.0
1890,main_green,side_green,65,245.0,9.53795039815251,11,2,0,10.0,12.0,11.0,7.0
1891,main_green,side_green,64,258.0,9.39517378218479,13,2,0,10.0,12.0,11.0,7.0
1892,yellow_transition,yellow_transition,64,272.0,9.179266810377948,15,3,1,10.0,4.0,-18.0,10.0
1893,yellow_transition,yellow_transition,63,286.0,8.86975125648528,15,3,1,10.0,4.0,-18.0,10.0
1894,yellow_transition,yellow_transition,63,301.0,8.869586067883988,15,3,1,10.0,4.0,-18.0,10.0
1895,side_green,main_green,61,101.0,8.808566265367938,7,0,2,10.0,4.0,-18.0,10.0
1896,side_green,main_green,65,11.0,8.095758309908371,7,0,2,10.0,4.0,-18.0,10.0
1897,side_green,main_green,64,2.0,8.594171474390087,2,0,2,10.0,4.0,-18.0,10.0
1898,side_green,main_green,65,4.0,9.121944746262551,3,0,2,10.0,4.0,-18.0,10.0
1899,side_green,main_green,64,6.0,9.74379503066391,2,0,2,10.0,4.0,-18.0,10.0
1900,side_green,main_green,64,8.0,10.073818621048616,3,0,2,10.0,4.0,-18.0,10.0
1901,side_green,main_green,61,10.0,10.480084791723145,2,0,2,10.0,4.0,-18.0,10.0
1902,side_green,main_green,58,13.0,10.694961741140252,3,0,2,10.0,4.0,-18.0,10.0
1903,side_green,main_green,57,16.0,10.602492032508941,4,0,2,10.0,4.0,-18.0,10.0
1904,side_green,main_green,56,22.0,10.42315715037885,7,0,2,10.0,4.0,-18.0,10.0
1905,yellow_transition,yellow_transition,53,28.0,10.257531640343895,6,1,3,-13.0,17.0,-9.0,-1.0
1906,yellow_transition,yellow_transition,53,35.0,10.210256036437302,7,1,3,-13.0,17.0,-9.0,-1.0
1907,yellow_transition,yellow_transition,51,43.0,9.973658938832786,8,1,3,-13.0,17.0,-9.0,-1.0
1908,main_green,main_green,56,16.0,9.296650771741009,10,2,2,-13.0,17.0,-9.0,-1.0
1909,main_green,main_green,57,10.0,9.597187542975004,3,2,2,-13.0,17.0,-9.0,-1.0
1910,main_green,main_green,56,12.0,9.98594031365822,2,2,2,-13.0,17.0,-9.0,-1.0
1911,main_green,main_green,56,14.0,10.40012645493925,2,2,2,-13.0,17.0,-9.0,-1.0
1912,main_green,main_green,57,16.0,10.535401637362094,3,2,2,-13.0,17.0,-9.0,-1.0
1913,main_green,main_green,57,18.0,10.9519836353742,2,2,2,-13.0,17.0,-9.0,-1.0
1914,main_green,main_green,55,20.0,10.887022142514189,3,2,2,-13.0,17.0,-9.0,-1.0
1915,main_green,main_green,53,22.0,10.917620246106335,2,2,2,-13.0,17.0,-9.0,-1.0
1916,main_green,main_green,53,24.0,10.639449064879047,3,2,2,-13.0,17.0,-9.0,-1.0
1917,main_green,main_green,50,28.0,10.667367404490173,4,2,2,-13.0,17.0,-9.0,-1.0
1918,main_green,main_green,49,33.0,10.642353312805994,5,2,2,-4.0,16.0,-4.0,6.0
1919,main_green,main_green,48,39.0,10.548121947347745,7,2,2,-4.0,16.0,-4.0,6.0
1920,main_green,main_green,53,45.0,9.493662477444381,11,2,2,-4.0,16.0,-4.0,6.0
1921,main_green,main_green,51,51.0,9.779734587426736,6,2,2,-4.0,16.0,-4.0,6.0
1922,main_green,main_green,51,57.0,10.08590523332628,6,2,2,-4.0,16.0,-4.0,6.0
1923,main_green,main_green,50,63.0,10.268277788599043,6,2,2,-4.0,16.0,-4.0,6.0
1924,main_green,main_green,52,69.0,9.838187774428157,8,2,2,-4.0,16.0,-4.0,6.0
1925,main_green,main_green,52,75.0,9.83126543653053,6,2,2,-4.0,16.0,-4.0,6.0
1926,main_green,main_green,51,81.0,9.764178638141582,6,2,2,-4.0,16.0,-4.0,6.0
1927,main_green,main_green,50,88.0,9.749813177532845,7,2,2,-4.0,16.0,-4.0,6.0
1928,main_green,main_green,50,97.0,9.521902099876215,10,2,2,-2.0,8.0,7.0,17.0
1929,main_green,main_green,50,107.0,9.362817684523105,11,2,2,-2.0,8.0,7.0,17.0
1930,main_green,main_green,50,117.0,9.512914192849554,10,2,2,-2.0,8.0,7.0,17.0
1931,main_green,main_green,50,127.0,9.679924864980261,10,2,2,-2.0,8.0,7.0,17.0
1932,main_green,main_green,54,137.0,8.646548351523462,15,2,2,-2.0,8.0,7.0,17.0
1933,main_green,main_green,54,147.0,8.867338864711165,10,2,2,-2.0,8.0,7.0,17.0
1934,main_green,main_green,54,157.0,8.963247296167966,11,2,2,-2.0,8.0,7.0,17.0
1935,main_green,main_green,52,167.0,8.946217459083469,10,2,2,-2.0,8.0,7.0,17.0
1936,main_green,main_green,53,177.0,8.872165867860808,11,2,2,-2.0,8.0,7.0,17.0
1937,main_green,main_green,53,187.0,8.959677681083942,10,2,2,-2.0,8.0,7.0,17.0
1938,main_green,main_green,53,197.0,9.049288716343668,10,2,2,3.0,11.0,12.0,16.0
1939,main_green,main_green,54,209.0,8.855886125914004,13,2,2,3.0,11.0,12.0,16.0
1940,main_green,main_green,55,222.0,8.813481543602016,14,2,2,3.0,11.0,12.0,16.0
1941,main_green,main_green,55,235.0,8.831170642136938,13,2,2,3.0,11.0,12.0,16.0
1942,main_green,main_green,55,248.0,8.967001127295303,13,2,2,3.0,11.0,12.0,16.0
1943,main_green,main_green,55,262.0,9.0744315718835,14,2,2,3.0,11.0,12.0,16.0
1944,main_green,main_green,60,276.0,8.335189623558094,19,2,2,3.0,11.0,12.0,16.0
1945,main_green,main_green,60,290.0,8.293260181606298,15,2,2,3.0,11.0,12.0,16.0
1946,main_green,main_green,60,304.0,8.575273583304245,14,2,2,3.0,11.0,12.0,16.0
1947,main_green,main_green,59,318.0,8.646120484998603,14,2,2,3.0,11.0,12.0,16.0
1948,yellow_transition,yellow_transition,59,332.0,8.412388326562475,15,3,3,7.0,5.0,13.0,11.0
1949,yellow_transition,yellow_transition,58,346.0,8.433672701492094,14,3,3,7.0,5.0,13.0,11.0
1950,yellow_transition,yellow_transition,58,360.0,8.033600490862405,15,3,3,7.0,5.0,13.0,11.0
1951,side_green,side_green,58,97.0,8.179290430275238,7,0,0,7.0,5.0,13.0,11.0
1952,side_green,side_green,59,2.0,8.225597778701061,2,0,0,7.0,5.0,13.0,11.0
1953,side_green,side_green,59,0.0,8.523229450144223,0,0,0,7.0,5.0,13.0,11.0
1954,side_green,side_green,59,3.0,9.03546826841006,3,0,0,7.0,5.0,13.0,11.0
1955,side_green,side_green,60,6.0,9.218490268728972,4,0,0,7.0,5.0,13.0,11.0
1956,side_green,side_green,64,11.0,8.852511004240652,10,0,0,7.0,5.0,13.0,11.0
1957,side_green,side_green,64,17.0,9.286432520385079,6,0,0,7.0,5.0,13.0,11.0
1958,side_green,side_green,62,25.0,9.58406194449095,8,0,0,7.0,5.0,13.0,11.0
1959,side_green,side_green,62,34.0,9.766571580653055,9,0,0,7.0,5.0,13.0,11.0
1960,side_green,side_green,63,43.0,9.386757479873443,11,0,0,7.0,5.0,13.0,11.0
1961,yellow_transition,yellow_transition,62,53.0,9.515329004641162,10,1,1,-10.0,10.0,-11.0,9.0
1962,yellow_transition,yellow_transition,61,64.0,9.244628394987132,11,1,1,-10.0,10.0,-11.0,9.0
1963,yellow_transition,yellow_transition,61,76.0,9.030181669759303,12,1,1,-10.0,10.0,-11.0,9.0
1964,main_green,main_green,61,17.0,8.86580321715165,6,2,2,-10.0,10.0,-11.0,9.0
1965,main_green,main_green,62,1.0,9.015287827279337,2,2,2,-10.0,10.0,-11.0,9.0
1966,main_green,main_green,61,3.0,9.429511495733166,2,2,2,-10.0,10.0,-11.0,9.0
1967,main_green,main_green,60,5.0,9.9790399561808,2,2,2,-10.0,10.0,-11.0,9.0
1968,main_green,main_green,64,7.0,9.731658412164329,7,2,2,-10.0,10.0,-11.0,9.0
1969,main_green,main_green,62,9.0,10.276552169189678,2,2,2,-10.0,10.0,-11.0,9.0
1970,main_green,main_green,57,11.0,10.494891523972008,3,2,2,-10.0,10.0,-11.0,9.0
1971,main_green,main_green,54,13.0,10.916394006772201,2,2,2,-10.0,10.0,-11.0,9.0
1972,main_green,main_green,50,15.0,10.770491279708772,3,2,2,-10.0,10.0,-11.0,9.0
1973,main_green,main_green,48,17.0,10.978539679273318,2,2,2,-10.0,10.0,-11.0,9.0
1974,main_green,main_green,46,19.0,10.720163621097083,2,2,2,2.0,16.0,-7.0,7.0
1975,main_green,main_green,46,21.0,10.629837235273413,3,2,2,2.0,16.0,-7.0,7.0
1976,main_green,main_green,47,25.0,10.352485919843236,5,2,2,2.0,16.0,-7.0,7.0
1977,main_green,main_green,45,31.0,10.437039756646595,6,2,2,2.0,16.0,-7.0,7.0
1978,main_green,main_green,45,37.0,10.478317159240481,6,2,2,2.0,16.0,-7.0,7.0
1979,main_green,main_green,45,43.0,10.520320422621943,6,2,2,2.0,16.0,-7.0,7.0
1980,main_green,main_green,50,49.0,9.523742183493209,11,2,2,2.0,16.0,-7.0,7.0
1981,main_green,main_green,51,55.0,9.620633145388014,7,2,2,2.0,16.0,-7.0,7.0
1982,main_green,main_green,51,61.0,9.854400722392642,6,2,2,2.0,16.0,-7.0,7.0
1983,main_green,main_green,51,67.0,10.168422632885209,6,2,2,2.0,16.0,-7.0,7.0
1984,main_green,main_green,52,73.0,10.073016357629083,7,2,2,4.0,12.0,0.0,14.0
1985,main_green,main_green,52,79.0,9.93791849583541,6,2,2,4.0,12.0,0.0,14.0
1986,main_green,main_green,53,85.0,9.743786350947163,7,2,2,4.0,12.0,0.0,14.0
1987,main_green,main_green,53,94.0,9.783961410433337,9,2,2,4.0,12.0,0.0,14.0
1988,main_green,main_green,54,104.0,9.715979568709384,11,2,2,4.0,12.0,0.0,14.0
1989,main_green,main_green,54,114.0,9.869072532708314,10,2,2,4.0,12.0,0.0,14.0
1990,main_green,main_green,52,124.0,9.827952889118968,10,2,2,4.0,12.0,0.0,14.0
1991,main_green,main_green,52,134.0,9.754395095807132,11,2,2,4.0,12.0,0.0,14.0
1992,main_green,main_green,54,144.0,8.732035781563699,15,2,2,4.0,12.0,0.0,14.0
1993,main_green,main_green,53,154.0,8.941981316561712,10,2,2,4.0,12.0,0.0,14.0
1994,main_green,main_green,53,164.0,9.225290120125747,10,2,2,9.0,15.0,6.0,16.0
1995,main_green,main_green,53,174.0,9.26058360836661,10,2,2,9.0,15.0,6.0,16.0
1996,main_green,main_green,55,184.0,9.01257479334671,12,2,2,9.0,15.0,6.0,16.0
1997,main_green,main_green,54,194.0,8.895854146975504,10,2,2,9.0,15.0,6.0,16.0
1998,main_green,main_green,53,204.0,8.888433274331039,10,2,2,9.0,15.0,6.0,16.0
1999,main_green,main_green,53,214.0,8.934885403456887,10,2,2,9.0,15.0,6.0,16.0
2000,main_green,main_green,54,228.0,8.895469616623323,15,2,2,9.0,15.0,6.0,16.0
2001,main_green,main_green,55,242.0,8.762625727353607,15,2,2,9.0,15.0,6.0,16.0
2002,main_green,main_green,55,256.0,8.99386033663142,14,2,2,9.0,15.0,6.0,16.0
2003,main_green,main_green,55,270.0,9.062766808884279,14,2,2,9.0,15.0,6.0,16.0
2004,main_green,main_green,60,284.0,8.354036546586117,19,2,2,8.0,12.0,2.0,8.0
2005,main_green,main_green,59,298.0,8.537722665484369,14,2,2,8.0,12.0,2.0,8.0
2006,main_green,main_green,60,312.0,8.612723074531983,15,2,2,8.0,12.0,2.0,8.0
2007,main_green,main_green,60,326.0,8.802241954894681,14,2,2,8.0,12.0,2.0,8.0
2008,main_green,main_green,61,340.0,8.697470023616075,15,2,2,8.0,12.0,2.0,8.0
2009,main_green,main_green,61,354.0,8.818283525311653,14,2,2,8.0,12.0,2.0,8.0
2010,main_green,main_green,61,368.0,8.939426948597962,14,2,2,8.0,12.0,2.0,8.0
2011,main_green,main_green,62,382.0,8.66284116158277,15,2,2,8.0,12.0,2.0,8.0
2012,main_green,main_green,62,399.0,8.593614360761041,18,2,2,8.0,12.0,2.0,8.0
2013,main_green,main_green,61,417.0,8.522907283641999,18,2,2,8.0,12.0,2.0,8.0
2014,yellow_transition,yellow_transition,60,435.0,8.543330690022168,18,3,3,12.0,8.0,7.0,7.0
2015,yellow_transition,yellow_transition,60,453.0,8.539446146383174,18,3,3,12.0,8.0,7.0,7.0
2016,yellow_transition,yellow_transition,64,471.0,7.720677804357016,23,3,3,12.0,8.0,7.0,7.0
2017,side_green,main_green,65,300.0,7.913728655797064,15,0,2,12.0,8.0,7.0,7.0
2018,side_green,main_green,64,212.0,8.19435200808769,10,0,2,12.0,8.0,7.0,7.0
2019,side_green,main_green,63,208.0,8.581716316477664,9,0,2,12.0,8.0,7.0,7.0
2020,side_green,main_green,63,217.0,8.641573490680054,10,0,2,12.0,8.0,7.0,7.0
2021,side_green,main_green,62,226.0,8.898071712925573,9,0,2,12.0,8.0,7.0,7.0
2022,side_green,main_green,61,236.0,9.040270650842887,11,0,2,12.0,8.0,7.0,7.0
2023,side_green,main_green,61,247.0,9.149719893339709,11,0,2,12.0,8.0,7.0,7.0
2024,side_green,main_green,61,259.0,9.078732652918934,13,0,2,12.0,8.0,7.0,7.0
2025,side_green,main_green,61,272.0,9.259659067943067,13,0,2,12.0,8.0,7.0,7.0
2026,side_green,main_green,61,286.0,9.292997107106023,14,0,2,12.0,8.0,7.0,7.0
2027,yellow_transition,yellow_transition,62,300.0,9.023076766624671,15,1,3,-16.0,10.0,11.0,5.0
2028,yellow_transition,yellow_transition,65,315.0,8.211403241016484,20,1,3,-16.0,10.0,11.0,5.0
2029,yellow_transition,yellow_transition,65,330.0,8.244632116352971,15,1,3,-16.0,10.0,11.0,5.0
2030,main_green,side_green,64,119.0,8.387178640719553,9,2,0,-16.0,10.0,11.0,5.0
2031,main_green,side_green,62,19.0,8.480685796409022,4,2,0,-16.0,10.0,11.0,5.0
2032,main_green,side_green,64,5.0,8.764829589134143,4,2,0,-16.0,10.0,11.0,5.0
2033,main_green,side_green,63,7.0,9.086136401076846,2,2,0,-16.0,10.0,11.0,5.0
2034,main_green,side_green,63,10.0,9.803220596834405,3,2,0,-16.0,10.0,11.0,5.0
2035,main_green,side_green,61,14.0,10.118514202521474,4,2,0,-16.0,10.0,11.0,5.0
2036,main_green,side_green,58,18.0,10.214699557628013,5,2,0,-16.0,10.0,11.0,5.0
2037,main_green,side_green,56,24.0,10.334661771195519,7,2,0,-16.0,10.0,11.0,5.0
2038,main_green,side_green,55,31.0,10.509710211223153,7,2,0,-16.0,10.0,11.0,5.0
2039,main_green,side_green,52,39.0,10.52610462131946,8,2,0,-16.0,10.0,11.0,5.0
2040,yellow_transition,yellow_transition,56,47.0,9.610874345245563,13,3,1,-8.0,2.0,-13.0,17.0
2041,yellow_transition,yellow_transition,55,55.0,9.793548442564264,8,3,1,-8.0,2.0,-13.0,17.0
2042,yellow_transition,yellow_transition,56,63.0,9.831214818639314,9,3,1,-8.0,2.0,-13.0,17.0
2043,main_green,main_green,56,29.0,10.198435922381051,4,2,2,-8.0,2.0,-13.0,17.0
2044,main_green,main_green,57,16.0,10.363871299871755,3,2,2,-8.0,2.0,-13.0,17.0
2045,main_green,main_green,56,18.0,10.610567834983483,2,2,2,-8.0,2.0,-13.0,17.0
2046,main_green,main_green,56,20.0,10.689726345860942,2,2,2,-8.0,2.0,-13.0,17.0
2047,main_green,main_green,57,22.0,10.727079993475142,3,2,2,-8.0,2.0,-13.0,17.0
2048,main_green,main_green,54,26.0,10.628262589984468,5,2,2,-8.0,2.0,-13.0,17.0
2049,main_green,main_green,54,31.0,10.929273399395756,5,2,2,-8.0,2.0,-13.0,17.0
2050,main_green,main_green,50,37.0,10.917180673615483,6,2,2,-8.0,2.0,-13.0,17.0
2051,main_green,main_green,50,43.0,11.000339735030797,6,2,2,-8.0,2.0,-13.0,17.0
2052,main_green,main_green,52,49.0,9.84583175624938,11,2,2,-8.0,2.0,-13.0,17.0
2053,main_green,main_green,51,55.0,9.869757805239948,7,2,2,0.0,6.0,2.0,16.0
2054,main_green,main_green,51,61.0,10.149178314300192,6,2,2,0.0,6.0,2.0,16.0
2055,main_green,main_green,51,67.0,10.387182594533769,6,2,2,0.0,6.0,2.0,16.0
2056,main_green,main_green,50,73.0,10.126440632638403,7,2,2,0.0,6.0,2.0,16.0
2057,main_green,main_green,50,79.0,10.223118862064368,6,2,2,0.0,6.0,2.0,16.0
2058,main_green,main_green,49,85.0,9.802975037160003,7,2,2,0.0,6.0,2.0,16.0
2059,main_green,main_green,49,91.0,9.914621147254671,6,2,2,0.0,6.0,2.0,16.0
2060,main_green,main_green,50,97.0,9.82780222617435,7,2,2,0.0,6.0,2.0,16.0
2061,main_green,main_green,50,105.0,9.906815934794263,8,2,2,0.0,6.0,2.0,16.0
2062,main_green,main_green,50,115.0,10.026652840924708,10,2,2,0.0,6.0,2.0,16.0
2063,main_green,main_green,51,125.0,9.946961747346766,11,2,2,8.0,16.0,-3.0,3.0
2064,main_green,main_green,55,135.0,9.04915791673531,15,2,2,8.0,16.0,-3.0,3.0
2065,main_green,main_green,55,145.0,9.312148266940941,10,2,2,8.0,16.0,-3.0,3.0
2066,main_green,main_green,55,155.0,9.554531918053016,10,2,2,8.0,16.0,-3.0,3.0
2067,main_green,main_green,54,165.0,9.563875125067048,10,2,2,8.0,16.0,-3.0,3.0
2068,main_green,main_green,56,175.0,9.30487183667793,12,2,2,8.0,16.0,-3.0,3.0
2069,main_green,main_green,55,185.0,9.216598190210737,10,2,2,8.0,16.0,-3.0,3.0
2070,main_green,main_green,55,195.0,9.260358117940012,10,2,2,8.0,16.0,-3.0,3.0
2071,main_green,main_green,54,206.0,9.19369088613625,11,2,2,8.0,16.0,-3.0,3.0
2072,main_green,main_green,55,218.0,9.061301529030297,13,2,2,8.0,16.0,-3.0,3.0
2073,main_green,main_green,54,232.0,8.873846125952875,15,2,2,11.0,15.0,1.0,3.0
2074,main_green,main_green,54,246.0,8.994839464899693,14,2,2,11.0,15.0,1.0,3.0
2075,main_green,main_green,53,260.0,9.041337659611154,14,2,2,11.0,15.0,1.0,3.0
2076,main_green,main_green,58,274.0,8.393291692213937,19,2,2,11.0,15.0,1.0,3.0
2077,main_green,main_green,58,288.0,8.645231687323912,14,2,2,11.0,15.0,1.0,3.0
2078,main_green,main_green,58,302.0,8.6632984738734,15,2,2,11.0,15.0,1.0,3.0
2079,main_green,main_green,57,316.0,8.676178454070017,14,2,2,11.0,15.0,1.0,3.0
2080,main_green,main_green,58,330.0,8.64524152007946,15,2,2,11.0,15.0,1.0,3.0
2081,main_green,main_green,56,344.0,8.55048667485902,14,2,2,11.0,15.0,1.0,3.0
2082,main_green,main_green,56,359.0,8.47641769597637,15,2,2,11.0,15.0,1.0,3.0
2083,yellow_transition,yellow_transition,57,375.0,8.265383880683949,17,3,3,12.0,8.0,10.0,12.0
2084,yellow_transition,yellow_transition,57,391.0,7.923812338190048,17,3,3,12.0,8.0,10.0,12.0
2085,yellow_transition,yellow_transition,57,409.0,7.847799565483213,18,3,3,12.0,8.0,10.0,12.0
2086,side_green,main_green,56,250.0,7.974737165868924,14,0,2,12.0,8.0,10.0,12.0
2087,side_green,main_green,55,181.0,8.101348284899046,11,0,2,12.0,8.0,10.0,12.0
2088,side_green,main_green,60,181.0,7.749673575627373,14,0,2,12.0,8.0,10.0,12.0
2089,side_green,main_green,61,190.0,7.9798974655963155,10,0,2,12.0,8.0,10.0,12.0
2090,side_green,main_green,61,200.0,8.494544924642918,10,0,2,12.0,8.0,10.0,12.0
2091,side_green,main_green,60,210.0,8.839405954391479,10,0,2,12.0,8.0,10.0,12.0
2092,side_green,main_green,60,222.0,8.879113091022449,13,0,2,12.0,8.0,10.0,12.0
2093,side_green,main_green,60,234.0,9.108671235045383,12,0,2,12.0,8.0,10.0,12.0
2094,side_green,main_green,59,246.0,8.861310657638715,13,0,2,12.0,8.0,10.0,12.0
2095,side_green,main_green,58,259.0,8.964432560822186,13,0,2,12.0,8.0,10.0,12.0
2096,yellow_transition,yellow_transition,59,274.0,8.859697990202562,16,1,3,-11.0,15.0,12.0,4.0
2097,yellow_transition,yellow_transition,59,290.0,8.679296308292262,16,1,3,-11.0,15.0,12.0,4.0
2098,yellow_transition,yellow_transition,58,306.0,8.563617819605314,16,1,3,-11.0,15.0,12.0,4.0
2099,main_green,side_green,59,104.0,8.760185954882777,9,2,0,-11.0,15.0,12.0,4.0
2100,main_green,side_green,63,11.0,8.113972816091891,8,2,0,-11.0,15.0,12.0,4.0
2101,main_green,side_green,63,3.0,8.690929101893882,2,2,0,-11.0,15.0,12.0,4.0
2102,main_green,side_green,63,5.0,9.239366554159053,2,2,0,-11.0,15.0,12.0,4.0
2103,main_green,side_green,61,8.0,9.693713946140567,3,2,0,-11.0,15.0,12.0,4.0
2104,main_green,side_green,61,11.0,9.71168473427976,5,2,0,-11.0,15.0,12.0,4.0
2105,main_green,side_green,60,15.0,10.067147281770152,4,2,0,-11.0,15.0,12.0,4.0
2106,main_green,side_green,59,20.0,10.40510449713531,5,2,0,-11.0,15.0,12.0,4.0
2107,main_green,side_green,56,26.0,10.438417787136776,6,2,0,-11.0,15.0,12.0,4.0
2108,main_green,side_green,56,33.0,10.184175678545051,8,2,0,-11.0,15.0,12.0,4.0
2109,yellow_transition,yellow_transition,54,40.0,9.831731123481413,8,3,1,-7.0,1.0,-14.0,14.0
2110,yellow_transition,yellow_transition,53,49.0,9.765416134802456,9,3,1,-7.0,1.0,-14.0,14.0
2111,yellow_transition,yellow_transition,52,59.0,9.777605282416763,10,3,1,-7.0,1.0,-14.0,14.0
2112,main_green,main_green,57,30.0,9.031889338007515,10,2,2,-7.0,1.0,-14.0,14.0
2113,main_green,main_green,57,24.0,9.606071980378683,3,2,2,-7.0,1.0,-14.0,14.0
2114,main_green,main_green,58,27.0,9.74375804831966,4,2,2,-7.0,1.0,-14.0,14.0
2115,main_green,main_green,57,30.0,10.130950323784868,3,2,2,-7.0,1.0,-14.0,14.0
2116,main_green,main_green,58,33.0,10.38261649547123,4,2,2,-7.0,1.0,-14.0,14.0
2117,main_green,main_green,58,36.0,10.721666512576729,3,2,2,-7.0,1.0,-14.0,14.0
2118,main_green,main_green,55,39.0,10.899419233341733,3,2,2,-7.0,1.0,-14.0,14.0
2119,main_green,main_green,54,42.0,10.802798530504461,4,2,2,-7.0,1.0,-14.0,14.0
2120,main_green,main_green,53,47.0,10.640285176547394,6,2,2,-7.0,1.0,-14.0,14.0
2121,main_green,main_green,52,52.0,10.587725791311499,5,2,2,-7.0,1.0,-14.0,14.0
2122,main_green,main_green,50,58.0,10.61935406191793,6,2,2,-1.0,9.0,-5.0,13.0
2123,main_green,main_green,48,64.0,10.593387784636711,6,2,2,-1.0,9.0,-5.0,13.0
2124,main_green,main_green,52,71.0,9.641484241948778,12,2,2,-1.0,9.0,-5.0,13.0
2125,main_green,main_green,52,78.0,9.669745983541414,8,2,2,-1.0,9.0,-5.0,13.0
2126,main_green,main_green,51,85.0,9.953814379015922,7,2,2,-1.0,9.0,-5.0,13.0
2127,main_green,main_green,50,92.0,10.0063524409207,7,2,2,-1.0,9.0,-5.0,13.0
2128,main_green,main_green,50,99.0,9.85277807528793,8,2,2,-1.0,9.0,-5.0,13.0
2129,main_green,main_green,49,106.0,9.960279665566283,7,2,2,-1.0,9.0,-5.0,13.0
2130,main_green,main_green,50,113.0,9.648157902379188,8,2,2,-1.0,9.0,-5.0,13.0
2131,main_green,main_green,50,120.0,9.569711225246913,7,2,2,-1.0,9.0,-5.0,13.0
2132,main_green,main_green,51,128.0,9.371295109901776,9,2,2,9.0,15.0,-1.0,11.0
2133,main_green,main_green,51,138.0,9.424992412306727,10,2,2,9.0,15.0,-1.0,11.0
2134,main_green,main_green,51,149.0,9.519860499275177,11,2,2,9.0,15.0,-1.0,11.0
2135,main_green,main_green,52,160.0,9.536779469248295,12,2,2,9.0,15.0,-1.0,11.0
2136,main_green,main_green,57,171.0,8.756118697846622,16,2,2,9.0,15.0,-1.0,11.0
2137,main_green,main_green,57,182.0,9.003762701092173,11,2,2,9.0,15.0,-1.0,11.0
2138,main_green,main_green,54,193.0,9.011054963546393,11,2,2,9.0,15.0,-1.0,11.0
2139,main_green,main_green,54,204.0,9.209586905142531,11,2,2,9.0,15.0,-1.0,11.0
2140,main_green,main_green,55,215.0,8.845770775826264,13,2,2,9.0,15.0,-1.0,11.0
2141,main_green,main_green,55,226.0,8.920353708672506,11,2,2,9.0,15.0,-1.0,11.0
2142,yellow_transition,yellow_transition,55,237.0,8.93256511590724,11,3,3,11.0,9.0,4.0,12.0
2143,yellow_transition,yellow_transition,55,249.0,8.925538785145683,12,3,3,11.0,9.0,4.0,12.0
2144,yellow_transition,yellow_transition,56,262.0,8.654231253879686,14,3,3,11.0,9.0,4.0,12.0
2145,side_green,main_green,56,130.0,8.736594708986233,11,0,2,11.0,9.0,4.0,12.0
2146,side_green,main_green,56,84.0,9.026653807227845,7,0,2,11.0,9.0,4.0,12.0
2147,side_green,main_green,56,86.0,9.251501986299155,6,0,2,11.0,9.0,4.0,12.0
2148,side_green,main_green,60,92.0,8.668360339950333,11,0,2,11.0,9.0,4.0,12.0
2149,side_green,main_green,59,100.0,9.202798397244244,8,0,2,11.0,9.0,4.0,12.0
2150,side_green,main_green,59,108.0,9.377965279677788,9,0,2,11.0,9.0,4.0,12.0
2151,side_green,main_green,58,116.0,9.611202543761578,8,0,2,11.0,9.0,4.0,12.0
2152,side_green,main_green,59,124.0,9.575695263505008,9,0,2,11.0,9.0,4.0,12.0
2153,side_green,main_green,59,132.0,9.641987250164563,8,0,2,11.0,9.0,4.0,12.0
2154,side_green,main_green,59,140.0,9.644773336924636,8,0,2,11.0,9.0,4.0,12.0
2155,yellow_transition,yellow_transition,60,150.0,9.479999592016096,11,1,3,-13.0,13.0,6.0,2.0
2156,yellow_transition,yellow_transition,60,162.0,9.1854049678536,13,1,3,-13.0,13.0,6.0,2.0
2157,yellow_transition,yellow_transition,60,174.0,9.129360767550072,12,1,3,-13.0,13.0,6.0,2.0
2158,main_green,side_green,60,38.0,9.213913950992001,5,2,0,-13.0,13.0,6.0,2.0
2159,main_green,side_green,60,0.0,9.584100802876142,0,2,0,-13.0,13.0,6.0,2.0
2160,main_green,side_green,64,2.0,9.182055705171106,7,2,0,-13.0,13.0,6.0,2.0
2161,main_green,side_green,62,4.0,9.304062555350304,3,2,0,-13.0,13.0,6.0,2.0
2162,main_green,side_green,60,6.0,9.653592938434569,2,2,0,-13.0,13.0,6.0,2.0
2163,main_green,side_green,59,10.0,9.988934021436133,4,2,0,-13.0,13.0,6.0,2.0
2164,main_green,side_green,58,14.0,10.076904812826571,5,2,0,-13.0,13.0,6.0,2.0
2165,main_green,side_green,57,18.0,10.321514736150952,4,2,0,-13.0,13.0,6.0,2.0
2166,main_green,side_green,55,23.0,10.075471851566201,6,2,0,-13.0,13.0,6.0,2.0
2167,main_green,side_green,55,28.0,10.264831912989928,5,2,0,-13.0,13.0,6.0,2.0
2168,yellow_transition,yellow_transition,55,34.0,9.962591097667072,7,3,1,-10.0,-2.0,-13.0,17.0
2169,yellow_transition,yellow_transition,54,42.0,9.853203858799745,8,3,1,-10.0,-2.0,-13.0,17.0
2170,yellow_transition,yellow_transition,53,50.0,9.786869666047735,8,3,1,-10.0,-2.0,-13.0,17.0
2171,main_green,main_green,52,16.0,9.64038551073156,5,2,2,-10.0,-2.0,-13.0,17.0
2172,main_green,main_green,56,8.0,9.13604531229891,7,2,2,-10.0,-2.0,-13.0,17.0
2173,main_green,main_green,56,10.0,9.759764535540585,2,2,2,-10.0,-2.0,-13.0,17.0
2174,main_green,main_green,55,12.0,10.17600771633724,2,2,2,-10.0,-2.0,-13.0,17.0
2175,main_green,main_green,55,14.0,10.57539550497868,2,2,2,-10.0,-2.0,-13.0,17.0
2176,main_green,main_green,53,16.0,10.559838616128818,4,2,2,-10.0,-2.0,-13.0,17.0
2177,main_green,main_green,53,18.0,10.858727965636126,2,2,2,-10.0,-2.0,-13.0,17.0
2178,main_green,main_green,50,20.0,10.818264047716275,2,2,2,-10.0,-2.0,-13.0,17.0
2179,main_green,main_green,48,23.0,10.74084867528767,3,2,2,-10.0,-2.0,-13.0,17.0
2180,main_green,main_green,48,27.0,10.3651042879532,5,2,2,-10.0,-2.0,-13.0,17.0
2181,main_green,main_green,48,32.0,10.181359837468241,6,2,2,-3.0,9.0,-3.0,15.0
2182,main_green,main_green,46,37.0,10.30103324432582,5,2,2,-3.0,9.0,-3.0,15.0
2183,main_green,main_green,46,43.0,10.426588210357975,6,2,2,-3.0,9.0,-3.0,15.0
2184,main_green,main_green,50,49.0,9.495942364927883,11,2,2,-3.0,9.0,-3.0,15.0
2185,main_green,main_green,49,55.0,9.683195480860766,6,2,2,-3.0,9.0,-3.0,15.0
2186,main_green,main_green,49,61.0,9.66402056951925,7,2,2,-3.0,9.0,-3.0,15.0
2187,main_green,main_green,49,67.0,9.930144277262334,6,2,2,-3.0,9.0,-3.0,15.0
2188,main_green,main_green,50,73.0,9.753255672978582,7,2,2,-3.0,9.0,-3.0,15.0
2189,main_green,main_green,50,79.0,9.907762663040705,6,2,2,-3.0,9.0,-3.0,15.0
2190,main_green,main_green,50,85.0,9.950175078585936,6,2,2,-3.0,9.0,-3.0,15.0
2191,main_green,main_green,51,91.0,9.667376569157405,7,2,2,8.0,18.0,-2.0,6.0
2192,main_green,main_green,51,98.0,9.497866803213121,8,2,2,8.0,18.0,-2.0,6.0
2193,main_green,main_green,51,105.0,9.462622145708243,7,2,2,8.0,18.0,-2.0,6.0
2194,main_green,main_green,51,115.0,9.574284210876963,10,2,2,8.0,18.0,-2.0,6.0
2195,main_green,main_green,51,125.0,9.718708495173297,10,2,2,8.0,18.0,-2.0,6.0
2196,main_green,main_green,56,135.0,8.94398305135829,15,2,2,8.0,18.0,-2.0,6.0
2197,main_green,main_green,55,145.0,8.942366119943522,11,2,2,8.0,18.0,-2.0,6.0
2198,main_green,main_green,54,155.0,9.142534511656772,10,2,2,8.0,18.0,-2.0,6.0
2199,main_green,main_green,53,165.0,9.170313785238605,10,2,2,8.0,18.0,-2.0,6.0
2200,main_green,main_green,54,175.0,9.207671473083604,11,2,2,8.0,18.0,-2.0,6.0
2201,main_green,main_green,54,185.0,9.439432062572283,10,2,2,11.0,15.0,3.0,9.0
2202,main_green,main_green,55,195.0,9.416667163465672,11,2,2,11.0,15.0,3.0,9.0
2203,main_green,main_green,55,205.0,9.486165846983033,10,2,2,11.0,15.0,3.0,9.0
2204,main_green,main_green,55,216.0,9.050487599278041,12,2,2,11.0,15.0,3.0,9.0
2205,main_green,main_green,55,228.0,9.05431492521439,12,2,2,11.0,15.0,3.0,9.0
2206,main_green,main_green,55,240.0,9.050706216751056,12,2,2,11.0,15.0,3.0,9.0
2207,main_green,main_green,56,254.0,9.00886412286568,15,2,2,11.0,15.0,3.0,9.0
2208,main_green,main_green,61,268.0,8.356604428293794,19,2,2,11.0,15.0,3.0,9.0
2209,main_green,main_green,61,282.0,8.673630031944485,14,2,2,11.0,15.0,3.0,9.0
2210,main_green,main_green,61,296.0,8.796518211782335,14,2,2,11.0,15.0,3.0,9.0
2211,yellow_transition,yellow_transition,61,310.0,8.845293046877766,14,3,3,10.0,6.0,6.0,10.0
2212,yellow_transition,yellow_transition,61,324.0,8.271418932749146,16,3,3,10.0,6.0,6.0,10.0
2213,yellow_transition,yellow_transition,60,338.0,8.119432736455726,14,3,3,10.0,6.0,6.0,10.0
2214,side_green,main_green,59,190.0,8.147217469403556,10,0,2,10.0,6.0,6.0,10.0
2215,side_green,main_green,58,134.0,8.344922911100703,7,0,2,10.0,6.0,6.0,10.0
2216,side_green,main_green,58,142.0,8.50718050755001,10,0,2,10.0,6.0,6.0,10.0
2217,side_green,main_green,59,151.0,8.752592033087138,10,0,2,10.0,6.0,6.0,10.0
2218,side_green,main_green,58,160.0,9.095346271741361,9,0,2,10.0,6.0,6.0,10.0
2219,side_green,main_green,57,169.0,9.374333049767948,9,0,2,10.0,6.0,6.0,10.0
2220,side_green,main_green,62,179.0,8.92128158302574,15,0,2,10.0,6.0,6.0,10.0
2221,side_green,main_green,61,190.0,9.039287708221002,11,0,2,10.0,6.0,6.0,10.0
2222,side_green,main_green,61,201.0,9.126622412079493,12,0,2,10.0,6.0,6.0,10.0
2223,side_green,main_green,61,212.0,9.187856213056333,11,0,2,10.0,6.0,6.0,10.0
2224,yellow_transition,yellow_transition,61,224.0,8.982214845119657,13,1,3,-10.0,14.0,11.0,3.0
2225,yellow_transition,yellow_transition,61,237.0,8.989002188855858,13,1,3,-10.0,14.0,11.0,3.0
2226,yellow_transition,yellow_transition,59,250.0,8.779353507207224,13,1,3,-10.0,14.0,11.0,3.0
2227,main_green,side_green,60,74.0,8.806959009705555,8,2,0,-10.0,14.0,11.0,3.0
2228,main_green,side_green,60,3.0,8.912325058771494,3,2,0,-10.0,14.0,11.0,3.0
2229,main_green,side_green,60,3.0,9.267912015792147,2,2,0,-10.0,14.0,11.0,3.0
2230,main_green,side_green,59,6.0,9.763189256719352,3,2,0,-10.0,14.0,11.0,3.0
2231,main_green,side_green,58,9.0,10.113964013182365,3,2,0,-10.0,14.0,11.0,3.0
2232,main_green,side_green,60,13.0,9.544002200335422,9,2,0,-10.0,14.0,11.0,3.0
2233,main_green,side_green,60,17.0,9.821765586789654,5,2,0,-10.0,14.0,11.0,3.0
2234,main_green,side_green,58,21.0,10.033891884235357,4,2,0,-10.0,14.0,11.0,3.0
2235,main_green,side_green,56,27.0,10.218524131106351,6,2,0,-10.0,14.0,11.0,3.0
2236,main_green,side_green,57,33.0,10.252522649317669,7,2,0,-10.0,14.0,11.0,3.0
2237,yellow_transition,yellow_transition,55,39.0,10.11811228564591,6,3,1,-3.0,5.0,-10.0,12.0
2238,yellow_transition,yellow_transition,54,45.0,9.83231847652179,7,3,1,-3.0,5.0,-10.0,12.0
2239,yellow_transition,yellow_transition,53,51.0,9.611862529284542,6,3,1,-3.0,5.0,-10.0,12.0
2240,main_green,main_green,54,26.0,9.643419527803385,4,2,2,-3.0,5.0,-10.0,12.0
2241,main_green,main_green,54,27.0,10.022342593288617,2,2,2,-3.0,5.0,-10.0,12.0
2242,main_green,main_green,53,31.0,10.2762584174693,4,2,2,-3.0,5.0,-10.0,12.0
2243,main_green,main_green,53,35.0,10.452794524449235,5,2,2,-3.0,5.0,-10.0,12.0
2244,main_green,main_green,58,39.0,9.756725435582135,9,2,2,-3.0,5.0,-10.0,12.0
2245,main_green,main_green,57,43.0,10.195350422283093,4,2,2,-3.0,5.0,-10.0,12.0
2246,main_green,main_green,57,47.0,10.439245187551172,4,2,2,-3.0,5.0,-10.0,12.0
2247,main_green,main_green,56,51.0,10.772786049933957,4,2,2,-3.0,5.0,-10.0,12.0
2248,main_green,main_green,56,55.0,10.589903101573473,6,2,2,-3.0,5.0,-10.0,12.0
2249,main_green,main_green,55,59.0,10.663834830846834,4,2,2,-3.0,5.0,-10.0,12.0
2250,main_green,main_green,52,63.0,10.464406521518404,4,2,2,1.0,7.0,-6.0,14.0
2251,main_green,main_green,50,67.0,10.414606564288787,4,2,2,1.0,7.0,-6.0,14.0
2252,main_green,main_green,51,73.0,10.087280461743308,7,2,2,1.0,7.0,-6.0,14.0
2253,main_green,main_green,49,81.0,9.877436349802192,9,2,2,1.0,7.0,-6.0,14.0
2254,main_green,main_green,49,89.0,10.12150977212571,8,2,2,1.0,7.0,-6.0,14.0
2255,main_green,main_green,47,97.0,10.115096611725878,8,2,2,1.0,7.0,-6.0,14.0
2256,main_green,main_green,52,105.0,9.233988913018226,13,2,2,1.0,7.0,-6.0,14.0
2257,main_green,main_green,51,113.0,9.436951677819067,8,2,2,1.0,7.0,-6.0,14.0
2258,main_green,main_green,52,121.0,9.529345941926026,9,2,2,1.0,7.0,-6.0,14.0
2259,main_green,main_green,52,129.0,9.665562300206158,8,2,2,1.0,7.0,-6.0,14.0
2260,main_green,main_green,53,137.0,9.60019314958355,9,2,2,11.0,17.0,-2.0,6.0
2261,main_green,main_green,52,145.0,9.602800871761673,8,2,2,11.0,17.0,-2.0,6.0
2262,main_green,main_green,52,153.0,9.517174366329156,8,2,2,11.0,17.0,-2.0,6.0
2263,main_green,main_green,53,161.0,9.316700612267162,9,2,2,11.0,17.0,-2.0,6.0
2264,main_green,main_green,53,171.0,9.179446147531003,11,2,2,11.0,17.0,-2.0,6.0
2265,main_green,main_green,52,183.0,9.415065007182974,12,2,2,11.0,17.0,-2.0,6.0
2266,main_green,main_green,50,195.0,9.25767346987183,12,2,2,11.0,17.0,-2.0,6.0
2267,main_green,main_green,50,207.0,9.403673570587138,12,2,2,11.0,17.0,-2.0,6.0
2268,main_green,main_green,54,219.0,8.581245783757264,17,2,2,11.0,17.0,-2.0,6.0
2269,main_green,main_green,55,231.0,8.658360749552237,13,2,2,11.0,17.0,-2.0,6.0
2270,yellow_transition,yellow_transition,55,243.0,8.890275224659947,12,3,3,15.0,13.0,4.0,12.0
2271,yellow_transition,yellow_transition,55,255.0,9.076470066435576,12,3,3,15.0,13.0,4.0,12.0
2272,yellow_transition,yellow_transition,56,267.0,8.891125902098025,13,3,3,15.0,13.0,4.0,12.0
2273,side_green,main_green,56,124.0,8.78359684945143,8,0,2,15.0,13.0,4.0,12.0
2274,side_green,main_green,57,66.0,8.75532036771581,5,0,2,15.0,13.0,4.0,12.0
2275,side_green,main_green,56,70.0,8.831052871144754,4,0,2,15.0,13.0,4.0,12.0
2276,side_green,main_green,56,76.0,8.841004908474524,7,0,2,15.0,13.0,4.0,12.0
2277,side_green,main_green,56,85.0,8.999252237671676,9,0,2,15.0,13.0,4.0,12.0
2278,side_green,main_green,54,94.0,9.240419290113792,9,0,2,15.0,13.0,4.0,12.0
2279,side_green,main_green,55,104.0,9.279190580107125,11,0,2,15.0,13.0,4.0,12.0
2280,side_green,main_green,59,115.0,8.655745209563598,16,0,2,15.0,13.0,4.0,12.0
2281,side_green,main_green,59,126.0,8.83983735493264,11,0,2,15.0,13.0,4.0,12.0
2282,side_green,main_green,59,137.0,9.027239777935494,11,0,2,15.0,13.0,4.0,12.0
2283,yellow_transition,yellow_transition,57,149.0,8.790806002867525,12,1,3,-8.0,16.0,7.0,1.0
2284,yellow_transition,yellow_transition,59,161.0,8.457848374587961,14,1,3,-8.0,16.0,7.0,1.0
2285,yellow_transition,yellow_transition,59,174.0,8.560876047823214,13,1,3,-8.0,16.0,7.0,1.0
2286,main_green,side_green,59,33.0,8.796241946087347,5,2,0,-8.0,16.0,7.0,1.0
2287,main_green,side_green,58,2.0,9.03380668203847,2,2,0,-8.0,16.0,7.0,1.0
2288,main_green,side_green,59,3.0,9.166524784073463,3,2,0,-8.0,16.0,7.0,1.0
2289,main_green,side_green,59,6.0,9.311780725438355,4,2,0,-8.0,16.0,7.0,1.0
2290,main_green,side_green,58,10.0,9.75235095917026,4,2,0,-8.0,16.0,7.0,1.0
2291,main_green,side_green,58,14.0,10.310513339597026,4,2,0,-8.0,16.0,7.0,1.0
2292,main_green,side_green,60,18.0,9.632099420759925,9,2,0,-8.0,16.0,7.0,1.0
2293,main_green,side_green,58,23.0,10.051550909639847,5,2,0,-8.0,16.0,7.0,1.0
2294,main_green,side_green,54,28.0,9.985619378262811,6,2,0,-8.0,16.0,7.0,1.0
2295,main_green,side_green,54,33.0,10.41213382379392,5,2,0,-8.0,16.0,7.0,1.0
2296,yellow_transition,yellow_transition,53,38.0,10.051216530003897,6,3,1,-2.0,6.0,-8.0,14.0
2297,yellow_transition,yellow_transition,53,43.0,9.94636567103436,5,3,1,-2.0,6.0,-8.0,14.0
2298,yellow_transition,yellow_transition,53,48.0,9.922126397252676,5,3,1,-2.0,6.0,-8.0,14.0
2299,main_green,main_green,54,23.0,9.498290722744597,3,2,2,-2.0,6.0,-8.0,14.0
2300,main_green,main_green,55,27.0,9.565098250848656,5,2,2,-2.0,6.0,-8.0,14.0
2301,main_green,main_green,54,32.0,9.866044209474763,5,2,2,-2.0,6.0,-8.0,14.0
2302,main_green,main_green,53,38.0,10.168677791336673,6,2,2,-2.0,6.0,-8.0,14.0
2303,main_green,main_green,53,44.0,10.396167076149169,6,2,2,-2.0,6.0,-8.0,14.0
2304,main_green,main_green,54,50.0,9.548985858967537,11,2,2,-2.0,6.0,-8.0,14.0
2305,main_green,main_green,55,56.0,9.796081108625556,7,2,2,-2.0,6.0,-8.0,14.0
2306,main_green,main_green,53,62.0,9.848219939048706,6,2,2,-2.0,6.0,-8.0,14.0
2307,main_green,main_green,50,68.0,10.027727196522035,6,2,2,-2.0,6.0,-8.0,14.0
2308,main_green,main_green,51,74.0,9.917680010938351,7,2,2,-2.0,6.0,-8.0,14.0
2309,main_green,main_green,51,80.0,10.006351197977354,6,2,2,-1.0,5.0,5.0,23.0
2310,main_green,main_green,52,86.0,9.761603883130693,7,2,2,-1.0,5.0,5.0,23.0
2311,main_green,main_green,50,92.0,9.766614811302748,6,2,2,-1.0,5.0,5.0,23.0
2312,main_green,main_green,51,100.0,9.48258559820069,9,2,2,-1.0,5.0,5.0,23.0
2313,main_green,main_green,51,110.0,9.625895206553379,10,2,2,-1.0,5.0,5.0,23.0
2314,main_green,main_green,50,120.0,9.654697610750484,10,2,2,-1.0,5.0,5.0,23.0
2315,main_green,main_green,51,130.0,9.619191089809432,11,2,2,-1.0,5.0,5.0,23.0
2316,main_green,main_green,55,140.0,8.664454368551015,15,2,2,-1.0,5.0,5.0,23.0
2317,main_green,main_green,54,150.0,8.940932547537855,10,2,2,-1.0,5.0,5.0,23.0
2318,main_green,main_green,54,160.0,9.232363083772066,10,2,2,-1.0,5.0,5.0,23.0
2319,main_green,main_green,54,170.0,9.362288015014762,10,2,2,8.0,12.0,5.0,15.0
2320,main_green,main_green,55,180.0,9.023776362468443,12,2,2,8.0,12.0,5.0,15.0
2321,main_green,main_green,55,190.0,9.071407065011197,10,2,2,8.0,12.0,5.0,15.0
2322,main_green,main_green,54,200.0,9.124899655382022,10,2,2,8.0,12.0,5.0,15.0
2323,main_green,main_green,54,211.0,9.007370029019347,11,2,2,8.0,12.0,5.0,15.0
2324,main_green,main_green,55,223.0,8.883257357212688,13,2,2,8.0,12.0,5.0,15.0
2325,main_green,main_green,54,236.0,8.770234573073704,14,2,2,8.0,12.0,5.0,15.0
2326,main_green,main_green,54,250.0,8.767598099019965,14,2,2,8.0,12.0,5.0,15.0
2327,main_green,main_green,54,264.0,8.938328764105648,14,2,2,8.0,12.0,5.0,15.0
2328,main_green,main_green,59,278.0,8.164170219054514,19,2,2,8.0,12.0,5.0,15.0
2329,main_green,main_green,59,292.0,8.423530606479117,14,2,2,15.0,15.0,7.0,7.0
2330,main_green,main_green,59,306.0,8.476226908439147,15,2,2,15.0,15.0,7.0,7.0
2331,main_green,main_green,59,320.0,8.73779086407942,14,2,2,15.0,15.0,7.0,7.0
2332,main_green,main_green,60,334.0,8.6464814955885,15,2,2,15.0,15.0,7.0,7.0
2333,main_green,main_green,60,348.0,8.728792035893294,14,2,2,15.0,15.0,7.0,7.0
2334,main_green,main_green,59,362.0,8.664449099119068,14,2,2,15.0,15.0,7.0,7.0
2335,main_green,main_green,59,377.0,8.444752897916596,16,2,2,15.0,15.0,7.0,7.0
2336,main_green,main_green,60,395.0,8.28521492177502,19,2,2,15.0,15.0,7.0,7.0
2337,main_green,main_green,60,413.0,8.412949348803748,18,2,2,15.0,15.0,7.0,7.0
2338,main_green,main_green,60,431.0,8.539588484117493,18,2,2,15.0,15.0,7.0,7.0
2339,yellow_transition,yellow_transition,60,449.0,8.557568437542868,18,3,3,12.0,8.0,5.0,7.0
2340,yellow_transition,yellow_transition,64,467.0,7.7813966054712,23,3,3,12.0,8.0,5.0,7.0
2341,yellow_transition,yellow_transition,65,485.0,7.7302852538695594,19,3,3,12.0,8.0,5.0,7.0
2342,side_green,main_green,65,311.0,7.859550304563096,14,0,2,12.0,8.0,5.0,7.0
2343,side_green,main_green,65,221.0,7.923139433680943,10,0,2,12.0,8.0,5.0,7.0
2344,side_green,main_green,65,213.0,8.17418662369027,10,0,2,12.0,8.0,5.0,7.0
2345,side_green,main_green,63,223.0,8.258831568634225,10,0,2,12.0,8.0,5.0,7.0
2346,side_green,main_green,64,233.0,8.499878720465674,11,0,2,12.0,8.0,5.0,7.0
2347,side_green,main_green,62,246.0,8.898167273522967,13,0,2,12.0,8.0,5.0,7.0
2348,side_green,main_green,62,259.0,9.124753442543126,14,0,2,12.0,8.0,5.0,7.0
2349,side_green,main_green,62,272.0,9.326648760943229,13,0,2,12.0,8.0,5.0,7.0
2350,side_green,main_green,61,285.0,9.381419584709192,13,0,2,12.0,8.0,5.0,7.0
2351,side_green,main_green,61,298.0,9.235546918118859,14,0,2,12.0,8.0,5.0,7.0
2352,yellow_transition,yellow_transition,65,311.0,8.305630243764329,18,1,3,-17.0,11.0,12.0,6.0
2353,yellow_transition,yellow_transition,64,326.0,8.32708608200956,15,1,3,-17.0,11.0,12.0,6.0
2354,yellow_transition,yellow_transition,64,341.0,8.257586681876422,15,1,3,-17.0,11.0,12.0,6.0
2355,main_green,side_green,63,124.0,8.254781372214229,9,2,0,-17.0,11.0,12.0,6.0
2356,main_green,side_green,65,23.0,8.40173869152701,6,2,0,-17.0,11.0,12.0,6.0
2357,main_green,side_green,64,5.0,8.688484378743052,2,2,0,-17.0,11.0,12.0,6.0
2358,main_green,side_green,64,8.0,9.202179524155607,3,2,0,-17.0,11.0,12.0,6.0
2359,main_green,side_green,63,11.0,9.625540593571031,3,2,0,-17.0,11.0,12.0,6.0
2360,main_green,side_green,63,15.0,9.832069455432924,5,2,0,-17.0,11.0,12.0,6.0
2361,main_green,side_green,62,21.0,10.006097720065652,7,2,0,-17.0,11.0,12.0,6.0
2362,main_green,side_green,57,27.0,10.276837770223217,6,2,0,-17.0,11.0,12.0,6.0
2363,main_green,side_green,53,33.0,10.271808187648217,6,2,0,-17.0,11.0,12.0,6.0
2364,main_green,side_green,57,41.0,9.369428756731363,13,2,0,-17.0,11.0,12.0,6.0
2365,yellow_transition,yellow_transition,56,49.0,9.564146561906432,8,3,1,-4.0,4.0,-8.0,16.0
2366,yellow_transition,yellow_transition,55,57.0,9.388830628047872,9,3,1,-4.0,4.0,-8.0,16.0
2367,yellow_transition,yellow_transition,54,66.0,9.356346183369967,9,3,1,-4.0,4.0,-8.0,16.0
2368,main_green,main_green,55,32.0,9.519565683276026,6,2,2,-4.0,4.0,-8.0,16.0
2369,main_green,main_green,55,19.0,9.736874752824232,2,2,2,-4.0,4.0,-8.0,16.0
2370,main_green,main_green,55,21.0,10.047475166123899,2,2,2,-4.0,4.0,-8.0,16.0
2371,main_green,main_green,56,23.0,10.182153428751068,3,2,2,-4.0,4.0,-8.0,16.0
2372,main_green,main_green,57,26.0,10.177855536508154,4,2,2,-4.0,4.0,-8.0,16.0
2373,main_green,main_green,55,31.0,10.463325508880464,5,2,2,-4.0,4.0,-8.0,16.0
2374,main_green,main_green,53,37.0,10.657414045544552,6,2,2,-4.0,4.0,-8.0,16.0
2375,main_green,main_green,52,43.0,10.824598263860151,6,2,2,-4.0,4.0,-8.0,16.0
2376,main_green,main_green,56,49.0,9.915561303369207,11,2,2,-4.0,4.0,-8.0,16.0
2377,main_green,main_green,56,55.0,9.97641910760699,7,2,2,-4.0,4.0,-8.0,16.0
2378,main_green,main_green,53,61.0,10.126109807215554,6,2,2,1.0,9.0,-2.0,12.0
2379,main_green,main_green,51,67.0,10.307770440173098,6,2,2,1.0,9.0,-2.0,12.0
2380,main_green,main_green,52,73.0,10.316683914562624,7,2,2,1.0,9.0,-2.0,12.0
2381,main_green,main_green,51,79.0,10.240253798815083,6,2,2,1.0,9.0,-2.0,12.0
2382,main_green,main_green,51,85.0,10.02309028499828,7,2,2,1.0,9.0,-2.0,12.0
2383,main_green,main_green,50,92.0,9.920703429245739,7,2,2,1.0,9.0,-2.0,12.0
2384,main_green,main_green,50,99.0,9.714103661478651,8,2,2,1.0,9.0,-2.0,12.0
2385,main_green,main_green,50,107.0,9.788142219505826,8,2,2,1.0,9.0,-2.0,12.0
2386,main_green,main_green,50,117.0,9.849879538390791,10,2,2,1.0,9.0,-2.0,12.0
2387,main_green,main_green,51,127.0,9.819582525504138,11,2,2,1.0,9.0,-2.0,12.0
2388,main_green,main_green,56,137.0,8.956812903231272,15,2,2,6.0,14.0,-2.0,10.0
2389,main_green,main_green,56,147.0,9.239980125697354,10,2,2,6.0,14.0,-2.0,10.0
2390,main_green,main_green,56,157.0,9.472941096477578,10,2,2,6.0,14.0,-2.0,10.0
2391,main_green,main_green,56,167.0,9.753227445403391,10,2,2,6.0,14.0,-2.0,10.0
2392,main_green,main_green,57,177.0,9.490833748333424,12,2,2,6.0,14.0,-2.0,10.0
2393,main_green,main_green,57,187.0,9.448887096636847,10,2,2,6.0,14.0,-2.0,10.0
2394,main_green,main_green,56,197.0,9.48970759971551,10,2,2,6.0,14.0,-2.0,10.0
2395,main_green,main_green,54,208.0,9.281253882000748,11,2,2,6.0,14.0,-2.0,10.0
2396,main_green,main_green,54,219.0,9.002238167880146,12,2,2,6.0,14.0,-2.0,10.0
2397,main_green,main_green,54,233.0,8.851506695476806,15,2,2,6.0,14.0,-2.0,10.0
2398,main_green,main_green,54,247.0,9.01650934375928,14,2,2,10.0,12.0,3.0,9.0
2399,main_green,main_green,53,261.0,9.10829369407883,14,2,2,10.0,12.0,3.0,9.0
2400,main_green,main_green,58,275.0,8.38506311186379,19,2,2,10.0,12.0,3.0,9.0
2401,main_green,main_green,58,289.0,8.647315919841427,14,2,2,10.0,12.0,3.0,9.0
2402,main_green,main_green,59,303.0,8.687070564753588,15,2,2,10.0,12.0,3.0,9.0
2403,main_green,main_green,58,317.0,8.864875470244277,14,2,2,10.0,12.0,3.0,9.0
2404,main_green,main_green,58,331.0,8.616218542596435,15,2,2,10.0,12.0,3.0,9.0
2405,main_green,main_green,58,345.0,8.5982898312937,14,2,2,10.0,12.0,3.0,9.0
2406,main_green,main_green,58,359.0,8.594630625401377,14,2,2,10.0,12.0,3.0,9.0
2407,main_green,main_green,59,375.0,8.512722566535926,17,2,2,10.0,12.0,3.0,9.0
2408,yellow_transition,yellow_transition,60,392.0,8.47016346520096,18,3,3,11.0,7.0,8.0,12.0
2409,yellow_transition,yellow_transition,59,409.0,8.326676933985127,17,3,3,11.0,7.0,8.0,12.0
2410,yellow_transition,yellow_transition,58,427.0,8.206655687287956,18,3,3,11.0,7.0,8.0,12.0
2411,side_green,main_green,58,263.0,8.374769602864806,14,0,2,11.0,7.0,8.0,12.0
2412,side_green,main_green,62,186.0,7.7757510517448125,15,0,2,11.0,7.0,8.0,12.0
2413,side_green,main_green,63,184.0,7.995913378148555,10,0,2,11.0,7.0,8.0,12.0
2414,side_green,main_green,63,193.0,8.355809045360209,9,0,2,11.0,7.0,8.0,12.0
2415,side_green,main_green,62,204.0,8.607968444639678,11,0,2,11.0,7.0,8.0,12.0
2416,side_green,main_green,63,216.0,8.803649435786905,13,0,2,11.0,7.0,8.0,12.0
2417,side_green,main_green,61,228.0,8.993680388247451,12,0,2,11.0,7.0,8.0,12.0
2418,side_green,main_green,61,240.0,9.112339298365299,13,0,2,11.0,7.0,8.0,12.0
2419,side_green,main_green,59,253.0,9.05889840696255,13,0,2,11.0,7.0,8.0,12.0
2420,side_green,main_green,59,268.0,8.819910405618772,16,0,2,11.0,7.0,8.0,12.0
2421,yellow_transition,yellow_transition,59,283.0,8.739068768814318,15,1,3,-12.0,18.0,11.0,1.0
2422,yellow_transition,yellow_transition,58,299.0,8.513114303309738,16,1,3,-12.0,18.0,11.0,1.0
2423,yellow_transition,yellow_transition,58,315.0,8.26041762483411,17,1,3,-12.0,18.0,11.0,1.0
2424,main_green,side_green,63,109.0,7.965545563781034,14,2,0,-12.0,18.0,11.0,1.0
2425,main_green,side_green,63,15.0,8.370318065462552,3,2,0,-12.0,18.0,11.0,1.0
2426,main_green,side_green,63,3.0,9.036608352907168,1,2,0,-12.0,18.0,11.0,1.0
2427,main_green,side_green,63,5.0,9.524276330330784,2,2,0,-12.0,18.0,11.0,1.0
2428,main_green,side_green,63,7.0,9.734092089292359,4,2,0,-12.0,18.0,11.0,1.0
2429,main_green,side_green,61,9.0,10.304041674109625,2,2,0,-12.0,18.0,11.0,1.0
2430,main_green,side_green,59,13.0,10.698433535851601,4,2,0,-12.0,18.0,11.0,1.0
2431,main_green,side_green,58,17.0,10.91114106555698,4,2,0,-12.0,18.0,11.0,1.0
2432,main_green,side_green,55,21.0,10.731864709553244,5,2,0,-12.0,18.0,11.0,1.0
2433,main_green,side_green,56,26.0,10.590940919149562,6,2,0,-12.0,18.0,11.0,1.0
2434,yellow_transition,yellow_transition,53,31.0,10.4439027002492,5,3,1,-8.0,2.0,-14.0,12.0
2435,yellow_transition,yellow_transition,52,38.0,10.32336199150687,7,3,1,-8.0,2.0,-14.0,12.0
2436,yellow_transition,yellow_transition,56,45.0,9.088150400458877,12,3,1,-8.0,2.0,-14.0,12.0
2437,main_green,main_green,56,11.0,9.509878780571471,3,2,2,-8.0,2.0,-14.0,12.0
2438,main_green,main_green,57,10.0,9.839296148714999,3,2,2,-8.0,2.0,-14.0,12.0
2439,main_green,main_green,57,12.0,10.304403798454633,2,2,2,-8.0,2.0,-14.0,12.0
2440,main_green,main_green,58,14.0,10.45011975137027,3,2,2,-8.0,2.0,-14.0,12.0
2441,main_green,main_green,58,16.0,10.622075682032092,2,2,2,-8.0,2.0,-14.0,12.0
2442,main_green,main_green,55,18.0,10.842490777502345,2,2,2,-8.0,2.0,-14.0,12.0
2443,main_green,main_green,55,20.0,10.751674332053199,3,2,2,-8.0,2.0,-14.0,12.0
2444,main_green,main_green,52,24.0,10.573461674576079,5,2,2,-8.0,2.0,-14.0,12.0
2445,main_green,main_green,51,29.0,10.663719500701745,5,2,2,-8.0,2.0,-14.0,12.0
2446,main_green,main_green,49,35.0,10.809781910540462,6,2,2,-8.0,2.0,-14.0,12.0
2447,main_green,main_green,48,41.0,10.913867153283825,6,2,2,-4.0,6.0,-3.0,17.0
2448,main_green,main_green,51,47.0,9.860200597659963,11,2,2,-4.0,6.0,-3.0,17.0
2449,main_green,main_green,51,53.0,9.801591808622282,7,2,2,-4.0,6.0,-3.0,17.0
2450,main_green,main_green,50,59.0,10.031922519677037,6,2,2,-4.0,6.0,-3.0,17.0
2451,main_green,main_green,50,65.0,10.268306083098885,6,2,2,-4.0,6.0,-3.0,17.0
2452,main_green,main_green,50,71.0,10.199875969260702,7,2,2,-4.0,6.0,-3.0,17.0
2453,main_green,main_green,49,77.0,10.107916528624006,6,2,2,-4.0,6.0,-3.0,17.0
2454,main_green,main_green,49,83.0,9.83301806041103,7,2,2,-4.0,6.0,-3.0,17.0
2455,main_green,main_green,49,91.0,9.818907638073588,8,2,2,-4.0,6.0,-3.0,17.0
2456,main_green,main_green,49,100.0,9.658617388931207,10,2,2,-4.0,6.0,-3.0,17.0
2457,main_green,main_green,49,109.0,9.596924593626783,9,2,2,7.0,19.0,-2.0,10.0
2458,main_green,main_green,49,118.0,9.750271539548516,9,2,2,7.0,19.0,-2.0,10.0
2459,main_green,main_green,50,128.0,9.679453307890865,11,2,2,7.0,19.0,-2.0,10.0
2460,main_green,main_green,55,138.0,9.093667585429653,15,2,2,7.0,19.0,-2.0,10.0
2461,main_green,main_green,55,148.0,9.29122933578937,10,2,2,7.0,19.0,-2.0,10.0
2462,main_green,main_green,54,158.0,9.417652145727258,10,2,2,7.0,19.0,-2.0,10.0
2463,main_green,main_green,51,168.0,9.38835003492393,10,2,2,7.0,19.0,-2.0,10.0
2464,main_green,main_green,53,178.0,9.047970054330705,12,2,2,7.0,19.0,-2.0,10.0
2465,main_green,main_green,53,188.0,9.332527785453292,10,2,2,7.0,19.0,-2.0,10.0
2466,main_green,main_green,53,198.0,9.302762436923722,10,2,2,7.0,19.0,-2.0,10.0
2467,yellow_transition,yellow_transition,53,209.0,9.239732279621144,11,3,3,11.0,9.0,5.0,9.0
2468,yellow_transition,yellow_transition,54,221.0,8.935690638262942,13,3,3,11.0,9.0,5.0,9.0
2469,yellow_transition,yellow_transition,55,234.0,8.543676958211144,14,3,3,11.0,9.0,5.0,9.0
2470,side_green,main_green,55,123.0,8.890751124068837,10,0,2,11.0,9.0,5.0,9.0
2471,side_green,main_green,55,92.0,9.224403440847547,7,0,2,11.0,9.0,5.0,9.0
2472,side_green,main_green,59,99.0,8.646102587619252,12,0,2,11.0,9.0,5.0,9.0
2473,side_green,main_green,58,106.0,9.037768913350273,7,0,2,11.0,9.0,5.0,9.0
2474,side_green,main_green,59,113.0,9.387883411325445,8,0,2,11.0,9.0,5.0,9.0
2475,side_green,main_green,58,121.0,9.729160299951946,8,0,2,11.0,9.0,5.0,9.0
2476,side_green,main_green,58,129.0,9.638981209237166,9,0,2,11.0,9.0,5.0,9.0
2477,side_green,main_green,58,138.0,9.739644672427449,9,0,2,11.0,9.0,5.0,9.0
2478,side_green,main_green,57,148.0,9.641145320879023,10,0,2,11.0,9.0,5.0,9.0
2479,side_green,main_green,58,158.0,9.495977618272365,11,0,2,11.0,9.0,5.0,9.0
2480,yellow_transition,yellow_transition,59,169.0,9.331020595473378,12,1,3,-12.0,14.0,7.0,3.0
2481,yellow_transition,yellow_transition,59,182.0,9.314540229738272,13,1,3,-12.0,14.0,7.0,3.0
2482,yellow_transition,yellow_transition,59,195.0,9.287667403613215,13,1,3,-12.0,14.0,7.0,3.0
2483,main_green,side_green,58,39.0,9.247702828662193,5,2,0,-12.0,14.0,7.0,3.0
2484,main_green,side_green,63,0.0,8.803706549304279,5,2,0,-12.0,14.0,7.0,3.0
2485,main_green,side_green,63,1.0,9.00319445172137,2,2,0,-12.0,14.0,7.0,3.0
2486,main_green,side_green,62,2.0,9.644016580949051,1,2,0,-12.0,14.0,7.0,3.0
2487,main_green,side_green,61,4.0,10.105015782675888,2,2,0,-12.0,14.0,7.0,3.0
2488,main_green,side_green,59,7.0,10.233854544729857,4,2,0,-12.0,14.0,7.0,3.0
2489,main_green,side_green,56,10.0,10.508539784247308,3,2,0,-12.0,14.0,7.0,3.0
2490,main_green,side_green,57,14.0,10.429304636986345,5,2,0,-12.0,14.0,7.0,3.0
2491,main_green,side_green,52,20.0,10.509001534414402,6,2,0,-12.0,14.0,7.0,3.0
2492,main_green,side_green,53,27.0,10.299231325407511,8,2,0,-12.0,14.0,7.0,3.0
2493,yellow_transition,yellow_transition,52,34.0,10.340668686224348,7,3,1,-6.0,4.0,-12.0,14.0
2494,yellow_transition,yellow_transition,52,41.0,10.287551412926764,7,3,1,-6.0,4.0,-12.0,14.0
2495,yellow_transition,yellow_transition,50,48.0,9.815752671345363,8,3,1,-6.0,4.0,-12.0,14.0
2496,main_green,main_green,54,18.0,9.150353513749168,9,2,2,-6.0,4.0,-12.0,14.0
2497,main_green,main_green,53,13.0,9.741972307864344,2,2,2,-6.0,4.0,-12.0,14.0
2498,main_green,main_green,53,15.0,10.038499133998442,2,2,2,-6.0,4.0,-12.0,14.0
2499,main_green,main_green,52,17.0,10.462473595069973,2,2,2,-6.0,4.0,-12.0,14.0
2500,main_green,main_green,54,19.0,10.429721002510414,4,2,2,-6.0,4.0,-12.0,14.0
2501,main_green,main_green,52,21.0,10.668993692935945,2,2,2,-6.0,4.0,-12.0,14.0
2502,main_green,main_green,51,23.0,10.715028201095379,2,2,2,-6.0,4.0,-12.0,14.0
2503,main_green,main_green,48,25.0,10.625542304855115,2,2,2,-6.0,4.0,-12.0,14.0
2504,main_green,main_green,48,30.0,10.525440757298275,6,2,2,-6.0,4.0,-12.0,14.0
2505,main_green,main_green,48,36.0,10.408821972582315,7,2,2,-6.0,4.0,-12.0,14.0
2506,main_green,main_green,48,42.0,10.51979070806909,6,2,2,-3.0,7.0,-2.0,18.0
2507,main_green,main_green,46,48.0,10.570967348340993,6,2,2,-3.0,7.0,-2.0,18.0
2508,main_green,main_green,51,54.0,9.670384667093634,11,2,2,-3.0,7.0,-2.0,18.0
2509,main_green,main_green,50,60.0,9.795561948484679,6,2,2,-3.0,7.0,-2.0,18.0
2510,main_green,main_green,50,66.0,9.79269311212281,7,2,2,-3.0,7.0,-2.0,18.0
2511,main_green,main_green,50,72.0,10.112582699887197,6,2,2,-3.0,7.0,-2.0,18.0
2512,main_green,main_green,50,78.0,10.03232829537066,7,2,2,-3.0,7.0,-2.0,18.0
2513,main_green,main_green,50,84.0,10.066671212833658,6,2,2,-3.0,7.0,-2.0,18.0
2514,main_green,main_green,50,90.0,10.016538518240239,6,2,2,-3.0,7.0,-2.0,18.0
2515,main_green,main_green,51,96.0,9.747953521310968,7,2,2,-3.0,7.0,-2.0,18.0
2516,main_green,main_green,51,103.0,9.481612836814879,8,2,2,5.0,15.0,-1.0,13.0
2517,main_green,main_green,50,112.0,9.58722766127325,9,2,2,5.0,15.0,-1.0,13.0
2518,main_green,main_green,50,122.0,9.689339154984214,10,2,2,5.0,15.0,-1.0,13.0
2519,main_green,main_green,50,132.0,9.836974207410353,10,2,2,5.0,15.0,-1.0,13.0
2520,main_green,main_green,54,142.0,8.941462327017158,15,2,2,5.0,15.0,-1.0,13.0
2521,main_green,main_green,54,152.0,8.972925720954365,11,2,2,5.0,15.0,-1.0,13.0
2522,main_green,main_green,52,162.0,9.109732736823055,10,2,2,5.0,15.0,-1.0,13.0
2523,main_green,main_green,52,172.0,9.26260105813022,10,2,2,5.0,15.0,-1.0,13.0
2524,main_green,main_green,53,182.0,9.08976452836181,11,2,2,5.0,15.0,-1.0,13.0
2525,main_green,main_green,53,192.0,9.24716469374797,10,2,2,5.0,15.0,-1.0,13.0
2526,main_green,main_green,54,202.0,9.074573878433126,11,2,2,12.0,14.0,3.0,7.0
2527,main_green,main_green,54,213.0,9.065051584064955,11,2,2,12.0,14.0,3.0,7.0
2528,main_green,main_green,55,225.0,8.930037311129459,13,2,2,12.0,14.0,3.0,7.0
2529,main_green,main_green,55,237.0,8.979280402886209,12,2,2,12.0,14.0,3.0,7.0
2530,main_green,main_green,55,250.0,9.028296329966063,13,2,2,12.0,14.0,3.0,7.0
2531,main_green,main_green,56,264.0,8.984244769948841,15,2,2,12.0,14.0,3.0,7.0
2532,main_green,main_green,59,278.0,8.16630903484238,19,2,2,12.0,14.0,3.0,7.0
2533,main_green,main_green,59,292.0,8.436800710299623,14,2,2,12.0,14.0,3.0,7.0
2534,main_green,main_green,58,306.0,8.584233069894994,14,2,2,12.0,14.0,3.0,7.0
2535,main_green,main_green,58,320.0,8.754722717094955,14,2,2,12.0,14.0,3.0,7.0
2536,yellow_transition,yellow_transition,60,334.0,8.453702438090533,16,3,3,11.0,7.0,9.0,13.0
2537,yellow_transition,yellow_transition,60,348.0,8.459030231748754,14,3,3,11.0,7.0,9.0,13.0
2538,yellow_transition,yellow_transition,59,362.0,8.41319825540984,14,3,3,11.0,7.0,9.0,13.0
2539,side_green,main_green,59,209.0,8.550373695216658,11,0,2,11.0,7.0,9.0,13.0
2540,side_green,main_green,59,150.0,8.481016850380064,10,0,2,11.0,7.0,9.0,13.0
2541,side_green,main_green,60,154.0,8.429728263299257,8,0,2,11.0,7.0,9.0,13.0
2542,side_green,main_green,59,162.0,8.65146442330208,8,0,2,11.0,7.0,9.0,13.0
2543,side_green,main_green,58,172.0,9.03785225167164,10,0,2,11.0,7.0,9.0,13.0
2544,side_green,main_green,61,183.0,8.344757584130026,16,0,2,11.0,7.0,9.0,13.0
2545,side_green,main_green,61,194.0,8.880637232966276,11,0,2,11.0,7.0,9.0,13.0
2546,side_green,main_green,61,205.0,8.864512938250979,12,0,2,11.0,7.0,9.0,13.0
2547,side_green,main_green,60,216.0,8.905365216157719,11,0,2,11.0,7.0,9.0,13.0
2548,side_green,main_green,60,229.0,8.764551071111942,14,0,2,11.0,7.0,9.0,13.0
2549,yellow_transition,yellow_transition,59,242.0,8.547243948095648,13,1,3,-10.0,14.0,14.0,8.0
2550,yellow_transition,yellow_transition,58,255.0,8.325784370569929,13,1,3,-10.0,14.0,14.0,8.0
2551,yellow_transition,yellow_transition,59,269.0,8.125839194000072,15,1,3,-10.0,14.0,14.0,8.0
2552,main_green,side_green,59,84.0,7.9747761264017845,12,2,0,-10.0,14.0,14.0,8.0
2553,main_green,side_green,59,9.0,8.147986572910664,4,2,0,-10.0,14.0,14.0,8.0
2554,main_green,side_green,58,7.0,8.503808923011889,3,2,0,-10.0,14.0,14.0,8.0
2555,main_green,side_green,58,10.0,9.037598219912399,3,2,0,-10.0,14.0,14.0,8.0
2556,main_green,side_green,63,15.0,8.764292722748825,10,2,0,-10.0,14.0,14.0,8.0
2557,main_green,side_green,64,20.0,9.294660209830171,6,2,0,-10.0,14.0,14.0,8.0
2558,main_green,side_green,60,25.0,9.670961136827634,5,2,0,-10.0,14.0,14.0,8.0
2559,main_green,side_green,59,32.0,10.168057667909494,7,2,0,-10.0,14.0,14.0,8.0
2560,main_green,side_green,56,39.0,9.935191582222526,8,2,0,-10.0,14.0,14.0,8.0
2561,main_green,side_green,54,46.0,10.014052619101962,7,2,0,-10.0,14.0,14.0,8.0
2562,yellow_transition,yellow_transition,53,53.0,9.52422880656355,8,3,1,-7.0,3.0,-6.0,20.0
2563,yellow_transition,yellow_transition,53,60.0,9.52711162344868,7,3,1,-7.0,3.0,-6.0,20.0
2564,yellow_transition,yellow_transition,54,70.0,9.136555170815583,11,3,1,-7.0,3.0,-6.0,20.0
2565,main_green,main_green,53,37.0,9.316036378049855,6,2,2,-7.0,3.0,-6.0,20.0
2566,main_green,main_green,53,22.0,9.810079061655518,4,2,2,-7.0,3.0,-6.0,20.0
2567,main_green,main_green,54,26.0,9.827035993112142,5,2,2,-7.0,3.0,-6.0,20.0
2568,main_green,main_green,59,30.0,9.485906017009652,9,2,2,-7.0,3.0,-6.0,20.0
2569,main_green,main_green,58,34.0,9.91121718790725,4,2,2,-7.0,3.0,-6.0,20.0
2570,main_green,main_green,58,38.0,10.38100906183391,4,2,2,-7.0,3.0,-6.0,20.0
2571,main_green,main_green,55,42.0,10.652881739272011,4,2,2,-7.0,3.0,-6.0,20.0
2572,main_green,main_green,56,46.0,10.492990103686434,6,2,2,-7.0,3.0,-6.0,20.0
2573,main_green,main_green,54,50.0,10.45926020721819,4,2,2,-7.0,3.0,-6.0,20.0
2574,main_green,main_green,54,54.0,10.34012625011709,4,2,2,-7.0,3.0,-6.0,20.0
2575,main_green,main_green,54,59.0,10.243371217273815,5,2,2,-1.0,9.0,-5.0,13.0
2576,main_green,main_green,52,66.0,10.085754263484695,8,2,2,-1.0,9.0,-5.0,13.0
2577,main_green,main_green,53,74.0,10.099095393821408,9,2,2,-1.0,9.0,-5.0,13.0
2578,main_green,main_green,50,82.0,10.130097862122986,8,2,2,-1.0,9.0,-5.0,13.0
2579,main_green,main_green,49,90.0,10.101125800988493,8,2,2,-1.0,9.0,-5.0,13.0
2580,main_green,main_green,53,98.0,9.22908581921213,13,2,2,-1.0,9.0,-5.0,13.0
2581,main_green,main_green,52,106.0,9.49962974093141,8,2,2,-1.0,9.0,-5.0,13.0
2582,main_green,main_green,53,114.0,9.60364900462473,9,2,2,-1.0,9.0,-5.0,13.0
2583,main_green,main_green,53,122.0,9.796755598694338,8,2,2,-1.0,9.0,-5.0,13.0
2584,main_green,main_green,54,130.0,9.717202984276106,9,2,2,-1.0,9.0,-5.0,13.0
2585,main_green,main_green,54,138.0,9.708833302638268,8,2,2,9.0,19.0,-2.0,6.0
2586,main_green,main_green,54,146.0,9.737017272820584,8,2,2,9.0,19.0,-2.0,6.0
2587,main_green,main_green,55,154.0,9.530363213134741,9,2,2,9.0,19.0,-2.0,6.0
2588,main_green,main_green,56,165.0,9.40294305971381,12,2,2,9.0,19.0,-2.0,6.0
2589,main_green,main_green,56,177.0,9.496946726430812,12,2,2,9.0,19.0,-2.0,6.0
2590,main_green,main_green,56,189.0,9.60379199213132,12,2,2,9.0,19.0,-2.0,6.0
2591,main_green,main_green,55,201.0,9.624282131387389,12,2,2,9.0,19.0,-2.0,6.0
2592,main_green,main_green,59,213.0,8.885565786672506,17,2,2,9.0,19.0,-2.0,6.0
2593,main_green,main_green,59,225.0,8.860865554613175,13,2,2,9.0,19.0,-2.0,6.0
2594,main_green,main_green,59,237.0,9.116615943442035,12,2,2,9.0,19.0,-2.0,6.0
2595,main_green,main_green,58,249.0,9.165890275780331,12,2,2,11.0,11.0,4.0,8.0
2596,main_green,main_green,57,261.0,8.891980412011879,13,2,2,11.0,11.0,4.0,8.0
2597,main_green,main_green,57,273.0,8.914030902583665,12,2,2,11.0,11.0,4.0,8.0
2598,main_green,main_green,58,285.0,8.787545486344143,13,2,2,11.0,11.0,4.0,8.0
2599,main_green,main_green,58,298.0,9.007958810064743,13,2,2,11.0,11.0,4.0,8.0
2600,main_green,main_green,58,313.0,8.848913004296831,16,2,2,11.0,11.0,4.0,8.0
2601,main_green,main_green,58,329.0,8.885439669679084,16,2,2,11.0,11.0,4.0,8.0
2602,main_green,main_green,57,345.0,8.865019966508022,16,2,2,11.0,11.0,4.0,8.0
2603,main_green,main_green,58,361.0,8.830113352671582,17,2,2,11.0,11.0,4.0,8.0
2604,main_green,main_green,62,377.0,8.167179584863531,21,2,2,11.0,11.0,4.0,8.0
2605,yellow_transition,yellow_transition,62,393.0,8.174391750465146,16,3,3,13.0,9.0,10.0,10.0
2606,yellow_transition,yellow_transition,61,409.0,8.029218355924813,16,3,3,13.0,9.0,10.0,10.0
2607,yellow_transition,yellow_transition,60,425.0,7.912454812797429,16,3,3,13.0,9.0,10.0,10.0
2608,side_green,main_green,61,263.0,7.701440177697204,16,0,2,13.0,9.0,10.0,10.0
2609,side_green,main_green,61,189.0,7.996360990106745,10,0,2,13.0,9.0,10.0,10.0
2610,side_green,main_green,60,187.0,8.09130923506149,9,0,2,13.0,9.0,10.0,10.0
2611,side_green,main_green,60,196.0,8.485639575245552,9,0,2,13.0,9.0,10.0,10.0
2612,side_green,main_green,60,209.0,8.458733360059004,14,0,2,13.0,9.0,10.0,10.0
2613,side_green,main_green,60,222.0,8.676871275448832,14,0,2,13.0,9.0,10.0,10.0
2614,side_green,main_green,59,235.0,8.873386555965684,13,0,2,13.0,9.0,10.0,10.0
2615,side_green,main_green,59,248.0,9.14374132436772,13,0,2,13.0,9.0,10.0,10.0
2616,side_green,main_green,64,263.0,8.585320166362537,20,0,2,13.0,9.0,10.0,10.0
2617,side_green,main_green,63,278.0,8.656628739594677,15,0,2,13.0,9.0,10.0,10.0
2618,yellow_transition,yellow_transition,61,293.0,8.459663486945066,16,1,3,-9.0,17.0,13.0,1.0
2619,yellow_transition,yellow_transition,60,308.0,8.285674910845541,15,1,3,-9.0,17.0,13.0,1.0
2620,yellow_transition,yellow_transition,61,324.0,7.884095583366543,17,1,3,-9.0,17.0,13.0,1.0
2621,main_green,side_green,61,111.0,7.962369705008139,8,2,0,-9.0,17.0,13.0,1.0
2622,main_green,side_green,61,12.0,8.318307634273218,2,2,0,-9.0,17.0,13.0,1.0
2623,main_green,side_green,61,2.0,8.396490154524862,3,2,0,-9.0,17.0,13.0,1.0
2624,main_green,side_green,61,4.0,8.745191433630788,3,2,0,-9.0,17.0,13.0,1.0
2625,main_green,side_green,61,9.0,9.350442411367668,5,2,0,-9.0,17.0,13.0,1.0
2626,main_green,side_green,58,14.0,9.910419267643881,5,2,0,-9.0,17.0,13.0,1.0
2627,main_green,side_green,56,19.0,10.340394413125297,5,2,0,-9.0,17.0,13.0,1.0
2628,main_green,side_green,58,25.0,9.715075717774061,11,2,0,-9.0,17.0,13.0,1.0
2629,main_green,side_green,58,31.0,9.88010980933261,7,2,0,-9.0,17.0,13.0,1.0
2630,main_green,side_green,55,37.0,9.934514354789322,6,2,0,-9.0,17.0,13.0,1.0
2631,yellow_transition,yellow_transition,55,43.0,10.23998237545029,6,3,1,-2.0,4.0,-9.0,15.0
2632,yellow_transition,yellow_transition,55,50.0,10.16074491610534,8,3,1,-2.0,4.0,-9.0,15.0
2633,yellow_transition,yellow_transition,55,57.0,10.07917283185817,7,3,1,-2.0,4.0,-9.0,15.0
2634,main_green,main_green,55,30.0,9.960979454234474,4,2,2,-2.0,4.0,-9.0,15.0
2635,main_green,main_green,55,22.0,10.03000266889779,2,2,2,-2.0,4.0,-9.0,15.0
2636,main_green,main_green,56,25.0,10.170127895119078,4,2,2,-2.0,4.0,-9.0,15.0
2637,main_green,main_green,56,30.0,10.439578988577173,5,2,2,-2.0,4.0,-9.0,15.0
2638,main_green,main_green,56,35.0,10.66518322298966,5,2,2,-2.0,4.0,-9.0,15.0
2639,main_green,main_green,57,40.0,10.786926907421204,6,2,2,-2.0,4.0,-9.0,15.0
2640,main_green,main_green,58,46.0,9.909195163933626,11,2,2,-2.0,4.0,-9.0,15.0
2641,main_green,main_green,58,52.0,10.170009509754884,6,2,2,-2.0,4.0,-9.0,15.0
2642,main_green,main_green,54,58.0,10.271520068138345,6,2,2,-2.0,4.0,-9.0,15.0
2643,main_green,main_green,53,64.0,10.497668404954888,6,2,2,-2.0,4.0,-9.0,15.0
2644,main_green,main_green,52,70.0,10.141888709370816,8,2,2,-1.0,5.0,2.0,16.0
2645,main_green,main_green,52,76.0,10.254571269209276,6,2,2,-1.0,5.0,2.0,16.0
2646,main_green,main_green,52,82.0,10.311319869519123,6,2,2,-1.0,5.0,2.0,16.0
2647,main_green,main_green,50,88.0,10.264520246598176,6,2,2,-1.0,5.0,2.0,16.0
2648,main_green,main_green,51,96.0,9.93432147075871,9,2,2,-1.0,5.0,2.0,16.0
2649,main_green,main_green,51,105.0,9.726827887837386,10,2,2,-1.0,5.0,2.0,16.0
2650,main_green,main_green,50,115.0,9.79829030106899,10,2,2,-1.0,5.0,2.0,16.0
2651,main_green,main_green,50,125.0,9.864191193702716,10,2,2,-1.0,5.0,2.0,16.0
2652,main_green,main_green,54,135.0,8.892085851539745,15,2,2,-1.0,5.0,2.0,16.0
2653,main_green,main_green,54,145.0,9.250890291947162,10,2,2,-1.0,5.0,2.0,16.0
2654,main_green,main_green,55,155.0,9.375861513759759,11,2,2,12.0,16.0,2.0,6.0
2655,main_green,main_green,55,165.0,9.41826158875709,10,2,2,12.0,16.0,2.0,6.0
2656,main_green,main_green,56,175.0,9.410036708599353,11,2,2,12.0,16.0,2.0,6.0
2657,main_green,main_green,56,185.0,9.27998787098129,10,2,2,12.0,16.0,2.0,6.0
2658,main_green,main_green,55,195.0,9.265746678208014,10,2,2,12.0,16.0,2.0,6.0
2659,main_green,main_green,56,206.0,9.118901977388479,12,2,2,12.0,16.0,2.0,6.0
2660,main_green,main_green,55,219.0,8.952788075151457,14,2,2,12.0,16.0,2.0,6.0
2661,main_green,main_green,55,233.0,8.981387945524395,14,2,2,12.0,16.0,2.0,6.0
2662,main_green,main_green,53,247.0,8.958826789216504,14,2,2,12.0,16.0,2.0,6.0
2663,main_green,main_green,52,261.0,8.897440790015326,14,2,2,12.0,16.0,2.0,6.0
2664,main_green,main_green,57,275.0,8.218424870827768,19,2,2,13.0,15.0,2.0,8.0
2665,main_green,main_green,58,289.0,8.340070563085796,15,2,2,13.0,15.0,2.0,8.0
2666,main_green,main_green,58,303.0,8.592569390925595,14,2,2,13.0,15.0,2.0,8.0
2667,main_green,main_green,58,317.0,8.799616199970151,14,2,2,13.0,15.0,2.0,8.0
2668,main_green,main_green,59,331.0,8.712465614911496,15,2,2,13.0,15.0,2.0,8.0
2669,main_green,main_green,58,345.0,8.702590929145213,14,2,2,13.0,15.0,2.0,8.0
2670,main_green,main_green,59,360.0,8.61211095006387,16,2,2,13.0,15.0,2.0,8.0
2671,main_green,main_green,58,375.0,8.691359156440123,15,2,2,13.0,15.0,2.0,8.0
2672,main_green,main_green,58,390.0,8.458846114825642,16,2,2,13.0,15.0,2.0,8.0
2673,main_green,main_green,57,406.0,8.304153673883736,16,2,2,13.0,15.0,2.0,8.0
2674,yellow_transition,yellow_transition,56,422.0,8.352246966546925,16,3,3,14.0,12.0,8.0,8.0
2675,yellow_transition,yellow_transition,55,440.0,8.019910632477758,19,3,3,14.0,12.0,8.0,8.0
2676,yellow_transition,yellow_transition,60,458.0,7.157219172756519,23,3,3,14.0,12.0,8.0,8.0
2677,side_green,main_green,60,291.0,7.535271100032948,14,0,2,14.0,12.0,8.0,8.0
2678,side_green,main_green,60,206.0,7.918791052511355,10,0,2,14.0,12.0,8.0,8.0
2679,side_green,main_green,60,201.0,8.245239100389089,8,0,2,14.0,12.0,8.0,8.0
2680,side_green,main_green,62,210.0,8.306757246088939,11,0,2,14.0,12.0,8.0,8.0
2681,side_green,main_green,61,220.0,8.570125105786582,10,0,2,14.0,12.0,8.0,8.0
2682,side_green,main_green,61,230.0,8.827095038686833,10,0,2,14.0,12.0,8.0,8.0
2683,side_green,main_green,59,241.0,8.917112645453894,11,0,2,14.0,12.0,8.0,8.0
2684,side_green,main_green,60,254.0,8.94068460902566,14,0,2,14.0,12.0,8.0,8.0
2685,side_green,main_green,61,267.0,8.718059984291923,14,0,2,14.0,12.0,8.0,8.0
2686,side_green,main_green,61,283.0,8.77229478824911,16,0,2,14.0,12.0,8.0,8.0
2687,yellow_transition,yellow_transition,61,299.0,8.668876018620443,16,1,3,-15.0,15.0,10.0,2.0
2688,yellow_transition,yellow_transition,65,315.0,7.942393134076229,21,1,3,-15.0,15.0,10.0,2.0
2689,yellow_transition,yellow_transition,65,331.0,7.934876933438337,16,1,3,-15.0,15.0,10.0,2.0
2690,main_green,side_green,64,122.0,8.062592355973408,10,2,0,-15.0,15.0,10.0,2.0
2691,main_green,side_green,64,18.0,8.423059873226167,3,2,0,-15.0,15.0,10.0,2.0
2692,main_green,side_green,64,2.0,8.780310349127102,2,2,0,-15.0,15.0,10.0,2.0
2693,main_green,side_green,64,3.0,9.200868849154501,1,2,0,-15.0,15.0,10.0,2.0
2694,main_green,side_green,64,4.0,9.688495804259041,1,2,0,-15.0,15.0,10.0,2.0
2695,main_green,side_green,62,7.0,9.812029659718585,4,2,0,-15.0,15.0,10.0,2.0
2696,main_green,side_green,61,11.0,9.960445180843104,5,2,0,-15.0,15.0,10.0,2.0
2697,main_green,side_green,61,17.0,10.37355286579956,6,2,0,-15.0,15.0,10.0,2.0
2698,main_green,side_green,59,24.0,10.458147583818322,7,2,0,-15.0,15.0,10.0,2.0
2699,main_green,side_green,57,31.0,10.490328126271724,7,2,0,-15.0,15.0,10.0,2.0
2700,yellow_transition,yellow_transition,61,38.0,9.611791895036458,12,3,1,-10.0,0.0,-15.0,11.0
2701,yellow_transition,yellow_transition,59,45.0,9.501017796354112,8,3,1,-10.0,0.0,-15.0,11.0
2702,yellow_transition,yellow_transition,57,53.0,9.436744117362908,8,3,1,-10.0,0.0,-15.0,11.0
2703,main_green,main_green,56,24.0,9.772364992212587,4,2,2,-10.0,0.0,-15.0,11.0
2704,main_green,main_green,57,17.0,10.015177625357442,3,2,2,-10.0,0.0,-15.0,11.0
2705,main_green,main_green,57,19.0,10.451317205846482,2,2,2,-10.0,0.0,-15.0,11.0
2706,main_green,main_green,57,21.0,10.498341854503437,3,2,2,-10.0,0.0,-15.0,11.0
2707,main_green,main_green,56,23.0,10.615788818109364,2,2,2,-10.0,0.0,-15.0,11.0
2708,main_green,main_green,56,25.0,10.634224498973822,3,2,2,-10.0,0.0,-15.0,11.0
2709,main_green,main_green,54,28.0,10.860419210246366,3,2,2,-10.0,0.0,-15.0,11.0
2710,main_green,main_green,53,34.0,10.922946477869543,6,2,2,-10.0,0.0,-15.0,11.0
2711,main_green,main_green,51,40.0,10.654151540898093,7,2,2,-10.0,0.0,-15.0,11.0
2712,main_green,main_green,54,46.0,9.721063968888691,11,2,2,-10.0,0.0,-15.0,11.0
2713,main_green,main_green,52,52.0,9.884441010172559,6,2,2,-1.0,7.0,1.0,17.0
2714,main_green,main_green,51,58.0,10.107450764759426,6,2,2,-1.0,7.0,1.0,17.0
2715,main_green,main_green,51,64.0,10.413498571774223,6,2,2,-1.0,7.0,1.0,17.0
2716,main_green,main_green,52,70.0,10.08664868542387,8,2,2,-1.0,7.0,1.0,17.0
2717,main_green,main_green,52,76.0,10.09344253232815,6,2,2,-1.0,7.0,1.0,17.0
2718,main_green,main_green,52,82.0,10.139868242150742,6,2,2,-1.0,7.0,1.0,17.0
2719,main_green,main_green,51,89.0,9.950656342125797,7,2,2,-1.0,7.0,1.0,17.0
2720,main_green,main_green,52,99.0,9.834693312758185,11,2,2,-1.0,7.0,1.0,17.0
2721,main_green,main_green,53,109.0,9.787354464782746,11,2,2,-1.0,7.0,1.0,17.0
2722,main_green,main_green,51,119.0,9.755797064886698,10,2,2,-1.0,7.0,1.0,17.0
2723,main_green,main_green,51,129.0,9.923566413401058,10,2,2,5.0,15.0,-3.0,9.0
2724,main_green,main_green,56,139.0,9.053881214883644,15,2,2,5.0,15.0,-3.0,9.0
2725,main_green,main_green,55,149.0,9.323782678018263,10,2,2,5.0,15.0,-3.0,9.0
2726,main_green,main_green,56,159.0,9.333634287126861,11,2,2,5.0,15.0,-3.0,9.0
2727,main_green,main_green,56,169.0,9.59571822502806,10,2,2,5.0,15.0,-3.0,9.0
2728,main_green,main_green,57,179.0,9.551738859508859,11,2,2,5.0,15.0,-3.0,9.0
2729,main_green,main_green,56,189.0,9.726193451746212,10,2,2,5.0,15.0,-3.0,9.0
2730,main_green,main_green,53,199.0,9.605077508563491,10,2,2,5.0,15.0,-3.0,9.0
2731,main_green,main_green,52,210.0,9.170057013768313,12,2,2,5.0,15.0,-3.0,9.0
2732,main_green,main_green,53,222.0,9.036064573246989,13,2,2,5.0,15.0,-3.0,9.0
2733,main_green,main_green,53,234.0,9.130358247010221,12,2,2,11.0,13.0,4.0,8.0
2734,main_green,main_green,53,247.0,9.195384241392668,13,2,2,11.0,13.0,4.0,8.0
2735,main_green,main_green,53,260.0,9.222532316259537,13,2,2,11.0,13.0,4.0,8.0
2736,main_green,main_green,58,274.0,8.488905985759876,19,2,2,11.0,13.0,4.0,8.0
2737,main_green,main_green,59,288.0,8.609386048598074,15,2,2,11.0,13.0,4.0,8.0
2738,main_green,main_green,59,302.0,8.832060519300025,14,2,2,11.0,13.0,4.0,8.0
2739,main_green,main_green,57,316.0,8.81587299259444,14,2,2,11.0,13.0,4.0,8.0
2740,main_green,main_green,58,330.0,8.745555412088775,15,2,2,11.0,13.0,4.0,8.0
2741,main_green,main_green,57,344.0,8.672845500288425,14,2,2,11.0,13.0,4.0,8.0
2742,main_green,main_green,58,358.0,8.624297948677789,15,2,2,11.0,13.0,4.0,8.0
2743,yellow_transition,yellow_transition,58,372.0,8.620856386894745,14,3,3,13.0,11.0,7.0,7.0
2744,yellow_transition,yellow_transition,58,389.0,8.263736794536976,18,3,3,13.0,11.0,7.0,7.0
2745,yellow_transition,yellow_transition,58,407.0,8.103711363928145,18,3,3,13.0,11.0,7.0,7.0
2746,side_green,main_green,58,249.0,8.388153275991078,14,0,2,13.0,11.0,7.0,7.0
2747,side_green,main_green,58,178.0,8.494095468106446,11,0,2,13.0,11.0,7.0,7.0
2748,side_green,main_green,63,178.0,8.18602981543933,13,0,2,13.0,11.0,7.0,7.0
2749,side_green,main_green,63,187.0,8.703248091111774,9,0,2,13.0,11.0,7.0,7.0
2750,side_green,main_green,61,196.0,8.948549636058551,9,0,2,13.0,11.0,7.0,7.0
2751,side_green,main_green,60,205.0,9.229049580380103,9,0,2,13.0,11.0,7.0,7.0
2752,side_green,main_green,62,214.0,9.125263210493241,11,0,2,13.0,11.0,7.0,7.0
2753,side_green,main_green,60,225.0,9.124310152954346,11,0,2,13.0,11.0,7.0,7.0
2754,side_green,main_green,59,236.0,9.131889536484294,11,0,2,13.0,11.0,7.0,7.0
2755,side_green,main_green,57,249.0,9.06727594978879,13,0,2,13.0,11.0,7.0,7.0
2756,yellow_transition,yellow_transition,58,263.0,9.038777512219998,15,1,3,-11.0,15.0,13.0,3.0
2757,yellow_transition,yellow_transition,58,278.0,8.860359661043583,16,1,3,-11.0,15.0,13.0,3.0
2758,yellow_transition,yellow_transition,58,293.0,8.768182854341775,15,1,3,-11.0,15.0,13.0,3.0
2759,main_green,side_green,57,100.0,9.079669799914056,7,2,0,-11.0,15.0,13.0,3.0
2760,main_green,side_green,62,11.0,8.578652828311691,7,2,0,-11.0,15.0,13.0,3.0
2761,main_green,side_green,62,0.0,9.177518427842184,0,2,0,-11.0,15.0,13.0,3.0
2762,main_green,side_green,63,0.0,9.65187170759485,1,2,0,-11.0,15.0,13.0,3.0
2763,main_green,side_green,62,1.0,10.129719762613336,1,2,0,-11.0,15.0,13.0,3.0
2764,main_green,side_green,61,2.0,10.557294136323987,2,2,0,-11.0,15.0,13.0,3.0
2765,main_green,side_green,60,3.0,11.049710686849773,1,2,0,-11.0,15.0,13.0,3.0
2766,main_green,side_green,57,4.0,11.153980648963849,1,2,0,-11.0,15.0,13.0,3.0
2767,main_green,side_green,55,7.0,10.978870906195004,4,2,0,-11.0,15.0,13.0,3.0
2768,main_green,side_green,56,10.0,10.721778118817323,4,2,0,-11.0,15.0,13.0,3.0
2769,yellow_transition,yellow_transition,55,14.0,10.73657680443112,4,3,1,-9.0,3.0,-15.0,11.0
2770,yellow_transition,yellow_transition,54,19.0,10.53268003610032,5,3,1,-9.0,3.0,-15.0,11.0
2771,yellow_transition,yellow_transition,53,26.0,10.52670040459754,7,3,1,-9.0,3.0,-15.0,11.0
2772,main_green,main_green,55,7.0,9.681632349343559,7,2,2,-9.0,3.0,-15.0,11.0
2773,main_green,main_green,56,9.0,9.94070492130316,3,2,2,-9.0,3.0,-15.0,11.0
2774,main_green,main_green,56,11.0,10.36649620988157,2,2,2,-9.0,3.0,-15.0,11.0
2775,main_green,main_green,54,13.0,10.721502303415464,2,2,2,-9.0,3.0,-15.0,11.0
2776,main_green,main_green,55,15.0,10.85540960764054,3,2,2,-9.0,3.0,-15.0,11.0
2777,main_green,main_green,54,17.0,11.064242656475678,2,2,2,-9.0,3.0,-15.0,11.0
2778,main_green,main_green,54,19.0,10.784440377341786,3,2,2,-9.0,3.0,-15.0,11.0
2779,main_green,main_green,50,21.0,10.836868686485518,2,2,2,-9.0,3.0,-15.0,11.0
2780,main_green,main_green,51,25.0,10.678254685078132,5,2,2,-9.0,3.0,-15.0,11.0
2781,main_green,main_green,48,29.0,10.767965651143236,4,2,2,-9.0,3.0,-15.0,11.0
2782,main_green,main_green,47,34.0,10.746516509155288,5,2,2,-4.0,6.0,-2.0,18.0
2783,main_green,main_green,46,40.0,10.454419566676853,7,2,2,-4.0,6.0,-2.0,18.0
2784,main_green,main_green,51,46.0,9.721588678725912,11,2,2,-4.0,6.0,-2.0,18.0
2785,main_green,main_green,49,52.0,9.942403885183626,6,2,2,-4.0,6.0,-2.0,18.0
2786,main_green,main_green,48,58.0,10.15685219571513,6,2,2,-4.0,6.0,-2.0,18.0
2787,main_green,main_green,47,64.0,10.336723950523789,6,2,2,-4.0,6.0,-2.0,18.0
2788,main_green,main_green,48,70.0,9.9856405199043,8,2,2,-4.0,6.0,-2.0,18.0
2789,main_green,main_green,48,76.0,9.994304064043725,6,2,2,-4.0,6.0,-2.0,18.0
2790,main_green,main_green,48,82.0,9.998894539454861,6,2,2,-4.0,6.0,-2.0,18.0
2791,main_green,main_green,48,89.0,9.964572112692826,7,2,2,-4.0,6.0,-2.0,18.0
2792,main_green,main_green,49,97.0,9.73277138543518,9,2,2,8.0,16.0,-1.0,7.0
2793,main_green,main_green,50,106.0,9.67360498453344,10,2,2,8.0,16.0,-1.0,7.0
2794,main_green,main_green,50,116.0,9.734685898155597,10,2,2,8.0,16.0,-1.0,7.0
2795,main_green,main_green,50,126.0,9.832530308523005,10,2,2,8.0,16.0,-1.0,7.0
2796,main_green,main_green,55,136.0,9.115071841559862,15,2,2,8.0,16.0,-1.0,7.0
2797,main_green,main_green,54,146.0,9.294660168645246,10,2,2,8.0,16.0,-1.0,7.0
2798,main_green,main_green,53,156.0,9.1715874402298,11,2,2,8.0,16.0,-1.0,7.0
2799,main_green,main_green,52,166.0,9.19883129888787,10,2,2,8.0,16.0,-1.0,7.0
2800,main_green,main_green,53,176.0,9.08278585691537,11,2,2,8.0,16.0,-1.0,7.0
2801,main_green,main_green,53,186.0,9.19317127526803,10,2,2,8.0,16.0,-1.0,7.0
2802,main_green,main_green,52,196.0,9.059395032029933,10,2,2,10.0,12.0,3.0,9.0
2803,main_green,main_green,53,206.0,8.969479601925551,11,2,2,10.0,12.0,3.0,9.0
2804,main_green,main_green,54,219.0,8.845522975625054,14,2,2,10.0,12.0,3.0,9.0
2805,main_green,main_green,54,232.0,9.034406057411763,13,2,2,10.0,12.0,3.0,9.0
2806,main_green,main_green,54,246.0,9.181608140391681,14,2,2,10.0,12.0,3.0,9.0
2807,main_green,main_green,54,260.0,9.253404294425069,14,2,2,10.0,12.0,3.0,9.0
2808,main_green,main_green,58,274.0,8.373781541652205,19,2,2,10.0,12.0,3.0,9.0
2809,main_green,main_green,59,288.0,8.531364844718219,15,2,2,10.0,12.0,3.0,9.0
2810,main_green,main_green,57,302.0,8.644427692072508,14,2,2,10.0,12.0,3.0,9.0
2811,main_green,main_green,56,316.0,8.747365499770348,14,2,2,10.0,12.0,3.0,9.0
2812,yellow_transition,yellow_transition,57,330.0,8.551861073290015,15,3,3,13.0,11.0,9.0,9.0
2813,yellow_transition,yellow_transition,56,344.0,8.268227288082441,14,3,3,13.0,11.0,9.0,9.0
2814,yellow_transition,yellow_transition,57,360.0,7.977341556387904,17,3,3,13.0,11.0,9.0,9.0
2815,side_green,main_green,55,212.0,8.033967676633319,11,0,2,13.0,11.0,9.0,9.0
2816,side_green,main_green,56,150.0,8.1746186147333,9,0,2,13.0,11.0,9.0,9.0
2817,side_green,main_green,56,155.0,8.653526147275633,8,0,2,13.0,11.0,9.0,9.0
2818,side_green,main_green,56,164.0,9.195525079797438,9,0,2,13.0,11.0,9.0,9.0
2819,side_green,main_green,57,173.0,9.277964264352846,10,0,2,13.0,11.0,9.0,9.0
2820,side_green,main_green,62,182.0,8.908594244893733,14,0,2,13.0,11.0,9.0,9.0
2821,side_green,main_green,61,191.0,9.071497350959612,9,0,2,13.0,11.0,9.0,9.0
2822,side_green,main_green,61,201.0,9.338669400337775,10,0,2,13.0,11.0,9.0,9.0
2823,side_green,main_green,59,212.0,9.299487266144027,11,0,2,13.0,11.0,9.0,9.0
2824,side_green,main_green,61,225.0,9.101436632369554,15,0,2,13.0,11.0,9.0,9.0
2825,yellow_transition,yellow_transition,61,238.0,8.9975454378528,13,1,3,-8.0,16.0,12.0,2.0
2826,yellow_transition,yellow_transition,60,251.0,8.737169928794087,13,1,3,-8.0,16.0,12.0,2.0
2827,yellow_transition,yellow_transition,60,267.0,8.599373623115886,16,1,3,-8.0,16.0,12.0,2.0
2828,main_green,side_green,60,89.0,8.52412948879599,11,2,0,-8.0,16.0,12.0,2.0
2829,main_green,side_green,60,9.0,8.567379414560104,4,2,0,-8.0,16.0,12.0,2.0
2830,main_green,side_green,59,5.0,8.980892754163879,2,2,0,-8.0,16.0,12.0,2.0
2831,main_green,side_green,58,7.0,9.577465909179791,2,2,0,-8.0,16.0,12.0,2.0
2832,main_green,side_green,63,10.0,9.505015789642812,8,2,0,-8.0,16.0,12.0,2.0
2833,main_green,side_green,61,13.0,10.104968514214253,3,2,0,-8.0,16.0,12.0,2.0
2834,main_green,side_green,59,16.0,10.556443362379227,4,2,0,-8.0,16.0,12.0,2.0
2835,main_green,side_green,56,19.0,10.922188374840388,3,2,0,-8.0,16.0,12.0,2.0
2836,main_green,side_green,56,22.0,10.889833771315864,4,2,0,-8.0,16.0,12.0,2.0
2837,main_green,side_green,54,25.0,11.026602458690968,3,2,0,-8.0,16.0,12.0,2.0
2838,yellow_transition,yellow_transition,53,29.0,11.004664479880079,4,3,1,-4.0,4.0,-11.0,13.0
2839,yellow_transition,yellow_transition,53,33.0,10.611425502266796,5,3,1,-4.0,4.0,-11.0,13.0
2840,yellow_transition,yellow_transition,54,37.0,10.114324051675984,5,3,1,-4.0,4.0,-11.0,13.0
2841,main_green,main_green,52,17.0,10.298719676265469,3,2,2,-4.0,4.0,-11.0,13.0
2842,main_green,main_green,52,20.0,10.750433650879362,3,2,2,-4.0,4.0,-11.0,13.0
2843,main_green,main_green,51,23.0,10.872869742004205,3,2,2,-4.0,4.0,-11.0,13.0
2844,main_green,main_green,56,26.0,10.170808152264295,8,2,2,-4.0,4.0,-11.0,13.0
2845,main_green,main_green,57,29.0,10.40841865016451,4,2,2,-4.0,4.0,-11.0,13.0
2846,main_green,main_green,56,32.0,10.909606108365383,3,2,2,-4.0,4.0,-11.0,13.0
2847,main_green,main_green,52,35.0,10.972330419955474,3,2,2,-4.0,4.0,-11.0,13.0
2848,main_green,main_green,51,38.0,10.930400563104318,4,2,2,-4.0,4.0,-11.0,13.0
2849,main_green,main_green,49,41.0,10.890454094348291,3,2,2,-4.0,4.0,-11.0,13.0
2850,main_green,main_green,50,44.0,10.722434983567778,4,2,2,-4.0,4.0,-11.0,13.0
2851,main_green,main_green,48,47.0,10.626397316976435,3,2,2,-2.0,4.0,-2.0,20.0
2852,main_green,main_green,49,52.0,10.425580711995783,6,2,2,-2.0,4.0,-2.0,20.0
2853,main_green,main_green,48,58.0,10.532673722614277,6,2,2,-2.0,4.0,-2.0,20.0
2854,main_green,main_green,47,64.0,10.578920274053907,6,2,2,-2.0,4.0,-2.0,20.0
2855,main_green,main_green,47,71.0,10.375490595501896,8,2,2,-2.0,4.0,-2.0,20.0
2856,main_green,main_green,51,78.0,9.428519069118234,12,2,2,-2.0,4.0,-2.0,20.0
2857,main_green,main_green,49,85.0,9.53553573173296,7,2,2,-2.0,4.0,-2.0,20.0
2858,main_green,main_green,49,92.0,9.906888885223955,7,2,2,-2.0,4.0,-2.0,20.0
2859,main_green,main_green,49,99.0,10.028054024865611,7,2,2,-2.0,4.0,-2.0,20.0
2860,main_green,main_green,51,106.0,9.67531406663954,9,2,2,-2.0,4.0,-2.0,20.0
2861,main_green,main_green,51,113.0,9.755561197197352,7,2,2,9.0,17.0,0.0,10.0
2862,main_green,main_green,51,120.0,9.827018036826427,7,2,2,9.0,17.0,0.0,10.0
2863,main_green,main_green,51,127.0,9.855460204276241,7,2,2,9.0,17.0,0.0,10.0
2864,main_green,main_green,51,137.0,9.61127547279998,11,2,2,9.0,17.0,0.0,10.0
2865,main_green,main_green,51,148.0,9.555092797272737,12,2,2,9.0,17.0,0.0,10.0
2866,main_green,main_green,51,159.0,9.569326315232049,11,2,2,9.0,17.0,0.0,10.0
2867,main_green,main_green,50,170.0,9.571878527445545,11,2,2,9.0,17.0,0.0,10.0
2868,main_green,main_green,55,181.0,8.893298443509154,16,2,2,9.0,17.0,0.0,10.0
2869,main_green,main_green,54,192.0,9.07822205335061,11,2,2,9.0,17.0,0.0,10.0
2870,main_green,main_green,55,203.0,9.138373549316228,12,2,2,9.0,17.0,0.0,10.0
2871,yellow_transition,yellow_transition,54,214.0,9.320647888834555,11,3,3,14.0,12.0,2.0,6.0
2872,yellow_transition,yellow_transition,55,225.0,8.98212316295791,12,3,3,14.0,12.0,2.0,6.0
2873,yellow_transition,yellow_transition,55,236.0,8.911964119275357,11,3,3,14.0,12.0,2.0,6.0
2874,side_green,main_green,55,111.0,8.867598562649235,7,0,2,14.0,12.0,2.0,6.0
2875,side_green,main_green,56,71.0,8.930665956698851,6,0,2,14.0,12.0,2.0,6.0
2876,side_green,main_green,57,75.0,9.02277278396692,6,0,2,14.0,12.0,2.0,6.0
2877,side_green,main_green,56,81.0,9.186755243459249,6,0,2,14.0,12.0,2.0,6.0
2878,side_green,main_green,56,89.0,9.648394093203759,8,0,2,14.0,12.0,2.0,6.0
2879,side_green,main_green,55,97.0,9.86583384645081,8,0,2,14.0,12.0,2.0,6.0
2880,side_green,main_green,60,106.0,9.261161836287739,14,0,2,14.0,12.0,2.0,6.0
2881,side_green,main_green,60,115.0,9.330610475119702,10,0,2,14.0,12.0,2.0,6.0
2882,side_green,main_green,59,124.0,9.504696902332702,9,0,2,14.0,12.0,2.0,6.0
2883,side_green,main_green,59,134.0,9.520775521669973,10,0,2,14.0,12.0,2.0,6.0
2884,yellow_transition,yellow_transition,59,144.0,9.182551541945845,11,1,3,-8.0,16.0,5.0,1.0
2885,yellow_transition,yellow_transition,58,154.0,8.900097832278984,10,1,3,-8.0,16.0,5.0,1.0
2886,yellow_transition,yellow_transition,59,166.0,8.602278852826903,13,1,3,-8.0,16.0,5.0,1.0
2887,main_green,side_green,59,31.0,8.589482839841061,5,2,0,-8.0,16.0,5.0,1.0
2888,main_green,side_green,60,1.0,8.7189244289631,2,2,0,-8.0,16.0,5.0,1.0
2889,main_green,side_green,58,3.0,8.980750980354399,2,2,0,-8.0,16.0,5.0,1.0
2890,main_green,side_green,57,7.0,9.486453649138426,4,2,0,-8.0,16.0,5.0,1.0
2891,main_green,side_green,56,11.0,9.637459527355391,5,2,0,-8.0,16.0,5.0,1.0
2892,main_green,side_green,59,15.0,9.303876036700052,9,2,0,-8.0,16.0,5.0,1.0
2893,main_green,side_green,57,19.0,9.821173094290264,4,2,0,-8.0,16.0,5.0,1.0
2894,main_green,side_green,55,23.0,10.365724639147691,4,2,0,-8.0,16.0,5.0,1.0
2895,main_green,side_green,52,28.0,10.478661179685691,5,2,0,-8.0,16.0,5.0,1.0
2896,main_green,side_green,53,34.0,10.195995945973785,8,2,0,-8.0,16.0,5.0,1.0
2897,yellow_transition,yellow_transition,52,40.0,10.229384617782957,6,3,1,-2.0,4.0,-6.0,18.0
2898,yellow_transition,yellow_transition,52,47.0,10.442194675974513,7,3,1,-2.0,4.0,-6.0,18.0
2899,yellow_transition,yellow_transition,50,54.0,10.235884723621465,7,3,1,-2.0,4.0,-6.0,18.0
2900,main_green,main_green,51,26.0,10.065145373394179,4,2,2,-2.0,4.0,-6.0,18.0
2901,main_green,main_green,52,26.0,10.06125405252251,4,2,2,-2.0,4.0,-6.0,18.0
2902,main_green,main_green,52,30.0,10.468724213757302,4,2,2,-2.0,4.0,-6.0,18.0
2903,main_green,main_green,52,34.0,10.909778028605034,4,2,2,-2.0,4.0,-6.0,18.0
2904,main_green,main_green,57,38.0,10.246312660008199,9,2,2,-2.0,4.0,-6.0,18.0
2905,main_green,main_green,56,42.0,10.569262117704058,4,2,2,-2.0,4.0,-6.0,18.0
2906,main_green,main_green,53,46.0,10.624307754496497,5,2,2,-2.0,4.0,-6.0,18.0
2907,main_green,main_green,52,50.0,10.793439181691319,4,2,2,-2.0,4.0,-6.0,18.0
2908,main_green,main_green,49,54.0,10.621704848909907,5,2,2,-2.0,4.0,-6.0,18.0
2909,main_green,main_green,49,58.0,10.552368465864753,4,2,2,-2.0,4.0,-6.0,18.0
2910,main_green,main_green,49,62.0,10.539743557441753,4,2,2,0.0,6.0,0.0,20.0
2911,main_green,main_green,50,66.0,10.358688528555748,5,2,2,0.0,6.0,0.0,20.0
2912,main_green,main_green,51,71.0,10.168586324129222,6,2,2,0.0,6.0,0.0,20.0
2913,main_green,main_green,48,78.0,10.086581509698574,7,2,2,0.0,6.0,0.0,20.0
2914,main_green,main_green,47,86.0,10.165205011813914,8,2,2,0.0,6.0,0.0,20.0
2915,main_green,main_green,46,94.0,10.368003979403012,8,2,2,0.0,6.0,0.0,20.0
2916,main_green,main_green,51,102.0,9.290945511029634,13,2,2,0.0,6.0,0.0,20.0
2917,main_green,main_green,51,110.0,9.308501052713636,9,2,2,0.0,6.0,0.0,20.0
2918,main_green,main_green,51,118.0,9.611307874241156,8,2,2,0.0,6.0,0.0,20.0
2919,main_green,main_green,50,126.0,9.896457912743287,8,2,2,0.0,6.0,0.0,20.0
2920,main_green,main_green,51,134.0,9.768975811420898,9,2,2,12.0,18.0,-3.0,7.0
2921,main_green,main_green,51,142.0,9.799756080062025,8,2,2,12.0,18.0,-3.0,7.0
2922,main_green,main_green,52,150.0,9.56506091927155,9,2,2,12.0,18.0,-3.0,7.0
2923,main_green,main_green,52,158.0,9.594108688115139,8,2,2,12.0,18.0,-3.0,7.0
2924,main_green,main_green,53,168.0,9.299523788098476,11,2,2,12.0,18.0,-3.0,7.0
2925,main_green,main_green,53,178.0,9.415779717715337,10,2,2,12.0,18.0,-3.0,7.0
2926,main_green,main_green,51,190.0,9.39268614903982,12,2,2,12.0,18.0,-3.0,7.0
2927,main_green,main_green,51,202.0,9.193569857449182,13,2,2,12.0,18.0,-3.0,7.0
2928,main_green,main_green,56,214.0,8.49940386366031,17,2,2,12.0,18.0,-3.0,7.0
2929,main_green,main_green,56,226.0,8.770056039197392,12,2,2,12.0,18.0,-3.0,7.0
2930,yellow_transition,yellow_transition,56,238.0,9.01864984768709,12,3,3,16.0,14.0,3.0,7.0
2931,yellow_transition,yellow_transition,55,250.0,9.091181319307317,12,3,3,16.0,14.0,3.0,7.0
2932,yellow_transition,yellow_transition,57,262.0,8.701501860141413,14,3,3,16.0,14.0,3.0,7.0
2933,side_green,main_green,57,120.0,8.836004171448286,8,0,2,16.0,14.0,3.0,7.0
2934,side_green,main_green,57,62.0,8.970987425828325,4,0,2,16.0,14.0,3.0,7.0
2935,side_green,main_green,56,66.0,8.981343993954289,4,0,2,16.0,14.0,3.0,7.0
2936,side_green,main_green,57,72.0,9.050861620492707,7,0,2,16.0,14.0,3.0,7.0
2937,side_green,main_green,57,79.0,9.183237220414682,8,0,2,16.0,14.0,3.0,7.0
2938,side_green,main_green,57,88.0,9.501793566514289,9,0,2,16.0,14.0,3.0,7.0
2939,side_green,main_green,56,97.0,9.664492419405281,9,0,2,16.0,14.0,3.0,7.0
2940,side_green,main_green,60,107.0,9.023057765746392,15,0,2,16.0,14.0,3.0,7.0
2941,side_green,main_green,60,118.0,9.336954863187225,11,0,2,16.0,14.0,3.0,7.0
2942,side_green,main_green,59,129.0,9.04265188873124,12,0,2,16.0,14.0,3.0,7.0
2943,yellow_transition,yellow_transition,59,140.0,9.031482030796585,11,1,3,-9.0,15.0,7.0,5.0
2944,yellow_transition,yellow_transition,60,151.0,8.804750286195084,12,1,3,-9.0,15.0,7.0,5.0
2945,yellow_transition,yellow_transition,60,162.0,8.648348475206546,11,1,3,-9.0,15.0,7.0,5.0
2946,main_green,side_green,60,29.0,8.722323899086055,6,2,0,-9.0,15.0,7.0,5.0
2947,main_green,side_green,60,5.0,8.622572780634357,4,2,0,-9.0,15.0,7.0,5.0
2948,main_green,side_green,60,8.0,8.884617442657182,4,2,0,-9.0,15.0,7.0,5.0
2949,main_green,side_green,60,11.0,9.392306136261492,3,2,0,-9.0,15.0,7.0,5.0
2950,main_green,side_green,59,16.0,9.843276929625949,5,2,0,-9.0,15.0,7.0,5.0
2951,main_green,side_green,57,21.0,10.333647089997937,5,2,0,-9.0,15.0,7.0,5.0
2952,main_green,side_green,60,26.0,9.675392162364423,10,2,0,-9.0,15.0,7.0,5.0
2953,main_green,side_green,58,31.0,9.660346214254556,6,2,0,-9.0,15.0,7.0,5.0
2954,main_green,side_green,56,36.0,9.80122437005497,5,2,0,-9.0,15.0,7.0,5.0
2955,main_green,side_green,54,43.0,9.845342736578592,7,2,0,-9.0,15.0,7.0,5.0
2956,yellow_transition,yellow_transition,54,51.0,9.637148340713045,9,3,1,-3.0,1.0,-6.0,18.0
2957,yellow_transition,yellow_transition,52,59.0,9.334235752708851,8,3,1,-3.0,1.0,-6.0,18.0
2958,yellow_transition,yellow_transition,52,67.0,8.634908953132399,9,3,1,-3.0,1.0,-6.0,18.0
2959,main_green,main_green,51,32.0,8.797201540997516,4,2,2,-3.0,1.0,-6.0,18.0
2960,main_green,main_green,52,26.0,8.938558274100222,4,2,2,-3.0,1.0,-6.0,18.0
2961,main_green,main_green,52,32.0,9.38914328078128,6,2,2,-3.0,1.0,-6.0,18.0
2962,main_green,main_green,52,38.0,9.696199728931363,6,2,2,-3.0,1.0,-6.0,18.0
2963,main_green,main_green,52,44.0,9.978651379489186,7,2,2,-3.0,1.0,-6.0,18.0
2964,main_green,main_green,57,50.0,9.517012911485988,11,2,2,-3.0,1.0,-6.0,18.0
2965,main_green,main_green,55,56.0,9.958940051047568,6,2,2,-3.0,1.0,-6.0,18.0
2966,main_green,main_green,52,62.0,10.222156359866833,6,2,2,-3.0,1.0,-6.0,18.0
2967,main_green,main_green,52,68.0,10.340914177043178,6,2,2,-3.0,1.0,-6.0,18.0
2968,main_green,main_green,53,74.0,10.100449616005713,8,2,2,-3.0,1.0,-6.0,18.0
2969,main_green,main_green,51,80.0,9.95854557927592,6,2,2,0.0,10.0,1.0,17.0
2970,main_green,main_green,51,86.0,10.062471116358184,6,2,2,0.0,10.0,1.0,17.0
2971,main_green,main_green,51,92.0,10.083987236462368,6,2,2,0.0,10.0,1.0,17.0
2972,main_green,main_green,51,101.0,9.835421633721454,10,2,2,0.0,10.0,1.0,17.0
2973,main_green,main_green,51,110.0,9.6351746539739,10,2,2,0.0,10.0,1.0,17.0
2974,main_green,main_green,50,120.0,9.700135781027056,10,2,2,0.0,10.0,1.0,17.0
2975,main_green,main_green,50,130.0,9.858086907000729,10,2,2,0.0,10.0,1.0,17.0
2976,main_green,main_green,53,140.0,8.849568506035414,15,2,2,0.0,10.0,1.0,17.0
2977,main_green,main_green,53,150.0,9.123321490816455,10,2,2,0.0,10.0,1.0,17.0
2978,main_green,main_green,54,160.0,9.172912593322572,11,2,2,0.0,10.0,1.0,17.0
2979,main_green,main_green,54,170.0,9.516524472080127,10,2,2,12.0,20.0,2.0,8.0
2980,main_green,main_green,55,180.0,9.344367837623023,11,2,2,12.0,20.0,2.0,8.0
2981,main_green,main_green,55,190.0,9.494816885897835,10,2,2,12.0,20.0,2.0,8.0
2982,main_green,main_green,55,200.0,9.46614371119351,10,2,2,12.0,20.0,2.0,8.0
2983,main_green,main_green,55,210.0,9.052334871785318,11,2,2,12.0,20.0,2.0,8.0
2984,main_green,main_green,56,221.0,8.883344782821691,12,2,2,12.0,20.0,2.0,8.0
2985,main_green,main_green,53,234.0,8.87788358783339,13,2,2,12.0,20.0,2.0,8.0
2986,main_green,main_green,53,247.0,8.930233738212937,13,2,2,12.0,20.0,2.0,8.0
2987,main_green,main_green,53,260.0,9.11383507945904,13,2,2,12.0,20.0,2.0,8.0
2988,main_green,main_green,58,274.0,8.287728119631138,19,2,2,12.0,20.0,2.0,8.0
2989,yellow_transition,yellow_transition,59,288.0,8.310648395840955,15,3,3,16.0,16.0,7.0,5.0
2990,yellow_transition,yellow_transition,58,302.0,8.585557215994417,14,3,3,16.0,16.0,7.0,5.0
2991,yellow_transition,yellow_transition,58,316.0,8.65042814328977,14,3,3,16.0,16.0,7.0,5.0
2992,main_green,side_green,59,224.0,8.521631150665089,11,2,0,16.0,16.0,7.0,5.0
2993,main_green,side_green,59,215.0,8.755400281040908,8,2,0,16.0,16.0,7.0,5.0
2994,main_green,side_green,59,223.0,8.59026834485073,9,2,0,16.0,16.0,7.0,5.0
2995,main_green,side_green,59,232.0,8.83260516054451,9,2,0,16.0,16.0,7.0,5.0
2996,main_green,side_green,59,242.0,9.002323918547523,11,2,0,16.0,16.0,7.0,5.0
2997,main_green,side_green,58,254.0,9.148549744312517,12,2,0,16.0,16.0,7.0,5.0
2998,main_green,side_green,58,266.0,9.428460364020848,12,2,0,16.0,16.0,7.0,5.0
2999,main_green,side_green,59,278.0,9.374208990555848,13,2,0,16.0,16.0,7.0,5.0
3000,main_green,side_green,64,291.0,8.708386640150799,18,2,0,16.0,16.0,7.0,5.0
3001,main_green,side_green,64,304.0,8.892059088206556,13,2,0,16.0,16.0,7.0,5.0
3002,yellow_transition,yellow_transition,63,318.0,8.9923740871484,14,3,1,13.0,3.0,-8.0,14.0
3003,yellow_transition,yellow_transition,63,332.0,8.930799051376004,14,3,1,13.0,3.0,-8.0,14.0
3004,yellow_transition,yellow_transition,65,346.0,8.469560937560868,16,3,1,13.0,3.0,-8.0,14.0
3005,side_green,main_green,64,125.0,8.401141760184881,6,0,2,13.0,3.0,-8.0,14.0
3006,side_green,main_green,64,24.0,8.603806452420326,4,0,2,13.0,3.0,-8.0,14.0
3007,side_green,main_green,62,3.0,8.880282430421683,2,0,2,13.0,3.0,-8.0,14.0
3008,side_green,main_green,63,6.0,9.169867465864947,4,0,2,13.0,3.0,-8.0,14.0
3009,side_green,main_green,62,10.0,9.52598222588688,5,0,2,13.0,3.0,-8.0,14.0
3010,side_green,main_green,60,15.0,10.07557495591112,5,0,2,13.0,3.0,-8.0,14.0
3011,side_green,main_green,58,20.0,10.345695599875972,5,0,2,13.0,3.0,-8.0,14.0
3012,side_green,main_green,60,26.0,9.628028026452366,11,0,2,13.0,3.0,-8.0,14.0
3013,side_green,main_green,57,32.0,9.728010946450375,6,0,2,13.0,3.0,-8.0,14.0
3014,side_green,main_green,55,39.0,9.702561664993354,8,0,2,13.0,3.0,-8.0,14.0
3015,yellow_transition,yellow_transition,55,46.0,9.810800350879534,7,1,3,-9.0,15.0,0.0,2.0
3016,yellow_transition,yellow_transition,56,54.0,9.556043885777223,9,1,3,-9.0,15.0,0.0,2.0
3017,yellow_transition,yellow_transition,55,63.0,9.460925566066656,9,1,3,-9.0,15.0,0.0,2.0
3018,main_green,main_green,55,31.0,9.608411389420528,4,2,2,-9.0,15.0,0.0,2.0
3019,main_green,main_green,55,24.0,9.363447224421188,4,2,2,-9.0,15.0,0.0,2.0
3020,main_green,main_green,56,27.0,9.42153319813396,4,2,2,-9.0,15.0,0.0,2.0
3021,main_green,main_green,56,32.0,9.736254650250071,5,2,2,-9.0,15.0,0.0,2.0
3022,main_green,main_green,56,38.0,10.11746781123146,6,2,2,-9.0,15.0,0.0,2.0
3023,main_green,main_green,54,44.0,10.448028302352641,6,2,2,-9.0,15.0,0.0,2.0
3024,main_green,main_green,57,50.0,9.759337890875466,11,2,2,-9.0,15.0,0.0,2.0
3025,main_green,main_green,57,56.0,9.882543958500682,7,2,2,-9.0,15.0,0.0,2.0
3026,main_green,main_green,55,62.0,10.142238593379572,6,2,2,-9.0,15.0,0.0,2.0
3027,main_green,main_green,55,68.0,10.323462576202033,6,2,2,-9.0,15.0,0.0,2.0
3028,main_green,main_green,54,74.0,10.191687969293001,7,2,2,-2.0,12.0,1.0,7.0
3029,main_green,main_green,53,80.0,10.13144980894036,6,2,2,-2.0,12.0,1.0,7.0
3030,main_green,main_green,53,86.0,9.90733808470738,7,2,2,-2.0,12.0,1.0,7.0
3031,main_green,main_green,49,92.0,9.912749672303715,6,2,2,-2.0,12.0,1.0,7.0
3032,main_green,main_green,50,100.0,9.679675800099414,9,2,2,-2.0,12.0,1.0,7.0
3033,main_green,main_green,49,110.0,9.704248256196722,10,2,2,-2.0,12.0,1.0,7.0
3034,main_green,main_green,49,120.0,9.838561735983037,10,2,2,-2.0,12.0,1.0,7.0
3035,main_green,main_green,49,130.0,9.847694719177657,11,2,2,-2.0,12.0,1.0,7.0
3036,main_green,main_green,53,140.0,8.848065513182572,15,2,2,-2.0,12.0,1.0,7.0
3037,main_green,main_green,52,150.0,9.014690671150875,10,2,2,-2.0,12.0,1.0,7.0
3038,main_green,main_green,52,160.0,9.30990131420349,10,2,2,1.0,7.0,14.0,22.0
3039,main_green,main_green,52,170.0,9.326001973403857,10,2,2,1.0,7.0,14.0,22.0
3040,main_green,main_green,54,180.0,9.061980669659956,12,2,2,1.0,7.0,14.0,22.0
3041,main_green,main_green,54,190.0,9.24524124958555,10,2,2,1.0,7.0,14.0,22.0
3042,main_green,main_green,54,200.0,9.201406746144327,10,2,2,1.0,7.0,14.0,22.0
3043,main_green,main_green,54,212.0,9.261710237422625,12,2,2,1.0,7.0,14.0,22.0
3044,main_green,main_green,52,225.0,8.909908917047058,14,2,2,1.0,7.0,14.0,22.0
3045,main_green,main_green,53,239.0,8.81421058472016,15,2,2,1.0,7.0,14.0,22.0
3046,main_green,main_green,53,253.0,8.946336742194168,14,2,2,1.0,7.0,14.0,22.0
3047,main_green,main_green,53,267.0,8.997395667665165,14,2,2,1.0,7.0,14.0,22.0
3048,main_green,main_green,57,281.0,8.255850730595034,19,2,2,3.0,7.0,13.0,17.0
3049,main_green,main_green,57,295.0,8.546766054650167,14,2,2,3.0,7.0,13.0,17.0
3050,main_green,main_green,58,309.0,8.626148079278265,15,2,2,3.0,7.0,13.0,17.0
3051,main_green,main_green,58,323.0,8.861684418568688,14,2,2,3.0,7.0,13.0,17.0
3052,main_green,main_green,59,337.0,8.549105848024737,15,2,2,3.0,7.0,13.0,17.0
3053,main_green,main_green,58,351.0,8.582005292984118,14,2,2,3.0,7.0,13.0,17.0
3054,main_green,main_green,57,365.0,8.472336489059819,14,2,2,3.0,7.0,13.0,17.0
3055,main_green,main_green,58,381.0,8.406174600562641,17,2,2,3.0,7.0,13.0,17.0
3056,main_green,main_green,58,398.0,8.249343506999033,18,2,2,3.0,7.0,13.0,17.0
3057,main_green,main_green,58,416.0,8.474428764123063,18,2,2,3.0,7.0,13.0,17.0
3058,yellow_transition,yellow_transition,58,434.0,8.470440134649625,18,3,3,10.0,10.0,12.0,10.0
3059,yellow_transition,yellow_transition,58,452.0,8.478615176589168,18,3,3,10.0,10.0,12.0,10.0
3060,yellow_transition,yellow_transition,62,470.0,7.679123457058472,23,3,3,10.0,10.0,12.0,10.0
3061,main_green,side_green,63,297.0,7.885016294677507,15,2,0,10.0,10.0,12.0,10.0
3062,main_green,side_green,63,210.0,8.246212827029959,10,2,0,10.0,10.0,12.0,10.0
3063,main_green,side_green,62,203.0,8.441407366186308,9,2,0,10.0,10.0,12.0,10.0
3064,main_green,side_green,63,212.0,8.587622591405747,10,2,0,10.0,10.0,12.0,10.0
3065,main_green,side_green,62,222.0,8.685527031287558,10,2,0,10.0,10.0,12.0,10.0
3066,main_green,side_green,62,233.0,8.778828919114892,12,2,0,10.0,10.0,12.0,10.0
3067,main_green,side_green,62,245.0,9.16118930733396,12,2,0,10.0,10.0,12.0,10.0
3068,main_green,side_green,63,259.0,9.283304937267664,15,2,0,10.0,10.0,12.0,10.0
3069,main_green,side_green,62,274.0,9.257395557143125,15,2,0,10.0,10.0,12.0,10.0
3070,main_green,side_green,60,289.0,9.075366429140184,15,2,0,10.0,10.0,12.0,10.0
3071,yellow_transition,yellow_transition,61,304.0,8.862374395345006,16,3,1,10.0,2.0,-15.0,15.0
3072,yellow_transition,yellow_transition,66,320.0,8.14029198444876,21,3,1,10.0,2.0,-15.0,15.0
3073,yellow_transition,yellow_transition,64,337.0,7.9923033610654315,17,3,1,10.0,2.0,-15.0,15.0
3074,side_green,main_green,64,126.0,8.266952051897832,9,0,2,10.0,2.0,-15.0,15.0
3075,side_green,main_green,62,20.0,8.438020971280464,3,0,2,10.0,2.0,-15.0,15.0
3076,side_green,main_green,63,2.0,8.449464822281065,4,0,2,10.0,2.0,-15.0,15.0
3077,side_green,main_green,63,4.0,8.948616081750037,2,0,2,10.0,2.0,-15.0,15.0
3078,side_green,main_green,63,6.0,9.523057229346435,2,0,2,10.0,2.0,-15.0,15.0
3079,side_green,main_green,61,10.0,9.733931091288284,4,0,2,10.0,2.0,-15.0,15.0
3080,side_green,main_green,60,16.0,10.068965701009182,7,0,2,10.0,2.0,-15.0,15.0
3081,side_green,main_green,56,22.0,9.998523550773644,7,0,2,10.0,2.0,-15.0,15.0
3082,side_green,main_green,56,28.0,10.468111569098664,6,0,2,10.0,2.0,-15.0,15.0
3083,side_green,main_green,53,35.0,10.559205626383397,7,0,2,10.0,2.0,-15.0,15.0
3084,yellow_transition,yellow_transition,56,42.0,9.562834002248858,12,1,3,-14.0,14.0,-6.0,2.0
3085,yellow_transition,yellow_transition,56,49.0,9.75169811321452,7,1,3,-14.0,14.0,-6.0,2.0
3086,yellow_transition,yellow_transition,56,56.0,9.614773284422679,8,1,3,-14.0,14.0,-6.0,2.0
3087,main_green,main_green,56,23.0,9.914347839218948,3,2,2,-14.0,14.0,-6.0,2.0
3088,main_green,main_green,57,20.0,10.10580882274735,3,2,2,-14.0,14.0,-6.0,2.0
3089,main_green,main_green,57,22.0,10.246201588101332,2,2,2,-14.0,14.0,-6.0,2.0
3090,main_green,main_green,57,24.0,10.565327193620702,2,2,2,-14.0,14.0,-6.0,2.0
3091,main_green,main_green,58,26.0,10.51312622540602,3,2,2,-14.0,14.0,-6.0,2.0
3092,main_green,main_green,58,30.0,10.48024707267413,5,2,2,-14.0,14.0,-6.0,2.0
3093,main_green,main_green,55,35.0,10.657710898956324,5,2,2,-14.0,14.0,-6.0,2.0
3094,main_green,main_green,53,41.0,10.796303446254692,6,2,2,-14.0,14.0,-6.0,2.0
3095,main_green,main_green,51,47.0,10.849174881483659,6,2,2,-14.0,14.0,-6.0,2.0
3096,main_green,main_green,54,53.0,9.94663058420667,11,2,2,-14.0,14.0,-6.0,2.0
3097,main_green,main_green,55,59.0,10.05223072870702,7,2,2,2.0,20.0,-1.0,3.0
3098,main_green,main_green,52,65.0,10.276617267182916,6,2,2,2.0,20.0,-1.0,3.0
3099,main_green,main_green,52,71.0,10.40069258391798,6,2,2,2.0,20.0,-1.0,3.0
3100,main_green,main_green,53,77.0,10.425547157460164,7,2,2,2.0,20.0,-1.0,3.0
3101,main_green,main_green,52,83.0,10.317429423452902,6,2,2,2.0,20.0,-1.0,3.0
3102,main_green,main_green,52,89.0,10.187846333472006,7,2,2,2.0,20.0,-1.0,3.0
3103,main_green,main_green,51,95.0,10.020305066856222,6,2,2,2.0,20.0,-1.0,3.0
3104,main_green,main_green,51,101.0,9.938275152423323,7,2,2,2.0,20.0,-1.0,3.0
3105,main_green,main_green,50,109.0,9.755119533849477,8,2,2,2.0,20.0,-1.0,3.0
3106,main_green,main_green,50,118.0,9.901257646974651,9,2,2,2.0,20.0,-1.0,3.0
3107,main_green,main_green,49,128.0,9.710047694996534,11,2,2,-3.0,5.0,7.0,15.0
3108,main_green,main_green,54,138.0,8.903986675487761,15,2,2,-3.0,5.0,7.0,15.0
3109,main_green,main_green,54,148.0,9.200581255425577,10,2,2,-3.0,5.0,7.0,15.0
3110,main_green,main_green,54,158.0,9.440157716967875,10,2,2,-3.0,5.0,7.0,15.0
3111,main_green,main_green,54,168.0,9.737571947024925,10,2,2,-3.0,5.0,7.0,15.0
3112,main_green,main_green,56,178.0,9.376367514169642,12,2,2,-3.0,5.0,7.0,15.0
3113,main_green,main_green,54,188.0,9.374061369912651,10,2,2,-3.0,5.0,7.0,15.0
3114,main_green,main_green,54,198.0,9.345386635718102,10,2,2,-3.0,5.0,7.0,15.0
3115,main_green,main_green,53,209.0,9.259007853769536,11,2,2,-3.0,5.0,7.0,15.0
3116,main_green,main_green,52,222.0,8.96967436671734,14,2,2,-3.0,5.0,7.0,15.0
3117,main_green,main_green,53,236.0,8.932040716454607,15,2,2,2.0,8.0,13.0,15.0
3118,main_green,main_green,53,250.0,9.055224301018066,14,2,2,2.0,8.0,13.0,15.0
3119,main_green,main_green,53,264.0,9.145697292708368,14,2,2,2.0,8.0,13.0,15.0
3120,main_green,main_green,58,278.0,8.531042802638266,19,2,2,2.0,8.0,13.0,15.0
3121,main_green,main_green,58,292.0,8.791287393050624,14,2,2,2.0,8.0,13.0,15.0
3122,main_green,main_green,58,306.0,8.728585260613848,15,2,2,2.0,8.0,13.0,15.0
3123,main_green,main_green,57,320.0,8.772172759765725,14,2,2,2.0,8.0,13.0,15.0
3124,main_green,main_green,58,334.0,8.621310556112201,15,2,2,2.0,8.0,13.0,15.0
3125,main_green,main_green,57,348.0,8.580203063971936,14,2,2,2.0,8.0,13.0,15.0
3126,main_green,main_green,56,363.0,8.466434510276615,15,2,2,2.0,8.0,13.0,15.0
3127,yellow_transition,yellow_transition,57,378.0,8.301024439204934,16,3,3,9.0,9.0,12.0,10.0
3128,yellow_transition,yellow_transition,58,395.0,8.10337654233467,18,3,3,9.0,9.0,12.0,10.0
3129,yellow_transition,yellow_transition,57,412.0,7.810465990912094,17,3,3,9.0,9.0,12.0,10.0
3130,main_green,side_green,57,250.0,8.002813341882918,14,2,0,9.0,9.0,12.0,10.0
3131,main_green,side_green,57,181.0,8.226441338466508,11,2,0,9.0,9.0,12.0,10.0
3132,main_green,side_green,62,181.0,7.782238998758971,15,2,0,9.0,9.0,12.0,10.0
3133,main_green,side_green,63,191.0,8.089220262100223,11,2,0,9.0,9.0,12.0,10.0
3134,main_green,side_green,62,202.0,8.457048182012112,11,2,0,9.0,9.0,12.0,10.0
3135,main_green,side_green,62,214.0,8.783102930243114,12,2,0,9.0,9.0,12.0,10.0
3136,main_green,side_green,62,226.0,8.822356482586022,13,2,0,9.0,9.0,12.0,10.0
3137,main_green,side_green,60,238.0,8.787302417073485,12,2,0,9.0,9.0,12.0,10.0
3138,main_green,side_green,60,251.0,8.804720664986823,14,2,0,9.0,9.0,12.0,10.0
3139,main_green,side_green,60,266.0,8.849546129896568,15,2,0,9.0,9.0,12.0,10.0
3140,yellow_transition,yellow_transition,60,282.0,8.685295178390573,17,3,1,12.0,2.0,-13.0,17.0
3141,yellow_transition,yellow_transition,59,298.0,8.481406367550704,16,3,1,12.0,2.0,-13.0,17.0
3142,yellow_transition,yellow_transition,59,315.0,8.469680393782172,17,3,1,12.0,2.0,-13.0,17.0
3143,side_green,main_green,60,110.0,8.573570130070214,11,0,2,12.0,2.0,-13.0,17.0
3144,side_green,main_green,64,16.0,8.312502337188334,9,0,2,12.0,2.0,-13.0,17.0
3145,side_green,main_green,64,3.0,8.874867760072696,1,0,2,12.0,2.0,-13.0,17.0
3146,side_green,main_green,64,4.0,9.596776323313737,1,0,2,12.0,2.0,-13.0,17.0
3147,side_green,main_green,62,5.0,10.027606487378723,1,0,2,12.0,2.0,-13.0,17.0
3148,side_green,main_green,64,7.0,10.35410796910765,4,0,2,12.0,2.0,-13.0,17.0
3149,side_green,main_green,60,9.0,10.716363749849084,2,0,2,12.0,2.0,-13.0,17.0
3150,side_green,main_green,60,12.0,10.8630012127543,3,0,2,12.0,2.0,-13.0,17.0
3151,side_green,main_green,57,16.0,10.968789025564146,4,0,2,12.0,2.0,-13.0,17.0
3152,side_green,main_green,56,21.0,10.875257785903836,6,0,2,12.0,2.0,-13.0,17.0
3153,yellow_transition,yellow_transition,53,26.0,10.545929304502847,6,1,3,-14.0,14.0,-9.0,-1.0
3154,yellow_transition,yellow_transition,52,32.0,10.523694798205089,6,1,3,-14.0,14.0,-9.0,-1.0
3155,yellow_transition,yellow_transition,52,38.0,10.529276611115215,6,1,3,-14.0,14.0,-9.0,-1.0
3156,main_green,main_green,57,14.0,9.733943042669473,8,2,2,-14.0,14.0,-9.0,-1.0
3157,main_green,main_green,56,10.0,10.075523021031412,2,2,2,-14.0,14.0,-9.0,-1.0
3158,main_green,main_green,57,12.0,10.26635811998688,3,2,2,-14.0,14.0,-9.0,-1.0
3159,main_green,main_green,57,14.0,10.721379500921492,2,2,2,-14.0,14.0,-9.0,-1.0
3160,main_green,main_green,58,16.0,10.825632766765692,3,2,2,-14.0,14.0,-9.0,-1.0
3161,main_green,main_green,56,18.0,10.999472929628379,2,2,2,-14.0,14.0,-9.0,-1.0
3162,main_green,main_green,55,20.0,11.031732800513446,2,2,2,-14.0,14.0,-9.0,-1.0
3163,main_green,main_green,53,23.0,10.847400736620077,4,2,2,-14.0,14.0,-9.0,-1.0
3164,main_green,main_green,53,27.0,10.80990915847345,5,2,2,-14.0,14.0,-9.0,-1.0
3165,main_green,main_green,49,33.0,10.808859673950709,6,2,2,-14.0,14.0,-9.0,-1.0
3166,main_green,main_green,47,39.0,10.820258331305023,6,2,2,-2.0,18.0,-5.0,5.0
3167,main_green,main_green,46,45.0,10.774919258709991,6,2,2,-2.0,18.0,-5.0,5.0
3168,main_green,main_green,51,51.0,9.789235960869535,11,2,2,-2.0,18.0,-5.0,5.0
3169,main_green,main_green,50,57.0,9.716141220672393,7,2,2,-2.0,18.0,-5.0,5.0
3170,main_green,main_green,50,63.0,10.078834098244018,6,2,2,-2.0,18.0,-5.0,5.0
3171,main_green,main_green,48,69.0,10.193183823393335,6,2,2,-2.0,18.0,-5.0,5.0
3172,main_green,main_green,49,75.0,10.03410379242463,7,2,2,-2.0,18.0,-5.0,5.0
3173,main_green,main_green,47,81.0,9.869162556487844,6,2,2,-2.0,18.0,-5.0,5.0
3174,main_green,main_green,48,87.0,9.722529753934918,7,2,2,-2.0,18.0,-5.0,5.0
3175,main_green,main_green,48,93.0,9.66000400376311,6,2,2,-2.0,18.0,-5.0,5.0
3176,main_green,main_green,49,102.0,9.515157695410643,10,2,2,-2.0,10.0,7.0,19.0
3177,main_green,main_green,48,111.0,9.494836734573225,9,2,2,-2.0,10.0,7.0,19.0
3178,main_green,main_green,48,121.0,9.63555400192554,10,2,2,-2.0,10.0,7.0,19.0
3179,main_green,main_green,49,131.0,9.608177989528373,11,2,2,-2.0,10.0,7.0,19.0
3180,main_green,main_green,54,141.0,8.829299479149464,15,2,2,-2.0,10.0,7.0,19.0
3181,main_green,main_green,54,151.0,9.052967872660794,10,2,2,-2.0,10.0,7.0,19.0
3182,main_green,main_green,52,161.0,9.133814029574902,10,2,2,-2.0,10.0,7.0,19.0
3183,main_green,main_green,51,171.0,9.33705401640291,10,2,2,-2.0,10.0,7.0,19.0
3184,main_green,main_green,53,181.0,9.09363185753973,12,2,2,-2.0,10.0,7.0,19.0
3185,main_green,main_green,53,191.0,9.133784605054345,10,2,2,-2.0,10.0,7.0,19.0
3186,main_green,main_green,53,201.0,9.252036739384,10,2,2,3.0,7.0,13.0,15.0
3187,main_green,main_green,53,211.0,9.11952280138905,10,2,2,3.0,7.0,13.0,15.0
3188,main_green,main_green,54,222.0,8.962344760982171,12,2,2,3.0,7.0,13.0,15.0
3189,main_green,main_green,55,235.0,8.855527005280077,14,2,2,3.0,7.0,13.0,15.0
3190,main_green,main_green,55,249.0,9.066752785626198,14,2,2,3.0,7.0,13.0,15.0
3191,main_green,main_green,55,263.0,9.172524741791895,14,2,2,3.0,7.0,13.0,15.0
3192,main_green,main_green,60,277.0,8.47865327854335,19,2,2,3.0,7.0,13.0,15.0
3193,main_green,main_green,58,291.0,8.55700122644377,14,2,2,3.0,7.0,13.0,15.0
3194,main_green,main_green,58,305.0,8.690996608754892,15,2,2,3.0,7.0,13.0,15.0
3195,main_green,main_green,58,319.0,8.801792849501574,14,2,2,3.0,7.0,13.0,15.0
3196,yellow_transition,yellow_transition,58,333.0,8.469049015479117,15,3,3,10.0,10.0,13.0,7.0
3197,yellow_transition,yellow_transition,58,347.0,8.39927843113239,14,3,3,10.0,10.0,13.0,7.0
3198,yellow_transition,yellow_transition,58,361.0,8.254039291578028,14,3,3,10.0,10.0,13.0,7.0
3199,main_green,side_green,59,212.0,8.065665496595011,12,2,0,10.0,10.0,13.0,7.0
3200,main_green,side_green,60,151.0,8.247958774716922,9,2,0,10.0,10.0,13.0,7.0
3201,main_green,side_green,60,159.0,8.64377060005165,9,2,0,10.0,10.0,13.0,7.0
3202,main_green,side_green,60,169.0,8.972396417329227,10,2,0,10.0,10.0,13.0,7.0
3203,main_green,side_green,60,179.0,9.201148393473051,10,2,0,10.0,10.0,13.0,7.0
3204,main_green,side_green,63,189.0,8.648924436820263,15,2,0,10.0,10.0,13.0,7.0
3205,main_green,side_green,64,200.0,8.814756632326581,12,2,0,10.0,10.0,13.0,7.0
3206,main_green,side_green,64,211.0,9.123720226268546,11,2,0,10.0,10.0,13.0,7.0
3207,main_green,side_green,62,222.0,9.180201673531192,11,2,0,10.0,10.0,13.0,7.0
3208,main_green,side_green,63,235.0,9.037951551872546,14,2,0,10.0,10.0,13.0,7.0
3209,yellow_transition,yellow_transition,60,249.0,8.764107721669752,14,3,1,9.0,3.0,-10.0,14.0
3210,yellow_transition,yellow_transition,59,263.0,8.584438251615385,15,3,1,9.0,3.0,-10.0,14.0
3211,yellow_transition,yellow_transition,58,279.0,8.57173556566982,16,3,1,9.0,3.0,-10.0,14.0
3212,side_green,main_green,58,88.0,8.622897826703973,9,0,2,9.0,3.0,-10.0,14.0
3213,side_green,main_green,58,3.0,9.181073579595338,1,0,2,9.0,3.0,-10.0,14.0
3214,side_green,main_green,58,0.0,9.757875135058587,0,0,2,9.0,3.0,-10.0,14.0
3215,side_green,main_green,58,0.0,9.878752059733069,1,0,2,9.0,3.0,-10.0,14.0
3216,side_green,main_green,63,0.0,9.667057788215143,5,0,2,9.0,3.0,-10.0,14.0
3217,side_green,main_green,61,1.0,10.119333569816224,1,0,2,9.0,3.0,-10.0,14.0
3218,side_green,main_green,59,2.0,10.537893769168889,1,0,2,9.0,3.0,-10.0,14.0
3219,side_green,main_green,56,4.0,10.829918138774135,2,0,2,9.0,3.0,-10.0,14.0
3220,side_green,main_green,57,8.0,10.659417943161934,6,0,2,9.0,3.0,-10.0,14.0
3221,side_green,main_green,55,12.0,10.781857408448115,4,0,2,9.0,3.0,-10.0,14.0
3222,yellow_transition,yellow_transition,53,16.0,10.793835841092328,4,1,3,-9.0,15.0,-8.0,4.0
3223,yellow_transition,yellow_transition,53,20.0,10.34324476903092,4,1,3,-9.0,15.0,-8.0,4.0
3224,yellow_transition,yellow_transition,54,25.0,9.77128259128683,6,1,3,-9.0,15.0,-8.0,4.0
3225,main_green,main_green,53,3.0,9.44276998530569,3,2,2,-9.0,15.0,-8.0,4.0
3226,main_green,main_green,53,3.0,9.821939170598428,1,2,2,-9.0,15.0,-8.0,4.0
3227,main_green,main_green,52,7.0,10.162945546078122,4,2,2,-9.0,15.0,-8.0,4.0
3228,main_green,main_green,57,11.0,9.535934000158624,9,2,2,-9.0,15.0,-8.0,4.0
3229,main_green,main_green,56,15.0,9.944772164926741,4,2,2,-9.0,15.0,-8.0,4.0
3230,main_green,main_green,55,19.0,10.149623527906062,5,2,2,-9.0,15.0,-8.0,4.0
3231,main_green,main_green,53,23.0,10.550000369728636,4,2,2,-9.0,15.0,-8.0,4.0
3232,main_green,main_green,54,27.0,10.585981603937089,5,2,2,-9.0,15.0,-8.0,4.0
3233,main_green,main_green,50,31.0,10.654428633076156,4,2,2,-9.0,15.0,-8.0,4.0
3234,main_green,main_green,50,35.0,10.83086415874081,4,2,2,-9.0,15.0,-8.0,4.0
3235,main_green,main_green,50,39.0,10.579486850919114,5,2,2,3.0,17.0,-5.0,3.0
3236,main_green,main_green,51,44.0,10.221512417888139,6,2,2,3.0,17.0,-5.0,3.0
3237,main_green,main_green,50,50.0,10.236372357974961,6,2,2,3.0,17.0,-5.0,3.0
3238,main_green,main_green,50,57.0,10.441490295621556,7,2,2,3.0,17.0,-5.0,3.0
3239,main_green,main_green,49,65.0,10.416701251551695,8,2,2,3.0,17.0,-5.0,3.0
3240,main_green,main_green,54,73.0,9.460879662878805,13,2,2,3.0,17.0,-5.0,3.0
3241,main_green,main_green,53,81.0,9.518226370514592,9,2,2,3.0,17.0,-5.0,3.0
3242,main_green,main_green,53,89.0,9.710967138198882,8,2,2,3.0,17.0,-5.0,3.0
3243,main_green,main_green,52,97.0,9.864378050191931,8,2,2,3.0,17.0,-5.0,3.0
3244,main_green,main_green,53,105.0,9.812377305843889,9,2,2,3.0,17.0,-5.0,3.0
3245,main_green,main_green,52,113.0,9.712041487526701,8,2,2,1.0,7.0,6.0,16.0
3246,main_green,main_green,53,121.0,9.60162293034807,9,2,2,1.0,7.0,6.0,16.0
3247,main_green,main_green,53,130.0,9.642863432894515,9,2,2,1.0,7.0,6.0,16.0
3248,main_green,main_green,54,141.0,9.620490158836985,12,2,2,1.0,7.0,6.0,16.0
3249,main_green,main_green,53,153.0,9.558801246628162,12,2,2,1.0,7.0,6.0,16.0
3250,main_green,main_green,53,165.0,9.608789647662503,12,2,2,1.0,7.0,6.0,16.0
3251,main_green,main_green,52,177.0,9.364354039342276,13,2,2,1.0,7.0,6.0,16.0
3252,main_green,main_green,57,189.0,8.67204993799589,17,2,2,1.0,7.0,6.0,16.0
3253,main_green,main_green,55,201.0,8.754427647199115,12,2,2,1.0,7.0,6.0,16.0
3254,main_green,main_green,55,213.0,9.072091770693019,12,2,2,1.0,7.0,6.0,16.0
3255,main_green,main_green,54,225.0,9.06374516535187,12,2,2,6.0,6.0,12.0,16.0
3256,main_green,main_green,55,237.0,8.721841715371031,14,2,2,6.0,6.0,12.0,16.0
3257,main_green,main_green,55,249.0,8.846692342609762,12,2,2,6.0,6.0,12.0,16.0
3258,main_green,main_green,55,261.0,8.844049535852848,12,2,2,6.0,6.0,12.0,16.0
3259,main_green,main_green,55,273.0,8.887076059370441,12,2,2,6.0,6.0,12.0,16.0
3260,main_green,main_green,56,286.0,8.857120334322216,14,2,2,6.0,6.0,12.0,16.0
3261,main_green,main_green,55,301.0,8.430756370054839,16,2,2,6.0,6.0,12.0,16.0
3262,main_green,main_green,55,317.0,8.655967349777406,16,2,2,6.0,6.0,12.0,16.0
3263,main_green,main_green,53,333.0,8.659593534012842,16,2,2,6.0,6.0,12.0,16.0
3264,main_green,main_green,58,349.0,7.967575407111869,21,2,2,6.0,6.0,12.0,16.0
3265,yellow_transition,yellow_transition,58,365.0,7.969053330782427,16,3,3,15.0,15.0,12.0,8.0
3266,yellow_transition,yellow_transition,58,381.0,7.764146518289925,17,3,3,15.0,15.0,12.0,8.0
3267,yellow_transition,yellow_transition,58,397.0,7.692512182199936,16,3,3,15.0,15.0,12.0,8.0
3268,main_green,side_green,59,262.0,7.600559951852268,13,2,0,15.0,15.0,12.0,8.0
3269,main_green,side_green,59,211.0,7.791267542176892,8,2,0,15.0,15.0,12.0,8.0
3270,main_green,side_green,59,221.0,8.060276213335275,10,2,0,15.0,15.0,12.0,8.0
3271,main_green,side_green,60,232.0,8.304978372128524,12,2,0,15.0,15.0,12.0,8.0
3272,main_green,side_green,61,244.0,8.48312064174326,13,2,0,15.0,15.0,12.0,8.0
3273,main_green,side_green,61,256.0,8.808428308201533,12,2,0,15.0,15.0,12.0,8.0
3274,main_green,side_green,61,269.0,9.04104754521366,13,2,0,15.0,15.0,12.0,8.0
3275,main_green,side_green,61,283.0,9.316399855647784,14,2,0,15.0,15.0,12.0,8.0
3276,main_green,side_green,63,297.0,8.524844060834196,19,2,0,15.0,15.0,12.0,8.0
3277,main_green,side_green,63,311.0,8.433968640655298,15,2,0,15.0,15.0,12.0,8.0
3278,yellow_transition,yellow_transition,63,325.0,8.464222113481368,14,3,1,16.0,4.0,-10.0,14.0
3279,yellow_transition,yellow_transition,62,341.0,8.290868392426905,16,3,1,16.0,4.0,-10.0,14.0
3280,yellow_transition,yellow_transition,63,357.0,8.184503476606515,17,3,1,16.0,4.0,-10.0,14.0
3281,side_green,main_green,63,136.0,8.297147362706864,8,0,2,16.0,4.0,-10.0,14.0
3282,side_green,main_green,62,23.0,8.181903922004715,3,0,2,16.0,4.0,-10.0,14.0
3283,side_green,main_green,62,0.0,8.55715366573921,0,0,2,16.0,4.0,-10.0,14.0
3284,side_green,main_green,61,3.0,8.896700990038525,4,0,2,16.0,4.0,-10.0,14.0
3285,side_green,main_green,60,7.0,9.485160016214229,4,0,2,16.0,4.0,-10.0,14.0
3286,side_green,main_green,60,11.0,10.193796368776816,4,0,2,16.0,4.0,-10.0,14.0
3287,side_green,main_green,57,15.0,10.28734552161895,5,0,2,16.0,4.0,-10.0,14.0
3288,side_green,main_green,61,19.0,9.833694593080443,9,0,2,16.0,4.0,-10.0,14.0
3289,side_green,main_green,58,24.0,10.006856361146934,5,0,2,16.0,4.0,-10.0,14.0
3290,side_green,main_green,57,29.0,10.175596422084546,5,0,2,16.0,4.0,-10.0,14.0
3291,yellow_transition,yellow_transition,56,35.0,10.300992297995595,6,1,3,-12.0,10.0,-1.0,5.0
3292,yellow_transition,yellow_transition,57,41.0,9.97728025353885,8,1,3,-12.0,10.0,-1.0,5.0
3293,yellow_transition,yellow_transition,56,47.0,10.015511910021777,6,1,3,-12.0,10.0,-1.0,5.0
3294,main_green,main_green,56,26.0,10.065234898056579,3,2,2,-12.0,10.0,-1.0,5.0
3295,main_green,main_green,55,24.0,10.170133982077877,2,2,2,-12.0,10.0,-1.0,5.0
3296,main_green,main_green,55,28.0,10.006698979533716,5,2,2,-12.0,10.0,-1.0,5.0
3297,main_green,main_green,56,32.0,9.861259155711949,5,2,2,-12.0,10.0,-1.0,5.0
3298,main_green,main_green,56,37.0,10.127049529400908,5,2,2,-12.0,10.0,-1.0,5.0
3299,main_green,main_green,56,42.0,10.41903714876627,5,2,2,-12.0,10.0,-1.0,5.0
3300,main_green,main_green,61,48.0,9.772799226285548,11,2,2,-12.0,10.0,-1.0,5.0
3301,main_green,main_green,60,54.0,10.081452907583117,6,2,2,-12.0,10.0,-1.0,5.0
3302,main_green,main_green,59,60.0,10.048818004580514,7,2,2,-12.0,10.0,-1.0,5.0
3303,main_green,main_green,55,66.0,10.172173821239339,6,2,2,-12.0,10.0,-1.0,5.0
3304,main_green,main_green,55,72.0,10.170680919975258,7,2,2,0.0,16.0,0.0,4.0
3305,main_green,main_green,52,78.0,10.095943905142196,6,2,2,0.0,16.0,0.0,4.0
3306,main_green,main_green,51,84.0,9.968489405203615,6,2,2,0.0,16.0,0.0,4.0
3307,main_green,main_green,49,90.0,9.726410288805312,7,2,2,0.0,16.0,0.0,4.0
3308,main_green,main_green,50,99.0,9.665570796442386,10,2,2,0.0,16.0,0.0,4.0
3309,main_green,main_green,48,109.0,9.53685431069021,10,2,2,0.0,16.0,0.0,4.0
3310,main_green,main_green,48,119.0,9.723005295448514,10,2,2,0.0,16.0,0.0,4.0
3311,main_green,main_green,47,129.0,9.673347719877933,10,2,2,0.0,16.0,0.0,4.0
3312,main_green,main_green,52,139.0,8.874236104848372,15,2,2,0.0,16.0,0.0,4.0
3313,main_green,main_green,53,149.0,8.964695405328946,11,2,2,0.0,16.0,0.0,4.0
3314,main_green,main_green,53,159.0,9.258216637930213,10,2,2,2.0,10.0,11.0,17.0
3315,main_green,main_green,53,169.0,9.436231642813905,10,2,2,2.0,10.0,11.0,17.0
3316,main_green,main_green,54,179.0,9.28579770582868,11,2,2,2.0,10.0,11.0,17.0
3317,main_green,main_green,54,189.0,9.517471195748849,10,2,2,2.0,10.0,11.0,17.0
3318,main_green,main_green,55,199.0,9.379827775954537,11,2,2,2.0,10.0,11.0,17.0
3319,main_green,main_green,54,209.0,9.254354655780165,10,2,2,2.0,10.0,11.0,17.0
3320,main_green,main_green,54,221.0,8.928851489799616,13,2,2,2.0,10.0,11.0,17.0
3321,main_green,main_green,54,234.0,9.05536639000456,13,2,2,2.0,10.0,11.0,17.0
3322,main_green,main_green,54,248.0,9.182990354293803,14,2,2,2.0,10.0,11.0,17.0
3323,main_green,main_green,54,262.0,8.921689285070308,15,2,2,2.0,10.0,11.0,17.0
3324,main_green,main_green,58,276.0,8.229555944016617,19,2,2,3.0,7.0,11.0,13.0
3325,main_green,main_green,58,290.0,8.47336362739731,14,2,2,3.0,7.0,11.0,13.0
3326,main_green,main_green,58,304.0,8.692023881914105,14,2,2,3.0,7.0,11.0,13.0
3327,main_green,main_green,57,318.0,8.745137538143945,14,2,2,3.0,7.0,11.0,13.0
3328,main_green,main_green,59,332.0,8.574225623681494,16,2,2,3.0,7.0,11.0,13.0
3329,main_green,main_green,59,346.0,8.62859928987064,14,2,2,3.0,7.0,11.0,13.0
3330,main_green,main_green,58,360.0,8.46265320846275,14,2,2,3.0,7.0,11.0,13.0
3331,main_green,main_green,57,374.0,8.347347220491569,14,2,2,3.0,7.0,11.0,13.0
3332,main_green,main_green,57,389.0,8.36293282000586,16,2,2,3.0,7.0,11.0,13.0
3333,main_green,main_green,57,407.0,8.223910713151978,19,2,2,3.0,7.0,11.0,13.0
3334,yellow_transition,yellow_transition,57,425.0,8.320831348121809,18,3,3,10.0,10.0,12.0,10.0
3335,yellow_transition,yellow_transition,57,443.0,8.419542426445684,18,3,3,10.0,10.0,12.0,10.0
3336,yellow_transition,yellow_transition,61,461.0,7.715119754159002,23,3,3,10.0,10.0,12.0,10.0
3337,main_green,side_green,60,287.0,7.998902185128036,14,2,0,10.0,10.0,12.0,10.0
3338,main_green,side_green,61,202.0,8.427522520745125,11,2,0,10.0,10.0,12.0,10.0
3339,main_green,side_green,61,198.0,8.845265352511147,8,2,0,10.0,10.0,12.0,10.0
3340,main_green,side_green,62,206.0,8.954675955609185,9,2,0,10.0,10.0,12.0,10.0
3341,main_green,side_green,62,214.0,9.192636331972663,8,2,0,10.0,10.0,12.0,10.0
3342,main_green,side_green,61,222.0,9.564250422332835,8,2,0,10.0,10.0,12.0,10.0
3343,main_green,side_green,61,232.0,9.559606947384164,11,2,0,10.0,10.0,12.0,10.0
3344,main_green,side_green,62,243.0,9.452288409829347,12,2,0,10.0,10.0,12.0,10.0
3345,main_green,side_green,61,254.0,9.497869187281925,11,2,0,10.0,10.0,12.0,10.0
3346,main_green,side_green,60,267.0,9.394270305894368,13,2,0,10.0,10.0,12.0,10.0
3347,yellow_transition,yellow_transition,58,280.0,9.3982590420287,13,3,1,11.0,3.0,-15.0,13.0
3348,yellow_transition,yellow_transition,63,294.0,8.522988844006425,19,3,1,11.0,3.0,-15.0,13.0
3349,yellow_transition,yellow_transition,63,308.0,8.18638371418375,15,3,1,11.0,3.0,-15.0,13.0
3350,side_green,main_green,63,112.0,8.4673768612734,6,0,2,11.0,3.0,-15.0,13.0
3351,side_green,main_green,63,19.0,8.715444106015042,4,0,2,11.0,3.0,-15.0,13.0
3352,side_green,main_green,63,4.0,8.898240900772967,3,0,2,11.0,3.0,-15.0,13.0
3353,side_green,main_green,63,6.0,9.210139391965281,2,0,2,11.0,3.0,-15.0,13.0
3354,side_green,main_green,64,8.0,9.685510614568654,3,0,2,11.0,3.0,-15.0,13.0
3355,side_green,main_green,59,10.0,9.98665756272629,2,0,2,11.0,3.0,-15.0,13.0
3356,side_green,main_green,58,13.0,10.262242638236822,4,0,2,11.0,3.0,-15.0,13.0
3357,side_green,main_green,55,17.0,10.38764131262459,4,0,2,11.0,3.0,-15.0,13.0
3358,side_green,main_green,54,22.0,10.571832884557713,5,0,2,11.0,3.0,-15.0,13.0
3359,side_green,main_green,55,27.0,10.423916550192427,6,0,2,11.0,3.0,-15.0,13.0
3360,yellow_transition,yellow_transition,58,33.0,9.534041927568575,11,1,3,-13.0,13.0,-9.0,-1.0
3361,yellow_transition,yellow_transition,55,39.0,9.544364863527276,6,1,3,-13.0,13.0,-9.0,-1.0
3362,yellow_transition,yellow_transition,55,46.0,9.692266098126199,7,1,3,-13.0,13.0,-9.0,-1.0
3363,main_green,main_green,55,17.0,10.055481554997295,3,2,2,-13.0,13.0,-9.0,-1.0
3364,main_green,main_green,57,15.0,9.98118366597437,4,2,2,-13.0,13.0,-9.0,-1.0
3365,main_green,main_green,57,17.0,10.12514337594436,2,2,2,-13.0,13.0,-9.0,-1.0
3366,main_green,main_green,57,19.0,10.204527758570435,2,2,2,-13.0,13.0,-9.0,-1.0
3367,main_green,main_green,57,24.0,10.39132398224179,5,2,2,-13.0,13.0,-9.0,-1.0
3368,main_green,main_green,57,29.0,10.422258549062823,6,2,2,-13.0,13.0,-9.0,-1.0
3369,main_green,main_green,56,34.0,10.465789760335852,6,2,2,-13.0,13.0,-9.0,-1.0
3370,main_green,main_green,54,39.0,10.636036896675238,5,2,2,-13.0,13.0,-9.0,-1.0
3371,main_green,main_green,52,45.0,10.637716578206247,6,2,2,-13.0,13.0,-9.0,-1.0
3372,main_green,main_green,55,51.0,9.708107711051648,11,2,2,-13.0,13.0,-9.0,-1.0
3373,main_green,main_green,54,57.0,9.821969422988921,6,2,2,-1.0,15.0,0.0,6.0
3374,main_green,main_green,53,63.0,9.98235818370696,7,2,2,-1.0,15.0,0.0,6.0
3375,main_green,main_green,51,69.0,10.179276818672038,6,2,2,-1.0,15.0,0.0,6.0
3376,main_green,main_green,51,75.0,10.02861515418924,7,2,2,-1.0,15.0,0.0,6.0
3377,main_green,main_green,51,81.0,9.97148147823711,6,2,2,-1.0,15.0,0.0,6.0
3378,main_green,main_green,50,87.0,9.878192388291348,6,2,2,-1.0,15.0,0.0,6.0
3379,main_green,main_green,50,94.0,9.470713983602728,8,2,2,-1.0,15.0,0.0,6.0
3380,main_green,main_green,51,103.0,9.45887477808754,10,2,2,-1.0,15.0,0.0,6.0
3381,main_green,main_green,50,113.0,9.517787983669875,10,2,2,-1.0,15.0,0.0,6.0
3382,main_green,main_green,50,123.0,9.676482243452798,10,2,2,-1.0,15.0,0.0,6.0
3383,main_green,main_green,49,133.0,9.659781687696762,10,2,2,-2.0,8.0,6.0,16.0
3384,main_green,main_green,54,143.0,8.847223913670595,15,2,2,-2.0,8.0,6.0,16.0
3385,main_green,main_green,54,153.0,8.862106663222612,11,2,2,-2.0,8.0,6.0,16.0
3386,main_green,main_green,54,163.0,9.11928431738774,10,2,2,-2.0,8.0,6.0,16.0
3387,main_green,main_green,53,173.0,9.339120408739765,10,2,2,-2.0,8.0,6.0,16.0
3388,main_green,main_green,54,183.0,9.386078024507972,11,2,2,-2.0,8.0,6.0,16.0
3389,main_green,main_green,54,193.0,9.343268627640933,10,2,2,-2.0,8.0,6.0,16.0
3390,main_green,main_green,54,203.0,9.150737396427992,11,2,2,-2.0,8.0,6.0,16.0
3391,main_green,main_green,51,213.0,8.828891677432818,10,2,2,-2.0,8.0,6.0,16.0
3392,main_green,main_green,52,226.0,8.7418096973181,14,2,2,-2.0,8.0,6.0,16.0
3393,main_green,main_green,52,239.0,8.863490392249481,13,2,2,2.0,6.0,14.0,18.0
3394,main_green,main_green,52,253.0,8.988362196934098,14,2,2,2.0,6.0,14.0,18.0
3395,main_green,main_green,53,267.0,8.952590481482279,15,2,2,2.0,6.0,14.0,18.0
3396,main_green,main_green,58,281.0,8.201879028143953,19,2,2,2.0,6.0,14.0,18.0
3397,main_green,main_green,58,295.0,8.538431784125676,14,2,2,2.0,6.0,14.0,18.0
3398,main_green,main_green,57,309.0,8.679473635730174,14,2,2,2.0,6.0,14.0,18.0
3399,main_green,main_green,57,323.0,8.66208403607325,14,2,2,2.0,6.0,14.0,18.0
3400,main_green,main_green,58,337.0,8.246406302145017,16,2,2,2.0,6.0,14.0,18.0
3401,main_green,main_green,58,351.0,8.260563115310065,14,2,2,2.0,6.0,14.0,18.0
3402,main_green,main_green,57,365.0,8.293397496361058,14,2,2,2.0,6.0,14.0,18.0
3403,yellow_transition,yellow_transition,56,380.0,8.147408455295695,15,3,3,10.0,12.0,12.0,10.0
3404,yellow_transition,yellow_transition,57,397.0,7.9342087288560235,18,3,3,10.0,12.0,12.0,10.0
3405,yellow_transition,yellow_transition,58,415.0,7.731492314332822,19,3,3,10.0,12.0,12.0,10.0
3406,main_green,side_green,58,259.0,7.982639873367383,15,2,0,10.0,12.0,12.0,10.0
3407,main_green,side_green,58,189.0,8.226967151018489,11,2,0,10.0,12.0,12.0,10.0
3408,main_green,side_green,62,190.0,7.861410026475455,14,2,0,10.0,12.0,12.0,10.0
3409,main_green,side_green,61,200.0,8.224867766101946,10,2,0,10.0,12.0,12.0,10.0
3410,main_green,side_green,62,210.0,8.553859243172482,11,2,0,10.0,12.0,12.0,10.0
3411,main_green,side_green,62,221.0,8.897000957781604,11,2,0,10.0,12.0,12.0,10.0
3412,main_green,side_green,61,232.0,8.988836671031443,12,2,0,10.0,12.0,12.0,10.0
3413,main_green,side_green,61,244.0,9.282544956312295,12,2,0,10.0,12.0,12.0,10.0
3414,main_green,side_green,60,256.0,9.350036858869041,12,2,0,10.0,12.0,12.0,10.0
3415,main_green,side_green,60,270.0,9.110674641016063,15,2,0,10.0,12.0,12.0,10.0
3416,yellow_transition,yellow_transition,60,284.0,8.926086868367232,15,3,1,12.0,6.0,-13.0,15.0
3417,yellow_transition,yellow_transition,60,298.0,9.033241673049085,14,3,1,12.0,6.0,-13.0,15.0
3418,yellow_transition,yellow_transition,59,313.0,8.966680513590635,15,3,1,12.0,6.0,-13.0,15.0
3419,side_green,main_green,59,100.0,9.09656373346468,7,0,2,12.0,6.0,-13.0,15.0
3420,side_green,main_green,63,13.0,8.568403668601247,8,0,2,12.0,6.0,-13.0,15.0
3421,side_green,main_green,64,2.0,8.911910574022615,2,0,2,12.0,6.0,-13.0,15.0
3422,side_green,main_green,64,3.0,9.404412354160378,1,0,2,12.0,6.0,-13.0,15.0
3423,side_green,main_green,64,4.0,9.87932508787446,1,0,2,12.0,6.0,-13.0,15.0
3424,side_green,main_green,63,7.0,10.345830169454402,4,0,2,12.0,6.0,-13.0,15.0
3425,side_green,main_green,61,10.0,10.74587838265126,3,0,2,12.0,6.0,-13.0,15.0
3426,side_green,main_green,59,14.0,10.732818349743452,5,0,2,12.0,6.0,-13.0,15.0
3427,side_green,main_green,58,18.0,10.740430119874363,4,0,2,12.0,6.0,-13.0,15.0
3428,side_green,main_green,56,24.0,10.490553788430432,7,0,2,12.0,6.0,-13.0,15.0
3429,yellow_transition,yellow_transition,53,31.0,10.40647241001339,7,1,3,-14.0,16.0,-10.0,0.0
3430,yellow_transition,yellow_transition,52,38.0,10.361541839896274,7,1,3,-14.0,16.0,-10.0,0.0
3431,yellow_transition,yellow_transition,52,45.0,10.022507918670453,8,1,3,-14.0,16.0,-10.0,0.0
3432,main_green,main_green,57,17.0,9.398555493335637,9,2,2,-14.0,16.0,-10.0,0.0
3433,main_green,main_green,57,11.0,9.864375416021637,2,2,2,-14.0,16.0,-10.0,0.0
3434,main_green,main_green,57,13.0,10.38105603376641,2,2,2,-14.0,16.0,-10.0,0.0
3435,main_green,main_green,57,15.0,10.729402118989864,2,2,2,-14.0,16.0,-10.0,0.0
3436,main_green,main_green,58,17.0,10.774953755009923,4,2,2,-14.0,16.0,-10.0,0.0
3437,main_green,main_green,54,19.0,10.953289652404457,2,2,2,-14.0,16.0,-10.0,0.0
3438,main_green,main_green,54,21.0,11.16457879520991,2,2,2,-14.0,16.0,-10.0,0.0
3439,main_green,main_green,52,23.0,11.037660401833296,2,2,2,-14.0,16.0,-10.0,0.0
3440,main_green,main_green,52,26.0,10.745190210079592,4,2,2,-14.0,16.0,-10.0,0.0
3441,main_green,main_green,51,30.0,10.43253927186116,5,2,2,-14.0,16.0,-10.0,0.0
3442,main_green,main_green,48,35.0,10.504200939174522,5,2,2,-3.0,19.0,-6.0,2.0
3443,main_green,main_green,48,41.0,10.624362665735045,6,2,2,-3.0,19.0,-6.0,2.0
3444,main_green,main_green,53,47.0,9.647242964319483,11,2,2,-3.0,19.0,-6.0,2.0
3445,main_green,main_green,52,53.0,9.853894857921167,6,2,2,-3.0,19.0,-6.0,2.0
3446,main_green,main_green,52,59.0,9.91524986710978,7,2,2,-3.0,19.0,-6.0,2.0
3447,main_green,main_green,51,65.0,10.17468421941262,6,2,2,-3.0,19.0,-6.0,2.0
3448,main_green,main_green,52,71.0,10.013910041460077,7,2,2,-3.0,19.0,-6.0,2.0
3449,main_green,main_green,51,77.0,10.179826012607768,6,2,2,-3.0,19.0,-6.0,2.0
3450,main_green,main_green,50,84.0,10.15547281611765,7,2,2,-3.0,19.0,-6.0,2.0
3451,main_green,main_green,51,91.0,10.103829756705785,8,2,2,-3.0,19.0,-6.0,2.0
3452,main_green,main_green,52,98.0,9.793570603695922,8,2,2,-2.0,10.0,5.0,15.0
3453,main_green,main_green,50,107.0,9.775164604784498,9,2,2,-2.0,10.0,5.0,15.0
3454,main_green,main_green,50,116.0,9.804660562332542,9,2,2,-2.0,10.0,5.0,15.0
3455,main_green,main_green,50,125.0,9.87424592336973,9,2,2,-2.0,10.0,5.0,15.0
3456,main_green,main_green,54,134.0,8.935014549039321,14,2,2,-2.0,10.0,5.0,15.0
3457,main_green,main_green,55,143.0,9.120593191667332,10,2,2,-2.0,10.0,5.0,15.0
3458,main_green,main_green,55,153.0,9.366377662566931,10,2,2,-2.0,10.0,5.0,15.0
3459,main_green,main_green,54,163.0,9.454763609366852,10,2,2,-2.0,10.0,5.0,15.0
3460,main_green,main_green,55,173.0,9.29026540643275,11,2,2,-2.0,10.0,5.0,15.0
3461,main_green,main_green,53,183.0,9.31299744965165,10,2,2,-2.0,10.0,5.0,15.0
3462,main_green,main_green,53,193.0,9.046445281508998,11,2,2,2.0,8.0,13.0,15.0
3463,main_green,main_green,53,204.0,8.938233077549732,11,2,2,2.0,8.0,13.0,15.0
3464,main_green,main_green,53,216.0,8.795077656050722,13,2,2,2.0,8.0,13.0,15.0
3465,main_green,main_green,53,229.0,8.90536550432388,13,2,2,2.0,8.0,13.0,15.0
3466,main_green,main_green,53,243.0,9.023055485495117,14,2,2,2.0,8.0,13.0,15.0
3467,main_green,main_green,54,257.0,8.964998784763104,15,2,2,2.0,8.0,13.0,15.0
3468,main_green,main_green,57,271.0,8.16220326478982,19,2,2,2.0,8.0,13.0,15.0
3469,main_green,main_green,57,285.0,8.389503418126676,14,2,2,2.0,8.0,13.0,15.0
3470,main_green,main_green,56,299.0,8.58088127942588,14,2,2,2.0,8.0,13.0,15.0
3471,main_green,main_green,56,313.0,8.655519689613547,14,2,2,2.0,8.0,13.0,15.0
3472,yellow_transition,yellow_transition,58,327.0,8.29809167370208,16,3,3,9.0,11.0,13.0,7.0
3473,yellow_transition,yellow_transition,58,341.0,8.21232202176687,14,3,3,9.0,11.0,13.0,7.0
3474,yellow_transition,yellow_transition,58,355.0,8.004155984740137,14,3,3,9.0,11.0,13.0,7.0
3475,main_green,side_green,58,209.0,8.195832364384058,12,2,0,9.0,11.0,13.0,7.0
3476,main_green,side_green,59,147.0,8.274174031196088,10,2,0,9.0,11.0,13.0,7.0
3477,main_green,side_green,59,153.0,8.537219142022911,9,2,0,9.0,11.0,13.0,7.0
3478,main_green,side_green,59,161.0,8.900443025240548,8,2,0,9.0,11.0,13.0,7.0
3479,main_green,side_green,59,171.0,9.334418844481956,10,2,0,9.0,11.0,13.0,7.0
3480,main_green,side_green,63,181.0,8.928944235932805,15,2,0,9.0,11.0,13.0,7.0
3481,main_green,side_green,62,191.0,9.172650363206923,10,2,0,9.0,11.0,13.0,7.0
3482,main_green,side_green,62,201.0,9.166833358513847,11,2,0,9.0,11.0,13.0,7.0
3483,main_green,side_green,61,211.0,9.263277362361086,10,2,0,9.0,11.0,13.0,7.0
3484,main_green,side_green,61,222.0,9.110472591480878,12,2,0,9.0,11.0,13.0,7.0
3485,yellow_transition,yellow_transition,61,234.0,9.22752677325064,12,3,1,13.0,11.0,-11.0,9.0
3486,yellow_transition,yellow_transition,58,246.0,8.97606330634743,12,3,1,13.0,11.0,-11.0,9.0
3487,yellow_transition,yellow_transition,59,258.0,8.683045259712635,13,3,1,13.0,11.0,-11.0,9.0
3488,side_green,main_green,59,80.0,8.517974785682526,8,0,2,13.0,11.0,-11.0,9.0
3489,side_green,main_green,59,5.0,8.798688474382114,3,0,2,13.0,11.0,-11.0,9.0
3490,side_green,main_green,59,3.0,8.994072204086873,2,0,2,13.0,11.0,-11.0,9.0
3491,side_green,main_green,57,6.0,9.369306901167809,3,0,2,13.0,11.0,-11.0,9.0
3492,side_green,main_green,61,11.0,9.020836858323014,10,0,2,13.0,11.0,-11.0,9.0
3493,side_green,main_green,61,16.0,9.410103263456163,6,0,2,13.0,11.0,-11.0,9.0
3494,side_green,main_green,60,21.0,9.747131281966327,5,0,2,13.0,11.0,-11.0,9.0
3495,side_green,main_green,56,27.0,9.936082865868249,6,0,2,13.0,11.0,-11.0,9.0
3496,side_green,main_green,57,34.0,10.085994669564736,8,0,2,13.0,11.0,-11.0,9.0
3497,side_green,main_green,54,41.0,10.037679704330278,7,0,2,13.0,11.0,-11.0,9.0
3498,yellow_transition,yellow_transition,54,48.0,9.848494266982007,8,1,3,-13.0,17.0,-3.0,5.0
3499,yellow_transition,yellow_transition,52,55.0,9.585619903041207,7,1,3,-13.0,17.0,-3.0,5.0
3500,yellow_transition,yellow_transition,53,63.0,9.243626908965856,9,1,3,-13.0,17.0,-3.0,5.0
3501,main_green,main_green,52,30.0,9.355437944441446,6,2,2,-13.0,17.0,-3.0,5.0
3502,main_green,main_green,51,18.0,9.687788046088299,3,2,2,-13.0,17.0,-3.0,5.0
3503,main_green,main_green,52,21.0,9.926323260794659,4,2,2,-13.0,17.0,-3.0,5.0
3504,main_green,main_green,57,24.0,9.432045417768487,8,2,2,-13.0,17.0,-3.0,5.0
3505,main_green,main_green,57,27.0,9.925595246789623,3,2,2,-13.0,17.0,-3.0,5.0
3506,main_green,main_green,56,30.0,10.526414508364914,3,2,2,-13.0,17.0,-3.0,5.0
3507,main_green,main_green,55,33.0,10.759693145112475,3,2,2,-13.0,17.0,-3.0,5.0
3508,main_green,main_green,56,36.0,10.481616134517367,5,2,2,-13.0,17.0,-3.0,5.0
3509,main_green,main_green,55,39.0,10.589965199036977,3,2,2,-13.0,17.0,-3.0,5.0
3510,main_green,main_green,53,42.0,10.518002849396508,3,2,2,-13.0,17.0,-3.0,5.0
3511,main_green,main_green,52,45.0,10.473814901495107,3,2,2,-7.0,11.0,-1.0,7.0
3512,main_green,main_green,52,49.0,10.119247758899766,5,2,2,-7.0,11.0,-1.0,7.0
3513,main_green,main_green,51,54.0,10.077061293660995,6,2,2,-7.0,11.0,-1.0,7.0
3514,main_green,main_green,49,61.0,10.134289963605694,7,2,2,-7.0,11.0,-1.0,7.0
3515,main_green,main_green,47,68.0,10.24623564267883,7,2,2,-7.0,11.0,-1.0,7.0
3516,main_green,main_green,52,75.0,9.465659270324592,12,2,2,-7.0,11.0,-1.0,7.0
3517,main_green,main_green,51,82.0,9.595915632067326,7,2,2,-7.0,11.0,-1.0,7.0
3518,main_green,main_green,52,89.0,9.76158165097432,8,2,2,-7.0,11.0,-1.0,7.0
3519,main_green,main_green,52,96.0,10.101691018543313,7,2,2,-7.0,11.0,-1.0,7.0
3520,main_green,main_green,53,103.0,9.914219359233288,8,2,2,-7.0,11.0,-1.0,7.0
3521,main_green,main_green,53,110.0,9.971997820050001,7,2,2,-4.0,6.0,9.0,19.0
3522,main_green,main_green,53,117.0,9.982790514746924,7,2,2,-4.0,6.0,9.0,19.0
3523,main_green,main_green,54,124.0,9.687202073736069,8,2,2,-4.0,6.0,9.0,19.0
3524,main_green,main_green,54,133.0,9.611382997408267,10,2,2,-4.0,6.0,9.0,19.0
3525,main_green,main_green,54,143.0,9.772092834414526,10,2,2,-4.0,6.0,9.0,19.0
3526,main_green,main_green,53,154.0,9.75851766088521,11,2,2,-4.0,6.0,9.0,19.0
3527,main_green,main_green,51,165.0,9.675181992325763,11,2,2,-4.0,6.0,9.0,19.0
3528,main_green,main_green,56,176.0,8.873187132078288,16,2,2,-4.0,6.0,9.0,19.0
3529,main_green,main_green,54,187.0,8.690998333410253,12,2,2,-4.0,6.0,9.0,19.0
3530,main_green,main_green,54,198.0,9.135267657157932,11,2,2,-4.0,6.0,9.0,19.0
3531,main_green,main_green,53,209.0,9.09469247079287,11,2,2,0.0,6.0,15.0,23.0
3532,main_green,main_green,54,220.0,8.949169667966748,12,2,2,0.0,6.0,15.0,23.0
3533,main_green,main_green,54,231.0,8.910004131371785,11,2,2,0.0,6.0,15.0,23.0
3534,main_green,main_green,55,244.0,8.65696561936453,14,2,2,0.0,6.0,15.0,23.0
3535,main_green,main_green,55,257.0,8.835033961793831,13,2,2,0.0,6.0,15.0,23.0
3536,main_green,main_green,56,272.0,8.724152481954778,16,2,2,0.0,6.0,15.0,23.0
3537,main_green,main_green,54,287.0,8.666384674144652,15,2,2,0.0,6.0,15.0,23.0
3538,main_green,main_green,54,302.0,8.792080698546588,15,2,2,0.0,6.0,15.0,23.0
3539,main_green,main_green,53,317.0,8.605923699562647,16,2,2,0.0,6.0,15.0,23.0
3540,main_green,main_green,58,332.0,7.921149707794269,20,2,2,0.0,6.0,15.0,23.0
3541,yellow_transition,yellow_transition,58,347.0,8.098978881356002,15,3,3,11.0,17.0,12.0,8.0
3542,yellow_transition,yellow_transition,58,362.0,8.1833970464119,15,3,3,11.0,17.0,12.0,8.0
3543,yellow_transition,yellow_transition,57,377.0,8.05509235758557,15,3,3,11.0,17.0,12.0,8.0
3544,main_green,side_green,59,217.0,7.917764328671049,13,2,0,11.0,17.0,12.0,8.0
3545,main_green,side_green,59,142.0,8.116391037285482,8,2,0,11.0,17.0,12.0,8.0
3546,main_green,side_green,59,137.0,8.460148515614183,7,2,0,11.0,17.0,12.0,8.0
3547,main_green,side_green,59,146.0,8.752499566129645,9,2,0,11.0,17.0,12.0,8.0
3548,main_green,side_green,60,155.0,8.837514389121795,10,2,0,11.0,17.0,12.0,8.0
3549,main_green,side_green,59,165.0,8.760726912572048,11,2,0,11.0,17.0,12.0,8.0
3550,main_green,side_green,59,176.0,8.934655777338707,11,2,0,11.0,17.0,12.0,8.0
3551,main_green,side_green,59,188.0,9.258143891870871,12,2,0,11.0,17.0,12.0,8.0
3552,main_green,side_green,64,200.0,8.721663931324116,17,2,0,11.0,17.0,12.0,8.0
3553,main_green,side_green,64,213.0,8.843717752421346,13,2,0,11.0,17.0,12.0,8.0
3554,yellow_transition,yellow_transition,65,227.0,8.968382467705476,15,3,1,10.0,2.0,-12.0,12.0
3555,yellow_transition,yellow_transition,63,241.0,8.802175287410524,14,3,1,10.0,2.0,-12.0,12.0
3556,yellow_transition,yellow_transition,64,255.0,8.429311687846175,15,3,1,10.0,2.0,-12.0,12.0
3557,side_green,main_green,64,76.0,8.298018757842593,7,0,2,10.0,2.0,-12.0,12.0
3558,side_green,main_green,63,3.0,8.640554783833576,2,0,2,10.0,2.0,-12.0,12.0
3559,side_green,main_green,64,3.0,9.008327919537596,3,0,2,10.0,2.0,-12.0,12.0
3560,side_green,main_green,65,6.0,9.407808780718845,4,0,2,10.0,2.0,-12.0,12.0
3561,side_green,main_green,65,9.0,9.851638216109366,3,0,2,10.0,2.0,-12.0,12.0
3562,side_green,main_green,63,13.0,10.272132471640557,4,0,2,10.0,2.0,-12.0,12.0
3563,side_green,main_green,60,17.0,10.721604876456743,4,0,2,10.0,2.0,-12.0,12.0
3564,side_green,main_green,62,21.0,10.03383618514871,9,0,2,10.0,2.0,-12.0,12.0
3565,side_green,main_green,58,26.0,9.895043913851817,6,0,2,10.0,2.0,-12.0,12.0
3566,side_green,main_green,57,32.0,10.242117259493371,6,0,2,10.0,2.0,-12.0,12.0
3567,yellow_transition,yellow_transition,54,38.0,10.059265751230313,6,1,3,-8.0,16.0,-5.0,-1.0
3568,yellow_transition,yellow_transition,55,45.0,9.839007615135802,8,1,3,-8.0,16.0,-5.0,-1.0
3569,yellow_transition,yellow_transition,55,52.0,9.73181703243885,7,1,3,-8.0,16.0,-5.0,-1.0
3570,main_green,main_green,55,23.0,9.63970511776257,4,2,2,-8.0,16.0,-5.0,-1.0
3571,main_green,main_green,55,22.0,9.823509246043649,2,2,2,-8.0,16.0,-5.0,-1.0
3572,main_green,main_green,56,26.0,9.85540900063687,5,2,2,-8.0,16.0,-5.0,-1.0
3573,main_green,main_green,55,31.0,10.19949489953991,5,2,2,-8.0,16.0,-5.0,-1.0
3574,main_green,main_green,55,36.0,10.523675655074296,5,2,2,-8.0,16.0,-5.0,-1.0
3575,main_green,main_green,53,42.0,10.618893202746063,7,2,2,-8.0,16.0,-5.0,-1.0
3576,main_green,main_green,56,48.0,9.915672020418528,11,2,2,-8.0,16.0,-5.0,-1.0
3577,main_green,main_green,56,54.0,10.156225380207031,6,2,2,-8.0,16.0,-5.0,-1.0
3578,main_green,main_green,53,60.0,10.280417711452058,6,2,2,-8.0,16.0,-5.0,-1.0
3579,main_green,main_green,50,66.0,10.454117065467836,6,2,2,-8.0,16.0,-5.0,-1.0
3580,main_green,main_green,52,72.0,10.070992272641636,8,2,2,4.0,18.0,-1.0,3.0
3581,main_green,main_green,52,78.0,10.023110265776943,6,2,2,4.0,18.0,-1.0,3.0
3582,main_green,main_green,52,84.0,10.080684525079171,6,2,2,4.0,18.0,-1.0,3.0
3583,main_green,main_green,51,90.0,9.881228408176003,6,2,2,4.0,18.0,-1.0,3.0
3584,main_green,main_green,50,100.0,9.711094486544788,11,2,2,4.0,18.0,-1.0,3.0
3585,main_green,main_green,51,110.0,9.613704870591297,11,2,2,4.0,18.0,-1.0,3.0
3586,main_green,main_green,50,120.0,9.71626720345197,10,2,2,4.0,18.0,-1.0,3.0
3587,main_green,main_green,50,130.0,9.809983849822398,10,2,2,4.0,18.0,-1.0,3.0
3588,main_green,main_green,54,140.0,8.863186092391654,15,2,2,4.0,18.0,-1.0,3.0
3589,main_green,main_green,53,150.0,9.126324653182062,10,2,2,4.0,18.0,-1.0,3.0
3590,main_green,main_green,53,160.0,9.070066781926558,11,2,2,2.0,8.0,12.0,16.0
3591,main_green,main_green,53,170.0,9.426966294857298,10,2,2,2.0,8.0,12.0,16.0
3592,main_green,main_green,54,180.0,9.318168652229573,11,2,2,2.0,8.0,12.0,16.0
3593,main_green,main_green,54,190.0,9.38552875922674,10,2,2,2.0,8.0,12.0,16.0
3594,main_green,main_green,54,200.0,9.407056538215702,10,2,2,2.0,8.0,12.0,16.0
3595,main_green,main_green,55,211.0,9.245842390704702,12,2,2,2.0,8.0,12.0,16.0
3596,main_green,main_green,55,223.0,9.123237138947971,13,2,2,2.0,8.0,12.0,16.0
3597,main_green,main_green,52,236.0,8.960590783804069,13,2,2,2.0,8.0,12.0,16.0
3598,main_green,main_green,52,250.0,9.124498079415618,14,2,2,2.0,8.0,12.0,16.0
3599,main_green,main_green,51,264.0,9.069354130485886,14,2,2,2.0,8.0,12.0,16.0
