step,J1_phase_group,J2_phase_group,vehicle_count,total_waiting_time,mean_speed,total_queue,J1_phase,J2_phase,J1_side_pressure,J1_main_pressure,J2_side_pressure,J2_main_pressure
0,main_green,main_green,6,0.0,0.0,6,2,2,0.0,0.0,0.0,0.0
1,main_green,main_green,6,0.0,1.9281289832588906,0,2,2,0.0,0.0,0.0,0.0
2,main_green,main_green,6,0.0,3.819527830982891,0,2,2,0.0,0.0,0.0,0.0
3,main_green,main_green,6,0.0,5.95375468035927,0,2,2,0.0,0.0,0.0,0.0
4,main_green,main_green,7,0.0,6.647755472318802,1,2,2,0.0,0.0,0.0,0.0
5,main_green,main_green,7,0.0,8.298468717521317,0,2,2,0.0,0.0,0.0,0.0
6,main_green,main_green,8,0.0,8.574237411410273,1,2,2,0.0,0.0,0.0,0.0
7,main_green,main_green,8,0.0,9.901442386076598,0,2,2,0.0,0.0,0.0,0.0
8,main_green,main_green,9,0.0,9.252661430357609,1,2,2,0.0,0.0,0.0,0.0
9,main_green,main_green,9,0.0,9.932773236214253,0,2,2,0.0,0.0,0.0,0.0
10,main_green,main_green,9,0.0,10.45049816250539,0,2,2,4.0,6.0,4.0,4.0
11,main_green,main_green,10,0.0,10.118736469104388,1,2,2,4.0,6.0,4.0,4.0
12,main_green,main_green,15,0.0,7.173519009669289,5,2,2,4.0,6.0,4.0,4.0
13,main_green,main_green,15,0.0,8.09625817419114,0,2,2,4.0,6.0,4.0,4.0
14,main_green,main_green,15,0.0,8.909221398424402,0,2,2,4.0,6.0,4.0,4.0
15,main_green,main_green,15,0.0,9.586576673690272,0,2,2,4.0,6.0,4.0,4.0
16,main_green,main_green,17,0.0,9.224030556041402,2,2,2,4.0,6.0,4.0,4.0
17,main_green,main_green,17,0.0,9.86779040481578,0,2,2,4.0,6.0,4.0,4.0
18,main_green,main_green,17,0.0,10.086451150162844,0,2,2,4.0,6.0,4.0,4.0
19,main_green,main_green,17,0.0,9.864399277973423,0,2,2,4.0,6.0,4.0,4.0
20,main_green,main_green,18,0.0,9.119878366765734,1,2,2,8.0,10.0,8.0,8.0
21,main_green,main_green,19,2.0,8.770795411039876,3,2,2,8.0,10.0,8.0,8.0
22,main_green,main_green,19,5.0,8.88257611990297,3,2,2,8.0,10.0,8.0,8.0
23,main_green,main_green,19,8.0,9.099786112519073,3,2,2,8.0,10.0,8.0,8.0
24,main_green,main_green,24,12.0,7.231573834548203,9,2,2,8.0,10.0,8.0,8.0
25,main_green,main_green,24,16.0,7.917093987708241,4,2,2,8.0,10.0,8.0,8.0
26,main_green,main_green,25,20.0,8.204194995852196,5,2,2,8.0,10.0,8.0,8.0
27,main_green,main_green,25,24.0,8.816902973744721,4,2,2,8.0,10.0,8.0,8.0
28,main_green,main_green,26,28.0,8.967289775837896,5,2,2,8.0,10.0,8.0,8.0
29,main_green,main_green,26,32.0,9.336082168250947,4,2,2,8.0,10.0,8.0,8.0
30,main_green,main_green,26,36.0,9.155718177996611,4,2,2,11.0,13.0,11.0,11.0
31,main_green,main_green,27,40.0,8.453759993044597,5,2,2,11.0,13.0,11.0,11.0
32,main_green,main_green,28,47.0,7.901984020182058,8,2,2,11.0,13.0,11.0,11.0
33,main_green,main_green,28,55.0,8.248083983909655,8,2,2,11.0,13.0,11.0,11.0
34,main_green,main_green,28,63.0,8.469211896724678,8,2,2,11.0,13.0,11.0,11.0
35,main_green,main_green,28,71.0,8.705979322195166,8,2,2,11.0,13.0,11.0,11.0
36,main_green,main_green,33,79.0,7.465711874848296,13,2,2,11.0,13.0,11.0,11.0
37,main_green,main_green,34,87.0,7.583962508241205,9,2,2,11.0,13.0,11.0,11.0
38,main_green,main_green,34,95.0,7.985890448405314,8,2,2,11.0,13.0,11.0,11.0
39,main_green,main_green,34,103.0,8.427220189735024,8,2,2,11.0,13.0,11.0,11.0
40,main_green,main_green,35,111.0,8.180314917939944,9,2,2,12.0,14.0,13.0,15.0
41,main_green,main_green,35,119.0,8.186736345515003,8,2,2,12.0,14.0,13.0,15.0
42,main_green,main_green,36,127.0,7.8896134699950045,9,2,2,12.0,14.0,13.0,15.0
43,main_green,main_green,36,135.0,8.006076230307295,8,2,2,12.0,14.0,13.0,15.0
44,main_green,main_green,37,146.0,7.750874268286408,12,2,2,12.0,14.0,13.0,15.0
45,main_green,main_green,37,158.0,8.024103330377823,12,2,2,12.0,14.0,13.0,15.0
46,main_green,main_green,37,170.0,8.108902227468551,12,2,2,12.0,14.0,13.0,15.0
47,main_green,main_green,38,182.0,8.005607387612258,13,2,2,12.0,14.0,13.0,15.0
48,main_green,main_green,43,194.0,7.215451876968126,17,2,2,12.0,14.0,13.0,15.0
49,main_green,main_green,43,206.0,7.665294884719,12,2,2,12.0,14.0,13.0,15.0
50,main_green,main_green,43,218.0,7.971715086224378,12,2,2,14.0,14.0,16.0,16.0
51,main_green,main_green,43,230.0,7.98094461879847,12,2,2,14.0,14.0,16.0,16.0
52,main_green,main_green,45,242.0,7.824228710894906,14,2,2,14.0,14.0,16.0,16.0
53,main_green,main_green,45,254.0,7.8987036930337355,12,2,2,14.0,14.0,16.0,16.0
54,main_green,main_green,45,266.0,7.948900073373462,12,2,2,14.0,14.0,16.0,16.0
55,main_green,main_green,45,278.0,7.910644230670594,12,2,2,14.0,14.0,16.0,16.0
56,main_green,main_green,46,293.0,7.817764545255058,16,2,2,14.0,14.0,16.0,16.0
57,main_green,main_green,47,308.0,7.6604595608552275,16,2,2,14.0,14.0,16.0,16.0
58,main_green,main_green,47,323.0,7.859280098632828,15,2,2,14.0,14.0,16.0,16.0
59,main_green,main_green,47,338.0,8.000188653804376,15,2,2,14.0,14.0,16.0,16.0
60,main_green,main_green,52,354.0,7.267561103939713,21,2,2,13.0,15.0,13.0,15.0
61,main_green,main_green,52,370.0,7.557597279890175,16,2,2,13.0,15.0,13.0,15.0
62,main_green,main_green,53,386.0,7.695532688936858,17,2,2,13.0,15.0,13.0,15.0
63,main_green,main_green,53,402.0,7.924159966785468,16,2,2,13.0,15.0,13.0,15.0
64,main_green,main_green,54,418.0,7.737390002560322,17,2,2,13.0,15.0,13.0,15.0
65,main_green,main_green,54,434.0,7.71572011496567,16,2,2,13.0,15.0,13.0,15.0
66,main_green,main_green,54,453.0,7.665290492136325,19,2,2,13.0,15.0,13.0,15.0
67,main_green,main_green,55,472.0,7.663144818354902,20,2,2,13.0,15.0,13.0,15.0
68,main_green,main_green,56,491.0,7.670193576991558,20,2,2,13.0,15.0,13.0,15.0
69,main_green,main_green,56,511.0,7.813371587858527,20,2,2,13.0,15.0,13.0,15.0
70,yellow_transition,yellow_transition,56,531.0,7.858940079701543,20,3,3,15.0,11.0,15.0,11.0
71,yellow_transition,yellow_transition,55,551.0,7.730849940143721,20,3,3,15.0,11.0,15.0,11.0
72,yellow_transition,yellow_transition,60,571.0,7.089030790847417,25,3,3,15.0,11.0,15.0,11.0
73,side_green,side_green,60,216.0,7.230818486764693,13,0,0,15.0,11.0,15.0,11.0
74,side_green,side_green,60,33.0,7.7482043919094075,4,0,0,15.0,11.0,15.0,11.0
75,side_green,side_green,59,0.0,8.265450693363716,0,0,0,15.0,11.0,15.0,11.0
76,side_green,side_green,60,1.0,8.666794686350077,2,0,0,15.0,11.0,15.0,11.0
77,side_green,side_green,60,4.0,9.10343407058656,3,0,0,15.0,11.0,15.0,11.0
78,side_green,side_green,61,8.0,9.668590190215834,5,0,0,15.0,11.0,15.0,11.0
79,side_green,side_green,61,12.0,10.097962786956677,4,0,0,15.0,11.0,15.0,11.0
80,side_green,side_green,62,17.0,10.366454994992425,6,0,0,15.0,11.0,15.0,11.0
81,side_green,side_green,61,23.0,10.311092335480012,6,0,0,15.0,11.0,15.0,11.0
82,side_green,side_green,61,30.0,10.06779760562005,7,0,0,15.0,11.0,15.0,11.0
83,yellow_transition,yellow_transition,61,37.0,9.513155433519062,8,1,1,-17.0,5.0,-16.0,6.0
84,yellow_transition,yellow_transition,66,46.0,8.702906597925688,14,1,1,-17.0,5.0,-16.0,6.0
85,yellow_transition,yellow_transition,66,55.0,8.796611240045896,9,1,1,-17.0,5.0,-16.0,6.0
86,main_green,main_green,66,7.0,9.153830674819469,3,2,2,-17.0,5.0,-16.0,6.0
87,main_green,main_green,65,0.0,9.576831814188424,0,2,2,-17.0,5.0,-16.0,6.0
88,main_green,main_green,66,0.0,9.77591969954033,2,2,2,-17.0,5.0,-16.0,6.0
89,main_green,main_green,66,0.0,10.161198737327444,0,2,2,-17.0,5.0,-16.0,6.0
90,main_green,main_green,65,0.0,10.623062206890626,0,2,2,-17.0,5.0,-16.0,6.0
91,main_green,main_green,63,0.0,11.00879050003105,0,2,2,-17.0,5.0,-16.0,6.0
92,main_green,main_green,61,0.0,10.97791204450599,1,2,2,-17.0,5.0,-16.0,6.0
93,main_green,main_green,57,1.0,10.835847807847186,2,2,2,-17.0,5.0,-16.0,6.0
94,main_green,main_green,53,4.0,10.922031227334722,3,2,2,-17.0,5.0,-16.0,6.0
95,main_green,main_green,51,8.0,11.040318652370134,4,2,2,-17.0,5.0,-16.0,6.0
96,main_green,main_green,52,12.0,9.891322906963003,9,2,2,-7.0,7.0,-8.0,4.0
97,main_green,main_green,48,16.0,10.003162874461374,4,2,2,-7.0,7.0,-8.0,4.0
98,main_green,main_green,48,20.0,10.06084897881118,5,2,2,-7.0,7.0,-8.0,4.0
99,main_green,main_green,47,24.0,10.42609070947888,4,2,2,-7.0,7.0,-8.0,4.0
100,main_green,main_green,47,28.0,10.18485318333026,5,2,2,-7.0,7.0,-8.0,4.0
101,main_green,main_green,47,32.0,10.514450030946358,4,2,2,-7.0,7.0,-8.0,4.0
102,main_green,main_green,47,36.0,10.407269522280117,4,2,2,-7.0,7.0,-8.0,4.0
103,main_green,main_green,48,40.0,10.285558788729324,5,2,2,-7.0,7.0,-8.0,4.0
104,main_green,main_green,49,44.0,10.029886451767634,5,2,2,-7.0,7.0,-8.0,4.0
105,main_green,main_green,49,49.0,10.167314414652369,5,2,2,-7.0,7.0,-8.0,4.0
106,main_green,main_green,49,56.0,10.232981547962835,7,2,2,1.0,13.0,0.0,14.0
107,main_green,main_green,49,64.0,10.255703583703752,8,2,2,1.0,13.0,0.0,14.0
108,main_green,main_green,54,72.0,9.390176520609078,13,2,2,1.0,13.0,0.0,14.0
109,main_green,main_green,55,80.0,9.467609744890687,9,2,2,1.0,13.0,0.0,14.0
110,main_green,main_green,55,88.0,9.704432752048817,8,2,2,1.0,13.0,0.0,14.0
111,main_green,main_green,55,96.0,9.832784051901893,8,2,2,1.0,13.0,0.0,14.0
112,main_green,main_green,56,104.0,9.594256113430466,9,2,2,1.0,13.0,0.0,14.0
113,main_green,main_green,53,112.0,9.434150578380743,8,2,2,1.0,13.0,0.0,14.0
114,main_green,main_green,52,120.0,9.173537516143234,9,2,2,1.0,13.0,0.0,14.0
115,main_green,main_green,50,129.0,9.105187679584848,9,2,2,1.0,13.0,0.0,14.0
116,main_green,main_green,51,139.0,9.113849467470809,11,2,2,4.0,8.0,6.0,16.0
117,main_green,main_green,50,151.0,9.121411134978816,12,2,2,4.0,8.0,6.0,16.0
118,main_green,main_green,49,163.0,9.212589646548583,12,2,2,4.0,8.0,6.0,16.0
119,main_green,main_green,50,175.0,9.112996802613925,13,2,2,4.0,8.0,6.0,16.0
120,main_green,main_green,54,187.0,8.419939038556814,17,2,2,4.0,8.0,6.0,16.0
121,main_green,main_green,54,199.0,8.59826894319233,12,2,2,4.0,8.0,6.0,16.0
122,main_green,main_green,54,211.0,8.858074325478793,12,2,2,4.0,8.0,6.0,16.0
123,main_green,main_green,54,223.0,9.139238123252706,12,2,2,4.0,8.0,6.0,16.0
124,main_green,main_green,56,235.0,8.709135848067623,14,2,2,4.0,8.0,6.0,16.0
125,main_green,main_green,56,247.0,8.928935459897163,12,2,2,4.0,8.0,6.0,16.0
126,main_green,main_green,56,259.0,8.976627793649337,12,2,2,8.0,12.0,8.0,10.0
127,main_green,main_green,56,271.0,8.792641968034596,12,2,2,8.0,12.0,8.0,10.0
128,main_green,main_green,57,285.0,8.730683453331798,15,2,2,8.0,12.0,8.0,10.0
129,main_green,main_green,58,301.0,8.65897129660631,17,2,2,8.0,12.0,8.0,10.0
130,main_green,main_green,58,317.0,8.793503804327532,16,2,2,8.0,12.0,8.0,10.0
131,main_green,main_green,58,333.0,8.899911602893704,16,2,2,8.0,12.0,8.0,10.0
132,main_green,main_green,63,349.0,8.267148573744414,21,2,2,8.0,12.0,8.0,10.0
133,main_green,main_green,63,365.0,8.480294566636479,16,2,2,8.0,12.0,8.0,10.0
134,main_green,main_green,63,381.0,8.463658109130838,17,2,2,8.0,12.0,8.0,10.0
135,main_green,main_green,61,397.0,8.445322240260705,16,2,2,8.0,12.0,8.0,10.0
136,yellow_transition,yellow_transition,61,413.0,8.12826183551501,17,3,3,11.0,7.0,12.0,12.0
137,yellow_transition,yellow_transition,60,429.0,7.9113374161380925,16,3,3,11.0,7.0,12.0,12.0
138,yellow_transition,yellow_transition,59,446.0,7.800977550928679,17,3,3,11.0,7.0,12.0,12.0
139,side_green,main_green,59,301.0,7.842874208661992,14,0,2,11.0,7.0,12.0,12.0
140,side_green,main_green,58,242.0,7.8706407934110185,12,0,2,11.0,7.0,12.0,12.0
141,side_green,main_green,58,249.0,8.21597183867044,10,0,2,11.0,7.0,12.0,12.0
142,side_green,main_green,58,259.0,8.385988080742843,10,0,2,11.0,7.0,12.0,12.0
143,side_green,main_green,58,270.0,8.514309482530434,11,0,2,11.0,7.0,12.0,12.0
144,side_green,main_green,62,281.0,8.012545405239447,16,0,2,11.0,7.0,12.0,12.0
145,side_green,main_green,63,294.0,8.271767367982823,14,0,2,11.0,7.0,12.0,12.0
146,side_green,main_green,63,307.0,8.53554757529289,13,0,2,11.0,7.0,12.0,12.0
147,side_green,main_green,62,320.0,8.617933903949883,13,0,2,11.0,7.0,12.0,12.0
148,side_green,main_green,63,335.0,8.616459790196915,16,0,2,11.0,7.0,12.0,12.0
149,yellow_transition,yellow_transition,61,350.0,8.432595137400348,15,1,3,-9.0,15.0,15.0,3.0
150,yellow_transition,yellow_transition,62,365.0,8.17297535553788,16,1,3,-9.0,15.0,15.0,3.0
151,yellow_transition,yellow_transition,61,381.0,7.845579050888432,16,1,3,-9.0,15.0,15.0,3.0
152,main_green,side_green,62,156.0,7.915907821401742,10,2,0,-9.0,15.0,15.0,3.0
153,main_green,side_green,62,32.0,8.343577570466795,5,2,0,-9.0,15.0,15.0,3.0
154,main_green,side_green,62,4.0,8.827544003070248,2,2,0,-9.0,15.0,15.0,3.0
155,main_green,side_green,62,6.0,9.167587358985925,3,2,0,-9.0,15.0,15.0,3.0
156,main_green,side_green,66,8.0,8.88275288826208,7,2,0,-9.0,15.0,15.0,3.0
157,main_green,side_green,64,11.0,9.441282343143683,3,2,0,-9.0,15.0,15.0,3.0
158,main_green,side_green,64,14.0,9.835944047914884,3,2,0,-9.0,15.0,15.0,3.0
159,main_green,side_green,58,19.0,10.094811417724486,5,2,0,-9.0,15.0,15.0,3.0
160,main_green,side_green,60,25.0,10.08421367736084,8,2,0,-9.0,15.0,15.0,3.0
161,main_green,side_green,57,31.0,10.26001185820265,6,2,0,-9.0,15.0,15.0,3.0
162,yellow_transition,yellow_transition,56,37.0,10.105021168536236,6,3,1,-3.0,5.0,-12.0,14.0
163,yellow_transition,yellow_transition,55,43.0,9.678255296942945,6,3,1,-3.0,5.0,-12.0,14.0
164,yellow_transition,yellow_transition,56,49.0,9.301205160459173,7,3,1,-3.0,5.0,-12.0,14.0
165,main_green,main_green,57,34.0,9.501915814821794,5,2,2,-3.0,5.0,-12.0,14.0
166,main_green,main_green,57,31.0,9.803874426804338,4,2,2,-3.0,5.0,-12.0,14.0
167,main_green,main_green,57,35.0,10.101712917416192,4,2,2,-3.0,5.0,-12.0,14.0
168,main_green,main_green,62,39.0,9.630635927067399,9,2,2,-3.0,5.0,-12.0,14.0
169,main_green,main_green,62,43.0,10.152212966551495,4,2,2,-3.0,5.0,-12.0,14.0
170,main_green,main_green,62,47.0,10.383625268232606,5,2,2,-3.0,5.0,-12.0,14.0
171,main_green,main_green,61,51.0,10.624688311668955,4,2,2,-3.0,5.0,-12.0,14.0
172,main_green,main_green,61,55.0,10.52816912246966,5,2,2,-3.0,5.0,-12.0,14.0
173,main_green,main_green,57,59.0,10.307983060821243,4,2,2,-3.0,5.0,-12.0,14.0
174,main_green,main_green,56,63.0,10.419667957359865,4,2,2,-3.0,5.0,-12.0,14.0
175,main_green,main_green,54,67.0,10.126003726469126,5,2,2,-1.0,3.0,-8.0,14.0
176,main_green,main_green,53,73.0,10.029865284188388,7,2,2,-1.0,3.0,-8.0,14.0
177,main_green,main_green,51,81.0,10.0237693589755,8,2,2,-1.0,3.0,-8.0,14.0
178,main_green,main_green,48,89.0,9.981737064485559,8,2,2,-1.0,3.0,-8.0,14.0
179,main_green,main_green,47,97.0,9.963747506113565,8,2,2,-1.0,3.0,-8.0,14.0
180,main_green,main_green,50,105.0,8.960577835386015,13,2,2,-1.0,3.0,-8.0,14.0
181,main_green,main_green,51,113.0,9.014755687698317,9,2,2,-1.0,3.0,-8.0,14.0
182,main_green,main_green,51,121.0,9.295418402286371,8,2,2,-1.0,3.0,-8.0,14.0
183,main_green,main_green,51,129.0,9.391686979578115,8,2,2,-1.0,3.0,-8.0,14.0
184,main_green,main_green,52,137.0,9.279984181064082,9,2,2,-1.0,3.0,-8.0,14.0
185,main_green,main_green,52,145.0,9.502100014411894,8,2,2,11.0,15.0,0.0,10.0
186,main_green,main_green,53,153.0,9.413215600789455,9,2,2,11.0,15.0,0.0,10.0
187,main_green,main_green,53,161.0,9.473072796822992,8,2,2,11.0,15.0,0.0,10.0
188,main_green,main_green,54,170.0,9.45793632258736,10,2,2,11.0,15.0,0.0,10.0
189,main_green,main_green,54,181.0,9.503059485101353,11,2,2,11.0,15.0,0.0,10.0
190,main_green,main_green,53,192.0,9.402990412953235,11,2,2,11.0,15.0,0.0,10.0
191,main_green,main_green,52,203.0,9.158704492257591,12,2,2,11.0,15.0,0.0,10.0
192,main_green,main_green,57,215.0,8.518249073902584,17,2,2,11.0,15.0,0.0,10.0
193,main_green,main_green,57,227.0,8.650168891577533,12,2,2,11.0,15.0,0.0,10.0
194,main_green,main_green,56,239.0,8.855180042925587,12,2,2,11.0,15.0,0.0,10.0
195,main_green,main_green,54,251.0,9.035773025547245,12,2,2,18.0,18.0,1.0,5.0
196,main_green,main_green,56,263.0,8.597205000399127,14,2,2,18.0,18.0,1.0,5.0
197,main_green,main_green,56,275.0,8.552060288570317,12,2,2,18.0,18.0,1.0,5.0
198,main_green,main_green,56,287.0,8.502603202587329,12,2,2,18.0,18.0,1.0,5.0
199,main_green,main_green,56,301.0,8.64071128772905,14,2,2,18.0,18.0,1.0,5.0
200,main_green,main_green,57,316.0,8.495950032841867,16,2,2,18.0,18.0,1.0,5.0
201,main_green,main_green,57,332.0,8.414507384155351,17,2,2,18.0,18.0,1.0,5.0
202,main_green,main_green,57,348.0,8.613604129911716,16,2,2,18.0,18.0,1.0,5.0
203,main_green,main_green,56,364.0,8.601694257602128,16,2,2,18.0,18.0,1.0,5.0
204,main_green,main_green,61,380.0,7.953927722104423,21,2,2,18.0,18.0,1.0,5.0
205,yellow_transition,yellow_transition,60,396.0,8.047621681439907,16,3,3,17.0,13.0,7.0,9.0
206,yellow_transition,yellow_transition,61,412.0,8.025833686335101,17,3,3,17.0,13.0,7.0,9.0
207,yellow_transition,yellow_transition,61,428.0,7.874601047966598,16,3,3,17.0,13.0,7.0,9.0
208,side_green,main_green,62,245.0,7.933558445969885,13,0,2,17.0,13.0,7.0,9.0
209,side_green,main_green,61,151.0,8.070376872959214,8,0,2,17.0,13.0,7.0,9.0
210,side_green,main_green,61,135.0,8.30078210897618,6,0,2,17.0,13.0,7.0,9.0
211,side_green,main_green,61,144.0,8.400030283402076,10,0,2,17.0,13.0,7.0,9.0
212,side_green,main_green,60,154.0,8.468562268918728,11,0,2,17.0,13.0,7.0,9.0
213,side_green,main_green,60,165.0,9.032710433729275,11,0,2,17.0,13.0,7.0,9.0
214,side_green,main_green,60,176.0,9.309178274073155,11,0,2,17.0,13.0,7.0,9.0
215,side_green,main_green,59,188.0,9.401037124222922,12,0,2,17.0,13.0,7.0,9.0
216,side_green,main_green,64,200.0,8.741065139844531,17,0,2,17.0,13.0,7.0,9.0
217,side_green,main_green,65,212.0,8.641213284153851,13,0,2,17.0,13.0,7.0,9.0
218,yellow_transition,yellow_transition,65,225.0,8.732593115752975,13,1,3,-11.0,15.0,11.0,1.0
219,yellow_transition,yellow_transition,63,238.0,8.644505780242115,13,1,3,-11.0,15.0,11.0,1.0
220,yellow_transition,yellow_transition,64,252.0,8.373237258963188,15,1,3,-11.0,15.0,11.0,1.0
221,main_green,side_green,63,78.0,8.242000270207026,7,2,0,-11.0,15.0,11.0,1.0
222,main_green,side_green,63,0.0,8.242580345152048,1,2,0,-11.0,15.0,11.0,1.0
223,main_green,side_green,61,0.0,8.493196137321858,0,2,0,-11.0,15.0,11.0,1.0
224,main_green,side_green,61,2.0,8.859521292082512,3,2,0,-11.0,15.0,11.0,1.0
225,main_green,side_green,61,5.0,9.505061706406664,3,2,0,-11.0,15.0,11.0,1.0
226,main_green,side_green,61,9.0,10.217519148730538,4,2,0,-11.0,15.0,11.0,1.0
227,main_green,side_green,59,13.0,10.51083973340621,5,2,0,-11.0,15.0,11.0,1.0
228,main_green,side_green,62,18.0,9.869605839496199,10,2,0,-11.0,15.0,11.0,1.0
229,main_green,side_green,60,24.0,10.128301433610817,6,2,0,-11.0,15.0,11.0,1.0
230,main_green,side_green,58,30.0,10.274757240818882,6,2,0,-11.0,15.0,11.0,1.0
231,yellow_transition,yellow_transition,57,36.0,10.413789996511024,6,3,1,-5.0,3.0,-9.0,13.0
232,yellow_transition,yellow_transition,57,43.0,9.838903733873096,9,3,1,-5.0,3.0,-9.0,13.0
233,yellow_transition,yellow_transition,57,50.0,9.697023773564089,7,3,1,-5.0,3.0,-9.0,13.0
234,main_green,main_green,56,23.0,9.80877283611583,3,2,2,-5.0,3.0,-9.0,13.0
235,main_green,main_green,55,24.0,9.97690826090952,4,2,2,-5.0,3.0,-9.0,13.0
236,main_green,main_green,54,28.0,9.956981697154363,5,2,2,-5.0,3.0,-9.0,13.0
237,main_green,main_green,55,33.0,9.982390156334132,6,2,2,-5.0,3.0,-9.0,13.0
238,main_green,main_green,55,39.0,10.340200652894357,6,2,2,-5.0,3.0,-9.0,13.0
239,main_green,main_green,52,45.0,10.527322790414843,6,2,2,-5.0,3.0,-9.0,13.0
240,main_green,main_green,56,51.0,9.832984844676563,11,2,2,-5.0,3.0,-9.0,13.0
241,main_green,main_green,52,57.0,9.894275920278371,6,2,2,-5.0,3.0,-9.0,13.0
242,main_green,main_green,52,63.0,9.941348251662522,7,2,2,-5.0,3.0,-9.0,13.0
243,main_green,main_green,51,69.0,10.045511324625013,6,2,2,-5.0,3.0,-9.0,13.0
244,main_green,main_green,51,75.0,10.070479543648302,7,2,2,-1.0,5.0,4.0,22.0
245,main_green,main_green,51,81.0,10.129917410075343,6,2,2,-1.0,5.0,4.0,22.0
246,main_green,main_green,51,87.0,10.263888699262901,6,2,2,-1.0,5.0,4.0,22.0
247,main_green,main_green,52,93.0,9.986072264913677,7,2,2,-1.0,5.0,4.0,22.0
248,main_green,main_green,53,100.0,9.67736697905624,8,2,2,-1.0,5.0,4.0,22.0
249,main_green,main_green,52,108.0,9.720832000259936,8,2,2,-1.0,5.0,4.0,22.0
250,main_green,main_green,51,117.0,9.775475039628683,9,2,2,-1.0,5.0,4.0,22.0
251,main_green,main_green,50,127.0,10.004567779475266,10,2,2,-1.0,5.0,4.0,22.0
252,main_green,main_green,54,137.0,9.061003624062797,15,2,2,-1.0,5.0,4.0,22.0
253,main_green,main_green,55,147.0,9.099434009556386,11,2,2,-1.0,5.0,4.0,22.0
254,main_green,main_green,54,157.0,9.368482950658217,10,2,2,10.0,16.0,2.0,8.0
255,main_green,main_green,54,167.0,9.543499408260889,10,2,2,10.0,16.0,2.0,8.0
256,main_green,main_green,55,177.0,9.37942165615011,11,2,2,10.0,16.0,2.0,8.0
257,main_green,main_green,55,187.0,9.562704433147402,10,2,2,10.0,16.0,2.0,8.0
258,main_green,main_green,54,197.0,9.128215184492598,11,2,2,10.0,16.0,2.0,8.0
259,main_green,main_green,54,209.0,9.152318991266752,12,2,2,10.0,16.0,2.0,8.0
260,main_green,main_green,53,222.0,8.909062113227169,14,2,2,10.0,16.0,2.0,8.0
261,main_green,main_green,53,236.0,9.00432672656815,14,2,2,10.0,16.0,2.0,8.0
262,main_green,main_green,53,250.0,9.049085302920924,14,2,2,10.0,16.0,2.0,8.0
263,main_green,main_green,54,264.0,8.989077137263138,15,2,2,10.0,16.0,2.0,8.0
264,main_green,main_green,59,278.0,8.314126220547776,19,2,2,10.0,12.0,4.0,10.0
265,main_green,main_green,59,292.0,8.557630092647145,14,2,2,10.0,12.0,4.0,10.0
266,main_green,main_green,59,306.0,8.830984658696538,14,2,2,10.0,12.0,4.0,10.0
267,main_green,main_green,59,320.0,8.958386467964933,14,2,2,10.0,12.0,4.0,10.0
268,main_green,main_green,60,334.0,8.62615609946033,16,2,2,10.0,12.0,4.0,10.0
269,main_green,main_green,60,348.0,8.680358394840386,14,2,2,10.0,12.0,4.0,10.0
270,main_green,main_green,60,363.0,8.577752167431347,15,2,2,10.0,12.0,4.0,10.0
271,main_green,main_green,60,379.0,8.69978029413659,16,2,2,10.0,12.0,4.0,10.0
272,main_green,main_green,59,396.0,8.522261289938015,18,2,2,10.0,12.0,4.0,10.0
273,main_green,main_green,60,414.0,8.40906347598143,19,2,2,10.0,12.0,4.0,10.0
274,main_green,main_green,59,432.0,8.385369126345093,18,2,2,14.0,14.0,5.0,5.0
275,main_green,main_green,58,450.0,8.477295392901071,18,2,2,14.0,14.0,5.0,5.0
276,main_green,main_green,62,468.0,7.820168936253099,23,2,2,14.0,14.0,5.0,5.0
277,main_green,main_green,61,486.0,7.858130293999526,18,2,2,14.0,14.0,5.0,5.0
278,main_green,main_green,62,504.0,8.005062638108788,19,2,2,14.0,14.0,5.0,5.0
279,main_green,main_green,62,522.0,8.118022050440993,18,2,2,14.0,14.0,5.0,5.0
280,main_green,main_green,63,540.0,8.087784594544862,19,2,2,14.0,14.0,5.0,5.0
281,main_green,main_green,62,558.0,7.9180154741296125,18,2,2,14.0,14.0,5.0,5.0
282,main_green,main_green,61,576.0,7.832174514381271,18,2,2,14.0,14.0,5.0,5.0
283,main_green,main_green,61,594.0,7.809274721415793,19,2,2,14.0,14.0,5.0,5.0
284,yellow_transition,yellow_transition,62,616.0,7.701234704712078,23,3,3,15.0,5.0,15.0,13.0
285,yellow_transition,yellow_transition,61,638.0,7.6397552324002165,22,3,3,15.0,5.0,15.0,13.0
286,yellow_transition,yellow_transition,60,660.0,7.468916216771466,22,3,3,15.0,5.0,15.0,13.0
287,side_green,side_green,59,274.0,7.664433360514123,14,0,0,15.0,5.0,15.0,13.0
288,side_green,side_green,62,58.0,7.1922893033599715,12,0,0,15.0,5.0,15.0,13.0
289,side_green,side_green,63,3.0,7.596669050839879,3,0,0,15.0,5.0,15.0,13.0
290,side_green,side_green,63,5.0,8.289906358377516,2,0,0,15.0,5.0,15.0,13.0
291,side_green,side_green,62,8.0,8.739398278002962,3,0,0,15.0,5.0,15.0,13.0
292,side_green,side_green,62,12.0,9.142908924732732,5,0,0,15.0,5.0,15.0,13.0
293,side_green,side_green,62,18.0,9.573939849881656,6,0,0,15.0,5.0,15.0,13.0
294,side_green,side_green,62,25.0,9.724572554160044,8,0,0,15.0,5.0,15.0,13.0
295,side_green,side_green,62,33.0,9.848951538454214,8,0,0,15.0,5.0,15.0,13.0
296,side_green,side_green,63,42.0,9.912214822703152,10,0,0,15.0,5.0,15.0,13.0
297,yellow_transition,yellow_transition,63,53.0,9.743141801533449,11,1,1,-19.0,7.0,-15.0,7.0
298,yellow_transition,yellow_transition,61,64.0,9.538956710825001,11,1,1,-19.0,7.0,-15.0,7.0
299,yellow_transition,yellow_transition,61,76.0,9.286504970100921,13,1,1,-19.0,7.0,-15.0,7.0
300,main_green,main_green,66,18.0,8.826061683972586,10,2,2,-19.0,7.0,-15.0,7.0
301,main_green,main_green,66,0.0,9.191735307790246,0,2,2,-19.0,7.0,-15.0,7.0
302,main_green,main_green,66,0.0,9.547060432141024,0,2,2,-19.0,7.0,-15.0,7.0
303,main_green,main_green,66,0.0,10.099799895976796,0,2,2,-19.0,7.0,-15.0,7.0
304,main_green,main_green,67,0.0,10.320282421417806,2,2,2,-19.0,7.0,-15.0,7.0
305,main_green,main_green,65,0.0,10.74978001037399,0,2,2,-19.0,7.0,-15.0,7.0
306,main_green,main_green,60,0.0,11.08065373681775,0,2,2,-19.0,7.0,-15.0,7.0
307,main_green,main_green,58,0.0,11.083296361378716,0,2,2,-19.0,7.0,-15.0,7.0
308,main_green,main_green,56,1.0,11.114715915848235,2,2,2,-19.0,7.0,-15.0,7.0
309,main_green,main_green,54,4.0,10.930929694262447,4,2,2,-19.0,7.0,-15.0,7.0
310,main_green,main_green,47,8.0,11.079178531743871,4,2,2,-7.0,7.0,-9.0,3.0
311,main_green,main_green,45,12.0,11.16896737370186,4,2,2,-7.0,7.0,-9.0,3.0
312,main_green,main_green,47,16.0,9.980435211512285,9,2,2,-7.0,7.0,-9.0,3.0
313,main_green,main_green,47,20.0,10.131962205277047,4,2,2,-7.0,7.0,-9.0,3.0
314,main_green,main_green,48,24.0,10.312150831333854,5,2,2,-7.0,7.0,-9.0,3.0
315,main_green,main_green,48,28.0,10.635324442068331,4,2,2,-7.0,7.0,-9.0,3.0
316,main_green,main_green,49,32.0,10.395620294618736,5,2,2,-7.0,7.0,-9.0,3.0
317,main_green,main_green,49,36.0,10.633983648706492,4,2,2,-7.0,7.0,-9.0,3.0
318,main_green,main_green,49,40.0,10.582304717277317,4,2,2,-7.0,7.0,-9.0,3.0
319,main_green,main_green,50,44.0,10.270885113098172,5,2,2,-7.0,7.0,-9.0,3.0
320,main_green,main_green,51,49.0,10.124226578196488,6,2,2,-1.0,11.0,0.0,16.0
321,main_green,main_green,51,57.0,10.191334677393927,8,2,2,-1.0,11.0,0.0,16.0
322,main_green,main_green,51,65.0,10.410223161901294,8,2,2,-1.0,11.0,0.0,16.0
323,main_green,main_green,51,73.0,10.374621989325771,8,2,2,-1.0,11.0,0.0,16.0
324,main_green,main_green,56,81.0,9.484835339662295,13,2,2,-1.0,11.0,0.0,16.0
325,main_green,main_green,56,89.0,9.41174217155849,9,2,2,-1.0,11.0,0.0,16.0
326,main_green,main_green,54,97.0,9.673835078542822,8,2,2,-1.0,11.0,0.0,16.0
327,main_green,main_green,53,105.0,9.78052609293381,8,2,2,-1.0,11.0,0.0,16.0
328,main_green,main_green,53,113.0,9.487075652452825,9,2,2,-1.0,11.0,0.0,16.0
329,main_green,main_green,51,121.0,9.418574179049443,8,2,2,-1.0,11.0,0.0,16.0
330,main_green,main_green,52,129.0,9.113300258747433,9,2,2,7.0,13.0,5.0,9.0
331,main_green,main_green,51,137.0,9.185822931768142,8,2,2,7.0,13.0,5.0,9.0
332,main_green,main_green,52,147.0,9.146635949532547,11,2,2,7.0,13.0,5.0,9.0
333,main_green,main_green,52,159.0,9.216806666916234,12,2,2,7.0,13.0,5.0,9.0
334,main_green,main_green,50,171.0,9.147192739460834,12,2,2,7.0,13.0,5.0,9.0
335,main_green,main_green,51,183.0,9.050997425257094,13,2,2,7.0,13.0,5.0,9.0
336,main_green,main_green,56,195.0,8.364376434343479,17,2,2,7.0,13.0,5.0,9.0
337,main_green,main_green,56,207.0,8.516530863538254,12,2,2,7.0,13.0,5.0,9.0
338,main_green,main_green,55,219.0,8.851911025234653,12,2,2,7.0,13.0,5.0,9.0
339,main_green,main_green,55,231.0,9.005865879986345,12,2,2,7.0,13.0,5.0,9.0
340,yellow_transition,yellow_transition,57,243.0,8.819537682846605,14,3,3,9.0,9.0,8.0,6.0
341,yellow_transition,yellow_transition,57,255.0,8.817053991377525,12,3,3,9.0,9.0,8.0,6.0
342,yellow_transition,yellow_transition,57,267.0,8.87012924500144,12,3,3,9.0,9.0,8.0,6.0
343,main_green,side_green,57,163.0,8.936667330486506,8,2,0,9.0,9.0,8.0,6.0
344,main_green,side_green,58,147.0,8.917698477581606,8,2,0,9.0,9.0,8.0,6.0
345,main_green,side_green,59,155.0,8.986639159498795,9,2,0,9.0,9.0,8.0,6.0
346,main_green,side_green,59,163.0,9.30077142054911,8,2,0,9.0,9.0,8.0,6.0
347,main_green,side_green,59,171.0,9.559484053978926,8,2,0,9.0,9.0,8.0,6.0
348,main_green,side_green,63,181.0,8.98022588640445,15,2,0,9.0,9.0,8.0,6.0
349,main_green,side_green,62,191.0,9.247743347785363,10,2,0,9.0,9.0,8.0,6.0
350,main_green,side_green,63,201.0,9.200426549178438,11,2,0,9.0,9.0,8.0,6.0
351,main_green,side_green,61,211.0,9.061326569627653,10,2,0,9.0,9.0,8.0,6.0
352,main_green,side_green,61,222.0,8.81650853756992,12,2,0,9.0,9.0,8.0,6.0
353,yellow_transition,yellow_transition,60,235.0,8.688570101491695,13,3,1,10.0,4.0,-7.0,15.0
354,yellow_transition,yellow_transition,57,249.0,8.405458624077909,14,3,1,10.0,4.0,-7.0,15.0
355,yellow_transition,yellow_transition,57,264.0,8.028726211040292,16,3,1,10.0,4.0,-7.0,15.0
356,side_green,main_green,58,84.0,8.151912851709305,9,0,2,10.0,4.0,-7.0,15.0
357,side_green,main_green,58,8.0,8.62010431107142,4,0,2,10.0,4.0,-7.0,15.0
358,side_green,main_green,58,4.0,9.098430624902578,2,0,2,10.0,4.0,-7.0,15.0
359,side_green,main_green,57,6.0,9.494295259895448,2,0,2,10.0,4.0,-7.0,15.0
360,side_green,main_green,60,8.0,9.164591910588307,7,0,2,10.0,4.0,-7.0,15.0
361,side_green,main_green,60,11.0,9.541041038735672,4,0,2,10.0,4.0,-7.0,15.0
362,side_green,main_green,58,15.0,9.857541940372483,4,0,2,10.0,4.0,-7.0,15.0
363,side_green,main_green,56,19.0,10.291195218176274,4,0,2,10.0,4.0,-7.0,15.0
364,side_green,main_green,53,25.0,10.199190039066096,7,0,2,10.0,4.0,-7.0,15.0
365,side_green,main_green,53,31.0,10.344255880946426,6,0,2,10.0,4.0,-7.0,15.0
366,yellow_transition,yellow_transition,54,37.0,10.289650708180467,7,1,3,-11.0,15.0,-2.0,4.0
367,yellow_transition,yellow_transition,54,43.0,10.140849827569637,6,1,3,-11.0,15.0,-2.0,4.0
368,yellow_transition,yellow_transition,55,50.0,9.622474571526203,8,1,3,-11.0,15.0,-2.0,4.0
369,main_green,main_green,54,21.0,9.767686474145355,3,2,2,-11.0,15.0,-2.0,4.0
370,main_green,main_green,53,15.0,10.085788757649894,2,2,2,-11.0,15.0,-2.0,4.0
371,main_green,main_green,54,18.0,10.174330242621185,4,2,2,-11.0,15.0,-2.0,4.0
372,main_green,main_green,58,21.0,9.656542291261761,8,2,2,-11.0,15.0,-2.0,4.0
373,main_green,main_green,58,24.0,10.192176823334599,3,2,2,-11.0,15.0,-2.0,4.0
374,main_green,main_green,56,27.0,10.5732626537367,3,2,2,-11.0,15.0,-2.0,4.0
375,main_green,main_green,53,30.0,10.833512555458404,3,2,2,-11.0,15.0,-2.0,4.0
376,main_green,main_green,54,33.0,10.598478180373123,5,2,2,-11.0,15.0,-2.0,4.0
377,main_green,main_green,52,36.0,10.546708239248415,3,2,2,-11.0,15.0,-2.0,4.0
378,main_green,main_green,51,39.0,10.469254306906567,3,2,2,-11.0,15.0,-2.0,4.0
379,main_green,main_green,49,43.0,10.438226417823309,4,2,2,-4.0,14.0,-1.0,7.0
380,main_green,main_green,50,48.0,10.238804891492942,6,2,2,-4.0,14.0,-1.0,7.0
381,main_green,main_green,50,55.0,10.010918128279759,8,2,2,-4.0,14.0,-1.0,7.0
382,main_green,main_green,49,62.0,10.074711078523881,7,2,2,-4.0,14.0,-1.0,7.0
383,main_green,main_green,48,69.0,10.119272793263175,7,2,2,-4.0,14.0,-1.0,7.0
384,main_green,main_green,51,76.0,9.157604544443267,12,2,2,-4.0,14.0,-1.0,7.0
385,main_green,main_green,51,83.0,9.457899185543688,7,2,2,-4.0,14.0,-1.0,7.0
386,main_green,main_green,51,90.0,9.423115041970343,8,2,2,-4.0,14.0,-1.0,7.0
387,main_green,main_green,50,97.0,9.582350826258612,7,2,2,-4.0,14.0,-1.0,7.0
388,main_green,main_green,51,104.0,9.580975209295902,8,2,2,-4.0,14.0,-1.0,7.0
389,main_green,main_green,51,111.0,9.845354506764435,7,2,2,-2.0,8.0,9.0,19.0
390,main_green,main_green,51,118.0,9.756748579054788,7,2,2,-2.0,8.0,9.0,19.0
391,main_green,main_green,52,125.0,9.552839055817365,8,2,2,-2.0,8.0,9.0,19.0
392,main_green,main_green,53,135.0,9.313824821135542,11,2,2,-2.0,8.0,9.0,19.0
393,main_green,main_green,53,145.0,9.28607836253992,10,2,2,-2.0,8.0,9.0,19.0
394,main_green,main_green,52,156.0,9.391204008898507,11,2,2,-2.0,8.0,9.0,19.0
395,main_green,main_green,51,167.0,9.433259442331053,11,2,2,-2.0,8.0,9.0,19.0
396,main_green,main_green,55,178.0,8.642231766507571,16,2,2,-2.0,8.0,9.0,19.0
397,main_green,main_green,56,189.0,8.695225543640046,12,2,2,-2.0,8.0,9.0,19.0
398,main_green,main_green,55,200.0,8.793441156874627,11,2,2,-2.0,8.0,9.0,19.0
399,main_green,main_green,55,211.0,9.06870888788837,11,2,2,1.0,5.0,15.0,21.0
400,main_green,main_green,55,222.0,8.939882580752442,12,2,2,1.0,5.0,15.0,21.0
401,main_green,main_green,55,233.0,9.095787779773936,11,2,2,1.0,5.0,15.0,21.0
402,main_green,main_green,56,244.0,8.94010265565317,12,2,2,1.0,5.0,15.0,21.0
403,main_green,main_green,56,256.0,8.935505933467846,12,2,2,1.0,5.0,15.0,21.0
404,main_green,main_green,56,269.0,8.580784189152947,14,2,2,1.0,5.0,15.0,21.0
405,main_green,main_green,55,282.0,8.648468574036428,13,2,2,1.0,5.0,15.0,21.0
406,main_green,main_green,55,297.0,8.758274167341485,15,2,2,1.0,5.0,15.0,21.0
407,main_green,main_green,55,312.0,8.622692185239973,16,2,2,1.0,5.0,15.0,21.0
408,main_green,main_green,60,327.0,8.012356907860807,20,2,2,1.0,5.0,15.0,21.0
409,yellow_transition,yellow_transition,60,342.0,8.131096620824382,15,3,3,10.0,12.0,13.0,9.0
410,yellow_transition,yellow_transition,60,357.0,8.276454337118986,15,3,3,10.0,12.0,13.0,9.0
411,yellow_transition,yellow_transition,58,372.0,8.1224555642059,15,3,3,10.0,12.0,13.0,9.0
412,main_green,side_green,60,214.0,7.868380897946193,13,2,0,10.0,12.0,13.0,9.0
413,main_green,side_green,60,141.0,8.03418322087005,7,2,0,10.0,12.0,13.0,9.0
414,main_green,side_green,60,137.0,8.431115853377626,7,2,0,10.0,12.0,13.0,9.0
415,main_green,side_green,60,146.0,8.795752045550952,9,2,0,10.0,12.0,13.0,9.0
416,main_green,side_green,61,156.0,8.934544532556009,11,2,0,10.0,12.0,13.0,9.0
417,main_green,side_green,60,167.0,9.031976341194337,12,2,0,10.0,12.0,13.0,9.0
418,main_green,side_green,60,178.0,9.174646078086178,11,2,0,10.0,12.0,13.0,9.0
419,main_green,side_green,60,190.0,9.171432519892276,12,2,0,10.0,12.0,13.0,9.0
420,main_green,side_green,65,202.0,8.403368415786057,17,2,0,10.0,12.0,13.0,9.0
421,main_green,side_green,64,215.0,8.496247583744292,13,2,0,10.0,12.0,13.0,9.0
422,yellow_transition,yellow_transition,65,229.0,8.36349180458427,15,3,1,14.0,8.0,-13.0,9.0
423,yellow_transition,yellow_transition,64,244.0,8.389263527250844,15,3,1,14.0,8.0,-13.0,9.0
424,yellow_transition,yellow_transition,64,259.0,7.905579988796294,16,3,1,14.0,8.0,-13.0,9.0
425,side_green,main_green,62,76.0,7.742793876654923,8,0,2,14.0,8.0,-13.0,9.0
426,side_green,main_green,61,3.0,7.86268908924113,2,0,2,14.0,8.0,-13.0,9.0
427,side_green,main_green,61,7.0,8.041763080022674,5,0,2,14.0,8.0,-13.0,9.0
428,side_green,main_green,62,12.0,8.635922517687224,6,0,2,14.0,8.0,-13.0,9.0
429,side_green,main_green,61,18.0,9.125955520948558,6,0,2,14.0,8.0,-13.0,9.0
430,side_green,main_green,59,24.0,9.675353993110862,6,0,2,14.0,8.0,-13.0,9.0
431,side_green,main_green,56,30.0,10.097108188700355,6,0,2,14.0,8.0,-13.0,9.0
432,side_green,main_green,58,37.0,9.50031794358335,12,0,2,14.0,8.0,-13.0,9.0
433,side_green,main_green,59,44.0,9.627844048197488,8,0,2,14.0,8.0,-13.0,9.0
434,side_green,main_green,56,51.0,9.734621825083135,7,0,2,14.0,8.0,-13.0,9.0
435,yellow_transition,yellow_transition,56,58.0,10.014699209454696,7,1,3,-6.0,22.0,-4.0,-4.0
436,yellow_transition,yellow_transition,55,66.0,9.829798862739548,9,1,3,-6.0,22.0,-4.0,-4.0
437,yellow_transition,yellow_transition,54,74.0,9.746841170625762,8,1,3,-6.0,22.0,-4.0,-4.0
438,main_green,main_green,55,43.0,9.518427662288259,6,2,2,-6.0,22.0,-4.0,-4.0
439,main_green,main_green,55,28.0,9.619137448093191,4,2,2,-6.0,22.0,-4.0,-4.0
440,main_green,main_green,56,28.0,9.652927371365772,5,2,2,-6.0,22.0,-4.0,-4.0
441,main_green,main_green,56,34.0,9.84773500312639,6,2,2,-6.0,22.0,-4.0,-4.0
442,main_green,main_green,56,40.0,10.019977472815821,6,2,2,-6.0,22.0,-4.0,-4.0
443,main_green,main_green,55,46.0,10.061016155400619,7,2,2,-6.0,22.0,-4.0,-4.0
444,main_green,main_green,57,52.0,9.250167138356042,11,2,2,-6.0,22.0,-4.0,-4.0
445,main_green,main_green,54,58.0,9.561210244455886,6,2,2,-6.0,22.0,-4.0,-4.0
446,main_green,main_green,53,64.0,9.81426392899412,6,2,2,-6.0,22.0,-4.0,-4.0
447,main_green,main_green,53,70.0,10.059104818443522,6,2,2,-6.0,22.0,-4.0,-4.0
448,main_green,main_green,52,76.0,9.750022134704578,8,2,2,0.0,16.0,1.0,9.0
449,main_green,main_green,52,82.0,9.861308906609732,6,2,2,0.0,16.0,1.0,9.0
450,main_green,main_green,51,88.0,9.789287583916074,6,2,2,0.0,16.0,1.0,9.0
451,main_green,main_green,50,94.0,9.788643751788923,6,2,2,0.0,16.0,1.0,9.0
452,main_green,main_green,50,103.0,9.538031724319728,10,2,2,0.0,16.0,1.0,9.0
453,main_green,main_green,50,112.0,9.295643091724394,10,2,2,0.0,16.0,1.0,9.0
454,main_green,main_green,49,121.0,9.422324431785851,9,2,2,0.0,16.0,1.0,9.0
455,main_green,main_green,49,130.0,9.601317698897967,9,2,2,0.0,16.0,1.0,9.0
456,main_green,main_green,52,140.0,8.528111446264889,15,2,2,0.0,16.0,1.0,9.0
457,main_green,main_green,52,150.0,8.778840936382071,10,2,2,0.0,16.0,1.0,9.0
458,main_green,main_green,53,160.0,8.879437571801681,11,2,2,1.0,5.0,15.0,25.0
459,main_green,main_green,53,170.0,9.186208061021103,10,2,2,1.0,5.0,15.0,25.0
460,main_green,main_green,54,180.0,8.942464854549469,11,2,2,1.0,5.0,15.0,25.0
461,main_green,main_green,54,190.0,8.932529573778186,10,2,2,1.0,5.0,15.0,25.0
462,main_green,main_green,54,200.0,9.00681762092469,10,2,2,1.0,5.0,15.0,25.0
463,main_green,main_green,55,211.0,8.894289428347482,12,2,2,1.0,5.0,15.0,25.0
464,main_green,main_green,54,225.0,8.670409650601355,15,2,2,1.0,5.0,15.0,25.0
465,main_green,main_green,54,239.0,8.81371806783025,14,2,2,1.0,5.0,15.0,25.0
466,main_green,main_green,54,253.0,8.872490084405221,14,2,2,1.0,5.0,15.0,25.0
467,main_green,main_green,54,267.0,8.991620044852338,14,2,2,1.0,5.0,15.0,25.0
468,main_green,main_green,59,281.0,8.345879384469567,19,2,2,-2.0,2.0,16.0,28.0
469,main_green,main_green,60,295.0,8.47342801992365,15,2,2,-2.0,2.0,16.0,28.0
470,main_green,main_green,60,309.0,8.831719093625988,14,2,2,-2.0,2.0,16.0,28.0
471,main_green,main_green,60,323.0,8.825949254557576,14,2,2,-2.0,2.0,16.0,28.0
472,main_green,main_green,61,337.0,8.739085078028076,15,2,2,-2.0,2.0,16.0,28.0
473,main_green,main_green,61,351.0,8.604047912704063,14,2,2,-2.0,2.0,16.0,28.0
474,main_green,main_green,62,365.0,8.539634441766795,15,2,2,-2.0,2.0,16.0,28.0
475,main_green,main_green,62,380.0,8.669394604021466,15,2,2,-2.0,2.0,16.0,28.0
476,main_green,main_green,61,397.0,8.439913871270374,18,2,2,-2.0,2.0,16.0,28.0
477,main_green,main_green,61,415.0,8.527384947706658,18,2,2,-2.0,2.0,16.0,28.0
478,yellow_transition,yellow_transition,60,433.0,8.471048593159496,18,3,3,7.0,7.0,10.0,6.0
479,yellow_transition,yellow_transition,61,451.0,8.360191409910813,19,3,3,7.0,7.0,10.0,6.0
480,yellow_transition,yellow_transition,65,469.0,7.6457868902358985,23,3,3,7.0,7.0,10.0,6.0
481,main_green,side_green,65,296.0,8.027427207293558,14,2,0,7.0,7.0,10.0,6.0
482,main_green,side_green,64,215.0,8.252026863943437,11,2,0,7.0,7.0,10.0,6.0
483,main_green,side_green,63,209.0,8.448150942523004,9,2,0,7.0,7.0,10.0,6.0
484,main_green,side_green,65,218.0,8.456406459574128,11,2,0,7.0,7.0,10.0,6.0
485,main_green,side_green,65,227.0,8.729656127446479,9,2,0,7.0,7.0,10.0,6.0
486,main_green,side_green,65,237.0,9.093488166076245,10,2,0,7.0,7.0,10.0,6.0
487,main_green,side_green,65,250.0,9.45951867937446,13,2,0,7.0,7.0,10.0,6.0
488,main_green,side_green,66,263.0,9.365734034970592,14,2,0,7.0,7.0,10.0,6.0
489,main_green,side_green,66,276.0,9.351660687154807,14,2,0,7.0,7.0,10.0,6.0
490,main_green,side_green,65,289.0,9.290149120500443,13,2,0,7.0,7.0,10.0,6.0
491,yellow_transition,yellow_transition,65,303.0,9.215557971458649,14,3,1,11.0,7.0,-20.0,6.0
492,yellow_transition,yellow_transition,69,318.0,8.365702247530278,20,3,1,11.0,7.0,-20.0,6.0
493,yellow_transition,yellow_transition,69,333.0,8.277632531222917,15,3,1,11.0,7.0,-20.0,6.0
494,side_green,main_green,66,122.0,7.966049258021258,9,0,2,11.0,7.0,-20.0,6.0
495,side_green,main_green,66,22.0,8.191447332737615,4,0,2,11.0,7.0,-20.0,6.0
496,side_green,main_green,67,5.0,8.435167576273948,3,0,2,11.0,7.0,-20.0,6.0
497,side_green,main_green,67,8.0,8.84662691043061,3,0,2,11.0,7.0,-20.0,6.0
498,side_green,main_green,66,11.0,9.315276537254396,3,0,2,11.0,7.0,-20.0,6.0
499,side_green,main_green,63,17.0,9.6237895679297,7,0,2,11.0,7.0,-20.0,6.0
500,side_green,main_green,63,24.0,10.054625320887316,8,0,2,11.0,7.0,-20.0,6.0
501,side_green,main_green,61,31.0,10.373815951710233,7,0,2,11.0,7.0,-20.0,6.0
502,side_green,main_green,57,38.0,10.351802222831452,7,0,2,11.0,7.0,-20.0,6.0
503,side_green,main_green,55,45.0,10.399382928791054,7,0,2,11.0,7.0,-20.0,6.0
504,yellow_transition,yellow_transition,56,54.0,9.213112048581744,14,1,3,-12.0,18.0,-10.0,-4.0
505,yellow_transition,yellow_transition,57,63.0,9.189770503643892,10,1,3,-12.0,18.0,-10.0,-4.0
506,yellow_transition,yellow_transition,56,72.0,9.33720159805577,9,1,3,-12.0,18.0,-10.0,-4.0
507,main_green,main_green,55,34.0,9.637757362955064,5,2,2,-12.0,18.0,-10.0,-4.0
508,main_green,main_green,56,24.0,9.683194759652691,4,2,2,-12.0,18.0,-10.0,-4.0
509,main_green,main_green,56,21.0,9.95900144599412,2,2,2,-12.0,18.0,-10.0,-4.0
510,main_green,main_green,57,23.0,10.06145416645303,3,2,2,-12.0,18.0,-10.0,-4.0
511,main_green,main_green,57,25.0,10.243627410476345,2,2,2,-12.0,18.0,-10.0,-4.0
512,main_green,main_green,55,27.0,10.121886299922332,3,2,2,-12.0,18.0,-10.0,-4.0
513,main_green,main_green,53,31.0,10.225437189973492,4,2,2,-12.0,18.0,-10.0,-4.0
514,main_green,main_green,51,36.0,10.443030947367463,5,2,2,-12.0,18.0,-10.0,-4.0
515,main_green,main_green,50,42.0,10.492784656333667,7,2,2,-12.0,18.0,-10.0,-4.0
516,main_green,main_green,53,48.0,9.642613898493279,11,2,2,-12.0,18.0,-10.0,-4.0
517,main_green,main_green,51,54.0,9.857063145421021,6,2,2,0.0,14.0,3.0,13.0
518,main_green,main_green,51,60.0,10.133010269783219,6,2,2,0.0,14.0,3.0,13.0
519,main_green,main_green,51,66.0,10.348923831524889,6,2,2,0.0,14.0,3.0,13.0
520,main_green,main_green,51,72.0,9.927091136928425,8,2,2,0.0,14.0,3.0,13.0
521,main_green,main_green,50,78.0,10.030177904795995,6,2,2,0.0,14.0,3.0,13.0
522,main_green,main_green,49,84.0,9.872071282061023,6,2,2,0.0,14.0,3.0,13.0
523,main_green,main_green,49,90.0,9.73918224071131,6,2,2,0.0,14.0,3.0,13.0
524,main_green,main_green,50,98.0,9.569061129644505,9,2,2,0.0,14.0,3.0,13.0
525,main_green,main_green,50,108.0,9.439488908412107,11,2,2,0.0,14.0,3.0,13.0
526,main_green,main_green,49,118.0,9.574078281076341,10,2,2,0.0,14.0,3.0,13.0
527,main_green,main_green,49,128.0,9.522729795616682,10,2,2,-4.0,8.0,9.0,21.0
528,main_green,main_green,54,138.0,8.817357716503441,15,2,2,-4.0,8.0,9.0,21.0
529,main_green,main_green,54,148.0,8.997503847807655,10,2,2,-4.0,8.0,9.0,21.0
530,main_green,main_green,55,158.0,9.098222596701437,11,2,2,-4.0,8.0,9.0,21.0
531,main_green,main_green,54,168.0,9.18557095684547,10,2,2,-4.0,8.0,9.0,21.0
532,main_green,main_green,55,178.0,9.19613196844062,11,2,2,-4.0,8.0,9.0,21.0
533,main_green,main_green,54,188.0,9.084703539011763,10,2,2,-4.0,8.0,9.0,21.0
534,main_green,main_green,53,198.0,9.116089774789899,10,2,2,-4.0,8.0,9.0,21.0
535,main_green,main_green,53,208.0,8.828143445755092,11,2,2,-4.0,8.0,9.0,21.0
536,main_green,main_green,54,221.0,8.710610418545981,14,2,2,-4.0,8.0,9.0,21.0
537,main_green,main_green,54,235.0,8.906138819841772,14,2,2,3.0,11.0,12.0,16.0
538,main_green,main_green,54,249.0,8.847883174973306,14,2,2,3.0,11.0,12.0,16.0
539,main_green,main_green,54,263.0,8.941903516629695,14,2,2,3.0,11.0,12.0,16.0
540,main_green,main_green,59,277.0,8.28262980403255,19,2,2,3.0,11.0,12.0,16.0
541,main_green,main_green,60,291.0,8.274055742506686,15,2,2,3.0,11.0,12.0,16.0
542,main_green,main_green,59,305.0,8.458966274245443,14,2,2,3.0,11.0,12.0,16.0
543,main_green,main_green,59,319.0,8.711753274414244,14,2,2,3.0,11.0,12.0,16.0
544,main_green,main_green,60,333.0,8.541224205070213,15,2,2,3.0,11.0,12.0,16.0
545,main_green,main_green,59,347.0,8.554568682391997,14,2,2,3.0,11.0,12.0,16.0
546,main_green,main_green,59,361.0,8.223038424954884,15,2,2,3.0,11.0,12.0,16.0
547,main_green,main_green,57,376.0,8.215913975134141,15,2,2,11.0,15.0,8.0,8.0
548,main_green,main_green,58,393.0,8.207049513360921,18,2,2,11.0,15.0,8.0,8.0
549,main_green,main_green,58,411.0,8.251903865121847,18,2,2,11.0,15.0,8.0,8.0
550,main_green,main_green,57,429.0,8.334517946218238,18,2,2,11.0,15.0,8.0,8.0
551,main_green,main_green,58,447.0,8.18627894983972,19,2,2,11.0,15.0,8.0,8.0
552,main_green,main_green,63,465.0,7.719999429143294,23,2,2,11.0,15.0,8.0,8.0
553,main_green,main_green,63,483.0,7.954233015346061,18,2,2,11.0,15.0,8.0,8.0
554,main_green,main_green,63,501.0,8.100018157547108,18,2,2,11.0,15.0,8.0,8.0
555,main_green,main_green,63,519.0,8.275947556588353,18,2,2,11.0,15.0,8.0,8.0
556,main_green,main_green,64,537.0,7.802533118690241,20,2,2,11.0,15.0,8.0,8.0
557,yellow_transition,yellow_transition,64,555.0,7.924261704509695,18,3,3,13.0,11.0,15.0,9.0
558,yellow_transition,yellow_transition,63,573.0,7.90778347012868,18,3,3,13.0,11.0,15.0,9.0
559,yellow_transition,yellow_transition,63,593.0,7.800827396262896,20,3,3,13.0,11.0,15.0,9.0
560,side_green,side_green,62,230.0,7.649497133681402,15,0,0,13.0,11.0,15.0,9.0
561,side_green,side_green,63,39.0,7.798024664258992,7,0,0,13.0,11.0,15.0,9.0
562,side_green,side_green,62,1.0,8.308786411121856,1,0,0,13.0,11.0,15.0,9.0
563,side_green,side_green,62,3.0,8.774654778274604,2,0,0,13.0,11.0,15.0,9.0
564,side_green,side_green,65,5.0,8.527942934789833,7,0,0,13.0,11.0,15.0,9.0
565,side_green,side_green,65,8.0,9.172669050250049,3,0,0,13.0,11.0,15.0,9.0
566,side_green,side_green,66,12.0,9.623679280505833,5,0,0,13.0,11.0,15.0,9.0
567,side_green,side_green,66,19.0,9.893476187253157,7,0,0,13.0,11.0,15.0,9.0
568,side_green,side_green,66,26.0,9.867061296099138,8,0,0,13.0,11.0,15.0,9.0
569,side_green,side_green,65,33.0,10.033166705710048,7,0,0,13.0,11.0,15.0,9.0
570,yellow_transition,yellow_transition,64,41.0,10.015701432491387,8,1,1,-17.0,7.0,-11.0,7.0
571,yellow_transition,yellow_transition,64,51.0,9.777612851998516,11,1,1,-17.0,7.0,-11.0,7.0
572,yellow_transition,yellow_transition,65,62.0,9.460911656084903,12,1,1,-17.0,7.0,-11.0,7.0
573,main_green,main_green,64,16.0,9.533086825784698,4,2,2,-17.0,7.0,-11.0,7.0
574,main_green,main_green,64,0.0,9.767348638548004,0,2,2,-17.0,7.0,-11.0,7.0
575,main_green,main_green,63,1.0,10.02865825549249,1,2,2,-17.0,7.0,-11.0,7.0
576,main_green,main_green,68,2.0,9.726283358485547,6,2,2,-17.0,7.0,-11.0,7.0
577,main_green,main_green,68,3.0,10.105399989778554,2,2,2,-17.0,7.0,-11.0,7.0
578,main_green,main_green,64,4.0,10.62513644883602,1,2,2,-17.0,7.0,-11.0,7.0
579,main_green,main_green,61,5.0,11.07699040037782,1,2,2,-17.0,7.0,-11.0,7.0
580,main_green,main_green,59,6.0,11.164087340175476,2,2,2,-17.0,7.0,-11.0,7.0
581,main_green,main_green,53,7.0,11.279429606104916,1,2,2,-17.0,7.0,-11.0,7.0
582,main_green,main_green,52,8.0,11.060673604589208,2,2,2,-17.0,7.0,-11.0,7.0
583,main_green,main_green,47,9.0,10.95019814651113,1,2,2,-6.0,10.0,-7.0,5.0
584,main_green,main_green,46,10.0,10.543904636394284,2,2,2,-6.0,10.0,-7.0,5.0
585,main_green,main_green,45,14.0,10.655590756062441,4,2,2,-6.0,10.0,-7.0,5.0
586,main_green,main_green,43,19.0,10.541181209833928,5,2,2,-6.0,10.0,-7.0,5.0
587,main_green,main_green,44,24.0,10.473373868777804,6,2,2,-6.0,10.0,-7.0,5.0
588,main_green,main_green,49,29.0,9.478437840729242,10,2,2,-6.0,10.0,-7.0,5.0
589,main_green,main_green,49,34.0,9.740368493615682,5,2,2,-6.0,10.0,-7.0,5.0
590,main_green,main_green,49,39.0,9.954024800735555,5,2,2,-6.0,10.0,-7.0,5.0
591,main_green,main_green,49,44.0,10.28696766370345,5,2,2,-6.0,10.0,-7.0,5.0
592,main_green,main_green,51,49.0,9.966303726384417,7,2,2,-6.0,10.0,-7.0,5.0
593,main_green,main_green,51,54.0,10.016830859211103,5,2,2,-1.0,13.0,2.0,16.0
594,main_green,main_green,51,59.0,9.864457253491455,5,2,2,-1.0,13.0,2.0,16.0
595,main_green,main_green,51,64.0,9.807788085840897,5,2,2,-1.0,13.0,2.0,16.0
596,main_green,main_green,52,71.0,9.688549016554223,8,2,2,-1.0,13.0,2.0,16.0
597,main_green,main_green,52,80.0,9.551914939129425,10,2,2,-1.0,13.0,2.0,16.0
598,main_green,main_green,52,89.0,9.653491481214356,9,2,2,-1.0,13.0,2.0,16.0
599,main_green,main_green,51,98.0,9.669664046495797,9,2,2,-1.0,13.0,2.0,16.0
600,main_green,main_green,55,107.0,8.925916955364693,14,2,2,-1.0,13.0,2.0,16.0
601,main_green,main_green,54,116.0,9.135785197009875,9,2,2,-1.0,13.0,2.0,16.0
602,main_green,main_green,53,125.0,9.039289377457312,10,2,2,-1.0,13.0,2.0,16.0
603,main_green,main_green,51,134.0,9.165851718602612,9,2,2,3.0,9.0,9.0,19.0
604,main_green,main_green,51,143.0,9.007359335608205,10,2,2,3.0,9.0,9.0,19.0
605,main_green,main_green,51,152.0,9.288061678618968,9,2,2,3.0,9.0,9.0,19.0
606,main_green,main_green,50,161.0,9.369829879799253,9,2,2,3.0,9.0,9.0,19.0
607,main_green,main_green,51,170.0,9.003915956671085,10,2,2,3.0,9.0,9.0,19.0
608,main_green,main_green,52,180.0,8.905655243788138,11,2,2,3.0,9.0,9.0,19.0
609,main_green,main_green,52,192.0,8.965540953921113,12,2,2,3.0,9.0,9.0,19.0
610,main_green,main_green,52,204.0,8.972674504167745,12,2,2,3.0,9.0,9.0,19.0
611,main_green,main_green,52,216.0,8.930074812428593,12,2,2,3.0,9.0,9.0,19.0
612,main_green,main_green,57,229.0,8.194146881013841,18,2,2,3.0,9.0,9.0,19.0
613,yellow_transition,yellow_transition,58,242.0,8.373443925348969,14,3,3,8.0,10.0,11.0,9.0
614,yellow_transition,yellow_transition,58,255.0,8.538265181746267,13,3,3,8.0,10.0,11.0,9.0
615,yellow_transition,yellow_transition,58,268.0,8.654997272108774,13,3,3,8.0,10.0,11.0,9.0
616,main_green,side_green,59,155.0,8.485554223304147,10,2,0,8.0,10.0,11.0,9.0
617,main_green,side_green,59,125.0,8.667792561356118,6,2,0,8.0,10.0,11.0,9.0
618,main_green,side_green,60,131.0,8.735223982737352,7,2,0,8.0,10.0,11.0,9.0
619,main_green,side_green,60,140.0,8.955197647490426,9,2,0,8.0,10.0,11.0,9.0
620,main_green,side_green,61,149.0,9.102258858130773,10,2,0,8.0,10.0,11.0,9.0
621,main_green,side_green,60,160.0,9.269065256586348,11,2,0,8.0,10.0,11.0,9.0
622,main_green,side_green,59,171.0,9.381347097686094,11,2,0,8.0,10.0,11.0,9.0
623,main_green,side_green,59,182.0,9.202896913829788,12,2,0,8.0,10.0,11.0,9.0
624,main_green,side_green,63,193.0,8.393192888764807,16,2,0,8.0,10.0,11.0,9.0
625,main_green,side_green,62,205.0,8.692154660982142,12,2,0,8.0,10.0,11.0,9.0
626,yellow_transition,yellow_transition,61,218.0,8.736938749792007,13,3,1,12.0,10.0,-10.0,12.0
627,yellow_transition,yellow_transition,60,231.0,8.669866042475604,13,3,1,12.0,10.0,-10.0,12.0
628,yellow_transition,yellow_transition,62,244.0,8.32137473219113,15,3,1,12.0,10.0,-10.0,12.0
629,side_green,main_green,62,62.0,8.389830952317036,5,0,2,12.0,10.0,-10.0,12.0
630,side_green,main_green,62,2.0,8.373021729102007,2,0,2,12.0,10.0,-10.0,12.0
631,side_green,main_green,62,5.0,8.508007072494275,3,0,2,12.0,10.0,-10.0,12.0
632,side_green,main_green,62,9.0,8.62237350474504,5,0,2,12.0,10.0,-10.0,12.0
633,side_green,main_green,63,15.0,8.957640788123232,7,0,2,12.0,10.0,-10.0,12.0
634,side_green,main_green,60,22.0,9.29276733304156,7,0,2,12.0,10.0,-10.0,12.0
635,side_green,main_green,58,29.0,9.561470693521867,7,0,2,12.0,10.0,-10.0,12.0
636,side_green,main_green,61,37.0,8.832915563114257,13,0,2,12.0,10.0,-10.0,12.0
637,side_green,main_green,58,46.0,9.006537344426716,9,0,2,12.0,10.0,-10.0,12.0
638,side_green,main_green,57,56.0,8.945820608813634,11,0,2,12.0,10.0,-10.0,12.0
639,yellow_transition,yellow_transition,55,66.0,8.978503534341256,10,1,3,-5.0,23.0,-5.0,-5.0
640,yellow_transition,yellow_transition,56,76.0,9.025641674127467,11,1,3,-5.0,23.0,-5.0,-5.0
641,yellow_transition,yellow_transition,54,86.0,8.934117760945064,10,1,3,-5.0,23.0,-5.0,-5.0
642,main_green,main_green,54,49.0,9.10658516780242,6,2,2,-5.0,23.0,-5.0,-5.0
643,main_green,main_green,55,29.0,8.95674681755462,4,2,2,-5.0,23.0,-5.0,-5.0
644,main_green,main_green,56,25.0,8.899808418154583,3,2,2,-5.0,23.0,-5.0,-5.0
645,main_green,main_green,56,30.0,9.290525093373171,5,2,2,-5.0,23.0,-5.0,-5.0
646,main_green,main_green,56,35.0,9.632410832318396,5,2,2,-5.0,23.0,-5.0,-5.0
647,main_green,main_green,54,41.0,9.91019543664892,6,2,2,-5.0,23.0,-5.0,-5.0
648,main_green,main_green,56,47.0,9.218047432902912,11,2,2,-5.0,23.0,-5.0,-5.0
649,main_green,main_green,57,53.0,9.534553472555368,7,2,2,-5.0,23.0,-5.0,-5.0
650,main_green,main_green,56,59.0,9.744070340892941,6,2,2,-5.0,23.0,-5.0,-5.0
651,main_green,main_green,54,65.0,10.035524113974466,6,2,2,-5.0,23.0,-5.0,-5.0
652,main_green,main_green,54,71.0,9.94384053844994,7,2,2,0.0,16.0,1.0,7.0
653,main_green,main_green,53,77.0,9.797035724545466,6,2,2,0.0,16.0,1.0,7.0
654,main_green,main_green,54,83.0,9.526836005540181,7,2,2,0.0,16.0,1.0,7.0
655,main_green,main_green,53,91.0,9.502650069654196,8,2,2,0.0,16.0,1.0,7.0
656,main_green,main_green,53,99.0,9.384898918396999,9,2,2,0.0,16.0,1.0,7.0
657,main_green,main_green,53,109.0,9.425480283998077,10,2,2,0.0,16.0,1.0,7.0
658,main_green,main_green,53,119.0,9.558453209661344,10,2,2,0.0,16.0,1.0,7.0
659,main_green,main_green,52,129.0,9.36989325712128,11,2,2,0.0,16.0,1.0,7.0
660,main_green,main_green,56,139.0,8.738179999267087,15,2,2,0.0,16.0,1.0,7.0
661,main_green,main_green,55,149.0,8.92961283732747,10,2,2,0.0,16.0,1.0,7.0
662,main_green,main_green,54,159.0,9.116623726704615,10,2,2,-1.0,3.0,13.0,23.0
663,main_green,main_green,53,169.0,9.3944986466784,10,2,2,-1.0,3.0,13.0,23.0
664,main_green,main_green,55,179.0,8.98341177590313,12,2,2,-1.0,3.0,13.0,23.0
665,main_green,main_green,55,189.0,9.151047283206603,10,2,2,-1.0,3.0,13.0,23.0
666,main_green,main_green,55,199.0,9.040814973065036,10,2,2,-1.0,3.0,13.0,23.0
667,main_green,main_green,55,209.0,9.06969929759447,10,2,2,-1.0,3.0,13.0,23.0
668,main_green,main_green,55,219.0,8.803186323030733,11,2,2,-1.0,3.0,13.0,23.0
669,main_green,main_green,55,232.0,8.688531223384608,14,2,2,-1.0,3.0,13.0,23.0
670,main_green,main_green,54,246.0,8.731771717479308,14,2,2,-1.0,3.0,13.0,23.0
671,main_green,main_green,54,260.0,8.848561764413757,14,2,2,-1.0,3.0,13.0,23.0
672,main_green,main_green,59,274.0,8.148946599077629,19,2,2,-2.0,2.0,16.0,28.0
673,main_green,main_green,58,288.0,8.328692151806043,14,2,2,-2.0,2.0,16.0,28.0
674,main_green,main_green,59,302.0,8.54223291714135,15,2,2,-2.0,2.0,16.0,28.0
675,main_green,main_green,59,316.0,8.623756024844988,14,2,2,-2.0,2.0,16.0,28.0
676,main_green,main_green,60,330.0,8.508156895980873,15,2,2,-2.0,2.0,16.0,28.0
677,main_green,main_green,59,344.0,8.473527045451009,14,2,2,-2.0,2.0,16.0,28.0
678,main_green,main_green,58,358.0,8.36690739567295,14,2,2,-2.0,2.0,16.0,28.0
679,main_green,main_green,59,372.0,8.344588053241013,15,2,2,-2.0,2.0,16.0,28.0
680,main_green,main_green,60,387.0,8.17261643212263,16,2,2,-2.0,2.0,16.0,28.0
681,main_green,main_green,60,405.0,8.353486599466619,18,2,2,-2.0,2.0,16.0,28.0
682,yellow_transition,yellow_transition,60,423.0,8.432648727679453,18,3,3,9.0,13.0,10.0,8.0
683,yellow_transition,yellow_transition,59,441.0,8.426840673356715,18,3,3,9.0,13.0,10.0,8.0
684,yellow_transition,yellow_transition,63,459.0,7.57755590350056,23,3,3,9.0,13.0,10.0,8.0
685,main_green,side_green,63,288.0,7.754311238160008,15,2,0,9.0,13.0,10.0,8.0
686,main_green,side_green,63,202.0,8.110843449074922,10,2,0,9.0,13.0,10.0,8.0
687,main_green,side_green,63,199.0,8.426277056116396,9,2,0,9.0,13.0,10.0,8.0
688,main_green,side_green,64,208.0,8.611241582753603,10,2,0,9.0,13.0,10.0,8.0
689,main_green,side_green,63,217.0,8.671449602803907,9,2,0,9.0,13.0,10.0,8.0
690,main_green,side_green,64,226.0,8.673696497501323,10,2,0,9.0,13.0,10.0,8.0
691,main_green,side_green,64,236.0,8.925851592875139,10,2,0,9.0,13.0,10.0,8.0
692,main_green,side_green,65,249.0,8.959110892079265,14,2,0,9.0,13.0,10.0,8.0
693,main_green,side_green,65,263.0,9.043339201082686,14,2,0,9.0,13.0,10.0,8.0
694,main_green,side_green,63,277.0,8.965385952440464,14,2,0,9.0,13.0,10.0,8.0
695,yellow_transition,yellow_transition,64,291.0,8.780794334376965,15,3,1,11.0,3.0,-18.0,10.0
696,yellow_transition,yellow_transition,68,307.0,8.025318374358024,21,3,1,11.0,3.0,-18.0,10.0
697,yellow_transition,yellow_transition,68,324.0,8.181737731240688,17,3,1,11.0,3.0,-18.0,10.0
698,side_green,main_green,66,117.0,8.265688202289954,9,0,2,11.0,3.0,-18.0,10.0
699,side_green,main_green,66,15.0,8.6630321586791,2,0,2,11.0,3.0,-18.0,10.0
700,side_green,main_green,67,0.0,8.6281049995423,2,0,2,11.0,3.0,-18.0,10.0
701,side_green,main_green,67,1.0,9.139950823131521,1,0,2,11.0,3.0,-18.0,10.0
702,side_green,main_green,66,3.0,9.418207600390618,2,0,2,11.0,3.0,-18.0,10.0
703,side_green,main_green,66,6.0,9.995098583733965,3,0,2,11.0,3.0,-18.0,10.0
704,side_green,main_green,63,10.0,10.033266478546228,5,0,2,11.0,3.0,-18.0,10.0
705,side_green,main_green,63,15.0,10.258664724127614,6,0,2,11.0,3.0,-18.0,10.0
706,side_green,main_green,58,21.0,10.257387578647123,6,0,2,11.0,3.0,-18.0,10.0
707,side_green,main_green,56,27.0,10.354916117198487,6,0,2,11.0,3.0,-18.0,10.0
708,yellow_transition,yellow_transition,59,33.0,9.407346930303412,11,1,3,-14.0,14.0,-9.0,-1.0
709,yellow_transition,yellow_transition,58,39.0,9.528315096379542,6,1,3,-14.0,14.0,-9.0,-1.0
710,yellow_transition,yellow_transition,58,46.0,9.601383130759173,8,1,3,-14.0,14.0,-9.0,-1.0
711,main_green,main_green,58,18.0,9.936598502243571,3,2,2,-14.0,14.0,-9.0,-1.0
712,main_green,main_green,58,18.0,10.12003889365141,3,2,2,-14.0,14.0,-9.0,-1.0
713,main_green,main_green,58,20.0,10.271154108477896,2,2,2,-14.0,14.0,-9.0,-1.0
714,main_green,main_green,57,22.0,10.447481706383236,2,2,2,-14.0,14.0,-9.0,-1.0
715,main_green,main_green,58,24.0,10.488778208744256,3,2,2,-14.0,14.0,-9.0,-1.0
716,main_green,main_green,57,26.0,10.304712400835891,3,2,2,-14.0,14.0,-9.0,-1.0
717,main_green,main_green,55,29.0,10.353048257308183,3,2,2,-14.0,14.0,-9.0,-1.0
718,main_green,main_green,53,34.0,10.308407506599293,5,2,2,-14.0,14.0,-9.0,-1.0
719,main_green,main_green,52,40.0,10.527810602082413,6,2,2,-14.0,14.0,-9.0,-1.0
720,main_green,main_green,55,46.0,9.412431080484453,11,2,2,-14.0,14.0,-9.0,-1.0
721,main_green,main_green,54,52.0,9.46677966549015,7,2,2,1.0,17.0,-1.0,1.0
722,main_green,main_green,52,58.0,9.5943795534489,6,2,2,1.0,17.0,-1.0,1.0
723,main_green,main_green,52,64.0,9.881291375877366,6,2,2,1.0,17.0,-1.0,1.0
724,main_green,main_green,52,70.0,9.689271076456462,7,2,2,1.0,17.0,-1.0,1.0
725,main_green,main_green,52,76.0,9.653865242353609,6,2,2,1.0,17.0,-1.0,1.0
726,main_green,main_green,53,83.0,9.49313264639597,8,2,2,1.0,17.0,-1.0,1.0
727,main_green,main_green,53,90.0,9.637766382110273,7,2,2,1.0,17.0,-1.0,1.0
728,main_green,main_green,54,98.0,9.411707310633513,9,2,2,1.0,17.0,-1.0,1.0
729,main_green,main_green,53,107.0,9.542125888090759,9,2,2,1.0,17.0,-1.0,1.0
730,main_green,main_green,53,117.0,9.623921453396964,10,2,2,1.0,17.0,-1.0,1.0
731,main_green,main_green,53,127.0,9.53399356434506,11,2,2,-3.0,5.0,4.0,14.0
732,main_green,main_green,58,137.0,8.827779179053987,15,2,2,-3.0,5.0,4.0,14.0
733,main_green,main_green,57,147.0,8.974309732613962,10,2,2,-3.0,5.0,4.0,14.0
734,main_green,main_green,56,157.0,9.239882069541569,10,2,2,-3.0,5.0,4.0,14.0
735,main_green,main_green,54,167.0,9.288737425151785,10,2,2,-3.0,5.0,4.0,14.0
736,main_green,main_green,56,177.0,9.013909898159456,12,2,2,-3.0,5.0,4.0,14.0
737,main_green,main_green,54,187.0,8.824221033278773,10,2,2,-3.0,5.0,4.0,14.0
738,main_green,main_green,53,197.0,8.801858910854705,10,2,2,-3.0,5.0,4.0,14.0
739,main_green,main_green,52,208.0,8.763289242096135,11,2,2,-3.0,5.0,4.0,14.0
740,main_green,main_green,53,222.0,8.667117649142728,15,2,2,-3.0,5.0,4.0,14.0
741,main_green,main_green,54,236.0,8.572245074961918,15,2,2,1.0,9.0,13.0,21.0
742,main_green,main_green,54,250.0,8.838988740057985,14,2,2,1.0,9.0,13.0,21.0
743,main_green,main_green,53,264.0,8.80267032457686,14,2,2,1.0,9.0,13.0,21.0
744,main_green,main_green,58,278.0,8.12603732437321,19,2,2,1.0,9.0,13.0,21.0
745,main_green,main_green,58,292.0,8.407241775337688,14,2,2,1.0,9.0,13.0,21.0
746,main_green,main_green,59,306.0,8.509063870537771,15,2,2,1.0,9.0,13.0,21.0
747,main_green,main_green,59,320.0,8.669003992000642,14,2,2,1.0,9.0,13.0,21.0
748,main_green,main_green,59,334.0,8.598668530439785,15,2,2,1.0,9.0,13.0,21.0
749,main_green,main_green,58,348.0,8.507068393701196,14,2,2,1.0,9.0,13.0,21.0
750,main_green,main_green,58,362.0,8.766173422826144,14,2,2,1.0,9.0,13.0,21.0
751,yellow_transition,yellow_transition,58,378.0,8.408990680300892,17,3,3,8.0,8.0,13.0,9.0
752,yellow_transition,yellow_transition,59,394.0,8.153150742924247,17,3,3,8.0,8.0,13.0,9.0
753,yellow_transition,yellow_transition,58,411.0,8.098728659813284,17,3,3,8.0,8.0,13.0,9.0
754,main_green,side_green,57,253.0,8.205456358863985,13,2,0,8.0,8.0,13.0,9.0
755,main_green,side_green,57,176.0,8.387360282054438,10,2,0,8.0,8.0,13.0,9.0
756,main_green,side_green,62,179.0,7.976201165273102,14,2,0,8.0,8.0,13.0,9.0
757,main_green,side_green,63,188.0,8.265870871774368,10,2,0,8.0,8.0,13.0,9.0
758,main_green,side_green,63,197.0,8.617944511204318,9,2,0,8.0,8.0,13.0,9.0
759,main_green,side_green,62,207.0,8.92440716575163,10,2,0,8.0,8.0,13.0,9.0
760,main_green,side_green,63,217.0,8.967753697920122,11,2,0,8.0,8.0,13.0,9.0
761,main_green,side_green,63,227.0,9.1248318967139,10,2,0,8.0,8.0,13.0,9.0
762,main_green,side_green,64,238.0,9.022452001678252,12,2,0,8.0,8.0,13.0,9.0
763,main_green,side_green,63,250.0,9.054050965817204,12,2,0,8.0,8.0,13.0,9.0
764,yellow_transition,yellow_transition,64,265.0,8.921958850906709,16,3,1,11.0,5.0,-18.0,8.0
765,yellow_transition,yellow_transition,64,280.0,8.938656036132539,15,3,1,11.0,5.0,-18.0,8.0
766,yellow_transition,yellow_transition,63,295.0,8.774698797105478,15,3,1,11.0,5.0,-18.0,8.0
767,side_green,main_green,64,104.0,8.805341395026444,9,0,2,11.0,5.0,-18.0,8.0
768,side_green,main_green,69,11.0,8.355498058301364,7,0,2,11.0,5.0,-18.0,8.0
769,side_green,main_green,68,1.0,8.899231999622875,1,0,2,11.0,5.0,-18.0,8.0
770,side_green,main_green,68,2.0,9.419720541986592,1,0,2,11.0,5.0,-18.0,8.0
771,side_green,main_green,66,3.0,9.922280073410075,1,0,2,11.0,5.0,-18.0,8.0
772,side_green,main_green,64,5.0,10.15948485483957,4,0,2,11.0,5.0,-18.0,8.0
773,side_green,main_green,61,8.0,10.61612424559613,3,0,2,11.0,5.0,-18.0,8.0
774,side_green,main_green,58,11.0,10.742821439364821,3,0,2,11.0,5.0,-18.0,8.0
775,side_green,main_green,55,14.0,10.602834302688347,3,0,2,11.0,5.0,-18.0,8.0
776,side_green,main_green,56,19.0,10.466966260098788,6,0,2,11.0,5.0,-18.0,8.0
777,yellow_transition,yellow_transition,56,25.0,10.219065643662407,7,1,3,-14.0,14.0,-9.0,-3.0
778,yellow_transition,yellow_transition,54,32.0,10.325526228619502,7,1,3,-14.0,14.0,-9.0,-3.0
779,yellow_transition,yellow_transition,53,40.0,10.269126852494527,8,1,3,-14.0,14.0,-9.0,-3.0
780,main_green,main_green,57,14.0,9.505848016723634,9,2,2,-14.0,14.0,-9.0,-3.0
781,main_green,main_green,55,9.0,9.882218468322282,2,2,2,-14.0,14.0,-9.0,-3.0
782,main_green,main_green,56,11.0,10.046762415178211,3,2,2,-14.0,14.0,-9.0,-3.0
783,main_green,main_green,56,13.0,10.582272759853856,2,2,2,-14.0,14.0,-9.0,-3.0
784,main_green,main_green,57,15.0,10.785318050095594,3,2,2,-14.0,14.0,-9.0,-3.0
785,main_green,main_green,57,17.0,11.014160605794544,2,2,2,-14.0,14.0,-9.0,-3.0
786,main_green,main_green,55,19.0,11.28604793654597,2,2,2,-14.0,14.0,-9.0,-3.0
787,main_green,main_green,54,21.0,11.300535027291268,3,2,2,-14.0,14.0,-9.0,-3.0
788,main_green,main_green,53,24.0,11.15078072293197,4,2,2,-14.0,14.0,-9.0,-3.0
789,main_green,main_green,49,28.0,10.949462076096413,4,2,2,-14.0,14.0,-9.0,-3.0
790,main_green,main_green,48,32.0,10.997497240775466,4,2,2,-3.0,15.0,-3.0,7.0
791,main_green,main_green,46,37.0,11.004642688894172,5,2,2,-3.0,15.0,-3.0,7.0
792,main_green,main_green,51,43.0,9.955240701765264,11,2,2,-3.0,15.0,-3.0,7.0
793,main_green,main_green,52,49.0,9.957056778773223,7,2,2,-3.0,15.0,-3.0,7.0
794,main_green,main_green,50,55.0,10.07093745235099,6,2,2,-3.0,15.0,-3.0,7.0
795,main_green,main_green,49,61.0,10.186463560970047,6,2,2,-3.0,15.0,-3.0,7.0
796,main_green,main_green,50,67.0,10.063622892045737,7,2,2,-3.0,15.0,-3.0,7.0
797,main_green,main_green,49,73.0,9.975021944730752,6,2,2,-3.0,15.0,-3.0,7.0
798,main_green,main_green,48,79.0,9.585435157149492,7,2,2,-3.0,15.0,-3.0,7.0
799,main_green,main_green,48,86.0,9.640935513596453,7,2,2,-3.0,15.0,-3.0,7.0
800,main_green,main_green,49,94.0,9.576833281327275,9,2,2,-3.0,5.0,9.0,21.0
801,main_green,main_green,49,103.0,9.621568388169656,9,2,2,-3.0,5.0,9.0,21.0
802,main_green,main_green,49,113.0,9.673066553021263,10,2,2,-3.0,5.0,9.0,21.0
803,main_green,main_green,50,123.0,9.70268777358247,11,2,2,-3.0,5.0,9.0,21.0
804,main_green,main_green,54,133.0,8.772736705788926,15,2,2,-3.0,5.0,9.0,21.0
805,main_green,main_green,54,143.0,8.975591865152522,10,2,2,-3.0,5.0,9.0,21.0
806,main_green,main_green,52,153.0,9.06549539887437,10,2,2,-3.0,5.0,9.0,21.0
807,main_green,main_green,51,163.0,9.1700489442425,10,2,2,-3.0,5.0,9.0,21.0
808,main_green,main_green,53,173.0,8.969890276498976,12,2,2,-3.0,5.0,9.0,21.0
809,main_green,main_green,53,183.0,8.9707024964859,10,2,2,-3.0,5.0,9.0,21.0
810,main_green,main_green,53,193.0,8.91138343867384,10,2,2,4.0,12.0,11.0,13.0
811,main_green,main_green,53,205.0,8.84440789965286,12,2,2,4.0,12.0,11.0,13.0
812,main_green,main_green,54,218.0,8.81855888175558,14,2,2,4.0,12.0,11.0,13.0
813,main_green,main_green,55,232.0,8.698309420598209,15,2,2,4.0,12.0,11.0,13.0
814,main_green,main_green,55,246.0,8.89227980995357,14,2,2,4.0,12.0,11.0,13.0
815,main_green,main_green,53,260.0,8.784517243895994,14,2,2,4.0,12.0,11.0,13.0
816,main_green,main_green,57,274.0,8.085363201469239,19,2,2,4.0,12.0,11.0,13.0
817,main_green,main_green,57,288.0,8.289745777641345,14,2,2,4.0,12.0,11.0,13.0
818,main_green,main_green,58,302.0,8.34770059140899,15,2,2,4.0,12.0,11.0,13.0
819,main_green,main_green,58,316.0,8.652823000500266,14,2,2,4.0,12.0,11.0,13.0
820,yellow_transition,yellow_transition,59,330.0,8.374045965060603,15,3,3,12.0,20.0,10.0,2.0
821,yellow_transition,yellow_transition,58,344.0,8.173706165550323,14,3,3,12.0,20.0,10.0,2.0
822,yellow_transition,yellow_transition,57,360.0,7.927960641238926,16,3,3,12.0,20.0,10.0,2.0
823,main_green,side_green,57,210.0,7.69852974725967,12,2,0,12.0,20.0,10.0,2.0
824,main_green,side_green,58,145.0,7.922194660113591,8,2,0,12.0,20.0,10.0,2.0
825,main_green,side_green,58,148.0,8.218775017329996,6,2,0,12.0,20.0,10.0,2.0
826,main_green,side_green,58,155.0,8.688613148033562,7,2,0,12.0,20.0,10.0,2.0
827,main_green,side_green,58,164.0,8.933660348332038,9,2,0,12.0,20.0,10.0,2.0
828,main_green,side_green,63,173.0,8.56918702059622,14,2,0,12.0,20.0,10.0,2.0
829,main_green,side_green,64,182.0,8.873978009283757,10,2,0,12.0,20.0,10.0,2.0
830,main_green,side_green,62,192.0,9.153377199433923,10,2,0,12.0,20.0,10.0,2.0
831,main_green,side_green,61,204.0,9.41385567253156,12,2,0,12.0,20.0,10.0,2.0
832,main_green,side_green,61,216.0,9.236682229517143,13,2,0,12.0,20.0,10.0,2.0
833,yellow_transition,yellow_transition,59,228.0,9.053952192594215,12,3,1,11.0,5.0,-10.0,12.0
834,yellow_transition,yellow_transition,60,240.0,8.955879092114815,13,3,1,11.0,5.0,-10.0,12.0
835,yellow_transition,yellow_transition,59,253.0,9.008856978483708,13,3,1,11.0,5.0,-10.0,12.0
836,side_green,main_green,59,74.0,8.998908199340946,8,0,2,11.0,5.0,-10.0,12.0
837,side_green,main_green,58,5.0,9.228021153236453,2,0,2,11.0,5.0,-10.0,12.0
838,side_green,main_green,58,0.0,9.544744928012957,0,0,2,11.0,5.0,-10.0,12.0
839,side_green,main_green,58,2.0,9.87140164923068,3,0,2,11.0,5.0,-10.0,12.0
840,side_green,main_green,63,4.0,9.471196199277617,7,0,2,11.0,5.0,-10.0,12.0
841,side_green,main_green,61,6.0,9.839170780710838,2,0,2,11.0,5.0,-10.0,12.0
842,side_green,main_green,59,8.0,10.144522104663785,2,0,2,11.0,5.0,-10.0,12.0
843,side_green,main_green,58,11.0,10.534579401749243,3,0,2,11.0,5.0,-10.0,12.0
844,side_green,main_green,56,15.0,10.139357068960487,6,0,2,11.0,5.0,-10.0,12.0
845,side_green,main_green,56,20.0,10.303207864224353,5,0,2,11.0,5.0,-10.0,12.0
846,yellow_transition,yellow_transition,53,25.0,10.030549167068703,5,1,3,-11.0,13.0,-5.0,7.0
847,yellow_transition,yellow_transition,53,30.0,9.81975853056234,5,1,3,-11.0,13.0,-5.0,7.0
848,yellow_transition,yellow_transition,53,36.0,9.250982015835723,7,1,3,-11.0,13.0,-5.0,7.0
849,main_green,main_green,51,10.0,9.104062292740531,5,2,2,-11.0,13.0,-5.0,7.0
850,main_green,main_green,51,8.0,9.539076381622403,4,2,2,-11.0,13.0,-5.0,7.0
851,main_green,main_green,51,8.0,9.946113178509995,3,2,2,-11.0,13.0,-5.0,7.0
852,main_green,main_green,56,11.0,9.404450766909736,8,2,2,-11.0,13.0,-5.0,7.0
853,main_green,main_green,55,14.0,9.673056575778917,3,2,2,-11.0,13.0,-5.0,7.0
854,main_green,main_green,55,17.0,9.888947801706802,4,2,2,-11.0,13.0,-5.0,7.0
855,main_green,main_green,54,20.0,10.274797264590935,3,2,2,-11.0,13.0,-5.0,7.0
856,main_green,main_green,55,23.0,10.433401316489853,4,2,2,-11.0,13.0,-5.0,7.0
857,main_green,main_green,55,26.0,10.486926396918166,3,2,2,-11.0,13.0,-5.0,7.0
858,main_green,main_green,53,29.0,10.542731808625714,3,2,2,-11.0,13.0,-5.0,7.0
859,main_green,main_green,53,32.0,10.569375497943287,4,2,2,-5.0,11.0,-2.0,8.0
860,main_green,main_green,52,36.0,10.21813379273332,5,2,2,-5.0,11.0,-2.0,8.0
861,main_green,main_green,50,42.0,10.210960017268418,6,2,2,-5.0,11.0,-2.0,8.0
862,main_green,main_green,48,49.0,10.225524063655609,7,2,2,-5.0,11.0,-2.0,8.0
863,main_green,main_green,46,56.0,10.097293534348665,7,2,2,-5.0,11.0,-2.0,8.0
864,main_green,main_green,51,63.0,9.22489468508347,12,2,2,-5.0,11.0,-2.0,8.0
865,main_green,main_green,52,70.0,9.285516550130135,8,2,2,-5.0,11.0,-2.0,8.0
866,main_green,main_green,52,77.0,9.531653603599098,7,2,2,-5.0,11.0,-2.0,8.0
867,main_green,main_green,51,84.0,9.75023260560047,7,2,2,-5.0,11.0,-2.0,8.0
868,main_green,main_green,52,91.0,9.766837947156302,8,2,2,-5.0,11.0,-2.0,8.0
869,main_green,main_green,52,98.0,9.731630983117988,7,2,2,-1.0,5.0,8.0,20.0
870,main_green,main_green,53,105.0,9.61435518808656,8,2,2,-1.0,5.0,8.0,20.0
871,main_green,main_green,53,112.0,9.649022801973674,7,2,2,-1.0,5.0,8.0,20.0
872,main_green,main_green,54,120.0,9.52035742153955,9,2,2,-1.0,5.0,8.0,20.0
873,main_green,main_green,52,129.0,9.296727148595542,9,2,2,-1.0,5.0,8.0,20.0
874,main_green,main_green,52,140.0,9.393049296508364,11,2,2,-1.0,5.0,8.0,20.0
875,main_green,main_green,51,151.0,9.145455150121151,12,2,2,-1.0,5.0,8.0,20.0
876,main_green,main_green,56,162.0,8.404982091981525,16,2,2,-1.0,5.0,8.0,20.0
877,main_green,main_green,56,173.0,8.742618047866461,11,2,2,-1.0,5.0,8.0,20.0
878,main_green,main_green,55,184.0,8.964396846587281,11,2,2,-1.0,5.0,8.0,20.0
879,main_green,main_green,55,195.0,9.148354310513657,11,2,2,4.0,6.0,12.0,18.0
880,main_green,main_green,57,206.0,8.95509623332091,13,2,2,4.0,6.0,12.0,18.0
881,main_green,main_green,57,217.0,9.047753246456177,11,2,2,4.0,6.0,12.0,18.0
882,main_green,main_green,57,228.0,9.10047360264001,11,2,2,4.0,6.0,12.0,18.0
883,main_green,main_green,57,240.0,9.056417518997563,12,2,2,4.0,6.0,12.0,18.0
884,main_green,main_green,58,252.0,8.85175327650904,13,2,2,4.0,6.0,12.0,18.0
885,main_green,main_green,58,265.0,8.69869112930268,14,2,2,4.0,6.0,12.0,18.0
886,main_green,main_green,57,279.0,8.752755910796681,14,2,2,4.0,6.0,12.0,18.0
887,main_green,main_green,57,294.0,8.927380526393735,15,2,2,4.0,6.0,12.0,18.0
888,main_green,main_green,61,309.0,8.143187721771417,20,2,2,4.0,6.0,12.0,18.0
889,yellow_transition,yellow_transition,60,324.0,8.217742892498926,15,3,3,11.0,13.0,10.0,6.0
890,yellow_transition,yellow_transition,61,339.0,8.27361266524136,16,3,3,11.0,13.0,10.0,6.0
891,yellow_transition,yellow_transition,60,354.0,8.261779789309127,15,3,3,11.0,13.0,10.0,6.0
892,main_green,side_green,60,216.0,8.097264733206178,12,2,0,11.0,13.0,10.0,6.0
893,main_green,side_green,59,169.0,8.383339143686978,8,2,0,11.0,13.0,10.0,6.0
894,main_green,side_green,59,177.0,8.602854838514961,8,2,0,11.0,13.0,10.0,6.0
895,main_green,side_green,60,185.0,8.633234945108933,9,2,0,11.0,13.0,10.0,6.0
896,main_green,side_green,60,195.0,8.68244576839174,11,2,0,11.0,13.0,10.0,6.0
897,main_green,side_green,60,206.0,8.974349014081572,11,2,0,11.0,13.0,10.0,6.0
898,main_green,side_green,59,217.0,9.173707391447838,11,2,0,11.0,13.0,10.0,6.0
899,main_green,side_green,58,229.0,9.18429908622814,12,2,0,11.0,13.0,10.0,6.0
900,main_green,side_green,63,241.0,8.350312401151726,17,2,0,11.0,13.0,10.0,6.0
901,main_green,side_green,63,254.0,8.335064844822837,14,2,0,11.0,13.0,10.0,6.0
902,yellow_transition,yellow_transition,63,268.0,8.526947484790778,14,3,1,14.0,4.0,-11.0,13.0
903,yellow_transition,yellow_transition,63,282.0,8.680779855538404,14,3,1,14.0,4.0,-11.0,13.0
904,yellow_transition,yellow_transition,64,297.0,8.56851029879641,16,3,1,14.0,4.0,-11.0,13.0
905,side_green,main_green,64,99.0,8.780997958575178,7,0,2,14.0,4.0,-11.0,13.0
906,side_green,main_green,64,11.0,8.764645334795848,2,0,2,14.0,4.0,-11.0,13.0
907,side_green,main_green,63,0.0,8.937937848938613,0,0,2,14.0,4.0,-11.0,13.0
908,side_green,main_green,63,1.0,9.081295983379674,2,0,2,14.0,4.0,-11.0,13.0
909,side_green,main_green,62,4.0,9.758816012645417,3,0,2,14.0,4.0,-11.0,13.0
910,side_green,main_green,58,7.0,10.148742970279507,3,0,2,14.0,4.0,-11.0,13.0
911,side_green,main_green,57,10.0,10.380319488570423,4,0,2,14.0,4.0,-11.0,13.0
912,side_green,main_green,60,15.0,9.758264472114524,10,0,2,14.0,4.0,-11.0,13.0
913,side_green,main_green,58,20.0,9.90638190703698,5,0,2,14.0,4.0,-11.0,13.0
914,side_green,main_green,58,25.0,10.15751715928976,5,0,2,14.0,4.0,-11.0,13.0
915,yellow_transition,yellow_transition,58,30.0,10.248623588291279,5,1,3,-9.0,15.0,-5.0,-1.0
916,yellow_transition,yellow_transition,57,36.0,9.839584214198771,8,1,3,-9.0,15.0,-5.0,-1.0
917,yellow_transition,yellow_transition,55,42.0,9.805671999906913,6,1,3,-9.0,15.0,-5.0,-1.0
918,main_green,main_green,55,22.0,9.948365227561395,3,2,2,-9.0,15.0,-5.0,-1.0
919,main_green,main_green,55,23.0,10.104772650726572,2,2,2,-9.0,15.0,-5.0,-1.0
920,main_green,main_green,56,25.0,10.025118177710008,3,2,2,-9.0,15.0,-5.0,-1.0
921,main_green,main_green,56,30.0,9.926689747052324,6,2,2,-9.0,15.0,-5.0,-1.0
922,main_green,main_green,56,36.0,10.280413076210126,6,2,2,-9.0,15.0,-5.0,-1.0
923,main_green,main_green,53,42.0,10.327981255803902,6,2,2,-9.0,15.0,-5.0,-1.0
924,main_green,main_green,58,48.0,9.642490501300134,11,2,2,-9.0,15.0,-5.0,-1.0
925,main_green,main_green,57,54.0,9.899615503359584,6,2,2,-9.0,15.0,-5.0,-1.0
926,main_green,main_green,56,60.0,9.94741993946906,7,2,2,-9.0,15.0,-5.0,-1.0
927,main_green,main_green,54,66.0,10.320094573571339,6,2,2,-9.0,15.0,-5.0,-1.0
928,main_green,main_green,53,72.0,10.17917237663986,7,2,2,0.0,14.0,0.0,8.0
929,main_green,main_green,51,78.0,10.138192430158147,6,2,2,0.0,14.0,0.0,8.0
930,main_green,main_green,51,84.0,10.185614971779742,6,2,2,0.0,14.0,0.0,8.0
931,main_green,main_green,52,90.0,9.888532528077349,7,2,2,0.0,14.0,0.0,8.0
932,main_green,main_green,52,96.0,9.59937206235985,7,2,2,0.0,14.0,0.0,8.0
933,main_green,main_green,51,105.0,9.62751721438984,9,2,2,0.0,14.0,0.0,8.0
934,main_green,main_green,49,115.0,9.605909640759837,10,2,2,0.0,14.0,0.0,8.0
935,main_green,main_green,49,125.0,9.756675012301907,10,2,2,0.0,14.0,0.0,8.0
936,main_green,main_green,52,135.0,8.772847010629393,15,2,2,0.0,14.0,0.0,8.0
937,main_green,main_green,53,145.0,8.95593235038734,11,2,2,0.0,14.0,0.0,8.0
938,main_green,main_green,53,155.0,9.083254759065559,10,2,2,2.0,4.0,14.0,22.0
939,main_green,main_green,53,165.0,9.295075544477914,10,2,2,2.0,4.0,14.0,22.0
940,main_green,main_green,54,175.0,9.1701457416039,11,2,2,2.0,4.0,14.0,22.0
941,main_green,main_green,54,185.0,9.107658045158873,10,2,2,2.0,4.0,14.0,22.0
942,main_green,main_green,55,195.0,9.046265049228467,11,2,2,2.0,4.0,14.0,22.0
943,main_green,main_green,54,205.0,9.121276232625512,10,2,2,2.0,4.0,14.0,22.0
944,main_green,main_green,54,217.0,8.88222822058345,13,2,2,2.0,4.0,14.0,22.0
945,main_green,main_green,54,230.0,8.860865769088932,13,2,2,2.0,4.0,14.0,22.0
946,main_green,main_green,53,244.0,8.90018881935227,14,2,2,2.0,4.0,14.0,22.0
947,main_green,main_green,52,258.0,8.755755564377488,15,2,2,2.0,4.0,14.0,22.0
948,main_green,main_green,57,272.0,8.041231094231021,19,2,2,1.0,9.0,14.0,20.0
949,main_green,main_green,57,286.0,8.30197399766269,14,2,2,1.0,9.0,14.0,20.0
950,main_green,main_green,57,300.0,8.511397535815405,14,2,2,1.0,9.0,14.0,20.0
951,main_green,main_green,57,314.0,8.561069102795603,14,2,2,1.0,9.0,14.0,20.0
952,main_green,main_green,59,328.0,8.351848225986682,16,2,2,1.0,9.0,14.0,20.0
953,main_green,main_green,58,342.0,8.420020533909083,14,2,2,1.0,9.0,14.0,20.0
954,main_green,main_green,57,357.0,8.332931659309374,15,2,2,1.0,9.0,14.0,20.0
955,main_green,main_green,57,373.0,8.29091725302737,16,2,2,1.0,9.0,14.0,20.0
956,main_green,main_green,58,389.0,8.249848612362396,17,2,2,1.0,9.0,14.0,20.0
957,main_green,main_green,59,407.0,8.17891221403649,19,2,2,1.0,9.0,14.0,20.0
958,yellow_transition,yellow_transition,59,425.0,8.297232073958053,18,3,3,9.0,13.0,11.0,7.0
959,yellow_transition,yellow_transition,57,443.0,8.135617952025582,18,3,3,9.0,13.0,11.0,7.0
960,yellow_transition,yellow_transition,62,461.0,7.421626371941945,23,3,3,9.0,13.0,11.0,7.0
961,main_green,side_green,61,291.0,7.554999044949168,14,2,0,9.0,13.0,11.0,7.0
962,main_green,side_green,61,210.0,7.650485342530915,11,2,0,9.0,13.0,11.0,7.0
963,main_green,side_green,61,202.0,8.074652338373328,9,2,0,9.0,13.0,11.0,7.0
964,main_green,side_green,62,211.0,8.375836958108561,10,2,0,9.0,13.0,11.0,7.0
965,main_green,side_green,62,221.0,8.792877598039558,10,2,0,9.0,13.0,11.0,7.0
966,main_green,side_green,61,231.0,8.974916440187872,10,2,0,9.0,13.0,11.0,7.0
967,main_green,side_green,62,241.0,9.092220065090673,11,2,0,9.0,13.0,11.0,7.0
968,main_green,side_green,63,252.0,9.143268425200082,12,2,0,9.0,13.0,11.0,7.0
969,main_green,side_green,63,264.0,9.16765410204038,12,2,0,9.0,13.0,11.0,7.0
970,main_green,side_green,63,278.0,9.312693750934432,14,2,0,9.0,13.0,11.0,7.0
971,yellow_transition,yellow_transition,62,292.0,9.381816883175075,14,3,1,12.0,4.0,-18.0,6.0
972,yellow_transition,yellow_transition,67,306.0,8.670504005573033,19,3,1,12.0,4.0,-18.0,6.0
973,yellow_transition,yellow_transition,67,320.0,8.508214289784116,15,3,1,12.0,4.0,-18.0,6.0
974,side_green,main_green,67,109.0,8.792059541904697,6,0,2,12.0,4.0,-18.0,6.0
975,side_green,main_green,65,14.0,8.85520901264429,2,0,2,12.0,4.0,-18.0,6.0
976,side_green,main_green,65,1.0,9.08335020269264,2,0,2,12.0,4.0,-18.0,6.0
977,side_green,main_green,64,2.0,9.571743217775131,1,0,2,12.0,4.0,-18.0,6.0
978,side_green,main_green,63,3.0,9.834157101821345,2,0,2,12.0,4.0,-18.0,6.0
979,side_green,main_green,62,5.0,10.342249206423912,2,0,2,12.0,4.0,-18.0,6.0
980,side_green,main_green,60,8.0,10.45401223841423,4,0,2,12.0,4.0,-18.0,6.0
981,side_green,main_green,57,12.0,10.510708760620767,4,0,2,12.0,4.0,-18.0,6.0
982,side_green,main_green,56,17.0,10.691501250956884,5,0,2,12.0,4.0,-18.0,6.0
983,side_green,main_green,55,22.0,10.5121053231966,6,0,2,12.0,4.0,-18.0,6.0
984,yellow_transition,yellow_transition,58,29.0,9.580311975030595,12,1,3,-14.0,12.0,-7.0,3.0
985,yellow_transition,yellow_transition,56,36.0,9.760864077727986,7,1,3,-14.0,12.0,-7.0,3.0
986,yellow_transition,yellow_transition,56,43.0,9.85114944227727,7,1,3,-14.0,12.0,-7.0,3.0
987,main_green,main_green,56,19.0,10.180758434986505,3,2,2,-14.0,12.0,-7.0,3.0
988,main_green,main_green,57,17.0,10.069720875853239,4,2,2,-14.0,12.0,-7.0,3.0
989,main_green,main_green,56,19.0,10.408988655285757,2,2,2,-14.0,12.0,-7.0,3.0
990,main_green,main_green,56,21.0,10.564627982578731,2,2,2,-14.0,12.0,-7.0,3.0
991,main_green,main_green,56,23.0,10.75937844983395,2,2,2,-14.0,12.0,-7.0,3.0
992,main_green,main_green,54,25.0,10.501544573085773,3,2,2,-14.0,12.0,-7.0,3.0
993,main_green,main_green,53,29.0,10.35406883719555,5,2,2,-14.0,12.0,-7.0,3.0
994,main_green,main_green,51,34.0,10.472510187976518,5,2,2,-14.0,12.0,-7.0,3.0
995,main_green,main_green,49,40.0,10.589013100674762,6,2,2,-14.0,12.0,-7.0,3.0
996,main_green,main_green,53,46.0,9.710846049953973,11,2,2,-14.0,12.0,-7.0,3.0
997,main_green,main_green,52,52.0,9.771828741921974,6,2,2,1.0,17.0,1.0,7.0
998,main_green,main_green,51,58.0,9.928274203980196,7,2,2,1.0,17.0,1.0,7.0
999,main_green,main_green,51,64.0,10.024554878794309,6,2,2,1.0,17.0,1.0,7.0
1000,main_green,main_green,51,70.0,9.922962157655855,7,2,2,1.0,17.0,1.0,7.0
1001,main_green,main_green,51,76.0,9.979136741322458,6,2,2,1.0,17.0,1.0,7.0
1002,main_green,main_green,50,82.0,9.95806663178775,6,2,2,1.0,17.0,1.0,7.0
1003,main_green,main_green,50,88.0,9.513921889692226,7,2,2,1.0,17.0,1.0,7.0
1004,main_green,main_green,51,96.0,9.44616959019622,9,2,2,1.0,17.0,1.0,7.0
1005,main_green,main_green,49,106.0,9.403326554425078,10,2,2,1.0,17.0,1.0,7.0
1006,main_green,main_green,49,116.0,9.522095835888942,10,2,2,1.0,17.0,1.0,7.0
1007,main_green,main_green,48,126.0,9.557549179537519,10,2,2,-2.0,6.0,8.0,22.0
1008,main_green,main_green,52,136.0,8.653402718876443,15,2,2,-2.0,6.0,8.0,22.0
1009,main_green,main_green,53,146.0,8.808752200698686,11,2,2,-2.0,6.0,8.0,22.0
1010,main_green,main_green,53,156.0,9.016156925802518,10,2,2,-2.0,6.0,8.0,22.0
1011,main_green,main_green,53,166.0,9.298508477132716,10,2,2,-2.0,6.0,8.0,22.0
1012,main_green,main_green,54,176.0,9.112944145743285,11,2,2,-2.0,6.0,8.0,22.0
1013,main_green,main_green,53,186.0,9.136320201874277,10,2,2,-2.0,6.0,8.0,22.0
1014,main_green,main_green,53,196.0,8.930872452500484,11,2,2,-2.0,6.0,8.0,22.0
1015,main_green,main_green,53,207.0,8.736039120087304,11,2,2,-2.0,6.0,8.0,22.0
1016,main_green,main_green,53,219.0,8.593675673035856,13,2,2,-2.0,6.0,8.0,22.0
1017,main_green,main_green,53,233.0,8.69933939099105,14,2,2,1.0,7.0,14.0,20.0
1018,main_green,main_green,53,247.0,8.796727344268684,14,2,2,1.0,7.0,14.0,20.0
1019,main_green,main_green,54,261.0,8.680985266023377,15,2,2,1.0,7.0,14.0,20.0
1020,main_green,main_green,59,275.0,8.089844414923082,19,2,2,1.0,7.0,14.0,20.0
1021,main_green,main_green,59,289.0,8.24027673414366,14,2,2,1.0,7.0,14.0,20.0
1022,main_green,main_green,58,303.0,8.534530205821383,14,2,2,1.0,7.0,14.0,20.0
1023,main_green,main_green,57,317.0,8.565419381238428,14,2,2,1.0,7.0,14.0,20.0
1024,main_green,main_green,59,331.0,8.16391857596806,16,2,2,1.0,7.0,14.0,20.0
1025,main_green,main_green,58,345.0,8.166157638711871,14,2,2,1.0,7.0,14.0,20.0
1026,main_green,main_green,58,359.0,8.22902929312933,14,2,2,1.0,7.0,14.0,20.0
1027,yellow_transition,yellow_transition,58,375.0,8.210308645120351,16,3,3,8.0,10.0,12.0,10.0
1028,yellow_transition,yellow_transition,59,392.0,8.012840129870657,18,3,3,8.0,10.0,12.0,10.0
1029,yellow_transition,yellow_transition,59,411.0,7.747558099455515,20,3,3,8.0,10.0,12.0,10.0
1030,main_green,side_green,59,254.0,8.015169419169052,15,2,0,8.0,10.0,12.0,10.0
1031,main_green,side_green,59,182.0,8.419013110775232,11,2,0,8.0,10.0,12.0,10.0
1032,main_green,side_green,64,181.0,8.042383045470885,14,2,0,8.0,10.0,12.0,10.0
1033,main_green,side_green,63,190.0,8.378953032451076,9,2,0,8.0,10.0,12.0,10.0
1034,main_green,side_green,63,199.0,8.589923638440771,10,2,0,8.0,10.0,12.0,10.0
1035,main_green,side_green,62,209.0,8.865187793347808,10,2,0,8.0,10.0,12.0,10.0
1036,main_green,side_green,63,220.0,8.954640506561867,12,2,0,8.0,10.0,12.0,10.0
1037,main_green,side_green,63,232.0,9.22601902921833,12,2,0,8.0,10.0,12.0,10.0
1038,main_green,side_green,62,244.0,9.141183375924617,12,2,0,8.0,10.0,12.0,10.0
1039,main_green,side_green,62,256.0,9.050875979331376,13,2,0,8.0,10.0,12.0,10.0
1040,yellow_transition,yellow_transition,62,269.0,8.677937835762693,14,3,1,12.0,4.0,-16.0,14.0
1041,yellow_transition,yellow_transition,61,284.0,8.637456547300758,15,3,1,12.0,4.0,-16.0,14.0
1042,yellow_transition,yellow_transition,61,301.0,8.53968705798108,17,3,1,12.0,4.0,-16.0,14.0
1043,side_green,main_green,60,100.0,8.86992247390249,9,0,2,12.0,4.0,-16.0,14.0
1044,side_green,main_green,64,9.0,8.586392572474656,7,0,2,12.0,4.0,-16.0,14.0
1045,side_green,main_green,64,1.0,8.869753369900574,2,0,2,12.0,4.0,-16.0,14.0
1046,side_green,main_green,64,2.0,9.224372720878252,1,0,2,12.0,4.0,-16.0,14.0
1047,side_green,main_green,64,3.0,9.681301328616989,1,0,2,12.0,4.0,-16.0,14.0
1048,side_green,main_green,62,5.0,9.928461983219186,3,0,2,12.0,4.0,-16.0,14.0
1049,side_green,main_green,59,8.0,10.403672550982995,3,0,2,12.0,4.0,-16.0,14.0
1050,side_green,main_green,59,12.0,10.53016080607174,5,0,2,12.0,4.0,-16.0,14.0
1051,side_green,main_green,55,16.0,10.525132667624648,4,0,2,12.0,4.0,-16.0,14.0
1052,side_green,main_green,55,20.0,10.26351121829677,5,0,2,12.0,4.0,-16.0,14.0
1053,yellow_transition,yellow_transition,53,24.0,10.119984234183935,4,1,3,-13.0,15.0,-7.0,1.0
1054,yellow_transition,yellow_transition,53,30.0,9.93870267040393,6,1,3,-13.0,15.0,-7.0,1.0
1055,yellow_transition,yellow_transition,54,38.0,9.80162463110074,9,1,3,-13.0,15.0,-7.0,1.0
1056,main_green,main_green,58,10.0,9.166685928176905,9,2,2,-13.0,15.0,-7.0,1.0
1057,main_green,main_green,58,7.0,9.635125191990157,2,2,2,-13.0,15.0,-7.0,1.0
1058,main_green,main_green,58,9.0,10.130564107611315,2,2,2,-13.0,15.0,-7.0,1.0
1059,main_green,main_green,57,11.0,10.487946147594656,2,2,2,-13.0,15.0,-7.0,1.0
1060,main_green,main_green,59,13.0,10.453514083598675,4,2,2,-13.0,15.0,-7.0,1.0
1061,main_green,main_green,58,15.0,10.7067892820606,2,2,2,-13.0,15.0,-7.0,1.0
1062,main_green,main_green,58,17.0,10.815621292721794,2,2,2,-13.0,15.0,-7.0,1.0
1063,main_green,main_green,56,19.0,10.870911305481581,2,2,2,-13.0,15.0,-7.0,1.0
1064,main_green,main_green,55,23.0,10.717499232890212,5,2,2,-13.0,15.0,-7.0,1.0
1065,main_green,main_green,52,27.0,10.486201817798998,5,2,2,-13.0,15.0,-7.0,1.0
1066,main_green,main_green,51,32.0,10.675972367575197,5,2,2,-5.0,15.0,-4.0,6.0
1067,main_green,main_green,49,38.0,10.782847405117284,6,2,2,-5.0,15.0,-4.0,6.0
1068,main_green,main_green,52,44.0,9.6254126842052,11,2,2,-5.0,15.0,-4.0,6.0
1069,main_green,main_green,50,50.0,9.745069939211932,6,2,2,-5.0,15.0,-4.0,6.0
1070,main_green,main_green,51,56.0,9.864255795984946,7,2,2,-5.0,15.0,-4.0,6.0
1071,main_green,main_green,50,62.0,10.099964561095769,6,2,2,-5.0,15.0,-4.0,6.0
1072,main_green,main_green,51,68.0,9.92278490018447,7,2,2,-5.0,15.0,-4.0,6.0
1073,main_green,main_green,49,74.0,9.803033643507158,6,2,2,-5.0,15.0,-4.0,6.0
1074,main_green,main_green,49,80.0,9.7641779373071,6,2,2,-5.0,15.0,-4.0,6.0
1075,main_green,main_green,49,87.0,9.539963956509261,8,2,2,-5.0,15.0,-4.0,6.0
1076,main_green,main_green,50,95.0,9.60120906573277,9,2,2,-2.0,6.0,9.0,21.0
1077,main_green,main_green,49,105.0,9.455770092250821,10,2,2,-2.0,6.0,9.0,21.0
1078,main_green,main_green,49,115.0,9.699456780331749,10,2,2,-2.0,6.0,9.0,21.0
1079,main_green,main_green,49,125.0,9.702808574072469,10,2,2,-2.0,6.0,9.0,21.0
1080,main_green,main_green,54,135.0,8.898039708576352,15,2,2,-2.0,6.0,9.0,21.0
1081,main_green,main_green,55,145.0,9.04569514839366,11,2,2,-2.0,6.0,9.0,21.0
1082,main_green,main_green,54,155.0,9.301262885564508,10,2,2,-2.0,6.0,9.0,21.0
1083,main_green,main_green,53,165.0,9.328230181690785,10,2,2,-2.0,6.0,9.0,21.0
1084,main_green,main_green,52,175.0,9.022014866981603,11,2,2,-2.0,6.0,9.0,21.0
1085,main_green,main_green,52,185.0,8.997796834081253,10,2,2,-2.0,6.0,9.0,21.0
1086,main_green,main_green,53,195.0,8.824383955352099,11,2,2,1.0,5.0,14.0,20.0
1087,main_green,main_green,53,205.0,8.878741426499117,10,2,2,1.0,5.0,14.0,20.0
1088,main_green,main_green,54,216.0,8.74479063297609,12,2,2,1.0,5.0,14.0,20.0
1089,main_green,main_green,54,229.0,8.928832639076754,13,2,2,1.0,5.0,14.0,20.0
1090,main_green,main_green,54,243.0,8.980908606599161,14,2,2,1.0,5.0,14.0,20.0
1091,main_green,main_green,55,257.0,8.851028309391399,15,2,2,1.0,5.0,14.0,20.0
1092,main_green,main_green,59,271.0,8.107586567896279,19,2,2,1.0,5.0,14.0,20.0
1093,main_green,main_green,59,285.0,8.293722931300893,14,2,2,1.0,5.0,14.0,20.0
1094,main_green,main_green,59,299.0,8.606064509774656,14,2,2,1.0,5.0,14.0,20.0
1095,main_green,main_green,59,313.0,8.673078394574059,14,2,2,1.0,5.0,14.0,20.0
1096,yellow_transition,yellow_transition,61,327.0,8.570519701263766,16,3,3,8.0,8.0,12.0,8.0
1097,yellow_transition,yellow_transition,60,341.0,8.340139596460373,14,3,3,8.0,8.0,12.0,8.0
1098,yellow_transition,yellow_transition,59,355.0,8.427635950910204,14,3,3,8.0,8.0,12.0,8.0
1099,main_green,side_green,59,211.0,8.507686794732273,10,2,0,8.0,8.0,12.0,8.0
1100,main_green,side_green,60,149.0,8.518748252744706,9,2,0,8.0,8.0,12.0,8.0
1101,main_green,side_green,61,155.0,8.74065292680805,8,2,0,8.0,8.0,12.0,8.0
1102,main_green,side_green,61,163.0,9.12482331271173,8,2,0,8.0,8.0,12.0,8.0
1103,main_green,side_green,60,173.0,9.481257605909686,10,2,0,8.0,8.0,12.0,8.0
1104,main_green,side_green,65,183.0,9.067589597406306,15,2,0,8.0,8.0,12.0,8.0
1105,main_green,side_green,62,193.0,9.206470673269378,10,2,0,8.0,8.0,12.0,8.0
1106,main_green,side_green,62,203.0,9.14992932920297,11,2,0,8.0,8.0,12.0,8.0
1107,main_green,side_green,61,213.0,9.164741073123965,10,2,0,8.0,8.0,12.0,8.0
1108,main_green,side_green,62,224.0,8.996603155598425,12,2,0,8.0,8.0,12.0,8.0
1109,yellow_transition,yellow_transition,60,235.0,8.79446709915987,11,3,1,12.0,8.0,-12.0,10.0
1110,yellow_transition,yellow_transition,59,247.0,8.654138704772542,12,3,1,12.0,8.0,-12.0,10.0
1111,yellow_transition,yellow_transition,60,261.0,8.351105559773687,15,3,1,12.0,8.0,-12.0,10.0
1112,side_green,main_green,61,77.0,8.11133729312744,7,0,2,12.0,8.0,-12.0,10.0
1113,side_green,main_green,61,7.0,8.392468266347647,5,0,2,12.0,8.0,-12.0,10.0
1114,side_green,main_green,60,6.0,8.766503627832499,3,0,2,12.0,8.0,-12.0,10.0
1115,side_green,main_green,59,11.0,9.238851450415043,5,0,2,12.0,8.0,-12.0,10.0
1116,side_green,main_green,63,16.0,8.98129840029486,10,0,2,12.0,8.0,-12.0,10.0
1117,side_green,main_green,62,21.0,9.355057892804124,6,0,2,12.0,8.0,-12.0,10.0
1118,side_green,main_green,62,26.0,9.902988459984435,5,0,2,12.0,8.0,-12.0,10.0
1119,side_green,main_green,60,32.0,10.235869401809776,6,0,2,12.0,8.0,-12.0,10.0
1120,side_green,main_green,58,38.0,10.071496449627869,7,0,2,12.0,8.0,-12.0,10.0
1121,side_green,main_green,56,45.0,10.097216734580158,7,0,2,12.0,8.0,-12.0,10.0
1122,yellow_transition,yellow_transition,56,52.0,9.78256142067161,8,1,3,-10.0,18.0,-3.0,-1.0
1123,yellow_transition,yellow_transition,54,59.0,9.462600562078952,7,1,3,-10.0,18.0,-3.0,-1.0
1124,yellow_transition,yellow_transition,55,68.0,9.051397961159047,10,1,3,-10.0,18.0,-3.0,-1.0
1125,main_green,main_green,55,38.0,9.305943294810577,6,2,2,-10.0,18.0,-3.0,-1.0
1126,main_green,main_green,54,31.0,9.541772691037652,4,2,2,-10.0,18.0,-3.0,-1.0
1127,main_green,main_green,55,35.0,9.781367908626665,6,2,2,-10.0,18.0,-3.0,-1.0
1128,main_green,main_green,60,40.0,9.41413287032768,10,2,2,-10.0,18.0,-3.0,-1.0
1129,main_green,main_green,60,45.0,9.916615484530466,5,2,2,-10.0,18.0,-3.0,-1.0
1130,main_green,main_green,56,50.0,10.22200348971039,5,2,2,-10.0,18.0,-3.0,-1.0
1131,main_green,main_green,54,55.0,10.416115914491334,5,2,2,-10.0,18.0,-3.0,-1.0
1132,main_green,main_green,54,60.0,10.251127549516616,7,2,2,-10.0,18.0,-3.0,-1.0
1133,main_green,main_green,53,65.0,10.21276320924103,5,2,2,-10.0,18.0,-3.0,-1.0
1134,main_green,main_green,51,70.0,9.983957586267293,5,2,2,-10.0,18.0,-3.0,-1.0
1135,main_green,main_green,51,75.0,10.09235889090414,5,2,2,-2.0,14.0,1.0,9.0
1136,main_green,main_green,51,82.0,9.911785715486877,8,2,2,-2.0,14.0,1.0,9.0
1137,main_green,main_green,51,90.0,9.604924532613452,9,2,2,-2.0,14.0,1.0,9.0
1138,main_green,main_green,51,98.0,9.873444986592883,8,2,2,-2.0,14.0,1.0,9.0
1139,main_green,main_green,49,107.0,9.864021390740723,9,2,2,-2.0,14.0,1.0,9.0
1140,main_green,main_green,53,116.0,9.033510054690245,14,2,2,-2.0,14.0,1.0,9.0
1141,main_green,main_green,52,125.0,9.176965033898108,9,2,2,-2.0,14.0,1.0,9.0
1142,main_green,main_green,53,134.0,9.310460531617451,10,2,2,-2.0,14.0,1.0,9.0
1143,main_green,main_green,53,143.0,9.572032092889673,9,2,2,-2.0,14.0,1.0,9.0
1144,main_green,main_green,54,152.0,9.390196831109522,10,2,2,-2.0,14.0,1.0,9.0
1145,main_green,main_green,53,161.0,9.484105194224798,9,2,2,-2.0,4.0,13.0,21.0
1146,main_green,main_green,53,170.0,9.283834411241882,9,2,2,-2.0,4.0,13.0,21.0
1147,main_green,main_green,54,180.0,9.151368601877094,11,2,2,-2.0,4.0,13.0,21.0
1148,main_green,main_green,55,190.0,9.11161414052328,11,2,2,-2.0,4.0,13.0,21.0
1149,main_green,main_green,54,201.0,9.113618456150501,11,2,2,-2.0,4.0,13.0,21.0
1150,main_green,main_green,53,213.0,9.088895269003176,12,2,2,-2.0,4.0,13.0,21.0
1151,main_green,main_green,52,226.0,9.06710014041794,13,2,2,-2.0,4.0,13.0,21.0
1152,main_green,main_green,57,239.0,8.326284839534779,18,2,2,-2.0,4.0,13.0,21.0
1153,main_green,main_green,57,252.0,8.313397808807851,14,2,2,-2.0,4.0,13.0,21.0
1154,main_green,main_green,57,265.0,8.653036779596158,13,2,2,-2.0,4.0,13.0,21.0
1155,main_green,main_green,56,278.0,8.73151979579409,13,2,2,3.0,5.0,17.0,19.0
1156,main_green,main_green,57,291.0,8.601587628898072,14,2,2,3.0,5.0,17.0,19.0
1157,main_green,main_green,57,304.0,8.736460731770773,13,2,2,3.0,5.0,17.0,19.0
1158,main_green,main_green,57,318.0,8.609863218242536,15,2,2,3.0,5.0,17.0,19.0
1159,main_green,main_green,57,333.0,8.709938156819316,15,2,2,3.0,5.0,17.0,19.0
1160,main_green,main_green,58,348.0,8.5585643384167,16,2,2,3.0,5.0,17.0,19.0
1161,main_green,main_green,56,363.0,8.442395784525953,15,2,2,3.0,5.0,17.0,19.0
1162,main_green,main_green,56,378.0,8.459572699736263,15,2,2,3.0,5.0,17.0,19.0
1163,main_green,main_green,56,395.0,8.346700818671719,18,2,2,3.0,5.0,17.0,19.0
1164,main_green,main_green,61,412.0,7.738745192298369,22,2,2,3.0,5.0,17.0,19.0
1165,yellow_transition,yellow_transition,61,429.0,7.874657757319998,17,3,3,13.0,15.0,16.0,8.0
1166,yellow_transition,yellow_transition,61,446.0,7.913780676886006,17,3,3,13.0,15.0,16.0,8.0
1167,yellow_transition,yellow_transition,60,464.0,7.834131409854134,18,3,3,13.0,15.0,16.0,8.0
1168,main_green,side_green,62,282.0,7.484895090422196,15,2,0,13.0,15.0,16.0,8.0
1169,main_green,side_green,61,189.0,7.747412474589831,10,2,0,13.0,15.0,16.0,8.0
1170,main_green,side_green,61,174.0,7.988199542292374,8,2,0,13.0,15.0,16.0,8.0
1171,main_green,side_green,61,183.0,8.319395448410539,9,2,0,13.0,15.0,16.0,8.0
1172,main_green,side_green,62,194.0,8.680761007399187,12,2,0,13.0,15.0,16.0,8.0
1173,main_green,side_green,61,205.0,8.763746240657387,12,2,0,13.0,15.0,16.0,8.0
1174,main_green,side_green,61,216.0,9.302825837004866,11,2,0,13.0,15.0,16.0,8.0
1175,main_green,side_green,61,227.0,9.402517659599617,11,2,0,13.0,15.0,16.0,8.0
1176,main_green,side_green,66,239.0,8.84664842108626,17,2,0,13.0,15.0,16.0,8.0
1177,main_green,side_green,64,251.0,8.77608066141364,12,2,0,13.0,15.0,16.0,8.0
1178,yellow_transition,yellow_transition,65,263.0,8.592571789168813,13,3,1,15.0,7.0,-13.0,9.0
1179,yellow_transition,yellow_transition,65,275.0,8.659987283906851,12,3,1,15.0,7.0,-13.0,9.0
1180,yellow_transition,yellow_transition,64,289.0,8.525481964308286,15,3,1,15.0,7.0,-13.0,9.0
1181,side_green,main_green,63,96.0,8.718003793661339,6,0,2,15.0,7.0,-13.0,9.0
1182,side_green,main_green,62,12.0,8.86994255734521,1,0,2,15.0,7.0,-13.0,9.0
1183,side_green,main_green,62,0.0,8.911594052704404,1,0,2,15.0,7.0,-13.0,9.0
1184,side_green,main_green,63,1.0,9.120032361603716,2,0,2,15.0,7.0,-13.0,9.0
1185,side_green,main_green,63,3.0,9.772673176462837,2,0,2,15.0,7.0,-13.0,9.0
1186,side_green,main_green,62,5.0,10.308860202030123,2,0,2,15.0,7.0,-13.0,9.0
1187,side_green,main_green,60,8.0,10.873106662138069,3,0,2,15.0,7.0,-13.0,9.0
1188,side_green,main_green,63,12.0,10.094541385643296,9,0,2,15.0,7.0,-13.0,9.0
1189,side_green,main_green,62,16.0,10.006258685493345,5,0,2,15.0,7.0,-13.0,9.0
1190,side_green,main_green,60,20.0,10.157651977383983,4,0,2,15.0,7.0,-13.0,9.0
1191,yellow_transition,yellow_transition,57,25.0,10.074494030593993,5,1,3,-11.0,13.0,-5.0,1.0
1192,yellow_transition,yellow_transition,57,32.0,9.71311368786767,8,1,3,-11.0,13.0,-5.0,1.0
1193,yellow_transition,yellow_transition,56,39.0,9.647945134635156,7,1,3,-11.0,13.0,-5.0,1.0
1194,main_green,main_green,57,25.0,9.633787907700484,4,2,2,-11.0,13.0,-5.0,1.0
1195,main_green,main_green,56,24.0,9.655947583600256,3,2,2,-11.0,13.0,-5.0,1.0
1196,main_green,main_green,57,27.0,9.695324692638113,4,2,2,-11.0,13.0,-5.0,1.0
1197,main_green,main_green,56,31.0,9.985517152161702,4,2,2,-11.0,13.0,-5.0,1.0
1198,main_green,main_green,55,37.0,10.209082175101813,6,2,2,-11.0,13.0,-5.0,1.0
1199,main_green,main_green,55,43.0,10.289937154175517,7,2,2,-11.0,13.0,-5.0,1.0
1200,main_green,main_green,57,49.0,9.59232395110032,11,2,2,-11.0,13.0,-5.0,1.0
1201,main_green,main_green,57,55.0,9.86543396421833,6,2,2,-11.0,13.0,-5.0,1.0
1202,main_green,main_green,55,61.0,10.0351425760344,6,2,2,-11.0,13.0,-5.0,1.0
1203,main_green,main_green,55,67.0,10.2895087609515,6,2,2,-11.0,13.0,-5.0,1.0
1204,main_green,main_green,55,73.0,9.989570499024799,8,2,2,-1.0,13.0,1.0,3.0
1205,main_green,main_green,53,79.0,9.989406982934417,6,2,2,-1.0,13.0,1.0,3.0
1206,main_green,main_green,52,85.0,10.029914718497208,6,2,2,-1.0,13.0,1.0,3.0
1207,main_green,main_green,50,91.0,9.846817153244258,6,2,2,-1.0,13.0,1.0,3.0
1208,main_green,main_green,50,98.0,9.458021506928626,8,2,2,-1.0,13.0,1.0,3.0
1209,main_green,main_green,50,107.0,9.375785863848897,10,2,2,-1.0,13.0,1.0,3.0
1210,main_green,main_green,50,117.0,9.47694926363932,10,2,2,-1.0,13.0,1.0,3.0
1211,main_green,main_green,48,127.0,9.545883519641722,10,2,2,-1.0,13.0,1.0,3.0
1212,main_green,main_green,53,137.0,8.651620922768734,15,2,2,-1.0,13.0,1.0,3.0
1213,main_green,main_green,53,147.0,8.965822774693237,10,2,2,-1.0,13.0,1.0,3.0
1214,main_green,main_green,54,157.0,9.031298787696915,11,2,2,2.0,6.0,12.0,18.0
1215,main_green,main_green,54,167.0,9.284359833474747,10,2,2,2.0,6.0,12.0,18.0
1216,main_green,main_green,55,177.0,9.224166058280732,11,2,2,2.0,6.0,12.0,18.0
1217,main_green,main_green,55,187.0,9.457535749609908,10,2,2,2.0,6.0,12.0,18.0
1218,main_green,main_green,55,197.0,9.396857507393744,10,2,2,2.0,6.0,12.0,18.0
1219,main_green,main_green,54,207.0,8.850199298142568,11,2,2,2.0,6.0,12.0,18.0
1220,main_green,main_green,55,218.0,8.691027466038612,12,2,2,2.0,6.0,12.0,18.0
1221,main_green,main_green,55,232.0,8.907147143586045,14,2,2,2.0,6.0,12.0,18.0
1222,main_green,main_green,53,246.0,8.936028562965511,14,2,2,2.0,6.0,12.0,18.0
1223,main_green,main_green,53,260.0,9.067105630244631,14,2,2,2.0,6.0,12.0,18.0
1224,main_green,main_green,58,274.0,8.323405804330015,19,2,2,2.0,6.0,13.0,17.0
1225,main_green,main_green,58,288.0,8.254712140070442,15,2,2,2.0,6.0,13.0,17.0
1226,main_green,main_green,58,302.0,8.649586579139829,14,2,2,2.0,6.0,13.0,17.0
1227,main_green,main_green,58,316.0,8.677083007446974,14,2,2,2.0,6.0,13.0,17.0
1228,main_green,main_green,59,330.0,8.547821038365733,15,2,2,2.0,6.0,13.0,17.0
1229,main_green,main_green,59,344.0,8.463627106723223,14,2,2,2.0,6.0,13.0,17.0
1230,main_green,main_green,59,360.0,8.241988345682765,17,2,2,2.0,6.0,13.0,17.0
1231,main_green,main_green,58,377.0,8.176743232436614,17,2,2,2.0,6.0,13.0,17.0
1232,main_green,main_green,58,395.0,8.076305025398193,19,2,2,2.0,6.0,13.0,17.0
1233,main_green,main_green,57,413.0,8.077910502167898,18,2,2,2.0,6.0,13.0,17.0
1234,yellow_transition,yellow_transition,57,431.0,8.016117364882378,18,3,3,9.0,9.0,14.0,12.0
1235,yellow_transition,yellow_transition,57,449.0,7.583705743213719,19,3,3,9.0,9.0,14.0,12.0
1236,yellow_transition,yellow_transition,61,468.0,6.768992464491028,24,3,3,9.0,9.0,14.0,12.0
1237,main_green,side_green,61,299.0,7.107554150742036,15,2,0,9.0,9.0,14.0,12.0
1238,main_green,side_green,61,216.0,7.470900792353589,11,2,0,9.0,9.0,14.0,12.0
1239,main_green,side_green,61,209.0,7.917952697470279,11,2,0,9.0,9.0,14.0,12.0
1240,main_green,side_green,63,220.0,8.009070574708515,13,2,0,9.0,9.0,14.0,12.0
1241,main_green,side_green,62,232.0,8.276364848726171,12,2,0,9.0,9.0,14.0,12.0
1242,main_green,side_green,62,244.0,8.63270305873954,12,2,0,9.0,9.0,14.0,12.0
1243,main_green,side_green,61,258.0,8.74282197606067,14,2,0,9.0,9.0,14.0,12.0
1244,main_green,side_green,62,273.0,8.779584202653163,16,2,0,9.0,9.0,14.0,12.0
1245,main_green,side_green,62,288.0,8.776414263382138,16,2,0,9.0,9.0,14.0,12.0
1246,main_green,side_green,62,303.0,8.883193940691818,15,2,0,9.0,9.0,14.0,12.0
1247,yellow_transition,yellow_transition,62,319.0,8.917414658240613,16,3,1,12.0,8.0,-17.0,13.0
1248,yellow_transition,yellow_transition,66,335.0,8.134559878530814,21,3,1,12.0,8.0,-17.0,13.0
1249,yellow_transition,yellow_transition,64,351.0,8.040076703402676,16,3,1,12.0,8.0,-17.0,13.0
1250,side_green,main_green,64,128.0,8.156634273949376,9,0,2,12.0,8.0,-17.0,13.0
1251,side_green,main_green,64,17.0,8.556306556571652,2,0,2,12.0,8.0,-17.0,13.0
1252,side_green,main_green,65,0.0,8.91654493577824,1,0,2,12.0,8.0,-17.0,13.0
1253,side_green,main_green,65,1.0,9.282337307411908,1,0,2,12.0,8.0,-17.0,13.0
1254,side_green,main_green,63,2.0,9.775047639169811,1,0,2,12.0,8.0,-17.0,13.0
1255,side_green,main_green,63,3.0,10.371313392450041,2,0,2,12.0,8.0,-17.0,13.0
1256,side_green,main_green,60,5.0,10.614838698640641,3,0,2,12.0,8.0,-17.0,13.0
1257,side_green,main_green,58,8.0,10.906473114668225,3,0,2,12.0,8.0,-17.0,13.0
1258,side_green,main_green,57,12.0,11.27821475151875,4,0,2,12.0,8.0,-17.0,13.0
1259,side_green,main_green,55,16.0,11.204489953402607,4,0,2,12.0,8.0,-17.0,13.0
1260,yellow_transition,yellow_transition,58,20.0,10.081198004798061,9,1,3,-15.0,11.0,-8.0,2.0
1261,yellow_transition,yellow_transition,56,24.0,9.850068234143468,5,1,3,-15.0,11.0,-8.0,2.0
1262,yellow_transition,yellow_transition,56,29.0,9.951693174596189,5,1,3,-15.0,11.0,-8.0,2.0
1263,main_green,main_green,56,18.0,10.15937305794119,4,2,2,-15.0,11.0,-8.0,2.0
1264,main_green,main_green,57,17.0,10.299453630711254,3,2,2,-15.0,11.0,-8.0,2.0
1265,main_green,main_green,57,19.0,10.259779946567425,2,2,2,-15.0,11.0,-8.0,2.0
1266,main_green,main_green,58,21.0,10.17831111502468,3,2,2,-15.0,11.0,-8.0,2.0
1267,main_green,main_green,58,24.0,10.376246876705373,3,2,2,-15.0,11.0,-8.0,2.0
1268,main_green,main_green,57,28.0,10.391422789225587,5,2,2,-15.0,11.0,-8.0,2.0
1269,main_green,main_green,55,34.0,10.623578469691195,6,2,2,-15.0,11.0,-8.0,2.0
1270,main_green,main_green,54,40.0,10.700790147678598,6,2,2,-15.0,11.0,-8.0,2.0
1271,main_green,main_green,52,46.0,10.622244316273393,7,2,2,-15.0,11.0,-8.0,2.0
1272,main_green,main_green,56,52.0,9.68139296884832,11,2,2,-15.0,11.0,-8.0,2.0
1273,main_green,main_green,52,58.0,9.848782287983708,6,2,2,0.0,18.0,-1.0,5.0
1274,main_green,main_green,51,64.0,10.027997499322534,6,2,2,0.0,18.0,-1.0,5.0
1275,main_green,main_green,51,70.0,10.262643878287653,6,2,2,0.0,18.0,-1.0,5.0
1276,main_green,main_green,52,76.0,9.891410759203762,8,2,2,0.0,18.0,-1.0,5.0
1277,main_green,main_green,52,82.0,9.933067045657234,6,2,2,0.0,18.0,-1.0,5.0
1278,main_green,main_green,52,88.0,10.070345993968564,6,2,2,0.0,18.0,-1.0,5.0
1279,main_green,main_green,51,94.0,9.979642316657197,6,2,2,0.0,18.0,-1.0,5.0
1280,main_green,main_green,51,104.0,9.742518686279249,11,2,2,0.0,18.0,-1.0,5.0
1281,main_green,main_green,51,114.0,9.639893590141952,11,2,2,0.0,18.0,-1.0,5.0
1282,main_green,main_green,50,124.0,9.75853896346696,10,2,2,0.0,18.0,-1.0,5.0
1283,main_green,main_green,49,134.0,9.774922366625615,10,2,2,-2.0,6.0,7.0,17.0
1284,main_green,main_green,54,144.0,8.886446325668148,15,2,2,-2.0,6.0,7.0,17.0
1285,main_green,main_green,54,154.0,9.178975535276816,10,2,2,-2.0,6.0,7.0,17.0
1286,main_green,main_green,55,164.0,9.29897534247672,11,2,2,-2.0,6.0,7.0,17.0
1287,main_green,main_green,55,174.0,9.391807466052798,10,2,2,-2.0,6.0,7.0,17.0
1288,main_green,main_green,56,184.0,9.285415418153878,11,2,2,-2.0,6.0,7.0,17.0
1289,main_green,main_green,56,194.0,9.268602657387408,10,2,2,-2.0,6.0,7.0,17.0
1290,main_green,main_green,55,204.0,9.206373213745579,10,2,2,-2.0,6.0,7.0,17.0
1291,main_green,main_green,55,214.0,9.061276691641867,11,2,2,-2.0,6.0,7.0,17.0
1292,main_green,main_green,56,227.0,8.901927588094482,14,2,2,-2.0,6.0,7.0,17.0
1293,main_green,main_green,55,241.0,9.013591158122718,14,2,2,0.0,6.0,12.0,18.0
1294,main_green,main_green,54,255.0,9.134126429243212,14,2,2,0.0,6.0,12.0,18.0
1295,main_green,main_green,54,269.0,9.262882252897995,14,2,2,0.0,6.0,12.0,18.0
1296,main_green,main_green,59,283.0,8.561232218194855,19,2,2,0.0,6.0,12.0,18.0
1297,main_green,main_green,60,297.0,8.530123019125389,15,2,2,0.0,6.0,12.0,18.0
1298,main_green,main_green,58,311.0,8.654076901117481,14,2,2,0.0,6.0,12.0,18.0
1299,main_green,main_green,57,325.0,8.812563843231711,14,2,2,0.0,6.0,12.0,18.0
1300,main_green,main_green,57,339.0,8.453169387618436,15,2,2,0.0,6.0,12.0,18.0
1301,main_green,main_green,56,353.0,8.557026744565762,14,2,2,0.0,6.0,12.0,18.0
1302,main_green,main_green,57,367.0,8.426826925958132,15,2,2,0.0,6.0,12.0,18.0
1303,yellow_transition,yellow_transition,57,381.0,8.308171716145853,14,3,3,10.0,14.0,11.0,7.0
1304,yellow_transition,yellow_transition,58,397.0,8.017661009024263,17,3,3,10.0,14.0,11.0,7.0
1305,yellow_transition,yellow_transition,58,415.0,7.731363063722616,18,3,3,10.0,14.0,11.0,7.0
1306,main_green,side_green,57,254.0,7.842711820794531,14,2,0,10.0,14.0,11.0,7.0
1307,main_green,side_green,58,182.0,8.13474743643902,12,2,0,10.0,14.0,11.0,7.0
1308,main_green,side_green,63,183.0,7.894898062745416,14,2,0,10.0,14.0,11.0,7.0
1309,main_green,side_green,63,193.0,8.361695437683267,10,2,0,10.0,14.0,11.0,7.0
1310,main_green,side_green,63,203.0,8.971751622169917,10,2,0,10.0,14.0,11.0,7.0
1311,main_green,side_green,62,214.0,9.132100581081934,11,2,0,10.0,14.0,11.0,7.0
1312,main_green,side_green,64,225.0,9.000579703658783,13,2,0,10.0,14.0,11.0,7.0
1313,main_green,side_green,63,236.0,9.188135885191322,11,2,0,10.0,14.0,11.0,7.0
1314,main_green,side_green,63,249.0,9.256279253976667,13,2,0,10.0,14.0,11.0,7.0
1315,main_green,side_green,61,264.0,9.287794699195874,15,2,0,10.0,14.0,11.0,7.0
1316,yellow_transition,yellow_transition,60,279.0,8.88584958634376,16,3,1,11.0,3.0,-15.0,13.0
1317,yellow_transition,yellow_transition,61,294.0,8.801162726263874,16,3,1,11.0,3.0,-15.0,13.0
1318,yellow_transition,yellow_transition,60,309.0,8.717994418101984,15,3,1,11.0,3.0,-15.0,13.0
1319,side_green,main_green,59,105.0,8.888933016441008,9,0,2,11.0,3.0,-15.0,13.0
1320,side_green,main_green,63,13.0,8.557459734409703,7,0,2,11.0,3.0,-15.0,13.0
1321,side_green,main_green,62,0.0,8.919323205795711,0,0,2,11.0,3.0,-15.0,13.0
1322,side_green,main_green,63,2.0,9.409592378457555,3,0,2,11.0,3.0,-15.0,13.0
1323,side_green,main_green,62,5.0,9.939071925813531,3,0,2,11.0,3.0,-15.0,13.0
1324,side_green,main_green,58,8.0,10.273179901465337,4,0,2,11.0,3.0,-15.0,13.0
1325,side_green,main_green,58,11.0,10.774850088574134,3,0,2,11.0,3.0,-15.0,13.0
1326,side_green,main_green,57,15.0,11.036987967079899,4,0,2,11.0,3.0,-15.0,13.0
1327,side_green,main_green,55,20.0,10.670133156750765,6,0,2,11.0,3.0,-15.0,13.0
1328,side_green,main_green,55,26.0,10.577829896710856,7,0,2,11.0,3.0,-15.0,13.0
1329,yellow_transition,yellow_transition,53,33.0,10.526194731805784,7,1,3,-14.0,14.0,-6.0,4.0
1330,yellow_transition,yellow_transition,53,40.0,10.52559417179263,7,1,3,-14.0,14.0,-6.0,4.0
1331,yellow_transition,yellow_transition,52,47.0,10.42796066965558,7,1,3,-14.0,14.0,-6.0,4.0
1332,main_green,main_green,56,16.0,9.708133156752453,9,2,2,-14.0,14.0,-6.0,4.0
1333,main_green,main_green,56,11.0,9.667013118799725,3,2,2,-14.0,14.0,-6.0,4.0
1334,main_green,main_green,56,13.0,10.22677151699078,2,2,2,-14.0,14.0,-6.0,4.0
1335,main_green,main_green,56,15.0,10.796204814071277,2,2,2,-14.0,14.0,-6.0,4.0
1336,main_green,main_green,57,17.0,11.02704801718091,3,2,2,-14.0,14.0,-6.0,4.0
1337,main_green,main_green,55,19.0,11.357322375859683,2,2,2,-14.0,14.0,-6.0,4.0
1338,main_green,main_green,53,21.0,11.289570286602082,3,2,2,-14.0,14.0,-6.0,4.0
1339,main_green,main_green,52,23.0,11.255984064869214,2,2,2,-14.0,14.0,-6.0,4.0
1340,main_green,main_green,50,25.0,10.720199941808502,3,2,2,-14.0,14.0,-6.0,4.0
1341,main_green,main_green,48,28.0,10.858505868932506,3,2,2,-14.0,14.0,-6.0,4.0
1342,main_green,main_green,47,33.0,10.72023308732604,5,2,2,-2.0,18.0,-4.0,6.0
1343,main_green,main_green,48,39.0,10.671253492956149,7,2,2,-2.0,18.0,-4.0,6.0
1344,main_green,main_green,52,45.0,9.795027782214088,11,2,2,-2.0,18.0,-4.0,6.0
1345,main_green,main_green,50,51.0,9.866535097477763,6,2,2,-2.0,18.0,-4.0,6.0
1346,main_green,main_green,50,57.0,10.188261890891026,6,2,2,-2.0,18.0,-4.0,6.0
1347,main_green,main_green,48,63.0,10.195564067851125,6,2,2,-2.0,18.0,-4.0,6.0
1348,main_green,main_green,50,69.0,9.919300464477404,8,2,2,-2.0,18.0,-4.0,6.0
1349,main_green,main_green,50,75.0,9.943005982084765,6,2,2,-2.0,18.0,-4.0,6.0
1350,main_green,main_green,49,82.0,9.973266562769393,7,2,2,-2.0,18.0,-4.0,6.0
1351,main_green,main_green,49,89.0,9.874015468348464,7,2,2,-2.0,18.0,-4.0,6.0
1352,main_green,main_green,49,97.0,9.700685044599187,9,2,2,-3.0,3.0,9.0,23.0
1353,main_green,main_green,50,105.0,9.455352772721566,9,2,2,-3.0,3.0,9.0,23.0
1354,main_green,main_green,50,114.0,9.62492213047317,9,2,2,-3.0,3.0,9.0,23.0
1355,main_green,main_green,50,124.0,9.807994807978826,10,2,2,-3.0,3.0,9.0,23.0
1356,main_green,main_green,55,134.0,8.886821208619523,15,2,2,-3.0,3.0,9.0,23.0
1357,main_green,main_green,55,144.0,9.175349702870047,10,2,2,-3.0,3.0,9.0,23.0
1358,main_green,main_green,54,154.0,9.199858532762855,11,2,2,-3.0,3.0,9.0,23.0
1359,main_green,main_green,54,164.0,9.508089956402351,10,2,2,-3.0,3.0,9.0,23.0
1360,main_green,main_green,54,174.0,9.465996678219561,11,2,2,-3.0,3.0,9.0,23.0
1361,main_green,main_green,54,184.0,9.44436553256866,10,2,2,-3.0,3.0,9.0,23.0
1362,main_green,main_green,52,194.0,9.212764317636541,10,2,2,3.0,7.0,11.0,13.0
1363,main_green,main_green,53,204.0,9.083959814500105,11,2,2,3.0,7.0,11.0,13.0
1364,main_green,main_green,54,216.0,8.81364580182994,13,2,2,3.0,7.0,11.0,13.0
1365,main_green,main_green,54,230.0,9.003632917516693,14,2,2,3.0,7.0,11.0,13.0
1366,main_green,main_green,54,244.0,9.092451184691065,14,2,2,3.0,7.0,11.0,13.0
1367,main_green,main_green,54,258.0,9.223416533435069,14,2,2,3.0,7.0,11.0,13.0
1368,main_green,main_green,58,272.0,8.465647995195553,19,2,2,3.0,7.0,11.0,13.0
1369,main_green,main_green,58,286.0,8.419584446588058,15,2,2,3.0,7.0,11.0,13.0
1370,main_green,main_green,57,300.0,8.633476609544251,14,2,2,3.0,7.0,11.0,13.0
1371,main_green,main_green,57,314.0,8.757094585839813,14,2,2,3.0,7.0,11.0,13.0
1372,yellow_transition,yellow_transition,57,328.0,8.460466684928772,15,3,3,11.0,15.0,11.0,5.0
1373,yellow_transition,yellow_transition,56,342.0,8.459065889351681,14,3,3,11.0,15.0,11.0,5.0
1374,yellow_transition,yellow_transition,57,357.0,8.23206191750818,16,3,3,11.0,15.0,11.0,5.0
1375,main_green,side_green,57,211.0,8.326201752441717,12,2,0,11.0,15.0,11.0,5.0
1376,main_green,side_green,58,147.0,8.287454818829156,10,2,0,11.0,15.0,11.0,5.0
1377,main_green,side_green,58,149.0,8.493869945390626,7,2,0,11.0,15.0,11.0,5.0
1378,main_green,side_green,58,158.0,8.949624136272218,9,2,0,11.0,15.0,11.0,5.0
1379,main_green,side_green,58,167.0,9.018064709796986,10,2,0,11.0,15.0,11.0,5.0
1380,main_green,side_green,63,178.0,8.581276843024535,16,2,0,11.0,15.0,11.0,5.0
1381,main_green,side_green,62,189.0,8.79608953110392,11,2,0,11.0,15.0,11.0,5.0
1382,main_green,side_green,62,200.0,8.966803678704965,11,2,0,11.0,15.0,11.0,5.0
1383,main_green,side_green,60,212.0,8.900020995607152,12,2,0,11.0,15.0,11.0,5.0
1384,main_green,side_green,62,224.0,8.644056905740324,14,2,0,11.0,15.0,11.0,5.0
1385,yellow_transition,yellow_transition,61,237.0,8.410783283830375,13,3,1,13.0,7.0,-11.0,13.0
1386,yellow_transition,yellow_transition,60,251.0,8.262539377585007,14,3,1,13.0,7.0,-11.0,13.0
1387,yellow_transition,yellow_transition,59,267.0,8.157750083342274,16,3,1,13.0,7.0,-11.0,13.0
1388,side_green,main_green,59,82.0,8.037513983915867,11,0,2,13.0,7.0,-11.0,13.0
1389,side_green,main_green,60,10.0,8.27694193464013,5,0,2,13.0,7.0,-11.0,13.0
1390,side_green,main_green,60,8.0,8.792714424784814,3,0,2,13.0,7.0,-11.0,13.0
1391,side_green,main_green,59,11.0,9.226654610720246,3,0,2,13.0,7.0,-11.0,13.0
1392,side_green,main_green,63,15.0,8.887745399943663,9,0,2,13.0,7.0,-11.0,13.0
1393,side_green,main_green,62,20.0,9.51412768986958,5,0,2,13.0,7.0,-11.0,13.0
1394,side_green,main_green,62,25.0,9.927756591565872,6,0,2,13.0,7.0,-11.0,13.0
1395,side_green,main_green,59,30.0,10.224637439899736,5,0,2,13.0,7.0,-11.0,13.0
1396,side_green,main_green,58,35.0,10.293943388036599,6,0,2,13.0,7.0,-11.0,13.0
1397,side_green,main_green,54,41.0,10.110979365850914,6,0,2,13.0,7.0,-11.0,13.0
1398,yellow_transition,yellow_transition,54,48.0,9.864922644628802,7,1,3,-10.0,12.0,1.0,11.0
1399,yellow_transition,yellow_transition,53,55.0,9.319229009748485,8,1,3,-10.0,12.0,1.0,11.0
1400,yellow_transition,yellow_transition,54,65.0,9.036981105760159,11,1,3,-10.0,12.0,1.0,11.0
1401,main_green,main_green,54,34.0,9.325019373507168,5,2,2,-10.0,12.0,1.0,11.0
1402,main_green,main_green,54,34.0,9.669346338145841,4,2,2,-10.0,12.0,1.0,11.0
1403,main_green,main_green,54,38.0,10.001175605562644,4,2,2,-10.0,12.0,1.0,11.0
1404,main_green,main_green,58,42.0,9.427944734461983,9,2,2,-10.0,12.0,1.0,11.0
1405,main_green,main_green,59,46.0,9.682097854619194,5,2,2,-10.0,12.0,1.0,11.0
1406,main_green,main_green,59,50.0,10.339628721439954,4,2,2,-10.0,12.0,1.0,11.0
1407,main_green,main_green,57,54.0,10.757190451131601,4,2,2,-10.0,12.0,1.0,11.0
1408,main_green,main_green,56,58.0,10.758694712418642,5,2,2,-10.0,12.0,1.0,11.0
1409,main_green,main_green,55,62.0,10.672573890954313,4,2,2,-10.0,12.0,1.0,11.0
1410,main_green,main_green,54,66.0,10.421746372315928,5,2,2,-10.0,12.0,1.0,11.0
1411,main_green,main_green,52,70.0,10.15308801610501,4,2,2,-5.0,17.0,-1.0,3.0
1412,main_green,main_green,53,76.0,10.08940902366589,7,2,2,-5.0,17.0,-1.0,3.0
1413,main_green,main_green,52,84.0,10.254007151644561,8,2,2,-5.0,17.0,-1.0,3.0
1414,main_green,main_green,48,92.0,10.15398457101518,8,2,2,-5.0,17.0,-1.0,3.0
1415,main_green,main_green,48,100.0,10.042394934175702,9,2,2,-5.0,17.0,-1.0,3.0
1416,main_green,main_green,51,108.0,9.101656744436843,13,2,2,-5.0,17.0,-1.0,3.0
1417,main_green,main_green,51,116.0,9.32735827755942,8,2,2,-5.0,17.0,-1.0,3.0
1418,main_green,main_green,51,124.0,9.650995749416142,8,2,2,-5.0,17.0,-1.0,3.0
1419,main_green,main_green,51,132.0,9.850175151919204,8,2,2,-5.0,17.0,-1.0,3.0
1420,main_green,main_green,53,140.0,9.578529470654038,10,2,2,-5.0,17.0,-1.0,3.0
1421,main_green,main_green,53,148.0,9.8133637283138,8,2,2,-1.0,15.0,9.0,13.0
1422,main_green,main_green,53,156.0,9.858845664756572,8,2,2,-1.0,15.0,9.0,13.0
1423,main_green,main_green,53,164.0,9.82649087906805,8,2,2,-1.0,15.0,9.0,13.0
1424,main_green,main_green,54,173.0,9.483707056879414,10,2,2,-1.0,15.0,9.0,13.0
1425,main_green,main_green,55,183.0,9.362103019954741,11,2,2,-1.0,15.0,9.0,13.0
1426,main_green,main_green,53,194.0,9.342136568910632,11,2,2,-1.0,15.0,9.0,13.0
1427,main_green,main_green,52,206.0,9.414428903753914,12,2,2,-1.0,15.0,9.0,13.0
1428,main_green,main_green,57,218.0,8.718277331688444,17,2,2,-1.0,15.0,9.0,13.0
1429,main_green,main_green,56,230.0,8.823460682389328,12,2,2,-1.0,15.0,9.0,13.0
1430,main_green,main_green,55,242.0,8.678721208597207,13,2,2,-1.0,15.0,9.0,13.0
1431,yellow_transition,yellow_transition,55,254.0,8.907771703993568,12,3,3,5.0,11.0,14.0,12.0
1432,yellow_transition,yellow_transition,55,266.0,8.551474472181862,13,3,3,5.0,11.0,14.0,12.0
1433,yellow_transition,yellow_transition,55,278.0,8.303865858770111,12,3,3,5.0,11.0,14.0,12.0
1434,main_green,side_green,55,128.0,8.399022642402427,8,2,0,5.0,11.0,14.0,12.0
1435,main_green,side_green,56,71.0,8.426153664103364,8,2,0,5.0,11.0,14.0,12.0
1436,main_green,side_green,56,74.0,8.508102452301552,6,2,0,5.0,11.0,14.0,12.0
1437,main_green,side_green,56,80.0,8.821614396646682,6,2,0,5.0,11.0,14.0,12.0
1438,main_green,side_green,55,88.0,9.127640162936526,8,2,0,5.0,11.0,14.0,12.0
1439,main_green,side_green,54,97.0,9.583870774615765,9,2,0,5.0,11.0,14.0,12.0
1440,main_green,side_green,59,107.0,9.00545212578272,15,2,0,5.0,11.0,14.0,12.0
1441,main_green,side_green,60,117.0,9.203314166726885,11,2,0,5.0,11.0,14.0,12.0
1442,main_green,side_green,60,127.0,9.51261428207664,10,2,0,5.0,11.0,14.0,12.0
1443,main_green,side_green,60,137.0,9.430651407607904,10,2,0,5.0,11.0,14.0,12.0
1444,yellow_transition,yellow_transition,60,147.0,9.083995338965824,11,3,1,4.0,0.0,-8.0,18.0
1445,yellow_transition,yellow_transition,60,158.0,9.004868804968654,11,3,1,4.0,0.0,-8.0,18.0
1446,yellow_transition,yellow_transition,61,169.0,8.505642021522956,12,3,1,4.0,0.0,-8.0,18.0
1447,side_green,main_green,61,38.0,8.566698168204374,6,0,2,4.0,0.0,-8.0,18.0
1448,side_green,main_green,62,3.0,8.710752732848416,3,0,2,4.0,0.0,-8.0,18.0
1449,side_green,main_green,62,5.0,9.216022954220918,2,0,2,4.0,0.0,-8.0,18.0
1450,side_green,main_green,60,7.0,9.579504687344423,2,0,2,4.0,0.0,-8.0,18.0
1451,side_green,main_green,61,11.0,10.002161203010843,5,0,2,4.0,0.0,-8.0,18.0
1452,side_green,main_green,64,15.0,9.405533082724999,9,0,2,4.0,0.0,-8.0,18.0
1453,side_green,main_green,59,19.0,9.627271679876259,4,0,2,4.0,0.0,-8.0,18.0
1454,side_green,main_green,59,24.0,10.010611013576547,5,0,2,4.0,0.0,-8.0,18.0
1455,side_green,main_green,55,30.0,10.16660394949937,6,0,2,4.0,0.0,-8.0,18.0
1456,side_green,main_green,57,36.0,9.98276722978957,8,0,2,4.0,0.0,-8.0,18.0
1457,yellow_transition,yellow_transition,54,43.0,9.920414628674514,7,1,3,-7.0,17.0,-3.0,1.0
1458,yellow_transition,yellow_transition,54,50.0,9.75356432850776,7,1,3,-7.0,17.0,-3.0,1.0
1459,yellow_transition,yellow_transition,53,57.0,9.619758695492639,7,1,3,-7.0,17.0,-3.0,1.0
1460,main_green,main_green,53,31.0,9.456574777945075,5,2,2,-7.0,17.0,-3.0,1.0
1461,main_green,main_green,54,30.0,9.48073385752628,6,2,2,-7.0,17.0,-3.0,1.0
1462,main_green,main_green,54,36.0,9.71856052828329,6,2,2,-7.0,17.0,-3.0,1.0
1463,main_green,main_green,54,42.0,9.946976369499545,6,2,2,-7.0,17.0,-3.0,1.0
1464,main_green,main_green,59,48.0,9.287534200292459,11,2,2,-7.0,17.0,-3.0,1.0
1465,main_green,main_green,56,54.0,9.481261022354344,6,2,2,-7.0,17.0,-3.0,1.0
1466,main_green,main_green,56,60.0,9.7196263769393,7,2,2,-7.0,17.0,-3.0,1.0
1467,main_green,main_green,54,66.0,10.085345965765145,6,2,2,-7.0,17.0,-3.0,1.0
1468,main_green,main_green,53,72.0,10.047060028980633,7,2,2,-7.0,17.0,-3.0,1.0
1469,main_green,main_green,51,78.0,10.038266385713408,6,2,2,-7.0,17.0,-3.0,1.0
1470,main_green,main_green,51,84.0,10.015889414341068,6,2,2,4.0,18.0,-1.0,5.0
1471,main_green,main_green,52,91.0,9.92037226420904,8,2,2,4.0,18.0,-1.0,5.0
1472,main_green,main_green,53,100.0,9.777041541034807,10,2,2,4.0,18.0,-1.0,5.0
1473,main_green,main_green,52,109.0,9.661247444101935,9,2,2,4.0,18.0,-1.0,5.0
1474,main_green,main_green,52,118.0,9.84554727340778,9,2,2,4.0,18.0,-1.0,5.0
1475,main_green,main_green,51,128.0,9.825587113271046,10,2,2,4.0,18.0,-1.0,5.0
1476,main_green,main_green,55,138.0,8.915309989258775,15,2,2,4.0,18.0,-1.0,5.0
1477,main_green,main_green,55,148.0,9.045585781763288,11,2,2,4.0,18.0,-1.0,5.0
1478,main_green,main_green,54,158.0,9.235167526688294,10,2,2,4.0,18.0,-1.0,5.0
1479,main_green,main_green,54,168.0,9.314666932677559,10,2,2,4.0,18.0,-1.0,5.0
1480,main_green,main_green,54,178.0,9.079557708936537,11,2,2,1.0,5.0,11.0,19.0
1481,main_green,main_green,54,188.0,9.12798322218633,10,2,2,1.0,5.0,11.0,19.0
1482,main_green,main_green,53,198.0,8.805388283948727,11,2,2,1.0,5.0,11.0,19.0
1483,main_green,main_green,53,211.0,8.937724303279587,13,2,2,1.0,5.0,11.0,19.0
1484,main_green,main_green,54,225.0,8.871145823157779,15,2,2,1.0,5.0,11.0,19.0
1485,main_green,main_green,54,239.0,8.907692395455026,14,2,2,1.0,5.0,11.0,19.0
1486,main_green,main_green,53,253.0,8.881795830391916,14,2,2,1.0,5.0,11.0,19.0
1487,main_green,main_green,51,267.0,8.683011674116138,15,2,2,1.0,5.0,11.0,19.0
1488,main_green,main_green,56,281.0,7.947855742116043,19,2,2,1.0,5.0,11.0,19.0
1489,main_green,main_green,56,295.0,8.147312831728,14,2,2,1.0,5.0,11.0,19.0
1490,main_green,main_green,56,309.0,8.454270188202802,14,2,2,7.0,11.0,17.0,19.0
1491,main_green,main_green,56,323.0,8.506370241764689,14,2,2,7.0,11.0,17.0,19.0
1492,main_green,main_green,58,337.0,8.235326701881013,16,2,2,7.0,11.0,17.0,19.0
1493,main_green,main_green,58,351.0,8.256020331864246,14,2,2,7.0,11.0,17.0,19.0
1494,main_green,main_green,58,365.0,8.194668041028725,14,2,2,7.0,11.0,17.0,19.0
1495,main_green,main_green,58,380.0,8.290922605833298,15,2,2,7.0,11.0,17.0,19.0
1496,main_green,main_green,58,396.0,8.090089529535385,17,2,2,7.0,11.0,17.0,19.0
1497,main_green,main_green,59,413.0,8.005353664823746,18,2,2,7.0,11.0,17.0,19.0
1498,main_green,main_green,58,431.0,8.054002957178797,18,2,2,7.0,11.0,17.0,19.0
1499,main_green,main_green,58,449.0,8.177924873990525,18,2,2,7.0,11.0,17.0,19.0
1500,yellow_transition,yellow_transition,63,467.0,7.577005932840885,23,3,3,9.0,9.0,12.0,8.0
1501,yellow_transition,yellow_transition,62,485.0,7.72814340311598,18,3,3,9.0,9.0,12.0,8.0
1502,yellow_transition,yellow_transition,63,503.0,7.708461459513412,19,3,3,9.0,9.0,12.0,8.0
1503,main_green,side_green,62,325.0,7.835700511744972,14,2,0,9.0,9.0,12.0,8.0
1504,main_green,side_green,62,230.0,8.015294708129964,12,2,0,9.0,9.0,12.0,8.0
1505,main_green,side_green,62,220.0,8.348449990668243,9,2,0,9.0,9.0,12.0,8.0
1506,main_green,side_green,62,229.0,8.668874352796086,9,2,0,9.0,9.0,12.0,8.0
1507,main_green,side_green,63,238.0,8.804703328174707,10,2,0,9.0,9.0,12.0,8.0
1508,main_green,side_green,64,247.0,8.830278347725034,10,2,0,9.0,9.0,12.0,8.0
1509,main_green,side_green,63,258.0,9.000397886955675,11,2,0,9.0,9.0,12.0,8.0
1510,main_green,side_green,63,269.0,9.330485342423213,11,2,0,9.0,9.0,12.0,8.0
1511,main_green,side_green,62,281.0,9.431980404110622,12,2,0,9.0,9.0,12.0,8.0
1512,main_green,side_green,66,295.0,8.65147377603273,19,2,0,9.0,9.0,12.0,8.0
1513,yellow_transition,yellow_transition,66,309.0,8.552950942809371,15,3,1,16.0,8.0,-13.0,7.0
1514,yellow_transition,yellow_transition,66,323.0,8.704767267627256,14,3,1,16.0,8.0,-13.0,7.0
1515,yellow_transition,yellow_transition,66,337.0,8.662060294504366,14,3,1,16.0,8.0,-13.0,7.0
1516,side_green,main_green,65,120.0,8.5571876533341,7,0,2,16.0,8.0,-13.0,7.0
1517,side_green,main_green,64,16.0,8.89080215411407,3,0,2,16.0,8.0,-13.0,7.0
1518,side_green,main_green,63,2.0,8.797666113569798,2,0,2,16.0,8.0,-13.0,7.0
1519,side_green,main_green,63,4.0,9.161086530746195,2,0,2,16.0,8.0,-13.0,7.0
1520,side_green,main_green,63,6.0,9.422978417507299,3,0,2,16.0,8.0,-13.0,7.0
1521,side_green,main_green,60,10.0,9.75538536624141,4,0,2,16.0,8.0,-13.0,7.0
1522,side_green,main_green,58,15.0,10.119204658819978,5,0,2,16.0,8.0,-13.0,7.0
1523,side_green,main_green,57,21.0,10.11358817841786,7,0,2,16.0,8.0,-13.0,7.0
1524,side_green,main_green,61,27.0,9.250744384326055,11,0,2,16.0,8.0,-13.0,7.0
1525,side_green,main_green,58,33.0,9.45567536069099,6,0,2,16.0,8.0,-13.0,7.0
1526,yellow_transition,yellow_transition,57,41.0,9.450893918484857,8,1,3,-9.0,19.0,-3.0,-1.0
1527,yellow_transition,yellow_transition,56,49.0,9.36701571675788,8,1,3,-9.0,19.0,-3.0,-1.0
1528,yellow_transition,yellow_transition,57,58.0,8.941432639144379,11,1,3,-9.0,19.0,-3.0,-1.0
1529,main_green,main_green,56,33.0,9.184363560496775,5,2,2,-9.0,19.0,-3.0,-1.0
1530,main_green,main_green,56,24.0,9.222404432168057,4,2,2,-9.0,19.0,-3.0,-1.0
1531,main_green,main_green,55,22.0,9.503200555453777,2,2,2,-9.0,19.0,-3.0,-1.0
1532,main_green,main_green,56,26.0,9.552050737733849,5,2,2,-9.0,19.0,-3.0,-1.0
1533,main_green,main_green,57,31.0,9.75357640113761,6,2,2,-9.0,19.0,-3.0,-1.0
1534,main_green,main_green,56,37.0,10.10315364430837,6,2,2,-9.0,19.0,-3.0,-1.0
1535,main_green,main_green,53,43.0,10.17739306449107,6,2,2,-9.0,19.0,-3.0,-1.0
1536,main_green,main_green,57,49.0,9.510955662780235,11,2,2,-9.0,19.0,-3.0,-1.0
1537,main_green,main_green,55,55.0,9.689897523329849,6,2,2,-9.0,19.0,-3.0,-1.0
1538,main_green,main_green,55,61.0,9.670468740987214,7,2,2,-9.0,19.0,-3.0,-1.0
1539,main_green,main_green,55,67.0,10.00599323972672,6,2,2,-1.0,13.0,2.0,10.0
1540,main_green,main_green,55,73.0,10.005904317649817,7,2,2,-1.0,13.0,2.0,10.0
1541,main_green,main_green,52,79.0,9.924421014308345,6,2,2,-1.0,13.0,2.0,10.0
1542,main_green,main_green,51,85.0,9.940596875179676,6,2,2,-1.0,13.0,2.0,10.0
1543,main_green,main_green,52,92.0,9.723061178462217,8,2,2,-1.0,13.0,2.0,10.0
1544,main_green,main_green,52,100.0,9.559296848048804,9,2,2,-1.0,13.0,2.0,10.0
1545,main_green,main_green,51,109.0,9.565463714803826,9,2,2,-1.0,13.0,2.0,10.0
1546,main_green,main_green,50,119.0,9.574508021177584,10,2,2,-1.0,13.0,2.0,10.0
1547,main_green,main_green,49,129.0,9.672043510615493,10,2,2,-1.0,13.0,2.0,10.0
1548,main_green,main_green,54,139.0,8.83457233400978,15,2,2,-1.0,13.0,2.0,10.0
1549,main_green,main_green,55,149.0,9.041683146939645,11,2,2,-1.0,5.0,13.0,21.0
1550,main_green,main_green,55,159.0,9.305489927427756,10,2,2,-1.0,5.0,13.0,21.0
1551,main_green,main_green,54,169.0,9.397880545931017,10,2,2,-1.0,5.0,13.0,21.0
1552,main_green,main_green,55,179.0,9.178082177240391,11,2,2,-1.0,5.0,13.0,21.0
1553,main_green,main_green,55,189.0,9.255233270136697,10,2,2,-1.0,5.0,13.0,21.0
1554,main_green,main_green,55,199.0,8.919763307921265,11,2,2,-1.0,5.0,13.0,21.0
1555,main_green,main_green,55,209.0,9.029788204813354,10,2,2,-1.0,5.0,13.0,21.0
1556,main_green,main_green,55,221.0,8.838976832589617,13,2,2,-1.0,5.0,13.0,21.0
1557,main_green,main_green,54,235.0,8.949210859103037,14,2,2,-1.0,5.0,13.0,21.0
1558,main_green,main_green,53,249.0,9.053329318644055,14,2,2,-1.0,5.0,13.0,21.0
1559,main_green,main_green,54,263.0,8.84318485174199,15,2,2,0.0,4.0,15.0,23.0
1560,main_green,main_green,59,277.0,8.280878904765528,19,2,2,0.0,4.0,15.0,23.0
1561,main_green,main_green,59,291.0,8.576215256728785,14,2,2,0.0,4.0,15.0,23.0
1562,main_green,main_green,59,305.0,8.829305539933417,14,2,2,0.0,4.0,15.0,23.0
1563,main_green,main_green,59,319.0,8.93107829045714,14,2,2,0.0,4.0,15.0,23.0
1564,main_green,main_green,61,333.0,8.661224831224633,16,2,2,0.0,4.0,15.0,23.0
1565,main_green,main_green,59,347.0,8.531624028280648,14,2,2,0.0,4.0,15.0,23.0
1566,main_green,main_green,59,361.0,8.593868151554796,14,2,2,0.0,4.0,15.0,23.0
1567,main_green,main_green,59,376.0,8.622183850059029,15,2,2,0.0,4.0,15.0,23.0
1568,main_green,main_green,60,392.0,8.468078693312096,17,2,2,0.0,4.0,15.0,23.0
1569,yellow_transition,yellow_transition,60,410.0,8.265502445937678,19,3,3,9.0,9.0,11.0,9.0
1570,yellow_transition,yellow_transition,60,428.0,8.364363350235523,18,3,3,9.0,9.0,11.0,9.0
1571,yellow_transition,yellow_transition,58,446.0,8.160822214631292,18,3,3,9.0,9.0,11.0,9.0
1572,main_green,side_green,63,278.0,7.7403745809635724,19,2,0,9.0,9.0,11.0,9.0
1573,main_green,side_green,63,197.0,8.029832466150145,10,2,0,9.0,9.0,11.0,9.0
1574,main_green,side_green,64,193.0,8.24846606947091,10,2,0,9.0,9.0,11.0,9.0
1575,main_green,side_green,64,202.0,8.761113588509456,9,2,0,9.0,9.0,11.0,9.0
1576,main_green,side_green,65,211.0,8.901584071694435,10,2,0,9.0,9.0,11.0,9.0
1577,main_green,side_green,64,221.0,9.083394270223467,10,2,0,9.0,9.0,11.0,9.0
1578,main_green,side_green,64,232.0,9.423753738214991,11,2,0,9.0,9.0,11.0,9.0
1579,main_green,side_green,64,243.0,9.365508737248907,12,2,0,9.0,9.0,11.0,9.0
1580,main_green,side_green,65,256.0,9.298803868232854,14,2,0,9.0,9.0,11.0,9.0
1581,main_green,side_green,65,269.0,9.336547298772373,13,2,0,9.0,9.0,11.0,9.0
1582,yellow_transition,yellow_transition,64,284.0,9.263790577986038,15,3,1,11.0,3.0,-19.0,7.0
1583,yellow_transition,yellow_transition,62,299.0,9.099519683862802,15,3,1,11.0,3.0,-19.0,7.0
1584,yellow_transition,yellow_transition,67,314.0,8.361087334116998,20,3,1,11.0,3.0,-19.0,7.0
1585,side_green,main_green,67,109.0,8.212970475034085,8,0,2,11.0,3.0,-19.0,7.0
1586,side_green,main_green,67,14.0,8.594822606618182,2,0,2,11.0,3.0,-19.0,7.0
1587,side_green,main_green,67,0.0,9.177511081410554,0,0,2,11.0,3.0,-19.0,7.0
1588,side_green,main_green,68,1.0,9.493865422133522,2,0,2,11.0,3.0,-19.0,7.0
1589,side_green,main_green,67,2.0,10.110934197352984,1,0,2,11.0,3.0,-19.0,7.0
1590,side_green,main_green,67,4.0,10.453197600473807,3,0,2,11.0,3.0,-19.0,7.0
1591,side_green,main_green,63,6.0,10.863824870350856,2,0,2,11.0,3.0,-19.0,7.0
1592,side_green,main_green,62,9.0,10.917228830027268,4,0,2,11.0,3.0,-19.0,7.0
1593,side_green,main_green,57,12.0,10.921992706491222,3,0,2,11.0,3.0,-19.0,7.0
1594,side_green,main_green,53,17.0,10.746075415936723,5,0,2,11.0,3.0,-19.0,7.0
1595,yellow_transition,yellow_transition,52,23.0,10.531277338333052,7,1,3,-15.0,11.0,-6.0,2.0
1596,yellow_transition,yellow_transition,56,29.0,9.444049352549587,11,1,3,-15.0,11.0,-6.0,2.0
1597,yellow_transition,yellow_transition,55,37.0,9.40144680656107,8,1,3,-15.0,11.0,-6.0,2.0
1598,main_green,main_green,55,17.0,9.953117322315011,3,2,2,-15.0,11.0,-6.0,2.0
1599,main_green,main_green,54,14.0,10.41331435099744,2,2,2,-15.0,11.0,-6.0,2.0
1600,main_green,main_green,56,16.0,10.319209923499999,4,2,2,-15.0,11.0,-6.0,2.0
1601,main_green,main_green,56,18.0,10.580976426679872,2,2,2,-15.0,11.0,-6.0,2.0
1602,main_green,main_green,56,20.0,10.83257350453916,2,2,2,-15.0,11.0,-6.0,2.0
1603,main_green,main_green,55,22.0,11.006791000670006,2,2,2,-15.0,11.0,-6.0,2.0
1604,main_green,main_green,53,24.0,10.778786467241526,3,2,2,-15.0,11.0,-6.0,2.0
1605,main_green,main_green,51,30.0,10.73661268536354,7,2,2,-15.0,11.0,-6.0,2.0
1606,main_green,main_green,50,36.0,10.70511808107565,6,2,2,-15.0,11.0,-6.0,2.0
1607,main_green,main_green,47,42.0,10.80113053492853,6,2,2,-15.0,11.0,-6.0,2.0
1608,main_green,main_green,52,48.0,9.798246388191261,11,2,2,-2.0,16.0,-4.0,6.0
1609,main_green,main_green,50,54.0,9.92492537216116,6,2,2,-2.0,16.0,-4.0,6.0
1610,main_green,main_green,51,60.0,10.004911524135366,7,2,2,-2.0,16.0,-4.0,6.0
1611,main_green,main_green,49,66.0,10.15490447332872,6,2,2,-2.0,16.0,-4.0,6.0
1612,main_green,main_green,50,72.0,10.113194876256445,7,2,2,-2.0,16.0,-4.0,6.0
1613,main_green,main_green,48,78.0,10.031987475660014,6,2,2,-2.0,16.0,-4.0,6.0
1614,main_green,main_green,48,84.0,9.905695860341332,6,2,2,-2.0,16.0,-4.0,6.0
1615,main_green,main_green,47,91.0,9.445896916959212,8,2,2,-2.0,16.0,-4.0,6.0
1616,main_green,main_green,48,100.0,9.348141985274049,10,2,2,-2.0,16.0,-4.0,6.0
1617,main_green,main_green,48,109.0,9.445418209277777,9,2,2,-2.0,16.0,-4.0,6.0
1618,main_green,main_green,48,119.0,9.482166892827856,10,2,2,-1.0,9.0,8.0,16.0
1619,main_green,main_green,48,129.0,9.728259839762117,10,2,2,-1.0,9.0,8.0,16.0
1620,main_green,main_green,53,139.0,8.899362031355578,15,2,2,-1.0,9.0,8.0,16.0
1621,main_green,main_green,54,149.0,8.909853963519181,11,2,2,-1.0,9.0,8.0,16.0
1622,main_green,main_green,54,159.0,9.258803390666392,10,2,2,-1.0,9.0,8.0,16.0
1623,main_green,main_green,54,169.0,9.449849943338492,10,2,2,-1.0,9.0,8.0,16.0
1624,main_green,main_green,53,179.0,9.235509743937573,11,2,2,-1.0,9.0,8.0,16.0
1625,main_green,main_green,52,189.0,9.172223092522518,10,2,2,-1.0,9.0,8.0,16.0
1626,main_green,main_green,53,199.0,9.071445873413458,11,2,2,-1.0,9.0,8.0,16.0
1627,main_green,main_green,52,210.0,9.00313917764838,11,2,2,-1.0,9.0,8.0,16.0
1628,main_green,main_green,53,223.0,8.8010722112649,14,2,2,2.0,6.0,13.0,21.0
1629,main_green,main_green,53,236.0,8.838016679632956,13,2,2,2.0,6.0,13.0,21.0
1630,main_green,main_green,53,250.0,8.999146426839971,14,2,2,2.0,6.0,13.0,21.0
1631,main_green,main_green,53,264.0,8.770005568783068,15,2,2,2.0,6.0,13.0,21.0
1632,main_green,main_green,58,278.0,8.150402471088032,19,2,2,2.0,6.0,13.0,21.0
1633,main_green,main_green,57,292.0,8.384405399907958,14,2,2,2.0,6.0,13.0,21.0
1634,main_green,main_green,56,306.0,8.464968515571536,14,2,2,2.0,6.0,13.0,21.0
1635,main_green,main_green,56,320.0,8.598474181322251,14,2,2,2.0,6.0,13.0,21.0
1636,main_green,main_green,56,334.0,8.047156090651344,16,2,2,2.0,6.0,13.0,21.0
1637,main_green,main_green,56,348.0,8.053056917088961,14,2,2,2.0,6.0,13.0,21.0
1638,yellow_transition,yellow_transition,56,362.0,8.010177170691373,14,3,3,11.0,17.0,12.0,8.0
1639,yellow_transition,yellow_transition,56,378.0,7.9386677286731935,16,3,3,11.0,17.0,12.0,8.0
1640,yellow_transition,yellow_transition,57,396.0,7.590555069309686,19,3,3,11.0,17.0,12.0,8.0
1641,main_green,side_green,58,242.0,7.56640707112952,15,2,0,11.0,17.0,12.0,8.0
1642,main_green,side_green,58,170.0,7.858459359419814,10,2,0,11.0,17.0,12.0,8.0
1643,main_green,side_green,58,172.0,8.289689613086933,9,2,0,11.0,17.0,12.0,8.0
1644,main_green,side_green,63,182.0,7.959227981853544,15,2,0,11.0,17.0,12.0,8.0
1645,main_green,side_green,62,193.0,8.360957336551762,11,2,0,11.0,17.0,12.0,8.0
1646,main_green,side_green,62,204.0,8.443974526679662,12,2,0,11.0,17.0,12.0,8.0
1647,main_green,side_green,62,215.0,8.75222025701188,11,2,0,11.0,17.0,12.0,8.0
1648,main_green,side_green,63,226.0,8.797079060153107,12,2,0,11.0,17.0,12.0,8.0
1649,main_green,side_green,63,239.0,8.958222142873794,13,2,0,11.0,17.0,12.0,8.0
1650,main_green,side_green,62,252.0,8.93907919602127,13,2,0,11.0,17.0,12.0,8.0
1651,yellow_transition,yellow_transition,60,266.0,8.616641933250271,15,3,1,11.0,5.0,-12.0,14.0
1652,yellow_transition,yellow_transition,61,281.0,8.49698735982213,16,3,1,11.0,5.0,-12.0,14.0
1653,yellow_transition,yellow_transition,60,297.0,8.300175844393769,16,3,1,11.0,5.0,-12.0,14.0
1654,side_green,main_green,60,98.0,8.471837991993791,8,0,2,11.0,5.0,-12.0,14.0
1655,side_green,main_green,58,11.0,8.707863372900178,4,0,2,11.0,5.0,-12.0,14.0
1656,side_green,main_green,62,2.0,8.388571201914246,6,0,2,11.0,5.0,-12.0,14.0
1657,side_green,main_green,62,5.0,8.81030772495207,4,0,2,11.0,5.0,-12.0,14.0
1658,side_green,main_green,62,8.0,9.396717640871083,3,0,2,11.0,5.0,-12.0,14.0
1659,side_green,main_green,60,11.0,9.969725716067323,3,0,2,11.0,5.0,-12.0,14.0
1660,side_green,main_green,61,15.0,10.267475904045652,5,0,2,11.0,5.0,-12.0,14.0
1661,side_green,main_green,57,19.0,10.50076419783459,4,0,2,11.0,5.0,-12.0,14.0
1662,side_green,main_green,56,24.0,10.506924639039697,6,0,2,11.0,5.0,-12.0,14.0
1663,side_green,main_green,54,29.0,10.418132385367745,5,0,2,11.0,5.0,-12.0,14.0
1664,yellow_transition,yellow_transition,54,36.0,10.146877916482469,8,1,3,-14.0,16.0,-8.0,4.0
1665,yellow_transition,yellow_transition,54,43.0,10.131554522105986,7,1,3,-14.0,16.0,-8.0,4.0
1666,yellow_transition,yellow_transition,53,51.0,9.858265791607858,8,1,3,-14.0,16.0,-8.0,4.0
1667,main_green,main_green,54,18.0,9.803624284241634,5,2,2,-14.0,16.0,-8.0,4.0
1668,main_green,main_green,59,8.0,9.334498744738571,7,2,2,-14.0,16.0,-8.0,4.0
1669,main_green,main_green,58,10.0,9.88112770387132,2,2,2,-14.0,16.0,-8.0,4.0
1670,main_green,main_green,58,12.0,10.278122425519479,2,2,2,-14.0,16.0,-8.0,4.0
1671,main_green,main_green,58,14.0,10.779770386035985,2,2,2,-14.0,16.0,-8.0,4.0
1672,main_green,main_green,57,16.0,10.51657951657177,4,2,2,-14.0,16.0,-8.0,4.0
1673,main_green,main_green,56,18.0,10.784840055485509,2,2,2,-14.0,16.0,-8.0,4.0
1674,main_green,main_green,55,20.0,10.766813449143578,2,2,2,-14.0,16.0,-8.0,4.0
1675,main_green,main_green,54,22.0,10.810165074903066,2,2,2,-14.0,16.0,-8.0,4.0
1676,main_green,main_green,54,25.0,10.66152977154316,4,2,2,-14.0,16.0,-8.0,4.0
1677,main_green,main_green,52,31.0,10.551620979322623,7,2,2,-7.0,13.0,-5.0,3.0
1678,main_green,main_green,50,37.0,10.57343549760461,6,2,2,-7.0,13.0,-5.0,3.0
1679,main_green,main_green,49,43.0,10.545649323014878,6,2,2,-7.0,13.0,-5.0,3.0
1680,main_green,main_green,53,49.0,9.506325603343587,11,2,2,-7.0,13.0,-5.0,3.0
1681,main_green,main_green,53,55.0,9.828050898075986,6,2,2,-7.0,13.0,-5.0,3.0
1682,main_green,main_green,54,61.0,9.841383182650175,7,2,2,-7.0,13.0,-5.0,3.0
1683,main_green,main_green,53,67.0,9.979397733886632,6,2,2,-7.0,13.0,-5.0,3.0
1684,main_green,main_green,53,73.0,9.962398576406962,7,2,2,-7.0,13.0,-5.0,3.0
1685,main_green,main_green,52,79.0,10.071233159177739,6,2,2,-7.0,13.0,-5.0,3.0
1686,main_green,main_green,51,85.0,10.0020764650569,6,2,2,-7.0,13.0,-5.0,3.0
1687,main_green,main_green,52,92.0,9.709003984721758,8,2,2,-3.0,9.0,6.0,16.0
1688,main_green,main_green,53,99.0,9.634402922036294,8,2,2,-3.0,9.0,6.0,16.0
1689,main_green,main_green,53,108.0,9.637423447747679,9,2,2,-3.0,9.0,6.0,16.0
1690,main_green,main_green,53,118.0,9.895897470168558,10,2,2,-3.0,9.0,6.0,16.0
1691,main_green,main_green,52,128.0,9.875204100174491,10,2,2,-3.0,9.0,6.0,16.0
1692,main_green,main_green,57,138.0,9.063845939822228,15,2,2,-3.0,9.0,6.0,16.0
1693,main_green,main_green,57,148.0,9.013616445888648,11,2,2,-3.0,9.0,6.0,16.0
1694,main_green,main_green,56,158.0,9.287890604759184,10,2,2,-3.0,9.0,6.0,16.0
1695,main_green,main_green,55,168.0,9.312896509094033,10,2,2,-3.0,9.0,6.0,16.0
1696,main_green,main_green,53,178.0,8.98291613357151,11,2,2,-3.0,9.0,6.0,16.0
1697,yellow_transition,yellow_transition,53,188.0,8.883548934465061,10,3,3,5.0,13.0,11.0,9.0
1698,yellow_transition,yellow_transition,54,198.0,8.604815265679802,11,3,3,5.0,13.0,11.0,9.0
1699,yellow_transition,yellow_transition,54,208.0,8.587069580469729,10,3,3,5.0,13.0,11.0,9.0
1700,main_green,side_green,55,102.0,8.631673648800868,11,2,0,5.0,13.0,11.0,9.0
1701,main_green,side_green,55,83.0,8.840019209029295,7,2,0,5.0,13.0,11.0,9.0
1702,main_green,side_green,54,90.0,9.054370305509313,7,2,0,5.0,13.0,11.0,9.0
1703,main_green,side_green,53,97.0,9.07780760425566,8,2,0,5.0,13.0,11.0,9.0
1704,main_green,side_green,57,104.0,8.46344178641722,12,2,0,5.0,13.0,11.0,9.0
1705,main_green,side_green,57,112.0,8.948805625421938,8,2,0,5.0,13.0,11.0,9.0
1706,main_green,side_green,57,121.0,9.341654591572034,9,2,0,5.0,13.0,11.0,9.0
1707,main_green,side_green,56,131.0,9.457179556151166,10,2,0,5.0,13.0,11.0,9.0
1708,main_green,side_green,58,141.0,9.22701363365121,12,2,0,5.0,13.0,11.0,9.0
1709,main_green,side_green,58,151.0,9.456901641814863,10,2,0,5.0,13.0,11.0,9.0
1710,yellow_transition,yellow_transition,58,162.0,9.520153025124651,11,3,1,6.0,4.0,-8.0,16.0
1711,yellow_transition,yellow_transition,58,174.0,9.316765214844372,12,3,1,6.0,4.0,-8.0,16.0
1712,yellow_transition,yellow_transition,59,186.0,9.083333520567068,13,3,1,6.0,4.0,-8.0,16.0
1713,side_green,main_green,60,39.0,9.282951305943554,6,0,2,6.0,4.0,-8.0,16.0
1714,side_green,main_green,59,0.0,9.447935475658184,0,0,2,6.0,4.0,-8.0,16.0
1715,side_green,main_green,59,1.0,9.911330792100177,1,0,2,6.0,4.0,-8.0,16.0
1716,side_green,main_green,64,2.0,9.560556899490521,6,0,2,6.0,4.0,-8.0,16.0
1717,side_green,main_green,63,3.0,10.064144264133809,1,0,2,6.0,4.0,-8.0,16.0
1718,side_green,main_green,60,5.0,10.213647936210709,3,0,2,6.0,4.0,-8.0,16.0
1719,side_green,main_green,58,7.0,10.456313546589879,2,0,2,6.0,4.0,-8.0,16.0
1720,side_green,main_green,55,10.0,10.308817136256861,4,0,2,6.0,4.0,-8.0,16.0
1721,side_green,main_green,52,13.0,10.338436067690132,3,0,2,6.0,4.0,-8.0,16.0
1722,side_green,main_green,51,19.0,10.441820660149551,6,0,2,6.0,4.0,-8.0,16.0
1723,yellow_transition,yellow_transition,52,25.0,10.350384948514822,7,1,3,-11.0,17.0,-6.0,6.0
1724,yellow_transition,yellow_transition,53,32.0,10.077731722080033,8,1,3,-11.0,17.0,-6.0,6.0
1725,yellow_transition,yellow_transition,52,39.0,9.960400619744679,7,1,3,-11.0,17.0,-6.0,6.0
1726,main_green,main_green,51,13.0,10.100300166474486,3,2,2,-11.0,17.0,-6.0,6.0
1727,main_green,main_green,50,5.0,10.363184981050747,2,2,2,-11.0,17.0,-6.0,6.0
1728,main_green,main_green,54,7.0,9.746203040245332,7,2,2,-11.0,17.0,-6.0,6.0
1729,main_green,main_green,55,9.0,9.987046023609523,3,2,2,-11.0,17.0,-6.0,6.0
1730,main_green,main_green,55,11.0,10.465170666389481,2,2,2,-11.0,17.0,-6.0,6.0
1731,main_green,main_green,55,13.0,10.916278739709291,2,2,2,-11.0,17.0,-6.0,6.0
1732,main_green,main_green,52,15.0,10.88252776846634,3,2,2,-11.0,17.0,-6.0,6.0
1733,main_green,main_green,52,17.0,11.075890959333007,2,2,2,-11.0,17.0,-6.0,6.0
1734,main_green,main_green,49,19.0,10.656077066341972,3,2,2,-11.0,17.0,-6.0,6.0
1735,main_green,main_green,49,22.0,10.622615774206704,3,2,2,-11.0,17.0,-6.0,6.0
1736,main_green,main_green,50,27.0,10.395062101524509,6,2,2,-3.0,13.0,-4.0,6.0
1737,main_green,main_green,50,33.0,10.554872183517658,6,2,2,-3.0,13.0,-4.0,6.0
1738,main_green,main_green,49,39.0,10.56859128272826,6,2,2,-3.0,13.0,-4.0,6.0
1739,main_green,main_green,47,45.0,10.39725943270019,7,2,2,-3.0,13.0,-4.0,6.0
1740,main_green,main_green,52,51.0,9.481939673704177,11,2,2,-3.0,13.0,-4.0,6.0
1741,main_green,main_green,51,57.0,9.731610931866662,6,2,2,-3.0,13.0,-4.0,6.0
1742,main_green,main_green,51,63.0,9.846777826403216,6,2,2,-3.0,13.0,-4.0,6.0
1743,main_green,main_green,50,69.0,10.134059133133706,6,2,2,-3.0,13.0,-4.0,6.0
1744,main_green,main_green,52,75.0,9.878923690671922,8,2,2,-3.0,13.0,-4.0,6.0
1745,main_green,main_green,52,81.0,9.910467076600229,6,2,2,-3.0,13.0,-4.0,6.0
1746,main_green,main_green,52,87.0,9.753195003716082,6,2,2,-3.0,5.0,6.0,18.0
1747,main_green,main_green,51,93.0,9.57324904367092,6,2,2,-3.0,5.0,6.0,18.0
1748,main_green,main_green,52,102.0,9.454687148521995,10,2,2,-3.0,5.0,6.0,18.0
1749,main_green,main_green,53,112.0,9.437414383555401,11,2,2,-3.0,5.0,6.0,18.0
1750,main_green,main_green,53,122.0,9.659000040757487,10,2,2,-3.0,5.0,6.0,18.0
1751,main_green,main_green,53,132.0,9.730565121682357,10,2,2,-3.0,5.0,6.0,18.0
1752,main_green,main_green,57,142.0,8.851763939960396,15,2,2,-3.0,5.0,6.0,18.0
1753,main_green,main_green,56,152.0,8.965548382038381,10,2,2,-3.0,5.0,6.0,18.0
1754,main_green,main_green,57,162.0,9.023113674173816,11,2,2,-3.0,5.0,6.0,18.0
1755,main_green,main_green,57,172.0,9.283142298176417,10,2,2,-3.0,5.0,6.0,18.0
1756,main_green,main_green,56,182.0,9.08045687876229,11,2,2,2.0,6.0,9.0,15.0
1757,main_green,main_green,56,192.0,9.209817015158464,10,2,2,2.0,6.0,9.0,15.0
1758,main_green,main_green,54,202.0,9.129094215635421,10,2,2,2.0,6.0,9.0,15.0
1759,main_green,main_green,55,212.0,9.000006165402345,11,2,2,2.0,6.0,9.0,15.0
1760,main_green,main_green,54,224.0,8.624603532561018,13,2,2,2.0,6.0,9.0,15.0
1761,main_green,main_green,53,238.0,8.776923882908672,14,2,2,2.0,6.0,9.0,15.0
1762,main_green,main_green,52,252.0,8.82382866139666,14,2,2,2.0,6.0,9.0,15.0
1763,main_green,main_green,52,266.0,8.839202854478767,14,2,2,2.0,6.0,9.0,15.0
1764,main_green,main_green,55,280.0,7.939723614470384,19,2,2,2.0,6.0,9.0,15.0
1765,main_green,main_green,56,294.0,8.072347816032739,15,2,2,2.0,6.0,9.0,15.0
1766,yellow_transition,yellow_transition,56,308.0,8.303556336606647,14,3,3,11.0,13.0,14.0,10.0
1767,yellow_transition,yellow_transition,56,322.0,8.413746592072453,14,3,3,11.0,13.0,14.0,10.0
1768,yellow_transition,yellow_transition,57,336.0,8.12047604582715,15,3,3,11.0,13.0,14.0,10.0
1769,main_green,side_green,57,194.0,8.21494142070192,10,2,0,11.0,13.0,14.0,10.0
1770,main_green,side_green,58,138.0,8.382743067475113,7,2,0,11.0,13.0,14.0,10.0
1771,main_green,side_green,58,145.0,8.615085585200134,7,2,0,11.0,13.0,14.0,10.0
1772,main_green,side_green,59,154.0,8.79678870790906,10,2,0,11.0,13.0,14.0,10.0
1773,main_green,side_green,59,164.0,9.151552215178244,10,2,0,11.0,13.0,14.0,10.0
1774,main_green,side_green,57,174.0,9.345194278183374,10,2,0,11.0,13.0,14.0,10.0
1775,main_green,side_green,58,184.0,9.343572614626826,11,2,0,11.0,13.0,14.0,10.0
1776,main_green,side_green,62,194.0,8.692371718838483,15,2,0,11.0,13.0,14.0,10.0
1777,main_green,side_green,61,205.0,8.795074575842573,11,2,0,11.0,13.0,14.0,10.0
1778,main_green,side_green,61,216.0,8.780403232658577,11,2,0,11.0,13.0,14.0,10.0
1779,yellow_transition,yellow_transition,60,228.0,8.593646545414861,12,3,1,14.0,10.0,-11.0,9.0
1780,yellow_transition,yellow_transition,61,240.0,8.023614995218677,14,3,1,14.0,10.0,-11.0,9.0
1781,yellow_transition,yellow_transition,60,253.0,7.80430410158533,13,3,1,14.0,10.0,-11.0,9.0
1782,side_green,main_green,60,71.0,7.878383442784363,7,0,2,14.0,10.0,-11.0,9.0
1783,side_green,main_green,59,5.0,8.031543099771723,3,0,2,14.0,10.0,-11.0,9.0
1784,side_green,main_green,59,5.0,8.294985532188818,3,0,2,14.0,10.0,-11.0,9.0
1785,side_green,main_green,59,9.0,8.770338161101629,5,0,2,14.0,10.0,-11.0,9.0
1786,side_green,main_green,59,14.0,9.439476305001973,5,0,2,14.0,10.0,-11.0,9.0
1787,side_green,main_green,57,19.0,10.043817093658616,5,0,2,14.0,10.0,-11.0,9.0
1788,side_green,main_green,61,24.0,9.602813745304347,10,0,2,14.0,10.0,-11.0,9.0
1789,side_green,main_green,59,29.0,9.730123512225214,5,0,2,14.0,10.0,-11.0,9.0
1790,side_green,main_green,58,34.0,9.504589336216595,6,0,2,14.0,10.0,-11.0,9.0
1791,side_green,main_green,56,39.0,9.661178347535133,5,0,2,14.0,10.0,-11.0,9.0
1792,yellow_transition,yellow_transition,56,46.0,9.477661875780848,8,1,3,-7.0,19.0,-3.0,3.0
1793,yellow_transition,yellow_transition,54,54.0,9.344926295533197,8,1,3,-7.0,19.0,-3.0,3.0
1794,yellow_transition,yellow_transition,54,64.0,9.147192777774269,10,1,3,-7.0,19.0,-3.0,3.0
1795,main_green,main_green,55,32.0,9.057539715862374,7,2,2,-7.0,19.0,-3.0,3.0
1796,main_green,main_green,55,26.0,9.029431019337101,4,2,2,-7.0,19.0,-3.0,3.0
1797,main_green,main_green,55,27.0,9.420673381796696,4,2,2,-7.0,19.0,-3.0,3.0
1798,main_green,main_green,55,32.0,9.702847914402797,5,2,2,-7.0,19.0,-3.0,3.0
1799,main_green,main_green,55,38.0,10.195348521537491,6,2,2,-7.0,19.0,-3.0,3.0
1800,main_green,main_green,57,44.0,9.371747357487434,11,2,2,-7.0,19.0,-3.0,3.0
1801,main_green,main_green,57,50.0,9.669697014141148,7,2,2,-7.0,19.0,-3.0,3.0
1802,main_green,main_green,57,56.0,9.994432776743288,6,2,2,-7.0,19.0,-3.0,3.0
1803,main_green,main_green,55,62.0,10.153057960560798,6,2,2,-7.0,19.0,-3.0,3.0
1804,main_green,main_green,55,68.0,10.200277295304497,7,2,2,-7.0,19.0,-3.0,3.0
1805,main_green,main_green,53,74.0,10.09016015170872,6,2,2,-1.0,13.0,2.0,8.0
1806,main_green,main_green,53,80.0,9.795512973199695,7,2,2,-1.0,13.0,2.0,8.0
1807,main_green,main_green,53,88.0,9.700647736037096,8,2,2,-1.0,13.0,2.0,8.0
1808,main_green,main_green,52,97.0,9.46380294383575,10,2,2,-1.0,13.0,2.0,8.0
1809,main_green,main_green,51,106.0,9.657336145629628,9,2,2,-1.0,13.0,2.0,8.0
1810,main_green,main_green,50,116.0,9.57231117799153,10,2,2,-1.0,13.0,2.0,8.0
1811,main_green,main_green,51,126.0,9.540324780425948,11,2,2,-1.0,13.0,2.0,8.0
1812,main_green,main_green,55,136.0,8.785741338356134,15,2,2,-1.0,13.0,2.0,8.0
1813,main_green,main_green,54,146.0,8.875248751136342,10,2,2,-1.0,13.0,2.0,8.0
1814,main_green,main_green,54,156.0,9.067843860625352,10,2,2,-1.0,13.0,2.0,8.0
1815,main_green,main_green,54,166.0,9.274990494470385,10,2,2,0.0,6.0,12.0,20.0
1816,main_green,main_green,55,176.0,8.866957344020726,12,2,2,0.0,6.0,12.0,20.0
1817,main_green,main_green,55,186.0,8.87544009782391,10,2,2,0.0,6.0,12.0,20.0
1818,main_green,main_green,55,196.0,9.018503083836547,10,2,2,0.0,6.0,12.0,20.0
1819,main_green,main_green,55,207.0,8.939281645246806,11,2,2,0.0,6.0,12.0,20.0
1820,main_green,main_green,56,219.0,8.83353376305099,13,2,2,0.0,6.0,12.0,20.0
1821,main_green,main_green,57,232.0,8.755655449273647,14,2,2,0.0,6.0,12.0,20.0
1822,main_green,main_green,55,246.0,8.835412184135873,14,2,2,0.0,6.0,12.0,20.0
1823,main_green,main_green,54,260.0,8.847839355499785,14,2,2,0.0,6.0,12.0,20.0
1824,main_green,main_green,59,274.0,8.169294182532607,19,2,2,0.0,6.0,12.0,20.0
1825,main_green,main_green,58,288.0,8.349871631507185,14,2,2,4.0,8.0,17.0,23.0
1826,main_green,main_green,59,302.0,8.35840813475714,15,2,2,4.0,8.0,17.0,23.0
1827,main_green,main_green,59,316.0,8.468638826608746,14,2,2,4.0,8.0,17.0,23.0
1828,main_green,main_green,60,330.0,8.46947519751394,15,2,2,4.0,8.0,17.0,23.0
1829,main_green,main_green,59,344.0,8.409065410308939,14,2,2,4.0,8.0,17.0,23.0
1830,main_green,main_green,58,358.0,8.415583257519556,14,2,2,4.0,8.0,17.0,23.0
1831,main_green,main_green,58,373.0,8.230835986626682,16,2,2,4.0,8.0,17.0,23.0
1832,main_green,main_green,59,388.0,8.131343130385897,16,2,2,4.0,8.0,17.0,23.0
1833,main_green,main_green,57,405.0,8.06984296774295,17,2,2,4.0,8.0,17.0,23.0
1834,main_green,main_green,57,423.0,8.154342192699794,18,2,2,4.0,8.0,17.0,23.0
1835,yellow_transition,yellow_transition,57,441.0,8.199493303013254,18,3,3,10.0,10.0,11.0,9.0
1836,yellow_transition,yellow_transition,62,459.0,7.416038762389378,23,3,3,10.0,10.0,11.0,9.0
1837,yellow_transition,yellow_transition,63,477.0,7.423040940582424,19,3,3,10.0,10.0,11.0,9.0
1838,main_green,side_green,63,305.0,7.567701457955529,14,2,0,10.0,10.0,11.0,9.0
1839,main_green,side_green,63,216.0,7.89374890179744,11,2,0,10.0,10.0,11.0,9.0
1840,main_green,side_green,64,210.0,7.908291802681371,11,2,0,10.0,10.0,11.0,9.0
1841,main_green,side_green,63,220.0,8.158907139666786,10,2,0,10.0,10.0,11.0,9.0
1842,main_green,side_green,64,230.0,8.262223583680333,11,2,0,10.0,10.0,11.0,9.0
1843,main_green,side_green,63,241.0,8.507035050715723,11,2,0,10.0,10.0,11.0,9.0
1844,main_green,side_green,64,253.0,8.658365232571624,13,2,0,10.0,10.0,11.0,9.0
1845,main_green,side_green,64,268.0,8.94076972721908,15,2,0,10.0,10.0,11.0,9.0
1846,main_green,side_green,64,283.0,9.20315563711471,15,2,0,10.0,10.0,11.0,9.0
1847,main_green,side_green,64,298.0,9.105674128863582,16,2,0,10.0,10.0,11.0,9.0
1848,yellow_transition,yellow_transition,69,313.0,8.35439578179079,20,3,1,10.0,2.0,-17.0,11.0
1849,yellow_transition,yellow_transition,69,328.0,8.477660948409458,15,3,1,10.0,2.0,-17.0,11.0
1850,yellow_transition,yellow_transition,69,343.0,8.39136882886325,15,3,1,10.0,2.0,-17.0,11.0
1851,side_green,main_green,67,124.0,8.451244068603618,8,0,2,10.0,2.0,-17.0,11.0
1852,side_green,main_green,67,19.0,8.371900280219762,5,0,2,10.0,2.0,-17.0,11.0
1853,side_green,main_green,67,3.0,8.801994390791384,2,0,2,10.0,2.0,-17.0,11.0
1854,side_green,main_green,66,5.0,9.171614880049557,2,0,2,10.0,2.0,-17.0,11.0
1855,side_green,main_green,66,7.0,9.740892552332783,2,0,2,10.0,2.0,-17.0,11.0
1856,side_green,main_green,66,11.0,9.931418010192758,5,0,2,10.0,2.0,-17.0,11.0
1857,side_green,main_green,63,16.0,10.045519988825474,6,0,2,10.0,2.0,-17.0,11.0
1858,side_green,main_green,61,21.0,10.397307503488644,5,0,2,10.0,2.0,-17.0,11.0
1859,side_green,main_green,57,27.0,10.425289526336945,6,0,2,10.0,2.0,-17.0,11.0
1860,side_green,main_green,59,33.0,9.647743201056173,11,0,2,10.0,2.0,-17.0,11.0
1861,yellow_transition,yellow_transition,58,40.0,9.75806652426112,7,1,3,-9.0,15.0,-4.0,2.0
1862,yellow_transition,yellow_transition,57,47.0,9.510178749913319,8,1,3,-9.0,15.0,-4.0,2.0
1863,yellow_transition,yellow_transition,56,54.0,9.509703334632317,7,1,3,-9.0,15.0,-4.0,2.0
1864,main_green,main_green,57,23.0,9.671292550837189,4,2,2,-9.0,15.0,-4.0,2.0
1865,main_green,main_green,57,19.0,9.960382095443686,2,2,2,-9.0,15.0,-4.0,2.0
1866,main_green,main_green,56,21.0,10.253974852496507,2,2,2,-9.0,15.0,-4.0,2.0
1867,main_green,main_green,57,24.0,10.132748813132086,4,2,2,-9.0,15.0,-4.0,2.0
1868,main_green,main_green,58,28.0,10.09670696627365,5,2,2,-9.0,15.0,-4.0,2.0
1869,main_green,main_green,58,33.0,10.412581047550107,5,2,2,-9.0,15.0,-4.0,2.0
1870,main_green,main_green,55,38.0,10.623727752670268,5,2,2,-9.0,15.0,-4.0,2.0
1871,main_green,main_green,55,44.0,10.845204173084833,6,2,2,-9.0,15.0,-4.0,2.0
1872,main_green,main_green,56,50.0,9.88107208276867,11,2,2,-9.0,15.0,-4.0,2.0
1873,main_green,main_green,55,56.0,9.947339092466754,7,2,2,-9.0,15.0,-4.0,2.0
1874,main_green,main_green,53,62.0,10.006323013002916,6,2,2,0.0,14.0,1.0,9.0
1875,main_green,main_green,52,68.0,10.292420600881574,6,2,2,0.0,14.0,1.0,9.0
1876,main_green,main_green,52,74.0,10.185021155712073,7,2,2,0.0,14.0,1.0,9.0
1877,main_green,main_green,50,80.0,10.018943324146726,6,2,2,0.0,14.0,1.0,9.0
1878,main_green,main_green,50,86.0,9.827769178967197,7,2,2,0.0,14.0,1.0,9.0
1879,main_green,main_green,50,92.0,9.636001303423619,6,2,2,0.0,14.0,1.0,9.0
1880,main_green,main_green,51,100.0,9.521534679457327,9,2,2,0.0,14.0,1.0,9.0
1881,main_green,main_green,50,110.0,9.593150367283508,10,2,2,0.0,14.0,1.0,9.0
1882,main_green,main_green,48,120.0,9.579868916474561,10,2,2,0.0,14.0,1.0,9.0
1883,main_green,main_green,49,130.0,9.463780846856698,11,2,2,0.0,14.0,1.0,9.0
1884,main_green,main_green,54,140.0,8.738621257717751,15,2,2,-2.0,10.0,7.0,19.0
1885,main_green,main_green,54,150.0,8.862373741539553,10,2,2,-2.0,10.0,7.0,19.0
1886,main_green,main_green,54,160.0,9.267519494531191,10,2,2,-2.0,10.0,7.0,19.0
1887,main_green,main_green,54,170.0,9.422502462214476,10,2,2,-2.0,10.0,7.0,19.0
1888,main_green,main_green,55,180.0,8.93810196158117,12,2,2,-2.0,10.0,7.0,19.0
1889,main_green,main_green,55,190.0,9.00338239115127,10,2,2,-2.0,10.0,7.0,19.0
1890,main_green,main_green,54,200.0,8.93159452028322,10,2,2,-2.0,10.0,7.0,19.0
1891,main_green,main_green,54,210.0,8.921231081058647,10,2,2,-2.0,10.0,7.0,19.0
1892,main_green,main_green,54,221.0,8.770492553282352,12,2,2,-2.0,10.0,7.0,19.0
1893,main_green,main_green,55,235.0,8.735614169764846,15,2,2,-2.0,10.0,7.0,19.0
1894,main_green,main_green,55,249.0,8.847257872479014,14,2,2,2.0,8.0,11.0,15.0
1895,main_green,main_green,55,263.0,8.94339978565267,14,2,2,2.0,8.0,11.0,15.0
1896,main_green,main_green,60,277.0,8.259731770293426,19,2,2,2.0,8.0,11.0,15.0
1897,main_green,main_green,60,291.0,8.581787315057444,14,2,2,2.0,8.0,11.0,15.0
1898,main_green,main_green,60,305.0,8.615417315553353,15,2,2,2.0,8.0,11.0,15.0
1899,main_green,main_green,59,319.0,8.75827312174963,14,2,2,2.0,8.0,11.0,15.0
1900,main_green,main_green,60,333.0,8.71013376382209,15,2,2,2.0,8.0,11.0,15.0
1901,main_green,main_green,59,347.0,8.559237527728648,14,2,2,2.0,8.0,11.0,15.0
1902,main_green,main_green,59,361.0,8.735077499003474,14,2,2,2.0,8.0,11.0,15.0
1903,main_green,main_green,59,376.0,8.455101273638215,16,2,2,2.0,8.0,11.0,15.0
1904,yellow_transition,yellow_transition,60,392.0,8.362504476118014,17,3,3,8.0,8.0,13.0,11.0
1905,yellow_transition,yellow_transition,59,409.0,8.208402936250168,17,3,3,8.0,8.0,13.0,11.0
1906,yellow_transition,yellow_transition,59,427.0,8.096852179669314,18,3,3,8.0,8.0,13.0,11.0
1907,main_green,side_green,59,264.0,8.115622942195904,14,2,0,8.0,8.0,13.0,11.0
1908,main_green,side_green,64,188.0,7.668492029284486,15,2,0,8.0,8.0,13.0,11.0
1909,main_green,side_green,65,185.0,7.871089392082863,9,2,0,8.0,8.0,13.0,11.0
1910,main_green,side_green,64,195.0,8.34724942159933,10,2,0,8.0,8.0,13.0,11.0
1911,main_green,side_green,64,205.0,8.780621754032687,10,2,0,8.0,8.0,13.0,11.0
1912,main_green,side_green,62,216.0,8.655303450702625,12,2,0,8.0,8.0,13.0,11.0
1913,main_green,side_green,62,228.0,8.81369978384304,12,2,0,8.0,8.0,13.0,11.0
1914,main_green,side_green,61,241.0,8.728002425078573,14,2,0,8.0,8.0,13.0,11.0
1915,main_green,side_green,61,256.0,8.899529324525052,15,2,0,8.0,8.0,13.0,11.0
1916,main_green,side_green,62,271.0,8.889976040272472,16,2,0,8.0,8.0,13.0,11.0
1917,yellow_transition,yellow_transition,61,286.0,8.870931018958082,15,3,1,10.0,4.0,-15.0,15.0
1918,yellow_transition,yellow_transition,59,302.0,8.726845791571783,16,3,1,10.0,4.0,-15.0,15.0
1919,yellow_transition,yellow_transition,59,318.0,8.380558674842765,17,3,1,10.0,4.0,-15.0,15.0
1920,side_green,main_green,64,112.0,8.044078187377966,14,0,2,10.0,4.0,-15.0,15.0
1921,side_green,main_green,63,17.0,8.508798742187118,3,0,2,10.0,4.0,-15.0,15.0
1922,side_green,main_green,63,3.0,9.029695484666986,1,0,2,10.0,4.0,-15.0,15.0
1923,side_green,main_green,62,4.0,9.467492695573386,1,0,2,10.0,4.0,-15.0,15.0
1924,side_green,main_green,64,6.0,9.687898589844082,4,0,2,10.0,4.0,-15.0,15.0
1925,side_green,main_green,63,8.0,10.339272003253008,2,0,2,10.0,4.0,-15.0,15.0
1926,side_green,main_green,60,10.0,10.542933206306817,2,0,2,10.0,4.0,-15.0,15.0
1927,side_green,main_green,58,13.0,10.863468194053073,3,0,2,10.0,4.0,-15.0,15.0
1928,side_green,main_green,55,18.0,10.62573841719378,6,0,2,10.0,4.0,-15.0,15.0
1929,side_green,main_green,56,23.0,10.46247859591678,6,0,2,10.0,4.0,-15.0,15.0
1930,yellow_transition,yellow_transition,52,28.0,10.156096328317362,5,1,3,-13.0,17.0,-10.0,0.0
1931,yellow_transition,yellow_transition,51,35.0,10.065333114139486,7,1,3,-13.0,17.0,-10.0,0.0
1932,yellow_transition,yellow_transition,56,42.0,9.041025898324357,12,1,3,-13.0,17.0,-10.0,0.0
1933,main_green,main_green,56,15.0,9.44899675584955,3,2,2,-13.0,17.0,-10.0,0.0
1934,main_green,main_green,56,14.0,9.595742982549437,3,2,2,-13.0,17.0,-10.0,0.0
1935,main_green,main_green,56,16.0,10.127773899560733,2,2,2,-13.0,17.0,-10.0,0.0
1936,main_green,main_green,57,18.0,10.407776252977785,3,2,2,-13.0,17.0,-10.0,0.0
1937,main_green,main_green,57,20.0,10.710742032616979,2,2,2,-13.0,17.0,-10.0,0.0
1938,main_green,main_green,54,22.0,10.77825911783879,2,2,2,-13.0,17.0,-10.0,0.0
1939,main_green,main_green,55,24.0,10.583716329808338,3,2,2,-13.0,17.0,-10.0,0.0
1940,main_green,main_green,55,27.0,10.274252966287131,4,2,2,-13.0,17.0,-10.0,0.0
1941,main_green,main_green,53,33.0,10.31849131726185,6,2,2,-13.0,17.0,-10.0,0.0
1942,main_green,main_green,53,39.0,10.408381745232674,6,2,2,-13.0,17.0,-10.0,0.0
1943,main_green,main_green,50,45.0,10.394745331782529,6,2,2,-5.0,13.0,-5.0,3.0
1944,main_green,main_green,54,51.0,9.555915176482594,11,2,2,-5.0,13.0,-5.0,3.0
1945,main_green,main_green,53,57.0,9.562225348918945,7,2,2,-5.0,13.0,-5.0,3.0
1946,main_green,main_green,52,63.0,9.672317736992149,6,2,2,-5.0,13.0,-5.0,3.0
1947,main_green,main_green,52,69.0,9.878365117468284,6,2,2,-5.0,13.0,-5.0,3.0
1948,main_green,main_green,53,75.0,9.924475805543896,7,2,2,-5.0,13.0,-5.0,3.0
1949,main_green,main_green,53,81.0,10.081804895242595,6,2,2,-5.0,13.0,-5.0,3.0
1950,main_green,main_green,52,87.0,9.742517150618266,7,2,2,-5.0,13.0,-5.0,3.0
1951,main_green,main_green,51,93.0,9.633779554072175,6,2,2,-5.0,13.0,-5.0,3.0
1952,main_green,main_green,52,100.0,9.317564466508108,8,2,2,-5.0,13.0,-5.0,3.0
1953,main_green,main_green,52,109.0,9.462806034123359,9,2,2,1.0,15.0,4.0,12.0
1954,main_green,main_green,51,118.0,9.440289069841914,9,2,2,1.0,15.0,4.0,12.0
1955,main_green,main_green,51,128.0,9.490939347837797,11,2,2,1.0,15.0,4.0,12.0
1956,main_green,main_green,56,138.0,8.700285929678003,15,2,2,1.0,15.0,4.0,12.0
1957,main_green,main_green,56,148.0,8.914710371307073,10,2,2,1.0,15.0,4.0,12.0
1958,main_green,main_green,54,158.0,9.02666810377366,10,2,2,1.0,15.0,4.0,12.0
1959,main_green,main_green,53,168.0,9.082983841138047,10,2,2,1.0,15.0,4.0,12.0
1960,main_green,main_green,53,178.0,8.689952918505998,12,2,2,1.0,15.0,4.0,12.0
1961,main_green,main_green,53,188.0,8.886305217655687,10,2,2,1.0,15.0,4.0,12.0
1962,main_green,main_green,53,198.0,8.891400344009197,10,2,2,1.0,15.0,4.0,12.0
1963,main_green,main_green,52,208.0,8.734418108233388,10,2,2,2.0,8.0,13.0,17.0
1964,main_green,main_green,53,221.0,8.579180371973813,14,2,2,2.0,8.0,13.0,17.0
1965,main_green,main_green,54,234.0,8.448224276050231,14,2,2,2.0,8.0,13.0,17.0
1966,main_green,main_green,54,248.0,8.574705892816793,14,2,2,2.0,8.0,13.0,17.0
1967,main_green,main_green,54,262.0,8.766334484604947,14,2,2,2.0,8.0,13.0,17.0
1968,main_green,main_green,59,276.0,8.08041116026088,19,2,2,2.0,8.0,13.0,17.0
1969,main_green,main_green,59,290.0,8.273201893813717,14,2,2,2.0,8.0,13.0,17.0
1970,main_green,main_green,60,304.0,8.36227544724025,15,2,2,2.0,8.0,13.0,17.0
1971,main_green,main_green,60,318.0,8.675595455300249,14,2,2,2.0,8.0,13.0,17.0
1972,main_green,main_green,61,332.0,8.4283178353624,15,2,2,2.0,8.0,13.0,17.0
1973,yellow_transition,yellow_transition,61,346.0,8.3610341285696,14,3,3,7.0,11.0,13.0,9.0
1974,yellow_transition,yellow_transition,61,360.0,8.30059782546774,14,3,3,7.0,11.0,13.0,9.0
1975,yellow_transition,yellow_transition,62,376.0,7.860260193037743,17,3,3,7.0,11.0,13.0,9.0
1976,main_green,side_green,63,222.0,7.757661274686071,14,2,0,7.0,11.0,13.0,9.0
1977,main_green,side_green,62,157.0,7.7943270099534026,9,2,0,7.0,11.0,13.0,9.0
1978,main_green,side_green,61,159.0,8.26038740379783,8,2,0,7.0,11.0,13.0,9.0
1979,main_green,side_green,60,170.0,8.422885122431033,11,2,0,7.0,11.0,13.0,9.0
1980,main_green,side_green,63,181.0,7.9775491318895115,16,2,0,7.0,11.0,13.0,9.0
1981,main_green,side_green,63,193.0,8.34705672551815,13,2,0,7.0,11.0,13.0,9.0
1982,main_green,side_green,63,206.0,8.793863113659564,13,2,0,7.0,11.0,13.0,9.0
1983,main_green,side_green,63,219.0,9.004848524177119,13,2,0,7.0,11.0,13.0,9.0
1984,main_green,side_green,63,232.0,8.870454955987585,14,2,0,7.0,11.0,13.0,9.0
1985,main_green,side_green,62,245.0,8.837904677884342,13,2,0,7.0,11.0,13.0,9.0
1986,yellow_transition,yellow_transition,63,259.0,8.650274947266329,15,3,1,10.0,2.0,-12.0,14.0
1987,yellow_transition,yellow_transition,62,275.0,8.5803544801919,16,3,1,10.0,2.0,-12.0,14.0
1988,yellow_transition,yellow_transition,63,291.0,8.434421668647637,17,3,1,10.0,2.0,-12.0,14.0
1989,side_green,main_green,62,96.0,8.54520122303801,10,0,2,10.0,2.0,-12.0,14.0
1990,side_green,main_green,61,8.0,8.897293890889056,3,0,2,10.0,2.0,-12.0,14.0
1991,side_green,main_green,60,3.0,9.02658080851044,2,0,2,10.0,2.0,-12.0,14.0
1992,side_green,main_green,64,5.0,8.918444708547808,7,0,2,10.0,2.0,-12.0,14.0
1993,side_green,main_green,64,7.0,9.67757711031405,2,0,2,10.0,2.0,-12.0,14.0
1994,side_green,main_green,62,9.0,10.323890047591036,2,0,2,10.0,2.0,-12.0,14.0
1995,side_green,main_green,60,11.0,10.769542444604392,2,0,2,10.0,2.0,-12.0,14.0
1996,side_green,main_green,59,13.0,10.623705994912124,4,0,2,10.0,2.0,-12.0,14.0
1997,side_green,main_green,59,15.0,10.842961622278072,2,0,2,10.0,2.0,-12.0,14.0
1998,side_green,main_green,56,18.0,10.66973631948845,3,0,2,10.0,2.0,-12.0,14.0
1999,yellow_transition,yellow_transition,55,22.0,10.503973233824697,4,1,3,-12.0,14.0,-8.0,4.0
2000,yellow_transition,yellow_transition,55,26.0,10.052799808203877,5,1,3,-12.0,14.0,-8.0,4.0
2001,yellow_transition,yellow_transition,56,31.0,9.639629491089853,6,1,3,-12.0,14.0,-8.0,4.0
2002,main_green,main_green,55,3.0,9.790253457465615,2,2,2,-12.0,14.0,-8.0,4.0
2003,main_green,main_green,55,4.0,10.1434727807555,2,2,2,-12.0,14.0,-8.0,4.0
2004,main_green,main_green,59,6.0,9.708645979594374,7,2,2,-12.0,14.0,-8.0,4.0
2005,main_green,main_green,58,8.0,10.20603605272757,2,2,2,-12.0,14.0,-8.0,4.0
2006,main_green,main_green,58,10.0,10.492415475607554,3,2,2,-12.0,14.0,-8.0,4.0
2007,main_green,main_green,56,12.0,10.81447108016687,2,2,2,-12.0,14.0,-8.0,4.0
2008,main_green,main_green,56,14.0,10.878842079908889,3,2,2,-12.0,14.0,-8.0,4.0
2009,main_green,main_green,54,16.0,10.973964625438835,2,2,2,-12.0,14.0,-8.0,4.0
2010,main_green,main_green,54,18.0,11.109001716270203,2,2,2,-12.0,14.0,-8.0,4.0
2011,main_green,main_green,52,20.0,10.828673784580738,3,2,2,-12.0,14.0,-8.0,4.0
2012,main_green,main_green,53,23.0,10.641426314043539,4,2,2,-5.0,13.0,-5.0,7.0
2013,main_green,main_green,51,28.0,10.625942063515982,5,2,2,-5.0,13.0,-5.0,7.0
2014,main_green,main_green,50,33.0,10.760332044440846,5,2,2,-5.0,13.0,-5.0,7.0
2015,main_green,main_green,48,39.0,10.752327800518193,6,2,2,-5.0,13.0,-5.0,7.0
2016,main_green,main_green,52,45.0,9.65404900251535,11,2,2,-5.0,13.0,-5.0,7.0
2017,main_green,main_green,51,51.0,9.731425902819467,7,2,2,-5.0,13.0,-5.0,7.0
2018,main_green,main_green,50,57.0,9.886508305543806,6,2,2,-5.0,13.0,-5.0,7.0
2019,main_green,main_green,50,63.0,10.173249137047632,6,2,2,-5.0,13.0,-5.0,7.0
2020,main_green,main_green,51,69.0,10.106432031109886,7,2,2,-5.0,13.0,-5.0,7.0
2021,main_green,main_green,50,75.0,9.974370185392395,6,2,2,-5.0,13.0,-5.0,7.0
2022,main_green,main_green,51,81.0,9.80152623885972,7,2,2,-3.0,5.0,7.0,15.0
2023,main_green,main_green,51,87.0,9.65280495489042,6,2,2,-3.0,5.0,7.0,15.0
2024,main_green,main_green,52,96.0,9.534306077932085,10,2,2,-3.0,5.0,7.0,15.0
2025,main_green,main_green,52,106.0,9.639998665354799,10,2,2,-3.0,5.0,7.0,15.0
2026,main_green,main_green,52,116.0,9.838845679854902,10,2,2,-3.0,5.0,7.0,15.0
2027,main_green,main_green,52,126.0,9.718922411495225,11,2,2,-3.0,5.0,7.0,15.0
2028,main_green,main_green,56,136.0,8.83605945686727,15,2,2,-3.0,5.0,7.0,15.0
2029,main_green,main_green,56,146.0,9.14755561507087,10,2,2,-3.0,5.0,7.0,15.0
2030,main_green,main_green,55,156.0,9.302166352526422,10,2,2,-3.0,5.0,7.0,15.0
2031,main_green,main_green,54,166.0,9.395714336717091,10,2,2,-3.0,5.0,7.0,15.0
2032,main_green,main_green,55,176.0,8.983204301298638,12,2,2,4.0,8.0,11.0,13.0
2033,main_green,main_green,53,186.0,8.978572366707542,10,2,2,4.0,8.0,11.0,13.0
2034,main_green,main_green,53,196.0,8.941955411136892,10,2,2,4.0,8.0,11.0,13.0
2035,main_green,main_green,53,208.0,9.029953427180049,12,2,2,4.0,8.0,11.0,13.0
2036,main_green,main_green,54,221.0,8.816516681664304,14,2,2,4.0,8.0,11.0,13.0
2037,main_green,main_green,55,235.0,8.87608162009505,15,2,2,4.0,8.0,11.0,13.0
2038,main_green,main_green,53,249.0,8.79661929938983,14,2,2,4.0,8.0,11.0,13.0
2039,main_green,main_green,53,263.0,8.931815936832464,14,2,2,4.0,8.0,11.0,13.0
2040,main_green,main_green,57,277.0,8.138639669314832,19,2,2,4.0,8.0,11.0,13.0
2041,main_green,main_green,55,291.0,8.176650756544534,14,2,2,4.0,8.0,11.0,13.0
2042,yellow_transition,yellow_transition,56,305.0,8.205375962304378,15,3,3,12.0,14.0,13.0,11.0
2043,yellow_transition,yellow_transition,56,319.0,8.32495688591484,14,3,3,12.0,14.0,13.0,11.0
2044,yellow_transition,yellow_transition,57,334.0,7.959271616205739,16,3,3,12.0,14.0,13.0,11.0
2045,main_green,side_green,57,193.0,8.075388926613158,10,2,0,12.0,14.0,13.0,11.0
2046,main_green,side_green,57,135.0,8.114399801814209,6,2,0,12.0,14.0,13.0,11.0
2047,main_green,side_green,58,142.0,8.274817011847896,8,2,0,12.0,14.0,13.0,11.0
2048,main_green,side_green,59,149.0,8.550365333712847,8,2,0,12.0,14.0,13.0,11.0
2049,main_green,side_green,58,159.0,8.892383574262372,10,2,0,12.0,14.0,13.0,11.0
2050,main_green,side_green,58,169.0,9.28298056908723,10,2,0,12.0,14.0,13.0,11.0
2051,main_green,side_green,57,179.0,9.558786390345887,10,2,0,12.0,14.0,13.0,11.0
2052,main_green,side_green,62,190.0,8.753473030820349,16,2,0,12.0,14.0,13.0,11.0
2053,main_green,side_green,63,201.0,8.755496562791086,12,2,0,12.0,14.0,13.0,11.0
2054,main_green,side_green,63,213.0,8.92584723762639,12,2,0,12.0,14.0,13.0,11.0
2055,yellow_transition,yellow_transition,61,226.0,8.946924102862816,13,3,1,9.0,3.0,-11.0,15.0
2056,yellow_transition,yellow_transition,61,239.0,8.725885188917443,14,3,1,9.0,3.0,-11.0,15.0
2057,yellow_transition,yellow_transition,61,253.0,8.504463655011147,14,3,1,9.0,3.0,-11.0,15.0
2058,side_green,main_green,61,74.0,8.377376648039167,9,0,2,9.0,3.0,-11.0,15.0
2059,side_green,main_green,60,2.0,8.722202590197124,1,0,2,9.0,3.0,-11.0,15.0
2060,side_green,main_green,60,1.0,8.95537760737441,2,0,2,9.0,3.0,-11.0,15.0
2061,side_green,main_green,60,4.0,9.377069866181783,3,0,2,9.0,3.0,-11.0,15.0
2062,side_green,main_green,59,7.0,9.872159645452735,3,0,2,9.0,3.0,-11.0,15.0
2063,side_green,main_green,59,10.0,10.26980275747773,4,0,2,9.0,3.0,-11.0,15.0
2064,side_green,main_green,62,14.0,9.629763095709771,9,0,2,9.0,3.0,-11.0,15.0
2065,side_green,main_green,59,18.0,9.9344785216558,4,0,2,9.0,3.0,-11.0,15.0
2066,side_green,main_green,57,23.0,10.057003838198053,5,0,2,9.0,3.0,-11.0,15.0
2067,side_green,main_green,57,29.0,10.293019957610474,6,0,2,9.0,3.0,-11.0,15.0
2068,yellow_transition,yellow_transition,57,36.0,10.066310108794031,9,1,3,-10.0,12.0,-3.0,3.0
2069,yellow_transition,yellow_transition,55,43.0,9.8879965407181,7,1,3,-10.0,12.0,-3.0,3.0
2070,yellow_transition,yellow_transition,54,50.0,9.830682028527436,7,1,3,-10.0,12.0,-3.0,3.0
2071,main_green,main_green,54,27.0,9.716675610250604,4,2,2,-10.0,12.0,-3.0,3.0
2072,main_green,main_green,54,27.0,9.52851208655787,5,2,2,-10.0,12.0,-3.0,3.0
2073,main_green,main_green,55,33.0,9.542342206702603,7,2,2,-10.0,12.0,-3.0,3.0
2074,main_green,main_green,55,39.0,9.768286743749178,6,2,2,-10.0,12.0,-3.0,3.0
2075,main_green,main_green,55,45.0,10.185243410310465,6,2,2,-10.0,12.0,-3.0,3.0
2076,main_green,main_green,58,51.0,9.467882610826337,11,2,2,-10.0,12.0,-3.0,3.0
2077,main_green,main_green,57,57.0,9.821455059324597,6,2,2,-10.0,12.0,-3.0,3.0
2078,main_green,main_green,57,63.0,10.021554133611149,7,2,2,-10.0,12.0,-3.0,3.0
2079,main_green,main_green,53,69.0,10.181018422276665,6,2,2,-10.0,12.0,-3.0,3.0
2080,main_green,main_green,52,75.0,10.142372676978644,7,2,2,-10.0,12.0,-3.0,3.0
2081,main_green,main_green,52,81.0,10.230887007828152,6,2,2,3.0,19.0,-1.0,5.0
2082,main_green,main_green,51,87.0,10.124834609224655,6,2,2,3.0,19.0,-1.0,5.0
2083,main_green,main_green,52,93.0,9.898865591853669,7,2,2,3.0,19.0,-1.0,5.0
2084,main_green,main_green,52,102.0,9.729136248858554,10,2,2,3.0,19.0,-1.0,5.0
2085,main_green,main_green,52,111.0,9.80690140909192,9,2,2,3.0,19.0,-1.0,5.0
2086,main_green,main_green,52,121.0,9.869340771034087,10,2,2,3.0,19.0,-1.0,5.0
2087,main_green,main_green,52,131.0,10.06148362130399,10,2,2,3.0,19.0,-1.0,5.0
2088,main_green,main_green,55,141.0,9.118437740506208,15,2,2,3.0,19.0,-1.0,5.0
2089,main_green,main_green,55,151.0,9.163062486441426,11,2,2,3.0,19.0,-1.0,5.0
2090,main_green,main_green,54,161.0,9.29593628087191,10,2,2,3.0,19.0,-1.0,5.0
2091,main_green,main_green,53,171.0,9.35783855187899,10,2,2,3.0,7.0,11.0,17.0
2092,main_green,main_green,54,181.0,9.306527572673694,11,2,2,3.0,7.0,11.0,17.0
2093,main_green,main_green,54,191.0,9.254437910024798,10,2,2,3.0,7.0,11.0,17.0
2094,main_green,main_green,55,201.0,9.11955778027877,11,2,2,3.0,7.0,11.0,17.0
2095,main_green,main_green,55,212.0,9.18136982970218,11,2,2,3.0,7.0,11.0,17.0
2096,main_green,main_green,56,225.0,9.029949316390121,14,2,2,3.0,7.0,11.0,17.0
2097,main_green,main_green,55,239.0,9.042372580415925,14,2,2,3.0,7.0,11.0,17.0
2098,main_green,main_green,53,253.0,8.983798623898366,14,2,2,3.0,7.0,11.0,17.0
2099,main_green,main_green,53,267.0,8.929565037786663,15,2,2,3.0,7.0,11.0,17.0
2100,main_green,main_green,57,281.0,8.140255428239174,19,2,2,3.0,7.0,11.0,17.0
2101,main_green,main_green,56,295.0,8.40361120383633,14,2,2,7.0,9.0,16.0,16.0
2102,main_green,main_green,56,309.0,8.55225139389575,14,2,2,7.0,9.0,16.0,16.0
2103,main_green,main_green,56,323.0,8.769663993753557,14,2,2,7.0,9.0,16.0,16.0
2104,main_green,main_green,58,337.0,8.471615815047118,16,2,2,7.0,9.0,16.0,16.0
2105,main_green,main_green,58,351.0,8.562792235332518,14,2,2,7.0,9.0,16.0,16.0
2106,main_green,main_green,56,365.0,8.344140304308082,14,2,2,7.0,9.0,16.0,16.0
2107,main_green,main_green,56,379.0,8.349810146460783,14,2,2,7.0,9.0,16.0,16.0
2108,main_green,main_green,57,396.0,8.270163129546777,18,2,2,7.0,9.0,16.0,16.0
2109,main_green,main_green,57,414.0,8.211658365362478,19,2,2,7.0,9.0,16.0,16.0
2110,main_green,main_green,57,432.0,8.231905969390889,18,2,2,7.0,9.0,16.0,16.0
2111,yellow_transition,yellow_transition,57,450.0,8.262506399995925,18,3,3,10.0,16.0,11.0,9.0
2112,yellow_transition,yellow_transition,62,468.0,7.573619667587801,23,3,3,10.0,16.0,11.0,9.0
2113,yellow_transition,yellow_transition,62,487.0,7.4738819099203475,19,3,3,10.0,16.0,11.0,9.0
2114,main_green,side_green,63,313.0,7.541088051365052,16,2,0,10.0,16.0,11.0,9.0
2115,main_green,side_green,63,225.0,7.794033556089905,11,2,0,10.0,16.0,11.0,9.0
2116,main_green,side_green,63,219.0,7.878199997260639,10,2,0,10.0,16.0,11.0,9.0
2117,main_green,side_green,63,229.0,8.248868977724605,10,2,0,10.0,16.0,11.0,9.0
2118,main_green,side_green,62,240.0,8.437619430979309,11,2,0,10.0,16.0,11.0,9.0
2119,main_green,side_green,62,252.0,8.623237879015221,13,2,0,10.0,16.0,11.0,9.0
2120,main_green,side_green,62,266.0,8.685776095604979,15,2,0,10.0,16.0,11.0,9.0
2121,main_green,side_green,61,280.0,8.874883975822245,14,2,0,10.0,16.0,11.0,9.0
2122,main_green,side_green,60,294.0,8.914335916159889,14,2,0,10.0,16.0,11.0,9.0
2123,main_green,side_green,60,309.0,8.881813464693307,15,2,0,10.0,16.0,11.0,9.0
2124,yellow_transition,yellow_transition,63,325.0,7.8633550595404005,21,3,1,9.0,1.0,-14.0,16.0
2125,yellow_transition,yellow_transition,64,342.0,7.879196053480867,18,3,1,9.0,1.0,-14.0,16.0
2126,yellow_transition,yellow_transition,63,360.0,7.965733972079936,18,3,1,9.0,1.0,-14.0,16.0
2127,side_green,main_green,62,140.0,8.283686924736946,10,0,2,9.0,1.0,-14.0,16.0
2128,side_green,main_green,62,25.0,8.383379066612438,5,0,2,9.0,1.0,-14.0,16.0
2129,side_green,main_green,62,2.0,8.788093295729537,1,0,2,9.0,1.0,-14.0,16.0
2130,side_green,main_green,63,3.0,9.119427754583391,2,0,2,9.0,1.0,-14.0,16.0
2131,side_green,main_green,63,4.0,9.64904028664549,1,0,2,9.0,1.0,-14.0,16.0
2132,side_green,main_green,62,8.0,9.860870297932584,5,0,2,9.0,1.0,-14.0,16.0
2133,side_green,main_green,60,14.0,10.180907732787093,6,0,2,9.0,1.0,-14.0,16.0
2134,side_green,main_green,59,20.0,10.415333719679706,6,0,2,9.0,1.0,-14.0,16.0
2135,side_green,main_green,58,27.0,10.408243081463242,8,0,2,9.0,1.0,-14.0,16.0
2136,side_green,main_green,62,34.0,9.553462367150447,12,0,2,9.0,1.0,-14.0,16.0
2137,yellow_transition,yellow_transition,58,41.0,9.60496406715631,7,1,3,-11.0,15.0,-5.0,-1.0
2138,yellow_transition,yellow_transition,58,48.0,9.65612644772045,7,1,3,-11.0,15.0,-5.0,-1.0
2139,yellow_transition,yellow_transition,57,56.0,9.53912967625391,8,1,3,-11.0,15.0,-5.0,-1.0
2140,main_green,main_green,59,26.0,9.519320514011136,6,2,2,-11.0,15.0,-5.0,-1.0
2141,main_green,main_green,59,21.0,9.688769163204865,3,2,2,-11.0,15.0,-5.0,-1.0
2142,main_green,main_green,59,22.0,9.997857235916841,2,2,2,-11.0,15.0,-5.0,-1.0
2143,main_green,main_green,57,24.0,10.198539473911794,2,2,2,-11.0,15.0,-5.0,-1.0
2144,main_green,main_green,58,27.0,10.1585237716141,4,2,2,-11.0,15.0,-5.0,-1.0
2145,main_green,main_green,57,32.0,10.166199441274843,6,2,2,-11.0,15.0,-5.0,-1.0
2146,main_green,main_green,56,38.0,10.40773116667322,6,2,2,-11.0,15.0,-5.0,-1.0
2147,main_green,main_green,55,44.0,10.6208615624408,6,2,2,-11.0,15.0,-5.0,-1.0
2148,main_green,main_green,58,50.0,9.85871327717918,11,2,2,-11.0,15.0,-5.0,-1.0
2149,main_green,main_green,56,56.0,10.08618693673654,6,2,2,-11.0,15.0,-5.0,-1.0
2150,main_green,main_green,54,62.0,10.112171368319359,7,2,2,-1.0,13.0,0.0,6.0
2151,main_green,main_green,53,68.0,10.40699398510343,6,2,2,-1.0,13.0,0.0,6.0
2152,main_green,main_green,53,74.0,10.21190076683391,7,2,2,-1.0,13.0,0.0,6.0
2153,main_green,main_green,53,80.0,10.148885055915052,6,2,2,-1.0,13.0,0.0,6.0
2154,main_green,main_green,52,86.0,10.024044631857775,6,2,2,-1.0,13.0,0.0,6.0
2155,main_green,main_green,53,94.0,9.868225699961895,9,2,2,-1.0,13.0,0.0,6.0
2156,main_green,main_green,52,102.0,9.601479371254003,9,2,2,-1.0,13.0,0.0,6.0
2157,main_green,main_green,51,111.0,9.684656066012968,9,2,2,-1.0,13.0,0.0,6.0
2158,main_green,main_green,50,121.0,9.788229974814424,10,2,2,-1.0,13.0,0.0,6.0
2159,main_green,main_green,49,131.0,9.777843216206225,10,2,2,-1.0,13.0,0.0,6.0
2160,main_green,main_green,54,141.0,8.962251026554444,15,2,2,-2.0,8.0,7.0,19.0
2161,main_green,main_green,54,151.0,8.998004773793896,11,2,2,-2.0,8.0,7.0,19.0
2162,main_green,main_green,53,161.0,9.260559411959761,10,2,2,-2.0,8.0,7.0,19.0
2163,main_green,main_green,53,171.0,9.358836065358757,10,2,2,-2.0,8.0,7.0,19.0
2164,main_green,main_green,54,181.0,9.296492581240328,11,2,2,-2.0,8.0,7.0,19.0
2165,main_green,main_green,54,191.0,9.304408057710116,10,2,2,-2.0,8.0,7.0,19.0
2166,main_green,main_green,54,201.0,9.1359187743157,11,2,2,-2.0,8.0,7.0,19.0
2167,main_green,main_green,52,212.0,8.941288390495956,11,2,2,-2.0,8.0,7.0,19.0
2168,main_green,main_green,53,223.0,8.767564725373415,12,2,2,-2.0,8.0,7.0,19.0
2169,main_green,main_green,53,236.0,8.997815517564744,13,2,2,-2.0,8.0,7.0,19.0
2170,main_green,main_green,53,250.0,9.012484474023154,14,2,2,3.0,7.0,12.0,14.0
2171,main_green,main_green,54,264.0,8.922550585911322,15,2,2,3.0,7.0,12.0,14.0
2172,main_green,main_green,59,278.0,8.294853101874843,19,2,2,3.0,7.0,12.0,14.0
2173,main_green,main_green,59,292.0,8.504096745844349,14,2,2,3.0,7.0,12.0,14.0
2174,main_green,main_green,59,306.0,8.732480565614834,14,2,2,3.0,7.0,12.0,14.0
2175,main_green,main_green,58,320.0,8.788728903169407,14,2,2,3.0,7.0,12.0,14.0
2176,main_green,main_green,59,334.0,8.436421088388292,16,2,2,3.0,7.0,12.0,14.0
2177,main_green,main_green,59,348.0,8.498181858186877,14,2,2,3.0,7.0,12.0,14.0
2178,main_green,main_green,59,362.0,8.497954862555146,14,2,2,3.0,7.0,12.0,14.0
2179,main_green,main_green,57,377.0,8.405838508207893,15,2,2,3.0,7.0,12.0,14.0
2180,main_green,main_green,58,393.0,8.248543701138884,17,2,2,8.0,8.0,13.0,13.0
2181,main_green,main_green,59,411.0,8.253261681023451,19,2,2,8.0,8.0,13.0,13.0
2182,main_green,main_green,58,429.0,8.208507890020952,18,2,2,8.0,8.0,13.0,13.0
2183,main_green,main_green,58,447.0,8.369889990376084,18,2,2,8.0,8.0,13.0,13.0
2184,main_green,main_green,63,465.0,7.819784305207128,23,2,2,8.0,8.0,13.0,13.0
2185,main_green,main_green,63,483.0,8.057805067963834,18,2,2,8.0,8.0,13.0,13.0
2186,main_green,main_green,64,501.0,8.07248759506081,19,2,2,8.0,8.0,13.0,13.0
2187,main_green,main_green,63,519.0,8.055917043424168,18,2,2,8.0,8.0,13.0,13.0
2188,main_green,main_green,63,537.0,7.94866236443889,19,2,2,8.0,8.0,13.0,13.0
2189,main_green,main_green,63,555.0,7.914392052629798,18,2,2,8.0,8.0,13.0,13.0
2190,yellow_transition,yellow_transition,63,573.0,7.95831253674135,18,3,3,13.0,11.0,14.0,6.0
2191,yellow_transition,yellow_transition,62,592.0,7.51091590594664,20,3,3,13.0,11.0,14.0,6.0
2192,yellow_transition,yellow_transition,63,613.0,7.151256886340944,22,3,3,13.0,11.0,14.0,6.0
2193,side_green,side_green,61,239.0,6.975488034753451,14,0,0,13.0,11.0,14.0,6.0
2194,side_green,side_green,60,45.0,7.337080670713964,8,0,0,13.0,11.0,14.0,6.0
2195,side_green,side_green,59,5.0,8.016301885429376,3,0,0,13.0,11.0,14.0,6.0
2196,side_green,side_green,62,10.0,7.923676846310574,10,0,0,13.0,11.0,14.0,6.0
2197,side_green,side_green,63,15.0,8.629639289434406,6,0,0,13.0,11.0,14.0,6.0
2198,side_green,side_green,63,20.0,9.256107341093882,5,0,0,13.0,11.0,14.0,6.0
2199,side_green,side_green,63,25.0,9.709626278055946,5,0,0,13.0,11.0,14.0,6.0
2200,side_green,side_green,64,30.0,9.88969677113351,6,0,0,13.0,11.0,14.0,6.0
2201,side_green,side_green,63,38.0,10.246134271011329,8,0,0,13.0,11.0,14.0,6.0
2202,side_green,side_green,64,46.0,10.315102099641532,9,0,0,13.0,11.0,14.0,6.0
2203,yellow_transition,yellow_transition,63,55.0,10.112351476043182,9,1,1,-14.0,10.0,-16.0,6.0
2204,yellow_transition,yellow_transition,64,64.0,9.770620298464538,10,1,1,-14.0,10.0,-16.0,6.0
2205,yellow_transition,yellow_transition,64,74.0,9.602969767490409,10,1,1,-14.0,10.0,-16.0,6.0
2206,main_green,main_green,63,9.0,9.516252864006953,3,2,2,-14.0,10.0,-16.0,6.0
2207,main_green,main_green,63,1.0,9.766126662676156,2,2,2,-14.0,10.0,-16.0,6.0
2208,main_green,main_green,68,0.0,9.470074927719327,5,2,2,-14.0,10.0,-16.0,6.0
2209,main_green,main_green,68,0.0,9.971942389836281,0,2,2,-14.0,10.0,-16.0,6.0
2210,main_green,main_green,67,0.0,10.661260647901567,0,2,2,-14.0,10.0,-16.0,6.0
2211,main_green,main_green,59,0.0,11.009163535568517,0,2,2,-14.0,10.0,-16.0,6.0
2212,main_green,main_green,58,0.0,11.129416893103388,2,2,2,-14.0,10.0,-16.0,6.0
2213,main_green,main_green,56,0.0,11.331106414336313,0,2,2,-14.0,10.0,-16.0,6.0
2214,main_green,main_green,52,0.0,11.424530230747566,0,2,2,-14.0,10.0,-16.0,6.0
2215,main_green,main_green,48,0.0,11.403492188047672,0,2,2,-14.0,10.0,-16.0,6.0
2216,main_green,main_green,46,1.0,11.06301934742331,2,2,2,-5.0,9.0,-7.0,7.0
2217,main_green,main_green,45,4.0,10.687440105533511,4,2,2,-5.0,9.0,-7.0,7.0
2218,main_green,main_green,43,7.0,10.819671119541187,3,2,2,-5.0,9.0,-7.0,7.0
2219,main_green,main_green,42,10.0,10.794021138503542,3,2,2,-5.0,9.0,-7.0,7.0
2220,main_green,main_green,47,13.0,9.776712409398073,8,2,2,-5.0,9.0,-7.0,7.0
2221,main_green,main_green,47,17.0,10.02450610821034,4,2,2,-5.0,9.0,-7.0,7.0
2222,main_green,main_green,48,21.0,10.13133721911647,5,2,2,-5.0,9.0,-7.0,7.0
2223,main_green,main_green,48,25.0,10.422554269227849,4,2,2,-5.0,9.0,-7.0,7.0
2224,main_green,main_green,49,29.0,10.51381831218081,5,2,2,-5.0,9.0,-7.0,7.0
2225,main_green,main_green,49,33.0,10.50246270033384,4,2,2,-5.0,9.0,-7.0,7.0
2226,main_green,main_green,49,37.0,10.53690751665263,4,2,2,-1.0,13.0,0.0,16.0
2227,main_green,main_green,50,41.0,10.109086797788555,5,2,2,-1.0,13.0,0.0,16.0
2228,main_green,main_green,51,46.0,9.987312285716783,6,2,2,-1.0,13.0,0.0,16.0
2229,main_green,main_green,51,54.0,10.119570702189208,8,2,2,-1.0,13.0,0.0,16.0
2230,main_green,main_green,51,62.0,10.317637012153453,8,2,2,-1.0,13.0,0.0,16.0
2231,main_green,main_green,51,70.0,10.488946080678495,8,2,2,-1.0,13.0,0.0,16.0
2232,main_green,main_green,52,78.0,9.307443613485459,13,2,2,-1.0,13.0,0.0,16.0
2233,main_green,main_green,53,86.0,9.397197188452976,9,2,2,-1.0,13.0,0.0,16.0
2234,main_green,main_green,51,94.0,9.332109733035669,8,2,2,-1.0,13.0,0.0,16.0
2235,main_green,main_green,50,102.0,9.667898495473048,8,2,2,-1.0,13.0,0.0,16.0
2236,main_green,main_green,50,110.0,9.52878863223953,9,2,2,6.0,14.0,7.0,19.0
2237,main_green,main_green,50,118.0,9.504664143101481,8,2,2,6.0,14.0,7.0,19.0
2238,main_green,main_green,50,126.0,9.249985307115645,9,2,2,6.0,14.0,7.0,19.0
2239,main_green,main_green,50,134.0,9.262073162702723,8,2,2,6.0,14.0,7.0,19.0
2240,main_green,main_green,51,144.0,9.158404495253821,11,2,2,6.0,14.0,7.0,19.0
2241,main_green,main_green,51,156.0,9.2412198479793,12,2,2,6.0,14.0,7.0,19.0
2242,main_green,main_green,51,168.0,9.310811392843645,12,2,2,6.0,14.0,7.0,19.0
2243,main_green,main_green,52,180.0,9.248036876022017,13,2,2,6.0,14.0,7.0,19.0
2244,main_green,main_green,57,192.0,8.524252503090619,17,2,2,6.0,14.0,7.0,19.0
2245,main_green,main_green,57,204.0,8.786732839269387,12,2,2,6.0,14.0,7.0,19.0
2246,main_green,main_green,57,216.0,9.05606379230638,12,2,2,9.0,11.0,8.0,8.0
2247,main_green,main_green,57,228.0,9.257310175621976,12,2,2,9.0,11.0,8.0,8.0
2248,main_green,main_green,59,240.0,8.884079315282744,14,2,2,9.0,11.0,8.0,8.0
2249,main_green,main_green,59,252.0,9.086662237965609,12,2,2,9.0,11.0,8.0,8.0
2250,main_green,main_green,59,264.0,8.91057480434026,12,2,2,9.0,11.0,8.0,8.0
2251,main_green,main_green,59,276.0,8.984975876951935,12,2,2,9.0,11.0,8.0,8.0
2252,main_green,main_green,60,289.0,8.837383577446472,14,2,2,9.0,11.0,8.0,8.0
2253,main_green,main_green,61,304.0,8.771009308463201,16,2,2,9.0,11.0,8.0,8.0
2254,main_green,main_green,61,320.0,9.001496135610475,16,2,2,9.0,11.0,8.0,8.0
2255,main_green,main_green,59,336.0,8.873072349258116,16,2,2,9.0,11.0,8.0,8.0
2256,main_green,main_green,64,352.0,8.2883734660608,21,2,2,7.0,7.0,6.0,8.0
2257,main_green,main_green,64,368.0,8.49979477172318,16,2,2,7.0,7.0,6.0,8.0
2258,main_green,main_green,65,384.0,8.544615883924491,17,2,2,7.0,7.0,6.0,8.0
2259,main_green,main_green,64,400.0,8.641161711713217,16,2,2,7.0,7.0,6.0,8.0
2260,main_green,main_green,65,416.0,8.651906810035545,17,2,2,7.0,7.0,6.0,8.0
2261,main_green,main_green,62,432.0,8.470704649705063,16,2,2,7.0,7.0,6.0,8.0
2262,main_green,main_green,61,448.0,8.357828461613842,16,2,2,7.0,7.0,6.0,8.0
2263,main_green,main_green,62,464.0,8.20511573336349,17,2,2,7.0,7.0,6.0,8.0
2264,main_green,main_green,62,483.0,8.136718579801853,20,2,2,7.0,7.0,6.0,8.0
2265,main_green,main_green,61,502.0,8.276608325284654,19,2,2,7.0,7.0,6.0,8.0
2266,yellow_transition,yellow_transition,59,522.0,8.110593415624502,20,3,3,13.0,9.0,11.0,7.0
2267,yellow_transition,yellow_transition,59,542.0,8.189041329910468,20,3,3,13.0,9.0,11.0,7.0
2268,yellow_transition,yellow_transition,61,562.0,7.217482741938027,25,3,3,13.0,9.0,11.0,7.0
2269,side_green,side_green,62,208.0,7.325319987308848,13,0,0,13.0,9.0,11.0,7.0
2270,side_green,side_green,61,26.0,7.689143999246888,4,0,0,13.0,9.0,11.0,7.0
2271,side_green,side_green,61,2.0,8.101408726321147,2,0,0,13.0,9.0,11.0,7.0
2272,side_green,side_green,61,6.0,8.453224232710777,5,0,0,13.0,9.0,11.0,7.0
2273,side_green,side_green,60,10.0,8.959447469907708,4,0,0,13.0,9.0,11.0,7.0
2274,side_green,side_green,60,14.0,9.346918540260253,5,0,0,13.0,9.0,11.0,7.0
2275,side_green,side_green,59,19.0,9.757437204317888,5,0,0,13.0,9.0,11.0,7.0
2276,side_green,side_green,60,25.0,9.873303612120667,7,0,0,13.0,9.0,11.0,7.0
2277,side_green,side_green,60,32.0,9.95488588261139,7,0,0,13.0,9.0,11.0,7.0
2278,side_green,side_green,59,41.0,9.984830883469483,9,0,0,13.0,9.0,11.0,7.0
2279,yellow_transition,yellow_transition,60,50.0,9.73964965186239,10,1,1,-16.0,6.0,-15.0,7.0
2280,yellow_transition,yellow_transition,65,60.0,9.091743980453233,15,1,1,-16.0,6.0,-15.0,7.0
2281,yellow_transition,yellow_transition,65,71.0,9.069040948118461,11,1,1,-16.0,6.0,-15.0,7.0
2282,main_green,main_green,65,10.0,9.449535238987643,3,2,2,-16.0,6.0,-15.0,7.0
2283,main_green,main_green,63,0.0,9.63885706910956,0,2,2,-16.0,6.0,-15.0,7.0
2284,main_green,main_green,64,0.0,9.747557004268284,2,2,2,-16.0,6.0,-15.0,7.0
2285,main_green,main_green,64,0.0,10.083957313781552,0,2,2,-16.0,6.0,-15.0,7.0
2286,main_green,main_green,64,0.0,10.508288318122254,0,2,2,-16.0,6.0,-15.0,7.0
2287,main_green,main_green,60,0.0,10.74348394612029,0,2,2,-16.0,6.0,-15.0,7.0
2288,main_green,main_green,57,1.0,10.763974917814338,2,2,2,-16.0,6.0,-15.0,7.0
2289,main_green,main_green,57,5.0,10.777916606964,5,2,2,-16.0,6.0,-15.0,7.0
2290,main_green,main_green,53,9.0,11.105447875259467,4,2,2,-16.0,6.0,-15.0,7.0
2291,main_green,main_green,49,13.0,11.21437498392743,4,2,2,-16.0,6.0,-15.0,7.0
2292,main_green,main_green,50,17.0,10.138197330840493,9,2,2,-5.0,11.0,-9.0,5.0
2293,main_green,main_green,48,21.0,10.441776356559327,4,2,2,-5.0,11.0,-9.0,5.0
2294,main_green,main_green,48,25.0,10.483496582543262,5,2,2,-5.0,11.0,-9.0,5.0
2295,main_green,main_green,46,29.0,10.659866915632842,4,2,2,-5.0,11.0,-9.0,5.0
2296,main_green,main_green,47,33.0,10.711732163580583,5,2,2,-5.0,11.0,-9.0,5.0
2297,main_green,main_green,47,37.0,10.710420384177782,4,2,2,-5.0,11.0,-9.0,5.0
2298,main_green,main_green,47,41.0,10.648582079219642,4,2,2,-5.0,11.0,-9.0,5.0
2299,main_green,main_green,48,46.0,10.354713198257654,6,2,2,-5.0,11.0,-9.0,5.0
2300,main_green,main_green,49,51.0,10.096300055844965,6,2,2,-5.0,11.0,-9.0,5.0
2301,main_green,main_green,49,59.0,10.307279272721603,8,2,2,-5.0,11.0,-9.0,5.0
2302,main_green,main_green,49,67.0,10.481481649962213,8,2,2,0.0,12.0,0.0,14.0
2303,main_green,main_green,49,75.0,10.507777406795745,8,2,2,0.0,12.0,0.0,14.0
2304,main_green,main_green,54,83.0,9.652261304905233,13,2,2,0.0,12.0,0.0,14.0
2305,main_green,main_green,55,91.0,9.71794455711997,9,2,2,0.0,12.0,0.0,14.0
2306,main_green,main_green,55,99.0,9.903631202168745,8,2,2,0.0,12.0,0.0,14.0
2307,main_green,main_green,55,107.0,10.290147435531514,8,2,2,0.0,12.0,0.0,14.0
2308,main_green,main_green,53,115.0,9.885642384283724,9,2,2,0.0,12.0,0.0,14.0
2309,main_green,main_green,52,123.0,9.689325473474398,8,2,2,0.0,12.0,0.0,14.0
2310,main_green,main_green,51,131.0,9.373657501550861,9,2,2,0.0,12.0,0.0,14.0
2311,main_green,main_green,50,139.0,9.426446373006677,8,2,2,0.0,12.0,0.0,14.0
2312,main_green,main_green,49,149.0,9.221346199369124,11,2,2,5.0,9.0,6.0,14.0
2313,main_green,main_green,49,161.0,9.279334113814881,12,2,2,5.0,9.0,6.0,14.0
2314,main_green,main_green,49,173.0,9.407664516894116,12,2,2,5.0,9.0,6.0,14.0
2315,main_green,main_green,50,185.0,9.34526307107293,13,2,2,5.0,9.0,6.0,14.0
2316,main_green,main_green,55,197.0,8.473376597096802,17,2,2,5.0,9.0,6.0,14.0
2317,main_green,main_green,55,209.0,8.841415409012567,12,2,2,5.0,9.0,6.0,14.0
2318,main_green,main_green,55,221.0,9.085813168882522,12,2,2,5.0,9.0,6.0,14.0
2319,main_green,main_green,55,233.0,9.097281023845984,12,2,2,5.0,9.0,6.0,14.0
2320,main_green,main_green,57,245.0,8.850247711951944,14,2,2,5.0,9.0,6.0,14.0
2321,main_green,main_green,57,257.0,9.01890403634431,12,2,2,5.0,9.0,6.0,14.0
2322,main_green,main_green,57,269.0,8.94766868686988,12,2,2,9.0,11.0,7.0,7.0
2323,main_green,main_green,57,281.0,8.973748881099484,12,2,2,9.0,11.0,7.0,7.0
2324,main_green,main_green,58,295.0,8.851071891944452,15,2,2,9.0,11.0,7.0,7.0
2325,main_green,main_green,59,311.0,8.744071408006054,17,2,2,9.0,11.0,7.0,7.0
2326,main_green,main_green,58,327.0,8.847165807376257,16,2,2,9.0,11.0,7.0,7.0
2327,main_green,main_green,58,343.0,8.89424773772735,16,2,2,9.0,11.0,7.0,7.0
2328,main_green,main_green,63,359.0,8.328166398292423,21,2,2,9.0,11.0,7.0,7.0
2329,main_green,main_green,63,375.0,8.500300505491952,16,2,2,9.0,11.0,7.0,7.0
2330,main_green,main_green,64,391.0,8.693810314696853,17,2,2,9.0,11.0,7.0,7.0
2331,main_green,main_green,61,407.0,8.622133806632771,16,2,2,9.0,11.0,7.0,7.0
2332,yellow_transition,yellow_transition,61,423.0,8.486552431785139,17,3,3,12.0,10.0,11.0,7.0
2333,yellow_transition,yellow_transition,59,439.0,8.327654331603105,16,3,3,12.0,10.0,11.0,7.0
2334,yellow_transition,yellow_transition,59,455.0,8.243824123665275,16,3,3,12.0,10.0,11.0,7.0
2335,side_green,side_green,57,141.0,7.956109573360552,10,0,0,12.0,10.0,11.0,7.0
2336,side_green,side_green,57,3.0,8.112179952000554,3,0,0,12.0,10.0,11.0,7.0
2337,side_green,side_green,56,1.0,8.38743990336494,1,0,0,12.0,10.0,11.0,7.0
2338,side_green,side_green,56,2.0,8.865465396490073,1,0,0,12.0,10.0,11.0,7.0
2339,side_green,side_green,55,4.0,9.458566972179304,2,0,0,12.0,10.0,11.0,7.0
2340,side_green,side_green,60,6.0,9.120529037130089,7,0,0,12.0,10.0,11.0,7.0
2341,side_green,side_green,61,11.0,9.511768569068877,6,0,0,12.0,10.0,11.0,7.0
2342,side_green,side_green,60,16.0,9.936147690170998,5,0,0,12.0,10.0,11.0,7.0
2343,side_green,side_green,60,21.0,10.017130780094346,5,0,0,12.0,10.0,11.0,7.0
2344,side_green,side_green,61,29.0,9.804286060745007,9,0,0,12.0,10.0,11.0,7.0
2345,yellow_transition,yellow_transition,61,37.0,9.612450295378213,8,1,1,-11.0,9.0,-9.0,7.0
2346,yellow_transition,yellow_transition,62,47.0,9.502474470088465,11,1,1,-11.0,9.0,-9.0,7.0
2347,yellow_transition,yellow_transition,60,58.0,9.23320041828177,11,1,1,-11.0,9.0,-9.0,7.0
2348,main_green,main_green,61,10.0,9.110542919690287,6,2,2,-11.0,9.0,-9.0,7.0
2349,main_green,main_green,60,3.0,9.359022634269738,2,2,2,-11.0,9.0,-9.0,7.0
2350,main_green,main_green,60,5.0,9.885074389283176,2,2,2,-11.0,9.0,-9.0,7.0
2351,main_green,main_green,60,7.0,10.340307849057005,3,2,2,-11.0,9.0,-9.0,7.0
2352,main_green,main_green,65,9.0,10.015454316159664,7,2,2,-11.0,9.0,-9.0,7.0
2353,main_green,main_green,61,11.0,10.38131267399724,2,2,2,-11.0,9.0,-9.0,7.0
2354,main_green,main_green,56,13.0,10.754324515783521,2,2,2,-11.0,9.0,-9.0,7.0
2355,main_green,main_green,50,15.0,11.01628497213944,2,2,2,-11.0,9.0,-9.0,7.0
2356,main_green,main_green,48,17.0,10.628440740767063,4,2,2,-11.0,9.0,-9.0,7.0
2357,main_green,main_green,48,19.0,10.865916908063424,2,2,2,-11.0,9.0,-9.0,7.0
2358,main_green,main_green,46,21.0,10.623998926512266,2,2,2,-3.0,13.0,-2.0,10.0
2359,main_green,main_green,46,23.0,10.535567932150085,2,2,2,-3.0,13.0,-2.0,10.0
2360,main_green,main_green,45,27.0,10.25500835786218,5,2,2,-3.0,13.0,-2.0,10.0
2361,main_green,main_green,45,32.0,10.146570984063477,6,2,2,-3.0,13.0,-2.0,10.0
2362,main_green,main_green,44,37.0,10.225723459954434,5,2,2,-3.0,13.0,-2.0,10.0
2363,main_green,main_green,44,43.0,10.328211191726133,6,2,2,-3.0,13.0,-2.0,10.0
2364,main_green,main_green,49,49.0,9.271042942798383,11,2,2,-3.0,13.0,-2.0,10.0
2365,main_green,main_green,49,55.0,9.582455022756262,6,2,2,-3.0,13.0,-2.0,10.0
2366,main_green,main_green,50,61.0,9.80258721472056,7,2,2,-3.0,13.0,-2.0,10.0
2367,main_green,main_green,50,67.0,10.029490210225335,6,2,2,-3.0,13.0,-2.0,10.0
2368,main_green,main_green,51,73.0,9.956518125291087,7,2,2,2.0,14.0,3.0,17.0
2369,main_green,main_green,51,79.0,10.078307089694276,6,2,2,2.0,14.0,3.0,17.0
2370,main_green,main_green,51,85.0,10.061103037016506,6,2,2,2.0,14.0,3.0,17.0
2371,main_green,main_green,52,91.0,9.79273886654152,7,2,2,2.0,14.0,3.0,17.0
2372,main_green,main_green,53,99.0,9.527029964755066,9,2,2,2.0,14.0,3.0,17.0
2373,main_green,main_green,53,109.0,9.664592760827679,10,2,2,2.0,14.0,3.0,17.0
2374,main_green,main_green,50,119.0,9.565421722524695,10,2,2,2.0,14.0,3.0,17.0
2375,main_green,main_green,49,129.0,9.62116637167867,10,2,2,2.0,14.0,3.0,17.0
2376,main_green,main_green,51,139.0,8.54300969636405,15,2,2,2.0,14.0,3.0,17.0
2377,main_green,main_green,51,149.0,8.549727966349383,11,2,2,2.0,14.0,3.0,17.0
2378,main_green,main_green,51,159.0,8.784756465666868,10,2,2,8.0,8.0,12.0,18.0
2379,main_green,main_green,51,169.0,8.915608336641812,10,2,2,8.0,8.0,12.0,18.0
2380,main_green,main_green,52,179.0,8.814362453335692,11,2,2,8.0,8.0,12.0,18.0
2381,main_green,main_green,52,189.0,8.879023765531194,10,2,2,8.0,8.0,12.0,18.0
2382,main_green,main_green,53,199.0,8.802469275000602,11,2,2,8.0,8.0,12.0,18.0
2383,main_green,main_green,53,210.0,8.874726582267899,11,2,2,8.0,8.0,12.0,18.0
2384,main_green,main_green,54,222.0,8.744762665057848,13,2,2,8.0,8.0,12.0,18.0
2385,main_green,main_green,54,235.0,8.776981485066424,13,2,2,8.0,8.0,12.0,18.0
2386,main_green,main_green,54,248.0,8.92807796932,13,2,2,8.0,8.0,12.0,18.0
2387,main_green,main_green,55,262.0,8.81165951870533,15,2,2,8.0,8.0,12.0,18.0
2388,main_green,main_green,60,276.0,8.263718965985392,19,2,2,5.0,7.0,6.0,12.0
2389,main_green,main_green,60,290.0,8.501693538496754,14,2,2,5.0,7.0,6.0,12.0
2390,main_green,main_green,60,304.0,8.662356129964811,14,2,2,5.0,7.0,6.0,12.0
2391,main_green,main_green,60,318.0,8.773336134984392,14,2,2,5.0,7.0,6.0,12.0
2392,main_green,main_green,61,332.0,8.44707118038984,16,2,2,5.0,7.0,6.0,12.0
2393,main_green,main_green,61,346.0,8.624965089639577,14,2,2,5.0,7.0,6.0,12.0
2394,main_green,main_green,61,360.0,8.577645263452716,14,2,2,5.0,7.0,6.0,12.0
2395,main_green,main_green,61,375.0,8.605667487431871,15,2,2,5.0,7.0,6.0,12.0
2396,main_green,main_green,62,392.0,8.434812791827577,18,2,2,5.0,7.0,6.0,12.0
2397,main_green,main_green,60,410.0,8.195894701878498,19,2,2,5.0,7.0,6.0,12.0
2398,main_green,main_green,59,428.0,8.267854670050568,18,2,2,9.0,11.0,9.0,11.0
2399,main_green,main_green,58,446.0,8.18963748495426,18,2,2,9.0,11.0,9.0,11.0
2400,main_green,main_green,62,464.0,7.555262225557562,23,2,2,9.0,11.0,9.0,11.0
2401,main_green,main_green,60,482.0,7.703189103272421,18,2,2,9.0,11.0,9.0,11.0
2402,main_green,main_green,61,500.0,7.706399832131485,19,2,2,9.0,11.0,9.0,11.0
2403,main_green,main_green,60,518.0,7.779663993579585,18,2,2,9.0,11.0,9.0,11.0
2404,main_green,main_green,61,536.0,7.729870630086598,19,2,2,9.0,11.0,9.0,11.0
2405,main_green,main_green,61,554.0,7.7010640684137215,18,2,2,9.0,11.0,9.0,11.0
2406,main_green,main_green,61,572.0,7.695902952931338,18,2,2,9.0,11.0,9.0,11.0
2407,main_green,main_green,62,592.0,7.692682921755013,21,2,2,9.0,11.0,9.0,11.0
2408,yellow_transition,yellow_transition,62,613.0,7.392331467408893,22,3,3,17.0,13.0,14.0,8.0
2409,yellow_transition,yellow_transition,60,635.0,7.321464046913682,22,3,3,17.0,13.0,14.0,8.0
2410,yellow_transition,yellow_transition,59,657.0,7.176076548924395,22,3,3,17.0,13.0,14.0,8.0
2411,side_green,side_green,59,268.0,7.357344547805135,14,0,0,17.0,13.0,14.0,8.0
2412,side_green,side_green,64,56.0,7.095904878698718,11,0,0,17.0,13.0,14.0,8.0
2413,side_green,side_green,65,2.0,7.550027913953773,3,0,0,17.0,13.0,14.0,8.0
2414,side_green,side_green,65,5.0,8.200453358537132,3,0,0,17.0,13.0,14.0,8.0
2415,side_green,side_green,65,8.0,9.024837398560525,3,0,0,17.0,13.0,14.0,8.0
2416,side_green,side_green,66,12.0,9.566921099164707,5,0,0,17.0,13.0,14.0,8.0
2417,side_green,side_green,66,16.0,9.92339405757807,4,0,0,17.0,13.0,14.0,8.0
2418,side_green,side_green,66,21.0,9.951051804924822,6,0,0,17.0,13.0,14.0,8.0
2419,side_green,side_green,66,27.0,10.121731355651882,6,0,0,17.0,13.0,14.0,8.0
2420,side_green,side_green,67,34.0,9.913017395010849,8,0,0,17.0,13.0,14.0,8.0
2421,yellow_transition,yellow_transition,66,42.0,9.760910524649363,8,1,1,-16.0,10.0,-20.0,0.0
2422,yellow_transition,yellow_transition,66,51.0,9.831590888008886,9,1,1,-16.0,10.0,-20.0,0.0
2423,yellow_transition,yellow_transition,66,62.0,9.57065523607359,12,1,1,-16.0,10.0,-20.0,0.0
2424,main_green,main_green,71,10.0,9.104091924183379,8,2,2,-16.0,10.0,-20.0,0.0
2425,main_green,main_green,71,0.0,9.480238922065457,0,2,2,-16.0,10.0,-20.0,0.0
2426,main_green,main_green,70,0.0,9.93692169157663,0,2,2,-16.0,10.0,-20.0,0.0
2427,main_green,main_green,69,0.0,10.340968352520132,0,2,2,-16.0,10.0,-20.0,0.0
2428,main_green,main_green,69,0.0,10.62856485822806,2,2,2,-16.0,10.0,-20.0,0.0
2429,main_green,main_green,67,0.0,10.833339984835119,0,2,2,-16.0,10.0,-20.0,0.0
2430,main_green,main_green,62,0.0,10.986898747981922,0,2,2,-16.0,10.0,-20.0,0.0
2431,main_green,main_green,58,2.0,11.047502701422353,2,2,2,-16.0,10.0,-20.0,0.0
2432,main_green,main_green,56,5.0,10.873919646044508,4,2,2,-16.0,10.0,-20.0,0.0
2433,main_green,main_green,51,9.0,10.628888690653447,5,2,2,-16.0,10.0,-20.0,0.0
2434,main_green,main_green,49,13.0,10.656340029632386,4,2,2,-7.0,5.0,-7.0,9.0
2435,main_green,main_green,47,17.0,10.737737509063418,4,2,2,-7.0,5.0,-7.0,9.0
2436,main_green,main_green,49,21.0,9.599008732446501,9,2,2,-7.0,5.0,-7.0,9.0
2437,main_green,main_green,48,25.0,9.866418939760019,4,2,2,-7.0,5.0,-7.0,9.0
2438,main_green,main_green,47,29.0,10.069682922410708,5,2,2,-7.0,5.0,-7.0,9.0
2439,main_green,main_green,47,33.0,10.344561912442291,4,2,2,-7.0,5.0,-7.0,9.0
2440,main_green,main_green,48,37.0,10.264534094893026,5,2,2,-7.0,5.0,-7.0,9.0
2441,main_green,main_green,48,41.0,10.3103750217575,4,2,2,-7.0,5.0,-7.0,9.0
2442,main_green,main_green,48,45.0,10.174009706496024,4,2,2,-7.0,5.0,-7.0,9.0
2443,main_green,main_green,49,50.0,10.056535998178086,6,2,2,-7.0,5.0,-7.0,9.0
2444,main_green,main_green,50,57.0,9.986206384461966,8,2,2,-2.0,10.0,1.0,19.0
2445,main_green,main_green,50,65.0,10.157809274580316,8,2,2,-2.0,10.0,1.0,19.0
2446,main_green,main_green,50,73.0,10.192270320269417,8,2,2,-2.0,10.0,1.0,19.0
2447,main_green,main_green,50,81.0,10.28677635575283,8,2,2,-2.0,10.0,1.0,19.0
2448,main_green,main_green,55,89.0,9.392928164891535,13,2,2,-2.0,10.0,1.0,19.0
2449,main_green,main_green,56,97.0,9.373567112632504,9,2,2,-2.0,10.0,1.0,19.0
2450,main_green,main_green,55,105.0,9.668015799865561,8,2,2,-2.0,10.0,1.0,19.0
2451,main_green,main_green,54,113.0,9.82927104814468,8,2,2,-2.0,10.0,1.0,19.0
2452,main_green,main_green,52,121.0,9.461025519571608,9,2,2,-2.0,10.0,1.0,19.0
2453,main_green,main_green,52,129.0,9.436381808488449,8,2,2,-2.0,10.0,1.0,19.0
2454,main_green,main_green,52,137.0,9.248747956058592,9,2,2,5.0,11.0,6.0,12.0
2455,main_green,main_green,52,145.0,9.302712116957162,8,2,2,5.0,11.0,6.0,12.0
2456,main_green,main_green,51,154.0,9.019889754690357,10,2,2,5.0,11.0,6.0,12.0
2457,main_green,main_green,51,166.0,9.13555629489374,12,2,2,5.0,11.0,6.0,12.0
2458,main_green,main_green,50,178.0,9.19631652313995,12,2,2,5.0,11.0,6.0,12.0
2459,main_green,main_green,51,190.0,9.149054691304327,13,2,2,5.0,11.0,6.0,12.0
2460,main_green,main_green,56,202.0,8.349148832475494,17,2,2,5.0,11.0,6.0,12.0
2461,main_green,main_green,55,214.0,8.596783071812345,12,2,2,5.0,11.0,6.0,12.0
2462,main_green,main_green,55,226.0,8.841739813580011,12,2,2,5.0,11.0,6.0,12.0
2463,main_green,main_green,55,238.0,9.082488941512308,12,2,2,5.0,11.0,6.0,12.0
2464,main_green,main_green,57,250.0,8.706256788003152,14,2,2,8.0,10.0,8.0,10.0
2465,main_green,main_green,57,262.0,8.969101953426385,12,2,2,8.0,10.0,8.0,10.0
2466,main_green,main_green,57,274.0,9.007842862606822,12,2,2,8.0,10.0,8.0,10.0
2467,main_green,main_green,57,286.0,9.001199980433013,12,2,2,8.0,10.0,8.0,10.0
2468,main_green,main_green,58,299.0,8.816678190528068,14,2,2,8.0,10.0,8.0,10.0
2469,main_green,main_green,59,314.0,8.690688594448774,16,2,2,8.0,10.0,8.0,10.0
2470,main_green,main_green,59,329.0,8.788906909446913,15,2,2,8.0,10.0,8.0,10.0
2471,main_green,main_green,59,345.0,8.880518934780033,16,2,2,8.0,10.0,8.0,10.0
2472,main_green,main_green,63,361.0,8.130361948563058,21,2,2,8.0,10.0,8.0,10.0
2473,main_green,main_green,61,377.0,8.274514495681732,16,2,2,8.0,10.0,8.0,10.0
2474,yellow_transition,yellow_transition,61,393.0,8.255211791550634,17,3,3,11.0,9.0,12.0,10.0
2475,yellow_transition,yellow_transition,60,409.0,8.249581282246545,16,3,3,11.0,9.0,12.0,10.0
2476,yellow_transition,yellow_transition,61,425.0,7.953770750254446,17,3,3,11.0,9.0,12.0,10.0
2477,side_green,side_green,60,120.0,7.817520975616102,8,0,0,11.0,9.0,12.0,10.0
2478,side_green,side_green,59,0.0,8.073655409916,0,0,0,11.0,9.0,12.0,10.0
2479,side_green,side_green,59,2.0,8.399581554864088,3,0,0,11.0,9.0,12.0,10.0
2480,side_green,side_green,59,4.0,8.736516801824834,3,0,0,11.0,9.0,12.0,10.0
2481,side_green,side_green,59,7.0,9.251168814548526,3,0,0,11.0,9.0,12.0,10.0
2482,side_green,side_green,58,11.0,9.614600814438722,4,0,0,11.0,9.0,12.0,10.0
2483,side_green,side_green,58,15.0,10.027318027465274,4,0,0,11.0,9.0,12.0,10.0
2484,side_green,side_green,63,20.0,9.419532892400374,10,0,0,11.0,9.0,12.0,10.0
2485,side_green,side_green,63,26.0,9.245719871457082,7,0,0,11.0,9.0,12.0,10.0
2486,side_green,side_green,63,32.0,9.309018312909783,6,0,0,11.0,9.0,12.0,10.0
2487,yellow_transition,yellow_transition,62,42.0,9.20698275745999,10,1,1,-13.0,5.0,-9.0,13.0
2488,yellow_transition,yellow_transition,62,54.0,8.87264067637344,13,1,1,-13.0,5.0,-9.0,13.0
2489,yellow_transition,yellow_transition,61,67.0,8.756742975715902,13,1,1,-13.0,5.0,-9.0,13.0
2490,main_green,main_green,62,18.0,8.633318845851553,7,2,2,-13.0,5.0,-9.0,13.0
2491,main_green,main_green,61,4.0,8.814112156021132,2,2,2,-13.0,5.0,-9.0,13.0
2492,main_green,main_green,61,3.0,9.069300757137498,3,2,2,-13.0,5.0,-9.0,13.0
2493,main_green,main_green,60,5.0,9.56737169116328,2,2,2,-13.0,5.0,-9.0,13.0
2494,main_green,main_green,60,9.0,10.09998113815055,4,2,2,-13.0,5.0,-9.0,13.0
2495,main_green,main_green,56,13.0,10.26957281894965,5,2,2,-13.0,5.0,-9.0,13.0
2496,main_green,main_green,58,17.0,9.82839384299412,9,2,2,-13.0,5.0,-9.0,13.0
2497,main_green,main_green,56,21.0,10.204031277553659,4,2,2,-13.0,5.0,-9.0,13.0
2498,main_green,main_green,51,25.0,10.271504739627115,4,2,2,-13.0,5.0,-9.0,13.0
2499,main_green,main_green,50,29.0,10.47323825964167,4,2,2,-13.0,5.0,-9.0,13.0
2500,main_green,main_green,49,33.0,10.23397498822215,6,2,2,0.0,10.0,-2.0,8.0
2501,main_green,main_green,47,37.0,10.269988736544327,4,2,2,0.0,10.0,-2.0,8.0
2502,main_green,main_green,47,41.0,10.275742658781748,4,2,2,0.0,10.0,-2.0,8.0
2503,main_green,main_green,47,45.0,10.068773475238414,4,2,2,0.0,10.0,-2.0,8.0
2504,main_green,main_green,48,50.0,9.933021251548205,6,2,2,0.0,10.0,-2.0,8.0
2505,main_green,main_green,49,57.0,9.779256069548719,8,2,2,0.0,10.0,-2.0,8.0
2506,main_green,main_green,49,65.0,10.008412091519338,8,2,2,0.0,10.0,-2.0,8.0
2507,main_green,main_green,49,73.0,10.099242584445037,8,2,2,0.0,10.0,-2.0,8.0
2508,main_green,main_green,54,81.0,9.323320586861545,13,2,2,0.0,10.0,-2.0,8.0
2509,main_green,main_green,54,89.0,9.404464329189532,8,2,2,0.0,10.0,-2.0,8.0
2510,main_green,main_green,55,97.0,9.487118264720552,9,2,2,4.0,14.0,2.0,12.0
2511,main_green,main_green,55,105.0,9.809969220440346,8,2,2,4.0,14.0,2.0,12.0
2512,main_green,main_green,56,113.0,9.67076067936293,9,2,2,4.0,14.0,2.0,12.0
2513,main_green,main_green,56,121.0,9.702843957102033,8,2,2,4.0,14.0,2.0,12.0
2514,main_green,main_green,56,129.0,9.684187363543657,8,2,2,4.0,14.0,2.0,12.0
2515,main_green,main_green,57,138.0,9.377085572541429,10,2,2,4.0,14.0,2.0,12.0
2516,main_green,main_green,57,147.0,9.313712442846535,10,2,2,4.0,14.0,2.0,12.0
2517,main_green,main_green,56,159.0,9.351328781987734,12,2,2,4.0,14.0,2.0,12.0
2518,main_green,main_green,55,171.0,9.324981550637569,12,2,2,4.0,14.0,2.0,12.0
2519,main_green,main_green,54,183.0,9.450972195539126,12,2,2,4.0,14.0,2.0,12.0
2520,main_green,main_green,57,195.0,8.594350013822176,17,2,2,5.0,15.0,1.0,11.0
2521,main_green,main_green,55,207.0,8.398233307961146,13,2,2,5.0,15.0,1.0,11.0
2522,main_green,main_green,55,219.0,8.691135026414269,12,2,2,5.0,15.0,1.0,11.0
2523,main_green,main_green,54,231.0,8.942312815531801,12,2,2,5.0,15.0,1.0,11.0
2524,main_green,main_green,54,243.0,8.762937843814568,13,2,2,5.0,15.0,1.0,11.0
2525,main_green,main_green,54,255.0,8.902785641896985,12,2,2,5.0,15.0,1.0,11.0
2526,main_green,main_green,55,267.0,8.860856178942873,13,2,2,5.0,15.0,1.0,11.0
2527,main_green,main_green,55,279.0,8.830970887892184,12,2,2,5.0,15.0,1.0,11.0
2528,main_green,main_green,56,291.0,8.653555325162404,13,2,2,5.0,15.0,1.0,11.0
2529,main_green,main_green,56,306.0,8.569710399797653,15,2,2,5.0,15.0,1.0,11.0
2530,main_green,main_green,56,321.0,8.787159566087771,15,2,2,8.0,10.0,8.0,8.0
2531,main_green,main_green,57,337.0,8.745514139404222,17,2,2,8.0,10.0,8.0,8.0
2532,main_green,main_green,62,353.0,8.066476550223086,21,2,2,8.0,10.0,8.0,8.0
2533,main_green,main_green,62,369.0,8.247912480228205,16,2,2,8.0,10.0,8.0,8.0
2534,main_green,main_green,62,385.0,8.520437597333963,16,2,2,8.0,10.0,8.0,8.0
2535,main_green,main_green,62,401.0,8.649543375056496,16,2,2,8.0,10.0,8.0,8.0
2536,main_green,main_green,64,417.0,8.434370927650345,18,2,2,8.0,10.0,8.0,8.0
2537,main_green,main_green,64,433.0,8.46071110613337,16,2,2,8.0,10.0,8.0,8.0
2538,main_green,main_green,64,449.0,8.477273595351079,16,2,2,8.0,10.0,8.0,8.0
2539,main_green,main_green,64,465.0,8.443731736625308,16,2,2,8.0,10.0,8.0,8.0
2540,yellow_transition,yellow_transition,64,483.0,8.207851337295926,19,3,3,10.0,8.0,9.0,7.0
2541,yellow_transition,yellow_transition,64,503.0,8.108676935147498,21,3,3,10.0,8.0,9.0,7.0
2542,yellow_transition,yellow_transition,63,523.0,8.039795963355063,20,3,3,10.0,8.0,9.0,7.0
2543,side_green,side_green,63,182.0,8.064274714071678,12,0,0,10.0,8.0,9.0,7.0
2544,side_green,side_green,66,18.0,7.542443784542597,9,0,0,10.0,8.0,9.0,7.0
2545,side_green,side_green,65,1.0,8.029478059462738,1,0,0,10.0,8.0,9.0,7.0
2546,side_green,side_green,65,3.0,8.528557435732376,3,0,0,10.0,8.0,9.0,7.0
2547,side_green,side_green,64,6.0,9.194317657066803,3,0,0,10.0,8.0,9.0,7.0
2548,side_green,side_green,65,10.0,9.383118080045882,5,0,0,10.0,8.0,9.0,7.0
2549,side_green,side_green,62,14.0,9.679360778186219,4,0,0,10.0,8.0,9.0,7.0
2550,side_green,side_green,61,22.0,10.11160928791233,8,0,0,10.0,8.0,9.0,7.0
2551,side_green,side_green,59,30.0,10.03516421476234,9,0,0,10.0,8.0,9.0,7.0
2552,side_green,side_green,60,38.0,9.903296590072099,9,0,0,10.0,8.0,9.0,7.0
2553,yellow_transition,yellow_transition,60,47.0,9.833103671903936,9,1,1,-14.0,14.0,-16.0,4.0
2554,yellow_transition,yellow_transition,60,56.0,9.743017763419022,9,1,1,-14.0,14.0,-16.0,4.0
2555,yellow_transition,yellow_transition,59,67.0,9.59287979638593,11,1,1,-14.0,14.0,-16.0,4.0
2556,main_green,main_green,63,17.0,8.956211311896677,9,2,2,-14.0,14.0,-16.0,4.0
2557,main_green,main_green,64,0.0,8.999854987418612,1,2,2,-14.0,14.0,-16.0,4.0
2558,main_green,main_green,64,0.0,9.426486780218593,0,2,2,-14.0,14.0,-16.0,4.0
2559,main_green,main_green,63,0.0,10.116201258197192,0,2,2,-14.0,14.0,-16.0,4.0
2560,main_green,main_green,64,0.0,10.477341946278633,1,2,2,-14.0,14.0,-16.0,4.0
2561,main_green,main_green,63,0.0,11.008924174816979,0,2,2,-14.0,14.0,-16.0,4.0
2562,main_green,main_green,58,0.0,11.03708951886569,1,2,2,-14.0,14.0,-16.0,4.0
2563,main_green,main_green,57,2.0,11.155591996193122,2,2,2,-14.0,14.0,-16.0,4.0
2564,main_green,main_green,53,4.0,10.881801731487878,3,2,2,-14.0,14.0,-16.0,4.0
2565,main_green,main_green,51,7.0,11.046146664778,3,2,2,-14.0,14.0,-16.0,4.0
2566,main_green,main_green,48,11.0,11.127036155514956,4,2,2,-8.0,4.0,-6.0,6.0
2567,main_green,main_green,47,15.0,10.912742474553088,5,2,2,-8.0,4.0,-6.0,6.0
2568,main_green,main_green,49,19.0,9.866951746651056,9,2,2,-8.0,4.0,-6.0,6.0
2569,main_green,main_green,48,23.0,10.230617916174063,4,2,2,-8.0,4.0,-6.0,6.0
2570,main_green,main_green,47,27.0,10.451031275313548,4,2,2,-8.0,4.0,-6.0,6.0
2571,main_green,main_green,47,31.0,10.817521984749307,4,2,2,-8.0,4.0,-6.0,6.0
2572,main_green,main_green,49,35.0,10.480091311550046,6,2,2,-8.0,4.0,-6.0,6.0
2573,main_green,main_green,49,39.0,10.506206806601845,4,2,2,-8.0,4.0,-6.0,6.0
2574,main_green,main_green,49,43.0,10.5552845030394,4,2,2,-8.0,4.0,-6.0,6.0
2575,main_green,main_green,49,47.0,10.379005231602994,4,2,2,-8.0,4.0,-6.0,6.0
2576,main_green,main_green,50,53.0,10.229336270968854,7,2,2,-3.0,9.0,1.0,17.0
2577,main_green,main_green,51,61.0,10.08518884899367,9,2,2,-3.0,9.0,1.0,17.0
2578,main_green,main_green,51,69.0,10.33327812118103,8,2,2,-3.0,9.0,1.0,17.0
2579,main_green,main_green,51,77.0,10.407551875953127,8,2,2,-3.0,9.0,1.0,17.0
2580,main_green,main_green,56,85.0,9.520910929078463,13,2,2,-3.0,9.0,1.0,17.0
2581,main_green,main_green,56,93.0,9.764933891898107,8,2,2,-3.0,9.0,1.0,17.0
2582,main_green,main_green,54,101.0,9.756453706961677,9,2,2,-3.0,9.0,1.0,17.0
2583,main_green,main_green,54,109.0,9.838697140701436,8,2,2,-3.0,9.0,1.0,17.0
2584,main_green,main_green,53,117.0,9.589431632895973,9,2,2,-3.0,9.0,1.0,17.0
2585,main_green,main_green,52,125.0,9.502074850293623,8,2,2,-3.0,9.0,1.0,17.0
2586,main_green,main_green,49,134.0,9.34542177634575,9,2,2,3.0,7.0,7.0,17.0
2587,main_green,main_green,49,143.0,9.121068849848308,10,2,2,3.0,7.0,7.0,17.0
2588,main_green,main_green,49,153.0,9.040056715894378,11,2,2,3.0,7.0,7.0,17.0
2589,main_green,main_green,49,165.0,9.10417902659169,12,2,2,3.0,7.0,7.0,17.0
2590,main_green,main_green,49,177.0,9.255272901033615,12,2,2,3.0,7.0,7.0,17.0
2591,main_green,main_green,49,189.0,9.270231353281277,12,2,2,3.0,7.0,7.0,17.0
2592,main_green,main_green,54,201.0,8.501263643404597,17,2,2,3.0,7.0,7.0,17.0
2593,main_green,main_green,55,213.0,8.584790384215232,13,2,2,3.0,7.0,7.0,17.0
2594,main_green,main_green,55,225.0,8.948770005867678,12,2,2,3.0,7.0,7.0,17.0
2595,main_green,main_green,55,237.0,9.060953284897524,12,2,2,3.0,7.0,7.0,17.0
2596,main_green,main_green,56,249.0,8.946058770628115,13,2,2,10.0,10.0,9.0,11.0
2597,main_green,main_green,56,261.0,9.056897273600503,12,2,2,10.0,10.0,9.0,11.0
2598,main_green,main_green,57,273.0,8.891674639144815,13,2,2,10.0,10.0,9.0,11.0
2599,main_green,main_green,57,285.0,9.007108845690368,12,2,2,10.0,10.0,9.0,11.0
2600,main_green,main_green,58,298.0,8.87661453772734,14,2,2,10.0,10.0,9.0,11.0
2601,main_green,main_green,58,313.0,8.858859073399806,15,2,2,10.0,10.0,9.0,11.0
2602,main_green,main_green,58,328.0,8.92455527507089,15,2,2,10.0,10.0,9.0,11.0
2603,main_green,main_green,59,344.0,8.8803315660063,17,2,2,10.0,10.0,9.0,11.0
2604,main_green,main_green,63,360.0,8.258321750975986,21,2,2,10.0,10.0,9.0,11.0
2605,main_green,main_green,63,376.0,8.472691963656382,16,2,2,10.0,10.0,9.0,11.0
2606,yellow_transition,yellow_transition,61,392.0,8.58684618130275,16,3,3,12.0,10.0,11.0,7.0
2607,yellow_transition,yellow_transition,60,408.0,8.54167841726498,16,3,3,12.0,10.0,11.0,7.0
2608,yellow_transition,yellow_transition,61,424.0,7.95885021246289,18,3,3,12.0,10.0,11.0,7.0
2609,side_green,side_green,61,123.0,7.944358542158216,8,0,0,12.0,10.0,11.0,7.0
2610,side_green,side_green,59,3.0,8.145075580124772,3,0,0,12.0,10.0,11.0,7.0
2611,side_green,side_green,59,2.0,8.716018904299338,1,0,0,12.0,10.0,11.0,7.0
2612,side_green,side_green,60,4.0,9.06799072732326,3,0,0,12.0,10.0,11.0,7.0
2613,side_green,side_green,60,8.0,9.315750432486537,5,0,0,12.0,10.0,11.0,7.0
2614,side_green,side_green,59,12.0,9.781246804189488,4,0,0,12.0,10.0,11.0,7.0
2615,side_green,side_green,59,18.0,10.119532233316159,6,0,0,12.0,10.0,11.0,7.0
2616,side_green,side_green,63,24.0,9.424927684695227,11,0,0,12.0,10.0,11.0,7.0
2617,side_green,side_green,62,32.0,9.63332595757203,8,0,0,12.0,10.0,11.0,7.0
2618,side_green,side_green,63,40.0,9.480455086426325,9,0,0,12.0,10.0,11.0,7.0
2619,yellow_transition,yellow_transition,62,50.0,9.525110565057918,10,1,1,-12.0,6.0,-10.0,10.0
2620,yellow_transition,yellow_transition,62,60.0,9.209147253266348,11,1,1,-12.0,6.0,-10.0,10.0
2621,yellow_transition,yellow_transition,61,72.0,8.927651035840286,12,1,1,-12.0,6.0,-10.0,10.0
2622,main_green,main_green,61,14.0,9.032313292843792,4,2,2,-12.0,6.0,-10.0,10.0
2623,main_green,main_green,60,1.0,9.006531546507803,2,2,2,-12.0,6.0,-10.0,10.0
2624,main_green,main_green,61,3.0,9.207731097328779,3,2,2,-12.0,6.0,-10.0,10.0
2625,main_green,main_green,61,6.0,9.743163818580685,3,2,2,-12.0,6.0,-10.0,10.0
2626,main_green,main_green,61,10.0,10.32996297117085,4,2,2,-12.0,6.0,-10.0,10.0
2627,main_green,main_green,56,14.0,10.793523757163822,4,2,2,-12.0,6.0,-10.0,10.0
2628,main_green,main_green,55,18.0,10.154212848797844,9,2,2,-12.0,6.0,-10.0,10.0
2629,main_green,main_green,52,22.0,10.323344058699961,5,2,2,-12.0,6.0,-10.0,10.0
2630,main_green,main_green,50,26.0,10.642392563154068,4,2,2,-12.0,6.0,-10.0,10.0
2631,main_green,main_green,49,30.0,10.85800370284034,4,2,2,-12.0,6.0,-10.0,10.0
2632,main_green,main_green,46,34.0,10.658980288330142,5,2,2,0.0,10.0,-1.0,9.0
2633,main_green,main_green,45,38.0,10.539482827762118,4,2,2,0.0,10.0,-1.0,9.0
2634,main_green,main_green,46,42.0,10.316899998457508,5,2,2,0.0,10.0,-1.0,9.0
2635,main_green,main_green,46,46.0,10.2757318016443,4,2,2,0.0,10.0,-1.0,9.0
2636,main_green,main_green,47,53.0,10.276353919119337,8,2,2,0.0,10.0,-1.0,9.0
2637,main_green,main_green,47,60.0,10.266528270785729,7,2,2,0.0,10.0,-1.0,9.0
2638,main_green,main_green,47,68.0,10.300270302485554,8,2,2,0.0,10.0,-1.0,9.0
2639,main_green,main_green,48,76.0,10.1951440465208,9,2,2,0.0,10.0,-1.0,9.0
2640,main_green,main_green,53,84.0,9.33410304166229,13,2,2,0.0,10.0,-1.0,9.0
2641,main_green,main_green,53,92.0,9.699395617813696,8,2,2,0.0,10.0,-1.0,9.0
2642,main_green,main_green,53,100.0,9.880527035616785,8,2,2,4.0,12.0,4.0,14.0
2643,main_green,main_green,53,108.0,10.111507718812998,8,2,2,4.0,12.0,4.0,14.0
2644,main_green,main_green,55,116.0,9.720086710409195,10,2,2,4.0,12.0,4.0,14.0
2645,main_green,main_green,55,124.0,9.659625985645901,8,2,2,4.0,12.0,4.0,14.0
2646,main_green,main_green,55,132.0,9.721886271868996,8,2,2,4.0,12.0,4.0,14.0
2647,main_green,main_green,54,143.0,9.743729398862175,11,2,2,4.0,12.0,4.0,14.0
2648,main_green,main_green,52,154.0,9.393868476111264,12,2,2,4.0,12.0,4.0,14.0
2649,main_green,main_green,53,166.0,9.38236525670006,13,2,2,4.0,12.0,4.0,14.0
2650,main_green,main_green,49,178.0,9.269604701678373,12,2,2,4.0,12.0,4.0,14.0
2651,main_green,main_green,48,190.0,9.203492679992218,12,2,2,4.0,12.0,4.0,14.0
2652,main_green,main_green,53,202.0,8.454623685754036,17,2,2,7.0,15.0,7.0,11.0
2653,main_green,main_green,53,214.0,8.651225499318477,12,2,2,7.0,15.0,7.0,11.0
2654,main_green,main_green,54,226.0,8.842665335517358,13,2,2,7.0,15.0,7.0,11.0
2655,main_green,main_green,53,238.0,8.857307611287549,12,2,2,7.0,15.0,7.0,11.0
2656,main_green,main_green,54,250.0,8.575573477003456,13,2,2,7.0,15.0,7.0,11.0
2657,main_green,main_green,54,262.0,8.801386658170237,12,2,2,7.0,15.0,7.0,11.0
2658,main_green,main_green,54,274.0,8.879454922829128,12,2,2,7.0,15.0,7.0,11.0
2659,main_green,main_green,55,286.0,8.649495787591837,13,2,2,7.0,15.0,7.0,11.0
2660,main_green,main_green,56,301.0,8.575957056207551,16,2,2,7.0,15.0,7.0,11.0
2661,main_green,main_green,56,317.0,8.70830771883009,16,2,2,7.0,15.0,7.0,11.0
2662,main_green,main_green,56,333.0,8.755839201202125,16,2,2,10.0,14.0,8.0,8.0
2663,main_green,main_green,56,349.0,8.95747336572759,16,2,2,10.0,14.0,8.0,8.0
2664,main_green,main_green,61,365.0,8.166868091174596,21,2,2,10.0,14.0,8.0,8.0
2665,main_green,main_green,62,381.0,8.312947391473697,17,2,2,10.0,14.0,8.0,8.0
2666,main_green,main_green,62,397.0,8.537165807278305,16,2,2,10.0,14.0,8.0,8.0
2667,main_green,main_green,62,413.0,8.617901740912972,16,2,2,10.0,14.0,8.0,8.0
2668,main_green,main_green,63,429.0,8.567458217147777,17,2,2,10.0,14.0,8.0,8.0
2669,main_green,main_green,63,445.0,8.495344587499996,16,2,2,10.0,14.0,8.0,8.0
2670,main_green,main_green,62,462.0,8.313868645073155,18,2,2,10.0,14.0,8.0,8.0
2671,main_green,main_green,61,480.0,8.163545253300686,18,2,2,10.0,14.0,8.0,8.0
2672,yellow_transition,yellow_transition,59,499.0,7.784675262073258,20,3,3,11.0,9.0,11.0,9.0
2673,yellow_transition,yellow_transition,59,519.0,7.81719477461082,20,3,3,11.0,9.0,11.0,9.0
2674,yellow_transition,yellow_transition,56,539.0,7.6520325000029015,20,3,3,11.0,9.0,11.0,9.0
2675,side_green,side_green,57,195.0,7.635379435972839,13,0,0,11.0,9.0,11.0,9.0
2676,side_green,side_green,60,22.0,7.264347481097484,9,0,0,11.0,9.0,11.0,9.0
2677,side_green,side_green,60,1.0,7.85760181828561,1,0,0,11.0,9.0,11.0,9.0
2678,side_green,side_green,60,3.0,8.498124622219605,2,0,0,11.0,9.0,11.0,9.0
2679,side_green,side_green,60,7.0,9.108376616169272,4,0,0,11.0,9.0,11.0,9.0
2680,side_green,side_green,62,11.0,9.546149872009474,6,0,0,11.0,9.0,11.0,9.0
2681,side_green,side_green,62,15.0,10.246593278295144,4,0,0,11.0,9.0,11.0,9.0
2682,side_green,side_green,62,21.0,10.695060719784117,6,0,0,11.0,9.0,11.0,9.0
2683,side_green,side_green,61,28.0,10.766253702132275,7,0,0,11.0,9.0,11.0,9.0
2684,side_green,side_green,62,35.0,10.498416789135222,8,0,0,11.0,9.0,11.0,9.0
2685,yellow_transition,yellow_transition,62,44.0,10.19311329393544,10,1,1,-18.0,6.0,-15.0,7.0
2686,yellow_transition,yellow_transition,62,53.0,10.124047331582998,9,1,1,-18.0,6.0,-15.0,7.0
2687,yellow_transition,yellow_transition,61,62.0,9.913255502284633,9,1,1,-18.0,6.0,-15.0,7.0
2688,main_green,main_green,65,9.0,9.147369731211718,8,2,2,-18.0,6.0,-15.0,7.0
2689,main_green,main_green,64,2.0,9.258609569173089,1,2,2,-18.0,6.0,-15.0,7.0
2690,main_green,main_green,65,0.0,9.704515121089724,1,2,2,-18.0,6.0,-15.0,7.0
2691,main_green,main_green,65,0.0,10.227105432640254,0,2,2,-18.0,6.0,-15.0,7.0
2692,main_green,main_green,65,0.0,10.693612817529516,1,2,2,-18.0,6.0,-15.0,7.0
2693,main_green,main_green,60,0.0,11.063288023282702,0,2,2,-18.0,6.0,-15.0,7.0
2694,main_green,main_green,57,0.0,11.436158433115189,0,2,2,-18.0,6.0,-15.0,7.0
2695,main_green,main_green,53,0.0,11.15351372417645,1,2,2,-18.0,6.0,-15.0,7.0
2696,main_green,main_green,49,2.0,10.974291137272195,3,2,2,-18.0,6.0,-15.0,7.0
2697,main_green,main_green,47,5.0,11.05406339222971,3,2,2,-18.0,6.0,-15.0,7.0
2698,main_green,main_green,43,9.0,10.977014998851997,4,2,2,-5.0,9.0,-5.0,9.0
2699,main_green,main_green,41,13.0,11.017219001051972,4,2,2,-5.0,9.0,-5.0,9.0
2700,main_green,main_green,46,17.0,9.849593681920634,9,2,2,-5.0,9.0,-5.0,9.0
2701,main_green,main_green,47,21.0,9.946769614127883,5,2,2,-5.0,9.0,-5.0,9.0
2702,main_green,main_green,47,25.0,10.24309606557814,4,2,2,-5.0,9.0,-5.0,9.0
2703,main_green,main_green,47,29.0,10.476144656846428,4,2,2,-5.0,9.0,-5.0,9.0
2704,main_green,main_green,48,33.0,10.406363611775278,5,2,2,-5.0,9.0,-5.0,9.0
2705,main_green,main_green,48,37.0,10.555608174940225,4,2,2,-5.0,9.0,-5.0,9.0
2706,main_green,main_green,49,41.0,10.39813780825339,5,2,2,-5.0,9.0,-5.0,9.0
2707,main_green,main_green,49,45.0,10.183478226113424,4,2,2,-5.0,9.0,-5.0,9.0
2708,main_green,main_green,50,51.0,10.038671196506796,7,2,2,-1.0,13.0,-1.0,15.0
2709,main_green,main_green,50,57.0,10.135245373734023,6,2,2,-1.0,13.0,-1.0,15.0
2710,main_green,main_green,50,65.0,10.229171576290675,8,2,2,-1.0,13.0,-1.0,15.0
2711,main_green,main_green,51,73.0,10.151850093764246,9,2,2,-1.0,13.0,-1.0,15.0
2712,main_green,main_green,56,81.0,9.28570954167667,13,2,2,-1.0,13.0,-1.0,15.0
2713,main_green,main_green,56,89.0,9.620594311435967,8,2,2,-1.0,13.0,-1.0,15.0
2714,main_green,main_green,54,97.0,9.628415525775452,8,2,2,-1.0,13.0,-1.0,15.0
2715,main_green,main_green,53,105.0,9.790345695776379,8,2,2,-1.0,13.0,-1.0,15.0
2716,main_green,main_green,54,113.0,9.685662092888222,10,2,2,-1.0,13.0,-1.0,15.0
2717,main_green,main_green,51,121.0,9.588437626446664,8,2,2,-1.0,13.0,-1.0,15.0
2718,main_green,main_green,51,129.0,9.50285134464972,8,2,2,4.0,12.0,5.0,15.0
2719,main_green,main_green,50,137.0,9.466554550726046,8,2,2,4.0,12.0,5.0,15.0
2720,main_green,main_green,50,146.0,9.095786453713455,10,2,2,4.0,12.0,5.0,15.0
2721,main_green,main_green,51,157.0,9.00794153026353,12,2,2,4.0,12.0,5.0,15.0
2722,main_green,main_green,50,169.0,9.145738777838579,12,2,2,4.0,12.0,5.0,15.0
2723,main_green,main_green,50,181.0,9.300967754869925,12,2,2,4.0,12.0,5.0,15.0
2724,main_green,main_green,55,193.0,8.55477833670284,17,2,2,4.0,12.0,5.0,15.0
2725,main_green,main_green,55,205.0,8.737869250223401,12,2,2,4.0,12.0,5.0,15.0
2726,main_green,main_green,56,217.0,8.888799357416945,13,2,2,4.0,12.0,5.0,15.0
2727,main_green,main_green,56,229.0,9.029380035818823,12,2,2,4.0,12.0,5.0,15.0
2728,yellow_transition,yellow_transition,57,241.0,8.816554999958647,13,3,3,11.0,11.0,8.0,6.0
2729,yellow_transition,yellow_transition,57,253.0,8.872736431257817,12,3,3,11.0,11.0,8.0,6.0
2730,yellow_transition,yellow_transition,57,265.0,8.709753378820658,12,3,3,11.0,11.0,8.0,6.0
2731,main_green,side_green,58,164.0,8.825267617040431,10,2,0,11.0,11.0,8.0,6.0
2732,main_green,side_green,59,147.0,8.806099655104468,7,2,0,11.0,11.0,8.0,6.0
2733,main_green,side_green,59,155.0,9.14958173528588,8,2,0,11.0,11.0,8.0,6.0
2734,main_green,side_green,59,163.0,9.504020633250347,8,2,0,11.0,11.0,8.0,6.0
2735,main_green,side_green,59,172.0,9.809043474484543,9,2,0,11.0,11.0,8.0,6.0
2736,main_green,side_green,62,181.0,9.131941835125362,14,2,0,11.0,11.0,8.0,6.0
2737,main_green,side_green,62,190.0,9.232044738185088,10,2,0,11.0,11.0,8.0,6.0
2738,main_green,side_green,62,199.0,9.51261689189746,9,2,0,11.0,11.0,8.0,6.0
2739,main_green,side_green,60,209.0,9.327804403691065,10,2,0,11.0,11.0,8.0,6.0
2740,main_green,side_green,60,219.0,9.103490517323301,11,2,0,11.0,11.0,8.0,6.0
2741,yellow_transition,yellow_transition,60,230.0,8.988965983292854,11,3,1,11.0,5.0,-8.0,14.0
2742,yellow_transition,yellow_transition,61,242.0,8.66873758994741,13,3,1,11.0,5.0,-8.0,14.0
2743,yellow_transition,yellow_transition,59,254.0,8.415114678817828,12,3,1,11.0,5.0,-8.0,14.0
2744,side_green,main_green,60,81.0,8.377895041938025,9,0,2,11.0,5.0,-8.0,14.0
2745,side_green,main_green,59,4.0,8.690175916126298,2,0,2,11.0,5.0,-8.0,14.0
2746,side_green,main_green,59,1.0,9.231576121495031,1,0,2,11.0,5.0,-8.0,14.0
2747,side_green,main_green,59,3.0,9.511599474731787,3,0,2,11.0,5.0,-8.0,14.0
2748,side_green,main_green,63,6.0,9.29117783452014,8,0,2,11.0,5.0,-8.0,14.0
2749,side_green,main_green,63,9.0,9.917928142369936,3,0,2,11.0,5.0,-8.0,14.0
2750,side_green,main_green,61,12.0,10.365210818928889,3,0,2,11.0,5.0,-8.0,14.0
2751,side_green,main_green,55,15.0,10.664468487258006,3,0,2,11.0,5.0,-8.0,14.0
2752,side_green,main_green,55,20.0,10.445593872479016,7,0,2,11.0,5.0,-8.0,14.0
2753,side_green,main_green,53,25.0,10.477921885394576,5,0,2,11.0,5.0,-8.0,14.0
2754,yellow_transition,yellow_transition,53,30.0,10.555314886384272,5,1,3,-8.0,14.0,-3.0,5.0
2755,yellow_transition,yellow_transition,53,35.0,10.322189131208793,5,1,3,-8.0,14.0,-3.0,5.0
2756,yellow_transition,yellow_transition,52,42.0,9.579712987514196,8,1,3,-8.0,14.0,-3.0,5.0
2757,main_green,main_green,53,17.0,9.614124859567776,5,2,2,-8.0,14.0,-3.0,5.0
2758,main_green,main_green,52,19.0,9.93447907996845,4,2,2,-8.0,14.0,-3.0,5.0
2759,main_green,main_green,52,24.0,10.209000862178922,5,2,2,-8.0,14.0,-3.0,5.0
2760,main_green,main_green,57,29.0,9.656977269550795,10,2,2,-8.0,14.0,-3.0,5.0
2761,main_green,main_green,57,34.0,10.203350168492488,5,2,2,-8.0,14.0,-3.0,5.0
2762,main_green,main_green,55,39.0,10.225371107409265,6,2,2,-8.0,14.0,-3.0,5.0
2763,main_green,main_green,53,44.0,10.595552814170222,5,2,2,-8.0,14.0,-3.0,5.0
2764,main_green,main_green,51,49.0,10.476199317730677,6,2,2,-8.0,14.0,-3.0,5.0
2765,main_green,main_green,51,54.0,10.695970305945897,5,2,2,-8.0,14.0,-3.0,5.0
2766,main_green,main_green,50,59.0,10.478662384305252,5,2,2,-8.0,14.0,-3.0,5.0
2767,main_green,main_green,49,64.0,10.198656847435,6,2,2,3.0,17.0,-2.0,4.0
2768,main_green,main_green,50,70.0,10.033893644802891,7,2,2,3.0,17.0,-2.0,4.0
2769,main_green,main_green,50,77.0,10.133621255260445,7,2,2,3.0,17.0,-2.0,4.0
2770,main_green,main_green,49,86.0,10.15734458588973,9,2,2,3.0,17.0,-2.0,4.0
2771,main_green,main_green,49,95.0,10.189854182317434,9,2,2,3.0,17.0,-2.0,4.0
2772,main_green,main_green,52,104.0,9.177962547182833,14,2,2,3.0,17.0,-2.0,4.0
2773,main_green,main_green,52,113.0,9.271388822380043,10,2,2,3.0,17.0,-2.0,4.0
2774,main_green,main_green,52,122.0,9.574767170274136,9,2,2,3.0,17.0,-2.0,4.0
2775,main_green,main_green,52,131.0,9.77488463364047,9,2,2,3.0,17.0,-2.0,4.0
2776,main_green,main_green,52,140.0,9.566001173791758,10,2,2,3.0,17.0,-2.0,4.0
2777,main_green,main_green,52,149.0,9.594412842687548,9,2,2,3.0,9.0,10.0,18.0
2778,main_green,main_green,53,158.0,9.320530637328822,10,2,2,3.0,9.0,10.0,18.0
2779,main_green,main_green,53,168.0,9.292444332051165,10,2,2,3.0,9.0,10.0,18.0
2780,main_green,main_green,54,179.0,9.294143818352085,12,2,2,3.0,9.0,10.0,18.0
2781,main_green,main_green,52,192.0,9.259981251664005,13,2,2,3.0,9.0,10.0,18.0
2782,main_green,main_green,52,205.0,9.348521909347026,13,2,2,3.0,9.0,10.0,18.0
2783,main_green,main_green,52,218.0,9.154524790866917,14,2,2,3.0,9.0,10.0,18.0
2784,main_green,main_green,56,231.0,8.433244732884456,18,2,2,3.0,9.0,10.0,18.0
2785,main_green,main_green,56,244.0,8.674542151158294,13,2,2,3.0,9.0,10.0,18.0
2786,main_green,main_green,56,257.0,8.970280886545693,13,2,2,3.0,9.0,10.0,18.0
2787,yellow_transition,yellow_transition,55,270.0,8.857769154806324,13,3,3,9.0,9.0,12.0,10.0
2788,yellow_transition,yellow_transition,56,283.0,8.242956529871378,15,3,3,9.0,9.0,12.0,10.0
2789,yellow_transition,yellow_transition,56,296.0,8.154765529125942,13,3,3,9.0,9.0,12.0,10.0
2790,main_green,side_green,56,175.0,8.220576559562067,9,2,0,9.0,9.0,12.0,10.0
2791,main_green,side_green,56,137.0,8.433993765243786,7,2,0,9.0,9.0,12.0,10.0
2792,main_green,side_green,56,147.0,8.323435491498659,11,2,0,9.0,9.0,12.0,10.0
2793,main_green,side_green,56,157.0,8.381246568812069,11,2,0,9.0,9.0,12.0,10.0
2794,main_green,side_green,56,167.0,8.586255342725936,10,2,0,9.0,9.0,12.0,10.0
2795,main_green,side_green,56,179.0,9.024331927733162,12,2,0,9.0,9.0,12.0,10.0
2796,main_green,side_green,60,191.0,8.4373796802014,17,2,0,9.0,9.0,12.0,10.0
2797,main_green,side_green,60,203.0,8.658343900687669,12,2,0,9.0,9.0,12.0,10.0
2798,main_green,side_green,61,215.0,8.792765445272737,13,2,0,9.0,9.0,12.0,10.0
2799,main_green,side_green,61,228.0,8.921757319453457,13,2,0,9.0,9.0,12.0,10.0
2800,yellow_transition,yellow_transition,61,242.0,8.792334020185221,15,3,1,10.0,2.0,-7.0,17.0
2801,yellow_transition,yellow_transition,61,256.0,8.755505837803991,14,3,1,10.0,2.0,-7.0,17.0
2802,yellow_transition,yellow_transition,61,271.0,8.456921429484126,15,3,1,10.0,2.0,-7.0,17.0
2803,side_green,main_green,62,82.0,8.496984210714984,8,0,2,10.0,2.0,-7.0,17.0
2804,side_green,main_green,62,1.0,8.454409529824783,2,0,2,10.0,2.0,-7.0,17.0
2805,side_green,main_green,61,1.0,9.007491636365359,1,0,2,10.0,2.0,-7.0,17.0
2806,side_green,main_green,60,3.0,9.51521839343382,2,0,2,10.0,2.0,-7.0,17.0
2807,side_green,main_green,59,6.0,10.0338088470074,3,0,2,10.0,2.0,-7.0,17.0
2808,side_green,main_green,62,9.0,9.578733726987114,8,0,2,10.0,2.0,-7.0,17.0
2809,side_green,main_green,60,12.0,9.660538549426748,4,0,2,10.0,2.0,-7.0,17.0
2810,side_green,main_green,57,15.0,10.159449278892776,3,0,2,10.0,2.0,-7.0,17.0
2811,side_green,main_green,54,20.0,10.297355553954732,5,0,2,10.0,2.0,-7.0,17.0
2812,side_green,main_green,54,25.0,10.158772527134833,6,0,2,10.0,2.0,-7.0,17.0
2813,yellow_transition,yellow_transition,53,31.0,10.054862558636163,6,1,3,-8.0,16.0,-1.0,3.0
2814,yellow_transition,yellow_transition,54,37.0,9.837182585430888,7,1,3,-8.0,16.0,-1.0,3.0
2815,yellow_transition,yellow_transition,53,43.0,9.636040411773635,6,1,3,-8.0,16.0,-1.0,3.0
2816,main_green,main_green,54,28.0,9.506052938300947,6,2,2,-8.0,16.0,-1.0,3.0
2817,main_green,main_green,54,26.0,9.811595277976515,3,2,2,-8.0,16.0,-1.0,3.0
2818,main_green,main_green,54,30.0,10.027937723224527,4,2,2,-8.0,16.0,-1.0,3.0
2819,main_green,main_green,55,35.0,10.03643899327613,6,2,2,-8.0,16.0,-1.0,3.0
2820,main_green,main_green,60,41.0,9.391796742873051,11,2,2,-8.0,16.0,-1.0,3.0
2821,main_green,main_green,59,47.0,9.78553371914853,6,2,2,-8.0,16.0,-1.0,3.0
2822,main_green,main_green,59,53.0,10.138712993548095,6,2,2,-8.0,16.0,-1.0,3.0
2823,main_green,main_green,57,59.0,10.30323719297717,6,2,2,-8.0,16.0,-1.0,3.0
2824,main_green,main_green,55,65.0,10.047683153030924,8,2,2,-8.0,16.0,-1.0,3.0
2825,main_green,main_green,55,71.0,10.134564497748315,6,2,2,-8.0,16.0,-1.0,3.0
2826,main_green,main_green,52,77.0,9.957456105448209,6,2,2,-1.0,17.0,0.0,8.0
2827,main_green,main_green,51,83.0,10.082585085447713,6,2,2,-1.0,17.0,0.0,8.0
2828,main_green,main_green,51,91.0,9.747574480832498,9,2,2,-1.0,17.0,0.0,8.0
2829,main_green,main_green,50,99.0,9.432579898264953,9,2,2,-1.0,17.0,0.0,8.0
2830,main_green,main_green,50,109.0,9.613990801225132,10,2,2,-1.0,17.0,0.0,8.0
2831,main_green,main_green,48,119.0,9.486177522699256,10,2,2,-1.0,17.0,0.0,8.0
2832,main_green,main_green,53,129.0,8.645334702951898,15,2,2,-1.0,17.0,0.0,8.0
2833,main_green,main_green,52,139.0,8.875195755739353,10,2,2,-1.0,17.0,0.0,8.0
2834,main_green,main_green,53,149.0,8.962780313954909,11,2,2,-1.0,17.0,0.0,8.0
2835,main_green,main_green,52,159.0,9.022967737650221,10,2,2,-1.0,17.0,0.0,8.0
2836,main_green,main_green,53,169.0,8.973750289018742,11,2,2,1.0,5.0,13.0,23.0
2837,main_green,main_green,52,179.0,8.853674295520053,10,2,2,1.0,5.0,13.0,23.0
2838,main_green,main_green,52,189.0,8.910715503651288,10,2,2,1.0,5.0,13.0,23.0
2839,main_green,main_green,53,200.0,8.778541188466738,12,2,2,1.0,5.0,13.0,23.0
2840,main_green,main_green,53,213.0,8.60755323238769,14,2,2,1.0,5.0,13.0,23.0
2841,main_green,main_green,53,227.0,8.774304120797618,14,2,2,1.0,5.0,13.0,23.0
2842,main_green,main_green,53,241.0,8.78641380251405,14,2,2,1.0,5.0,13.0,23.0
2843,main_green,main_green,53,255.0,8.843459578030533,14,2,2,1.0,5.0,13.0,23.0
2844,main_green,main_green,57,269.0,8.160186781518407,19,2,2,1.0,5.0,13.0,23.0
2845,main_green,main_green,58,283.0,8.276708520723506,15,2,2,1.0,5.0,13.0,23.0
2846,main_green,main_green,58,297.0,8.585971202554521,14,2,2,6.0,8.0,18.0,18.0
2847,main_green,main_green,58,311.0,8.695045889584064,14,2,2,6.0,8.0,18.0,18.0
2848,main_green,main_green,59,325.0,8.521545622324108,15,2,2,6.0,8.0,18.0,18.0
2849,main_green,main_green,59,339.0,8.553324044082657,14,2,2,6.0,8.0,18.0,18.0
2850,main_green,main_green,60,353.0,8.337662571881449,15,2,2,6.0,8.0,18.0,18.0
2851,main_green,main_green,60,369.0,8.475357287461835,16,2,2,6.0,8.0,18.0,18.0
2852,main_green,main_green,60,385.0,8.26102227877681,17,2,2,6.0,8.0,18.0,18.0
2853,main_green,main_green,58,402.0,8.259594320819932,17,2,2,6.0,8.0,18.0,18.0
2854,main_green,main_green,58,420.0,8.229187561129583,18,2,2,6.0,8.0,18.0,18.0
2855,main_green,main_green,59,438.0,8.234853470793562,19,2,2,6.0,8.0,18.0,18.0
2856,yellow_transition,yellow_transition,63,456.0,7.515909926264852,23,3,3,8.0,10.0,12.0,8.0
2857,yellow_transition,yellow_transition,62,474.0,7.58540700952107,18,3,3,8.0,10.0,12.0,8.0
2858,yellow_transition,yellow_transition,61,492.0,7.513021425884123,18,3,3,8.0,10.0,12.0,8.0
2859,main_green,side_green,61,317.0,7.611072756453789,14,2,0,8.0,10.0,12.0,8.0
2860,main_green,side_green,62,224.0,7.272308725740191,13,2,0,8.0,10.0,12.0,8.0
2861,main_green,side_green,62,213.0,7.5782940540347195,9,2,0,8.0,10.0,12.0,8.0
2862,main_green,side_green,62,224.0,7.975502642724456,11,2,0,8.0,10.0,12.0,8.0
2863,main_green,side_green,62,236.0,8.526632300720532,12,2,0,8.0,10.0,12.0,8.0
2864,main_green,side_green,62,248.0,8.694215908397325,13,2,0,8.0,10.0,12.0,8.0
2865,main_green,side_green,63,261.0,8.856505908958182,14,2,0,8.0,10.0,12.0,8.0
2866,main_green,side_green,63,274.0,9.157294474925823,13,2,0,8.0,10.0,12.0,8.0
2867,main_green,side_green,63,287.0,9.187725289097427,13,2,0,8.0,10.0,12.0,8.0
2868,main_green,side_green,68,300.0,8.494899147310216,18,2,0,8.0,10.0,12.0,8.0
2869,yellow_transition,yellow_transition,67,314.0,8.61403967629504,14,3,1,15.0,7.0,-15.0,9.0
2870,yellow_transition,yellow_transition,67,329.0,8.367313338738496,16,3,1,15.0,7.0,-15.0,9.0
2871,yellow_transition,yellow_transition,66,344.0,8.321751038425333,15,3,1,15.0,7.0,-15.0,9.0
2872,side_green,main_green,67,128.0,8.474330544022662,10,0,2,15.0,7.0,-15.0,9.0
2873,side_green,main_green,65,22.0,8.70985844635043,3,0,2,15.0,7.0,-15.0,9.0
2874,side_green,main_green,65,3.0,9.23208042292338,1,0,2,15.0,7.0,-15.0,9.0
2875,side_green,main_green,64,4.0,9.326792469265827,2,0,2,15.0,7.0,-15.0,9.0
2876,side_green,main_green,64,7.0,9.588753677225789,4,0,2,15.0,7.0,-15.0,9.0
2877,side_green,main_green,61,10.0,9.908760406946826,3,0,2,15.0,7.0,-15.0,9.0
2878,side_green,main_green,60,15.0,10.167238494424584,5,0,2,15.0,7.0,-15.0,9.0
2879,side_green,main_green,57,21.0,10.302576158884978,6,0,2,15.0,7.0,-15.0,9.0
2880,side_green,main_green,60,27.0,9.542235161978796,11,0,2,15.0,7.0,-15.0,9.0
2881,side_green,main_green,60,34.0,9.674250003548929,8,0,2,15.0,7.0,-15.0,9.0
2882,yellow_transition,yellow_transition,56,41.0,9.534786654349626,7,1,3,-11.0,13.0,-3.0,5.0
2883,yellow_transition,yellow_transition,56,49.0,9.581189821648474,8,1,3,-11.0,13.0,-3.0,5.0
2884,yellow_transition,yellow_transition,57,57.0,9.501922083694012,9,1,3,-11.0,13.0,-3.0,5.0
2885,main_green,main_green,56,31.0,9.6685184607361,4,2,2,-11.0,13.0,-3.0,5.0
2886,main_green,main_green,57,23.0,9.75136051994088,4,2,2,-11.0,13.0,-3.0,5.0
2887,main_green,main_green,57,24.0,9.827091078457524,2,2,2,-11.0,13.0,-3.0,5.0
2888,main_green,main_green,57,26.0,9.69818402398868,3,2,2,-11.0,13.0,-3.0,5.0
2889,main_green,main_green,57,30.0,9.981111855237343,4,2,2,-11.0,13.0,-3.0,5.0
2890,main_green,main_green,57,35.0,10.298487649557787,5,2,2,-11.0,13.0,-3.0,5.0
2891,main_green,main_green,57,41.0,10.41065123455805,7,2,2,-11.0,13.0,-3.0,5.0
2892,main_green,main_green,61,47.0,9.730676334695454,11,2,2,-11.0,13.0,-3.0,5.0
2893,main_green,main_green,59,53.0,9.947688563517207,6,2,2,-11.0,13.0,-3.0,5.0
2894,main_green,main_green,57,59.0,10.093635566498957,6,2,2,-11.0,13.0,-3.0,5.0
2895,main_green,main_green,53,65.0,10.250478453696763,6,2,2,-3.0,11.0,0.0,4.0
2896,main_green,main_green,53,71.0,9.82266948396532,8,2,2,-3.0,11.0,0.0,4.0
2897,main_green,main_green,52,77.0,9.906286293811444,6,2,2,-3.0,11.0,0.0,4.0
2898,main_green,main_green,51,83.0,9.825676838476609,6,2,2,-3.0,11.0,0.0,4.0
2899,main_green,main_green,50,90.0,9.68057530524387,7,2,2,-3.0,11.0,0.0,4.0
2900,main_green,main_green,50,98.0,9.643215995754845,9,2,2,-3.0,11.0,0.0,4.0
2901,main_green,main_green,50,108.0,9.346973693695656,11,2,2,-3.0,11.0,0.0,4.0
2902,main_green,main_green,50,118.0,9.425303114335303,10,2,2,-3.0,11.0,0.0,4.0
2903,main_green,main_green,50,128.0,9.47988214247417,10,2,2,-3.0,11.0,0.0,4.0
2904,main_green,main_green,55,138.0,8.743612323539637,15,2,2,-3.0,11.0,0.0,4.0
2905,main_green,main_green,55,148.0,9.025461046667129,10,2,2,2.0,10.0,10.0,16.0
2906,main_green,main_green,56,158.0,9.079187481283642,11,2,2,2.0,10.0,10.0,16.0
2907,main_green,main_green,56,168.0,9.37077280631066,10,2,2,2.0,10.0,10.0,16.0
2908,main_green,main_green,57,178.0,9.276905365919262,11,2,2,2.0,10.0,10.0,16.0
2909,main_green,main_green,56,188.0,9.28831393155208,10,2,2,2.0,10.0,10.0,16.0
2910,main_green,main_green,54,198.0,9.247766626907552,10,2,2,2.0,10.0,10.0,16.0
2911,main_green,main_green,54,208.0,8.79051419585621,11,2,2,2.0,10.0,10.0,16.0
2912,main_green,main_green,55,218.0,8.936194279799112,11,2,2,2.0,10.0,10.0,16.0
2913,main_green,main_green,54,231.0,8.845753339286814,13,2,2,2.0,10.0,10.0,16.0
2914,main_green,main_green,54,244.0,8.927581655073444,13,2,2,2.0,10.0,10.0,16.0
2915,main_green,main_green,53,258.0,8.953599290524243,14,2,2,2.0,10.0,12.0,16.0
2916,main_green,main_green,58,272.0,8.22705204547998,19,2,2,2.0,10.0,12.0,16.0
2917,main_green,main_green,59,286.0,8.262220268071829,15,2,2,2.0,10.0,12.0,16.0
2918,main_green,main_green,58,300.0,8.602264504168492,14,2,2,2.0,10.0,12.0,16.0
2919,main_green,main_green,58,314.0,8.55629447648872,14,2,2,2.0,10.0,12.0,16.0
2920,main_green,main_green,58,328.0,8.438462208398267,15,2,2,2.0,10.0,12.0,16.0
2921,main_green,main_green,58,342.0,8.441812103362308,14,2,2,2.0,10.0,12.0,16.0
2922,main_green,main_green,58,356.0,8.14024672210919,15,2,2,2.0,10.0,12.0,16.0
2923,main_green,main_green,57,373.0,8.262207630609264,17,2,2,2.0,10.0,12.0,16.0
2924,main_green,main_green,58,390.0,8.114127564981896,18,2,2,2.0,10.0,12.0,16.0
2925,yellow_transition,yellow_transition,57,408.0,8.115762125529058,18,3,3,9.0,13.0,12.0,8.0
2926,yellow_transition,yellow_transition,57,426.0,8.228947885460698,18,3,3,9.0,13.0,12.0,8.0
2927,yellow_transition,yellow_transition,58,444.0,7.972056499259863,19,3,3,9.0,13.0,12.0,8.0
2928,main_green,side_green,63,277.0,7.561400427697043,19,2,0,9.0,13.0,12.0,8.0
2929,main_green,side_green,63,199.0,7.852392069935812,10,2,0,9.0,13.0,12.0,8.0
2930,main_green,side_green,63,194.0,8.202184386051282,9,2,0,9.0,13.0,12.0,8.0
2931,main_green,side_green,63,203.0,8.430866674620157,9,2,0,9.0,13.0,12.0,8.0
2932,main_green,side_green,65,213.0,8.391145352064461,12,2,0,9.0,13.0,12.0,8.0
2933,main_green,side_green,65,223.0,8.832243926106687,10,2,0,9.0,13.0,12.0,8.0
2934,main_green,side_green,64,234.0,8.923877982387944,11,2,0,9.0,13.0,12.0,8.0
2935,main_green,side_green,64,247.0,9.002775310741136,13,2,0,9.0,13.0,12.0,8.0
2936,main_green,side_green,64,262.0,8.894443403559212,16,2,0,9.0,13.0,12.0,8.0
2937,main_green,side_green,63,277.0,8.687213540373373,16,2,0,9.0,13.0,12.0,8.0
2938,yellow_transition,yellow_transition,63,292.0,8.750912184167419,15,3,1,10.0,2.0,-16.0,14.0
2939,yellow_transition,yellow_transition,61,308.0,8.695067870341823,16,3,1,10.0,2.0,-16.0,14.0
2940,yellow_transition,yellow_transition,65,324.0,7.6964302646838245,21,3,1,10.0,2.0,-16.0,14.0
2941,side_green,main_green,63,116.0,7.709682719648891,8,0,2,10.0,2.0,-16.0,14.0
2942,side_green,main_green,63,16.0,7.952484059590825,4,0,2,10.0,2.0,-16.0,14.0
2943,side_green,main_green,62,2.0,8.502726449732853,1,0,2,10.0,2.0,-16.0,14.0
2944,side_green,main_green,63,3.0,8.990332655689782,2,0,2,10.0,2.0,-16.0,14.0
2945,side_green,main_green,63,5.0,9.499612309874239,2,0,2,10.0,2.0,-16.0,14.0
2946,side_green,main_green,62,7.0,9.972902615438542,2,0,2,10.0,2.0,-16.0,14.0
2947,side_green,main_green,61,10.0,10.237303648782214,4,0,2,10.0,2.0,-16.0,14.0
2948,side_green,main_green,61,14.0,10.434605926341208,5,0,2,10.0,2.0,-16.0,14.0
2949,side_green,main_green,59,20.0,10.543255656121302,6,0,2,10.0,2.0,-16.0,14.0
2950,side_green,main_green,57,26.0,10.579250238691747,6,0,2,10.0,2.0,-16.0,14.0
2951,yellow_transition,yellow_transition,55,32.0,10.376779684204521,6,1,3,-15.0,11.0,-9.0,3.0
2952,yellow_transition,yellow_transition,57,39.0,9.337698213254226,12,1,3,-15.0,11.0,-9.0,3.0
2953,yellow_transition,yellow_transition,58,46.0,9.477673585192418,8,1,3,-15.0,11.0,-9.0,3.0
2954,main_green,main_green,57,17.0,9.735117826617548,3,2,2,-15.0,11.0,-9.0,3.0
2955,main_green,main_green,57,16.0,10.132069514041262,2,2,2,-15.0,11.0,-9.0,3.0
2956,main_green,main_green,58,18.0,10.184156654744218,3,2,2,-15.0,11.0,-9.0,3.0
2957,main_green,main_green,57,20.0,10.459673839963648,2,2,2,-15.0,11.0,-9.0,3.0
2958,main_green,main_green,58,22.0,10.405070987634407,3,2,2,-15.0,11.0,-9.0,3.0
2959,main_green,main_green,55,24.0,10.440034817146357,2,2,2,-15.0,11.0,-9.0,3.0
2960,main_green,main_green,55,27.0,10.32462727376402,4,2,2,-15.0,11.0,-9.0,3.0
2961,main_green,main_green,53,32.0,10.392337331790237,5,2,2,-15.0,11.0,-9.0,3.0
2962,main_green,main_green,53,38.0,10.575136243647028,6,2,2,-15.0,11.0,-9.0,3.0
2963,main_green,main_green,53,44.0,10.505146087948807,7,2,2,-15.0,11.0,-9.0,3.0
2964,main_green,main_green,56,50.0,9.616762066091882,11,2,2,-6.0,12.0,-5.0,5.0
2965,main_green,main_green,54,56.0,9.825344930567658,6,2,2,-6.0,12.0,-5.0,5.0
2966,main_green,main_green,53,62.0,10.014819353954405,6,2,2,-6.0,12.0,-5.0,5.0
2967,main_green,main_green,51,68.0,10.209330801436995,6,2,2,-6.0,12.0,-5.0,5.0
2968,main_green,main_green,53,74.0,9.933728601813147,8,2,2,-6.0,12.0,-5.0,5.0
2969,main_green,main_green,52,80.0,9.929311102829253,6,2,2,-6.0,12.0,-5.0,5.0
2970,main_green,main_green,51,86.0,9.777397986721347,6,2,2,-6.0,12.0,-5.0,5.0
2971,main_green,main_green,51,92.0,9.82025936117473,6,2,2,-6.0,12.0,-5.0,5.0
2972,main_green,main_green,51,101.0,9.668415828185045,10,2,2,-6.0,12.0,-5.0,5.0
2973,main_green,main_green,51,110.0,9.593916879752623,10,2,2,-6.0,12.0,-5.0,5.0
2974,main_green,main_green,51,120.0,9.797227664619781,10,2,2,-2.0,10.0,5.0,15.0
2975,main_green,main_green,51,130.0,9.854425267522558,10,2,2,-2.0,10.0,5.0,15.0
2976,main_green,main_green,56,140.0,9.012096741639098,15,2,2,-2.0,10.0,5.0,15.0
2977,main_green,main_green,56,150.0,9.295968015648558,10,2,2,-2.0,10.0,5.0,15.0
2978,main_green,main_green,57,160.0,9.295457819822506,11,2,2,-2.0,10.0,5.0,15.0
2979,main_green,main_green,57,170.0,9.579633673966407,10,2,2,-2.0,10.0,5.0,15.0
2980,main_green,main_green,56,180.0,9.30659665479158,11,2,2,-2.0,10.0,5.0,15.0
2981,main_green,main_green,55,190.0,9.30042387127838,10,2,2,-2.0,10.0,5.0,15.0
2982,main_green,main_green,54,200.0,9.082017787123958,10,2,2,-2.0,10.0,5.0,15.0
2983,main_green,main_green,54,210.0,8.974623309543167,11,2,2,-2.0,10.0,5.0,15.0
2984,main_green,main_green,54,221.0,8.82196068412671,12,2,2,3.0,7.0,12.0,16.0
2985,main_green,main_green,54,234.0,8.964034731898055,13,2,2,3.0,7.0,12.0,16.0
2986,main_green,main_green,53,248.0,9.026209740740361,14,2,2,3.0,7.0,12.0,16.0
2987,main_green,main_green,53,262.0,9.040457802587985,14,2,2,3.0,7.0,12.0,16.0
2988,main_green,main_green,58,276.0,8.38258132205588,19,2,2,3.0,7.0,12.0,16.0
2989,main_green,main_green,58,290.0,8.338278246419575,15,2,2,3.0,7.0,12.0,16.0
2990,main_green,main_green,58,304.0,8.564794599521335,14,2,2,3.0,7.0,12.0,16.0
2991,main_green,main_green,58,318.0,8.731382032734441,14,2,2,3.0,7.0,12.0,16.0
2992,main_green,main_green,58,332.0,8.44064015696235,15,2,2,3.0,7.0,12.0,16.0
2993,main_green,main_green,58,346.0,8.530457896984265,14,2,2,3.0,7.0,12.0,16.0
2994,yellow_transition,yellow_transition,58,360.0,8.27721599248229,15,3,3,8.0,12.0,12.0,8.0
2995,yellow_transition,yellow_transition,58,375.0,8.22553281657122,15,3,3,8.0,12.0,12.0,8.0
2996,yellow_transition,yellow_transition,59,391.0,7.908041546401808,17,3,3,8.0,12.0,12.0,8.0
2997,main_green,side_green,58,232.0,7.950287091082026,12,2,0,8.0,12.0,12.0,8.0
2998,main_green,side_green,58,165.0,8.06513061597537,10,2,0,8.0,12.0,12.0,8.0
2999,main_green,side_green,59,168.0,8.231665746566158,11,2,0,8.0,12.0,12.0,8.0
3000,main_green,side_green,64,178.0,7.942644498159255,15,2,0,8.0,12.0,12.0,8.0
3001,main_green,side_green,63,188.0,8.351020909686435,10,2,0,8.0,12.0,12.0,8.0
3002,main_green,side_green,62,200.0,8.799690190570455,12,2,0,8.0,12.0,12.0,8.0
3003,main_green,side_green,60,212.0,9.01684937667496,12,2,0,8.0,12.0,12.0,8.0
3004,main_green,side_green,62,224.0,8.834413026717439,14,2,0,8.0,12.0,12.0,8.0
3005,main_green,side_green,62,236.0,9.07682026915578,12,2,0,8.0,12.0,12.0,8.0
3006,main_green,side_green,62,248.0,9.057618519755387,12,2,0,8.0,12.0,12.0,8.0
3007,yellow_transition,yellow_transition,62,262.0,8.960710953386206,14,3,1,10.0,6.0,-12.0,14.0
3008,yellow_transition,yellow_transition,62,277.0,8.339888998291578,16,3,1,10.0,6.0,-12.0,14.0
3009,yellow_transition,yellow_transition,61,292.0,7.93597226678694,16,3,1,10.0,6.0,-12.0,14.0
3010,side_green,main_green,59,97.0,7.950956576808552,10,0,2,10.0,6.0,-12.0,14.0
3011,side_green,main_green,59,11.0,8.348945314043311,5,0,2,10.0,6.0,-12.0,14.0
3012,side_green,main_green,62,5.0,7.9946517573926235,8,0,2,10.0,6.0,-12.0,14.0
3013,side_green,main_green,62,8.0,8.65048018992671,3,0,2,10.0,6.0,-12.0,14.0
3014,side_green,main_green,63,12.0,9.09520991459324,5,0,2,10.0,6.0,-12.0,14.0
3015,side_green,main_green,61,16.0,9.634812546333054,4,0,2,10.0,6.0,-12.0,14.0
3016,side_green,main_green,60,20.0,9.813362097285022,5,0,2,10.0,6.0,-12.0,14.0
3017,side_green,main_green,59,25.0,10.190585335222066,5,0,2,10.0,6.0,-12.0,14.0
3018,side_green,main_green,57,31.0,10.426252400601353,6,0,2,10.0,6.0,-12.0,14.0
3019,side_green,main_green,57,37.0,10.311864496438472,7,0,2,10.0,6.0,-12.0,14.0
3020,yellow_transition,yellow_transition,57,45.0,10.109566381152241,9,1,3,-13.0,15.0,-6.0,2.0
3021,yellow_transition,yellow_transition,55,54.0,9.969003628741993,9,1,3,-13.0,15.0,-6.0,2.0
3022,yellow_transition,yellow_transition,55,63.0,9.920384092128206,9,1,3,-13.0,15.0,-6.0,2.0
3023,main_green,main_green,54,31.0,10.067214241454135,5,2,2,-13.0,15.0,-6.0,2.0
3024,main_green,main_green,59,23.0,9.525221526143788,8,2,2,-13.0,15.0,-6.0,2.0
3025,main_green,main_green,60,26.0,9.783390721718222,4,2,2,-13.0,15.0,-6.0,2.0
3026,main_green,main_green,58,29.0,10.030291595695871,3,2,2,-13.0,15.0,-6.0,2.0
3027,main_green,main_green,58,32.0,10.492801445309391,3,2,2,-13.0,15.0,-6.0,2.0
3028,main_green,main_green,57,35.0,10.661815792407873,4,2,2,-13.0,15.0,-6.0,2.0
3029,main_green,main_green,56,38.0,10.791395716384192,3,2,2,-13.0,15.0,-6.0,2.0
3030,main_green,main_green,55,41.0,10.705364191053214,4,2,2,-13.0,15.0,-6.0,2.0
3031,main_green,main_green,54,44.0,10.679950176328205,3,2,2,-13.0,15.0,-6.0,2.0
3032,main_green,main_green,53,48.0,10.35170671733431,5,2,2,-13.0,15.0,-6.0,2.0
3033,main_green,main_green,53,52.0,10.504097336924534,4,2,2,-5.0,15.0,-2.0,6.0
3034,main_green,main_green,51,59.0,10.492815897107246,7,2,2,-5.0,15.0,-2.0,6.0
3035,main_green,main_green,52,66.0,10.40335688772968,8,2,2,-5.0,15.0,-2.0,6.0
3036,main_green,main_green,55,73.0,9.524146243834501,12,2,2,-5.0,15.0,-2.0,6.0
3037,main_green,main_green,53,80.0,9.731185384612859,7,2,2,-5.0,15.0,-2.0,6.0
3038,main_green,main_green,53,87.0,9.965320050057842,7,2,2,-5.0,15.0,-2.0,6.0
3039,main_green,main_green,51,94.0,10.112120724136041,7,2,2,-5.0,15.0,-2.0,6.0
3040,main_green,main_green,53,101.0,9.811932396276703,9,2,2,-5.0,15.0,-2.0,6.0
3041,main_green,main_green,51,108.0,9.824521417627937,7,2,2,-5.0,15.0,-2.0,6.0
3042,main_green,main_green,51,115.0,9.714975687269373,7,2,2,-5.0,15.0,-2.0,6.0
3043,main_green,main_green,50,122.0,9.571150396893549,7,2,2,-3.0,3.0,11.0,23.0
3044,main_green,main_green,50,131.0,9.422528182680116,10,2,2,-3.0,3.0,11.0,23.0
3045,main_green,main_green,51,142.0,9.415820660168375,12,2,2,-3.0,3.0,11.0,23.0
3046,main_green,main_green,51,153.0,9.502940184243638,11,2,2,-3.0,3.0,11.0,23.0
3047,main_green,main_green,51,164.0,9.539077817114318,11,2,2,-3.0,3.0,11.0,23.0
3048,main_green,main_green,55,175.0,8.619872170475567,16,2,2,-3.0,3.0,11.0,23.0
3049,main_green,main_green,55,186.0,8.9143794465818,11,2,2,-3.0,3.0,11.0,23.0
3050,main_green,main_green,55,197.0,8.953673553201567,12,2,2,-3.0,3.0,11.0,23.0
3051,main_green,main_green,54,208.0,9.004851335250976,11,2,2,-3.0,3.0,11.0,23.0
3052,main_green,main_green,54,219.0,8.742546557673158,12,2,2,-3.0,3.0,11.0,23.0
3053,main_green,main_green,54,230.0,8.793386877449505,11,2,2,4.0,10.0,13.0,13.0
3054,main_green,main_green,54,242.0,8.680099917107901,12,2,2,4.0,10.0,13.0,13.0
3055,main_green,main_green,55,254.0,8.742558917315707,13,2,2,4.0,10.0,13.0,13.0
3056,main_green,main_green,56,268.0,8.670311763518763,15,2,2,4.0,10.0,13.0,13.0
3057,main_green,main_green,55,282.0,8.774410372379112,14,2,2,4.0,10.0,13.0,13.0
3058,main_green,main_green,54,297.0,8.71443061188815,15,2,2,4.0,10.0,13.0,13.0
3059,main_green,main_green,53,312.0,8.76752020749005,15,2,2,4.0,10.0,13.0,13.0
3060,main_green,main_green,58,327.0,8.08377633091562,20,2,2,4.0,10.0,13.0,13.0
3061,main_green,main_green,57,342.0,8.004459432195176,16,2,2,4.0,10.0,13.0,13.0
3062,main_green,main_green,57,357.0,8.262703769181053,15,2,2,4.0,10.0,13.0,13.0
3063,yellow_transition,yellow_transition,57,372.0,8.375207867015723,15,3,3,12.0,18.0,12.0,6.0
3064,yellow_transition,yellow_transition,58,387.0,8.099573581744751,16,3,3,12.0,18.0,12.0,6.0
3065,yellow_transition,yellow_transition,58,403.0,7.980092718363175,16,3,3,12.0,18.0,12.0,6.0
3066,main_green,side_green,59,237.0,8.009151363948211,13,2,0,12.0,18.0,12.0,6.0
3067,main_green,side_green,59,155.0,8.152641901325755,8,2,0,12.0,18.0,12.0,6.0
3068,main_green,side_green,60,150.0,8.267960264545275,8,2,0,12.0,18.0,12.0,6.0
3069,main_green,side_green,59,159.0,8.631197059358028,9,2,0,12.0,18.0,12.0,6.0
3070,main_green,side_green,59,169.0,9.086301478387172,10,2,0,12.0,18.0,12.0,6.0
3071,main_green,side_green,59,179.0,9.214524619954695,11,2,0,12.0,18.0,12.0,6.0
3072,main_green,side_green,62,189.0,8.541311939193259,15,2,0,12.0,18.0,12.0,6.0
3073,main_green,side_green,62,199.0,8.791387223723062,10,2,0,12.0,18.0,12.0,6.0
3074,main_green,side_green,61,211.0,8.900636150746971,12,2,0,12.0,18.0,12.0,6.0
3075,main_green,side_green,60,223.0,8.779429409100903,12,2,0,12.0,18.0,12.0,6.0
3076,yellow_transition,yellow_transition,61,235.0,8.131990672525973,14,3,1,13.0,9.0,-11.0,13.0
3077,yellow_transition,yellow_transition,61,248.0,7.861651799580533,13,3,1,13.0,9.0,-11.0,13.0
3078,yellow_transition,yellow_transition,61,261.0,7.641920297619111,13,3,1,13.0,9.0,-11.0,13.0
3079,side_green,main_green,60,80.0,7.812717119659804,10,0,2,13.0,9.0,-11.0,13.0
3080,side_green,main_green,60,9.0,7.884106720886999,7,0,2,13.0,9.0,-11.0,13.0
3081,side_green,main_green,60,13.0,8.113097284683613,6,0,2,13.0,9.0,-11.0,13.0
3082,side_green,main_green,60,18.0,8.576127958426964,5,0,2,13.0,9.0,-11.0,13.0
3083,side_green,main_green,59,23.0,9.056286975432258,5,0,2,13.0,9.0,-11.0,13.0
3084,side_green,main_green,63,28.0,8.82148192383174,10,0,2,13.0,9.0,-11.0,13.0
3085,side_green,main_green,62,34.0,9.318676705790356,6,0,2,13.0,9.0,-11.0,13.0
3086,side_green,main_green,62,41.0,9.710959297072332,8,0,2,13.0,9.0,-11.0,13.0
3087,side_green,main_green,59,49.0,9.951687776481451,8,0,2,13.0,9.0,-11.0,13.0
3088,side_green,main_green,60,57.0,9.946170195164381,9,0,2,13.0,9.0,-11.0,13.0
3089,yellow_transition,yellow_transition,57,66.0,9.882300387137926,9,1,3,-7.0,23.0,-7.0,-3.0
3090,yellow_transition,yellow_transition,57,75.0,9.807595021821271,9,1,3,-7.0,23.0,-7.0,-3.0
3091,yellow_transition,yellow_transition,56,85.0,9.169058015373272,11,1,3,-7.0,23.0,-7.0,-3.0
3092,main_green,main_green,57,46.0,9.26320040689913,7,2,2,-7.0,23.0,-7.0,-3.0
3093,main_green,main_green,57,33.0,9.503387059061204,4,2,2,-7.0,23.0,-7.0,-3.0
3094,main_green,main_green,57,37.0,9.947531788188025,4,2,2,-7.0,23.0,-7.0,-3.0
3095,main_green,main_green,57,42.0,10.270571922039759,5,2,2,-7.0,23.0,-7.0,-3.0
3096,main_green,main_green,62,47.0,9.877882397501141,10,2,2,-7.0,23.0,-7.0,-3.0
3097,main_green,main_green,61,52.0,10.15722439831886,6,2,2,-7.0,23.0,-7.0,-3.0
3098,main_green,main_green,59,57.0,10.48303600504491,5,2,2,-7.0,23.0,-7.0,-3.0
3099,main_green,main_green,57,62.0,10.504154680056093,5,2,2,-7.0,23.0,-7.0,-3.0
3100,main_green,main_green,54,67.0,10.221465924092785,6,2,2,-7.0,23.0,-7.0,-3.0
3101,main_green,main_green,54,72.0,10.134805134161379,5,2,2,-7.0,23.0,-7.0,-3.0
3102,main_green,main_green,53,77.0,9.76500239309537,6,2,2,-2.0,16.0,0.0,2.0
3103,main_green,main_green,53,84.0,9.982260710095517,7,2,2,-2.0,16.0,0.0,2.0
3104,main_green,main_green,54,92.0,9.913811212456691,9,2,2,-2.0,16.0,0.0,2.0
3105,main_green,main_green,52,101.0,9.863567314678104,9,2,2,-2.0,16.0,0.0,2.0
3106,main_green,main_green,51,110.0,9.952575952002345,9,2,2,-2.0,16.0,0.0,2.0
3107,main_green,main_green,52,119.0,9.909945884503683,10,2,2,-2.0,16.0,0.0,2.0
3108,main_green,main_green,56,128.0,9.029817706336278,14,2,2,-2.0,16.0,0.0,2.0
3109,main_green,main_green,56,137.0,9.305752579468137,9,2,2,-2.0,16.0,0.0,2.0
3110,main_green,main_green,54,146.0,9.405055785276533,9,2,2,-2.0,16.0,0.0,2.0
3111,main_green,main_green,54,155.0,9.549707562174545,9,2,2,-2.0,16.0,0.0,2.0
3112,main_green,main_green,55,164.0,9.290128401914435,11,2,2,-3.0,5.0,12.0,18.0
3113,main_green,main_green,55,173.0,9.221913593023599,9,2,2,-3.0,5.0,12.0,18.0
3114,main_green,main_green,55,182.0,9.317600335412864,9,2,2,-3.0,5.0,12.0,18.0
3115,main_green,main_green,55,194.0,9.124772520300558,12,2,2,-3.0,5.0,12.0,18.0
3116,main_green,main_green,56,206.0,9.06042270143321,13,2,2,-3.0,5.0,12.0,18.0
3117,main_green,main_green,57,218.0,9.021131069620793,13,2,2,-3.0,5.0,12.0,18.0
3118,main_green,main_green,56,231.0,9.056795303381291,13,2,2,-3.0,5.0,12.0,18.0
3119,main_green,main_green,55,244.0,9.170629349896304,13,2,2,-3.0,5.0,12.0,18.0
3120,main_green,main_green,59,257.0,8.295088983264092,18,2,2,-3.0,5.0,12.0,18.0
3121,main_green,main_green,59,270.0,8.539867608162416,13,2,2,-3.0,5.0,12.0,18.0
3122,main_green,main_green,59,283.0,8.601056759032382,14,2,2,0.0,4.0,17.0,19.0
3123,main_green,main_green,58,296.0,8.744326166249955,13,2,2,0.0,4.0,17.0,19.0
3124,main_green,main_green,59,309.0,8.566373818412556,14,2,2,0.0,4.0,17.0,19.0
3125,main_green,main_green,58,322.0,8.509431477803508,13,2,2,0.0,4.0,17.0,19.0
3126,main_green,main_green,58,335.0,8.654099450276991,13,2,2,0.0,4.0,17.0,19.0
3127,main_green,main_green,59,348.0,8.53846831918365,14,2,2,0.0,4.0,17.0,19.0
3128,main_green,main_green,59,363.0,8.360372277142782,16,2,2,0.0,4.0,17.0,19.0
3129,main_green,main_green,59,379.0,8.492112413015272,16,2,2,0.0,4.0,17.0,19.0
3130,main_green,main_green,58,396.0,8.53611909723342,17,2,2,0.0,4.0,17.0,19.0
3131,main_green,main_green,57,413.0,8.597723131551579,17,2,2,0.0,4.0,17.0,19.0
3132,yellow_transition,yellow_transition,61,430.0,7.7646166684567355,22,3,3,6.0,8.0,13.0,9.0
3133,yellow_transition,yellow_transition,60,447.0,7.584322100248171,18,3,3,6.0,8.0,13.0,9.0
3134,yellow_transition,yellow_transition,60,464.0,7.771430332377355,17,3,3,6.0,8.0,13.0,9.0
3135,main_green,side_green,60,280.0,7.826670847728788,13,2,0,6.0,8.0,13.0,9.0
3136,main_green,side_green,61,186.0,7.944358330167617,10,2,0,6.0,8.0,13.0,9.0
3137,main_green,side_green,61,176.0,8.316199575965781,8,2,0,6.0,8.0,13.0,9.0
3138,main_green,side_green,62,184.0,8.381119205758214,9,2,0,6.0,8.0,13.0,9.0
3139,main_green,side_green,61,193.0,8.565117795565213,9,2,0,6.0,8.0,13.0,9.0
3140,main_green,side_green,61,204.0,8.57842327801954,12,2,0,6.0,8.0,13.0,9.0
3141,main_green,side_green,60,215.0,8.808939785228043,11,2,0,6.0,8.0,13.0,9.0
3142,main_green,side_green,59,228.0,9.049651076884144,13,2,0,6.0,8.0,13.0,9.0
3143,main_green,side_green,60,242.0,9.040359475021202,15,2,0,6.0,8.0,13.0,9.0
3144,main_green,side_green,65,256.0,8.403575656083511,19,2,0,6.0,8.0,13.0,9.0
3145,yellow_transition,yellow_transition,65,270.0,8.636761098026588,14,3,1,14.0,8.0,-13.0,13.0
3146,yellow_transition,yellow_transition,65,285.0,8.737866754538247,15,3,1,14.0,8.0,-13.0,13.0
3147,yellow_transition,yellow_transition,64,300.0,8.834855460373204,15,3,1,14.0,8.0,-13.0,13.0
3148,side_green,main_green,65,101.0,8.802740007266511,9,0,2,14.0,8.0,-13.0,13.0
3149,side_green,main_green,63,11.0,9.011401173551068,1,0,2,14.0,8.0,-13.0,13.0
3150,side_green,main_green,63,0.0,9.304796258066242,0,0,2,14.0,8.0,-13.0,13.0
3151,side_green,main_green,62,0.0,9.674649174404461,0,0,2,14.0,8.0,-13.0,13.0
3152,side_green,main_green,61,1.0,9.960337262623723,2,0,2,14.0,8.0,-13.0,13.0
3153,side_green,main_green,60,2.0,10.272550025095036,2,0,2,14.0,8.0,-13.0,13.0
3154,side_green,main_green,58,5.0,10.623749963386476,3,0,2,14.0,8.0,-13.0,13.0
3155,side_green,main_green,56,8.0,10.781010603341477,3,0,2,14.0,8.0,-13.0,13.0
3156,side_green,main_green,59,11.0,9.945497579942977,8,0,2,14.0,8.0,-13.0,13.0
3157,side_green,main_green,58,16.0,10.009104396711693,5,0,2,14.0,8.0,-13.0,13.0
3158,yellow_transition,yellow_transition,58,21.0,9.963332306593701,6,1,3,-10.0,12.0,-4.0,2.0
3159,yellow_transition,yellow_transition,56,26.0,9.874950885741779,5,1,3,-10.0,12.0,-4.0,2.0
3160,yellow_transition,yellow_transition,56,31.0,9.86589324815331,6,1,3,-10.0,12.0,-4.0,2.0
3161,main_green,main_green,56,19.0,9.865658071602592,3,2,2,-10.0,12.0,-4.0,2.0
3162,main_green,main_green,55,20.0,10.05584375342668,2,2,2,-10.0,12.0,-4.0,2.0
3163,main_green,main_green,56,22.0,9.920787760841133,3,2,2,-10.0,12.0,-4.0,2.0
3164,main_green,main_green,57,26.0,10.07437384817565,5,2,2,-10.0,12.0,-4.0,2.0
3165,main_green,main_green,57,31.0,10.332984916656153,5,2,2,-10.0,12.0,-4.0,2.0
3166,main_green,main_green,55,36.0,10.351797252630687,5,2,2,-10.0,12.0,-4.0,2.0
3167,main_green,main_green,54,42.0,10.603713120614918,6,2,2,-10.0,12.0,-4.0,2.0
3168,main_green,main_green,57,48.0,9.690720431868582,11,2,2,-10.0,12.0,-4.0,2.0
3169,main_green,main_green,57,54.0,9.684615187699603,7,2,2,-10.0,12.0,-4.0,2.0
3170,main_green,main_green,56,60.0,9.916426372849575,6,2,2,-10.0,12.0,-4.0,2.0
3171,main_green,main_green,54,66.0,10.148552466547933,6,2,2,0.0,14.0,-1.0,3.0
3172,main_green,main_green,52,72.0,10.030531487009569,7,2,2,0.0,14.0,-1.0,3.0
3173,main_green,main_green,51,78.0,10.174208693924053,6,2,2,0.0,14.0,-1.0,3.0
3174,main_green,main_green,51,84.0,9.86390338440449,7,2,2,0.0,14.0,-1.0,3.0
3175,main_green,main_green,51,90.0,9.866633128216574,6,2,2,0.0,14.0,-1.0,3.0
3176,main_green,main_green,52,97.0,9.639228766183466,8,2,2,0.0,14.0,-1.0,3.0
3177,main_green,main_green,51,106.0,9.668776285806745,9,2,2,0.0,14.0,-1.0,3.0
3178,main_green,main_green,50,116.0,9.727145726010525,10,2,2,0.0,14.0,-1.0,3.0
3179,main_green,main_green,50,126.0,9.538287783673194,11,2,2,0.0,14.0,-1.0,3.0
3180,main_green,main_green,54,136.0,8.749124741347853,15,2,2,0.0,14.0,-1.0,3.0
3181,main_green,main_green,53,146.0,8.955298132974761,10,2,2,5.0,15.0,9.0,15.0
3182,main_green,main_green,53,156.0,9.158160763232312,10,2,2,5.0,15.0,9.0,15.0
3183,main_green,main_green,53,166.0,9.380273976108725,10,2,2,5.0,15.0,9.0,15.0
3184,main_green,main_green,55,176.0,9.258067315040552,12,2,2,5.0,15.0,9.0,15.0
3185,main_green,main_green,53,186.0,9.078566963662439,10,2,2,5.0,15.0,9.0,15.0
3186,main_green,main_green,53,196.0,9.282766604986431,10,2,2,5.0,15.0,9.0,15.0
3187,main_green,main_green,53,206.0,9.226018118707648,10,2,2,5.0,15.0,9.0,15.0
3188,main_green,main_green,53,216.0,8.961877028034634,11,2,2,5.0,15.0,9.0,15.0
3189,main_green,main_green,54,230.0,8.866796439095614,15,2,2,5.0,15.0,9.0,15.0
3190,main_green,main_green,53,244.0,8.930830319381654,14,2,2,5.0,15.0,9.0,15.0
3191,main_green,main_green,52,258.0,8.931889567563355,14,2,2,5.0,13.0,10.0,10.0
3192,main_green,main_green,57,272.0,8.235773463255667,19,2,2,5.0,13.0,10.0,10.0
3193,main_green,main_green,57,286.0,8.461708873164008,14,2,2,5.0,13.0,10.0,10.0
3194,main_green,main_green,58,300.0,8.45251602358225,15,2,2,5.0,13.0,10.0,10.0
3195,main_green,main_green,58,314.0,8.583739489055809,14,2,2,5.0,13.0,10.0,10.0
3196,main_green,main_green,59,328.0,8.54664015198619,15,2,2,5.0,13.0,10.0,10.0
3197,main_green,main_green,58,342.0,8.489491942570833,14,2,2,5.0,13.0,10.0,10.0
3198,main_green,main_green,58,357.0,8.53789002524942,15,2,2,5.0,13.0,10.0,10.0
3199,main_green,main_green,59,373.0,8.476105079072662,17,2,2,5.0,13.0,10.0,10.0
3200,main_green,main_green,60,390.0,8.377135044462245,18,2,2,5.0,13.0,10.0,10.0
3201,yellow_transition,yellow_transition,60,407.0,8.257604593682187,17,3,3,7.0,9.0,13.0,11.0
3202,yellow_transition,yellow_transition,60,424.0,8.195246936448045,17,3,3,7.0,9.0,13.0,11.0
3203,yellow_transition,yellow_transition,60,443.0,7.996843922387664,19,3,3,7.0,9.0,13.0,11.0
3204,main_green,side_green,65,277.0,7.3864278709169895,19,2,0,7.0,9.0,13.0,11.0
3205,main_green,side_green,65,198.0,7.610215156891248,11,2,0,7.0,9.0,13.0,11.0
3206,main_green,side_green,64,192.0,8.083569286645748,9,2,0,7.0,9.0,13.0,11.0
3207,main_green,side_green,62,202.0,8.362984478704607,10,2,0,7.0,9.0,13.0,11.0
3208,main_green,side_green,62,213.0,8.592851793813264,12,2,0,7.0,9.0,13.0,11.0
3209,main_green,side_green,62,224.0,8.957805669515228,11,2,0,7.0,9.0,13.0,11.0
3210,main_green,side_green,63,238.0,8.952196662694343,15,2,0,7.0,9.0,13.0,11.0
3211,main_green,side_green,62,252.0,9.022682884476945,14,2,0,7.0,9.0,13.0,11.0
3212,main_green,side_green,62,266.0,8.900554440195007,15,2,0,7.0,9.0,13.0,11.0
3213,main_green,side_green,61,281.0,8.790629484401126,15,2,0,7.0,9.0,13.0,11.0
3214,yellow_transition,yellow_transition,60,296.0,8.626295852620881,15,3,1,10.0,2.0,-14.0,14.0
3215,yellow_transition,yellow_transition,61,312.0,8.598255873831246,17,3,1,10.0,2.0,-14.0,14.0
3216,yellow_transition,yellow_transition,64,328.0,7.610926875194628,21,3,1,10.0,2.0,-14.0,14.0
3217,side_green,main_green,64,116.0,7.85254595453261,9,0,2,10.0,2.0,-14.0,14.0
3218,side_green,main_green,64,18.0,8.166975671511747,2,0,2,10.0,2.0,-14.0,14.0
3219,side_green,main_green,63,0.0,8.574644279150982,0,0,2,10.0,2.0,-14.0,14.0
3220,side_green,main_green,64,2.0,8.700700592280244,4,0,2,10.0,2.0,-14.0,14.0
3221,side_green,main_green,64,5.0,9.177183423293618,3,0,2,10.0,2.0,-14.0,14.0
3222,side_green,main_green,60,8.0,9.626832717820829,3,0,2,10.0,2.0,-14.0,14.0
3223,side_green,main_green,58,12.0,10.103069940913302,4,0,2,10.0,2.0,-14.0,14.0
3224,side_green,main_green,59,16.0,10.407674105145347,5,0,2,10.0,2.0,-14.0,14.0
3225,side_green,main_green,59,22.0,10.373040720920072,7,0,2,10.0,2.0,-14.0,14.0
3226,side_green,main_green,58,28.0,10.471900702889451,6,0,2,10.0,2.0,-14.0,14.0
3227,yellow_transition,yellow_transition,55,34.0,10.418425096565686,6,1,3,-14.0,16.0,-11.0,-3.0
3228,yellow_transition,yellow_transition,58,40.0,9.326281170818671,11,1,3,-14.0,16.0,-11.0,-3.0
3229,yellow_transition,yellow_transition,56,47.0,9.428731547134579,7,1,3,-14.0,16.0,-11.0,-3.0
3230,main_green,main_green,56,22.0,9.4973283426622,5,2,2,-14.0,16.0,-11.0,-3.0
3231,main_green,main_green,55,14.0,9.801386988760035,2,2,2,-14.0,16.0,-11.0,-3.0
3232,main_green,main_green,56,16.0,9.890079480797953,3,2,2,-14.0,16.0,-11.0,-3.0
3233,main_green,main_green,56,18.0,10.112977246081327,2,2,2,-14.0,16.0,-11.0,-3.0
3234,main_green,main_green,56,20.0,10.2276852816828,2,2,2,-14.0,16.0,-11.0,-3.0
3235,main_green,main_green,56,23.0,10.291590621230867,4,2,2,-14.0,16.0,-11.0,-3.0
3236,main_green,main_green,55,27.0,10.279209964729905,5,2,2,-14.0,16.0,-11.0,-3.0
3237,main_green,main_green,53,32.0,10.48886001482825,5,2,2,-14.0,16.0,-11.0,-3.0
3238,main_green,main_green,51,38.0,10.530151564666923,6,2,2,-14.0,16.0,-11.0,-3.0
3239,main_green,main_green,51,44.0,10.747321507600565,6,2,2,-14.0,16.0,-11.0,-3.0
3240,main_green,main_green,54,50.0,9.719562543117297,11,2,2,-5.0,15.0,-4.0,6.0
3241,main_green,main_green,53,56.0,9.687451020933857,7,2,2,-5.0,15.0,-4.0,6.0
3242,main_green,main_green,52,62.0,9.953740094124846,6,2,2,-5.0,15.0,-4.0,6.0
3243,main_green,main_green,49,68.0,10.038110836724583,6,2,2,-5.0,15.0,-4.0,6.0
3244,main_green,main_green,50,74.0,9.929867276826265,7,2,2,-5.0,15.0,-4.0,6.0
3245,main_green,main_green,48,80.0,9.743043389110287,6,2,2,-5.0,15.0,-4.0,6.0
3246,main_green,main_green,49,86.0,9.61750645058598,7,2,2,-5.0,15.0,-4.0,6.0
3247,main_green,main_green,48,92.0,9.7031712669201,6,2,2,-5.0,15.0,-4.0,6.0
3248,main_green,main_green,49,99.0,9.43247551270062,8,2,2,-5.0,15.0,-4.0,6.0
3249,main_green,main_green,49,109.0,9.457516794097485,10,2,2,-5.0,15.0,-4.0,6.0
3250,main_green,main_green,49,119.0,9.540853957510059,10,2,2,-2.0,4.0,10.0,22.0
3251,main_green,main_green,50,129.0,9.499025650036687,11,2,2,-2.0,4.0,10.0,22.0
3252,main_green,main_green,55,139.0,8.729663886193517,15,2,2,-2.0,4.0,10.0,22.0
3253,main_green,main_green,55,149.0,9.125425230473775,10,2,2,-2.0,4.0,10.0,22.0
3254,main_green,main_green,54,159.0,9.268174046841095,10,2,2,-2.0,4.0,10.0,22.0
3255,main_green,main_green,54,169.0,9.402603735702158,10,2,2,-2.0,4.0,10.0,22.0
3256,main_green,main_green,53,179.0,8.830518482240588,12,2,2,-2.0,4.0,10.0,22.0
3257,main_green,main_green,53,189.0,8.912746848408846,10,2,2,-2.0,4.0,10.0,22.0
3258,main_green,main_green,53,199.0,8.816301373025118,10,2,2,-2.0,4.0,10.0,22.0
3259,main_green,main_green,53,209.0,8.892151867459571,10,2,2,-2.0,4.0,10.0,22.0
3260,main_green,main_green,54,221.0,8.797952013977401,13,2,2,1.0,5.0,14.0,18.0
3261,main_green,main_green,55,235.0,8.80057511924674,15,2,2,1.0,5.0,14.0,18.0
3262,main_green,main_green,55,249.0,8.832988370312618,14,2,2,1.0,5.0,14.0,18.0
3263,main_green,main_green,55,263.0,8.953700672296906,14,2,2,1.0,5.0,14.0,18.0
3264,main_green,main_green,60,277.0,8.33393320468704,19,2,2,1.0,5.0,14.0,18.0
3265,main_green,main_green,59,291.0,8.517895464647781,14,2,2,1.0,5.0,14.0,18.0
3266,main_green,main_green,60,305.0,8.594132863394846,15,2,2,1.0,5.0,14.0,18.0
3267,main_green,main_green,59,319.0,8.657666398000247,14,2,2,1.0,5.0,14.0,18.0
3268,main_green,main_green,60,333.0,8.47960806690742,15,2,2,1.0,5.0,14.0,18.0
3269,main_green,main_green,60,347.0,8.506550941424988,14,2,2,1.0,5.0,14.0,18.0
3270,yellow_transition,yellow_transition,60,361.0,8.479056093319219,14,3,3,7.0,11.0,11.0,9.0
3271,yellow_transition,yellow_transition,60,376.0,8.185521940357999,16,3,3,7.0,11.0,11.0,9.0
3272,yellow_transition,yellow_transition,61,394.0,7.965437179213968,19,3,3,7.0,11.0,11.0,9.0
3273,main_green,side_green,61,239.0,8.076480035941538,14,2,0,7.0,11.0,11.0,9.0
3274,main_green,side_green,60,172.0,8.407874150205076,10,2,0,7.0,11.0,11.0,9.0
3275,main_green,side_green,59,175.0,8.730728675612497,10,2,0,7.0,11.0,11.0,9.0
3276,main_green,side_green,63,185.0,8.247230652831968,15,2,0,7.0,11.0,11.0,9.0
3277,main_green,side_green,64,195.0,8.617710666355219,11,2,0,7.0,11.0,11.0,9.0
3278,main_green,side_green,64,205.0,9.020255855796906,10,2,0,7.0,11.0,11.0,9.0
3279,main_green,side_green,64,216.0,9.331413992682297,11,2,0,7.0,11.0,11.0,9.0
3280,main_green,side_green,64,227.0,9.21402535639281,12,2,0,7.0,11.0,11.0,9.0
3281,main_green,side_green,61,238.0,9.173262134099918,11,2,0,7.0,11.0,11.0,9.0
3282,main_green,side_green,61,250.0,9.0854469936515,13,2,0,7.0,11.0,11.0,9.0
3283,yellow_transition,yellow_transition,61,263.0,9.17638930396174,13,3,1,12.0,4.0,-14.0,14.0
3284,yellow_transition,yellow_transition,62,277.0,8.895530074912331,15,3,1,12.0,4.0,-14.0,14.0
3285,yellow_transition,yellow_transition,62,292.0,8.723119367861603,15,3,1,12.0,4.0,-14.0,14.0
3286,side_green,main_green,61,98.0,8.947996166176221,8,0,2,12.0,4.0,-14.0,14.0
3287,side_green,main_green,62,11.0,9.05900936893388,3,0,2,12.0,4.0,-14.0,14.0
3288,side_green,main_green,66,0.0,8.653785137197204,5,0,2,12.0,4.0,-14.0,14.0
3289,side_green,main_green,66,2.0,9.19749250174426,2,0,2,12.0,4.0,-14.0,14.0
3290,side_green,main_green,64,4.0,9.689473996412262,2,0,2,12.0,4.0,-14.0,14.0
3291,side_green,main_green,62,6.0,10.288174151424947,2,0,2,12.0,4.0,-14.0,14.0
3292,side_green,main_green,60,10.0,10.167874154947286,6,0,2,12.0,4.0,-14.0,14.0
3293,side_green,main_green,59,14.0,10.64770868096646,4,0,2,12.0,4.0,-14.0,14.0
3294,side_green,main_green,57,18.0,10.785117028835414,4,0,2,12.0,4.0,-14.0,14.0
3295,side_green,main_green,57,22.0,10.877113822780563,4,0,2,12.0,4.0,-14.0,14.0
3296,yellow_transition,yellow_transition,56,27.0,10.601290112413597,6,1,3,-12.0,16.0,-11.0,-3.0
3297,yellow_transition,yellow_transition,55,33.0,10.38512719706767,7,1,3,-12.0,16.0,-11.0,-3.0
3298,yellow_transition,yellow_transition,54,40.0,10.485447192599405,7,1,3,-12.0,16.0,-11.0,-3.0
3299,main_green,main_green,53,9.0,10.455928709546967,3,2,2,-12.0,16.0,-11.0,-3.0
3300,main_green,main_green,58,8.0,9.73447417644743,7,2,2,-12.0,16.0,-11.0,-3.0
3301,main_green,main_green,57,10.0,10.092926870139427,2,2,2,-12.0,16.0,-11.0,-3.0
3302,main_green,main_green,58,12.0,10.338772304587973,3,2,2,-12.0,16.0,-11.0,-3.0
3303,main_green,main_green,58,14.0,10.846021565042498,2,2,2,-12.0,16.0,-11.0,-3.0
3304,main_green,main_green,57,16.0,10.906769337728873,3,2,2,-12.0,16.0,-11.0,-3.0
3305,main_green,main_green,54,18.0,10.917739445377212,2,2,2,-12.0,16.0,-11.0,-3.0
3306,main_green,main_green,52,20.0,10.958469022405522,2,2,2,-12.0,16.0,-11.0,-3.0
3307,main_green,main_green,50,24.0,10.639495088715258,5,2,2,-12.0,16.0,-11.0,-3.0
3308,main_green,main_green,50,28.0,10.524025802994693,5,2,2,-12.0,16.0,-11.0,-3.0
3309,main_green,main_green,49,34.0,10.596196542292358,6,2,2,-3.0,17.0,-4.0,8.0
3310,main_green,main_green,49,40.0,10.622582918277137,6,2,2,-3.0,17.0,-4.0,8.0
3311,main_green,main_green,49,46.0,10.809649959149857,6,2,2,-3.0,17.0,-4.0,8.0
3312,main_green,main_green,52,52.0,9.6967629940907,11,2,2,-3.0,17.0,-4.0,8.0
3313,main_green,main_green,51,58.0,9.737530952118092,7,2,2,-3.0,17.0,-4.0,8.0
3314,main_green,main_green,50,64.0,9.93979839338516,6,2,2,-3.0,17.0,-4.0,8.0
3315,main_green,main_green,50,70.0,10.11269693354325,6,2,2,-3.0,17.0,-4.0,8.0
3316,main_green,main_green,51,76.0,10.108139738014147,7,2,2,-3.0,17.0,-4.0,8.0
3317,main_green,main_green,50,82.0,10.023067469485149,6,2,2,-3.0,17.0,-4.0,8.0
3318,main_green,main_green,50,88.0,9.805934724566809,7,2,2,-3.0,17.0,-4.0,8.0
3319,main_green,main_green,49,95.0,9.711418636674269,7,2,2,-4.0,6.0,7.0,19.0
3320,main_green,main_green,49,103.0,9.572970978066376,9,2,2,-4.0,6.0,7.0,19.0
3321,main_green,main_green,49,112.0,9.775641565300958,9,2,2,-4.0,6.0,7.0,19.0
3322,main_green,main_green,49,122.0,9.716668265794446,10,2,2,-4.0,6.0,7.0,19.0
3323,main_green,main_green,50,132.0,9.744266664214607,11,2,2,-4.0,6.0,7.0,19.0
3324,main_green,main_green,55,142.0,8.980858977902683,15,2,2,-4.0,6.0,7.0,19.0
3325,main_green,main_green,54,152.0,9.02255789172092,10,2,2,-4.0,6.0,7.0,19.0
3326,main_green,main_green,54,162.0,9.319346238008762,10,2,2,-4.0,6.0,7.0,19.0
3327,main_green,main_green,53,172.0,9.473776854525543,10,2,2,-4.0,6.0,7.0,19.0
3328,main_green,main_green,53,182.0,8.964574578239196,12,2,2,-4.0,6.0,7.0,19.0
3329,main_green,main_green,53,192.0,9.048267734727876,10,2,2,2.0,8.0,13.0,17.0
3330,main_green,main_green,53,202.0,9.129647089669032,10,2,2,2.0,8.0,13.0,17.0
3331,main_green,main_green,53,212.0,9.048807538630422,10,2,2,2.0,8.0,13.0,17.0
3332,main_green,main_green,54,225.0,8.97333507619016,14,2,2,2.0,8.0,13.0,17.0
3333,main_green,main_green,55,238.0,8.8826853295494,14,2,2,2.0,8.0,13.0,17.0
3334,main_green,main_green,54,252.0,8.939378754876545,14,2,2,2.0,8.0,13.0,17.0
3335,main_green,main_green,53,266.0,9.047991508112522,14,2,2,2.0,8.0,13.0,17.0
3336,main_green,main_green,58,280.0,8.269359465663701,19,2,2,2.0,8.0,13.0,17.0
3337,main_green,main_green,57,294.0,8.407609111767743,14,2,2,2.0,8.0,13.0,17.0
3338,main_green,main_green,57,308.0,8.395989546077857,15,2,2,2.0,8.0,13.0,17.0
3339,yellow_transition,yellow_transition,56,322.0,8.393510407240969,14,3,3,11.0,13.0,11.0,7.0
3340,yellow_transition,yellow_transition,57,336.0,8.179794964107955,15,3,3,11.0,13.0,11.0,7.0
3341,yellow_transition,yellow_transition,57,351.0,8.163241698665514,15,3,3,11.0,13.0,11.0,7.0
3342,main_green,side_green,57,204.0,8.426139641391865,10,2,0,11.0,13.0,11.0,7.0
3343,main_green,side_green,58,146.0,8.395560916414995,8,2,0,11.0,13.0,11.0,7.0
3344,main_green,side_green,59,151.0,8.58000488620321,7,2,0,11.0,13.0,11.0,7.0
3345,main_green,side_green,59,159.0,9.002375097043402,8,2,0,11.0,13.0,11.0,7.0
3346,main_green,side_green,59,168.0,9.300091862466502,9,2,0,11.0,13.0,11.0,7.0
3347,main_green,side_green,59,177.0,9.699647596456318,9,2,0,11.0,13.0,11.0,7.0
3348,main_green,side_green,62,186.0,9.060724551711504,14,2,0,11.0,13.0,11.0,7.0
3349,main_green,side_green,62,195.0,9.110399901992777,10,2,0,11.0,13.0,11.0,7.0
3350,main_green,side_green,61,204.0,9.30801166232353,9,2,0,11.0,13.0,11.0,7.0
3351,main_green,side_green,60,214.0,9.406433057416944,10,2,0,11.0,13.0,11.0,7.0
3352,yellow_transition,yellow_transition,61,225.0,9.243423623308107,12,3,1,12.0,4.0,-10.0,12.0
3353,yellow_transition,yellow_transition,59,236.0,8.944673171503718,11,3,1,12.0,4.0,-10.0,12.0
3354,yellow_transition,yellow_transition,60,247.0,8.683755380508668,12,3,1,12.0,4.0,-10.0,12.0
3355,side_green,main_green,59,71.0,8.798166266340672,5,0,2,12.0,4.0,-10.0,12.0
3356,side_green,main_green,60,3.0,9.068925317688613,4,0,2,12.0,4.0,-10.0,12.0
3357,side_green,main_green,60,3.0,9.514938165007477,2,0,2,12.0,4.0,-10.0,12.0
3358,side_green,main_green,60,5.0,9.870706287823493,2,0,2,12.0,4.0,-10.0,12.0
3359,side_green,main_green,60,8.0,10.039353039965102,4,0,2,12.0,4.0,-10.0,12.0
3360,side_green,main_green,64,11.0,9.59765979561033,8,0,2,12.0,4.0,-10.0,12.0
3361,side_green,main_green,61,15.0,9.874240552817254,4,0,2,12.0,4.0,-10.0,12.0
3362,side_green,main_green,58,20.0,10.144793086397017,5,0,2,12.0,4.0,-10.0,12.0
3363,side_green,main_green,56,26.0,10.176728184992978,6,0,2,12.0,4.0,-10.0,12.0
3364,side_green,main_green,56,33.0,9.975672603522895,9,0,2,12.0,4.0,-10.0,12.0
3365,yellow_transition,yellow_transition,55,40.0,10.039421649740135,7,1,3,-9.0,17.0,-2.0,2.0
3366,yellow_transition,yellow_transition,54,47.0,9.978841760922583,7,1,3,-9.0,17.0,-2.0,2.0
3367,yellow_transition,yellow_transition,54,54.0,9.779142200099033,7,1,3,-9.0,17.0,-2.0,2.0
3368,main_green,main_green,54,33.0,9.550683023203216,6,2,2,-9.0,17.0,-2.0,2.0
3369,main_green,main_green,55,30.0,9.484608136918341,5,2,2,-9.0,17.0,-2.0,2.0
3370,main_green,main_green,54,36.0,9.680953998748281,6,2,2,-9.0,17.0,-2.0,2.0
3371,main_green,main_green,54,42.0,10.112618302433216,6,2,2,-9.0,17.0,-2.0,2.0
3372,main_green,main_green,59,48.0,9.505047042358823,11,2,2,-9.0,17.0,-2.0,2.0
3373,main_green,main_green,57,54.0,9.857072610269771,6,2,2,-9.0,17.0,-2.0,2.0
3374,main_green,main_green,56,60.0,9.858561348548738,7,2,2,-9.0,17.0,-2.0,2.0
3375,main_green,main_green,51,66.0,10.079251699899496,6,2,2,-9.0,17.0,-2.0,2.0
3376,main_green,main_green,51,72.0,9.89373706966115,7,2,2,-9.0,17.0,-2.0,2.0
3377,main_green,main_green,50,78.0,10.028406621389525,6,2,2,-9.0,17.0,-2.0,2.0
3378,main_green,main_green,49,84.0,9.92491842510887,6,2,2,3.0,15.0,2.0,8.0
3379,main_green,main_green,50,90.0,9.677799839819146,7,2,2,3.0,15.0,2.0,8.0
3380,main_green,main_green,51,97.0,9.510393699749287,8,2,2,3.0,15.0,2.0,8.0
3381,main_green,main_green,50,107.0,9.54794918405133,10,2,2,3.0,15.0,2.0,8.0
3382,main_green,main_green,50,117.0,9.660540914896869,10,2,2,3.0,15.0,2.0,8.0
3383,main_green,main_green,50,127.0,9.869644758574116,10,2,2,3.0,15.0,2.0,8.0
3384,main_green,main_green,55,137.0,8.94524221523731,15,2,2,3.0,15.0,2.0,8.0
3385,main_green,main_green,55,147.0,9.015872041627539,11,2,2,3.0,15.0,2.0,8.0
3386,main_green,main_green,54,157.0,9.221645213239189,10,2,2,3.0,15.0,2.0,8.0
3387,main_green,main_green,54,167.0,9.443530658017611,10,2,2,3.0,15.0,2.0,8.0
3388,main_green,main_green,54,177.0,9.132621234544711,11,2,2,0.0,4.0,11.0,19.0
3389,main_green,main_green,54,187.0,9.380521194789853,10,2,2,0.0,4.0,11.0,19.0
3390,main_green,main_green,53,197.0,9.073267229072421,11,2,2,0.0,4.0,11.0,19.0
3391,main_green,main_green,53,207.0,9.03023053647457,10,2,2,0.0,4.0,11.0,19.0
3392,main_green,main_green,54,220.0,8.88562701789556,14,2,2,0.0,4.0,11.0,19.0
3393,main_green,main_green,54,234.0,9.014495467851555,14,2,2,0.0,4.0,11.0,19.0
3394,main_green,main_green,53,248.0,8.957058747127345,14,2,2,0.0,4.0,11.0,19.0
3395,main_green,main_green,52,262.0,8.882601172570515,15,2,2,0.0,4.0,11.0,19.0
3396,main_green,main_green,57,276.0,8.082772168567711,19,2,2,0.0,4.0,11.0,19.0
3397,main_green,main_green,56,290.0,8.304558295478598,14,2,2,0.0,4.0,11.0,19.0
3398,main_green,main_green,56,304.0,8.620193022356357,14,2,2,6.0,8.0,18.0,20.0
3399,main_green,main_green,56,318.0,8.776014594468078,14,2,2,6.0,8.0,18.0,20.0
3400,main_green,main_green,58,332.0,8.538060131585974,16,2,2,6.0,8.0,18.0,20.0
3401,main_green,main_green,58,346.0,8.649693220458863,14,2,2,6.0,8.0,18.0,20.0
3402,main_green,main_green,58,360.0,8.660094536526085,14,2,2,6.0,8.0,18.0,20.0
3403,main_green,main_green,57,376.0,8.56145505224176,16,2,2,6.0,8.0,18.0,20.0
3404,main_green,main_green,57,393.0,8.31891941856714,18,2,2,6.0,8.0,18.0,20.0
3405,main_green,main_green,58,410.0,8.18368337589052,18,2,2,6.0,8.0,18.0,20.0
3406,main_green,main_green,56,428.0,8.084736899144263,18,2,2,6.0,8.0,18.0,20.0
3407,main_green,main_green,56,446.0,8.202259834896065,18,2,2,6.0,8.0,18.0,20.0
3408,yellow_transition,yellow_transition,60,464.0,7.472022255311631,23,3,3,11.0,13.0,12.0,8.0
3409,yellow_transition,yellow_transition,60,482.0,7.644712085302994,18,3,3,11.0,13.0,12.0,8.0
3410,yellow_transition,yellow_transition,61,500.0,7.418501725119769,19,3,3,11.0,13.0,12.0,8.0
3411,main_green,side_green,61,321.0,7.742670980275144,14,2,0,11.0,13.0,12.0,8.0
3412,main_green,side_green,62,228.0,7.987682391163708,11,2,0,11.0,13.0,12.0,8.0
3413,main_green,side_green,62,216.0,8.368071254777533,8,2,0,11.0,13.0,12.0,8.0
3414,main_green,side_green,62,224.0,8.622257874940555,8,2,0,11.0,13.0,12.0,8.0
3415,main_green,side_green,62,232.0,8.766511192699955,9,2,0,11.0,13.0,12.0,8.0
3416,main_green,side_green,63,241.0,8.769486448517156,10,2,0,11.0,13.0,12.0,8.0
3417,main_green,side_green,63,253.0,9.101945551331887,12,2,0,11.0,13.0,12.0,8.0
3418,main_green,side_green,63,267.0,9.34497344321056,14,2,0,11.0,13.0,12.0,8.0
3419,main_green,side_green,63,281.0,9.487396934361914,14,2,0,11.0,13.0,12.0,8.0
3420,main_green,side_green,68,295.0,8.814295767515954,19,2,0,11.0,13.0,12.0,8.0
3421,yellow_transition,yellow_transition,68,309.0,8.686327481341152,15,3,1,15.0,5.0,-15.0,7.0
3422,yellow_transition,yellow_transition,68,324.0,8.77604496253316,15,3,1,15.0,5.0,-15.0,7.0
3423,yellow_transition,yellow_transition,66,340.0,8.884544377413564,16,3,1,15.0,5.0,-15.0,7.0
3424,side_green,main_green,66,126.0,8.885953679571827,9,0,2,15.0,5.0,-15.0,7.0
3425,side_green,main_green,65,18.0,9.109888436118473,2,0,2,15.0,5.0,-15.0,7.0
3426,side_green,main_green,63,0.0,9.062005279393368,1,0,2,15.0,5.0,-15.0,7.0
3427,side_green,main_green,63,0.0,9.568791485861235,0,0,2,15.0,5.0,-15.0,7.0
3428,side_green,main_green,64,0.0,10.052267017719014,1,0,2,15.0,5.0,-15.0,7.0
3429,side_green,main_green,61,2.0,10.581549411346527,2,0,2,15.0,5.0,-15.0,7.0
3430,side_green,main_green,59,6.0,10.995089519348294,4,0,2,15.0,5.0,-15.0,7.0
3431,side_green,main_green,59,10.0,11.155577081366381,5,0,2,15.0,5.0,-15.0,7.0
3432,side_green,main_green,59,14.0,10.210310218857076,9,0,2,15.0,5.0,-15.0,7.0
3433,side_green,main_green,58,18.0,10.305579398076858,4,0,2,15.0,5.0,-15.0,7.0
3434,yellow_transition,yellow_transition,55,22.0,10.1421446187424,4,1,3,-12.0,10.0,-2.0,4.0
3435,yellow_transition,yellow_transition,54,27.0,9.933395060520096,5,1,3,-12.0,10.0,-2.0,4.0
3436,yellow_transition,yellow_transition,56,32.0,9.519809114894473,7,1,3,-12.0,10.0,-2.0,4.0
3437,main_green,main_green,56,20.0,9.792792877539958,3,2,2,-12.0,10.0,-2.0,4.0
3438,main_green,main_green,55,19.0,10.015523469628187,2,2,2,-12.0,10.0,-2.0,4.0
3439,main_green,main_green,55,21.0,10.224781453915536,2,2,2,-12.0,10.0,-2.0,4.0
3440,main_green,main_green,55,25.0,10.188136942588466,5,2,2,-12.0,10.0,-2.0,4.0
3441,main_green,main_green,56,31.0,10.26217637787103,7,2,2,-12.0,10.0,-2.0,4.0
3442,main_green,main_green,55,37.0,10.568604135676653,6,2,2,-12.0,10.0,-2.0,4.0
3443,main_green,main_green,54,43.0,10.818043148008403,6,2,2,-12.0,10.0,-2.0,4.0
3444,main_green,main_green,58,49.0,9.955942453748618,11,2,2,-12.0,10.0,-2.0,4.0
3445,main_green,main_green,54,55.0,10.131393827019028,6,2,2,-12.0,10.0,-2.0,4.0
3446,main_green,main_green,54,61.0,10.034139874868481,7,2,2,-12.0,10.0,-2.0,4.0
3447,main_green,main_green,51,67.0,10.204938553980558,6,2,2,1.0,15.0,0.0,6.0
3448,main_green,main_green,52,73.0,10.152799707690848,7,2,2,1.0,15.0,0.0,6.0
3449,main_green,main_green,51,79.0,10.268367648002814,6,2,2,1.0,15.0,0.0,6.0
3450,main_green,main_green,50,85.0,10.188331023402672,6,2,2,1.0,15.0,0.0,6.0
3451,main_green,main_green,48,92.0,9.802849802876217,8,2,2,1.0,15.0,0.0,6.0
3452,main_green,main_green,48,99.0,9.54450818097876,8,2,2,1.0,15.0,0.0,6.0
3453,main_green,main_green,48,107.0,9.63316833274679,8,2,2,1.0,15.0,0.0,6.0
3454,main_green,main_green,48,117.0,9.789305321872867,10,2,2,1.0,15.0,0.0,6.0
3455,main_green,main_green,48,127.0,9.879919452105762,10,2,2,1.0,15.0,0.0,6.0
3456,main_green,main_green,53,137.0,8.924027601760322,15,2,2,1.0,15.0,0.0,6.0
3457,main_green,main_green,53,147.0,9.015170639011634,11,2,2,4.0,10.0,11.0,15.0
3458,main_green,main_green,53,157.0,9.29121240927628,10,2,2,4.0,10.0,11.0,15.0
3459,main_green,main_green,53,167.0,9.490243329699956,10,2,2,4.0,10.0,11.0,15.0
3460,main_green,main_green,54,177.0,9.366591970798911,11,2,2,4.0,10.0,11.0,15.0
3461,main_green,main_green,52,187.0,9.202692201483787,10,2,2,4.0,10.0,11.0,15.0
3462,main_green,main_green,52,197.0,9.0062245302426,11,2,2,4.0,10.0,11.0,15.0
3463,main_green,main_green,51,208.0,9.030649618095211,11,2,2,4.0,10.0,11.0,15.0
3464,main_green,main_green,52,220.0,8.810712159120037,13,2,2,4.0,10.0,11.0,15.0
3465,main_green,main_green,52,233.0,8.851560099891051,13,2,2,4.0,10.0,11.0,15.0
3466,main_green,main_green,52,247.0,8.985871706088917,14,2,2,4.0,10.0,11.0,15.0
3467,main_green,main_green,52,261.0,8.778646515470998,15,2,2,2.0,6.0,12.0,14.0
3468,main_green,main_green,57,275.0,8.285225292887626,19,2,2,2.0,6.0,12.0,14.0
3469,main_green,main_green,57,289.0,8.412703111868456,14,2,2,2.0,6.0,12.0,14.0
3470,main_green,main_green,57,303.0,8.665958286938688,14,2,2,2.0,6.0,12.0,14.0
3471,main_green,main_green,57,317.0,8.802069352213474,14,2,2,2.0,6.0,12.0,14.0
3472,main_green,main_green,59,331.0,8.501763798837406,16,2,2,2.0,6.0,12.0,14.0
3473,main_green,main_green,58,345.0,8.44751686227209,14,2,2,2.0,6.0,12.0,14.0
3474,main_green,main_green,58,359.0,8.491270628826237,14,2,2,2.0,6.0,12.0,14.0
3475,main_green,main_green,58,374.0,8.574563522562459,15,2,2,2.0,6.0,12.0,14.0
3476,main_green,main_green,59,390.0,8.526131293067008,17,2,2,2.0,6.0,12.0,14.0
3477,yellow_transition,yellow_transition,60,408.0,8.414207548543045,19,3,3,8.0,12.0,12.0,6.0
3478,yellow_transition,yellow_transition,58,426.0,8.231150958726529,18,3,3,8.0,12.0,12.0,6.0
3479,yellow_transition,yellow_transition,58,444.0,8.17240071636669,18,3,3,8.0,12.0,12.0,6.0
3480,main_green,side_green,63,278.0,7.761389265824303,19,2,0,8.0,12.0,12.0,6.0
3481,main_green,side_green,62,201.0,8.111948552739413,10,2,0,8.0,12.0,12.0,6.0
3482,main_green,side_green,63,198.0,8.430699474533009,10,2,0,8.0,12.0,12.0,6.0
3483,main_green,side_green,63,207.0,8.760292176346958,9,2,0,8.0,12.0,12.0,6.0
3484,main_green,side_green,63,216.0,8.750824220385024,10,2,0,8.0,12.0,12.0,6.0
3485,main_green,side_green,61,225.0,8.847339667064716,9,2,0,8.0,12.0,12.0,6.0
3486,main_green,side_green,60,234.0,9.30537346673909,9,2,0,8.0,12.0,12.0,6.0
3487,main_green,side_green,60,245.0,9.220038004176267,12,2,0,8.0,12.0,12.0,6.0
3488,main_green,side_green,61,258.0,9.186165791004411,14,2,0,8.0,12.0,12.0,6.0
3489,main_green,side_green,60,272.0,9.232547629822333,14,2,0,8.0,12.0,12.0,6.0
3490,yellow_transition,yellow_transition,60,286.0,9.151475662034354,14,3,1,12.0,4.0,-15.0,11.0
3491,yellow_transition,yellow_transition,60,300.0,9.04072193800953,14,3,1,12.0,4.0,-15.0,11.0
3492,yellow_transition,yellow_transition,63,314.0,8.130320753373192,19,3,1,12.0,4.0,-15.0,11.0
3493,side_green,main_green,64,108.0,8.261288380006322,7,0,2,12.0,4.0,-15.0,11.0
3494,side_green,main_green,63,15.0,8.698346763716485,2,0,2,12.0,4.0,-15.0,11.0
3495,side_green,main_green,62,0.0,9.210853866603271,0,0,2,12.0,4.0,-15.0,11.0
3496,side_green,main_green,62,1.0,9.632823779624129,2,0,2,12.0,4.0,-15.0,11.0
3497,side_green,main_green,62,2.0,10.111031920291321,1,0,2,12.0,4.0,-15.0,11.0
3498,side_green,main_green,62,3.0,10.466974568236223,2,0,2,12.0,4.0,-15.0,11.0
3499,side_green,main_green,59,5.0,10.707293712327756,2,0,2,12.0,4.0,-15.0,11.0
3500,side_green,main_green,59,9.0,10.811568712662769,5,0,2,12.0,4.0,-15.0,11.0
3501,side_green,main_green,57,13.0,10.757264954080036,4,0,2,12.0,4.0,-15.0,11.0
3502,side_green,main_green,56,17.0,10.947127059193182,4,0,2,12.0,4.0,-15.0,11.0
3503,yellow_transition,yellow_transition,54,22.0,10.649617682398794,6,1,3,-15.0,11.0,-9.0,-3.0
3504,yellow_transition,yellow_transition,57,29.0,9.73123519364615,12,1,3,-15.0,11.0,-9.0,-3.0
3505,yellow_transition,yellow_transition,56,36.0,10.021198547414087,7,1,3,-15.0,11.0,-9.0,-3.0
3506,main_green,main_green,55,17.0,10.223310548953492,3,2,2,-15.0,11.0,-9.0,-3.0
3507,main_green,main_green,55,16.0,10.565735666794287,2,2,2,-15.0,11.0,-9.0,-3.0
3508,main_green,main_green,57,18.0,10.32062728512585,4,2,2,-15.0,11.0,-9.0,-3.0
3509,main_green,main_green,57,20.0,10.569621390471221,2,2,2,-15.0,11.0,-9.0,-3.0
3510,main_green,main_green,57,22.0,10.714976875976383,2,2,2,-15.0,11.0,-9.0,-3.0
3511,main_green,main_green,54,25.0,10.890852988893114,3,2,2,-15.0,11.0,-9.0,-3.0
3512,main_green,main_green,53,29.0,10.687674047578891,5,2,2,-15.0,11.0,-9.0,-3.0
3513,main_green,main_green,51,34.0,10.590390874683127,6,2,2,-15.0,11.0,-9.0,-3.0
3514,main_green,main_green,50,40.0,10.766097915591665,6,2,2,-15.0,11.0,-9.0,-3.0
3515,main_green,main_green,49,46.0,10.891428851983566,6,2,2,-15.0,11.0,-9.0,-3.0
3516,main_green,main_green,53,52.0,9.816778096667761,11,2,2,-3.0,15.0,-4.0,4.0
3517,main_green,main_green,51,58.0,9.906333926758986,6,2,2,-3.0,15.0,-4.0,4.0
3518,main_green,main_green,52,64.0,10.024317031306413,7,2,2,-3.0,15.0,-4.0,4.0
3519,main_green,main_green,49,70.0,10.206551511528238,6,2,2,-3.0,15.0,-4.0,4.0
3520,main_green,main_green,50,76.0,10.162577671992082,7,2,2,-3.0,15.0,-4.0,4.0
3521,main_green,main_green,49,82.0,10.001812032528436,6,2,2,-3.0,15.0,-4.0,4.0
3522,main_green,main_green,48,88.0,9.934631854380342,6,2,2,-3.0,15.0,-4.0,4.0
3523,main_green,main_green,48,94.0,9.614426196328628,7,2,2,-3.0,15.0,-4.0,4.0
3524,main_green,main_green,48,103.0,9.398778829241985,10,2,2,-3.0,15.0,-4.0,4.0
3525,main_green,main_green,48,113.0,9.604521258754877,10,2,2,-3.0,15.0,-4.0,4.0
3526,main_green,main_green,47,123.0,9.637437181860108,10,2,2,-2.0,6.0,10.0,20.0
3527,main_green,main_green,47,133.0,9.822256119946964,10,2,2,-2.0,6.0,10.0,20.0
3528,main_green,main_green,52,143.0,8.944117357044536,15,2,2,-2.0,6.0,10.0,20.0
3529,main_green,main_green,53,153.0,9.000600512475003,11,2,2,-2.0,6.0,10.0,20.0
3530,main_green,main_green,53,163.0,9.235171722033655,10,2,2,-2.0,6.0,10.0,20.0
3531,main_green,main_green,53,173.0,9.468955104457862,10,2,2,-2.0,6.0,10.0,20.0
3532,main_green,main_green,53,183.0,9.374107059084565,11,2,2,-2.0,6.0,10.0,20.0
3533,main_green,main_green,53,193.0,9.297031056921721,10,2,2,-2.0,6.0,10.0,20.0
3534,main_green,main_green,53,203.0,9.153033058033724,11,2,2,-2.0,6.0,10.0,20.0
3535,main_green,main_green,52,214.0,9.182069491660291,11,2,2,-2.0,6.0,10.0,20.0
3536,main_green,main_green,53,226.0,8.858526626560254,13,2,2,3.0,7.0,14.0,18.0
3537,main_green,main_green,53,238.0,9.030656204356667,12,2,2,3.0,7.0,14.0,18.0
3538,main_green,main_green,53,251.0,9.056783838770235,13,2,2,3.0,7.0,14.0,18.0
3539,main_green,main_green,54,265.0,9.028338153916959,15,2,2,3.0,7.0,14.0,18.0
3540,main_green,main_green,58,279.0,8.24928578979884,19,2,2,3.0,7.0,14.0,18.0
3541,main_green,main_green,58,293.0,8.451395108918856,14,2,2,3.0,7.0,14.0,18.0
3542,main_green,main_green,58,307.0,8.731503306273122,14,2,2,3.0,7.0,14.0,18.0
3543,main_green,main_green,57,321.0,8.772017718249266,14,2,2,3.0,7.0,14.0,18.0
3544,main_green,main_green,59,335.0,8.443354480813934,16,2,2,3.0,7.0,14.0,18.0
3545,main_green,main_green,59,349.0,8.421618552418822,14,2,2,3.0,7.0,14.0,18.0
3546,yellow_transition,yellow_transition,58,363.0,8.382652793139826,14,3,3,8.0,10.0,11.0,7.0
3547,yellow_transition,yellow_transition,57,377.0,8.447685155774607,14,3,3,8.0,10.0,11.0,7.0
3548,yellow_transition,yellow_transition,57,395.0,8.121930485884864,19,3,3,8.0,10.0,11.0,7.0
3549,main_green,side_green,57,238.0,8.033752403072913,15,2,0,8.0,10.0,11.0,7.0
3550,main_green,side_green,57,175.0,8.250077365816104,11,2,0,8.0,10.0,11.0,7.0
3551,main_green,side_green,57,178.0,8.593875731862065,9,2,0,8.0,10.0,11.0,7.0
3552,main_green,side_green,62,188.0,8.261700529010776,15,2,0,8.0,10.0,11.0,7.0
3553,main_green,side_green,61,198.0,8.647770043695688,10,2,0,8.0,10.0,11.0,7.0
3554,main_green,side_green,61,208.0,8.892650106890795,11,2,0,8.0,10.0,11.0,7.0
3555,main_green,side_green,61,219.0,9.33038952765439,11,2,0,8.0,10.0,11.0,7.0
3556,main_green,side_green,62,230.0,9.25370225690357,12,2,0,8.0,10.0,11.0,7.0
3557,main_green,side_green,62,241.0,9.280667346818001,11,2,0,8.0,10.0,11.0,7.0
3558,main_green,side_green,61,253.0,9.25773000407856,12,2,0,8.0,10.0,11.0,7.0
3559,yellow_transition,yellow_transition,62,266.0,9.062857562649318,14,3,1,11.0,3.0,-13.0,13.0
3560,yellow_transition,yellow_transition,62,280.0,8.738920645675481,15,3,1,11.0,3.0,-13.0,13.0
3561,yellow_transition,yellow_transition,60,296.0,8.572631788334503,16,3,1,11.0,3.0,-13.0,13.0
3562,side_green,main_green,60,96.0,8.639778528459068,8,0,2,11.0,3.0,-13.0,13.0
3563,side_green,main_green,58,9.0,8.955275457966417,3,0,2,11.0,3.0,-13.0,13.0
3564,side_green,main_green,62,2.0,8.67248800973922,6,0,2,11.0,3.0,-13.0,13.0
3565,side_green,main_green,62,3.0,8.8569304744645,2,0,2,11.0,3.0,-13.0,13.0
3566,side_green,main_green,61,5.0,9.443286622167797,2,0,2,11.0,3.0,-13.0,13.0
3567,side_green,main_green,60,7.0,10.092700625228218,2,0,2,11.0,3.0,-13.0,13.0
3568,side_green,main_green,59,11.0,10.426374781604887,5,0,2,11.0,3.0,-13.0,13.0
3569,side_green,main_green,59,15.0,10.777309346940365,4,0,2,11.0,3.0,-13.0,13.0
3570,side_green,main_green,57,19.0,10.72291623363588,5,0,2,11.0,3.0,-13.0,13.0
3571,side_green,main_green,56,23.0,10.910273523861699,4,0,2,11.0,3.0,-13.0,13.0
3572,yellow_transition,yellow_transition,54,29.0,10.538629214376643,7,1,3,-14.0,14.0,-10.0,-2.0
3573,yellow_transition,yellow_transition,54,35.0,10.572962695808318,6,1,3,-14.0,14.0,-10.0,-2.0
3574,yellow_transition,yellow_transition,52,41.0,10.54482843836831,6,1,3,-14.0,14.0,-10.0,-2.0
3575,main_green,main_green,52,10.0,10.315470323294324,5,2,2,-14.0,14.0,-10.0,-2.0
3576,main_green,main_green,56,7.0,9.614472235828421,7,2,2,-14.0,14.0,-10.0,-2.0
3577,main_green,main_green,56,9.0,10.006621297882864,2,2,2,-14.0,14.0,-10.0,-2.0
3578,main_green,main_green,56,11.0,10.579916145274085,2,2,2,-14.0,14.0,-10.0,-2.0
3579,main_green,main_green,55,13.0,10.957831479245913,2,2,2,-14.0,14.0,-10.0,-2.0
3580,main_green,main_green,53,15.0,10.729660873940373,4,2,2,-14.0,14.0,-10.0,-2.0
3581,main_green,main_green,53,17.0,11.007560261799863,2,2,2,-14.0,14.0,-10.0,-2.0
3582,main_green,main_green,49,19.0,10.88994864089773,2,2,2,-14.0,14.0,-10.0,-2.0
3583,main_green,main_green,49,22.0,10.818548626203286,3,2,2,-14.0,14.0,-10.0,-2.0
3584,main_green,main_green,49,25.0,10.67760882599232,4,2,2,-14.0,14.0,-10.0,-2.0
3585,main_green,main_green,48,29.0,10.299857289392678,5,2,2,-3.0,17.0,-4.0,6.0
3586,main_green,main_green,47,35.0,10.505090550542365,6,2,2,-3.0,17.0,-4.0,6.0
3587,main_green,main_green,47,41.0,10.6465315567177,6,2,2,-3.0,17.0,-4.0,6.0
3588,main_green,main_green,51,47.0,9.61989935068761,11,2,2,-3.0,17.0,-4.0,6.0
3589,main_green,main_green,51,53.0,9.825146125664247,6,2,2,-3.0,17.0,-4.0,6.0
3590,main_green,main_green,51,59.0,9.859094983426672,7,2,2,-3.0,17.0,-4.0,6.0
3591,main_green,main_green,50,65.0,10.18279626269701,6,2,2,-3.0,17.0,-4.0,6.0
3592,main_green,main_green,50,71.0,10.180063071476164,7,2,2,-3.0,17.0,-4.0,6.0
3593,main_green,main_green,49,77.0,10.287673880076548,6,2,2,-3.0,17.0,-4.0,6.0
3594,main_green,main_green,48,83.0,10.265770589285008,6,2,2,-3.0,17.0,-4.0,6.0
3595,main_green,main_green,49,89.0,9.814405969932183,7,2,2,-3.0,5.0,9.0,19.0
3596,main_green,main_green,50,95.0,9.651544914580496,7,2,2,-3.0,5.0,9.0,19.0
3597,main_green,main_green,50,103.0,9.809747767504293,8,2,2,-3.0,5.0,9.0,19.0
3598,main_green,main_green,50,112.0,9.80141130028268,9,2,2,-3.0,5.0,9.0,19.0
3599,main_green,main_green,50,122.0,9.985298855448344,10,2,2,-3.0,5.0,9.0,19.0
