step,J1_phase_group,J2_phase_group,vehicle_count,total_waiting_time,mean_speed,total_queue,J1_phase,J2_phase,J1_side_pressure,J1_main_pressure,J2_side_pressure,J2_main_pressure
0,main_green,main_green,6,0.0,0.0,6,2,2,0.0,0.0,0.0,0.0
1,main_green,main_green,6,0.0,2.0676074777846227,0,2,2,0.0,0.0,0.0,0.0
2,main_green,main_green,6,0.0,4.027247551766535,0,2,2,0.0,0.0,0.0,0.0
3,main_green,main_green,6,0.0,6.103270077872246,0,2,2,0.0,0.0,0.0,0.0
4,main_green,main_green,7,0.0,6.88777881395737,1,2,2,0.0,0.0,0.0,0.0
5,main_green,main_green,7,0.0,8.913612238460754,0,2,2,0.0,0.0,0.0,0.0
6,main_green,main_green,8,0.0,9.636551535489126,1,2,2,0.0,0.0,0.0,0.0
7,main_green,main_green,8,0.0,10.511514808421609,0,2,2,0.0,0.0,0.0,0.0
8,main_green,main_green,9,0.0,9.552003936352213,1,2,2,0.0,0.0,0.0,0.0
9,main_green,main_green,9,0.0,10.420097825318267,0,2,2,0.0,0.0,0.0,0.0
10,main_green,main_green,9,0.0,10.935008466066899,0,2,2,4.0,6.0,4.0,4.0
11,main_green,main_green,10,0.0,10.44606548372107,1,2,2,4.0,6.0,4.0,4.0
12,main_green,main_green,15,0.0,7.3352321609203806,5,2,2,4.0,6.0,4.0,4.0
13,main_green,main_green,15,0.0,8.392284594043259,0,2,2,4.0,6.0,4.0,4.0
14,main_green,main_green,15,0.0,9.258799396045609,0,2,2,4.0,6.0,4.0,4.0
15,main_green,main_green,15,0.0,10.190434310951682,0,2,2,4.0,6.0,4.0,4.0
16,main_green,main_green,17,0.0,9.294609627547548,2,2,2,4.0,6.0,4.0,4.0
17,main_green,main_green,17,0.0,9.38495008756357,0,2,2,4.0,6.0,4.0,4.0
18,main_green,main_green,17,0.0,9.010633723560039,0,2,2,4.0,6.0,4.0,4.0
19,main_green,main_green,17,0.0,8.816416121862426,0,2,2,4.0,6.0,4.0,4.0
20,main_green,main_green,18,3.0,8.386311776761168,4,2,2,8.0,10.0,8.0,8.0
21,main_green,main_green,19,7.0,8.354314156526453,5,2,2,8.0,10.0,8.0,8.0
22,main_green,main_green,19,11.0,8.696582306829663,4,2,2,8.0,10.0,8.0,8.0
23,main_green,main_green,19,15.0,8.8779881719679,4,2,2,8.0,10.0,8.0,8.0
24,main_green,main_green,24,19.0,7.107292037781709,9,2,2,8.0,10.0,8.0,8.0
25,main_green,main_green,24,23.0,7.779871335626274,4,2,2,8.0,10.0,8.0,8.0
26,main_green,main_green,25,27.0,7.929595657355755,5,2,2,8.0,10.0,8.0,8.0
27,main_green,main_green,25,31.0,8.519316300459913,4,2,2,8.0,10.0,8.0,8.0
28,main_green,main_green,26,35.0,8.418137956205245,5,2,2,8.0,10.0,8.0,8.0
29,main_green,main_green,26,39.0,8.915447557208795,4,2,2,8.0,10.0,8.0,8.0
30,main_green,main_green,26,43.0,9.065044411653577,4,2,2,11.0,15.0,11.0,11.0
31,main_green,main_green,27,47.0,8.53125071505094,5,2,2,11.0,15.0,11.0,11.0
32,main_green,main_green,28,52.0,8.119469576599375,6,2,2,11.0,15.0,11.0,11.0
33,main_green,main_green,28,57.0,8.333525011881,5,2,2,11.0,15.0,11.0,11.0
34,main_green,main_green,28,64.0,8.431749891061212,7,2,2,11.0,15.0,11.0,11.0
35,main_green,main_green,28,72.0,8.611385637662519,8,2,2,11.0,15.0,11.0,11.0
36,main_green,main_green,33,80.0,7.407326316407552,13,2,2,11.0,15.0,11.0,11.0
37,main_green,main_green,34,88.0,7.523702648160763,9,2,2,11.0,15.0,11.0,11.0
38,main_green,main_green,34,96.0,7.999273149808182,8,2,2,11.0,15.0,11.0,11.0
39,main_green,main_green,34,104.0,8.33098791428354,8,2,2,11.0,15.0,11.0,11.0
40,main_green,main_green,35,112.0,8.13521824371738,9,2,2,12.0,12.0,14.0,16.0
41,main_green,main_green,35,120.0,8.199789004064376,8,2,2,12.0,12.0,14.0,16.0
42,main_green,main_green,36,128.0,7.768773952287197,9,2,2,12.0,12.0,14.0,16.0
43,main_green,main_green,36,136.0,7.827462122047954,8,2,2,12.0,12.0,14.0,16.0
44,main_green,main_green,37,145.0,7.787474278752947,10,2,2,12.0,12.0,14.0,16.0
45,main_green,main_green,37,156.0,7.915255021389025,11,2,2,12.0,12.0,14.0,16.0
46,main_green,main_green,37,168.0,7.935853070411297,12,2,2,12.0,12.0,14.0,16.0
47,main_green,main_green,38,180.0,7.924348197239989,13,2,2,12.0,12.0,14.0,16.0
48,main_green,main_green,43,192.0,7.037560322470043,17,2,2,12.0,12.0,14.0,16.0
49,main_green,main_green,43,204.0,7.425632894382603,12,2,2,12.0,12.0,14.0,16.0
50,yellow_transition,yellow_transition,43,216.0,7.720073748384482,12,3,3,14.0,12.0,16.0,16.0
51,yellow_transition,yellow_transition,43,228.0,7.83456522608538,12,3,3,14.0,12.0,16.0,16.0
52,yellow_transition,yellow_transition,45,240.0,7.355563689822032,14,3,3,14.0,12.0,16.0,16.0
53,side_green,main_green,45,142.0,7.825660776736676,8,0,2,14.0,12.0,16.0,16.0
54,side_green,main_green,45,129.0,8.095416380479262,6,0,2,14.0,12.0,16.0,16.0
55,side_green,main_green,45,135.0,8.255544912787105,6,0,2,14.0,12.0,16.0,16.0
56,side_green,main_green,46,142.0,8.454017702801796,8,0,2,14.0,12.0,16.0,16.0
57,side_green,main_green,47,150.0,8.712245078595467,9,0,2,14.0,12.0,16.0,16.0
58,side_green,main_green,47,159.0,8.991187566519077,9,0,2,14.0,12.0,16.0,16.0
59,side_green,main_green,47,168.0,9.279572919318687,9,0,2,14.0,12.0,16.0,16.0
60,side_green,main_green,52,177.0,8.56650308187185,14,0,2,14.0,12.0,16.0,16.0
61,side_green,main_green,52,186.0,8.794588667972437,9,0,2,14.0,12.0,16.0,16.0
62,side_green,main_green,53,196.0,8.76904116178536,11,0,2,14.0,12.0,16.0,16.0
63,yellow_transition,yellow_transition,53,206.0,8.9669236962782,10,1,3,-4.0,16.0,15.0,7.0
64,yellow_transition,yellow_transition,54,217.0,8.677567166994793,12,1,3,-4.0,16.0,15.0,7.0
65,yellow_transition,yellow_transition,54,228.0,8.562391158243601,11,1,3,-4.0,16.0,15.0,7.0
66,main_green,side_green,54,65.0,8.83448396303718,5,2,0,-4.0,16.0,15.0,7.0
67,main_green,side_green,55,1.0,8.98910918986005,2,2,0,-4.0,16.0,15.0,7.0
68,main_green,side_green,56,0.0,9.17540183313902,1,2,0,-4.0,16.0,15.0,7.0
69,main_green,side_green,56,0.0,9.562796563619054,0,2,0,-4.0,16.0,15.0,7.0
70,main_green,side_green,56,2.0,9.903614120542043,2,2,0,-4.0,16.0,15.0,7.0
71,main_green,side_green,52,5.0,10.039061038746357,3,2,0,-4.0,16.0,15.0,7.0
72,main_green,side_green,55,8.0,9.318821862923638,8,2,0,-4.0,16.0,15.0,7.0
73,main_green,side_green,54,13.0,9.339939777999335,6,2,0,-4.0,16.0,15.0,7.0
74,main_green,side_green,53,18.0,9.586202734795798,5,2,0,-4.0,16.0,15.0,7.0
75,main_green,side_green,52,24.0,9.804723572661036,6,2,0,-4.0,16.0,15.0,7.0
76,yellow_transition,yellow_transition,53,30.0,9.676449737611158,7,3,1,0.0,6.0,-8.0,16.0
77,yellow_transition,yellow_transition,53,37.0,9.49997711640474,7,3,1,0.0,6.0,-8.0,16.0
78,yellow_transition,yellow_transition,54,44.0,9.02216025291865,8,3,1,0.0,6.0,-8.0,16.0
79,main_green,main_green,53,26.0,9.095413730919377,5,2,2,0.0,6.0,-8.0,16.0
80,main_green,main_green,53,25.0,9.215109985656483,6,2,2,0.0,6.0,-8.0,16.0
81,main_green,main_green,53,31.0,9.581306791489805,6,2,2,0.0,6.0,-8.0,16.0
82,main_green,main_green,53,37.0,9.924243164051008,6,2,2,0.0,6.0,-8.0,16.0
83,main_green,main_green,53,43.0,10.034308824692003,7,2,2,0.0,6.0,-8.0,16.0
84,main_green,main_green,58,49.0,9.382901662776867,11,2,2,0.0,6.0,-8.0,16.0
85,main_green,main_green,56,55.0,9.691917441587961,6,2,2,0.0,6.0,-8.0,16.0
86,main_green,main_green,56,61.0,10.022900267097436,6,2,2,0.0,6.0,-8.0,16.0
87,main_green,main_green,53,67.0,10.092361893222224,6,2,2,0.0,6.0,-8.0,16.0
88,main_green,main_green,54,73.0,9.828715826002501,8,2,2,0.0,6.0,-8.0,16.0
89,main_green,main_green,51,79.0,9.764258501644804,6,2,2,1.0,11.0,-1.0,15.0
90,main_green,main_green,50,85.0,9.74709554854969,6,2,2,1.0,11.0,-1.0,15.0
91,main_green,main_green,50,91.0,9.781180627106444,6,2,2,1.0,11.0,-1.0,15.0
92,main_green,main_green,50,100.0,9.533883939255785,10,2,2,1.0,11.0,-1.0,15.0
93,main_green,main_green,51,110.0,9.271636615481231,11,2,2,1.0,11.0,-1.0,15.0
94,main_green,main_green,51,120.0,9.579633883626533,10,2,2,1.0,11.0,-1.0,15.0
95,main_green,main_green,51,130.0,9.679323049631863,10,2,2,1.0,11.0,-1.0,15.0
96,main_green,main_green,56,140.0,8.954377325450801,15,2,2,1.0,11.0,-1.0,15.0
97,main_green,main_green,54,150.0,9.091102861193871,10,2,2,1.0,11.0,-1.0,15.0
98,main_green,main_green,55,160.0,9.11417312316704,11,2,2,1.0,11.0,-1.0,15.0
99,main_green,main_green,55,170.0,9.41964497366894,10,2,2,11.0,15.0,3.0,7.0
100,main_green,main_green,56,180.0,9.194764780706604,11,2,2,11.0,15.0,3.0,7.0
101,main_green,main_green,56,190.0,9.34733766240098,10,2,2,11.0,15.0,3.0,7.0
102,main_green,main_green,55,200.0,9.295854326436189,10,2,2,11.0,15.0,3.0,7.0
103,main_green,main_green,56,210.0,9.146080953399169,11,2,2,11.0,15.0,3.0,7.0
104,main_green,main_green,56,222.0,8.870559134430296,13,2,2,11.0,15.0,3.0,7.0
105,main_green,main_green,55,236.0,8.990910471558198,14,2,2,11.0,15.0,3.0,7.0
106,main_green,main_green,55,250.0,9.116682787560524,14,2,2,11.0,15.0,3.0,7.0
107,main_green,main_green,54,264.0,9.088409849765254,14,2,2,11.0,15.0,3.0,7.0
108,main_green,main_green,58,278.0,8.269131044794142,19,2,2,11.0,15.0,3.0,7.0
109,main_green,main_green,58,292.0,8.340726510092733,15,2,2,14.0,14.0,8.0,10.0
110,main_green,main_green,58,306.0,8.56772830187337,14,2,2,14.0,14.0,8.0,10.0
111,main_green,main_green,58,320.0,8.571105492837429,14,2,2,14.0,14.0,8.0,10.0
112,main_green,main_green,59,334.0,8.434223687186543,15,2,2,14.0,14.0,8.0,10.0
113,main_green,main_green,59,348.0,8.43218500587295,14,2,2,14.0,14.0,8.0,10.0
114,main_green,main_green,60,362.0,8.323946306844356,15,2,2,14.0,14.0,8.0,10.0
115,main_green,main_green,59,378.0,8.364268654299295,16,2,2,14.0,14.0,8.0,10.0
116,main_green,main_green,59,396.0,8.256156342915643,19,2,2,14.0,14.0,8.0,10.0
117,main_green,main_green,59,414.0,8.385163474327934,18,2,2,14.0,14.0,8.0,10.0
118,main_green,main_green,59,432.0,8.439638338684444,18,2,2,14.0,14.0,8.0,10.0
119,yellow_transition,yellow_transition,59,450.0,8.343586254913888,19,3,3,10.0,8.0,9.0,11.0
120,yellow_transition,yellow_transition,63,468.0,7.448449279982424,23,3,3,10.0,8.0,9.0,11.0
121,yellow_transition,yellow_transition,62,486.0,7.392874557653057,18,3,3,10.0,8.0,9.0,11.0
122,side_green,main_green,61,313.0,7.479490173959687,14,0,2,10.0,8.0,9.0,11.0
123,side_green,main_green,61,224.0,7.729895131918843,11,0,2,10.0,8.0,9.0,11.0
124,side_green,main_green,63,217.0,7.774680010847115,13,0,2,10.0,8.0,9.0,11.0
125,side_green,main_green,61,228.0,7.846503761039172,11,0,2,10.0,8.0,9.0,11.0
126,side_green,main_green,61,239.0,8.099165739299181,11,0,2,10.0,8.0,9.0,11.0
127,side_green,main_green,61,251.0,8.473204389691377,12,0,2,10.0,8.0,9.0,11.0
128,side_green,main_green,61,265.0,8.539955005552818,15,0,2,10.0,8.0,9.0,11.0
129,side_green,main_green,62,280.0,8.703920465214354,16,0,2,10.0,8.0,9.0,11.0
130,side_green,main_green,62,295.0,8.958334794593906,15,0,2,10.0,8.0,9.0,11.0
131,side_green,main_green,61,310.0,8.91491925187103,15,0,2,10.0,8.0,9.0,11.0
132,yellow_transition,yellow_transition,65,326.0,8.118196465317569,21,1,3,-15.0,15.0,11.0,1.0
133,yellow_transition,yellow_transition,64,342.0,8.045786296096711,16,1,3,-15.0,15.0,11.0,1.0
134,yellow_transition,yellow_transition,63,358.0,7.750373664545545,17,1,3,-15.0,15.0,11.0,1.0
135,main_green,side_green,63,131.0,7.94073336438752,9,2,0,-15.0,15.0,11.0,1.0
136,main_green,side_green,64,18.0,7.972931680013834,4,2,0,-15.0,15.0,11.0,1.0
137,main_green,side_green,64,1.0,8.64557855906414,1,2,0,-15.0,15.0,11.0,1.0
138,main_green,side_green,64,4.0,9.150152308435795,3,2,0,-15.0,15.0,11.0,1.0
139,main_green,side_green,64,7.0,9.404909895693441,4,2,0,-15.0,15.0,11.0,1.0
140,main_green,side_green,64,11.0,9.707994822301005,5,2,0,-15.0,15.0,11.0,1.0
141,main_green,side_green,61,17.0,10.193498208090997,6,2,0,-15.0,15.0,11.0,1.0
142,main_green,side_green,60,23.0,10.594071124199866,6,2,0,-15.0,15.0,11.0,1.0
143,main_green,side_green,57,29.0,10.857460850790256,6,2,0,-15.0,15.0,11.0,1.0
144,main_green,side_green,60,35.0,10.065861442873416,11,2,0,-15.0,15.0,11.0,1.0
145,yellow_transition,yellow_transition,59,41.0,10.00375865315832,7,3,1,-4.0,2.0,-11.0,11.0
146,yellow_transition,yellow_transition,58,47.0,10.212892730875518,6,3,1,-4.0,2.0,-11.0,11.0
147,yellow_transition,yellow_transition,57,53.0,10.319738969525874,6,3,1,-4.0,2.0,-11.0,11.0
148,main_green,main_green,57,17.0,10.424788423724593,3,2,2,-4.0,2.0,-11.0,11.0
149,main_green,main_green,57,19.0,10.36698411350635,2,2,2,-4.0,2.0,-11.0,11.0
150,main_green,main_green,58,21.0,10.41523418890455,3,2,2,-4.0,2.0,-11.0,11.0
151,main_green,main_green,58,23.0,10.654969137487573,2,2,2,-4.0,2.0,-11.0,11.0
152,main_green,main_green,58,27.0,10.67613819877094,5,2,2,-4.0,2.0,-11.0,11.0
153,main_green,main_green,55,32.0,10.705769918670345,5,2,2,-4.0,2.0,-11.0,11.0
154,main_green,main_green,53,37.0,10.851179543571078,5,2,2,-4.0,2.0,-11.0,11.0
155,main_green,main_green,52,42.0,10.653405522727939,6,2,2,-4.0,2.0,-11.0,11.0
156,main_green,main_green,55,48.0,9.661320621589686,11,2,2,-4.0,2.0,-11.0,11.0
157,main_green,main_green,52,54.0,9.96168396023903,6,2,2,-4.0,2.0,-11.0,11.0
158,main_green,main_green,50,60.0,10.064075603253379,6,2,2,-1.0,7.0,3.0,21.0
159,main_green,main_green,50,66.0,10.30681560637754,6,2,2,-1.0,7.0,3.0,21.0
160,main_green,main_green,51,72.0,10.078668819519976,8,2,2,-1.0,7.0,3.0,21.0
161,main_green,main_green,50,78.0,9.894357611453522,6,2,2,-1.0,7.0,3.0,21.0
162,main_green,main_green,49,84.0,9.90676544453644,6,2,2,-1.0,7.0,3.0,21.0
163,main_green,main_green,49,91.0,9.697663852696138,7,2,2,-1.0,7.0,3.0,21.0
164,main_green,main_green,48,100.0,9.448228704082105,10,2,2,-1.0,7.0,3.0,21.0
165,main_green,main_green,49,109.0,9.367494910329484,10,2,2,-1.0,7.0,3.0,21.0
166,main_green,main_green,49,119.0,9.405161412248114,10,2,2,-1.0,7.0,3.0,21.0
167,main_green,main_green,49,129.0,9.555098815209238,10,2,2,-1.0,7.0,3.0,21.0
168,main_green,main_green,53,139.0,8.721026535237852,15,2,2,8.0,20.0,-1.0,9.0
169,main_green,main_green,53,149.0,9.04062912882993,10,2,2,8.0,20.0,-1.0,9.0
170,main_green,main_green,54,159.0,9.073582791097452,11,2,2,8.0,20.0,-1.0,9.0
171,main_green,main_green,54,169.0,9.291859141997373,10,2,2,8.0,20.0,-1.0,9.0
172,main_green,main_green,55,179.0,9.035851732813528,11,2,2,8.0,20.0,-1.0,9.0
173,main_green,main_green,55,189.0,9.181276994950348,10,2,2,8.0,20.0,-1.0,9.0
174,main_green,main_green,53,199.0,8.999364120549034,10,2,2,8.0,20.0,-1.0,9.0
175,main_green,main_green,53,209.0,8.86154804847759,11,2,2,8.0,20.0,-1.0,9.0
176,main_green,main_green,54,220.0,8.654639220709075,12,2,2,8.0,20.0,-1.0,9.0
177,main_green,main_green,54,234.0,8.8813203643382,14,2,2,8.0,20.0,-1.0,9.0
178,main_green,main_green,54,248.0,8.9185529433685,14,2,2,12.0,14.0,2.0,6.0
179,main_green,main_green,54,262.0,9.03827954281783,14,2,2,12.0,14.0,2.0,6.0
180,main_green,main_green,59,276.0,8.333073963017975,19,2,2,12.0,14.0,2.0,6.0
181,main_green,main_green,60,290.0,8.386828864447242,15,2,2,12.0,14.0,2.0,6.0
182,main_green,main_green,60,304.0,8.759931144723792,14,2,2,12.0,14.0,2.0,6.0
183,main_green,main_green,60,318.0,8.876241508936838,14,2,2,12.0,14.0,2.0,6.0
184,main_green,main_green,60,332.0,8.69596335771924,15,2,2,12.0,14.0,2.0,6.0
185,main_green,main_green,60,346.0,8.665422706772068,14,2,2,12.0,14.0,2.0,6.0
186,main_green,main_green,61,360.0,8.493110508784053,15,2,2,12.0,14.0,2.0,6.0
187,main_green,main_green,61,375.0,8.58392419224997,15,2,2,12.0,14.0,2.0,6.0
188,yellow_transition,yellow_transition,61,391.0,8.437450129026184,17,3,3,13.0,9.0,5.0,7.0
189,yellow_transition,yellow_transition,60,408.0,8.273578723701725,17,3,3,13.0,9.0,5.0,7.0
190,yellow_transition,yellow_transition,60,426.0,8.289617510194558,18,3,3,13.0,9.0,5.0,7.0
191,side_green,main_green,60,265.0,8.269430040260312,15,0,2,13.0,9.0,5.0,7.0
192,side_green,main_green,64,188.0,7.876110058523773,15,0,2,13.0,9.0,5.0,7.0
193,side_green,main_green,64,187.0,8.371688847075957,8,0,2,13.0,9.0,5.0,7.0
194,side_green,main_green,62,195.0,8.550378807703263,8,0,2,13.0,9.0,5.0,7.0
195,side_green,main_green,62,204.0,8.875832769629623,9,0,2,13.0,9.0,5.0,7.0
196,side_green,main_green,63,214.0,8.790719667242026,12,0,2,13.0,9.0,5.0,7.0
197,side_green,main_green,62,225.0,8.973289047673733,11,0,2,13.0,9.0,5.0,7.0
198,side_green,main_green,62,237.0,9.157448548721215,12,0,2,13.0,9.0,5.0,7.0
199,side_green,main_green,60,250.0,9.183473116936007,13,0,2,13.0,9.0,5.0,7.0
200,side_green,main_green,61,264.0,8.966765522959237,15,0,2,13.0,9.0,5.0,7.0
201,yellow_transition,yellow_transition,61,278.0,8.75630117205966,15,1,3,-14.0,14.0,11.0,1.0
202,yellow_transition,yellow_transition,60,292.0,8.639473021313893,14,1,3,-14.0,14.0,11.0,1.0
203,yellow_transition,yellow_transition,59,307.0,8.593982116811953,15,1,3,-14.0,14.0,11.0,1.0
204,main_green,side_green,64,108.0,8.192310291784096,12,2,0,-14.0,14.0,11.0,1.0
205,main_green,side_green,64,14.0,8.712735629645596,2,2,0,-14.0,14.0,11.0,1.0
206,main_green,side_green,65,0.0,9.058570755958637,1,2,0,-14.0,14.0,11.0,1.0
207,main_green,side_green,64,1.0,9.587410185849782,1,2,0,-14.0,14.0,11.0,1.0
208,main_green,side_green,63,2.0,9.778443043303715,2,2,0,-14.0,14.0,11.0,1.0
209,main_green,side_green,62,3.0,10.153028756954397,1,2,0,-14.0,14.0,11.0,1.0
210,main_green,side_green,60,5.0,10.336029595305188,2,2,0,-14.0,14.0,11.0,1.0
211,main_green,side_green,60,7.0,10.468055459984532,3,2,0,-14.0,14.0,11.0,1.0
212,main_green,side_green,60,12.0,10.514388489737065,6,2,0,-14.0,14.0,11.0,1.0
213,main_green,side_green,57,17.0,10.598962898397188,5,2,0,-14.0,14.0,11.0,1.0
214,yellow_transition,yellow_transition,54,24.0,10.446088478919874,7,3,1,-10.0,-2.0,-14.0,14.0
215,yellow_transition,yellow_transition,53,31.0,10.514658600425006,7,3,1,-10.0,-2.0,-14.0,14.0
216,yellow_transition,yellow_transition,58,38.0,9.433890610434217,12,3,1,-10.0,-2.0,-14.0,14.0
217,main_green,main_green,58,16.0,9.64406072395619,4,2,2,-10.0,-2.0,-14.0,14.0
218,main_green,main_green,57,14.0,10.028816219447192,2,2,2,-10.0,-2.0,-14.0,14.0
219,main_green,main_green,57,16.0,10.55737923811692,2,2,2,-10.0,-2.0,-14.0,14.0
220,main_green,main_green,57,18.0,10.589661529929566,3,2,2,-10.0,-2.0,-14.0,14.0
221,main_green,main_green,55,20.0,10.981026594417944,2,2,2,-10.0,-2.0,-14.0,14.0
222,main_green,main_green,54,22.0,10.824907009779317,3,2,2,-10.0,-2.0,-14.0,14.0
223,main_green,main_green,51,24.0,10.710398000597978,2,2,2,-10.0,-2.0,-14.0,14.0
224,main_green,main_green,51,27.0,10.57271212865348,4,2,2,-10.0,-2.0,-14.0,14.0
225,main_green,main_green,49,32.0,10.538455641109255,5,2,2,-10.0,-2.0,-14.0,14.0
226,main_green,main_green,46,38.0,10.62394468283832,6,2,2,-10.0,-2.0,-14.0,14.0
227,main_green,main_green,46,44.0,10.367484433389464,7,2,2,-3.0,7.0,-1.0,17.0
228,main_green,main_green,50,50.0,9.45893554547213,11,2,2,-3.0,7.0,-1.0,17.0
229,main_green,main_green,50,56.0,9.657716243522302,6,2,2,-3.0,7.0,-1.0,17.0
230,main_green,main_green,49,62.0,9.834979773654437,6,2,2,-3.0,7.0,-1.0,17.0
231,main_green,main_green,48,68.0,10.001931879810593,6,2,2,-3.0,7.0,-1.0,17.0
232,main_green,main_green,50,74.0,9.876404252785768,8,2,2,-3.0,7.0,-1.0,17.0
233,main_green,main_green,50,80.0,9.987668242859199,6,2,2,-3.0,7.0,-1.0,17.0
234,main_green,main_green,49,86.0,9.998243156066074,6,2,2,-3.0,7.0,-1.0,17.0
235,main_green,main_green,48,93.0,10.074659747526129,7,2,2,-3.0,7.0,-1.0,17.0
236,main_green,main_green,49,100.0,9.89638026528431,8,2,2,-3.0,7.0,-1.0,17.0
237,main_green,main_green,50,107.0,9.523839263852516,8,2,2,8.0,22.0,-1.0,7.0
238,main_green,main_green,50,116.0,9.823849112437472,9,2,2,8.0,22.0,-1.0,7.0
239,main_green,main_green,50,126.0,9.828985402205138,10,2,2,8.0,22.0,-1.0,7.0
240,main_green,main_green,55,136.0,9.03546355526256,15,2,2,8.0,22.0,-1.0,7.0
241,main_green,main_green,54,146.0,9.220344981944342,10,2,2,8.0,22.0,-1.0,7.0
242,main_green,main_green,55,156.0,9.254438322350971,11,2,2,8.0,22.0,-1.0,7.0
243,main_green,main_green,53,166.0,9.384861972561529,10,2,2,8.0,22.0,-1.0,7.0
244,main_green,main_green,54,176.0,9.339936371553062,11,2,2,8.0,22.0,-1.0,7.0
245,main_green,main_green,54,186.0,9.495863287978716,10,2,2,8.0,22.0,-1.0,7.0
246,main_green,main_green,53,196.0,9.504851062736208,10,2,2,8.0,22.0,-1.0,7.0
247,main_green,main_green,54,206.0,9.216212032571665,11,2,2,13.0,15.0,2.0,6.0
248,main_green,main_green,55,218.0,8.905974094511064,13,2,2,13.0,15.0,2.0,6.0
249,main_green,main_green,55,232.0,9.087317975845494,14,2,2,13.0,15.0,2.0,6.0
250,main_green,main_green,55,246.0,9.21820149442926,14,2,2,13.0,15.0,2.0,6.0
251,main_green,main_green,55,260.0,9.215692935560101,14,2,2,13.0,15.0,2.0,6.0
252,main_green,main_green,60,274.0,8.583038259273211,19,2,2,13.0,15.0,2.0,6.0
253,main_green,main_green,60,288.0,8.502406790906331,15,2,2,13.0,15.0,2.0,6.0
254,main_green,main_green,60,302.0,8.769201001442772,14,2,2,13.0,15.0,2.0,6.0
255,main_green,main_green,59,316.0,8.852568988819598,14,2,2,13.0,15.0,2.0,6.0
256,main_green,main_green,59,330.0,8.717393707858282,15,2,2,13.0,15.0,2.0,6.0
257,yellow_transition,yellow_transition,59,344.0,8.799912430537361,14,3,3,11.0,9.0,8.0,10.0
258,yellow_transition,yellow_transition,60,358.0,8.447155852985357,15,3,3,11.0,9.0,8.0,10.0
259,yellow_transition,yellow_transition,58,372.0,8.248557254706169,14,3,3,11.0,9.0,8.0,10.0
260,side_green,main_green,59,218.0,8.307898461489533,13,0,2,11.0,9.0,8.0,10.0
261,side_green,main_green,58,155.0,8.46945717698853,10,0,2,11.0,9.0,8.0,10.0
262,side_green,main_green,58,163.0,8.82161664746999,9,0,2,11.0,9.0,8.0,10.0
263,side_green,main_green,58,172.0,8.967855511355987,10,0,2,11.0,9.0,8.0,10.0
264,side_green,main_green,63,181.0,8.49854297483946,14,0,2,11.0,9.0,8.0,10.0
265,side_green,main_green,62,190.0,8.835167066071547,9,0,2,11.0,9.0,8.0,10.0
266,side_green,main_green,62,200.0,9.221763983879798,10,0,2,11.0,9.0,8.0,10.0
267,side_green,main_green,60,211.0,9.424516109816842,11,0,2,11.0,9.0,8.0,10.0
268,side_green,main_green,61,222.0,9.022455261140067,13,0,2,11.0,9.0,8.0,10.0
269,side_green,main_green,60,233.0,8.987185030258328,11,0,2,11.0,9.0,8.0,10.0
270,yellow_transition,yellow_transition,60,246.0,8.995511994164133,13,1,3,-12.0,14.0,12.0,6.0
271,yellow_transition,yellow_transition,59,260.0,8.750638665387287,14,1,3,-12.0,14.0,12.0,6.0
272,yellow_transition,yellow_transition,60,275.0,8.604400223463573,16,1,3,-12.0,14.0,12.0,6.0
273,main_green,side_green,60,89.0,8.464624018858395,9,2,0,-12.0,14.0,12.0,6.0
274,main_green,side_green,60,8.0,8.92000739809659,3,2,0,-12.0,14.0,12.0,6.0
275,main_green,side_green,58,4.0,9.204539179615722,3,2,0,-12.0,14.0,12.0,6.0
276,main_green,side_green,62,7.0,8.815496882295626,8,2,0,-12.0,14.0,12.0,6.0
277,main_green,side_green,61,10.0,9.435790251758437,3,2,0,-12.0,14.0,12.0,6.0
278,main_green,side_green,60,14.0,9.718245075224056,5,2,0,-12.0,14.0,12.0,6.0
279,main_green,side_green,59,18.0,10.204152911200408,4,2,0,-12.0,14.0,12.0,6.0
280,main_green,side_green,57,22.0,10.133122933759342,5,2,0,-12.0,14.0,12.0,6.0
281,main_green,side_green,57,27.0,10.166548552279806,5,2,0,-12.0,14.0,12.0,6.0
282,main_green,side_green,57,32.0,10.312613343780514,5,2,0,-12.0,14.0,12.0,6.0
283,yellow_transition,yellow_transition,57,38.0,9.992805829577502,7,3,1,-11.0,-3.0,-11.0,17.0
284,yellow_transition,yellow_transition,55,44.0,9.654605379095141,7,3,1,-11.0,-3.0,-11.0,17.0
285,yellow_transition,yellow_transition,54,53.0,9.717695648467956,9,3,1,-11.0,-3.0,-11.0,17.0
286,main_green,main_green,53,19.0,9.80606070371722,5,2,2,-11.0,-3.0,-11.0,17.0
287,main_green,main_green,52,6.0,10.25358744029749,2,2,2,-11.0,-3.0,-11.0,17.0
288,main_green,main_green,56,8.0,9.560843327700146,7,2,2,-11.0,-3.0,-11.0,17.0
289,main_green,main_green,57,10.0,9.899954182152042,3,2,2,-11.0,-3.0,-11.0,17.0
290,main_green,main_green,57,12.0,10.550620407358108,2,2,2,-11.0,-3.0,-11.0,17.0
291,main_green,main_green,57,14.0,10.989803910065858,2,2,2,-11.0,-3.0,-11.0,17.0
292,main_green,main_green,56,16.0,11.082513321948422,3,2,2,-11.0,-3.0,-11.0,17.0
293,main_green,main_green,55,18.0,11.321271668065794,2,2,2,-11.0,-3.0,-11.0,17.0
294,main_green,main_green,53,20.0,11.166452344102723,3,2,2,-11.0,-3.0,-11.0,17.0
295,main_green,main_green,51,22.0,10.90370604837616,2,2,2,-11.0,-3.0,-11.0,17.0
296,main_green,main_green,51,25.0,10.661418163107165,4,2,2,-4.0,6.0,-6.0,14.0
297,main_green,main_green,50,30.0,10.766327931024772,5,2,2,-4.0,6.0,-6.0,14.0
298,main_green,main_green,48,36.0,10.770240530843429,6,2,2,-4.0,6.0,-6.0,14.0
299,main_green,main_green,46,42.0,10.496313479141703,7,2,2,-4.0,6.0,-6.0,14.0
300,main_green,main_green,51,48.0,9.601452664731035,11,2,2,-4.0,6.0,-6.0,14.0
301,main_green,main_green,49,54.0,9.798873908014505,6,2,2,-4.0,6.0,-6.0,14.0
302,main_green,main_green,49,60.0,10.09265995982511,6,2,2,-4.0,6.0,-6.0,14.0
303,main_green,main_green,49,66.0,10.2285579812002,6,2,2,-4.0,6.0,-6.0,14.0
304,main_green,main_green,51,72.0,9.896712475327302,8,2,2,-4.0,6.0,-6.0,14.0
305,main_green,main_green,51,78.0,9.90610352432017,6,2,2,-4.0,6.0,-6.0,14.0
306,main_green,main_green,50,84.0,9.840481327375558,6,2,2,6.0,18.0,-2.0,10.0
307,main_green,main_green,50,91.0,9.952794394171796,7,2,2,6.0,18.0,-2.0,10.0
308,main_green,main_green,51,99.0,9.777960837728093,9,2,2,6.0,18.0,-2.0,10.0
309,main_green,main_green,52,109.0,9.73768772018842,11,2,2,6.0,18.0,-2.0,10.0
310,main_green,main_green,52,119.0,9.935656069837275,10,2,2,6.0,18.0,-2.0,10.0
311,main_green,main_green,51,129.0,9.89230298019861,10,2,2,6.0,18.0,-2.0,10.0
312,main_green,main_green,56,139.0,9.177040710239854,15,2,2,6.0,18.0,-2.0,10.0
313,main_green,main_green,54,149.0,9.203206235033282,10,2,2,6.0,18.0,-2.0,10.0
314,main_green,main_green,53,159.0,9.215481317650333,11,2,2,6.0,18.0,-2.0,10.0
315,main_green,main_green,53,169.0,9.404010821927603,10,2,2,6.0,18.0,-2.0,10.0
316,main_green,main_green,53,179.0,9.232702236604384,11,2,2,12.0,12.0,3.0,7.0
317,main_green,main_green,53,189.0,9.186554863313612,10,2,2,12.0,12.0,3.0,7.0
318,main_green,main_green,53,199.0,9.150756637568575,10,2,2,12.0,12.0,3.0,7.0
319,main_green,main_green,54,211.0,8.994004078271798,13,2,2,12.0,12.0,3.0,7.0
320,main_green,main_green,55,224.0,8.94362637836624,14,2,2,12.0,12.0,3.0,7.0
321,main_green,main_green,55,238.0,9.105157405922931,14,2,2,12.0,12.0,3.0,7.0
322,main_green,main_green,54,252.0,9.05219258962011,14,2,2,12.0,12.0,3.0,7.0
323,main_green,main_green,54,266.0,9.14786895809931,14,2,2,12.0,12.0,3.0,7.0
324,main_green,main_green,59,280.0,8.492244797018284,19,2,2,12.0,12.0,3.0,7.0
325,main_green,main_green,60,294.0,8.544240056876438,15,2,2,12.0,12.0,3.0,7.0
326,main_green,main_green,60,308.0,8.803929320423935,14,2,2,12.0,12.0,6.0,8.0
327,main_green,main_green,60,322.0,8.720637627971264,14,2,2,12.0,12.0,6.0,8.0
328,main_green,main_green,61,336.0,8.605726802911255,15,2,2,12.0,12.0,6.0,8.0
329,main_green,main_green,60,350.0,8.53892625705729,14,2,2,12.0,12.0,6.0,8.0
330,main_green,main_green,61,364.0,8.467862852473008,15,2,2,12.0,12.0,6.0,8.0
331,main_green,main_green,60,379.0,8.685427027191897,15,2,2,12.0,12.0,6.0,8.0
332,main_green,main_green,61,397.0,8.644987065441386,19,2,2,12.0,12.0,6.0,8.0
333,main_green,main_green,59,415.0,8.581547560063612,18,2,2,12.0,12.0,6.0,8.0
334,main_green,main_green,59,433.0,8.701829475232188,18,2,2,12.0,12.0,6.0,8.0
335,main_green,main_green,58,451.0,8.397947842111991,19,2,2,12.0,12.0,6.0,8.0
336,yellow_transition,yellow_transition,61,469.0,7.651760881559901,23,3,3,11.0,9.0,8.0,10.0
337,yellow_transition,yellow_transition,59,487.0,7.6228264945485185,18,3,3,11.0,9.0,8.0,10.0
338,yellow_transition,yellow_transition,58,505.0,7.567089862737159,18,3,3,11.0,9.0,8.0,10.0
339,side_green,main_green,57,328.0,7.779961875232026,15,0,2,11.0,9.0,8.0,10.0
340,side_green,main_green,58,236.0,7.615659513548458,13,0,2,11.0,9.0,8.0,10.0
341,side_green,main_green,58,226.0,7.894518460668573,9,0,2,11.0,9.0,8.0,10.0
342,side_green,main_green,58,235.0,8.188096382054702,9,0,2,11.0,9.0,8.0,10.0
343,side_green,main_green,57,245.0,8.471828279022969,10,0,2,11.0,9.0,8.0,10.0
344,side_green,main_green,58,256.0,8.675245439295113,12,0,2,11.0,9.0,8.0,10.0
345,side_green,main_green,59,269.0,8.759693386800432,14,0,2,11.0,9.0,8.0,10.0
346,side_green,main_green,59,283.0,8.974608665410164,14,0,2,11.0,9.0,8.0,10.0
347,side_green,main_green,59,297.0,9.0168604807342,14,0,2,11.0,9.0,8.0,10.0
348,side_green,main_green,63,311.0,8.360568917850106,19,0,2,11.0,9.0,8.0,10.0
349,yellow_transition,yellow_transition,63,326.0,8.579657905802906,15,1,3,-9.0,17.0,15.0,3.0
350,yellow_transition,yellow_transition,63,342.0,8.323758296852079,17,1,3,-9.0,17.0,15.0,3.0
351,yellow_transition,yellow_transition,62,358.0,8.341448820617874,16,1,3,-9.0,17.0,15.0,3.0
352,main_green,side_green,62,136.0,8.189802408993458,9,2,0,-9.0,17.0,15.0,3.0
353,main_green,side_green,62,22.0,8.406119701255564,3,2,0,-9.0,17.0,15.0,3.0
354,main_green,side_green,61,3.0,8.541864155010243,2,2,0,-9.0,17.0,15.0,3.0
355,main_green,side_green,62,5.0,8.807745416375724,3,2,0,-9.0,17.0,15.0,3.0
356,main_green,side_green,62,8.0,9.051478972973097,4,2,0,-9.0,17.0,15.0,3.0
357,main_green,side_green,62,11.0,9.614715933331171,3,2,0,-9.0,17.0,15.0,3.0
358,main_green,side_green,58,16.0,10.167148379376544,5,2,0,-9.0,17.0,15.0,3.0
359,main_green,side_green,58,22.0,10.689837400022425,6,2,0,-9.0,17.0,15.0,3.0
360,main_green,side_green,59,28.0,9.973726239293534,11,2,0,-9.0,17.0,15.0,3.0
361,main_green,side_green,59,34.0,10.07402867534131,7,2,0,-9.0,17.0,15.0,3.0
362,yellow_transition,yellow_transition,56,40.0,10.115471895196594,6,3,1,-5.0,3.0,-10.0,14.0
363,yellow_transition,yellow_transition,55,47.0,10.208123756626112,7,3,1,-5.0,3.0,-10.0,14.0
364,yellow_transition,yellow_transition,56,54.0,10.016538272198783,8,3,1,-5.0,3.0,-10.0,14.0
365,main_green,main_green,55,25.0,10.015070639319557,3,2,2,-5.0,3.0,-10.0,14.0
366,main_green,main_green,56,20.0,10.053513617250642,3,2,2,-5.0,3.0,-10.0,14.0
367,main_green,main_green,55,23.0,10.253768124078155,3,2,2,-5.0,3.0,-10.0,14.0
368,main_green,main_green,56,27.0,10.36446797665758,5,2,2,-5.0,3.0,-10.0,14.0
369,main_green,main_green,56,32.0,10.60477804990653,5,2,2,-5.0,3.0,-10.0,14.0
370,main_green,main_green,55,37.0,10.791053478584548,5,2,2,-5.0,3.0,-10.0,14.0
371,main_green,main_green,53,42.0,10.74554881455295,6,2,2,-5.0,3.0,-10.0,14.0
372,main_green,main_green,57,48.0,9.96061960954227,11,2,2,-5.0,3.0,-10.0,14.0
373,main_green,main_green,54,54.0,9.984617847013205,6,2,2,-5.0,3.0,-10.0,14.0
374,main_green,main_green,51,60.0,9.99898332475214,6,2,2,-5.0,3.0,-10.0,14.0
375,main_green,main_green,51,66.0,10.240552725309545,6,2,2,-1.0,3.0,4.0,20.0
376,main_green,main_green,52,72.0,9.873953574795296,8,2,2,-1.0,3.0,4.0,20.0
377,main_green,main_green,52,78.0,9.900264734858991,6,2,2,-1.0,3.0,4.0,20.0
378,main_green,main_green,51,84.0,9.773235575142257,6,2,2,-1.0,3.0,4.0,20.0
379,main_green,main_green,51,90.0,9.867342950882845,6,2,2,-1.0,3.0,4.0,20.0
380,main_green,main_green,51,98.0,9.650378937111213,9,2,2,-1.0,3.0,4.0,20.0
381,main_green,main_green,52,108.0,9.41541381908653,11,2,2,-1.0,3.0,4.0,20.0
382,main_green,main_green,50,118.0,9.551946629479044,10,2,2,-1.0,3.0,4.0,20.0
383,main_green,main_green,50,128.0,9.732737838578903,10,2,2,-1.0,3.0,4.0,20.0
384,main_green,main_green,54,138.0,8.844149365597028,15,2,2,-1.0,3.0,4.0,20.0
385,main_green,main_green,53,148.0,9.055120247905993,10,2,2,9.0,15.0,4.0,14.0
386,main_green,main_green,54,158.0,9.196200607575154,11,2,2,9.0,15.0,4.0,14.0
387,main_green,main_green,54,168.0,9.510324569395483,10,2,2,9.0,15.0,4.0,14.0
388,main_green,main_green,55,178.0,9.34051649131249,11,2,2,9.0,15.0,4.0,14.0
389,main_green,main_green,55,188.0,9.335651435341406,10,2,2,9.0,15.0,4.0,14.0
390,main_green,main_green,55,198.0,9.330653317600449,10,2,2,9.0,15.0,4.0,14.0
391,main_green,main_green,54,208.0,8.85161582210664,11,2,2,9.0,15.0,4.0,14.0
392,main_green,main_green,54,220.0,8.743587067111703,13,2,2,9.0,15.0,4.0,14.0
393,main_green,main_green,53,234.0,8.69605683488317,14,2,2,9.0,15.0,4.0,14.0
394,main_green,main_green,53,248.0,8.798896960755744,14,2,2,9.0,15.0,4.0,14.0
395,main_green,main_green,53,262.0,8.864044197332133,14,2,2,9.0,9.0,5.0,11.0
396,main_green,main_green,57,276.0,8.034005325641623,19,2,2,9.0,9.0,5.0,11.0
397,main_green,main_green,58,290.0,8.135668728059985,15,2,2,9.0,9.0,5.0,11.0
398,main_green,main_green,58,304.0,8.490084900021923,14,2,2,9.0,9.0,5.0,11.0
399,main_green,main_green,58,318.0,8.735848282104067,14,2,2,9.0,9.0,5.0,11.0
400,main_green,main_green,59,332.0,8.624157009424504,15,2,2,9.0,9.0,5.0,11.0
401,main_green,main_green,58,346.0,8.634569225288958,14,2,2,9.0,9.0,5.0,11.0
402,main_green,main_green,59,360.0,8.555292817955019,15,2,2,9.0,9.0,5.0,11.0
403,main_green,main_green,59,375.0,8.482514607197238,15,2,2,9.0,9.0,5.0,11.0
404,main_green,main_green,60,391.0,8.319282836056928,17,2,2,9.0,9.0,5.0,11.0
405,yellow_transition,yellow_transition,59,408.0,8.340783662976394,17,3,3,13.0,11.0,6.0,6.0
406,yellow_transition,yellow_transition,59,426.0,8.449729145285701,18,3,3,13.0,11.0,6.0,6.0
407,yellow_transition,yellow_transition,59,444.0,8.249798044407171,19,3,3,13.0,11.0,6.0,6.0
408,side_green,main_green,64,276.0,7.873208778654803,19,0,2,13.0,11.0,6.0,6.0
409,side_green,main_green,63,195.0,8.285034520233234,10,0,2,13.0,11.0,6.0,6.0
410,side_green,main_green,62,191.0,8.562036105873581,8,0,2,13.0,11.0,6.0,6.0
411,side_green,main_green,62,199.0,9.01003790807463,8,0,2,13.0,11.0,6.0,6.0
412,side_green,main_green,64,207.0,9.06357002342996,10,0,2,13.0,11.0,6.0,6.0
413,side_green,main_green,62,215.0,9.394027586948015,8,0,2,13.0,11.0,6.0,6.0
414,side_green,main_green,61,224.0,9.684383318326999,9,0,2,13.0,11.0,6.0,6.0
415,side_green,main_green,60,233.0,9.875163322684333,9,0,2,13.0,11.0,6.0,6.0
416,side_green,main_green,59,244.0,9.577764823787739,12,0,2,13.0,11.0,6.0,6.0
417,side_green,main_green,60,255.0,9.430000787179406,12,0,2,13.0,11.0,6.0,6.0
418,yellow_transition,yellow_transition,60,267.0,9.271650079181656,12,1,3,-13.0,13.0,11.0,3.0
419,yellow_transition,yellow_transition,59,280.0,9.130878188917618,13,1,3,-13.0,13.0,11.0,3.0
420,yellow_transition,yellow_transition,64,294.0,8.284359647453638,19,1,3,-13.0,13.0,11.0,3.0
421,main_green,side_green,64,109.0,8.605173036312234,7,2,0,-13.0,13.0,11.0,3.0
422,main_green,side_green,64,14.0,8.888794618678652,3,2,0,-13.0,13.0,11.0,3.0
423,main_green,side_green,63,0.0,9.361975883387956,0,2,0,-13.0,13.0,11.0,3.0
424,main_green,side_green,63,0.0,9.595217983405915,1,2,0,-13.0,13.0,11.0,3.0
425,main_green,side_green,62,1.0,10.000329793056192,1,2,0,-13.0,13.0,11.0,3.0
426,main_green,side_green,57,3.0,10.166877215880877,2,2,0,-13.0,13.0,11.0,3.0
427,main_green,side_green,57,6.0,10.254827994096066,4,2,0,-13.0,13.0,11.0,3.0
428,main_green,side_green,56,9.0,10.232259273348644,4,2,0,-13.0,13.0,11.0,3.0
429,main_green,side_green,54,15.0,10.242357171932394,6,2,0,-13.0,13.0,11.0,3.0
430,main_green,side_green,53,21.0,10.410685508217629,6,2,0,-13.0,13.0,11.0,3.0
431,yellow_transition,yellow_transition,51,27.0,10.381282184410143,6,3,1,-8.0,2.0,-13.0,15.0
432,yellow_transition,yellow_transition,56,34.0,9.360799599881203,12,3,1,-8.0,2.0,-13.0,15.0
433,yellow_transition,yellow_transition,57,41.0,9.337465716712872,8,3,1,-8.0,2.0,-13.0,15.0
434,main_green,main_green,56,20.0,9.618342506911073,3,2,2,-8.0,2.0,-13.0,15.0
435,main_green,main_green,56,16.0,9.978610865903226,2,2,2,-8.0,2.0,-13.0,15.0
436,main_green,main_green,55,18.0,10.021564744000177,3,2,2,-8.0,2.0,-13.0,15.0
437,main_green,main_green,55,20.0,10.332636428647465,2,2,2,-8.0,2.0,-13.0,15.0
438,main_green,main_green,56,22.0,10.221098276162445,3,2,2,-8.0,2.0,-13.0,15.0
439,main_green,main_green,55,25.0,10.27336462509977,3,2,2,-8.0,2.0,-13.0,15.0
440,main_green,main_green,53,29.0,10.113334942633172,5,2,2,-8.0,2.0,-13.0,15.0
441,main_green,main_green,52,34.0,10.300024357700668,5,2,2,-8.0,2.0,-13.0,15.0
442,main_green,main_green,51,40.0,10.407633799740188,6,2,2,-8.0,2.0,-13.0,15.0
443,main_green,main_green,51,46.0,10.233148135034813,7,2,2,-8.0,2.0,-13.0,15.0
444,main_green,main_green,54,52.0,9.334142068857963,11,2,2,-2.0,6.0,-5.0,13.0
445,main_green,main_green,53,58.0,9.638359470632826,6,2,2,-2.0,6.0,-5.0,13.0
446,main_green,main_green,51,64.0,9.874795612008624,6,2,2,-2.0,6.0,-5.0,13.0
447,main_green,main_green,50,70.0,10.047950984665198,6,2,2,-2.0,6.0,-5.0,13.0
448,main_green,main_green,51,76.0,9.671393327289932,8,2,2,-2.0,6.0,-5.0,13.0
449,main_green,main_green,50,82.0,9.587160367571887,6,2,2,-2.0,6.0,-5.0,13.0
450,main_green,main_green,49,88.0,9.55639553452884,6,2,2,-2.0,6.0,-5.0,13.0
451,main_green,main_green,49,95.0,9.649963315375816,7,2,2,-2.0,6.0,-5.0,13.0
452,main_green,main_green,50,103.0,9.392549519444378,9,2,2,-2.0,6.0,-5.0,13.0
453,main_green,main_green,51,113.0,9.322038634295968,11,2,2,-2.0,6.0,-5.0,13.0
454,main_green,main_green,51,123.0,9.499984188688385,10,2,2,7.0,15.0,0.0,8.0
455,main_green,main_green,50,133.0,9.63068913439497,10,2,2,7.0,15.0,0.0,8.0
456,main_green,main_green,55,143.0,8.892702319712003,15,2,2,7.0,15.0,0.0,8.0
457,main_green,main_green,55,153.0,9.0849755608552,10,2,2,7.0,15.0,0.0,8.0
458,main_green,main_green,56,163.0,9.295628666350455,11,2,2,7.0,15.0,0.0,8.0
459,main_green,main_green,56,173.0,9.430287033526502,10,2,2,7.0,15.0,0.0,8.0
460,main_green,main_green,56,183.0,9.152557184692252,11,2,2,7.0,15.0,0.0,8.0
461,main_green,main_green,55,193.0,9.317241712996895,10,2,2,7.0,15.0,0.0,8.0
462,main_green,main_green,54,203.0,9.263420723822199,10,2,2,7.0,15.0,0.0,8.0
463,main_green,main_green,54,213.0,9.014560344648249,11,2,2,7.0,15.0,0.0,8.0
464,main_green,main_green,55,225.0,8.881040961758947,13,2,2,10.0,14.0,2.0,8.0
465,main_green,main_green,55,238.0,8.908549913850404,13,2,2,10.0,14.0,2.0,8.0
466,main_green,main_green,55,252.0,8.972097926550846,14,2,2,10.0,14.0,2.0,8.0
467,main_green,main_green,54,266.0,8.972249313800628,14,2,2,10.0,14.0,2.0,8.0
468,main_green,main_green,59,280.0,8.321971846335803,19,2,2,10.0,14.0,2.0,8.0
469,main_green,main_green,60,294.0,8.4008631810592,15,2,2,10.0,14.0,2.0,8.0
470,main_green,main_green,60,308.0,8.770203849511685,14,2,2,10.0,14.0,2.0,8.0
471,main_green,main_green,59,322.0,8.66660362171902,14,2,2,10.0,14.0,2.0,8.0
472,main_green,main_green,58,336.0,8.411842480744545,15,2,2,10.0,14.0,2.0,8.0
473,main_green,main_green,58,350.0,8.358253512828846,14,2,2,10.0,14.0,2.0,8.0
474,yellow_transition,yellow_transition,58,364.0,8.233829383728713,15,3,3,13.0,9.0,8.0,10.0
475,yellow_transition,yellow_transition,57,378.0,8.175759344356901,14,3,3,13.0,9.0,8.0,10.0
476,yellow_transition,yellow_transition,58,395.0,7.78429177831877,18,3,3,13.0,9.0,8.0,10.0
477,side_green,main_green,57,238.0,7.898615124561202,14,0,2,13.0,9.0,8.0,10.0
478,side_green,main_green,57,168.0,8.176638547235832,10,0,2,13.0,9.0,8.0,10.0
479,side_green,main_green,57,172.0,8.40154316709009,11,0,2,13.0,9.0,8.0,10.0
480,side_green,main_green,62,182.0,8.120597162698466,15,0,2,13.0,9.0,8.0,10.0
481,side_green,main_green,61,192.0,8.486347770430026,10,0,2,13.0,9.0,8.0,10.0
482,side_green,main_green,61,202.0,8.89017973303856,10,0,2,13.0,9.0,8.0,10.0
483,side_green,main_green,61,213.0,9.11368168914227,11,0,2,13.0,9.0,8.0,10.0
484,side_green,main_green,62,225.0,9.039672089742664,14,0,2,13.0,9.0,8.0,10.0
485,side_green,main_green,61,237.0,8.965527441875453,12,0,2,13.0,9.0,8.0,10.0
486,side_green,main_green,61,250.0,9.007423953460485,13,0,2,13.0,9.0,8.0,10.0
487,yellow_transition,yellow_transition,60,264.0,8.84113622077287,14,1,3,-13.0,17.0,10.0,2.0
488,yellow_transition,yellow_transition,61,280.0,8.595292706410845,17,1,3,-13.0,17.0,10.0,2.0
489,yellow_transition,yellow_transition,61,297.0,8.207601984407859,18,1,3,-13.0,17.0,10.0,2.0
490,main_green,side_green,61,99.0,8.516234738086697,10,2,0,-13.0,17.0,10.0,2.0
491,main_green,side_green,60,10.0,8.816356393461142,4,2,0,-13.0,17.0,10.0,2.0
492,main_green,side_green,65,5.0,8.610402466805898,7,2,0,-13.0,17.0,10.0,2.0
493,main_green,side_green,65,7.0,9.260015077276858,2,2,0,-13.0,17.0,10.0,2.0
494,main_green,side_green,63,10.0,9.749913456448306,4,2,0,-13.0,17.0,10.0,2.0
495,main_green,side_green,60,13.0,10.300578447482359,3,2,0,-13.0,17.0,10.0,2.0
496,main_green,side_green,60,16.0,10.600392856872874,4,2,0,-13.0,17.0,10.0,2.0
497,main_green,side_green,58,20.0,10.675030167661449,4,2,0,-13.0,17.0,10.0,2.0
498,main_green,side_green,56,24.0,10.703119159398295,4,2,0,-13.0,17.0,10.0,2.0
499,main_green,side_green,54,29.0,10.395963097967059,6,2,0,-13.0,17.0,10.0,2.0
500,yellow_transition,yellow_transition,55,34.0,10.229152989889917,6,3,1,-7.0,5.0,-15.0,15.0
501,yellow_transition,yellow_transition,54,40.0,10.18068141666005,6,3,1,-7.0,5.0,-15.0,15.0
502,yellow_transition,yellow_transition,54,48.0,10.23101390865208,8,3,1,-7.0,5.0,-15.0,15.0
503,main_green,main_green,53,12.0,10.317326290485115,4,2,2,-7.0,5.0,-15.0,15.0
504,main_green,main_green,58,7.0,9.59277625726735,7,2,2,-7.0,5.0,-15.0,15.0
505,main_green,main_green,59,9.0,9.887849200641398,3,2,2,-7.0,5.0,-15.0,15.0
506,main_green,main_green,58,11.0,10.342323893189041,2,2,2,-7.0,5.0,-15.0,15.0
507,main_green,main_green,57,13.0,10.693472280888,2,2,2,-7.0,5.0,-15.0,15.0
508,main_green,main_green,53,15.0,10.765236724470283,3,2,2,-7.0,5.0,-15.0,15.0
509,main_green,main_green,53,17.0,10.94735267352796,2,2,2,-7.0,5.0,-15.0,15.0
510,main_green,main_green,51,19.0,10.788567535301727,3,2,2,-7.0,5.0,-15.0,15.0
511,main_green,main_green,51,21.0,10.72424531396777,2,2,2,-7.0,5.0,-15.0,15.0
512,main_green,main_green,52,26.0,10.489449287814129,6,2,2,-7.0,5.0,-15.0,15.0
513,main_green,main_green,50,31.0,10.501377815773699,5,2,2,-5.0,7.0,-5.0,15.0
514,main_green,main_green,48,36.0,10.638447454869912,5,2,2,-5.0,7.0,-5.0,15.0
515,main_green,main_green,49,42.0,10.451500343700552,7,2,2,-5.0,7.0,-5.0,15.0
516,main_green,main_green,53,48.0,9.627270469117647,11,2,2,-5.0,7.0,-5.0,15.0
517,main_green,main_green,52,54.0,9.934642535919785,6,2,2,-5.0,7.0,-5.0,15.0
518,main_green,main_green,52,60.0,10.1975464029225,6,2,2,-5.0,7.0,-5.0,15.0
519,main_green,main_green,52,66.0,10.315290850784361,6,2,2,-5.0,7.0,-5.0,15.0
520,main_green,main_green,53,72.0,9.966988660336762,8,2,2,-5.0,7.0,-5.0,15.0
521,main_green,main_green,52,78.0,10.02600635800209,6,2,2,-5.0,7.0,-5.0,15.0
522,main_green,main_green,51,85.0,9.977589551125671,7,2,2,-5.0,7.0,-5.0,15.0
523,main_green,main_green,51,92.0,10.192701533858433,7,2,2,7.0,17.0,-3.0,5.0
524,main_green,main_green,51,101.0,9.943341627959947,10,2,2,7.0,17.0,-3.0,5.0
525,main_green,main_green,52,110.0,9.816660974910704,10,2,2,7.0,17.0,-3.0,5.0
526,main_green,main_green,52,119.0,9.907322984251843,9,2,2,7.0,17.0,-3.0,5.0
527,main_green,main_green,52,128.0,9.98353449979792,9,2,2,7.0,17.0,-3.0,5.0
528,main_green,main_green,57,137.0,9.155799234316353,14,2,2,7.0,17.0,-3.0,5.0
529,main_green,main_green,54,147.0,9.246788150178485,10,2,2,7.0,17.0,-3.0,5.0
530,main_green,main_green,55,157.0,9.361824381856014,11,2,2,7.0,17.0,-3.0,5.0
531,main_green,main_green,54,167.0,9.493506548632526,10,2,2,7.0,17.0,-3.0,5.0
532,main_green,main_green,55,177.0,9.264655840411203,11,2,2,7.0,17.0,-3.0,5.0
533,main_green,main_green,55,187.0,9.411481292136527,10,2,2,8.0,12.0,4.0,12.0
534,main_green,main_green,54,197.0,9.395424110502876,10,2,2,8.0,12.0,4.0,12.0
535,main_green,main_green,54,207.0,9.069434126243339,11,2,2,8.0,12.0,4.0,12.0
536,main_green,main_green,55,219.0,8.971101092600538,13,2,2,8.0,12.0,4.0,12.0
537,main_green,main_green,55,232.0,9.0649918283116,13,2,2,8.0,12.0,4.0,12.0
538,main_green,main_green,53,246.0,9.077921828063166,14,2,2,8.0,12.0,4.0,12.0
539,main_green,main_green,53,260.0,9.10240879110051,14,2,2,8.0,12.0,4.0,12.0
540,main_green,main_green,56,274.0,8.174236698010235,19,2,2,8.0,12.0,4.0,12.0
541,main_green,main_green,57,288.0,8.390915371875254,15,2,2,8.0,12.0,4.0,12.0
542,main_green,main_green,56,302.0,8.52307121787346,14,2,2,8.0,12.0,4.0,12.0
543,yellow_transition,yellow_transition,55,316.0,8.613231611653601,14,3,3,14.0,12.0,9.0,9.0
544,yellow_transition,yellow_transition,56,330.0,8.39047616936764,15,3,3,14.0,12.0,9.0,9.0
545,yellow_transition,yellow_transition,56,344.0,8.330378704314745,14,3,3,14.0,12.0,9.0,9.0
546,side_green,main_green,56,200.0,8.13913169952948,11,0,2,14.0,12.0,9.0,9.0
547,side_green,main_green,56,140.0,8.412401720175357,8,0,2,14.0,12.0,9.0,9.0
548,side_green,main_green,57,146.0,8.55456748035022,8,0,2,14.0,12.0,9.0,9.0
549,side_green,main_green,57,154.0,8.734937520085827,8,0,2,14.0,12.0,9.0,9.0
550,side_green,main_green,57,163.0,9.01231791911579,9,0,2,14.0,12.0,9.0,9.0
551,side_green,main_green,58,173.0,8.974836191734322,11,0,2,14.0,12.0,9.0,9.0
552,side_green,main_green,63,183.0,8.504383977442574,15,0,2,14.0,12.0,9.0,9.0
553,side_green,main_green,61,193.0,8.56881045956217,10,0,2,14.0,12.0,9.0,9.0
554,side_green,main_green,61,205.0,8.895705685066496,12,0,2,14.0,12.0,9.0,9.0
555,side_green,main_green,60,219.0,8.892164161661192,14,0,2,14.0,12.0,9.0,9.0
556,yellow_transition,yellow_transition,61,233.0,8.413969604365631,16,1,3,-8.0,16.0,10.0,2.0
557,yellow_transition,yellow_transition,60,247.0,8.176419958800397,14,1,3,-8.0,16.0,10.0,2.0
558,yellow_transition,yellow_transition,60,261.0,7.978242533365823,14,1,3,-8.0,16.0,10.0,2.0
559,main_green,side_green,59,81.0,7.883645057392121,9,2,0,-8.0,16.0,10.0,2.0
560,main_green,side_green,60,6.0,7.989298344646829,5,2,0,-8.0,16.0,10.0,2.0
561,main_green,side_green,60,6.0,8.187123107560906,4,2,0,-8.0,16.0,10.0,2.0
562,main_green,side_green,60,9.0,8.746452812532858,3,2,0,-8.0,16.0,10.0,2.0
563,main_green,side_green,59,14.0,9.39155261800733,5,2,0,-8.0,16.0,10.0,2.0
564,main_green,side_green,64,19.0,9.172826824438792,10,2,0,-8.0,16.0,10.0,2.0
565,main_green,side_green,61,24.0,9.68631905476073,5,2,0,-8.0,16.0,10.0,2.0
566,main_green,side_green,61,30.0,9.91818850882011,7,2,0,-8.0,16.0,10.0,2.0
567,main_green,side_green,59,36.0,10.236354652088217,6,2,0,-8.0,16.0,10.0,2.0
568,main_green,side_green,59,43.0,10.097086874464578,8,2,0,-8.0,16.0,10.0,2.0
569,yellow_transition,yellow_transition,56,50.0,10.037323607706309,7,3,1,-5.0,1.0,-9.0,15.0
570,yellow_transition,yellow_transition,54,57.0,10.051938142825064,7,3,1,-5.0,1.0,-9.0,15.0
571,yellow_transition,yellow_transition,55,64.0,9.646902710312856,8,3,1,-5.0,1.0,-9.0,15.0
572,main_green,main_green,56,30.0,9.614599811723064,4,2,2,-5.0,1.0,-9.0,15.0
573,main_green,main_green,55,29.0,9.746094017299164,4,2,2,-5.0,1.0,-9.0,15.0
574,main_green,main_green,55,35.0,9.861865153218348,6,2,2,-5.0,1.0,-9.0,15.0
575,main_green,main_green,55,41.0,10.29434081202962,6,2,2,-5.0,1.0,-9.0,15.0
576,main_green,main_green,60,47.0,9.622300593096245,11,2,2,-5.0,1.0,-9.0,15.0
577,main_green,main_green,59,53.0,9.87005311915952,7,2,2,-5.0,1.0,-9.0,15.0
578,main_green,main_green,56,59.0,10.109695996646764,6,2,2,-5.0,1.0,-9.0,15.0
579,main_green,main_green,55,65.0,10.389590599789782,6,2,2,-5.0,1.0,-9.0,15.0
580,main_green,main_green,54,71.0,10.05859239376742,7,2,2,-5.0,1.0,-9.0,15.0
581,main_green,main_green,53,77.0,10.061536223044893,6,2,2,-5.0,1.0,-9.0,15.0
582,main_green,main_green,52,83.0,9.79659771901637,7,2,2,0.0,6.0,1.0,15.0
583,main_green,main_green,51,90.0,9.87359817226454,7,2,2,0.0,6.0,1.0,15.0
584,main_green,main_green,51,99.0,9.75621767480635,10,2,2,0.0,6.0,1.0,15.0
585,main_green,main_green,51,108.0,9.866203377689075,9,2,2,0.0,6.0,1.0,15.0
586,main_green,main_green,51,118.0,9.919999302108764,10,2,2,0.0,6.0,1.0,15.0
587,main_green,main_green,51,128.0,9.790300723456003,11,2,2,0.0,6.0,1.0,15.0
588,main_green,main_green,55,138.0,8.970922884175055,15,2,2,0.0,6.0,1.0,15.0
589,main_green,main_green,53,148.0,9.211947034149228,10,2,2,0.0,6.0,1.0,15.0
590,main_green,main_green,53,158.0,9.425138581582189,10,2,2,0.0,6.0,1.0,15.0
591,main_green,main_green,52,168.0,9.469345550106949,10,2,2,0.0,6.0,1.0,15.0
592,main_green,main_green,53,178.0,9.215835842346365,12,2,2,12.0,18.0,1.0,5.0
593,main_green,main_green,53,188.0,9.164988694240336,10,2,2,12.0,18.0,1.0,5.0
594,main_green,main_green,53,198.0,9.109677017390206,10,2,2,12.0,18.0,1.0,5.0
595,main_green,main_green,53,209.0,9.153445672896723,11,2,2,12.0,18.0,1.0,5.0
596,main_green,main_green,54,221.0,9.018614175221805,13,2,2,12.0,18.0,1.0,5.0
597,main_green,main_green,54,235.0,8.87741901951342,15,2,2,12.0,18.0,1.0,5.0
598,main_green,main_green,52,249.0,8.90804325344768,14,2,2,12.0,18.0,1.0,5.0
599,main_green,main_green,52,263.0,8.935586600727772,14,2,2,12.0,18.0,1.0,5.0
600,main_green,main_green,57,277.0,8.268398365478559,19,2,2,12.0,18.0,1.0,5.0
601,main_green,main_green,57,291.0,8.587683814934781,14,2,2,12.0,18.0,1.0,5.0
602,yellow_transition,yellow_transition,58,305.0,8.591525885087025,15,3,3,16.0,14.0,7.0,9.0
603,yellow_transition,yellow_transition,58,319.0,8.551437330680601,14,3,3,16.0,14.0,7.0,9.0
604,yellow_transition,yellow_transition,59,333.0,8.014812138677806,15,3,3,16.0,14.0,7.0,9.0
605,side_green,main_green,59,191.0,8.052309218800826,10,0,2,16.0,14.0,7.0,9.0
606,side_green,main_green,59,132.0,8.26870658283717,6,0,2,16.0,14.0,7.0,9.0
607,side_green,main_green,59,139.0,8.348525778395395,8,0,2,16.0,14.0,7.0,9.0
608,side_green,main_green,59,148.0,8.460746576892301,10,0,2,16.0,14.0,7.0,9.0
609,side_green,main_green,59,157.0,8.808906572790836,9,0,2,16.0,14.0,7.0,9.0
610,side_green,main_green,57,168.0,9.020289618069542,11,0,2,16.0,14.0,7.0,9.0
611,side_green,main_green,57,179.0,9.39505830671304,11,0,2,16.0,14.0,7.0,9.0
612,side_green,main_green,60,190.0,8.665836185096621,16,0,2,16.0,14.0,7.0,9.0
613,side_green,main_green,61,202.0,8.753982550934793,13,0,2,16.0,14.0,7.0,9.0
614,side_green,main_green,61,214.0,8.915452986418732,12,0,2,16.0,14.0,7.0,9.0
615,yellow_transition,yellow_transition,61,227.0,8.803486520242238,13,1,3,-9.0,17.0,10.0,2.0
616,yellow_transition,yellow_transition,62,240.0,8.65342662422644,14,1,3,-9.0,17.0,10.0,2.0
617,yellow_transition,yellow_transition,62,254.0,8.526551196859625,14,1,3,-9.0,17.0,10.0,2.0
618,main_green,side_green,63,70.0,8.472094388736739,8,2,0,-9.0,17.0,10.0,2.0
619,main_green,side_green,63,1.0,8.595150992845236,1,2,0,-9.0,17.0,10.0,2.0
620,main_green,side_green,64,3.0,8.782006629303037,3,2,0,-9.0,17.0,10.0,2.0
621,main_green,side_green,63,6.0,9.236487306767506,3,2,0,-9.0,17.0,10.0,2.0
622,main_green,side_green,63,9.0,9.730631743856792,3,2,0,-9.0,17.0,10.0,2.0
623,main_green,side_green,61,14.0,9.999352752005999,6,2,0,-9.0,17.0,10.0,2.0
624,main_green,side_green,64,19.0,9.680094622857846,10,2,0,-9.0,17.0,10.0,2.0
625,main_green,side_green,63,24.0,9.940366677291225,5,2,0,-9.0,17.0,10.0,2.0
626,main_green,side_green,59,30.0,10.132941440220925,6,2,0,-9.0,17.0,10.0,2.0
627,main_green,side_green,55,37.0,10.112693777058539,7,2,0,-9.0,17.0,10.0,2.0
628,yellow_transition,yellow_transition,56,45.0,9.758269773247973,10,3,1,-1.0,7.0,-9.0,11.0
629,yellow_transition,yellow_transition,55,53.0,9.453128685448029,8,3,1,-1.0,7.0,-9.0,11.0
630,yellow_transition,yellow_transition,55,61.0,9.147603099127437,8,3,1,-1.0,7.0,-9.0,11.0
631,main_green,main_green,55,32.0,9.352959606432051,4,2,2,-1.0,7.0,-9.0,11.0
632,main_green,main_green,55,28.0,9.29017339473118,6,2,2,-1.0,7.0,-9.0,11.0
633,main_green,main_green,56,33.0,9.523749172842985,6,2,2,-1.0,7.0,-9.0,11.0
634,main_green,main_green,55,39.0,9.913597617295576,6,2,2,-1.0,7.0,-9.0,11.0
635,main_green,main_green,55,45.0,10.363893667985153,6,2,2,-1.0,7.0,-9.0,11.0
636,main_green,main_green,58,51.0,9.740200412161352,11,2,2,-1.0,7.0,-9.0,11.0
637,main_green,main_green,55,57.0,9.977831785571698,6,2,2,-1.0,7.0,-9.0,11.0
638,main_green,main_green,55,63.0,10.073631657444896,7,2,2,-1.0,7.0,-9.0,11.0
639,main_green,main_green,53,69.0,10.228261564932065,6,2,2,-1.0,7.0,-9.0,11.0
640,main_green,main_green,53,75.0,10.141157715136394,7,2,2,-1.0,7.0,-9.0,11.0
641,main_green,main_green,53,81.0,10.129838376825628,6,2,2,-1.0,7.0,2.0,18.0
642,main_green,main_green,52,87.0,10.015964191729676,6,2,2,-1.0,7.0,2.0,18.0
643,main_green,main_green,53,95.0,9.689910510297242,9,2,2,-1.0,7.0,2.0,18.0
644,main_green,main_green,51,105.0,9.508953307219345,11,2,2,-1.0,7.0,2.0,18.0
645,main_green,main_green,51,115.0,9.749759417112227,10,2,2,-1.0,7.0,2.0,18.0
646,main_green,main_green,51,125.0,9.805989543785989,10,2,2,-1.0,7.0,2.0,18.0
647,main_green,main_green,50,135.0,9.984022067633965,10,2,2,-1.0,7.0,2.0,18.0
648,main_green,main_green,55,145.0,9.118890305000368,15,2,2,-1.0,7.0,2.0,18.0
649,main_green,main_green,54,155.0,8.97403294505382,11,2,2,-1.0,7.0,2.0,18.0
650,main_green,main_green,54,165.0,9.243060528074457,10,2,2,-1.0,7.0,2.0,18.0
651,main_green,main_green,54,175.0,9.44630713609665,10,2,2,11.0,17.0,3.0,11.0
652,main_green,main_green,55,185.0,9.451031540338569,11,2,2,11.0,17.0,3.0,11.0
653,main_green,main_green,55,195.0,9.477723820552024,10,2,2,11.0,17.0,3.0,11.0
654,main_green,main_green,56,205.0,9.316548136929317,11,2,2,11.0,17.0,3.0,11.0
655,main_green,main_green,56,215.0,9.39670186702342,10,2,2,11.0,17.0,3.0,11.0
656,main_green,main_green,56,225.0,9.032618976985393,11,2,2,11.0,17.0,3.0,11.0
657,main_green,main_green,53,236.0,8.876478964956993,11,2,2,11.0,17.0,3.0,11.0
658,main_green,main_green,52,250.0,8.954414962744819,14,2,2,11.0,17.0,3.0,11.0
659,main_green,main_green,53,264.0,8.882753049456975,15,2,2,11.0,17.0,3.0,11.0
660,main_green,main_green,57,278.0,8.08286570000222,19,2,2,11.0,17.0,3.0,11.0
661,main_green,main_green,57,292.0,8.391138266599814,14,2,2,16.0,16.0,8.0,10.0
662,main_green,main_green,57,306.0,8.546952535407137,14,2,2,16.0,16.0,8.0,10.0
663,main_green,main_green,57,320.0,8.77418560310292,14,2,2,16.0,16.0,8.0,10.0
664,main_green,main_green,59,334.0,8.470251974957227,16,2,2,16.0,16.0,8.0,10.0
665,main_green,main_green,59,348.0,8.421774178560746,14,2,2,16.0,16.0,8.0,10.0
666,main_green,main_green,58,362.0,8.416566075234318,14,2,2,16.0,16.0,8.0,10.0
667,main_green,main_green,58,378.0,8.46202405913017,16,2,2,16.0,16.0,8.0,10.0
668,main_green,main_green,57,395.0,8.216224184576186,18,2,2,16.0,16.0,8.0,10.0
669,main_green,main_green,58,413.0,8.191578113911932,19,2,2,16.0,16.0,8.0,10.0
670,main_green,main_green,57,431.0,8.181016885117224,18,2,2,16.0,16.0,8.0,10.0
671,main_green,main_green,57,449.0,8.356621500279573,18,2,2,13.0,13.0,8.0,8.0
672,main_green,main_green,62,467.0,7.699198010997909,23,2,2,13.0,13.0,8.0,8.0
673,main_green,main_green,62,485.0,7.916776196611392,18,2,2,13.0,13.0,8.0,8.0
674,main_green,main_green,63,503.0,7.959394772431398,19,2,2,13.0,13.0,8.0,8.0
675,main_green,main_green,62,521.0,8.04981394100732,18,2,2,13.0,13.0,8.0,8.0
676,main_green,main_green,63,539.0,7.951398022553521,19,2,2,13.0,13.0,8.0,8.0
677,main_green,main_green,63,557.0,8.152746149716146,18,2,2,13.0,13.0,8.0,8.0
678,main_green,main_green,62,575.0,8.035938335593432,18,2,2,13.0,13.0,8.0,8.0
679,main_green,main_green,62,595.0,7.89554141562528,21,2,2,13.0,13.0,8.0,8.0
680,main_green,main_green,62,615.0,7.728469951325692,21,2,2,13.0,13.0,8.0,8.0
681,yellow_transition,yellow_transition,61,636.0,7.657838148340668,21,3,3,17.0,13.0,13.0,11.0
682,yellow_transition,yellow_transition,61,657.0,7.695231499201426,21,3,3,17.0,13.0,13.0,11.0
683,yellow_transition,yellow_transition,61,679.0,7.723183172330151,22,3,3,17.0,13.0,13.0,11.0
684,side_green,side_green,65,279.0,7.187702953290903,19,0,0,17.0,13.0,13.0,11.0
685,side_green,side_green,66,59.0,7.4696299697277535,7,0,0,17.0,13.0,13.0,11.0
686,side_green,side_green,65,2.0,7.861355742543348,2,0,0,17.0,13.0,13.0,11.0
687,side_green,side_green,63,5.0,8.385626923763933,3,0,0,17.0,13.0,13.0,11.0
688,side_green,side_green,63,8.0,8.662965053016135,4,0,0,17.0,13.0,13.0,11.0
689,side_green,side_green,63,12.0,9.222714469268501,4,0,0,17.0,13.0,13.0,11.0
690,side_green,side_green,62,16.0,9.65235135561135,5,0,0,17.0,13.0,13.0,11.0
691,side_green,side_green,61,20.0,10.107676888758071,4,0,0,17.0,13.0,13.0,11.0
692,side_green,side_green,62,26.0,10.304408312050786,7,0,0,17.0,13.0,13.0,11.0
693,side_green,side_green,62,33.0,10.359824361270514,7,0,0,17.0,13.0,13.0,11.0
694,yellow_transition,yellow_transition,62,41.0,10.353284887486545,8,1,1,-16.0,8.0,-16.0,6.0
695,yellow_transition,yellow_transition,63,49.0,9.96628547658678,9,1,1,-16.0,8.0,-16.0,6.0
696,yellow_transition,yellow_transition,68,59.0,9.033782648721855,15,1,1,-16.0,8.0,-16.0,6.0
697,main_green,main_green,68,5.0,9.340323409701472,3,2,2,-16.0,8.0,-16.0,6.0
698,main_green,main_green,68,0.0,9.768063073633508,0,2,2,-16.0,8.0,-16.0,6.0
699,main_green,main_green,68,0.0,10.185157727367962,0,2,2,-16.0,8.0,-16.0,6.0
700,main_green,main_green,69,0.0,10.371259641863993,2,2,2,-16.0,8.0,-16.0,6.0
701,main_green,main_green,68,0.0,10.783353926806384,0,2,2,-16.0,8.0,-16.0,6.0
702,main_green,main_green,64,0.0,11.013262910249914,0,2,2,-16.0,8.0,-16.0,6.0
703,main_green,main_green,60,0.0,11.127101884059828,0,2,2,-16.0,8.0,-16.0,6.0
704,main_green,main_green,56,2.0,11.053900019997439,3,2,2,-16.0,8.0,-16.0,6.0
705,main_green,main_green,54,6.0,10.980039286377218,5,2,2,-16.0,8.0,-16.0,6.0
706,main_green,main_green,51,10.0,11.070213359229628,4,2,2,-16.0,8.0,-16.0,6.0
707,main_green,main_green,47,14.0,11.107321000487037,4,2,2,-8.0,8.0,-6.0,6.0
708,main_green,main_green,49,18.0,9.980392956384545,9,2,2,-8.0,8.0,-6.0,6.0
709,main_green,main_green,47,22.0,10.222652400729649,4,2,2,-8.0,8.0,-6.0,6.0
710,main_green,main_green,48,26.0,10.164199285797217,5,2,2,-8.0,8.0,-6.0,6.0
711,main_green,main_green,47,30.0,10.537810374159413,4,2,2,-8.0,8.0,-6.0,6.0
712,main_green,main_green,48,34.0,10.431675587909703,5,2,2,-8.0,8.0,-6.0,6.0
713,main_green,main_green,48,38.0,10.52404493605451,4,2,2,-8.0,8.0,-6.0,6.0
714,main_green,main_green,48,42.0,10.362988525912224,4,2,2,-8.0,8.0,-6.0,6.0
715,main_green,main_green,49,46.0,10.265739424734248,5,2,2,-8.0,8.0,-6.0,6.0
716,main_green,main_green,50,51.0,10.103435807701404,6,2,2,-8.0,8.0,-6.0,6.0
717,main_green,main_green,50,57.0,9.998649077622828,6,2,2,0.0,16.0,0.0,12.0
718,main_green,main_green,50,65.0,10.126408693652685,8,2,2,0.0,16.0,0.0,12.0
719,main_green,main_green,50,73.0,10.19318565273819,8,2,2,0.0,16.0,0.0,12.0
720,main_green,main_green,55,81.0,9.328130921189315,13,2,2,0.0,16.0,0.0,12.0
721,main_green,main_green,56,89.0,9.419984225242217,9,2,2,0.0,16.0,0.0,12.0
722,main_green,main_green,56,97.0,9.679287475999379,8,2,2,0.0,16.0,0.0,12.0
723,main_green,main_green,53,105.0,9.804175588485364,8,2,2,0.0,16.0,0.0,12.0
724,main_green,main_green,54,113.0,9.60528229362332,9,2,2,0.0,16.0,0.0,12.0
725,main_green,main_green,52,121.0,9.574789273767696,8,2,2,0.0,16.0,0.0,12.0
726,main_green,main_green,53,129.0,9.443271068641426,9,2,2,0.0,16.0,0.0,12.0
727,main_green,main_green,51,138.0,9.412305019590915,9,2,2,6.0,14.0,3.0,7.0
728,main_green,main_green,52,148.0,9.151425989459344,11,2,2,6.0,14.0,3.0,7.0
729,main_green,main_green,51,158.0,9.152195478770727,10,2,2,6.0,14.0,3.0,7.0
730,main_green,main_green,50,169.0,9.213444961126392,11,2,2,6.0,14.0,3.0,7.0
731,main_green,main_green,51,180.0,9.032785926118617,12,2,2,6.0,14.0,3.0,7.0
732,main_green,main_green,56,192.0,8.28544522077708,17,2,2,6.0,14.0,3.0,7.0
733,main_green,main_green,54,204.0,8.519659246058147,12,2,2,6.0,14.0,3.0,7.0
734,main_green,main_green,54,216.0,8.793220914001134,12,2,2,6.0,14.0,3.0,7.0
735,main_green,main_green,54,228.0,8.9279897569782,12,2,2,6.0,14.0,3.0,7.0
736,main_green,main_green,56,240.0,8.651031463323172,14,2,2,6.0,14.0,3.0,7.0
737,main_green,main_green,56,252.0,8.892741581753324,12,2,2,8.0,10.0,9.0,13.0
738,main_green,main_green,56,264.0,8.891345011348104,12,2,2,8.0,10.0,9.0,13.0
739,main_green,main_green,56,276.0,8.861150792601306,12,2,2,8.0,10.0,9.0,13.0
740,main_green,main_green,57,288.0,8.647925360524138,13,2,2,8.0,10.0,9.0,13.0
741,main_green,main_green,58,302.0,8.546667446626431,15,2,2,8.0,10.0,9.0,13.0
742,main_green,main_green,58,318.0,8.682011753431297,16,2,2,8.0,10.0,9.0,13.0
743,main_green,main_green,58,334.0,8.855212155892824,16,2,2,8.0,10.0,9.0,13.0
744,main_green,main_green,63,350.0,8.200261104770956,21,2,2,8.0,10.0,9.0,13.0
745,main_green,main_green,62,366.0,8.346955948923412,16,2,2,8.0,10.0,9.0,13.0
746,main_green,main_green,61,382.0,8.253065339640017,17,2,2,8.0,10.0,9.0,13.0
747,yellow_transition,yellow_transition,60,398.0,8.300568398086302,16,3,3,13.0,9.0,11.0,7.0
748,yellow_transition,yellow_transition,59,414.0,7.9492030682069625,17,3,3,13.0,9.0,11.0,7.0
749,yellow_transition,yellow_transition,59,430.0,7.698361068326004,16,3,3,13.0,9.0,11.0,7.0
750,side_green,side_green,58,125.0,7.737028468200376,8,0,0,13.0,9.0,11.0,7.0
751,side_green,side_green,59,1.0,7.988586982209345,2,0,0,13.0,9.0,11.0,7.0
752,side_green,side_green,60,2.0,8.521564775792859,2,0,0,13.0,9.0,11.0,7.0
753,side_green,side_green,59,5.0,9.175026741358531,3,0,0,13.0,9.0,11.0,7.0
754,side_green,side_green,58,8.0,9.819879689626449,3,0,0,13.0,9.0,11.0,7.0
755,side_green,side_green,57,11.0,10.38389188732845,3,0,0,13.0,9.0,11.0,7.0
756,side_green,side_green,61,14.0,9.617795148393691,8,0,0,13.0,9.0,11.0,7.0
757,side_green,side_green,61,18.0,9.46312770349212,5,0,0,13.0,9.0,11.0,7.0
758,side_green,side_green,61,23.0,9.687447033412885,5,0,0,13.0,9.0,11.0,7.0
759,side_green,side_green,61,31.0,9.707505302186133,8,0,0,13.0,9.0,11.0,7.0
760,yellow_transition,yellow_transition,62,40.0,9.589635992135488,10,1,1,-10.0,10.0,-11.0,7.0
761,yellow_transition,yellow_transition,60,50.0,9.35309581463506,10,1,1,-10.0,10.0,-11.0,7.0
762,yellow_transition,yellow_transition,61,60.0,9.040747836171546,11,1,1,-10.0,10.0,-11.0,7.0
763,main_green,main_green,60,12.0,8.939971984965707,3,2,2,-10.0,10.0,-11.0,7.0
764,main_green,main_green,61,3.0,8.856890481408273,3,2,2,-10.0,10.0,-11.0,7.0
765,main_green,main_green,61,7.0,9.158299600283254,4,2,2,-10.0,10.0,-11.0,7.0
766,main_green,main_green,61,11.0,9.518870662392722,4,2,2,-10.0,10.0,-11.0,7.0
767,main_green,main_green,61,15.0,9.927557325183548,5,2,2,-10.0,10.0,-11.0,7.0
768,main_green,main_green,61,19.0,9.356267132186229,9,2,2,-10.0,10.0,-11.0,7.0
769,main_green,main_green,59,23.0,9.935220221753596,4,2,2,-10.0,10.0,-11.0,7.0
770,main_green,main_green,58,27.0,10.428749759605966,4,2,2,-10.0,10.0,-11.0,7.0
771,main_green,main_green,55,31.0,10.609217159683293,4,2,2,-10.0,10.0,-11.0,7.0
772,main_green,main_green,52,35.0,10.43469111539544,6,2,2,-10.0,10.0,-11.0,7.0
773,main_green,main_green,50,39.0,10.516334151559393,4,2,2,-2.0,8.0,-1.0,9.0
774,main_green,main_green,47,43.0,10.390227403212146,4,2,2,-2.0,8.0,-1.0,9.0
775,main_green,main_green,46,47.0,10.257230182200544,4,2,2,-2.0,8.0,-1.0,9.0
776,main_green,main_green,47,52.0,10.073200355668524,6,2,2,-2.0,8.0,-1.0,9.0
777,main_green,main_green,48,59.0,9.927795182134114,8,2,2,-2.0,8.0,-1.0,9.0
778,main_green,main_green,48,67.0,9.998593619758745,8,2,2,-2.0,8.0,-1.0,9.0
779,main_green,main_green,48,75.0,10.253775020912583,8,2,2,-2.0,8.0,-1.0,9.0
780,main_green,main_green,53,83.0,9.361239353266193,13,2,2,-2.0,8.0,-1.0,9.0
781,main_green,main_green,53,91.0,9.606027340291485,8,2,2,-2.0,8.0,-1.0,9.0
782,main_green,main_green,54,99.0,9.70386225086065,9,2,2,-2.0,8.0,-1.0,9.0
783,main_green,main_green,54,107.0,9.886380807631108,8,2,2,2.0,10.0,4.0,16.0
784,main_green,main_green,55,115.0,9.684924585219061,9,2,2,2.0,10.0,4.0,16.0
785,main_green,main_green,55,123.0,9.678736075462615,8,2,2,2.0,10.0,4.0,16.0
786,main_green,main_green,55,132.0,9.678719391807615,9,2,2,2.0,10.0,4.0,16.0
787,main_green,main_green,56,141.0,9.594207411724627,10,2,2,2.0,10.0,4.0,16.0
788,main_green,main_green,57,151.0,9.431317637584224,11,2,2,2.0,10.0,4.0,16.0
789,main_green,main_green,56,162.0,9.5483318917589,11,2,2,2.0,10.0,4.0,16.0
790,main_green,main_green,54,174.0,9.427643819709813,12,2,2,2.0,10.0,4.0,16.0
791,main_green,main_green,53,186.0,9.636335284731679,12,2,2,2.0,10.0,4.0,16.0
792,main_green,main_green,57,198.0,8.818699016004834,17,2,2,2.0,10.0,4.0,16.0
793,main_green,main_green,57,210.0,8.748457850680035,13,2,2,7.0,11.0,10.0,14.0
794,main_green,main_green,54,222.0,8.862100974674448,12,2,2,7.0,11.0,10.0,14.0
795,main_green,main_green,54,234.0,8.937462557042558,12,2,2,7.0,11.0,10.0,14.0
796,main_green,main_green,53,246.0,8.89514927857853,13,2,2,7.0,11.0,10.0,14.0
797,main_green,main_green,53,258.0,8.926788042083771,12,2,2,7.0,11.0,10.0,14.0
798,main_green,main_green,54,270.0,8.777450517227448,13,2,2,7.0,11.0,10.0,14.0
799,main_green,main_green,54,282.0,8.815026509976626,12,2,2,7.0,11.0,10.0,14.0
800,main_green,main_green,55,296.0,8.646680972695295,15,2,2,7.0,11.0,10.0,14.0
801,main_green,main_green,55,312.0,8.79109127624509,16,2,2,7.0,11.0,10.0,14.0
802,main_green,main_green,55,328.0,8.796345676773592,16,2,2,7.0,11.0,10.0,14.0
803,main_green,main_green,56,344.0,8.892962707994979,17,2,2,9.0,9.0,8.0,8.0
804,main_green,main_green,61,360.0,8.248449855064814,21,2,2,9.0,9.0,8.0,8.0
805,main_green,main_green,61,376.0,8.408179465427267,16,2,2,9.0,9.0,8.0,8.0
806,main_green,main_green,61,392.0,8.624840989710687,16,2,2,9.0,9.0,8.0,8.0
807,main_green,main_green,61,408.0,8.67591765771922,16,2,2,9.0,9.0,8.0,8.0
808,main_green,main_green,63,424.0,8.370912317064422,18,2,2,9.0,9.0,8.0,8.0
809,main_green,main_green,63,440.0,8.358708827301395,16,2,2,9.0,9.0,8.0,8.0
810,main_green,main_green,63,457.0,8.408416488098633,17,2,2,9.0,9.0,8.0,8.0
811,main_green,main_green,62,475.0,8.412827551205371,18,2,2,9.0,9.0,8.0,8.0
812,main_green,main_green,61,495.0,8.216023364907409,21,2,2,9.0,9.0,8.0,8.0
813,yellow_transition,yellow_transition,61,515.0,7.945240702074468,21,3,3,11.0,9.0,12.0,8.0
814,yellow_transition,yellow_transition,61,535.0,7.868679893017233,20,3,3,11.0,9.0,12.0,8.0
815,yellow_transition,yellow_transition,60,555.0,7.782408998931136,20,3,3,11.0,9.0,12.0,8.0
816,side_green,side_green,65,206.0,7.429180934545399,19,0,0,11.0,9.0,12.0,8.0
817,side_green,side_green,65,31.0,7.834752060243829,6,0,0,11.0,9.0,12.0,8.0
818,side_green,side_green,64,6.0,8.129551592932474,3,0,0,11.0,9.0,12.0,8.0
819,side_green,side_green,62,8.0,8.546604209619414,2,0,0,11.0,9.0,12.0,8.0
820,side_green,side_green,63,11.0,8.894464375662638,4,0,0,11.0,9.0,12.0,8.0
821,side_green,side_green,61,14.0,9.449381041083825,3,0,0,11.0,9.0,12.0,8.0
822,side_green,side_green,61,19.0,10.043908535961974,5,0,0,11.0,9.0,12.0,8.0
823,side_green,side_green,60,25.0,10.028131501372027,7,0,0,11.0,9.0,12.0,8.0
824,side_green,side_green,61,32.0,10.02611788813738,8,0,0,11.0,9.0,12.0,8.0
825,side_green,side_green,60,39.0,10.068274898345736,7,0,0,11.0,9.0,12.0,8.0
826,yellow_transition,yellow_transition,60,47.0,9.920357675312996,8,1,1,-16.0,8.0,-15.0,9.0
827,yellow_transition,yellow_transition,59,58.0,9.874505484124489,11,1,1,-16.0,8.0,-15.0,9.0
828,yellow_transition,yellow_transition,63,69.0,8.807966415784513,16,1,1,-16.0,8.0,-15.0,9.0
829,main_green,main_green,64,10.0,8.947673437891675,4,2,2,-16.0,8.0,-15.0,9.0
830,main_green,main_green,64,1.0,9.249944308097534,1,2,2,-16.0,8.0,-15.0,9.0
831,main_green,main_green,63,0.0,9.826910491671978,0,2,2,-16.0,8.0,-15.0,9.0
832,main_green,main_green,64,0.0,10.343718451703419,1,2,2,-16.0,8.0,-15.0,9.0
833,main_green,main_green,63,0.0,10.637305934331257,0,2,2,-16.0,8.0,-15.0,9.0
834,main_green,main_green,62,0.0,10.879706951377138,1,2,2,-16.0,8.0,-15.0,9.0
835,main_green,main_green,57,0.0,10.98925160903955,0,2,2,-16.0,8.0,-15.0,9.0
836,main_green,main_green,56,0.0,11.04461071558399,1,2,2,-16.0,8.0,-15.0,9.0
837,main_green,main_green,50,4.0,11.07968561851381,4,2,2,-16.0,8.0,-15.0,9.0
838,main_green,main_green,48,8.0,11.143439269613298,4,2,2,-16.0,8.0,-15.0,9.0
839,main_green,main_green,46,12.0,10.79719763008886,5,2,2,-4.0,10.0,-7.0,1.0
840,main_green,main_green,49,16.0,9.854685443033961,9,2,2,-4.0,10.0,-7.0,1.0
841,main_green,main_green,48,20.0,10.258927092965456,4,2,2,-4.0,10.0,-7.0,1.0
842,main_green,main_green,48,24.0,10.449392396819938,4,2,2,-4.0,10.0,-7.0,1.0
843,main_green,main_green,48,28.0,10.783526612977576,4,2,2,-4.0,10.0,-7.0,1.0
844,main_green,main_green,50,32.0,10.63305020817457,6,2,2,-4.0,10.0,-7.0,1.0
845,main_green,main_green,49,36.0,10.769675893297153,4,2,2,-4.0,10.0,-7.0,1.0
846,main_green,main_green,49,40.0,10.594794678242517,4,2,2,-4.0,10.0,-7.0,1.0
847,main_green,main_green,49,45.0,10.476424170553113,5,2,2,-4.0,10.0,-7.0,1.0
848,main_green,main_green,50,51.0,10.236063296625577,7,2,2,-4.0,10.0,-7.0,1.0
849,main_green,main_green,51,58.0,10.11548568836293,8,2,2,-1.0,13.0,-1.0,13.0
850,main_green,main_green,51,66.0,10.311836419440871,8,2,2,-1.0,13.0,-1.0,13.0
851,main_green,main_green,51,74.0,10.407485387206634,8,2,2,-1.0,13.0,-1.0,13.0
852,main_green,main_green,56,82.0,9.53634137227769,13,2,2,-1.0,13.0,-1.0,13.0
853,main_green,main_green,56,90.0,9.759491827376346,8,2,2,-1.0,13.0,-1.0,13.0
854,main_green,main_green,57,98.0,9.817592843485658,9,2,2,-1.0,13.0,-1.0,13.0
855,main_green,main_green,54,106.0,9.802847177233515,8,2,2,-1.0,13.0,-1.0,13.0
856,main_green,main_green,54,114.0,9.549018340886484,9,2,2,-1.0,13.0,-1.0,13.0
857,main_green,main_green,52,122.0,9.457574389755505,8,2,2,-1.0,13.0,-1.0,13.0
858,main_green,main_green,52,130.0,9.455436743933962,8,2,2,-1.0,13.0,-1.0,13.0
859,main_green,main_green,50,140.0,9.27561205032242,11,2,2,4.0,8.0,5.0,15.0
860,main_green,main_green,51,151.0,9.088307493926132,12,2,2,4.0,8.0,5.0,15.0
861,main_green,main_green,49,163.0,9.060251047180708,12,2,2,4.0,8.0,5.0,15.0
862,main_green,main_green,49,175.0,9.187576135423894,12,2,2,4.0,8.0,5.0,15.0
863,main_green,main_green,48,187.0,9.198117989869138,12,2,2,4.0,8.0,5.0,15.0
864,main_green,main_green,53,199.0,8.486226968122613,17,2,2,4.0,8.0,5.0,15.0
865,main_green,main_green,54,211.0,8.539888963033128,13,2,2,4.0,8.0,5.0,15.0
866,main_green,main_green,54,223.0,8.837809909090668,12,2,2,4.0,8.0,5.0,15.0
867,main_green,main_green,54,235.0,9.074542862946887,12,2,2,4.0,8.0,5.0,15.0
868,main_green,main_green,55,247.0,8.904375588822665,13,2,2,4.0,8.0,5.0,15.0
869,main_green,main_green,55,259.0,9.141609635462926,12,2,2,9.0,9.0,10.0,10.0
870,main_green,main_green,56,271.0,8.940878532314686,13,2,2,9.0,9.0,10.0,10.0
871,main_green,main_green,56,283.0,9.006497689507588,12,2,2,9.0,9.0,10.0,10.0
872,main_green,main_green,57,296.0,8.803358134603526,14,2,2,9.0,9.0,10.0,10.0
873,main_green,main_green,57,311.0,8.871310858975848,15,2,2,9.0,9.0,10.0,10.0
874,main_green,main_green,57,326.0,8.923537737103691,15,2,2,9.0,9.0,10.0,10.0
875,main_green,main_green,58,342.0,8.931887025688631,17,2,2,9.0,9.0,10.0,10.0
876,main_green,main_green,63,358.0,8.27358095066782,21,2,2,9.0,9.0,10.0,10.0
877,main_green,main_green,62,374.0,8.507205884901827,16,2,2,9.0,9.0,10.0,10.0
878,main_green,main_green,59,390.0,8.469820795367156,16,2,2,9.0,9.0,10.0,10.0
879,yellow_transition,yellow_transition,58,406.0,8.396533042983437,16,3,3,13.0,11.0,11.0,9.0
880,yellow_transition,yellow_transition,59,422.0,7.91415130171032,18,3,3,13.0,11.0,11.0,9.0
881,yellow_transition,yellow_transition,59,438.0,7.7980606726347705,16,3,3,13.0,11.0,11.0,9.0
882,side_green,side_green,58,132.0,7.973075424415216,8,0,0,13.0,11.0,11.0,9.0
883,side_green,side_green,58,3.0,8.281392994726785,3,0,0,13.0,11.0,11.0,9.0
884,side_green,side_green,58,2.0,8.410017276097765,2,0,0,13.0,11.0,11.0,9.0
885,side_green,side_green,58,4.0,8.639418599822454,3,0,0,13.0,11.0,11.0,9.0
886,side_green,side_green,58,8.0,9.203536110913463,4,0,0,13.0,11.0,11.0,9.0
887,side_green,side_green,58,13.0,9.737604933609834,5,0,0,13.0,11.0,11.0,9.0
888,side_green,side_green,63,19.0,9.354560649069057,11,0,0,13.0,11.0,11.0,9.0
889,side_green,side_green,62,26.0,9.713580326844822,7,0,0,13.0,11.0,11.0,9.0
890,side_green,side_green,61,33.0,9.496434867002371,8,0,0,13.0,11.0,11.0,9.0
891,side_green,side_green,61,41.0,9.552330388517353,8,0,0,13.0,11.0,11.0,9.0
892,yellow_transition,yellow_transition,61,50.0,9.311740071293656,10,1,1,-9.0,13.0,-12.0,6.0
893,yellow_transition,yellow_transition,61,59.0,8.909912464223162,9,1,1,-9.0,13.0,-12.0,6.0
894,yellow_transition,yellow_transition,60,71.0,8.630993625519627,12,1,1,-9.0,13.0,-12.0,6.0
895,main_green,main_green,61,19.0,8.576562250152435,6,2,2,-9.0,13.0,-12.0,6.0
896,main_green,main_green,61,3.0,8.573603082051767,4,2,2,-9.0,13.0,-12.0,6.0
897,main_green,main_green,61,6.0,8.957118779544256,3,2,2,-9.0,13.0,-12.0,6.0
898,main_green,main_green,61,10.0,9.63537085418567,4,2,2,-9.0,13.0,-12.0,6.0
899,main_green,main_green,60,14.0,10.126061367845647,4,2,2,-9.0,13.0,-12.0,6.0
900,main_green,main_green,61,18.0,9.705084752255532,9,2,2,-9.0,13.0,-12.0,6.0
901,main_green,main_green,59,22.0,10.112766165551552,5,2,2,-9.0,13.0,-12.0,6.0
902,main_green,main_green,56,26.0,10.551174056116235,4,2,2,-9.0,13.0,-12.0,6.0
903,main_green,main_green,51,30.0,10.83151291169825,4,2,2,-9.0,13.0,-12.0,6.0
904,main_green,main_green,51,34.0,10.816386002768684,5,2,2,-9.0,13.0,-12.0,6.0
905,main_green,main_green,48,38.0,10.717667338814236,4,2,2,-1.0,9.0,-2.0,8.0
906,main_green,main_green,48,42.0,10.422250862411834,5,2,2,-1.0,9.0,-2.0,8.0
907,main_green,main_green,47,46.0,10.359600347204944,4,2,2,-1.0,9.0,-2.0,8.0
908,main_green,main_green,48,51.0,10.213612809546321,6,2,2,-1.0,9.0,-2.0,8.0
909,main_green,main_green,48,57.0,10.249949747751888,6,2,2,-1.0,9.0,-2.0,8.0
910,main_green,main_green,48,64.0,10.170728053616099,7,2,2,-1.0,9.0,-2.0,8.0
911,main_green,main_green,49,71.0,10.138832033924544,8,2,2,-1.0,9.0,-2.0,8.0
912,main_green,main_green,54,78.0,9.23547564711594,12,2,2,-1.0,9.0,-2.0,8.0
913,main_green,main_green,54,86.0,9.492920383745895,8,2,2,-1.0,9.0,-2.0,8.0
914,main_green,main_green,54,94.0,9.73215738874876,8,2,2,-1.0,9.0,-2.0,8.0
915,main_green,main_green,54,102.0,9.957875246914693,8,2,2,2.0,10.0,4.0,14.0
916,main_green,main_green,56,110.0,9.780538593357978,10,2,2,2.0,10.0,4.0,14.0
917,main_green,main_green,56,118.0,9.803276537998569,8,2,2,2.0,10.0,4.0,14.0
918,main_green,main_green,56,126.0,9.91222136512373,8,2,2,2.0,10.0,4.0,14.0
919,main_green,main_green,56,134.0,9.944430485452028,8,2,2,2.0,10.0,4.0,14.0
920,main_green,main_green,57,144.0,9.711174745368098,11,2,2,2.0,10.0,4.0,14.0
921,main_green,main_green,55,155.0,9.398807352750946,12,2,2,2.0,10.0,4.0,14.0
922,main_green,main_green,54,167.0,9.467458823312692,12,2,2,2.0,10.0,4.0,14.0
923,main_green,main_green,52,179.0,9.404856230608429,12,2,2,2.0,10.0,4.0,14.0
924,main_green,main_green,57,191.0,8.693519573019666,17,2,2,2.0,10.0,4.0,14.0
925,main_green,main_green,55,203.0,8.823853783860079,12,2,2,6.0,8.0,11.0,13.0
926,main_green,main_green,55,215.0,8.736637105587919,13,2,2,6.0,8.0,11.0,13.0
927,main_green,main_green,54,227.0,8.885525557639284,12,2,2,6.0,8.0,11.0,13.0
928,main_green,main_green,55,239.0,8.755742574530167,13,2,2,6.0,8.0,11.0,13.0
929,main_green,main_green,55,251.0,8.921757216384792,12,2,2,6.0,8.0,11.0,13.0
930,main_green,main_green,53,263.0,8.922262364821322,12,2,2,6.0,8.0,11.0,13.0
931,main_green,main_green,54,275.0,8.671369232590186,13,2,2,6.0,8.0,11.0,13.0
932,main_green,main_green,55,289.0,8.57416335900008,15,2,2,6.0,8.0,11.0,13.0
933,main_green,main_green,55,304.0,8.719125633193885,15,2,2,6.0,8.0,11.0,13.0
934,main_green,main_green,55,320.0,8.758646105382857,16,2,2,6.0,8.0,11.0,13.0
935,yellow_transition,yellow_transition,55,336.0,8.75632384442319,16,3,3,9.0,7.0,10.0,12.0
936,yellow_transition,yellow_transition,60,352.0,7.926608734605984,21,3,3,9.0,7.0,10.0,12.0
937,yellow_transition,yellow_transition,61,369.0,7.750631002095491,18,3,3,9.0,7.0,10.0,12.0
938,side_green,main_green,61,242.0,8.04439841045639,12,0,2,9.0,7.0,10.0,12.0
939,side_green,main_green,61,202.0,8.522036785780287,9,0,2,9.0,7.0,10.0,12.0
940,side_green,main_green,62,211.0,8.57890552349017,10,0,2,9.0,7.0,10.0,12.0
941,side_green,main_green,62,220.0,8.66164601978789,9,0,2,9.0,7.0,10.0,12.0
942,side_green,main_green,63,229.0,8.832075592959699,10,0,2,9.0,7.0,10.0,12.0
943,side_green,main_green,60,241.0,8.833430136709017,12,0,2,9.0,7.0,10.0,12.0
944,side_green,main_green,61,255.0,9.078928188669241,15,0,2,9.0,7.0,10.0,12.0
945,side_green,main_green,59,269.0,9.164031818083592,14,0,2,9.0,7.0,10.0,12.0
946,side_green,main_green,57,283.0,9.237771844637834,14,0,2,9.0,7.0,10.0,12.0
947,side_green,main_green,57,297.0,9.045495869309875,15,0,2,9.0,7.0,10.0,12.0
948,yellow_transition,yellow_transition,61,311.0,8.079718864279233,19,1,3,-11.0,17.0,11.0,3.0
949,yellow_transition,yellow_transition,61,325.0,8.141688972510849,14,1,3,-11.0,17.0,11.0,3.0
950,yellow_transition,yellow_transition,60,340.0,8.093789359851105,15,1,3,-11.0,17.0,11.0,3.0
951,main_green,side_green,60,121.0,8.257676888166383,8,2,0,-11.0,17.0,11.0,3.0
952,main_green,side_green,61,20.0,8.372727404796624,5,2,0,-11.0,17.0,11.0,3.0
953,main_green,side_green,61,2.0,8.853775266842389,1,2,0,-11.0,17.0,11.0,3.0
954,main_green,side_green,60,4.0,9.267259840638983,2,2,0,-11.0,17.0,11.0,3.0
955,main_green,side_green,60,6.0,9.75529530708536,2,2,0,-11.0,17.0,11.0,3.0
956,main_green,side_green,58,9.0,10.065772002856477,4,2,0,-11.0,17.0,11.0,3.0
957,main_green,side_green,59,13.0,10.312117861570934,5,2,0,-11.0,17.0,11.0,3.0
958,main_green,side_green,58,17.0,10.599394142767544,4,2,0,-11.0,17.0,11.0,3.0
959,main_green,side_green,56,23.0,10.586030065526694,6,2,0,-11.0,17.0,11.0,3.0
960,main_green,side_green,59,29.0,9.712833604423238,11,2,0,-11.0,17.0,11.0,3.0
961,yellow_transition,yellow_transition,58,36.0,9.932321025284416,7,3,1,-3.0,5.0,-11.0,13.0
962,yellow_transition,yellow_transition,57,43.0,9.653003787208997,8,3,1,-3.0,5.0,-11.0,13.0
963,yellow_transition,yellow_transition,56,50.0,9.572757939379485,7,3,1,-3.0,5.0,-11.0,13.0
964,main_green,main_green,57,21.0,9.715992813118973,4,2,2,-3.0,5.0,-11.0,13.0
965,main_green,main_green,56,19.0,9.908225802418775,2,2,2,-3.0,5.0,-11.0,13.0
966,main_green,main_green,56,21.0,10.171148028404332,2,2,2,-3.0,5.0,-11.0,13.0
967,main_green,main_green,56,23.0,10.15770539841905,3,2,2,-3.0,5.0,-11.0,13.0
968,main_green,main_green,57,26.0,10.140229131521311,4,2,2,-3.0,5.0,-11.0,13.0
969,main_green,main_green,55,31.0,10.497460638752308,5,2,2,-3.0,5.0,-11.0,13.0
970,main_green,main_green,53,37.0,10.781703598998021,6,2,2,-3.0,5.0,-11.0,13.0
971,main_green,main_green,52,43.0,10.842249596171333,6,2,2,-3.0,5.0,-11.0,13.0
972,main_green,main_green,55,49.0,9.814201940013206,11,2,2,-3.0,5.0,-11.0,13.0
973,main_green,main_green,55,55.0,9.964417452694812,7,2,2,-3.0,5.0,-11.0,13.0
974,main_green,main_green,52,61.0,10.046441573726442,6,2,2,1.0,7.0,-1.0,13.0
975,main_green,main_green,51,67.0,10.369031102688263,6,2,2,1.0,7.0,-1.0,13.0
976,main_green,main_green,50,73.0,10.280801964216359,7,2,2,1.0,7.0,-1.0,13.0
977,main_green,main_green,50,79.0,10.32828660944984,6,2,2,1.0,7.0,-1.0,13.0
978,main_green,main_green,51,85.0,10.083831412400123,7,2,2,1.0,7.0,-1.0,13.0
979,main_green,main_green,50,91.0,9.984777706474652,6,2,2,1.0,7.0,-1.0,13.0
980,main_green,main_green,50,99.0,9.66502024296246,9,2,2,1.0,7.0,-1.0,13.0
981,main_green,main_green,50,108.0,9.785036734742981,9,2,2,1.0,7.0,-1.0,13.0
982,main_green,main_green,50,118.0,9.918636229575803,10,2,2,1.0,7.0,-1.0,13.0
983,main_green,main_green,51,128.0,9.83180716506462,11,2,2,1.0,7.0,-1.0,13.0
984,main_green,main_green,56,138.0,8.967526521030468,15,2,2,6.0,14.0,-2.0,8.0
985,main_green,main_green,55,148.0,9.247543345145143,10,2,2,6.0,14.0,-2.0,8.0
986,main_green,main_green,55,158.0,9.489503306010107,10,2,2,6.0,14.0,-2.0,8.0
987,main_green,main_green,55,168.0,9.673881856187124,10,2,2,6.0,14.0,-2.0,8.0
988,main_green,main_green,55,178.0,9.209500168834001,12,2,2,6.0,14.0,-2.0,8.0
989,main_green,main_green,55,188.0,9.289305556482002,10,2,2,6.0,14.0,-2.0,8.0
990,main_green,main_green,54,198.0,9.28235161760466,10,2,2,6.0,14.0,-2.0,8.0
991,main_green,main_green,53,208.0,9.148550619822274,10,2,2,6.0,14.0,-2.0,8.0
992,main_green,main_green,53,221.0,8.90937797695322,14,2,2,6.0,14.0,-2.0,8.0
993,main_green,main_green,54,235.0,8.893064323943092,15,2,2,6.0,14.0,-2.0,8.0
994,main_green,main_green,54,249.0,9.021072049969556,14,2,2,11.0,13.0,2.0,8.0
995,main_green,main_green,54,263.0,9.188977710914493,14,2,2,11.0,13.0,2.0,8.0
996,main_green,main_green,58,277.0,8.37992203712348,19,2,2,11.0,13.0,2.0,8.0
997,main_green,main_green,58,291.0,8.639672677921338,14,2,2,11.0,13.0,2.0,8.0
998,main_green,main_green,59,305.0,8.735099459404273,15,2,2,11.0,13.0,2.0,8.0
999,main_green,main_green,57,319.0,8.714617765806013,14,2,2,11.0,13.0,2.0,8.0
1000,main_green,main_green,58,333.0,8.634862535022503,15,2,2,11.0,13.0,2.0,8.0
1001,main_green,main_green,57,347.0,8.368478334253927,14,2,2,11.0,13.0,2.0,8.0
1002,main_green,main_green,57,361.0,8.280771294424998,14,2,2,11.0,13.0,2.0,8.0
1003,main_green,main_green,58,375.0,8.297634256609708,15,2,2,11.0,13.0,2.0,8.0
1004,yellow_transition,yellow_transition,58,392.0,8.170872422895327,18,3,3,14.0,10.0,8.0,6.0
1005,yellow_transition,yellow_transition,57,410.0,8.159531271988083,18,3,3,14.0,10.0,8.0,6.0
1006,yellow_transition,yellow_transition,57,428.0,8.15789450266095,18,3,3,14.0,10.0,8.0,6.0
1007,side_green,side_green,57,134.0,8.224639289423575,10,0,0,14.0,10.0,8.0,6.0
1008,side_green,side_green,62,11.0,7.802352838217628,8,0,0,14.0,10.0,8.0,6.0
1009,side_green,side_green,62,2.0,8.147496594072551,2,0,0,14.0,10.0,8.0,6.0
1010,side_green,side_green,62,5.0,8.82628803611232,3,0,0,14.0,10.0,8.0,6.0
1011,side_green,side_green,61,9.0,9.299447958396417,4,0,0,14.0,10.0,8.0,6.0
1012,side_green,side_green,61,14.0,9.709150711011112,6,0,0,14.0,10.0,8.0,6.0
1013,side_green,side_green,60,19.0,10.095184684273868,5,0,0,14.0,10.0,8.0,6.0
1014,side_green,side_green,61,25.0,10.189643147649154,7,0,0,14.0,10.0,8.0,6.0
1015,side_green,side_green,60,32.0,10.338811978612961,7,0,0,14.0,10.0,8.0,6.0
1016,side_green,side_green,60,39.0,9.941510820592823,8,0,0,14.0,10.0,8.0,6.0
1017,yellow_transition,yellow_transition,60,49.0,9.849979097510603,10,1,1,-14.0,12.0,-15.0,5.0
1018,yellow_transition,yellow_transition,58,60.0,9.797200252593864,11,1,1,-14.0,12.0,-15.0,5.0
1019,yellow_transition,yellow_transition,59,71.0,9.575707099365204,12,1,1,-14.0,12.0,-15.0,5.0
1020,main_green,main_green,64,14.0,9.036147352273806,9,2,2,-14.0,12.0,-15.0,5.0
1021,main_green,main_green,63,0.0,9.294819029557862,0,2,2,-14.0,12.0,-15.0,5.0
1022,main_green,main_green,63,0.0,9.925668876632587,0,2,2,-14.0,12.0,-15.0,5.0
1023,main_green,main_green,62,0.0,10.335379692538726,0,2,2,-14.0,12.0,-15.0,5.0
1024,main_green,main_green,63,0.0,10.390850482376697,2,2,2,-14.0,12.0,-15.0,5.0
1025,main_green,main_green,59,0.0,10.814700383761835,0,2,2,-14.0,12.0,-15.0,5.0
1026,main_green,main_green,56,0.0,11.072692275785998,0,2,2,-14.0,12.0,-15.0,5.0
1027,main_green,main_green,53,0.0,11.192506764630204,0,2,2,-14.0,12.0,-15.0,5.0
1028,main_green,main_green,49,1.0,10.995691447573236,2,2,2,-14.0,12.0,-15.0,5.0
1029,main_green,main_green,47,3.0,10.804857233936914,3,2,2,-14.0,12.0,-15.0,5.0
1030,main_green,main_green,45,6.0,10.937502372063571,3,2,2,-8.0,6.0,-1.0,15.0
1031,main_green,main_green,45,10.0,11.005672227846546,4,2,2,-8.0,6.0,-1.0,15.0
1032,main_green,main_green,48,14.0,9.904302312726848,9,2,2,-8.0,6.0,-1.0,15.0
1033,main_green,main_green,47,18.0,10.238112610814422,4,2,2,-8.0,6.0,-1.0,15.0
1034,main_green,main_green,48,22.0,10.200228500036582,5,2,2,-8.0,6.0,-1.0,15.0
1035,main_green,main_green,47,26.0,10.593853979317352,4,2,2,-8.0,6.0,-1.0,15.0
1036,main_green,main_green,48,30.0,10.448376979427254,5,2,2,-8.0,6.0,-1.0,15.0
1037,main_green,main_green,48,34.0,10.608110422622497,4,2,2,-8.0,6.0,-1.0,15.0
1038,main_green,main_green,48,38.0,10.584685088020796,4,2,2,-8.0,6.0,-1.0,15.0
1039,main_green,main_green,49,42.0,10.29337477203432,5,2,2,-8.0,6.0,-1.0,15.0
1040,main_green,main_green,50,46.0,10.092488460662405,5,2,2,-2.0,10.0,1.0,17.0
1041,main_green,main_green,50,52.0,10.24227948514527,6,2,2,-2.0,10.0,1.0,17.0
1042,main_green,main_green,50,60.0,10.218251843024392,8,2,2,-2.0,10.0,1.0,17.0
1043,main_green,main_green,50,68.0,10.267817242618904,8,2,2,-2.0,10.0,1.0,17.0
1044,main_green,main_green,55,76.0,9.507484345779945,13,2,2,-2.0,10.0,1.0,17.0
1045,main_green,main_green,55,84.0,9.444082023365532,9,2,2,-2.0,10.0,1.0,17.0
1046,main_green,main_green,53,92.0,9.58811481371825,8,2,2,-2.0,10.0,1.0,17.0
1047,main_green,main_green,52,100.0,9.697535399695859,8,2,2,-2.0,10.0,1.0,17.0
1048,main_green,main_green,52,108.0,9.6312724448445,9,2,2,-2.0,10.0,1.0,17.0
1049,main_green,main_green,51,116.0,9.438528180039068,8,2,2,-2.0,10.0,1.0,17.0
1050,main_green,main_green,51,124.0,9.279811429044054,9,2,2,5.0,13.0,7.0,13.0
1051,main_green,main_green,50,133.0,9.236692395269417,9,2,2,5.0,13.0,7.0,13.0
1052,main_green,main_green,51,144.0,8.995853046102354,12,2,2,5.0,13.0,7.0,13.0
1053,main_green,main_green,50,155.0,8.982093833970517,11,2,2,5.0,13.0,7.0,13.0
1054,main_green,main_green,50,166.0,9.248720152640391,11,2,2,5.0,13.0,7.0,13.0
1055,main_green,main_green,51,178.0,9.218920640516384,13,2,2,5.0,13.0,7.0,13.0
1056,main_green,main_green,56,190.0,8.383230933840993,17,2,2,5.0,13.0,7.0,13.0
1057,main_green,main_green,56,202.0,8.683197395815615,12,2,2,5.0,13.0,7.0,13.0
1058,main_green,main_green,56,214.0,8.844130695609502,12,2,2,5.0,13.0,7.0,13.0
1059,main_green,main_green,56,226.0,8.94651185904887,12,2,2,5.0,13.0,7.0,13.0
1060,yellow_transition,yellow_transition,57,238.0,8.757073030464136,14,3,3,10.0,10.0,8.0,4.0
1061,yellow_transition,yellow_transition,57,250.0,8.842264569985149,12,3,3,10.0,10.0,8.0,4.0
1062,yellow_transition,yellow_transition,57,263.0,8.641445465494451,13,3,3,10.0,10.0,8.0,4.0
1063,main_green,side_green,57,162.0,8.849529135600848,9,2,0,10.0,10.0,8.0,4.0
1064,main_green,side_green,58,145.0,9.005657563708105,7,2,0,10.0,10.0,8.0,4.0
1065,main_green,side_green,59,151.0,9.085189602464476,7,2,0,10.0,10.0,8.0,4.0
1066,main_green,side_green,59,159.0,9.445592930127685,8,2,0,10.0,10.0,8.0,4.0
1067,main_green,side_green,59,167.0,9.913764522740953,8,2,0,10.0,10.0,8.0,4.0
1068,main_green,side_green,63,176.0,9.478171061701495,14,2,0,10.0,10.0,8.0,4.0
1069,main_green,side_green,61,185.0,9.555970180282241,9,2,0,10.0,10.0,8.0,4.0
1070,main_green,side_green,61,194.0,9.445535835605074,10,2,0,10.0,10.0,8.0,4.0
1071,main_green,side_green,61,204.0,9.596651707143788,10,2,0,10.0,10.0,8.0,4.0
1072,main_green,side_green,62,214.0,9.480234617974729,11,2,0,10.0,10.0,8.0,4.0
1073,yellow_transition,yellow_transition,61,224.0,9.256303740047732,10,3,1,11.0,5.0,-10.0,12.0
1074,yellow_transition,yellow_transition,60,235.0,8.960247449595904,11,3,1,11.0,5.0,-10.0,12.0
1075,yellow_transition,yellow_transition,60,247.0,8.531950564803722,13,3,1,11.0,5.0,-10.0,12.0
1076,side_green,main_green,59,77.0,8.351387850041242,8,0,2,11.0,5.0,-10.0,12.0
1077,side_green,main_green,59,8.0,8.824594839205702,4,0,2,11.0,5.0,-10.0,12.0
1078,side_green,main_green,56,7.0,9.188610585011336,4,0,2,11.0,5.0,-10.0,12.0
1079,side_green,main_green,56,11.0,9.654987277851928,4,0,2,11.0,5.0,-10.0,12.0
1080,side_green,main_green,60,15.0,9.129611029430253,9,0,2,11.0,5.0,-10.0,12.0
1081,side_green,main_green,60,19.0,9.369429389602711,5,0,2,11.0,5.0,-10.0,12.0
1082,side_green,main_green,59,23.0,9.86964198955489,4,0,2,11.0,5.0,-10.0,12.0
1083,side_green,main_green,55,28.0,9.98363948975581,5,0,2,11.0,5.0,-10.0,12.0
1084,side_green,main_green,54,35.0,9.82485030782071,8,0,2,11.0,5.0,-10.0,12.0
1085,side_green,main_green,53,42.0,10.016048078489272,7,0,2,11.0,5.0,-10.0,12.0
1086,yellow_transition,yellow_transition,54,49.0,9.795248615031815,8,1,3,-10.0,16.0,0.0,2.0
1087,yellow_transition,yellow_transition,52,57.0,9.646072070643163,8,1,3,-10.0,16.0,0.0,2.0
1088,yellow_transition,yellow_transition,53,66.0,9.456184284481226,10,1,3,-10.0,16.0,0.0,2.0
1089,main_green,main_green,53,40.0,9.618647535413064,6,2,2,-10.0,16.0,0.0,2.0
1090,main_green,main_green,53,34.0,9.90828440700082,4,2,2,-10.0,16.0,0.0,2.0
1091,main_green,main_green,54,38.0,10.144359931857718,5,2,2,-10.0,16.0,0.0,2.0
1092,main_green,main_green,59,42.0,9.574609640524422,9,2,2,-10.0,16.0,0.0,2.0
1093,main_green,main_green,59,46.0,10.07116891189134,4,2,2,-10.0,16.0,0.0,2.0
1094,main_green,main_green,56,50.0,10.276972050697141,4,2,2,-10.0,16.0,0.0,2.0
1095,main_green,main_green,54,54.0,10.74669436179397,4,2,2,-10.0,16.0,0.0,2.0
1096,main_green,main_green,54,58.0,10.436754608760998,6,2,2,-10.0,16.0,0.0,2.0
1097,main_green,main_green,53,62.0,10.590244040671964,4,2,2,-10.0,16.0,0.0,2.0
1098,main_green,main_green,52,66.0,10.681967406731538,4,2,2,-10.0,16.0,0.0,2.0
1099,main_green,main_green,51,70.0,10.652045279756571,4,2,2,-5.0,13.0,1.0,7.0
1100,main_green,main_green,49,76.0,10.24111916956481,7,2,2,-5.0,13.0,1.0,7.0
1101,main_green,main_green,49,82.0,10.009019685439071,7,2,2,-5.0,13.0,1.0,7.0
1102,main_green,main_green,47,90.0,9.955106315804949,8,2,2,-5.0,13.0,1.0,7.0
1103,main_green,main_green,47,98.0,10.06692585426652,8,2,2,-5.0,13.0,1.0,7.0
1104,main_green,main_green,52,106.0,9.143012172117043,13,2,2,-5.0,13.0,1.0,7.0
1105,main_green,main_green,51,114.0,9.312129477706563,8,2,2,-5.0,13.0,1.0,7.0
1106,main_green,main_green,52,122.0,9.491778632086245,9,2,2,-5.0,13.0,1.0,7.0
1107,main_green,main_green,52,130.0,9.689086754265215,8,2,2,-5.0,13.0,1.0,7.0
1108,main_green,main_green,52,138.0,9.59094491567038,9,2,2,-5.0,13.0,1.0,7.0
1109,main_green,main_green,51,146.0,9.50346047210637,8,2,2,-2.0,6.0,13.0,23.0
1110,main_green,main_green,51,154.0,9.546850259990121,8,2,2,-2.0,6.0,13.0,23.0
1111,main_green,main_green,52,162.0,9.356271265085182,9,2,2,-2.0,6.0,13.0,23.0
1112,main_green,main_green,53,172.0,9.1900191809226,11,2,2,-2.0,6.0,13.0,23.0
1113,main_green,main_green,53,183.0,9.362726552484814,11,2,2,-2.0,6.0,13.0,23.0
1114,main_green,main_green,52,195.0,9.322682398286135,12,2,2,-2.0,6.0,13.0,23.0
1115,main_green,main_green,49,207.0,9.225970281829602,12,2,2,-2.0,6.0,13.0,23.0
1116,main_green,main_green,54,219.0,8.519913822336385,17,2,2,-2.0,6.0,13.0,23.0
1117,main_green,main_green,54,231.0,8.499269006938686,13,2,2,-2.0,6.0,13.0,23.0
1118,main_green,main_green,54,243.0,8.7418376818862,12,2,2,-2.0,6.0,13.0,23.0
1119,main_green,main_green,54,255.0,8.938011403908652,12,2,2,3.0,7.0,17.0,17.0
1120,main_green,main_green,55,267.0,8.677378663543623,13,2,2,3.0,7.0,17.0,17.0
1121,main_green,main_green,55,279.0,8.593654508797446,12,2,2,3.0,7.0,17.0,17.0
1122,main_green,main_green,56,291.0,8.468256777353785,13,2,2,3.0,7.0,17.0,17.0
1123,main_green,main_green,56,307.0,8.608208618272675,16,2,2,3.0,7.0,17.0,17.0
1124,main_green,main_green,57,323.0,8.58132885578785,17,2,2,3.0,7.0,17.0,17.0
1125,main_green,main_green,56,339.0,8.655676267993224,16,2,2,3.0,7.0,17.0,17.0
1126,main_green,main_green,56,355.0,8.912450501785921,16,2,2,3.0,7.0,17.0,17.0
1127,main_green,main_green,56,371.0,8.59654729405347,17,2,2,3.0,7.0,17.0,17.0
1128,main_green,main_green,61,387.0,8.045032038508975,21,2,2,3.0,7.0,17.0,17.0
1129,yellow_transition,yellow_transition,60,403.0,8.07470702395268,16,3,3,9.0,13.0,15.0,7.0
1130,yellow_transition,yellow_transition,60,419.0,8.42011944048677,16,3,3,9.0,13.0,15.0,7.0
1131,yellow_transition,yellow_transition,60,435.0,8.342097964217908,16,3,3,9.0,13.0,15.0,7.0
1132,main_green,side_green,61,249.0,8.136896957906133,14,2,0,9.0,13.0,15.0,7.0
1133,main_green,side_green,61,152.0,8.446526789220638,8,2,0,9.0,13.0,15.0,7.0
1134,main_green,side_green,61,137.0,8.728249706939595,7,2,0,9.0,13.0,15.0,7.0
1135,main_green,side_green,61,145.0,8.954469924977175,8,2,0,9.0,13.0,15.0,7.0
1136,main_green,side_green,62,154.0,9.04448025833182,10,2,0,9.0,13.0,15.0,7.0
1137,main_green,side_green,61,164.0,9.245063189156316,11,2,0,9.0,13.0,15.0,7.0
1138,main_green,side_green,61,174.0,9.608404918559573,10,2,0,9.0,13.0,15.0,7.0
1139,main_green,side_green,59,184.0,9.749333265944918,10,2,0,9.0,13.0,15.0,7.0
1140,main_green,side_green,64,195.0,9.074106226132686,16,2,0,9.0,13.0,15.0,7.0
1141,main_green,side_green,61,206.0,8.980093733061171,11,2,0,9.0,13.0,15.0,7.0
1142,yellow_transition,yellow_transition,62,217.0,8.822541545549429,12,3,1,13.0,5.0,-11.0,11.0
1143,yellow_transition,yellow_transition,61,229.0,8.872612834119598,12,3,1,13.0,5.0,-11.0,11.0
1144,yellow_transition,yellow_transition,62,242.0,8.676118103238501,14,3,1,13.0,5.0,-11.0,11.0
1145,side_green,main_green,62,70.0,8.667005946968704,6,0,2,13.0,5.0,-11.0,11.0
1146,side_green,main_green,61,1.0,8.911300905881308,1,0,2,13.0,5.0,-11.0,11.0
1147,side_green,main_green,61,2.0,9.032495782728017,2,0,2,13.0,5.0,-11.0,11.0
1148,side_green,main_green,61,4.0,9.297855212905358,3,0,2,13.0,5.0,-11.0,11.0
1149,side_green,main_green,60,7.0,9.730675355906177,3,0,2,13.0,5.0,-11.0,11.0
1150,side_green,main_green,58,10.0,10.153833545853054,3,0,2,13.0,5.0,-11.0,11.0
1151,side_green,main_green,56,14.0,10.505025377601928,4,0,2,13.0,5.0,-11.0,11.0
1152,side_green,main_green,59,19.0,9.697968454234822,10,0,2,13.0,5.0,-11.0,11.0
1153,side_green,main_green,58,25.0,9.833837542970063,7,0,2,13.0,5.0,-11.0,11.0
1154,side_green,main_green,58,31.0,10.065262890742764,6,0,2,13.0,5.0,-11.0,11.0
1155,yellow_transition,yellow_transition,57,37.0,10.042344124074752,6,1,3,-10.0,14.0,-4.0,4.0
1156,yellow_transition,yellow_transition,56,44.0,9.702082594740302,8,1,3,-10.0,14.0,-4.0,4.0
1157,yellow_transition,yellow_transition,55,52.0,9.445212956569797,8,1,3,-10.0,14.0,-4.0,4.0
1158,main_green,main_green,55,21.0,9.270091292759831,4,2,2,-10.0,14.0,-4.0,4.0
1159,main_green,main_green,55,20.0,9.44815518164744,2,2,2,-10.0,14.0,-4.0,4.0
1160,main_green,main_green,56,23.0,9.569796119994448,4,2,2,-10.0,14.0,-4.0,4.0
1161,main_green,main_green,56,29.0,10.071327587115137,6,2,2,-10.0,14.0,-4.0,4.0
1162,main_green,main_green,55,35.0,10.38952270426874,6,2,2,-10.0,14.0,-4.0,4.0
1163,main_green,main_green,54,41.0,10.405641847723993,7,2,2,-10.0,14.0,-4.0,4.0
1164,main_green,main_green,56,47.0,9.673742904922662,11,2,2,-10.0,14.0,-4.0,4.0
1165,main_green,main_green,54,53.0,9.985708357416629,6,2,2,-10.0,14.0,-4.0,4.0
1166,main_green,main_green,52,59.0,10.120401993272834,6,2,2,-10.0,14.0,-4.0,4.0
1167,main_green,main_green,51,65.0,10.336625729509578,6,2,2,-10.0,14.0,-4.0,4.0
1168,main_green,main_green,52,71.0,9.797327303675747,8,2,2,2.0,16.0,0.0,6.0
1169,main_green,main_green,51,77.0,9.793823421918797,6,2,2,2.0,16.0,0.0,6.0
1170,main_green,main_green,51,83.0,9.856902612968486,6,2,2,2.0,16.0,0.0,6.0
1171,main_green,main_green,50,89.0,9.771353154757477,6,2,2,2.0,16.0,0.0,6.0
1172,main_green,main_green,51,97.0,9.67103348592108,9,2,2,2.0,16.0,0.0,6.0
1173,main_green,main_green,51,106.0,9.529545299616064,10,2,2,2.0,16.0,0.0,6.0
1174,main_green,main_green,50,115.0,9.704105123348516,9,2,2,2.0,16.0,0.0,6.0
1175,main_green,main_green,49,125.0,9.806770259899858,10,2,2,2.0,16.0,0.0,6.0
1176,main_green,main_green,54,135.0,8.978793092094197,15,2,2,2.0,16.0,0.0,6.0
1177,main_green,main_green,54,145.0,9.201416508717701,10,2,2,2.0,16.0,0.0,6.0
1178,main_green,main_green,55,155.0,9.249548024155537,11,2,2,1.0,5.0,11.0,17.0
1179,main_green,main_green,55,165.0,9.591585097645263,10,2,2,1.0,5.0,11.0,17.0
1180,main_green,main_green,56,175.0,9.344178010388351,11,2,2,1.0,5.0,11.0,17.0
1181,main_green,main_green,56,185.0,9.329011599184643,10,2,2,1.0,5.0,11.0,17.0
1182,main_green,main_green,56,195.0,9.365733504698378,10,2,2,1.0,5.0,11.0,17.0
1183,main_green,main_green,56,206.0,9.133448268546708,12,2,2,1.0,5.0,11.0,17.0
1184,main_green,main_green,55,218.0,8.960008024320997,13,2,2,1.0,5.0,11.0,17.0
1185,main_green,main_green,55,232.0,9.103163276836742,14,2,2,1.0,5.0,11.0,17.0
1186,main_green,main_green,54,246.0,9.168087151006077,14,2,2,1.0,5.0,11.0,17.0
1187,main_green,main_green,53,260.0,9.163666775984066,14,2,2,1.0,5.0,11.0,17.0
1188,main_green,main_green,58,274.0,8.429547638401193,19,2,2,2.0,6.0,11.0,15.0
1189,main_green,main_green,58,288.0,8.428671922855958,15,2,2,2.0,6.0,11.0,15.0
1190,main_green,main_green,57,302.0,8.60552096762764,14,2,2,2.0,6.0,11.0,15.0
1191,main_green,main_green,57,316.0,8.78909218716202,14,2,2,2.0,6.0,11.0,15.0
1192,main_green,main_green,58,330.0,8.605022421492048,15,2,2,2.0,6.0,11.0,15.0
1193,main_green,main_green,58,344.0,8.664415497895803,14,2,2,2.0,6.0,11.0,15.0
1194,main_green,main_green,59,358.0,8.456377267435967,15,2,2,2.0,6.0,11.0,15.0
1195,main_green,main_green,58,373.0,8.526301296542123,15,2,2,2.0,6.0,11.0,15.0
1196,main_green,main_green,58,391.0,8.309081108785351,19,2,2,2.0,6.0,11.0,15.0
1197,main_green,main_green,58,409.0,8.468002755733519,18,2,2,2.0,6.0,11.0,15.0
1198,yellow_transition,yellow_transition,57,427.0,8.397413970137391,18,3,3,9.0,11.0,12.0,8.0
1199,yellow_transition,yellow_transition,57,445.0,8.177745551029538,19,3,3,9.0,11.0,12.0,8.0
1200,yellow_transition,yellow_transition,61,463.0,7.35540092083872,23,3,3,9.0,11.0,12.0,8.0
1201,main_green,side_green,61,295.0,7.800411859818631,14,2,0,9.0,11.0,12.0,8.0
1202,main_green,side_green,61,211.0,8.258933934449878,10,2,0,9.0,11.0,12.0,8.0
1203,main_green,side_green,61,205.0,8.527128755786839,9,2,0,9.0,11.0,12.0,8.0
1204,main_green,side_green,63,214.0,8.539873649141931,11,2,0,9.0,11.0,12.0,8.0
1205,main_green,side_green,62,223.0,8.755589017412738,9,2,0,9.0,11.0,12.0,8.0
1206,main_green,side_green,62,232.0,9.016570727943407,9,2,0,9.0,11.0,12.0,8.0
1207,main_green,side_green,61,241.0,9.336170344466932,9,2,0,9.0,11.0,12.0,8.0
1208,main_green,side_green,61,254.0,9.267538542959826,14,2,0,9.0,11.0,12.0,8.0
1209,main_green,side_green,61,268.0,9.194729070718836,15,2,0,9.0,11.0,12.0,8.0
1210,main_green,side_green,61,282.0,9.096168433834873,14,2,0,9.0,11.0,12.0,8.0
1211,yellow_transition,yellow_transition,60,296.0,9.15940299050652,14,3,1,12.0,6.0,-17.0,9.0
1212,yellow_transition,yellow_transition,63,310.0,8.146771447035976,19,3,1,12.0,6.0,-17.0,9.0
1213,yellow_transition,yellow_transition,63,324.0,8.330946194953443,14,3,1,12.0,6.0,-17.0,9.0
1214,side_green,main_green,64,121.0,8.574183771146103,8,0,2,12.0,6.0,-17.0,9.0
1215,side_green,main_green,64,16.0,8.889233172867954,2,0,2,12.0,6.0,-17.0,9.0
1216,side_green,main_green,64,1.0,9.106167204793229,2,0,2,12.0,6.0,-17.0,9.0
1217,side_green,main_green,64,2.0,9.494911015443487,1,0,2,12.0,6.0,-17.0,9.0
1218,side_green,main_green,63,3.0,9.903314766236846,1,0,2,12.0,6.0,-17.0,9.0
1219,side_green,main_green,62,5.0,10.157626814827776,3,0,2,12.0,6.0,-17.0,9.0
1220,side_green,main_green,62,8.0,10.451458916879828,4,0,2,12.0,6.0,-17.0,9.0
1221,side_green,main_green,61,13.0,10.769590090719907,5,0,2,12.0,6.0,-17.0,9.0
1222,side_green,main_green,57,18.0,10.86232700783297,5,0,2,12.0,6.0,-17.0,9.0
1223,side_green,main_green,55,23.0,10.797039311032659,5,0,2,12.0,6.0,-17.0,9.0
1224,yellow_transition,yellow_transition,58,29.0,9.846726118511718,11,1,3,-14.0,12.0,-8.0,0.0
1225,yellow_transition,yellow_transition,57,35.0,9.886380812403905,7,1,3,-14.0,12.0,-8.0,0.0
1226,yellow_transition,yellow_transition,56,42.0,10.023346912147991,7,1,3,-14.0,12.0,-8.0,0.0
1227,main_green,main_green,56,17.0,10.314667127221458,3,2,2,-14.0,12.0,-8.0,0.0
1228,main_green,main_green,57,17.0,10.37844221944949,3,2,2,-14.0,12.0,-8.0,0.0
1229,main_green,main_green,57,19.0,10.557653862524056,2,2,2,-14.0,12.0,-8.0,0.0
1230,main_green,main_green,58,21.0,10.463392002598802,3,2,2,-14.0,12.0,-8.0,0.0
1231,main_green,main_green,57,25.0,10.602640944811474,4,2,2,-14.0,12.0,-8.0,0.0
1232,main_green,main_green,54,29.0,10.48989801192348,5,2,2,-14.0,12.0,-8.0,0.0
1233,main_green,main_green,53,33.0,10.643499798555812,4,2,2,-14.0,12.0,-8.0,0.0
1234,main_green,main_green,50,39.0,10.786056177242658,6,2,2,-14.0,12.0,-8.0,0.0
1235,main_green,main_green,49,45.0,10.678558351132985,7,2,2,-14.0,12.0,-8.0,0.0
1236,main_green,main_green,51,51.0,9.558337939822415,11,2,2,-14.0,12.0,-8.0,0.0
1237,main_green,main_green,50,57.0,9.72196518276095,6,2,2,3.0,19.0,0.0,6.0
1238,main_green,main_green,50,63.0,10.039048819020524,6,2,2,3.0,19.0,0.0,6.0
1239,main_green,main_green,50,69.0,10.363316152305067,6,2,2,3.0,19.0,0.0,6.0
1240,main_green,main_green,50,75.0,9.912948568962957,8,2,2,3.0,19.0,0.0,6.0
1241,main_green,main_green,50,81.0,10.05664030700442,6,2,2,3.0,19.0,0.0,6.0
1242,main_green,main_green,48,87.0,9.901962456596538,6,2,2,3.0,19.0,0.0,6.0
1243,main_green,main_green,48,93.0,9.951063370033081,6,2,2,3.0,19.0,0.0,6.0
1244,main_green,main_green,48,101.0,9.5256743767123,9,2,2,3.0,19.0,0.0,6.0
1245,main_green,main_green,49,111.0,9.394816363260594,11,2,2,3.0,19.0,0.0,6.0
1246,main_green,main_green,49,121.0,9.506416455365828,10,2,2,3.0,19.0,0.0,6.0
1247,main_green,main_green,48,131.0,9.614547209216346,10,2,2,-1.0,9.0,7.0,17.0
1248,main_green,main_green,52,141.0,8.731236063864582,15,2,2,-1.0,9.0,7.0,17.0
1249,main_green,main_green,52,151.0,8.896351415105356,10,2,2,-1.0,9.0,7.0,17.0
1250,main_green,main_green,53,161.0,9.045871655066655,11,2,2,-1.0,9.0,7.0,17.0
1251,main_green,main_green,52,171.0,9.259706551377038,10,2,2,-1.0,9.0,7.0,17.0
1252,main_green,main_green,52,181.0,9.016324927098232,11,2,2,-1.0,9.0,7.0,17.0
1253,main_green,main_green,51,191.0,9.099428666314212,10,2,2,-1.0,9.0,7.0,17.0
1254,main_green,main_green,51,201.0,9.018246532187915,10,2,2,-1.0,9.0,7.0,17.0
1255,main_green,main_green,51,211.0,8.64949733939236,11,2,2,-1.0,9.0,7.0,17.0
1256,main_green,main_green,52,223.0,8.598003314519447,13,2,2,-1.0,9.0,7.0,17.0
1257,main_green,main_green,52,236.0,8.763777894792174,13,2,2,4.0,12.0,14.0,16.0
1258,main_green,main_green,52,250.0,8.862653416404553,14,2,2,4.0,12.0,14.0,16.0
1259,main_green,main_green,52,264.0,8.986456263620749,14,2,2,4.0,12.0,14.0,16.0
1260,main_green,main_green,57,278.0,8.298324405883644,19,2,2,4.0,12.0,14.0,16.0
1261,main_green,main_green,58,292.0,8.33063039006173,15,2,2,4.0,12.0,14.0,16.0
1262,main_green,main_green,58,306.0,8.455817336019324,14,2,2,4.0,12.0,14.0,16.0
1263,main_green,main_green,58,320.0,8.732796294912387,14,2,2,4.0,12.0,14.0,16.0
1264,main_green,main_green,59,334.0,8.460144589547873,15,2,2,4.0,12.0,14.0,16.0
1265,main_green,main_green,59,348.0,8.562649186400202,14,2,2,4.0,12.0,14.0,16.0
1266,main_green,main_green,60,362.0,8.495437366725378,15,2,2,4.0,12.0,14.0,16.0
1267,yellow_transition,yellow_transition,60,377.0,8.484497844406894,15,3,3,6.0,8.0,13.0,11.0
1268,yellow_transition,yellow_transition,59,393.0,8.108694385387233,17,3,3,6.0,8.0,13.0,11.0
1269,yellow_transition,yellow_transition,59,411.0,7.94514371063968,18,3,3,6.0,8.0,13.0,11.0
1270,main_green,side_green,58,254.0,7.972290944490418,14,2,0,6.0,8.0,13.0,11.0
1271,main_green,side_green,59,181.0,8.073992500829748,11,2,0,6.0,8.0,13.0,11.0
1272,main_green,side_green,64,182.0,7.890275513837235,14,2,0,6.0,8.0,13.0,11.0
1273,main_green,side_green,63,191.0,8.395587146800807,9,2,0,6.0,8.0,13.0,11.0
1274,main_green,side_green,62,201.0,8.960482842697893,10,2,0,6.0,8.0,13.0,11.0
1275,main_green,side_green,61,211.0,9.23497889003129,10,2,0,6.0,8.0,13.0,11.0
1276,main_green,side_green,63,221.0,9.171158476184845,12,2,0,6.0,8.0,13.0,11.0
1277,main_green,side_green,63,231.0,9.420906773883987,10,2,0,6.0,8.0,13.0,11.0
1278,main_green,side_green,62,241.0,9.54567788550755,10,2,0,6.0,8.0,13.0,11.0
1279,main_green,side_green,60,252.0,9.620387964735677,11,2,0,6.0,8.0,13.0,11.0
1280,yellow_transition,yellow_transition,60,264.0,9.25149996579625,13,3,1,10.0,2.0,-14.0,14.0
1281,yellow_transition,yellow_transition,60,277.0,8.91818462556533,14,3,1,10.0,2.0,-14.0,14.0
1282,yellow_transition,yellow_transition,59,290.0,8.822322972935346,13,3,1,10.0,2.0,-14.0,14.0
1283,side_green,main_green,58,95.0,8.902160364778176,8,0,2,10.0,2.0,-14.0,14.0
1284,side_green,main_green,63,11.0,8.444880402726518,7,0,2,10.0,2.0,-14.0,14.0
1285,side_green,main_green,61,0.0,8.806879161337852,0,0,2,10.0,2.0,-14.0,14.0
1286,side_green,main_green,62,0.0,9.317339152529232,1,0,2,10.0,2.0,-14.0,14.0
1287,side_green,main_green,62,2.0,9.966702950908457,2,0,2,10.0,2.0,-14.0,14.0
1288,side_green,main_green,62,5.0,10.235033967755838,4,0,2,10.0,2.0,-14.0,14.0
1289,side_green,main_green,60,8.0,10.683046905955457,3,0,2,10.0,2.0,-14.0,14.0
1290,side_green,main_green,58,11.0,11.006609731336843,3,0,2,10.0,2.0,-14.0,14.0
1291,side_green,main_green,57,14.0,10.812371439220902,4,0,2,10.0,2.0,-14.0,14.0
1292,side_green,main_green,56,19.0,10.590621161053292,6,0,2,10.0,2.0,-14.0,14.0
1293,yellow_transition,yellow_transition,53,25.0,10.505107989155777,6,1,3,-14.0,14.0,-8.0,2.0
1294,yellow_transition,yellow_transition,53,32.0,10.516632019155436,7,1,3,-14.0,14.0,-8.0,2.0
1295,yellow_transition,yellow_transition,51,39.0,10.389974745124015,7,1,3,-14.0,14.0,-8.0,2.0
1296,main_green,main_green,55,13.0,9.614144785980551,9,2,2,-14.0,14.0,-8.0,2.0
1297,main_green,main_green,56,11.0,9.616573228565532,3,2,2,-14.0,14.0,-8.0,2.0
1298,main_green,main_green,56,13.0,10.257751048622373,2,2,2,-14.0,14.0,-8.0,2.0
1299,main_green,main_green,56,15.0,10.588996088201595,2,2,2,-14.0,14.0,-8.0,2.0
1300,main_green,main_green,57,17.0,10.685443927926409,3,2,2,-14.0,14.0,-8.0,2.0
1301,main_green,main_green,54,19.0,10.805785904032332,2,2,2,-14.0,14.0,-8.0,2.0
1302,main_green,main_green,53,21.0,10.750025580103435,3,2,2,-14.0,14.0,-8.0,2.0
1303,main_green,main_green,51,25.0,10.690337714546294,4,2,2,-14.0,14.0,-8.0,2.0
1304,main_green,main_green,50,31.0,10.48958960626243,7,2,2,-14.0,14.0,-8.0,2.0
1305,main_green,main_green,48,37.0,10.63023884763693,6,2,2,-14.0,14.0,-8.0,2.0
1306,main_green,main_green,47,43.0,10.672507786571158,6,2,2,-2.0,16.0,-4.0,6.0
1307,main_green,main_green,47,49.0,10.469557805089481,7,2,2,-2.0,16.0,-4.0,6.0
1308,main_green,main_green,51,55.0,9.479218452621092,11,2,2,-2.0,16.0,-4.0,6.0
1309,main_green,main_green,50,61.0,9.680014592698956,6,2,2,-2.0,16.0,-4.0,6.0
1310,main_green,main_green,49,67.0,9.85660335717246,6,2,2,-2.0,16.0,-4.0,6.0
1311,main_green,main_green,49,73.0,10.085084496984773,6,2,2,-2.0,16.0,-4.0,6.0
1312,main_green,main_green,51,79.0,9.876841043788831,8,2,2,-2.0,16.0,-4.0,6.0
1313,main_green,main_green,51,85.0,9.834646466089296,6,2,2,-2.0,16.0,-4.0,6.0
1314,main_green,main_green,51,92.0,9.772110682505016,7,2,2,-2.0,16.0,-4.0,6.0
1315,main_green,main_green,51,100.0,9.87760506415839,8,2,2,-2.0,16.0,-4.0,6.0
1316,main_green,main_green,52,108.0,9.709247265850102,9,2,2,-4.0,4.0,6.0,18.0
1317,main_green,main_green,51,118.0,9.566134948934398,11,2,2,-4.0,4.0,6.0,18.0
1318,main_green,main_green,50,128.0,9.727153290071014,10,2,2,-4.0,4.0,6.0,18.0
1319,main_green,main_green,50,138.0,9.829733476485078,10,2,2,-4.0,4.0,6.0,18.0
1320,main_green,main_green,55,148.0,9.021532871298415,15,2,2,-4.0,4.0,6.0,18.0
1321,main_green,main_green,55,158.0,9.346174076941246,10,2,2,-4.0,4.0,6.0,18.0
1322,main_green,main_green,54,168.0,9.136359991158281,11,2,2,-4.0,4.0,6.0,18.0
1323,main_green,main_green,53,178.0,9.391187082332365,10,2,2,-4.0,4.0,6.0,18.0
1324,main_green,main_green,54,188.0,9.076205411291884,11,2,2,-4.0,4.0,6.0,18.0
1325,main_green,main_green,53,198.0,9.086085286586211,10,2,2,-4.0,4.0,6.0,18.0
1326,main_green,main_green,52,208.0,9.062564538653449,10,2,2,3.0,9.0,13.0,17.0
1327,main_green,main_green,53,219.0,8.90427163103482,12,2,2,3.0,9.0,13.0,17.0
1328,main_green,main_green,54,231.0,8.830948798498381,13,2,2,3.0,9.0,13.0,17.0
1329,main_green,main_green,54,244.0,9.005058693633023,13,2,2,3.0,9.0,13.0,17.0
1330,main_green,main_green,54,258.0,9.057034874253283,14,2,2,3.0,9.0,13.0,17.0
1331,main_green,main_green,53,272.0,9.12714280417934,14,2,2,3.0,9.0,13.0,17.0
1332,main_green,main_green,58,286.0,8.347784537394201,19,2,2,3.0,9.0,13.0,17.0
1333,main_green,main_green,59,300.0,8.449005467679008,15,2,2,3.0,9.0,13.0,17.0
1334,main_green,main_green,58,314.0,8.634950649171362,14,2,2,3.0,9.0,13.0,17.0
1335,main_green,main_green,58,328.0,8.833925014287956,14,2,2,3.0,9.0,13.0,17.0
1336,yellow_transition,yellow_transition,59,342.0,8.672815861066537,15,3,3,10.0,14.0,10.0,6.0
1337,yellow_transition,yellow_transition,58,356.0,8.58048480639343,14,3,3,10.0,14.0,10.0,6.0
1338,yellow_transition,yellow_transition,58,370.0,8.155768549072487,15,3,3,10.0,14.0,10.0,6.0
1339,main_green,side_green,57,216.0,8.033386871947524,10,2,0,10.0,14.0,10.0,6.0
1340,main_green,side_green,58,150.0,8.238299060613386,10,2,0,10.0,14.0,10.0,6.0
1341,main_green,side_green,58,157.0,8.589426157777481,8,2,0,10.0,14.0,10.0,6.0
1342,main_green,side_green,58,165.0,9.011923400680944,8,2,0,10.0,14.0,10.0,6.0
1343,main_green,side_green,59,173.0,9.201568364459895,9,2,0,10.0,14.0,10.0,6.0
1344,main_green,side_green,63,183.0,8.88722269842696,15,2,0,10.0,14.0,10.0,6.0
1345,main_green,side_green,62,193.0,9.235714139729511,10,2,0,10.0,14.0,10.0,6.0
1346,main_green,side_green,62,204.0,9.390873168099393,11,2,0,10.0,14.0,10.0,6.0
1347,main_green,side_green,60,215.0,9.358984274433938,11,2,0,10.0,14.0,10.0,6.0
1348,main_green,side_green,62,226.0,9.163685168782546,13,2,0,10.0,14.0,10.0,6.0
1349,yellow_transition,yellow_transition,61,238.0,9.071582745406888,12,3,1,12.0,6.0,-11.0,13.0
1350,yellow_transition,yellow_transition,61,251.0,8.942515492955923,13,3,1,12.0,6.0,-11.0,13.0
1351,yellow_transition,yellow_transition,59,265.0,8.763060505928294,14,3,1,12.0,6.0,-11.0,13.0
1352,side_green,main_green,60,75.0,8.694604175024422,7,0,2,12.0,6.0,-11.0,13.0
1353,side_green,main_green,60,5.0,8.662550799909816,4,0,2,12.0,6.0,-11.0,13.0
1354,side_green,main_green,60,3.0,9.15847638521914,2,0,2,12.0,6.0,-11.0,13.0
1355,side_green,main_green,60,5.0,9.550961291662661,2,0,2,12.0,6.0,-11.0,13.0
1356,side_green,main_green,64,8.0,9.20617885356788,8,0,2,12.0,6.0,-11.0,13.0
1357,side_green,main_green,61,12.0,9.68760760946495,4,0,2,12.0,6.0,-11.0,13.0
1358,side_green,main_green,59,16.0,10.14293757072873,5,0,2,12.0,6.0,-11.0,13.0
1359,side_green,main_green,58,20.0,10.558597889801794,4,0,2,12.0,6.0,-11.0,13.0
1360,side_green,main_green,55,24.0,10.519383925698522,5,0,2,12.0,6.0,-11.0,13.0
1361,side_green,main_green,54,29.0,10.519419742375256,5,0,2,12.0,6.0,-11.0,13.0
1362,yellow_transition,yellow_transition,53,34.0,10.58772998071316,5,1,3,-9.0,15.0,-4.0,4.0
1363,yellow_transition,yellow_transition,54,40.0,10.175736482184728,7,1,3,-9.0,15.0,-4.0,4.0
1364,yellow_transition,yellow_transition,54,47.0,9.772481778291633,8,1,3,-9.0,15.0,-4.0,4.0
1365,main_green,main_green,53,18.0,9.998049146496186,4,2,2,-9.0,15.0,-4.0,4.0
1366,main_green,main_green,53,19.0,10.34088062937981,3,2,2,-9.0,15.0,-4.0,4.0
1367,main_green,main_green,53,22.0,10.655960667668205,3,2,2,-9.0,15.0,-4.0,4.0
1368,main_green,main_green,57,25.0,10.259898253335722,8,2,2,-9.0,15.0,-4.0,4.0
1369,main_green,main_green,58,28.0,10.363679711055543,4,2,2,-9.0,15.0,-4.0,4.0
1370,main_green,main_green,54,31.0,10.69957977349836,3,2,2,-9.0,15.0,-4.0,4.0
1371,main_green,main_green,53,34.0,11.00378667786081,3,2,2,-9.0,15.0,-4.0,4.0
1372,main_green,main_green,52,37.0,11.059474899043197,4,2,2,-9.0,15.0,-4.0,4.0
1373,main_green,main_green,51,40.0,11.06629027341172,3,2,2,-9.0,15.0,-4.0,4.0
1374,main_green,main_green,51,43.0,10.764330805609992,4,2,2,-9.0,15.0,-4.0,4.0
1375,main_green,main_green,51,46.0,10.678170061817706,3,2,2,-3.0,15.0,-2.0,4.0
1376,main_green,main_green,52,50.0,10.404588822726838,5,2,2,-3.0,15.0,-2.0,4.0
1377,main_green,main_green,49,56.0,10.552259826594128,6,2,2,-3.0,15.0,-2.0,4.0
1378,main_green,main_green,47,63.0,10.455709916335154,7,2,2,-3.0,15.0,-2.0,4.0
1379,main_green,main_green,47,70.0,10.374578268289017,8,2,2,-3.0,15.0,-2.0,4.0
1380,main_green,main_green,51,77.0,9.461941450543545,12,2,2,-3.0,15.0,-2.0,4.0
1381,main_green,main_green,51,84.0,9.517095054620194,7,2,2,-3.0,15.0,-2.0,4.0
1382,main_green,main_green,49,91.0,9.849987459174141,7,2,2,-3.0,15.0,-2.0,4.0
1383,main_green,main_green,49,98.0,10.040926777506147,7,2,2,-3.0,15.0,-2.0,4.0
1384,main_green,main_green,51,105.0,9.899286939422362,9,2,2,-3.0,15.0,-2.0,4.0
1385,main_green,main_green,51,112.0,9.990065077310694,7,2,2,-1.0,9.0,10.0,18.0
1386,main_green,main_green,51,119.0,9.974168651676942,7,2,2,-1.0,9.0,10.0,18.0
1387,main_green,main_green,51,127.0,9.869562311225243,8,2,2,-1.0,9.0,10.0,18.0
1388,main_green,main_green,52,135.0,9.619135205529705,9,2,2,-1.0,9.0,10.0,18.0
1389,main_green,main_green,52,146.0,9.415157074917339,12,2,2,-1.0,9.0,10.0,18.0
1390,main_green,main_green,51,157.0,9.42006357135894,11,2,2,-1.0,9.0,10.0,18.0
1391,main_green,main_green,49,168.0,9.360928949658089,11,2,2,-1.0,9.0,10.0,18.0
1392,main_green,main_green,54,179.0,8.599740153177365,16,2,2,-1.0,9.0,10.0,18.0
1393,main_green,main_green,53,190.0,8.777933343075082,11,2,2,-1.0,9.0,10.0,18.0
1394,main_green,main_green,54,201.0,8.869197584616646,12,2,2,-1.0,9.0,10.0,18.0
1395,main_green,main_green,54,212.0,9.207604975061672,11,2,2,3.0,9.0,13.0,13.0
1396,main_green,main_green,54,223.0,8.925277928309793,12,2,2,3.0,9.0,13.0,13.0
1397,main_green,main_green,54,234.0,9.081033288487614,11,2,2,3.0,9.0,13.0,13.0
1398,main_green,main_green,54,245.0,9.001113897757648,11,2,2,3.0,9.0,13.0,13.0
1399,main_green,main_green,55,256.0,9.048012216970479,12,2,2,3.0,9.0,13.0,13.0
1400,main_green,main_green,56,268.0,8.819836876346491,13,2,2,3.0,9.0,13.0,13.0
1401,main_green,main_green,55,282.0,8.773227766710551,14,2,2,3.0,9.0,13.0,13.0
1402,main_green,main_green,55,297.0,8.983744285108084,15,2,2,3.0,9.0,13.0,13.0
1403,main_green,main_green,55,312.0,9.00658079923387,15,2,2,3.0,9.0,13.0,13.0
1404,main_green,main_green,60,327.0,8.284450425332116,20,2,2,3.0,9.0,13.0,13.0
1405,yellow_transition,yellow_transition,60,342.0,8.284112609090169,16,3,3,7.0,9.0,15.0,9.0
1406,yellow_transition,yellow_transition,60,357.0,8.330578552995393,15,3,3,7.0,9.0,15.0,9.0
1407,yellow_transition,yellow_transition,59,372.0,8.077861597711628,15,3,3,7.0,9.0,15.0,9.0
1408,main_green,side_green,60,210.0,8.115224475324261,12,2,0,7.0,9.0,15.0,9.0
1409,main_green,side_green,59,134.0,8.181434927904633,7,2,0,7.0,9.0,15.0,9.0
1410,main_green,side_green,59,131.0,8.225588750378693,8,2,0,7.0,9.0,15.0,9.0
1411,main_green,side_green,59,139.0,8.612319702876304,8,2,0,7.0,9.0,15.0,9.0
1412,main_green,side_green,59,149.0,8.82008831901386,11,2,0,7.0,9.0,15.0,9.0
1413,main_green,side_green,59,159.0,9.183766408335076,10,2,0,7.0,9.0,15.0,9.0
1414,main_green,side_green,56,170.0,9.29490201681898,11,2,0,7.0,9.0,15.0,9.0
1415,main_green,side_green,57,181.0,9.277130684568592,12,2,0,7.0,9.0,15.0,9.0
1416,main_green,side_green,61,192.0,8.589661051918297,16,2,0,7.0,9.0,15.0,9.0
1417,main_green,side_green,60,203.0,8.779300902297246,11,2,0,7.0,9.0,15.0,9.0
1418,yellow_transition,yellow_transition,60,216.0,8.945927200959057,13,3,1,11.0,1.0,-8.0,16.0
1419,yellow_transition,yellow_transition,60,229.0,8.994644127658072,13,3,1,11.0,1.0,-8.0,16.0
1420,yellow_transition,yellow_transition,61,242.0,8.55647004729406,15,3,1,11.0,1.0,-8.0,16.0
1421,side_green,main_green,61,63.0,8.646648300278475,5,0,2,11.0,1.0,-8.0,16.0
1422,side_green,main_green,60,0.0,8.876780924117863,0,0,2,11.0,1.0,-8.0,16.0
1423,side_green,main_green,59,0.0,9.199744601784522,0,0,2,11.0,1.0,-8.0,16.0
1424,side_green,main_green,59,1.0,9.298443576360869,2,0,2,11.0,1.0,-8.0,16.0
1425,side_green,main_green,60,4.0,9.683508354097361,4,0,2,11.0,1.0,-8.0,16.0
1426,side_green,main_green,58,7.0,10.18071633349614,3,0,2,11.0,1.0,-8.0,16.0
1427,side_green,main_green,55,10.0,10.506936892188008,3,0,2,11.0,1.0,-8.0,16.0
1428,side_green,main_green,58,14.0,9.906194036547568,9,0,2,11.0,1.0,-8.0,16.0
1429,side_green,main_green,56,18.0,10.316115542434195,4,0,2,11.0,1.0,-8.0,16.0
1430,side_green,main_green,55,23.0,10.364630473638382,6,0,2,11.0,1.0,-8.0,16.0
1431,yellow_transition,yellow_transition,54,28.0,10.566882293918281,5,1,3,-9.0,13.0,-1.0,5.0
1432,yellow_transition,yellow_transition,54,33.0,10.34318375808203,6,1,3,-9.0,13.0,-1.0,5.0
1433,yellow_transition,yellow_transition,53,38.0,10.124865122521937,5,1,3,-9.0,13.0,-1.0,5.0
1434,main_green,main_green,53,20.0,10.10218597937554,2,2,2,-9.0,13.0,-1.0,5.0
1435,main_green,main_green,54,22.0,10.005160743655274,3,2,2,-9.0,13.0,-1.0,5.0
1436,main_green,main_green,55,25.0,9.856680628248194,4,2,2,-9.0,13.0,-1.0,5.0
1437,main_green,main_green,55,30.0,10.09480537184032,5,2,2,-9.0,13.0,-1.0,5.0
1438,main_green,main_green,55,36.0,10.484835427560235,6,2,2,-9.0,13.0,-1.0,5.0
1439,main_green,main_green,52,42.0,10.558009963797803,6,2,2,-9.0,13.0,-1.0,5.0
1440,main_green,main_green,54,48.0,9.732169289996486,11,2,2,-9.0,13.0,-1.0,5.0
1441,main_green,main_green,54,54.0,9.70191329703024,7,2,2,-9.0,13.0,-1.0,5.0
1442,main_green,main_green,52,60.0,9.893242322303676,6,2,2,-9.0,13.0,-1.0,5.0
1443,main_green,main_green,51,66.0,10.10087314142428,6,2,2,-9.0,13.0,-1.0,5.0
1444,main_green,main_green,52,72.0,10.079799870787525,7,2,2,4.0,22.0,-1.0,3.0
1445,main_green,main_green,51,78.0,10.057612331010287,6,2,2,4.0,22.0,-1.0,3.0
1446,main_green,main_green,51,84.0,9.698309052129863,7,2,2,4.0,22.0,-1.0,3.0
1447,main_green,main_green,50,92.0,9.64891450512794,8,2,2,4.0,22.0,-1.0,3.0
1448,main_green,main_green,51,100.0,9.557695345569309,9,2,2,4.0,22.0,-1.0,3.0
1449,main_green,main_green,50,110.0,9.623344972128658,10,2,2,4.0,22.0,-1.0,3.0
1450,main_green,main_green,50,120.0,9.706047057816745,10,2,2,4.0,22.0,-1.0,3.0
1451,main_green,main_green,49,130.0,9.575101809705455,11,2,2,4.0,22.0,-1.0,3.0
1452,main_green,main_green,54,140.0,8.717618188986329,15,2,2,4.0,22.0,-1.0,3.0
1453,main_green,main_green,53,150.0,8.94740634229565,10,2,2,4.0,22.0,-1.0,3.0
1454,main_green,main_green,53,160.0,9.177284085763578,10,2,2,3.0,7.0,12.0,18.0
1455,main_green,main_green,53,170.0,9.459930982876854,10,2,2,3.0,7.0,12.0,18.0
1456,main_green,main_green,55,180.0,9.2639468482159,12,2,2,3.0,7.0,12.0,18.0
1457,main_green,main_green,55,190.0,9.441288651260033,10,2,2,3.0,7.0,12.0,18.0
1458,main_green,main_green,55,200.0,9.475218112230854,10,2,2,3.0,7.0,12.0,18.0
1459,main_green,main_green,54,210.0,9.33526840235907,10,2,2,3.0,7.0,12.0,18.0
1460,main_green,main_green,55,221.0,9.053617465423706,12,2,2,3.0,7.0,12.0,18.0
1461,main_green,main_green,55,235.0,8.828640492632273,15,2,2,3.0,7.0,12.0,18.0
1462,main_green,main_green,55,249.0,9.071039475581122,14,2,2,3.0,7.0,12.0,18.0
1463,main_green,main_green,54,263.0,9.054907351222132,14,2,2,3.0,7.0,12.0,18.0
1464,main_green,main_green,58,277.0,8.240960546061487,19,2,2,2.0,8.0,10.0,14.0
1465,main_green,main_green,58,291.0,8.38277857667615,14,2,2,2.0,8.0,10.0,14.0
1466,main_green,main_green,59,305.0,8.611087621144177,15,2,2,2.0,8.0,10.0,14.0
1467,main_green,main_green,58,319.0,8.720284714263213,14,2,2,2.0,8.0,10.0,14.0
1468,main_green,main_green,59,333.0,8.54875221903206,15,2,2,2.0,8.0,10.0,14.0
1469,main_green,main_green,59,347.0,8.530094725173928,14,2,2,2.0,8.0,10.0,14.0
1470,main_green,main_green,58,361.0,8.584197272305891,14,2,2,2.0,8.0,10.0,14.0
1471,main_green,main_green,59,376.0,8.368040706563892,16,2,2,2.0,8.0,10.0,14.0
1472,main_green,main_green,59,393.0,8.29731583408808,18,2,2,2.0,8.0,10.0,14.0
1473,main_green,main_green,59,411.0,8.41117534837243,18,2,2,2.0,8.0,10.0,14.0
1474,yellow_transition,yellow_transition,59,429.0,8.550134450689272,18,3,3,7.0,9.0,14.0,12.0
1475,yellow_transition,yellow_transition,58,447.0,8.404887622125012,18,3,3,7.0,9.0,14.0,12.0
1476,yellow_transition,yellow_transition,63,465.0,7.661091703497865,23,3,3,7.0,9.0,14.0,12.0
1477,main_green,side_green,63,294.0,7.716397894214688,15,2,0,7.0,9.0,14.0,12.0
1478,main_green,side_green,62,208.0,8.137804894363496,11,2,0,7.0,9.0,14.0,12.0
1479,main_green,side_green,61,202.0,8.365738561302287,9,2,0,7.0,9.0,14.0,12.0
1480,main_green,side_green,62,211.0,8.406472745129907,10,2,0,7.0,9.0,14.0,12.0
1481,main_green,side_green,61,221.0,8.754095769529053,10,2,0,7.0,9.0,14.0,12.0
1482,main_green,side_green,60,231.0,8.793409323747502,11,2,0,7.0,9.0,14.0,12.0
1483,main_green,side_green,60,242.0,9.091677859082743,11,2,0,7.0,9.0,14.0,12.0
1484,main_green,side_green,60,255.0,9.004385603731407,14,2,0,7.0,9.0,14.0,12.0
1485,main_green,side_green,60,268.0,9.115639615324831,13,2,0,7.0,9.0,14.0,12.0
1486,main_green,side_green,59,281.0,9.128855682767403,13,2,0,7.0,9.0,14.0,12.0
1487,yellow_transition,yellow_transition,60,296.0,8.91955443603834,16,3,1,11.0,3.0,-14.0,12.0
1488,yellow_transition,yellow_transition,65,311.0,8.124018389971084,20,3,1,11.0,3.0,-14.0,12.0
1489,yellow_transition,yellow_transition,65,326.0,8.31393982406527,15,3,1,11.0,3.0,-14.0,12.0
1490,side_green,main_green,65,116.0,8.499369595254132,7,0,2,11.0,3.0,-14.0,12.0
1491,side_green,main_green,65,17.0,8.780065185331365,2,0,2,11.0,3.0,-14.0,12.0
1492,side_green,main_green,64,2.0,8.687897705595773,4,0,2,11.0,3.0,-14.0,12.0
1493,side_green,main_green,64,4.0,9.330597134415788,2,0,2,11.0,3.0,-14.0,12.0
1494,side_green,main_green,64,6.0,9.825513899027321,2,0,2,11.0,3.0,-14.0,12.0
1495,side_green,main_green,62,8.0,10.174692427839734,2,0,2,11.0,3.0,-14.0,12.0
1496,side_green,main_green,61,12.0,10.396430308191666,5,0,2,11.0,3.0,-14.0,12.0
1497,side_green,main_green,60,16.0,10.509314054172599,5,0,2,11.0,3.0,-14.0,12.0
1498,side_green,main_green,57,21.0,10.517636668875141,5,0,2,11.0,3.0,-14.0,12.0
1499,side_green,main_green,56,28.0,10.6632200958289,7,0,2,11.0,3.0,-14.0,12.0
1500,yellow_transition,yellow_transition,57,35.0,9.745138935671493,12,1,3,-13.0,15.0,-10.0,-2.0
1501,yellow_transition,yellow_transition,54,42.0,9.73765607371963,7,1,3,-13.0,15.0,-10.0,-2.0
1502,yellow_transition,yellow_transition,55,49.0,9.727878597147168,8,1,3,-13.0,15.0,-10.0,-2.0
1503,main_green,main_green,55,20.0,9.888886141548191,4,2,2,-13.0,15.0,-10.0,-2.0
1504,main_green,main_green,56,16.0,9.910321070565614,3,2,2,-13.0,15.0,-10.0,-2.0
1505,main_green,main_green,56,18.0,9.950387254299658,2,2,2,-13.0,15.0,-10.0,-2.0
1506,main_green,main_green,55,20.0,10.15149787579221,2,2,2,-13.0,15.0,-10.0,-2.0
1507,main_green,main_green,56,23.0,10.17433100392806,4,2,2,-13.0,15.0,-10.0,-2.0
1508,main_green,main_green,56,28.0,10.236102357311543,6,2,2,-13.0,15.0,-10.0,-2.0
1509,main_green,main_green,54,34.0,10.466161542136163,6,2,2,-13.0,15.0,-10.0,-2.0
1510,main_green,main_green,54,40.0,10.713633113800892,6,2,2,-13.0,15.0,-10.0,-2.0
1511,main_green,main_green,51,46.0,10.702702206709125,6,2,2,-13.0,15.0,-10.0,-2.0
1512,main_green,main_green,56,52.0,9.990231134896533,11,2,2,-13.0,15.0,-10.0,-2.0
1513,main_green,main_green,53,58.0,9.982139334158495,7,2,2,-2.0,14.0,0.0,6.0
1514,main_green,main_green,52,64.0,10.06208286691657,6,2,2,-2.0,14.0,0.0,6.0
1515,main_green,main_green,51,70.0,10.330040049402607,6,2,2,-2.0,14.0,0.0,6.0
1516,main_green,main_green,50,76.0,10.105766124864239,7,2,2,-2.0,14.0,0.0,6.0
1517,main_green,main_green,50,82.0,10.175166065968513,6,2,2,-2.0,14.0,0.0,6.0
1518,main_green,main_green,49,88.0,9.690162765570273,7,2,2,-2.0,14.0,0.0,6.0
1519,main_green,main_green,49,95.0,9.749313435016251,7,2,2,-2.0,14.0,0.0,6.0
1520,main_green,main_green,50,102.0,9.5136453235859,8,2,2,-2.0,14.0,0.0,6.0
1521,main_green,main_green,50,110.0,9.577461326919398,8,2,2,-2.0,14.0,0.0,6.0
1522,main_green,main_green,49,120.0,9.608116599034268,10,2,2,-2.0,14.0,0.0,6.0
1523,main_green,main_green,50,130.0,9.614230353486047,11,2,2,-3.0,5.0,8.0,18.0
1524,main_green,main_green,54,140.0,8.768283447516355,15,2,2,-3.0,5.0,8.0,18.0
1525,main_green,main_green,54,150.0,9.054777211074313,10,2,2,-3.0,5.0,8.0,18.0
1526,main_green,main_green,54,160.0,9.340223218278311,10,2,2,-3.0,5.0,8.0,18.0
1527,main_green,main_green,54,170.0,9.48256200964862,10,2,2,-3.0,5.0,8.0,18.0
1528,main_green,main_green,56,180.0,9.166748162261127,12,2,2,-3.0,5.0,8.0,18.0
1529,main_green,main_green,55,190.0,9.154917637819025,10,2,2,-3.0,5.0,8.0,18.0
1530,main_green,main_green,54,200.0,9.157905692518197,10,2,2,-3.0,5.0,8.0,18.0
1531,main_green,main_green,52,211.0,8.961510247540524,11,2,2,-3.0,5.0,8.0,18.0
1532,main_green,main_green,53,223.0,8.823907144115312,13,2,2,-3.0,5.0,8.0,18.0
1533,main_green,main_green,53,237.0,8.674066111896247,15,2,2,4.0,10.0,11.0,11.0
1534,main_green,main_green,53,251.0,8.865082856166946,14,2,2,4.0,10.0,11.0,11.0
1535,main_green,main_green,53,265.0,8.995862876640349,14,2,2,4.0,10.0,11.0,11.0
1536,main_green,main_green,58,279.0,8.256343001324868,19,2,2,4.0,10.0,11.0,11.0
1537,main_green,main_green,58,293.0,8.556367917920406,14,2,2,4.0,10.0,11.0,11.0
1538,main_green,main_green,59,307.0,8.547942440362679,15,2,2,4.0,10.0,11.0,11.0
1539,main_green,main_green,58,321.0,8.74293532456206,14,2,2,4.0,10.0,11.0,11.0
1540,main_green,main_green,59,335.0,8.583151536318068,15,2,2,4.0,10.0,11.0,11.0
1541,main_green,main_green,59,349.0,8.714774455939656,14,2,2,4.0,10.0,11.0,11.0
1542,main_green,main_green,59,364.0,8.695068629137472,15,2,2,4.0,10.0,11.0,11.0
1543,yellow_transition,yellow_transition,59,379.0,8.404799864396766,16,3,3,8.0,8.0,12.0,8.0
1544,yellow_transition,yellow_transition,59,396.0,8.206858549829754,18,3,3,8.0,8.0,12.0,8.0
1545,yellow_transition,yellow_transition,59,413.0,8.134603728647782,17,3,3,8.0,8.0,12.0,8.0
1546,main_green,side_green,59,253.0,8.463252454701017,14,2,0,8.0,8.0,12.0,8.0
1547,main_green,side_green,59,180.0,8.86815648603155,10,2,0,8.0,8.0,12.0,8.0
1548,main_green,side_green,62,178.0,8.274237366636395,13,2,0,8.0,8.0,12.0,8.0
1549,main_green,side_green,63,186.0,8.58960838298827,9,2,0,8.0,8.0,12.0,8.0
1550,main_green,side_green,63,195.0,8.950436900482103,9,2,0,8.0,8.0,12.0,8.0
1551,main_green,side_green,63,204.0,9.336678397351239,9,2,0,8.0,8.0,12.0,8.0
1552,main_green,side_green,64,213.0,9.407629364699574,10,2,0,8.0,8.0,12.0,8.0
1553,main_green,side_green,63,223.0,9.547723931253653,10,2,0,8.0,8.0,12.0,8.0
1554,main_green,side_green,62,233.0,9.355969377931228,11,2,0,8.0,8.0,12.0,8.0
1555,main_green,side_green,60,244.0,9.451411702051223,11,2,0,8.0,8.0,12.0,8.0
1556,yellow_transition,yellow_transition,61,258.0,9.403796709712886,15,3,1,11.0,3.0,-15.0,11.0
1557,yellow_transition,yellow_transition,60,272.0,9.141679604478163,14,3,1,11.0,3.0,-15.0,11.0
1558,yellow_transition,yellow_transition,60,287.0,9.027036822502314,15,3,1,11.0,3.0,-15.0,11.0
1559,side_green,main_green,58,97.0,8.969190818627297,8,0,2,11.0,3.0,-15.0,11.0
1560,side_green,main_green,63,14.0,8.713543915291691,8,0,2,11.0,3.0,-15.0,11.0
1561,side_green,main_green,62,4.0,9.242474267953071,1,0,2,11.0,3.0,-15.0,11.0
1562,side_green,main_green,61,5.0,9.74315178539188,1,0,2,11.0,3.0,-15.0,11.0
1563,side_green,main_green,61,6.0,10.30704951016383,1,0,2,11.0,3.0,-15.0,11.0
1564,side_green,main_green,61,7.0,10.42202443104477,3,0,2,11.0,3.0,-15.0,11.0
1565,side_green,main_green,59,9.0,10.732030008036011,2,0,2,11.0,3.0,-15.0,11.0
1566,side_green,main_green,58,11.0,10.990513175080649,2,0,2,11.0,3.0,-15.0,11.0
1567,side_green,main_green,55,13.0,10.932944385336361,2,0,2,11.0,3.0,-15.0,11.0
1568,side_green,main_green,55,16.0,10.811234916245986,4,0,2,11.0,3.0,-15.0,11.0
1569,yellow_transition,yellow_transition,55,22.0,10.582824844276606,7,1,3,-15.0,13.0,-7.0,-1.0
1570,yellow_transition,yellow_transition,51,28.0,10.418028294425838,6,1,3,-15.0,13.0,-7.0,-1.0
1571,yellow_transition,yellow_transition,51,35.0,10.354075075041298,7,1,3,-15.0,13.0,-7.0,-1.0
1572,main_green,main_green,56,13.0,9.594936720114708,8,2,2,-15.0,13.0,-7.0,-1.0
1573,main_green,main_green,55,11.0,9.965809016774527,2,2,2,-15.0,13.0,-7.0,-1.0
1574,main_green,main_green,56,13.0,10.190146074626853,3,2,2,-15.0,13.0,-7.0,-1.0
1575,main_green,main_green,56,15.0,10.572593135312474,2,2,2,-15.0,13.0,-7.0,-1.0
1576,main_green,main_green,57,17.0,10.68218071123502,3,2,2,-15.0,13.0,-7.0,-1.0
1577,main_green,main_green,57,19.0,11.109984294876769,2,2,2,-15.0,13.0,-7.0,-1.0
1578,main_green,main_green,53,21.0,11.170247674334005,2,2,2,-15.0,13.0,-7.0,-1.0
1579,main_green,main_green,51,23.0,10.920123449486603,3,2,2,-15.0,13.0,-7.0,-1.0
1580,main_green,main_green,49,25.0,10.587950249186285,3,2,2,-15.0,13.0,-7.0,-1.0
1581,main_green,main_green,49,29.0,10.677427830340871,4,2,2,-15.0,13.0,-7.0,-1.0
1582,main_green,main_green,47,35.0,10.63169082254208,6,2,2,-4.0,14.0,-3.0,7.0
1583,main_green,main_green,45,41.0,10.661332515628201,6,2,2,-4.0,14.0,-3.0,7.0
1584,main_green,main_green,49,47.0,9.591628836871665,11,2,2,-4.0,14.0,-3.0,7.0
1585,main_green,main_green,49,53.0,9.688266067941496,7,2,2,-4.0,14.0,-3.0,7.0
1586,main_green,main_green,49,59.0,9.922770580380472,6,2,2,-4.0,14.0,-3.0,7.0
1587,main_green,main_green,48,65.0,10.12778374537425,6,2,2,-4.0,14.0,-3.0,7.0
1588,main_green,main_green,48,71.0,9.976006601360432,7,2,2,-4.0,14.0,-3.0,7.0
1589,main_green,main_green,48,77.0,9.966342666878584,6,2,2,-4.0,14.0,-3.0,7.0
1590,main_green,main_green,49,83.0,9.908061375601974,7,2,2,-4.0,14.0,-3.0,7.0
1591,main_green,main_green,49,89.0,10.031874543907456,6,2,2,-4.0,14.0,-3.0,7.0
1592,main_green,main_green,49,97.0,9.68200533963224,9,2,2,-3.0,5.0,8.0,20.0
1593,main_green,main_green,49,105.0,9.670915815342523,8,2,2,-3.0,5.0,8.0,20.0
1594,main_green,main_green,49,114.0,9.789988219839227,9,2,2,-3.0,5.0,8.0,20.0
1595,main_green,main_green,50,124.0,9.817834519037028,11,2,2,-3.0,5.0,8.0,20.0
1596,main_green,main_green,54,134.0,8.862489755916293,15,2,2,-3.0,5.0,8.0,20.0
1597,main_green,main_green,54,144.0,9.121640420317497,10,2,2,-3.0,5.0,8.0,20.0
1598,main_green,main_green,53,154.0,9.394595525992418,10,2,2,-3.0,5.0,8.0,20.0
1599,main_green,main_green,52,164.0,9.653210649944622,10,2,2,-3.0,5.0,8.0,20.0
1600,main_green,main_green,53,174.0,9.172144278191547,12,2,2,-3.0,5.0,8.0,20.0
1601,main_green,main_green,53,184.0,9.36154729258035,10,2,2,-3.0,5.0,8.0,20.0
1602,main_green,main_green,52,194.0,9.222446024983666,10,2,2,2.0,6.0,14.0,18.0
1603,main_green,main_green,52,204.0,9.218237395676205,10,2,2,2.0,6.0,14.0,18.0
1604,main_green,main_green,53,215.0,8.952496260516524,12,2,2,2.0,6.0,14.0,18.0
1605,main_green,main_green,54,228.0,8.922540751714097,14,2,2,2.0,6.0,14.0,18.0
1606,main_green,main_green,54,242.0,8.998250674986972,14,2,2,2.0,6.0,14.0,18.0
1607,main_green,main_green,54,256.0,9.092202007746478,14,2,2,2.0,6.0,14.0,18.0
1608,main_green,main_green,59,270.0,8.388242681957815,19,2,2,2.0,6.0,14.0,18.0
1609,main_green,main_green,58,284.0,8.616961936825877,14,2,2,2.0,6.0,14.0,18.0
1610,main_green,main_green,58,298.0,8.566192920787268,15,2,2,2.0,6.0,14.0,18.0
1611,main_green,main_green,58,312.0,8.872160184493666,14,2,2,2.0,6.0,14.0,18.0
1612,yellow_transition,yellow_transition,57,326.0,8.508314668392677,15,3,3,8.0,10.0,11.0,9.0
1613,yellow_transition,yellow_transition,57,340.0,8.612308841612647,14,3,3,8.0,10.0,11.0,9.0
1614,yellow_transition,yellow_transition,56,354.0,8.346439978723655,14,3,3,8.0,10.0,11.0,9.0
1615,main_green,side_green,57,206.0,8.279858697240263,13,2,0,8.0,10.0,11.0,9.0
1616,main_green,side_green,58,144.0,8.361129430663524,9,2,0,8.0,10.0,11.0,9.0
1617,main_green,side_green,58,148.0,8.74657224454604,8,2,0,8.0,10.0,11.0,9.0
1618,main_green,side_green,58,157.0,9.238453496838638,9,2,0,8.0,10.0,11.0,9.0
1619,main_green,side_green,58,166.0,9.58004347128126,9,2,0,8.0,10.0,11.0,9.0
1620,main_green,side_green,61,175.0,8.837202460044717,14,2,0,8.0,10.0,11.0,9.0
1621,main_green,side_green,62,184.0,8.979569213679191,10,2,0,8.0,10.0,11.0,9.0
1622,main_green,side_green,62,193.0,9.263116646265225,9,2,0,8.0,10.0,11.0,9.0
1623,main_green,side_green,62,203.0,9.410941672534936,10,2,0,8.0,10.0,11.0,9.0
1624,main_green,side_green,61,214.0,9.25514956170288,12,2,0,8.0,10.0,11.0,9.0
1625,yellow_transition,yellow_transition,60,226.0,9.180907007976423,12,3,1,12.0,8.0,-11.0,11.0
1626,yellow_transition,yellow_transition,60,239.0,8.792806776368574,14,3,1,12.0,8.0,-11.0,11.0
1627,yellow_transition,yellow_transition,59,253.0,8.56175090491789,14,3,1,12.0,8.0,-11.0,11.0
1628,side_green,main_green,58,78.0,8.243708431409162,8,0,2,12.0,8.0,-11.0,11.0
1629,side_green,main_green,58,9.0,8.570415892555095,4,0,2,12.0,8.0,-11.0,11.0
1630,side_green,main_green,57,8.0,8.845994989976697,3,0,2,12.0,8.0,-11.0,11.0
1631,side_green,main_green,57,12.0,9.005391359941388,5,0,2,12.0,8.0,-11.0,11.0
1632,side_green,main_green,62,16.0,8.896548658238133,9,0,2,12.0,8.0,-11.0,11.0
1633,side_green,main_green,60,20.0,9.46583037595835,4,0,2,12.0,8.0,-11.0,11.0
1634,side_green,main_green,58,24.0,10.056155828981735,4,0,2,12.0,8.0,-11.0,11.0
1635,side_green,main_green,56,28.0,10.465178061642801,4,0,2,12.0,8.0,-11.0,11.0
1636,side_green,main_green,54,33.0,10.108406508457314,7,0,2,12.0,8.0,-11.0,11.0
1637,side_green,main_green,54,38.0,10.36389579882133,5,0,2,12.0,8.0,-11.0,11.0
1638,yellow_transition,yellow_transition,54,43.0,10.406999663475217,5,1,3,-8.0,22.0,-9.0,-1.0
1639,yellow_transition,yellow_transition,52,49.0,10.236170917085236,6,1,3,-8.0,22.0,-9.0,-1.0
1640,yellow_transition,yellow_transition,53,55.0,9.636517491496992,7,1,3,-8.0,22.0,-9.0,-1.0
1641,main_green,main_green,52,9.0,9.339741688312449,3,2,2,-8.0,22.0,-9.0,-1.0
1642,main_green,main_green,52,1.0,9.720548227677243,1,2,2,-8.0,22.0,-9.0,-1.0
1643,main_green,main_green,52,2.0,10.107851945361553,1,2,2,-8.0,22.0,-9.0,-1.0
1644,main_green,main_green,57,5.0,9.443095500792527,8,2,2,-8.0,22.0,-9.0,-1.0
1645,main_green,main_green,57,8.0,9.926769555357346,3,2,2,-8.0,22.0,-9.0,-1.0
1646,main_green,main_green,57,11.0,10.266962767189728,4,2,2,-8.0,22.0,-9.0,-1.0
1647,main_green,main_green,56,14.0,10.719220045840586,3,2,2,-8.0,22.0,-9.0,-1.0
1648,main_green,main_green,55,17.0,10.53774199570806,4,2,2,-8.0,22.0,-9.0,-1.0
1649,main_green,main_green,53,20.0,10.640502535815438,3,2,2,-8.0,22.0,-9.0,-1.0
1650,main_green,main_green,51,23.0,10.701372594220413,3,2,2,-8.0,22.0,-9.0,-1.0
1651,main_green,main_green,50,26.0,10.372220857547292,4,2,2,-3.0,13.0,-3.0,7.0
1652,main_green,main_green,51,31.0,10.216889559860867,6,2,2,-3.0,13.0,-3.0,7.0
1653,main_green,main_green,50,37.0,10.303148888818448,6,2,2,-3.0,13.0,-3.0,7.0
1654,main_green,main_green,49,44.0,10.34097744138545,7,2,2,-3.0,13.0,-3.0,7.0
1655,main_green,main_green,48,51.0,10.387117245280873,7,2,2,-3.0,13.0,-3.0,7.0
1656,main_green,main_green,52,58.0,9.44510988245023,12,2,2,-3.0,13.0,-3.0,7.0
1657,main_green,main_green,52,65.0,9.468332943335295,8,2,2,-3.0,13.0,-3.0,7.0
1658,main_green,main_green,51,72.0,9.727037647785377,7,2,2,-3.0,13.0,-3.0,7.0
1659,main_green,main_green,50,79.0,9.915277353732657,7,2,2,-3.0,13.0,-3.0,7.0
1660,main_green,main_green,51,86.0,9.85361329912087,8,2,2,-3.0,13.0,-3.0,7.0
1661,main_green,main_green,51,93.0,9.808064026664413,7,2,2,-2.0,6.0,9.0,21.0
1662,main_green,main_green,52,100.0,9.542730034594463,8,2,2,-2.0,6.0,9.0,21.0
1663,main_green,main_green,52,107.0,9.692563853046602,7,2,2,-2.0,6.0,9.0,21.0
1664,main_green,main_green,53,118.0,9.559285871315506,12,2,2,-2.0,6.0,9.0,21.0
1665,main_green,main_green,53,129.0,9.604197114574642,11,2,2,-2.0,6.0,9.0,21.0
1666,main_green,main_green,53,140.0,9.716234116906218,11,2,2,-2.0,6.0,9.0,21.0
1667,main_green,main_green,51,151.0,9.392963018664009,12,2,2,-2.0,6.0,9.0,21.0
1668,main_green,main_green,56,162.0,8.689416348981258,16,2,2,-2.0,6.0,9.0,21.0
1669,main_green,main_green,55,173.0,8.895533118969247,11,2,2,-2.0,6.0,9.0,21.0
1670,main_green,main_green,53,184.0,9.01359805077847,11,2,2,-2.0,6.0,9.0,21.0
1671,main_green,main_green,53,195.0,9.066596799811512,11,2,2,3.0,3.0,14.0,20.0
1672,main_green,main_green,55,206.0,8.863144617215356,13,2,2,3.0,3.0,14.0,20.0
1673,main_green,main_green,55,217.0,8.889616260070527,11,2,2,3.0,3.0,14.0,20.0
1674,main_green,main_green,55,228.0,8.809533689869076,11,2,2,3.0,3.0,14.0,20.0
1675,main_green,main_green,55,240.0,8.90068180389864,12,2,2,3.0,3.0,14.0,20.0
1676,main_green,main_green,56,255.0,8.74090986219792,16,2,2,3.0,3.0,14.0,20.0
1677,main_green,main_green,56,270.0,8.580432349106013,16,2,2,3.0,3.0,14.0,20.0
1678,main_green,main_green,55,285.0,8.628785114847743,15,2,2,3.0,3.0,14.0,20.0
1679,main_green,main_green,54,300.0,8.67228098805348,15,2,2,3.0,3.0,14.0,20.0
1680,main_green,main_green,59,315.0,8.085831469468184,20,2,2,3.0,3.0,14.0,20.0
1681,yellow_transition,yellow_transition,58,330.0,8.14026932569503,15,3,3,11.0,13.0,11.0,9.0
1682,yellow_transition,yellow_transition,59,345.0,8.101484079764901,16,3,3,11.0,13.0,11.0,9.0
1683,yellow_transition,yellow_transition,59,360.0,8.144120804526613,15,3,3,11.0,13.0,11.0,9.0
1684,main_green,side_green,60,227.0,8.183879453767021,12,2,0,11.0,13.0,11.0,9.0
1685,main_green,side_green,60,175.0,8.517272905186982,8,2,0,11.0,13.0,11.0,9.0
1686,main_green,side_green,59,183.0,8.577028515289621,8,2,0,11.0,13.0,11.0,9.0
1687,main_green,side_green,60,191.0,8.91563314502563,9,2,0,11.0,13.0,11.0,9.0
1688,main_green,side_green,60,201.0,9.039375263764478,11,2,0,11.0,13.0,11.0,9.0
1689,main_green,side_green,60,211.0,9.427265801333956,10,2,0,11.0,13.0,11.0,9.0
1690,main_green,side_green,59,221.0,9.590932478797527,10,2,0,11.0,13.0,11.0,9.0
1691,main_green,side_green,59,231.0,9.661924977525223,10,2,0,11.0,13.0,11.0,9.0
1692,main_green,side_green,61,242.0,8.700356298116144,16,2,0,11.0,13.0,11.0,9.0
1693,main_green,side_green,62,253.0,8.639547934002595,12,2,0,11.0,13.0,11.0,9.0
1694,yellow_transition,yellow_transition,61,265.0,8.580525218916815,12,3,1,15.0,9.0,-11.0,13.0
1695,yellow_transition,yellow_transition,61,278.0,8.539971754889915,13,3,1,15.0,9.0,-11.0,13.0
1696,yellow_transition,yellow_transition,62,291.0,8.108414737295703,14,3,1,15.0,9.0,-11.0,13.0
1697,side_green,main_green,61,104.0,7.876564293432042,7,0,2,15.0,9.0,-11.0,13.0
1698,side_green,main_green,61,12.0,7.842418693514212,3,0,2,15.0,9.0,-11.0,13.0
1699,side_green,main_green,61,3.0,8.244872791317974,2,0,2,15.0,9.0,-11.0,13.0
1700,side_green,main_green,61,8.0,8.718135928939672,6,0,2,15.0,9.0,-11.0,13.0
1701,side_green,main_green,61,14.0,9.296535383256101,6,0,2,15.0,9.0,-11.0,13.0
1702,side_green,main_green,58,21.0,9.579349570901805,7,0,2,15.0,9.0,-11.0,13.0
1703,side_green,main_green,59,28.0,9.68070543327436,8,0,2,15.0,9.0,-11.0,13.0
1704,side_green,main_green,62,35.0,9.129881248619009,12,0,2,15.0,9.0,-11.0,13.0
1705,side_green,main_green,59,43.0,9.405066208834684,8,0,2,15.0,9.0,-11.0,13.0
1706,side_green,main_green,56,51.0,9.593829332755302,8,0,2,15.0,9.0,-11.0,13.0
1707,yellow_transition,yellow_transition,54,59.0,9.563799173208354,8,1,3,-7.0,21.0,-4.0,0.0
1708,yellow_transition,yellow_transition,55,67.0,9.155841103531259,10,1,3,-7.0,21.0,-4.0,0.0
1709,yellow_transition,yellow_transition,54,75.0,8.882514576445235,8,1,3,-7.0,21.0,-4.0,0.0
1710,main_green,main_green,54,38.0,9.174000906135202,5,2,2,-7.0,21.0,-4.0,0.0
1711,main_green,main_green,54,25.0,9.228346666000625,3,2,2,-7.0,21.0,-4.0,0.0
1712,main_green,main_green,55,29.0,9.310968787947518,5,2,2,-7.0,21.0,-4.0,0.0
1713,main_green,main_green,56,34.0,9.481521066159866,6,2,2,-7.0,21.0,-4.0,0.0
1714,main_green,main_green,56,40.0,9.803422582899188,6,2,2,-7.0,21.0,-4.0,0.0
1715,main_green,main_green,54,46.0,10.120479108280737,6,2,2,-7.0,21.0,-4.0,0.0
1716,main_green,main_green,58,52.0,9.46529858313191,11,2,2,-7.0,21.0,-4.0,0.0
1717,main_green,main_green,56,58.0,9.69327491376552,6,2,2,-7.0,21.0,-4.0,0.0
1718,main_green,main_green,56,64.0,9.805684916165843,7,2,2,-7.0,21.0,-4.0,0.0
1719,main_green,main_green,53,70.0,10.019615577501813,6,2,2,-7.0,21.0,-4.0,0.0
1720,main_green,main_green,54,76.0,10.062727054152663,7,2,2,1.0,15.0,1.0,7.0
1721,main_green,main_green,53,82.0,10.027341734739524,6,2,2,1.0,15.0,1.0,7.0
1722,main_green,main_green,52,88.0,9.977149426383328,6,2,2,1.0,15.0,1.0,7.0
1723,main_green,main_green,52,94.0,9.585355983305185,7,2,2,1.0,15.0,1.0,7.0
1724,main_green,main_green,53,102.0,9.508773960430542,9,2,2,1.0,15.0,1.0,7.0
1725,main_green,main_green,52,112.0,9.686011589723368,10,2,2,1.0,15.0,1.0,7.0
1726,main_green,main_green,51,122.0,9.689901029532553,10,2,2,1.0,15.0,1.0,7.0
1727,main_green,main_green,51,132.0,9.621959412459816,10,2,2,1.0,15.0,1.0,7.0
1728,main_green,main_green,55,142.0,8.808129808413678,15,2,2,1.0,15.0,1.0,7.0
1729,main_green,main_green,56,152.0,8.923974948539254,11,2,2,1.0,15.0,1.0,7.0
1730,main_green,main_green,56,162.0,9.18838061562022,10,2,2,-1.0,5.0,12.0,20.0
1731,main_green,main_green,55,172.0,9.398862888948807,10,2,2,-1.0,5.0,12.0,20.0
1732,main_green,main_green,56,182.0,9.299698678582947,11,2,2,-1.0,5.0,12.0,20.0
1733,main_green,main_green,56,192.0,9.384979015859212,10,2,2,-1.0,5.0,12.0,20.0
1734,main_green,main_green,57,202.0,9.172669990334821,11,2,2,-1.0,5.0,12.0,20.0
1735,main_green,main_green,57,213.0,9.111987890220103,11,2,2,-1.0,5.0,12.0,20.0
1736,main_green,main_green,57,224.0,8.95523131245934,12,2,2,-1.0,5.0,12.0,20.0
1737,main_green,main_green,56,238.0,9.057426795308755,14,2,2,-1.0,5.0,12.0,20.0
1738,main_green,main_green,54,252.0,8.946584703133928,14,2,2,-1.0,5.0,12.0,20.0
1739,main_green,main_green,55,266.0,8.924077230836875,15,2,2,-1.0,5.0,12.0,20.0
1740,main_green,main_green,59,280.0,8.210099884109205,19,2,2,-1.0,5.0,13.0,23.0
1741,main_green,main_green,59,294.0,8.516341595554993,14,2,2,-1.0,5.0,13.0,23.0
1742,main_green,main_green,58,308.0,8.68088382321004,14,2,2,-1.0,5.0,13.0,23.0
1743,main_green,main_green,58,322.0,8.705949756402921,14,2,2,-1.0,5.0,13.0,23.0
1744,main_green,main_green,60,336.0,8.506655566254834,16,2,2,-1.0,5.0,13.0,23.0
1745,main_green,main_green,59,350.0,8.408195812229083,14,2,2,-1.0,5.0,13.0,23.0
1746,main_green,main_green,59,364.0,8.477054139910466,14,2,2,-1.0,5.0,13.0,23.0
1747,main_green,main_green,59,381.0,8.520050343143385,17,2,2,-1.0,5.0,13.0,23.0
1748,main_green,main_green,59,399.0,8.324759305385887,19,2,2,-1.0,5.0,13.0,23.0
1749,main_green,main_green,60,417.0,8.194040513365408,19,2,2,-1.0,5.0,13.0,23.0
1750,yellow_transition,yellow_transition,60,435.0,8.383184735936371,18,3,3,9.0,11.0,10.0,6.0
1751,yellow_transition,yellow_transition,58,453.0,8.3499755430538,18,3,3,9.0,11.0,10.0,6.0
1752,yellow_transition,yellow_transition,63,471.0,7.791580837617826,23,3,3,9.0,11.0,10.0,6.0
1753,main_green,side_green,62,298.0,8.034090903258722,14,2,0,9.0,11.0,10.0,6.0
1754,main_green,side_green,63,215.0,8.135457051405425,11,2,0,9.0,11.0,10.0,6.0
1755,main_green,side_green,63,207.0,8.48818750739419,8,2,0,9.0,11.0,10.0,6.0
1756,main_green,side_green,64,215.0,8.565802056328847,9,2,0,9.0,11.0,10.0,6.0
1757,main_green,side_green,64,224.0,8.685139364026796,9,2,0,9.0,11.0,10.0,6.0
1758,main_green,side_green,63,235.0,8.919225739925382,11,2,0,9.0,11.0,10.0,6.0
1759,main_green,side_green,64,247.0,9.188622775769177,13,2,0,9.0,11.0,10.0,6.0
1760,main_green,side_green,65,260.0,9.259842234128492,14,2,0,9.0,11.0,10.0,6.0
1761,main_green,side_green,64,273.0,9.260681666048493,13,2,0,9.0,11.0,10.0,6.0
1762,main_green,side_green,64,287.0,9.369019683174812,14,2,0,9.0,11.0,10.0,6.0
1763,yellow_transition,yellow_transition,64,301.0,9.298920257765294,14,3,1,10.0,4.0,-18.0,8.0
1764,yellow_transition,yellow_transition,67,316.0,8.385164629643139,20,3,1,10.0,4.0,-18.0,8.0
1765,yellow_transition,yellow_transition,67,332.0,8.061680299944797,17,3,1,10.0,4.0,-18.0,8.0
1766,side_green,main_green,67,126.0,8.451592805830987,9,0,2,10.0,4.0,-18.0,8.0
1767,side_green,main_green,66,23.0,8.701833389590496,4,0,2,10.0,4.0,-18.0,8.0
1768,side_green,main_green,65,7.0,8.894311176545061,4,0,2,10.0,4.0,-18.0,8.0
1769,side_green,main_green,65,10.0,9.352477838665038,3,0,2,10.0,4.0,-18.0,8.0
1770,side_green,main_green,65,13.0,9.559658143539853,4,0,2,10.0,4.0,-18.0,8.0
1771,side_green,main_green,61,17.0,9.779825652469587,4,0,2,10.0,4.0,-18.0,8.0
1772,side_green,main_green,61,21.0,9.98143557056214,5,0,2,10.0,4.0,-18.0,8.0
1773,side_green,main_green,58,26.0,10.318385383955512,5,0,2,10.0,4.0,-18.0,8.0
1774,side_green,main_green,55,33.0,10.534240962864928,7,0,2,10.0,4.0,-18.0,8.0
1775,side_green,main_green,54,40.0,10.233244660815323,8,0,2,10.0,4.0,-18.0,8.0
1776,yellow_transition,yellow_transition,57,48.0,9.33731016184995,13,1,3,-13.0,17.0,-8.0,-2.0
1777,yellow_transition,yellow_transition,56,56.0,9.428547232455168,8,1,3,-13.0,17.0,-8.0,-2.0
1778,yellow_transition,yellow_transition,56,64.0,9.659244223305086,8,1,3,-13.0,17.0,-8.0,-2.0
1779,main_green,main_green,54,25.0,9.899981496191268,4,2,2,-13.0,17.0,-8.0,-2.0
1780,main_green,main_green,56,14.0,9.81152463606613,4,2,2,-13.0,17.0,-8.0,-2.0
1781,main_green,main_green,56,16.0,10.080912096780045,2,2,2,-13.0,17.0,-8.0,-2.0
1782,main_green,main_green,56,18.0,10.312524259049528,2,2,2,-13.0,17.0,-8.0,-2.0
1783,main_green,main_green,56,20.0,10.231343804025347,2,2,2,-13.0,17.0,-8.0,-2.0
1784,main_green,main_green,55,23.0,10.236362465815436,4,2,2,-13.0,17.0,-8.0,-2.0
1785,main_green,main_green,55,27.0,10.330668733151297,5,2,2,-13.0,17.0,-8.0,-2.0
1786,main_green,main_green,53,33.0,10.545373928203437,6,2,2,-13.0,17.0,-8.0,-2.0
1787,main_green,main_green,50,39.0,10.650373569268265,6,2,2,-13.0,17.0,-8.0,-2.0
1788,main_green,main_green,53,45.0,9.755744158742665,11,2,2,-13.0,17.0,-8.0,-2.0
1789,main_green,main_green,51,51.0,10.040976047752096,6,2,2,1.0,15.0,2.0,8.0
1790,main_green,main_green,51,57.0,10.013233282081302,7,2,2,1.0,15.0,2.0,8.0
1791,main_green,main_green,51,63.0,10.161766722899383,6,2,2,1.0,15.0,2.0,8.0
1792,main_green,main_green,51,69.0,9.97115190050911,7,2,2,1.0,15.0,2.0,8.0
1793,main_green,main_green,50,75.0,9.8666164093934,6,2,2,1.0,15.0,2.0,8.0
1794,main_green,main_green,50,81.0,9.942858010008354,6,2,2,1.0,15.0,2.0,8.0
1795,main_green,main_green,50,89.0,9.695144761490504,9,2,2,1.0,15.0,2.0,8.0
1796,main_green,main_green,50,98.0,9.533093954539085,10,2,2,1.0,15.0,2.0,8.0
1797,main_green,main_green,49,108.0,9.651703108489786,10,2,2,1.0,15.0,2.0,8.0
1798,main_green,main_green,48,118.0,9.70533402771351,10,2,2,1.0,15.0,2.0,8.0
1799,main_green,main_green,48,128.0,9.753084017723834,10,2,2,-4.0,4.0,10.0,22.0
1800,main_green,main_green,53,138.0,8.935956626778239,15,2,2,-4.0,4.0,10.0,22.0
1801,main_green,main_green,54,148.0,9.006600746137215,11,2,2,-4.0,4.0,10.0,22.0
1802,main_green,main_green,54,158.0,9.289180830003207,10,2,2,-4.0,4.0,10.0,22.0
1803,main_green,main_green,53,168.0,9.416815953196126,10,2,2,-4.0,4.0,10.0,22.0
1804,main_green,main_green,54,178.0,9.302174812835808,11,2,2,-4.0,4.0,10.0,22.0
1805,main_green,main_green,52,188.0,9.17935200234622,10,2,2,-4.0,4.0,10.0,22.0
1806,main_green,main_green,53,198.0,9.053300259103171,11,2,2,-4.0,4.0,10.0,22.0
1807,main_green,main_green,53,209.0,9.025558051947181,11,2,2,-4.0,4.0,10.0,22.0
1808,main_green,main_green,54,221.0,8.943502018101723,13,2,2,-4.0,4.0,10.0,22.0
1809,main_green,main_green,53,234.0,8.986340819179032,13,2,2,1.0,9.0,13.0,21.0
1810,main_green,main_green,53,248.0,9.126384443571583,14,2,2,1.0,9.0,13.0,21.0
1811,main_green,main_green,54,262.0,8.965813210433753,15,2,2,1.0,9.0,13.0,21.0
1812,main_green,main_green,59,276.0,8.448689080093272,19,2,2,1.0,9.0,13.0,21.0
1813,main_green,main_green,59,290.0,8.598094219131527,14,2,2,1.0,9.0,13.0,21.0
1814,main_green,main_green,59,304.0,8.847187221497233,14,2,2,1.0,9.0,13.0,21.0
1815,main_green,main_green,59,318.0,8.946484501625482,14,2,2,1.0,9.0,13.0,21.0
1816,main_green,main_green,60,332.0,8.701656778219746,16,2,2,1.0,9.0,13.0,21.0
1817,main_green,main_green,60,346.0,8.604502652014325,14,2,2,1.0,9.0,13.0,21.0
1818,main_green,main_green,59,361.0,8.493918717347965,15,2,2,1.0,9.0,13.0,21.0
1819,yellow_transition,yellow_transition,58,378.0,8.477487451176799,17,3,3,8.0,8.0,11.0,9.0
1820,yellow_transition,yellow_transition,57,395.0,7.94211643803259,18,3,3,8.0,8.0,11.0,9.0
1821,yellow_transition,yellow_transition,58,413.0,7.774337709557174,19,3,3,8.0,8.0,11.0,9.0
1822,main_green,side_green,58,260.0,8.02242074143754,15,2,0,8.0,8.0,11.0,9.0
1823,main_green,side_green,58,189.0,8.46343799054345,11,2,0,8.0,8.0,11.0,9.0
1824,main_green,side_green,63,187.0,8.027710527735428,14,2,0,8.0,8.0,11.0,9.0
1825,main_green,side_green,63,197.0,8.465040403339335,10,2,0,8.0,8.0,11.0,9.0
1826,main_green,side_green,64,207.0,8.75890038611734,11,2,0,8.0,8.0,11.0,9.0
1827,main_green,side_green,64,217.0,9.172832956339333,10,2,0,8.0,8.0,11.0,9.0
1828,main_green,side_green,63,228.0,9.06508710875894,12,2,0,8.0,8.0,11.0,9.0
1829,main_green,side_green,63,240.0,9.191034939496815,12,2,0,8.0,8.0,11.0,9.0
1830,main_green,side_green,63,253.0,9.230189706232157,13,2,0,8.0,8.0,11.0,9.0
1831,main_green,side_green,64,266.0,9.096843416527712,14,2,0,8.0,8.0,11.0,9.0
1832,yellow_transition,yellow_transition,65,281.0,8.862941577371277,16,3,1,10.0,2.0,-17.0,13.0
1833,yellow_transition,yellow_transition,63,296.0,8.628639115365003,15,3,1,10.0,2.0,-17.0,13.0
1834,yellow_transition,yellow_transition,63,313.0,8.648084806185649,17,3,1,10.0,2.0,-17.0,13.0
1835,side_green,main_green,61,107.0,8.721420325893154,9,0,2,10.0,2.0,-17.0,13.0
1836,side_green,main_green,65,11.0,8.202897630793416,8,0,2,10.0,2.0,-17.0,13.0
1837,side_green,main_green,64,2.0,8.36056981996391,2,0,2,10.0,2.0,-17.0,13.0
1838,side_green,main_green,63,3.0,8.97575368804927,1,0,2,10.0,2.0,-17.0,13.0
1839,side_green,main_green,63,5.0,9.559440951865824,2,0,2,10.0,2.0,-17.0,13.0
1840,side_green,main_green,62,8.0,9.81748980807527,4,0,2,10.0,2.0,-17.0,13.0
1841,side_green,main_green,62,12.0,10.502512076965717,4,0,2,10.0,2.0,-17.0,13.0
1842,side_green,main_green,59,16.0,10.569768409606189,5,0,2,10.0,2.0,-17.0,13.0
1843,side_green,main_green,56,20.0,10.722014268978402,4,0,2,10.0,2.0,-17.0,13.0
1844,side_green,main_green,56,24.0,10.674717817952686,5,0,2,10.0,2.0,-17.0,13.0
1845,yellow_transition,yellow_transition,54,28.0,10.453754296217607,4,1,3,-13.0,17.0,-10.0,-2.0
1846,yellow_transition,yellow_transition,52,36.0,10.303031823296543,8,1,3,-13.0,17.0,-10.0,-2.0
1847,yellow_transition,yellow_transition,51,44.0,10.075272872265103,9,1,3,-13.0,17.0,-10.0,-2.0
1848,main_green,main_green,56,12.0,9.418019698798885,9,2,2,-13.0,17.0,-10.0,-2.0
1849,main_green,main_green,56,8.0,9.804195546479956,2,2,2,-13.0,17.0,-10.0,-2.0
1850,main_green,main_green,56,10.0,10.15646938023457,2,2,2,-13.0,17.0,-10.0,-2.0
1851,main_green,main_green,56,12.0,10.529366458908628,2,2,2,-13.0,17.0,-10.0,-2.0
1852,main_green,main_green,58,14.0,10.662619008321926,4,2,2,-13.0,17.0,-10.0,-2.0
1853,main_green,main_green,56,16.0,11.012822158792336,2,2,2,-13.0,17.0,-10.0,-2.0
1854,main_green,main_green,54,18.0,11.183734917634391,2,2,2,-13.0,17.0,-10.0,-2.0
1855,main_green,main_green,52,20.0,11.147454704506654,2,2,2,-13.0,17.0,-10.0,-2.0
1856,main_green,main_green,51,23.0,10.918852758628695,4,2,2,-13.0,17.0,-10.0,-2.0
1857,main_green,main_green,51,27.0,10.772806546899387,5,2,2,-13.0,17.0,-10.0,-2.0
1858,main_green,main_green,49,32.0,10.749267578258236,5,2,2,-4.0,14.0,-4.0,8.0
1859,main_green,main_green,48,37.0,10.803564159548978,5,2,2,-4.0,14.0,-4.0,8.0
1860,main_green,main_green,52,43.0,9.8734994988071,11,2,2,-4.0,14.0,-4.0,8.0
1861,main_green,main_green,51,49.0,10.071830516032191,6,2,2,-4.0,14.0,-4.0,8.0
1862,main_green,main_green,52,55.0,10.093009813703036,7,2,2,-4.0,14.0,-4.0,8.0
1863,main_green,main_green,50,61.0,10.189273035364456,6,2,2,-4.0,14.0,-4.0,8.0
1864,main_green,main_green,50,67.0,10.174566227610716,7,2,2,-4.0,14.0,-4.0,8.0
1865,main_green,main_green,49,73.0,10.188825584815877,6,2,2,-4.0,14.0,-4.0,8.0
1866,main_green,main_green,48,79.0,10.11668127921293,6,2,2,-4.0,14.0,-4.0,8.0
1867,main_green,main_green,49,86.0,9.954276841938064,8,2,2,-4.0,14.0,-4.0,8.0
1868,main_green,main_green,50,94.0,9.74509474613026,9,2,2,-4.0,4.0,9.0,23.0
1869,main_green,main_green,49,103.0,9.759096519950836,9,2,2,-4.0,4.0,9.0,23.0
1870,main_green,main_green,49,112.0,9.910461802890081,9,2,2,-4.0,4.0,9.0,23.0
1871,main_green,main_green,49,122.0,10.02301189690969,10,2,2,-4.0,4.0,9.0,23.0
1872,main_green,main_green,53,132.0,9.113010775344055,15,2,2,-4.0,4.0,9.0,23.0
1873,main_green,main_green,53,142.0,9.063065111323318,11,2,2,-4.0,4.0,9.0,23.0
1874,main_green,main_green,52,152.0,9.201800870758227,10,2,2,-4.0,4.0,9.0,23.0
1875,main_green,main_green,51,162.0,9.271639801395375,10,2,2,-4.0,4.0,9.0,23.0
1876,main_green,main_green,52,172.0,9.25012117416111,11,2,2,-4.0,4.0,9.0,23.0
1877,main_green,main_green,52,182.0,9.2479803081894,10,2,2,-4.0,4.0,9.0,23.0
1878,main_green,main_green,53,192.0,8.976445942696685,11,2,2,1.0,5.0,14.0,18.0
1879,main_green,main_green,53,205.0,9.15841184611481,13,2,2,1.0,5.0,14.0,18.0
1880,main_green,main_green,54,219.0,9.078168063370814,15,2,2,1.0,5.0,14.0,18.0
1881,main_green,main_green,54,233.0,9.218812861533893,14,2,2,1.0,5.0,14.0,18.0
1882,main_green,main_green,54,247.0,9.255053119037726,14,2,2,1.0,5.0,14.0,18.0
1883,main_green,main_green,55,261.0,9.212341011447304,15,2,2,1.0,5.0,14.0,18.0
1884,main_green,main_green,58,275.0,8.38393694573961,19,2,2,1.0,5.0,14.0,18.0
1885,main_green,main_green,58,289.0,8.53534496543117,14,2,2,1.0,5.0,14.0,18.0
1886,main_green,main_green,57,303.0,8.748242957164054,14,2,2,1.0,5.0,14.0,18.0
1887,main_green,main_green,57,317.0,8.804497972735872,14,2,2,1.0,5.0,14.0,18.0
1888,yellow_transition,yellow_transition,58,331.0,8.373343174492565,16,3,3,8.0,8.0,12.0,8.0
1889,yellow_transition,yellow_transition,57,345.0,8.252014672159612,14,3,3,8.0,8.0,12.0,8.0
1890,yellow_transition,yellow_transition,57,359.0,8.188802698236799,14,3,3,8.0,8.0,12.0,8.0
1891,main_green,side_green,57,210.0,8.279286285031109,10,2,0,8.0,8.0,12.0,8.0
1892,main_green,side_green,58,149.0,8.415968617382338,12,2,0,8.0,8.0,12.0,8.0
1893,main_green,side_green,59,156.0,8.541791305548687,10,2,0,8.0,8.0,12.0,8.0
1894,main_green,side_green,59,165.0,8.835704954640176,9,2,0,8.0,8.0,12.0,8.0
1895,main_green,side_green,59,174.0,9.127600935973588,9,2,0,8.0,8.0,12.0,8.0
1896,main_green,side_green,63,185.0,8.67756044376123,16,2,0,8.0,8.0,12.0,8.0
1897,main_green,side_green,61,197.0,8.901471809058686,12,2,0,8.0,8.0,12.0,8.0
1898,main_green,side_green,62,209.0,9.14698120446094,13,2,0,8.0,8.0,12.0,8.0
1899,main_green,side_green,61,221.0,9.264176780098383,12,2,0,8.0,8.0,12.0,8.0
1900,main_green,side_green,62,233.0,9.097924145173026,13,2,0,8.0,8.0,12.0,8.0
1901,yellow_transition,yellow_transition,61,245.0,8.834828885048246,12,3,1,11.0,5.0,-10.0,14.0
1902,yellow_transition,yellow_transition,61,259.0,8.660319086720822,14,3,1,11.0,5.0,-10.0,14.0
1903,yellow_transition,yellow_transition,62,276.0,8.395010366005108,18,3,1,11.0,5.0,-10.0,14.0
1904,side_green,main_green,62,97.0,8.189650430768062,11,0,2,11.0,5.0,-10.0,14.0
1905,side_green,main_green,61,12.0,8.486245190621633,4,0,2,11.0,5.0,-10.0,14.0
1906,side_green,main_green,59,8.0,8.906229093769074,2,0,2,11.0,5.0,-10.0,14.0
1907,side_green,main_green,59,12.0,9.485573559413739,4,0,2,11.0,5.0,-10.0,14.0
1908,side_green,main_green,63,16.0,9.098488476629976,9,0,2,11.0,5.0,-10.0,14.0
1909,side_green,main_green,61,20.0,9.369059052286524,5,0,2,11.0,5.0,-10.0,14.0
1910,side_green,main_green,59,24.0,9.860517471785473,4,0,2,11.0,5.0,-10.0,14.0
1911,side_green,main_green,59,28.0,10.231645735740708,4,0,2,11.0,5.0,-10.0,14.0
1912,side_green,main_green,57,33.0,10.038742752690746,6,0,2,11.0,5.0,-10.0,14.0
1913,side_green,main_green,55,39.0,10.33033660541508,6,0,2,11.0,5.0,-10.0,14.0
1914,yellow_transition,yellow_transition,56,45.0,10.17641932618679,7,1,3,-13.0,13.0,-2.0,2.0
1915,yellow_transition,yellow_transition,54,51.0,9.820457066394818,6,1,3,-13.0,13.0,-2.0,2.0
1916,yellow_transition,yellow_transition,55,58.0,9.606274997462467,8,1,3,-13.0,13.0,-2.0,2.0
1917,main_green,main_green,55,33.0,9.788271155790396,4,2,2,-13.0,13.0,-2.0,2.0
1918,main_green,main_green,55,35.0,10.056025110790575,4,2,2,-13.0,13.0,-2.0,2.0
1919,main_green,main_green,56,39.0,10.197357762534878,5,2,2,-13.0,13.0,-2.0,2.0
1920,main_green,main_green,60,43.0,9.649722607461772,9,2,2,-13.0,13.0,-2.0,2.0
1921,main_green,main_green,60,47.0,10.151522796758986,4,2,2,-13.0,13.0,-2.0,2.0
1922,main_green,main_green,60,51.0,10.585272483163717,4,2,2,-13.0,13.0,-2.0,2.0
1923,main_green,main_green,57,55.0,10.92683826155507,4,2,2,-13.0,13.0,-2.0,2.0
1924,main_green,main_green,58,59.0,10.531936992209076,6,2,2,-13.0,13.0,-2.0,2.0
1925,main_green,main_green,54,63.0,10.387807596310461,4,2,2,-13.0,13.0,-2.0,2.0
1926,main_green,main_green,54,67.0,10.392853346879868,4,2,2,-13.0,13.0,-2.0,2.0
1927,main_green,main_green,51,72.0,10.177694883687915,5,2,2,-6.0,10.0,0.0,8.0
1928,main_green,main_green,52,79.0,10.16206588964829,8,2,2,-6.0,10.0,0.0,8.0
1929,main_green,main_green,51,87.0,9.971084231200589,9,2,2,-6.0,10.0,0.0,8.0
1930,main_green,main_green,50,95.0,10.1728965139963,8,2,2,-6.0,10.0,0.0,8.0
1931,main_green,main_green,48,103.0,10.217828376189447,8,2,2,-6.0,10.0,0.0,8.0
1932,main_green,main_green,51,111.0,9.172807214215856,13,2,2,-6.0,10.0,0.0,8.0
1933,main_green,main_green,51,119.0,9.366100394918963,8,2,2,-6.0,10.0,0.0,8.0
1934,main_green,main_green,50,127.0,9.343565429815095,9,2,2,-6.0,10.0,0.0,8.0
1935,main_green,main_green,50,135.0,9.539080662466706,8,2,2,-6.0,10.0,0.0,8.0
1936,main_green,main_green,51,143.0,9.485072704463104,9,2,2,-6.0,10.0,0.0,8.0
1937,main_green,main_green,51,151.0,9.759898157114709,8,2,2,-2.0,6.0,13.0,21.0
1938,main_green,main_green,51,159.0,9.87911410820109,8,2,2,-2.0,6.0,13.0,21.0
1939,main_green,main_green,52,167.0,9.666733206213998,9,2,2,-2.0,6.0,13.0,21.0
1940,main_green,main_green,53,175.0,9.446630765501032,9,2,2,-2.0,6.0,13.0,21.0
1941,main_green,main_green,53,184.0,9.500578760428752,9,2,2,-2.0,6.0,13.0,21.0
1942,main_green,main_green,51,195.0,9.411698865359616,11,2,2,-2.0,6.0,13.0,21.0
1943,main_green,main_green,49,206.0,9.320294394607968,11,2,2,-2.0,6.0,13.0,21.0
1944,main_green,main_green,53,218.0,8.429510562708547,17,2,2,-2.0,6.0,13.0,21.0
1945,main_green,main_green,54,230.0,8.433468022029762,13,2,2,-2.0,6.0,13.0,21.0
1946,main_green,main_green,54,242.0,8.737556360625806,12,2,2,-2.0,6.0,13.0,21.0
1947,main_green,main_green,53,254.0,8.981371432569256,12,2,2,3.0,9.0,14.0,14.0
1948,main_green,main_green,54,266.0,8.661069785706838,13,2,2,3.0,9.0,14.0,14.0
1949,main_green,main_green,54,278.0,8.652960179029888,12,2,2,3.0,9.0,14.0,14.0
1950,main_green,main_green,55,291.0,8.464639172134255,14,2,2,3.0,9.0,14.0,14.0
1951,main_green,main_green,55,305.0,8.57921025312117,14,2,2,3.0,9.0,14.0,14.0
1952,main_green,main_green,56,321.0,8.482192019719822,17,2,2,3.0,9.0,14.0,14.0
1953,main_green,main_green,56,337.0,8.528215529797407,16,2,2,3.0,9.0,14.0,14.0
1954,main_green,main_green,56,353.0,8.71256668178533,16,2,2,3.0,9.0,14.0,14.0
1955,main_green,main_green,57,369.0,8.664667349291085,17,2,2,3.0,9.0,14.0,14.0
1956,main_green,main_green,61,385.0,7.934051143790719,21,2,2,3.0,9.0,14.0,14.0
1957,yellow_transition,yellow_transition,60,401.0,8.188513256663601,16,3,3,8.0,16.0,15.0,11.0
1958,yellow_transition,yellow_transition,59,417.0,8.105814554631676,16,3,3,8.0,16.0,15.0,11.0
1959,yellow_transition,yellow_transition,58,433.0,7.839219888390225,16,3,3,8.0,16.0,15.0,11.0
1960,main_green,side_green,59,246.0,7.503059556967751,14,2,0,8.0,16.0,15.0,11.0
1961,main_green,side_green,59,151.0,7.702467473447791,9,2,0,8.0,16.0,15.0,11.0
1962,main_green,side_green,59,137.0,7.9817435447283716,8,2,0,8.0,16.0,15.0,11.0
1963,main_green,side_green,59,145.0,8.343216604854812,8,2,0,8.0,16.0,15.0,11.0
1964,main_green,side_green,60,155.0,8.577116353602753,11,2,0,8.0,16.0,15.0,11.0
1965,main_green,side_green,60,167.0,8.700225212436976,13,2,0,8.0,16.0,15.0,11.0
1966,main_green,side_green,58,179.0,8.79936981351792,12,2,0,8.0,16.0,15.0,11.0
1967,main_green,side_green,58,192.0,9.117029256671987,13,2,0,8.0,16.0,15.0,11.0
1968,main_green,side_green,61,205.0,8.263173293525233,18,2,0,8.0,16.0,15.0,11.0
1969,main_green,side_green,61,219.0,8.584363885274527,14,2,0,8.0,16.0,15.0,11.0
1970,yellow_transition,yellow_transition,62,234.0,8.630362176954408,16,3,1,9.0,1.0,-8.0,18.0
1971,yellow_transition,yellow_transition,61,249.0,8.640953115034126,15,3,1,9.0,1.0,-8.0,18.0
1972,yellow_transition,yellow_transition,61,264.0,8.441494203127036,16,3,1,9.0,1.0,-8.0,18.0
1973,side_green,main_green,61,82.0,8.585514338433562,7,0,2,9.0,1.0,-8.0,18.0
1974,side_green,main_green,61,6.0,8.912715716691725,2,0,2,9.0,1.0,-8.0,18.0
1975,side_green,main_green,62,0.0,9.122539170171859,1,0,2,9.0,1.0,-8.0,18.0
1976,side_green,main_green,63,2.0,9.43121429592459,3,0,2,9.0,1.0,-8.0,18.0
1977,side_green,main_green,63,4.0,9.8239510835317,2,0,2,9.0,1.0,-8.0,18.0
1978,side_green,main_green,61,7.0,10.107820811300096,3,0,2,9.0,1.0,-8.0,18.0
1979,side_green,main_green,59,12.0,10.524484755091178,5,0,2,9.0,1.0,-8.0,18.0
1980,side_green,main_green,63,17.0,10.008830324133507,10,0,2,9.0,1.0,-8.0,18.0
1981,side_green,main_green,62,23.0,9.93843706946412,7,0,2,9.0,1.0,-8.0,18.0
1982,side_green,main_green,59,29.0,10.0492465364811,6,0,2,9.0,1.0,-8.0,18.0
1983,yellow_transition,yellow_transition,56,35.0,9.998662503166733,6,1,3,-10.0,14.0,-4.0,0.0
1984,yellow_transition,yellow_transition,57,42.0,9.905946742599246,8,1,3,-10.0,14.0,-4.0,0.0
1985,yellow_transition,yellow_transition,56,49.0,9.67899217452668,7,1,3,-10.0,14.0,-4.0,0.0
1986,main_green,main_green,57,22.0,9.595888621294124,4,2,2,-10.0,14.0,-4.0,0.0
1987,main_green,main_green,57,21.0,9.6624792367158,2,2,2,-10.0,14.0,-4.0,0.0
1988,main_green,main_green,58,24.0,9.710621865942842,4,2,2,-10.0,14.0,-4.0,0.0
1989,main_green,main_green,58,29.0,10.005584478343847,5,2,2,-10.0,14.0,-4.0,0.0
1990,main_green,main_green,57,35.0,10.336788818503774,6,2,2,-10.0,14.0,-4.0,0.0
1991,main_green,main_green,57,41.0,10.473213735469102,7,2,2,-10.0,14.0,-4.0,0.0
1992,main_green,main_green,59,47.0,9.799609392817858,11,2,2,-10.0,14.0,-4.0,0.0
1993,main_green,main_green,56,53.0,9.972680203829256,6,2,2,-10.0,14.0,-4.0,0.0
1994,main_green,main_green,55,59.0,10.196728007486913,6,2,2,-10.0,14.0,-4.0,0.0
1995,main_green,main_green,52,65.0,10.235953113953814,6,2,2,-10.0,14.0,-4.0,0.0
1996,main_green,main_green,54,71.0,10.0169771309587,8,2,2,3.0,17.0,-2.0,2.0
1997,main_green,main_green,53,77.0,9.894246904502747,6,2,2,3.0,17.0,-2.0,2.0
1998,main_green,main_green,53,83.0,9.985886104275302,6,2,2,3.0,17.0,-2.0,2.0
1999,main_green,main_green,53,90.0,10.108000113518939,7,2,2,3.0,17.0,-2.0,2.0
2000,main_green,main_green,54,99.0,9.944837286489618,10,2,2,3.0,17.0,-2.0,2.0
2001,main_green,main_green,54,109.0,9.861041175901343,11,2,2,3.0,17.0,-2.0,2.0
2002,main_green,main_green,53,119.0,9.848238770261789,10,2,2,3.0,17.0,-2.0,2.0
2003,main_green,main_green,53,129.0,9.988416609654564,10,2,2,3.0,17.0,-2.0,2.0
2004,main_green,main_green,56,139.0,9.161649513598107,15,2,2,3.0,17.0,-2.0,2.0
2005,main_green,main_green,54,149.0,9.296658023580283,10,2,2,3.0,17.0,-2.0,2.0
2006,main_green,main_green,55,159.0,9.345457018887315,11,2,2,2.0,10.0,10.0,14.0
2007,main_green,main_green,54,169.0,9.58499590537911,10,2,2,2.0,10.0,10.0,14.0
2008,main_green,main_green,54,179.0,9.322350949302242,11,2,2,2.0,10.0,10.0,14.0
2009,main_green,main_green,54,189.0,9.333514205398764,10,2,2,2.0,10.0,10.0,14.0
2010,main_green,main_green,54,199.0,9.346085602440573,10,2,2,2.0,10.0,10.0,14.0
2011,main_green,main_green,55,209.0,9.13469959702161,11,2,2,2.0,10.0,10.0,14.0
2012,main_green,main_green,53,222.0,8.78365054699064,14,2,2,2.0,10.0,10.0,14.0
2013,main_green,main_green,52,236.0,8.865538455283998,14,2,2,2.0,10.0,10.0,14.0
2014,main_green,main_green,52,250.0,8.91555046308047,14,2,2,2.0,10.0,10.0,14.0
2015,main_green,main_green,51,264.0,8.931585586700344,14,2,2,2.0,10.0,10.0,14.0
2016,main_green,main_green,56,278.0,8.285407070706057,19,2,2,3.0,5.0,13.0,17.0
2017,main_green,main_green,57,292.0,8.372251334266688,15,2,2,3.0,5.0,13.0,17.0
2018,main_green,main_green,57,306.0,8.644515419617067,14,2,2,3.0,5.0,13.0,17.0
2019,main_green,main_green,57,320.0,8.884485404312318,14,2,2,3.0,5.0,13.0,17.0
2020,main_green,main_green,58,334.0,8.725965074903975,15,2,2,3.0,5.0,13.0,17.0
2021,main_green,main_green,57,348.0,8.60653081317021,14,2,2,3.0,5.0,13.0,17.0
2022,main_green,main_green,57,362.0,8.508358034524802,15,2,2,3.0,5.0,13.0,17.0
2023,main_green,main_green,56,376.0,8.375825892322947,14,2,2,3.0,5.0,13.0,17.0
2024,main_green,main_green,57,392.0,8.288572387875488,17,2,2,3.0,5.0,13.0,17.0
2025,main_green,main_green,57,410.0,8.39642424741818,18,2,2,3.0,5.0,13.0,17.0
2026,yellow_transition,yellow_transition,56,428.0,8.333153470929352,18,3,3,10.0,10.0,12.0,8.0
2027,yellow_transition,yellow_transition,57,446.0,8.248744025481248,19,3,3,10.0,10.0,12.0,8.0
2028,yellow_transition,yellow_transition,62,464.0,7.487758963548946,23,3,3,10.0,10.0,12.0,8.0
2029,main_green,side_green,62,295.0,7.912431014058264,14,2,0,10.0,10.0,12.0,8.0
2030,main_green,side_green,62,212.0,8.14613430312927,11,2,0,10.0,10.0,12.0,8.0
2031,main_green,side_green,62,207.0,8.361199235380985,9,2,0,10.0,10.0,12.0,8.0
2032,main_green,side_green,64,216.0,8.307855560900162,11,2,0,10.0,10.0,12.0,8.0
2033,main_green,side_green,64,226.0,8.551548422318346,10,2,0,10.0,10.0,12.0,8.0
2034,main_green,side_green,64,236.0,8.945241607537573,10,2,0,10.0,10.0,12.0,8.0
2035,main_green,side_green,62,249.0,8.961787254279747,13,2,0,10.0,10.0,12.0,8.0
2036,main_green,side_green,62,263.0,8.913189843325343,15,2,0,10.0,10.0,12.0,8.0
2037,main_green,side_green,61,277.0,8.670087272963535,15,2,0,10.0,10.0,12.0,8.0
2038,main_green,side_green,60,291.0,8.654653102176967,14,2,0,10.0,10.0,12.0,8.0
2039,yellow_transition,yellow_transition,58,307.0,8.638339657071752,16,3,1,12.0,6.0,-15.0,13.0
2040,yellow_transition,yellow_transition,63,323.0,7.931096350320623,21,3,1,12.0,6.0,-15.0,13.0
2041,yellow_transition,yellow_transition,61,339.0,7.822659222926734,16,3,1,12.0,6.0,-15.0,13.0
2042,side_green,main_green,62,122.0,7.962443179427468,9,0,2,12.0,6.0,-15.0,13.0
2043,side_green,main_green,62,19.0,8.446879899170117,3,0,2,12.0,6.0,-15.0,13.0
2044,side_green,main_green,62,2.0,8.72322150638912,2,0,2,12.0,6.0,-15.0,13.0
2045,side_green,main_green,62,4.0,9.118690775451494,2,0,2,12.0,6.0,-15.0,13.0
2046,side_green,main_green,62,7.0,9.627238144480414,3,0,2,12.0,6.0,-15.0,13.0
2047,side_green,main_green,60,10.0,9.747460688674732,4,0,2,12.0,6.0,-15.0,13.0
2048,side_green,main_green,60,14.0,9.86950409646509,5,0,2,12.0,6.0,-15.0,13.0
2049,side_green,main_green,58,20.0,10.204131034045703,6,0,2,12.0,6.0,-15.0,13.0
2050,side_green,main_green,57,27.0,10.444722538020095,7,0,2,12.0,6.0,-15.0,13.0
2051,side_green,main_green,56,35.0,10.570948540224737,8,0,2,12.0,6.0,-15.0,13.0
2052,yellow_transition,yellow_transition,58,43.0,9.586421499314966,13,1,3,-12.0,18.0,-12.0,-4.0
2053,yellow_transition,yellow_transition,57,51.0,9.610224448913506,9,1,3,-12.0,18.0,-12.0,-4.0
2054,yellow_transition,yellow_transition,56,59.0,9.834779900277232,8,1,3,-12.0,18.0,-12.0,-4.0
2055,main_green,main_green,55,29.0,10.091628529398905,5,2,2,-12.0,18.0,-12.0,-4.0
2056,main_green,main_green,56,17.0,10.09403671954956,3,2,2,-12.0,18.0,-12.0,-4.0
2057,main_green,main_green,56,19.0,10.297306474375963,2,2,2,-12.0,18.0,-12.0,-4.0
2058,main_green,main_green,57,21.0,10.251181154085872,3,2,2,-12.0,18.0,-12.0,-4.0
2059,main_green,main_green,57,24.0,10.264144483664428,3,2,2,-12.0,18.0,-12.0,-4.0
2060,main_green,main_green,57,27.0,10.317688223389377,4,2,2,-12.0,18.0,-12.0,-4.0
2061,main_green,main_green,54,33.0,10.45405575172161,6,2,2,-12.0,18.0,-12.0,-4.0
2062,main_green,main_green,53,39.0,10.692126206674734,6,2,2,-12.0,18.0,-12.0,-4.0
2063,main_green,main_green,52,45.0,10.596584317729311,7,2,2,-12.0,18.0,-12.0,-4.0
2064,main_green,main_green,55,51.0,9.810875447572467,11,2,2,-12.0,18.0,-12.0,-4.0
2065,main_green,main_green,54,57.0,9.929585324754836,6,2,2,1.0,19.0,-1.0,3.0
2066,main_green,main_green,53,63.0,10.22512353750015,6,2,2,1.0,19.0,-1.0,3.0
2067,main_green,main_green,52,69.0,10.418060340437323,6,2,2,1.0,19.0,-1.0,3.0
2068,main_green,main_green,53,75.0,10.257643994756643,8,2,2,1.0,19.0,-1.0,3.0
2069,main_green,main_green,53,81.0,10.395580885543351,6,2,2,1.0,19.0,-1.0,3.0
2070,main_green,main_green,51,87.0,10.30508504142643,6,2,2,1.0,19.0,-1.0,3.0
2071,main_green,main_green,51,93.0,10.310740877663989,6,2,2,1.0,19.0,-1.0,3.0
2072,main_green,main_green,50,100.0,9.811039454371782,8,2,2,1.0,19.0,-1.0,3.0
2073,main_green,main_green,50,109.0,9.67386556713907,10,2,2,1.0,19.0,-1.0,3.0
2074,main_green,main_green,50,118.0,9.737441978871027,9,2,2,1.0,19.0,-1.0,3.0
2075,main_green,main_green,49,127.0,9.810268988484177,9,2,2,-3.0,5.0,9.0,19.0
2076,main_green,main_green,54,137.0,8.978196751328083,15,2,2,-3.0,5.0,9.0,19.0
2077,main_green,main_green,54,147.0,9.1823328822273,10,2,2,-3.0,5.0,9.0,19.0
2078,main_green,main_green,55,157.0,9.286857266164532,11,2,2,-3.0,5.0,9.0,19.0
2079,main_green,main_green,54,167.0,9.47779646339161,10,2,2,-3.0,5.0,9.0,19.0
2080,main_green,main_green,55,177.0,9.370741668235052,11,2,2,-3.0,5.0,9.0,19.0
2081,main_green,main_green,55,187.0,9.417306265875151,10,2,2,-3.0,5.0,9.0,19.0
2082,main_green,main_green,53,197.0,9.212796819491908,10,2,2,-3.0,5.0,9.0,19.0
2083,main_green,main_green,53,208.0,9.04058767869185,12,2,2,-3.0,5.0,9.0,19.0
2084,main_green,main_green,54,220.0,8.912042017177814,13,2,2,-3.0,5.0,9.0,19.0
2085,main_green,main_green,54,233.0,8.984918968488659,13,2,2,0.0,4.0,13.0,19.0
2086,main_green,main_green,54,247.0,9.08759574838882,14,2,2,0.0,4.0,13.0,19.0
2087,main_green,main_green,54,261.0,9.24034521720803,14,2,2,0.0,4.0,13.0,19.0
2088,main_green,main_green,59,275.0,8.507409188895721,19,2,2,0.0,4.0,13.0,19.0
2089,main_green,main_green,60,289.0,8.614318271607482,15,2,2,0.0,4.0,13.0,19.0
2090,main_green,main_green,58,303.0,8.745809345701536,14,2,2,0.0,4.0,13.0,19.0
2091,main_green,main_green,58,317.0,8.78555024345638,14,2,2,0.0,4.0,13.0,19.0
2092,main_green,main_green,59,331.0,8.699581684745933,15,2,2,0.0,4.0,13.0,19.0
2093,main_green,main_green,59,345.0,8.630202728749753,14,2,2,0.0,4.0,13.0,19.0
2094,main_green,main_green,59,359.0,8.409073866736955,15,2,2,0.0,4.0,13.0,19.0
2095,yellow_transition,yellow_transition,59,374.0,8.48056078727801,15,3,3,7.0,9.0,11.0,9.0
2096,yellow_transition,yellow_transition,58,391.0,8.10636762115596,18,3,3,7.0,9.0,11.0,9.0
2097,yellow_transition,yellow_transition,58,408.0,8.14820958487032,17,3,3,7.0,9.0,11.0,9.0
2098,main_green,side_green,57,247.0,8.193490965022841,14,2,0,7.0,9.0,11.0,9.0
2099,main_green,side_green,58,177.0,8.177732954211697,11,2,0,7.0,9.0,11.0,9.0
2100,main_green,side_green,63,177.0,7.958979915450057,14,2,0,7.0,9.0,11.0,9.0
2101,main_green,side_green,63,186.0,8.40135324906948,9,2,0,7.0,9.0,11.0,9.0
2102,main_green,side_green,62,196.0,8.846014973482282,10,2,0,7.0,9.0,11.0,9.0
2103,main_green,side_green,61,206.0,8.820622939782789,10,2,0,7.0,9.0,11.0,9.0
2104,main_green,side_green,61,216.0,8.730002283346149,12,2,0,7.0,9.0,11.0,9.0
2105,main_green,side_green,61,227.0,8.857372139137723,11,2,0,7.0,9.0,11.0,9.0
2106,main_green,side_green,60,238.0,8.96354187269734,11,2,0,7.0,9.0,11.0,9.0
2107,main_green,side_green,60,251.0,9.043348255913436,13,2,0,7.0,9.0,11.0,9.0
2108,yellow_transition,yellow_transition,60,266.0,8.845703891066018,16,3,1,11.0,3.0,-15.0,13.0
2109,yellow_transition,yellow_transition,61,281.0,8.570046776213267,16,3,1,11.0,3.0,-15.0,13.0
2110,yellow_transition,yellow_transition,61,296.0,8.52673514538336,15,3,1,11.0,3.0,-15.0,13.0
2111,side_green,main_green,61,104.0,8.652508948709107,8,0,2,11.0,3.0,-15.0,13.0
2112,side_green,main_green,66,12.0,8.237058535612803,8,0,2,11.0,3.0,-15.0,13.0
2113,side_green,main_green,64,1.0,8.628482061372502,1,0,2,11.0,3.0,-15.0,13.0
2114,side_green,main_green,65,3.0,9.192649452898564,3,0,2,11.0,3.0,-15.0,13.0
2115,side_green,main_green,63,5.0,9.761765217161138,2,0,2,11.0,3.0,-15.0,13.0
2116,side_green,main_green,61,8.0,10.014712587359034,4,0,2,11.0,3.0,-15.0,13.0
2117,side_green,main_green,59,11.0,10.426991978977872,3,0,2,11.0,3.0,-15.0,13.0
2118,side_green,main_green,56,14.0,10.720541918495528,3,0,2,11.0,3.0,-15.0,13.0
2119,side_green,main_green,57,18.0,10.574738684740755,5,0,2,11.0,3.0,-15.0,13.0
2120,side_green,main_green,57,23.0,10.535092849233575,6,0,2,11.0,3.0,-15.0,13.0
2121,yellow_transition,yellow_transition,54,28.0,10.536519573050576,5,1,3,-13.0,15.0,-10.0,-2.0
2122,yellow_transition,yellow_transition,52,34.0,10.528809785519705,6,1,3,-13.0,15.0,-10.0,-2.0
2123,yellow_transition,yellow_transition,50,41.0,10.385509088231645,7,1,3,-13.0,15.0,-10.0,-2.0
2124,main_green,main_green,55,10.0,9.433352328142515,8,2,2,-13.0,15.0,-10.0,-2.0
2125,main_green,main_green,56,10.0,9.733663881146013,3,2,2,-13.0,15.0,-10.0,-2.0
2126,main_green,main_green,56,12.0,10.169089413387738,2,2,2,-13.0,15.0,-10.0,-2.0
2127,main_green,main_green,56,14.0,10.648319353701265,2,2,2,-13.0,15.0,-10.0,-2.0
2128,main_green,main_green,57,16.0,10.753303029138179,3,2,2,-13.0,15.0,-10.0,-2.0
2129,main_green,main_green,56,18.0,10.890234640379232,2,2,2,-13.0,15.0,-10.0,-2.0
2130,main_green,main_green,55,20.0,10.720401515699594,3,2,2,-13.0,15.0,-10.0,-2.0
2131,main_green,main_green,53,23.0,10.736784040709878,3,2,2,-13.0,15.0,-10.0,-2.0
2132,main_green,main_green,52,26.0,10.534633445235642,4,2,2,-13.0,15.0,-10.0,-2.0
2133,main_green,main_green,51,31.0,10.699470689334548,5,2,2,-13.0,15.0,-10.0,-2.0
2134,main_green,main_green,49,37.0,10.739259934819279,6,2,2,-5.0,11.0,-3.0,7.0
2135,main_green,main_green,49,43.0,10.533799613674127,7,2,2,-5.0,11.0,-3.0,7.0
2136,main_green,main_green,52,49.0,9.595804995752244,11,2,2,-5.0,11.0,-3.0,7.0
2137,main_green,main_green,50,55.0,9.749112267725973,6,2,2,-5.0,11.0,-3.0,7.0
2138,main_green,main_green,50,61.0,10.098610061914735,6,2,2,-5.0,11.0,-3.0,7.0
2139,main_green,main_green,49,67.0,10.208330542418864,6,2,2,-5.0,11.0,-3.0,7.0
2140,main_green,main_green,50,73.0,10.013499221540295,8,2,2,-5.0,11.0,-3.0,7.0
2141,main_green,main_green,49,79.0,10.090807472181659,6,2,2,-5.0,11.0,-3.0,7.0
2142,main_green,main_green,48,85.0,10.07668549047991,6,2,2,-5.0,11.0,-3.0,7.0
2143,main_green,main_green,48,91.0,10.024125846142447,6,2,2,-5.0,11.0,-3.0,7.0
2144,main_green,main_green,49,99.0,9.830095171434067,9,2,2,-2.0,6.0,9.0,21.0
2145,main_green,main_green,50,107.0,9.491944883402455,9,2,2,-2.0,6.0,9.0,21.0
2146,main_green,main_green,50,116.0,9.675646800295329,9,2,2,-2.0,6.0,9.0,21.0
2147,main_green,main_green,50,125.0,9.804660595195676,9,2,2,-2.0,6.0,9.0,21.0
2148,main_green,main_green,54,135.0,8.919691715248755,15,2,2,-2.0,6.0,9.0,21.0
2149,main_green,main_green,54,145.0,9.106952648987319,10,2,2,-2.0,6.0,9.0,21.0
2150,main_green,main_green,53,155.0,9.06662030207634,11,2,2,-2.0,6.0,9.0,21.0
2151,main_green,main_green,52,165.0,9.073123087362463,10,2,2,-2.0,6.0,9.0,21.0
2152,main_green,main_green,53,175.0,9.18580928609082,11,2,2,-2.0,6.0,9.0,21.0
2153,main_green,main_green,53,185.0,9.074844047461793,10,2,2,-2.0,6.0,9.0,21.0
2154,main_green,main_green,52,195.0,8.972449635174058,10,2,2,3.0,11.0,11.0,17.0
2155,main_green,main_green,53,206.0,8.8650797371273,12,2,2,3.0,11.0,11.0,17.0
2156,main_green,main_green,54,219.0,8.760939717719294,14,2,2,3.0,11.0,11.0,17.0
2157,main_green,main_green,54,233.0,8.79338725775686,14,2,2,3.0,11.0,11.0,17.0
2158,main_green,main_green,54,247.0,8.892447461930301,14,2,2,3.0,11.0,11.0,17.0
2159,main_green,main_green,52,261.0,8.820431861674942,14,2,2,3.0,11.0,11.0,17.0
2160,main_green,main_green,57,275.0,8.022101786837506,19,2,2,3.0,11.0,11.0,17.0
2161,main_green,main_green,58,289.0,8.115554044047162,15,2,2,3.0,11.0,11.0,17.0
2162,main_green,main_green,58,303.0,8.38447834686321,14,2,2,3.0,11.0,11.0,17.0
2163,main_green,main_green,58,317.0,8.670349298283194,14,2,2,3.0,11.0,11.0,17.0
2164,yellow_transition,yellow_transition,59,331.0,8.431742713348951,15,3,3,10.0,10.0,13.0,7.0
2165,yellow_transition,yellow_transition,58,345.0,8.13049907830425,14,3,3,10.0,10.0,13.0,7.0
2166,yellow_transition,yellow_transition,58,359.0,7.666520539070455,15,3,3,10.0,10.0,13.0,7.0
2167,main_green,side_green,58,210.0,7.801634663001702,11,2,0,10.0,10.0,13.0,7.0
2168,main_green,side_green,59,148.0,7.9889310905771564,9,2,0,10.0,10.0,13.0,7.0
2169,main_green,side_green,59,156.0,8.257818627493915,9,2,0,10.0,10.0,13.0,7.0
2170,main_green,side_green,59,165.0,8.674371418454784,9,2,0,10.0,10.0,13.0,7.0
2171,main_green,side_green,59,175.0,8.831222086446726,11,2,0,10.0,10.0,13.0,7.0
2172,main_green,side_green,63,185.0,8.408820316647917,15,2,0,10.0,10.0,13.0,7.0
2173,main_green,side_green,63,196.0,8.79695231085032,11,2,0,10.0,10.0,13.0,7.0
2174,main_green,side_green,62,208.0,8.941005034497355,12,2,0,10.0,10.0,13.0,7.0
2175,main_green,side_green,62,220.0,9.173053076647696,12,2,0,10.0,10.0,13.0,7.0
2176,main_green,side_green,64,232.0,8.83872373159505,14,2,0,10.0,10.0,13.0,7.0
2177,yellow_transition,yellow_transition,64,245.0,8.756814773247179,13,3,1,10.0,4.0,-11.0,13.0
2178,yellow_transition,yellow_transition,64,258.0,8.438666049545198,13,3,1,10.0,4.0,-11.0,13.0
2179,yellow_transition,yellow_transition,63,271.0,8.143185204954772,13,3,1,10.0,4.0,-11.0,13.0
2180,side_green,main_green,63,82.0,8.075809421208914,10,0,2,10.0,4.0,-11.0,13.0
2181,side_green,main_green,62,9.0,8.228555152006004,7,0,2,10.0,4.0,-11.0,13.0
2182,side_green,main_green,61,10.0,8.837718995692997,4,0,2,10.0,4.0,-11.0,13.0
2183,side_green,main_green,60,14.0,9.399803865122964,4,0,2,10.0,4.0,-11.0,13.0
2184,side_green,main_green,64,18.0,9.031944380396084,9,0,2,10.0,4.0,-11.0,13.0
2185,side_green,main_green,62,22.0,9.613745045481261,4,0,2,10.0,4.0,-11.0,13.0
2186,side_green,main_green,60,27.0,9.840436891253768,6,0,2,10.0,4.0,-11.0,13.0
2187,side_green,main_green,57,32.0,10.241715859468414,5,0,2,10.0,4.0,-11.0,13.0
2188,side_green,main_green,56,37.0,10.142346961407323,6,0,2,10.0,4.0,-11.0,13.0
2189,side_green,main_green,56,43.0,10.139689710454675,6,0,2,10.0,4.0,-11.0,13.0
2190,yellow_transition,yellow_transition,53,49.0,10.174629392115632,6,1,3,-8.0,18.0,-3.0,3.0
2191,yellow_transition,yellow_transition,53,55.0,9.761472539906869,7,1,3,-8.0,18.0,-3.0,3.0
2192,yellow_transition,yellow_transition,53,63.0,9.332354309456447,9,1,3,-8.0,18.0,-3.0,3.0
2193,main_green,main_green,53,37.0,9.619144068589712,5,2,2,-8.0,18.0,-3.0,3.0
2194,main_green,main_green,53,31.0,9.990662114644952,4,2,2,-8.0,18.0,-3.0,3.0
2195,main_green,main_green,53,35.0,10.016693383840837,4,2,2,-8.0,18.0,-3.0,3.0
2196,main_green,main_green,58,39.0,9.509353142142492,9,2,2,-8.0,18.0,-3.0,3.0
2197,main_green,main_green,58,43.0,9.755349067150043,5,2,2,-8.0,18.0,-3.0,3.0
2198,main_green,main_green,58,47.0,10.242742051808822,4,2,2,-8.0,18.0,-3.0,3.0
2199,main_green,main_green,56,51.0,10.600832855643,4,2,2,-8.0,18.0,-3.0,3.0
2200,main_green,main_green,55,55.0,10.61257229860836,5,2,2,-8.0,18.0,-3.0,3.0
2201,main_green,main_green,54,59.0,10.689402613471266,4,2,2,-8.0,18.0,-3.0,3.0
2202,main_green,main_green,53,63.0,10.44871915947924,5,2,2,-8.0,18.0,-3.0,3.0
2203,main_green,main_green,51,67.0,10.205086856678365,4,2,2,-5.0,13.0,1.0,7.0
2204,main_green,main_green,51,73.0,9.961078810531538,7,2,2,-5.0,13.0,1.0,7.0
2205,main_green,main_green,51,79.0,10.14376496058894,6,2,2,-5.0,13.0,1.0,7.0
2206,main_green,main_green,49,86.0,10.170871429842236,7,2,2,-5.0,13.0,1.0,7.0
2207,main_green,main_green,48,94.0,9.969846175296444,9,2,2,-5.0,13.0,1.0,7.0
2208,main_green,main_green,52,102.0,8.95995083550338,13,2,2,-5.0,13.0,1.0,7.0
2209,main_green,main_green,51,110.0,9.124996485074655,8,2,2,-5.0,13.0,1.0,7.0
2210,main_green,main_green,51,118.0,9.39903183919158,8,2,2,-5.0,13.0,1.0,7.0
2211,main_green,main_green,51,126.0,9.734716936473125,8,2,2,-5.0,13.0,1.0,7.0
2212,main_green,main_green,53,134.0,9.433553955934121,10,2,2,-5.0,13.0,1.0,7.0
2213,main_green,main_green,53,142.0,9.691581367849587,8,2,2,-3.0,7.0,12.0,18.0
2214,main_green,main_green,53,150.0,9.555269902003817,8,2,2,-3.0,7.0,12.0,18.0
2215,main_green,main_green,53,158.0,9.524351215550375,8,2,2,-3.0,7.0,12.0,18.0
2216,main_green,main_green,54,168.0,9.347768995707229,11,2,2,-3.0,7.0,12.0,18.0
2217,main_green,main_green,54,179.0,9.07541656826911,12,2,2,-3.0,7.0,12.0,18.0
2218,main_green,main_green,54,191.0,9.271605210879036,12,2,2,-3.0,7.0,12.0,18.0
2219,main_green,main_green,52,203.0,9.30798680274239,12,2,2,-3.0,7.0,12.0,18.0
2220,main_green,main_green,57,215.0,8.515826111330234,17,2,2,-3.0,7.0,12.0,18.0
2221,main_green,main_green,57,227.0,8.748336592149817,12,2,2,-3.0,7.0,12.0,18.0
2222,main_green,main_green,58,239.0,8.832664128349366,13,2,2,-3.0,7.0,12.0,18.0
2223,main_green,main_green,57,251.0,8.972307688197926,12,2,2,2.0,8.0,15.0,15.0
2224,main_green,main_green,58,263.0,8.871041715391273,13,2,2,2.0,8.0,15.0,15.0
2225,main_green,main_green,57,275.0,8.877672336037358,12,2,2,2.0,8.0,15.0,15.0
2226,main_green,main_green,57,287.0,8.89306324937111,12,2,2,2.0,8.0,15.0,15.0
2227,main_green,main_green,58,300.0,8.870096226342682,14,2,2,2.0,8.0,15.0,15.0
2228,main_green,main_green,58,314.0,8.672094766252126,15,2,2,2.0,8.0,15.0,15.0
2229,main_green,main_green,57,329.0,8.469553026616214,15,2,2,2.0,8.0,15.0,15.0
2230,main_green,main_green,57,345.0,8.671546979139638,16,2,2,2.0,8.0,15.0,15.0
2231,main_green,main_green,55,361.0,8.54710650394797,16,2,2,2.0,8.0,15.0,15.0
2232,main_green,main_green,59,377.0,7.807864693371801,21,2,2,2.0,8.0,15.0,15.0
2233,yellow_transition,yellow_transition,59,393.0,7.845308765639207,17,3,3,10.0,14.0,15.0,7.0
2234,yellow_transition,yellow_transition,59,409.0,8.065471138174335,16,3,3,10.0,14.0,15.0,7.0
2235,yellow_transition,yellow_transition,59,425.0,8.147230632665922,16,3,3,10.0,14.0,15.0,7.0
2236,main_green,side_green,60,242.0,8.12184896465252,13,2,0,10.0,14.0,15.0,7.0
2237,main_green,side_green,60,144.0,8.218595573913365,8,2,0,10.0,14.0,15.0,7.0
2238,main_green,side_green,61,129.0,8.449503956650254,7,2,0,10.0,14.0,15.0,7.0
2239,main_green,side_green,61,135.0,8.646570112871071,6,2,0,10.0,14.0,15.0,7.0
2240,main_green,side_green,62,142.0,8.803313079692545,8,2,0,10.0,14.0,15.0,7.0
2241,main_green,side_green,61,151.0,9.14611732357047,9,2,0,10.0,14.0,15.0,7.0
2242,main_green,side_green,60,161.0,9.295447083135361,10,2,0,10.0,14.0,15.0,7.0
2243,main_green,side_green,61,171.0,9.329612996330333,11,2,0,10.0,14.0,15.0,7.0
2244,main_green,side_green,66,182.0,8.739979715996487,16,2,0,10.0,14.0,15.0,7.0
2245,main_green,side_green,65,195.0,8.869644320218631,13,2,0,10.0,14.0,15.0,7.0
2246,yellow_transition,yellow_transition,63,208.0,9.070337281089184,13,3,1,10.0,4.0,-12.0,12.0
2247,yellow_transition,yellow_transition,63,221.0,9.200604966621063,13,3,1,10.0,4.0,-12.0,12.0
2248,yellow_transition,yellow_transition,64,234.0,9.030402550608429,15,3,1,10.0,4.0,-12.0,12.0
2249,side_green,main_green,63,60.0,9.064213560748163,5,0,2,10.0,4.0,-12.0,12.0
2250,side_green,main_green,62,0.0,9.241799271660977,0,0,2,10.0,4.0,-12.0,12.0
2251,side_green,main_green,62,1.0,9.346830036480284,1,0,2,10.0,4.0,-12.0,12.0
2252,side_green,main_green,61,3.0,9.63159719140555,3,0,2,10.0,4.0,-12.0,12.0
2253,side_green,main_green,61,6.0,9.843527206916091,4,0,2,10.0,4.0,-12.0,12.0
2254,side_green,main_green,60,9.0,10.207911189358795,3,0,2,10.0,4.0,-12.0,12.0
2255,side_green,main_green,59,13.0,10.451315285095713,4,0,2,10.0,4.0,-12.0,12.0
2256,side_green,main_green,61,18.0,9.793980053913302,10,0,2,10.0,4.0,-12.0,12.0
2257,side_green,main_green,60,23.0,9.995110057585112,5,0,2,10.0,4.0,-12.0,12.0
2258,side_green,main_green,58,28.0,9.87904405338443,6,0,2,10.0,4.0,-12.0,12.0
2259,yellow_transition,yellow_transition,56,34.0,9.913763879474006,6,1,3,-9.0,13.0,-3.0,3.0
2260,yellow_transition,yellow_transition,55,40.0,9.637843763524215,7,1,3,-9.0,13.0,-3.0,3.0
2261,yellow_transition,yellow_transition,55,47.0,9.551430758160196,7,1,3,-9.0,13.0,-3.0,3.0
2262,main_green,main_green,54,24.0,9.602398540926592,3,2,2,-9.0,13.0,-3.0,3.0
2263,main_green,main_green,54,24.0,9.503760048425656,3,2,2,-9.0,13.0,-3.0,3.0
2264,main_green,main_green,55,27.0,9.625191992858179,4,2,2,-9.0,13.0,-3.0,3.0
2265,main_green,main_green,55,33.0,9.971479803769995,6,2,2,-9.0,13.0,-3.0,3.0
2266,main_green,main_green,55,39.0,10.23671866608163,6,2,2,-9.0,13.0,-3.0,3.0
2267,main_green,main_green,54,45.0,10.343255392947562,6,2,2,-9.0,13.0,-3.0,3.0
2268,main_green,main_green,55,51.0,9.509410633296465,11,2,2,-9.0,13.0,-3.0,3.0
2269,main_green,main_green,56,57.0,9.675012157546893,7,2,2,-9.0,13.0,-3.0,3.0
2270,main_green,main_green,55,63.0,9.904259883929383,6,2,2,-9.0,13.0,-3.0,3.0
2271,main_green,main_green,54,69.0,10.092930044807126,6,2,2,-9.0,13.0,-3.0,3.0
2272,main_green,main_green,55,75.0,9.998343183681058,7,2,2,0.0,14.0,-1.0,5.0
2273,main_green,main_green,52,81.0,10.00983955417948,6,2,2,0.0,14.0,-1.0,5.0
2274,main_green,main_green,53,87.0,9.844306531246179,7,2,2,0.0,14.0,-1.0,5.0
2275,main_green,main_green,51,94.0,9.636722113560984,7,2,2,0.0,14.0,-1.0,5.0
2276,main_green,main_green,52,101.0,9.511614394110167,8,2,2,0.0,14.0,-1.0,5.0
2277,main_green,main_green,50,111.0,9.523883920712422,10,2,2,0.0,14.0,-1.0,5.0
2278,main_green,main_green,50,121.0,9.59181055916773,10,2,2,0.0,14.0,-1.0,5.0
2279,main_green,main_green,49,131.0,9.485885300899852,11,2,2,0.0,14.0,-1.0,5.0
2280,main_green,main_green,54,141.0,8.638982876164853,15,2,2,0.0,14.0,-1.0,5.0
2281,main_green,main_green,54,151.0,8.872003748532483,10,2,2,0.0,14.0,-1.0,5.0
2282,main_green,main_green,54,161.0,9.160855002032351,10,2,2,4.0,10.0,11.0,17.0
2283,main_green,main_green,53,171.0,9.310735110498827,10,2,2,4.0,10.0,11.0,17.0
2284,main_green,main_green,54,181.0,8.956165890915472,12,2,2,4.0,10.0,11.0,17.0
2285,main_green,main_green,54,191.0,9.136387257636146,10,2,2,4.0,10.0,11.0,17.0
2286,main_green,main_green,54,201.0,9.082054374871014,10,2,2,4.0,10.0,11.0,17.0
2287,main_green,main_green,53,211.0,8.941366517660336,10,2,2,4.0,10.0,11.0,17.0
2288,main_green,main_green,52,222.0,8.673548852467757,12,2,2,4.0,10.0,11.0,17.0
2289,main_green,main_green,53,236.0,8.673934483079666,15,2,2,4.0,10.0,11.0,17.0
2290,main_green,main_green,53,250.0,8.723442593980357,14,2,2,4.0,10.0,11.0,17.0
2291,main_green,main_green,53,264.0,8.85866215733759,14,2,2,4.0,10.0,11.0,17.0
2292,main_green,main_green,58,278.0,8.222783064264169,19,2,2,2.0,6.0,12.0,18.0
2293,main_green,main_green,57,292.0,8.341411692313278,14,2,2,2.0,6.0,12.0,18.0
2294,main_green,main_green,57,306.0,8.406199821718399,15,2,2,2.0,6.0,12.0,18.0
2295,main_green,main_green,57,320.0,8.33649139984655,14,2,2,2.0,6.0,12.0,18.0
2296,main_green,main_green,58,334.0,8.214755931518825,15,2,2,2.0,6.0,12.0,18.0
2297,main_green,main_green,58,348.0,8.326154143990978,14,2,2,2.0,6.0,12.0,18.0
2298,main_green,main_green,56,362.0,8.184253180299546,14,2,2,2.0,6.0,12.0,18.0
2299,main_green,main_green,57,378.0,8.021873555824826,17,2,2,2.0,6.0,12.0,18.0
2300,main_green,main_green,58,394.0,8.054255409924982,17,2,2,2.0,6.0,12.0,18.0
2301,main_green,main_green,58,412.0,8.167943510235707,18,2,2,2.0,6.0,12.0,18.0
2302,main_green,main_green,58,430.0,8.236551183050684,18,2,2,9.0,11.0,12.0,12.0
2303,main_green,main_green,58,448.0,8.404673079198743,18,2,2,9.0,11.0,12.0,12.0
2304,main_green,main_green,63,466.0,7.754404072153078,23,2,2,9.0,11.0,12.0,12.0
2305,main_green,main_green,64,484.0,7.856502771402806,19,2,2,9.0,11.0,12.0,12.0
2306,main_green,main_green,63,502.0,8.029427964722913,18,2,2,9.0,11.0,12.0,12.0
2307,main_green,main_green,63,520.0,8.047129729007569,18,2,2,9.0,11.0,12.0,12.0
2308,main_green,main_green,64,538.0,8.043677897339833,19,2,2,9.0,11.0,12.0,12.0
2309,main_green,main_green,64,556.0,7.933571616030977,18,2,2,9.0,11.0,12.0,12.0
2310,main_green,main_green,63,574.0,7.750617285678547,19,2,2,9.0,11.0,12.0,12.0
2311,main_green,main_green,62,594.0,7.687474082907866,20,2,2,9.0,11.0,12.0,12.0
2312,yellow_transition,yellow_transition,63,615.0,7.491883243527221,22,3,3,13.0,11.0,16.0,10.0
2313,yellow_transition,yellow_transition,62,637.0,7.2402171556987405,22,3,3,13.0,11.0,16.0,10.0
2314,yellow_transition,yellow_transition,61,661.0,6.9469380340343605,24,3,3,13.0,11.0,16.0,10.0
2315,side_green,side_green,61,274.0,7.006059223591164,17,0,0,13.0,11.0,16.0,10.0
2316,side_green,side_green,65,64.0,6.560379809834799,14,0,0,13.0,11.0,16.0,10.0
2317,side_green,side_green,65,11.0,7.095548926689639,4,0,0,13.0,11.0,16.0,10.0
2318,side_green,side_green,65,16.0,7.761110026766569,5,0,0,13.0,11.0,16.0,10.0
2319,side_green,side_green,64,22.0,8.438983983082498,6,0,0,13.0,11.0,16.0,10.0
2320,side_green,side_green,66,28.0,8.947534412599959,8,0,0,13.0,11.0,16.0,10.0
2321,side_green,side_green,64,36.0,9.681105521702912,8,0,0,13.0,11.0,16.0,10.0
2322,side_green,side_green,63,44.0,10.041506261538952,8,0,0,13.0,11.0,16.0,10.0
2323,side_green,side_green,63,52.0,10.145840946785786,8,0,0,13.0,11.0,16.0,10.0
2324,side_green,side_green,64,60.0,10.03124276295709,9,0,0,13.0,11.0,16.0,10.0
2325,yellow_transition,yellow_transition,65,70.0,9.746372634127335,11,1,1,-17.0,9.0,-17.0,5.0
2326,yellow_transition,yellow_transition,65,81.0,9.618778706164244,11,1,1,-17.0,9.0,-17.0,5.0
2327,yellow_transition,yellow_transition,65,92.0,9.487548324654897,11,1,1,-17.0,9.0,-17.0,5.0
2328,main_green,main_green,70,13.0,8.92801106575293,10,2,2,-17.0,9.0,-17.0,5.0
2329,main_green,main_green,69,0.0,9.431637276961562,0,2,2,-17.0,9.0,-17.0,5.0
2330,main_green,main_green,70,0.0,9.745922033521545,1,2,2,-17.0,9.0,-17.0,5.0
2331,main_green,main_green,68,0.0,10.30325344469937,0,2,2,-17.0,9.0,-17.0,5.0
2332,main_green,main_green,69,0.0,10.567902303690884,1,2,2,-17.0,9.0,-17.0,5.0
2333,main_green,main_green,65,0.0,10.87092051265999,0,2,2,-17.0,9.0,-17.0,5.0
2334,main_green,main_green,61,0.0,11.175507952321361,0,2,2,-17.0,9.0,-17.0,5.0
2335,main_green,main_green,56,1.0,11.00881261117848,2,2,2,-17.0,9.0,-17.0,5.0
2336,main_green,main_green,53,3.0,10.930035661663068,3,2,2,-17.0,9.0,-17.0,5.0
2337,main_green,main_green,50,7.0,10.85429751406952,4,2,2,-17.0,9.0,-17.0,5.0
2338,main_green,main_green,46,11.0,10.934170371691383,4,2,2,-4.0,10.0,-8.0,6.0
2339,main_green,main_green,45,15.0,11.041885557447975,4,2,2,-4.0,10.0,-8.0,6.0
2340,main_green,main_green,48,19.0,9.811709638115461,9,2,2,-4.0,10.0,-8.0,6.0
2341,main_green,main_green,49,23.0,9.96016660621416,5,2,2,-4.0,10.0,-8.0,6.0
2342,main_green,main_green,49,27.0,10.277717991326632,4,2,2,-4.0,10.0,-8.0,6.0
2343,main_green,main_green,49,31.0,10.564167772162044,4,2,2,-4.0,10.0,-8.0,6.0
2344,main_green,main_green,49,35.0,10.420378271583164,5,2,2,-4.0,10.0,-8.0,6.0
2345,main_green,main_green,49,39.0,10.621654979229568,4,2,2,-4.0,10.0,-8.0,6.0
2346,main_green,main_green,50,43.0,10.265294448718628,5,2,2,-4.0,10.0,-8.0,6.0
2347,main_green,main_green,50,47.0,10.195895035468686,4,2,2,-4.0,10.0,-8.0,6.0
2348,main_green,main_green,51,52.0,10.066617527941267,6,2,2,-1.0,15.0,-1.0,13.0
2349,main_green,main_green,51,58.0,10.178008358212546,6,2,2,-1.0,15.0,-1.0,13.0
2350,main_green,main_green,51,66.0,10.164764203907337,8,2,2,-1.0,15.0,-1.0,13.0
2351,main_green,main_green,52,74.0,10.111367274263218,9,2,2,-1.0,15.0,-1.0,13.0
2352,main_green,main_green,57,82.0,9.306679757407469,13,2,2,-1.0,15.0,-1.0,13.0
2353,main_green,main_green,57,90.0,9.674698206198759,8,2,2,-1.0,15.0,-1.0,13.0
2354,main_green,main_green,55,98.0,9.654923591688858,8,2,2,-1.0,15.0,-1.0,13.0
2355,main_green,main_green,54,106.0,9.900414385802195,8,2,2,-1.0,15.0,-1.0,13.0
2356,main_green,main_green,54,114.0,9.477429198521358,10,2,2,-1.0,15.0,-1.0,13.0
2357,main_green,main_green,53,122.0,9.470197758115301,8,2,2,-1.0,15.0,-1.0,13.0
2358,main_green,main_green,52,130.0,9.231545395490409,8,2,2,4.0,12.0,5.0,13.0
2359,main_green,main_green,51,140.0,9.27316525439367,10,2,2,4.0,12.0,5.0,13.0
2360,main_green,main_green,52,151.0,9.063285307766293,12,2,2,4.0,12.0,5.0,13.0
2361,main_green,main_green,53,163.0,9.027543104569771,13,2,2,4.0,12.0,5.0,13.0
2362,main_green,main_green,52,175.0,9.18904579262714,12,2,2,4.0,12.0,5.0,13.0
2363,main_green,main_green,51,187.0,9.309174348150748,12,2,2,4.0,12.0,5.0,13.0
2364,main_green,main_green,55,199.0,8.503874778675124,17,2,2,4.0,12.0,5.0,13.0
2365,main_green,main_green,55,211.0,8.786183288852756,12,2,2,4.0,12.0,5.0,13.0
2366,main_green,main_green,56,223.0,8.830155314505825,13,2,2,4.0,12.0,5.0,13.0
2367,main_green,main_green,56,235.0,8.979103955474969,12,2,2,4.0,12.0,5.0,13.0
2368,main_green,main_green,57,247.0,9.024012902735649,13,2,2,8.0,10.0,8.0,14.0
2369,main_green,main_green,57,259.0,9.038244862372009,12,2,2,8.0,10.0,8.0,14.0
2370,main_green,main_green,57,271.0,9.128907243470806,12,2,2,8.0,10.0,8.0,14.0
2371,main_green,main_green,58,283.0,9.065314966055698,13,2,2,8.0,10.0,8.0,14.0
2372,main_green,main_green,59,295.0,8.872631123674209,13,2,2,8.0,10.0,8.0,14.0
2373,main_green,main_green,59,309.0,8.863377288422608,14,2,2,8.0,10.0,8.0,14.0
2374,main_green,main_green,59,324.0,8.983344024539411,15,2,2,8.0,10.0,8.0,14.0
2375,main_green,main_green,59,340.0,9.044352770444107,16,2,2,8.0,10.0,8.0,14.0
2376,main_green,main_green,63,356.0,8.335410192203879,21,2,2,8.0,10.0,8.0,14.0
2377,main_green,main_green,62,372.0,8.290183207742405,17,2,2,8.0,10.0,8.0,14.0
2378,main_green,main_green,61,388.0,8.389804951347598,16,2,2,11.0,13.0,11.0,11.0
2379,main_green,main_green,59,404.0,8.36693543012233,16,2,2,11.0,13.0,11.0,11.0
2380,main_green,main_green,59,420.0,8.023423015411176,17,2,2,11.0,13.0,11.0,11.0
2381,main_green,main_green,58,436.0,7.901882724671356,16,2,2,11.0,13.0,11.0,11.0
2382,main_green,main_green,58,452.0,7.74247369878071,17,2,2,11.0,13.0,11.0,11.0
2383,main_green,main_green,56,468.0,7.730251227485108,16,2,2,11.0,13.0,11.0,11.0
2384,main_green,main_green,57,488.0,7.696582975350175,21,2,2,11.0,13.0,11.0,11.0
2385,main_green,main_green,57,508.0,7.730347504360316,20,2,2,11.0,13.0,11.0,11.0
2386,main_green,main_green,56,528.0,7.8359049016517535,20,2,2,11.0,13.0,11.0,11.0
2387,main_green,main_green,57,548.0,7.711167332975871,21,2,2,11.0,13.0,11.0,11.0
2388,yellow_transition,yellow_transition,62,568.0,7.223727484782861,25,3,3,13.0,11.0,14.0,12.0
2389,yellow_transition,yellow_transition,62,588.0,7.425316145512713,20,3,3,13.0,11.0,14.0,12.0
2390,yellow_transition,yellow_transition,62,608.0,7.523757680153868,20,3,3,13.0,11.0,14.0,12.0
2391,side_green,side_green,61,234.0,7.6151881959771766,12,0,0,13.0,11.0,14.0,12.0
2392,side_green,side_green,63,36.0,7.651886655648669,6,0,0,13.0,11.0,14.0,12.0
2393,side_green,side_green,63,1.0,7.971681522804391,1,0,0,13.0,11.0,14.0,12.0
2394,side_green,side_green,63,2.0,8.416066177254013,1,0,0,13.0,11.0,14.0,12.0
2395,side_green,side_green,63,4.0,9.00464090927557,2,0,0,13.0,11.0,14.0,12.0
2396,side_green,side_green,64,8.0,9.409417950845487,5,0,0,13.0,11.0,14.0,12.0
2397,side_green,side_green,65,13.0,9.745270733809827,6,0,0,13.0,11.0,14.0,12.0
2398,side_green,side_green,64,19.0,10.071375075022466,6,0,0,13.0,11.0,14.0,12.0
2399,side_green,side_green,63,27.0,10.266510808384837,8,0,0,13.0,11.0,14.0,12.0
2400,side_green,side_green,68,36.0,9.523198506558074,14,0,0,13.0,11.0,14.0,12.0
2401,yellow_transition,yellow_transition,67,45.0,9.434288820000127,9,1,1,-12.0,10.0,-15.0,1.0
2402,yellow_transition,yellow_transition,67,55.0,9.239106413064496,11,1,1,-12.0,10.0,-15.0,1.0
2403,yellow_transition,yellow_transition,67,65.0,9.28953685282262,10,1,1,-12.0,10.0,-15.0,1.0
2404,main_green,main_green,68,11.0,9.379776656415416,5,2,2,-12.0,10.0,-15.0,1.0
2405,main_green,main_green,68,0.0,9.486415227640293,0,2,2,-12.0,10.0,-15.0,1.0
2406,main_green,main_green,67,0.0,9.665611596443544,0,2,2,-12.0,10.0,-15.0,1.0
2407,main_green,main_green,67,0.0,9.57105109714501,1,2,2,-12.0,10.0,-15.0,1.0
2408,main_green,main_green,68,2.0,9.971179178468553,3,2,2,-12.0,10.0,-15.0,1.0
2409,main_green,main_green,62,5.0,10.223793454453636,3,2,2,-12.0,10.0,-15.0,1.0
2410,main_green,main_green,58,9.0,10.695267177769614,4,2,2,-12.0,10.0,-15.0,1.0
2411,main_green,main_green,54,13.0,10.973281736516833,4,2,2,-12.0,10.0,-15.0,1.0
2412,main_green,main_green,55,17.0,10.028837782904562,9,2,2,-12.0,10.0,-15.0,1.0
2413,main_green,main_green,52,21.0,10.050618864075727,5,2,2,-12.0,10.0,-15.0,1.0
2414,main_green,main_green,51,25.0,10.327228998838368,4,2,2,-3.0,7.0,0.0,10.0
2415,main_green,main_green,47,29.0,10.376259501876483,4,2,2,-3.0,7.0,0.0,10.0
2416,main_green,main_green,47,33.0,10.374561006392115,5,2,2,-3.0,7.0,0.0,10.0
2417,main_green,main_green,46,37.0,10.327334558701297,4,2,2,-3.0,7.0,0.0,10.0
2418,main_green,main_green,47,41.0,10.05876591263402,5,2,2,-3.0,7.0,0.0,10.0
2419,main_green,main_green,47,47.0,10.228866217137453,6,2,2,-3.0,7.0,0.0,10.0
2420,main_green,main_green,48,53.0,10.03022002607476,7,2,2,-3.0,7.0,0.0,10.0
2421,main_green,main_green,48,60.0,10.049686613573403,7,2,2,-3.0,7.0,0.0,10.0
2422,main_green,main_green,48,68.0,10.121657181631617,8,2,2,-3.0,7.0,0.0,10.0
2423,main_green,main_green,49,76.0,10.04761772881319,9,2,2,-3.0,7.0,0.0,10.0
2424,main_green,main_green,54,84.0,9.178634666415283,13,2,2,-1.0,15.0,0.0,14.0
2425,main_green,main_green,54,92.0,9.561925905902593,8,2,2,-1.0,15.0,0.0,14.0
2426,main_green,main_green,54,100.0,9.740533739090147,8,2,2,-1.0,15.0,0.0,14.0
2427,main_green,main_green,54,108.0,10.06626803715999,8,2,2,-1.0,15.0,0.0,14.0
2428,main_green,main_green,56,116.0,9.749727489078628,10,2,2,-1.0,15.0,0.0,14.0
2429,main_green,main_green,56,124.0,9.659554841330884,8,2,2,-1.0,15.0,0.0,14.0
2430,main_green,main_green,53,132.0,9.406642433414838,8,2,2,-1.0,15.0,0.0,14.0
2431,main_green,main_green,53,141.0,9.379536033888334,9,2,2,-1.0,15.0,0.0,14.0
2432,main_green,main_green,51,152.0,9.100846819387817,12,2,2,-1.0,15.0,0.0,14.0
2433,main_green,main_green,50,164.0,8.904368558597282,13,2,2,-1.0,15.0,0.0,14.0
2434,main_green,main_green,48,176.0,8.953977538129784,12,2,2,5.0,9.0,10.0,20.0
2435,main_green,main_green,48,188.0,8.976644775795382,12,2,2,5.0,9.0,10.0,20.0
2436,main_green,main_green,53,200.0,8.1966378584895,17,2,2,5.0,9.0,10.0,20.0
2437,main_green,main_green,53,212.0,8.291269732036199,12,2,2,5.0,9.0,10.0,20.0
2438,main_green,main_green,54,224.0,8.556128541517522,13,2,2,5.0,9.0,10.0,20.0
2439,main_green,main_green,54,236.0,8.708705813858225,12,2,2,5.0,9.0,10.0,20.0
2440,main_green,main_green,55,248.0,8.618279194036337,13,2,2,5.0,9.0,10.0,20.0
2441,main_green,main_green,55,260.0,8.713326626954295,12,2,2,5.0,9.0,10.0,20.0
2442,main_green,main_green,55,272.0,8.817349381897504,12,2,2,5.0,9.0,10.0,20.0
2443,main_green,main_green,56,284.0,8.641582093590015,13,2,2,5.0,9.0,10.0,20.0
2444,main_green,main_green,57,299.0,8.5051582149224,16,2,2,7.0,7.0,9.0,13.0
2445,main_green,main_green,57,314.0,8.530426506907062,15,2,2,7.0,7.0,9.0,13.0
2446,main_green,main_green,57,330.0,8.710468804927059,16,2,2,7.0,7.0,9.0,13.0
2447,main_green,main_green,57,346.0,8.741426478628954,16,2,2,7.0,7.0,9.0,13.0
2448,main_green,main_green,62,362.0,8.08585736361443,21,2,2,7.0,7.0,9.0,13.0
2449,main_green,main_green,63,378.0,8.248001983155614,17,2,2,7.0,7.0,9.0,13.0
2450,main_green,main_green,63,394.0,8.435677918619614,16,2,2,7.0,7.0,9.0,13.0
2451,main_green,main_green,63,410.0,8.605300212957571,16,2,2,7.0,7.0,9.0,13.0
2452,main_green,main_green,64,426.0,8.414080107355296,17,2,2,7.0,7.0,9.0,13.0
2453,main_green,main_green,64,442.0,8.307991167270375,16,2,2,7.0,7.0,9.0,13.0
2454,yellow_transition,yellow_transition,62,458.0,8.024620360988065,17,3,3,13.0,13.0,9.0,3.0
2455,yellow_transition,yellow_transition,62,476.0,8.104275680516798,18,3,3,13.0,13.0,9.0,3.0
2456,yellow_transition,yellow_transition,62,496.0,7.951950651949561,21,3,3,13.0,13.0,9.0,3.0
2457,main_green,side_green,61,346.0,7.90305274450986,16,2,0,13.0,13.0,9.0,3.0
2458,main_green,side_green,58,278.0,8.043643191268064,12,2,0,13.0,13.0,9.0,3.0
2459,main_green,side_green,59,281.0,8.227817834298788,11,2,0,13.0,13.0,9.0,3.0
2460,main_green,side_green,63,292.0,7.873980680093687,16,2,0,13.0,13.0,9.0,3.0
2461,main_green,side_green,61,303.0,8.240971750639321,11,2,0,13.0,13.0,9.0,3.0
2462,main_green,side_green,61,314.0,8.550398319746915,11,2,0,13.0,13.0,9.0,3.0
2463,main_green,side_green,60,326.0,8.620575614464972,12,2,0,13.0,13.0,9.0,3.0
2464,main_green,side_green,62,338.0,8.51907219836855,14,2,0,13.0,13.0,9.0,3.0
2465,main_green,side_green,61,352.0,8.566290931256317,14,2,0,13.0,13.0,9.0,3.0
2466,main_green,side_green,61,366.0,8.647890395940797,14,2,0,13.0,13.0,9.0,3.0
2467,yellow_transition,yellow_transition,61,381.0,8.531243962305934,15,3,1,17.0,7.0,-11.0,13.0
2468,yellow_transition,yellow_transition,61,397.0,8.054160388410589,17,3,1,17.0,7.0,-11.0,13.0
2469,yellow_transition,yellow_transition,62,414.0,7.868810023704914,18,3,1,17.0,7.0,-11.0,13.0
2470,side_green,main_green,62,174.0,8.05770303133334,11,0,2,17.0,7.0,-11.0,13.0
2471,side_green,main_green,62,44.0,8.359428564461716,6,0,2,17.0,7.0,-11.0,13.0
2472,side_green,main_green,67,6.0,8.225025464909727,7,0,2,17.0,7.0,-11.0,13.0
2473,side_green,main_green,67,9.0,8.825903403440718,3,0,2,17.0,7.0,-11.0,13.0
2474,side_green,main_green,68,13.0,9.311704385084003,5,0,2,17.0,7.0,-11.0,13.0
2475,side_green,main_green,66,17.0,9.86267830850901,4,0,2,17.0,7.0,-11.0,13.0
2476,side_green,main_green,64,22.0,10.116019763841805,6,0,2,17.0,7.0,-11.0,13.0
2477,side_green,main_green,62,27.0,10.355436340370826,5,0,2,17.0,7.0,-11.0,13.0
2478,side_green,main_green,59,32.0,10.475673215690334,5,0,2,17.0,7.0,-11.0,13.0
2479,side_green,main_green,58,38.0,10.183994320147963,7,0,2,17.0,7.0,-11.0,13.0
2480,yellow_transition,yellow_transition,57,44.0,10.009348834890071,7,1,3,-15.0,13.0,-4.0,6.0
2481,yellow_transition,yellow_transition,56,52.0,10.06313230194622,8,1,3,-15.0,13.0,-4.0,6.0
2482,yellow_transition,yellow_transition,56,60.0,9.96441106966606,8,1,3,-15.0,13.0,-4.0,6.0
2483,main_green,main_green,55,26.0,10.04023564079264,5,2,2,-15.0,13.0,-4.0,6.0
2484,main_green,main_green,60,23.0,9.332397780631226,8,2,2,-15.0,13.0,-4.0,6.0
2485,main_green,main_green,60,26.0,9.693923976706346,4,2,2,-15.0,13.0,-4.0,6.0
2486,main_green,main_green,60,29.0,10.199314374240782,3,2,2,-15.0,13.0,-4.0,6.0
2487,main_green,main_green,60,32.0,10.583690955230887,3,2,2,-15.0,13.0,-4.0,6.0
2488,main_green,main_green,58,35.0,10.548655546416228,4,2,2,-15.0,13.0,-4.0,6.0
2489,main_green,main_green,56,38.0,10.794165616303372,3,2,2,-15.0,13.0,-4.0,6.0
2490,main_green,main_green,54,41.0,10.514168426076203,4,2,2,-15.0,13.0,-4.0,6.0
2491,main_green,main_green,54,45.0,10.515431171981131,4,2,2,-15.0,13.0,-4.0,6.0
2492,main_green,main_green,54,51.0,10.25793256248154,7,2,2,-15.0,13.0,-4.0,6.0
2493,main_green,main_green,52,58.0,10.194441369414985,7,2,2,-6.0,14.0,-2.0,4.0
2494,main_green,main_green,51,65.0,10.30349042199196,7,2,2,-6.0,14.0,-2.0,4.0
2495,main_green,main_green,50,72.0,10.053277113391006,8,2,2,-6.0,14.0,-2.0,4.0
2496,main_green,main_green,52,79.0,9.125612638631052,12,2,2,-6.0,14.0,-2.0,4.0
2497,main_green,main_green,52,86.0,9.491241269689176,7,2,2,-6.0,14.0,-2.0,4.0
2498,main_green,main_green,51,93.0,9.732782376328641,7,2,2,-6.0,14.0,-2.0,4.0
2499,main_green,main_green,50,100.0,9.796848377146953,7,2,2,-6.0,14.0,-2.0,4.0
2500,main_green,main_green,52,107.0,9.504340582797862,9,2,2,-6.0,14.0,-2.0,4.0
2501,main_green,main_green,52,114.0,9.659262293074903,7,2,2,-6.0,14.0,-2.0,4.0
2502,main_green,main_green,52,121.0,9.820453499665254,7,2,2,-6.0,14.0,-2.0,4.0
2503,main_green,main_green,51,129.0,9.698420248522627,8,2,2,-3.0,7.0,9.0,17.0
2504,main_green,main_green,52,138.0,9.377570156392819,10,2,2,-3.0,7.0,9.0,17.0
2505,main_green,main_green,53,147.0,9.267473750401692,10,2,2,-3.0,7.0,9.0,17.0
2506,main_green,main_green,53,157.0,9.424577021867767,10,2,2,-3.0,7.0,9.0,17.0
2507,main_green,main_green,52,168.0,9.468691846096974,11,2,2,-3.0,7.0,9.0,17.0
2508,main_green,main_green,57,179.0,8.607117603981683,16,2,2,-3.0,7.0,9.0,17.0
2509,main_green,main_green,57,190.0,8.849334074919541,11,2,2,-3.0,7.0,9.0,17.0
2510,main_green,main_green,57,201.0,8.860753231349626,12,2,2,-3.0,7.0,9.0,17.0
2511,main_green,main_green,56,212.0,9.114424387187489,11,2,2,-3.0,7.0,9.0,17.0
2512,main_green,main_green,56,223.0,8.953916391974904,12,2,2,-3.0,7.0,9.0,17.0
2513,main_green,main_green,53,234.0,8.851094972667052,11,2,2,3.0,11.0,13.0,13.0
2514,main_green,main_green,53,246.0,8.683728089356023,12,2,2,3.0,11.0,13.0,13.0
2515,main_green,main_green,54,258.0,8.45611076512682,13,2,2,3.0,11.0,13.0,13.0
2516,main_green,main_green,55,272.0,8.406767342806592,15,2,2,3.0,11.0,13.0,13.0
2517,main_green,main_green,55,287.0,8.555506889582583,15,2,2,3.0,11.0,13.0,13.0
2518,main_green,main_green,55,302.0,8.600408516518055,15,2,2,3.0,11.0,13.0,13.0
2519,main_green,main_green,54,317.0,8.642029704267658,15,2,2,3.0,11.0,13.0,13.0
2520,main_green,main_green,59,332.0,7.983285466535114,20,2,2,3.0,11.0,13.0,13.0
2521,main_green,main_green,59,347.0,7.981234892499827,16,2,2,3.0,11.0,13.0,13.0
2522,main_green,main_green,59,362.0,8.258900063710719,15,2,2,3.0,11.0,13.0,13.0
2523,yellow_transition,yellow_transition,58,377.0,8.327338077012268,15,3,3,10.0,12.0,13.0,7.0
2524,yellow_transition,yellow_transition,59,392.0,8.24655676297481,16,3,3,10.0,12.0,13.0,7.0
2525,yellow_transition,yellow_transition,59,407.0,8.131982788716849,15,3,3,10.0,12.0,13.0,7.0
2526,main_green,side_green,60,238.0,8.022803857147224,12,2,0,10.0,12.0,13.0,7.0
2527,main_green,side_green,60,154.0,8.229141151867937,8,2,0,10.0,12.0,13.0,7.0
2528,main_green,side_green,61,145.0,8.27801121531434,7,2,0,10.0,12.0,13.0,7.0
2529,main_green,side_green,61,152.0,8.694970369913763,7,2,0,10.0,12.0,13.0,7.0
2530,main_green,side_green,59,161.0,8.864056998681834,9,2,0,10.0,12.0,13.0,7.0
2531,main_green,side_green,59,170.0,8.955405183090825,10,2,0,10.0,12.0,13.0,7.0
2532,main_green,side_green,62,180.0,8.381373435742882,15,2,0,10.0,12.0,13.0,7.0
2533,main_green,side_green,61,191.0,8.752821752248295,11,2,0,10.0,12.0,13.0,7.0
2534,main_green,side_green,61,202.0,9.136604567300463,11,2,0,10.0,12.0,13.0,7.0
2535,main_green,side_green,61,213.0,9.15104480419044,11,2,0,10.0,12.0,13.0,7.0
2536,yellow_transition,yellow_transition,62,224.0,8.861356356378778,13,3,1,11.0,5.0,-11.0,13.0
2537,yellow_transition,yellow_transition,62,236.0,8.513644213148059,12,3,1,11.0,5.0,-11.0,13.0
2538,yellow_transition,yellow_transition,62,249.0,8.317121909232311,13,3,1,11.0,5.0,-11.0,13.0
2539,side_green,main_green,62,69.0,8.355871562996036,6,0,2,11.0,5.0,-11.0,13.0
2540,side_green,main_green,62,6.0,8.382485164778025,6,0,2,11.0,5.0,-11.0,13.0
2541,side_green,main_green,63,8.0,8.696258276375943,5,0,2,11.0,5.0,-11.0,13.0
2542,side_green,main_green,62,13.0,9.066751472720977,5,0,2,11.0,5.0,-11.0,13.0
2543,side_green,main_green,61,19.0,9.511861996021956,6,0,2,11.0,5.0,-11.0,13.0
2544,side_green,main_green,65,25.0,9.223076161536095,11,0,2,11.0,5.0,-11.0,13.0
2545,side_green,main_green,62,31.0,9.632898714438832,6,0,2,11.0,5.0,-11.0,13.0
2546,side_green,main_green,62,37.0,9.705586229593788,7,0,2,11.0,5.0,-11.0,13.0
2547,side_green,main_green,60,43.0,9.81762087169302,6,0,2,11.0,5.0,-11.0,13.0
2548,side_green,main_green,59,50.0,9.830613230459976,8,0,2,11.0,5.0,-11.0,13.0
2549,yellow_transition,yellow_transition,58,57.0,9.863010199671528,7,1,3,-8.0,20.0,-6.0,-2.0
2550,yellow_transition,yellow_transition,55,64.0,9.46489835662003,7,1,3,-8.0,20.0,-6.0,-2.0
2551,yellow_transition,yellow_transition,55,71.0,8.668112605189478,8,1,3,-8.0,20.0,-6.0,-2.0
2552,main_green,main_green,56,30.0,8.716701657529322,4,2,2,-8.0,20.0,-6.0,-2.0
2553,main_green,main_green,56,28.0,9.108659364396669,3,2,2,-8.0,20.0,-6.0,-2.0
2554,main_green,main_green,54,32.0,9.396432040362045,4,2,2,-8.0,20.0,-6.0,-2.0
2555,main_green,main_green,54,37.0,9.85740173040456,5,2,2,-8.0,20.0,-6.0,-2.0
2556,main_green,main_green,59,42.0,9.363816220434996,10,2,2,-8.0,20.0,-6.0,-2.0
2557,main_green,main_green,60,47.0,9.61699757334893,6,2,2,-8.0,20.0,-6.0,-2.0
2558,main_green,main_green,59,52.0,9.94931760724287,5,2,2,-8.0,20.0,-6.0,-2.0
2559,main_green,main_green,58,57.0,10.216545550703792,5,2,2,-8.0,20.0,-6.0,-2.0
2560,main_green,main_green,56,62.0,10.146809074074373,6,2,2,-8.0,20.0,-6.0,-2.0
2561,main_green,main_green,54,67.0,10.174915923251733,5,2,2,-8.0,20.0,-6.0,-2.0
2562,main_green,main_green,55,72.0,10.085037027795961,6,2,2,-3.0,13.0,0.0,6.0
2563,main_green,main_green,53,77.0,10.251418808125674,5,2,2,-3.0,13.0,0.0,6.0
2564,main_green,main_green,54,83.0,9.972366767535545,7,2,2,-3.0,13.0,0.0,6.0
2565,main_green,main_green,54,90.0,9.81039014456302,7,2,2,-3.0,13.0,0.0,6.0
2566,main_green,main_green,51,98.0,9.84079397398028,8,2,2,-3.0,13.0,0.0,6.0
2567,main_green,main_green,52,107.0,9.630775796885388,10,2,2,-3.0,13.0,0.0,6.0
2568,main_green,main_green,57,116.0,9.00764668117332,14,2,2,-3.0,13.0,0.0,6.0
2569,main_green,main_green,57,125.0,9.248927222319352,9,2,2,-3.0,13.0,0.0,6.0
2570,main_green,main_green,56,134.0,9.425535894956084,9,2,2,-3.0,13.0,0.0,6.0
2571,main_green,main_green,55,143.0,9.609711943128133,9,2,2,-3.0,13.0,0.0,6.0
2572,main_green,main_green,56,152.0,9.282779269514347,11,2,2,-1.0,7.0,9.0,15.0
2573,main_green,main_green,54,161.0,9.31616975788301,9,2,2,-1.0,7.0,9.0,15.0
2574,main_green,main_green,54,170.0,9.46804411998845,9,2,2,-1.0,7.0,9.0,15.0
2575,main_green,main_green,54,180.0,9.335453343921493,10,2,2,-1.0,7.0,9.0,15.0
2576,main_green,main_green,54,192.0,9.157762632314952,13,2,2,-1.0,7.0,9.0,15.0
2577,main_green,main_green,55,205.0,8.95387214089134,14,2,2,-1.0,7.0,9.0,15.0
2578,main_green,main_green,53,218.0,8.92829701729007,13,2,2,-1.0,7.0,9.0,15.0
2579,main_green,main_green,53,231.0,9.152865840262713,13,2,2,-1.0,7.0,9.0,15.0
2580,main_green,main_green,57,244.0,8.38756188733458,18,2,2,-1.0,7.0,9.0,15.0
2581,main_green,main_green,56,257.0,8.6037508324429,13,2,2,-1.0,7.0,9.0,15.0
2582,main_green,main_green,56,270.0,8.559128547211243,14,2,2,4.0,8.0,16.0,18.0
2583,main_green,main_green,56,283.0,8.715886529916148,13,2,2,4.0,8.0,16.0,18.0
2584,main_green,main_green,57,296.0,8.593729325234918,14,2,2,4.0,8.0,16.0,18.0
2585,main_green,main_green,57,309.0,8.590891834728055,13,2,2,4.0,8.0,16.0,18.0
2586,main_green,main_green,57,322.0,8.596576224075056,13,2,2,4.0,8.0,16.0,18.0
2587,main_green,main_green,58,337.0,8.523622607999904,16,2,2,4.0,8.0,16.0,18.0
2588,main_green,main_green,58,353.0,8.357401052915067,17,2,2,4.0,8.0,16.0,18.0
2589,main_green,main_green,58,370.0,8.515683457101778,17,2,2,4.0,8.0,16.0,18.0
2590,main_green,main_green,57,387.0,8.500292217090648,17,2,2,4.0,8.0,16.0,18.0
2591,main_green,main_green,56,404.0,8.606643421249482,17,2,2,4.0,8.0,16.0,18.0
2592,yellow_transition,yellow_transition,61,421.0,7.91444351152258,22,3,3,6.0,8.0,13.0,11.0
2593,yellow_transition,yellow_transition,62,438.0,7.834684938991801,18,3,3,6.0,8.0,13.0,11.0
2594,yellow_transition,yellow_transition,61,455.0,7.692948247444879,17,3,3,6.0,8.0,13.0,11.0
2595,main_green,side_green,61,276.0,7.860805981162839,13,2,0,6.0,8.0,13.0,11.0
2596,main_green,side_green,62,182.0,7.999363931605206,10,2,0,6.0,8.0,13.0,11.0
2597,main_green,side_green,62,171.0,8.227144699308774,9,2,0,6.0,8.0,13.0,11.0
2598,main_green,side_green,63,180.0,8.46453707885811,10,2,0,6.0,8.0,13.0,11.0
2599,main_green,side_green,62,189.0,8.738029084025516,9,2,0,6.0,8.0,13.0,11.0
2600,main_green,side_green,63,201.0,8.948887056617922,13,2,0,6.0,8.0,13.0,11.0
2601,main_green,side_green,60,213.0,9.076944185121112,12,2,0,6.0,8.0,13.0,11.0
2602,main_green,side_green,60,225.0,9.391845838265937,12,2,0,6.0,8.0,13.0,11.0
2603,main_green,side_green,61,238.0,9.315562262313081,14,2,0,6.0,8.0,13.0,11.0
2604,main_green,side_green,66,252.0,8.564843498414554,19,2,0,6.0,8.0,13.0,11.0
2605,yellow_transition,yellow_transition,65,266.0,8.574514699364094,14,3,1,12.0,4.0,-12.0,14.0
2606,yellow_transition,yellow_transition,64,281.0,8.616785050108987,15,3,1,12.0,4.0,-12.0,14.0
2607,yellow_transition,yellow_transition,63,297.0,8.637893397736917,16,3,1,12.0,4.0,-12.0,14.0
2608,side_green,main_green,65,103.0,8.644901815170828,10,0,2,12.0,4.0,-12.0,14.0
2609,side_green,main_green,64,10.0,8.906665015509923,1,0,2,12.0,4.0,-12.0,14.0
2610,side_green,main_green,64,0.0,9.14186916235011,0,0,2,12.0,4.0,-12.0,14.0
2611,side_green,main_green,63,1.0,9.33742546202262,1,0,2,12.0,4.0,-12.0,14.0
2612,side_green,main_green,63,3.0,9.667317828600861,3,0,2,12.0,4.0,-12.0,14.0
2613,side_green,main_green,61,6.0,9.90313882761424,4,0,2,12.0,4.0,-12.0,14.0
2614,side_green,main_green,59,11.0,10.404312575943067,5,0,2,12.0,4.0,-12.0,14.0
2615,side_green,main_green,57,16.0,10.523446840795904,5,0,2,12.0,4.0,-12.0,14.0
2616,side_green,main_green,59,21.0,9.619945050282142,10,0,2,12.0,4.0,-12.0,14.0
2617,side_green,main_green,58,26.0,9.842620842166685,5,0,2,12.0,4.0,-12.0,14.0
2618,yellow_transition,yellow_transition,56,33.0,9.675064035578613,8,1,3,-9.0,15.0,-5.0,1.0
2619,yellow_transition,yellow_transition,54,40.0,9.640832706436575,7,1,3,-9.0,15.0,-5.0,1.0
2620,yellow_transition,yellow_transition,55,47.0,9.574082610700419,8,1,3,-9.0,15.0,-5.0,1.0
2621,main_green,main_green,55,22.0,9.597609350670322,3,2,2,-9.0,15.0,-5.0,1.0
2622,main_green,main_green,54,20.0,9.840900114839762,2,2,2,-9.0,15.0,-5.0,1.0
2623,main_green,main_green,55,22.0,9.81500542909914,3,2,2,-9.0,15.0,-5.0,1.0
2624,main_green,main_green,56,26.0,9.761673695422887,5,2,2,-9.0,15.0,-5.0,1.0
2625,main_green,main_green,56,30.0,9.912723990920771,4,2,2,-9.0,15.0,-5.0,1.0
2626,main_green,main_green,56,35.0,10.355738930315269,5,2,2,-9.0,15.0,-5.0,1.0
2627,main_green,main_green,56,41.0,10.627495077907264,6,2,2,-9.0,15.0,-5.0,1.0
2628,main_green,main_green,59,47.0,9.759809763008915,11,2,2,-9.0,15.0,-5.0,1.0
2629,main_green,main_green,58,53.0,9.793276548464364,7,2,2,-9.0,15.0,-5.0,1.0
2630,main_green,main_green,56,59.0,10.101878590199977,6,2,2,-9.0,15.0,-5.0,1.0
2631,main_green,main_green,53,65.0,10.23058497509708,6,2,2,0.0,18.0,-2.0,2.0
2632,main_green,main_green,54,71.0,10.233461712496236,7,2,2,0.0,18.0,-2.0,2.0
2633,main_green,main_green,52,77.0,10.182459573045351,6,2,2,0.0,18.0,-2.0,2.0
2634,main_green,main_green,53,83.0,9.9167046569978,7,2,2,0.0,18.0,-2.0,2.0
2635,main_green,main_green,53,89.0,10.187414457146915,6,2,2,0.0,18.0,-2.0,2.0
2636,main_green,main_green,53,97.0,9.799712596867337,9,2,2,0.0,18.0,-2.0,2.0
2637,main_green,main_green,52,105.0,9.77151302672578,8,2,2,0.0,18.0,-2.0,2.0
2638,main_green,main_green,51,114.0,9.750791330673806,9,2,2,0.0,18.0,-2.0,2.0
2639,main_green,main_green,50,123.0,9.645683383279202,10,2,2,0.0,18.0,-2.0,2.0
2640,main_green,main_green,55,133.0,8.847272119030043,15,2,2,0.0,18.0,-2.0,2.0
2641,main_green,main_green,54,143.0,9.095378022808527,10,2,2,1.0,7.0,11.0,17.0
2642,main_green,main_green,54,153.0,9.324768020452721,10,2,2,1.0,7.0,11.0,17.0
2643,main_green,main_green,54,163.0,9.42013380170078,10,2,2,1.0,7.0,11.0,17.0
2644,main_green,main_green,56,173.0,9.188820570860283,12,2,2,1.0,7.0,11.0,17.0
2645,main_green,main_green,55,183.0,9.319864964537825,10,2,2,1.0,7.0,11.0,17.0
2646,main_green,main_green,55,193.0,9.450146411679862,10,2,2,1.0,7.0,11.0,17.0
2647,main_green,main_green,54,203.0,9.32738802826598,10,2,2,1.0,7.0,11.0,17.0
2648,main_green,main_green,55,215.0,9.172543935387191,13,2,2,1.0,7.0,11.0,17.0
2649,main_green,main_green,56,228.0,9.023342170495214,14,2,2,1.0,7.0,11.0,17.0
2650,main_green,main_green,55,241.0,9.037658477582905,13,2,2,1.0,7.0,11.0,17.0
2651,main_green,main_green,54,255.0,9.130436276178166,14,2,2,4.0,8.0,10.0,10.0
2652,main_green,main_green,59,269.0,8.457262777609484,19,2,2,4.0,8.0,10.0,10.0
2653,main_green,main_green,57,283.0,8.543687921909207,14,2,2,4.0,8.0,10.0,10.0
2654,main_green,main_green,58,297.0,8.5995848161175,15,2,2,4.0,8.0,10.0,10.0
2655,main_green,main_green,58,311.0,8.814494688933435,14,2,2,4.0,8.0,10.0,10.0
2656,main_green,main_green,58,325.0,8.543388489526302,15,2,2,4.0,8.0,10.0,10.0
2657,main_green,main_green,58,339.0,8.611815609113115,14,2,2,4.0,8.0,10.0,10.0
2658,main_green,main_green,58,353.0,8.598237781933044,14,2,2,4.0,8.0,10.0,10.0
2659,main_green,main_green,58,369.0,8.311724426284062,17,2,2,4.0,8.0,10.0,10.0
2660,main_green,main_green,58,387.0,8.271893962185967,19,2,2,4.0,8.0,10.0,10.0
2661,yellow_transition,yellow_transition,57,405.0,8.33697181116336,18,3,3,9.0,11.0,13.0,9.0
2662,yellow_transition,yellow_transition,56,423.0,8.229884622778094,18,3,3,9.0,11.0,13.0,9.0
2663,yellow_transition,yellow_transition,56,441.0,8.200774282378678,18,3,3,9.0,11.0,13.0,9.0
2664,main_green,side_green,61,278.0,7.726899696404544,19,2,0,9.0,11.0,13.0,9.0
2665,main_green,side_green,61,197.0,7.78287673377402,11,2,0,9.0,11.0,13.0,9.0
2666,main_green,side_green,61,192.0,8.211469225942029,8,2,0,9.0,11.0,13.0,9.0
2667,main_green,side_green,61,201.0,8.670439118936391,9,2,0,9.0,11.0,13.0,9.0
2668,main_green,side_green,62,211.0,8.910467661143876,11,2,0,9.0,11.0,13.0,9.0
2669,main_green,side_green,62,221.0,9.050611285414986,10,2,0,9.0,11.0,13.0,9.0
2670,main_green,side_green,61,231.0,9.047918299643266,11,2,0,9.0,11.0,13.0,9.0
2671,main_green,side_green,60,241.0,9.220287120007322,10,2,0,9.0,11.0,13.0,9.0
2672,main_green,side_green,61,254.0,9.147456452647264,14,2,0,9.0,11.0,13.0,9.0
2673,main_green,side_green,58,268.0,8.912182797335582,14,2,0,9.0,11.0,13.0,9.0
2674,yellow_transition,yellow_transition,57,283.0,8.808876959627975,15,3,1,13.0,5.0,-14.0,12.0
2675,yellow_transition,yellow_transition,58,298.0,8.678513476333588,16,3,1,13.0,5.0,-14.0,12.0
2676,yellow_transition,yellow_transition,63,313.0,7.97013991736535,20,3,1,13.0,5.0,-14.0,12.0
2677,side_green,main_green,63,111.0,8.412050015700366,8,0,2,13.0,5.0,-14.0,12.0
2678,side_green,main_green,63,14.0,8.920486022007962,2,0,2,13.0,5.0,-14.0,12.0
2679,side_green,main_green,61,0.0,9.223201495045192,0,0,2,13.0,5.0,-14.0,12.0
2680,side_green,main_green,63,0.0,9.436599739303814,2,0,2,13.0,5.0,-14.0,12.0
2681,side_green,main_green,62,1.0,9.880834375654375,1,0,2,13.0,5.0,-14.0,12.0
2682,side_green,main_green,62,2.0,10.47060642103335,1,0,2,13.0,5.0,-14.0,12.0
2683,side_green,main_green,61,4.0,10.687751984578934,2,0,2,13.0,5.0,-14.0,12.0
2684,side_green,main_green,59,7.0,10.514026944909217,4,0,2,13.0,5.0,-14.0,12.0
2685,side_green,main_green,60,12.0,10.45810155845438,6,0,2,13.0,5.0,-14.0,12.0
2686,side_green,main_green,56,18.0,10.405337794784186,6,0,2,13.0,5.0,-14.0,12.0
2687,yellow_transition,yellow_transition,54,25.0,10.249465540517814,7,1,3,-15.0,13.0,-9.0,1.0
2688,yellow_transition,yellow_transition,57,32.0,9.264449758561017,12,1,3,-15.0,13.0,-9.0,1.0
2689,yellow_transition,yellow_transition,56,39.0,9.145660545848298,7,1,3,-15.0,13.0,-9.0,1.0
2690,main_green,main_green,57,17.0,9.416280607228238,4,2,2,-15.0,13.0,-9.0,1.0
2691,main_green,main_green,57,15.0,10.105727393065358,2,2,2,-15.0,13.0,-9.0,1.0
2692,main_green,main_green,57,17.0,10.378546605418743,3,2,2,-15.0,13.0,-9.0,1.0
2693,main_green,main_green,57,19.0,10.485803233061693,2,2,2,-15.0,13.0,-9.0,1.0
2694,main_green,main_green,57,21.0,10.609029367549239,2,2,2,-15.0,13.0,-9.0,1.0
2695,main_green,main_green,56,23.0,10.514141173344523,3,2,2,-15.0,13.0,-9.0,1.0
2696,main_green,main_green,56,28.0,10.460787191116296,6,2,2,-15.0,13.0,-9.0,1.0
2697,main_green,main_green,56,33.0,10.59670459141923,5,2,2,-15.0,13.0,-9.0,1.0
2698,main_green,main_green,55,39.0,10.772402255642401,6,2,2,-15.0,13.0,-9.0,1.0
2699,main_green,main_green,53,45.0,10.90725596070024,6,2,2,-15.0,13.0,-9.0,1.0
2700,main_green,main_green,55,51.0,9.839747966175372,11,2,2,-8.0,10.0,-4.0,6.0
2701,main_green,main_green,55,57.0,9.982676604975204,7,2,2,-8.0,10.0,-4.0,6.0
2702,main_green,main_green,52,63.0,10.07938602620633,6,2,2,-8.0,10.0,-4.0,6.0
2703,main_green,main_green,51,69.0,10.378822544074865,6,2,2,-8.0,10.0,-4.0,6.0
2704,main_green,main_green,50,75.0,10.104392536070819,7,2,2,-8.0,10.0,-4.0,6.0
2705,main_green,main_green,50,81.0,10.075474297416287,6,2,2,-8.0,10.0,-4.0,6.0
2706,main_green,main_green,50,87.0,9.850445011274406,7,2,2,-8.0,10.0,-4.0,6.0
2707,main_green,main_green,49,94.0,9.85990922353989,7,2,2,-8.0,10.0,-4.0,6.0
2708,main_green,main_green,50,102.0,9.76251547340159,9,2,2,-8.0,10.0,-4.0,6.0
2709,main_green,main_green,49,111.0,9.652088880017882,9,2,2,-8.0,10.0,-4.0,6.0
2710,main_green,main_green,49,121.0,9.805755429253693,10,2,2,-3.0,5.0,8.0,18.0
2711,main_green,main_green,50,131.0,9.803121244204183,11,2,2,-3.0,5.0,8.0,18.0
2712,main_green,main_green,55,141.0,8.939742146917345,15,2,2,-3.0,5.0,8.0,18.0
2713,main_green,main_green,55,151.0,9.096691084060975,10,2,2,-3.0,5.0,8.0,18.0
2714,main_green,main_green,55,161.0,9.487539308724267,10,2,2,-3.0,5.0,8.0,18.0
2715,main_green,main_green,54,171.0,9.563071120675593,10,2,2,-3.0,5.0,8.0,18.0
2716,main_green,main_green,53,181.0,9.132851619267756,12,2,2,-3.0,5.0,8.0,18.0
2717,main_green,main_green,52,191.0,9.048604505175218,10,2,2,-3.0,5.0,8.0,18.0
2718,main_green,main_green,52,201.0,8.965737425563725,10,2,2,-3.0,5.0,8.0,18.0
2719,main_green,main_green,51,212.0,8.976777672057098,11,2,2,-3.0,5.0,8.0,18.0
2720,main_green,main_green,52,223.0,9.027227286833991,12,2,2,3.0,9.0,13.0,17.0
2721,main_green,main_green,53,236.0,8.892370179145413,14,2,2,3.0,9.0,13.0,17.0
2722,main_green,main_green,53,250.0,8.965401566271554,14,2,2,3.0,9.0,13.0,17.0
2723,main_green,main_green,53,264.0,9.09037557056541,14,2,2,3.0,9.0,13.0,17.0
2724,main_green,main_green,58,278.0,8.407908130138699,19,2,2,3.0,9.0,13.0,17.0
2725,main_green,main_green,58,292.0,8.582287675078527,14,2,2,3.0,9.0,13.0,17.0
2726,main_green,main_green,57,306.0,8.48373257191723,15,2,2,3.0,9.0,13.0,17.0
2727,main_green,main_green,57,320.0,8.743587067407375,14,2,2,3.0,9.0,13.0,17.0
2728,main_green,main_green,57,334.0,8.488369076002009,15,2,2,3.0,9.0,13.0,17.0
2729,main_green,main_green,56,348.0,8.465703901856221,14,2,2,3.0,9.0,13.0,17.0
2730,yellow_transition,yellow_transition,55,362.0,8.420805737680984,14,3,3,10.0,10.0,13.0,9.0
2731,yellow_transition,yellow_transition,56,377.0,8.252917344115724,16,3,3,10.0,10.0,13.0,9.0
2732,yellow_transition,yellow_transition,57,394.0,7.8820494371965735,18,3,3,10.0,10.0,13.0,9.0
2733,main_green,side_green,57,237.0,8.078038589753385,14,2,0,10.0,10.0,13.0,9.0
2734,main_green,side_green,57,167.0,8.470705636754724,10,2,0,10.0,10.0,13.0,9.0
2735,main_green,side_green,57,169.0,8.558152053223942,9,2,0,10.0,10.0,13.0,9.0
2736,main_green,side_green,61,178.0,8.065328408872409,14,2,0,10.0,10.0,13.0,9.0
2737,main_green,side_green,62,188.0,8.278320377609042,11,2,0,10.0,10.0,13.0,9.0
2738,main_green,side_green,61,199.0,8.757924028449107,11,2,0,10.0,10.0,13.0,9.0
2739,main_green,side_green,61,211.0,9.15013288110783,12,2,0,10.0,10.0,13.0,9.0
2740,main_green,side_green,61,223.0,9.196674347194028,13,2,0,10.0,10.0,13.0,9.0
2741,main_green,side_green,61,235.0,9.256494793964235,12,2,0,10.0,10.0,13.0,9.0
2742,main_green,side_green,62,247.0,9.1625202855192,13,2,0,10.0,10.0,13.0,9.0
2743,yellow_transition,yellow_transition,61,260.0,8.912507005400007,13,3,1,11.0,3.0,-14.0,14.0
2744,yellow_transition,yellow_transition,62,275.0,8.576987425666998,16,3,1,11.0,3.0,-14.0,14.0
2745,yellow_transition,yellow_transition,61,290.0,8.415852001726236,15,3,1,11.0,3.0,-14.0,14.0
2746,side_green,main_green,60,90.0,8.664025017573772,7,0,2,11.0,3.0,-14.0,14.0
2747,side_green,main_green,60,10.0,8.650210814355185,4,0,2,11.0,3.0,-14.0,14.0
2748,side_green,main_green,64,2.0,8.333181297573057,6,0,2,11.0,3.0,-14.0,14.0
2749,side_green,main_green,64,3.0,8.977250922763146,1,0,2,11.0,3.0,-14.0,14.0
2750,side_green,main_green,63,5.0,9.57861856552629,2,0,2,11.0,3.0,-14.0,14.0
2751,side_green,main_green,59,7.0,10.153134905494321,2,0,2,11.0,3.0,-14.0,14.0
2752,side_green,main_green,59,9.0,10.339164086218565,4,0,2,11.0,3.0,-14.0,14.0
2753,side_green,main_green,57,12.0,10.663386461845345,3,0,2,11.0,3.0,-14.0,14.0
2754,side_green,main_green,55,15.0,10.977626492327177,3,0,2,11.0,3.0,-14.0,14.0
2755,side_green,main_green,54,19.0,11.08665064443023,4,0,2,11.0,3.0,-14.0,14.0
2756,yellow_transition,yellow_transition,53,24.0,10.576538214343246,6,1,3,-12.0,14.0,-8.0,2.0
2757,yellow_transition,yellow_transition,53,29.0,10.239067766168061,6,1,3,-12.0,14.0,-8.0,2.0
2758,yellow_transition,yellow_transition,52,35.0,10.215186310682732,6,1,3,-12.0,14.0,-8.0,2.0
2759,main_green,main_green,51,8.0,10.26638206864243,4,2,2,-12.0,14.0,-8.0,2.0
2760,main_green,main_green,56,8.0,9.595487432334426,7,2,2,-12.0,14.0,-8.0,2.0
2761,main_green,main_green,56,10.0,9.975939297574438,2,2,2,-12.0,14.0,-8.0,2.0
2762,main_green,main_green,57,12.0,10.386201969067585,3,2,2,-12.0,14.0,-8.0,2.0
2763,main_green,main_green,57,14.0,10.748284991545708,2,2,2,-12.0,14.0,-8.0,2.0
2764,main_green,main_green,56,16.0,10.772311597130708,3,2,2,-12.0,14.0,-8.0,2.0
2765,main_green,main_green,53,18.0,10.95777104049588,2,2,2,-12.0,14.0,-8.0,2.0
2766,main_green,main_green,53,20.0,11.025586651938758,2,2,2,-12.0,14.0,-8.0,2.0
2767,main_green,main_green,51,22.0,10.92513734797507,3,2,2,-12.0,14.0,-8.0,2.0
2768,main_green,main_green,51,26.0,10.759131069669433,5,2,2,-12.0,14.0,-8.0,2.0
2769,main_green,main_green,48,31.0,10.613352875060533,5,2,2,-4.0,16.0,-4.0,8.0
2770,main_green,main_green,48,36.0,10.800475216215064,5,2,2,-4.0,16.0,-4.0,8.0
2771,main_green,main_green,47,42.0,10.69319344255132,6,2,2,-4.0,16.0,-4.0,8.0
2772,main_green,main_green,50,48.0,9.661247142318556,11,2,2,-4.0,16.0,-4.0,8.0
2773,main_green,main_green,51,54.0,9.693866130709832,7,2,2,-4.0,16.0,-4.0,8.0
2774,main_green,main_green,50,60.0,9.928148795973417,6,2,2,-4.0,16.0,-4.0,8.0
2775,main_green,main_green,50,66.0,10.173291315329555,6,2,2,-4.0,16.0,-4.0,8.0
2776,main_green,main_green,49,72.0,10.028392958104277,7,2,2,-4.0,16.0,-4.0,8.0
2777,main_green,main_green,49,78.0,9.869991099888653,6,2,2,-4.0,16.0,-4.0,8.0
2778,main_green,main_green,49,84.0,9.607240970122605,7,2,2,-4.0,16.0,-4.0,8.0
2779,main_green,main_green,49,90.0,9.567586065381553,6,2,2,-2.0,8.0,8.0,18.0
2780,main_green,main_green,49,99.0,9.4185747542795,10,2,2,-2.0,8.0,8.0,18.0
2781,main_green,main_green,49,109.0,9.647830011534289,10,2,2,-2.0,8.0,8.0,18.0
2782,main_green,main_green,49,119.0,9.695867485407884,10,2,2,-2.0,8.0,8.0,18.0
2783,main_green,main_green,50,129.0,9.627651657301076,11,2,2,-2.0,8.0,8.0,18.0
2784,main_green,main_green,54,139.0,8.810049096652794,15,2,2,-2.0,8.0,8.0,18.0
2785,main_green,main_green,54,149.0,9.013667687802625,10,2,2,-2.0,8.0,8.0,18.0
2786,main_green,main_green,52,159.0,9.188731668421287,10,2,2,-2.0,8.0,8.0,18.0
2787,main_green,main_green,52,169.0,9.30944282848409,10,2,2,-2.0,8.0,8.0,18.0
2788,main_green,main_green,54,179.0,9.068181665475443,12,2,2,-2.0,8.0,8.0,18.0
2789,main_green,main_green,54,189.0,9.19322555035608,10,2,2,2.0,12.0,10.0,16.0
2790,main_green,main_green,53,199.0,8.973210463014702,10,2,2,2.0,12.0,10.0,16.0
2791,main_green,main_green,53,211.0,8.963730381535301,12,2,2,2.0,12.0,10.0,16.0
2792,main_green,main_green,54,224.0,8.782091162536021,14,2,2,2.0,12.0,10.0,16.0
2793,main_green,main_green,55,237.0,8.670443346806655,14,2,2,2.0,12.0,10.0,16.0
2794,main_green,main_green,55,251.0,8.9578031599193,14,2,2,2.0,12.0,10.0,16.0
2795,main_green,main_green,54,265.0,8.942533691735317,14,2,2,2.0,12.0,10.0,16.0
2796,main_green,main_green,59,279.0,8.255602136470047,19,2,2,2.0,12.0,10.0,16.0
2797,main_green,main_green,58,293.0,8.361008023440323,14,2,2,2.0,12.0,10.0,16.0
2798,main_green,main_green,59,307.0,8.488472249916473,15,2,2,2.0,12.0,10.0,16.0
2799,yellow_transition,yellow_transition,59,321.0,8.49724157221437,14,3,3,7.0,7.0,13.0,11.0
2800,yellow_transition,yellow_transition,60,335.0,8.26977506436092,15,3,3,7.0,7.0,13.0,11.0
2801,yellow_transition,yellow_transition,60,349.0,8.011317894075665,14,3,3,7.0,7.0,13.0,11.0
2802,main_green,side_green,59,204.0,8.307551879561938,10,2,0,7.0,7.0,13.0,11.0
2803,main_green,side_green,59,145.0,8.381467919980599,8,2,0,7.0,7.0,13.0,11.0
2804,main_green,side_green,59,154.0,8.363622370422144,10,2,0,7.0,7.0,13.0,11.0
2805,main_green,side_green,59,164.0,8.742955850110905,10,2,0,7.0,7.0,13.0,11.0
2806,main_green,side_green,59,174.0,9.113380776087494,10,2,0,7.0,7.0,13.0,11.0
2807,main_green,side_green,58,185.0,9.308302024054031,11,2,0,7.0,7.0,13.0,11.0
2808,main_green,side_green,63,196.0,8.739391224110559,16,2,0,7.0,7.0,13.0,11.0
2809,main_green,side_green,64,208.0,8.784324408043211,13,2,0,7.0,7.0,13.0,11.0
2810,main_green,side_green,63,220.0,8.915727993997717,12,2,0,7.0,7.0,13.0,11.0
2811,main_green,side_green,62,233.0,8.84343956444064,13,2,0,7.0,7.0,13.0,11.0
2812,yellow_transition,yellow_transition,63,246.0,8.64827203513497,14,3,1,8.0,0.0,-8.0,16.0
2813,yellow_transition,yellow_transition,62,260.0,8.41701562389802,14,3,1,8.0,0.0,-8.0,16.0
2814,yellow_transition,yellow_transition,62,274.0,8.007806311232295,15,3,1,8.0,0.0,-8.0,16.0
2815,side_green,main_green,62,85.0,8.131498427134686,6,0,2,8.0,0.0,-8.0,16.0
2816,side_green,main_green,62,3.0,8.177408205796517,4,0,2,8.0,0.0,-8.0,16.0
2817,side_green,main_green,62,1.0,8.64628026624195,1,0,2,8.0,0.0,-8.0,16.0
2818,side_green,main_green,60,4.0,9.141017386699371,3,0,2,8.0,0.0,-8.0,16.0
2819,side_green,main_green,59,8.0,9.476185460879186,5,0,2,8.0,0.0,-8.0,16.0
2820,side_green,main_green,62,12.0,9.083515564610009,9,0,2,8.0,0.0,-8.0,16.0
2821,side_green,main_green,61,17.0,9.631518576686505,5,0,2,8.0,0.0,-8.0,16.0
2822,side_green,main_green,60,22.0,9.966443279830553,5,0,2,8.0,0.0,-8.0,16.0
2823,side_green,main_green,59,28.0,10.269529648966172,6,0,2,8.0,0.0,-8.0,16.0
2824,side_green,main_green,59,35.0,10.181245260785726,9,0,2,8.0,0.0,-8.0,16.0
2825,yellow_transition,yellow_transition,57,42.0,10.102299663129799,7,1,3,-8.0,18.0,-6.0,-2.0
2826,yellow_transition,yellow_transition,56,50.0,10.010591319649345,8,1,3,-8.0,18.0,-6.0,-2.0
2827,yellow_transition,yellow_transition,55,58.0,9.809542175648648,8,1,3,-8.0,18.0,-6.0,-2.0
2828,main_green,main_green,54,32.0,9.602278884795199,6,2,2,-8.0,18.0,-6.0,-2.0
2829,main_green,main_green,55,29.0,9.73979868120231,6,2,2,-8.0,18.0,-6.0,-2.0
2830,main_green,main_green,55,34.0,10.12826416450933,5,2,2,-8.0,18.0,-6.0,-2.0
2831,main_green,main_green,55,39.0,10.427640886790527,5,2,2,-8.0,18.0,-6.0,-2.0
2832,main_green,main_green,60,44.0,9.824710422580702,10,2,2,-8.0,18.0,-6.0,-2.0
2833,main_green,main_green,59,49.0,10.181728412030433,5,2,2,-8.0,18.0,-6.0,-2.0
2834,main_green,main_green,56,54.0,10.251090802508243,6,2,2,-8.0,18.0,-6.0,-2.0
2835,main_green,main_green,54,59.0,10.586626402759098,5,2,2,-8.0,18.0,-6.0,-2.0
2836,main_green,main_green,53,64.0,10.486788849541743,6,2,2,-8.0,18.0,-6.0,-2.0
2837,main_green,main_green,52,69.0,10.413569555821406,5,2,2,-8.0,18.0,-6.0,-2.0
2838,main_green,main_green,51,74.0,10.296398967085198,5,2,2,0.0,16.0,-1.0,5.0
2839,main_green,main_green,52,80.0,10.05563247581626,7,2,2,0.0,16.0,-1.0,5.0
2840,main_green,main_green,53,88.0,10.031217084313996,9,2,2,0.0,16.0,-1.0,5.0
2841,main_green,main_green,51,97.0,9.856022476616339,9,2,2,0.0,16.0,-1.0,5.0
2842,main_green,main_green,51,106.0,10.075363913393812,9,2,2,0.0,16.0,-1.0,5.0
2843,main_green,main_green,51,115.0,10.164610616869103,9,2,2,0.0,16.0,-1.0,5.0
2844,main_green,main_green,54,124.0,9.25893561377386,14,2,2,0.0,16.0,-1.0,5.0
2845,main_green,main_green,55,133.0,9.400707398186661,10,2,2,0.0,16.0,-1.0,5.0
2846,main_green,main_green,53,142.0,9.488803492905221,9,2,2,0.0,16.0,-1.0,5.0
2847,main_green,main_green,53,151.0,9.697938140443833,9,2,2,0.0,16.0,-1.0,5.0
2848,main_green,main_green,52,160.0,9.529020810332016,10,2,2,-1.0,5.0,11.0,17.0
2849,main_green,main_green,52,169.0,9.44983696039412,9,2,2,-1.0,5.0,11.0,17.0
2850,main_green,main_green,52,178.0,9.24148369684549,10,2,2,-1.0,5.0,11.0,17.0
2851,main_green,main_green,52,188.0,9.343441936134148,10,2,2,-1.0,5.0,11.0,17.0
2852,main_green,main_green,53,200.0,9.14014683934827,13,2,2,-1.0,5.0,11.0,17.0
2853,main_green,main_green,53,212.0,9.216301366494596,12,2,2,-1.0,5.0,11.0,17.0
2854,main_green,main_green,52,225.0,9.276647666341496,13,2,2,-1.0,5.0,11.0,17.0
2855,main_green,main_green,52,238.0,9.0293673892227,14,2,2,-1.0,5.0,11.0,17.0
2856,main_green,main_green,57,251.0,8.439676441290805,18,2,2,-1.0,5.0,11.0,17.0
2857,main_green,main_green,57,264.0,8.606648746994306,13,2,2,-1.0,5.0,11.0,17.0
2858,main_green,main_green,57,277.0,8.925360699853053,13,2,2,5.0,7.0,16.0,16.0
2859,main_green,main_green,57,290.0,9.017679667156848,13,2,2,5.0,7.0,16.0,16.0
2860,main_green,main_green,57,303.0,8.55031470659863,15,2,2,5.0,7.0,16.0,16.0
2861,main_green,main_green,57,316.0,8.575460390411914,13,2,2,5.0,7.0,16.0,16.0
2862,main_green,main_green,57,329.0,8.62122218737445,13,2,2,5.0,7.0,16.0,16.0
2863,main_green,main_green,56,343.0,8.580014056946643,14,2,2,5.0,7.0,16.0,16.0
2864,main_green,main_green,57,359.0,8.3647709256006,17,2,2,5.0,7.0,16.0,16.0
2865,main_green,main_green,57,375.0,8.41827568076413,17,2,2,5.0,7.0,16.0,16.0
2866,main_green,main_green,57,392.0,8.472053467205361,17,2,2,5.0,7.0,16.0,16.0
2867,main_green,main_green,56,409.0,8.541748900340322,17,2,2,5.0,7.0,16.0,16.0
2868,main_green,main_green,60,426.0,7.858388431428655,22,2,2,6.0,8.0,13.0,13.0
2869,main_green,main_green,59,443.0,7.951439685826942,17,2,2,6.0,8.0,13.0,13.0
2870,main_green,main_green,60,460.0,8.053460724095427,18,2,2,6.0,8.0,13.0,13.0
2871,main_green,main_green,60,477.0,8.17104522540094,17,2,2,6.0,8.0,13.0,13.0
2872,main_green,main_green,61,494.0,8.08117130217581,18,2,2,6.0,8.0,13.0,13.0
2873,main_green,main_green,61,511.0,8.069167047367928,17,2,2,6.0,8.0,13.0,13.0
2874,main_green,main_green,60,529.0,8.080737043777331,18,2,2,6.0,8.0,13.0,13.0
2875,main_green,main_green,61,547.0,8.021392371916772,19,2,2,6.0,8.0,13.0,13.0
2876,main_green,main_green,62,568.0,7.8906673056587175,22,2,2,6.0,8.0,13.0,13.0
2877,main_green,main_green,62,589.0,7.944456126079049,21,2,2,6.0,8.0,13.0,13.0
2878,yellow_transition,yellow_transition,62,610.0,7.9153667288053144,21,3,3,13.0,11.0,13.0,5.0
2879,yellow_transition,yellow_transition,61,631.0,7.848816065332713,21,3,3,13.0,11.0,13.0,5.0
2880,yellow_transition,yellow_transition,64,652.0,7.042096953201471,26,3,3,13.0,11.0,13.0,5.0
2881,side_green,side_green,64,272.0,7.145451247090105,15,0,0,13.0,11.0,13.0,5.0
2882,side_green,side_green,63,62.0,7.683685648075325,7,0,0,13.0,11.0,13.0,5.0
2883,side_green,side_green,62,5.0,8.169025965489904,2,0,0,13.0,11.0,13.0,5.0
2884,side_green,side_green,63,8.0,8.533979492291799,4,0,0,13.0,11.0,13.0,5.0
2885,side_green,side_green,61,11.0,8.942323663886928,3,0,0,13.0,11.0,13.0,5.0
2886,side_green,side_green,61,14.0,9.422970936256407,4,0,0,13.0,11.0,13.0,5.0
2887,side_green,side_green,61,18.0,9.95410183457479,4,0,0,13.0,11.0,13.0,5.0
2888,side_green,side_green,62,22.0,10.153130483929255,5,0,0,13.0,11.0,13.0,5.0
2889,side_green,side_green,62,28.0,10.360207859711815,6,0,0,13.0,11.0,13.0,5.0
2890,side_green,side_green,61,34.0,10.132007204425612,6,0,0,13.0,11.0,13.0,5.0
2891,yellow_transition,yellow_transition,62,42.0,9.958044150866558,9,1,1,-15.0,7.0,-16.0,6.0
2892,yellow_transition,yellow_transition,67,51.0,9.19379094004063,14,1,1,-15.0,7.0,-16.0,6.0
2893,yellow_transition,yellow_transition,67,61.0,9.338214760461614,10,1,1,-15.0,7.0,-16.0,6.0
2894,main_green,main_green,67,10.0,9.653125422783727,4,2,2,-15.0,7.0,-16.0,6.0
2895,main_green,main_green,66,0.0,10.11526820863602,0,2,2,-15.0,7.0,-16.0,6.0
2896,main_green,main_green,66,0.0,10.09760691714978,2,2,2,-15.0,7.0,-16.0,6.0
2897,main_green,main_green,65,0.0,10.471493674107286,0,2,2,-15.0,7.0,-16.0,6.0
2898,main_green,main_green,65,0.0,10.716111928372692,0,2,2,-15.0,7.0,-16.0,6.0
2899,main_green,main_green,59,0.0,10.739121882409735,0,2,2,-15.0,7.0,-16.0,6.0
2900,main_green,main_green,57,4.0,10.785941033217043,5,2,2,-15.0,7.0,-16.0,6.0
2901,main_green,main_green,55,8.0,10.757247149659849,5,2,2,-15.0,7.0,-16.0,6.0
2902,main_green,main_green,52,12.0,10.866283080684411,4,2,2,-15.0,7.0,-16.0,6.0
2903,main_green,main_green,48,16.0,10.888540624379296,4,2,2,-15.0,7.0,-16.0,6.0
2904,main_green,main_green,52,20.0,9.832643981552605,9,2,2,-3.0,9.0,-9.0,5.0
2905,main_green,main_green,48,24.0,10.026208516954588,4,2,2,-3.0,9.0,-9.0,5.0
2906,main_green,main_green,48,28.0,10.044808000481313,5,2,2,-3.0,9.0,-9.0,5.0
2907,main_green,main_green,46,32.0,10.458408437892237,4,2,2,-3.0,9.0,-9.0,5.0
2908,main_green,main_green,47,36.0,10.315112718228978,5,2,2,-3.0,9.0,-9.0,5.0
2909,main_green,main_green,47,40.0,10.472906917456626,4,2,2,-3.0,9.0,-9.0,5.0
2910,main_green,main_green,47,44.0,10.434407568412214,4,2,2,-3.0,9.0,-9.0,5.0
2911,main_green,main_green,48,48.0,10.154457942704596,5,2,2,-3.0,9.0,-9.0,5.0
2912,main_green,main_green,49,52.0,9.879030603760995,5,2,2,-3.0,9.0,-9.0,5.0
2913,main_green,main_green,49,58.0,10.071917120629964,6,2,2,-3.0,9.0,-9.0,5.0
2914,main_green,main_green,49,66.0,10.045237938418115,8,2,2,0.0,14.0,-1.0,13.0
2915,main_green,main_green,49,74.0,10.14034751511519,8,2,2,0.0,14.0,-1.0,13.0
2916,main_green,main_green,54,82.0,9.337936558069176,13,2,2,0.0,14.0,-1.0,13.0
2917,main_green,main_green,55,90.0,9.466676359629423,9,2,2,0.0,14.0,-1.0,13.0
2918,main_green,main_green,55,98.0,9.744808308601783,8,2,2,0.0,14.0,-1.0,13.0
2919,main_green,main_green,55,106.0,9.93426221312339,8,2,2,0.0,14.0,-1.0,13.0
2920,main_green,main_green,54,114.0,9.679338104308613,9,2,2,0.0,14.0,-1.0,13.0
2921,main_green,main_green,53,122.0,9.566674618104967,8,2,2,0.0,14.0,-1.0,13.0
2922,main_green,main_green,52,130.0,9.105373772124961,9,2,2,0.0,14.0,-1.0,13.0
2923,main_green,main_green,52,138.0,9.221560752315973,8,2,2,0.0,14.0,-1.0,13.0
2924,main_green,main_green,51,150.0,8.978793197169407,13,2,2,5.0,13.0,5.0,13.0
2925,main_green,main_green,50,162.0,9.101348520256678,12,2,2,5.0,13.0,5.0,13.0
2926,main_green,main_green,49,174.0,9.049413743080423,12,2,2,5.0,13.0,5.0,13.0
2927,main_green,main_green,49,186.0,9.004868741831453,13,2,2,5.0,13.0,5.0,13.0
2928,main_green,main_green,54,198.0,8.280376139821513,17,2,2,5.0,13.0,5.0,13.0
2929,main_green,main_green,54,210.0,8.54362606679368,12,2,2,5.0,13.0,5.0,13.0
2930,main_green,main_green,54,222.0,8.80375811215603,12,2,2,5.0,13.0,5.0,13.0
2931,main_green,main_green,54,234.0,8.88157977464124,12,2,2,5.0,13.0,5.0,13.0
2932,main_green,main_green,56,246.0,8.553649081998051,14,2,2,5.0,13.0,5.0,13.0
2933,main_green,main_green,56,258.0,8.77958897413538,12,2,2,5.0,13.0,5.0,13.0
2934,main_green,main_green,56,270.0,8.723523240531126,12,2,2,11.0,15.0,6.0,6.0
2935,main_green,main_green,56,283.0,8.764334414843443,13,2,2,11.0,15.0,6.0,6.0
2936,main_green,main_green,57,299.0,8.620738115672788,17,2,2,11.0,15.0,6.0,6.0
2937,main_green,main_green,58,315.0,8.566874467463599,17,2,2,11.0,15.0,6.0,6.0
2938,main_green,main_green,58,331.0,8.67070275426433,16,2,2,11.0,15.0,6.0,6.0
2939,main_green,main_green,58,347.0,8.735279849081039,16,2,2,11.0,15.0,6.0,6.0
2940,main_green,main_green,63,363.0,8.14294474315597,21,2,2,11.0,15.0,6.0,6.0
2941,main_green,main_green,63,379.0,8.31119204680136,16,2,2,11.0,15.0,6.0,6.0
2942,main_green,main_green,64,395.0,8.37428170924972,17,2,2,11.0,15.0,6.0,6.0
2943,main_green,main_green,61,411.0,8.310272258023337,16,2,2,11.0,15.0,6.0,6.0
2944,yellow_transition,yellow_transition,61,427.0,7.994719784613118,17,3,3,14.0,10.0,11.0,7.0
2945,yellow_transition,yellow_transition,61,443.0,7.846707822075212,16,3,3,14.0,10.0,11.0,7.0
2946,yellow_transition,yellow_transition,61,459.0,7.726222048604472,16,3,3,14.0,10.0,11.0,7.0
2947,side_green,side_green,60,148.0,7.751717164624112,12,0,0,14.0,10.0,11.0,7.0
2948,side_green,side_green,61,8.0,8.01124895454867,6,0,0,14.0,10.0,11.0,7.0
2949,side_green,side_green,60,3.0,8.408945235944625,1,0,0,14.0,10.0,11.0,7.0
2950,side_green,side_green,60,5.0,8.928672655283522,2,0,0,14.0,10.0,11.0,7.0
2951,side_green,side_green,60,8.0,9.456811717412476,3,0,0,14.0,10.0,11.0,7.0
2952,side_green,side_green,64,11.0,8.843949099208634,8,0,0,14.0,10.0,11.0,7.0
2953,side_green,side_green,65,15.0,9.077215516883218,5,0,0,14.0,10.0,11.0,7.0
2954,side_green,side_green,65,21.0,9.466875111619233,6,0,0,14.0,10.0,11.0,7.0
2955,side_green,side_green,64,29.0,9.613875230393056,8,0,0,14.0,10.0,11.0,7.0
2956,side_green,side_green,65,38.0,9.571789888760124,10,0,0,14.0,10.0,11.0,7.0
2957,yellow_transition,yellow_transition,65,49.0,9.429102656408627,11,1,1,-12.0,10.0,-12.0,4.0
2958,yellow_transition,yellow_transition,64,60.0,9.021890401756334,12,1,1,-12.0,10.0,-12.0,4.0
2959,yellow_transition,yellow_transition,63,71.0,8.867395730831053,11,1,1,-12.0,10.0,-12.0,4.0
2960,main_green,main_green,63,14.0,8.78037974021969,5,2,2,-12.0,10.0,-12.0,4.0
2961,main_green,main_green,63,1.0,9.192618224308985,1,2,2,-12.0,10.0,-12.0,4.0
2962,main_green,main_green,63,4.0,9.64111956624308,3,2,2,-12.0,10.0,-12.0,4.0
2963,main_green,main_green,62,8.0,9.692007557342865,5,2,2,-12.0,10.0,-12.0,4.0
2964,main_green,main_green,67,12.0,9.458782027519158,9,2,2,-12.0,10.0,-12.0,4.0
2965,main_green,main_green,64,16.0,10.160596989872957,4,2,2,-12.0,10.0,-12.0,4.0
2966,main_green,main_green,60,20.0,10.571874764874758,4,2,2,-12.0,10.0,-12.0,4.0
2967,main_green,main_green,56,24.0,10.958829486347366,4,2,2,-12.0,10.0,-12.0,4.0
2968,main_green,main_green,51,28.0,10.347178051150866,6,2,2,-12.0,10.0,-12.0,4.0
2969,main_green,main_green,50,32.0,10.511343999795534,4,2,2,-12.0,10.0,-12.0,4.0
2970,main_green,main_green,46,36.0,10.341937460675995,4,2,2,-2.0,8.0,0.0,10.0
2971,main_green,main_green,45,40.0,10.279315351219354,4,2,2,-2.0,8.0,0.0,10.0
2972,main_green,main_green,46,46.0,10.08131866644718,7,2,2,-2.0,8.0,0.0,10.0
2973,main_green,main_green,47,53.0,9.940310488309105,8,2,2,-2.0,8.0,0.0,10.0
2974,main_green,main_green,47,61.0,10.153333875771652,8,2,2,-2.0,8.0,0.0,10.0
2975,main_green,main_green,47,69.0,10.267050738475351,8,2,2,-2.0,8.0,0.0,10.0
2976,main_green,main_green,52,77.0,9.41253423504077,13,2,2,-2.0,8.0,0.0,10.0
2977,main_green,main_green,52,85.0,9.562372869986383,8,2,2,-2.0,8.0,0.0,10.0
2978,main_green,main_green,53,93.0,9.649126720882728,9,2,2,-2.0,8.0,0.0,10.0
2979,main_green,main_green,53,101.0,9.912324119282967,8,2,2,-2.0,8.0,0.0,10.0
2980,main_green,main_green,54,109.0,9.756915850449829,9,2,2,2.0,10.0,5.0,17.0
2981,main_green,main_green,54,117.0,9.712877027822763,8,2,2,2.0,10.0,5.0,17.0
2982,main_green,main_green,54,126.0,9.72148000241059,9,2,2,2.0,10.0,5.0,17.0
2983,main_green,main_green,55,137.0,9.575167669692457,12,2,2,2.0,10.0,5.0,17.0
2984,main_green,main_green,56,149.0,9.462000765497597,13,2,2,2.0,10.0,5.0,17.0
2985,main_green,main_green,56,161.0,9.591804751006965,12,2,2,2.0,10.0,5.0,17.0
2986,main_green,main_green,54,173.0,9.60425193724029,12,2,2,2.0,10.0,5.0,17.0
2987,main_green,main_green,53,185.0,9.569583970477664,12,2,2,2.0,10.0,5.0,17.0
2988,main_green,main_green,56,197.0,8.801295815348913,17,2,2,2.0,10.0,5.0,17.0
2989,main_green,main_green,56,209.0,8.77371342463962,13,2,2,2.0,10.0,5.0,17.0
2990,main_green,main_green,53,221.0,8.83495047283423,12,2,2,8.0,10.0,11.0,15.0
2991,main_green,main_green,53,233.0,9.054442724286226,12,2,2,8.0,10.0,11.0,15.0
2992,main_green,main_green,53,245.0,8.82477182278885,13,2,2,8.0,10.0,11.0,15.0
2993,main_green,main_green,53,257.0,8.926945837488462,12,2,2,8.0,10.0,11.0,15.0
2994,main_green,main_green,54,269.0,8.681281363724022,13,2,2,8.0,10.0,11.0,15.0
2995,main_green,main_green,54,281.0,8.73403587670613,12,2,2,8.0,10.0,11.0,15.0
2996,main_green,main_green,55,294.0,8.51228994493245,14,2,2,8.0,10.0,11.0,15.0
2997,main_green,main_green,55,310.0,8.623786333670608,16,2,2,8.0,10.0,11.0,15.0
2998,main_green,main_green,55,326.0,8.836023696896234,16,2,2,8.0,10.0,11.0,15.0
2999,main_green,main_green,56,342.0,8.663358272253964,17,2,2,8.0,10.0,11.0,15.0
3000,main_green,main_green,61,358.0,8.104482722496595,21,2,2,8.0,8.0,9.0,11.0
3001,main_green,main_green,61,374.0,8.38786090003621,16,2,2,8.0,8.0,9.0,11.0
3002,main_green,main_green,61,390.0,8.488872146509651,16,2,2,8.0,8.0,9.0,11.0
3003,main_green,main_green,61,406.0,8.640802035059025,16,2,2,8.0,8.0,9.0,11.0
3004,main_green,main_green,63,422.0,8.391914815918977,18,2,2,8.0,8.0,9.0,11.0
3005,main_green,main_green,63,438.0,8.329871078772143,16,2,2,8.0,8.0,9.0,11.0
3006,main_green,main_green,63,455.0,8.440128582664418,17,2,2,8.0,8.0,9.0,11.0
3007,main_green,main_green,63,473.0,8.60676156343722,18,2,2,8.0,8.0,9.0,11.0
3008,main_green,main_green,63,492.0,8.367752154502956,20,2,2,8.0,8.0,9.0,11.0
3009,main_green,main_green,63,512.0,8.299528750300878,21,2,2,8.0,8.0,9.0,11.0
3010,yellow_transition,yellow_transition,62,532.0,8.237694206340764,20,3,3,12.0,10.0,9.0,5.0
3011,yellow_transition,yellow_transition,62,552.0,8.256868514472869,20,3,3,12.0,10.0,9.0,5.0
3012,yellow_transition,yellow_transition,66,572.0,7.372576925772885,25,3,3,12.0,10.0,9.0,5.0
3013,side_green,side_green,64,219.0,7.606065424317379,12,0,0,12.0,10.0,9.0,5.0
3014,side_green,side_green,64,31.0,7.847105368372021,6,0,0,12.0,10.0,9.0,5.0
3015,side_green,side_green,62,3.0,8.151443459426282,2,0,0,12.0,10.0,9.0,5.0
3016,side_green,side_green,62,5.0,8.65261922528666,3,0,0,12.0,10.0,9.0,5.0
3017,side_green,side_green,61,8.0,9.172567985370534,3,0,0,12.0,10.0,9.0,5.0
3018,side_green,side_green,61,11.0,9.791568534471528,3,0,0,12.0,10.0,9.0,5.0
3019,side_green,side_green,60,16.0,10.045158252463908,6,0,0,12.0,10.0,9.0,5.0
3020,side_green,side_green,61,22.0,10.216468602086428,7,0,0,12.0,10.0,9.0,5.0
3021,side_green,side_green,61,29.0,10.475617147601124,7,0,0,12.0,10.0,9.0,5.0
3022,side_green,side_green,61,37.0,10.278889625265357,8,0,0,12.0,10.0,9.0,5.0
3023,yellow_transition,yellow_transition,60,45.0,10.165995581939969,8,1,1,-16.0,8.0,-17.0,5.0
3024,yellow_transition,yellow_transition,64,54.0,9.163347950962105,14,1,1,-16.0,8.0,-17.0,5.0
3025,yellow_transition,yellow_transition,65,66.0,8.877531634492454,13,1,1,-16.0,8.0,-17.0,5.0
3026,main_green,main_green,65,9.0,9.26012899290744,4,2,2,-16.0,8.0,-17.0,5.0
3027,main_green,main_green,64,0.0,9.706901718830878,0,2,2,-16.0,8.0,-17.0,5.0
3028,main_green,main_green,65,0.0,9.9947440495876,1,2,2,-16.0,8.0,-17.0,5.0
3029,main_green,main_green,63,0.0,10.296168964358813,0,2,2,-16.0,8.0,-17.0,5.0
3030,main_green,main_green,64,0.0,10.463070673165854,1,2,2,-16.0,8.0,-17.0,5.0
3031,main_green,main_green,60,0.0,10.637316200702914,0,2,2,-16.0,8.0,-17.0,5.0
3032,main_green,main_green,58,0.0,10.910686580134701,1,2,2,-16.0,8.0,-17.0,5.0
3033,main_green,main_green,53,2.0,11.262552809034247,2,2,2,-16.0,8.0,-17.0,5.0
3034,main_green,main_green,49,6.0,11.379645943317446,4,2,2,-16.0,8.0,-17.0,5.0
3035,main_green,main_green,48,10.0,11.173459395833547,5,2,2,-16.0,8.0,-17.0,5.0
3036,main_green,main_green,49,14.0,9.977842607504694,9,2,2,-6.0,6.0,-6.0,8.0
3037,main_green,main_green,46,18.0,10.227285489424684,4,2,2,-6.0,6.0,-6.0,8.0
3038,main_green,main_green,46,22.0,10.552856870482886,4,2,2,-6.0,6.0,-6.0,8.0
3039,main_green,main_green,46,26.0,10.771179360757221,4,2,2,-6.0,6.0,-6.0,8.0
3040,main_green,main_green,48,30.0,10.407081868429941,6,2,2,-6.0,6.0,-6.0,8.0
3041,main_green,main_green,48,34.0,10.661614230491711,4,2,2,-6.0,6.0,-6.0,8.0
3042,main_green,main_green,48,38.0,10.65299199994949,4,2,2,-6.0,6.0,-6.0,8.0
3043,main_green,main_green,48,42.0,10.457162374711272,4,2,2,-6.0,6.0,-6.0,8.0
3044,main_green,main_green,49,46.0,10.247488706176751,5,2,2,-6.0,6.0,-6.0,8.0
3045,main_green,main_green,50,53.0,10.09666833282948,8,2,2,-6.0,6.0,-6.0,8.0
3046,main_green,main_green,50,60.0,10.273162249894963,7,2,2,-1.0,11.0,0.0,14.0
3047,main_green,main_green,50,68.0,10.504479180537285,8,2,2,-1.0,11.0,0.0,14.0
3048,main_green,main_green,55,76.0,9.631382724213058,13,2,2,-1.0,11.0,0.0,14.0
3049,main_green,main_green,55,84.0,9.838497820655393,8,2,2,-1.0,11.0,0.0,14.0
3050,main_green,main_green,56,92.0,9.827031084168917,9,2,2,-1.0,11.0,0.0,14.0
3051,main_green,main_green,55,100.0,9.963646754175768,8,2,2,-1.0,11.0,0.0,14.0
3052,main_green,main_green,53,108.0,9.690292236008657,9,2,2,-1.0,11.0,0.0,14.0
3053,main_green,main_green,53,116.0,9.647024289710759,8,2,2,-1.0,11.0,0.0,14.0
3054,main_green,main_green,51,124.0,9.546018696599205,8,2,2,-1.0,11.0,0.0,14.0
3055,main_green,main_green,51,133.0,9.27763490114555,10,2,2,-1.0,11.0,0.0,14.0
3056,main_green,main_green,49,143.0,9.02093472520003,11,2,2,7.0,13.0,6.0,12.0
3057,main_green,main_green,49,154.0,9.13835065784775,11,2,2,7.0,13.0,6.0,12.0
3058,main_green,main_green,48,166.0,9.134708653221203,12,2,2,7.0,13.0,6.0,12.0
3059,main_green,main_green,48,178.0,9.307588125888353,12,2,2,7.0,13.0,6.0,12.0
3060,main_green,main_green,53,190.0,8.480966007087156,17,2,2,7.0,13.0,6.0,12.0
3061,main_green,main_green,54,202.0,8.541209055828226,13,2,2,7.0,13.0,6.0,12.0
3062,main_green,main_green,54,214.0,8.902075070065864,12,2,2,7.0,13.0,6.0,12.0
3063,main_green,main_green,54,226.0,8.988760348314234,12,2,2,7.0,13.0,6.0,12.0
3064,main_green,main_green,55,238.0,8.779932799970226,13,2,2,7.0,13.0,6.0,12.0
3065,main_green,main_green,55,250.0,8.925837140650305,12,2,2,7.0,13.0,6.0,12.0
3066,yellow_transition,yellow_transition,56,262.0,8.78238630093892,13,3,3,9.0,9.0,8.0,6.0
3067,yellow_transition,yellow_transition,56,274.0,8.704909136620076,12,3,3,9.0,9.0,8.0,6.0
3068,yellow_transition,yellow_transition,57,288.0,8.56670792169473,15,3,3,9.0,9.0,8.0,6.0
3069,main_green,side_green,57,182.0,8.776221588322764,11,2,0,9.0,9.0,8.0,6.0
3070,main_green,side_green,57,164.0,8.920551886832415,9,2,0,9.0,9.0,8.0,6.0
3071,main_green,side_green,58,173.0,9.16678260010261,10,2,0,9.0,9.0,8.0,6.0
3072,main_green,side_green,63,182.0,8.809573446414603,14,2,0,9.0,9.0,8.0,6.0
3073,main_green,side_green,63,191.0,9.313603009818632,9,2,0,9.0,9.0,8.0,6.0
3074,main_green,side_green,62,200.0,9.467518572692553,9,2,0,9.0,9.0,8.0,6.0
3075,main_green,side_green,60,210.0,9.542690162098346,10,2,0,9.0,9.0,8.0,6.0
3076,main_green,side_green,62,220.0,9.372374814888884,12,2,0,9.0,9.0,8.0,6.0
3077,main_green,side_green,61,230.0,9.434106931066927,10,2,0,9.0,9.0,8.0,6.0
3078,main_green,side_green,61,240.0,9.526914486680582,10,2,0,9.0,9.0,8.0,6.0
3079,yellow_transition,yellow_transition,60,252.0,9.382780075839971,12,3,1,8.0,0.0,-11.0,17.0
3080,yellow_transition,yellow_transition,58,264.0,8.934309593618822,13,3,1,8.0,0.0,-11.0,17.0
3081,yellow_transition,yellow_transition,57,278.0,8.492833800799062,15,3,1,8.0,0.0,-11.0,17.0
3082,side_green,main_green,56,92.0,8.701865747485503,8,0,2,8.0,0.0,-11.0,17.0
3083,side_green,main_green,56,8.0,9.075985677973346,2,0,2,8.0,0.0,-11.0,17.0
3084,side_green,main_green,61,0.0,8.85783110842933,5,0,2,8.0,0.0,-11.0,17.0
3085,side_green,main_green,60,0.0,9.33637780230704,0,0,2,8.0,0.0,-11.0,17.0
3086,side_green,main_green,60,1.0,9.893532160877555,2,0,2,8.0,0.0,-11.0,17.0
3087,side_green,main_green,57,2.0,10.303577284784406,1,0,2,8.0,0.0,-11.0,17.0
3088,side_green,main_green,57,3.0,10.504540805515827,2,0,2,8.0,0.0,-11.0,17.0
3089,side_green,main_green,57,4.0,10.751742369741923,1,0,2,8.0,0.0,-11.0,17.0
3090,side_green,main_green,53,7.0,10.66433925217223,3,0,2,8.0,0.0,-11.0,17.0
3091,side_green,main_green,53,11.0,10.512645547722606,5,0,2,8.0,0.0,-11.0,17.0
3092,yellow_transition,yellow_transition,54,16.0,10.548780165859883,6,1,3,-14.0,12.0,-6.0,2.0
3093,yellow_transition,yellow_transition,52,23.0,10.367481179157936,7,1,3,-14.0,12.0,-6.0,2.0
3094,yellow_transition,yellow_transition,52,30.0,10.353377118953018,7,1,3,-14.0,12.0,-6.0,2.0
3095,main_green,main_green,51,11.0,10.599327478726787,3,2,2,-14.0,12.0,-6.0,2.0
3096,main_green,main_green,56,10.0,9.765182493291647,7,2,2,-14.0,12.0,-6.0,2.0
3097,main_green,main_green,57,12.0,9.99713636106842,3,2,2,-14.0,12.0,-6.0,2.0
3098,main_green,main_green,56,14.0,10.434049149748386,2,2,2,-14.0,12.0,-6.0,2.0
3099,main_green,main_green,56,16.0,10.963897860211492,2,2,2,-14.0,12.0,-6.0,2.0
3100,main_green,main_green,56,18.0,10.906119172107353,3,2,2,-14.0,12.0,-6.0,2.0
3101,main_green,main_green,54,20.0,10.887261654189517,2,2,2,-14.0,12.0,-6.0,2.0
3102,main_green,main_green,51,22.0,10.746072392375535,3,2,2,-14.0,12.0,-6.0,2.0
3103,main_green,main_green,49,24.0,10.61709177544082,2,2,2,-14.0,12.0,-6.0,2.0
3104,main_green,main_green,50,26.0,10.623410925197291,3,2,2,-14.0,12.0,-6.0,2.0
3105,main_green,main_green,48,31.0,10.467406100908663,5,2,2,-4.0,14.0,-3.0,9.0
3106,main_green,main_green,46,36.0,10.591231076321616,5,2,2,-4.0,14.0,-3.0,9.0
3107,main_green,main_green,47,42.0,10.481491997071915,7,2,2,-4.0,14.0,-3.0,9.0
3108,main_green,main_green,51,48.0,9.535428229314416,11,2,2,-4.0,14.0,-3.0,9.0
3109,main_green,main_green,51,54.0,9.741781390642448,6,2,2,-4.0,14.0,-3.0,9.0
3110,main_green,main_green,51,60.0,10.02824896806724,6,2,2,-4.0,14.0,-3.0,9.0
3111,main_green,main_green,49,66.0,10.228132176742585,6,2,2,-4.0,14.0,-3.0,9.0
3112,main_green,main_green,51,72.0,9.899235530646154,8,2,2,-4.0,14.0,-3.0,9.0
3113,main_green,main_green,50,78.0,9.92302981325304,6,2,2,-4.0,14.0,-3.0,9.0
3114,main_green,main_green,48,84.0,9.69747382939502,6,2,2,-4.0,14.0,-3.0,9.0
3115,main_green,main_green,48,90.0,9.64558314873207,6,2,2,-1.0,7.0,9.0,19.0
3116,main_green,main_green,49,98.0,9.503145973397562,9,2,2,-1.0,7.0,9.0,19.0
3117,main_green,main_green,50,107.0,9.356197515506777,10,2,2,-1.0,7.0,9.0,19.0
3118,main_green,main_green,50,117.0,9.629772325597271,10,2,2,-1.0,7.0,9.0,19.0
3119,main_green,main_green,50,127.0,9.610529589309277,10,2,2,-1.0,7.0,9.0,19.0
3120,main_green,main_green,53,137.0,8.624850033307215,15,2,2,-1.0,7.0,9.0,19.0
3121,main_green,main_green,52,147.0,8.887679683065498,10,2,2,-1.0,7.0,9.0,19.0
3122,main_green,main_green,53,157.0,8.905121784996153,11,2,2,-1.0,7.0,9.0,19.0
3123,main_green,main_green,51,167.0,8.95656940796049,10,2,2,-1.0,7.0,9.0,19.0
3124,main_green,main_green,52,177.0,8.968906141340112,11,2,2,-1.0,7.0,9.0,19.0
3125,main_green,main_green,52,187.0,8.979742810677337,10,2,2,2.0,8.0,15.0,21.0
3126,main_green,main_green,52,197.0,9.094534293867987,10,2,2,2.0,8.0,15.0,21.0
3127,main_green,main_green,53,208.0,8.92151928055749,12,2,2,2.0,8.0,15.0,21.0
3128,main_green,main_green,54,221.0,8.717314869497072,14,2,2,2.0,8.0,15.0,21.0
3129,main_green,main_green,54,234.0,8.933912827960599,13,2,2,2.0,8.0,15.0,21.0
3130,main_green,main_green,54,248.0,9.021640441100407,14,2,2,2.0,8.0,15.0,21.0
3131,main_green,main_green,53,262.0,9.01203581208051,14,2,2,2.0,8.0,15.0,21.0
3132,main_green,main_green,57,276.0,8.2678666228836,19,2,2,2.0,8.0,15.0,21.0
3133,main_green,main_green,58,290.0,8.25379605607985,15,2,2,2.0,8.0,15.0,21.0
3134,main_green,main_green,58,304.0,8.505326452504065,14,2,2,2.0,8.0,15.0,21.0
3135,yellow_transition,yellow_transition,58,318.0,8.64843953380266,14,3,3,10.0,12.0,11.0,7.0
3136,yellow_transition,yellow_transition,59,332.0,8.292986297184566,15,3,3,10.0,12.0,11.0,7.0
3137,yellow_transition,yellow_transition,59,346.0,8.095214843868291,14,3,3,10.0,12.0,11.0,7.0
3138,main_green,side_green,58,202.0,7.923061647279284,13,2,0,10.0,12.0,11.0,7.0
3139,main_green,side_green,58,142.0,8.208690384653258,8,2,0,10.0,12.0,11.0,7.0
3140,main_green,side_green,58,148.0,8.381286485850502,9,2,0,10.0,12.0,11.0,7.0
3141,main_green,side_green,58,158.0,8.772593814548916,10,2,0,10.0,12.0,11.0,7.0
3142,main_green,side_green,57,168.0,9.027718993814737,10,2,0,10.0,12.0,11.0,7.0
3143,main_green,side_green,58,178.0,9.088544428793972,11,2,0,10.0,12.0,11.0,7.0
3144,main_green,side_green,63,189.0,8.466969866005618,16,2,0,10.0,12.0,11.0,7.0
3145,main_green,side_green,63,201.0,8.800203703399351,12,2,0,10.0,12.0,11.0,7.0
3146,main_green,side_green,63,214.0,9.067240147736195,13,2,0,10.0,12.0,11.0,7.0
3147,main_green,side_green,62,227.0,9.097668928068028,13,2,0,10.0,12.0,11.0,7.0
3148,yellow_transition,yellow_transition,63,240.0,8.680781287800162,15,3,1,12.0,6.0,-12.0,10.0
3149,yellow_transition,yellow_transition,62,253.0,8.53110822093442,13,3,1,12.0,6.0,-12.0,10.0
3150,yellow_transition,yellow_transition,61,267.0,8.233879692092247,14,3,1,12.0,6.0,-12.0,10.0
3151,side_green,main_green,61,78.0,8.341121117475083,6,0,2,12.0,6.0,-12.0,10.0
3152,side_green,main_green,59,5.0,8.181867470392776,4,0,2,12.0,6.0,-12.0,10.0
3153,side_green,main_green,60,7.0,8.626993149986507,4,0,2,12.0,6.0,-12.0,10.0
3154,side_green,main_green,60,10.0,9.09493204014504,3,0,2,12.0,6.0,-12.0,10.0
3155,side_green,main_green,59,14.0,9.706037231617522,4,0,2,12.0,6.0,-12.0,10.0
3156,side_green,main_green,62,20.0,9.260082849725288,11,0,2,12.0,6.0,-12.0,10.0
3157,side_green,main_green,59,26.0,9.678188544510371,6,0,2,12.0,6.0,-12.0,10.0
3158,side_green,main_green,59,32.0,9.916252719234535,7,0,2,12.0,6.0,-12.0,10.0
3159,side_green,main_green,56,38.0,9.884573582624926,6,0,2,12.0,6.0,-12.0,10.0
3160,side_green,main_green,56,46.0,9.79543202597544,9,0,2,12.0,6.0,-12.0,10.0
3161,yellow_transition,yellow_transition,54,54.0,9.739278125945546,8,1,3,-7.0,21.0,-3.0,1.0
3162,yellow_transition,yellow_transition,53,62.0,9.59269658099235,8,1,3,-7.0,21.0,-3.0,1.0
3163,yellow_transition,yellow_transition,54,70.0,9.113535912469699,9,1,3,-7.0,21.0,-3.0,1.0
3164,main_green,main_green,55,39.0,9.102166286739033,7,2,2,-7.0,21.0,-3.0,1.0
3165,main_green,main_green,55,29.0,9.447962052102698,5,2,2,-7.0,21.0,-3.0,1.0
3166,main_green,main_green,55,34.0,9.81515832222802,5,2,2,-7.0,21.0,-3.0,1.0
3167,main_green,main_green,55,39.0,10.28924000140187,5,2,2,-7.0,21.0,-3.0,1.0
3168,main_green,main_green,60,44.0,9.727840593909013,10,2,2,-7.0,21.0,-3.0,1.0
3169,main_green,main_green,58,49.0,9.810453103301365,6,2,2,-7.0,21.0,-3.0,1.0
3170,main_green,main_green,56,54.0,10.14602032329533,5,2,2,-7.0,21.0,-3.0,1.0
3171,main_green,main_green,55,59.0,10.442533335608028,5,2,2,-7.0,21.0,-3.0,1.0
3172,main_green,main_green,54,64.0,10.273288173030876,6,2,2,-7.0,21.0,-3.0,1.0
3173,main_green,main_green,53,69.0,10.44799516802118,5,2,2,-7.0,21.0,-3.0,1.0
3174,main_green,main_green,52,74.0,10.170843380893206,6,2,2,-2.0,12.0,1.0,5.0
3175,main_green,main_green,52,79.0,10.133502661447782,5,2,2,-2.0,12.0,1.0,5.0
3176,main_green,main_green,53,86.0,9.862638099741542,8,2,2,-2.0,12.0,1.0,5.0
3177,main_green,main_green,50,95.0,9.796784876149289,9,2,2,-2.0,12.0,1.0,5.0
3178,main_green,main_green,50,104.0,9.820068361985113,9,2,2,-2.0,12.0,1.0,5.0
3179,main_green,main_green,51,113.0,9.75407758065218,10,2,2,-2.0,12.0,1.0,5.0
3180,main_green,main_green,54,122.0,8.916695465478764,14,2,2,-2.0,12.0,1.0,5.0
3181,main_green,main_green,54,131.0,9.269477077879717,9,2,2,-2.0,12.0,1.0,5.0
3182,main_green,main_green,54,140.0,9.503484845872688,9,2,2,-2.0,12.0,1.0,5.0
3183,main_green,main_green,54,149.0,9.643301141852827,9,2,2,-2.0,12.0,1.0,5.0
3184,main_green,main_green,55,158.0,9.191885086339399,11,2,2,-2.0,4.0,11.0,17.0
3185,main_green,main_green,55,167.0,9.58532946668313,9,2,2,-2.0,4.0,11.0,17.0
3186,main_green,main_green,54,176.0,9.566567548887997,9,2,2,-2.0,4.0,11.0,17.0
3187,main_green,main_green,54,185.0,9.415598643800323,9,2,2,-2.0,4.0,11.0,17.0
3188,main_green,main_green,54,196.0,9.119294904058421,12,2,2,-2.0,4.0,11.0,17.0
3189,main_green,main_green,55,207.0,9.077257604386446,12,2,2,-2.0,4.0,11.0,17.0
3190,main_green,main_green,54,219.0,9.154403821149364,12,2,2,-2.0,4.0,11.0,17.0
3191,main_green,main_green,52,232.0,9.053102204768765,13,2,2,-2.0,4.0,11.0,17.0
3192,main_green,main_green,57,245.0,8.471426378038641,18,2,2,-2.0,4.0,11.0,17.0
3193,main_green,main_green,56,258.0,8.60350274944676,13,2,2,-2.0,4.0,11.0,17.0
3194,yellow_transition,yellow_transition,56,271.0,8.67913630670872,14,3,3,7.0,13.0,14.0,12.0
3195,yellow_transition,yellow_transition,56,284.0,8.675550146184424,13,3,3,7.0,13.0,14.0,12.0
3196,yellow_transition,yellow_transition,57,297.0,8.249972979212883,14,3,3,7.0,13.0,14.0,12.0
3197,main_green,side_green,57,154.0,8.317816756711906,9,2,0,7.0,13.0,14.0,12.0
3198,main_green,side_green,57,95.0,8.32053329603707,5,2,0,7.0,13.0,14.0,12.0
3199,main_green,side_green,58,101.0,8.353698970302403,7,2,0,7.0,13.0,14.0,12.0
3200,main_green,side_green,57,109.0,8.272442899308215,9,2,0,7.0,13.0,14.0,12.0
3201,main_green,side_green,57,120.0,8.483242948508687,11,2,0,7.0,13.0,14.0,12.0
3202,main_green,side_green,56,132.0,8.767281750211081,12,2,0,7.0,13.0,14.0,12.0
3203,main_green,side_green,56,144.0,9.034417137993207,12,2,0,7.0,13.0,14.0,12.0
3204,main_green,side_green,60,156.0,8.412558854222913,17,2,0,7.0,13.0,14.0,12.0
3205,main_green,side_green,61,168.0,8.42331484130923,13,2,0,7.0,13.0,14.0,12.0
3206,main_green,side_green,61,181.0,8.770695341707148,13,2,0,7.0,13.0,14.0,12.0
3207,yellow_transition,yellow_transition,61,195.0,8.845143559984486,14,3,1,7.0,3.0,-9.0,19.0
3208,yellow_transition,yellow_transition,62,209.0,8.601441471314395,15,3,1,7.0,3.0,-9.0,19.0
3209,yellow_transition,yellow_transition,62,223.0,8.427156343886574,14,3,1,7.0,3.0,-9.0,19.0
3210,side_green,main_green,63,66.0,8.492226399030908,8,0,2,7.0,3.0,-9.0,19.0
3211,side_green,main_green,63,8.0,8.70460142952531,3,0,2,7.0,3.0,-9.0,19.0
3212,side_green,main_green,63,3.0,8.78588302058099,4,0,2,7.0,3.0,-9.0,19.0
3213,side_green,main_green,61,7.0,9.110022259684001,4,0,2,7.0,3.0,-9.0,19.0
3214,side_green,main_green,61,11.0,9.496258340171252,4,0,2,7.0,3.0,-9.0,19.0
3215,side_green,main_green,60,16.0,10.007399786390511,6,0,2,7.0,3.0,-9.0,19.0
3216,side_green,main_green,63,21.0,9.591896548294043,10,0,2,7.0,3.0,-9.0,19.0
3217,side_green,main_green,61,26.0,10.017608656673197,5,0,2,7.0,3.0,-9.0,19.0
3218,side_green,main_green,58,31.0,10.23317952975979,5,0,2,7.0,3.0,-9.0,19.0
3219,side_green,main_green,58,36.0,10.264751887433425,5,0,2,7.0,3.0,-9.0,19.0
3220,yellow_transition,yellow_transition,58,42.0,9.803203662220028,8,1,3,-10.0,12.0,-3.0,1.0
3221,yellow_transition,yellow_transition,56,48.0,9.604492906125724,6,1,3,-10.0,12.0,-3.0,1.0
3222,yellow_transition,yellow_transition,56,55.0,9.47141746179511,7,1,3,-10.0,12.0,-3.0,1.0
3223,main_green,main_green,56,27.0,9.428218523515126,4,2,2,-10.0,12.0,-3.0,1.0
3224,main_green,main_green,57,27.0,9.513623218069812,4,2,2,-10.0,12.0,-3.0,1.0
3225,main_green,main_green,58,32.0,9.561937888104946,6,2,2,-10.0,12.0,-3.0,1.0
3226,main_green,main_green,58,38.0,9.964292352766279,6,2,2,-10.0,12.0,-3.0,1.0
3227,main_green,main_green,57,44.0,10.420086054918837,6,2,2,-10.0,12.0,-3.0,1.0
3228,main_green,main_green,61,50.0,9.820359123126225,11,2,2,-10.0,12.0,-3.0,1.0
3229,main_green,main_green,59,56.0,10.095777118407051,6,2,2,-10.0,12.0,-3.0,1.0
3230,main_green,main_green,58,62.0,10.18565139980658,7,2,2,-10.0,12.0,-3.0,1.0
3231,main_green,main_green,57,68.0,10.348016481647175,6,2,2,-10.0,12.0,-3.0,1.0
3232,main_green,main_green,55,74.0,10.170294637270668,7,2,2,-10.0,12.0,-3.0,1.0
3233,main_green,main_green,55,80.0,10.118155260998416,6,2,2,2.0,20.0,-2.0,2.0
3234,main_green,main_green,52,86.0,9.978697074574423,6,2,2,2.0,20.0,-2.0,2.0
3235,main_green,main_green,53,93.0,9.876130470175,8,2,2,2.0,20.0,-2.0,2.0
3236,main_green,main_green,53,100.0,9.730931582943825,8,2,2,2.0,20.0,-2.0,2.0
3237,main_green,main_green,53,110.0,9.795544510715576,10,2,2,2.0,20.0,-2.0,2.0
3238,main_green,main_green,52,120.0,9.869758421035566,10,2,2,2.0,20.0,-2.0,2.0
3239,main_green,main_green,52,130.0,10.113632772963095,10,2,2,2.0,20.0,-2.0,2.0
3240,main_green,main_green,56,140.0,9.162715587450363,15,2,2,2.0,20.0,-2.0,2.0
3241,main_green,main_green,57,150.0,9.161758022673604,11,2,2,2.0,20.0,-2.0,2.0
3242,main_green,main_green,55,160.0,9.408967254795877,10,2,2,2.0,20.0,-2.0,2.0
3243,main_green,main_green,55,170.0,9.734939070790647,10,2,2,2.0,6.0,10.0,16.0
3244,main_green,main_green,54,180.0,9.271774605542715,11,2,2,2.0,6.0,10.0,16.0
3245,main_green,main_green,54,190.0,9.505074763390656,10,2,2,2.0,6.0,10.0,16.0
3246,main_green,main_green,54,200.0,9.124011875929895,11,2,2,2.0,6.0,10.0,16.0
3247,main_green,main_green,53,211.0,9.051488303174374,11,2,2,2.0,6.0,10.0,16.0
3248,main_green,main_green,54,224.0,9.022026136035745,14,2,2,2.0,6.0,10.0,16.0
3249,main_green,main_green,53,238.0,9.05097407382859,14,2,2,2.0,6.0,10.0,16.0
3250,main_green,main_green,52,252.0,9.030493010014483,14,2,2,2.0,6.0,10.0,16.0
3251,main_green,main_green,52,266.0,8.77938433444284,15,2,2,2.0,6.0,10.0,16.0
3252,main_green,main_green,57,280.0,8.20003295758832,19,2,2,2.0,6.0,10.0,16.0
3253,yellow_transition,yellow_transition,56,294.0,8.22876989206869,14,3,3,8.0,12.0,15.0,13.0
3254,yellow_transition,yellow_transition,56,308.0,8.201210983010748,14,3,3,8.0,12.0,15.0,13.0
3255,yellow_transition,yellow_transition,56,323.0,8.053746416132803,15,3,3,8.0,12.0,15.0,13.0
3256,main_green,side_green,58,185.0,7.907173127178725,13,2,0,8.0,12.0,15.0,13.0
3257,main_green,side_green,58,133.0,8.267514499228994,7,2,0,8.0,12.0,15.0,13.0
3258,main_green,side_green,57,141.0,8.428614692808324,8,2,0,8.0,12.0,15.0,13.0
3259,main_green,side_green,56,151.0,8.545263391869751,10,2,0,8.0,12.0,15.0,13.0
3260,main_green,side_green,57,161.0,8.637739708848969,11,2,0,8.0,12.0,15.0,13.0
3261,main_green,side_green,58,171.0,8.776347253081289,11,2,0,8.0,12.0,15.0,13.0
3262,main_green,side_green,58,184.0,9.15621373919937,13,2,0,8.0,12.0,15.0,13.0
3263,main_green,side_green,57,198.0,9.234822477598119,14,2,0,8.0,12.0,15.0,13.0
3264,main_green,side_green,62,212.0,8.652663701907311,19,2,0,8.0,12.0,15.0,13.0
3265,main_green,side_green,60,226.0,8.572257661699977,14,2,0,8.0,12.0,15.0,13.0
3266,yellow_transition,yellow_transition,61,240.0,8.510889488931435,15,3,1,10.0,4.0,-8.0,18.0
3267,yellow_transition,yellow_transition,61,255.0,8.599321161101964,15,3,1,10.0,4.0,-8.0,18.0
3268,yellow_transition,yellow_transition,62,270.0,8.336684294018344,16,3,1,10.0,4.0,-8.0,18.0
3269,side_green,main_green,62,83.0,8.399762049548853,8,0,2,10.0,4.0,-8.0,18.0
3270,side_green,main_green,61,5.0,8.522531354812932,2,0,2,10.0,4.0,-8.0,18.0
3271,side_green,main_green,61,3.0,8.824366504179524,3,0,2,10.0,4.0,-8.0,18.0
3272,side_green,main_green,61,6.0,9.137841529210315,4,0,2,10.0,4.0,-8.0,18.0
3273,side_green,main_green,61,10.0,9.631746366118973,4,0,2,10.0,4.0,-8.0,18.0
3274,side_green,main_green,58,14.0,10.049138518797859,4,0,2,10.0,4.0,-8.0,18.0
3275,side_green,main_green,56,18.0,10.525008867345804,4,0,2,10.0,4.0,-8.0,18.0
3276,side_green,main_green,58,23.0,9.853147925295696,10,0,2,10.0,4.0,-8.0,18.0
3277,side_green,main_green,58,29.0,10.03641145436349,7,0,2,10.0,4.0,-8.0,18.0
3278,side_green,main_green,56,35.0,10.096806489483678,6,0,2,10.0,4.0,-8.0,18.0
3279,yellow_transition,yellow_transition,56,41.0,10.205710857327437,6,1,3,-9.0,15.0,-2.0,4.0
3280,yellow_transition,yellow_transition,56,48.0,10.12476730263722,8,1,3,-9.0,15.0,-2.0,4.0
3281,yellow_transition,yellow_transition,55,55.0,9.961237756603918,7,1,3,-9.0,15.0,-2.0,4.0
3282,main_green,main_green,55,24.0,9.782661330261336,4,2,2,-9.0,15.0,-2.0,4.0
3283,main_green,main_green,55,24.0,9.864424824645512,3,2,2,-9.0,15.0,-2.0,4.0
3284,main_green,main_green,56,27.0,9.802849496137886,4,2,2,-9.0,15.0,-2.0,4.0
3285,main_green,main_green,56,31.0,10.135457199348638,4,2,2,-9.0,15.0,-2.0,4.0
3286,main_green,main_green,55,36.0,10.322989327082377,5,2,2,-9.0,15.0,-2.0,4.0
3287,main_green,main_green,52,42.0,10.195035372987483,7,2,2,-9.0,15.0,-2.0,4.0
3288,main_green,main_green,57,48.0,9.605163410393352,11,2,2,-9.0,15.0,-2.0,4.0
3289,main_green,main_green,54,54.0,9.95890454060078,6,2,2,-9.0,15.0,-2.0,4.0
3290,main_green,main_green,53,60.0,10.203558644959056,6,2,2,-9.0,15.0,-2.0,4.0
3291,main_green,main_green,52,66.0,10.395919004183108,6,2,2,-9.0,15.0,-2.0,4.0
3292,main_green,main_green,53,72.0,10.118082433671816,8,2,2,3.0,17.0,-1.0,3.0
3293,main_green,main_green,53,78.0,10.267812003876669,6,2,2,3.0,17.0,-1.0,3.0
3294,main_green,main_green,53,84.0,10.19925423880882,6,2,2,3.0,17.0,-1.0,3.0
3295,main_green,main_green,52,90.0,10.03593018522692,6,2,2,3.0,17.0,-1.0,3.0
3296,main_green,main_green,53,99.0,9.803573681430265,10,2,2,3.0,17.0,-1.0,3.0
3297,main_green,main_green,53,108.0,9.661155078452628,10,2,2,3.0,17.0,-1.0,3.0
3298,main_green,main_green,53,118.0,9.816624193807495,10,2,2,3.0,17.0,-1.0,3.0
3299,main_green,main_green,52,128.0,9.992427961572291,10,2,2,3.0,17.0,-1.0,3.0
3300,main_green,main_green,57,138.0,9.048154017599593,15,2,2,3.0,17.0,-1.0,3.0
3301,main_green,main_green,55,148.0,9.222127720133967,10,2,2,3.0,17.0,-1.0,3.0
3302,main_green,main_green,56,158.0,9.401175856415307,11,2,2,1.0,5.0,11.0,17.0
3303,main_green,main_green,54,168.0,9.50594472999357,10,2,2,1.0,5.0,11.0,17.0
3304,main_green,main_green,55,178.0,9.365061318757371,11,2,2,1.0,5.0,11.0,17.0
3305,main_green,main_green,55,188.0,9.384652502565983,10,2,2,1.0,5.0,11.0,17.0
3306,main_green,main_green,55,198.0,9.280990657293051,10,2,2,1.0,5.0,11.0,17.0
3307,main_green,main_green,54,209.0,9.080210481325032,12,2,2,1.0,5.0,11.0,17.0
3308,main_green,main_green,53,223.0,8.77044201208908,15,2,2,1.0,5.0,11.0,17.0
3309,main_green,main_green,53,237.0,8.955340901939406,14,2,2,1.0,5.0,11.0,17.0
3310,main_green,main_green,53,251.0,9.104589186354547,14,2,2,1.0,5.0,11.0,17.0
3311,main_green,main_green,53,265.0,9.231532859324881,14,2,2,1.0,5.0,11.0,17.0
3312,main_green,main_green,57,279.0,8.34099623961084,19,2,2,3.0,7.0,10.0,12.0
3313,main_green,main_green,58,293.0,8.484834316275162,15,2,2,3.0,7.0,10.0,12.0
3314,main_green,main_green,58,307.0,8.710784124515047,14,2,2,3.0,7.0,10.0,12.0
3315,main_green,main_green,58,321.0,8.88460513496992,14,2,2,3.0,7.0,10.0,12.0
3316,main_green,main_green,58,335.0,8.655635732114325,15,2,2,3.0,7.0,10.0,12.0
3317,main_green,main_green,58,349.0,8.670713894457004,14,2,2,3.0,7.0,10.0,12.0
3318,main_green,main_green,57,363.0,8.32413402616179,15,2,2,3.0,7.0,10.0,12.0
3319,main_green,main_green,57,378.0,8.388521554526568,15,2,2,3.0,7.0,10.0,12.0
3320,main_green,main_green,57,395.0,8.303292389939159,18,2,2,3.0,7.0,10.0,12.0
3321,main_green,main_green,57,413.0,8.390718273968405,18,2,2,3.0,7.0,10.0,12.0
3322,yellow_transition,yellow_transition,56,431.0,8.419540999542162,18,3,3,10.0,12.0,12.0,8.0
3323,yellow_transition,yellow_transition,56,449.0,8.198313121397389,19,3,3,10.0,12.0,12.0,8.0
3324,yellow_transition,yellow_transition,61,467.0,7.382424403025295,23,3,3,10.0,12.0,12.0,8.0
3325,main_green,side_green,61,298.0,7.909772016181463,14,2,0,10.0,12.0,12.0,8.0
3326,main_green,side_green,61,215.0,8.275777697309648,11,2,0,10.0,12.0,12.0,8.0
3327,main_green,side_green,61,209.0,8.574155206872176,9,2,0,10.0,12.0,12.0,8.0
3328,main_green,side_green,63,218.0,8.458200937519424,11,2,0,10.0,12.0,12.0,8.0
3329,main_green,side_green,63,228.0,8.777550855834766,10,2,0,10.0,12.0,12.0,8.0
3330,main_green,side_green,63,238.0,9.129776367000824,10,2,0,10.0,12.0,12.0,8.0
3331,main_green,side_green,61,249.0,9.216472480279306,11,2,0,10.0,12.0,12.0,8.0
3332,main_green,side_green,61,262.0,9.102416355677011,14,2,0,10.0,12.0,12.0,8.0
3333,main_green,side_green,60,275.0,8.887506279704802,14,2,0,10.0,12.0,12.0,8.0
3334,main_green,side_green,60,288.0,8.975045679479173,13,2,0,10.0,12.0,12.0,8.0
3335,yellow_transition,yellow_transition,59,303.0,8.978610088587121,15,3,1,11.0,5.0,-14.0,14.0
3336,yellow_transition,yellow_transition,62,318.0,7.903752749206709,20,3,1,11.0,5.0,-14.0,14.0
3337,yellow_transition,yellow_transition,62,333.0,7.954699211202632,15,3,1,11.0,5.0,-14.0,14.0
3338,side_green,main_green,63,120.0,8.10659566388639,9,0,2,11.0,5.0,-14.0,14.0
3339,side_green,main_green,61,18.0,8.333165947408101,3,0,2,11.0,5.0,-14.0,14.0
3340,side_green,main_green,62,3.0,8.709250482917161,3,0,2,11.0,5.0,-14.0,14.0
3341,side_green,main_green,62,5.0,9.207888813509614,2,0,2,11.0,5.0,-14.0,14.0
3342,side_green,main_green,62,7.0,9.791444499189208,2,0,2,11.0,5.0,-14.0,14.0
3343,side_green,main_green,61,9.0,10.122485597713922,3,0,2,11.0,5.0,-14.0,14.0
3344,side_green,main_green,61,12.0,10.340158878308637,4,0,2,11.0,5.0,-14.0,14.0
3345,side_green,main_green,59,16.0,10.740808033985383,4,0,2,11.0,5.0,-14.0,14.0
3346,side_green,main_green,57,22.0,10.797261915543322,6,0,2,11.0,5.0,-14.0,14.0
3347,side_green,main_green,55,28.0,10.885869195842247,6,0,2,11.0,5.0,-14.0,14.0
3348,yellow_transition,yellow_transition,59,34.0,10.003461291154805,11,1,3,-14.0,14.0,-8.0,-2.0
3349,yellow_transition,yellow_transition,58,40.0,9.837801982630518,7,1,3,-14.0,14.0,-8.0,-2.0
3350,yellow_transition,yellow_transition,56,47.0,9.767000573883397,7,1,3,-14.0,14.0,-8.0,-2.0
3351,main_green,main_green,56,23.0,10.163609630311344,4,2,2,-14.0,14.0,-8.0,-2.0
3352,main_green,main_green,57,16.0,10.184344762909408,4,2,2,-14.0,14.0,-8.0,-2.0
3353,main_green,main_green,56,17.0,10.391206211701844,2,2,2,-14.0,14.0,-8.0,-2.0
3354,main_green,main_green,57,19.0,10.283594571216703,3,2,2,-14.0,14.0,-8.0,-2.0
3355,main_green,main_green,57,21.0,10.478304923479776,2,2,2,-14.0,14.0,-8.0,-2.0
3356,main_green,main_green,55,26.0,10.312558014308626,6,2,2,-14.0,14.0,-8.0,-2.0
3357,main_green,main_green,53,31.0,10.525860483208472,5,2,2,-14.0,14.0,-8.0,-2.0
3358,main_green,main_green,49,36.0,10.535615630817485,5,2,2,-14.0,14.0,-8.0,-2.0
3359,main_green,main_green,50,41.0,10.49184275722357,6,2,2,-14.0,14.0,-8.0,-2.0
3360,main_green,main_green,53,47.0,9.474260054777492,11,2,2,-14.0,14.0,-8.0,-2.0
3361,main_green,main_green,50,53.0,9.651420935091037,6,2,2,1.0,17.0,1.0,9.0
3362,main_green,main_green,50,59.0,9.91262469394099,6,2,2,1.0,17.0,1.0,9.0
3363,main_green,main_green,49,65.0,10.125339262994219,6,2,2,1.0,17.0,1.0,9.0
3364,main_green,main_green,50,71.0,9.804481501774728,8,2,2,1.0,17.0,1.0,9.0
3365,main_green,main_green,49,77.0,9.881949797904122,6,2,2,1.0,17.0,1.0,9.0
3366,main_green,main_green,49,83.0,9.91498417376214,6,2,2,1.0,17.0,1.0,9.0
3367,main_green,main_green,48,90.0,9.786484039427988,7,2,2,1.0,17.0,1.0,9.0
3368,main_green,main_green,49,98.0,9.579255723775116,9,2,2,1.0,17.0,1.0,9.0
3369,main_green,main_green,50,106.0,9.427799915254672,9,2,2,1.0,17.0,1.0,9.0
3370,main_green,main_green,50,116.0,9.564898861134685,10,2,2,1.0,17.0,1.0,9.0
3371,main_green,main_green,49,126.0,9.642781699867351,10,2,2,-3.0,9.0,7.0,19.0
3372,main_green,main_green,54,136.0,8.920056629031949,15,2,2,-3.0,9.0,7.0,19.0
3373,main_green,main_green,52,146.0,9.061546338457608,10,2,2,-3.0,9.0,7.0,19.0
3374,main_green,main_green,53,156.0,9.0640857893738,11,2,2,-3.0,9.0,7.0,19.0
3375,main_green,main_green,52,166.0,9.231205680853193,10,2,2,-3.0,9.0,7.0,19.0
3376,main_green,main_green,53,176.0,9.081744360577673,11,2,2,-3.0,9.0,7.0,19.0
3377,main_green,main_green,53,186.0,9.243735638594288,10,2,2,-3.0,9.0,7.0,19.0
3378,main_green,main_green,52,196.0,9.111427114928137,10,2,2,-3.0,9.0,7.0,19.0
3379,main_green,main_green,53,206.0,8.981184044094414,11,2,2,-3.0,9.0,7.0,19.0
3380,main_green,main_green,54,218.0,8.736100207732568,13,2,2,-3.0,9.0,7.0,19.0
3381,main_green,main_green,54,231.0,8.956744566966753,13,2,2,0.0,6.0,14.0,22.0
3382,main_green,main_green,54,245.0,8.969739598737819,14,2,2,0.0,6.0,14.0,22.0
3383,main_green,main_green,54,259.0,9.01652415599829,14,2,2,0.0,6.0,14.0,22.0
3384,main_green,main_green,59,273.0,8.39203674917074,19,2,2,0.0,6.0,14.0,22.0
3385,main_green,main_green,60,287.0,8.410341300568977,15,2,2,0.0,6.0,14.0,22.0
3386,main_green,main_green,60,301.0,8.627525921016325,14,2,2,0.0,6.0,14.0,22.0
3387,main_green,main_green,59,315.0,8.848647176450507,14,2,2,0.0,6.0,14.0,22.0
3388,main_green,main_green,60,329.0,8.690796438606185,15,2,2,0.0,6.0,14.0,22.0
3389,main_green,main_green,59,343.0,8.74621759717436,14,2,2,0.0,6.0,14.0,22.0
3390,main_green,main_green,59,357.0,8.510734927675633,15,2,2,0.0,6.0,14.0,22.0
3391,yellow_transition,yellow_transition,58,371.0,8.477164593931176,14,3,3,9.0,9.0,11.0,7.0
3392,yellow_transition,yellow_transition,59,388.0,8.213514915860513,18,3,3,9.0,9.0,11.0,7.0
3393,yellow_transition,yellow_transition,58,405.0,8.193902166024623,17,3,3,9.0,9.0,11.0,7.0
3394,main_green,side_green,58,249.0,8.339823415063032,13,2,0,9.0,9.0,11.0,7.0
3395,main_green,side_green,59,180.0,8.329776063845728,11,2,0,9.0,9.0,11.0,7.0
3396,main_green,side_green,64,180.0,7.893775166556105,13,2,0,9.0,9.0,11.0,7.0
3397,main_green,side_green,64,189.0,8.232249759257598,9,2,0,9.0,9.0,11.0,7.0
3398,main_green,side_green,64,199.0,8.86398875279886,10,2,0,9.0,9.0,11.0,7.0
3399,main_green,side_green,64,210.0,9.162750799875537,11,2,0,9.0,9.0,11.0,7.0
3400,main_green,side_green,64,221.0,8.905557892833858,13,2,0,9.0,9.0,11.0,7.0
3401,main_green,side_green,64,232.0,9.056054433508118,11,2,0,9.0,9.0,11.0,7.0
3402,main_green,side_green,64,243.0,9.11408351449645,11,2,0,9.0,9.0,11.0,7.0
3403,main_green,side_green,63,256.0,8.951513945739574,13,2,0,9.0,9.0,11.0,7.0
3404,yellow_transition,yellow_transition,64,270.0,8.715625706497775,15,3,1,11.0,5.0,-16.0,10.0
3405,yellow_transition,yellow_transition,63,285.0,8.398691499527624,16,3,1,11.0,5.0,-16.0,10.0
3406,yellow_transition,yellow_transition,63,302.0,8.299798581966476,17,3,1,11.0,5.0,-16.0,10.0
3407,side_green,main_green,62,99.0,8.557266192655371,9,0,2,11.0,5.0,-16.0,10.0
3408,side_green,main_green,67,11.0,8.319753888428636,7,0,2,11.0,5.0,-16.0,10.0
3409,side_green,main_green,66,1.0,8.916284553723852,1,0,2,11.0,5.0,-16.0,10.0
3410,side_green,main_green,65,3.0,9.215562814511355,3,0,2,11.0,5.0,-16.0,10.0
3411,side_green,main_green,63,5.0,9.710887025408827,2,0,2,11.0,5.0,-16.0,10.0
3412,side_green,main_green,62,7.0,10.092513436719617,3,0,2,11.0,5.0,-16.0,10.0
3413,side_green,main_green,61,9.0,10.59512034534242,2,0,2,11.0,5.0,-16.0,10.0
3414,side_green,main_green,57,12.0,10.866225007797865,3,0,2,11.0,5.0,-16.0,10.0
3415,side_green,main_green,57,15.0,10.620890551896984,4,0,2,11.0,5.0,-16.0,10.0
3416,side_green,main_green,57,20.0,10.513945438262356,6,0,2,11.0,5.0,-16.0,10.0
3417,yellow_transition,yellow_transition,54,26.0,10.323127969183203,6,1,3,-11.0,17.0,-10.0,0.0
3418,yellow_transition,yellow_transition,53,32.0,10.357200834331046,6,1,3,-11.0,17.0,-10.0,0.0
3419,yellow_transition,yellow_transition,52,38.0,10.150996075999347,6,1,3,-11.0,17.0,-10.0,0.0
3420,main_green,main_green,56,10.0,9.409945011821195,8,2,2,-11.0,17.0,-10.0,0.0
3421,main_green,main_green,56,7.0,9.531896495587137,3,2,2,-11.0,17.0,-10.0,0.0
3422,main_green,main_green,56,9.0,10.086684560525475,2,2,2,-11.0,17.0,-10.0,0.0
3423,main_green,main_green,56,11.0,10.39277648089244,2,2,2,-11.0,17.0,-10.0,0.0
3424,main_green,main_green,57,13.0,10.68448164080649,3,2,2,-11.0,17.0,-10.0,0.0
3425,main_green,main_green,56,15.0,10.997297081770752,2,2,2,-11.0,17.0,-10.0,0.0
3426,main_green,main_green,54,17.0,10.841205084851731,3,2,2,-11.0,17.0,-10.0,0.0
3427,main_green,main_green,52,19.0,10.776871255111356,2,2,2,-11.0,17.0,-10.0,0.0
3428,main_green,main_green,52,22.0,10.5251048704747,4,2,2,-11.0,17.0,-10.0,0.0
3429,main_green,main_green,50,28.0,10.710158350962608,6,2,2,-11.0,17.0,-10.0,0.0
3430,main_green,main_green,50,34.0,10.834836545685155,6,2,2,-5.0,15.0,-3.0,9.0
3431,main_green,main_green,49,40.0,10.646253293777265,7,2,2,-5.0,15.0,-3.0,9.0
3432,main_green,main_green,54,46.0,9.731766151358558,11,2,2,-5.0,15.0,-3.0,9.0
3433,main_green,main_green,52,52.0,9.97309380388741,6,2,2,-5.0,15.0,-3.0,9.0
3434,main_green,main_green,51,58.0,10.170748326744919,6,2,2,-5.0,15.0,-3.0,9.0
3435,main_green,main_green,49,64.0,10.37089928048747,6,2,2,-5.0,15.0,-3.0,9.0
3436,main_green,main_green,50,70.0,9.917565837531251,8,2,2,-5.0,15.0,-3.0,9.0
3437,main_green,main_green,49,76.0,10.016119640034676,6,2,2,-5.0,15.0,-3.0,9.0
3438,main_green,main_green,48,82.0,9.966203183458237,6,2,2,-5.0,15.0,-3.0,9.0
3439,main_green,main_green,48,88.0,9.830881682295475,6,2,2,-5.0,15.0,-3.0,9.0
3440,main_green,main_green,49,95.0,9.621720732759368,8,2,2,-2.0,8.0,8.0,18.0
3441,main_green,main_green,49,103.0,9.45651724310158,9,2,2,-2.0,8.0,8.0,18.0
3442,main_green,main_green,49,113.0,9.647636352500635,10,2,2,-2.0,8.0,8.0,18.0
3443,main_green,main_green,49,123.0,9.753354152326308,10,2,2,-2.0,8.0,8.0,18.0
3444,main_green,main_green,54,133.0,8.874571790304406,15,2,2,-2.0,8.0,8.0,18.0
3445,main_green,main_green,54,143.0,9.180183869553487,10,2,2,-2.0,8.0,8.0,18.0
3446,main_green,main_green,52,153.0,9.004121116598755,11,2,2,-2.0,8.0,8.0,18.0
3447,main_green,main_green,52,163.0,9.251112077033708,10,2,2,-2.0,8.0,8.0,18.0
3448,main_green,main_green,53,173.0,9.33724452924457,11,2,2,-2.0,8.0,8.0,18.0
3449,main_green,main_green,53,183.0,9.47007670289874,10,2,2,-2.0,8.0,8.0,18.0
3450,main_green,main_green,53,193.0,9.333912367950322,10,2,2,4.0,8.0,13.0,17.0
3451,main_green,main_green,54,203.0,9.056266016841404,11,2,2,4.0,8.0,13.0,17.0
3452,main_green,main_green,55,215.0,8.947050341544621,13,2,2,4.0,8.0,13.0,17.0
3453,main_green,main_green,55,227.0,9.054473294909458,12,2,2,4.0,8.0,13.0,17.0
3454,main_green,main_green,55,241.0,9.124556007786012,14,2,2,4.0,8.0,13.0,17.0
3455,main_green,main_green,54,255.0,9.153476473609569,14,2,2,4.0,8.0,13.0,17.0
3456,main_green,main_green,58,269.0,8.34307332678294,19,2,2,4.0,8.0,13.0,17.0
3457,main_green,main_green,58,283.0,8.30045078324518,15,2,2,4.0,8.0,13.0,17.0
3458,main_green,main_green,56,297.0,8.388875566215422,14,2,2,4.0,8.0,13.0,17.0
3459,main_green,main_green,56,311.0,8.516520345515405,14,2,2,4.0,8.0,13.0,17.0
3460,yellow_transition,yellow_transition,57,325.0,8.382240402835656,15,3,3,10.0,10.0,12.0,10.0
3461,yellow_transition,yellow_transition,57,339.0,8.37190134299259,14,3,3,10.0,10.0,12.0,10.0
3462,yellow_transition,yellow_transition,58,353.0,7.89417291928561,15,3,3,10.0,10.0,12.0,10.0
3463,main_green,side_green,58,208.0,7.998176730333404,12,2,0,10.0,10.0,12.0,10.0
3464,main_green,side_green,59,150.0,8.02484270246412,10,2,0,10.0,10.0,12.0,10.0
3465,main_green,side_green,59,158.0,8.586729336391173,10,2,0,10.0,10.0,12.0,10.0
3466,main_green,side_green,59,168.0,8.943617107677975,10,2,0,10.0,10.0,12.0,10.0
3467,main_green,side_green,60,178.0,8.917264889791845,11,2,0,10.0,10.0,12.0,10.0
3468,main_green,side_green,64,188.0,8.565001930333667,15,2,0,10.0,10.0,12.0,10.0
3469,main_green,side_green,64,198.0,8.975739101525322,10,2,0,10.0,10.0,12.0,10.0
3470,main_green,side_green,64,210.0,9.166230275263262,12,2,0,10.0,10.0,12.0,10.0
3471,main_green,side_green,63,222.0,9.034339998877085,12,2,0,10.0,10.0,12.0,10.0
3472,main_green,side_green,64,234.0,8.620305071909925,14,2,0,10.0,10.0,12.0,10.0
3473,yellow_transition,yellow_transition,62,247.0,8.467284611012772,13,3,1,11.0,5.0,-11.0,15.0
3474,yellow_transition,yellow_transition,61,260.0,8.282899256075067,13,3,1,11.0,5.0,-11.0,15.0
3475,yellow_transition,yellow_transition,59,276.0,8.138165087138285,16,3,1,11.0,5.0,-11.0,15.0
3476,side_green,main_green,59,85.0,8.133062425985957,10,0,2,11.0,5.0,-11.0,15.0
3477,side_green,main_green,60,9.0,8.34704525642824,6,0,2,11.0,5.0,-11.0,15.0
3478,side_green,main_green,59,8.0,8.757245417566907,3,0,2,11.0,5.0,-11.0,15.0
3479,side_green,main_green,58,11.0,9.161586474487894,3,0,2,11.0,5.0,-11.0,15.0
3480,side_green,main_green,62,15.0,8.822802830704063,9,0,2,11.0,5.0,-11.0,15.0
3481,side_green,main_green,62,19.0,9.51787148604443,4,0,2,11.0,5.0,-11.0,15.0
3482,side_green,main_green,60,24.0,9.934826192555933,6,0,2,11.0,5.0,-11.0,15.0
3483,side_green,main_green,59,29.0,10.343395146077592,5,0,2,11.0,5.0,-11.0,15.0
3484,side_green,main_green,59,34.0,10.291470802628599,6,0,2,11.0,5.0,-11.0,15.0
3485,side_green,main_green,56,40.0,10.288024577270162,6,0,2,11.0,5.0,-11.0,15.0
3486,yellow_transition,yellow_transition,56,46.0,10.432838336584679,6,1,3,-11.0,19.0,-7.0,-1.0
3487,yellow_transition,yellow_transition,54,52.0,9.787776157110377,7,1,3,-11.0,19.0,-7.0,-1.0
3488,yellow_transition,yellow_transition,55,61.0,9.546739480373203,10,1,3,-11.0,19.0,-7.0,-1.0
3489,main_green,main_green,53,24.0,9.6354422744028,5,2,2,-11.0,19.0,-7.0,-1.0
3490,main_green,main_green,53,20.0,9.975375596063916,3,2,2,-11.0,19.0,-7.0,-1.0
3491,main_green,main_green,53,23.0,10.223439583887586,3,2,2,-11.0,19.0,-7.0,-1.0
3492,main_green,main_green,58,26.0,9.698024163545034,8,2,2,-11.0,19.0,-7.0,-1.0
3493,main_green,main_green,59,29.0,10.094273858949894,4,2,2,-11.0,19.0,-7.0,-1.0
3494,main_green,main_green,56,32.0,10.451284509781345,3,2,2,-11.0,19.0,-7.0,-1.0
3495,main_green,main_green,55,35.0,10.787368861986451,3,2,2,-11.0,19.0,-7.0,-1.0
3496,main_green,main_green,55,38.0,10.898910537059423,4,2,2,-11.0,19.0,-7.0,-1.0
3497,main_green,main_green,52,41.0,10.796484177196849,3,2,2,-11.0,19.0,-7.0,-1.0
3498,main_green,main_green,52,44.0,10.515787371621334,4,2,2,-11.0,19.0,-7.0,-1.0
3499,main_green,main_green,51,48.0,10.521990576021418,4,2,2,-4.0,14.0,-2.0,6.0
3500,main_green,main_green,51,53.0,10.529914886289397,6,2,2,-4.0,14.0,-2.0,6.0
3501,main_green,main_green,50,59.0,10.464920192172077,6,2,2,-4.0,14.0,-2.0,6.0
3502,main_green,main_green,48,66.0,10.360399281766016,7,2,2,-4.0,14.0,-2.0,6.0
3503,main_green,main_green,48,73.0,10.177570851045711,8,2,2,-4.0,14.0,-2.0,6.0
3504,main_green,main_green,52,80.0,9.282401910574855,12,2,2,-4.0,14.0,-2.0,6.0
3505,main_green,main_green,52,87.0,9.671662030314094,7,2,2,-4.0,14.0,-2.0,6.0
3506,main_green,main_green,51,94.0,9.898431244851695,7,2,2,-4.0,14.0,-2.0,6.0
3507,main_green,main_green,51,101.0,10.027080844168792,7,2,2,-4.0,14.0,-2.0,6.0
3508,main_green,main_green,52,108.0,9.70205966089246,9,2,2,-4.0,14.0,-2.0,6.0
3509,main_green,main_green,52,115.0,9.838455692491713,7,2,2,-2.0,10.0,10.0,18.0
3510,main_green,main_green,51,122.0,9.765027509125494,7,2,2,-2.0,10.0,10.0,18.0
3511,main_green,main_green,51,131.0,9.615881483213123,9,2,2,-2.0,10.0,10.0,18.0
3512,main_green,main_green,52,141.0,9.510369324583598,11,2,2,-2.0,10.0,10.0,18.0
3513,main_green,main_green,51,151.0,9.252851613148044,11,2,2,-2.0,10.0,10.0,18.0
3514,main_green,main_green,51,162.0,9.347372866333194,11,2,2,-2.0,10.0,10.0,18.0
3515,main_green,main_green,48,173.0,9.256569892731969,11,2,2,-2.0,10.0,10.0,18.0
3516,main_green,main_green,53,184.0,8.4227154501643,16,2,2,-2.0,10.0,10.0,18.0
3517,main_green,main_green,53,195.0,8.746790557342548,11,2,2,-2.0,10.0,10.0,18.0
3518,main_green,main_green,54,206.0,8.83426522428332,12,2,2,-2.0,10.0,10.0,18.0
3519,main_green,main_green,54,217.0,9.067596719937274,11,2,2,3.0,9.0,15.0,17.0
3520,main_green,main_green,55,228.0,8.93013763819832,12,2,2,3.0,9.0,15.0,17.0
3521,main_green,main_green,55,239.0,8.882493035334084,11,2,2,3.0,9.0,15.0,17.0
3522,main_green,main_green,55,250.0,8.891378418927234,11,2,2,3.0,9.0,15.0,17.0
3523,main_green,main_green,56,263.0,8.696530639509618,14,2,2,3.0,9.0,15.0,17.0
3524,main_green,main_green,57,277.0,8.681852418487606,15,2,2,3.0,9.0,15.0,17.0
3525,main_green,main_green,55,292.0,8.59398873306423,15,2,2,3.0,9.0,15.0,17.0
3526,main_green,main_green,55,307.0,8.723468355264675,15,2,2,3.0,9.0,15.0,17.0
3527,main_green,main_green,55,322.0,8.792904068939542,15,2,2,3.0,9.0,15.0,17.0
3528,main_green,main_green,60,337.0,8.18609492325707,20,2,2,3.0,9.0,15.0,17.0
3529,yellow_transition,yellow_transition,60,352.0,8.213037472005771,16,3,3,8.0,12.0,15.0,9.0
3530,yellow_transition,yellow_transition,59,367.0,8.367503553345601,15,3,3,8.0,12.0,15.0,9.0
3531,yellow_transition,yellow_transition,59,382.0,8.46154139587786,15,3,3,8.0,12.0,15.0,9.0
3532,main_green,side_green,60,219.0,8.383389792549883,12,2,0,8.0,12.0,15.0,9.0
3533,main_green,side_green,60,143.0,8.608889462804592,7,2,0,8.0,12.0,15.0,9.0
3534,main_green,side_green,61,138.0,8.709117052606311,7,2,0,8.0,12.0,15.0,9.0
3535,main_green,side_green,61,145.0,8.959763040867701,7,2,0,8.0,12.0,15.0,9.0
3536,main_green,side_green,61,153.0,9.113528216694375,9,2,0,8.0,12.0,15.0,9.0
3537,main_green,side_green,60,161.0,9.244570301227752,8,2,0,8.0,12.0,15.0,9.0
3538,main_green,side_green,59,170.0,9.332743995735635,9,2,0,8.0,12.0,15.0,9.0
3539,main_green,side_green,59,179.0,9.177029979407456,10,2,0,8.0,12.0,15.0,9.0
3540,main_green,side_green,64,190.0,8.563955484978031,16,2,0,8.0,12.0,15.0,9.0
3541,main_green,side_green,63,202.0,8.697834214631898,12,2,0,8.0,12.0,15.0,9.0
3542,yellow_transition,yellow_transition,63,216.0,8.827070979470948,14,3,1,10.0,4.0,-10.0,14.0
3543,yellow_transition,yellow_transition,62,230.0,8.749503461100655,14,3,1,10.0,4.0,-10.0,14.0
3544,yellow_transition,yellow_transition,63,244.0,8.38724996773491,16,3,1,10.0,4.0,-10.0,14.0
3545,side_green,main_green,62,71.0,8.428071706248721,7,0,2,10.0,4.0,-10.0,14.0
3546,side_green,main_green,61,1.0,8.49884122751261,1,0,2,10.0,4.0,-10.0,14.0
3547,side_green,main_green,61,2.0,8.942987995019234,1,0,2,10.0,4.0,-10.0,14.0
3548,side_green,main_green,62,5.0,9.148366105922111,4,0,2,10.0,4.0,-10.0,14.0
3549,side_green,main_green,62,9.0,9.504994267312314,5,0,2,10.0,4.0,-10.0,14.0
3550,side_green,main_green,60,14.0,9.986276083453985,5,0,2,10.0,4.0,-10.0,14.0
3551,side_green,main_green,57,20.0,10.383017755415215,6,0,2,10.0,4.0,-10.0,14.0
3552,side_green,main_green,59,26.0,9.706751459265789,11,0,2,10.0,4.0,-10.0,14.0
3553,side_green,main_green,58,32.0,10.02592211607854,6,0,2,10.0,4.0,-10.0,14.0
3554,side_green,main_green,57,38.0,9.883109461509642,7,0,2,10.0,4.0,-10.0,14.0
3555,yellow_transition,yellow_transition,55,44.0,9.896639730089596,6,1,3,-9.0,15.0,-2.0,4.0
3556,yellow_transition,yellow_transition,55,50.0,9.756119858407146,7,1,3,-9.0,15.0,-2.0,4.0
3557,yellow_transition,yellow_transition,55,58.0,9.59710420632464,8,1,3,-9.0,15.0,-2.0,4.0
3558,main_green,main_green,53,30.0,9.648540426229554,4,2,2,-9.0,15.0,-2.0,4.0
3559,main_green,main_green,54,25.0,9.563940529115756,4,2,2,-9.0,15.0,-2.0,4.0
3560,main_green,main_green,55,24.0,9.60619985700623,3,2,2,-9.0,15.0,-2.0,4.0
3561,main_green,main_green,55,29.0,9.936911324573401,5,2,2,-9.0,15.0,-2.0,4.0
3562,main_green,main_green,55,34.0,10.19173412984488,5,2,2,-9.0,15.0,-2.0,4.0
3563,main_green,main_green,55,39.0,10.546162407171664,5,2,2,-9.0,15.0,-2.0,4.0
3564,main_green,main_green,55,45.0,9.615061161709935,11,2,2,-9.0,15.0,-2.0,4.0
3565,main_green,main_green,56,51.0,9.846189343274494,7,2,2,-9.0,15.0,-2.0,4.0
3566,main_green,main_green,53,57.0,10.133729475316603,6,2,2,-9.0,15.0,-2.0,4.0
3567,main_green,main_green,51,63.0,10.241476308430542,6,2,2,-9.0,15.0,-2.0,4.0
3568,main_green,main_green,51,69.0,10.034229809250688,7,2,2,3.0,19.0,0.0,6.0
3569,main_green,main_green,51,75.0,9.922792176852925,6,2,2,3.0,19.0,0.0,6.0
3570,main_green,main_green,52,81.0,9.754698453300984,7,2,2,3.0,19.0,0.0,6.0
3571,main_green,main_green,51,88.0,9.741378877323813,7,2,2,3.0,19.0,0.0,6.0
3572,main_green,main_green,52,98.0,9.536772589195921,11,2,2,3.0,19.0,0.0,6.0
3573,main_green,main_green,52,108.0,9.750779607639181,10,2,2,3.0,19.0,0.0,6.0
3574,main_green,main_green,52,118.0,9.829912484230453,10,2,2,3.0,19.0,0.0,6.0
3575,main_green,main_green,53,128.0,9.704990872836635,11,2,2,3.0,19.0,0.0,6.0
3576,main_green,main_green,56,138.0,8.803136848568277,15,2,2,3.0,19.0,0.0,6.0
3577,main_green,main_green,56,148.0,9.096032113925167,10,2,2,3.0,19.0,0.0,6.0
3578,main_green,main_green,54,158.0,9.293385392788766,10,2,2,1.0,5.0,10.0,18.0
3579,main_green,main_green,54,168.0,9.485961813291778,10,2,2,1.0,5.0,10.0,18.0
3580,main_green,main_green,56,178.0,9.146114402024986,12,2,2,1.0,5.0,10.0,18.0
3581,main_green,main_green,56,188.0,9.342933087896322,10,2,2,1.0,5.0,10.0,18.0
3582,main_green,main_green,56,198.0,9.296009262089585,10,2,2,1.0,5.0,10.0,18.0
3583,main_green,main_green,55,210.0,9.26163543886848,12,2,2,1.0,5.0,10.0,18.0
3584,main_green,main_green,55,223.0,9.074530638407033,14,2,2,1.0,5.0,10.0,18.0
3585,main_green,main_green,55,237.0,8.935797447805248,15,2,2,1.0,5.0,10.0,18.0
3586,main_green,main_green,55,251.0,9.0749335305248,14,2,2,1.0,5.0,10.0,18.0
3587,main_green,main_green,54,265.0,9.215327128814044,14,2,2,1.0,5.0,10.0,18.0
3588,main_green,main_green,58,279.0,8.349520294456607,19,2,2,2.0,6.0,12.0,18.0
3589,main_green,main_green,58,293.0,8.584048737552473,14,2,2,2.0,6.0,12.0,18.0
3590,main_green,main_green,58,307.0,8.564926250941728,15,2,2,2.0,6.0,12.0,18.0
3591,main_green,main_green,58,321.0,8.703409103925214,14,2,2,2.0,6.0,12.0,18.0
3592,main_green,main_green,59,335.0,8.62485722613272,15,2,2,2.0,6.0,12.0,18.0
3593,main_green,main_green,57,349.0,8.590070308609471,14,2,2,2.0,6.0,12.0,18.0
3594,main_green,main_green,57,363.0,8.543572573708655,14,2,2,2.0,6.0,12.0,18.0
3595,main_green,main_green,56,377.0,8.155424068077087,15,2,2,2.0,6.0,12.0,18.0
3596,main_green,main_green,57,393.0,8.202690426957968,17,2,2,2.0,6.0,12.0,18.0
3597,main_green,main_green,57,411.0,8.384055652098974,18,2,2,2.0,6.0,12.0,18.0
3598,yellow_transition,yellow_transition,57,429.0,8.509696498164905,18,3,3,12.0,10.0,13.0,11.0
3599,yellow_transition,yellow_transition,57,447.0,8.446186754547492,18,3,3,12.0,10.0,13.0,11.0
