step,J1_phase_group,J2_phase_group,vehicle_count,total_waiting_time,mean_speed,total_queue,J1_phase,J2_phase,J1_side_pressure,J1_main_pressure,J2_side_pressure,J2_main_pressure
0,main_green,main_green,6,0.0,0.0,6,2,2,0.0,0.0,0.0,0.0
1,main_green,main_green,6,0.0,1.8712690115751078,0,2,2,0.0,0.0,0.0,0.0
2,main_green,main_green,6,0.0,3.622790871129837,0,2,2,0.0,0.0,0.0,0.0
3,main_green,main_green,6,0.0,5.543411643938938,0,2,2,0.0,0.0,0.0,0.0
4,main_green,main_green,7,0.0,6.334559918108529,1,2,2,0.0,0.0,0.0,0.0
5,main_green,main_green,7,0.0,8.411736560017536,0,2,2,0.0,0.0,0.0,0.0
6,main_green,main_green,8,0.0,8.93845265537163,1,2,2,0.0,0.0,0.0,0.0
7,main_green,main_green,8,0.0,10.159654303319988,0,2,2,0.0,0.0,0.0,0.0
8,main_green,main_green,9,0.0,9.331819531287021,1,2,2,0.0,0.0,0.0,0.0
9,main_green,main_green,9,0.0,10.074929414075548,0,2,2,0.0,0.0,0.0,0.0
10,main_green,main_green,9,0.0,10.921434168232144,0,2,2,4.0,6.0,4.0,4.0
11,main_green,main_green,10,0.0,10.391117007297144,1,2,2,4.0,6.0,4.0,4.0
12,main_green,main_green,15,0.0,7.305204934268357,5,2,2,4.0,6.0,4.0,4.0
13,main_green,main_green,15,0.0,8.416632309458464,0,2,2,4.0,6.0,4.0,4.0
14,main_green,main_green,15,0.0,9.121579119723224,0,2,2,4.0,6.0,4.0,4.0
15,main_green,main_green,15,0.0,9.929276824099256,0,2,2,4.0,6.0,4.0,4.0
16,main_green,main_green,17,0.0,9.419057313220929,2,2,2,4.0,6.0,4.0,4.0
17,main_green,main_green,17,0.0,10.232480183458087,0,2,2,4.0,6.0,4.0,4.0
18,main_green,main_green,17,0.0,9.806263181716952,0,2,2,4.0,6.0,4.0,4.0
19,main_green,main_green,17,0.0,9.548524694927737,0,2,2,4.0,6.0,4.0,4.0
20,main_green,main_green,18,1.0,8.704317855356676,2,2,2,8.0,10.0,8.0,8.0
21,main_green,main_green,19,4.0,8.438636215568982,4,2,2,8.0,10.0,8.0,8.0
22,main_green,main_green,19,7.0,8.892041441840492,3,2,2,8.0,10.0,8.0,8.0
23,main_green,main_green,19,11.0,9.131115520953376,4,2,2,8.0,10.0,8.0,8.0
24,main_green,main_green,24,15.0,7.376893413395364,9,2,2,8.0,10.0,8.0,8.0
25,main_green,main_green,24,19.0,7.906907813985392,4,2,2,8.0,10.0,8.0,8.0
26,main_green,main_green,25,23.0,8.12436412526783,5,2,2,8.0,10.0,8.0,8.0
27,main_green,main_green,25,27.0,8.765632476548669,4,2,2,8.0,10.0,8.0,8.0
28,main_green,main_green,26,31.0,8.831006556824999,5,2,2,8.0,10.0,8.0,8.0
29,main_green,main_green,26,35.0,9.21836238726078,4,2,2,8.0,10.0,8.0,8.0
30,main_green,main_green,26,39.0,9.193927703993037,4,2,2,11.0,13.0,11.0,11.0
31,main_green,main_green,27,43.0,8.760387585638385,5,2,2,11.0,13.0,11.0,11.0
32,main_green,main_green,28,48.0,8.374030173830315,6,2,2,11.0,13.0,11.0,11.0
33,main_green,main_green,28,54.0,8.520103697281359,6,2,2,11.0,13.0,11.0,11.0
34,main_green,main_green,28,61.0,8.588079430659452,7,2,2,11.0,13.0,11.0,11.0
35,main_green,main_green,28,69.0,8.62854394019659,8,2,2,11.0,13.0,11.0,11.0
36,main_green,main_green,33,77.0,7.461985084059762,13,2,2,11.0,13.0,11.0,11.0
37,main_green,main_green,34,85.0,7.608706850298735,9,2,2,11.0,13.0,11.0,11.0
38,main_green,main_green,34,93.0,8.178093751089127,8,2,2,11.0,13.0,11.0,11.0
39,main_green,main_green,34,101.0,8.569136510315719,8,2,2,11.0,13.0,11.0,11.0
40,main_green,main_green,35,109.0,8.459298811781213,9,2,2,12.0,12.0,14.0,16.0
41,main_green,main_green,35,117.0,8.39492103640449,8,2,2,12.0,12.0,14.0,16.0
42,main_green,main_green,36,125.0,7.968459138997856,9,2,2,12.0,12.0,14.0,16.0
43,main_green,main_green,36,134.0,8.009743196550799,9,2,2,12.0,12.0,14.0,16.0
44,main_green,main_green,37,145.0,7.876984698081496,12,2,2,12.0,12.0,14.0,16.0
45,main_green,main_green,37,157.0,7.998985672059775,12,2,2,12.0,12.0,14.0,16.0
46,main_green,main_green,37,169.0,8.155760833139839,12,2,2,12.0,12.0,14.0,16.0
47,main_green,main_green,38,181.0,8.1479669187531,13,2,2,12.0,12.0,14.0,16.0
48,main_green,main_green,43,193.0,7.274489902337769,17,2,2,12.0,12.0,14.0,16.0
49,main_green,main_green,43,205.0,7.532052129157849,12,2,2,12.0,12.0,14.0,16.0
50,main_green,main_green,43,217.0,7.916475438233863,12,2,2,15.0,17.0,14.0,14.0
51,main_green,main_green,43,229.0,8.08974588505127,12,2,2,15.0,17.0,14.0,14.0
52,main_green,main_green,45,241.0,7.956720581500796,14,2,2,15.0,17.0,14.0,14.0
53,main_green,main_green,45,253.0,8.122745323474293,12,2,2,15.0,17.0,14.0,14.0
54,main_green,main_green,45,265.0,8.17282491563029,12,2,2,15.0,17.0,14.0,14.0
55,main_green,main_green,45,277.0,8.356516788915583,12,2,2,15.0,17.0,14.0,14.0
56,main_green,main_green,46,290.0,8.041534153842338,14,2,2,15.0,17.0,14.0,14.0
57,main_green,main_green,47,305.0,7.861929927320679,16,2,2,15.0,17.0,14.0,14.0
58,main_green,main_green,47,320.0,8.085316781935665,15,2,2,15.0,17.0,14.0,14.0
59,main_green,main_green,47,336.0,8.194031187711207,16,2,2,15.0,17.0,14.0,14.0
60,main_green,main_green,52,352.0,7.38086285218472,21,2,2,12.0,14.0,12.0,14.0
61,main_green,main_green,52,368.0,7.631676025130384,16,2,2,12.0,14.0,12.0,14.0
62,main_green,main_green,53,384.0,7.752176067022042,17,2,2,12.0,14.0,12.0,14.0
63,main_green,main_green,53,400.0,7.916313640431462,16,2,2,12.0,14.0,12.0,14.0
64,main_green,main_green,54,416.0,7.678984394810926,17,2,2,12.0,14.0,12.0,14.0
65,main_green,main_green,54,432.0,7.665820078403847,16,2,2,12.0,14.0,12.0,14.0
66,main_green,main_green,54,448.0,7.657141662048167,16,2,2,12.0,14.0,12.0,14.0
67,main_green,main_green,55,466.0,7.7397356953641925,19,2,2,12.0,14.0,12.0,14.0
68,main_green,main_green,56,486.0,7.752525353560989,21,2,2,12.0,14.0,12.0,14.0
69,main_green,main_green,56,506.0,7.675886928508935,20,2,2,12.0,14.0,12.0,14.0
70,yellow_transition,yellow_transition,56,526.0,7.883245001353778,20,3,3,15.0,9.0,16.0,14.0
71,yellow_transition,yellow_transition,55,546.0,7.742470720621041,20,3,3,15.0,9.0,16.0,14.0
72,yellow_transition,yellow_transition,60,566.0,7.039054512169124,25,3,3,15.0,9.0,16.0,14.0
73,side_green,side_green,61,213.0,7.2436552493331146,13,0,0,15.0,9.0,16.0,14.0
74,side_green,side_green,61,30.0,7.703460044639812,4,0,0,15.0,9.0,16.0,14.0
75,side_green,side_green,59,2.0,7.987456813380375,2,0,0,15.0,9.0,16.0,14.0
76,side_green,side_green,60,5.0,8.422472459530107,4,0,0,15.0,9.0,16.0,14.0
77,side_green,side_green,60,9.0,8.994950957800718,4,0,0,15.0,9.0,16.0,14.0
78,side_green,side_green,61,13.0,9.461103940684193,5,0,0,15.0,9.0,16.0,14.0
79,side_green,side_green,60,17.0,9.749338544499125,4,0,0,15.0,9.0,16.0,14.0
80,side_green,side_green,61,22.0,9.737895691746589,6,0,0,15.0,9.0,16.0,14.0
81,side_green,side_green,61,27.0,9.819814961811286,5,0,0,15.0,9.0,16.0,14.0
82,side_green,side_green,61,34.0,9.865130577924765,7,0,0,15.0,9.0,16.0,14.0
83,yellow_transition,yellow_transition,60,43.0,9.506269956519121,10,1,1,-18.0,4.0,-15.0,7.0
84,yellow_transition,yellow_transition,65,53.0,8.707928559818397,15,1,1,-18.0,4.0,-15.0,7.0
85,yellow_transition,yellow_transition,65,63.0,8.88683370750979,10,1,1,-18.0,4.0,-15.0,7.0
86,main_green,main_green,65,8.0,9.281349432378335,3,2,2,-18.0,4.0,-15.0,7.0
87,main_green,main_green,64,0.0,9.549531665546215,0,2,2,-18.0,4.0,-15.0,7.0
88,main_green,main_green,66,0.0,9.490939575543393,2,2,2,-18.0,4.0,-15.0,7.0
89,main_green,main_green,66,0.0,9.714556947026352,0,2,2,-18.0,4.0,-15.0,7.0
90,main_green,main_green,66,0.0,10.220650131477434,0,2,2,-18.0,4.0,-15.0,7.0
91,main_green,main_green,63,0.0,10.660224565266823,0,2,2,-18.0,4.0,-15.0,7.0
92,main_green,main_green,61,2.0,10.674797623659234,3,2,2,-18.0,4.0,-15.0,7.0
93,main_green,main_green,56,5.0,10.55102828870639,4,2,2,-18.0,4.0,-15.0,7.0
94,main_green,main_green,55,8.0,10.821992637100958,3,2,2,-18.0,4.0,-15.0,7.0
95,main_green,main_green,50,12.0,11.001511494175375,4,2,2,-18.0,4.0,-15.0,7.0
96,main_green,main_green,53,16.0,10.021005132466804,9,2,2,-4.0,8.0,-8.0,6.0
97,main_green,main_green,50,20.0,10.203097124797575,4,2,2,-4.0,8.0,-8.0,6.0
98,main_green,main_green,48,24.0,10.230079651444584,5,2,2,-4.0,8.0,-8.0,6.0
99,main_green,main_green,47,28.0,10.430990061342934,4,2,2,-4.0,8.0,-8.0,6.0
100,main_green,main_green,47,32.0,10.4579396471856,5,2,2,-4.0,8.0,-8.0,6.0
101,main_green,main_green,47,36.0,10.390389687701076,4,2,2,-4.0,8.0,-8.0,6.0
102,main_green,main_green,47,40.0,10.164643995871042,4,2,2,-4.0,8.0,-8.0,6.0
103,main_green,main_green,48,44.0,10.014458098652666,5,2,2,-4.0,8.0,-8.0,6.0
104,main_green,main_green,49,51.0,9.944910949028776,8,2,2,-4.0,8.0,-8.0,6.0
105,main_green,main_green,49,59.0,9.992172420982396,8,2,2,-4.0,8.0,-8.0,6.0
106,main_green,main_green,49,67.0,10.15925020069309,8,2,2,0.0,14.0,0.0,14.0
107,main_green,main_green,49,75.0,10.275335789755712,8,2,2,0.0,14.0,0.0,14.0
108,main_green,main_green,54,83.0,9.449084434367402,13,2,2,0.0,14.0,0.0,14.0
109,main_green,main_green,55,91.0,9.455789202030468,9,2,2,0.0,14.0,0.0,14.0
110,main_green,main_green,55,99.0,9.688184846328866,8,2,2,0.0,14.0,0.0,14.0
111,main_green,main_green,55,107.0,9.959026345003222,8,2,2,0.0,14.0,0.0,14.0
112,main_green,main_green,53,115.0,9.483231296277378,9,2,2,0.0,14.0,0.0,14.0
113,main_green,main_green,52,123.0,9.526608678319143,8,2,2,0.0,14.0,0.0,14.0
114,main_green,main_green,51,131.0,9.27247695519659,9,2,2,0.0,14.0,0.0,14.0
115,main_green,main_green,50,139.0,9.203662877780303,8,2,2,0.0,14.0,0.0,14.0
116,main_green,main_green,49,150.0,8.90729656259807,12,2,2,8.0,16.0,5.0,13.0
117,main_green,main_green,49,162.0,8.948871982516557,12,2,2,8.0,16.0,5.0,13.0
118,main_green,main_green,49,174.0,9.067919448825162,12,2,2,8.0,16.0,5.0,13.0
119,main_green,main_green,50,186.0,9.022775771231288,13,2,2,8.0,16.0,5.0,13.0
120,main_green,main_green,55,198.0,8.310486300133535,17,2,2,8.0,16.0,5.0,13.0
121,main_green,main_green,54,210.0,8.485717211473121,12,2,2,8.0,16.0,5.0,13.0
122,main_green,main_green,54,222.0,8.727009389890153,12,2,2,8.0,16.0,5.0,13.0
123,main_green,main_green,54,234.0,8.804483841299685,12,2,2,8.0,16.0,5.0,13.0
124,main_green,main_green,56,246.0,8.633021412032909,14,2,2,8.0,16.0,5.0,13.0
125,main_green,main_green,56,258.0,8.707094546126822,12,2,2,8.0,16.0,5.0,13.0
126,main_green,main_green,56,270.0,8.678010042582446,12,2,2,10.0,12.0,7.0,9.0
127,main_green,main_green,56,282.0,8.702022617241498,12,2,2,10.0,12.0,7.0,9.0
128,main_green,main_green,57,296.0,8.589569178917024,15,2,2,10.0,12.0,7.0,9.0
129,main_green,main_green,58,312.0,8.522381557955919,17,2,2,10.0,12.0,7.0,9.0
130,main_green,main_green,58,328.0,8.606196875480341,16,2,2,10.0,12.0,7.0,9.0
131,main_green,main_green,58,344.0,8.870400852483499,16,2,2,10.0,12.0,7.0,9.0
132,main_green,main_green,63,360.0,8.20254154508439,21,2,2,10.0,12.0,7.0,9.0
133,main_green,main_green,63,376.0,8.325595137132678,16,2,2,10.0,12.0,7.0,9.0
134,main_green,main_green,64,392.0,8.49170885618982,17,2,2,10.0,12.0,7.0,9.0
135,main_green,main_green,62,408.0,8.404829815103328,16,2,2,10.0,12.0,7.0,9.0
136,yellow_transition,yellow_transition,63,424.0,8.223741129265878,17,3,3,12.0,12.0,11.0,7.0
137,yellow_transition,yellow_transition,62,440.0,8.072508053035447,16,3,3,12.0,12.0,11.0,7.0
138,yellow_transition,yellow_transition,62,456.0,8.053582417454724,16,3,3,12.0,12.0,11.0,7.0
139,main_green,side_green,61,310.0,7.976647944780121,17,2,0,12.0,12.0,11.0,7.0
140,main_green,side_green,61,251.0,8.1039564338765,13,2,0,12.0,12.0,11.0,7.0
141,main_green,side_green,60,257.0,8.278939167801534,10,2,0,12.0,12.0,11.0,7.0
142,main_green,side_green,59,267.0,8.707574784148102,10,2,0,12.0,12.0,11.0,7.0
143,main_green,side_green,58,278.0,8.873224995613363,11,2,0,12.0,12.0,11.0,7.0
144,main_green,side_green,62,289.0,8.282209322867608,16,2,0,12.0,12.0,11.0,7.0
145,main_green,side_green,63,301.0,8.507603376672746,13,2,0,12.0,12.0,11.0,7.0
146,main_green,side_green,62,313.0,8.65396838143277,12,2,0,12.0,12.0,11.0,7.0
147,main_green,side_green,61,326.0,8.780170500195004,13,2,0,12.0,12.0,11.0,7.0
148,main_green,side_green,62,340.0,8.618192555160986,15,2,0,12.0,12.0,11.0,7.0
149,yellow_transition,yellow_transition,62,355.0,8.602001476190187,15,3,1,14.0,6.0,-8.0,14.0
150,yellow_transition,yellow_transition,63,372.0,8.512804454986204,18,3,1,14.0,6.0,-8.0,14.0
151,yellow_transition,yellow_transition,62,389.0,8.51836025668579,17,3,1,14.0,6.0,-8.0,14.0
152,side_green,main_green,63,160.0,8.346656903909373,10,0,2,14.0,6.0,-8.0,14.0
153,side_green,main_green,63,35.0,8.655000877809227,4,0,2,14.0,6.0,-8.0,14.0
154,side_green,main_green,62,2.0,9.121014818332691,1,0,2,14.0,6.0,-8.0,14.0
155,side_green,main_green,63,3.0,9.582119627343689,2,0,2,14.0,6.0,-8.0,14.0
156,side_green,main_green,68,6.0,9.3796495440701,8,0,2,14.0,6.0,-8.0,14.0
157,side_green,main_green,64,9.0,9.663494563711422,3,0,2,14.0,6.0,-8.0,14.0
158,side_green,main_green,63,12.0,10.195407309397858,3,0,2,14.0,6.0,-8.0,14.0
159,side_green,main_green,60,16.0,10.48526013952601,4,0,2,14.0,6.0,-8.0,14.0
160,side_green,main_green,58,21.0,10.203464119320426,7,0,2,14.0,6.0,-8.0,14.0
161,side_green,main_green,56,27.0,10.23700636769799,6,0,2,14.0,6.0,-8.0,14.0
162,yellow_transition,yellow_transition,55,33.0,10.2968293818978,6,1,3,-11.0,15.0,-4.0,6.0
163,yellow_transition,yellow_transition,55,40.0,10.095414314577829,7,1,3,-11.0,15.0,-4.0,6.0
164,yellow_transition,yellow_transition,55,49.0,9.726464879163363,10,1,3,-11.0,15.0,-4.0,6.0
165,main_green,main_green,55,23.0,9.715680539633091,6,2,2,-11.0,15.0,-4.0,6.0
166,main_green,main_green,55,17.0,10.018780623123462,3,2,2,-11.0,15.0,-4.0,6.0
167,main_green,main_green,55,20.0,10.406627026601639,3,2,2,-11.0,15.0,-4.0,6.0
168,main_green,main_green,60,23.0,9.932220965146817,8,2,2,-11.0,15.0,-4.0,6.0
169,main_green,main_green,60,26.0,10.454815517285187,3,2,2,-11.0,15.0,-4.0,6.0
170,main_green,main_green,58,29.0,10.48073462701485,4,2,2,-11.0,15.0,-4.0,6.0
171,main_green,main_green,57,32.0,10.980469977055263,3,2,2,-11.0,15.0,-4.0,6.0
172,main_green,main_green,58,35.0,10.864333702558833,4,2,2,-11.0,15.0,-4.0,6.0
173,main_green,main_green,56,38.0,10.870617840932093,3,2,2,-11.0,15.0,-4.0,6.0
174,main_green,main_green,55,41.0,10.713175402845899,3,2,2,-11.0,15.0,-4.0,6.0
175,main_green,main_green,53,45.0,10.433779934051227,5,2,2,-8.0,10.0,-2.0,4.0
176,main_green,main_green,53,51.0,10.355312501836076,7,2,2,-8.0,10.0,-2.0,4.0
177,main_green,main_green,51,57.0,10.479732558993357,6,2,2,-8.0,10.0,-2.0,4.0
178,main_green,main_green,50,64.0,10.684521317351162,7,2,2,-8.0,10.0,-2.0,4.0
179,main_green,main_green,47,71.0,10.430394075662358,7,2,2,-8.0,10.0,-2.0,4.0
180,main_green,main_green,51,78.0,9.56133966703132,12,2,2,-8.0,10.0,-2.0,4.0
181,main_green,main_green,51,85.0,9.506512189734064,8,2,2,-8.0,10.0,-2.0,4.0
182,main_green,main_green,51,92.0,9.834832864468124,7,2,2,-8.0,10.0,-2.0,4.0
183,main_green,main_green,51,99.0,10.091406778079797,7,2,2,-8.0,10.0,-2.0,4.0
184,main_green,main_green,52,106.0,9.880507258813257,8,2,2,-8.0,10.0,-2.0,4.0
185,main_green,main_green,52,113.0,9.971092637383672,7,2,2,-4.0,6.0,9.0,17.0
186,main_green,main_green,53,120.0,9.764419980982925,8,2,2,-4.0,6.0,9.0,17.0
187,main_green,main_green,53,128.0,9.761490811308397,8,2,2,-4.0,6.0,9.0,17.0
188,main_green,main_green,54,138.0,9.611632092934043,11,2,2,-4.0,6.0,9.0,17.0
189,main_green,main_green,53,149.0,9.608038282602223,11,2,2,-4.0,6.0,9.0,17.0
190,main_green,main_green,53,160.0,9.716733695294323,11,2,2,-4.0,6.0,9.0,17.0
191,main_green,main_green,50,171.0,9.4291520469723,12,2,2,-4.0,6.0,9.0,17.0
192,main_green,main_green,55,182.0,8.688099282195958,16,2,2,-4.0,6.0,9.0,17.0
193,main_green,main_green,54,193.0,8.897707562557239,11,2,2,-4.0,6.0,9.0,17.0
194,main_green,main_green,54,204.0,9.205501135288737,11,2,2,-4.0,6.0,9.0,17.0
195,main_green,main_green,54,215.0,9.30311481528767,11,2,2,2.0,6.0,13.0,17.0
196,main_green,main_green,55,226.0,8.91692294860124,13,2,2,2.0,6.0,13.0,17.0
197,main_green,main_green,55,237.0,8.90888872527156,11,2,2,2.0,6.0,13.0,17.0
198,main_green,main_green,55,248.0,8.823134566463294,11,2,2,2.0,6.0,13.0,17.0
199,main_green,main_green,54,260.0,8.897462759267878,12,2,2,2.0,6.0,13.0,17.0
200,main_green,main_green,55,275.0,8.92491559090581,16,2,2,2.0,6.0,13.0,17.0
201,main_green,main_green,55,290.0,8.749745467230015,16,2,2,2.0,6.0,13.0,17.0
202,main_green,main_green,54,305.0,8.862314000155193,15,2,2,2.0,6.0,13.0,17.0
203,main_green,main_green,53,320.0,8.943296784694008,15,2,2,2.0,6.0,13.0,17.0
204,main_green,main_green,57,335.0,8.03880014629025,20,2,2,2.0,6.0,13.0,17.0
205,yellow_transition,yellow_transition,56,350.0,8.079512605688459,15,3,3,11.0,15.0,14.0,8.0
206,yellow_transition,yellow_transition,57,365.0,8.16951564492012,16,3,3,11.0,15.0,14.0,8.0
207,yellow_transition,yellow_transition,57,380.0,8.078029029893512,15,3,3,11.0,15.0,14.0,8.0
208,main_green,side_green,58,219.0,8.075828794295626,12,2,0,11.0,15.0,14.0,8.0
209,main_green,side_green,58,141.0,8.131436547854662,7,2,0,11.0,15.0,14.0,8.0
210,main_green,side_green,58,137.0,8.470557609392085,6,2,0,11.0,15.0,14.0,8.0
211,main_green,side_green,59,144.0,8.593387951803026,8,2,0,11.0,15.0,14.0,8.0
212,main_green,side_green,60,153.0,8.742005850994845,10,2,0,11.0,15.0,14.0,8.0
213,main_green,side_green,58,163.0,8.958906607985798,10,2,0,11.0,15.0,14.0,8.0
214,main_green,side_green,58,175.0,9.175647624698927,12,2,0,11.0,15.0,14.0,8.0
215,main_green,side_green,57,187.0,9.261195808003917,12,2,0,11.0,15.0,14.0,8.0
216,main_green,side_green,62,199.0,8.626674857907421,17,2,0,11.0,15.0,14.0,8.0
217,main_green,side_green,61,212.0,8.52877274254604,14,2,0,11.0,15.0,14.0,8.0
218,yellow_transition,yellow_transition,61,225.0,8.627024582113966,13,3,1,13.0,9.0,-11.0,13.0
219,yellow_transition,yellow_transition,59,239.0,8.506538325169803,14,3,1,13.0,9.0,-11.0,13.0
220,yellow_transition,yellow_transition,60,253.0,8.345044049063224,15,3,1,13.0,9.0,-11.0,13.0
221,side_green,main_green,59,73.0,8.397170744124447,7,0,2,13.0,9.0,-11.0,13.0
222,side_green,main_green,60,2.0,8.558250128189554,2,0,2,13.0,9.0,-11.0,13.0
223,side_green,main_green,59,3.0,8.874390839297494,1,0,2,13.0,9.0,-11.0,13.0
224,side_green,main_green,60,5.0,8.98856212164629,3,0,2,13.0,9.0,-11.0,13.0
225,side_green,main_green,59,9.0,9.476562990158245,4,0,2,13.0,9.0,-11.0,13.0
226,side_green,main_green,56,14.0,9.739906679590508,5,0,2,13.0,9.0,-11.0,13.0
227,side_green,main_green,56,19.0,9.972477778361752,6,0,2,13.0,9.0,-11.0,13.0
228,side_green,main_green,61,24.0,9.520382881665617,10,0,2,13.0,9.0,-11.0,13.0
229,side_green,main_green,58,31.0,9.73626582391838,7,0,2,13.0,9.0,-11.0,13.0
230,side_green,main_green,56,39.0,9.90682120520154,8,0,2,13.0,9.0,-11.0,13.0
231,yellow_transition,yellow_transition,54,47.0,10.065602021301938,8,1,3,-8.0,18.0,-4.0,0.0
232,yellow_transition,yellow_transition,56,55.0,9.669422990869341,10,1,3,-8.0,18.0,-4.0,0.0
233,yellow_transition,yellow_transition,55,63.0,9.452782473681943,8,1,3,-8.0,18.0,-4.0,0.0
234,main_green,main_green,54,31.0,9.501987752624686,4,2,2,-8.0,18.0,-4.0,0.0
235,main_green,main_green,54,23.0,9.599425688149168,3,2,2,-8.0,18.0,-4.0,0.0
236,main_green,main_green,55,27.0,9.69011919046308,5,2,2,-8.0,18.0,-4.0,0.0
237,main_green,main_green,56,33.0,10.008146078210546,7,2,2,-8.0,18.0,-4.0,0.0
238,main_green,main_green,56,39.0,10.260939313031724,6,2,2,-8.0,18.0,-4.0,0.0
239,main_green,main_green,53,45.0,10.459221724423296,6,2,2,-8.0,18.0,-4.0,0.0
240,main_green,main_green,57,51.0,9.802936495832814,11,2,2,-8.0,18.0,-4.0,0.0
241,main_green,main_green,55,57.0,9.968578088172105,6,2,2,-8.0,18.0,-4.0,0.0
242,main_green,main_green,54,63.0,10.073949377534333,7,2,2,-8.0,18.0,-4.0,0.0
243,main_green,main_green,52,69.0,10.250983888782466,6,2,2,-8.0,18.0,-4.0,0.0
244,main_green,main_green,53,75.0,10.209907549886672,7,2,2,3.0,21.0,-1.0,3.0
245,main_green,main_green,53,81.0,10.262325168887008,6,2,2,3.0,21.0,-1.0,3.0
246,main_green,main_green,52,87.0,10.11709492440611,6,2,2,3.0,21.0,-1.0,3.0
247,main_green,main_green,51,93.0,9.781568797814332,7,2,2,3.0,21.0,-1.0,3.0
248,main_green,main_green,52,102.0,9.69404526033408,10,2,2,3.0,21.0,-1.0,3.0
249,main_green,main_green,50,112.0,9.637636210336888,10,2,2,3.0,21.0,-1.0,3.0
250,main_green,main_green,50,122.0,9.807939107009746,10,2,2,3.0,21.0,-1.0,3.0
251,main_green,main_green,50,132.0,9.91352344489426,10,2,2,3.0,21.0,-1.0,3.0
252,main_green,main_green,54,142.0,8.963139371445088,15,2,2,3.0,21.0,-1.0,3.0
253,main_green,main_green,55,152.0,9.054784871735066,11,2,2,3.0,21.0,-1.0,3.0
254,main_green,main_green,55,162.0,9.307606303035346,10,2,2,1.0,3.0,13.0,19.0
255,main_green,main_green,55,172.0,9.473521806283994,10,2,2,1.0,3.0,13.0,19.0
256,main_green,main_green,56,182.0,9.437450288369716,11,2,2,1.0,3.0,13.0,19.0
257,main_green,main_green,56,192.0,9.415403392878119,10,2,2,1.0,3.0,13.0,19.0
258,main_green,main_green,57,202.0,9.181707816099657,11,2,2,1.0,3.0,13.0,19.0
259,main_green,main_green,55,212.0,8.97391122815376,10,2,2,1.0,3.0,13.0,19.0
260,main_green,main_green,54,223.0,8.794972920308213,12,2,2,1.0,3.0,13.0,19.0
261,main_green,main_green,54,237.0,8.873316111797601,14,2,2,1.0,3.0,13.0,19.0
262,main_green,main_green,54,251.0,9.032559646020868,14,2,2,1.0,3.0,13.0,19.0
263,main_green,main_green,55,265.0,9.019493695077738,15,2,2,1.0,3.0,13.0,19.0
264,main_green,main_green,60,279.0,8.341254891036193,19,2,2,1.0,5.0,11.0,13.0
265,main_green,main_green,58,293.0,8.405926169093915,14,2,2,1.0,5.0,11.0,13.0
266,main_green,main_green,58,307.0,8.765406079164867,14,2,2,1.0,5.0,11.0,13.0
267,main_green,main_green,58,321.0,8.672435182978369,14,2,2,1.0,5.0,11.0,13.0
268,main_green,main_green,60,335.0,8.415489417733447,16,2,2,1.0,5.0,11.0,13.0
269,main_green,main_green,59,349.0,8.390254086756991,14,2,2,1.0,5.0,11.0,13.0
270,main_green,main_green,58,363.0,8.398307604487016,14,2,2,1.0,5.0,11.0,13.0
271,main_green,main_green,58,378.0,8.318838928640087,15,2,2,1.0,5.0,11.0,13.0
272,main_green,main_green,59,396.0,8.244460298007816,19,2,2,1.0,5.0,11.0,13.0
273,main_green,main_green,60,414.0,8.301693757786103,19,2,2,1.0,5.0,11.0,13.0
274,main_green,main_green,60,432.0,8.424926630598867,18,2,2,5.0,7.0,14.0,14.0
275,main_green,main_green,59,450.0,8.466700774969713,18,2,2,5.0,7.0,14.0,14.0
276,main_green,main_green,63,468.0,7.846653607961054,23,2,2,5.0,7.0,14.0,14.0
277,main_green,main_green,62,486.0,8.067296148246259,18,2,2,5.0,7.0,14.0,14.0
278,main_green,main_green,62,504.0,7.945844316952648,19,2,2,5.0,7.0,14.0,14.0
279,main_green,main_green,61,522.0,8.07083654347212,18,2,2,5.0,7.0,14.0,14.0
280,main_green,main_green,62,540.0,7.856105536503873,19,2,2,5.0,7.0,14.0,14.0
281,main_green,main_green,62,558.0,7.9782924291477,18,2,2,5.0,7.0,14.0,14.0
282,main_green,main_green,60,576.0,7.745639868785399,18,2,2,5.0,7.0,14.0,14.0
283,main_green,main_green,60,596.0,7.579647898475997,21,2,2,5.0,7.0,14.0,14.0
284,yellow_transition,yellow_transition,61,618.0,7.404643543612626,23,3,3,13.0,9.0,17.0,15.0
285,yellow_transition,yellow_transition,60,640.0,7.246294042252715,22,3,3,13.0,9.0,17.0,15.0
286,yellow_transition,yellow_transition,59,662.0,6.996245451698057,22,3,3,13.0,9.0,17.0,15.0
287,side_green,side_green,59,271.0,7.020525567948338,14,0,0,13.0,9.0,17.0,15.0
288,side_green,side_green,62,58.0,6.588505229665113,13,0,0,13.0,9.0,17.0,15.0
289,side_green,side_green,63,5.0,6.957326837950844,4,0,0,13.0,9.0,17.0,15.0
290,side_green,side_green,63,9.0,7.7385822926524845,4,0,0,13.0,9.0,17.0,15.0
291,side_green,side_green,63,14.0,8.412469991912939,5,0,0,13.0,9.0,17.0,15.0
292,side_green,side_green,64,21.0,8.934371554581547,8,0,0,13.0,9.0,17.0,15.0
293,side_green,side_green,63,28.0,9.44721033909654,7,0,0,13.0,9.0,17.0,15.0
294,side_green,side_green,64,36.0,9.514519077475972,9,0,0,13.0,9.0,17.0,15.0
295,side_green,side_green,63,44.0,9.64525640227482,8,0,0,13.0,9.0,17.0,15.0
296,side_green,side_green,64,54.0,9.508687878222347,11,0,0,13.0,9.0,17.0,15.0
297,yellow_transition,yellow_transition,64,66.0,9.592769092489986,12,1,1,-16.0,8.0,-17.0,7.0
298,yellow_transition,yellow_transition,64,79.0,9.565927757314538,13,1,1,-16.0,8.0,-17.0,7.0
299,yellow_transition,yellow_transition,65,93.0,9.435738898209538,15,1,1,-16.0,8.0,-17.0,7.0
300,main_green,main_green,70,25.0,8.84016176487897,11,2,2,-16.0,8.0,-17.0,7.0
301,main_green,main_green,69,0.0,9.19257620089303,0,2,2,-16.0,8.0,-17.0,7.0
302,main_green,main_green,69,0.0,9.739112489569164,0,2,2,-16.0,8.0,-17.0,7.0
303,main_green,main_green,68,0.0,10.069139247951677,0,2,2,-16.0,8.0,-17.0,7.0
304,main_green,main_green,68,0.0,10.24114707642242,2,2,2,-16.0,8.0,-17.0,7.0
305,main_green,main_green,65,0.0,10.694641091911999,0,2,2,-16.0,8.0,-17.0,7.0
306,main_green,main_green,62,0.0,11.040510769791094,0,2,2,-16.0,8.0,-17.0,7.0
307,main_green,main_green,57,0.0,11.256211925693568,0,2,2,-16.0,8.0,-17.0,7.0
308,main_green,main_green,55,0.0,11.196257350637639,1,2,2,-16.0,8.0,-17.0,7.0
309,main_green,main_green,52,3.0,10.995674583006535,4,2,2,-16.0,8.0,-17.0,7.0
310,main_green,main_green,49,7.0,11.116278331248928,4,2,2,-5.0,11.0,-11.0,3.0
311,main_green,main_green,44,11.0,11.048099786778444,4,2,2,-5.0,11.0,-11.0,3.0
312,main_green,main_green,48,15.0,10.043371904527445,9,2,2,-5.0,11.0,-11.0,3.0
313,main_green,main_green,47,19.0,10.239920450829816,4,2,2,-5.0,11.0,-11.0,3.0
314,main_green,main_green,48,23.0,10.294054890109043,5,2,2,-5.0,11.0,-11.0,3.0
315,main_green,main_green,48,27.0,10.537333148678766,4,2,2,-5.0,11.0,-11.0,3.0
316,main_green,main_green,49,31.0,10.52650039257049,5,2,2,-5.0,11.0,-11.0,3.0
317,main_green,main_green,49,35.0,10.624737919656598,4,2,2,-5.0,11.0,-11.0,3.0
318,main_green,main_green,49,39.0,10.532512119660312,4,2,2,-5.0,11.0,-11.0,3.0
319,main_green,main_green,50,43.0,10.22721273477943,5,2,2,-5.0,11.0,-11.0,3.0
320,main_green,main_green,51,47.0,9.995833740148955,5,2,2,-1.0,13.0,-1.0,15.0
321,main_green,main_green,51,54.0,10.094429350523438,7,2,2,-1.0,13.0,-1.0,15.0
322,main_green,main_green,51,62.0,10.266447516777298,8,2,2,-1.0,13.0,-1.0,15.0
323,main_green,main_green,51,70.0,10.38036543108733,8,2,2,-1.0,13.0,-1.0,15.0
324,main_green,main_green,56,78.0,9.44835646773798,13,2,2,-1.0,13.0,-1.0,15.0
325,main_green,main_green,57,86.0,9.596888125251311,9,2,2,-1.0,13.0,-1.0,15.0
326,main_green,main_green,55,94.0,9.795318501992572,8,2,2,-1.0,13.0,-1.0,15.0
327,main_green,main_green,53,102.0,9.847206315631476,8,2,2,-1.0,13.0,-1.0,15.0
328,main_green,main_green,52,110.0,9.635392853781292,9,2,2,-1.0,13.0,-1.0,15.0
329,main_green,main_green,51,118.0,9.704324780281677,8,2,2,-1.0,13.0,-1.0,15.0
330,main_green,main_green,51,126.0,9.390823339369895,9,2,2,7.0,15.0,6.0,12.0
331,main_green,main_green,50,134.0,9.311256968440551,8,2,2,7.0,15.0,6.0,12.0
332,main_green,main_green,50,144.0,9.067196480974655,11,2,2,7.0,15.0,6.0,12.0
333,main_green,main_green,50,156.0,9.182317991592146,12,2,2,7.0,15.0,6.0,12.0
334,main_green,main_green,50,168.0,9.213883277499765,12,2,2,7.0,15.0,6.0,12.0
335,main_green,main_green,51,180.0,9.151996837292364,13,2,2,7.0,15.0,6.0,12.0
336,main_green,main_green,56,192.0,8.364406084731966,17,2,2,7.0,15.0,6.0,12.0
337,main_green,main_green,56,204.0,8.704741762448924,12,2,2,7.0,15.0,6.0,12.0
338,main_green,main_green,56,216.0,8.967428224641,12,2,2,7.0,15.0,6.0,12.0
339,main_green,main_green,56,228.0,9.010633280211318,12,2,2,7.0,15.0,6.0,12.0
340,main_green,main_green,58,240.0,8.761951354063072,14,2,2,7.0,7.0,8.0,10.0
341,main_green,main_green,58,252.0,8.930876672769106,12,2,2,7.0,7.0,8.0,10.0
342,main_green,main_green,58,264.0,8.93456627632233,12,2,2,7.0,7.0,8.0,10.0
343,main_green,main_green,58,276.0,8.937491248465848,12,2,2,7.0,7.0,8.0,10.0
344,main_green,main_green,59,290.0,8.88944793065741,15,2,2,7.0,7.0,8.0,10.0
345,main_green,main_green,60,306.0,8.834485683568323,17,2,2,7.0,7.0,8.0,10.0
346,main_green,main_green,60,322.0,8.981053067144718,16,2,2,7.0,7.0,8.0,10.0
347,main_green,main_green,60,338.0,8.927365420674322,16,2,2,7.0,7.0,8.0,10.0
348,main_green,main_green,64,354.0,8.292857097046717,21,2,2,7.0,7.0,8.0,10.0
349,main_green,main_green,63,370.0,8.462105653600226,16,2,2,7.0,7.0,8.0,10.0
350,yellow_transition,yellow_transition,64,386.0,8.471601397033274,17,3,3,10.0,6.0,12.0,10.0
351,yellow_transition,yellow_transition,63,402.0,8.433095669812587,16,3,3,10.0,6.0,12.0,10.0
352,yellow_transition,yellow_transition,62,418.0,7.977296927507511,17,3,3,10.0,6.0,12.0,10.0
353,side_green,side_green,61,125.0,8.10099366403867,9,0,0,10.0,6.0,12.0,10.0
354,side_green,side_green,60,3.0,8.332541560190917,2,0,0,10.0,6.0,12.0,10.0
355,side_green,side_green,59,3.0,8.757878326652271,2,0,0,10.0,6.0,12.0,10.0
356,side_green,side_green,58,4.0,8.932020818165059,2,0,0,10.0,6.0,12.0,10.0
357,side_green,side_green,57,5.0,9.442393518234915,1,0,0,10.0,6.0,12.0,10.0
358,side_green,side_green,57,6.0,9.982097686245703,1,0,0,10.0,6.0,12.0,10.0
359,side_green,side_green,57,10.0,10.353099188220545,4,0,0,10.0,6.0,12.0,10.0
360,side_green,side_green,60,15.0,9.5023382925246,10,0,0,10.0,6.0,12.0,10.0
361,side_green,side_green,61,21.0,9.496621704264909,7,0,0,10.0,6.0,12.0,10.0
362,side_green,side_green,61,28.0,9.52568084559893,7,0,0,10.0,6.0,12.0,10.0
363,yellow_transition,yellow_transition,60,36.0,9.504642698753019,8,1,1,-11.0,9.0,-10.0,10.0
364,yellow_transition,yellow_transition,60,46.0,9.11101033575161,11,1,1,-11.0,9.0,-10.0,10.0
365,yellow_transition,yellow_transition,60,57.0,9.035380901806032,11,1,1,-11.0,9.0,-10.0,10.0
366,main_green,main_green,60,16.0,8.844798928254884,6,2,2,-11.0,9.0,-10.0,10.0
367,main_green,main_green,60,3.0,8.871547053861145,1,2,2,-11.0,9.0,-10.0,10.0
368,main_green,main_green,61,1.0,9.079864398826647,2,2,2,-11.0,9.0,-10.0,10.0
369,main_green,main_green,61,4.0,9.509892407893386,3,2,2,-11.0,9.0,-10.0,10.0
370,main_green,main_green,61,7.0,9.95360619214636,3,2,2,-11.0,9.0,-10.0,10.0
371,main_green,main_green,58,11.0,10.19149140977982,5,2,2,-11.0,9.0,-10.0,10.0
372,main_green,main_green,61,15.0,9.822121734081541,9,2,2,-11.0,9.0,-10.0,10.0
373,main_green,main_green,56,19.0,10.13685627545805,4,2,2,-11.0,9.0,-10.0,10.0
374,main_green,main_green,53,23.0,10.324634763625898,4,2,2,-11.0,9.0,-10.0,10.0
375,main_green,main_green,51,27.0,10.522843347628307,4,2,2,-11.0,9.0,-10.0,10.0
376,main_green,main_green,51,31.0,10.322931237879011,6,2,2,-3.0,5.0,0.0,10.0
377,main_green,main_green,47,35.0,10.31225200925375,4,2,2,-3.0,5.0,0.0,10.0
378,main_green,main_green,47,39.0,10.270462960448437,4,2,2,-3.0,5.0,0.0,10.0
379,main_green,main_green,47,43.0,10.033933640517226,4,2,2,-3.0,5.0,0.0,10.0
380,main_green,main_green,48,48.0,9.968266982651748,6,2,2,-3.0,5.0,0.0,10.0
381,main_green,main_green,49,54.0,9.848856954809463,7,2,2,-3.0,5.0,0.0,10.0
382,main_green,main_green,49,61.0,9.872792244754889,7,2,2,-3.0,5.0,0.0,10.0
383,main_green,main_green,49,69.0,10.05107631559257,8,2,2,-3.0,5.0,0.0,10.0
384,main_green,main_green,54,77.0,9.104460229661722,13,2,2,-3.0,5.0,0.0,10.0
385,main_green,main_green,54,85.0,9.365046039479362,8,2,2,-3.0,5.0,0.0,10.0
386,main_green,main_green,55,93.0,9.459765995904197,9,2,2,3.0,11.0,3.0,13.0
387,main_green,main_green,55,101.0,9.716718836791761,8,2,2,3.0,11.0,3.0,13.0
388,main_green,main_green,56,109.0,9.72271491831991,9,2,2,3.0,11.0,3.0,13.0
389,main_green,main_green,56,117.0,9.60625447054997,8,2,2,3.0,11.0,3.0,13.0
390,main_green,main_green,56,125.0,9.719127797784619,8,2,2,3.0,11.0,3.0,13.0
391,main_green,main_green,57,133.0,9.522677349758442,9,2,2,3.0,11.0,3.0,13.0
392,main_green,main_green,56,142.0,9.23383653692008,10,2,2,3.0,11.0,3.0,13.0
393,main_green,main_green,56,153.0,9.343988746947321,11,2,2,3.0,11.0,3.0,13.0
394,main_green,main_green,55,164.0,9.260429782499056,11,2,2,3.0,11.0,3.0,13.0
395,main_green,main_green,55,176.0,9.410336681120828,12,2,2,3.0,11.0,3.0,13.0
396,main_green,main_green,57,188.0,8.53790607645323,17,2,2,2.0,8.0,5.0,15.0
397,main_green,main_green,56,200.0,8.679716595736442,13,2,2,2.0,8.0,5.0,15.0
398,main_green,main_green,55,212.0,8.804526164125821,12,2,2,2.0,8.0,5.0,15.0
399,main_green,main_green,54,224.0,8.8499216158351,12,2,2,2.0,8.0,5.0,15.0
400,main_green,main_green,54,236.0,8.72513022076363,13,2,2,2.0,8.0,5.0,15.0
401,main_green,main_green,53,248.0,8.77435586760007,12,2,2,2.0,8.0,5.0,15.0
402,main_green,main_green,54,260.0,8.767879229001089,13,2,2,2.0,8.0,5.0,15.0
403,main_green,main_green,54,273.0,8.690776085725947,13,2,2,2.0,8.0,5.0,15.0
404,main_green,main_green,55,286.0,8.570081238432355,14,2,2,2.0,8.0,5.0,15.0
405,main_green,main_green,55,301.0,8.611190815774963,15,2,2,2.0,8.0,5.0,15.0
406,main_green,main_green,55,316.0,8.716731914009294,15,2,2,9.0,11.0,8.0,8.0
407,main_green,main_green,56,332.0,8.576192726219954,17,2,2,9.0,11.0,8.0,8.0
408,main_green,main_green,61,348.0,7.928698261232138,21,2,2,9.0,11.0,8.0,8.0
409,main_green,main_green,61,364.0,8.22627931829104,16,2,2,9.0,11.0,8.0,8.0
410,main_green,main_green,61,380.0,8.495243271907128,16,2,2,9.0,11.0,8.0,8.0
411,main_green,main_green,61,396.0,8.501058382348754,16,2,2,9.0,11.0,8.0,8.0
412,main_green,main_green,63,412.0,8.121701216180693,18,2,2,9.0,11.0,8.0,8.0
413,main_green,main_green,63,428.0,8.077698088664663,16,2,2,9.0,11.0,8.0,8.0
414,main_green,main_green,62,445.0,8.075415337223111,17,2,2,9.0,11.0,8.0,8.0
415,main_green,main_green,60,463.0,7.996916913843636,18,2,2,9.0,11.0,8.0,8.0
416,yellow_transition,yellow_transition,61,482.0,7.94210073068515,20,3,3,14.0,12.0,10.0,8.0
417,yellow_transition,yellow_transition,62,502.0,7.851832452944466,21,3,3,14.0,12.0,10.0,8.0
418,yellow_transition,yellow_transition,61,522.0,7.645115797574242,20,3,3,14.0,12.0,10.0,8.0
419,side_green,side_green,60,186.0,7.657778679115831,13,0,0,14.0,12.0,10.0,8.0
420,side_green,side_green,64,24.0,7.395434542909939,10,0,0,14.0,12.0,10.0,8.0
421,side_green,side_green,63,4.0,7.878134596251498,2,0,0,14.0,12.0,10.0,8.0
422,side_green,side_green,64,7.0,8.356796364507257,4,0,0,14.0,12.0,10.0,8.0
423,side_green,side_green,63,12.0,8.953464582990929,5,0,0,14.0,12.0,10.0,8.0
424,side_green,side_green,64,18.0,9.59352364309279,7,0,0,14.0,12.0,10.0,8.0
425,side_green,side_green,62,24.0,10.139647887445792,6,0,0,14.0,12.0,10.0,8.0
426,side_green,side_green,62,30.0,10.47085005256772,6,0,0,14.0,12.0,10.0,8.0
427,side_green,side_green,60,37.0,10.238028741849341,8,0,0,14.0,12.0,10.0,8.0
428,side_green,side_green,61,44.0,9.894655009521413,8,0,0,14.0,12.0,10.0,8.0
429,yellow_transition,yellow_transition,60,52.0,9.610578321428658,8,1,1,-15.0,11.0,-16.0,6.0
430,yellow_transition,yellow_transition,60,62.0,9.681715636861156,10,1,1,-15.0,11.0,-16.0,6.0
431,yellow_transition,yellow_transition,59,72.0,9.4788389462021,10,1,1,-15.0,11.0,-16.0,6.0
432,main_green,main_green,64,8.0,8.70220631884073,8,2,2,-15.0,11.0,-16.0,6.0
433,main_green,main_green,65,0.0,8.962645558394197,1,2,2,-15.0,11.0,-16.0,6.0
434,main_green,main_green,65,0.0,9.362352316159132,0,2,2,-15.0,11.0,-16.0,6.0
435,main_green,main_green,64,0.0,9.90089419863969,0,2,2,-15.0,11.0,-16.0,6.0
436,main_green,main_green,65,0.0,10.324208243458708,1,2,2,-15.0,11.0,-16.0,6.0
437,main_green,main_green,62,0.0,10.824890983378806,0,2,2,-15.0,11.0,-16.0,6.0
438,main_green,main_green,60,0.0,11.13608220988954,1,2,2,-15.0,11.0,-16.0,6.0
439,main_green,main_green,57,0.0,11.14554012815944,0,2,2,-15.0,11.0,-16.0,6.0
440,main_green,main_green,53,1.0,10.934406677420505,2,2,2,-15.0,11.0,-16.0,6.0
441,main_green,main_green,50,3.0,10.82883616742722,2,2,2,-15.0,11.0,-16.0,6.0
442,main_green,main_green,44,7.0,10.831539021036768,4,2,2,-8.0,6.0,-6.0,8.0
443,main_green,main_green,45,11.0,10.712332630397125,5,2,2,-8.0,6.0,-6.0,8.0
444,main_green,main_green,48,15.0,9.700027849592662,9,2,2,-8.0,6.0,-6.0,8.0
445,main_green,main_green,47,19.0,9.918168878023675,4,2,2,-8.0,6.0,-6.0,8.0
446,main_green,main_green,47,23.0,10.291577509702547,4,2,2,-8.0,6.0,-6.0,8.0
447,main_green,main_green,47,27.0,10.538433716295106,4,2,2,-8.0,6.0,-6.0,8.0
448,main_green,main_green,49,31.0,10.207239502549875,6,2,2,-8.0,6.0,-6.0,8.0
449,main_green,main_green,49,35.0,10.297643581701383,4,2,2,-8.0,6.0,-6.0,8.0
450,main_green,main_green,49,39.0,10.196404609057945,4,2,2,-8.0,6.0,-6.0,8.0
451,main_green,main_green,49,43.0,10.035981059525323,4,2,2,-8.0,6.0,-6.0,8.0
452,main_green,main_green,50,47.0,9.956048910739794,5,2,2,-2.0,12.0,0.0,16.0
453,main_green,main_green,51,53.0,9.877639658861769,7,2,2,-2.0,12.0,0.0,16.0
454,main_green,main_green,51,60.0,9.979325971297836,7,2,2,-2.0,12.0,0.0,16.0
455,main_green,main_green,51,68.0,10.152923027842048,8,2,2,-2.0,12.0,0.0,16.0
456,main_green,main_green,56,76.0,9.324165985072657,13,2,2,-2.0,12.0,0.0,16.0
457,main_green,main_green,56,84.0,9.607949817198174,8,2,2,-2.0,12.0,0.0,16.0
458,main_green,main_green,55,92.0,9.534729844550197,9,2,2,-2.0,12.0,0.0,16.0
459,main_green,main_green,55,100.0,9.842516720672775,8,2,2,-2.0,12.0,0.0,16.0
460,main_green,main_green,53,108.0,9.485258083519907,9,2,2,-2.0,12.0,0.0,16.0
461,main_green,main_green,52,116.0,9.392605486533625,8,2,2,-2.0,12.0,0.0,16.0
462,main_green,main_green,50,124.0,9.383815773055689,8,2,2,6.0,18.0,4.0,12.0
463,main_green,main_green,49,134.0,9.093803197098374,11,2,2,6.0,18.0,4.0,12.0
464,main_green,main_green,50,144.0,8.969088242084286,11,2,2,6.0,18.0,4.0,12.0
465,main_green,main_green,50,155.0,8.989983077523553,11,2,2,6.0,18.0,4.0,12.0
466,main_green,main_green,50,166.0,9.162322404471087,11,2,2,6.0,18.0,4.0,12.0
467,main_green,main_green,50,178.0,9.253948703371048,12,2,2,6.0,18.0,4.0,12.0
468,main_green,main_green,55,190.0,8.39160900119851,17,2,2,6.0,18.0,4.0,12.0
469,main_green,main_green,56,202.0,8.613997004187318,13,2,2,6.0,18.0,4.0,12.0
470,main_green,main_green,56,214.0,8.912877515049882,12,2,2,6.0,18.0,4.0,12.0
471,main_green,main_green,56,226.0,9.083910937168138,12,2,2,6.0,18.0,4.0,12.0
472,main_green,main_green,57,238.0,8.86647380343156,13,2,2,7.0,7.0,9.0,13.0
473,main_green,main_green,57,250.0,8.961335254975511,12,2,2,7.0,7.0,9.0,13.0
474,main_green,main_green,58,262.0,8.859294114220612,13,2,2,7.0,7.0,9.0,13.0
475,main_green,main_green,58,274.0,8.858525410812758,12,2,2,7.0,7.0,9.0,13.0
476,main_green,main_green,59,289.0,8.758756051961534,16,2,2,7.0,7.0,9.0,13.0
477,main_green,main_green,59,305.0,8.716399203820194,16,2,2,7.0,7.0,9.0,13.0
478,main_green,main_green,59,321.0,8.84771269846203,16,2,2,7.0,7.0,9.0,13.0
479,main_green,main_green,60,337.0,8.901056538409259,17,2,2,7.0,7.0,9.0,13.0
480,main_green,main_green,65,353.0,8.330820200013365,21,2,2,7.0,7.0,9.0,13.0
481,main_green,main_green,63,369.0,8.4120795783738,16,2,2,7.0,7.0,9.0,13.0
482,yellow_transition,yellow_transition,63,385.0,8.580557389068186,16,3,3,12.0,10.0,12.0,8.0
483,yellow_transition,yellow_transition,63,401.0,8.46236766797529,16,3,3,12.0,10.0,12.0,8.0
484,yellow_transition,yellow_transition,63,417.0,7.689706169321089,18,3,3,12.0,10.0,12.0,8.0
485,side_green,side_green,63,125.0,7.558752016503644,8,0,0,12.0,10.0,12.0,8.0
486,side_green,side_green,62,3.0,7.7739478168392555,3,0,0,12.0,10.0,12.0,8.0
487,side_green,side_green,61,6.0,8.298191414761892,4,0,0,12.0,10.0,12.0,8.0
488,side_green,side_green,60,10.0,8.711818464309111,5,0,0,12.0,10.0,12.0,8.0
489,side_green,side_green,60,14.0,9.020850685548933,5,0,0,12.0,10.0,12.0,8.0
490,side_green,side_green,60,19.0,9.701727381697163,5,0,0,12.0,10.0,12.0,8.0
491,side_green,side_green,59,24.0,9.940375500663093,5,0,0,12.0,10.0,12.0,8.0
492,side_green,side_green,63,31.0,9.243782621450826,12,0,0,12.0,10.0,12.0,8.0
493,side_green,side_green,63,38.0,9.317790335639854,7,0,0,12.0,10.0,12.0,8.0
494,side_green,side_green,63,46.0,9.269833993192492,9,0,0,12.0,10.0,12.0,8.0
495,yellow_transition,yellow_transition,60,57.0,9.214547212309176,11,1,1,-11.0,9.0,-10.0,8.0
496,yellow_transition,yellow_transition,61,69.0,9.181569197787967,13,1,1,-11.0,9.0,-10.0,8.0
497,yellow_transition,yellow_transition,60,81.0,8.967458050849281,12,1,1,-11.0,9.0,-10.0,8.0
498,main_green,main_green,60,19.0,9.147660259463908,4,2,2,-11.0,9.0,-10.0,8.0
499,main_green,main_green,61,1.0,9.114222355891744,2,2,2,-11.0,9.0,-10.0,8.0
500,main_green,main_green,61,1.0,9.284211266985237,2,2,2,-11.0,9.0,-10.0,8.0
501,main_green,main_green,61,4.0,9.700163204357743,3,2,2,-11.0,9.0,-10.0,8.0
502,main_green,main_green,61,8.0,10.248146456371934,4,2,2,-11.0,9.0,-10.0,8.0
503,main_green,main_green,59,12.0,10.760090856183856,4,2,2,-11.0,9.0,-10.0,8.0
504,main_green,main_green,60,16.0,10.022317686299804,9,2,2,-11.0,9.0,-10.0,8.0
505,main_green,main_green,58,20.0,10.184209559895844,5,2,2,-11.0,9.0,-10.0,8.0
506,main_green,main_green,53,24.0,10.405892378813236,4,2,2,-11.0,9.0,-10.0,8.0
507,main_green,main_green,50,28.0,10.6629315433465,4,2,2,-11.0,9.0,-10.0,8.0
508,main_green,main_green,49,32.0,10.587581737456174,5,2,2,-1.0,9.0,-1.0,9.0
509,main_green,main_green,46,36.0,10.605686326825454,4,2,2,-1.0,9.0,-1.0,9.0
510,main_green,main_green,46,40.0,10.38072824494654,5,2,2,-1.0,9.0,-1.0,9.0
511,main_green,main_green,46,44.0,10.136262931463426,4,2,2,-1.0,9.0,-1.0,9.0
512,main_green,main_green,47,48.0,9.926392796467047,5,2,2,-1.0,9.0,-1.0,9.0
513,main_green,main_green,47,54.0,10.00595058520131,6,2,2,-1.0,9.0,-1.0,9.0
514,main_green,main_green,47,61.0,10.140378118727499,7,2,2,-1.0,9.0,-1.0,9.0
515,main_green,main_green,48,69.0,10.02344596068197,9,2,2,-1.0,9.0,-1.0,9.0
516,main_green,main_green,53,77.0,9.139042643428063,13,2,2,-1.0,9.0,-1.0,9.0
517,main_green,main_green,53,85.0,9.40998592991475,8,2,2,-1.0,9.0,-1.0,9.0
518,main_green,main_green,53,93.0,9.648877567204714,8,2,2,3.0,15.0,4.0,16.0
519,main_green,main_green,53,101.0,9.918035241871468,8,2,2,3.0,15.0,4.0,16.0
520,main_green,main_green,55,109.0,9.47584978790126,10,2,2,3.0,15.0,4.0,16.0
521,main_green,main_green,55,117.0,9.551936727927167,8,2,2,3.0,15.0,4.0,16.0
522,main_green,main_green,55,125.0,9.554694233365035,8,2,2,3.0,15.0,4.0,16.0
523,main_green,main_green,54,134.0,9.631371738945544,9,2,2,3.0,15.0,4.0,16.0
524,main_green,main_green,53,143.0,9.339897573442807,10,2,2,3.0,15.0,4.0,16.0
525,main_green,main_green,52,155.0,9.198644973763479,13,2,2,3.0,15.0,4.0,16.0
526,main_green,main_green,51,167.0,9.231581169565102,12,2,2,3.0,15.0,4.0,16.0
527,main_green,main_green,51,179.0,9.372469505975024,12,2,2,3.0,15.0,4.0,16.0
528,main_green,main_green,55,191.0,8.556281522750721,17,2,2,4.0,6.0,9.0,19.0
529,main_green,main_green,55,203.0,8.86921938605023,12,2,2,4.0,6.0,9.0,19.0
530,main_green,main_green,55,215.0,8.851565070417589,13,2,2,4.0,6.0,9.0,19.0
531,main_green,main_green,54,227.0,9.095880490833574,12,2,2,4.0,6.0,9.0,19.0
532,main_green,main_green,55,239.0,8.862601120140265,13,2,2,4.0,6.0,9.0,19.0
533,main_green,main_green,55,251.0,9.006142438789933,12,2,2,4.0,6.0,9.0,19.0
534,main_green,main_green,55,263.0,9.099607886021913,12,2,2,4.0,6.0,9.0,19.0
535,main_green,main_green,56,275.0,8.812806958252697,13,2,2,4.0,6.0,9.0,19.0
536,main_green,main_green,57,288.0,8.684233661264233,14,2,2,4.0,6.0,9.0,19.0
537,main_green,main_green,57,303.0,8.85423071944613,15,2,2,4.0,6.0,9.0,19.0
538,main_green,main_green,57,318.0,8.92552090338925,15,2,2,9.0,9.0,7.0,9.0
539,main_green,main_green,57,334.0,8.960955419904543,16,2,2,9.0,9.0,7.0,9.0
540,main_green,main_green,62,350.0,8.328038297126234,21,2,2,9.0,9.0,7.0,9.0
541,main_green,main_green,63,366.0,8.386957223356696,17,2,2,9.0,9.0,7.0,9.0
542,main_green,main_green,63,382.0,8.602531037269594,16,2,2,9.0,9.0,7.0,9.0
543,main_green,main_green,63,398.0,8.703484679285191,16,2,2,9.0,9.0,7.0,9.0
544,main_green,main_green,64,414.0,8.491008738482217,17,2,2,9.0,9.0,7.0,9.0
545,main_green,main_green,64,430.0,8.479755039443535,16,2,2,9.0,9.0,7.0,9.0
546,main_green,main_green,65,447.0,8.452630812625989,18,2,2,9.0,9.0,7.0,9.0
547,main_green,main_green,64,465.0,8.414053562298978,18,2,2,9.0,9.0,7.0,9.0
548,yellow_transition,yellow_transition,64,484.0,8.188177660329886,20,3,3,12.0,10.0,8.0,4.0
549,yellow_transition,yellow_transition,62,504.0,8.05849617545516,20,3,3,12.0,10.0,8.0,4.0
550,yellow_transition,yellow_transition,60,524.0,7.819880460924494,20,3,3,12.0,10.0,8.0,4.0
551,side_green,side_green,60,187.0,7.87696639677784,13,0,0,12.0,10.0,8.0,4.0
552,side_green,side_green,64,24.0,7.656773725263629,11,0,0,12.0,10.0,8.0,4.0
553,side_green,side_green,62,4.0,7.9518301621940815,2,0,0,12.0,10.0,8.0,4.0
554,side_green,side_green,62,6.0,8.619542755257505,2,0,0,12.0,10.0,8.0,4.0
555,side_green,side_green,61,11.0,8.969555475057906,5,0,0,12.0,10.0,8.0,4.0
556,side_green,side_green,62,16.0,9.289525796296429,7,0,0,12.0,10.0,8.0,4.0
557,side_green,side_green,61,23.0,9.970146788917084,7,0,0,12.0,10.0,8.0,4.0
558,side_green,side_green,61,31.0,10.3194941782055,8,0,0,12.0,10.0,8.0,4.0
559,side_green,side_green,59,39.0,10.445290965470923,8,0,0,12.0,10.0,8.0,4.0
560,side_green,side_green,60,47.0,10.129899396507936,9,0,0,12.0,10.0,8.0,4.0
561,yellow_transition,yellow_transition,61,55.0,9.920957603210352,9,1,1,-13.0,13.0,-16.0,4.0
562,yellow_transition,yellow_transition,60,63.0,9.62160133401824,8,1,1,-13.0,13.0,-16.0,4.0
563,yellow_transition,yellow_transition,60,73.0,9.523480795944094,10,1,1,-13.0,13.0,-16.0,4.0
564,main_green,main_green,65,5.0,8.869701625366162,8,2,2,-13.0,13.0,-16.0,4.0
565,main_green,main_green,65,0.0,9.209406641150276,0,2,2,-13.0,13.0,-16.0,4.0
566,main_green,main_green,65,0.0,9.470210268455205,1,2,2,-13.0,13.0,-16.0,4.0
567,main_green,main_green,64,0.0,10.025760718217157,0,2,2,-13.0,13.0,-16.0,4.0
568,main_green,main_green,64,0.0,10.38717125786144,1,2,2,-13.0,13.0,-16.0,4.0
569,main_green,main_green,60,0.0,10.65474451424639,0,2,2,-13.0,13.0,-16.0,4.0
570,main_green,main_green,57,0.0,11.1158357956969,0,2,2,-13.0,13.0,-16.0,4.0
571,main_green,main_green,53,0.0,11.03486546707051,1,2,2,-13.0,13.0,-16.0,4.0
572,main_green,main_green,52,0.0,11.021126902130062,1,2,2,-13.0,13.0,-16.0,4.0
573,main_green,main_green,48,2.0,11.07684495095046,2,2,2,-13.0,13.0,-16.0,4.0
574,main_green,main_green,44,6.0,11.214807462050839,4,2,2,-7.0,7.0,-5.0,9.0
575,main_green,main_green,44,10.0,11.14270134806035,4,2,2,-7.0,7.0,-5.0,9.0
576,main_green,main_green,48,14.0,10.18119938472929,9,2,2,-7.0,7.0,-5.0,9.0
577,main_green,main_green,49,18.0,10.273750889319993,5,2,2,-7.0,7.0,-5.0,9.0
578,main_green,main_green,48,22.0,10.538288952308536,4,2,2,-7.0,7.0,-5.0,9.0
579,main_green,main_green,47,26.0,10.747334701442293,4,2,2,-7.0,7.0,-5.0,9.0
580,main_green,main_green,48,30.0,10.561339211291928,5,2,2,-7.0,7.0,-5.0,9.0
581,main_green,main_green,48,34.0,10.557477912049688,4,2,2,-7.0,7.0,-5.0,9.0
582,main_green,main_green,49,38.0,10.393032829908092,5,2,2,-7.0,7.0,-5.0,9.0
583,main_green,main_green,49,42.0,10.453372600924922,4,2,2,-7.0,7.0,-5.0,9.0
584,main_green,main_green,50,47.0,10.25905931262776,6,2,2,-2.0,12.0,0.0,16.0
585,main_green,main_green,50,54.0,10.306626044047158,7,2,2,-2.0,12.0,0.0,16.0
586,main_green,main_green,50,61.0,10.408943046881657,7,2,2,-2.0,12.0,0.0,16.0
587,main_green,main_green,51,68.0,10.262672554865725,8,2,2,-2.0,12.0,0.0,16.0
588,main_green,main_green,56,76.0,9.399125954015165,13,2,2,-2.0,12.0,0.0,16.0
589,main_green,main_green,56,84.0,9.64788999870537,8,2,2,-2.0,12.0,0.0,16.0
590,main_green,main_green,53,92.0,9.755783347329249,8,2,2,-2.0,12.0,0.0,16.0
591,main_green,main_green,53,100.0,9.998465063709174,8,2,2,-2.0,12.0,0.0,16.0
592,main_green,main_green,52,108.0,9.539895173233798,10,2,2,-2.0,12.0,0.0,16.0
593,main_green,main_green,52,116.0,9.552059664550631,8,2,2,-2.0,12.0,0.0,16.0
594,main_green,main_green,49,124.0,9.356015961723466,8,2,2,2.0,10.0,7.0,17.0
595,main_green,main_green,48,133.0,9.46614679051108,9,2,2,2.0,10.0,7.0,17.0
596,main_green,main_green,49,142.0,9.335321153651499,10,2,2,2.0,10.0,7.0,17.0
597,main_green,main_green,50,153.0,9.137814417238188,12,2,2,2.0,10.0,7.0,17.0
598,main_green,main_green,50,164.0,9.226668347337622,11,2,2,2.0,10.0,7.0,17.0
599,main_green,main_green,50,176.0,9.203219620970229,12,2,2,2.0,10.0,7.0,17.0
600,main_green,main_green,55,188.0,8.450638216834331,17,2,2,2.0,10.0,7.0,17.0
601,main_green,main_green,55,200.0,8.692408044153261,12,2,2,2.0,10.0,7.0,17.0
602,main_green,main_green,56,212.0,8.788960501884391,13,2,2,2.0,10.0,7.0,17.0
603,main_green,main_green,56,224.0,8.868929762864635,12,2,2,2.0,10.0,7.0,17.0
604,main_green,main_green,57,236.0,8.949351543467465,13,2,2,10.0,12.0,8.0,8.0
605,main_green,main_green,57,248.0,8.911339468364911,12,2,2,10.0,12.0,8.0,8.0
606,main_green,main_green,57,260.0,8.917738332042061,12,2,2,10.0,12.0,8.0,8.0
607,main_green,main_green,58,272.0,8.844622754621506,13,2,2,10.0,12.0,8.0,8.0
608,main_green,main_green,59,287.0,8.676905526023583,16,2,2,10.0,12.0,8.0,8.0
609,main_green,main_green,59,303.0,8.812551755257482,16,2,2,10.0,12.0,8.0,8.0
610,main_green,main_green,59,319.0,8.912186389139393,16,2,2,10.0,12.0,8.0,8.0
611,main_green,main_green,59,335.0,8.893620604648081,16,2,2,10.0,12.0,8.0,8.0
612,main_green,main_green,63,351.0,8.223339497928002,21,2,2,10.0,12.0,8.0,8.0
613,main_green,main_green,61,367.0,8.073532080177843,17,2,2,10.0,12.0,8.0,8.0
614,yellow_transition,yellow_transition,61,383.0,8.226555612564214,16,3,3,13.0,11.0,11.0,9.0
615,yellow_transition,yellow_transition,60,399.0,8.198461439226424,16,3,3,13.0,11.0,11.0,9.0
616,yellow_transition,yellow_transition,60,415.0,7.9667873392768485,17,3,3,13.0,11.0,11.0,9.0
617,side_green,side_green,59,123.0,8.09413176020573,8,0,0,13.0,11.0,11.0,9.0
618,side_green,side_green,60,1.0,8.218762043608482,2,0,0,13.0,11.0,11.0,9.0
619,side_green,side_green,59,2.0,8.576623746842921,1,0,0,13.0,11.0,11.0,9.0
620,side_green,side_green,60,3.0,8.751019692286793,2,0,0,13.0,11.0,11.0,9.0
621,side_green,side_green,58,4.0,9.050615785324231,1,0,0,13.0,11.0,11.0,9.0
622,side_green,side_green,58,8.0,9.520228880604453,4,0,0,13.0,11.0,11.0,9.0
623,side_green,side_green,57,14.0,9.874767810801231,7,0,0,13.0,11.0,11.0,9.0
624,side_green,side_green,62,21.0,9.404859450115358,12,0,0,13.0,11.0,11.0,9.0
625,side_green,side_green,61,28.0,9.572327845332657,7,0,0,13.0,11.0,11.0,9.0
626,side_green,side_green,61,36.0,9.596160316811428,8,0,0,13.0,11.0,11.0,9.0
627,yellow_transition,yellow_transition,60,44.0,9.422135181461174,8,1,1,-12.0,4.0,-8.0,12.0
628,yellow_transition,yellow_transition,62,53.0,9.131153782800666,11,1,1,-12.0,4.0,-8.0,12.0
629,yellow_transition,yellow_transition,60,63.0,8.940338987732636,10,1,1,-12.0,4.0,-8.0,12.0
630,main_green,main_green,59,10.0,9.038318987441524,3,2,2,-12.0,4.0,-8.0,12.0
631,main_green,main_green,59,0.0,9.127021192296725,0,2,2,-12.0,4.0,-8.0,12.0
632,main_green,main_green,59,2.0,9.181745167081784,3,2,2,-12.0,4.0,-8.0,12.0
633,main_green,main_green,60,6.0,9.578364739430622,5,2,2,-12.0,4.0,-8.0,12.0
634,main_green,main_green,60,10.0,10.102879701008204,4,2,2,-12.0,4.0,-8.0,12.0
635,main_green,main_green,56,14.0,10.380652624269871,4,2,2,-12.0,4.0,-8.0,12.0
636,main_green,main_green,58,18.0,9.687796037590637,9,2,2,-12.0,4.0,-8.0,12.0
637,main_green,main_green,56,22.0,10.09183637504054,4,2,2,-12.0,4.0,-8.0,12.0
638,main_green,main_green,53,26.0,10.077191869610097,5,2,2,-12.0,4.0,-8.0,12.0
639,main_green,main_green,52,30.0,10.381160862662341,4,2,2,-12.0,4.0,-8.0,12.0
640,main_green,main_green,49,34.0,10.3487483449469,5,2,2,1.0,9.0,-1.0,5.0
641,main_green,main_green,48,38.0,10.338419526078338,4,2,2,1.0,9.0,-1.0,5.0
642,main_green,main_green,46,42.0,10.154824950793335,4,2,2,1.0,9.0,-1.0,5.0
643,main_green,main_green,46,46.0,9.96781870648056,5,2,2,1.0,9.0,-1.0,5.0
644,main_green,main_green,47,53.0,9.59247836333807,8,2,2,1.0,9.0,-1.0,5.0
645,main_green,main_green,47,60.0,9.793257433557299,7,2,2,1.0,9.0,-1.0,5.0
646,main_green,main_green,47,68.0,9.791765335430563,8,2,2,1.0,9.0,-1.0,5.0
647,main_green,main_green,47,76.0,9.917210558832588,8,2,2,1.0,9.0,-1.0,5.0
648,main_green,main_green,52,84.0,9.04089394404099,13,2,2,1.0,9.0,-1.0,5.0
649,main_green,main_green,53,92.0,9.130452850651256,9,2,2,1.0,9.0,-1.0,5.0
650,main_green,main_green,53,100.0,9.417016655514923,8,2,2,5.0,17.0,2.0,12.0
651,main_green,main_green,53,108.0,9.643448982553426,8,2,2,5.0,17.0,2.0,12.0
652,main_green,main_green,54,116.0,9.558591983347142,9,2,2,5.0,17.0,2.0,12.0
653,main_green,main_green,54,124.0,9.629917190910092,8,2,2,5.0,17.0,2.0,12.0
654,main_green,main_green,55,132.0,9.45634502163527,9,2,2,5.0,17.0,2.0,12.0
655,main_green,main_green,55,141.0,9.431065225311135,9,2,2,5.0,17.0,2.0,12.0
656,main_green,main_green,56,152.0,9.276021279936359,12,2,2,5.0,17.0,2.0,12.0
657,main_green,main_green,52,163.0,9.175326516112621,11,2,2,5.0,17.0,2.0,12.0
658,main_green,main_green,51,174.0,9.189043696530979,11,2,2,5.0,17.0,2.0,12.0
659,main_green,main_green,51,186.0,9.075797475195943,13,2,2,5.0,17.0,2.0,12.0
660,main_green,main_green,56,198.0,8.268604348547244,17,2,2,8.0,18.0,4.0,14.0
661,main_green,main_green,55,210.0,8.568615731329105,12,2,2,8.0,18.0,4.0,14.0
662,main_green,main_green,54,222.0,8.67153377489846,12,2,2,8.0,18.0,4.0,14.0
663,main_green,main_green,54,234.0,8.746809633223101,12,2,2,8.0,18.0,4.0,14.0
664,main_green,main_green,56,246.0,8.569332564771909,14,2,2,8.0,18.0,4.0,14.0
665,main_green,main_green,55,258.0,8.540411334904665,12,2,2,8.0,18.0,4.0,14.0
666,main_green,main_green,55,270.0,8.660462982586647,12,2,2,8.0,18.0,4.0,14.0
667,main_green,main_green,55,283.0,8.604548238273349,13,2,2,8.0,18.0,4.0,14.0
668,main_green,main_green,56,297.0,8.473738200627624,15,2,2,8.0,18.0,4.0,14.0
669,main_green,main_green,57,312.0,8.39032457433265,16,2,2,8.0,18.0,4.0,14.0
670,main_green,main_green,57,328.0,8.436512072410475,16,2,2,9.0,13.0,8.0,8.0
671,main_green,main_green,57,344.0,8.581497094110896,16,2,2,9.0,13.0,8.0,8.0
672,main_green,main_green,62,360.0,7.933598371616776,21,2,2,9.0,13.0,8.0,8.0
673,main_green,main_green,62,376.0,8.2199374194574,16,2,2,9.0,13.0,8.0,8.0
674,main_green,main_green,63,392.0,8.254316504836426,17,2,2,9.0,13.0,8.0,8.0
675,main_green,main_green,63,408.0,8.472538574606814,16,2,2,9.0,13.0,8.0,8.0
676,main_green,main_green,64,424.0,8.444814602125545,17,2,2,9.0,13.0,8.0,8.0
677,main_green,main_green,64,440.0,8.477302290170751,16,2,2,9.0,13.0,8.0,8.0
678,main_green,main_green,64,457.0,8.317443742966853,17,2,2,9.0,13.0,8.0,8.0
679,main_green,main_green,64,474.0,8.184441745728584,18,2,2,9.0,13.0,8.0,8.0
680,yellow_transition,yellow_transition,65,493.0,8.055621140003952,20,3,3,10.0,8.0,11.0,11.0
681,yellow_transition,yellow_transition,65,512.0,8.001435967697777,19,3,3,10.0,8.0,11.0,11.0
682,yellow_transition,yellow_transition,65,532.0,8.039146634367924,20,3,3,10.0,8.0,11.0,11.0
683,side_green,main_green,65,369.0,8.2257308426553,16,0,2,10.0,8.0,11.0,11.0
684,side_green,main_green,69,296.0,7.794404416493754,19,0,2,10.0,8.0,11.0,11.0
685,side_green,main_green,69,296.0,8.014167164920298,13,0,2,10.0,8.0,11.0,11.0
686,side_green,main_green,66,308.0,8.175071399523514,12,0,2,10.0,8.0,11.0,11.0
687,side_green,main_green,65,320.0,8.453373108138917,12,0,2,10.0,8.0,11.0,11.0
688,side_green,main_green,64,332.0,8.420510162072796,13,0,2,10.0,8.0,11.0,11.0
689,side_green,main_green,63,345.0,8.614061664907185,13,0,2,10.0,8.0,11.0,11.0
690,side_green,main_green,62,359.0,8.49474566274229,15,0,2,10.0,8.0,11.0,11.0
691,side_green,main_green,61,375.0,8.605275302366637,16,0,2,10.0,8.0,11.0,11.0
692,side_green,main_green,62,392.0,8.429340799172286,18,0,2,10.0,8.0,11.0,11.0
693,yellow_transition,yellow_transition,62,410.0,8.407953834250673,18,1,3,-14.0,16.0,15.0,3.0
694,yellow_transition,yellow_transition,61,428.0,8.255635260887997,18,1,3,-14.0,16.0,15.0,3.0
695,yellow_transition,yellow_transition,62,446.0,8.126428708526488,19,1,3,-14.0,16.0,15.0,3.0
696,main_green,side_green,66,190.0,7.595800262155977,15,2,0,-14.0,16.0,15.0,3.0
697,main_green,side_green,66,49.0,8.028883493746369,5,2,0,-14.0,16.0,15.0,3.0
698,main_green,side_green,65,2.0,8.5158855037737,1,2,0,-14.0,16.0,15.0,3.0
699,main_green,side_green,65,3.0,9.06720721628877,1,2,0,-14.0,16.0,15.0,3.0
700,main_green,side_green,67,5.0,9.251117657030264,4,2,0,-14.0,16.0,15.0,3.0
701,main_green,side_green,64,8.0,9.648581332639413,3,2,0,-14.0,16.0,15.0,3.0
702,main_green,side_green,62,13.0,10.149165495330456,5,2,0,-14.0,16.0,15.0,3.0
703,main_green,side_green,59,18.0,10.351759867834472,5,2,0,-14.0,16.0,15.0,3.0
704,main_green,side_green,58,24.0,10.174401860516662,7,2,0,-14.0,16.0,15.0,3.0
705,main_green,side_green,55,30.0,9.94799693266551,7,2,0,-14.0,16.0,15.0,3.0
706,yellow_transition,yellow_transition,54,37.0,9.991685358692306,7,3,1,-7.0,3.0,-12.0,18.0
707,yellow_transition,yellow_transition,53,45.0,9.936174861300215,8,3,1,-7.0,3.0,-12.0,18.0
708,yellow_transition,yellow_transition,58,54.0,9.032727514498188,14,3,1,-7.0,3.0,-12.0,18.0
709,main_green,main_green,57,21.0,9.308935246671187,4,2,2,-7.0,3.0,-12.0,18.0
710,main_green,main_green,58,11.0,9.516825136748226,3,2,2,-7.0,3.0,-12.0,18.0
711,main_green,main_green,58,13.0,10.118470530975355,2,2,2,-7.0,3.0,-12.0,18.0
712,main_green,main_green,59,15.0,10.299007464473483,3,2,2,-7.0,3.0,-12.0,18.0
713,main_green,main_green,58,17.0,10.73488918801015,2,2,2,-7.0,3.0,-12.0,18.0
714,main_green,main_green,56,19.0,10.891927556263104,2,2,2,-7.0,3.0,-12.0,18.0
715,main_green,main_green,56,21.0,10.786325270521251,3,2,2,-7.0,3.0,-12.0,18.0
716,main_green,main_green,56,25.0,10.371189192364454,5,2,2,-7.0,3.0,-12.0,18.0
717,main_green,main_green,55,29.0,10.561433123170147,4,2,2,-7.0,3.0,-12.0,18.0
718,main_green,main_green,54,34.0,10.747452102782805,5,2,2,-7.0,3.0,-12.0,18.0
719,main_green,main_green,51,39.0,10.771499575277046,5,2,2,-4.0,8.0,-8.0,12.0
720,main_green,main_green,54,45.0,9.77753151232521,11,2,2,-4.0,8.0,-8.0,12.0
721,main_green,main_green,54,51.0,9.880965687315577,7,2,2,-4.0,8.0,-8.0,12.0
722,main_green,main_green,52,57.0,9.997372759629542,6,2,2,-4.0,8.0,-8.0,12.0
723,main_green,main_green,50,63.0,10.165861117998498,6,2,2,-4.0,8.0,-8.0,12.0
724,main_green,main_green,49,69.0,9.769489027405571,7,2,2,-4.0,8.0,-8.0,12.0
725,main_green,main_green,49,75.0,9.69921416500817,6,2,2,-4.0,8.0,-8.0,12.0
726,main_green,main_green,50,81.0,9.453205186589216,7,2,2,-4.0,8.0,-8.0,12.0
727,main_green,main_green,50,88.0,9.552056727904052,7,2,2,-4.0,8.0,-8.0,12.0
728,main_green,main_green,51,96.0,9.499049876464703,9,2,2,-4.0,8.0,-8.0,12.0
729,main_green,main_green,51,105.0,9.765563577045894,9,2,2,6.0,16.0,-1.0,13.0
730,main_green,main_green,50,115.0,9.848718314249485,10,2,2,6.0,16.0,-1.0,13.0
731,main_green,main_green,51,125.0,9.643277826719043,11,2,2,6.0,16.0,-1.0,13.0
732,main_green,main_green,56,135.0,8.901127987071762,15,2,2,6.0,16.0,-1.0,13.0
733,main_green,main_green,56,145.0,9.224696135895245,10,2,2,6.0,16.0,-1.0,13.0
734,main_green,main_green,56,155.0,9.586928919070129,10,2,2,6.0,16.0,-1.0,13.0
735,main_green,main_green,52,165.0,9.532289055256879,10,2,2,6.0,16.0,-1.0,13.0
736,main_green,main_green,54,175.0,9.129125744097268,12,2,2,6.0,16.0,-1.0,13.0
737,main_green,main_green,54,185.0,9.185444783262888,10,2,2,6.0,16.0,-1.0,13.0
738,main_green,main_green,54,195.0,9.138659134629407,10,2,2,6.0,16.0,-1.0,13.0
739,main_green,main_green,54,205.0,9.212722595269687,10,2,2,13.0,17.0,2.0,4.0
740,main_green,main_green,55,217.0,8.934183585541154,13,2,2,13.0,17.0,2.0,4.0
741,main_green,main_green,55,231.0,8.827617446988045,15,2,2,13.0,17.0,2.0,4.0
742,main_green,main_green,55,245.0,8.879537693428714,14,2,2,13.0,17.0,2.0,4.0
743,main_green,main_green,55,259.0,9.039170297474449,14,2,2,13.0,17.0,2.0,4.0
744,main_green,main_green,60,273.0,8.45320301035908,19,2,2,13.0,17.0,2.0,4.0
745,main_green,main_green,59,287.0,8.491578915350422,14,2,2,13.0,17.0,2.0,4.0
746,main_green,main_green,60,301.0,8.580411250266065,15,2,2,13.0,17.0,2.0,4.0
747,main_green,main_green,59,315.0,8.545031541962713,14,2,2,13.0,17.0,2.0,4.0
748,main_green,main_green,60,329.0,8.49750753625926,15,2,2,13.0,17.0,2.0,4.0
749,main_green,main_green,60,343.0,8.547014841236654,14,2,2,12.0,12.0,7.0,9.0
750,main_green,main_green,58,357.0,8.492173934127935,14,2,2,12.0,12.0,7.0,9.0
751,main_green,main_green,58,372.0,8.289034467120628,16,2,2,12.0,12.0,7.0,9.0
752,main_green,main_green,59,389.0,8.280667647581348,18,2,2,12.0,12.0,7.0,9.0
753,main_green,main_green,59,407.0,8.337198292561792,18,2,2,12.0,12.0,7.0,9.0
754,main_green,main_green,59,425.0,8.369041578150139,18,2,2,12.0,12.0,7.0,9.0
755,main_green,main_green,59,443.0,8.553809417160013,18,2,2,12.0,12.0,7.0,9.0
756,main_green,main_green,64,461.0,7.9218392837036,23,2,2,12.0,12.0,7.0,9.0
757,main_green,main_green,64,479.0,7.887255746491974,19,2,2,12.0,12.0,7.0,9.0
758,main_green,main_green,63,497.0,8.106523352724027,18,2,2,12.0,12.0,7.0,9.0
759,yellow_transition,yellow_transition,62,515.0,8.055234411155926,18,3,3,16.0,10.0,12.0,10.0
760,yellow_transition,yellow_transition,61,533.0,7.74504083150106,19,3,3,16.0,10.0,12.0,10.0
761,yellow_transition,yellow_transition,61,551.0,7.645818090216292,18,3,3,16.0,10.0,12.0,10.0
762,side_green,side_green,61,205.0,7.456659103358742,11,0,0,16.0,10.0,12.0,10.0
763,side_green,side_green,61,26.0,7.641114290249848,3,0,0,16.0,10.0,12.0,10.0
764,side_green,side_green,62,2.0,7.8942500028820515,3,0,0,16.0,10.0,12.0,10.0
765,side_green,side_green,60,5.0,8.368861916575076,3,0,0,16.0,10.0,12.0,10.0
766,side_green,side_green,60,9.0,8.796044518168662,4,0,0,16.0,10.0,12.0,10.0
767,side_green,side_green,60,14.0,9.025601019009436,6,0,0,16.0,10.0,12.0,10.0
768,side_green,side_green,63,21.0,8.676970235544474,12,0,0,16.0,10.0,12.0,10.0
769,side_green,side_green,63,29.0,9.112353568031867,8,0,0,16.0,10.0,12.0,10.0
770,side_green,side_green,63,37.0,9.338778124454619,8,0,0,16.0,10.0,12.0,10.0
771,side_green,side_green,63,47.0,9.361807738127,10,0,0,16.0,10.0,12.0,10.0
772,yellow_transition,yellow_transition,64,57.0,8.818373169446993,12,1,1,-13.0,7.0,-9.0,9.0
773,yellow_transition,yellow_transition,64,70.0,8.606949430191666,13,1,1,-13.0,7.0,-9.0,9.0
774,yellow_transition,yellow_transition,64,84.0,8.325101475169053,14,1,1,-13.0,7.0,-9.0,9.0
775,main_green,main_green,64,27.0,8.406678283078811,7,2,2,-13.0,7.0,-9.0,9.0
776,main_green,main_green,63,6.0,8.399621219077455,4,2,2,-13.0,7.0,-9.0,9.0
777,main_green,main_green,64,3.0,8.734684915943651,3,2,2,-13.0,7.0,-9.0,9.0
778,main_green,main_green,64,7.0,9.445775039368826,4,2,2,-13.0,7.0,-9.0,9.0
779,main_green,main_green,64,11.0,10.018551478529707,4,2,2,-13.0,7.0,-9.0,9.0
780,main_green,main_green,66,15.0,9.585272466370089,9,2,2,-13.0,7.0,-9.0,9.0
781,main_green,main_green,63,19.0,10.17011435263275,4,2,2,-13.0,7.0,-9.0,9.0
782,main_green,main_green,61,23.0,10.42189230584975,5,2,2,-13.0,7.0,-9.0,9.0
783,main_green,main_green,55,27.0,10.632610181715158,4,2,2,-13.0,7.0,-9.0,9.0
784,main_green,main_green,52,31.0,10.493048301596685,5,2,2,-13.0,7.0,-9.0,9.0
785,main_green,main_green,50,35.0,10.378966379053027,4,2,2,-2.0,10.0,-1.0,9.0
786,main_green,main_green,49,39.0,10.289070809173872,4,2,2,-2.0,10.0,-1.0,9.0
787,main_green,main_green,47,43.0,9.887928998569299,5,2,2,-2.0,10.0,-1.0,9.0
788,main_green,main_green,48,48.0,9.778217405248233,6,2,2,-2.0,10.0,-1.0,9.0
789,main_green,main_green,48,54.0,9.933614434644321,6,2,2,-2.0,10.0,-1.0,9.0
790,main_green,main_green,48,60.0,10.059429049155696,6,2,2,-2.0,10.0,-1.0,9.0
791,main_green,main_green,48,68.0,10.246821285309016,8,2,2,-2.0,10.0,-1.0,9.0
792,main_green,main_green,53,76.0,9.276719266902921,13,2,2,-2.0,10.0,-1.0,9.0
793,main_green,main_green,54,84.0,9.29327212806643,9,2,2,-2.0,10.0,-1.0,9.0
794,main_green,main_green,54,92.0,9.642144576113212,8,2,2,-2.0,10.0,-1.0,9.0
795,main_green,main_green,54,100.0,10.056312599405695,8,2,2,3.0,15.0,3.0,15.0
796,main_green,main_green,55,108.0,9.816564368019199,9,2,2,3.0,15.0,3.0,15.0
797,main_green,main_green,55,116.0,9.779601186607982,8,2,2,3.0,15.0,3.0,15.0
798,main_green,main_green,56,124.0,9.664502041061171,9,2,2,3.0,15.0,3.0,15.0
799,main_green,main_green,56,132.0,9.628831054928119,8,2,2,3.0,15.0,3.0,15.0
800,main_green,main_green,57,141.0,9.476555778829352,10,2,2,3.0,15.0,3.0,15.0
801,main_green,main_green,53,152.0,9.348785786476194,11,2,2,3.0,15.0,3.0,15.0
802,main_green,main_green,53,164.0,9.365710934925634,12,2,2,3.0,15.0,3.0,15.0
803,main_green,main_green,52,176.0,9.197709601730487,13,2,2,3.0,15.0,3.0,15.0
804,main_green,main_green,56,188.0,8.457247323828787,17,2,2,3.0,15.0,3.0,15.0
805,main_green,main_green,56,200.0,8.803563707019796,12,2,2,9.0,13.0,10.0,16.0
806,main_green,main_green,55,212.0,8.900930585383586,12,2,2,9.0,13.0,10.0,16.0
807,main_green,main_green,54,224.0,8.86199218738296,12,2,2,9.0,13.0,10.0,16.0
808,main_green,main_green,55,236.0,8.671776989801376,14,2,2,9.0,13.0,10.0,16.0
809,main_green,main_green,55,248.0,8.775462470192647,12,2,2,9.0,13.0,10.0,16.0
810,main_green,main_green,55,260.0,8.708328790417807,12,2,2,9.0,13.0,10.0,16.0
811,main_green,main_green,55,272.0,8.767895686071023,12,2,2,9.0,13.0,10.0,16.0
812,main_green,main_green,56,287.0,8.580573031425958,16,2,2,9.0,13.0,10.0,16.0
813,main_green,main_green,57,302.0,8.44783323734106,16,2,2,9.0,13.0,10.0,16.0
814,main_green,main_green,57,318.0,8.588055538715377,16,2,2,9.0,13.0,10.0,16.0
815,main_green,main_green,57,334.0,8.679047361457629,16,2,2,10.0,14.0,5.0,5.0
816,main_green,main_green,62,350.0,8.086238703297571,21,2,2,10.0,14.0,5.0,5.0
817,main_green,main_green,62,366.0,8.272862514210551,16,2,2,10.0,14.0,5.0,5.0
818,main_green,main_green,63,382.0,8.418450680745526,17,2,2,10.0,14.0,5.0,5.0
819,main_green,main_green,63,398.0,8.637959532390106,16,2,2,10.0,14.0,5.0,5.0
820,main_green,main_green,64,414.0,8.53738140081091,17,2,2,10.0,14.0,5.0,5.0
821,main_green,main_green,64,430.0,8.534006198611507,16,2,2,10.0,14.0,5.0,5.0
822,main_green,main_green,64,446.0,8.639797996969945,16,2,2,10.0,14.0,5.0,5.0
823,main_green,main_green,62,463.0,8.279618600869595,18,2,2,10.0,14.0,5.0,5.0
824,main_green,main_green,63,482.0,8.066228602542754,20,2,2,10.0,14.0,5.0,5.0
825,yellow_transition,yellow_transition,62,501.0,8.08702577622968,19,3,3,12.0,12.0,11.0,9.0
826,yellow_transition,yellow_transition,61,521.0,8.087798456285945,20,3,3,12.0,12.0,11.0,9.0
827,yellow_transition,yellow_transition,60,541.0,8.045268024058855,20,3,3,12.0,12.0,11.0,9.0
828,main_green,side_green,64,383.0,7.4059296914254515,21,2,0,12.0,12.0,11.0,9.0
829,main_green,side_green,64,306.0,7.556263107529223,13,2,0,12.0,12.0,11.0,9.0
830,main_green,side_green,63,303.0,7.774672826787292,10,2,0,12.0,12.0,11.0,9.0
831,main_green,side_green,63,314.0,8.105158648926809,11,2,0,12.0,12.0,11.0,9.0
832,main_green,side_green,64,326.0,8.177923496525473,13,2,0,12.0,12.0,11.0,9.0
833,main_green,side_green,63,339.0,8.411163850626991,13,2,0,12.0,12.0,11.0,9.0
834,main_green,side_green,63,352.0,8.43082530509698,14,2,0,12.0,12.0,11.0,9.0
835,main_green,side_green,62,366.0,8.571337885095184,14,2,0,12.0,12.0,11.0,9.0
836,main_green,side_green,62,383.0,8.442351457890089,18,2,0,12.0,12.0,11.0,9.0
837,main_green,side_green,61,400.0,8.291125588829885,17,2,0,12.0,12.0,11.0,9.0
838,yellow_transition,yellow_transition,61,418.0,8.231022534106778,18,3,1,12.0,0.0,-11.0,19.0
839,yellow_transition,yellow_transition,62,437.0,8.078524837876651,20,3,1,12.0,0.0,-11.0,19.0
840,yellow_transition,yellow_transition,67,457.0,7.370297794422863,25,3,1,12.0,0.0,-11.0,19.0
841,side_green,main_green,65,205.0,7.6063441115822314,12,0,2,12.0,0.0,-11.0,19.0
842,side_green,main_green,65,53.0,8.100167002445199,6,0,2,12.0,0.0,-11.0,19.0
843,side_green,main_green,64,0.0,8.649405381240154,0,0,2,12.0,0.0,-11.0,19.0
844,side_green,main_green,65,0.0,8.824071380793972,2,0,2,12.0,0.0,-11.0,19.0
845,side_green,main_green,65,1.0,9.284809693321554,1,0,2,12.0,0.0,-11.0,19.0
846,side_green,main_green,64,2.0,9.701282707457265,1,0,2,12.0,0.0,-11.0,19.0
847,side_green,main_green,61,5.0,10.07289770636711,3,0,2,12.0,0.0,-11.0,19.0
848,side_green,main_green,60,10.0,10.308641615446142,6,0,2,12.0,0.0,-11.0,19.0
849,side_green,main_green,60,15.0,10.42665835523289,6,0,2,12.0,0.0,-11.0,19.0
850,side_green,main_green,59,20.0,10.598004415650962,5,0,2,12.0,0.0,-11.0,19.0
851,yellow_transition,yellow_transition,58,26.0,10.639748129476573,6,1,3,-14.0,14.0,-11.0,-1.0
852,yellow_transition,yellow_transition,61,32.0,9.64925000514693,11,1,3,-14.0,14.0,-11.0,-1.0
853,yellow_transition,yellow_transition,59,38.0,9.25355364521126,6,1,3,-14.0,14.0,-11.0,-1.0
854,main_green,main_green,59,12.0,9.58809408016322,4,2,2,-14.0,14.0,-11.0,-1.0
855,main_green,main_green,59,13.0,10.088726765623814,2,2,2,-14.0,14.0,-11.0,-1.0
856,main_green,main_green,60,15.0,10.32828229411756,3,2,2,-14.0,14.0,-11.0,-1.0
857,main_green,main_green,60,17.0,10.619604329675978,2,2,2,-14.0,14.0,-11.0,-1.0
858,main_green,main_green,59,19.0,10.743862356138864,2,2,2,-14.0,14.0,-11.0,-1.0
859,main_green,main_green,58,21.0,10.60126440433094,3,2,2,-14.0,14.0,-11.0,-1.0
860,main_green,main_green,57,24.0,10.547076665882193,4,2,2,-14.0,14.0,-11.0,-1.0
861,main_green,main_green,56,29.0,10.75995489714857,5,2,2,-14.0,14.0,-11.0,-1.0
862,main_green,main_green,54,34.0,10.696968537787193,5,2,2,-14.0,14.0,-11.0,-1.0
863,main_green,main_green,53,39.0,10.709008468708728,5,2,2,-14.0,14.0,-11.0,-1.0
864,main_green,main_green,56,45.0,9.722629909118416,11,2,2,-5.0,13.0,-6.0,2.0
865,main_green,main_green,56,51.0,9.77546721437291,7,2,2,-5.0,13.0,-6.0,2.0
866,main_green,main_green,55,57.0,9.948557359830076,6,2,2,-5.0,13.0,-6.0,2.0
867,main_green,main_green,54,63.0,10.218113798728009,6,2,2,-5.0,13.0,-6.0,2.0
868,main_green,main_green,54,69.0,10.289297320092377,7,2,2,-5.0,13.0,-6.0,2.0
869,main_green,main_green,52,75.0,10.133522328721936,6,2,2,-5.0,13.0,-6.0,2.0
870,main_green,main_green,53,81.0,9.776361169149368,7,2,2,-5.0,13.0,-6.0,2.0
871,main_green,main_green,52,88.0,9.791997541928277,7,2,2,-5.0,13.0,-6.0,2.0
872,main_green,main_green,53,97.0,9.65615800687757,10,2,2,-5.0,13.0,-6.0,2.0
873,main_green,main_green,52,107.0,9.780649891412681,10,2,2,-5.0,13.0,-6.0,2.0
874,main_green,main_green,51,117.0,9.773099150039204,10,2,2,-2.0,6.0,5.0,15.0
875,main_green,main_green,51,127.0,9.747674819915716,11,2,2,-2.0,6.0,5.0,15.0
876,main_green,main_green,55,137.0,8.809722397485418,15,2,2,-2.0,6.0,5.0,15.0
877,main_green,main_green,55,147.0,9.248482565267745,10,2,2,-2.0,6.0,5.0,15.0
878,main_green,main_green,55,157.0,9.4934396552577,10,2,2,-2.0,6.0,5.0,15.0
879,main_green,main_green,54,167.0,9.603395425365242,10,2,2,-2.0,6.0,5.0,15.0
880,main_green,main_green,54,177.0,9.175634178933294,12,2,2,-2.0,6.0,5.0,15.0
881,main_green,main_green,53,187.0,9.212162675679822,10,2,2,-2.0,6.0,5.0,15.0
882,main_green,main_green,53,197.0,9.159249819437406,10,2,2,-2.0,6.0,5.0,15.0
883,main_green,main_green,52,208.0,9.138489272424279,11,2,2,-2.0,6.0,5.0,15.0
884,main_green,main_green,52,220.0,8.934700108726531,13,2,2,2.0,6.0,14.0,20.0
885,main_green,main_green,53,233.0,8.90092978710583,14,2,2,2.0,6.0,14.0,20.0
886,main_green,main_green,53,246.0,9.032758881670974,13,2,2,2.0,6.0,14.0,20.0
887,main_green,main_green,53,260.0,9.109894839341818,14,2,2,2.0,6.0,14.0,20.0
888,main_green,main_green,58,274.0,8.403623383059793,19,2,2,2.0,6.0,14.0,20.0
889,main_green,main_green,58,288.0,8.553659861026293,14,2,2,2.0,6.0,14.0,20.0
890,main_green,main_green,58,302.0,8.61059598547631,15,2,2,2.0,6.0,14.0,20.0
891,main_green,main_green,58,316.0,8.814215486832639,14,2,2,2.0,6.0,14.0,20.0
892,main_green,main_green,58,330.0,8.512744896587984,15,2,2,2.0,6.0,14.0,20.0
893,main_green,main_green,58,344.0,8.629858968381205,14,2,2,2.0,6.0,14.0,20.0
894,yellow_transition,yellow_transition,57,359.0,8.423468754159513,15,3,3,8.0,8.0,13.0,9.0
895,yellow_transition,yellow_transition,58,374.0,8.141350315175133,16,3,3,8.0,8.0,13.0,9.0
896,yellow_transition,yellow_transition,58,391.0,7.7827854111225845,18,3,3,8.0,8.0,13.0,9.0
897,main_green,side_green,58,237.0,8.086129439533636,14,2,0,8.0,8.0,13.0,9.0
898,main_green,side_green,58,171.0,8.478579969261748,11,2,0,8.0,8.0,13.0,9.0
899,main_green,side_green,58,173.0,8.71727062652662,10,2,0,8.0,8.0,13.0,9.0
900,main_green,side_green,63,183.0,8.40822255734941,15,2,0,8.0,8.0,13.0,9.0
901,main_green,side_green,62,193.0,8.664600785129862,11,2,0,8.0,8.0,13.0,9.0
902,main_green,side_green,61,203.0,9.030082418484609,10,2,0,8.0,8.0,13.0,9.0
903,main_green,side_green,61,213.0,9.268090043873123,10,2,0,8.0,8.0,13.0,9.0
904,main_green,side_green,62,224.0,9.24720637362109,12,2,0,8.0,8.0,13.0,9.0
905,main_green,side_green,62,235.0,9.204898567029202,11,2,0,8.0,8.0,13.0,9.0
906,main_green,side_green,62,248.0,9.032589917303316,14,2,0,8.0,8.0,13.0,9.0
907,yellow_transition,yellow_transition,62,263.0,9.07466265068526,15,3,1,11.0,1.0,-11.0,15.0
908,yellow_transition,yellow_transition,62,278.0,8.808681248449693,16,3,1,11.0,1.0,-11.0,15.0
909,yellow_transition,yellow_transition,62,293.0,8.717855555913584,15,3,1,11.0,1.0,-11.0,15.0
910,side_green,main_green,61,96.0,8.71270464368575,7,0,2,11.0,1.0,-11.0,15.0
911,side_green,main_green,60,11.0,8.971482780146143,3,0,2,11.0,1.0,-11.0,15.0
912,side_green,main_green,65,1.0,8.783162625172244,6,0,2,11.0,1.0,-11.0,15.0
913,side_green,main_green,63,2.0,9.353339774858163,1,0,2,11.0,1.0,-11.0,15.0
914,side_green,main_green,62,3.0,9.921464830000595,1,0,2,11.0,1.0,-11.0,15.0
915,side_green,main_green,59,5.0,10.27350302118783,2,0,2,11.0,1.0,-11.0,15.0
916,side_green,main_green,59,7.0,10.475306328801144,4,0,2,11.0,1.0,-11.0,15.0
917,side_green,main_green,56,9.0,10.738938880392642,2,0,2,11.0,1.0,-11.0,15.0
918,side_green,main_green,55,11.0,10.786958120376125,2,0,2,11.0,1.0,-11.0,15.0
919,side_green,main_green,54,16.0,10.798660656477725,5,0,2,11.0,1.0,-11.0,15.0
920,yellow_transition,yellow_transition,53,21.0,10.3749045899714,6,1,3,-14.0,12.0,-8.0,0.0
921,yellow_transition,yellow_transition,53,27.0,10.078433722986691,7,1,3,-14.0,12.0,-8.0,0.0
922,yellow_transition,yellow_transition,53,33.0,9.996705732964084,6,1,3,-14.0,12.0,-8.0,0.0
923,main_green,main_green,52,14.0,10.171843000512286,4,2,2,-14.0,12.0,-8.0,0.0
924,main_green,main_green,57,10.0,9.638207787702218,7,2,2,-14.0,12.0,-8.0,0.0
925,main_green,main_green,56,12.0,9.993972500492774,2,2,2,-14.0,12.0,-8.0,0.0
926,main_green,main_green,57,14.0,10.079246404125364,3,2,2,-14.0,12.0,-8.0,0.0
927,main_green,main_green,56,16.0,10.639740828205536,2,2,2,-14.0,12.0,-8.0,0.0
928,main_green,main_green,56,18.0,10.846765756933506,3,2,2,-14.0,12.0,-8.0,0.0
929,main_green,main_green,54,20.0,10.96998125735299,2,2,2,-14.0,12.0,-8.0,0.0
930,main_green,main_green,52,22.0,11.174656614315293,2,2,2,-14.0,12.0,-8.0,0.0
931,main_green,main_green,52,24.0,10.8607839285261,3,2,2,-14.0,12.0,-8.0,0.0
932,main_green,main_green,52,29.0,10.762771553675172,6,2,2,-14.0,12.0,-8.0,0.0
933,main_green,main_green,49,35.0,10.675261967322673,6,2,2,-5.0,17.0,-5.0,5.0
934,main_green,main_green,48,41.0,10.781321233172754,6,2,2,-5.0,17.0,-5.0,5.0
935,main_green,main_green,46,47.0,10.824422028945868,6,2,2,-5.0,17.0,-5.0,5.0
936,main_green,main_green,49,53.0,9.695537677388959,11,2,2,-5.0,17.0,-5.0,5.0
937,main_green,main_green,50,59.0,9.683984243252379,7,2,2,-5.0,17.0,-5.0,5.0
938,main_green,main_green,49,65.0,10.05712419357081,6,2,2,-5.0,17.0,-5.0,5.0
939,main_green,main_green,49,71.0,10.298609780365396,6,2,2,-5.0,17.0,-5.0,5.0
940,main_green,main_green,49,77.0,10.09000717370971,7,2,2,-5.0,17.0,-5.0,5.0
941,main_green,main_green,48,83.0,10.054324348615763,6,2,2,-5.0,17.0,-5.0,5.0
942,main_green,main_green,48,89.0,9.734725472768448,7,2,2,-5.0,17.0,-5.0,5.0
943,main_green,main_green,48,97.0,9.67952097624993,8,2,2,-1.0,7.0,9.0,21.0
944,main_green,main_green,49,107.0,9.51919112468227,11,2,2,-1.0,7.0,9.0,21.0
945,main_green,main_green,49,117.0,9.593388002153622,10,2,2,-1.0,7.0,9.0,21.0
946,main_green,main_green,49,127.0,9.872517743440149,10,2,2,-1.0,7.0,9.0,21.0
947,main_green,main_green,49,137.0,9.693842648385768,11,2,2,-1.0,7.0,9.0,21.0
948,main_green,main_green,54,147.0,8.837703662146538,15,2,2,-1.0,7.0,9.0,21.0
949,main_green,main_green,53,157.0,8.98110370097976,10,2,2,-1.0,7.0,9.0,21.0
950,main_green,main_green,52,167.0,9.18412266611291,10,2,2,-1.0,7.0,9.0,21.0
951,main_green,main_green,52,177.0,9.433888062964321,10,2,2,-1.0,7.0,9.0,21.0
952,main_green,main_green,54,187.0,9.100215788080687,12,2,2,-1.0,7.0,9.0,21.0
953,main_green,main_green,53,197.0,9.094702505320074,10,2,2,3.0,13.0,10.0,12.0
954,main_green,main_green,53,207.0,9.13346085667592,10,2,2,3.0,13.0,10.0,12.0
955,main_green,main_green,53,217.0,9.034846254728846,10,2,2,3.0,13.0,10.0,12.0
956,main_green,main_green,54,229.0,8.97783452942091,13,2,2,3.0,13.0,10.0,12.0
957,main_green,main_green,55,242.0,8.974305468623845,14,2,2,3.0,13.0,10.0,12.0
958,main_green,main_green,54,256.0,8.94363161280705,14,2,2,3.0,13.0,10.0,12.0
959,main_green,main_green,54,270.0,9.085527978652818,14,2,2,3.0,13.0,10.0,12.0
960,main_green,main_green,58,284.0,8.267221031355591,19,2,2,3.0,13.0,10.0,12.0
961,main_green,main_green,58,298.0,8.602990894967862,14,2,2,3.0,13.0,10.0,12.0
962,main_green,main_green,59,312.0,8.583688816497878,15,2,2,3.0,13.0,10.0,12.0
963,main_green,main_green,59,326.0,8.887435941054632,14,2,2,8.0,8.0,14.0,14.0
964,main_green,main_green,59,340.0,8.63022036188615,15,2,2,8.0,8.0,14.0,14.0
965,main_green,main_green,58,354.0,8.705322487892692,14,2,2,8.0,8.0,14.0,14.0
966,main_green,main_green,57,368.0,8.636132396058995,14,2,2,8.0,8.0,14.0,14.0
967,main_green,main_green,58,383.0,8.531396637662148,16,2,2,8.0,8.0,14.0,14.0
968,main_green,main_green,59,400.0,8.37246310679869,18,2,2,8.0,8.0,14.0,14.0
969,main_green,main_green,59,417.0,8.496658000856957,17,2,2,8.0,8.0,14.0,14.0
970,main_green,main_green,59,435.0,8.550507893750789,18,2,2,8.0,8.0,14.0,14.0
971,main_green,main_green,57,453.0,8.514130605526608,18,2,2,8.0,8.0,14.0,14.0
972,main_green,main_green,60,471.0,7.660322069328105,23,2,2,8.0,8.0,14.0,14.0
973,yellow_transition,yellow_transition,60,489.0,7.654597349426951,19,3,3,14.0,12.0,16.0,10.0
974,yellow_transition,yellow_transition,59,507.0,7.613442895781812,18,3,3,14.0,12.0,16.0,10.0
975,yellow_transition,yellow_transition,59,525.0,7.484635034401884,18,3,3,14.0,12.0,16.0,10.0
976,side_green,side_green,60,183.0,7.458844154270333,11,0,0,14.0,12.0,16.0,10.0
977,side_green,side_green,59,20.0,7.475689872011315,3,0,0,14.0,12.0,16.0,10.0
978,side_green,side_green,60,2.0,7.822961724888116,2,0,0,14.0,12.0,16.0,10.0
979,side_green,side_green,59,5.0,8.411217581857741,3,0,0,14.0,12.0,16.0,10.0
980,side_green,side_green,59,9.0,8.712720963965266,5,0,0,14.0,12.0,16.0,10.0
981,side_green,side_green,59,14.0,9.22903097069716,5,0,0,14.0,12.0,16.0,10.0
982,side_green,side_green,59,22.0,9.514557535234463,8,0,0,14.0,12.0,16.0,10.0
983,side_green,side_green,60,30.0,9.789180339340701,9,0,0,14.0,12.0,16.0,10.0
984,side_green,side_green,65,39.0,9.233890184990253,14,0,0,14.0,12.0,16.0,10.0
985,side_green,side_green,65,49.0,9.400878664948996,10,0,0,14.0,12.0,16.0,10.0
986,yellow_transition,yellow_transition,65,59.0,9.301690237429584,10,1,1,-12.0,6.0,-11.0,9.0
987,yellow_transition,yellow_transition,63,69.0,9.349901910582014,10,1,1,-12.0,6.0,-11.0,9.0
988,yellow_transition,yellow_transition,64,81.0,8.899321516087445,14,1,1,-12.0,6.0,-11.0,9.0
989,main_green,main_green,64,24.0,9.06209968057033,6,2,2,-12.0,6.0,-11.0,9.0
990,main_green,main_green,64,2.0,9.432289788015623,1,2,2,-12.0,6.0,-11.0,9.0
991,main_green,main_green,63,0.0,9.645025415371965,0,2,2,-12.0,6.0,-11.0,9.0
992,main_green,main_green,63,2.0,9.732514419434098,3,2,2,-12.0,6.0,-11.0,9.0
993,main_green,main_green,64,5.0,10.050773924590034,4,2,2,-12.0,6.0,-11.0,9.0
994,main_green,main_green,58,9.0,10.338754910003006,4,2,2,-12.0,6.0,-11.0,9.0
995,main_green,main_green,55,13.0,10.876827793980697,4,2,2,-12.0,6.0,-11.0,9.0
996,main_green,main_green,55,17.0,9.948454528307959,9,2,2,-12.0,6.0,-11.0,9.0
997,main_green,main_green,52,21.0,10.09212583071857,4,2,2,-12.0,6.0,-11.0,9.0
998,main_green,main_green,49,25.0,9.939899282890714,5,2,2,-12.0,6.0,-11.0,9.0
999,main_green,main_green,48,29.0,10.17199412315004,4,2,2,1.0,13.0,-1.0,9.0
1000,main_green,main_green,47,33.0,9.945513101467535,5,2,2,1.0,13.0,-1.0,9.0
1001,main_green,main_green,47,37.0,10.150412562407073,4,2,2,1.0,13.0,-1.0,9.0
1002,main_green,main_green,46,41.0,10.069718023647225,4,2,2,1.0,13.0,-1.0,9.0
1003,main_green,main_green,47,45.0,9.833784692821627,5,2,2,1.0,13.0,-1.0,9.0
1004,main_green,main_green,48,49.0,9.709130143990082,5,2,2,1.0,13.0,-1.0,9.0
1005,main_green,main_green,48,56.0,9.71414890051321,7,2,2,1.0,13.0,-1.0,9.0
1006,main_green,main_green,48,63.0,9.844257031414879,7,2,2,1.0,13.0,-1.0,9.0
1007,main_green,main_green,48,70.0,9.994753565250145,7,2,2,1.0,13.0,-1.0,9.0
1008,main_green,main_green,53,78.0,9.195194308165659,13,2,2,1.0,13.0,-1.0,9.0
1009,main_green,main_green,54,86.0,9.226159435880867,9,2,2,5.0,19.0,3.0,11.0
1010,main_green,main_green,54,94.0,9.465298824651642,8,2,2,5.0,19.0,3.0,11.0
1011,main_green,main_green,54,102.0,9.747493128087017,8,2,2,5.0,19.0,3.0,11.0
1012,main_green,main_green,55,110.0,9.708498550045462,9,2,2,5.0,19.0,3.0,11.0
1013,main_green,main_green,55,118.0,9.553259417805481,8,2,2,5.0,19.0,3.0,11.0
1014,main_green,main_green,56,126.0,9.386984364572685,9,2,2,5.0,19.0,3.0,11.0
1015,main_green,main_green,53,135.0,9.111532211302189,9,2,2,5.0,19.0,3.0,11.0
1016,main_green,main_green,53,145.0,8.960845249366239,11,2,2,5.0,19.0,3.0,11.0
1017,main_green,main_green,52,156.0,9.038009411858171,11,2,2,5.0,19.0,3.0,11.0
1018,main_green,main_green,51,168.0,9.167594726581095,12,2,2,5.0,19.0,3.0,11.0
1019,main_green,main_green,52,180.0,9.04637023960832,13,2,2,10.0,20.0,4.0,8.0
1020,main_green,main_green,56,192.0,8.349090787768562,17,2,2,10.0,20.0,4.0,8.0
1021,main_green,main_green,55,204.0,8.499132676976735,12,2,2,10.0,20.0,4.0,8.0
1022,main_green,main_green,54,216.0,8.669119084015604,12,2,2,10.0,20.0,4.0,8.0
1023,main_green,main_green,54,228.0,8.861839772401066,12,2,2,10.0,20.0,4.0,8.0
1024,main_green,main_green,56,240.0,8.554434925866103,14,2,2,10.0,20.0,4.0,8.0
1025,main_green,main_green,56,252.0,8.740569741424997,12,2,2,10.0,20.0,4.0,8.0
1026,main_green,main_green,56,264.0,8.723955878995259,12,2,2,10.0,20.0,4.0,8.0
1027,main_green,main_green,56,277.0,8.488708954764464,13,2,2,10.0,20.0,4.0,8.0
1028,main_green,main_green,57,290.0,8.339499792232163,14,2,2,10.0,20.0,4.0,8.0
1029,main_green,main_green,58,306.0,8.384966152835984,17,2,2,7.0,9.0,10.0,10.0
1030,main_green,main_green,58,322.0,8.43064036348029,16,2,2,7.0,9.0,10.0,10.0
1031,main_green,main_green,58,338.0,8.590838148296404,16,2,2,7.0,9.0,10.0,10.0
1032,main_green,main_green,63,354.0,7.997434212157359,21,2,2,7.0,9.0,10.0,10.0
1033,main_green,main_green,63,370.0,8.106550741875889,16,2,2,7.0,9.0,10.0,10.0
1034,main_green,main_green,64,386.0,8.243402433467072,17,2,2,7.0,9.0,10.0,10.0
1035,main_green,main_green,64,402.0,8.424518968039921,16,2,2,7.0,9.0,10.0,10.0
1036,main_green,main_green,65,418.0,8.440108942958743,17,2,2,7.0,9.0,10.0,10.0
1037,main_green,main_green,65,434.0,8.493016801604096,16,2,2,7.0,9.0,10.0,10.0
1038,main_green,main_green,63,450.0,8.412655104991986,16,2,2,7.0,9.0,10.0,10.0
1039,yellow_transition,yellow_transition,63,466.0,8.123662780363542,17,3,3,9.0,5.0,13.0,11.0
1040,yellow_transition,yellow_transition,64,484.0,7.949497875144012,19,3,3,9.0,5.0,13.0,11.0
1041,yellow_transition,yellow_transition,63,503.0,7.6878765277795775,19,3,3,9.0,5.0,13.0,11.0
1042,side_green,side_green,63,173.0,7.977989066713535,12,0,0,9.0,5.0,13.0,11.0
1043,side_green,side_green,61,13.0,8.202416425580983,4,0,0,9.0,5.0,13.0,11.0
1044,side_green,side_green,64,2.0,7.97930322960385,7,0,0,9.0,5.0,13.0,11.0
1045,side_green,side_green,64,5.0,8.511758634237752,4,0,0,9.0,5.0,13.0,11.0
1046,side_green,side_green,63,8.0,9.066866808748818,3,0,0,9.0,5.0,13.0,11.0
1047,side_green,side_green,62,12.0,9.492691724146981,4,0,0,9.0,5.0,13.0,11.0
1048,side_green,side_green,63,16.0,9.693317290515362,5,0,0,9.0,5.0,13.0,11.0
1049,side_green,side_green,62,21.0,9.816208985681348,5,0,0,9.0,5.0,13.0,11.0
1050,side_green,side_green,62,29.0,9.677984560331522,9,0,0,9.0,5.0,13.0,11.0
1051,side_green,side_green,62,38.0,9.699744229187544,9,0,0,9.0,5.0,13.0,11.0
1052,yellow_transition,yellow_transition,62,47.0,9.352031079137383,10,1,1,-17.0,7.0,-14.0,12.0
1053,yellow_transition,yellow_transition,62,59.0,9.322476832044275,12,1,1,-17.0,7.0,-14.0,12.0
1054,yellow_transition,yellow_transition,61,72.0,9.204294618441724,13,1,1,-17.0,7.0,-14.0,12.0
1055,main_green,main_green,61,24.0,9.005204477792889,7,2,2,-17.0,7.0,-14.0,12.0
1056,main_green,main_green,66,6.0,8.696912152233548,6,2,2,-17.0,7.0,-14.0,12.0
1057,main_green,main_green,66,0.0,9.180421199166759,0,2,2,-17.0,7.0,-14.0,12.0
1058,main_green,main_green,66,0.0,9.667334394448845,0,2,2,-17.0,7.0,-14.0,12.0
1059,main_green,main_green,65,0.0,10.30858493554518,0,2,2,-17.0,7.0,-14.0,12.0
1060,main_green,main_green,64,0.0,10.226257072386536,2,2,2,-17.0,7.0,-14.0,12.0
1061,main_green,main_green,62,0.0,10.874331590218024,0,2,2,-17.0,7.0,-14.0,12.0
1062,main_green,main_green,58,0.0,11.12390119969571,0,2,2,-17.0,7.0,-14.0,12.0
1063,main_green,main_green,55,0.0,11.231907232046128,0,2,2,-17.0,7.0,-14.0,12.0
1064,main_green,main_green,53,1.0,11.01418792066824,2,2,2,-17.0,7.0,-14.0,12.0
1065,main_green,main_green,52,4.0,10.882088045153592,4,2,2,-8.0,6.0,-7.0,5.0
1066,main_green,main_green,49,8.0,10.923667672646568,4,2,2,-8.0,6.0,-7.0,5.0
1067,main_green,main_green,46,12.0,10.907942939442922,4,2,2,-8.0,6.0,-7.0,5.0
1068,main_green,main_green,50,16.0,9.927794022894199,9,2,2,-8.0,6.0,-7.0,5.0
1069,main_green,main_green,50,20.0,10.094563846099403,4,2,2,-8.0,6.0,-7.0,5.0
1070,main_green,main_green,50,24.0,10.203044872859861,5,2,2,-8.0,6.0,-7.0,5.0
1071,main_green,main_green,50,28.0,10.575794618306078,4,2,2,-8.0,6.0,-7.0,5.0
1072,main_green,main_green,51,32.0,10.547062217032405,5,2,2,-8.0,6.0,-7.0,5.0
1073,main_green,main_green,51,36.0,10.59773504971776,4,2,2,-8.0,6.0,-7.0,5.0
1074,main_green,main_green,51,40.0,10.59980752116774,4,2,2,-8.0,6.0,-7.0,5.0
1075,main_green,main_green,52,44.0,10.386114485747004,5,2,2,-1.0,11.0,-2.0,12.0
1076,main_green,main_green,53,50.0,10.2306301164956,7,2,2,-1.0,11.0,-2.0,12.0
1077,main_green,main_green,53,56.0,10.296917753450675,6,2,2,-1.0,11.0,-2.0,12.0
1078,main_green,main_green,53,63.0,10.281796506954098,7,2,2,-1.0,11.0,-2.0,12.0
1079,main_green,main_green,53,71.0,10.372083171224968,8,2,2,-1.0,11.0,-2.0,12.0
1080,main_green,main_green,58,79.0,9.659065218765228,13,2,2,-1.0,11.0,-2.0,12.0
1081,main_green,main_green,57,87.0,9.551773988576592,9,2,2,-1.0,11.0,-2.0,12.0
1082,main_green,main_green,57,95.0,9.8419070026644,8,2,2,-1.0,11.0,-2.0,12.0
1083,main_green,main_green,55,103.0,9.945166029073475,8,2,2,-1.0,11.0,-2.0,12.0
1084,main_green,main_green,55,111.0,9.718548460383447,9,2,2,-1.0,11.0,-2.0,12.0
1085,main_green,main_green,54,119.0,9.518683622706076,8,2,2,4.0,10.0,4.0,12.0
1086,main_green,main_green,54,127.0,9.337189368791377,9,2,2,4.0,10.0,4.0,12.0
1087,main_green,main_green,53,137.0,9.379807261830765,10,2,2,4.0,10.0,4.0,12.0
1088,main_green,main_green,53,148.0,9.169246458019833,12,2,2,4.0,10.0,4.0,12.0
1089,main_green,main_green,51,160.0,9.203853222359923,12,2,2,4.0,10.0,4.0,12.0
1090,main_green,main_green,50,172.0,9.378067493382861,12,2,2,4.0,10.0,4.0,12.0
1091,main_green,main_green,50,184.0,9.165586084727277,13,2,2,4.0,10.0,4.0,12.0
1092,main_green,main_green,55,196.0,8.415914031644657,17,2,2,4.0,10.0,4.0,12.0
1093,main_green,main_green,55,208.0,8.759160214287437,12,2,2,4.0,10.0,4.0,12.0
1094,main_green,main_green,55,220.0,9.041680651078213,12,2,2,4.0,10.0,4.0,12.0
1095,main_green,main_green,55,232.0,9.271926524128304,12,2,2,8.0,8.0,9.0,11.0
1096,main_green,main_green,57,244.0,8.976115830460213,14,2,2,8.0,8.0,9.0,11.0
1097,main_green,main_green,57,256.0,9.131219890938457,12,2,2,8.0,8.0,9.0,11.0
1098,main_green,main_green,57,268.0,9.15689152285081,12,2,2,8.0,8.0,9.0,11.0
1099,main_green,main_green,57,280.0,9.035183571293906,12,2,2,8.0,8.0,9.0,11.0
1100,main_green,main_green,58,292.0,8.868641945312012,13,2,2,8.0,8.0,9.0,11.0
1101,main_green,main_green,59,306.0,8.804068372471601,15,2,2,8.0,8.0,9.0,11.0
1102,main_green,main_green,59,322.0,8.89720827510041,16,2,2,8.0,8.0,9.0,11.0
1103,main_green,main_green,58,338.0,8.953939186329606,16,2,2,8.0,8.0,9.0,11.0
1104,main_green,main_green,61,354.0,8.167356568137096,21,2,2,8.0,8.0,9.0,11.0
1105,yellow_transition,yellow_transition,61,370.0,8.323987016438357,16,3,3,13.0,11.0,11.0,7.0
1106,yellow_transition,yellow_transition,61,386.0,8.307613200744065,17,3,3,13.0,11.0,11.0,7.0
1107,yellow_transition,yellow_transition,59,402.0,8.23723630134061,16,3,3,13.0,11.0,11.0,7.0
1108,side_green,side_green,59,115.0,7.975196331683365,9,0,0,13.0,11.0,11.0,7.0
1109,side_green,side_green,58,0.0,8.096092029065774,0,0,0,13.0,11.0,11.0,7.0
1110,side_green,side_green,57,0.0,8.43114421530717,0,0,0,13.0,11.0,11.0,7.0
1111,side_green,side_green,56,2.0,8.718297769874532,3,0,0,13.0,11.0,11.0,7.0
1112,side_green,side_green,56,4.0,9.156013220176423,3,0,0,13.0,11.0,11.0,7.0
1113,side_green,side_green,56,9.0,9.719685094907828,5,0,0,13.0,11.0,11.0,7.0
1114,side_green,side_green,56,15.0,10.192822430367263,6,0,0,13.0,11.0,11.0,7.0
1115,side_green,side_green,56,21.0,10.328611428850909,6,0,0,13.0,11.0,11.0,7.0
1116,side_green,side_green,60,27.0,9.246109224852642,11,0,0,13.0,11.0,11.0,7.0
1117,side_green,side_green,61,34.0,8.94554445307628,8,0,0,13.0,11.0,11.0,7.0
1118,yellow_transition,yellow_transition,61,43.0,9.0908150715313,9,1,1,-9.0,11.0,-10.0,8.0
1119,yellow_transition,yellow_transition,60,55.0,9.12963528864883,12,1,1,-9.0,11.0,-10.0,8.0
1120,yellow_transition,yellow_transition,60,67.0,8.961963181501421,13,1,1,-9.0,11.0,-10.0,8.0
1121,main_green,main_green,60,15.0,8.943439170876625,5,2,2,-9.0,11.0,-10.0,8.0
1122,main_green,main_green,61,0.0,8.93910338164063,1,2,2,-9.0,11.0,-10.0,8.0
1123,main_green,main_green,61,0.0,9.115245065035664,0,2,2,-9.0,11.0,-10.0,8.0
1124,main_green,main_green,62,2.0,9.412578161916922,3,2,2,-9.0,11.0,-10.0,8.0
1125,main_green,main_green,61,6.0,9.853622103322769,4,2,2,-9.0,11.0,-10.0,8.0
1126,main_green,main_green,56,10.0,10.22939492196682,4,2,2,-9.0,11.0,-10.0,8.0
1127,main_green,main_green,53,14.0,10.498309549627068,5,2,2,-9.0,11.0,-10.0,8.0
1128,main_green,main_green,57,18.0,9.854193524582222,9,2,2,-9.0,11.0,-10.0,8.0
1129,main_green,main_green,51,22.0,10.163707230383432,4,2,2,-9.0,11.0,-10.0,8.0
1130,main_green,main_green,50,26.0,10.455956506669882,4,2,2,-9.0,11.0,-10.0,8.0
1131,main_green,main_green,45,30.0,10.473301248560794,4,2,2,-1.0,11.0,-1.0,9.0
1132,main_green,main_green,46,34.0,10.028546987175883,6,2,2,-1.0,11.0,-1.0,9.0
1133,main_green,main_green,46,38.0,10.116120054110038,4,2,2,-1.0,11.0,-1.0,9.0
1134,main_green,main_green,46,42.0,10.225565836736765,4,2,2,-1.0,11.0,-1.0,9.0
1135,main_green,main_green,46,47.0,10.199716320756732,5,2,2,-1.0,11.0,-1.0,9.0
1136,main_green,main_green,47,52.0,10.079884214541432,6,2,2,-1.0,11.0,-1.0,9.0
1137,main_green,main_green,48,58.0,9.826788638580839,7,2,2,-1.0,11.0,-1.0,9.0
1138,main_green,main_green,48,65.0,9.980888288140473,7,2,2,-1.0,11.0,-1.0,9.0
1139,main_green,main_green,48,73.0,9.99958034104865,8,2,2,-1.0,11.0,-1.0,9.0
1140,main_green,main_green,53,81.0,9.187056771751866,13,2,2,-1.0,11.0,-1.0,9.0
1141,main_green,main_green,53,89.0,9.385242433157867,8,2,2,3.0,13.0,5.0,19.0
1142,main_green,main_green,54,97.0,9.41073537005186,9,2,2,3.0,13.0,5.0,19.0
1143,main_green,main_green,54,105.0,9.752465600087854,8,2,2,3.0,13.0,5.0,19.0
1144,main_green,main_green,55,113.0,9.772744504750348,9,2,2,3.0,13.0,5.0,19.0
1145,main_green,main_green,55,121.0,9.774946795024352,8,2,2,3.0,13.0,5.0,19.0
1146,main_green,main_green,55,129.0,9.662157447684375,8,2,2,3.0,13.0,5.0,19.0
1147,main_green,main_green,54,138.0,9.35759557645865,10,2,2,3.0,13.0,5.0,19.0
1148,main_green,main_green,53,148.0,9.113824793639438,11,2,2,3.0,13.0,5.0,19.0
1149,main_green,main_green,51,160.0,9.100010283615891,12,2,2,3.0,13.0,5.0,19.0
1150,main_green,main_green,50,172.0,9.1821700922922,12,2,2,3.0,13.0,5.0,19.0
1151,main_green,main_green,49,184.0,9.20103295119609,12,2,2,8.0,20.0,4.0,12.0
1152,main_green,main_green,54,196.0,8.388883761929689,17,2,2,8.0,20.0,4.0,12.0
1153,main_green,main_green,54,208.0,8.412908822670376,13,2,2,8.0,20.0,4.0,12.0
1154,main_green,main_green,54,220.0,8.761501489112366,12,2,2,8.0,20.0,4.0,12.0
1155,main_green,main_green,54,232.0,8.923379266219829,12,2,2,8.0,20.0,4.0,12.0
1156,main_green,main_green,55,244.0,8.848911229403843,13,2,2,8.0,20.0,4.0,12.0
1157,main_green,main_green,55,256.0,8.86858206571732,12,2,2,8.0,20.0,4.0,12.0
1158,main_green,main_green,56,268.0,8.761912495487495,13,2,2,8.0,20.0,4.0,12.0
1159,main_green,main_green,56,281.0,8.623587116945464,13,2,2,8.0,20.0,4.0,12.0
1160,main_green,main_green,57,295.0,8.543124650559708,15,2,2,8.0,20.0,4.0,12.0
1161,main_green,main_green,57,311.0,8.565819022037429,16,2,2,8.0,12.0,8.0,10.0
1162,main_green,main_green,57,327.0,8.724275266808805,16,2,2,8.0,12.0,8.0,10.0
1163,main_green,main_green,58,343.0,8.707738792204681,17,2,2,8.0,12.0,8.0,10.0
1164,main_green,main_green,63,359.0,8.115678190255894,21,2,2,8.0,12.0,8.0,10.0
1165,main_green,main_green,63,375.0,8.318686449964018,16,2,2,8.0,12.0,8.0,10.0
1166,main_green,main_green,63,391.0,8.506838394596187,16,2,2,8.0,12.0,8.0,10.0
1167,main_green,main_green,63,407.0,8.64977406385193,16,2,2,8.0,12.0,8.0,10.0
1168,main_green,main_green,65,423.0,8.332821403402894,18,2,2,8.0,12.0,8.0,10.0
1169,main_green,main_green,65,439.0,8.358144257419712,16,2,2,8.0,12.0,8.0,10.0
1170,main_green,main_green,63,455.0,8.271213234250661,16,2,2,8.0,12.0,8.0,10.0
1171,yellow_transition,yellow_transition,63,471.0,8.375576580609657,16,3,3,13.0,11.0,10.0,6.0
1172,yellow_transition,yellow_transition,63,490.0,8.115890351470416,20,3,3,13.0,11.0,10.0,6.0
1173,yellow_transition,yellow_transition,63,510.0,7.797454376504503,21,3,3,13.0,11.0,10.0,6.0
1174,side_green,side_green,62,177.0,7.9469382128204025,12,0,0,13.0,11.0,10.0,6.0
1175,side_green,side_green,62,15.0,8.385751670479912,4,0,0,13.0,11.0,10.0,6.0
1176,side_green,side_green,65,2.0,8.024216965353096,7,0,0,13.0,11.0,10.0,6.0
1177,side_green,side_green,64,5.0,8.518917618625396,3,0,0,13.0,11.0,10.0,6.0
1178,side_green,side_green,64,8.0,8.974151782391633,4,0,0,13.0,11.0,10.0,6.0
1179,side_green,side_green,62,14.0,9.423916937779346,6,0,0,13.0,11.0,10.0,6.0
1180,side_green,side_green,61,20.0,9.584151387245182,7,0,0,13.0,11.0,10.0,6.0
1181,side_green,side_green,61,26.0,9.924704027611243,6,0,0,13.0,11.0,10.0,6.0
1182,side_green,side_green,61,34.0,10.046530994847187,8,0,0,13.0,11.0,10.0,6.0
1183,side_green,side_green,61,45.0,9.735470471208433,12,0,0,13.0,11.0,10.0,6.0
1184,yellow_transition,yellow_transition,62,56.0,9.48676000044638,12,1,1,-15.0,9.0,-15.0,9.0
1185,yellow_transition,yellow_transition,62,67.0,9.484351372970226,11,1,1,-15.0,9.0,-15.0,9.0
1186,yellow_transition,yellow_transition,62,78.0,9.457497964790013,11,1,1,-15.0,9.0,-15.0,9.0
1187,main_green,main_green,62,22.0,9.536770678054774,4,2,2,-15.0,9.0,-15.0,9.0
1188,main_green,main_green,66,0.0,9.02974288992236,5,2,2,-15.0,9.0,-15.0,9.0
1189,main_green,main_green,67,0.0,9.254258378700227,1,2,2,-15.0,9.0,-15.0,9.0
1190,main_green,main_green,65,0.0,9.724184873948186,0,2,2,-15.0,9.0,-15.0,9.0
1191,main_green,main_green,65,0.0,10.447702864602157,0,2,2,-15.0,9.0,-15.0,9.0
1192,main_green,main_green,62,0.0,10.724229336901677,1,2,2,-15.0,9.0,-15.0,9.0
1193,main_green,main_green,58,0.0,11.08629893369253,0,2,2,-15.0,9.0,-15.0,9.0
1194,main_green,main_green,56,0.0,11.146221154635445,1,2,2,-15.0,9.0,-15.0,9.0
1195,main_green,main_green,51,1.0,11.16106059976107,1,2,2,-15.0,9.0,-15.0,9.0
1196,main_green,main_green,50,3.0,10.835693713384806,3,2,2,-15.0,9.0,-15.0,9.0
1197,main_green,main_green,47,6.0,10.92261609449138,3,2,2,-6.0,8.0,-7.0,7.0
1198,main_green,main_green,44,9.0,10.999456510487104,3,2,2,-6.0,8.0,-7.0,7.0
1199,main_green,main_green,43,13.0,10.730275887201543,5,2,2,-6.0,8.0,-7.0,7.0
1200,main_green,main_green,48,17.0,9.751465658234578,9,2,2,-6.0,8.0,-7.0,7.0
1201,main_green,main_green,48,21.0,9.986980843496859,4,2,2,-6.0,8.0,-7.0,7.0
1202,main_green,main_green,48,25.0,10.372372361579357,4,2,2,-6.0,8.0,-7.0,7.0
1203,main_green,main_green,48,29.0,10.630117521870092,4,2,2,-6.0,8.0,-7.0,7.0
1204,main_green,main_green,50,33.0,10.233119205198847,6,2,2,-6.0,8.0,-7.0,7.0
1205,main_green,main_green,50,37.0,10.33163108925256,4,2,2,-6.0,8.0,-7.0,7.0
1206,main_green,main_green,50,41.0,10.40235768748014,4,2,2,-6.0,8.0,-7.0,7.0
1207,main_green,main_green,50,47.0,10.290085212133361,6,2,2,-2.0,12.0,-1.0,15.0
1208,main_green,main_green,51,53.0,10.186034149604028,7,2,2,-2.0,12.0,-1.0,15.0
1209,main_green,main_green,52,59.0,10.051148072719194,7,2,2,-2.0,12.0,-1.0,15.0
1210,main_green,main_green,52,66.0,10.059879643067486,7,2,2,-2.0,12.0,-1.0,15.0
1211,main_green,main_green,52,74.0,10.305432002767892,8,2,2,-2.0,12.0,-1.0,15.0
1212,main_green,main_green,57,82.0,9.39712955165867,13,2,2,-2.0,12.0,-1.0,15.0
1213,main_green,main_green,56,90.0,9.578930775292267,8,2,2,-2.0,12.0,-1.0,15.0
1214,main_green,main_green,55,98.0,9.515925513231393,9,2,2,-2.0,12.0,-1.0,15.0
1215,main_green,main_green,55,106.0,9.867866663136402,8,2,2,-2.0,12.0,-1.0,15.0
1216,main_green,main_green,54,114.0,9.511836130375055,9,2,2,-2.0,12.0,-1.0,15.0
1217,main_green,main_green,53,122.0,9.337373610234582,8,2,2,5.0,13.0,4.0,8.0
1218,main_green,main_green,53,130.0,9.354467812720673,8,2,2,5.0,13.0,4.0,8.0
1219,main_green,main_green,52,141.0,9.167593250542525,12,2,2,5.0,13.0,4.0,8.0
1220,main_green,main_green,52,152.0,9.04662995357209,12,2,2,5.0,13.0,4.0,8.0
1221,main_green,main_green,50,163.0,9.055569365572042,11,2,2,5.0,13.0,4.0,8.0
1222,main_green,main_green,50,175.0,9.200778531332341,12,2,2,5.0,13.0,4.0,8.0
1223,main_green,main_green,50,187.0,9.239465813079699,12,2,2,5.0,13.0,4.0,8.0
1224,main_green,main_green,55,199.0,8.541164425852179,17,2,2,5.0,13.0,4.0,8.0
1225,main_green,main_green,56,211.0,8.661128238120584,13,2,2,5.0,13.0,4.0,8.0
1226,main_green,main_green,56,223.0,8.868051400378965,12,2,2,5.0,13.0,4.0,8.0
1227,main_green,main_green,56,235.0,9.067167317743378,12,2,2,8.0,8.0,10.0,16.0
1228,main_green,main_green,57,247.0,8.927644171821763,13,2,2,8.0,8.0,10.0,16.0
1229,main_green,main_green,57,259.0,9.028323139052976,12,2,2,8.0,8.0,10.0,16.0
1230,main_green,main_green,58,271.0,8.895124744466216,13,2,2,8.0,8.0,10.0,16.0
1231,main_green,main_green,58,283.0,8.801863352203775,12,2,2,8.0,8.0,10.0,16.0
1232,main_green,main_green,59,296.0,8.79938635666578,14,2,2,8.0,8.0,10.0,16.0
1233,main_green,main_green,59,311.0,8.817093198733353,15,2,2,8.0,8.0,10.0,16.0
1234,main_green,main_green,59,327.0,8.865835706024567,16,2,2,8.0,8.0,10.0,16.0
1235,main_green,main_green,58,343.0,8.62892723332459,17,2,2,8.0,8.0,10.0,16.0
1236,main_green,main_green,61,359.0,7.928480084681553,21,2,2,8.0,8.0,10.0,16.0
1237,yellow_transition,yellow_transition,60,375.0,8.059967225759676,16,3,3,13.0,15.0,11.0,7.0
1238,yellow_transition,yellow_transition,58,391.0,8.031374239865263,16,3,3,13.0,15.0,11.0,7.0
1239,yellow_transition,yellow_transition,58,407.0,7.99058601017706,16,3,3,13.0,15.0,11.0,7.0
1240,main_green,side_green,59,271.0,7.71754663396338,14,2,0,13.0,15.0,11.0,7.0
1241,main_green,side_green,59,221.0,8.034690497599023,9,2,0,13.0,15.0,11.0,7.0
1242,main_green,side_green,59,228.0,8.126471039011658,8,2,0,13.0,15.0,11.0,7.0
1243,main_green,side_green,58,238.0,8.16355671355855,10,2,0,13.0,15.0,11.0,7.0
1244,main_green,side_green,59,248.0,8.303653318322285,11,2,0,13.0,15.0,11.0,7.0
1245,main_green,side_green,60,258.0,8.410752486848255,11,2,0,13.0,15.0,11.0,7.0
1246,main_green,side_green,60,271.0,8.558983585063316,13,2,0,13.0,15.0,11.0,7.0
1247,main_green,side_green,59,286.0,8.794544185211935,15,2,0,13.0,15.0,11.0,7.0
1248,main_green,side_green,64,301.0,8.11429332589592,20,2,0,13.0,15.0,11.0,7.0
1249,main_green,side_green,63,316.0,8.345822448555008,15,2,0,13.0,15.0,11.0,7.0
1250,yellow_transition,yellow_transition,63,331.0,8.351541671168624,16,3,1,14.0,6.0,-9.0,15.0
1251,yellow_transition,yellow_transition,62,347.0,8.18809320747317,16,3,1,14.0,6.0,-9.0,15.0
1252,yellow_transition,yellow_transition,62,363.0,8.03438816801827,17,3,1,14.0,6.0,-9.0,15.0
1253,side_green,main_green,62,139.0,8.133241985819499,8,0,2,14.0,6.0,-9.0,15.0
1254,side_green,main_green,59,21.0,8.12802203908527,2,0,2,14.0,6.0,-9.0,15.0
1255,side_green,main_green,60,0.0,8.247977853571005,1,0,2,14.0,6.0,-9.0,15.0
1256,side_green,main_green,61,1.0,8.597184966963056,2,0,2,14.0,6.0,-9.0,15.0
1257,side_green,main_green,61,3.0,9.25332310073482,2,0,2,14.0,6.0,-9.0,15.0
1258,side_green,main_green,59,6.0,9.534643999950875,3,0,2,14.0,6.0,-9.0,15.0
1259,side_green,main_green,58,10.0,9.988179031362538,4,0,2,14.0,6.0,-9.0,15.0
1260,side_green,main_green,62,14.0,9.437658227877659,9,0,2,14.0,6.0,-9.0,15.0
1261,side_green,main_green,61,20.0,9.539717596198567,7,0,2,14.0,6.0,-9.0,15.0
1262,side_green,main_green,58,27.0,9.715586109518782,7,0,2,14.0,6.0,-9.0,15.0
1263,yellow_transition,yellow_transition,56,34.0,9.696532359061646,7,1,3,-11.0,15.0,-3.0,5.0
1264,yellow_transition,yellow_transition,57,42.0,9.511479369407944,9,1,3,-11.0,15.0,-3.0,5.0
1265,yellow_transition,yellow_transition,56,50.0,9.136640926938563,8,1,3,-11.0,15.0,-3.0,5.0
1266,main_green,main_green,56,27.0,9.062435747967275,5,2,2,-11.0,15.0,-3.0,5.0
1267,main_green,main_green,56,20.0,9.219911473864224,2,2,2,-11.0,15.0,-3.0,5.0
1268,main_green,main_green,57,23.0,9.261326482840024,4,2,2,-11.0,15.0,-3.0,5.0
1269,main_green,main_green,57,28.0,9.64310171586422,5,2,2,-11.0,15.0,-3.0,5.0
1270,main_green,main_green,57,34.0,10.132678255164462,6,2,2,-11.0,15.0,-3.0,5.0
1271,main_green,main_green,58,40.0,10.365933136514583,7,2,2,-11.0,15.0,-3.0,5.0
1272,main_green,main_green,60,46.0,9.648787049731848,11,2,2,-11.0,15.0,-3.0,5.0
1273,main_green,main_green,59,52.0,9.926953295925221,6,2,2,-11.0,15.0,-3.0,5.0
1274,main_green,main_green,57,58.0,10.04703348545836,6,2,2,-11.0,15.0,-3.0,5.0
1275,main_green,main_green,56,64.0,10.287928585298928,6,2,2,-11.0,15.0,-3.0,5.0
1276,main_green,main_green,56,70.0,9.834500269035683,8,2,2,-1.0,15.0,0.0,2.0
1277,main_green,main_green,54,76.0,9.832087594150781,6,2,2,-1.0,15.0,0.0,2.0
1278,main_green,main_green,54,82.0,9.806054552008048,6,2,2,-1.0,15.0,0.0,2.0
1279,main_green,main_green,52,89.0,9.692399181712664,7,2,2,-1.0,15.0,0.0,2.0
1280,main_green,main_green,53,98.0,9.576883994688224,10,2,2,-1.0,15.0,0.0,2.0
1281,main_green,main_green,53,108.0,9.48244003947597,11,2,2,-1.0,15.0,0.0,2.0
1282,main_green,main_green,52,118.0,9.489916282474304,10,2,2,-1.0,15.0,0.0,2.0
1283,main_green,main_green,51,128.0,9.618838663753992,10,2,2,-1.0,15.0,0.0,2.0
1284,main_green,main_green,55,138.0,8.75735823154515,15,2,2,-1.0,15.0,0.0,2.0
1285,main_green,main_green,55,148.0,9.03951805940995,10,2,2,-1.0,15.0,0.0,2.0
1286,main_green,main_green,56,158.0,9.165078949632058,11,2,2,2.0,8.0,11.0,15.0
1287,main_green,main_green,56,168.0,9.375691098377553,10,2,2,2.0,8.0,11.0,15.0
1288,main_green,main_green,57,178.0,9.126807654720539,11,2,2,2.0,8.0,11.0,15.0
1289,main_green,main_green,57,188.0,9.175244881551533,10,2,2,2.0,8.0,11.0,15.0
1290,main_green,main_green,57,198.0,9.135784662459432,10,2,2,2.0,8.0,11.0,15.0
1291,main_green,main_green,57,209.0,8.893101657392869,12,2,2,2.0,8.0,11.0,15.0
1292,main_green,main_green,56,222.0,8.629007278539417,14,2,2,2.0,8.0,11.0,15.0
1293,main_green,main_green,55,235.0,8.640781655090185,13,2,2,2.0,8.0,11.0,15.0
1294,main_green,main_green,55,249.0,8.745979443915859,14,2,2,2.0,8.0,11.0,15.0
1295,main_green,main_green,55,263.0,8.862623814278784,14,2,2,2.0,8.0,11.0,15.0
1296,main_green,main_green,58,277.0,8.01299712183124,19,2,2,2.0,8.0,11.0,13.0
1297,main_green,main_green,59,291.0,8.10008707901206,15,2,2,2.0,8.0,11.0,13.0
1298,main_green,main_green,59,305.0,8.413047392840623,14,2,2,2.0,8.0,11.0,13.0
1299,main_green,main_green,58,319.0,8.529395703984154,14,2,2,2.0,8.0,11.0,13.0
1300,main_green,main_green,58,333.0,8.391177140778103,15,2,2,2.0,8.0,11.0,13.0
1301,main_green,main_green,58,347.0,8.370780213907368,14,2,2,2.0,8.0,11.0,13.0
1302,main_green,main_green,58,361.0,8.087605207073953,15,2,2,2.0,8.0,11.0,13.0
1303,main_green,main_green,57,376.0,8.024882577606615,15,2,2,2.0,8.0,11.0,13.0
1304,main_green,main_green,57,391.0,7.973824259166238,16,2,2,2.0,8.0,11.0,13.0
1305,main_green,main_green,57,408.0,8.09675979171183,17,2,2,2.0,8.0,11.0,13.0
1306,main_green,main_green,57,426.0,8.127283883293673,18,2,2,8.0,10.0,15.0,15.0
1307,main_green,main_green,58,444.0,8.112492748377766,19,2,2,8.0,10.0,15.0,15.0
1308,main_green,main_green,63,462.0,7.56283947664336,23,2,2,8.0,10.0,15.0,15.0
1309,main_green,main_green,62,480.0,7.66934947373794,18,2,2,8.0,10.0,15.0,15.0
1310,main_green,main_green,61,498.0,7.875866582007953,18,2,2,8.0,10.0,15.0,15.0
1311,main_green,main_green,61,516.0,7.833906019596468,18,2,2,8.0,10.0,15.0,15.0
1312,main_green,main_green,62,534.0,7.567932196455272,20,2,2,8.0,10.0,15.0,15.0
1313,main_green,main_green,62,552.0,7.513109314912945,18,2,2,8.0,10.0,15.0,15.0
1314,main_green,main_green,62,570.0,7.5107517700710185,18,2,2,8.0,10.0,15.0,15.0
1315,main_green,main_green,62,590.0,7.721686714835912,20,2,2,8.0,10.0,15.0,15.0
1316,yellow_transition,yellow_transition,63,611.0,7.603441529769982,22,3,3,13.0,9.0,15.0,11.0
1317,yellow_transition,yellow_transition,63,633.0,7.388055472128359,23,3,3,13.0,9.0,15.0,11.0
1318,yellow_transition,yellow_transition,61,655.0,7.209515656192563,22,3,3,13.0,9.0,15.0,11.0
1319,side_green,side_green,60,268.0,7.393739073126836,14,0,0,13.0,9.0,15.0,11.0
1320,side_green,side_green,65,55.0,7.061141097904379,12,0,0,13.0,9.0,15.0,11.0
1321,side_green,side_green,64,2.0,7.603062036315859,1,0,0,13.0,9.0,15.0,11.0
1322,side_green,side_green,63,4.0,8.023640061838043,3,0,0,13.0,9.0,15.0,11.0
1323,side_green,side_green,63,6.0,8.720186190669805,2,0,0,13.0,9.0,15.0,11.0
1324,side_green,side_green,64,10.0,9.35007242097714,5,0,0,13.0,9.0,15.0,11.0
1325,side_green,side_green,64,14.0,9.833072516821188,4,0,0,13.0,9.0,15.0,11.0
1326,side_green,side_green,64,19.0,10.318916789320282,5,0,0,13.0,9.0,15.0,11.0
1327,side_green,side_green,65,26.0,10.220481513737768,8,0,0,13.0,9.0,15.0,11.0
1328,side_green,side_green,65,33.0,10.097317231569114,8,0,0,13.0,9.0,15.0,11.0
1329,yellow_transition,yellow_transition,65,41.0,10.010742451063585,8,1,1,-17.0,7.0,-15.0,11.0
1330,yellow_transition,yellow_transition,64,49.0,9.769441652454173,8,1,1,-17.0,7.0,-15.0,11.0
1331,yellow_transition,yellow_transition,64,59.0,9.625025581517109,10,1,1,-17.0,7.0,-15.0,11.0
1332,main_green,main_green,68,12.0,9.024287445424102,10,2,2,-17.0,7.0,-15.0,11.0
1333,main_green,main_green,69,0.0,9.157178900154523,1,2,2,-17.0,7.0,-15.0,11.0
1334,main_green,main_green,69,0.0,9.555980571982914,0,2,2,-17.0,7.0,-15.0,11.0
1335,main_green,main_green,68,0.0,10.098736971525716,0,2,2,-17.0,7.0,-15.0,11.0
1336,main_green,main_green,69,0.0,10.458631851367036,1,2,2,-17.0,7.0,-15.0,11.0
1337,main_green,main_green,64,0.0,10.765340413172273,0,2,2,-17.0,7.0,-15.0,11.0
1338,main_green,main_green,63,0.0,10.758347060074477,1,2,2,-17.0,7.0,-15.0,11.0
1339,main_green,main_green,58,0.0,10.79184300411669,0,2,2,-17.0,7.0,-15.0,11.0
1340,main_green,main_green,56,1.0,10.831037487938488,2,2,2,-17.0,7.0,-15.0,11.0
1341,main_green,main_green,51,5.0,10.86828263593304,4,2,2,-17.0,7.0,-15.0,11.0
1342,main_green,main_green,48,9.0,10.836502823439192,4,2,2,-6.0,10.0,-8.0,6.0
1343,main_green,main_green,47,13.0,10.58628739165509,5,2,2,-6.0,10.0,-8.0,6.0
1344,main_green,main_green,50,17.0,9.515154096880657,9,2,2,-6.0,10.0,-8.0,6.0
1345,main_green,main_green,49,21.0,9.824174229182656,4,2,2,-6.0,10.0,-8.0,6.0
1346,main_green,main_green,48,25.0,10.105157911976997,4,2,2,-6.0,10.0,-8.0,6.0
1347,main_green,main_green,48,29.0,10.241843758135813,4,2,2,-6.0,10.0,-8.0,6.0
1348,main_green,main_green,50,33.0,10.024015899590527,6,2,2,-6.0,10.0,-8.0,6.0
1349,main_green,main_green,50,37.0,10.095792438824002,4,2,2,-6.0,10.0,-8.0,6.0
1350,main_green,main_green,50,41.0,10.137032520687553,4,2,2,-6.0,10.0,-8.0,6.0
1351,main_green,main_green,50,46.0,10.013408169446775,5,2,2,-6.0,10.0,-8.0,6.0
1352,main_green,main_green,51,52.0,9.84308822565076,7,2,2,-1.0,13.0,-2.0,14.0
1353,main_green,main_green,52,59.0,9.792268026483368,8,2,2,-1.0,13.0,-2.0,14.0
1354,main_green,main_green,52,66.0,9.953461661632076,7,2,2,-1.0,13.0,-2.0,14.0
1355,main_green,main_green,52,74.0,9.928746018091214,8,2,2,-1.0,13.0,-2.0,14.0
1356,main_green,main_green,57,82.0,9.248062321206213,13,2,2,-1.0,13.0,-2.0,14.0
1357,main_green,main_green,57,90.0,9.517284107284924,8,2,2,-1.0,13.0,-2.0,14.0
1358,main_green,main_green,57,98.0,9.665889617111441,9,2,2,-1.0,13.0,-2.0,14.0
1359,main_green,main_green,56,106.0,9.718201560537835,8,2,2,-1.0,13.0,-2.0,14.0
1360,main_green,main_green,57,114.0,9.598813703947812,9,2,2,-1.0,13.0,-2.0,14.0
1361,main_green,main_green,56,122.0,9.580738257019208,8,2,2,-1.0,13.0,-2.0,14.0
1362,main_green,main_green,56,130.0,9.667797970141466,8,2,2,4.0,8.0,4.0,16.0
1363,main_green,main_green,55,141.0,9.424703595982573,12,2,2,4.0,8.0,4.0,16.0
1364,main_green,main_green,56,152.0,9.318726516277419,12,2,2,4.0,8.0,4.0,16.0
1365,main_green,main_green,55,163.0,9.335340499762868,11,2,2,4.0,8.0,4.0,16.0
1366,main_green,main_green,53,174.0,9.240657998257857,11,2,2,4.0,8.0,4.0,16.0
1367,main_green,main_green,52,186.0,9.265544102361225,12,2,2,4.0,8.0,4.0,16.0
1368,main_green,main_green,57,198.0,8.606660812149507,17,2,2,4.0,8.0,4.0,16.0
1369,main_green,main_green,57,210.0,8.567989450602923,13,2,2,4.0,8.0,4.0,16.0
1370,main_green,main_green,57,222.0,8.82376557196993,12,2,2,4.0,8.0,4.0,16.0
1371,main_green,main_green,57,234.0,8.954212894912374,12,2,2,4.0,8.0,4.0,16.0
1372,main_green,main_green,58,246.0,8.91831086106544,13,2,2,8.0,8.0,7.0,9.0
1373,main_green,main_green,58,258.0,9.11517716782745,12,2,2,8.0,8.0,7.0,9.0
1374,main_green,main_green,59,270.0,8.859818003482351,13,2,2,8.0,8.0,7.0,9.0
1375,main_green,main_green,59,282.0,8.853968525594093,12,2,2,8.0,8.0,7.0,9.0
1376,main_green,main_green,60,295.0,8.72702792093932,14,2,2,8.0,8.0,7.0,9.0
1377,main_green,main_green,60,310.0,8.918369986954756,15,2,2,8.0,8.0,7.0,9.0
1378,main_green,main_green,59,326.0,8.99551232042687,16,2,2,8.0,8.0,7.0,9.0
1379,main_green,main_green,60,342.0,8.95526993687238,17,2,2,8.0,8.0,7.0,9.0
1380,main_green,main_green,63,358.0,8.169305852969874,21,2,2,8.0,8.0,7.0,9.0
1381,main_green,main_green,62,374.0,8.293552396115322,16,2,2,8.0,8.0,7.0,9.0
1382,yellow_transition,yellow_transition,62,390.0,8.293423403839435,16,3,3,13.0,13.0,9.0,5.0
1383,yellow_transition,yellow_transition,61,406.0,8.155304052759716,16,3,3,13.0,13.0,9.0,5.0
1384,yellow_transition,yellow_transition,62,422.0,7.596613611628453,18,3,3,13.0,13.0,9.0,5.0
1385,main_green,side_green,62,282.0,7.769182872268449,14,2,0,13.0,13.0,9.0,5.0
1386,main_green,side_green,62,233.0,8.1032388284412,11,2,0,13.0,13.0,9.0,5.0
1387,main_green,side_green,61,243.0,8.381035941062885,11,2,0,13.0,13.0,9.0,5.0
1388,main_green,side_green,61,254.0,8.370061615590899,12,2,0,13.0,13.0,9.0,5.0
1389,main_green,side_green,60,265.0,8.310836471838181,12,2,0,13.0,13.0,9.0,5.0
1390,main_green,side_green,58,277.0,8.54142118091172,12,2,0,13.0,13.0,9.0,5.0
1391,main_green,side_green,58,291.0,8.962874590612554,14,2,0,13.0,13.0,9.0,5.0
1392,main_green,side_green,61,305.0,8.150688665865907,19,2,0,13.0,13.0,9.0,5.0
1393,main_green,side_green,60,319.0,8.230193311785875,14,2,0,13.0,13.0,9.0,5.0
1394,main_green,side_green,61,334.0,8.27804921558678,16,2,0,13.0,13.0,9.0,5.0
1395,yellow_transition,yellow_transition,60,349.0,8.187403289632117,15,3,1,15.0,5.0,-8.0,18.0
1396,yellow_transition,yellow_transition,61,364.0,8.059202468541029,16,3,1,15.0,5.0,-8.0,18.0
1397,yellow_transition,yellow_transition,61,380.0,7.781240650620852,16,3,1,15.0,5.0,-8.0,18.0
1398,side_green,main_green,61,145.0,7.827760038768329,9,0,2,15.0,5.0,-8.0,18.0
1399,side_green,main_green,61,24.0,7.834293367783846,4,0,2,15.0,5.0,-8.0,18.0
1400,side_green,main_green,61,3.0,8.185800717693082,3,0,2,15.0,5.0,-8.0,18.0
1401,side_green,main_green,61,7.0,8.911211621796998,4,0,2,15.0,5.0,-8.0,18.0
1402,side_green,main_green,61,11.0,9.494750298763432,4,0,2,15.0,5.0,-8.0,18.0
1403,side_green,main_green,56,16.0,9.93934059923727,5,0,2,15.0,5.0,-8.0,18.0
1404,side_green,main_green,61,21.0,9.565998845583392,10,0,2,15.0,5.0,-8.0,18.0
1405,side_green,main_green,60,26.0,9.810181542803535,6,0,2,15.0,5.0,-8.0,18.0
1406,side_green,main_green,59,32.0,10.116811607002454,6,0,2,15.0,5.0,-8.0,18.0
1407,side_green,main_green,57,39.0,10.425309388410012,7,0,2,15.0,5.0,-8.0,18.0
1408,yellow_transition,yellow_transition,58,46.0,10.456916040829022,8,1,3,-11.0,11.0,-1.0,5.0
1409,yellow_transition,yellow_transition,56,53.0,10.36143342404147,7,1,3,-11.0,11.0,-1.0,5.0
1410,yellow_transition,yellow_transition,56,60.0,9.933831573456889,8,1,3,-11.0,11.0,-1.0,5.0
1411,main_green,main_green,56,28.0,9.88160775779828,3,2,2,-11.0,11.0,-1.0,5.0
1412,main_green,main_green,57,28.0,10.028437433405731,6,2,2,-11.0,11.0,-1.0,5.0
1413,main_green,main_green,57,34.0,10.09485270702506,6,2,2,-11.0,11.0,-1.0,5.0
1414,main_green,main_green,57,40.0,10.42533742436037,6,2,2,-11.0,11.0,-1.0,5.0
1415,main_green,main_green,58,46.0,10.532791628699217,7,2,2,-11.0,11.0,-1.0,5.0
1416,main_green,main_green,60,52.0,9.733763155398801,11,2,2,-11.0,11.0,-1.0,5.0
1417,main_green,main_green,60,58.0,10.186865244084371,6,2,2,-11.0,11.0,-1.0,5.0
1418,main_green,main_green,57,64.0,10.36076761683245,6,2,2,-11.0,11.0,-1.0,5.0
1419,main_green,main_green,55,70.0,10.486313727130977,6,2,2,-11.0,11.0,-1.0,5.0
1420,main_green,main_green,54,76.0,10.07476088893989,8,2,2,-11.0,11.0,-1.0,5.0
1421,main_green,main_green,53,82.0,10.064350688998752,6,2,2,1.0,17.0,0.0,6.0
1422,main_green,main_green,52,88.0,10.037753551666263,6,2,2,1.0,17.0,0.0,6.0
1423,main_green,main_green,51,94.0,10.021638324474711,6,2,2,1.0,17.0,0.0,6.0
1424,main_green,main_green,50,101.0,9.757588309177637,8,2,2,1.0,17.0,0.0,6.0
1425,main_green,main_green,51,109.0,9.648968627079663,9,2,2,1.0,17.0,0.0,6.0
1426,main_green,main_green,49,119.0,9.569400626713682,10,2,2,1.0,17.0,0.0,6.0
1427,main_green,main_green,49,129.0,9.724855151412106,10,2,2,1.0,17.0,0.0,6.0
1428,main_green,main_green,53,139.0,8.866029157033823,15,2,2,1.0,17.0,0.0,6.0
1429,main_green,main_green,53,149.0,9.123564259629765,10,2,2,1.0,17.0,0.0,6.0
1430,main_green,main_green,54,159.0,9.196113897279517,11,2,2,1.0,17.0,0.0,6.0
1431,main_green,main_green,54,169.0,9.434133630825185,10,2,2,2.0,8.0,12.0,18.0
1432,main_green,main_green,55,179.0,9.291683029031649,11,2,2,2.0,8.0,12.0,18.0
1433,main_green,main_green,55,189.0,9.35706164360157,10,2,2,2.0,8.0,12.0,18.0
1434,main_green,main_green,55,200.0,9.329732631324076,11,2,2,2.0,8.0,12.0,18.0
1435,main_green,main_green,56,211.0,9.23369634725034,12,2,2,2.0,8.0,12.0,18.0
1436,main_green,main_green,56,222.0,8.996677523957546,12,2,2,2.0,8.0,12.0,18.0
1437,main_green,main_green,54,234.0,8.961264689338654,12,2,2,2.0,8.0,12.0,18.0
1438,main_green,main_green,53,248.0,8.987167443931586,14,2,2,2.0,8.0,12.0,18.0
1439,main_green,main_green,52,262.0,8.99833709683186,14,2,2,2.0,8.0,12.0,18.0
1440,main_green,main_green,56,276.0,8.22027628596052,19,2,2,2.0,8.0,12.0,18.0
1441,yellow_transition,yellow_transition,57,290.0,8.145455802074371,15,3,3,6.0,8.0,17.0,15.0
1442,yellow_transition,yellow_transition,57,304.0,8.207242467809975,14,3,3,6.0,8.0,17.0,15.0
1443,yellow_transition,yellow_transition,57,318.0,8.20600612155598,14,3,3,6.0,8.0,17.0,15.0
1444,main_green,side_green,58,177.0,8.344436919109492,11,2,0,6.0,8.0,17.0,15.0
1445,main_green,side_green,58,129.0,8.447070193878096,7,2,0,6.0,8.0,17.0,15.0
1446,main_green,side_green,58,136.0,8.268920006778018,8,2,0,6.0,8.0,17.0,15.0
1447,main_green,side_green,57,144.0,8.47402863941695,8,2,0,6.0,8.0,17.0,15.0
1448,main_green,side_green,57,153.0,8.498595024659554,10,2,0,6.0,8.0,17.0,15.0
1449,main_green,side_green,56,165.0,8.71927283637092,12,2,0,6.0,8.0,17.0,15.0
1450,main_green,side_green,56,178.0,9.014969208902722,13,2,0,6.0,8.0,17.0,15.0
1451,main_green,side_green,57,191.0,9.074171541824386,14,2,0,6.0,8.0,17.0,15.0
1452,main_green,side_green,62,205.0,8.478450440012537,19,2,0,6.0,8.0,17.0,15.0
1453,main_green,side_green,62,219.0,8.746652416122643,14,2,0,6.0,8.0,17.0,15.0
1454,yellow_transition,yellow_transition,62,233.0,8.989453004869445,14,3,1,9.0,1.0,-8.0,18.0
1455,yellow_transition,yellow_transition,62,247.0,9.006831226259965,14,3,1,9.0,1.0,-8.0,18.0
1456,yellow_transition,yellow_transition,63,261.0,8.558444958184396,16,3,1,9.0,1.0,-8.0,18.0
1457,side_green,main_green,63,81.0,8.658340801549143,6,0,2,9.0,1.0,-8.0,18.0
1458,side_green,main_green,62,2.0,8.850678952532382,2,0,2,9.0,1.0,-8.0,18.0
1459,side_green,main_green,61,0.0,9.209056064405733,0,0,2,9.0,1.0,-8.0,18.0
1460,side_green,main_green,61,1.0,9.491506125188499,2,0,2,9.0,1.0,-8.0,18.0
1461,side_green,main_green,62,3.0,9.617412595147833,3,0,2,9.0,1.0,-8.0,18.0
1462,side_green,main_green,60,6.0,10.093652233844917,3,0,2,9.0,1.0,-8.0,18.0
1463,side_green,main_green,57,10.0,10.509988260991205,4,0,2,9.0,1.0,-8.0,18.0
1464,side_green,main_green,61,14.0,9.901411825742809,9,0,2,9.0,1.0,-8.0,18.0
1465,side_green,main_green,56,19.0,10.032905642735075,5,0,2,9.0,1.0,-8.0,18.0
1466,side_green,main_green,57,25.0,10.019304525998148,7,0,2,9.0,1.0,-8.0,18.0
1467,yellow_transition,yellow_transition,55,31.0,10.04034942406175,6,1,3,-8.0,14.0,-3.0,1.0
1468,yellow_transition,yellow_transition,55,37.0,9.852305147039347,7,1,3,-8.0,14.0,-3.0,1.0
1469,yellow_transition,yellow_transition,55,44.0,10.016621716913859,7,1,3,-8.0,14.0,-3.0,1.0
1470,main_green,main_green,54,22.0,9.99432484934534,3,2,2,-8.0,14.0,-3.0,1.0
1471,main_green,main_green,55,22.0,9.839362246037348,3,2,2,-8.0,14.0,-3.0,1.0
1472,main_green,main_green,56,25.0,9.714422183692959,4,2,2,-8.0,14.0,-3.0,1.0
1473,main_green,main_green,56,30.0,9.907521465714803,5,2,2,-8.0,14.0,-3.0,1.0
1474,main_green,main_green,56,36.0,10.310927089626887,6,2,2,-8.0,14.0,-3.0,1.0
1475,main_green,main_green,55,42.0,10.426622945036407,6,2,2,-8.0,14.0,-3.0,1.0
1476,main_green,main_green,57,48.0,9.661689697955616,11,2,2,-8.0,14.0,-3.0,1.0
1477,main_green,main_green,56,54.0,9.769001592698581,7,2,2,-8.0,14.0,-3.0,1.0
1478,main_green,main_green,56,60.0,10.125455592991054,6,2,2,-8.0,14.0,-3.0,1.0
1479,main_green,main_green,54,66.0,10.324156102118488,6,2,2,-8.0,14.0,-3.0,1.0
1480,main_green,main_green,53,72.0,10.09228313148718,7,2,2,2.0,18.0,-2.0,2.0
1481,main_green,main_green,52,78.0,10.28935107747994,6,2,2,2.0,18.0,-2.0,2.0
1482,main_green,main_green,53,84.0,10.026632645760026,7,2,2,2.0,18.0,-2.0,2.0
1483,main_green,main_green,51,90.0,9.804676289017262,6,2,2,2.0,18.0,-2.0,2.0
1484,main_green,main_green,52,97.0,9.543758097159644,8,2,2,2.0,18.0,-2.0,2.0
1485,main_green,main_green,51,106.0,9.643290614105856,9,2,2,2.0,18.0,-2.0,2.0
1486,main_green,main_green,51,116.0,9.839239504765178,10,2,2,2.0,18.0,-2.0,2.0
1487,main_green,main_green,51,126.0,9.5941983080528,11,2,2,2.0,18.0,-2.0,2.0
1488,main_green,main_green,56,136.0,8.8902905047299,15,2,2,2.0,18.0,-2.0,2.0
1489,main_green,main_green,55,146.0,9.108356056375722,10,2,2,2.0,18.0,-2.0,2.0
1490,main_green,main_green,55,156.0,9.340744184445676,10,2,2,3.0,7.0,10.0,14.0
1491,main_green,main_green,54,166.0,9.491802666244075,10,2,2,3.0,7.0,10.0,14.0
1492,main_green,main_green,56,176.0,9.198517416809993,12,2,2,3.0,7.0,10.0,14.0
1493,main_green,main_green,55,186.0,9.228201791749166,10,2,2,3.0,7.0,10.0,14.0
1494,main_green,main_green,54,196.0,9.299770241409677,10,2,2,3.0,7.0,10.0,14.0
1495,main_green,main_green,54,206.0,9.107326430295188,10,2,2,3.0,7.0,10.0,14.0
1496,main_green,main_green,55,217.0,9.009108952812834,12,2,2,3.0,7.0,10.0,14.0
1497,main_green,main_green,54,230.0,8.832010525427464,14,2,2,3.0,7.0,10.0,14.0
1498,main_green,main_green,54,244.0,8.895830848162976,14,2,2,3.0,7.0,10.0,14.0
1499,main_green,main_green,52,258.0,8.84481632429442,14,2,2,3.0,7.0,10.0,14.0
1500,main_green,main_green,57,272.0,8.16475871119444,19,2,2,3.0,5.0,13.0,17.0
1501,main_green,main_green,57,286.0,8.316531068423345,14,2,2,3.0,5.0,13.0,17.0
1502,main_green,main_green,58,300.0,8.56083568400514,15,2,2,3.0,5.0,13.0,17.0
1503,main_green,main_green,57,314.0,8.671199921194471,14,2,2,3.0,5.0,13.0,17.0
1504,main_green,main_green,58,328.0,8.534733160626272,15,2,2,3.0,5.0,13.0,17.0
1505,main_green,main_green,58,342.0,8.679349386872177,14,2,2,3.0,5.0,13.0,17.0
1506,main_green,main_green,58,356.0,8.609841628286397,14,2,2,3.0,5.0,13.0,17.0
1507,main_green,main_green,58,373.0,8.32749795899696,18,2,2,3.0,5.0,13.0,17.0
1508,main_green,main_green,58,390.0,8.228444995891747,18,2,2,3.0,5.0,13.0,17.0
1509,main_green,main_green,57,408.0,8.21538357528601,18,2,2,3.0,5.0,13.0,17.0
1510,yellow_transition,yellow_transition,57,426.0,8.32778381164121,18,3,3,9.0,9.0,13.0,11.0
1511,yellow_transition,yellow_transition,57,444.0,8.318604152548303,18,3,3,9.0,9.0,13.0,11.0
1512,yellow_transition,yellow_transition,61,462.0,7.617631588199501,23,3,3,9.0,9.0,13.0,11.0
1513,main_green,side_green,61,293.0,7.631021244612951,15,2,0,9.0,9.0,13.0,11.0
1514,main_green,side_green,61,211.0,7.884927388626732,10,2,0,9.0,9.0,13.0,11.0
1515,main_green,side_green,61,204.0,8.296838509285742,9,2,0,9.0,9.0,13.0,11.0
1516,main_green,side_green,62,214.0,8.36852729041644,11,2,0,9.0,9.0,13.0,11.0
1517,main_green,side_green,62,224.0,8.63887991700584,10,2,0,9.0,9.0,13.0,11.0
1518,main_green,side_green,63,236.0,8.663948967588698,13,2,0,9.0,9.0,13.0,11.0
1519,main_green,side_green,62,249.0,8.788303325350787,13,2,0,9.0,9.0,13.0,11.0
1520,main_green,side_green,62,262.0,8.757647680330386,14,2,0,9.0,9.0,13.0,11.0
1521,main_green,side_green,60,277.0,8.639801122776971,15,2,0,9.0,9.0,13.0,11.0
1522,main_green,side_green,59,292.0,8.581587406867392,15,2,0,9.0,9.0,13.0,11.0
1523,yellow_transition,yellow_transition,59,308.0,8.46397865876185,17,3,1,12.0,6.0,-15.0,13.0
1524,yellow_transition,yellow_transition,64,325.0,7.683329083396298,22,3,1,12.0,6.0,-15.0,13.0
1525,yellow_transition,yellow_transition,64,342.0,7.623336855552921,17,3,1,12.0,6.0,-15.0,13.0
1526,side_green,main_green,64,129.0,7.782279510354727,9,0,2,12.0,6.0,-15.0,13.0
1527,side_green,main_green,61,19.0,7.779828285576659,2,0,2,12.0,6.0,-15.0,13.0
1528,side_green,main_green,63,1.0,8.101859127917589,3,0,2,12.0,6.0,-15.0,13.0
1529,side_green,main_green,63,4.0,8.66901429148528,3,0,2,12.0,6.0,-15.0,13.0
1530,side_green,main_green,63,7.0,9.332254823490937,3,0,2,12.0,6.0,-15.0,13.0
1531,side_green,main_green,63,10.0,9.78018413877654,3,0,2,12.0,6.0,-15.0,13.0
1532,side_green,main_green,62,14.0,9.874802328437662,5,0,2,12.0,6.0,-15.0,13.0
1533,side_green,main_green,61,20.0,9.97078615134565,7,0,2,12.0,6.0,-15.0,13.0
1534,side_green,main_green,59,26.0,10.170126799283603,6,0,2,12.0,6.0,-15.0,13.0
1535,side_green,main_green,57,33.0,10.304402962708636,7,0,2,12.0,6.0,-15.0,13.0
1536,yellow_transition,yellow_transition,60,40.0,9.513169262490951,12,1,3,-12.0,16.0,-12.0,-4.0
1537,yellow_transition,yellow_transition,56,48.0,9.404298321614453,8,1,3,-12.0,16.0,-12.0,-4.0
1538,yellow_transition,yellow_transition,56,56.0,9.356982746381606,9,1,3,-12.0,16.0,-12.0,-4.0
1539,main_green,main_green,56,22.0,9.748506050879485,4,2,2,-12.0,16.0,-12.0,-4.0
1540,main_green,main_green,57,14.0,9.876791889324712,3,2,2,-12.0,16.0,-12.0,-4.0
1541,main_green,main_green,57,16.0,10.0644048246474,2,2,2,-12.0,16.0,-12.0,-4.0
1542,main_green,main_green,57,18.0,10.242693125456947,2,2,2,-12.0,16.0,-12.0,-4.0
1543,main_green,main_green,58,20.0,10.34374295918506,3,2,2,-12.0,16.0,-12.0,-4.0
1544,main_green,main_green,59,23.0,10.457140692035422,4,2,2,-12.0,16.0,-12.0,-4.0
1545,main_green,main_green,57,27.0,10.542590473690652,4,2,2,-12.0,16.0,-12.0,-4.0
1546,main_green,main_green,55,33.0,10.735327534232942,6,2,2,-12.0,16.0,-12.0,-4.0
1547,main_green,main_green,52,39.0,10.846742310763245,6,2,2,-12.0,16.0,-12.0,-4.0
1548,main_green,main_green,55,45.0,9.9384443396738,11,2,2,-12.0,16.0,-12.0,-4.0
1549,main_green,main_green,54,51.0,9.807471689985482,7,2,2,0.0,16.0,-1.0,3.0
1550,main_green,main_green,53,57.0,10.141277632784636,6,2,2,0.0,16.0,-1.0,3.0
1551,main_green,main_green,53,63.0,10.238744145981526,6,2,2,0.0,16.0,-1.0,3.0
1552,main_green,main_green,53,69.0,10.162723253696772,7,2,2,0.0,16.0,-1.0,3.0
1553,main_green,main_green,53,75.0,10.148760729003339,6,2,2,0.0,16.0,-1.0,3.0
1554,main_green,main_green,54,81.0,9.894699096815387,7,2,2,0.0,16.0,-1.0,3.0
1555,main_green,main_green,54,88.0,9.931045984346532,7,2,2,0.0,16.0,-1.0,3.0
1556,main_green,main_green,53,97.0,9.666602825739698,10,2,2,0.0,16.0,-1.0,3.0
1557,main_green,main_green,53,107.0,9.892618187348337,10,2,2,0.0,16.0,-1.0,3.0
1558,main_green,main_green,51,117.0,10.008005832060906,10,2,2,0.0,16.0,-1.0,3.0
1559,main_green,main_green,52,127.0,9.906814240562028,11,2,2,-3.0,7.0,6.0,14.0
1560,main_green,main_green,55,137.0,8.979236205967258,15,2,2,-3.0,7.0,6.0,14.0
1561,main_green,main_green,55,147.0,9.341141080730086,10,2,2,-3.0,7.0,6.0,14.0
1562,main_green,main_green,55,157.0,9.491606896550579,10,2,2,-3.0,7.0,6.0,14.0
1563,main_green,main_green,55,167.0,9.654617648776503,10,2,2,-3.0,7.0,6.0,14.0
1564,main_green,main_green,57,177.0,9.44028017744533,12,2,2,-3.0,7.0,6.0,14.0
1565,main_green,main_green,56,187.0,9.404848248041684,10,2,2,-3.0,7.0,6.0,14.0
1566,main_green,main_green,56,197.0,9.236247107397181,10,2,2,-3.0,7.0,6.0,14.0
1567,main_green,main_green,55,208.0,9.234845237111019,11,2,2,-3.0,7.0,6.0,14.0
1568,main_green,main_green,54,222.0,9.084596435006425,15,2,2,-3.0,7.0,6.0,14.0
1569,main_green,main_green,55,236.0,8.941729587750006,15,2,2,3.0,9.0,10.0,10.0
1570,main_green,main_green,55,250.0,9.076138939537532,14,2,2,3.0,9.0,10.0,10.0
1571,main_green,main_green,55,264.0,9.219941957189322,14,2,2,3.0,9.0,10.0,10.0
1572,main_green,main_green,59,278.0,8.450574095519274,19,2,2,3.0,9.0,10.0,10.0
1573,main_green,main_green,58,292.0,8.641490368465513,14,2,2,3.0,9.0,10.0,10.0
1574,main_green,main_green,58,306.0,8.666876683077236,15,2,2,3.0,9.0,10.0,10.0
1575,main_green,main_green,58,320.0,8.717123380608497,14,2,2,3.0,9.0,10.0,10.0
1576,main_green,main_green,58,334.0,8.54245933889506,15,2,2,3.0,9.0,10.0,10.0
1577,main_green,main_green,57,348.0,8.527443523712387,14,2,2,3.0,9.0,10.0,10.0
1578,main_green,main_green,56,362.0,8.555909208925486,14,2,2,3.0,9.0,10.0,10.0
1579,main_green,main_green,57,377.0,8.424949335561575,16,2,2,9.0,11.0,12.0,12.0
1580,main_green,main_green,58,394.0,8.37165749854297,18,2,2,9.0,11.0,12.0,12.0
1581,main_green,main_green,58,412.0,8.443501552229236,18,2,2,9.0,11.0,12.0,12.0
1582,main_green,main_green,58,430.0,8.531885076783208,18,2,2,9.0,11.0,12.0,12.0
1583,main_green,main_green,58,448.0,8.65440091600577,18,2,2,9.0,11.0,12.0,12.0
1584,main_green,main_green,63,466.0,8.119888522156328,23,2,2,9.0,11.0,12.0,12.0
1585,main_green,main_green,63,484.0,8.022585836126543,19,2,2,9.0,11.0,12.0,12.0
1586,main_green,main_green,62,502.0,8.25382475310415,18,2,2,9.0,11.0,12.0,12.0
1587,main_green,main_green,61,520.0,8.257699626232572,18,2,2,9.0,11.0,12.0,12.0
1588,main_green,main_green,62,538.0,8.002624315423285,19,2,2,9.0,11.0,12.0,12.0
1589,yellow_transition,yellow_transition,61,556.0,8.043051818030126,18,3,3,14.0,12.0,16.0,8.0
1590,yellow_transition,yellow_transition,60,574.0,7.527884277280899,19,3,3,14.0,12.0,16.0,8.0
1591,yellow_transition,yellow_transition,59,593.0,7.450893806776659,19,3,3,14.0,12.0,16.0,8.0
1592,side_green,side_green,59,231.0,7.4553329172474365,14,0,0,14.0,12.0,16.0,8.0
1593,side_green,side_green,59,36.0,7.88003155700794,6,0,0,14.0,12.0,16.0,8.0
1594,side_green,side_green,58,1.0,8.303923606019605,1,0,0,14.0,12.0,16.0,8.0
1595,side_green,side_green,59,3.0,8.844512101945911,3,0,0,14.0,12.0,16.0,8.0
1596,side_green,side_green,64,5.0,8.60105109395419,7,0,0,14.0,12.0,16.0,8.0
1597,side_green,side_green,63,8.0,9.270132309671785,3,0,0,14.0,12.0,16.0,8.0
1598,side_green,side_green,62,13.0,9.78056758073688,5,0,0,14.0,12.0,16.0,8.0
1599,side_green,side_green,62,19.0,10.156414106831663,6,0,0,14.0,12.0,16.0,8.0
1600,side_green,side_green,64,25.0,10.168055023465003,8,0,0,14.0,12.0,16.0,8.0
1601,side_green,side_green,64,32.0,10.221248217370745,7,0,0,14.0,12.0,16.0,8.0
1602,yellow_transition,yellow_transition,64,40.0,10.098602311947102,8,1,1,-13.0,9.0,-13.0,5.0
1603,yellow_transition,yellow_transition,64,49.0,10.074221499186828,9,1,1,-13.0,9.0,-13.0,5.0
1604,yellow_transition,yellow_transition,64,59.0,9.677962333650038,11,1,1,-13.0,9.0,-13.0,5.0
1605,main_green,main_green,65,7.0,9.562168059906734,5,2,2,-13.0,9.0,-13.0,5.0
1606,main_green,main_green,63,2.0,9.831655099426138,1,2,2,-13.0,9.0,-13.0,5.0
1607,main_green,main_green,63,3.0,10.25830195581738,1,2,2,-13.0,9.0,-13.0,5.0
1608,main_green,main_green,67,4.0,9.809974855138401,6,2,2,-13.0,9.0,-13.0,5.0
1609,main_green,main_green,67,5.0,10.392877958337147,1,2,2,-13.0,9.0,-13.0,5.0
1610,main_green,main_green,65,6.0,10.815804522587795,2,2,2,-13.0,9.0,-13.0,5.0
1611,main_green,main_green,60,7.0,11.256320659317131,1,2,2,-13.0,9.0,-13.0,5.0
1612,main_green,main_green,56,8.0,11.234122013265246,2,2,2,-13.0,9.0,-13.0,5.0
1613,main_green,main_green,53,9.0,11.38427706353995,1,2,2,-13.0,9.0,-13.0,5.0
1614,main_green,main_green,50,10.0,11.322270837770283,1,2,2,-13.0,9.0,-13.0,5.0
1615,main_green,main_green,47,12.0,10.945844663498471,3,2,2,-6.0,6.0,-4.0,6.0
1616,main_green,main_green,47,14.0,10.865103878390798,3,2,2,-6.0,6.0,-4.0,6.0
1617,main_green,main_green,45,18.0,10.851399273108003,4,2,2,-6.0,6.0,-4.0,6.0
1618,main_green,main_green,44,23.0,10.898498745118564,5,2,2,-6.0,6.0,-4.0,6.0
1619,main_green,main_green,43,28.0,10.927711606864982,5,2,2,-6.0,6.0,-4.0,6.0
1620,main_green,main_green,48,33.0,9.965665847646166,10,2,2,-6.0,6.0,-4.0,6.0
1621,main_green,main_green,49,38.0,9.856879934347187,6,2,2,-6.0,6.0,-4.0,6.0
1622,main_green,main_green,49,43.0,10.214404474124803,5,2,2,-6.0,6.0,-4.0,6.0
1623,main_green,main_green,49,48.0,10.474155472665894,5,2,2,-6.0,6.0,-4.0,6.0
1624,main_green,main_green,50,53.0,10.45252583017251,6,2,2,-6.0,6.0,-4.0,6.0
1625,main_green,main_green,50,58.0,10.558063101613298,5,2,2,-1.0,13.0,2.0,14.0
1626,main_green,main_green,51,63.0,10.46775120637523,6,2,2,-1.0,13.0,2.0,14.0
1627,main_green,main_green,51,68.0,10.330392066553305,5,2,2,-1.0,13.0,2.0,14.0
1628,main_green,main_green,52,74.0,10.10258388081564,7,2,2,-1.0,13.0,2.0,14.0
1629,main_green,main_green,52,82.0,10.132505309307142,8,2,2,-1.0,13.0,2.0,14.0
1630,main_green,main_green,52,90.0,10.188591503183803,8,2,2,-1.0,13.0,2.0,14.0
1631,main_green,main_green,49,99.0,9.928554121432523,10,2,2,-1.0,13.0,2.0,14.0
1632,main_green,main_green,54,108.0,9.01023687440287,14,2,2,-1.0,13.0,2.0,14.0
1633,main_green,main_green,50,117.0,9.03410588510142,9,2,2,-1.0,13.0,2.0,14.0
1634,main_green,main_green,50,126.0,9.376566246205469,9,2,2,-1.0,13.0,2.0,14.0
1635,main_green,main_green,48,135.0,9.467978885069797,9,2,2,6.0,12.0,10.0,16.0
1636,main_green,main_green,49,144.0,9.083481292783347,11,2,2,6.0,12.0,10.0,16.0
1637,main_green,main_green,49,153.0,9.22695624106339,9,2,2,6.0,12.0,10.0,16.0
1638,main_green,main_green,49,162.0,9.26253866843788,9,2,2,6.0,12.0,10.0,16.0
1639,main_green,main_green,49,171.0,9.114164299763154,9,2,2,6.0,12.0,10.0,16.0
1640,main_green,main_green,50,181.0,8.95388308374196,11,2,2,6.0,12.0,10.0,16.0
1641,main_green,main_green,51,193.0,8.841660823869663,13,2,2,6.0,12.0,10.0,16.0
1642,main_green,main_green,51,206.0,9.058184972907783,13,2,2,6.0,12.0,10.0,16.0
1643,main_green,main_green,51,219.0,9.09174530854972,13,2,2,6.0,12.0,10.0,16.0
1644,main_green,main_green,56,232.0,8.328733018920696,18,2,2,6.0,12.0,10.0,16.0
1645,main_green,main_green,56,245.0,8.622405066283457,13,2,2,8.0,10.0,11.0,11.0
1646,main_green,main_green,57,258.0,8.66965637777819,14,2,2,8.0,10.0,11.0,11.0
1647,main_green,main_green,57,271.0,8.683175850458072,13,2,2,8.0,10.0,11.0,11.0
1648,main_green,main_green,58,284.0,8.668518023578043,14,2,2,8.0,10.0,11.0,11.0
1649,main_green,main_green,58,297.0,8.576591215254775,13,2,2,8.0,10.0,11.0,11.0
1650,main_green,main_green,58,312.0,8.62981529074706,15,2,2,8.0,10.0,11.0,11.0
1651,main_green,main_green,59,327.0,8.610940934024892,16,2,2,8.0,10.0,11.0,11.0
1652,main_green,main_green,60,344.0,8.484500009494873,18,2,2,8.0,10.0,11.0,11.0
1653,main_green,main_green,58,361.0,8.376511706067499,17,2,2,8.0,10.0,11.0,11.0
1654,main_green,main_green,58,378.0,8.56366802999365,17,2,2,8.0,10.0,11.0,11.0
1655,main_green,main_green,58,395.0,8.631805431015696,17,2,2,8.0,10.0,9.0,9.0
1656,main_green,main_green,63,412.0,8.017207228407887,22,2,2,8.0,10.0,9.0,9.0
1657,main_green,main_green,63,429.0,8.083348532034337,18,2,2,8.0,10.0,9.0,9.0
1658,main_green,main_green,63,446.0,8.27141219368328,17,2,2,8.0,10.0,9.0,9.0
1659,main_green,main_green,61,463.0,8.35005387246825,17,2,2,8.0,10.0,9.0,9.0
1660,main_green,main_green,61,480.0,8.120260681254605,18,2,2,8.0,10.0,9.0,9.0
1661,main_green,main_green,59,497.0,7.9764915939997945,17,2,2,8.0,10.0,9.0,9.0
1662,main_green,main_green,60,514.0,7.84823114747701,18,2,2,8.0,10.0,9.0,9.0
1663,main_green,main_green,59,532.0,7.827199522555956,18,2,2,8.0,10.0,9.0,9.0
1664,main_green,main_green,59,551.0,7.732821929887707,20,2,2,8.0,10.0,9.0,9.0
1665,yellow_transition,yellow_transition,59,572.0,7.835427289377817,21,3,3,13.0,7.0,17.0,11.0
1666,yellow_transition,yellow_transition,57,593.0,7.644364329708661,21,3,3,13.0,7.0,17.0,11.0
1667,yellow_transition,yellow_transition,57,614.0,7.614756642271007,22,3,3,13.0,7.0,17.0,11.0
1668,side_green,side_green,61,243.0,7.104212485746756,18,0,0,13.0,7.0,17.0,11.0
1669,side_green,side_green,61,43.0,7.7724120758599575,5,0,0,13.0,7.0,17.0,11.0
1670,side_green,side_green,61,0.0,8.281368833644938,0,0,0,13.0,7.0,17.0,11.0
1671,side_green,side_green,61,0.0,8.904265452992128,0,0,0,13.0,7.0,17.0,11.0
1672,side_green,side_green,62,1.0,9.103220648566403,3,0,0,13.0,7.0,17.0,11.0
1673,side_green,side_green,61,3.0,9.517849175087015,2,0,0,13.0,7.0,17.0,11.0
1674,side_green,side_green,61,6.0,10.226113298291267,3,0,0,13.0,7.0,17.0,11.0
1675,side_green,side_green,61,11.0,10.463820585651213,5,0,0,13.0,7.0,17.0,11.0
1676,side_green,side_green,61,16.0,10.313882635193226,6,0,0,13.0,7.0,17.0,11.0
1677,side_green,side_green,62,22.0,10.135613655486154,7,0,0,13.0,7.0,17.0,11.0
1678,yellow_transition,yellow_transition,62,30.0,10.117413234992723,8,1,1,-15.0,7.0,-17.0,7.0
1679,yellow_transition,yellow_transition,62,39.0,10.107010873942091,9,1,1,-15.0,7.0,-17.0,7.0
1680,yellow_transition,yellow_transition,67,49.0,9.162104443529023,15,1,1,-15.0,7.0,-17.0,7.0
1681,main_green,main_green,66,7.0,9.359799098066388,2,2,2,-15.0,7.0,-17.0,7.0
1682,main_green,main_green,67,0.0,9.546049230513589,1,2,2,-15.0,7.0,-17.0,7.0
1683,main_green,main_green,64,0.0,9.925301321654148,0,2,2,-15.0,7.0,-17.0,7.0
1684,main_green,main_green,65,0.0,10.194896397443667,1,2,2,-15.0,7.0,-17.0,7.0
1685,main_green,main_green,65,0.0,10.587431349942985,0,2,2,-15.0,7.0,-17.0,7.0
1686,main_green,main_green,61,0.0,10.934420764526733,0,2,2,-15.0,7.0,-17.0,7.0
1687,main_green,main_green,59,1.0,10.782535720703839,2,2,2,-15.0,7.0,-17.0,7.0
1688,main_green,main_green,56,3.0,10.823273908005685,3,2,2,-15.0,7.0,-17.0,7.0
1689,main_green,main_green,54,6.0,11.104527967995626,3,2,2,-15.0,7.0,-17.0,7.0
1690,main_green,main_green,50,10.0,11.162667074755582,4,2,2,-15.0,7.0,-17.0,7.0
1691,main_green,main_green,46,14.0,11.145349771417335,4,2,2,-4.0,12.0,-9.0,3.0
1692,main_green,main_green,48,18.0,10.146530399330858,9,2,2,-4.0,12.0,-9.0,3.0
1693,main_green,main_green,47,22.0,9.9707353845078,5,2,2,-4.0,12.0,-9.0,3.0
1694,main_green,main_green,47,26.0,10.215817705182756,4,2,2,-4.0,12.0,-9.0,3.0
1695,main_green,main_green,46,30.0,10.447675887401237,4,2,2,-4.0,12.0,-9.0,3.0
1696,main_green,main_green,47,34.0,10.457354538833041,5,2,2,-4.0,12.0,-9.0,3.0
1697,main_green,main_green,47,38.0,10.531473330371123,4,2,2,-4.0,12.0,-9.0,3.0
1698,main_green,main_green,48,42.0,10.160395700877158,5,2,2,-4.0,12.0,-9.0,3.0
1699,main_green,main_green,48,46.0,10.151993499046815,4,2,2,-4.0,12.0,-9.0,3.0
1700,main_green,main_green,49,51.0,10.048682625481181,6,2,2,-4.0,12.0,-9.0,3.0
1701,main_green,main_green,49,58.0,10.010404480072438,7,2,2,0.0,16.0,-1.0,13.0
1702,main_green,main_green,49,66.0,10.206744471240178,8,2,2,0.0,16.0,-1.0,13.0
1703,main_green,main_green,50,74.0,10.193321722412277,9,2,2,0.0,16.0,-1.0,13.0
1704,main_green,main_green,55,82.0,9.295752671057,13,2,2,0.0,16.0,-1.0,13.0
1705,main_green,main_green,55,90.0,9.533066952116204,8,2,2,0.0,16.0,-1.0,13.0
1706,main_green,main_green,54,98.0,9.824875333340783,8,2,2,0.0,16.0,-1.0,13.0
1707,main_green,main_green,52,106.0,9.738685664498703,8,2,2,0.0,16.0,-1.0,13.0
1708,main_green,main_green,54,114.0,9.411034034943768,10,2,2,0.0,16.0,-1.0,13.0
1709,main_green,main_green,53,122.0,9.42331877445814,8,2,2,0.0,16.0,-1.0,13.0
1710,main_green,main_green,51,130.0,9.30889452285596,8,2,2,0.0,16.0,-1.0,13.0
1711,main_green,main_green,50,138.0,9.337737082797194,8,2,2,6.0,16.0,4.0,12.0
1712,main_green,main_green,49,150.0,9.050922609579741,13,2,2,6.0,16.0,4.0,12.0
1713,main_green,main_green,50,162.0,9.007960281377882,13,2,2,6.0,16.0,4.0,12.0
1714,main_green,main_green,50,174.0,9.271012756515182,12,2,2,6.0,16.0,4.0,12.0
1715,main_green,main_green,50,186.0,9.335931954327345,12,2,2,6.0,16.0,4.0,12.0
1716,main_green,main_green,54,198.0,8.492797250523477,17,2,2,6.0,16.0,4.0,12.0
1717,main_green,main_green,54,210.0,8.727811235726342,12,2,2,6.0,16.0,4.0,12.0
1718,main_green,main_green,55,222.0,8.80487073477671,13,2,2,6.0,16.0,4.0,12.0
1719,main_green,main_green,55,234.0,8.976750291114852,12,2,2,6.0,16.0,4.0,12.0
1720,main_green,main_green,56,246.0,8.875520256879966,13,2,2,6.0,16.0,4.0,12.0
1721,yellow_transition,yellow_transition,56,258.0,9.011972513830555,12,3,3,10.0,12.0,10.0,8.0
1722,yellow_transition,yellow_transition,56,270.0,8.822816900554516,12,3,3,10.0,12.0,10.0,8.0
1723,yellow_transition,yellow_transition,57,283.0,8.555004623354412,14,3,3,10.0,12.0,10.0,8.0
1724,main_green,side_green,58,176.0,8.50944010245272,12,2,0,10.0,12.0,10.0,8.0
1725,main_green,side_green,58,155.0,8.752745939181176,8,2,0,10.0,12.0,10.0,8.0
1726,main_green,side_green,58,164.0,9.029630362901443,9,2,0,10.0,12.0,10.0,8.0
1727,main_green,side_green,58,173.0,9.372954688570506,9,2,0,10.0,12.0,10.0,8.0
1728,main_green,side_green,63,183.0,8.93321533270404,15,2,0,10.0,12.0,10.0,8.0
1729,main_green,side_green,64,193.0,9.221561325297412,11,2,0,10.0,12.0,10.0,8.0
1730,main_green,side_green,61,203.0,9.418571180359827,10,2,0,10.0,12.0,10.0,8.0
1731,main_green,side_green,61,213.0,9.548074661817333,10,2,0,10.0,12.0,10.0,8.0
1732,main_green,side_green,62,223.0,9.378707474960251,11,2,0,10.0,12.0,10.0,8.0
1733,main_green,side_green,60,233.0,9.085595671251188,10,2,0,10.0,12.0,10.0,8.0
1734,yellow_transition,yellow_transition,61,245.0,8.817405667532832,13,3,1,8.0,0.0,-6.0,16.0
1735,yellow_transition,yellow_transition,59,259.0,8.365883909990865,14,3,1,8.0,0.0,-6.0,16.0
1736,yellow_transition,yellow_transition,59,273.0,7.762086351109325,15,3,1,8.0,0.0,-6.0,16.0
1737,side_green,main_green,59,87.0,7.975805846780773,8,0,2,8.0,0.0,-6.0,16.0
1738,side_green,main_green,59,8.0,8.452914378543339,4,0,2,8.0,0.0,-6.0,16.0
1739,side_green,main_green,59,6.0,8.832336441431025,4,0,2,8.0,0.0,-6.0,16.0
1740,side_green,main_green,64,10.0,8.64830635802903,9,0,2,8.0,0.0,-6.0,16.0
1741,side_green,main_green,61,14.0,9.020900799875058,4,0,2,8.0,0.0,-6.0,16.0
1742,side_green,main_green,60,19.0,9.682361615965025,5,0,2,8.0,0.0,-6.0,16.0
1743,side_green,main_green,56,24.0,10.177029444265534,5,0,2,8.0,0.0,-6.0,16.0
1744,side_green,main_green,56,29.0,10.048582278031995,7,0,2,8.0,0.0,-6.0,16.0
1745,side_green,main_green,53,34.0,10.077050615691839,5,0,2,8.0,0.0,-6.0,16.0
1746,side_green,main_green,53,40.0,10.09128529253881,6,0,2,8.0,0.0,-6.0,16.0
1747,yellow_transition,yellow_transition,52,46.0,9.746354694150487,6,1,3,-10.0,16.0,-1.0,5.0
1748,yellow_transition,yellow_transition,53,54.0,9.338232838495273,9,1,3,-10.0,16.0,-1.0,5.0
1749,yellow_transition,yellow_transition,54,64.0,9.006900708277977,11,1,3,-10.0,16.0,-1.0,5.0
1750,main_green,main_green,54,34.0,9.36449278863364,6,2,2,-10.0,16.0,-1.0,5.0
1751,main_green,main_green,54,36.0,9.765200101421991,5,2,2,-10.0,16.0,-1.0,5.0
1752,main_green,main_green,59,41.0,9.329669278483214,10,2,2,-10.0,16.0,-1.0,5.0
1753,main_green,main_green,59,46.0,9.841723756196822,5,2,2,-10.0,16.0,-1.0,5.0
1754,main_green,main_green,59,51.0,10.143694405842675,6,2,2,-10.0,16.0,-1.0,5.0
1755,main_green,main_green,56,56.0,10.416859133499722,5,2,2,-10.0,16.0,-1.0,5.0
1756,main_green,main_green,56,61.0,10.393770828245838,6,2,2,-10.0,16.0,-1.0,5.0
1757,main_green,main_green,52,66.0,10.300907706038604,5,2,2,-10.0,16.0,-1.0,5.0
1758,main_green,main_green,52,71.0,10.42239260815132,5,2,2,-10.0,16.0,-1.0,5.0
1759,main_green,main_green,52,76.0,10.173768192028735,6,2,2,-10.0,16.0,-1.0,5.0
1760,main_green,main_green,53,82.0,9.985992114257446,7,2,2,1.0,19.0,0.0,2.0
1761,main_green,main_green,52,90.0,10.02355266328763,8,2,2,1.0,19.0,0.0,2.0
1762,main_green,main_green,51,98.0,10.007653732317058,8,2,2,1.0,19.0,0.0,2.0
1763,main_green,main_green,49,106.0,9.922207335802373,8,2,2,1.0,19.0,0.0,2.0
1764,main_green,main_green,53,114.0,9.044637347348434,13,2,2,1.0,19.0,0.0,2.0
1765,main_green,main_green,53,122.0,8.97298513257865,9,2,2,1.0,19.0,0.0,2.0
1766,main_green,main_green,53,131.0,9.331603167720235,9,2,2,1.0,19.0,0.0,2.0
1767,main_green,main_green,51,140.0,9.429259438773453,9,2,2,1.0,19.0,0.0,2.0
1768,main_green,main_green,52,149.0,9.22083082373629,10,2,2,1.0,19.0,0.0,2.0
1769,main_green,main_green,52,158.0,9.321784827576563,9,2,2,1.0,19.0,0.0,2.0
1770,main_green,main_green,53,167.0,9.021121945550009,10,2,2,-1.0,5.0,12.0,18.0
1771,main_green,main_green,53,176.0,9.069937634087283,9,2,2,-1.0,5.0,12.0,18.0
1772,main_green,main_green,54,188.0,8.9187967097449,13,2,2,-1.0,5.0,12.0,18.0
1773,main_green,main_green,54,201.0,9.077165311366649,13,2,2,-1.0,5.0,12.0,18.0
1774,main_green,main_green,54,214.0,9.216850406792572,13,2,2,-1.0,5.0,12.0,18.0
1775,main_green,main_green,54,227.0,9.100005484464374,14,2,2,-1.0,5.0,12.0,18.0
1776,main_green,main_green,57,240.0,8.169342366372776,18,2,2,-1.0,5.0,12.0,18.0
1777,main_green,main_green,57,253.0,8.418193363213392,13,2,2,-1.0,5.0,12.0,18.0
1778,main_green,main_green,57,266.0,8.69742035871783,13,2,2,-1.0,5.0,12.0,18.0
1779,main_green,main_green,55,279.0,8.856674478806685,13,2,2,-1.0,5.0,12.0,18.0
1780,main_green,main_green,57,292.0,8.316290210415167,15,2,2,4.0,6.0,16.0,16.0
1781,main_green,main_green,56,305.0,8.440767563706025,13,2,2,4.0,6.0,16.0,16.0
1782,main_green,main_green,56,318.0,8.426840130069147,13,2,2,4.0,6.0,16.0,16.0
1783,main_green,main_green,56,333.0,8.523598349782407,15,2,2,4.0,6.0,16.0,16.0
1784,main_green,main_green,57,350.0,8.41739806749366,18,2,2,4.0,6.0,16.0,16.0
1785,main_green,main_green,58,367.0,8.352616754449025,18,2,2,4.0,6.0,16.0,16.0
1786,main_green,main_green,58,384.0,8.453071930569541,17,2,2,4.0,6.0,16.0,16.0
1787,main_green,main_green,57,401.0,8.606927791022947,17,2,2,4.0,6.0,16.0,16.0
1788,main_green,main_green,62,418.0,7.939934626187756,22,2,2,4.0,6.0,16.0,16.0
1789,main_green,main_green,62,435.0,8.218352694807187,17,2,2,4.0,6.0,16.0,16.0
1790,yellow_transition,yellow_transition,62,452.0,8.219056358457363,18,3,3,7.0,7.0,18.0,14.0
1791,yellow_transition,yellow_transition,61,469.0,8.024787703939172,17,3,3,7.0,7.0,18.0,14.0
1792,yellow_transition,yellow_transition,62,486.0,7.83904348442614,18,3,3,7.0,7.0,18.0,14.0
1793,main_green,side_green,61,302.0,7.892534322146321,14,2,0,7.0,7.0,18.0,14.0
1794,main_green,side_green,60,203.0,7.846318998223694,10,2,0,7.0,7.0,18.0,14.0
1795,main_green,side_green,61,190.0,8.093063615222247,11,2,0,7.0,7.0,18.0,14.0
1796,main_green,side_green,62,201.0,8.301010802806228,12,2,0,7.0,7.0,18.0,14.0
1797,main_green,side_green,62,212.0,8.513523420731158,11,2,0,7.0,7.0,18.0,14.0
1798,main_green,side_green,61,223.0,8.848425425101942,11,2,0,7.0,7.0,18.0,14.0
1799,main_green,side_green,60,235.0,9.223416283030557,12,2,0,7.0,7.0,18.0,14.0
1800,main_green,side_green,64,248.0,8.650320908669531,18,2,0,7.0,7.0,18.0,14.0
1801,main_green,side_green,64,261.0,8.728886643971443,14,2,0,7.0,7.0,18.0,14.0
1802,main_green,side_green,64,274.0,8.951468839092403,13,2,0,7.0,7.0,18.0,14.0
1803,yellow_transition,yellow_transition,63,288.0,9.05471898349914,14,3,1,12.0,4.0,-12.0,14.0
1804,yellow_transition,yellow_transition,64,302.0,8.76697722324042,15,3,1,12.0,4.0,-12.0,14.0
1805,yellow_transition,yellow_transition,64,316.0,8.571472707405368,14,3,1,12.0,4.0,-12.0,14.0
1806,side_green,main_green,64,113.0,8.257919032461306,7,0,2,12.0,4.0,-12.0,14.0
1807,side_green,main_green,63,16.0,8.441454367512069,4,0,2,12.0,4.0,-12.0,14.0
1808,side_green,main_green,63,5.0,8.578613907337264,4,0,2,12.0,4.0,-12.0,14.0
1809,side_green,main_green,63,8.0,8.975178831568698,3,0,2,12.0,4.0,-12.0,14.0
1810,side_green,main_green,62,12.0,9.47580682201555,4,0,2,12.0,4.0,-12.0,14.0
1811,side_green,main_green,62,17.0,9.725151861891398,6,0,2,12.0,4.0,-12.0,14.0
1812,side_green,main_green,64,23.0,9.201290985250495,11,0,2,12.0,4.0,-12.0,14.0
1813,side_green,main_green,64,29.0,9.6996126892053,6,0,2,12.0,4.0,-12.0,14.0
1814,side_green,main_green,60,35.0,9.8551742136048,6,0,2,12.0,4.0,-12.0,14.0
1815,side_green,main_green,59,43.0,10.038498770779192,8,0,2,12.0,4.0,-12.0,14.0
1816,yellow_transition,yellow_transition,57,51.0,9.565261992212504,10,1,3,-8.0,16.0,-6.0,-4.0
1817,yellow_transition,yellow_transition,57,59.0,9.561425268921766,8,1,3,-8.0,16.0,-6.0,-4.0
1818,yellow_transition,yellow_transition,56,67.0,9.373781554292929,8,1,3,-8.0,16.0,-6.0,-4.0
1819,main_green,main_green,56,33.0,9.448190379729555,4,2,2,-8.0,16.0,-6.0,-4.0
1820,main_green,main_green,57,28.0,9.3608689576305,6,2,2,-8.0,16.0,-6.0,-4.0
1821,main_green,main_green,57,34.0,9.445384806292623,7,2,2,-8.0,16.0,-6.0,-4.0
1822,main_green,main_green,57,40.0,9.797100215385097,6,2,2,-8.0,16.0,-6.0,-4.0
1823,main_green,main_green,57,46.0,10.104889143349725,6,2,2,-8.0,16.0,-6.0,-4.0
1824,main_green,main_green,62,52.0,9.586825363581566,11,2,2,-8.0,16.0,-6.0,-4.0
1825,main_green,main_green,59,58.0,9.875883201246273,6,2,2,-8.0,16.0,-6.0,-4.0
1826,main_green,main_green,60,64.0,10.082909660162379,7,2,2,-8.0,16.0,-6.0,-4.0
1827,main_green,main_green,57,70.0,10.182022774519545,6,2,2,-8.0,16.0,-6.0,-4.0
1828,main_green,main_green,57,76.0,9.95349081532185,7,2,2,-8.0,16.0,-6.0,-4.0
1829,main_green,main_green,55,82.0,9.934312312095544,6,2,2,-2.0,14.0,-1.0,5.0
1830,main_green,main_green,54,88.0,9.970925557973649,6,2,2,-2.0,14.0,-1.0,5.0
1831,main_green,main_green,53,96.0,9.856799497824802,9,2,2,-2.0,14.0,-1.0,5.0
1832,main_green,main_green,53,104.0,9.640430715703147,9,2,2,-2.0,14.0,-1.0,5.0
1833,main_green,main_green,53,114.0,9.792749939240295,10,2,2,-2.0,14.0,-1.0,5.0
1834,main_green,main_green,53,124.0,9.87097506450108,10,2,2,-2.0,14.0,-1.0,5.0
1835,main_green,main_green,53,134.0,9.956114523920688,10,2,2,-2.0,14.0,-1.0,5.0
1836,main_green,main_green,57,144.0,9.158393969177869,15,2,2,-2.0,14.0,-1.0,5.0
1837,main_green,main_green,58,154.0,9.337321713261053,11,2,2,-2.0,14.0,-1.0,5.0
1838,main_green,main_green,57,164.0,9.392162728904317,10,2,2,-2.0,14.0,-1.0,5.0
1839,main_green,main_green,57,174.0,9.699015898860106,10,2,2,1.0,7.0,9.0,15.0
1840,main_green,main_green,56,184.0,9.444714213431876,11,2,2,1.0,7.0,9.0,15.0
1841,main_green,main_green,56,194.0,9.410749949968707,10,2,2,1.0,7.0,9.0,15.0
1842,main_green,main_green,55,204.0,9.126255832545327,11,2,2,1.0,7.0,9.0,15.0
1843,main_green,main_green,55,215.0,9.285651108498557,11,2,2,1.0,7.0,9.0,15.0
1844,main_green,main_green,55,228.0,8.998201050909513,14,2,2,1.0,7.0,9.0,15.0
1845,main_green,main_green,54,242.0,9.056643414005908,14,2,2,1.0,7.0,9.0,15.0
1846,main_green,main_green,54,256.0,9.17754401933682,14,2,2,1.0,7.0,9.0,15.0
1847,main_green,main_green,52,270.0,8.848782576978802,15,2,2,1.0,7.0,9.0,15.0
1848,main_green,main_green,56,284.0,8.068855248695602,19,2,2,1.0,7.0,9.0,15.0
1849,main_green,main_green,56,298.0,8.382263883053367,14,2,2,6.0,10.0,16.0,18.0
1850,main_green,main_green,56,312.0,8.575429990530369,14,2,2,6.0,10.0,16.0,18.0
1851,main_green,main_green,56,326.0,8.75676393850609,14,2,2,6.0,10.0,16.0,18.0
1852,main_green,main_green,58,340.0,8.549067717767308,16,2,2,6.0,10.0,16.0,18.0
1853,main_green,main_green,58,354.0,8.661523825603023,14,2,2,6.0,10.0,16.0,18.0
1854,main_green,main_green,57,369.0,8.538079723363454,15,2,2,6.0,10.0,16.0,18.0
1855,main_green,main_green,56,384.0,8.461238597290494,15,2,2,6.0,10.0,16.0,18.0
1856,main_green,main_green,56,400.0,8.299195094199224,17,2,2,6.0,10.0,16.0,18.0
1857,main_green,main_green,56,417.0,8.087281394346247,18,2,2,6.0,10.0,16.0,18.0
1858,main_green,main_green,56,435.0,8.254611650671102,18,2,2,6.0,10.0,16.0,18.0
1859,yellow_transition,yellow_transition,56,453.0,8.3757372334279,18,3,3,11.0,11.0,13.0,9.0
1860,yellow_transition,yellow_transition,61,471.0,7.655247249717515,23,3,3,11.0,11.0,13.0,9.0
1861,yellow_transition,yellow_transition,60,489.0,7.560207002246959,18,3,3,11.0,11.0,13.0,9.0
1862,main_green,side_green,61,312.0,7.866149152936003,15,2,0,11.0,11.0,13.0,9.0
1863,main_green,side_green,61,221.0,8.091636699097931,10,2,0,11.0,11.0,13.0,9.0
1864,main_green,side_green,62,212.0,8.381459478886992,10,2,0,11.0,11.0,13.0,9.0
1865,main_green,side_green,62,221.0,8.81530254989168,9,2,0,11.0,11.0,13.0,9.0
1866,main_green,side_green,62,230.0,9.162685201953796,9,2,0,11.0,11.0,13.0,9.0
1867,main_green,side_green,62,240.0,9.278554633633538,11,2,0,11.0,11.0,13.0,9.0
1868,main_green,side_green,61,251.0,9.1280564489456,12,2,0,11.0,11.0,13.0,9.0
1869,main_green,side_green,61,263.0,9.24706803572421,12,2,0,11.0,11.0,13.0,9.0
1870,main_green,side_green,60,275.0,9.204184567025692,12,2,0,11.0,11.0,13.0,9.0
1871,main_green,side_green,60,288.0,9.172091464002108,13,2,0,11.0,11.0,13.0,9.0
1872,yellow_transition,yellow_transition,64,303.0,8.279853267578366,20,3,1,10.0,2.0,-15.0,13.0
1873,yellow_transition,yellow_transition,65,318.0,8.2019305382782,16,3,1,10.0,2.0,-15.0,13.0
1874,yellow_transition,yellow_transition,65,334.0,8.307171629814889,16,3,1,10.0,2.0,-15.0,13.0
1875,side_green,main_green,65,126.0,8.464176774165027,9,0,2,10.0,2.0,-15.0,13.0
1876,side_green,main_green,66,22.0,8.664160766047688,5,0,2,10.0,2.0,-15.0,13.0
1877,side_green,main_green,63,5.0,8.904620094263043,2,0,2,10.0,2.0,-15.0,13.0
1878,side_green,main_green,63,7.0,9.179691574390478,3,0,2,10.0,2.0,-15.0,13.0
1879,side_green,main_green,62,10.0,9.548266033009567,3,0,2,10.0,2.0,-15.0,13.0
1880,side_green,main_green,62,13.0,9.846250985206668,4,0,2,10.0,2.0,-15.0,13.0
1881,side_green,main_green,60,18.0,10.313470724564485,5,0,2,10.0,2.0,-15.0,13.0
1882,side_green,main_green,56,24.0,10.53188859373627,6,0,2,10.0,2.0,-15.0,13.0
1883,side_green,main_green,55,30.0,10.486741487770274,7,0,2,10.0,2.0,-15.0,13.0
1884,side_green,main_green,58,37.0,9.62981454319868,12,0,2,10.0,2.0,-15.0,13.0
1885,yellow_transition,yellow_transition,56,44.0,9.747098504388687,7,1,3,-9.0,17.0,-4.0,0.0
1886,yellow_transition,yellow_transition,54,51.0,9.615532153697515,7,1,3,-9.0,17.0,-4.0,0.0
1887,yellow_transition,yellow_transition,54,58.0,9.567097735296413,7,1,3,-9.0,17.0,-4.0,0.0
1888,main_green,main_green,56,23.0,9.424271669400364,5,2,2,-9.0,17.0,-4.0,0.0
1889,main_green,main_green,56,20.0,9.723866728093821,2,2,2,-9.0,17.0,-4.0,0.0
1890,main_green,main_green,56,22.0,9.84842241725631,2,2,2,-9.0,17.0,-4.0,0.0
1891,main_green,main_green,56,26.0,10.115105316835582,4,2,2,-9.0,17.0,-4.0,0.0
1892,main_green,main_green,56,30.0,10.093749952826782,5,2,2,-9.0,17.0,-4.0,0.0
1893,main_green,main_green,56,35.0,10.171272395244381,6,2,2,-9.0,17.0,-4.0,0.0
1894,main_green,main_green,53,40.0,10.36409664656009,5,2,2,-9.0,17.0,-4.0,0.0
1895,main_green,main_green,52,45.0,10.605083926471226,5,2,2,-9.0,17.0,-4.0,0.0
1896,main_green,main_green,56,51.0,9.778377885110876,11,2,2,-9.0,17.0,-4.0,0.0
1897,main_green,main_green,54,57.0,9.981357451401683,6,2,2,-9.0,17.0,-4.0,0.0
1898,main_green,main_green,52,63.0,9.972633630210073,7,2,2,0.0,14.0,0.0,6.0
1899,main_green,main_green,52,69.0,10.19311751001217,6,2,2,0.0,14.0,0.0,6.0
1900,main_green,main_green,52,75.0,10.167909347303485,7,2,2,0.0,14.0,0.0,6.0
1901,main_green,main_green,52,81.0,10.183750813478518,6,2,2,0.0,14.0,0.0,6.0
1902,main_green,main_green,52,87.0,10.204546115281131,6,2,2,0.0,14.0,0.0,6.0
1903,main_green,main_green,52,93.0,10.000104652345685,7,2,2,0.0,14.0,0.0,6.0
1904,main_green,main_green,52,100.0,9.652491758689617,8,2,2,0.0,14.0,0.0,6.0
1905,main_green,main_green,52,108.0,9.826676404318981,8,2,2,0.0,14.0,0.0,6.0
1906,main_green,main_green,50,118.0,9.814007856367228,10,2,2,0.0,14.0,0.0,6.0
1907,main_green,main_green,50,128.0,9.899512521435406,10,2,2,0.0,14.0,0.0,6.0
1908,main_green,main_green,53,138.0,8.948299903087452,15,2,2,-3.0,7.0,7.0,17.0
1909,main_green,main_green,54,148.0,8.990933718798734,11,2,2,-3.0,7.0,7.0,17.0
1910,main_green,main_green,54,158.0,9.287137545748656,10,2,2,-3.0,7.0,7.0,17.0
1911,main_green,main_green,54,168.0,9.533049286897745,10,2,2,-3.0,7.0,7.0,17.0
1912,main_green,main_green,55,178.0,9.421916364862886,11,2,2,-3.0,7.0,7.0,17.0
1913,main_green,main_green,54,188.0,9.348622038122958,10,2,2,-3.0,7.0,7.0,17.0
1914,main_green,main_green,53,198.0,9.058288161221284,11,2,2,-3.0,7.0,7.0,17.0
1915,main_green,main_green,53,208.0,9.124397995221118,10,2,2,-3.0,7.0,7.0,17.0
1916,main_green,main_green,53,220.0,8.937690406100533,13,2,2,-3.0,7.0,7.0,17.0
1917,main_green,main_green,53,234.0,8.956524693426369,14,2,2,-3.0,7.0,7.0,17.0
1918,main_green,main_green,53,248.0,9.09798606202096,14,2,2,4.0,12.0,12.0,12.0
1919,main_green,main_green,53,262.0,8.864355110285546,15,2,2,4.0,12.0,12.0,12.0
1920,main_green,main_green,58,276.0,8.288671464848038,19,2,2,4.0,12.0,12.0,12.0
1921,main_green,main_green,58,290.0,8.45506918245125,14,2,2,4.0,12.0,12.0,12.0
1922,main_green,main_green,58,304.0,8.718592734575962,14,2,2,4.0,12.0,12.0,12.0
1923,main_green,main_green,58,318.0,8.811934962569344,14,2,2,4.0,12.0,12.0,12.0
1924,main_green,main_green,58,332.0,8.467233728964567,16,2,2,4.0,12.0,12.0,12.0
1925,main_green,main_green,58,346.0,8.52825140506046,14,2,2,4.0,12.0,12.0,12.0
1926,main_green,main_green,57,360.0,8.525270712024513,14,2,2,4.0,12.0,12.0,12.0
1927,main_green,main_green,57,374.0,8.500338116191623,14,2,2,4.0,12.0,12.0,12.0
1928,yellow_transition,yellow_transition,57,390.0,8.228750101422383,17,3,3,9.0,9.0,12.0,10.0
1929,yellow_transition,yellow_transition,58,408.0,8.07330527655727,19,3,3,9.0,9.0,12.0,10.0
1930,yellow_transition,yellow_transition,58,426.0,7.969887545456849,18,3,3,9.0,9.0,12.0,10.0
1931,main_green,side_green,57,260.0,8.153584741361728,14,2,0,9.0,9.0,12.0,10.0
1932,main_green,side_green,62,187.0,7.79853408134781,15,2,0,9.0,9.0,12.0,10.0
1933,main_green,side_green,62,187.0,8.266968035167071,8,2,0,9.0,9.0,12.0,10.0
1934,main_green,side_green,63,196.0,8.519251847759927,10,2,0,9.0,9.0,12.0,10.0
1935,main_green,side_green,62,205.0,8.821274718927153,9,2,0,9.0,9.0,12.0,10.0
1936,main_green,side_green,63,214.0,9.161120353548744,10,2,0,9.0,9.0,12.0,10.0
1937,main_green,side_green,62,224.0,9.40952294060122,10,2,0,9.0,9.0,12.0,10.0
1938,main_green,side_green,62,234.0,9.68923666663716,10,2,0,9.0,9.0,12.0,10.0
1939,main_green,side_green,61,246.0,9.48147245425302,13,2,0,9.0,9.0,12.0,10.0
1940,main_green,side_green,62,258.0,9.311926591142113,13,2,0,9.0,9.0,12.0,10.0
1941,yellow_transition,yellow_transition,61,271.0,9.39463076483551,13,3,1,11.0,5.0,-16.0,12.0
1942,yellow_transition,yellow_transition,60,285.0,9.40660188942407,14,3,1,11.0,5.0,-16.0,12.0
1943,yellow_transition,yellow_transition,59,299.0,9.307235629601381,14,3,1,11.0,5.0,-16.0,12.0
1944,side_green,main_green,63,102.0,8.487896907858534,11,0,2,11.0,5.0,-16.0,12.0
1945,side_green,main_green,62,12.0,8.52931777783116,3,0,2,11.0,5.0,-16.0,12.0
1946,side_green,main_green,62,1.0,8.948219022568933,1,0,2,11.0,5.0,-16.0,12.0
1947,side_green,main_green,61,2.0,9.431210379448885,1,0,2,11.0,5.0,-16.0,12.0
1948,side_green,main_green,62,4.0,9.882370023110997,3,0,2,11.0,5.0,-16.0,12.0
1949,side_green,main_green,58,6.0,10.313687579623581,2,0,2,11.0,5.0,-16.0,12.0
1950,side_green,main_green,58,8.0,10.418427652158615,3,0,2,11.0,5.0,-16.0,12.0
1951,side_green,main_green,58,11.0,10.651640308504568,3,0,2,11.0,5.0,-16.0,12.0
1952,side_green,main_green,58,17.0,10.42317001760626,7,0,2,11.0,5.0,-16.0,12.0
1953,side_green,main_green,56,24.0,10.415536956724427,7,0,2,11.0,5.0,-16.0,12.0
1954,yellow_transition,yellow_transition,53,31.0,10.33559759138627,7,1,3,-13.0,15.0,-9.0,-1.0
1955,yellow_transition,yellow_transition,52,39.0,10.06916381565103,9,1,3,-13.0,15.0,-9.0,-1.0
1956,yellow_transition,yellow_transition,56,47.0,8.967707416834802,13,1,3,-13.0,15.0,-9.0,-1.0
1957,main_green,main_green,56,22.0,9.280626586126928,4,2,2,-13.0,15.0,-9.0,-1.0
1958,main_green,main_green,56,14.0,9.841144329956373,2,2,2,-13.0,15.0,-9.0,-1.0
1959,main_green,main_green,55,16.0,10.2711245229006,2,2,2,-13.0,15.0,-9.0,-1.0
1960,main_green,main_green,57,18.0,10.180529280978131,4,2,2,-13.0,15.0,-9.0,-1.0
1961,main_green,main_green,57,20.0,10.482946357433896,2,2,2,-13.0,15.0,-9.0,-1.0
1962,main_green,main_green,55,22.0,10.576845836426424,2,2,2,-13.0,15.0,-9.0,-1.0
1963,main_green,main_green,55,24.0,10.764922350525504,2,2,2,-13.0,15.0,-9.0,-1.0
1964,main_green,main_green,52,27.0,10.431786867416589,4,2,2,-13.0,15.0,-9.0,-1.0
1965,main_green,main_green,52,33.0,10.413057960405034,7,2,2,-13.0,15.0,-9.0,-1.0
1966,main_green,main_green,50,39.0,10.475406572559745,6,2,2,-13.0,15.0,-9.0,-1.0
1967,main_green,main_green,50,45.0,10.652624529046172,6,2,2,-4.0,14.0,-4.0,6.0
1968,main_green,main_green,52,51.0,9.566359619694676,11,2,2,-4.0,14.0,-4.0,6.0
1969,main_green,main_green,52,57.0,9.847896232837403,6,2,2,-4.0,14.0,-4.0,6.0
1970,main_green,main_green,52,63.0,9.946300637502057,7,2,2,-4.0,14.0,-4.0,6.0
1971,main_green,main_green,52,69.0,10.212396139565984,6,2,2,-4.0,14.0,-4.0,6.0
1972,main_green,main_green,52,75.0,10.048674918662009,7,2,2,-4.0,14.0,-4.0,6.0
1973,main_green,main_green,52,81.0,9.980014633859803,6,2,2,-4.0,14.0,-4.0,6.0
1974,main_green,main_green,50,87.0,9.855442668880375,6,2,2,-4.0,14.0,-4.0,6.0
1975,main_green,main_green,51,94.0,9.598102772659944,8,2,2,-4.0,14.0,-4.0,6.0
1976,main_green,main_green,52,103.0,9.41634101238427,10,2,2,-4.0,14.0,-4.0,6.0
1977,main_green,main_green,50,113.0,9.615208684468234,10,2,2,-1.0,11.0,5.0,15.0
1978,main_green,main_green,50,123.0,9.88900588808438,10,2,2,-1.0,11.0,5.0,15.0
1979,main_green,main_green,49,133.0,9.801144865519078,10,2,2,-1.0,11.0,5.0,15.0
1980,main_green,main_green,54,143.0,8.926940373677057,15,2,2,-1.0,11.0,5.0,15.0
1981,main_green,main_green,54,153.0,9.053391811096024,11,2,2,-1.0,11.0,5.0,15.0
1982,main_green,main_green,54,163.0,9.38785904154196,10,2,2,-1.0,11.0,5.0,15.0
1983,main_green,main_green,52,173.0,9.426477942089502,10,2,2,-1.0,11.0,5.0,15.0
1984,main_green,main_green,53,183.0,9.354580609469407,11,2,2,-1.0,11.0,5.0,15.0
1985,main_green,main_green,51,193.0,9.29030048046014,10,2,2,-1.0,11.0,5.0,15.0
1986,main_green,main_green,52,203.0,9.22374364751276,11,2,2,-1.0,11.0,5.0,15.0
1987,main_green,main_green,52,213.0,9.214657408150941,10,2,2,3.0,5.0,15.0,19.0
1988,main_green,main_green,53,225.0,9.004139691788186,13,2,2,3.0,5.0,15.0,19.0
1989,main_green,main_green,53,237.0,9.077203377530951,12,2,2,3.0,5.0,15.0,19.0
1990,main_green,main_green,53,251.0,9.1699012830584,14,2,2,3.0,5.0,15.0,19.0
1991,main_green,main_green,54,265.0,8.986320476609652,15,2,2,3.0,5.0,15.0,19.0
1992,main_green,main_green,59,279.0,8.294565155008952,19,2,2,3.0,5.0,15.0,19.0
1993,main_green,main_green,57,293.0,8.384014679577072,14,2,2,3.0,5.0,15.0,19.0
1994,main_green,main_green,57,307.0,8.706412727335298,14,2,2,3.0,5.0,15.0,19.0
1995,main_green,main_green,56,321.0,8.793676725486774,14,2,2,3.0,5.0,15.0,19.0
1996,main_green,main_green,58,335.0,8.349969164236377,16,2,2,3.0,5.0,15.0,19.0
1997,yellow_transition,yellow_transition,58,349.0,8.334021601331376,14,3,3,10.0,14.0,11.0,9.0
1998,yellow_transition,yellow_transition,58,364.0,8.437683996154979,15,3,3,10.0,14.0,11.0,9.0
1999,yellow_transition,yellow_transition,58,379.0,8.111246236094077,15,3,3,10.0,14.0,11.0,9.0
2000,main_green,side_green,57,225.0,7.84526279245726,14,2,0,10.0,14.0,11.0,9.0
2001,main_green,side_green,58,162.0,7.959721478799402,11,2,0,10.0,14.0,11.0,9.0
2002,main_green,side_green,58,165.0,8.295949660024103,9,2,0,10.0,14.0,11.0,9.0
2003,main_green,side_green,58,175.0,8.732125862023604,10,2,0,10.0,14.0,11.0,9.0
2004,main_green,side_green,63,185.0,8.326052293097407,15,2,0,10.0,14.0,11.0,9.0
2005,main_green,side_green,63,196.0,8.836777590018524,11,2,0,10.0,14.0,11.0,9.0
2006,main_green,side_green,63,207.0,8.983422494934981,12,2,0,10.0,14.0,11.0,9.0
2007,main_green,side_green,62,218.0,9.164043116925606,11,2,0,10.0,14.0,11.0,9.0
2008,main_green,side_green,63,230.0,9.055304454604292,13,2,0,10.0,14.0,11.0,9.0
2009,main_green,side_green,62,242.0,9.050233274532726,12,2,0,10.0,14.0,11.0,9.0
2010,yellow_transition,yellow_transition,60,255.0,8.828481663252534,13,3,1,10.0,2.0,-9.0,15.0
2011,yellow_transition,yellow_transition,61,270.0,8.58484489124697,16,3,1,10.0,2.0,-9.0,15.0
2012,yellow_transition,yellow_transition,61,286.0,8.296552385614334,17,3,1,10.0,2.0,-9.0,15.0
2013,side_green,main_green,61,95.0,8.492863503379358,10,0,2,10.0,2.0,-9.0,15.0
2014,side_green,main_green,60,9.0,8.62404395313629,3,0,2,10.0,2.0,-9.0,15.0
2015,side_green,main_green,59,3.0,9.069068458960139,1,0,2,10.0,2.0,-9.0,15.0
2016,side_green,main_green,63,5.0,8.63020686195232,7,0,2,10.0,2.0,-9.0,15.0
2017,side_green,main_green,63,8.0,9.095164958765215,4,0,2,10.0,2.0,-9.0,15.0
2018,side_green,main_green,60,11.0,9.640033386393679,3,0,2,10.0,2.0,-9.0,15.0
2019,side_green,main_green,59,14.0,10.245982069647878,3,0,2,10.0,2.0,-9.0,15.0
2020,side_green,main_green,58,17.0,10.597359737451779,4,0,2,10.0,2.0,-9.0,15.0
2021,side_green,main_green,57,22.0,10.834292801612673,5,0,2,10.0,2.0,-9.0,15.0
2022,side_green,main_green,56,27.0,10.745867276586909,6,0,2,10.0,2.0,-9.0,15.0
2023,yellow_transition,yellow_transition,55,32.0,10.816405567824395,5,1,3,-11.0,13.0,-5.0,3.0
2024,yellow_transition,yellow_transition,55,37.0,10.289206546073181,6,1,3,-11.0,13.0,-5.0,3.0
2025,yellow_transition,yellow_transition,54,44.0,9.92231251677812,7,1,3,-11.0,13.0,-5.0,3.0
2026,main_green,main_green,53,19.0,10.022998248380535,4,2,2,-11.0,13.0,-5.0,3.0
2027,main_green,main_green,54,23.0,10.145955608598353,5,2,2,-11.0,13.0,-5.0,3.0
2028,main_green,main_green,58,27.0,9.548883630520471,9,2,2,-11.0,13.0,-5.0,3.0
2029,main_green,main_green,58,31.0,10.014000919585916,4,2,2,-11.0,13.0,-5.0,3.0
2030,main_green,main_green,58,35.0,10.395126517252944,4,2,2,-11.0,13.0,-5.0,3.0
2031,main_green,main_green,56,39.0,10.780414589671407,4,2,2,-11.0,13.0,-5.0,3.0
2032,main_green,main_green,55,43.0,10.565059091958114,6,2,2,-11.0,13.0,-5.0,3.0
2033,main_green,main_green,54,47.0,10.789224019346786,4,2,2,-11.0,13.0,-5.0,3.0
2034,main_green,main_green,52,51.0,10.707030703553787,4,2,2,-11.0,13.0,-5.0,3.0
2035,main_green,main_green,50,56.0,10.58158114249887,5,2,2,-11.0,13.0,-5.0,3.0
2036,main_green,main_green,50,62.0,10.221235441815182,7,2,2,0.0,16.0,-3.0,5.0
2037,main_green,main_green,50,70.0,10.03105067869603,9,2,2,0.0,16.0,-3.0,5.0
2038,main_green,main_green,50,78.0,10.250542048684842,8,2,2,0.0,16.0,-3.0,5.0
2039,main_green,main_green,49,86.0,10.25988144666747,8,2,2,0.0,16.0,-3.0,5.0
2040,main_green,main_green,54,94.0,9.360042721588473,13,2,2,0.0,16.0,-3.0,5.0
2041,main_green,main_green,53,102.0,9.604854818224027,8,2,2,0.0,16.0,-3.0,5.0
2042,main_green,main_green,54,110.0,9.5743993238492,9,2,2,0.0,16.0,-3.0,5.0
2043,main_green,main_green,53,118.0,9.762320160329912,8,2,2,0.0,16.0,-3.0,5.0
2044,main_green,main_green,52,126.0,9.6493025252203,9,2,2,0.0,16.0,-3.0,5.0
2045,main_green,main_green,52,134.0,9.654090508560534,8,2,2,0.0,16.0,-3.0,5.0
2046,main_green,main_green,51,142.0,9.653087354449747,8,2,2,0.0,8.0,9.0,17.0
2047,main_green,main_green,52,150.0,9.486973884109148,9,2,2,0.0,8.0,9.0,17.0
2048,main_green,main_green,53,160.0,9.442649644773473,11,2,2,0.0,8.0,9.0,17.0
2049,main_green,main_green,53,170.0,9.51110098788504,10,2,2,0.0,8.0,9.0,17.0
2050,main_green,main_green,53,181.0,9.509823877991051,11,2,2,0.0,8.0,9.0,17.0
2051,main_green,main_green,52,192.0,9.66960077922853,11,2,2,0.0,8.0,9.0,17.0
2052,main_green,main_green,54,204.0,8.557859535577343,17,2,2,0.0,8.0,9.0,17.0
2053,main_green,main_green,54,216.0,8.594413802220803,13,2,2,0.0,8.0,9.0,17.0
2054,main_green,main_green,54,228.0,8.882196520613714,12,2,2,0.0,8.0,9.0,17.0
2055,main_green,main_green,53,240.0,9.039212687471275,12,2,2,0.0,8.0,9.0,17.0
2056,main_green,main_green,54,252.0,8.832720698135947,13,2,2,4.0,8.0,15.0,19.0
2057,main_green,main_green,54,264.0,8.846296828985968,12,2,2,4.0,8.0,15.0,19.0
2058,main_green,main_green,55,276.0,8.739015004867348,13,2,2,4.0,8.0,15.0,19.0
2059,main_green,main_green,55,288.0,8.682226062144615,12,2,2,4.0,8.0,15.0,19.0
2060,main_green,main_green,56,302.0,8.710227588396636,15,2,2,4.0,8.0,15.0,19.0
2061,main_green,main_green,55,317.0,8.738885113701514,15,2,2,4.0,8.0,15.0,19.0
2062,main_green,main_green,54,333.0,8.69040841110727,16,2,2,4.0,8.0,15.0,19.0
2063,main_green,main_green,54,349.0,8.536927936300952,17,2,2,4.0,8.0,15.0,19.0
2064,main_green,main_green,59,365.0,7.945997655179896,21,2,2,4.0,8.0,15.0,19.0
2065,main_green,main_green,59,381.0,8.156621790634956,16,2,2,4.0,8.0,15.0,19.0
2066,yellow_transition,yellow_transition,58,397.0,8.139833003190269,16,3,3,12.0,14.0,13.0,7.0
2067,yellow_transition,yellow_transition,58,413.0,8.03344903592843,16,3,3,12.0,14.0,13.0,7.0
2068,yellow_transition,yellow_transition,59,430.0,7.502152007584729,19,3,3,12.0,14.0,13.0,7.0
2069,main_green,side_green,59,265.0,7.8819049285657155,13,2,0,12.0,14.0,13.0,7.0
2070,main_green,side_green,59,193.0,7.973402591000599,9,2,0,12.0,14.0,13.0,7.0
2071,main_green,side_green,59,191.0,8.219437053371397,9,2,0,12.0,14.0,13.0,7.0
2072,main_green,side_green,60,200.0,8.269797322932822,10,2,0,12.0,14.0,13.0,7.0
2073,main_green,side_green,60,210.0,8.402688975170927,11,2,0,12.0,14.0,13.0,7.0
2074,main_green,side_green,59,221.0,8.650889100402297,11,2,0,12.0,14.0,13.0,7.0
2075,main_green,side_green,59,234.0,9.023971108197562,13,2,0,12.0,14.0,13.0,7.0
2076,main_green,side_green,64,247.0,8.443604287617,18,2,0,12.0,14.0,13.0,7.0
2077,main_green,side_green,64,260.0,8.661779353692731,13,2,0,12.0,14.0,13.0,7.0
2078,main_green,side_green,63,274.0,8.558343356839647,15,2,0,12.0,14.0,13.0,7.0
2079,yellow_transition,yellow_transition,63,288.0,8.542778150962837,14,3,1,13.0,3.0,-10.0,14.0
2080,yellow_transition,yellow_transition,63,302.0,8.32156069893805,15,3,1,13.0,3.0,-10.0,14.0
2081,yellow_transition,yellow_transition,63,317.0,8.142453028704908,15,3,1,13.0,3.0,-10.0,14.0
2082,side_green,main_green,61,110.0,8.089790090744792,8,0,2,13.0,3.0,-10.0,14.0
2083,side_green,main_green,61,15.0,8.188109816425403,3,0,2,13.0,3.0,-10.0,14.0
2084,side_green,main_green,62,4.0,8.598036086075197,3,0,2,13.0,3.0,-10.0,14.0
2085,side_green,main_green,62,6.0,9.125793062005433,2,0,2,13.0,3.0,-10.0,14.0
2086,side_green,main_green,62,8.0,9.657902299873415,2,0,2,13.0,3.0,-10.0,14.0
2087,side_green,main_green,59,12.0,10.193685477634439,4,0,2,13.0,3.0,-10.0,14.0
2088,side_green,main_green,63,16.0,9.809246528247556,9,0,2,13.0,3.0,-10.0,14.0
2089,side_green,main_green,60,21.0,9.764678050736457,6,0,2,13.0,3.0,-10.0,14.0
2090,side_green,main_green,60,27.0,10.024793580627867,6,0,2,13.0,3.0,-10.0,14.0
2091,side_green,main_green,58,33.0,9.99480813018374,6,0,2,13.0,3.0,-10.0,14.0
2092,yellow_transition,yellow_transition,58,39.0,9.916763509215002,7,1,3,-10.0,12.0,-3.0,3.0
2093,yellow_transition,yellow_transition,56,46.0,9.738738823602327,7,1,3,-10.0,12.0,-3.0,3.0
2094,yellow_transition,yellow_transition,56,53.0,9.174471145441867,8,1,3,-10.0,12.0,-3.0,3.0
2095,main_green,main_green,54,22.0,9.114857295636872,4,2,2,-10.0,12.0,-3.0,3.0
2096,main_green,main_green,55,24.0,9.064339084425537,6,2,2,-10.0,12.0,-3.0,3.0
2097,main_green,main_green,55,30.0,9.514687038616284,6,2,2,-10.0,12.0,-3.0,3.0
2098,main_green,main_green,54,36.0,9.923422554297884,6,2,2,-10.0,12.0,-3.0,3.0
2099,main_green,main_green,55,42.0,10.007841355605592,7,2,2,-10.0,12.0,-3.0,3.0
2100,main_green,main_green,59,48.0,9.431448353499245,11,2,2,-10.0,12.0,-3.0,3.0
2101,main_green,main_green,58,54.0,9.838120874926407,6,2,2,-10.0,12.0,-3.0,3.0
2102,main_green,main_green,58,60.0,10.101961123180178,6,2,2,-10.0,12.0,-3.0,3.0
2103,main_green,main_green,55,66.0,10.258054484765122,6,2,2,-10.0,12.0,-3.0,3.0
2104,main_green,main_green,55,72.0,9.999441913367228,8,2,2,-10.0,12.0,-3.0,3.0
2105,main_green,main_green,53,78.0,10.012761968318852,6,2,2,2.0,18.0,0.0,2.0
2106,main_green,main_green,53,84.0,10.015000295797027,6,2,2,2.0,18.0,0.0,2.0
2107,main_green,main_green,51,90.0,9.857349094243084,6,2,2,2.0,18.0,0.0,2.0
2108,main_green,main_green,51,98.0,9.561013732312498,9,2,2,2.0,18.0,0.0,2.0
2109,main_green,main_green,52,108.0,9.349315382269868,11,2,2,2.0,18.0,0.0,2.0
2110,main_green,main_green,51,118.0,9.61518629985034,10,2,2,2.0,18.0,0.0,2.0
2111,main_green,main_green,50,128.0,9.611642791796493,10,2,2,2.0,18.0,0.0,2.0
2112,main_green,main_green,54,138.0,8.732672458757554,15,2,2,2.0,18.0,0.0,2.0
2113,main_green,main_green,53,148.0,8.920684644513116,10,2,2,2.0,18.0,0.0,2.0
2114,main_green,main_green,54,158.0,9.033037730559728,11,2,2,2.0,18.0,0.0,2.0
2115,main_green,main_green,54,168.0,9.185775821829923,10,2,2,2.0,10.0,11.0,17.0
2116,main_green,main_green,55,178.0,9.149896154576872,11,2,2,2.0,10.0,11.0,17.0
2117,main_green,main_green,55,188.0,9.253001076500468,10,2,2,2.0,10.0,11.0,17.0
2118,main_green,main_green,55,198.0,9.085308730495218,10,2,2,2.0,10.0,11.0,17.0
2119,main_green,main_green,56,209.0,9.026973161183053,12,2,2,2.0,10.0,11.0,17.0
2120,main_green,main_green,56,220.0,8.878177721238975,12,2,2,2.0,10.0,11.0,17.0
2121,main_green,main_green,54,233.0,8.771617924671663,13,2,2,2.0,10.0,11.0,17.0
2122,main_green,main_green,53,247.0,8.835019879529613,14,2,2,2.0,10.0,11.0,17.0
2123,main_green,main_green,52,261.0,8.870225424932773,14,2,2,2.0,10.0,11.0,17.0
2124,main_green,main_green,56,275.0,8.056653572925635,19,2,2,2.0,10.0,11.0,17.0
2125,yellow_transition,yellow_transition,57,289.0,8.136719049298001,15,3,3,7.0,13.0,17.0,15.0
2126,yellow_transition,yellow_transition,57,303.0,8.28067867336111,14,3,3,7.0,13.0,17.0,15.0
2127,yellow_transition,yellow_transition,57,317.0,8.343242268819761,14,3,3,7.0,13.0,17.0,15.0
2128,main_green,side_green,58,181.0,8.251558419602217,11,2,0,7.0,13.0,17.0,15.0
2129,main_green,side_green,58,129.0,8.569303006303501,6,2,0,7.0,13.0,17.0,15.0
2130,main_green,side_green,58,136.0,8.652461426837707,8,2,0,7.0,13.0,17.0,15.0
2131,main_green,side_green,57,143.0,8.925683621990293,7,2,0,7.0,13.0,17.0,15.0
2132,main_green,side_green,57,151.0,9.027417640225124,9,2,0,7.0,13.0,17.0,15.0
2133,main_green,side_green,57,160.0,9.20819531422639,9,2,0,7.0,13.0,17.0,15.0
2134,main_green,side_green,57,171.0,9.306077623651356,11,2,0,7.0,13.0,17.0,15.0
2135,main_green,side_green,58,182.0,9.142684919887467,12,2,0,7.0,13.0,17.0,15.0
2136,main_green,side_green,62,194.0,8.350483982690655,17,2,0,7.0,13.0,17.0,15.0
2137,main_green,side_green,62,207.0,8.559221030857774,13,2,0,7.0,13.0,17.0,15.0
2138,yellow_transition,yellow_transition,62,221.0,8.731545102336787,14,3,1,9.0,3.0,-8.0,18.0
2139,yellow_transition,yellow_transition,62,235.0,8.789775897720435,14,3,1,9.0,3.0,-8.0,18.0
2140,yellow_transition,yellow_transition,64,249.0,8.40850044753547,16,3,1,9.0,3.0,-8.0,18.0
2141,side_green,main_green,63,70.0,8.474178126188823,7,0,2,9.0,3.0,-8.0,18.0
2142,side_green,main_green,63,0.0,8.626391885220041,0,0,2,9.0,3.0,-8.0,18.0
2143,side_green,main_green,63,0.0,9.072467678652758,0,0,2,9.0,3.0,-8.0,18.0
2144,side_green,main_green,63,2.0,9.145276434477482,3,0,2,9.0,3.0,-8.0,18.0
2145,side_green,main_green,63,5.0,9.49000294088793,4,0,2,9.0,3.0,-8.0,18.0
2146,side_green,main_green,62,9.0,9.895381240170556,4,0,2,9.0,3.0,-8.0,18.0
2147,side_green,main_green,59,13.0,10.257980464548966,4,0,2,9.0,3.0,-8.0,18.0
2148,side_green,main_green,64,18.0,9.69002334732637,10,0,2,9.0,3.0,-8.0,18.0
2149,side_green,main_green,62,24.0,9.842904331156292,6,0,2,9.0,3.0,-8.0,18.0
2150,side_green,main_green,62,30.0,9.934866843476902,7,0,2,9.0,3.0,-8.0,18.0
2151,yellow_transition,yellow_transition,60,37.0,9.991205224908317,7,1,3,-10.0,10.0,-5.0,3.0
2152,yellow_transition,yellow_transition,58,44.0,9.605204839210101,8,1,3,-10.0,10.0,-5.0,3.0
2153,yellow_transition,yellow_transition,57,51.0,9.2475462431414,7,1,3,-10.0,10.0,-5.0,3.0
2154,main_green,main_green,55,25.0,9.130295483074274,3,2,2,-10.0,10.0,-5.0,3.0
2155,main_green,main_green,56,24.0,9.242125298002145,4,2,2,-10.0,10.0,-5.0,3.0
2156,main_green,main_green,57,28.0,9.359864291407042,5,2,2,-10.0,10.0,-5.0,3.0
2157,main_green,main_green,57,34.0,9.759197907258617,6,2,2,-10.0,10.0,-5.0,3.0
2158,main_green,main_green,57,40.0,10.101194008557112,6,2,2,-10.0,10.0,-5.0,3.0
2159,main_green,main_green,54,46.0,10.36654392242585,6,2,2,-10.0,10.0,-5.0,3.0
2160,main_green,main_green,56,52.0,9.477292862953911,11,2,2,-10.0,10.0,-5.0,3.0
2161,main_green,main_green,57,58.0,9.743748187262312,7,2,2,-10.0,10.0,-5.0,3.0
2162,main_green,main_green,55,64.0,9.997400157478893,6,2,2,-10.0,10.0,-5.0,3.0
2163,main_green,main_green,54,70.0,10.159479282374887,6,2,2,-10.0,10.0,-5.0,3.0
2164,main_green,main_green,53,76.0,9.950185568432424,7,2,2,1.0,13.0,-1.0,7.0
2165,main_green,main_green,52,82.0,9.97823750894213,6,2,2,1.0,13.0,-1.0,7.0
2166,main_green,main_green,53,88.0,9.605056674823114,7,2,2,1.0,13.0,-1.0,7.0
2167,main_green,main_green,52,95.0,9.621857696730215,7,2,2,1.0,13.0,-1.0,7.0
2168,main_green,main_green,53,103.0,9.534965910303852,9,2,2,1.0,13.0,-1.0,7.0
2169,main_green,main_green,52,111.0,9.625229383376325,8,2,2,1.0,13.0,-1.0,7.0
2170,main_green,main_green,52,120.0,9.81618797280228,9,2,2,1.0,13.0,-1.0,7.0
2171,main_green,main_green,53,130.0,9.680731218831594,11,2,2,1.0,13.0,-1.0,7.0
2172,main_green,main_green,57,140.0,8.865007445605215,15,2,2,1.0,13.0,-1.0,7.0
2173,main_green,main_green,56,150.0,9.09491700445206,10,2,2,1.0,13.0,-1.0,7.0
2174,main_green,main_green,56,160.0,9.314403399273875,10,2,2,3.0,7.0,9.0,15.0
2175,main_green,main_green,55,170.0,9.475576144693438,10,2,2,3.0,7.0,9.0,15.0
2176,main_green,main_green,57,180.0,9.1771413583435,12,2,2,3.0,7.0,9.0,15.0
2177,main_green,main_green,56,190.0,9.221341771617361,10,2,2,3.0,7.0,9.0,15.0
2178,main_green,main_green,55,200.0,9.203513370801694,10,2,2,3.0,7.0,9.0,15.0
2179,main_green,main_green,55,211.0,9.138657222515619,11,2,2,3.0,7.0,9.0,15.0
2180,main_green,main_green,54,224.0,8.8902507715075,14,2,2,3.0,7.0,9.0,15.0
2181,main_green,main_green,53,237.0,8.654278449107284,14,2,2,3.0,7.0,9.0,15.0
2182,main_green,main_green,53,251.0,8.820273129842564,14,2,2,3.0,7.0,9.0,15.0
2183,main_green,main_green,52,265.0,8.889054478441164,14,2,2,3.0,7.0,9.0,15.0
2184,main_green,main_green,57,279.0,8.157456827668078,19,2,2,5.0,13.0,9.0,11.0
2185,main_green,main_green,56,293.0,8.346946078511886,14,2,2,5.0,13.0,9.0,11.0
2186,main_green,main_green,57,307.0,8.390752214835853,15,2,2,5.0,13.0,9.0,11.0
2187,main_green,main_green,57,321.0,8.561793006103104,14,2,2,5.0,13.0,9.0,11.0
2188,main_green,main_green,58,335.0,8.40644976111131,15,2,2,5.0,13.0,9.0,11.0
2189,main_green,main_green,58,349.0,8.574392584586707,14,2,2,5.0,13.0,9.0,11.0
2190,main_green,main_green,57,363.0,8.423463290779615,14,2,2,5.0,13.0,9.0,11.0
2191,main_green,main_green,57,379.0,8.230104515481917,17,2,2,5.0,13.0,9.0,11.0
2192,main_green,main_green,57,396.0,8.054227131393684,18,2,2,5.0,13.0,9.0,11.0
2193,main_green,main_green,57,414.0,8.132771021803581,18,2,2,5.0,13.0,9.0,11.0
2194,yellow_transition,yellow_transition,57,432.0,8.175882628736568,18,3,3,10.0,10.0,13.0,9.0
2195,yellow_transition,yellow_transition,56,450.0,8.083721050837953,18,3,3,10.0,10.0,13.0,9.0
2196,yellow_transition,yellow_transition,61,468.0,7.4269923700016625,23,3,3,10.0,10.0,13.0,9.0
2197,main_green,side_green,62,297.0,7.569992779357709,15,2,0,10.0,10.0,13.0,9.0
2198,main_green,side_green,62,216.0,8.070999936095106,11,2,0,10.0,10.0,13.0,9.0
2199,main_green,side_green,62,209.0,8.543206589955332,9,2,0,10.0,10.0,13.0,9.0
2200,main_green,side_green,63,218.0,8.578368734158273,10,2,0,10.0,10.0,13.0,9.0
2201,main_green,side_green,63,227.0,8.976675887409062,9,2,0,10.0,10.0,13.0,9.0
2202,main_green,side_green,64,238.0,9.097328882295878,12,2,0,10.0,10.0,13.0,9.0
2203,main_green,side_green,63,250.0,9.24461723233201,12,2,0,10.0,10.0,13.0,9.0
2204,main_green,side_green,63,262.0,9.245411787529108,13,2,0,10.0,10.0,13.0,9.0
2205,main_green,side_green,61,276.0,9.151488743939625,14,2,0,10.0,10.0,13.0,9.0
2206,main_green,side_green,61,290.0,9.15214871178201,14,2,0,10.0,10.0,13.0,9.0
2207,yellow_transition,yellow_transition,61,304.0,8.936282242740019,15,3,1,8.0,0.0,-14.0,14.0
2208,yellow_transition,yellow_transition,64,319.0,8.071786746411052,20,3,1,8.0,0.0,-14.0,14.0
2209,yellow_transition,yellow_transition,64,334.0,8.226044112704795,15,3,1,8.0,0.0,-14.0,14.0
2210,side_green,main_green,64,118.0,8.493464297519775,8,0,2,8.0,0.0,-14.0,14.0
2211,side_green,main_green,63,16.0,8.679360173927174,2,0,2,8.0,0.0,-14.0,14.0
2212,side_green,main_green,65,1.0,8.881142776279685,3,0,2,8.0,0.0,-14.0,14.0
2213,side_green,main_green,65,2.0,9.175822496547173,1,0,2,8.0,0.0,-14.0,14.0
2214,side_green,main_green,65,3.0,9.721543089478601,1,0,2,8.0,0.0,-14.0,14.0
2215,side_green,main_green,62,5.0,9.95290349308915,2,0,2,8.0,0.0,-14.0,14.0
2216,side_green,main_green,60,7.0,9.989658486502568,3,0,2,8.0,0.0,-14.0,14.0
2217,side_green,main_green,61,11.0,10.182065506996434,5,0,2,8.0,0.0,-14.0,14.0
2218,side_green,main_green,58,16.0,10.328618366422107,5,0,2,8.0,0.0,-14.0,14.0
2219,side_green,main_green,58,23.0,10.530545620130072,7,0,2,8.0,0.0,-14.0,14.0
2220,yellow_transition,yellow_transition,58,30.0,9.56106779834979,12,1,3,-17.0,11.0,-9.0,1.0
2221,yellow_transition,yellow_transition,58,37.0,9.815938249307386,7,1,3,-17.0,11.0,-9.0,1.0
2222,yellow_transition,yellow_transition,57,44.0,9.747783803540313,8,1,3,-17.0,11.0,-9.0,1.0
2223,main_green,main_green,57,19.0,9.985983630076767,3,2,2,-17.0,11.0,-9.0,1.0
2224,main_green,main_green,58,16.0,10.136217444412747,3,2,2,-17.0,11.0,-9.0,1.0
2225,main_green,main_green,58,18.0,10.234071422605407,2,2,2,-17.0,11.0,-9.0,1.0
2226,main_green,main_green,58,20.0,10.304570855781282,2,2,2,-17.0,11.0,-9.0,1.0
2227,main_green,main_green,58,23.0,10.230597208116341,4,2,2,-17.0,11.0,-9.0,1.0
2228,main_green,main_green,57,27.0,10.323091442883452,5,2,2,-17.0,11.0,-9.0,1.0
2229,main_green,main_green,53,32.0,10.462460642794221,5,2,2,-17.0,11.0,-9.0,1.0
2230,main_green,main_green,53,37.0,10.749534525272866,5,2,2,-17.0,11.0,-9.0,1.0
2231,main_green,main_green,50,43.0,10.686307801783363,6,2,2,-17.0,11.0,-9.0,1.0
2232,main_green,main_green,53,49.0,9.759995119805382,11,2,2,-17.0,11.0,-9.0,1.0
2233,main_green,main_green,53,55.0,9.669505159612484,7,2,2,2.0,18.0,0.0,4.0
2234,main_green,main_green,52,61.0,10.03821225330002,6,2,2,2.0,18.0,0.0,4.0
2235,main_green,main_green,51,67.0,10.289179021922351,6,2,2,2.0,18.0,0.0,4.0
2236,main_green,main_green,50,73.0,10.055763016627607,7,2,2,2.0,18.0,0.0,4.0
2237,main_green,main_green,50,79.0,9.995792821771024,6,2,2,2.0,18.0,0.0,4.0
2238,main_green,main_green,50,85.0,9.543435458053018,7,2,2,2.0,18.0,0.0,4.0
2239,main_green,main_green,50,93.0,9.711705454314867,8,2,2,2.0,18.0,0.0,4.0
2240,main_green,main_green,49,102.0,9.360257032782705,10,2,2,2.0,18.0,0.0,4.0
2241,main_green,main_green,49,112.0,9.49257081588661,10,2,2,2.0,18.0,0.0,4.0
2242,main_green,main_green,49,122.0,9.553649263376103,10,2,2,2.0,18.0,0.0,4.0
2243,main_green,main_green,50,132.0,9.488467242419581,11,2,2,-3.0,3.0,9.0,21.0
2244,main_green,main_green,54,142.0,8.679745766480668,15,2,2,-3.0,3.0,9.0,21.0
2245,main_green,main_green,54,152.0,8.901974209106433,10,2,2,-3.0,3.0,9.0,21.0
2246,main_green,main_green,54,162.0,9.074772054557204,10,2,2,-3.0,3.0,9.0,21.0
2247,main_green,main_green,53,172.0,9.237494888679207,10,2,2,-3.0,3.0,9.0,21.0
2248,main_green,main_green,55,182.0,9.0540637651117,12,2,2,-3.0,3.0,9.0,21.0
2249,main_green,main_green,55,192.0,9.153295797998744,10,2,2,-3.0,3.0,9.0,21.0
2250,main_green,main_green,52,202.0,9.100722502417376,10,2,2,-3.0,3.0,9.0,21.0
2251,main_green,main_green,51,212.0,8.96783277274929,10,2,2,-3.0,3.0,9.0,21.0
2252,main_green,main_green,52,223.0,8.842154315759892,12,2,2,-3.0,3.0,9.0,21.0
2253,main_green,main_green,53,235.0,8.621800178122164,13,2,2,4.0,12.0,12.0,12.0
2254,main_green,main_green,53,247.0,8.84825480145895,12,2,2,4.0,12.0,12.0,12.0
2255,main_green,main_green,53,261.0,8.857649841200624,14,2,2,4.0,12.0,12.0,12.0
2256,main_green,main_green,58,275.0,8.216418486159174,19,2,2,4.0,12.0,12.0,12.0
2257,main_green,main_green,58,289.0,8.3781322456066,14,2,2,4.0,12.0,12.0,12.0
2258,main_green,main_green,59,303.0,8.38851244283916,15,2,2,4.0,12.0,12.0,12.0
2259,main_green,main_green,59,317.0,8.58849734410133,14,2,2,4.0,12.0,12.0,12.0
2260,main_green,main_green,60,331.0,8.5113729826717,15,2,2,4.0,12.0,12.0,12.0
2261,main_green,main_green,60,345.0,8.609871435498821,14,2,2,4.0,12.0,12.0,12.0
2262,main_green,main_green,60,359.0,8.475999686090216,14,2,2,4.0,12.0,12.0,12.0
2263,yellow_transition,yellow_transition,60,374.0,8.180502815760233,16,3,3,7.0,11.0,11.0,7.0
2264,yellow_transition,yellow_transition,60,392.0,7.827629497253184,19,3,3,7.0,11.0,11.0,7.0
2265,yellow_transition,yellow_transition,60,410.0,7.774075111986401,18,3,3,7.0,11.0,11.0,7.0
2266,main_green,side_green,59,254.0,7.9842715995121365,15,2,0,7.0,11.0,11.0,7.0
2267,main_green,side_green,57,184.0,8.04885477909617,12,2,0,7.0,11.0,11.0,7.0
2268,main_green,side_green,62,185.0,7.7738422803600615,15,2,0,7.0,11.0,11.0,7.0
2269,main_green,side_green,63,195.0,8.036112884420856,11,2,0,7.0,11.0,11.0,7.0
2270,main_green,side_green,63,205.0,8.475826229189085,10,2,0,7.0,11.0,11.0,7.0
2271,main_green,side_green,63,216.0,8.728282886271213,11,2,0,7.0,11.0,11.0,7.0
2272,main_green,side_green,63,227.0,8.806678340993026,12,2,0,7.0,11.0,11.0,7.0
2273,main_green,side_green,62,238.0,8.807736308175345,11,2,0,7.0,11.0,11.0,7.0
2274,main_green,side_green,62,252.0,8.750594309838963,15,2,0,7.0,11.0,11.0,7.0
2275,main_green,side_green,61,267.0,8.821064627773188,15,2,0,7.0,11.0,11.0,7.0
2276,yellow_transition,yellow_transition,61,283.0,8.616551806634993,17,3,1,13.0,9.0,-15.0,13.0
2277,yellow_transition,yellow_transition,60,300.0,8.550250349066244,17,3,1,13.0,9.0,-15.0,13.0
2278,yellow_transition,yellow_transition,60,317.0,8.37651958767612,17,3,1,13.0,9.0,-15.0,13.0
2279,side_green,main_green,60,109.0,8.15532500061918,10,0,2,13.0,9.0,-15.0,13.0
2280,side_green,main_green,65,14.0,7.897540325258321,8,0,2,13.0,9.0,-15.0,13.0
2281,side_green,main_green,65,2.0,8.319302271403263,2,0,2,13.0,9.0,-15.0,13.0
2282,side_green,main_green,64,4.0,8.8563935133985,2,0,2,13.0,9.0,-15.0,13.0
2283,side_green,main_green,63,8.0,9.410898873082607,4,0,2,13.0,9.0,-15.0,13.0
2284,side_green,main_green,62,13.0,9.771561534710752,7,0,2,13.0,9.0,-15.0,13.0
2285,side_green,main_green,61,18.0,10.276722853696288,5,0,2,13.0,9.0,-15.0,13.0
2286,side_green,main_green,60,23.0,10.522436775555084,5,0,2,13.0,9.0,-15.0,13.0
2287,side_green,main_green,57,29.0,10.540531329495654,6,0,2,13.0,9.0,-15.0,13.0
2288,side_green,main_green,55,36.0,10.14767706766795,8,0,2,13.0,9.0,-15.0,13.0
2289,yellow_transition,yellow_transition,55,43.0,10.026445797771531,8,1,3,-13.0,19.0,-7.0,-3.0
2290,yellow_transition,yellow_transition,53,51.0,9.932201786569884,8,1,3,-13.0,19.0,-7.0,-3.0
2291,yellow_transition,yellow_transition,53,59.0,9.697126237024445,8,1,3,-13.0,19.0,-7.0,-3.0
2292,main_green,main_green,57,25.0,9.082629411978763,10,2,2,-13.0,19.0,-7.0,-3.0
2293,main_green,main_green,57,12.0,9.529531828758927,3,2,2,-13.0,19.0,-7.0,-3.0
2294,main_green,main_green,58,12.0,9.72592040316172,3,2,2,-13.0,19.0,-7.0,-3.0
2295,main_green,main_green,58,14.0,10.352798112990355,2,2,2,-13.0,19.0,-7.0,-3.0
2296,main_green,main_green,59,16.0,10.523444207131366,3,2,2,-13.0,19.0,-7.0,-3.0
2297,main_green,main_green,56,18.0,10.66065756091393,2,2,2,-13.0,19.0,-7.0,-3.0
2298,main_green,main_green,56,20.0,10.839663982262357,2,2,2,-13.0,19.0,-7.0,-3.0
2299,main_green,main_green,55,23.0,10.619234778160347,4,2,2,-13.0,19.0,-7.0,-3.0
2300,main_green,main_green,55,29.0,10.476855868692294,7,2,2,-13.0,19.0,-7.0,-3.0
2301,main_green,main_green,53,35.0,10.589730587830164,6,2,2,-13.0,19.0,-7.0,-3.0
2302,main_green,main_green,49,41.0,10.722834304595398,6,2,2,-6.0,14.0,-4.0,6.0
2303,main_green,main_green,48,47.0,10.668323623784113,6,2,2,-6.0,14.0,-4.0,6.0
2304,main_green,main_green,52,53.0,9.568590551668194,11,2,2,-6.0,14.0,-4.0,6.0
2305,main_green,main_green,51,59.0,9.529426401481471,7,2,2,-6.0,14.0,-4.0,6.0
2306,main_green,main_green,51,65.0,9.844207360513238,6,2,2,-6.0,14.0,-4.0,6.0
2307,main_green,main_green,49,71.0,10.005355018488503,6,2,2,-6.0,14.0,-4.0,6.0
2308,main_green,main_green,50,77.0,9.787156719048413,7,2,2,-6.0,14.0,-4.0,6.0
2309,main_green,main_green,49,83.0,9.747124316415098,6,2,2,-6.0,14.0,-4.0,6.0
2310,main_green,main_green,50,89.0,9.469263835934834,7,2,2,-6.0,14.0,-4.0,6.0
2311,main_green,main_green,50,96.0,9.640763441491158,7,2,2,-6.0,14.0,-4.0,6.0
2312,main_green,main_green,51,104.0,9.448158081991958,9,2,2,-5.0,3.0,9.0,23.0
2313,main_green,main_green,50,114.0,9.4642494583853,10,2,2,-5.0,3.0,9.0,23.0
2314,main_green,main_green,50,124.0,9.711536047293635,10,2,2,-5.0,3.0,9.0,23.0
2315,main_green,main_green,51,134.0,9.61857842675299,11,2,2,-5.0,3.0,9.0,23.0
2316,main_green,main_green,56,144.0,8.774879596850539,15,2,2,-5.0,3.0,9.0,23.0
2317,main_green,main_green,54,154.0,8.94574815894432,10,2,2,-5.0,3.0,9.0,23.0
2318,main_green,main_green,53,164.0,9.049538039259375,10,2,2,-5.0,3.0,9.0,23.0
2319,main_green,main_green,53,174.0,9.317497561625334,10,2,2,-5.0,3.0,9.0,23.0
2320,main_green,main_green,55,184.0,9.070569457504114,12,2,2,-5.0,3.0,9.0,23.0
2321,main_green,main_green,55,194.0,9.149339947485235,10,2,2,-5.0,3.0,9.0,23.0
2322,main_green,main_green,55,205.0,9.119327716722545,11,2,2,-1.0,7.0,13.0,23.0
2323,main_green,main_green,55,216.0,9.158815579021478,11,2,2,-1.0,7.0,13.0,23.0
2324,main_green,main_green,56,228.0,9.045138409531608,13,2,2,-1.0,7.0,13.0,23.0
2325,main_green,main_green,57,242.0,8.884505167167733,15,2,2,-1.0,7.0,13.0,23.0
2326,main_green,main_green,57,256.0,8.962512410804958,14,2,2,-1.0,7.0,13.0,23.0
2327,main_green,main_green,56,270.0,9.122331816944584,14,2,2,-1.0,7.0,13.0,23.0
2328,main_green,main_green,61,284.0,8.46798184407746,19,2,2,-1.0,7.0,13.0,23.0
2329,main_green,main_green,61,298.0,8.737285925303679,14,2,2,-1.0,7.0,13.0,23.0
2330,main_green,main_green,62,312.0,8.82310436376459,15,2,2,-1.0,7.0,13.0,23.0
2331,main_green,main_green,62,326.0,8.9214161127992,14,2,2,-1.0,7.0,13.0,23.0
2332,main_green,main_green,61,340.0,8.619314729125346,15,2,2,5.0,5.0,11.0,11.0
2333,main_green,main_green,60,354.0,8.55755738262573,14,2,2,5.0,5.0,11.0,11.0
2334,main_green,main_green,60,369.0,8.593748628196638,15,2,2,5.0,5.0,11.0,11.0
2335,main_green,main_green,60,385.0,8.480759608247956,17,2,2,5.0,5.0,11.0,11.0
2336,main_green,main_green,60,401.0,8.41434882700983,17,2,2,5.0,5.0,11.0,11.0
2337,main_green,main_green,59,419.0,8.328988020433224,18,2,2,5.0,5.0,11.0,11.0
2338,main_green,main_green,59,437.0,8.53829998769446,18,2,2,5.0,5.0,11.0,11.0
2339,main_green,main_green,59,455.0,8.484953957332833,18,2,2,5.0,5.0,11.0,11.0
2340,main_green,main_green,64,473.0,8.063047762818988,23,2,2,5.0,5.0,11.0,11.0
2341,main_green,main_green,65,491.0,8.006590648232766,19,2,2,5.0,5.0,11.0,11.0
2342,yellow_transition,yellow_transition,64,509.0,8.141496863718096,18,3,3,14.0,12.0,13.0,5.0
2343,yellow_transition,yellow_transition,63,527.0,8.108844425663193,18,3,3,14.0,12.0,13.0,5.0
2344,yellow_transition,yellow_transition,64,545.0,7.930570174656757,19,3,3,14.0,12.0,13.0,5.0
2345,side_green,side_green,62,198.0,7.936701326076903,10,0,0,14.0,12.0,13.0,5.0
2346,side_green,side_green,63,26.0,8.095420809542917,4,0,0,14.0,12.0,13.0,5.0
2347,side_green,side_green,62,2.0,8.508473744746839,1,0,0,14.0,12.0,13.0,5.0
2348,side_green,side_green,63,3.0,8.943003462520828,2,0,0,14.0,12.0,13.0,5.0
2349,side_green,side_green,62,4.0,9.307721958264013,1,0,0,14.0,12.0,13.0,5.0
2350,side_green,side_green,61,7.0,9.792593412710518,3,0,0,14.0,12.0,13.0,5.0
2351,side_green,side_green,61,11.0,10.137163409357033,5,0,0,14.0,12.0,13.0,5.0
2352,side_green,side_green,65,16.0,9.700826916442018,10,0,0,14.0,12.0,13.0,5.0
2353,side_green,side_green,65,23.0,9.940105286041431,7,0,0,14.0,12.0,13.0,5.0
2354,side_green,side_green,64,30.0,9.855349982172031,7,0,0,14.0,12.0,13.0,5.0
2355,yellow_transition,yellow_transition,63,38.0,9.885638653681967,8,1,1,-11.0,9.0,-13.0,5.0
2356,yellow_transition,yellow_transition,65,48.0,9.53809382741118,12,1,1,-11.0,9.0,-13.0,5.0
2357,yellow_transition,yellow_transition,63,59.0,9.204997487913342,11,1,1,-11.0,9.0,-13.0,5.0
2358,main_green,main_green,62,12.0,9.083803876535718,4,2,2,-11.0,9.0,-13.0,5.0
2359,main_green,main_green,61,1.0,9.074247161597917,1,2,2,-11.0,9.0,-13.0,5.0
2360,main_green,main_green,61,3.0,9.385393773304084,3,2,2,-11.0,9.0,-13.0,5.0
2361,main_green,main_green,62,6.0,9.835647000432543,4,2,2,-11.0,9.0,-13.0,5.0
2362,main_green,main_green,62,10.0,10.327130554488937,4,2,2,-11.0,9.0,-13.0,5.0
2363,main_green,main_green,57,14.0,10.921987536314369,4,2,2,-11.0,9.0,-13.0,5.0
2364,main_green,main_green,58,18.0,10.175018506286902,9,2,2,-11.0,9.0,-13.0,5.0
2365,main_green,main_green,54,22.0,10.49001377425794,4,2,2,-11.0,9.0,-13.0,5.0
2366,main_green,main_green,52,26.0,10.40007236939423,5,2,2,-11.0,9.0,-13.0,5.0
2367,main_green,main_green,50,30.0,10.620762037994634,4,2,2,-11.0,9.0,-13.0,5.0
2368,main_green,main_green,48,34.0,10.520996716848597,5,2,2,-2.0,8.0,0.0,10.0
2369,main_green,main_green,47,38.0,10.581608403756531,4,2,2,-2.0,8.0,0.0,10.0
2370,main_green,main_green,46,42.0,10.390605297983791,4,2,2,-2.0,8.0,0.0,10.0
2371,main_green,main_green,47,46.0,10.115703522196466,5,2,2,-2.0,8.0,0.0,10.0
2372,main_green,main_green,48,52.0,9.880909324202069,7,2,2,-2.0,8.0,0.0,10.0
2373,main_green,main_green,48,60.0,10.14661345179003,8,2,2,-2.0,8.0,0.0,10.0
2374,main_green,main_green,48,68.0,10.385444749283474,8,2,2,-2.0,8.0,0.0,10.0
2375,main_green,main_green,48,76.0,10.421147416740194,8,2,2,-2.0,8.0,0.0,10.0
2376,main_green,main_green,53,84.0,9.528418208292049,13,2,2,-2.0,8.0,0.0,10.0
2377,main_green,main_green,54,92.0,9.591852857780804,9,2,2,-2.0,8.0,0.0,10.0
2378,main_green,main_green,54,100.0,9.871002193676373,8,2,2,3.0,13.0,3.0,13.0
2379,main_green,main_green,54,108.0,9.911659139857923,8,2,2,3.0,13.0,3.0,13.0
2380,main_green,main_green,55,116.0,9.890219783954493,9,2,2,3.0,13.0,3.0,13.0
2381,main_green,main_green,55,124.0,9.819277684011341,8,2,2,3.0,13.0,3.0,13.0
2382,main_green,main_green,56,132.0,9.637685552078754,9,2,2,3.0,13.0,3.0,13.0
2383,main_green,main_green,55,142.0,9.612072568018004,10,2,2,3.0,13.0,3.0,13.0
2384,main_green,main_green,53,153.0,9.358223284598974,12,2,2,3.0,13.0,3.0,13.0
2385,main_green,main_green,53,165.0,9.410584035745906,12,2,2,3.0,13.0,3.0,13.0
2386,main_green,main_green,51,177.0,9.363719491872978,12,2,2,3.0,13.0,3.0,13.0
2387,main_green,main_green,52,189.0,9.283627498304448,13,2,2,3.0,13.0,3.0,13.0
2388,main_green,main_green,56,201.0,8.514331122230775,17,2,2,7.0,17.0,2.0,6.0
2389,main_green,main_green,54,213.0,8.741578192086314,12,2,2,7.0,17.0,2.0,6.0
2390,main_green,main_green,54,225.0,8.981710447615844,12,2,2,7.0,17.0,2.0,6.0
2391,main_green,main_green,53,237.0,8.897870968382593,12,2,2,7.0,17.0,2.0,6.0
2392,main_green,main_green,54,249.0,8.720459335870997,14,2,2,7.0,17.0,2.0,6.0
2393,main_green,main_green,54,261.0,8.84777918041387,12,2,2,7.0,17.0,2.0,6.0
2394,main_green,main_green,54,273.0,8.770383424916261,12,2,2,7.0,17.0,2.0,6.0
2395,main_green,main_green,54,286.0,8.819929674172236,13,2,2,7.0,17.0,2.0,6.0
2396,main_green,main_green,55,299.0,8.66918526826016,14,2,2,7.0,17.0,2.0,6.0
2397,main_green,main_green,56,313.0,8.592007636409889,15,2,2,7.0,17.0,2.0,6.0
2398,main_green,main_green,56,329.0,8.762059128691346,16,2,2,9.0,13.0,8.0,8.0
2399,main_green,main_green,56,345.0,8.920182899928813,16,2,2,9.0,13.0,8.0,8.0
2400,main_green,main_green,61,361.0,8.21561798002498,21,2,2,9.0,13.0,8.0,8.0
2401,main_green,main_green,61,377.0,8.478276692428748,16,2,2,9.0,13.0,8.0,8.0
2402,main_green,main_green,62,393.0,8.569582559439736,17,2,2,9.0,13.0,8.0,8.0
2403,main_green,main_green,62,409.0,8.61522193799752,16,2,2,9.0,13.0,8.0,8.0
2404,main_green,main_green,63,425.0,8.546256856449931,17,2,2,9.0,13.0,8.0,8.0
2405,main_green,main_green,63,441.0,8.476028534275754,16,2,2,9.0,13.0,8.0,8.0
2406,main_green,main_green,61,458.0,8.355806927353584,17,2,2,9.0,13.0,8.0,8.0
2407,main_green,main_green,62,477.0,8.353059097322383,20,2,2,9.0,13.0,8.0,8.0
2408,yellow_transition,yellow_transition,63,496.0,8.110961265685079,20,3,3,10.0,6.0,13.0,13.0
2409,yellow_transition,yellow_transition,61,516.0,8.021061305992538,20,3,3,10.0,6.0,13.0,13.0
2410,yellow_transition,yellow_transition,60,536.0,7.809982276403955,20,3,3,10.0,6.0,13.0,13.0
2411,side_green,main_green,58,374.0,7.883261817094599,16,0,2,10.0,6.0,13.0,13.0
2412,side_green,main_green,62,298.0,7.460565203556379,17,0,2,10.0,6.0,13.0,13.0
2413,side_green,main_green,62,297.0,7.857656584406775,11,0,2,10.0,6.0,13.0,13.0
2414,side_green,main_green,61,307.0,8.334300484817687,10,0,2,10.0,6.0,13.0,13.0
2415,side_green,main_green,60,317.0,8.554886725391269,10,0,2,10.0,6.0,13.0,13.0
2416,side_green,main_green,61,328.0,8.585257342315334,12,0,2,10.0,6.0,13.0,13.0
2417,side_green,main_green,59,341.0,8.774152657210603,13,0,2,10.0,6.0,13.0,13.0
2418,side_green,main_green,60,354.0,8.834226129266122,14,0,2,10.0,6.0,13.0,13.0
2419,side_green,main_green,59,368.0,8.714012299653467,14,0,2,10.0,6.0,13.0,13.0
2420,side_green,main_green,60,384.0,8.573628476949066,17,0,2,10.0,6.0,13.0,13.0
2421,yellow_transition,yellow_transition,59,401.0,8.54820392260969,17,1,3,-14.0,14.0,17.0,5.0
2422,yellow_transition,yellow_transition,58,418.0,8.369778685303324,17,1,3,-14.0,14.0,17.0,5.0
2423,yellow_transition,yellow_transition,59,435.0,8.00785229245775,18,1,3,-14.0,14.0,17.0,5.0
2424,main_green,side_green,64,190.0,7.504925303053347,15,2,0,-14.0,14.0,17.0,5.0
2425,main_green,side_green,64,52.0,7.918035029275757,5,2,0,-14.0,14.0,17.0,5.0
2426,main_green,side_green,64,4.0,8.620622016496847,3,2,0,-14.0,14.0,17.0,5.0
2427,main_green,side_green,64,7.0,9.065026111748535,3,2,0,-14.0,14.0,17.0,5.0
2428,main_green,side_green,66,10.0,9.197212497200528,5,2,0,-14.0,14.0,17.0,5.0
2429,main_green,side_green,62,13.0,9.66055345141579,3,2,0,-14.0,14.0,17.0,5.0
2430,main_green,side_green,62,17.0,10.321261708150232,4,2,0,-14.0,14.0,17.0,5.0
2431,main_green,side_green,61,21.0,10.623621791586087,4,2,0,-14.0,14.0,17.0,5.0
2432,main_green,side_green,57,26.0,10.358284480081528,6,2,0,-14.0,14.0,17.0,5.0
2433,main_green,side_green,58,32.0,10.339244426726104,7,2,0,-14.0,14.0,17.0,5.0
2434,yellow_transition,yellow_transition,55,39.0,10.220170722258157,7,3,1,-9.0,-1.0,-15.0,15.0
2435,yellow_transition,yellow_transition,55,46.0,10.151455181699356,7,3,1,-9.0,-1.0,-15.0,15.0
2436,yellow_transition,yellow_transition,59,54.0,9.339758565754936,13,3,1,-9.0,-1.0,-15.0,15.0
2437,main_green,main_green,59,17.0,9.779596216016213,4,2,2,-9.0,-1.0,-15.0,15.0
2438,main_green,main_green,58,11.0,9.806682391526564,3,2,2,-9.0,-1.0,-15.0,15.0
2439,main_green,main_green,58,13.0,10.266624602490458,2,2,2,-9.0,-1.0,-15.0,15.0
2440,main_green,main_green,58,15.0,10.47036500780985,3,2,2,-9.0,-1.0,-15.0,15.0
2441,main_green,main_green,58,17.0,10.793150103955723,2,2,2,-9.0,-1.0,-15.0,15.0
2442,main_green,main_green,53,19.0,10.996831616430965,2,2,2,-9.0,-1.0,-15.0,15.0
2443,main_green,main_green,54,21.0,10.826417851328564,3,2,2,-9.0,-1.0,-15.0,15.0
2444,main_green,main_green,52,25.0,10.447734268701588,5,2,2,-9.0,-1.0,-15.0,15.0
2445,main_green,main_green,52,30.0,10.592730397836522,5,2,2,-9.0,-1.0,-15.0,15.0
2446,main_green,main_green,49,35.0,10.519709730963806,5,2,2,-9.0,-1.0,-15.0,15.0
2447,main_green,main_green,48,40.0,10.533642937993752,5,2,2,-3.0,9.0,-4.0,16.0
2448,main_green,main_green,50,46.0,9.394250121326692,11,2,2,-3.0,9.0,-4.0,16.0
2449,main_green,main_green,51,52.0,9.484782834887442,7,2,2,-3.0,9.0,-4.0,16.0
2450,main_green,main_green,50,58.0,9.75978790805232,6,2,2,-3.0,9.0,-4.0,16.0
2451,main_green,main_green,49,64.0,10.020383092419717,6,2,2,-3.0,9.0,-4.0,16.0
2452,main_green,main_green,49,70.0,9.665391045103545,7,2,2,-3.0,9.0,-4.0,16.0
2453,main_green,main_green,49,76.0,9.71327047590216,6,2,2,-3.0,9.0,-4.0,16.0
2454,main_green,main_green,49,82.0,9.466531196667406,7,2,2,-3.0,9.0,-4.0,16.0
2455,main_green,main_green,49,90.0,9.40346864325272,8,2,2,-3.0,9.0,-4.0,16.0
2456,main_green,main_green,50,99.0,9.263663691712745,10,2,2,-3.0,9.0,-4.0,16.0
2457,main_green,main_green,50,109.0,9.418152088195702,10,2,2,8.0,18.0,-2.0,8.0
2458,main_green,main_green,50,119.0,9.538979358391574,10,2,2,8.0,18.0,-2.0,8.0
2459,main_green,main_green,51,129.0,9.467543976824748,11,2,2,8.0,18.0,-2.0,8.0
2460,main_green,main_green,56,139.0,8.690909920907158,15,2,2,8.0,18.0,-2.0,8.0
2461,main_green,main_green,56,149.0,8.98001021626513,10,2,2,8.0,18.0,-2.0,8.0
2462,main_green,main_green,56,159.0,9.096395109798548,10,2,2,8.0,18.0,-2.0,8.0
2463,main_green,main_green,53,169.0,8.999748996562026,10,2,2,8.0,18.0,-2.0,8.0
2464,main_green,main_green,55,179.0,8.85101827995186,12,2,2,8.0,18.0,-2.0,8.0
2465,main_green,main_green,54,189.0,8.939521869601698,10,2,2,8.0,18.0,-2.0,8.0
2466,main_green,main_green,53,199.0,8.94370725479994,10,2,2,8.0,18.0,-2.0,8.0
2467,main_green,main_green,53,209.0,8.892297023456376,10,2,2,13.0,17.0,2.0,8.0
2468,main_green,main_green,54,221.0,8.67819266674218,13,2,2,13.0,17.0,2.0,8.0
2469,main_green,main_green,55,234.0,8.619594260094182,14,2,2,13.0,17.0,2.0,8.0
2470,main_green,main_green,55,248.0,8.70193961404825,14,2,2,13.0,17.0,2.0,8.0
2471,main_green,main_green,55,262.0,8.864308122533721,14,2,2,13.0,17.0,2.0,8.0
2472,main_green,main_green,60,276.0,8.201997251464471,19,2,2,13.0,17.0,2.0,8.0
2473,main_green,main_green,60,290.0,8.414649658666386,14,2,2,13.0,17.0,2.0,8.0
2474,main_green,main_green,61,304.0,8.531027588262269,15,2,2,13.0,17.0,2.0,8.0
2475,main_green,main_green,61,318.0,8.841910158028618,14,2,2,13.0,17.0,2.0,8.0
2476,main_green,main_green,62,332.0,8.695585032426436,15,2,2,13.0,17.0,2.0,8.0
2477,yellow_transition,yellow_transition,60,346.0,8.4817231937167,14,3,3,13.0,11.0,6.0,10.0
2478,yellow_transition,yellow_transition,59,360.0,8.24996327578945,14,3,3,13.0,11.0,6.0,10.0
2479,yellow_transition,yellow_transition,60,375.0,7.878870936281741,16,3,3,13.0,11.0,6.0,10.0
2480,side_green,main_green,59,225.0,7.771890061004391,13,0,2,13.0,11.0,6.0,10.0
2481,side_green,main_green,58,158.0,7.824167266899198,10,0,2,13.0,11.0,6.0,10.0
2482,side_green,main_green,57,164.0,7.930872054264437,9,0,2,13.0,11.0,6.0,10.0
2483,side_green,main_green,57,173.0,8.158170677946767,9,0,2,13.0,11.0,6.0,10.0
2484,side_green,main_green,62,182.0,7.844442985651456,14,0,2,13.0,11.0,6.0,10.0
2485,side_green,main_green,63,192.0,8.170657437496574,11,0,2,13.0,11.0,6.0,10.0
2486,side_green,main_green,63,204.0,8.61336231305787,12,0,2,13.0,11.0,6.0,10.0
2487,side_green,main_green,63,216.0,8.884073987703122,12,0,2,13.0,11.0,6.0,10.0
2488,side_green,main_green,64,229.0,8.94772701123717,14,0,2,13.0,11.0,6.0,10.0
2489,side_green,main_green,62,242.0,8.899181973322543,13,0,2,13.0,11.0,6.0,10.0
2490,yellow_transition,yellow_transition,62,256.0,8.770025923500361,15,1,3,-9.0,17.0,10.0,0.0
2491,yellow_transition,yellow_transition,62,271.0,8.622813977731576,15,1,3,-9.0,17.0,10.0,0.0
2492,yellow_transition,yellow_transition,63,286.0,8.332271013377433,16,1,3,-9.0,17.0,10.0,0.0
2493,main_green,side_green,61,93.0,8.273905556588806,9,2,0,-9.0,17.0,10.0,0.0
2494,main_green,side_green,60,7.0,8.679229738395822,3,2,0,-9.0,17.0,10.0,0.0
2495,main_green,side_green,60,3.0,8.877174474692277,3,2,0,-9.0,17.0,10.0,0.0
2496,main_green,side_green,65,5.0,8.485557135788243,7,2,0,-9.0,17.0,10.0,0.0
2497,main_green,side_green,65,8.0,9.09953788000865,3,2,0,-9.0,17.0,10.0,0.0
2498,main_green,side_green,65,12.0,9.794957444161406,4,2,0,-9.0,17.0,10.0,0.0
2499,main_green,side_green,63,16.0,10.235144610087186,4,2,0,-9.0,17.0,10.0,0.0
2500,main_green,side_green,65,20.0,10.270728970269067,6,2,0,-9.0,17.0,10.0,0.0
2501,main_green,side_green,62,24.0,10.48165967833049,4,2,0,-9.0,17.0,10.0,0.0
2502,main_green,side_green,61,30.0,10.616534050338844,6,2,0,-9.0,17.0,10.0,0.0
2503,yellow_transition,yellow_transition,58,36.0,10.686181922495866,6,3,1,-10.0,0.0,-15.0,13.0
2504,yellow_transition,yellow_transition,57,42.0,10.297752432832455,7,3,1,-10.0,0.0,-15.0,13.0
2505,yellow_transition,yellow_transition,57,49.0,9.91119917483701,8,3,1,-10.0,0.0,-15.0,13.0
2506,main_green,main_green,55,19.0,10.024142700908872,3,2,2,-10.0,0.0,-15.0,13.0
2507,main_green,main_green,55,17.0,10.274875745725465,3,2,2,-10.0,0.0,-15.0,13.0
2508,main_green,main_green,60,20.0,9.743647101619285,8,2,2,-10.0,0.0,-15.0,13.0
2509,main_green,main_green,59,23.0,10.125545946900973,3,2,2,-10.0,0.0,-15.0,13.0
2510,main_green,main_green,60,26.0,10.377163456119364,4,2,2,-10.0,0.0,-15.0,13.0
2511,main_green,main_green,59,29.0,10.760664545458175,3,2,2,-10.0,0.0,-15.0,13.0
2512,main_green,main_green,57,32.0,10.845716217945084,4,2,2,-10.0,0.0,-15.0,13.0
2513,main_green,main_green,56,35.0,10.926337190171859,3,2,2,-10.0,0.0,-15.0,13.0
2514,main_green,main_green,53,38.0,10.826875620055022,3,2,2,-10.0,0.0,-15.0,13.0
2515,main_green,main_green,53,41.0,10.57173419110842,4,2,2,-10.0,0.0,-15.0,13.0
2516,main_green,main_green,53,46.0,10.423687423855851,6,2,2,-4.0,2.0,-4.0,18.0
2517,main_green,main_green,52,52.0,10.417587259805584,6,2,2,-4.0,2.0,-4.0,18.0
2518,main_green,main_green,51,58.0,10.436852731129846,6,2,2,-4.0,2.0,-4.0,18.0
2519,main_green,main_green,50,65.0,10.440492926900586,7,2,2,-4.0,2.0,-4.0,18.0
2520,main_green,main_green,53,72.0,9.484603444705185,12,2,2,-4.0,2.0,-4.0,18.0
2521,main_green,main_green,52,79.0,9.44191827712552,8,2,2,-4.0,2.0,-4.0,18.0
2522,main_green,main_green,52,86.0,9.691004492511096,7,2,2,-4.0,2.0,-4.0,18.0
2523,main_green,main_green,52,93.0,9.930947942711985,7,2,2,-4.0,2.0,-4.0,18.0
2524,main_green,main_green,53,100.0,9.876657757816536,8,2,2,-4.0,2.0,-4.0,18.0
2525,main_green,main_green,53,107.0,10.01222258542376,7,2,2,-4.0,2.0,-4.0,18.0
2526,main_green,main_green,54,114.0,9.94765795158453,8,2,2,7.0,13.0,-3.0,5.0
2527,main_green,main_green,53,121.0,10.009361032844055,7,2,2,7.0,13.0,-3.0,5.0
2528,main_green,main_green,54,129.0,9.735330415581485,9,2,2,7.0,13.0,-3.0,5.0
2529,main_green,main_green,53,138.0,9.772075074366121,9,2,2,7.0,13.0,-3.0,5.0
2530,main_green,main_green,52,147.0,9.728140486791663,9,2,2,7.0,13.0,-3.0,5.0
2531,main_green,main_green,53,156.0,9.604740870505614,10,2,2,7.0,13.0,-3.0,5.0
2532,main_green,main_green,56,166.0,8.665105978491466,15,2,2,7.0,13.0,-3.0,5.0
2533,main_green,main_green,55,177.0,8.947647299831011,11,2,2,7.0,13.0,-3.0,5.0
2534,main_green,main_green,54,188.0,9.076053994711307,11,2,2,7.0,13.0,-3.0,5.0
2535,main_green,main_green,53,199.0,9.28924810791925,11,2,2,7.0,13.0,-3.0,5.0
2536,main_green,main_green,55,210.0,8.917898167350694,13,2,2,14.0,14.0,3.0,3.0
2537,main_green,main_green,55,221.0,9.01155031384611,11,2,2,14.0,14.0,3.0,3.0
2538,main_green,main_green,55,232.0,8.895042414606579,11,2,2,14.0,14.0,3.0,3.0
2539,main_green,main_green,55,243.0,9.01396989491762,11,2,2,14.0,14.0,3.0,3.0
2540,main_green,main_green,56,255.0,8.945480606351852,13,2,2,14.0,14.0,3.0,3.0
2541,main_green,main_green,57,270.0,8.841782479479171,16,2,2,14.0,14.0,3.0,3.0
2542,main_green,main_green,54,285.0,8.827055611737599,15,2,2,14.0,14.0,3.0,3.0
2543,main_green,main_green,53,300.0,8.845088293544304,15,2,2,14.0,14.0,3.0,3.0
2544,main_green,main_green,57,315.0,8.042694283381621,20,2,2,14.0,14.0,3.0,3.0
2545,main_green,main_green,56,330.0,8.15784057762667,15,2,2,14.0,14.0,3.0,3.0
2546,yellow_transition,yellow_transition,57,345.0,8.227532427063847,16,3,3,18.0,14.0,10.0,8.0
2547,yellow_transition,yellow_transition,56,360.0,8.125854672834182,15,3,3,18.0,14.0,10.0,8.0
2548,yellow_transition,yellow_transition,57,375.0,7.954457999563599,16,3,3,18.0,14.0,10.0,8.0
2549,side_green,side_green,57,109.0,8.112176694391131,7,0,0,18.0,14.0,10.0,8.0
2550,side_green,side_green,57,12.0,8.46171611653426,3,0,0,18.0,14.0,10.0,8.0
2551,side_green,side_green,58,3.0,8.651872383040685,3,0,0,18.0,14.0,10.0,8.0
2552,side_green,side_green,59,6.0,8.736570135730473,4,0,0,18.0,14.0,10.0,8.0
2553,side_green,side_green,59,9.0,9.081125885580342,3,0,0,18.0,14.0,10.0,8.0
2554,side_green,side_green,58,14.0,9.516333217039145,5,0,0,18.0,14.0,10.0,8.0
2555,side_green,side_green,57,20.0,9.938485667931765,6,0,0,18.0,14.0,10.0,8.0
2556,side_green,side_green,61,28.0,9.279233572228252,13,0,0,18.0,14.0,10.0,8.0
2557,side_green,side_green,60,36.0,9.138028335362604,9,0,0,18.0,14.0,10.0,8.0
2558,side_green,side_green,60,44.0,9.233652851723571,8,0,0,18.0,14.0,10.0,8.0
2559,yellow_transition,yellow_transition,59,52.0,9.161081441434822,8,1,1,-11.0,11.0,-8.0,8.0
2560,yellow_transition,yellow_transition,60,61.0,8.8078189474503,10,1,1,-11.0,11.0,-8.0,8.0
2561,yellow_transition,yellow_transition,60,70.0,8.47645543794655,9,1,1,-11.0,11.0,-8.0,8.0
2562,main_green,main_green,61,13.0,8.327152332219903,5,2,2,-11.0,11.0,-8.0,8.0
2563,main_green,main_green,59,0.0,8.530843259284747,0,2,2,-11.0,11.0,-8.0,8.0
2564,main_green,main_green,60,3.0,8.953111966635543,4,2,2,-11.0,11.0,-8.0,8.0
2565,main_green,main_green,60,7.0,9.443681568951312,4,2,2,-11.0,11.0,-8.0,8.0
2566,main_green,main_green,60,11.0,9.83585662907775,4,2,2,-11.0,11.0,-8.0,8.0
2567,main_green,main_green,58,15.0,9.981384781604675,5,2,2,-11.0,11.0,-8.0,8.0
2568,main_green,main_green,61,19.0,9.506341777236317,9,2,2,-11.0,11.0,-8.0,8.0
2569,main_green,main_green,59,23.0,9.994332139549885,4,2,2,-11.0,11.0,-8.0,8.0
2570,main_green,main_green,58,27.0,10.208906101414229,4,2,2,-11.0,11.0,-8.0,8.0
2571,main_green,main_green,52,31.0,10.48756296050354,4,2,2,-11.0,11.0,-8.0,8.0
2572,main_green,main_green,51,35.0,10.198808760579404,6,2,2,-5.0,3.0,1.0,9.0
2573,main_green,main_green,49,39.0,10.228167415100671,4,2,2,-5.0,3.0,1.0,9.0
2574,main_green,main_green,48,43.0,10.23628106266723,4,2,2,-5.0,3.0,1.0,9.0
2575,main_green,main_green,48,48.0,10.03456166441728,5,2,2,-5.0,3.0,1.0,9.0
2576,main_green,main_green,49,54.0,9.766667648827118,7,2,2,-5.0,3.0,1.0,9.0
2577,main_green,main_green,49,62.0,9.701990151847241,9,2,2,-5.0,3.0,1.0,9.0
2578,main_green,main_green,48,70.0,9.85611865345403,8,2,2,-5.0,3.0,1.0,9.0
2579,main_green,main_green,48,78.0,9.92491775334549,8,2,2,-5.0,3.0,1.0,9.0
2580,main_green,main_green,53,86.0,9.027564046379519,13,2,2,-5.0,3.0,1.0,9.0
2581,main_green,main_green,53,94.0,9.300775219021286,8,2,2,-5.0,3.0,1.0,9.0
2582,main_green,main_green,54,102.0,9.35997428475825,9,2,2,2.0,10.0,5.0,17.0
2583,main_green,main_green,54,110.0,9.574560985431583,8,2,2,2.0,10.0,5.0,17.0
2584,main_green,main_green,55,118.0,9.596497663429718,9,2,2,2.0,10.0,5.0,17.0
2585,main_green,main_green,55,126.0,9.737284110594626,8,2,2,2.0,10.0,5.0,17.0
2586,main_green,main_green,55,134.0,9.75545985539516,8,2,2,2.0,10.0,5.0,17.0
2587,main_green,main_green,56,143.0,9.689156974440696,10,2,2,2.0,10.0,5.0,17.0
2588,main_green,main_green,54,152.0,9.304525220574066,10,2,2,2.0,10.0,5.0,17.0
2589,main_green,main_green,54,163.0,9.229202320599107,11,2,2,2.0,10.0,5.0,17.0
2590,main_green,main_green,52,174.0,9.155620634803379,11,2,2,2.0,10.0,5.0,17.0
2591,main_green,main_green,51,186.0,9.250331724368579,12,2,2,2.0,10.0,5.0,17.0
2592,main_green,main_green,55,198.0,8.462032101732419,17,2,2,2.0,8.0,8.0,22.0
2593,main_green,main_green,54,210.0,8.279629039492338,13,2,2,2.0,8.0,8.0,22.0
2594,main_green,main_green,54,222.0,8.599302647272756,12,2,2,2.0,8.0,8.0,22.0
2595,main_green,main_green,54,234.0,8.76403947762187,12,2,2,2.0,8.0,8.0,22.0
2596,main_green,main_green,54,246.0,8.634863472209592,13,2,2,2.0,8.0,8.0,22.0
2597,main_green,main_green,54,258.0,8.887900969422686,12,2,2,2.0,8.0,8.0,22.0
2598,main_green,main_green,55,270.0,8.685047669395463,13,2,2,2.0,8.0,8.0,22.0
2599,main_green,main_green,55,283.0,8.730215884196014,13,2,2,2.0,8.0,8.0,22.0
2600,main_green,main_green,56,297.0,8.544678699159768,15,2,2,2.0,8.0,8.0,22.0
2601,main_green,main_green,56,312.0,8.702162370295168,15,2,2,2.0,8.0,8.0,22.0
2602,main_green,main_green,56,328.0,8.630025169143488,16,2,2,10.0,12.0,8.0,8.0
2603,main_green,main_green,57,344.0,8.576986854990794,17,2,2,10.0,12.0,8.0,8.0
2604,main_green,main_green,62,360.0,8.008674292368232,21,2,2,10.0,12.0,8.0,8.0
2605,main_green,main_green,62,376.0,8.195616607393445,16,2,2,10.0,12.0,8.0,8.0
2606,main_green,main_green,62,392.0,8.425342281737112,16,2,2,10.0,12.0,8.0,8.0
2607,main_green,main_green,62,408.0,8.701068988645616,16,2,2,10.0,12.0,8.0,8.0
2608,main_green,main_green,64,424.0,8.44621489900238,18,2,2,10.0,12.0,8.0,8.0
2609,main_green,main_green,64,440.0,8.47046192042048,16,2,2,10.0,12.0,8.0,8.0
2610,main_green,main_green,62,456.0,8.26678804470232,16,2,2,10.0,12.0,8.0,8.0
2611,main_green,main_green,62,473.0,8.309783103976502,17,2,2,10.0,12.0,8.0,8.0
2612,yellow_transition,yellow_transition,62,492.0,8.151337206908456,20,3,3,13.0,11.0,9.0,5.0
2613,yellow_transition,yellow_transition,63,512.0,8.023183169905177,21,3,3,13.0,11.0,9.0,5.0
2614,yellow_transition,yellow_transition,63,532.0,7.885754616635595,20,3,3,13.0,11.0,9.0,5.0
2615,side_green,side_green,62,187.0,7.8562352276377565,13,0,0,13.0,11.0,9.0,5.0
2616,side_green,side_green,66,23.0,7.47430535316386,11,0,0,13.0,11.0,9.0,5.0
2617,side_green,side_green,65,6.0,7.977419665164738,3,0,0,13.0,11.0,9.0,5.0
2618,side_green,side_green,64,10.0,8.273261788038322,5,0,0,13.0,11.0,9.0,5.0
2619,side_green,side_green,63,14.0,8.905148314266835,4,0,0,13.0,11.0,9.0,5.0
2620,side_green,side_green,63,21.0,9.455132031167075,8,0,0,13.0,11.0,9.0,5.0
2621,side_green,side_green,63,28.0,10.105316541038883,7,0,0,13.0,11.0,9.0,5.0
2622,side_green,side_green,62,35.0,10.26979808448235,7,0,0,13.0,11.0,9.0,5.0
2623,side_green,side_green,62,42.0,10.047890381486132,8,0,0,13.0,11.0,9.0,5.0
2624,side_green,side_green,63,50.0,9.913563318684286,9,0,0,13.0,11.0,9.0,5.0
2625,yellow_transition,yellow_transition,63,59.0,9.75656209303601,9,1,1,-14.0,12.0,-18.0,4.0
2626,yellow_transition,yellow_transition,61,69.0,9.441826043133096,10,1,1,-14.0,12.0,-18.0,4.0
2627,yellow_transition,yellow_transition,60,81.0,9.39467894686415,12,1,1,-14.0,12.0,-18.0,4.0
2628,main_green,main_green,64,16.0,8.630860262293302,10,2,2,-14.0,12.0,-18.0,4.0
2629,main_green,main_green,65,0.0,8.987519923641463,1,2,2,-14.0,12.0,-18.0,4.0
2630,main_green,main_green,65,0.0,9.507539779882856,0,2,2,-14.0,12.0,-18.0,4.0
2631,main_green,main_green,64,0.0,10.062914624179356,0,2,2,-14.0,12.0,-18.0,4.0
2632,main_green,main_green,65,0.0,10.458154303109007,1,2,2,-14.0,12.0,-18.0,4.0
2633,main_green,main_green,62,0.0,10.962002566983678,0,2,2,-14.0,12.0,-18.0,4.0
2634,main_green,main_green,56,0.0,10.84569927342701,1,2,2,-14.0,12.0,-18.0,4.0
2635,main_green,main_green,56,0.0,11.051926305177092,0,2,2,-14.0,12.0,-18.0,4.0
2636,main_green,main_green,52,2.0,10.73702877220604,3,2,2,-14.0,12.0,-18.0,4.0
2637,main_green,main_green,50,5.0,10.821686784229826,3,2,2,-14.0,12.0,-18.0,4.0
2638,main_green,main_green,50,9.0,11.017977888297048,4,2,2,-6.0,8.0,-8.0,6.0
2639,main_green,main_green,48,13.0,10.783093237722172,5,2,2,-6.0,8.0,-8.0,6.0
2640,main_green,main_green,50,17.0,9.872804727903826,9,2,2,-6.0,8.0,-8.0,6.0
2641,main_green,main_green,49,21.0,10.22293979962812,4,2,2,-6.0,8.0,-8.0,6.0
2642,main_green,main_green,47,25.0,10.483600228619375,4,2,2,-6.0,8.0,-8.0,6.0
2643,main_green,main_green,47,29.0,10.555797291824,4,2,2,-6.0,8.0,-8.0,6.0
2644,main_green,main_green,49,33.0,10.384236341404813,6,2,2,-6.0,8.0,-8.0,6.0
2645,main_green,main_green,49,37.0,10.293664530640555,4,2,2,-6.0,8.0,-8.0,6.0
2646,main_green,main_green,49,41.0,10.321871732192692,4,2,2,-6.0,8.0,-8.0,6.0
2647,main_green,main_green,49,45.0,10.321662308439972,4,2,2,-6.0,8.0,-8.0,6.0
2648,main_green,main_green,50,52.0,10.090852083636598,8,2,2,-1.0,15.0,0.0,14.0
2649,main_green,main_green,51,60.0,10.035033857257977,9,2,2,-1.0,15.0,0.0,14.0
2650,main_green,main_green,51,68.0,10.242666842103903,8,2,2,-1.0,15.0,0.0,14.0
2651,main_green,main_green,51,76.0,10.336137531378006,8,2,2,-1.0,15.0,0.0,14.0
2652,main_green,main_green,56,84.0,9.473477069033082,13,2,2,-1.0,15.0,0.0,14.0
2653,main_green,main_green,55,92.0,9.631029931245859,8,2,2,-1.0,15.0,0.0,14.0
2654,main_green,main_green,56,100.0,9.647487522566237,9,2,2,-1.0,15.0,0.0,14.0
2655,main_green,main_green,54,108.0,9.830027304484613,8,2,2,-1.0,15.0,0.0,14.0
2656,main_green,main_green,54,116.0,9.798912941395791,9,2,2,-1.0,15.0,0.0,14.0
2657,main_green,main_green,53,124.0,9.707638448588593,8,2,2,-1.0,15.0,0.0,14.0
2658,main_green,main_green,52,132.0,9.580685080637984,8,2,2,6.0,16.0,5.0,11.0
2659,main_green,main_green,50,140.0,9.1176002716522,9,2,2,6.0,16.0,5.0,11.0
2660,main_green,main_green,51,148.0,9.07469943225226,9,2,2,6.0,16.0,5.0,11.0
2661,main_green,main_green,51,160.0,9.200886510823686,12,2,2,6.0,16.0,5.0,11.0
2662,main_green,main_green,51,172.0,9.34614921360197,12,2,2,6.0,16.0,5.0,11.0
2663,main_green,main_green,51,184.0,9.526552619799302,12,2,2,6.0,16.0,5.0,11.0
2664,main_green,main_green,55,196.0,8.639569438151181,17,2,2,6.0,16.0,5.0,11.0
2665,main_green,main_green,56,208.0,8.678145071398523,13,2,2,6.0,16.0,5.0,11.0
2666,main_green,main_green,56,220.0,8.98079042131962,12,2,2,6.0,16.0,5.0,11.0
2667,main_green,main_green,56,232.0,9.101055012703494,12,2,2,6.0,16.0,5.0,11.0
2668,main_green,main_green,57,244.0,9.041561773386935,13,2,2,8.0,10.0,7.0,9.0
2669,main_green,main_green,57,256.0,9.040443967172358,12,2,2,8.0,10.0,7.0,9.0
2670,main_green,main_green,58,268.0,8.942339733333139,13,2,2,8.0,10.0,7.0,9.0
2671,main_green,main_green,58,280.0,9.00738242576291,12,2,2,8.0,10.0,7.0,9.0
2672,main_green,main_green,59,295.0,8.879691156267047,16,2,2,8.0,10.0,7.0,9.0
2673,main_green,main_green,59,310.0,8.903374592477094,15,2,2,8.0,10.0,7.0,9.0
2674,main_green,main_green,59,326.0,9.016014656503874,16,2,2,8.0,10.0,7.0,9.0
2675,main_green,main_green,60,342.0,8.912433890793247,17,2,2,8.0,10.0,7.0,9.0
2676,main_green,main_green,64,358.0,8.268944681556793,21,2,2,8.0,10.0,7.0,9.0
2677,main_green,main_green,63,374.0,8.439240024723416,16,2,2,8.0,10.0,7.0,9.0
2678,yellow_transition,yellow_transition,62,390.0,8.496245698182916,16,3,3,11.0,7.0,11.0,9.0
2679,yellow_transition,yellow_transition,61,406.0,8.409401895325814,16,3,3,11.0,7.0,11.0,9.0
2680,yellow_transition,yellow_transition,62,422.0,7.85678960665948,18,3,3,11.0,7.0,11.0,9.0
2681,side_green,side_green,61,123.0,7.803288327785701,9,0,0,11.0,7.0,11.0,9.0
2682,side_green,side_green,60,2.0,7.868055672586999,1,0,0,11.0,7.0,11.0,9.0
2683,side_green,side_green,56,5.0,7.97845770960712,3,0,0,11.0,7.0,11.0,9.0
2684,side_green,side_green,57,8.0,8.37903407280582,4,0,0,11.0,7.0,11.0,9.0
2685,side_green,side_green,56,12.0,8.518616868565783,5,0,0,11.0,7.0,11.0,9.0
2686,side_green,side_green,56,18.0,9.246718852985717,6,0,0,11.0,7.0,11.0,9.0
2687,side_green,side_green,55,25.0,9.829843274804832,7,0,0,11.0,7.0,11.0,9.0
2688,side_green,side_green,60,32.0,9.197366036271857,12,0,0,11.0,7.0,11.0,9.0
2689,side_green,side_green,60,39.0,9.383855135760578,7,0,0,11.0,7.0,11.0,9.0
2690,side_green,side_green,61,47.0,9.258954322773771,9,0,0,11.0,7.0,11.0,9.0
2691,yellow_transition,yellow_transition,61,56.0,9.224047569675848,9,1,1,-12.0,6.0,-8.0,14.0
2692,yellow_transition,yellow_transition,62,67.0,9.051101891038964,12,1,1,-12.0,6.0,-8.0,14.0
2693,yellow_transition,yellow_transition,62,80.0,8.960334857153535,13,1,1,-12.0,6.0,-8.0,14.0
2694,main_green,main_green,61,22.0,9.10476292370795,6,2,2,-12.0,6.0,-8.0,14.0
2695,main_green,main_green,61,4.0,9.188416533682958,3,2,2,-12.0,6.0,-8.0,14.0
2696,main_green,main_green,62,3.0,9.467549030155682,3,2,2,-12.0,6.0,-8.0,14.0
2697,main_green,main_green,61,6.0,9.94298979767261,3,2,2,-12.0,6.0,-8.0,14.0
2698,main_green,main_green,61,10.0,10.49132314417311,4,2,2,-12.0,6.0,-8.0,14.0
2699,main_green,main_green,56,14.0,10.57894815603978,4,2,2,-12.0,6.0,-8.0,14.0
2700,main_green,main_green,57,18.0,10.053570528450612,9,2,2,-12.0,6.0,-8.0,14.0
2701,main_green,main_green,55,22.0,10.220801437711906,5,2,2,-12.0,6.0,-8.0,14.0
2702,main_green,main_green,54,26.0,10.36850203173881,4,2,2,-12.0,6.0,-8.0,14.0
2703,main_green,main_green,49,30.0,10.448976466175198,4,2,2,-12.0,6.0,-8.0,14.0
2704,main_green,main_green,48,34.0,10.442894257309158,5,2,2,1.0,13.0,-2.0,6.0
2705,main_green,main_green,46,38.0,10.294919440808954,4,2,2,1.0,13.0,-2.0,6.0
2706,main_green,main_green,47,42.0,10.226548306405698,5,2,2,1.0,13.0,-2.0,6.0
2707,main_green,main_green,47,46.0,10.030708462335127,4,2,2,1.0,13.0,-2.0,6.0
2708,main_green,main_green,48,50.0,9.675208776548837,5,2,2,1.0,13.0,-2.0,6.0
2709,main_green,main_green,48,57.0,9.81905026658041,7,2,2,1.0,13.0,-2.0,6.0
2710,main_green,main_green,48,65.0,10.110425395661437,8,2,2,1.0,13.0,-2.0,6.0
2711,main_green,main_green,49,73.0,9.979630049793851,9,2,2,1.0,13.0,-2.0,6.0
2712,main_green,main_green,54,81.0,9.115595727277702,13,2,2,1.0,13.0,-2.0,6.0
2713,main_green,main_green,54,89.0,9.382825792893387,8,2,2,1.0,13.0,-2.0,6.0
2714,main_green,main_green,54,97.0,9.643623402917479,8,2,2,4.0,14.0,2.0,12.0
2715,main_green,main_green,54,105.0,9.82668941884084,8,2,2,4.0,14.0,2.0,12.0
2716,main_green,main_green,56,113.0,9.64826814205949,10,2,2,4.0,14.0,2.0,12.0
2717,main_green,main_green,56,121.0,9.592010882128696,8,2,2,4.0,14.0,2.0,12.0
2718,main_green,main_green,56,130.0,9.492711800856506,9,2,2,4.0,14.0,2.0,12.0
2719,main_green,main_green,56,139.0,9.608744423753066,9,2,2,4.0,14.0,2.0,12.0
2720,main_green,main_green,55,150.0,9.235779659306008,12,2,2,4.0,14.0,2.0,12.0
2721,main_green,main_green,54,162.0,9.036635763044174,13,2,2,4.0,14.0,2.0,12.0
2722,main_green,main_green,53,174.0,9.114693853557007,12,2,2,4.0,14.0,2.0,12.0
2723,main_green,main_green,52,186.0,9.096463946002244,12,2,2,4.0,14.0,2.0,12.0
2724,main_green,main_green,56,198.0,8.319259363770673,17,2,2,3.0,7.0,6.0,18.0
2725,main_green,main_green,55,210.0,8.536551283557321,12,2,2,3.0,7.0,6.0,18.0
2726,main_green,main_green,56,222.0,8.65047019632845,13,2,2,3.0,7.0,6.0,18.0
2727,main_green,main_green,54,234.0,8.70293602191464,12,2,2,3.0,7.0,6.0,18.0
2728,main_green,main_green,55,246.0,8.622770598267909,13,2,2,3.0,7.0,6.0,18.0
2729,main_green,main_green,54,258.0,8.75083205550859,12,2,2,3.0,7.0,6.0,18.0
2730,main_green,main_green,54,270.0,8.889558145695414,12,2,2,3.0,7.0,6.0,18.0
2731,main_green,main_green,55,282.0,8.639172653884955,13,2,2,3.0,7.0,6.0,18.0
2732,main_green,main_green,56,295.0,8.544731997727101,14,2,2,3.0,7.0,6.0,18.0
2733,main_green,main_green,56,310.0,8.59434899061679,15,2,2,3.0,7.0,6.0,18.0
2734,main_green,main_green,56,325.0,8.626315105951145,15,2,2,8.0,12.0,9.0,11.0
2735,main_green,main_green,56,340.0,8.718649205394478,15,2,2,8.0,12.0,9.0,11.0
2736,main_green,main_green,61,355.0,8.031264496392929,20,2,2,8.0,12.0,9.0,11.0
2737,main_green,main_green,62,370.0,8.078699064102734,16,2,2,8.0,12.0,9.0,11.0
2738,main_green,main_green,62,386.0,8.373855329160431,16,2,2,8.0,12.0,9.0,11.0
2739,main_green,main_green,62,402.0,8.456752135495302,16,2,2,8.0,12.0,9.0,11.0
2740,main_green,main_green,63,418.0,8.243152010505359,17,2,2,8.0,12.0,9.0,11.0
2741,main_green,main_green,63,434.0,8.269508069352959,16,2,2,8.0,12.0,9.0,11.0
2742,main_green,main_green,64,450.0,8.184284403818687,17,2,2,8.0,12.0,9.0,11.0
2743,main_green,main_green,62,467.0,8.080709684212202,17,2,2,8.0,12.0,9.0,11.0
2744,yellow_transition,yellow_transition,61,487.0,7.8658007796249585,21,3,3,13.0,11.0,9.0,7.0
2745,yellow_transition,yellow_transition,61,507.0,7.793895929299124,20,3,3,13.0,11.0,9.0,7.0
2746,yellow_transition,yellow_transition,60,527.0,7.698589758448201,20,3,3,13.0,11.0,9.0,7.0
2747,side_green,side_green,59,186.0,7.638722502828133,13,0,0,13.0,11.0,9.0,7.0
2748,side_green,side_green,64,21.0,7.5273110279189455,9,0,0,13.0,11.0,9.0,7.0
2749,side_green,side_green,64,1.0,8.198079719991837,1,0,0,13.0,11.0,9.0,7.0
2750,side_green,side_green,64,3.0,8.859461560044892,2,0,0,13.0,11.0,9.0,7.0
2751,side_green,side_green,64,6.0,9.361796076691853,3,0,0,13.0,11.0,9.0,7.0
2752,side_green,side_green,65,9.0,9.437309356193312,5,0,0,13.0,11.0,9.0,7.0
2753,side_green,side_green,65,13.0,9.855217445265376,4,0,0,13.0,11.0,9.0,7.0
2754,side_green,side_green,64,17.0,10.110152701247094,4,0,0,13.0,11.0,9.0,7.0
2755,side_green,side_green,63,24.0,10.166620084072095,7,0,0,13.0,11.0,9.0,7.0
2756,side_green,side_green,63,32.0,9.977794638962898,9,0,0,13.0,11.0,9.0,7.0
2757,yellow_transition,yellow_transition,63,41.0,9.643770615005202,10,1,1,-16.0,8.0,-16.0,6.0
2758,yellow_transition,yellow_transition,62,51.0,9.540750251580778,10,1,1,-16.0,8.0,-16.0,6.0
2759,yellow_transition,yellow_transition,62,62.0,9.388660833376123,11,1,1,-16.0,8.0,-16.0,6.0
2760,main_green,main_green,66,18.0,8.62995059633408,10,2,2,-16.0,8.0,-16.0,6.0
2761,main_green,main_green,65,3.0,9.061981315033155,1,2,2,-16.0,8.0,-16.0,6.0
2762,main_green,main_green,66,0.0,9.330683969040466,1,2,2,-16.0,8.0,-16.0,6.0
2763,main_green,main_green,66,0.0,9.931413413115887,0,2,2,-16.0,8.0,-16.0,6.0
2764,main_green,main_green,66,0.0,10.217698790661867,1,2,2,-16.0,8.0,-16.0,6.0
2765,main_green,main_green,65,0.0,10.826219159839043,0,2,2,-16.0,8.0,-16.0,6.0
2766,main_green,main_green,59,0.0,11.009142618878489,0,2,2,-16.0,8.0,-16.0,6.0
2767,main_green,main_green,57,0.0,11.02264597207961,1,2,2,-16.0,8.0,-16.0,6.0
2768,main_green,main_green,53,0.0,10.911486566858404,1,2,2,-16.0,8.0,-16.0,6.0
2769,main_green,main_green,50,2.0,10.984685303478969,2,2,2,-16.0,8.0,-16.0,6.0
2770,main_green,main_green,48,6.0,11.165768290761143,4,2,2,-7.0,7.0,-7.0,7.0
2771,main_green,main_green,46,10.0,11.193245887206551,4,2,2,-7.0,7.0,-7.0,7.0
2772,main_green,main_green,49,14.0,10.039519722864574,9,2,2,-7.0,7.0,-7.0,7.0
2773,main_green,main_green,50,18.0,10.185613304580755,5,2,2,-7.0,7.0,-7.0,7.0
2774,main_green,main_green,47,22.0,10.402562617356827,4,2,2,-7.0,7.0,-7.0,7.0
2775,main_green,main_green,47,26.0,10.678846346557892,4,2,2,-7.0,7.0,-7.0,7.0
2776,main_green,main_green,48,30.0,10.558578987174636,5,2,2,-7.0,7.0,-7.0,7.0
2777,main_green,main_green,48,34.0,10.693000699302045,4,2,2,-7.0,7.0,-7.0,7.0
2778,main_green,main_green,49,38.0,10.472076267653197,5,2,2,-7.0,7.0,-7.0,7.0
2779,main_green,main_green,49,42.0,10.340643069847301,4,2,2,-7.0,7.0,-7.0,7.0
2780,main_green,main_green,50,46.0,10.142557398940898,5,2,2,-1.0,13.0,-1.0,15.0
2781,main_green,main_green,50,53.0,10.20349808005504,7,2,2,-1.0,13.0,-1.0,15.0
2782,main_green,main_green,50,61.0,10.29543004757086,8,2,2,-1.0,13.0,-1.0,15.0
2783,main_green,main_green,51,69.0,10.18019261087652,9,2,2,-1.0,13.0,-1.0,15.0
2784,main_green,main_green,56,77.0,9.403683593325528,13,2,2,-1.0,13.0,-1.0,15.0
2785,main_green,main_green,56,85.0,9.577308515574087,8,2,2,-1.0,13.0,-1.0,15.0
2786,main_green,main_green,55,93.0,9.766812271518612,8,2,2,-1.0,13.0,-1.0,15.0
2787,main_green,main_green,52,101.0,9.646598740711816,8,2,2,-1.0,13.0,-1.0,15.0
2788,main_green,main_green,53,109.0,9.236847479388432,10,2,2,-1.0,13.0,-1.0,15.0
2789,main_green,main_green,51,117.0,9.206532746455805,8,2,2,-1.0,13.0,-1.0,15.0
2790,main_green,main_green,51,127.0,9.183667145608736,10,2,2,7.0,15.0,6.0,14.0
2791,main_green,main_green,48,137.0,9.134859494766449,10,2,2,7.0,15.0,6.0,14.0
2792,main_green,main_green,49,148.0,8.980719350862163,12,2,2,7.0,15.0,6.0,14.0
2793,main_green,main_green,50,160.0,8.980022140299864,13,2,2,7.0,15.0,6.0,14.0
2794,main_green,main_green,50,172.0,9.037094208203243,12,2,2,7.0,15.0,6.0,14.0
2795,main_green,main_green,50,184.0,9.106803502876856,12,2,2,7.0,15.0,6.0,14.0
2796,main_green,main_green,55,196.0,8.490482492834111,17,2,2,7.0,15.0,6.0,14.0
2797,main_green,main_green,55,208.0,8.667323908140691,12,2,2,7.0,15.0,6.0,14.0
2798,main_green,main_green,56,220.0,8.682450826782077,13,2,2,7.0,15.0,6.0,14.0
2799,main_green,main_green,56,232.0,8.982266052692212,12,2,2,7.0,15.0,6.0,14.0
2800,main_green,main_green,57,244.0,8.8696524594962,13,2,2,10.0,12.0,9.0,9.0
2801,main_green,main_green,57,256.0,9.00652280460317,12,2,2,10.0,12.0,9.0,9.0
2802,main_green,main_green,57,268.0,9.084352481916053,12,2,2,10.0,12.0,9.0,9.0
2803,main_green,main_green,58,280.0,8.809673428636073,13,2,2,10.0,12.0,9.0,9.0
2804,main_green,main_green,59,293.0,8.654296871748128,14,2,2,10.0,12.0,9.0,9.0
2805,main_green,main_green,59,308.0,8.832825647163425,15,2,2,10.0,12.0,9.0,9.0
2806,main_green,main_green,59,324.0,8.959589045039614,16,2,2,10.0,12.0,9.0,9.0
2807,main_green,main_green,59,340.0,9.069489753706174,16,2,2,10.0,12.0,9.0,9.0
2808,main_green,main_green,63,356.0,8.253931084154532,21,2,2,10.0,12.0,9.0,9.0
2809,main_green,main_green,64,372.0,8.431066845301649,17,2,2,10.0,12.0,9.0,9.0
2810,yellow_transition,yellow_transition,63,388.0,8.557252976359624,16,3,3,11.0,11.0,9.0,5.0
2811,yellow_transition,yellow_transition,63,404.0,8.579366278584386,16,3,3,11.0,11.0,9.0,5.0
2812,yellow_transition,yellow_transition,62,420.0,8.237134936094536,17,3,3,11.0,11.0,9.0,5.0
2813,main_green,side_green,61,282.0,8.21229084378191,12,2,0,11.0,11.0,9.0,5.0
2814,main_green,side_green,61,226.0,8.143284378807692,10,2,0,11.0,11.0,9.0,5.0
2815,main_green,side_green,59,235.0,8.185586988636251,9,2,0,11.0,11.0,9.0,5.0
2816,main_green,side_green,58,247.0,8.203509854480718,13,2,0,11.0,11.0,9.0,5.0
2817,main_green,side_green,57,259.0,8.482245319436176,12,2,0,11.0,11.0,9.0,5.0
2818,main_green,side_green,56,271.0,8.850133492882582,12,2,0,11.0,11.0,9.0,5.0
2819,main_green,side_green,57,284.0,9.052221836692699,14,2,0,11.0,11.0,9.0,5.0
2820,main_green,side_green,62,297.0,8.501747402145066,18,2,0,11.0,11.0,9.0,5.0
2821,main_green,side_green,62,310.0,8.658619788239347,13,2,0,11.0,11.0,9.0,5.0
2822,main_green,side_green,62,323.0,8.901424438288139,13,2,0,11.0,11.0,9.0,5.0
2823,yellow_transition,yellow_transition,60,336.0,8.69382701548547,13,3,1,15.0,3.0,-8.0,14.0
2824,yellow_transition,yellow_transition,62,350.0,8.518516197280594,16,3,1,15.0,3.0,-8.0,14.0
2825,yellow_transition,yellow_transition,61,364.0,8.34837244430596,14,3,1,15.0,3.0,-8.0,14.0
2826,side_green,main_green,60,139.0,8.407742162489534,7,0,2,15.0,3.0,-8.0,14.0
2827,side_green,main_green,59,24.0,8.671185166776393,2,0,2,15.0,3.0,-8.0,14.0
2828,side_green,main_green,59,1.0,8.83809342350951,2,0,2,15.0,3.0,-8.0,14.0
2829,side_green,main_green,60,3.0,9.209650800539505,3,0,2,15.0,3.0,-8.0,14.0
2830,side_green,main_green,60,5.0,9.652600230522829,2,0,2,15.0,3.0,-8.0,14.0
2831,side_green,main_green,58,8.0,10.16662226129731,3,0,2,15.0,3.0,-8.0,14.0
2832,side_green,main_green,62,11.0,9.733977325664679,8,0,2,15.0,3.0,-8.0,14.0
2833,side_green,main_green,58,17.0,9.90945856400239,6,0,2,15.0,3.0,-8.0,14.0
2834,side_green,main_green,58,24.0,9.897325708998968,8,0,2,15.0,3.0,-8.0,14.0
2835,side_green,main_green,56,31.0,10.08924793606759,7,0,2,15.0,3.0,-8.0,14.0
2836,yellow_transition,yellow_transition,55,38.0,9.961708063133754,8,1,3,-9.0,13.0,-2.0,2.0
2837,yellow_transition,yellow_transition,55,45.0,9.909521598404975,7,1,3,-9.0,13.0,-2.0,2.0
2838,yellow_transition,yellow_transition,55,52.0,9.841456860287815,7,1,3,-9.0,13.0,-2.0,2.0
2839,main_green,main_green,56,26.0,9.591285883366153,4,2,2,-9.0,13.0,-2.0,2.0
2840,main_green,main_green,57,24.0,9.518860561107756,5,2,2,-9.0,13.0,-2.0,2.0
2841,main_green,main_green,57,30.0,9.87818675908329,6,2,2,-9.0,13.0,-2.0,2.0
2842,main_green,main_green,57,36.0,10.08019517659907,6,2,2,-9.0,13.0,-2.0,2.0
2843,main_green,main_green,57,42.0,10.443078742733086,6,2,2,-9.0,13.0,-2.0,2.0
2844,main_green,main_green,60,48.0,9.691147278994306,11,2,2,-9.0,13.0,-2.0,2.0
2845,main_green,main_green,58,54.0,9.898834642013682,7,2,2,-9.0,13.0,-2.0,2.0
2846,main_green,main_green,58,60.0,10.290236310460374,6,2,2,-9.0,13.0,-2.0,2.0
2847,main_green,main_green,56,66.0,10.431641828415703,6,2,2,-9.0,13.0,-2.0,2.0
2848,main_green,main_green,54,72.0,10.296158003693902,7,2,2,-9.0,13.0,-2.0,2.0
2849,main_green,main_green,52,78.0,10.144618184343791,6,2,2,1.0,17.0,0.0,4.0
2850,main_green,main_green,51,84.0,9.790370479885771,7,2,2,1.0,17.0,0.0,4.0
2851,main_green,main_green,51,91.0,9.806303084750594,7,2,2,1.0,17.0,0.0,4.0
2852,main_green,main_green,50,99.0,9.440096005893263,9,2,2,1.0,17.0,0.0,4.0
2853,main_green,main_green,50,108.0,9.625640048859195,9,2,2,1.0,17.0,0.0,4.0
2854,main_green,main_green,49,118.0,9.666169899525121,10,2,2,1.0,17.0,0.0,4.0
2855,main_green,main_green,50,128.0,9.415393621034875,11,2,2,1.0,17.0,0.0,4.0
2856,main_green,main_green,55,138.0,8.684780152921554,15,2,2,1.0,17.0,0.0,4.0
2857,main_green,main_green,53,148.0,8.924521441779266,10,2,2,1.0,17.0,0.0,4.0
2858,main_green,main_green,53,158.0,9.102619320845566,10,2,2,1.0,17.0,0.0,4.0
2859,main_green,main_green,52,168.0,9.3200175912696,10,2,2,3.0,7.0,12.0,18.0
2860,main_green,main_green,53,178.0,9.085955617104279,12,2,2,3.0,7.0,12.0,18.0
2861,main_green,main_green,53,188.0,9.122515470887372,10,2,2,3.0,7.0,12.0,18.0
2862,main_green,main_green,53,198.0,9.109071137164307,10,2,2,3.0,7.0,12.0,18.0
2863,main_green,main_green,53,209.0,9.176794829451113,11,2,2,3.0,7.0,12.0,18.0
2864,main_green,main_green,54,221.0,8.999398365958198,13,2,2,3.0,7.0,12.0,18.0
2865,main_green,main_green,54,235.0,8.819281237718887,15,2,2,3.0,7.0,12.0,18.0
2866,main_green,main_green,54,249.0,9.033790574289187,14,2,2,3.0,7.0,12.0,18.0
2867,main_green,main_green,54,263.0,9.09173065238824,14,2,2,3.0,7.0,12.0,18.0
2868,main_green,main_green,57,277.0,8.292711494624625,19,2,2,3.0,7.0,12.0,18.0
2869,main_green,main_green,57,291.0,8.51666123544623,14,2,2,5.0,7.0,17.0,19.0
2870,main_green,main_green,58,305.0,8.6834984432849,15,2,2,5.0,7.0,17.0,19.0
2871,main_green,main_green,57,319.0,8.750676194211866,14,2,2,5.0,7.0,17.0,19.0
2872,main_green,main_green,58,333.0,8.434609232281996,15,2,2,5.0,7.0,17.0,19.0
2873,main_green,main_green,58,347.0,8.587196827849061,14,2,2,5.0,7.0,17.0,19.0
2874,main_green,main_green,58,361.0,8.506895331016649,14,2,2,5.0,7.0,17.0,19.0
2875,main_green,main_green,58,377.0,8.316796257245175,17,2,2,5.0,7.0,17.0,19.0
2876,main_green,main_green,59,394.0,8.35795306743643,18,2,2,5.0,7.0,17.0,19.0
2877,main_green,main_green,59,412.0,8.390817458446683,18,2,2,5.0,7.0,17.0,19.0
2878,main_green,main_green,58,430.0,8.462449563886716,18,2,2,5.0,7.0,17.0,19.0
2879,yellow_transition,yellow_transition,58,448.0,8.452940608108971,18,3,3,7.0,7.0,13.0,11.0
2880,yellow_transition,yellow_transition,63,466.0,7.722329605005242,23,3,3,7.0,7.0,13.0,11.0
2881,yellow_transition,yellow_transition,64,484.0,7.397149949989957,19,3,3,7.0,7.0,13.0,11.0
2882,main_green,side_green,62,312.0,7.440616798419579,15,2,0,7.0,7.0,13.0,11.0
2883,main_green,side_green,62,227.0,7.799076922155376,12,2,0,7.0,7.0,13.0,11.0
2884,main_green,side_green,63,220.0,7.791139067929851,12,2,0,7.0,7.0,13.0,11.0
2885,main_green,side_green,62,231.0,8.017483710434654,11,2,0,7.0,7.0,13.0,11.0
2886,main_green,side_green,63,243.0,8.21714050326115,13,2,0,7.0,7.0,13.0,11.0
2887,main_green,side_green,63,257.0,8.604676306357167,14,2,0,7.0,7.0,13.0,11.0
2888,main_green,side_green,63,272.0,8.73249676102556,16,2,0,7.0,7.0,13.0,11.0
2889,main_green,side_green,62,287.0,8.880657600739964,15,2,0,7.0,7.0,13.0,11.0
2890,main_green,side_green,59,302.0,8.750570759076501,15,2,0,7.0,7.0,13.0,11.0
2891,main_green,side_green,60,317.0,8.729356937586592,16,2,0,7.0,7.0,13.0,11.0
2892,yellow_transition,yellow_transition,65,333.0,8.039657898837305,21,3,1,10.0,2.0,-14.0,18.0
2893,yellow_transition,yellow_transition,64,349.0,8.036409734760356,16,3,1,10.0,2.0,-14.0,18.0
2894,yellow_transition,yellow_transition,64,365.0,8.02959578347727,16,3,1,10.0,2.0,-14.0,18.0
2895,side_green,main_green,62,137.0,7.983039932446077,9,0,2,10.0,2.0,-14.0,18.0
2896,side_green,main_green,64,22.0,8.07595371926231,5,0,2,10.0,2.0,-14.0,18.0
2897,side_green,main_green,63,2.0,8.481838130301691,2,0,2,10.0,2.0,-14.0,18.0
2898,side_green,main_green,63,4.0,8.940832433302827,2,0,2,10.0,2.0,-14.0,18.0
2899,side_green,main_green,63,7.0,9.330629042273547,3,0,2,10.0,2.0,-14.0,18.0
2900,side_green,main_green,61,10.0,9.491454865920453,4,0,2,10.0,2.0,-14.0,18.0
2901,side_green,main_green,60,15.0,9.843393539226415,6,0,2,10.0,2.0,-14.0,18.0
2902,side_green,main_green,59,20.0,10.275089291024905,5,0,2,10.0,2.0,-14.0,18.0
2903,side_green,main_green,58,26.0,10.477955290701116,6,0,2,10.0,2.0,-14.0,18.0
2904,side_green,main_green,62,33.0,9.823700301263417,12,0,2,10.0,2.0,-14.0,18.0
2905,yellow_transition,yellow_transition,60,40.0,9.94116497456376,7,1,3,-9.0,17.0,-7.0,-3.0
2906,yellow_transition,yellow_transition,59,47.0,9.859738890367709,8,1,3,-9.0,17.0,-7.0,-3.0
2907,yellow_transition,yellow_transition,56,55.0,9.834599635389242,8,1,3,-9.0,17.0,-7.0,-3.0
2908,main_green,main_green,57,26.0,10.006396063605491,5,2,2,-9.0,17.0,-7.0,-3.0
2909,main_green,main_green,56,20.0,10.112872291233947,2,2,2,-9.0,17.0,-7.0,-3.0
2910,main_green,main_green,56,22.0,10.235345972765076,2,2,2,-9.0,17.0,-7.0,-3.0
2911,main_green,main_green,57,24.0,10.19008239596044,3,2,2,-9.0,17.0,-7.0,-3.0
2912,main_green,main_green,58,27.0,10.319160325942624,4,2,2,-9.0,17.0,-7.0,-3.0
2913,main_green,main_green,57,33.0,10.54872039525203,6,2,2,-9.0,17.0,-7.0,-3.0
2914,main_green,main_green,54,39.0,10.730177254415858,6,2,2,-9.0,17.0,-7.0,-3.0
2915,main_green,main_green,53,45.0,10.786735764148899,6,2,2,-9.0,17.0,-7.0,-3.0
2916,main_green,main_green,55,51.0,9.820420834058005,11,2,2,-9.0,17.0,-7.0,-3.0
2917,main_green,main_green,56,57.0,10.015021011348166,7,2,2,-9.0,17.0,-7.0,-3.0
2918,main_green,main_green,53,63.0,10.05997525340125,6,2,2,1.0,17.0,-1.0,3.0
2919,main_green,main_green,52,69.0,10.311517352761216,6,2,2,1.0,17.0,-1.0,3.0
2920,main_green,main_green,53,75.0,10.196242574960896,7,2,2,1.0,17.0,-1.0,3.0
2921,main_green,main_green,52,81.0,10.24746509119847,6,2,2,1.0,17.0,-1.0,3.0
2922,main_green,main_green,53,87.0,9.99521684631975,7,2,2,1.0,17.0,-1.0,3.0
2923,main_green,main_green,53,94.0,9.942849424579439,7,2,2,1.0,17.0,-1.0,3.0
2924,main_green,main_green,53,102.0,9.69217346874481,9,2,2,1.0,17.0,-1.0,3.0
2925,main_green,main_green,51,111.0,9.673085114367401,9,2,2,1.0,17.0,-1.0,3.0
2926,main_green,main_green,50,121.0,9.647066861728588,10,2,2,1.0,17.0,-1.0,3.0
2927,main_green,main_green,50,131.0,9.698615968309426,11,2,2,1.0,17.0,-1.0,3.0
2928,main_green,main_green,55,141.0,8.80665019965759,15,2,2,-3.0,5.0,8.0,22.0
2929,main_green,main_green,54,151.0,9.03944316698742,10,2,2,-3.0,5.0,8.0,22.0
2930,main_green,main_green,54,161.0,9.308817066845453,10,2,2,-3.0,5.0,8.0,22.0
2931,main_green,main_green,54,171.0,9.566308436823148,10,2,2,-3.0,5.0,8.0,22.0
2932,main_green,main_green,55,181.0,9.141764123944121,12,2,2,-3.0,5.0,8.0,22.0
2933,main_green,main_green,54,191.0,9.194977800253135,10,2,2,-3.0,5.0,8.0,22.0
2934,main_green,main_green,53,201.0,9.03448444678306,10,2,2,-3.0,5.0,8.0,22.0
2935,main_green,main_green,52,213.0,8.929247766425785,12,2,2,-3.0,5.0,8.0,22.0
2936,main_green,main_green,52,227.0,8.70094198609708,15,2,2,-3.0,5.0,8.0,22.0
2937,main_green,main_green,53,241.0,8.643879520901432,15,2,2,-3.0,5.0,8.0,22.0
2938,main_green,main_green,53,255.0,8.834049872282527,14,2,2,3.0,7.0,13.0,19.0
2939,main_green,main_green,53,269.0,9.007136830235323,14,2,2,3.0,7.0,13.0,19.0
2940,main_green,main_green,58,283.0,8.302015898208504,19,2,2,3.0,7.0,13.0,19.0
2941,main_green,main_green,58,297.0,8.58766822847285,14,2,2,3.0,7.0,13.0,19.0
2942,main_green,main_green,59,311.0,8.682604660459027,15,2,2,3.0,7.0,13.0,19.0
2943,main_green,main_green,57,325.0,8.47558008044717,14,2,2,3.0,7.0,13.0,19.0
2944,main_green,main_green,58,339.0,8.287678041974209,15,2,2,3.0,7.0,13.0,19.0
2945,main_green,main_green,58,353.0,8.241516505935934,14,2,2,3.0,7.0,13.0,19.0
2946,main_green,main_green,57,367.0,8.305098896015505,14,2,2,3.0,7.0,13.0,19.0
2947,main_green,main_green,58,383.0,8.292561858488522,17,2,2,3.0,7.0,13.0,19.0
2948,yellow_transition,yellow_transition,58,401.0,8.059607617194589,19,3,3,8.0,8.0,12.0,10.0
2949,yellow_transition,yellow_transition,58,419.0,8.232424343922442,18,3,3,8.0,8.0,12.0,10.0
2950,yellow_transition,yellow_transition,58,437.0,8.311025832243127,18,3,3,8.0,8.0,12.0,10.0
2951,main_green,side_green,58,272.0,8.596234143900979,14,2,0,8.0,8.0,12.0,10.0
2952,main_green,side_green,63,191.0,8.141357184934733,15,2,0,8.0,8.0,12.0,10.0
2953,main_green,side_green,64,187.0,8.431233379361426,9,2,0,8.0,8.0,12.0,10.0
2954,main_green,side_green,64,195.0,8.836018367800923,8,2,0,8.0,8.0,12.0,10.0
2955,main_green,side_green,64,203.0,9.148658180579238,8,2,0,8.0,8.0,12.0,10.0
2956,main_green,side_green,65,212.0,9.20043117979545,10,2,0,8.0,8.0,12.0,10.0
2957,main_green,side_green,62,221.0,9.322557666771615,9,2,0,8.0,8.0,12.0,10.0
2958,main_green,side_green,62,230.0,9.244547860508257,10,2,0,8.0,8.0,12.0,10.0
2959,main_green,side_green,62,241.0,9.38498062774803,11,2,0,8.0,8.0,12.0,10.0
2960,main_green,side_green,61,253.0,9.090722626342576,13,2,0,8.0,8.0,12.0,10.0
2961,yellow_transition,yellow_transition,61,267.0,8.937942220555074,14,3,1,11.0,7.0,-15.0,11.0
2962,yellow_transition,yellow_transition,61,281.0,8.88399318734617,14,3,1,11.0,7.0,-15.0,11.0
2963,yellow_transition,yellow_transition,60,296.0,8.508223021856473,16,3,1,11.0,7.0,-15.0,11.0
2964,side_green,main_green,65,107.0,8.080805841218522,14,0,2,11.0,7.0,-15.0,11.0
2965,side_green,main_green,65,16.0,8.618826300240253,3,0,2,11.0,7.0,-15.0,11.0
2966,side_green,main_green,64,4.0,9.210026554672119,1,0,2,11.0,7.0,-15.0,11.0
2967,side_green,main_green,64,5.0,9.749103729626155,1,0,2,11.0,7.0,-15.0,11.0
2968,side_green,main_green,66,6.0,9.958214859720247,3,0,2,11.0,7.0,-15.0,11.0
2969,side_green,main_green,61,7.0,10.067520588258567,1,0,2,11.0,7.0,-15.0,11.0
2970,side_green,main_green,60,8.0,10.346789384605533,1,0,2,11.0,7.0,-15.0,11.0
2971,side_green,main_green,57,11.0,10.337566496568373,3,0,2,11.0,7.0,-15.0,11.0
2972,side_green,main_green,55,16.0,10.278498477606119,6,0,2,11.0,7.0,-15.0,11.0
2973,side_green,main_green,54,23.0,9.995160639435312,8,0,2,11.0,7.0,-15.0,11.0
2974,yellow_transition,yellow_transition,52,31.0,9.997916617789805,8,1,3,-13.0,19.0,-8.0,0.0
2975,yellow_transition,yellow_transition,52,40.0,10.095349211659656,9,1,3,-13.0,19.0,-8.0,0.0
2976,yellow_transition,yellow_transition,56,49.0,9.087426433790872,14,1,3,-13.0,19.0,-8.0,0.0
2977,main_green,main_green,55,25.0,9.359050684528976,5,2,2,-13.0,19.0,-8.0,0.0
2978,main_green,main_green,56,15.0,9.642323554017798,3,2,2,-13.0,19.0,-8.0,0.0
2979,main_green,main_green,56,17.0,10.135008264166293,2,2,2,-13.0,19.0,-8.0,0.0
2980,main_green,main_green,57,19.0,10.334282026912499,3,2,2,-13.0,19.0,-8.0,0.0
2981,main_green,main_green,57,21.0,10.744664140664165,2,2,2,-13.0,19.0,-8.0,0.0
2982,main_green,main_green,55,23.0,10.938648517543639,2,2,2,-13.0,19.0,-8.0,0.0
2983,main_green,main_green,54,25.0,10.786329496558713,3,2,2,-13.0,19.0,-8.0,0.0
2984,main_green,main_green,53,27.0,10.5629749474974,3,2,2,-13.0,19.0,-8.0,0.0
2985,main_green,main_green,50,32.0,10.57772695125672,5,2,2,-13.0,19.0,-8.0,0.0
2986,main_green,main_green,48,37.0,10.689829505989728,5,2,2,-13.0,19.0,-8.0,0.0
2987,main_green,main_green,47,43.0,10.755609525526166,6,2,2,-3.0,13.0,-2.0,10.0
2988,main_green,main_green,51,49.0,9.749894024175054,11,2,2,-3.0,13.0,-2.0,10.0
2989,main_green,main_green,52,55.0,9.732928219462947,7,2,2,-3.0,13.0,-2.0,10.0
2990,main_green,main_green,52,61.0,10.003419633702809,6,2,2,-3.0,13.0,-2.0,10.0
2991,main_green,main_green,51,67.0,10.237238147178854,6,2,2,-3.0,13.0,-2.0,10.0
2992,main_green,main_green,50,73.0,9.976498188247785,7,2,2,-3.0,13.0,-2.0,10.0
2993,main_green,main_green,50,79.0,9.928317169616886,6,2,2,-3.0,13.0,-2.0,10.0
2994,main_green,main_green,50,85.0,9.584556700299864,7,2,2,-3.0,13.0,-2.0,10.0
2995,main_green,main_green,49,92.0,9.594989636885623,7,2,2,-3.0,13.0,-2.0,10.0
2996,main_green,main_green,50,100.0,9.36557612102967,9,2,2,-3.0,13.0,-2.0,10.0
2997,main_green,main_green,50,109.0,9.586746063786403,9,2,2,-5.0,5.0,9.0,21.0
2998,main_green,main_green,50,119.0,9.653404418622522,10,2,2,-5.0,5.0,9.0,21.0
2999,main_green,main_green,51,129.0,9.574432565178757,11,2,2,-5.0,5.0,9.0,21.0
3000,main_green,main_green,56,139.0,8.769534695861378,15,2,2,-5.0,5.0,9.0,21.0
3001,main_green,main_green,55,149.0,8.937917613792273,10,2,2,-5.0,5.0,9.0,21.0
3002,main_green,main_green,55,159.0,9.19504711777101,10,2,2,-5.0,5.0,9.0,21.0
3003,main_green,main_green,54,169.0,9.27950776725852,10,2,2,-5.0,5.0,9.0,21.0
3004,main_green,main_green,55,179.0,9.093383363348295,12,2,2,-5.0,5.0,9.0,21.0
3005,main_green,main_green,55,189.0,9.240123344372359,10,2,2,-5.0,5.0,9.0,21.0
3006,main_green,main_green,55,199.0,9.408557530431992,10,2,2,-5.0,5.0,9.0,21.0
3007,main_green,main_green,54,209.0,9.15542063989148,10,2,2,0.0,6.0,13.0,19.0
3008,main_green,main_green,53,220.0,8.848011893781294,12,2,2,0.0,6.0,13.0,19.0
3009,main_green,main_green,54,232.0,8.71242553038363,13,2,2,0.0,6.0,13.0,19.0
3010,main_green,main_green,54,246.0,8.829170904172914,14,2,2,0.0,6.0,13.0,19.0
3011,main_green,main_green,54,260.0,8.912303938789533,14,2,2,0.0,6.0,13.0,19.0
3012,main_green,main_green,59,274.0,8.324728193868285,19,2,2,0.0,6.0,13.0,19.0
3013,main_green,main_green,59,288.0,8.46452432027275,14,2,2,0.0,6.0,13.0,19.0
3014,main_green,main_green,59,302.0,8.560134060736305,15,2,2,0.0,6.0,13.0,19.0
3015,main_green,main_green,59,316.0,8.566681582604012,14,2,2,0.0,6.0,13.0,19.0
3016,main_green,main_green,58,330.0,8.471052025307136,15,2,2,0.0,6.0,13.0,19.0
3017,yellow_transition,yellow_transition,58,344.0,8.354900087834245,14,3,3,12.0,16.0,11.0,7.0
3018,yellow_transition,yellow_transition,56,358.0,8.268237387968375,14,3,3,12.0,16.0,11.0,7.0
3019,yellow_transition,yellow_transition,57,373.0,8.049466321060036,16,3,3,12.0,16.0,11.0,7.0
3020,main_green,side_green,58,219.0,8.003131846709577,14,2,0,12.0,16.0,11.0,7.0
3021,main_green,side_green,58,156.0,8.205029230845145,10,2,0,12.0,16.0,11.0,7.0
3022,main_green,side_green,58,160.0,8.391177183905631,8,2,0,12.0,16.0,11.0,7.0
3023,main_green,side_green,58,169.0,8.717890285438202,9,2,0,12.0,16.0,11.0,7.0
3024,main_green,side_green,62,179.0,8.167950691958374,15,2,0,12.0,16.0,11.0,7.0
3025,main_green,side_green,63,189.0,8.576156332666624,11,2,0,12.0,16.0,11.0,7.0
3026,main_green,side_green,63,199.0,9.003960381703148,10,2,0,12.0,16.0,11.0,7.0
3027,main_green,side_green,62,211.0,9.263508697506522,12,2,0,12.0,16.0,11.0,7.0
3028,main_green,side_green,63,223.0,9.155454006498577,13,2,0,12.0,16.0,11.0,7.0
3029,main_green,side_green,63,235.0,9.165116177288034,12,2,0,12.0,16.0,11.0,7.0
3030,yellow_transition,yellow_transition,64,247.0,8.97884292941942,13,3,1,11.0,5.0,-14.0,10.0
3031,yellow_transition,yellow_transition,64,259.0,9.129613414143815,12,3,1,11.0,5.0,-14.0,10.0
3032,yellow_transition,yellow_transition,63,274.0,8.90635104195133,16,3,1,11.0,5.0,-14.0,10.0
3033,side_green,main_green,63,85.0,9.11295547267005,7,0,2,11.0,5.0,-14.0,10.0
3034,side_green,main_green,61,6.0,9.35616840876184,2,0,2,11.0,5.0,-14.0,10.0
3035,side_green,main_green,61,0.0,9.555168453389236,1,0,2,11.0,5.0,-14.0,10.0
3036,side_green,main_green,65,1.0,9.215417105819705,6,0,2,11.0,5.0,-14.0,10.0
3037,side_green,main_green,64,2.0,9.732587622885978,1,0,2,11.0,5.0,-14.0,10.0
3038,side_green,main_green,64,3.0,10.356468073554934,1,0,2,11.0,5.0,-14.0,10.0
3039,side_green,main_green,58,6.0,10.72068034010122,3,0,2,11.0,5.0,-14.0,10.0
3040,side_green,main_green,60,9.0,10.819056305669049,5,0,2,11.0,5.0,-14.0,10.0
3041,side_green,main_green,58,12.0,10.922739574889142,3,0,2,11.0,5.0,-14.0,10.0
3042,side_green,main_green,56,15.0,11.02996889951446,3,0,2,11.0,5.0,-14.0,10.0
3043,yellow_transition,yellow_transition,55,18.0,10.703537793421901,3,1,3,-16.0,10.0,-7.0,3.0
3044,yellow_transition,yellow_transition,56,23.0,10.659579459750487,6,1,3,-16.0,10.0,-7.0,3.0
3045,yellow_transition,yellow_transition,55,29.0,10.349798847343914,7,1,3,-16.0,10.0,-7.0,3.0
3046,main_green,main_green,53,8.0,10.458790146385967,3,2,2,-16.0,10.0,-7.0,3.0
3047,main_green,main_green,53,8.0,10.57121964623712,2,2,2,-16.0,10.0,-7.0,3.0
3048,main_green,main_green,58,10.0,9.802297542875007,7,2,2,-16.0,10.0,-7.0,3.0
3049,main_green,main_green,56,12.0,10.051440598504252,2,2,2,-16.0,10.0,-7.0,3.0
3050,main_green,main_green,57,14.0,10.383106305895655,3,2,2,-16.0,10.0,-7.0,3.0
3051,main_green,main_green,56,16.0,10.99579490985157,2,2,2,-16.0,10.0,-7.0,3.0
3052,main_green,main_green,54,18.0,11.045834132330814,3,2,2,-16.0,10.0,-7.0,3.0
3053,main_green,main_green,54,20.0,11.341055045370554,2,2,2,-16.0,10.0,-7.0,3.0
3054,main_green,main_green,50,22.0,11.29696680720806,2,2,2,-16.0,10.0,-7.0,3.0
3055,main_green,main_green,49,24.0,10.967863117464503,3,2,2,-16.0,10.0,-7.0,3.0
3056,main_green,main_green,49,27.0,10.629155566282286,4,2,2,-3.0,15.0,-4.0,6.0
3057,main_green,main_green,47,31.0,10.538403066947032,4,2,2,-3.0,15.0,-4.0,6.0
3058,main_green,main_green,47,36.0,10.823659033850785,5,2,2,-3.0,15.0,-4.0,6.0
3059,main_green,main_green,44,42.0,10.688859843755468,6,2,2,-3.0,15.0,-4.0,6.0
3060,main_green,main_green,49,48.0,9.695411602353524,11,2,2,-3.0,15.0,-4.0,6.0
3061,main_green,main_green,48,54.0,9.594405660411622,7,2,2,-3.0,15.0,-4.0,6.0
3062,main_green,main_green,48,60.0,10.004397147967476,6,2,2,-3.0,15.0,-4.0,6.0
3063,main_green,main_green,47,66.0,10.047765004893963,6,2,2,-3.0,15.0,-4.0,6.0
3064,main_green,main_green,48,72.0,10.025451776932808,7,2,2,-3.0,15.0,-4.0,6.0
3065,main_green,main_green,48,78.0,10.025015527351666,6,2,2,-3.0,15.0,-4.0,6.0
3066,main_green,main_green,49,84.0,9.702186076611063,7,2,2,-1.0,9.0,8.0,16.0
3067,main_green,main_green,49,90.0,9.82488337343619,6,2,2,-1.0,9.0,8.0,16.0
3068,main_green,main_green,50,99.0,9.646956951928706,10,2,2,-1.0,9.0,8.0,16.0
3069,main_green,main_green,50,109.0,9.683510333309755,10,2,2,-1.0,9.0,8.0,16.0
3070,main_green,main_green,49,119.0,9.744058368370503,10,2,2,-1.0,9.0,8.0,16.0
3071,main_green,main_green,50,129.0,9.649913530685494,11,2,2,-1.0,9.0,8.0,16.0
3072,main_green,main_green,54,139.0,8.768222714463485,15,2,2,-1.0,9.0,8.0,16.0
3073,main_green,main_green,54,149.0,9.140340510081069,10,2,2,-1.0,9.0,8.0,16.0
3074,main_green,main_green,53,159.0,9.230784857089095,10,2,2,-1.0,9.0,8.0,16.0
3075,main_green,main_green,53,169.0,9.39416458727401,10,2,2,-1.0,9.0,8.0,16.0
3076,main_green,main_green,55,179.0,9.107051143450537,12,2,2,2.0,6.0,11.0,13.0
3077,main_green,main_green,55,189.0,9.13973035876227,10,2,2,2.0,6.0,11.0,13.0
3078,main_green,main_green,54,200.0,9.048644694840196,11,2,2,2.0,6.0,11.0,13.0
3079,main_green,main_green,54,211.0,9.21646846130347,11,2,2,2.0,6.0,11.0,13.0
3080,main_green,main_green,54,222.0,9.00045935943748,12,2,2,2.0,6.0,11.0,13.0
3081,main_green,main_green,55,235.0,8.98878958955711,14,2,2,2.0,6.0,11.0,13.0
3082,main_green,main_green,54,249.0,8.958169024533106,14,2,2,2.0,6.0,11.0,13.0
3083,main_green,main_green,54,263.0,9.107691392785608,14,2,2,2.0,6.0,11.0,13.0
3084,main_green,main_green,59,277.0,8.483376803562287,19,2,2,2.0,6.0,11.0,13.0
3085,main_green,main_green,58,291.0,8.62604957453734,14,2,2,2.0,6.0,11.0,13.0
3086,yellow_transition,yellow_transition,59,305.0,8.68133688083122,15,3,3,9.0,9.0,13.0,9.0
3087,yellow_transition,yellow_transition,59,319.0,8.814286904276898,14,3,3,9.0,9.0,13.0,9.0
3088,yellow_transition,yellow_transition,59,333.0,8.43394914855727,15,3,3,9.0,9.0,13.0,9.0
3089,main_green,side_green,58,190.0,8.616034684887063,10,2,0,9.0,9.0,13.0,9.0
3090,main_green,side_green,57,134.0,8.757206392211911,7,2,0,9.0,9.0,13.0,9.0
3091,main_green,side_green,58,139.0,8.725451088834719,7,2,0,9.0,9.0,13.0,9.0
3092,main_green,side_green,59,147.0,8.76690855584444,9,2,0,9.0,9.0,13.0,9.0
3093,main_green,side_green,59,156.0,9.231161471132168,9,2,0,9.0,9.0,13.0,9.0
3094,main_green,side_green,57,165.0,9.456411280678285,9,2,0,9.0,9.0,13.0,9.0
3095,main_green,side_green,57,176.0,9.733246016195853,11,2,0,9.0,9.0,13.0,9.0
3096,main_green,side_green,61,187.0,9.03656575018716,16,2,0,9.0,9.0,13.0,9.0
3097,main_green,side_green,61,198.0,8.930286364316075,12,2,0,9.0,9.0,13.0,9.0
3098,main_green,side_green,60,209.0,9.06160449023017,11,2,0,9.0,9.0,13.0,9.0
3099,yellow_transition,yellow_transition,59,222.0,9.048612152929044,13,3,1,13.0,5.0,-9.0,11.0
3100,yellow_transition,yellow_transition,59,235.0,8.780589843787167,14,3,1,13.0,5.0,-9.0,11.0
3101,yellow_transition,yellow_transition,57,248.0,8.27827722008148,13,3,1,13.0,5.0,-9.0,11.0
3102,side_green,main_green,58,70.0,8.1911647975022,7,0,2,13.0,5.0,-9.0,11.0
3103,side_green,main_green,58,2.0,8.491097383189725,1,0,2,13.0,5.0,-9.0,11.0
3104,side_green,main_green,59,0.0,8.671842690025256,1,0,2,13.0,5.0,-9.0,11.0
3105,side_green,main_green,59,3.0,9.266446089722931,3,0,2,13.0,5.0,-9.0,11.0
3106,side_green,main_green,59,7.0,9.947309534621832,4,0,2,13.0,5.0,-9.0,11.0
3107,side_green,main_green,58,11.0,10.186462858725308,5,0,2,13.0,5.0,-9.0,11.0
3108,side_green,main_green,61,16.0,9.602584678615687,10,0,2,13.0,5.0,-9.0,11.0
3109,side_green,main_green,58,21.0,9.86786915564576,5,0,2,13.0,5.0,-9.0,11.0
3110,side_green,main_green,57,26.0,10.045800945772605,5,0,2,13.0,5.0,-9.0,11.0
3111,side_green,main_green,54,33.0,10.07920639408504,7,0,2,13.0,5.0,-9.0,11.0
3112,yellow_transition,yellow_transition,54,40.0,9.811181847528353,9,1,3,-8.0,14.0,-2.0,0.0
3113,yellow_transition,yellow_transition,54,47.0,9.81681905330404,7,1,3,-8.0,14.0,-2.0,0.0
3114,yellow_transition,yellow_transition,53,54.0,9.75377562636675,7,1,3,-8.0,14.0,-2.0,0.0
3115,main_green,main_green,53,27.0,9.647849584797711,3,2,2,-8.0,14.0,-2.0,0.0
3116,main_green,main_green,54,25.0,9.594677219699268,4,2,2,-8.0,14.0,-2.0,0.0
3117,main_green,main_green,55,30.0,9.582328482286588,6,2,2,-8.0,14.0,-2.0,0.0
3118,main_green,main_green,55,35.0,9.949896155133423,5,2,2,-8.0,14.0,-2.0,0.0
3119,main_green,main_green,55,41.0,10.274015130917098,6,2,2,-8.0,14.0,-2.0,0.0
3120,main_green,main_green,58,47.0,9.642098648117178,11,2,2,-8.0,14.0,-2.0,0.0
3121,main_green,main_green,57,53.0,9.943904769951775,6,2,2,-8.0,14.0,-2.0,0.0
3122,main_green,main_green,55,59.0,10.015882519538431,7,2,2,-8.0,14.0,-2.0,0.0
3123,main_green,main_green,52,65.0,10.186828323668083,6,2,2,-8.0,14.0,-2.0,0.0
3124,main_green,main_green,53,71.0,10.181713940904334,7,2,2,-8.0,14.0,-2.0,0.0
3125,main_green,main_green,51,77.0,10.17522736643013,6,2,2,1.0,15.0,2.0,8.0
3126,main_green,main_green,50,84.0,9.92778701898006,7,2,2,1.0,15.0,2.0,8.0
3127,main_green,main_green,51,91.0,9.816198190505704,8,2,2,1.0,15.0,2.0,8.0
3128,main_green,main_green,51,100.0,9.588178849509376,10,2,2,1.0,15.0,2.0,8.0
3129,main_green,main_green,50,110.0,9.61896945386758,10,2,2,1.0,15.0,2.0,8.0
3130,main_green,main_green,50,120.0,9.635945321620362,10,2,2,1.0,15.0,2.0,8.0
3131,main_green,main_green,48,130.0,9.698581800128638,10,2,2,1.0,15.0,2.0,8.0
3132,main_green,main_green,51,140.0,8.639829252611714,15,2,2,1.0,15.0,2.0,8.0
3133,main_green,main_green,52,150.0,8.811615706924458,11,2,2,1.0,15.0,2.0,8.0
3134,main_green,main_green,52,160.0,8.995962040365763,10,2,2,1.0,15.0,2.0,8.0
3135,main_green,main_green,52,170.0,9.186095733676353,10,2,2,2.0,6.0,13.0,19.0
3136,main_green,main_green,53,180.0,9.01202006433968,11,2,2,2.0,6.0,13.0,19.0
3137,main_green,main_green,53,190.0,8.993920074419176,10,2,2,2.0,6.0,13.0,19.0
3138,main_green,main_green,54,200.0,8.84154749334405,11,2,2,2.0,6.0,13.0,19.0
3139,main_green,main_green,54,211.0,8.95118716743132,11,2,2,2.0,6.0,13.0,19.0
3140,main_green,main_green,55,223.0,8.822285495259056,13,2,2,2.0,6.0,13.0,19.0
3141,main_green,main_green,54,237.0,8.864412952785516,14,2,2,2.0,6.0,13.0,19.0
3142,main_green,main_green,53,251.0,8.84575229032927,14,2,2,2.0,6.0,13.0,19.0
3143,main_green,main_green,53,265.0,8.762324506617675,15,2,2,2.0,6.0,13.0,19.0
3144,main_green,main_green,58,279.0,8.112450627417958,19,2,2,2.0,6.0,13.0,19.0
3145,main_green,main_green,58,293.0,8.342559637393643,14,2,2,8.0,10.0,15.0,15.0
3146,main_green,main_green,58,307.0,8.621968002338326,14,2,2,8.0,10.0,15.0,15.0
3147,main_green,main_green,58,321.0,8.75085304443429,14,2,2,8.0,10.0,15.0,15.0
3148,main_green,main_green,60,335.0,8.498687635479264,16,2,2,8.0,10.0,15.0,15.0
3149,main_green,main_green,60,349.0,8.48317946840171,14,2,2,8.0,10.0,15.0,15.0
3150,main_green,main_green,57,364.0,8.214498123258533,15,2,2,8.0,10.0,15.0,15.0
3151,main_green,main_green,57,380.0,8.377169344555421,16,2,2,8.0,10.0,15.0,15.0
3152,main_green,main_green,56,397.0,8.074396151318608,18,2,2,8.0,10.0,15.0,15.0
3153,main_green,main_green,57,414.0,8.067859291660984,18,2,2,8.0,10.0,15.0,15.0
3154,main_green,main_green,57,431.0,8.169147613782705,17,2,2,8.0,10.0,15.0,15.0
3155,yellow_transition,yellow_transition,57,449.0,8.243833651771123,18,3,3,12.0,16.0,10.0,6.0
3156,yellow_transition,yellow_transition,62,467.0,7.546760968907581,23,3,3,12.0,16.0,10.0,6.0
3157,yellow_transition,yellow_transition,60,485.0,7.427531679127093,18,3,3,12.0,16.0,10.0,6.0
3158,main_green,side_green,61,312.0,7.611248628057991,15,2,0,12.0,16.0,10.0,6.0
3159,main_green,side_green,61,222.0,7.810357545607438,10,2,0,12.0,16.0,10.0,6.0
3160,main_green,side_green,62,211.0,7.886455964558318,9,2,0,12.0,16.0,10.0,6.0
3161,main_green,side_green,62,220.0,8.05079998832911,9,2,0,12.0,16.0,10.0,6.0
3162,main_green,side_green,61,230.0,8.487841374954407,10,2,0,12.0,16.0,10.0,6.0
3163,main_green,side_green,62,242.0,8.824109029346443,13,2,0,12.0,16.0,10.0,6.0
3164,main_green,side_green,63,255.0,8.901246161639177,14,2,0,12.0,16.0,10.0,6.0
3165,main_green,side_green,62,268.0,9.021718133023155,13,2,0,12.0,16.0,10.0,6.0
3166,main_green,side_green,61,282.0,9.069337180348803,14,2,0,12.0,16.0,10.0,6.0
3167,main_green,side_green,60,296.0,9.13045991723292,14,2,0,12.0,16.0,10.0,6.0
3168,yellow_transition,yellow_transition,64,310.0,8.143225100615256,19,3,1,12.0,6.0,-16.0,12.0
3169,yellow_transition,yellow_transition,64,324.0,7.964997415849916,15,3,1,12.0,6.0,-16.0,12.0
3170,yellow_transition,yellow_transition,64,340.0,8.060158919316052,16,3,1,12.0,6.0,-16.0,12.0
3171,side_green,main_green,64,125.0,8.334121876918712,10,0,2,12.0,6.0,-16.0,12.0
3172,side_green,main_green,64,22.0,8.530144246427048,4,0,2,12.0,6.0,-16.0,12.0
3173,side_green,main_green,64,3.0,8.895782647337265,1,0,2,12.0,6.0,-16.0,12.0
3174,side_green,main_green,64,5.0,9.156976430787466,3,0,2,12.0,6.0,-16.0,12.0
3175,side_green,main_green,64,8.0,9.526205185612604,3,0,2,12.0,6.0,-16.0,12.0
3176,side_green,main_green,62,11.0,9.799926623444803,4,0,2,12.0,6.0,-16.0,12.0
3177,side_green,main_green,61,16.0,10.345415291598067,5,0,2,12.0,6.0,-16.0,12.0
3178,side_green,main_green,58,22.0,10.45076190077518,6,0,2,12.0,6.0,-16.0,12.0
3179,side_green,main_green,56,28.0,10.395644183233827,7,0,2,12.0,6.0,-16.0,12.0
3180,side_green,main_green,60,35.0,9.520135109427137,12,0,2,12.0,6.0,-16.0,12.0
3181,yellow_transition,yellow_transition,58,42.0,9.62397153347169,7,1,3,-10.0,18.0,-5.0,1.0
3182,yellow_transition,yellow_transition,56,49.0,9.708329131843652,7,1,3,-10.0,18.0,-5.0,1.0
3183,yellow_transition,yellow_transition,56,57.0,9.769318716066852,8,1,3,-10.0,18.0,-5.0,1.0
3184,main_green,main_green,58,25.0,9.615714811374012,6,2,2,-10.0,18.0,-5.0,1.0
3185,main_green,main_green,58,20.0,9.785432844426309,2,2,2,-10.0,18.0,-5.0,1.0
3186,main_green,main_green,58,22.0,10.001298875014758,2,2,2,-10.0,18.0,-5.0,1.0
3187,main_green,main_green,58,24.0,10.088479588481388,2,2,2,-10.0,18.0,-5.0,1.0
3188,main_green,main_green,59,28.0,10.26978992896746,5,2,2,-10.0,18.0,-5.0,1.0
3189,main_green,main_green,58,33.0,10.30395754924648,6,2,2,-10.0,18.0,-5.0,1.0
3190,main_green,main_green,57,38.0,10.531960222557439,5,2,2,-10.0,18.0,-5.0,1.0
3191,main_green,main_green,55,44.0,10.770767836639623,6,2,2,-10.0,18.0,-5.0,1.0
3192,main_green,main_green,58,50.0,9.876547765619287,11,2,2,-10.0,18.0,-5.0,1.0
3193,main_green,main_green,55,56.0,10.014116405961182,6,2,2,-10.0,18.0,-5.0,1.0
3194,main_green,main_green,55,62.0,10.167080092855008,7,2,2,-1.0,13.0,0.0,6.0
3195,main_green,main_green,52,68.0,10.324782567901714,6,2,2,-1.0,13.0,0.0,6.0
3196,main_green,main_green,53,74.0,10.237922592128761,7,2,2,-1.0,13.0,0.0,6.0
3197,main_green,main_green,52,80.0,10.243073549344079,6,2,2,-1.0,13.0,0.0,6.0
3198,main_green,main_green,52,86.0,10.236960653668623,6,2,2,-1.0,13.0,0.0,6.0
3199,main_green,main_green,51,93.0,9.912449007059536,8,2,2,-1.0,13.0,0.0,6.0
3200,main_green,main_green,52,101.0,9.70219075834423,9,2,2,-1.0,13.0,0.0,6.0
3201,main_green,main_green,51,109.0,9.72178817468517,8,2,2,-1.0,13.0,0.0,6.0
3202,main_green,main_green,50,118.0,9.818253619825338,9,2,2,-1.0,13.0,0.0,6.0
3203,main_green,main_green,50,128.0,10.067570335366709,10,2,2,-1.0,13.0,0.0,6.0
3204,main_green,main_green,55,138.0,9.10557853115015,15,2,2,-4.0,6.0,7.0,19.0
3205,main_green,main_green,55,148.0,9.109198473625474,11,2,2,-4.0,6.0,7.0,19.0
3206,main_green,main_green,55,158.0,9.268521213250002,10,2,2,-4.0,6.0,7.0,19.0
3207,main_green,main_green,55,168.0,9.410911384061746,10,2,2,-4.0,6.0,7.0,19.0
3208,main_green,main_green,55,178.0,9.156128404393929,11,2,2,-4.0,6.0,7.0,19.0
3209,main_green,main_green,55,188.0,9.20641937881916,10,2,2,-4.0,6.0,7.0,19.0
3210,main_green,main_green,55,198.0,8.96268982198048,11,2,2,-4.0,6.0,7.0,19.0
3211,main_green,main_green,55,209.0,8.990534580941171,11,2,2,-4.0,6.0,7.0,19.0
3212,main_green,main_green,56,222.0,8.941176743103536,14,2,2,-4.0,6.0,7.0,19.0
3213,main_green,main_green,53,236.0,8.778298820406249,14,2,2,-4.0,6.0,7.0,19.0
3214,main_green,main_green,53,250.0,8.934736984926548,14,2,2,1.0,7.0,13.0,17.0
3215,main_green,main_green,54,264.0,8.867944418425402,15,2,2,1.0,7.0,13.0,17.0
3216,main_green,main_green,59,278.0,8.170830584727788,19,2,2,1.0,7.0,13.0,17.0
3217,main_green,main_green,59,292.0,8.47833029925618,14,2,2,1.0,7.0,13.0,17.0
3218,main_green,main_green,59,306.0,8.691017275260693,14,2,2,1.0,7.0,13.0,17.0
3219,main_green,main_green,59,320.0,8.835323161904551,14,2,2,1.0,7.0,13.0,17.0
3220,main_green,main_green,60,334.0,8.432809641822674,16,2,2,1.0,7.0,13.0,17.0
3221,main_green,main_green,60,348.0,8.492311148149728,14,2,2,1.0,7.0,13.0,17.0
3222,main_green,main_green,58,363.0,8.454575808016138,15,2,2,1.0,7.0,13.0,17.0
3223,main_green,main_green,58,378.0,8.439856127048703,15,2,2,1.0,7.0,13.0,17.0
3224,yellow_transition,yellow_transition,58,396.0,8.119757061644249,19,3,3,8.0,8.0,13.0,9.0
3225,yellow_transition,yellow_transition,58,414.0,7.866169944122251,19,3,3,8.0,8.0,13.0,9.0
3226,yellow_transition,yellow_transition,58,432.0,7.8801171185083945,18,3,3,8.0,8.0,13.0,9.0
3227,main_green,side_green,58,267.0,8.111507912175982,14,2,0,8.0,8.0,13.0,9.0
3228,main_green,side_green,63,187.0,7.595149706668924,15,2,0,8.0,8.0,13.0,9.0
3229,main_green,side_green,63,184.0,8.077954344526887,9,2,0,8.0,8.0,13.0,9.0
3230,main_green,side_green,64,194.0,8.356408098603882,11,2,0,8.0,8.0,13.0,9.0
3231,main_green,side_green,63,205.0,8.577768884641264,11,2,0,8.0,8.0,13.0,9.0
3232,main_green,side_green,63,216.0,8.759801362257786,12,2,0,8.0,8.0,13.0,9.0
3233,main_green,side_green,61,227.0,8.858494142554532,11,2,0,8.0,8.0,13.0,9.0
3234,main_green,side_green,60,240.0,9.028467079159686,13,2,0,8.0,8.0,13.0,9.0
3235,main_green,side_green,60,255.0,9.083532451011704,16,2,0,8.0,8.0,13.0,9.0
3236,main_green,side_green,61,270.0,8.863190703875166,16,2,0,8.0,8.0,13.0,9.0
3237,yellow_transition,yellow_transition,60,285.0,8.933317249310733,15,3,1,12.0,6.0,-14.0,14.0
3238,yellow_transition,yellow_transition,60,300.0,8.835402261795853,15,3,1,12.0,6.0,-14.0,14.0
3239,yellow_transition,yellow_transition,60,316.0,8.88883742151588,16,3,1,12.0,6.0,-14.0,14.0
3240,side_green,main_green,63,112.0,8.275598544577514,13,0,2,12.0,6.0,-14.0,14.0
3241,side_green,main_green,63,14.0,8.481883212723288,3,0,2,12.0,6.0,-14.0,14.0
3242,side_green,main_green,62,0.0,8.9192558422259,0,0,2,12.0,6.0,-14.0,14.0
3243,side_green,main_green,62,0.0,9.381784484990616,0,0,2,12.0,6.0,-14.0,14.0
3244,side_green,main_green,63,1.0,9.763003539673374,2,0,2,12.0,6.0,-14.0,14.0
3245,side_green,main_green,60,3.0,10.111389140180853,2,0,2,12.0,6.0,-14.0,14.0
3246,side_green,main_green,59,6.0,10.447369225980415,4,0,2,12.0,6.0,-14.0,14.0
3247,side_green,main_green,56,9.0,10.749925973548786,3,0,2,12.0,6.0,-14.0,14.0
3248,side_green,main_green,56,13.0,10.569376598001558,5,0,2,12.0,6.0,-14.0,14.0
3249,side_green,main_green,53,18.0,10.426495816813972,5,0,2,12.0,6.0,-14.0,14.0
3250,yellow_transition,yellow_transition,53,23.0,10.361205561422311,5,1,3,-13.0,15.0,-7.0,3.0
3251,yellow_transition,yellow_transition,52,28.0,9.97891059151586,6,1,3,-13.0,15.0,-7.0,3.0
3252,yellow_transition,yellow_transition,57,35.0,9.105510245267109,12,1,3,-13.0,15.0,-7.0,3.0
3253,main_green,main_green,56,13.0,9.363418087790421,3,2,2,-13.0,15.0,-7.0,3.0
3254,main_green,main_green,56,13.0,9.777528945884956,2,2,2,-13.0,15.0,-7.0,3.0
3255,main_green,main_green,55,15.0,10.210585023013255,2,2,2,-13.0,15.0,-7.0,3.0
3256,main_green,main_green,57,17.0,10.22855855705498,4,2,2,-13.0,15.0,-7.0,3.0
3257,main_green,main_green,57,19.0,10.309400566885044,2,2,2,-13.0,15.0,-7.0,3.0
3258,main_green,main_green,56,21.0,10.481440041934897,2,2,2,-13.0,15.0,-7.0,3.0
3259,main_green,main_green,55,26.0,10.490845320213666,5,2,2,-13.0,15.0,-7.0,3.0
3260,main_green,main_green,54,32.0,10.325483865910938,7,2,2,-13.0,15.0,-7.0,3.0
3261,main_green,main_green,54,38.0,10.339125791900962,7,2,2,-13.0,15.0,-7.0,3.0
3262,main_green,main_green,53,44.0,10.390926159609847,6,2,2,-13.0,15.0,-7.0,3.0
3263,main_green,main_green,51,50.0,10.420566967457672,6,2,2,-5.0,13.0,-5.0,5.0
3264,main_green,main_green,54,56.0,9.544759909521943,11,2,2,-5.0,13.0,-5.0,5.0
3265,main_green,main_green,54,62.0,9.84782838763379,6,2,2,-5.0,13.0,-5.0,5.0
3266,main_green,main_green,53,68.0,9.899848154418763,7,2,2,-5.0,13.0,-5.0,5.0
3267,main_green,main_green,52,74.0,10.035462834537785,6,2,2,-5.0,13.0,-5.0,5.0
3268,main_green,main_green,53,80.0,9.895186373612404,7,2,2,-5.0,13.0,-5.0,5.0
3269,main_green,main_green,53,86.0,9.874762513199112,6,2,2,-5.0,13.0,-5.0,5.0
3270,main_green,main_green,51,92.0,9.76010011918706,6,2,2,-5.0,13.0,-5.0,5.0
3271,main_green,main_green,52,98.0,9.687012563888988,7,2,2,-5.0,13.0,-5.0,5.0
3272,main_green,main_green,51,107.0,9.515130215148096,10,2,2,-5.0,13.0,-5.0,5.0
3273,main_green,main_green,51,116.0,9.572620960821082,9,2,2,-1.0,9.0,7.0,17.0
3274,main_green,main_green,49,126.0,9.508014551288175,10,2,2,-1.0,9.0,7.0,17.0
3275,main_green,main_green,49,136.0,9.680038069559727,10,2,2,-1.0,9.0,7.0,17.0
3276,main_green,main_green,54,146.0,8.872188962393373,15,2,2,-1.0,9.0,7.0,17.0
3277,main_green,main_green,55,156.0,8.96990074022031,11,2,2,-1.0,9.0,7.0,17.0
3278,main_green,main_green,55,166.0,9.229629587522739,10,2,2,-1.0,9.0,7.0,17.0
3279,main_green,main_green,54,176.0,9.362660957356056,10,2,2,-1.0,9.0,7.0,17.0
3280,main_green,main_green,55,186.0,9.41387770098117,11,2,2,-1.0,9.0,7.0,17.0
3281,main_green,main_green,55,196.0,9.423887385190431,10,2,2,-1.0,9.0,7.0,17.0
3282,main_green,main_green,55,206.0,9.180724036617633,11,2,2,-1.0,9.0,7.0,17.0
3283,main_green,main_green,54,216.0,9.1720327089762,10,2,2,1.0,7.0,10.0,16.0
3284,main_green,main_green,54,227.0,8.87262592475295,12,2,2,1.0,7.0,10.0,16.0
3285,main_green,main_green,54,241.0,8.966834827961183,14,2,2,1.0,7.0,10.0,16.0
3286,main_green,main_green,53,255.0,8.986797240107522,14,2,2,1.0,7.0,10.0,16.0
3287,main_green,main_green,54,269.0,8.975766716213307,15,2,2,1.0,7.0,10.0,16.0
3288,main_green,main_green,59,283.0,8.269393571087077,19,2,2,1.0,7.0,10.0,16.0
3289,main_green,main_green,59,297.0,8.543010106138071,14,2,2,1.0,7.0,10.0,16.0
3290,main_green,main_green,58,311.0,8.735039055649493,14,2,2,1.0,7.0,10.0,16.0
3291,main_green,main_green,57,325.0,8.7454561728105,14,2,2,1.0,7.0,10.0,16.0
3292,main_green,main_green,59,339.0,8.505378814367276,16,2,2,1.0,7.0,10.0,16.0
3293,yellow_transition,yellow_transition,59,353.0,8.360584729154134,14,3,3,10.0,14.0,12.0,8.0
3294,yellow_transition,yellow_transition,59,367.0,8.147777069085794,14,3,3,10.0,14.0,12.0,8.0
3295,yellow_transition,yellow_transition,59,382.0,8.080522267927659,15,3,3,10.0,14.0,12.0,8.0
3296,main_green,side_green,60,226.0,8.064167857477743,14,2,0,10.0,14.0,12.0,8.0
3297,main_green,side_green,60,161.0,8.197986214803251,11,2,0,10.0,14.0,12.0,8.0
3298,main_green,side_green,59,166.0,8.56105571976589,9,2,0,10.0,14.0,12.0,8.0
3299,main_green,side_green,59,175.0,8.903797477545268,9,2,0,10.0,14.0,12.0,8.0
3300,main_green,side_green,63,184.0,8.51501353008908,14,2,0,10.0,14.0,12.0,8.0
3301,main_green,side_green,62,194.0,8.926787480870333,10,2,0,10.0,14.0,12.0,8.0
3302,main_green,side_green,63,205.0,9.028177694167358,12,2,0,10.0,14.0,12.0,8.0
3303,main_green,side_green,63,216.0,9.270639766039322,11,2,0,10.0,14.0,12.0,8.0
3304,main_green,side_green,63,228.0,9.174412781157315,13,2,0,10.0,14.0,12.0,8.0
3305,main_green,side_green,61,240.0,9.14541956225684,12,2,0,10.0,14.0,12.0,8.0
3306,yellow_transition,yellow_transition,60,252.0,9.250140436495581,12,3,1,11.0,5.0,-10.0,12.0
3307,yellow_transition,yellow_transition,61,265.0,9.12469635087419,14,3,1,11.0,5.0,-10.0,12.0
3308,yellow_transition,yellow_transition,61,279.0,8.766253074011967,15,3,1,11.0,5.0,-10.0,12.0
3309,side_green,main_green,61,84.0,8.984121021346981,7,0,2,11.0,5.0,-10.0,12.0
3310,side_green,main_green,60,4.0,9.177462762061209,1,0,2,11.0,5.0,-10.0,12.0
3311,side_green,main_green,60,1.0,9.719824293563038,1,0,2,11.0,5.0,-10.0,12.0
3312,side_green,main_green,64,2.0,9.420053464730378,6,0,2,11.0,5.0,-10.0,12.0
3313,side_green,main_green,64,3.0,9.871349063124997,2,0,2,11.0,5.0,-10.0,12.0
3314,side_green,main_green,61,4.0,10.242193861853737,1,0,2,11.0,5.0,-10.0,12.0
3315,side_green,main_green,59,5.0,10.806046701126055,1,0,2,11.0,5.0,-10.0,12.0
3316,side_green,main_green,58,8.0,10.809981415372981,4,0,2,11.0,5.0,-10.0,12.0
3317,side_green,main_green,56,11.0,10.928960522389577,3,0,2,11.0,5.0,-10.0,12.0
3318,side_green,main_green,55,14.0,10.832398545408632,4,0,2,11.0,5.0,-10.0,12.0
3319,yellow_transition,yellow_transition,55,17.0,10.550559031187953,3,1,3,-13.0,11.0,-5.0,5.0
3320,yellow_transition,yellow_transition,56,22.0,10.340014024091218,6,1,3,-13.0,11.0,-5.0,5.0
3321,yellow_transition,yellow_transition,54,28.0,10.055642525027375,6,1,3,-13.0,11.0,-5.0,5.0
3322,main_green,main_green,53,7.0,10.16020925345018,4,2,2,-13.0,11.0,-5.0,5.0
3323,main_green,main_green,52,7.0,10.21169716086153,4,2,2,-13.0,11.0,-5.0,5.0
3324,main_green,main_green,56,10.0,9.561118418357395,8,2,2,-13.0,11.0,-5.0,5.0
3325,main_green,main_green,56,13.0,9.938624282590997,3,2,2,-13.0,11.0,-5.0,5.0
3326,main_green,main_green,55,16.0,10.373190425331765,3,2,2,-13.0,11.0,-5.0,5.0
3327,main_green,main_green,53,19.0,10.759343599314303,3,2,2,-13.0,11.0,-5.0,5.0
3328,main_green,main_green,54,22.0,10.649622657598796,5,2,2,-13.0,11.0,-5.0,5.0
3329,main_green,main_green,52,25.0,10.764036136927047,3,2,2,-13.0,11.0,-5.0,5.0
3330,main_green,main_green,51,28.0,10.552489620357045,3,2,2,-13.0,11.0,-5.0,5.0
3331,main_green,main_green,50,33.0,10.478904003107997,5,2,2,-13.0,11.0,-5.0,5.0
3332,main_green,main_green,49,39.0,10.395988290097598,7,2,2,-2.0,14.0,-4.0,6.0
3333,main_green,main_green,50,45.0,10.24652242571673,7,2,2,-2.0,14.0,-4.0,6.0
3334,main_green,main_green,50,52.0,10.482381347909575,7,2,2,-2.0,14.0,-4.0,6.0
3335,main_green,main_green,48,59.0,10.458890796941281,7,2,2,-2.0,14.0,-4.0,6.0
3336,main_green,main_green,52,66.0,9.529267613360503,12,2,2,-2.0,14.0,-4.0,6.0
3337,main_green,main_green,50,73.0,9.681568938453657,7,2,2,-2.0,14.0,-4.0,6.0
3338,main_green,main_green,51,80.0,9.718666119545167,8,2,2,-2.0,14.0,-4.0,6.0
3339,main_green,main_green,49,87.0,10.09257114098215,7,2,2,-2.0,14.0,-4.0,6.0
3340,main_green,main_green,50,94.0,9.874597942658818,8,2,2,-2.0,14.0,-4.0,6.0
3341,main_green,main_green,50,101.0,9.803466680822185,7,2,2,-2.0,14.0,-4.0,6.0
3342,main_green,main_green,50,108.0,9.794682535499765,7,2,2,0.0,6.0,8.0,18.0
3343,main_green,main_green,51,116.0,9.64792813977315,9,2,2,0.0,6.0,8.0,18.0
3344,main_green,main_green,52,126.0,9.368289177148815,11,2,2,0.0,6.0,8.0,18.0
3345,main_green,main_green,52,137.0,9.471082378527264,11,2,2,0.0,6.0,8.0,18.0
3346,main_green,main_green,52,148.0,9.638931570532772,11,2,2,0.0,6.0,8.0,18.0
3347,main_green,main_green,50,159.0,9.609239613948958,11,2,2,0.0,6.0,8.0,18.0
3348,main_green,main_green,54,170.0,8.71623001231122,16,2,2,0.0,6.0,8.0,18.0
3349,main_green,main_green,53,181.0,8.670820567248184,12,2,2,0.0,6.0,8.0,18.0
3350,main_green,main_green,53,192.0,8.92362122535332,11,2,2,0.0,6.0,8.0,18.0
3351,main_green,main_green,53,203.0,9.041624837794837,11,2,2,0.0,6.0,8.0,18.0
3352,main_green,main_green,54,214.0,9.070057732481663,12,2,2,6.0,8.0,12.0,14.0
3353,main_green,main_green,54,225.0,9.089868822248732,11,2,2,6.0,8.0,12.0,14.0
3354,main_green,main_green,54,236.0,8.84025477951967,12,2,2,6.0,8.0,12.0,14.0
3355,main_green,main_green,54,248.0,8.755865427196952,12,2,2,6.0,8.0,12.0,14.0
3356,main_green,main_green,55,263.0,8.68226683528876,16,2,2,6.0,8.0,12.0,14.0
3357,main_green,main_green,54,278.0,8.705428589728315,15,2,2,6.0,8.0,12.0,14.0
3358,main_green,main_green,54,293.0,8.827387841868257,15,2,2,6.0,8.0,12.0,14.0
3359,main_green,main_green,55,308.0,8.744738148416513,16,2,2,6.0,8.0,12.0,14.0
3360,main_green,main_green,60,323.0,8.117446718297158,20,2,2,6.0,8.0,12.0,14.0
3361,main_green,main_green,59,338.0,8.360017522694525,15,2,2,6.0,8.0,12.0,14.0
3362,yellow_transition,yellow_transition,58,353.0,8.3542468462251,15,3,3,11.0,9.0,13.0,9.0
3363,yellow_transition,yellow_transition,58,368.0,8.461026284636539,15,3,3,11.0,9.0,13.0,9.0
3364,yellow_transition,yellow_transition,58,383.0,7.910786723476608,17,3,3,11.0,9.0,13.0,9.0
3365,side_green,side_green,58,108.0,8.085542509352399,7,0,0,11.0,9.0,13.0,9.0
3366,side_green,side_green,58,2.0,8.6042226515289,2,0,0,11.0,9.0,13.0,9.0
3367,side_green,side_green,58,4.0,9.148980658452812,2,0,0,11.0,9.0,13.0,9.0
3368,side_green,side_green,58,6.0,9.42494107225404,3,0,0,11.0,9.0,13.0,9.0
3369,side_green,side_green,59,9.0,9.866818752641867,4,0,0,11.0,9.0,13.0,9.0
3370,side_green,side_green,59,13.0,10.351582445504128,4,0,0,11.0,9.0,13.0,9.0
3371,side_green,side_green,57,17.0,10.700650531368712,4,0,0,11.0,9.0,13.0,9.0
3372,side_green,side_green,62,22.0,10.137862050396889,10,0,0,11.0,9.0,13.0,9.0
3373,side_green,side_green,60,28.0,10.170334588103463,6,0,0,11.0,9.0,13.0,9.0
3374,side_green,side_green,61,34.0,9.974506309524664,7,0,0,11.0,9.0,13.0,9.0
3375,yellow_transition,yellow_transition,60,40.0,9.930288687874564,6,1,1,-9.0,9.0,-11.0,9.0
3376,yellow_transition,yellow_transition,61,47.0,9.318887038969002,8,1,1,-9.0,9.0,-11.0,9.0
3377,yellow_transition,yellow_transition,60,57.0,9.058233110663682,10,1,1,-9.0,9.0,-11.0,9.0
3378,main_green,main_green,59,7.0,8.9607958183707,3,2,2,-9.0,9.0,-11.0,9.0
3379,main_green,main_green,60,0.0,9.002919150683963,1,2,2,-9.0,9.0,-11.0,9.0
3380,main_green,main_green,61,3.0,9.315431725827308,4,2,2,-9.0,9.0,-11.0,9.0
3381,main_green,main_green,61,7.0,9.765695811248245,4,2,2,-9.0,9.0,-11.0,9.0
3382,main_green,main_green,61,11.0,10.232849145109478,4,2,2,-9.0,9.0,-11.0,9.0
3383,main_green,main_green,55,15.0,10.490647318129003,4,2,2,-9.0,9.0,-11.0,9.0
3384,main_green,main_green,58,19.0,9.92859162732428,9,2,2,-9.0,9.0,-11.0,9.0
3385,main_green,main_green,55,23.0,9.993048423800001,5,2,2,-9.0,9.0,-11.0,9.0
3386,main_green,main_green,51,27.0,10.403961627887487,4,2,2,-9.0,9.0,-11.0,9.0
3387,main_green,main_green,50,31.0,10.493852011103177,4,2,2,-9.0,9.0,-11.0,9.0
3388,main_green,main_green,49,35.0,10.442906662511506,5,2,2,-2.0,8.0,-1.0,9.0
3389,main_green,main_green,46,39.0,10.467927817101556,4,2,2,-2.0,8.0,-1.0,9.0
3390,main_green,main_green,47,43.0,10.12643588647139,5,2,2,-2.0,8.0,-1.0,9.0
3391,main_green,main_green,47,47.0,10.042458408812337,4,2,2,-2.0,8.0,-1.0,9.0
3392,main_green,main_green,47,53.0,9.789869265377083,7,2,2,-2.0,8.0,-1.0,9.0
3393,main_green,main_green,47,61.0,9.920814325990092,8,2,2,-2.0,8.0,-1.0,9.0
3394,main_green,main_green,47,69.0,10.15497743359865,8,2,2,-2.0,8.0,-1.0,9.0
3395,main_green,main_green,48,77.0,9.895373409833761,9,2,2,-2.0,8.0,-1.0,9.0
3396,main_green,main_green,53,85.0,9.073852756907746,13,2,2,-2.0,8.0,-1.0,9.0
3397,main_green,main_green,53,93.0,9.300096298376387,8,2,2,-2.0,8.0,-1.0,9.0
3398,main_green,main_green,53,101.0,9.68321085049689,8,2,2,5.0,15.0,3.0,11.0
3399,main_green,main_green,53,109.0,9.871733930516296,8,2,2,5.0,15.0,3.0,11.0
3400,main_green,main_green,55,117.0,9.496933057870354,10,2,2,5.0,15.0,3.0,11.0
3401,main_green,main_green,55,125.0,9.50899095232748,8,2,2,5.0,15.0,3.0,11.0
3402,main_green,main_green,55,133.0,9.609219948431598,8,2,2,5.0,15.0,3.0,11.0
3403,main_green,main_green,55,141.0,9.665293581674478,8,2,2,5.0,15.0,3.0,11.0
3404,main_green,main_green,53,151.0,9.320062506430835,11,2,2,5.0,15.0,3.0,11.0
3405,main_green,main_green,54,162.0,9.155919815319079,12,2,2,5.0,15.0,3.0,11.0
3406,main_green,main_green,51,174.0,9.17493161892498,12,2,2,5.0,15.0,3.0,11.0
3407,main_green,main_green,50,186.0,9.298956376824343,12,2,2,5.0,15.0,3.0,11.0
3408,main_green,main_green,54,198.0,8.36364099891121,17,2,2,4.0,8.0,7.0,19.0
3409,main_green,main_green,53,210.0,8.56712225371498,12,2,2,4.0,8.0,7.0,19.0
3410,main_green,main_green,53,222.0,8.541562881412672,13,2,2,4.0,8.0,7.0,19.0
3411,main_green,main_green,53,234.0,8.69447418305356,12,2,2,4.0,8.0,7.0,19.0
3412,main_green,main_green,54,246.0,8.66871844137845,13,2,2,4.0,8.0,7.0,19.0
3413,main_green,main_green,54,258.0,8.698043351234572,12,2,2,4.0,8.0,7.0,19.0
3414,main_green,main_green,54,270.0,8.622551441122905,12,2,2,4.0,8.0,7.0,19.0
3415,main_green,main_green,55,283.0,8.547804556596741,14,2,2,4.0,8.0,7.0,19.0
3416,main_green,main_green,56,298.0,8.532896361668802,16,2,2,4.0,8.0,7.0,19.0
3417,main_green,main_green,56,314.0,8.559143860654292,16,2,2,4.0,8.0,7.0,19.0
3418,yellow_transition,yellow_transition,56,330.0,8.65589105716795,16,3,3,8.0,6.0,10.0,14.0
3419,yellow_transition,yellow_transition,56,346.0,8.57051953625539,16,3,3,8.0,6.0,10.0,14.0
3420,yellow_transition,yellow_transition,61,362.0,7.748470880446023,21,3,3,8.0,6.0,10.0,14.0
3421,side_green,main_green,62,235.0,7.971501651706956,13,0,2,8.0,6.0,10.0,14.0
3422,side_green,main_green,62,196.0,8.41939627000279,8,0,2,8.0,6.0,10.0,14.0
3423,side_green,main_green,62,204.0,8.785748588111522,8,0,2,8.0,6.0,10.0,14.0
3424,side_green,main_green,63,213.0,8.860978249858375,10,0,2,8.0,6.0,10.0,14.0
3425,side_green,main_green,63,222.0,9.152863769522508,9,0,2,8.0,6.0,10.0,14.0
3426,side_green,main_green,63,231.0,9.140941603112344,10,0,2,8.0,6.0,10.0,14.0
3427,side_green,main_green,61,243.0,9.225645117992256,12,0,2,8.0,6.0,10.0,14.0
3428,side_green,main_green,61,255.0,9.215814180838926,13,0,2,8.0,6.0,10.0,14.0
3429,side_green,main_green,59,267.0,8.984812142895581,12,0,2,8.0,6.0,10.0,14.0
3430,side_green,main_green,59,280.0,9.09590112099656,13,0,2,8.0,6.0,10.0,14.0
3431,yellow_transition,yellow_transition,59,293.0,8.728909034741942,14,1,3,-12.0,14.0,9.0,1.0
3432,yellow_transition,yellow_transition,64,306.0,7.963831890455768,18,1,3,-12.0,14.0,9.0,1.0
3433,yellow_transition,yellow_transition,64,321.0,8.029074376249955,15,1,3,-12.0,14.0,9.0,1.0
3434,main_green,side_green,64,114.0,8.267874931167707,8,2,0,-12.0,14.0,9.0,1.0
3435,main_green,side_green,63,17.0,8.634238321894468,3,2,0,-12.0,14.0,9.0,1.0
3436,main_green,side_green,64,3.0,8.860718582675558,3,2,0,-12.0,14.0,9.0,1.0
3437,main_green,side_green,62,5.0,9.443544287773944,2,2,0,-12.0,14.0,9.0,1.0
3438,main_green,side_green,60,7.0,9.81116882110201,2,2,0,-12.0,14.0,9.0,1.0
3439,main_green,side_green,58,10.0,9.997170719226876,3,2,0,-12.0,14.0,9.0,1.0
3440,main_green,side_green,56,13.0,9.982261403252608,4,2,0,-12.0,14.0,9.0,1.0
3441,main_green,side_green,54,18.0,9.937919092532605,6,2,0,-12.0,14.0,9.0,1.0
3442,main_green,side_green,53,24.0,10.161262094016779,6,2,0,-12.0,14.0,9.0,1.0
3443,main_green,side_green,52,32.0,10.222141780270404,8,2,0,-12.0,14.0,9.0,1.0
3444,yellow_transition,yellow_transition,56,40.0,9.343436904901868,13,3,1,-5.0,5.0,-15.0,15.0
3445,yellow_transition,yellow_transition,55,48.0,9.494670068077802,8,3,1,-5.0,5.0,-15.0,15.0
3446,yellow_transition,yellow_transition,56,56.0,9.475202283561943,9,3,1,-5.0,5.0,-15.0,15.0
3447,main_green,main_green,56,23.0,9.925035312518494,4,2,2,-5.0,5.0,-15.0,15.0
3448,main_green,main_green,57,14.0,10.100930379462472,3,2,2,-5.0,5.0,-15.0,15.0
3449,main_green,main_green,57,16.0,10.403683623179402,2,2,2,-5.0,5.0,-15.0,15.0
3450,main_green,main_green,57,18.0,10.532559195410158,2,2,2,-5.0,5.0,-15.0,15.0
3451,main_green,main_green,57,20.0,10.41785759329714,3,2,2,-5.0,5.0,-15.0,15.0
3452,main_green,main_green,54,22.0,10.28282368016,3,2,2,-5.0,5.0,-15.0,15.0
3453,main_green,main_green,53,27.0,10.428947483122203,5,2,2,-5.0,5.0,-15.0,15.0
3454,main_green,main_green,52,32.0,10.595110012394546,5,2,2,-5.0,5.0,-15.0,15.0
3455,main_green,main_green,50,38.0,10.607986187434394,6,2,2,-5.0,5.0,-15.0,15.0
3456,main_green,main_green,53,44.0,9.605976277670027,11,2,2,-5.0,5.0,-15.0,15.0
3457,main_green,main_green,53,50.0,9.646307619983094,7,2,2,2.0,10.0,0.0,14.0
3458,main_green,main_green,52,56.0,9.925395913851277,6,2,2,2.0,10.0,0.0,14.0
3459,main_green,main_green,51,62.0,10.178423881749103,6,2,2,2.0,10.0,0.0,14.0
3460,main_green,main_green,51,68.0,10.08094874448707,7,2,2,2.0,10.0,0.0,14.0
3461,main_green,main_green,49,74.0,10.042907314124765,6,2,2,2.0,10.0,0.0,14.0
3462,main_green,main_green,50,80.0,9.88118229903983,7,2,2,2.0,10.0,0.0,14.0
3463,main_green,main_green,49,87.0,9.874095059862933,7,2,2,2.0,10.0,0.0,14.0
3464,main_green,main_green,50,95.0,9.504013710259809,9,2,2,2.0,10.0,0.0,14.0
3465,main_green,main_green,50,103.0,9.651597256464516,8,2,2,2.0,10.0,0.0,14.0
3466,main_green,main_green,50,112.0,9.656718078653045,9,2,2,2.0,10.0,0.0,14.0
3467,main_green,main_green,51,122.0,9.614992271329646,11,2,2,8.0,16.0,-2.0,4.0
3468,main_green,main_green,56,132.0,8.893301434802018,15,2,2,8.0,16.0,-2.0,4.0
3469,main_green,main_green,56,142.0,9.191175850615059,10,2,2,8.0,16.0,-2.0,4.0
3470,main_green,main_green,56,152.0,9.417295069772303,10,2,2,8.0,16.0,-2.0,4.0
3471,main_green,main_green,55,162.0,9.50536254512395,10,2,2,8.0,16.0,-2.0,4.0
3472,main_green,main_green,57,172.0,9.147907209564625,12,2,2,8.0,16.0,-2.0,4.0
3473,main_green,main_green,56,182.0,9.156256092917205,10,2,2,8.0,16.0,-2.0,4.0
3474,main_green,main_green,54,192.0,9.12094766637402,10,2,2,8.0,16.0,-2.0,4.0
3475,main_green,main_green,53,202.0,9.092160812066487,10,2,2,8.0,16.0,-2.0,4.0
3476,main_green,main_green,54,214.0,8.847517899752226,13,2,2,8.0,16.0,-2.0,4.0
3477,main_green,main_green,55,226.0,8.910566989514246,13,2,2,11.0,15.0,3.0,9.0
3478,main_green,main_green,54,240.0,8.883061914469968,14,2,2,11.0,15.0,3.0,9.0
3479,main_green,main_green,54,254.0,9.104151747759586,14,2,2,11.0,15.0,3.0,9.0
3480,main_green,main_green,59,268.0,8.379159354242647,19,2,2,11.0,15.0,3.0,9.0
3481,main_green,main_green,59,282.0,8.676856131292432,14,2,2,11.0,15.0,3.0,9.0
3482,main_green,main_green,60,296.0,8.751990337637075,15,2,2,11.0,15.0,3.0,9.0
3483,main_green,main_green,58,310.0,8.761421844328606,14,2,2,11.0,15.0,3.0,9.0
3484,main_green,main_green,58,324.0,8.623826511758296,15,2,2,11.0,15.0,3.0,9.0
3485,main_green,main_green,57,338.0,8.524561823554713,14,2,2,11.0,15.0,3.0,9.0
3486,main_green,main_green,57,353.0,8.529512637319518,15,2,2,11.0,15.0,3.0,9.0
3487,yellow_transition,yellow_transition,57,369.0,8.385702619856641,17,3,3,13.0,11.0,9.0,11.0
3488,yellow_transition,yellow_transition,58,385.0,8.013289440242001,17,3,3,13.0,11.0,9.0,11.0
3489,yellow_transition,yellow_transition,58,402.0,7.873589432552627,17,3,3,13.0,11.0,9.0,11.0
3490,side_green,main_green,58,246.0,8.078272122456642,14,0,2,13.0,11.0,9.0,11.0
3491,side_green,main_green,58,176.0,8.413843010338237,11,0,2,13.0,11.0,9.0,11.0
3492,side_green,main_green,63,174.0,8.09369922999266,14,0,2,13.0,11.0,9.0,11.0
3493,side_green,main_green,63,184.0,8.340287977636821,11,0,2,13.0,11.0,9.0,11.0
3494,side_green,main_green,63,194.0,8.813574942396945,10,0,2,13.0,11.0,9.0,11.0
3495,side_green,main_green,63,204.0,9.118679895402392,10,0,2,13.0,11.0,9.0,11.0
3496,side_green,main_green,62,214.0,8.962357116433255,11,0,2,13.0,11.0,9.0,11.0
3497,side_green,main_green,61,225.0,8.915973129402776,11,0,2,13.0,11.0,9.0,11.0
3498,side_green,main_green,62,238.0,8.90919899601682,14,0,2,13.0,11.0,9.0,11.0
3499,side_green,main_green,61,252.0,8.98528517277506,14,0,2,13.0,11.0,9.0,11.0
3500,yellow_transition,yellow_transition,62,267.0,8.73918924015976,16,1,3,-12.0,18.0,9.0,-1.0
3501,yellow_transition,yellow_transition,60,282.0,8.409484439695719,15,1,3,-12.0,18.0,9.0,-1.0
3502,yellow_transition,yellow_transition,60,297.0,8.35487337085917,15,1,3,-12.0,18.0,9.0,-1.0
3503,main_green,side_green,60,101.0,8.234485398278307,9,2,0,-12.0,18.0,9.0,-1.0
3504,main_green,side_green,65,11.0,8.031949677072681,7,2,0,-12.0,18.0,9.0,-1.0
3505,main_green,side_green,64,0.0,8.517522669114099,0,2,0,-12.0,18.0,9.0,-1.0
3506,main_green,side_green,64,1.0,9.125726951296546,1,2,0,-12.0,18.0,9.0,-1.0
3507,main_green,side_green,63,2.0,9.722535885434617,1,2,0,-12.0,18.0,9.0,-1.0
3508,main_green,side_green,64,3.0,9.979461220219333,3,2,0,-12.0,18.0,9.0,-1.0
3509,main_green,side_green,63,5.0,10.330916960459097,2,2,0,-12.0,18.0,9.0,-1.0
3510,main_green,side_green,61,8.0,10.706148869587222,3,2,0,-12.0,18.0,9.0,-1.0
3511,main_green,side_green,61,11.0,10.84489100590547,3,2,0,-12.0,18.0,9.0,-1.0
3512,main_green,side_green,60,16.0,10.660911110800999,6,2,0,-12.0,18.0,9.0,-1.0
3513,yellow_transition,yellow_transition,56,22.0,10.377042548104665,7,3,1,-13.0,-3.0,-15.0,11.0
3514,yellow_transition,yellow_transition,56,29.0,10.554722685744888,7,3,1,-13.0,-3.0,-15.0,11.0
3515,yellow_transition,yellow_transition,54,36.0,10.513805661600811,7,3,1,-13.0,-3.0,-15.0,11.0
3516,main_green,main_green,58,12.0,9.647047977001161,8,2,2,-13.0,-3.0,-15.0,11.0
3517,main_green,main_green,56,11.0,10.026938354763455,2,2,2,-13.0,-3.0,-15.0,11.0
3518,main_green,main_green,57,13.0,10.188351940689593,3,2,2,-13.0,-3.0,-15.0,11.0
3519,main_green,main_green,56,15.0,10.511700049135186,2,2,2,-13.0,-3.0,-15.0,11.0
3520,main_green,main_green,57,17.0,10.68387749879246,3,2,2,-13.0,-3.0,-15.0,11.0
3521,main_green,main_green,57,19.0,10.777993360499492,2,2,2,-13.0,-3.0,-15.0,11.0
3522,main_green,main_green,57,21.0,10.84341651890462,2,2,2,-13.0,-3.0,-15.0,11.0
3523,main_green,main_green,54,25.0,10.59885422451891,5,2,2,-13.0,-3.0,-15.0,11.0
3524,main_green,main_green,54,29.0,10.401288747179157,5,2,2,-13.0,-3.0,-15.0,11.0
3525,main_green,main_green,51,34.0,10.467398017571254,5,2,2,-13.0,-3.0,-15.0,11.0
3526,main_green,main_green,49,40.0,10.66154014386289,6,2,2,-5.0,3.0,-3.0,17.0
3527,main_green,main_green,46,46.0,10.66259505163065,6,2,2,-5.0,3.0,-3.0,17.0
3528,main_green,main_green,51,52.0,9.684733675771295,11,2,2,-5.0,3.0,-3.0,17.0
3529,main_green,main_green,51,58.0,9.656194951773026,7,2,2,-5.0,3.0,-3.0,17.0
3530,main_green,main_green,51,64.0,9.918719049716277,6,2,2,-5.0,3.0,-3.0,17.0
3531,main_green,main_green,50,70.0,10.144226051546356,6,2,2,-5.0,3.0,-3.0,17.0
3532,main_green,main_green,51,76.0,10.02241759515613,7,2,2,-5.0,3.0,-3.0,17.0
3533,main_green,main_green,50,82.0,10.025927990553487,6,2,2,-5.0,3.0,-3.0,17.0
3534,main_green,main_green,50,88.0,9.76880034692993,7,2,2,-5.0,3.0,-3.0,17.0
3535,main_green,main_green,49,95.0,9.786549185495966,7,2,2,-5.0,3.0,-3.0,17.0
3536,main_green,main_green,49,103.0,9.517931615075716,9,2,2,8.0,18.0,-2.0,6.0
3537,main_green,main_green,49,112.0,9.577102627466084,9,2,2,8.0,18.0,-2.0,6.0
3538,main_green,main_green,49,122.0,9.697398600787185,10,2,2,8.0,18.0,-2.0,6.0
3539,main_green,main_green,50,132.0,9.611174362317804,11,2,2,8.0,18.0,-2.0,6.0
3540,main_green,main_green,55,142.0,8.836517872357986,15,2,2,8.0,18.0,-2.0,6.0
3541,main_green,main_green,54,152.0,9.050937993660492,10,2,2,8.0,18.0,-2.0,6.0
3542,main_green,main_green,53,162.0,9.100786185452117,10,2,2,8.0,18.0,-2.0,6.0
3543,main_green,main_green,52,172.0,9.358785762151708,10,2,2,8.0,18.0,-2.0,6.0
3544,main_green,main_green,53,182.0,8.849800717994128,12,2,2,8.0,18.0,-2.0,6.0
3545,main_green,main_green,53,192.0,8.99319395548844,10,2,2,8.0,18.0,-2.0,6.0
3546,main_green,main_green,53,202.0,8.959735778026083,10,2,2,10.0,12.0,3.0,9.0
3547,main_green,main_green,53,212.0,8.993149061201887,10,2,2,10.0,12.0,3.0,9.0
3548,main_green,main_green,54,226.0,8.892381075742655,15,2,2,10.0,12.0,3.0,9.0
3549,main_green,main_green,55,240.0,8.720808344983297,15,2,2,10.0,12.0,3.0,9.0
3550,main_green,main_green,55,254.0,8.92984967698139,14,2,2,10.0,12.0,3.0,9.0
3551,main_green,main_green,55,268.0,8.987873370699852,14,2,2,10.0,12.0,3.0,9.0
3552,main_green,main_green,59,282.0,8.232319132280766,19,2,2,10.0,12.0,3.0,9.0
3553,main_green,main_green,59,296.0,8.581642548237998,14,2,2,10.0,12.0,3.0,9.0
3554,main_green,main_green,60,310.0,8.51796284470292,15,2,2,10.0,12.0,3.0,9.0
3555,main_green,main_green,58,324.0,8.709938681207854,14,2,2,10.0,12.0,3.0,9.0
3556,yellow_transition,yellow_transition,58,338.0,8.473726540218099,15,3,3,13.0,9.0,9.0,11.0
3557,yellow_transition,yellow_transition,57,352.0,8.361000904019877,14,3,3,13.0,9.0,9.0,11.0
3558,yellow_transition,yellow_transition,57,366.0,8.19843081277378,14,3,3,13.0,9.0,9.0,11.0
3559,side_green,main_green,57,216.0,8.01715570016638,14,0,2,13.0,9.0,9.0,11.0
3560,side_green,main_green,58,153.0,8.286698420991563,10,0,2,13.0,9.0,9.0,11.0
3561,side_green,main_green,58,158.0,8.558759446035486,9,0,2,13.0,9.0,9.0,11.0
3562,side_green,main_green,58,167.0,8.874615003594268,9,0,2,13.0,9.0,9.0,11.0
3563,side_green,main_green,58,176.0,9.33512626344424,9,0,2,13.0,9.0,9.0,11.0
3564,side_green,main_green,62,186.0,8.829016110478975,15,0,2,13.0,9.0,9.0,11.0
3565,side_green,main_green,62,196.0,8.83006720270457,11,0,2,13.0,9.0,9.0,11.0
3566,side_green,main_green,60,206.0,8.956590999757259,10,0,2,13.0,9.0,9.0,11.0
3567,side_green,main_green,59,216.0,8.887692474062565,10,0,2,13.0,9.0,9.0,11.0
3568,side_green,main_green,60,227.0,8.858393120269637,12,0,2,13.0,9.0,9.0,11.0
3569,yellow_transition,yellow_transition,60,239.0,8.981695586031252,12,1,3,-6.0,20.0,10.0,0.0
3570,yellow_transition,yellow_transition,60,253.0,8.784341590069971,15,1,3,-6.0,20.0,10.0,0.0
3571,yellow_transition,yellow_transition,59,268.0,8.68455640134927,15,1,3,-6.0,20.0,10.0,0.0
3572,main_green,side_green,60,85.0,8.71128496115178,8,2,0,-6.0,20.0,10.0,0.0
3573,main_green,side_green,60,2.0,9.086905561785464,2,2,0,-6.0,20.0,10.0,0.0
3574,main_green,side_green,58,0.0,9.461858573448486,0,2,0,-6.0,20.0,10.0,0.0
3575,main_green,side_green,59,0.0,9.84345398501373,1,2,0,-6.0,20.0,10.0,0.0
3576,main_green,side_green,63,0.0,9.54214771631676,5,2,0,-6.0,20.0,10.0,0.0
3577,main_green,side_green,61,0.0,10.160234184757597,0,2,0,-6.0,20.0,10.0,0.0
3578,main_green,side_green,59,1.0,10.742152211767253,1,2,0,-6.0,20.0,10.0,0.0
3579,main_green,side_green,58,2.0,11.03425613401481,1,2,0,-6.0,20.0,10.0,0.0
3580,main_green,side_green,57,3.0,10.567358677663295,3,2,0,-6.0,20.0,10.0,0.0
3581,main_green,side_green,54,6.0,10.784864296115268,3,2,0,-6.0,20.0,10.0,0.0
3582,yellow_transition,yellow_transition,54,9.0,11.124465839329197,3,3,1,-6.0,6.0,-14.0,12.0
3583,yellow_transition,yellow_transition,53,13.0,10.950857465906706,4,3,1,-6.0,6.0,-14.0,12.0
3584,yellow_transition,yellow_transition,54,17.0,10.637794200077314,5,3,1,-6.0,6.0,-14.0,12.0
3585,main_green,main_green,53,1.0,10.446419131425863,2,2,2,-6.0,6.0,-14.0,12.0
3586,main_green,main_green,53,3.0,10.794845863294249,2,2,2,-6.0,6.0,-14.0,12.0
3587,main_green,main_green,53,5.0,11.061381735168803,2,2,2,-6.0,6.0,-14.0,12.0
3588,main_green,main_green,57,7.0,10.218875682899347,7,2,2,-6.0,6.0,-14.0,12.0
3589,main_green,main_green,56,9.0,10.465115370746433,2,2,2,-6.0,6.0,-14.0,12.0
3590,main_green,main_green,56,11.0,10.793548629920693,3,2,2,-6.0,6.0,-14.0,12.0
3591,main_green,main_green,53,13.0,11.10567407791717,2,2,2,-6.0,6.0,-14.0,12.0
3592,main_green,main_green,52,15.0,11.098395124833036,3,2,2,-6.0,6.0,-14.0,12.0
3593,main_green,main_green,50,17.0,11.247259747816626,2,2,2,-6.0,6.0,-14.0,12.0
3594,main_green,main_green,49,19.0,11.142768586579374,2,2,2,-6.0,6.0,-14.0,12.0
3595,main_green,main_green,50,21.0,10.692426263359442,3,2,2,-6.0,2.0,-2.0,20.0
3596,main_green,main_green,51,25.0,10.507269024423985,5,2,2,-6.0,2.0,-2.0,20.0
3597,main_green,main_green,49,29.0,10.441222123273942,4,2,2,-6.0,2.0,-2.0,20.0
3598,main_green,main_green,47,33.0,10.553664741353025,4,2,2,-6.0,2.0,-2.0,20.0
3599,main_green,main_green,47,39.0,10.688758770433711,6,2,2,-6.0,2.0,-2.0,20.0
