step,J1_phase_group,J2_phase_group,vehicle_count,total_waiting_time,mean_speed,total_queue,J1_phase,J2_phase,J1_side_pressure,J1_main_pressure,J2_side_pressure,J2_main_pressure
0,main_green,main_green,6,0.0,0.0,6,2,2,0.0,0.0,0.0,0.0
1,main_green,main_green,6,0.0,1.9803505684055078,0,2,2,0.0,0.0,0.0,0.0
2,main_green,main_green,6,0.0,3.9075972395366994,0,2,2,0.0,0.0,0.0,0.0
3,main_green,main_green,6,0.0,6.024078476266005,0,2,2,0.0,0.0,0.0,0.0
4,main_green,main_green,7,0.0,6.877346561110712,1,2,2,0.0,0.0,0.0,0.0
5,main_green,main_green,7,0.0,8.70003068682272,0,2,2,0.0,0.0,0.0,0.0
6,main_green,main_green,8,0.0,9.131088020256946,1,2,2,0.0,0.0,0.0,0.0
7,main_green,main_green,8,0.0,9.956108821094144,0,2,2,0.0,0.0,0.0,0.0
8,main_green,main_green,9,0.0,9.186489870689803,1,2,2,0.0,0.0,0.0,0.0
9,main_green,main_green,9,0.0,9.946658306874948,0,2,2,0.0,0.0,0.0,0.0
10,main_green,main_green,9,0.0,10.331211334907545,0,2,2,4.0,6.0,4.0,4.0
11,main_green,main_green,10,0.0,9.990893047736765,1,2,2,4.0,6.0,4.0,4.0
12,main_green,main_green,15,0.0,6.966102838400932,5,2,2,4.0,6.0,4.0,4.0
13,main_green,main_green,15,0.0,7.790679651754469,0,2,2,4.0,6.0,4.0,4.0
14,main_green,main_green,15,0.0,8.923292715341647,0,2,2,4.0,6.0,4.0,4.0
15,main_green,main_green,15,0.0,9.892359605864794,0,2,2,4.0,6.0,4.0,4.0
16,main_green,main_green,17,0.0,8.769788647897585,2,2,2,4.0,6.0,4.0,4.0
17,main_green,main_green,17,0.0,9.24239828394544,0,2,2,4.0,6.0,4.0,4.0
18,main_green,main_green,17,0.0,9.734202794405894,0,2,2,4.0,6.0,4.0,4.0
19,main_green,main_green,17,0.0,10.238378683725998,0,2,2,4.0,6.0,4.0,4.0
20,main_green,main_green,18,1.0,9.86310844156822,2,2,2,8.0,10.0,8.0,8.0
21,main_green,main_green,19,2.0,9.21695400433819,2,2,2,8.0,10.0,8.0,8.0
22,main_green,main_green,19,4.0,9.28760911076781,2,2,2,8.0,10.0,8.0,8.0
23,main_green,main_green,19,6.0,9.46993474896765,2,2,2,8.0,10.0,8.0,8.0
24,main_green,main_green,24,9.0,7.5282382333037745,8,2,2,8.0,10.0,8.0,8.0
25,main_green,main_green,24,13.0,8.030306971558453,4,2,2,8.0,10.0,8.0,8.0
26,main_green,main_green,25,17.0,8.459793041961218,5,2,2,8.0,10.0,8.0,8.0
27,main_green,main_green,25,21.0,9.013299847695038,4,2,2,8.0,10.0,8.0,8.0
28,main_green,main_green,26,25.0,8.90824439882495,5,2,2,8.0,10.0,8.0,8.0
29,main_green,main_green,26,29.0,9.134141335743854,4,2,2,8.0,10.0,8.0,8.0
30,main_green,main_green,26,33.0,8.894161378900755,4,2,2,11.0,15.0,11.0,11.0
31,main_green,main_green,27,37.0,8.398111460201017,5,2,2,11.0,15.0,11.0,11.0
32,main_green,main_green,28,42.0,8.165788151582987,6,2,2,11.0,15.0,11.0,11.0
33,main_green,main_green,28,49.0,8.502816312857595,7,2,2,11.0,15.0,11.0,11.0
34,main_green,main_green,28,57.0,8.683738083956934,8,2,2,11.0,15.0,11.0,11.0
35,main_green,main_green,28,65.0,8.912676663420102,8,2,2,11.0,15.0,11.0,11.0
36,main_green,main_green,33,73.0,7.5886582151559425,13,2,2,11.0,15.0,11.0,11.0
37,main_green,main_green,34,81.0,7.847015674146594,9,2,2,11.0,15.0,11.0,11.0
38,main_green,main_green,34,89.0,8.204601743665773,8,2,2,11.0,15.0,11.0,11.0
39,main_green,main_green,34,97.0,8.51539909807836,8,2,2,11.0,15.0,11.0,11.0
40,main_green,main_green,35,105.0,8.275137039686706,9,2,2,12.0,14.0,13.0,15.0
41,main_green,main_green,35,113.0,8.277400903923155,8,2,2,12.0,14.0,13.0,15.0
42,main_green,main_green,36,121.0,8.03136575431949,9,2,2,12.0,14.0,13.0,15.0
43,main_green,main_green,36,130.0,8.180023899798856,9,2,2,12.0,14.0,13.0,15.0
44,main_green,main_green,37,140.0,7.985391868674543,11,2,2,12.0,14.0,13.0,15.0
45,main_green,main_green,37,151.0,8.208277656610784,11,2,2,12.0,14.0,13.0,15.0
46,main_green,main_green,37,163.0,8.469941313254436,12,2,2,12.0,14.0,13.0,15.0
47,main_green,main_green,38,175.0,8.301519230919046,13,2,2,12.0,14.0,13.0,15.0
48,main_green,main_green,43,187.0,7.441090141771283,17,2,2,12.0,14.0,13.0,15.0
49,main_green,main_green,43,199.0,7.754015842541978,12,2,2,12.0,14.0,13.0,15.0
50,main_green,main_green,43,211.0,8.050915051833714,12,2,2,14.0,16.0,15.0,17.0
51,main_green,main_green,43,223.0,8.388586982644258,12,2,2,14.0,16.0,15.0,17.0
52,main_green,main_green,45,235.0,8.078418783697991,14,2,2,14.0,16.0,15.0,17.0
53,main_green,main_green,45,247.0,8.07355301697589,12,2,2,14.0,16.0,15.0,17.0
54,main_green,main_green,45,259.0,8.235653985178358,12,2,2,14.0,16.0,15.0,17.0
55,main_green,main_green,45,271.0,8.239060159440623,12,2,2,14.0,16.0,15.0,17.0
56,main_green,main_green,46,283.0,8.00002516573342,13,2,2,14.0,16.0,15.0,17.0
57,main_green,main_green,47,297.0,7.925958693616612,15,2,2,14.0,16.0,15.0,17.0
58,main_green,main_green,47,313.0,8.127604751659936,16,2,2,14.0,16.0,15.0,17.0
59,main_green,main_green,47,329.0,8.216838591351854,16,2,2,14.0,16.0,15.0,17.0
60,main_green,main_green,52,345.0,7.405858764486644,21,2,2,12.0,12.0,13.0,15.0
61,main_green,main_green,52,361.0,7.806691507617035,16,2,2,12.0,12.0,13.0,15.0
62,main_green,main_green,53,377.0,7.856384998088273,17,2,2,12.0,12.0,13.0,15.0
63,main_green,main_green,53,393.0,8.0533402082952,16,2,2,12.0,12.0,13.0,15.0
64,main_green,main_green,54,409.0,7.833150710513371,17,2,2,12.0,12.0,13.0,15.0
65,main_green,main_green,54,425.0,7.8056528125428395,16,2,2,12.0,12.0,13.0,15.0
66,main_green,main_green,54,442.0,7.835403893113813,17,2,2,12.0,12.0,13.0,15.0
67,main_green,main_green,55,460.0,7.731802653875637,19,2,2,12.0,12.0,13.0,15.0
68,main_green,main_green,56,480.0,7.7174805787983685,21,2,2,12.0,12.0,13.0,15.0
69,main_green,main_green,56,500.0,7.777834568475309,20,2,2,12.0,12.0,13.0,15.0
70,yellow_transition,yellow_transition,56,520.0,7.921146019496151,20,3,3,15.0,9.0,15.0,11.0
71,yellow_transition,yellow_transition,56,540.0,7.946917057346381,20,3,3,15.0,9.0,15.0,11.0
72,yellow_transition,yellow_transition,61,560.0,7.120804239224568,25,3,3,15.0,9.0,15.0,11.0
73,side_green,side_green,62,211.0,7.30729283005461,13,0,0,15.0,9.0,15.0,11.0
74,side_green,side_green,61,32.0,7.646344772827988,5,0,0,15.0,9.0,15.0,11.0
75,side_green,side_green,60,3.0,8.16520408713938,2,0,0,15.0,9.0,15.0,11.0
76,side_green,side_green,60,6.0,8.603493865602758,4,0,0,15.0,9.0,15.0,11.0
77,side_green,side_green,60,10.0,9.210586778801286,4,0,0,15.0,9.0,15.0,11.0
78,side_green,side_green,61,14.0,9.739277341555287,5,0,0,15.0,9.0,15.0,11.0
79,side_green,side_green,60,20.0,10.261782523503111,6,0,0,15.0,9.0,15.0,11.0
80,side_green,side_green,60,26.0,10.317368634546858,7,0,0,15.0,9.0,15.0,11.0
81,side_green,side_green,60,32.0,10.299390984240278,6,0,0,15.0,9.0,15.0,11.0
82,side_green,side_green,59,39.0,10.06734421419977,7,0,0,15.0,9.0,15.0,11.0
83,yellow_transition,yellow_transition,59,47.0,9.747846802023359,9,1,1,-16.0,6.0,-15.0,7.0
84,yellow_transition,yellow_transition,64,55.0,8.86820359446082,13,1,1,-16.0,6.0,-15.0,7.0
85,yellow_transition,yellow_transition,64,65.0,8.740640532687665,10,1,1,-16.0,6.0,-15.0,7.0
86,main_green,main_green,64,7.0,8.873020107053886,2,2,2,-16.0,6.0,-15.0,7.0
87,main_green,main_green,63,0.0,9.28295096983756,0,2,2,-16.0,6.0,-15.0,7.0
88,main_green,main_green,65,0.0,9.577761554205653,2,2,2,-16.0,6.0,-15.0,7.0
89,main_green,main_green,64,0.0,9.936123615452274,0,2,2,-16.0,6.0,-15.0,7.0
90,main_green,main_green,64,0.0,10.427571346337574,0,2,2,-16.0,6.0,-15.0,7.0
91,main_green,main_green,58,1.0,10.523133888885729,1,2,2,-16.0,6.0,-15.0,7.0
92,main_green,main_green,58,3.0,10.737394184393487,3,2,2,-16.0,6.0,-15.0,7.0
93,main_green,main_green,55,5.0,10.777273926603163,3,2,2,-16.0,6.0,-15.0,7.0
94,main_green,main_green,53,9.0,10.93937813323457,4,2,2,-16.0,6.0,-15.0,7.0
95,main_green,main_green,50,13.0,10.8961419291888,4,2,2,-16.0,6.0,-15.0,7.0
96,main_green,main_green,52,17.0,10.059013960544636,9,2,2,-5.0,9.0,-10.0,4.0
97,main_green,main_green,50,21.0,10.355724237650529,4,2,2,-5.0,9.0,-10.0,4.0
98,main_green,main_green,48,25.0,10.345070157278775,5,2,2,-5.0,9.0,-10.0,4.0
99,main_green,main_green,47,29.0,10.44683748345067,4,2,2,-5.0,9.0,-10.0,4.0
100,main_green,main_green,47,33.0,10.485719409260152,5,2,2,-5.0,9.0,-10.0,4.0
101,main_green,main_green,47,37.0,10.490598836023615,4,2,2,-5.0,9.0,-10.0,4.0
102,main_green,main_green,47,41.0,10.73042377675945,4,2,2,-5.0,9.0,-10.0,4.0
103,main_green,main_green,48,45.0,10.33679828596439,5,2,2,-5.0,9.0,-10.0,4.0
104,main_green,main_green,49,51.0,9.956865388155432,7,2,2,-5.0,9.0,-10.0,4.0
105,main_green,main_green,49,58.0,10.111519960797294,7,2,2,-5.0,9.0,-10.0,4.0
106,main_green,main_green,49,66.0,10.269622955304838,8,2,2,0.0,14.0,0.0,16.0
107,main_green,main_green,49,74.0,10.37527159369596,8,2,2,0.0,14.0,0.0,16.0
108,main_green,main_green,54,82.0,9.491548663812969,13,2,2,0.0,14.0,0.0,16.0
109,main_green,main_green,55,90.0,9.67923239201903,9,2,2,0.0,14.0,0.0,16.0
110,main_green,main_green,55,98.0,9.857834277703155,8,2,2,0.0,14.0,0.0,16.0
111,main_green,main_green,55,106.0,10.010075545188858,8,2,2,0.0,14.0,0.0,16.0
112,main_green,main_green,53,114.0,9.622757376617685,9,2,2,0.0,14.0,0.0,16.0
113,main_green,main_green,53,122.0,9.586966897138701,8,2,2,0.0,14.0,0.0,16.0
114,main_green,main_green,50,130.0,9.112048158898453,9,2,2,0.0,14.0,0.0,16.0
115,main_green,main_green,50,139.0,9.269934221749603,9,2,2,0.0,14.0,0.0,16.0
116,main_green,main_green,49,150.0,9.021247012936985,12,2,2,4.0,12.0,6.0,16.0
117,main_green,main_green,49,162.0,9.048519097064656,12,2,2,4.0,12.0,6.0,16.0
118,main_green,main_green,48,174.0,9.224742138830214,12,2,2,4.0,12.0,6.0,16.0
119,main_green,main_green,49,186.0,9.080824295873523,13,2,2,4.0,12.0,6.0,16.0
120,main_green,main_green,54,198.0,8.431323097904029,17,2,2,4.0,12.0,6.0,16.0
121,main_green,main_green,54,210.0,8.689812849994373,12,2,2,4.0,12.0,6.0,16.0
122,main_green,main_green,54,222.0,8.95688502553383,12,2,2,4.0,12.0,6.0,16.0
123,main_green,main_green,54,234.0,8.905977009313093,12,2,2,4.0,12.0,6.0,16.0
124,main_green,main_green,56,246.0,8.561156490671289,14,2,2,4.0,12.0,6.0,16.0
125,main_green,main_green,56,258.0,8.814118762099111,12,2,2,4.0,12.0,6.0,16.0
126,main_green,main_green,56,270.0,8.736038506799467,12,2,2,8.0,10.0,8.0,10.0
127,main_green,main_green,56,283.0,8.78738095699591,13,2,2,8.0,10.0,8.0,10.0
128,main_green,main_green,57,298.0,8.720382822903346,16,2,2,8.0,10.0,8.0,10.0
129,main_green,main_green,58,314.0,8.700550009505987,17,2,2,8.0,10.0,8.0,10.0
130,main_green,main_green,58,330.0,8.876081659128461,16,2,2,8.0,10.0,8.0,10.0
131,main_green,main_green,58,346.0,8.948603205620559,16,2,2,8.0,10.0,8.0,10.0
132,main_green,main_green,63,362.0,8.34603273355956,21,2,2,8.0,10.0,8.0,10.0
133,main_green,main_green,63,378.0,8.548653082731327,16,2,2,8.0,10.0,8.0,10.0
134,main_green,main_green,64,394.0,8.658410654170947,17,2,2,8.0,10.0,8.0,10.0
135,main_green,main_green,63,410.0,8.672751622551786,16,2,2,8.0,10.0,8.0,10.0
136,yellow_transition,yellow_transition,62,426.0,8.189762504305573,17,3,3,12.0,12.0,10.0,6.0
137,yellow_transition,yellow_transition,61,442.0,7.945717402673451,16,3,3,12.0,12.0,10.0,6.0
138,yellow_transition,yellow_transition,59,458.0,7.724429790733008,16,3,3,12.0,12.0,10.0,6.0
139,main_green,side_green,59,308.0,7.70759896626893,14,2,0,12.0,12.0,10.0,6.0
140,main_green,side_green,59,248.0,7.575381659333231,13,2,0,12.0,12.0,10.0,6.0
141,main_green,side_green,59,256.0,7.900408136803075,11,2,0,12.0,12.0,10.0,6.0
142,main_green,side_green,59,268.0,8.372643923064908,12,2,0,12.0,12.0,10.0,6.0
143,main_green,side_green,59,280.0,8.826931785815262,12,2,0,12.0,12.0,10.0,6.0
144,main_green,side_green,64,292.0,8.502113584888372,17,2,0,12.0,12.0,10.0,6.0
145,main_green,side_green,64,304.0,8.648331473446655,13,2,0,12.0,12.0,10.0,6.0
146,main_green,side_green,64,317.0,8.800014292121126,13,2,0,12.0,12.0,10.0,6.0
147,main_green,side_green,62,331.0,8.881598702944213,14,2,0,12.0,12.0,10.0,6.0
148,main_green,side_green,61,345.0,8.793438783166902,15,2,0,12.0,12.0,10.0,6.0
149,yellow_transition,yellow_transition,61,359.0,8.636840388935818,14,3,1,15.0,5.0,-8.0,14.0
150,yellow_transition,yellow_transition,62,373.0,8.428399992141376,15,3,1,15.0,5.0,-8.0,14.0
151,yellow_transition,yellow_transition,62,390.0,8.337305242858928,17,3,1,15.0,5.0,-8.0,14.0
152,side_green,main_green,63,157.0,8.292932858072263,11,0,2,15.0,5.0,-8.0,14.0
153,side_green,main_green,61,37.0,8.463959229695064,6,0,2,15.0,5.0,-8.0,14.0
154,side_green,main_green,61,5.0,8.958370637949548,2,0,2,15.0,5.0,-8.0,14.0
155,side_green,main_green,62,7.0,9.346748993774714,3,0,2,15.0,5.0,-8.0,14.0
156,side_green,main_green,67,9.0,9.193641165922372,7,0,2,15.0,5.0,-8.0,14.0
157,side_green,main_green,66,12.0,9.79802341030257,3,0,2,15.0,5.0,-8.0,14.0
158,side_green,main_green,65,15.0,10.376008383680176,3,0,2,15.0,5.0,-8.0,14.0
159,side_green,main_green,59,19.0,10.72332954507531,4,0,2,15.0,5.0,-8.0,14.0
160,side_green,main_green,59,24.0,10.483926773945957,7,0,2,15.0,5.0,-8.0,14.0
161,side_green,main_green,56,29.0,10.570670595478166,5,0,2,15.0,5.0,-8.0,14.0
162,yellow_transition,yellow_transition,56,34.0,10.63227034724587,5,1,3,-11.0,11.0,-3.0,5.0
163,yellow_transition,yellow_transition,55,40.0,10.221221446328101,6,1,3,-11.0,11.0,-3.0,5.0
164,yellow_transition,yellow_transition,55,47.0,9.686075695346188,8,1,3,-11.0,11.0,-3.0,5.0
165,main_green,main_green,55,19.0,9.688480439965403,5,2,2,-11.0,11.0,-3.0,5.0
166,main_green,main_green,55,21.0,9.923427848345035,3,2,2,-11.0,11.0,-3.0,5.0
167,main_green,main_green,55,25.0,10.40713798939291,4,2,2,-11.0,11.0,-3.0,5.0
168,main_green,main_green,60,29.0,9.805620647536065,9,2,2,-11.0,11.0,-3.0,5.0
169,main_green,main_green,60,33.0,10.318023299790672,4,2,2,-11.0,11.0,-3.0,5.0
170,main_green,main_green,57,37.0,10.434763190925105,5,2,2,-11.0,11.0,-3.0,5.0
171,main_green,main_green,56,41.0,10.783294804648449,4,2,2,-11.0,11.0,-3.0,5.0
172,main_green,main_green,54,45.0,10.816788844678596,5,2,2,-11.0,11.0,-3.0,5.0
173,main_green,main_green,53,49.0,10.973118982725227,4,2,2,-11.0,11.0,-3.0,5.0
174,main_green,main_green,51,53.0,10.901983579194413,4,2,2,-11.0,11.0,-3.0,5.0
175,main_green,main_green,50,57.0,10.489290775395482,5,2,2,-1.0,17.0,-2.0,4.0
176,main_green,main_green,50,61.0,10.211396662148609,5,2,2,-1.0,17.0,-2.0,4.0
177,main_green,main_green,50,68.0,10.276239277119492,7,2,2,-1.0,17.0,-2.0,4.0
178,main_green,main_green,47,76.0,10.176698006175998,8,2,2,-1.0,17.0,-2.0,4.0
179,main_green,main_green,47,84.0,10.201034095977034,8,2,2,-1.0,17.0,-2.0,4.0
180,main_green,main_green,50,92.0,9.225948824377687,13,2,2,-1.0,17.0,-2.0,4.0
181,main_green,main_green,51,100.0,9.216492295154854,9,2,2,-1.0,17.0,-2.0,4.0
182,main_green,main_green,51,108.0,9.525964113852812,8,2,2,-1.0,17.0,-2.0,4.0
183,main_green,main_green,51,116.0,9.703018874983542,8,2,2,-1.0,17.0,-2.0,4.0
184,main_green,main_green,51,124.0,9.662789175065937,9,2,2,-1.0,17.0,-2.0,4.0
185,main_green,main_green,51,132.0,9.657492413499067,8,2,2,0.0,10.0,9.0,17.0
186,main_green,main_green,52,140.0,9.540122500253915,9,2,2,0.0,10.0,9.0,17.0
187,main_green,main_green,52,148.0,9.482340077292474,8,2,2,0.0,10.0,9.0,17.0
188,main_green,main_green,53,156.0,9.295751193646046,9,2,2,0.0,10.0,9.0,17.0
189,main_green,main_green,53,168.0,9.48348323419639,12,2,2,0.0,10.0,9.0,17.0
190,main_green,main_green,51,180.0,9.350411286452537,12,2,2,0.0,10.0,9.0,17.0
191,main_green,main_green,50,192.0,9.131733504970141,13,2,2,0.0,10.0,9.0,17.0
192,main_green,main_green,54,204.0,8.394613373629685,17,2,2,0.0,10.0,9.0,17.0
193,main_green,main_green,54,216.0,8.551261635230228,12,2,2,0.0,10.0,9.0,17.0
194,main_green,main_green,54,228.0,8.7706296248084,12,2,2,0.0,10.0,9.0,17.0
195,main_green,main_green,53,240.0,8.937435888475031,12,2,2,5.0,9.0,15.0,15.0
196,main_green,main_green,55,252.0,8.674692265244873,14,2,2,5.0,9.0,15.0,15.0
197,main_green,main_green,55,264.0,8.725418271085749,12,2,2,5.0,9.0,15.0,15.0
198,main_green,main_green,55,276.0,8.779565344762485,12,2,2,5.0,9.0,15.0,15.0
199,main_green,main_green,55,289.0,8.805621509988777,13,2,2,5.0,9.0,15.0,15.0
200,main_green,main_green,55,303.0,8.547161148297228,15,2,2,5.0,9.0,15.0,15.0
201,main_green,main_green,55,317.0,8.363156942046567,15,2,2,5.0,9.0,15.0,15.0
202,main_green,main_green,55,333.0,8.541646659644474,16,2,2,5.0,9.0,15.0,15.0
203,main_green,main_green,54,349.0,8.556439117369372,16,2,2,5.0,9.0,15.0,15.0
204,main_green,main_green,59,365.0,7.881553284067247,21,2,2,5.0,9.0,15.0,15.0
205,yellow_transition,yellow_transition,59,381.0,7.837058161239557,16,3,3,12.0,12.0,16.0,10.0
206,yellow_transition,yellow_transition,60,397.0,7.85269907489698,17,3,3,12.0,12.0,16.0,10.0
207,yellow_transition,yellow_transition,59,413.0,7.775903162187717,16,3,3,12.0,12.0,16.0,10.0
208,main_green,side_green,60,252.0,7.727614964179078,14,2,0,12.0,12.0,16.0,10.0
209,main_green,side_green,60,183.0,7.992330060408233,10,2,0,12.0,12.0,16.0,10.0
210,main_green,side_green,60,181.0,8.385452941484003,9,2,0,12.0,12.0,16.0,10.0
211,main_green,side_green,61,191.0,8.447142888460995,11,2,0,12.0,12.0,16.0,10.0
212,main_green,side_green,60,202.0,8.529233422601965,12,2,0,12.0,12.0,16.0,10.0
213,main_green,side_green,60,214.0,8.821921705388569,12,2,0,12.0,12.0,16.0,10.0
214,main_green,side_green,60,227.0,9.121647457256026,13,2,0,12.0,12.0,16.0,10.0
215,main_green,side_green,58,240.0,9.143665743698135,13,2,0,12.0,12.0,16.0,10.0
216,main_green,side_green,62,253.0,8.413263084516178,18,2,0,12.0,12.0,16.0,10.0
217,main_green,side_green,63,266.0,8.406886310388586,14,2,0,12.0,12.0,16.0,10.0
218,yellow_transition,yellow_transition,62,281.0,8.532218489522188,15,3,1,13.0,5.0,-10.0,16.0
219,yellow_transition,yellow_transition,61,296.0,8.412043598280702,15,3,1,13.0,5.0,-10.0,16.0
220,yellow_transition,yellow_transition,62,311.0,8.073371439958823,16,3,1,13.0,5.0,-10.0,16.0
221,side_green,main_green,61,105.0,8.090218274106343,8,0,2,13.0,5.0,-10.0,16.0
222,side_green,main_green,62,14.0,8.171712736176604,4,0,2,13.0,5.0,-10.0,16.0
223,side_green,main_green,61,2.0,8.50160016799769,1,0,2,13.0,5.0,-10.0,16.0
224,side_green,main_green,62,4.0,8.817231211206124,3,0,2,13.0,5.0,-10.0,16.0
225,side_green,main_green,62,10.0,9.42327891529241,6,0,2,13.0,5.0,-10.0,16.0
226,side_green,main_green,60,16.0,10.014849350548555,6,0,2,13.0,5.0,-10.0,16.0
227,side_green,main_green,58,22.0,10.215037148388987,7,0,2,13.0,5.0,-10.0,16.0
228,side_green,main_green,62,28.0,9.62837162492799,11,0,2,13.0,5.0,-10.0,16.0
229,side_green,main_green,61,34.0,9.843900960055272,6,0,2,13.0,5.0,-10.0,16.0
230,side_green,main_green,58,40.0,9.883938911524176,6,0,2,13.0,5.0,-10.0,16.0
231,yellow_transition,yellow_transition,56,47.0,9.861182546645209,7,1,3,-9.0,17.0,-3.0,1.0
232,yellow_transition,yellow_transition,57,54.0,9.475190705477667,9,1,3,-9.0,17.0,-3.0,1.0
233,yellow_transition,yellow_transition,56,62.0,9.32389449526677,8,1,3,-9.0,17.0,-3.0,1.0
234,main_green,main_green,56,27.0,9.256967254548519,5,2,2,-9.0,17.0,-3.0,1.0
235,main_green,main_green,56,25.0,9.412819713123483,4,2,2,-9.0,17.0,-3.0,1.0
236,main_green,main_green,57,27.0,9.534204862008602,5,2,2,-9.0,17.0,-3.0,1.0
237,main_green,main_green,57,31.0,9.546981974566478,5,2,2,-9.0,17.0,-3.0,1.0
238,main_green,main_green,57,37.0,9.876589568839037,6,2,2,-9.0,17.0,-3.0,1.0
239,main_green,main_green,54,43.0,10.002120745051535,6,2,2,-9.0,17.0,-3.0,1.0
240,main_green,main_green,58,49.0,9.432057163991688,11,2,2,-9.0,17.0,-3.0,1.0
241,main_green,main_green,58,55.0,9.880153570129018,6,2,2,-9.0,17.0,-3.0,1.0
242,main_green,main_green,55,61.0,9.874464080356274,7,2,2,-9.0,17.0,-3.0,1.0
243,main_green,main_green,55,67.0,10.130090985449241,6,2,2,-9.0,17.0,-3.0,1.0
244,main_green,main_green,53,73.0,10.034411530009077,7,2,2,0.0,16.0,0.0,6.0
245,main_green,main_green,53,79.0,10.088737385391473,6,2,2,0.0,16.0,0.0,6.0
246,main_green,main_green,52,85.0,10.013373367847757,6,2,2,0.0,16.0,0.0,6.0
247,main_green,main_green,52,91.0,9.793427069540543,7,2,2,0.0,16.0,0.0,6.0
248,main_green,main_green,53,99.0,9.633492402621236,9,2,2,0.0,16.0,0.0,6.0
249,main_green,main_green,53,108.0,9.703365558949468,9,2,2,0.0,16.0,0.0,6.0
250,main_green,main_green,53,118.0,9.828663576252172,10,2,2,0.0,16.0,0.0,6.0
251,main_green,main_green,52,128.0,9.795044173416727,10,2,2,0.0,16.0,0.0,6.0
252,main_green,main_green,56,138.0,9.059353813831743,15,2,2,0.0,16.0,0.0,6.0
253,main_green,main_green,56,148.0,9.085731270368475,11,2,2,0.0,16.0,0.0,6.0
254,main_green,main_green,56,158.0,9.442150367315309,10,2,2,0.0,2.0,12.0,20.0
255,main_green,main_green,54,168.0,9.460794857413086,10,2,2,0.0,2.0,12.0,20.0
256,main_green,main_green,55,178.0,9.425083068045009,11,2,2,0.0,2.0,12.0,20.0
257,main_green,main_green,55,188.0,9.424704091679743,10,2,2,0.0,2.0,12.0,20.0
258,main_green,main_green,56,198.0,9.25811330593922,11,2,2,0.0,2.0,12.0,20.0
259,main_green,main_green,55,209.0,9.386502572013256,11,2,2,0.0,2.0,12.0,20.0
260,main_green,main_green,54,220.0,9.027580127117753,12,2,2,0.0,2.0,12.0,20.0
261,main_green,main_green,53,233.0,9.032200743484163,13,2,2,0.0,2.0,12.0,20.0
262,main_green,main_green,52,246.0,9.06652902441278,13,2,2,0.0,2.0,12.0,20.0
263,main_green,main_green,53,260.0,9.013225944051428,15,2,2,0.0,2.0,12.0,20.0
264,main_green,main_green,58,274.0,8.330588646197294,19,2,2,0.0,4.0,14.0,22.0
265,main_green,main_green,58,288.0,8.616303596238946,14,2,2,0.0,4.0,14.0,22.0
266,main_green,main_green,58,302.0,8.828989151672594,14,2,2,0.0,4.0,14.0,22.0
267,main_green,main_green,58,316.0,8.917555261073321,14,2,2,0.0,4.0,14.0,22.0
268,main_green,main_green,60,330.0,8.639919422595398,16,2,2,0.0,4.0,14.0,22.0
269,main_green,main_green,59,344.0,8.65628114404449,14,2,2,0.0,4.0,14.0,22.0
270,main_green,main_green,58,358.0,8.606429473945612,14,2,2,0.0,4.0,14.0,22.0
271,main_green,main_green,57,373.0,8.556074684633547,15,2,2,0.0,4.0,14.0,22.0
272,main_green,main_green,57,390.0,8.388056668037112,18,2,2,0.0,4.0,14.0,22.0
273,main_green,main_green,58,408.0,8.248659590888904,19,2,2,0.0,4.0,14.0,22.0
274,yellow_transition,yellow_transition,58,426.0,8.342254406387603,18,3,3,10.0,12.0,12.0,8.0
275,yellow_transition,yellow_transition,58,444.0,8.392623092829046,18,3,3,10.0,12.0,12.0,8.0
276,yellow_transition,yellow_transition,62,462.0,7.525843757164639,23,3,3,10.0,12.0,12.0,8.0
277,main_green,side_green,61,291.0,7.696614114032665,14,2,0,10.0,12.0,12.0,8.0
278,main_green,side_green,62,211.0,8.029967276953586,12,2,0,10.0,12.0,12.0,8.0
279,main_green,side_green,62,205.0,8.435203720769513,9,2,0,10.0,12.0,12.0,8.0
280,main_green,side_green,63,214.0,8.552654430657975,10,2,0,10.0,12.0,12.0,8.0
281,main_green,side_green,63,224.0,8.860418808098693,10,2,0,10.0,12.0,12.0,8.0
282,main_green,side_green,62,234.0,9.229699954639491,10,2,0,10.0,12.0,12.0,8.0
283,main_green,side_green,63,246.0,9.362078565955125,13,2,0,10.0,12.0,12.0,8.0
284,main_green,side_green,64,258.0,9.32584448624729,13,2,0,10.0,12.0,12.0,8.0
285,main_green,side_green,64,271.0,9.46658250124929,13,2,0,10.0,12.0,12.0,8.0
286,main_green,side_green,62,284.0,9.351883619447301,13,2,0,10.0,12.0,12.0,8.0
287,yellow_transition,yellow_transition,61,297.0,9.231054697882733,13,3,1,12.0,6.0,-18.0,8.0
288,yellow_transition,yellow_transition,66,312.0,8.34255276486202,20,3,1,12.0,6.0,-18.0,8.0
289,yellow_transition,yellow_transition,66,327.0,8.21833235322189,16,3,1,12.0,6.0,-18.0,8.0
290,side_green,main_green,66,118.0,8.427031893509216,7,0,2,12.0,6.0,-18.0,8.0
291,side_green,main_green,65,18.0,8.73640011395008,2,0,2,12.0,6.0,-18.0,8.0
292,side_green,main_green,65,1.0,9.02477782350876,2,0,2,12.0,6.0,-18.0,8.0
293,side_green,main_green,64,3.0,9.535117467019171,2,0,2,12.0,6.0,-18.0,8.0
294,side_green,main_green,64,5.0,9.94443539846605,3,0,2,12.0,6.0,-18.0,8.0
295,side_green,main_green,62,7.0,10.269670816797646,2,0,2,12.0,6.0,-18.0,8.0
296,side_green,main_green,60,9.0,10.415469222978949,3,0,2,12.0,6.0,-18.0,8.0
297,side_green,main_green,58,13.0,10.625354907403485,4,0,2,12.0,6.0,-18.0,8.0
298,side_green,main_green,57,18.0,10.946550536439878,5,0,2,12.0,6.0,-18.0,8.0
299,side_green,main_green,58,24.0,10.657226493534015,7,0,2,12.0,6.0,-18.0,8.0
300,yellow_transition,yellow_transition,61,30.0,9.72883717160134,11,1,3,-14.0,14.0,-12.0,-4.0
301,yellow_transition,yellow_transition,58,36.0,9.880531036957663,6,1,3,-14.0,14.0,-12.0,-4.0
302,yellow_transition,yellow_transition,55,43.0,9.832346168729277,7,1,3,-14.0,14.0,-12.0,-4.0
303,main_green,main_green,55,17.0,10.087430325905228,4,2,2,-14.0,14.0,-12.0,-4.0
304,main_green,main_green,56,16.0,9.963038936508083,4,2,2,-14.0,14.0,-12.0,-4.0
305,main_green,main_green,56,18.0,10.090095547001669,2,2,2,-14.0,14.0,-12.0,-4.0
306,main_green,main_green,56,20.0,10.15286647578037,2,2,2,-14.0,14.0,-12.0,-4.0
307,main_green,main_green,56,22.0,10.43197639128137,2,2,2,-14.0,14.0,-12.0,-4.0
308,main_green,main_green,56,26.0,10.482570933015444,5,2,2,-14.0,14.0,-12.0,-4.0
309,main_green,main_green,55,32.0,10.514887173647029,7,2,2,-14.0,14.0,-12.0,-4.0
310,main_green,main_green,53,38.0,10.620125621654086,6,2,2,-14.0,14.0,-12.0,-4.0
311,main_green,main_green,51,44.0,10.775542129233116,6,2,2,-14.0,14.0,-12.0,-4.0
312,main_green,main_green,53,50.0,9.747696522231236,11,2,2,-14.0,14.0,-12.0,-4.0
313,main_green,main_green,51,56.0,9.906134657080482,6,2,2,1.0,17.0,0.0,6.0
314,main_green,main_green,51,62.0,9.979939500170964,7,2,2,1.0,17.0,0.0,6.0
315,main_green,main_green,50,68.0,10.075735511158586,6,2,2,1.0,17.0,0.0,6.0
316,main_green,main_green,50,74.0,9.997730587000838,7,2,2,1.0,17.0,0.0,6.0
317,main_green,main_green,50,80.0,10.157719598023526,6,2,2,1.0,17.0,0.0,6.0
318,main_green,main_green,49,86.0,10.205163395021113,6,2,2,1.0,17.0,0.0,6.0
319,main_green,main_green,49,92.0,9.82498302989603,7,2,2,1.0,17.0,0.0,6.0
320,main_green,main_green,50,99.0,9.733510299486161,8,2,2,1.0,17.0,0.0,6.0
321,main_green,main_green,48,107.0,9.74941980741704,8,2,2,1.0,17.0,0.0,6.0
322,main_green,main_green,48,115.0,9.76658640545871,8,2,2,1.0,17.0,0.0,6.0
323,main_green,main_green,47,124.0,9.694471464715537,9,2,2,-3.0,5.0,9.0,19.0
324,main_green,main_green,52,134.0,8.822352223227076,15,2,2,-3.0,5.0,9.0,19.0
325,main_green,main_green,53,144.0,8.875691418784037,11,2,2,-3.0,5.0,9.0,19.0
326,main_green,main_green,53,154.0,9.190421335736458,10,2,2,-3.0,5.0,9.0,19.0
327,main_green,main_green,52,164.0,9.162236095481807,10,2,2,-3.0,5.0,9.0,19.0
328,main_green,main_green,53,174.0,9.05130028656036,11,2,2,-3.0,5.0,9.0,19.0
329,main_green,main_green,52,184.0,9.19988247159291,10,2,2,-3.0,5.0,9.0,19.0
330,main_green,main_green,52,194.0,8.891981805670515,11,2,2,-3.0,5.0,9.0,19.0
331,main_green,main_green,52,205.0,8.781750802387926,11,2,2,-3.0,5.0,9.0,19.0
332,main_green,main_green,52,217.0,8.545535460267105,13,2,2,-3.0,5.0,9.0,19.0
333,main_green,main_green,52,231.0,8.578849490412356,14,2,2,3.0,11.0,14.0,18.0
334,main_green,main_green,52,245.0,8.795051270867075,14,2,2,3.0,11.0,14.0,18.0
335,main_green,main_green,53,259.0,8.706943911756648,15,2,2,3.0,11.0,14.0,18.0
336,main_green,main_green,58,273.0,8.03926242441572,19,2,2,3.0,11.0,14.0,18.0
337,main_green,main_green,58,287.0,8.320388962768368,14,2,2,3.0,11.0,14.0,18.0
338,main_green,main_green,58,301.0,8.621026768703434,14,2,2,3.0,11.0,14.0,18.0
339,main_green,main_green,56,315.0,8.661491676217556,14,2,2,3.0,11.0,14.0,18.0
340,main_green,main_green,58,329.0,8.469156676758926,16,2,2,3.0,11.0,14.0,18.0
341,main_green,main_green,57,343.0,8.54480256074119,14,2,2,3.0,11.0,14.0,18.0
342,main_green,main_green,57,357.0,8.581276379191035,14,2,2,3.0,11.0,14.0,18.0
343,yellow_transition,yellow_transition,56,371.0,8.355876701778202,14,3,3,11.0,15.0,12.0,8.0
344,yellow_transition,yellow_transition,56,385.0,8.076409711427642,15,3,3,11.0,15.0,12.0,8.0
345,yellow_transition,yellow_transition,57,401.0,7.696329774312173,17,3,3,11.0,15.0,12.0,8.0
346,main_green,side_green,57,242.0,7.850984586801207,14,2,0,11.0,15.0,12.0,8.0
347,main_green,side_green,57,171.0,8.20568219040535,10,2,0,11.0,15.0,12.0,8.0
348,main_green,side_green,62,176.0,7.950379641999559,14,2,0,11.0,15.0,12.0,8.0
349,main_green,side_green,61,186.0,8.435771590635401,10,2,0,11.0,15.0,12.0,8.0
350,main_green,side_green,62,196.0,8.72267643978196,11,2,0,11.0,15.0,12.0,8.0
351,main_green,side_green,62,206.0,9.147556933500557,10,2,0,11.0,15.0,12.0,8.0
352,main_green,side_green,62,216.0,9.237151251680988,11,2,0,11.0,15.0,12.0,8.0
353,main_green,side_green,62,226.0,9.40893129297901,10,2,0,11.0,15.0,12.0,8.0
354,main_green,side_green,62,237.0,9.408429477748793,11,2,0,11.0,15.0,12.0,8.0
355,main_green,side_green,62,249.0,9.121259491436183,13,2,0,11.0,15.0,12.0,8.0
356,yellow_transition,yellow_transition,62,262.0,8.938471428127459,14,3,1,10.0,2.0,-16.0,14.0
357,yellow_transition,yellow_transition,60,275.0,8.91967122340497,13,3,1,10.0,2.0,-16.0,14.0
358,yellow_transition,yellow_transition,60,289.0,8.852614325914248,14,3,1,10.0,2.0,-16.0,14.0
359,side_green,main_green,59,94.0,9.108540648751887,7,0,2,10.0,2.0,-16.0,14.0
360,side_green,main_green,63,11.0,8.661137144551601,7,0,2,10.0,2.0,-16.0,14.0
361,side_green,main_green,64,1.0,8.94655718681986,2,0,2,10.0,2.0,-16.0,14.0
362,side_green,main_green,64,2.0,9.455423094048083,1,0,2,10.0,2.0,-16.0,14.0
363,side_green,main_green,63,3.0,9.950796951645199,1,0,2,10.0,2.0,-16.0,14.0
364,side_green,main_green,60,5.0,10.146312072453016,3,0,2,10.0,2.0,-16.0,14.0
365,side_green,main_green,59,7.0,10.652350761329117,2,0,2,10.0,2.0,-16.0,14.0
366,side_green,main_green,59,10.0,10.762810613856349,4,0,2,10.0,2.0,-16.0,14.0
367,side_green,main_green,56,14.0,10.813942370149743,4,0,2,10.0,2.0,-16.0,14.0
368,side_green,main_green,57,18.0,10.52562030584434,5,0,2,10.0,2.0,-16.0,14.0
369,yellow_transition,yellow_transition,56,24.0,10.530624425545907,6,1,3,-16.0,12.0,-8.0,2.0
370,yellow_transition,yellow_transition,53,30.0,10.358551053280962,6,1,3,-16.0,12.0,-8.0,2.0
371,yellow_transition,yellow_transition,54,36.0,10.114398078454348,7,1,3,-16.0,12.0,-8.0,2.0
372,main_green,main_green,56,15.0,9.321816047296855,9,2,2,-16.0,12.0,-8.0,2.0
373,main_green,main_green,56,10.0,9.67657521322468,2,2,2,-16.0,12.0,-8.0,2.0
374,main_green,main_green,56,12.0,10.083182684551032,2,2,2,-16.0,12.0,-8.0,2.0
375,main_green,main_green,55,14.0,10.554704616922248,2,2,2,-16.0,12.0,-8.0,2.0
376,main_green,main_green,57,16.0,10.347197886814568,4,2,2,-16.0,12.0,-8.0,2.0
377,main_green,main_green,56,18.0,10.567322447610946,2,2,2,-16.0,12.0,-8.0,2.0
378,main_green,main_green,53,20.0,10.547567569887986,2,2,2,-16.0,12.0,-8.0,2.0
379,main_green,main_green,51,22.0,10.694509123929503,2,2,2,-16.0,12.0,-8.0,2.0
380,main_green,main_green,50,25.0,10.440184763072416,4,2,2,-16.0,12.0,-8.0,2.0
381,main_green,main_green,50,31.0,10.368117809997193,7,2,2,-16.0,12.0,-8.0,2.0
382,main_green,main_green,48,37.0,10.532404742473231,6,2,2,-3.0,15.0,-4.0,6.0
383,main_green,main_green,47,43.0,10.583494326657373,6,2,2,-3.0,15.0,-4.0,6.0
384,main_green,main_green,51,49.0,9.572220155863539,11,2,2,-3.0,15.0,-4.0,6.0
385,main_green,main_green,51,55.0,9.91793873757724,6,2,2,-3.0,15.0,-4.0,6.0
386,main_green,main_green,51,61.0,9.916209864672918,7,2,2,-3.0,15.0,-4.0,6.0
387,main_green,main_green,50,67.0,10.167137804732345,6,2,2,-3.0,15.0,-4.0,6.0
388,main_green,main_green,50,73.0,9.933827767901711,7,2,2,-3.0,15.0,-4.0,6.0
389,main_green,main_green,50,79.0,9.914786684646266,6,2,2,-3.0,15.0,-4.0,6.0
390,main_green,main_green,50,85.0,10.015937757647901,6,2,2,-3.0,15.0,-4.0,6.0
391,main_green,main_green,51,92.0,9.734208176669538,8,2,2,-3.0,15.0,-4.0,6.0
392,main_green,main_green,51,101.0,9.570856241437394,10,2,2,-2.0,6.0,6.0,20.0
393,main_green,main_green,51,111.0,9.712327969015064,10,2,2,-2.0,6.0,6.0,20.0
394,main_green,main_green,50,121.0,9.840217534867394,10,2,2,-2.0,6.0,6.0,20.0
395,main_green,main_green,50,131.0,9.881187630908421,10,2,2,-2.0,6.0,6.0,20.0
396,main_green,main_green,54,141.0,8.99060345781084,15,2,2,-2.0,6.0,6.0,20.0
397,main_green,main_green,55,151.0,9.10603629309425,11,2,2,-2.0,6.0,6.0,20.0
398,main_green,main_green,53,161.0,9.214277508156764,10,2,2,-2.0,6.0,6.0,20.0
399,main_green,main_green,53,171.0,9.398862348760773,10,2,2,-2.0,6.0,6.0,20.0
400,main_green,main_green,54,181.0,9.222906674389085,11,2,2,-2.0,6.0,6.0,20.0
401,main_green,main_green,53,191.0,9.275086542235524,10,2,2,-2.0,6.0,6.0,20.0
402,yellow_transition,yellow_transition,53,201.0,8.875683519741857,11,3,3,5.0,13.0,10.0,8.0
403,yellow_transition,yellow_transition,53,212.0,8.658236167385537,11,3,3,5.0,13.0,10.0,8.0
404,yellow_transition,yellow_transition,54,224.0,8.507883148261355,13,3,3,5.0,13.0,10.0,8.0
405,main_green,side_green,54,114.0,8.666141849087532,10,2,0,5.0,13.0,10.0,8.0
406,main_green,side_green,54,88.0,9.014725036934596,6,2,0,5.0,13.0,10.0,8.0
407,main_green,side_green,55,94.0,9.117444057261588,7,2,0,5.0,13.0,10.0,8.0
408,main_green,side_green,60,100.0,8.549365766060372,11,2,0,5.0,13.0,10.0,8.0
409,main_green,side_green,60,108.0,9.096785678641927,8,2,0,5.0,13.0,10.0,8.0
410,main_green,side_green,60,116.0,9.508305475096059,8,2,0,5.0,13.0,10.0,8.0
411,main_green,side_green,59,124.0,9.779532255181431,8,2,0,5.0,13.0,10.0,8.0
412,main_green,side_green,60,132.0,9.590050461824314,10,2,0,5.0,13.0,10.0,8.0
413,main_green,side_green,59,141.0,9.67941515378877,9,2,0,5.0,13.0,10.0,8.0
414,main_green,side_green,59,150.0,9.727207943709654,9,2,0,5.0,13.0,10.0,8.0
415,yellow_transition,yellow_transition,58,161.0,9.573115073346745,11,3,1,5.0,3.0,-9.0,15.0
416,yellow_transition,yellow_transition,58,173.0,9.07837771467985,13,3,1,5.0,3.0,-9.0,15.0
417,yellow_transition,yellow_transition,59,186.0,8.800493739139576,14,3,1,5.0,3.0,-9.0,15.0
418,side_green,main_green,59,46.0,8.960645326749368,8,0,2,5.0,3.0,-9.0,15.0
419,side_green,main_green,59,2.0,9.238382573583552,1,0,2,5.0,3.0,-9.0,15.0
420,side_green,main_green,64,3.0,8.824120630937424,6,0,2,5.0,3.0,-9.0,15.0
421,side_green,main_green,61,5.0,9.061701642487026,2,0,2,5.0,3.0,-9.0,15.0
422,side_green,main_green,62,8.0,9.574252017925463,4,0,2,5.0,3.0,-9.0,15.0
423,side_green,main_green,59,11.0,10.002875908155167,3,0,2,5.0,3.0,-9.0,15.0
424,side_green,main_green,58,15.0,10.159608617975865,5,0,2,5.0,3.0,-9.0,15.0
425,side_green,main_green,55,20.0,10.369398904942669,5,0,2,5.0,3.0,-9.0,15.0
426,side_green,main_green,52,25.0,10.502525959341389,5,0,2,5.0,3.0,-9.0,15.0
427,side_green,main_green,52,30.0,10.2911238474634,6,0,2,5.0,3.0,-9.0,15.0
428,yellow_transition,yellow_transition,53,37.0,10.121017688399492,8,1,3,-13.0,15.0,-6.0,6.0
429,yellow_transition,yellow_transition,53,45.0,10.317645619291918,8,1,3,-13.0,15.0,-6.0,6.0
430,yellow_transition,yellow_transition,52,53.0,10.25269867701879,8,1,3,-13.0,15.0,-6.0,6.0
431,main_green,main_green,51,18.0,10.37265880335584,4,2,2,-13.0,15.0,-6.0,6.0
432,main_green,main_green,55,9.0,9.572657703225074,7,2,2,-13.0,15.0,-6.0,6.0
433,main_green,main_green,55,11.0,9.651877438539678,3,2,2,-13.0,15.0,-6.0,6.0
434,main_green,main_green,54,13.0,10.252610088367215,2,2,2,-13.0,15.0,-6.0,6.0
435,main_green,main_green,54,15.0,10.747043861940758,2,2,2,-13.0,15.0,-6.0,6.0
436,main_green,main_green,54,17.0,10.758282784442441,3,2,2,-13.0,15.0,-6.0,6.0
437,main_green,main_green,52,19.0,10.90315786534756,2,2,2,-13.0,15.0,-6.0,6.0
438,main_green,main_green,51,21.0,10.8220135381012,3,2,2,-13.0,15.0,-6.0,6.0
439,main_green,main_green,50,23.0,10.740940230810969,2,2,2,-13.0,15.0,-6.0,6.0
440,main_green,main_green,49,28.0,10.42584042549818,6,2,2,-13.0,15.0,-6.0,6.0
441,main_green,main_green,48,34.0,10.665010394877477,6,2,2,-3.0,17.0,-4.0,6.0
442,main_green,main_green,47,40.0,10.639976746622473,6,2,2,-3.0,17.0,-4.0,6.0
443,main_green,main_green,48,46.0,10.476368358156328,7,2,2,-3.0,17.0,-4.0,6.0
444,main_green,main_green,51,52.0,9.403175370579664,11,2,2,-3.0,17.0,-4.0,6.0
445,main_green,main_green,51,58.0,9.837433520342422,6,2,2,-3.0,17.0,-4.0,6.0
446,main_green,main_green,50,64.0,10.045403274577057,6,2,2,-3.0,17.0,-4.0,6.0
447,main_green,main_green,49,70.0,10.222388066395856,6,2,2,-3.0,17.0,-4.0,6.0
448,main_green,main_green,50,76.0,9.862260349081767,8,2,2,-3.0,17.0,-4.0,6.0
449,main_green,main_green,50,82.0,9.899309942296723,6,2,2,-3.0,17.0,-4.0,6.0
450,main_green,main_green,50,88.0,9.687216442071037,6,2,2,-3.0,17.0,-4.0,6.0
451,main_green,main_green,50,94.0,9.740505119566643,6,2,2,-3.0,5.0,8.0,20.0
452,main_green,main_green,51,103.0,9.61303700587354,10,2,2,-3.0,5.0,8.0,20.0
453,main_green,main_green,52,113.0,9.51784808407774,11,2,2,-3.0,5.0,8.0,20.0
454,main_green,main_green,52,123.0,9.669523863151273,10,2,2,-3.0,5.0,8.0,20.0
455,main_green,main_green,52,133.0,9.790322997411797,10,2,2,-3.0,5.0,8.0,20.0
456,main_green,main_green,56,143.0,8.854165524065333,15,2,2,-3.0,5.0,8.0,20.0
457,main_green,main_green,55,153.0,9.060758854574136,10,2,2,-3.0,5.0,8.0,20.0
458,main_green,main_green,55,163.0,9.028909942688152,11,2,2,-3.0,5.0,8.0,20.0
459,main_green,main_green,52,173.0,9.037920839947137,10,2,2,-3.0,5.0,8.0,20.0
460,main_green,main_green,53,183.0,8.895516575435854,11,2,2,-3.0,5.0,8.0,20.0
461,main_green,main_green,53,193.0,8.89741246611558,10,2,2,1.0,7.0,14.0,22.0
462,main_green,main_green,53,203.0,8.83463207240085,10,2,2,1.0,7.0,14.0,22.0
463,main_green,main_green,54,215.0,8.611624768846891,13,2,2,1.0,7.0,14.0,22.0
464,main_green,main_green,55,228.0,8.554311102164029,14,2,2,1.0,7.0,14.0,22.0
465,main_green,main_green,55,241.0,8.8300952372344,13,2,2,1.0,7.0,14.0,22.0
466,main_green,main_green,55,255.0,8.912461719669581,14,2,2,1.0,7.0,14.0,22.0
467,main_green,main_green,54,269.0,8.857982834531988,14,2,2,1.0,7.0,14.0,22.0
468,main_green,main_green,58,283.0,8.195648967147088,19,2,2,1.0,7.0,14.0,22.0
469,main_green,main_green,59,297.0,8.279282501069101,15,2,2,1.0,7.0,14.0,22.0
470,main_green,main_green,59,311.0,8.546667749266591,14,2,2,1.0,7.0,14.0,22.0
471,yellow_transition,yellow_transition,59,325.0,8.497704769632703,14,3,3,8.0,10.0,12.0,10.0
472,yellow_transition,yellow_transition,59,339.0,8.120555899628782,15,3,3,8.0,10.0,12.0,10.0
473,yellow_transition,yellow_transition,59,353.0,7.676033112228261,14,3,3,8.0,10.0,12.0,10.0
474,main_green,side_green,60,205.0,7.583582297036689,12,2,0,8.0,10.0,12.0,10.0
475,main_green,side_green,60,146.0,7.94929526333139,8,2,0,8.0,10.0,12.0,10.0
476,main_green,side_green,60,156.0,7.897562908840234,11,2,0,8.0,10.0,12.0,10.0
477,main_green,side_green,60,167.0,8.416806832870014,11,2,0,8.0,10.0,12.0,10.0
478,main_green,side_green,58,179.0,8.634646778615512,12,2,0,8.0,10.0,12.0,10.0
479,main_green,side_green,59,191.0,8.82795434370768,13,2,0,8.0,10.0,12.0,10.0
480,main_green,side_green,62,203.0,8.301738850872903,17,2,0,8.0,10.0,12.0,10.0
481,main_green,side_green,62,216.0,8.6306644028179,13,2,0,8.0,10.0,12.0,10.0
482,main_green,side_green,62,229.0,8.808830656544098,13,2,0,8.0,10.0,12.0,10.0
483,main_green,side_green,62,242.0,8.726957939026315,13,2,0,8.0,10.0,12.0,10.0
484,yellow_transition,yellow_transition,64,257.0,8.400446249321988,17,3,1,12.0,4.0,-11.0,13.0
485,yellow_transition,yellow_transition,64,272.0,8.248416671029235,15,3,1,12.0,4.0,-11.0,13.0
486,yellow_transition,yellow_transition,62,287.0,7.851341118684788,15,3,1,12.0,4.0,-11.0,13.0
487,side_green,main_green,62,89.0,7.94895081688311,9,0,2,12.0,4.0,-11.0,13.0
488,side_green,main_green,61,6.0,7.845731024302719,5,0,2,12.0,4.0,-11.0,13.0
489,side_green,main_green,62,7.0,8.203653825422718,4,0,2,12.0,4.0,-11.0,13.0
490,side_green,main_green,60,10.0,8.635996514941096,3,0,2,12.0,4.0,-11.0,13.0
491,side_green,main_green,59,14.0,9.282215971233718,4,0,2,12.0,4.0,-11.0,13.0
492,side_green,main_green,61,20.0,8.980775031663029,11,0,2,12.0,4.0,-11.0,13.0
493,side_green,main_green,59,26.0,9.57031159211757,6,0,2,12.0,4.0,-11.0,13.0
494,side_green,main_green,58,32.0,9.915959534688755,7,0,2,12.0,4.0,-11.0,13.0
495,side_green,main_green,55,39.0,10.147864823514778,7,0,2,12.0,4.0,-11.0,13.0
496,side_green,main_green,55,46.0,10.078367184593668,8,0,2,12.0,4.0,-11.0,13.0
497,yellow_transition,yellow_transition,55,53.0,10.219636002839035,7,1,3,-8.0,20.0,-2.0,4.0
498,yellow_transition,yellow_transition,53,60.0,9.997288265804913,7,1,3,-8.0,20.0,-2.0,4.0
499,yellow_transition,yellow_transition,54,68.0,9.66499027093909,9,1,3,-8.0,20.0,-2.0,4.0
500,main_green,main_green,55,32.0,9.79742484197135,7,2,2,-8.0,20.0,-2.0,4.0
501,main_green,main_green,55,29.0,10.066771147674846,4,2,2,-8.0,20.0,-2.0,4.0
502,main_green,main_green,54,33.0,10.420238816887261,4,2,2,-8.0,20.0,-2.0,4.0
503,main_green,main_green,54,37.0,10.727408222112645,4,2,2,-8.0,20.0,-2.0,4.0
504,main_green,main_green,59,42.0,10.004307046129728,10,2,2,-8.0,20.0,-2.0,4.0
505,main_green,main_green,59,47.0,10.136961381932563,6,2,2,-8.0,20.0,-2.0,4.0
506,main_green,main_green,56,52.0,10.3413849100232,5,2,2,-8.0,20.0,-2.0,4.0
507,main_green,main_green,56,57.0,10.59565439917131,5,2,2,-8.0,20.0,-2.0,4.0
508,main_green,main_green,54,62.0,10.485313539182723,6,2,2,-8.0,20.0,-2.0,4.0
509,main_green,main_green,54,67.0,10.528605826594056,5,2,2,-8.0,20.0,-2.0,4.0
510,main_green,main_green,53,72.0,10.178323965806705,6,2,2,-1.0,19.0,-1.0,1.0
511,main_green,main_green,52,77.0,10.272698482211325,5,2,2,-1.0,19.0,-1.0,1.0
512,main_green,main_green,53,84.0,9.97779306648459,8,2,2,-1.0,19.0,-1.0,1.0
513,main_green,main_green,50,92.0,9.896561868776068,8,2,2,-1.0,19.0,-1.0,1.0
514,main_green,main_green,50,101.0,10.087507272165634,9,2,2,-1.0,19.0,-1.0,1.0
515,main_green,main_green,49,110.0,9.808230641767853,10,2,2,-1.0,19.0,-1.0,1.0
516,main_green,main_green,54,119.0,9.02390689746568,14,2,2,-1.0,19.0,-1.0,1.0
517,main_green,main_green,53,128.0,9.187379357858898,9,2,2,-1.0,19.0,-1.0,1.0
518,main_green,main_green,53,137.0,9.379359797067707,9,2,2,-1.0,19.0,-1.0,1.0
519,main_green,main_green,53,146.0,9.614820589019653,9,2,2,-1.0,19.0,-1.0,1.0
520,main_green,main_green,55,155.0,9.408851785713361,11,2,2,-2.0,6.0,11.0,17.0
521,main_green,main_green,54,164.0,9.487041603488118,9,2,2,-2.0,6.0,11.0,17.0
522,main_green,main_green,54,173.0,9.521089793286503,9,2,2,-2.0,6.0,11.0,17.0
523,main_green,main_green,54,182.0,9.4175106680205,9,2,2,-2.0,6.0,11.0,17.0
524,main_green,main_green,54,192.0,9.112737211878091,11,2,2,-2.0,6.0,11.0,17.0
525,main_green,main_green,55,204.0,9.042837260190447,13,2,2,-2.0,6.0,11.0,17.0
526,main_green,main_green,54,217.0,9.139974231397817,13,2,2,-2.0,6.0,11.0,17.0
527,main_green,main_green,54,230.0,9.188751292290995,13,2,2,-2.0,6.0,11.0,17.0
528,main_green,main_green,57,243.0,8.414731694120457,18,2,2,-2.0,6.0,11.0,17.0
529,main_green,main_green,57,256.0,8.656283126486125,13,2,2,-2.0,6.0,11.0,17.0
530,yellow_transition,yellow_transition,58,269.0,8.654217838090595,14,3,3,5.0,9.0,15.0,11.0
531,yellow_transition,yellow_transition,58,282.0,8.579209616040606,13,3,3,5.0,9.0,15.0,11.0
532,yellow_transition,yellow_transition,58,295.0,8.269139416476186,14,3,3,5.0,9.0,15.0,11.0
533,main_green,side_green,58,152.0,8.507783192231239,10,2,0,5.0,9.0,15.0,11.0
534,main_green,side_green,58,98.0,8.786857581997458,6,2,0,5.0,9.0,15.0,11.0
535,main_green,side_green,58,104.0,8.924414851335158,7,2,0,5.0,9.0,15.0,11.0
536,main_green,side_green,59,110.0,9.02098048253613,7,2,0,5.0,9.0,15.0,11.0
537,main_green,side_green,58,116.0,9.229583964392722,6,2,0,5.0,9.0,15.0,11.0
538,main_green,side_green,58,124.0,9.411392759912147,8,2,0,5.0,9.0,15.0,11.0
539,main_green,side_green,57,133.0,9.608091094207005,9,2,0,5.0,9.0,15.0,11.0
540,main_green,side_green,62,144.0,8.776157938677166,16,2,0,5.0,9.0,15.0,11.0
541,main_green,side_green,62,155.0,8.578218274662866,12,2,0,5.0,9.0,15.0,11.0
542,main_green,side_green,62,167.0,8.76234681650914,12,2,0,5.0,9.0,15.0,11.0
543,yellow_transition,yellow_transition,62,180.0,8.7161539800426,13,3,1,6.0,-2.0,-8.0,20.0
544,yellow_transition,yellow_transition,63,194.0,8.541131837918968,15,3,1,6.0,-2.0,-8.0,20.0
545,yellow_transition,yellow_transition,62,208.0,8.366930585972176,14,3,1,6.0,-2.0,-8.0,20.0
546,side_green,main_green,63,50.0,8.312148959650079,8,0,2,6.0,-2.0,-8.0,20.0
547,side_green,main_green,63,4.0,8.819372584222846,3,0,2,6.0,-2.0,-8.0,20.0
548,side_green,main_green,62,2.0,9.023084113911192,2,0,2,6.0,-2.0,-8.0,20.0
549,side_green,main_green,61,3.0,9.486056251902545,1,0,2,6.0,-2.0,-8.0,20.0
550,side_green,main_green,60,6.0,9.88946656581074,3,0,2,6.0,-2.0,-8.0,20.0
551,side_green,main_green,57,9.0,10.077502218999602,4,0,2,6.0,-2.0,-8.0,20.0
552,side_green,main_green,60,13.0,9.587028722600971,9,0,2,6.0,-2.0,-8.0,20.0
553,side_green,main_green,57,17.0,9.829095082652794,4,0,2,6.0,-2.0,-8.0,20.0
554,side_green,main_green,57,22.0,10.15088739273909,5,0,2,6.0,-2.0,-8.0,20.0
555,side_green,main_green,56,28.0,10.361346260738285,6,0,2,6.0,-2.0,-8.0,20.0
556,yellow_transition,yellow_transition,57,34.0,9.970989195640936,8,1,3,-9.0,13.0,-3.0,3.0
557,yellow_transition,yellow_transition,54,40.0,9.758684569217735,6,1,3,-9.0,13.0,-3.0,3.0
558,yellow_transition,yellow_transition,53,46.0,9.57569695829449,6,1,3,-9.0,13.0,-3.0,3.0
559,main_green,main_green,53,29.0,9.366720888111985,4,2,2,-9.0,13.0,-3.0,3.0
560,main_green,main_green,53,27.0,9.272169955313206,4,2,2,-9.0,13.0,-3.0,3.0
561,main_green,main_green,54,33.0,9.298577644838321,7,2,2,-9.0,13.0,-3.0,3.0
562,main_green,main_green,54,39.0,9.735261233728822,6,2,2,-9.0,13.0,-3.0,3.0
563,main_green,main_green,54,45.0,10.09543334788343,6,2,2,-9.0,13.0,-3.0,3.0
564,main_green,main_green,58,51.0,9.37395816605964,11,2,2,-9.0,13.0,-3.0,3.0
565,main_green,main_green,56,57.0,9.585989666054003,6,2,2,-9.0,13.0,-3.0,3.0
566,main_green,main_green,56,63.0,9.776649703992742,7,2,2,-9.0,13.0,-3.0,3.0
567,main_green,main_green,55,69.0,10.078279029435443,6,2,2,-9.0,13.0,-3.0,3.0
568,main_green,main_green,55,75.0,10.110143263410817,7,2,2,-9.0,13.0,-3.0,3.0
569,main_green,main_green,54,81.0,10.139049496167752,6,2,2,1.0,19.0,-2.0,4.0
570,main_green,main_green,53,87.0,10.136579964090492,6,2,2,1.0,19.0,-2.0,4.0
571,main_green,main_green,53,93.0,9.951488726924678,7,2,2,1.0,19.0,-2.0,4.0
572,main_green,main_green,53,101.0,9.796228148007643,9,2,2,1.0,19.0,-2.0,4.0
573,main_green,main_green,51,109.0,9.72252812180405,8,2,2,1.0,19.0,-2.0,4.0
574,main_green,main_green,50,118.0,9.784870834434308,9,2,2,1.0,19.0,-2.0,4.0
575,main_green,main_green,50,128.0,9.816837281848098,10,2,2,1.0,19.0,-2.0,4.0
576,main_green,main_green,54,138.0,8.927056955449679,15,2,2,1.0,19.0,-2.0,4.0
577,main_green,main_green,55,148.0,9.077300538828204,11,2,2,1.0,19.0,-2.0,4.0
578,main_green,main_green,55,158.0,9.217524963912146,10,2,2,1.0,19.0,-2.0,4.0
579,main_green,main_green,55,168.0,9.408648727565224,10,2,2,2.0,8.0,10.0,16.0
580,main_green,main_green,56,178.0,9.17280010317454,11,2,2,2.0,8.0,10.0,16.0
581,main_green,main_green,56,188.0,9.258683216782936,10,2,2,2.0,8.0,10.0,16.0
582,main_green,main_green,57,198.0,9.117131816744367,11,2,2,2.0,8.0,10.0,16.0
583,main_green,main_green,56,209.0,9.105564488821615,11,2,2,2.0,8.0,10.0,16.0
584,main_green,main_green,57,221.0,9.121741080570747,13,2,2,2.0,8.0,10.0,16.0
585,main_green,main_green,55,235.0,9.102832224067557,14,2,2,2.0,8.0,10.0,16.0
586,main_green,main_green,54,249.0,9.166046035852727,14,2,2,2.0,8.0,10.0,16.0
587,main_green,main_green,53,263.0,8.933541858865794,15,2,2,2.0,8.0,10.0,16.0
588,main_green,main_green,57,277.0,8.227012380903325,19,2,2,2.0,8.0,10.0,16.0
589,yellow_transition,yellow_transition,57,291.0,8.347898736656797,14,3,3,8.0,12.0,15.0,13.0
590,yellow_transition,yellow_transition,57,305.0,8.499457968052171,14,3,3,8.0,12.0,15.0,13.0
591,yellow_transition,yellow_transition,57,320.0,8.416926526223369,15,3,3,8.0,12.0,15.0,13.0
592,main_green,side_green,59,180.0,8.263880280213876,12,2,0,8.0,12.0,15.0,13.0
593,main_green,side_green,59,129.0,8.600843195446629,6,2,0,8.0,12.0,15.0,13.0
594,main_green,side_green,59,136.0,8.991266605116449,7,2,0,8.0,12.0,15.0,13.0
595,main_green,side_green,59,143.0,9.307190590989538,7,2,0,8.0,12.0,15.0,13.0
596,main_green,side_green,60,151.0,9.424850059022855,9,2,0,8.0,12.0,15.0,13.0
597,main_green,side_green,61,159.0,9.61507268269626,9,2,0,8.0,12.0,15.0,13.0
598,main_green,side_green,59,169.0,9.683018288670013,10,2,0,8.0,12.0,15.0,13.0
599,main_green,side_green,57,179.0,9.841735879209589,10,2,0,8.0,12.0,15.0,13.0
600,main_green,side_green,62,189.0,9.059126848332253,15,2,0,8.0,12.0,15.0,13.0
601,main_green,side_green,60,200.0,9.039863173967454,11,2,0,8.0,12.0,15.0,13.0
602,yellow_transition,yellow_transition,61,211.0,8.953393714720882,12,3,1,12.0,4.0,-10.0,12.0
603,yellow_transition,yellow_transition,61,223.0,9.011614730727826,12,3,1,12.0,4.0,-10.0,12.0
604,yellow_transition,yellow_transition,62,236.0,8.89360086194869,14,3,1,12.0,4.0,-10.0,12.0
605,side_green,main_green,62,64.0,9.002153721062536,5,0,2,12.0,4.0,-10.0,12.0
606,side_green,main_green,62,0.0,9.285454965480827,0,0,2,12.0,4.0,-10.0,12.0
607,side_green,main_green,63,0.0,9.443855578882518,1,0,2,12.0,4.0,-10.0,12.0
608,side_green,main_green,62,1.0,9.590483067516193,2,0,2,12.0,4.0,-10.0,12.0
609,side_green,main_green,62,3.0,10.120473879105308,2,0,2,12.0,4.0,-10.0,12.0
610,side_green,main_green,58,6.0,10.451125430058879,3,0,2,12.0,4.0,-10.0,12.0
611,side_green,main_green,57,10.0,10.807980792228093,4,0,2,12.0,4.0,-10.0,12.0
612,side_green,main_green,57,14.0,9.831272884832918,9,0,2,12.0,4.0,-10.0,12.0
613,side_green,main_green,56,19.0,9.813326869605865,6,0,2,12.0,4.0,-10.0,12.0
614,side_green,main_green,55,24.0,9.937200107093165,5,0,2,12.0,4.0,-10.0,12.0
615,yellow_transition,yellow_transition,53,31.0,10.155621656327261,7,1,3,-9.0,15.0,-2.0,4.0
616,yellow_transition,yellow_transition,53,38.0,9.91585203737999,8,1,3,-9.0,15.0,-2.0,4.0
617,yellow_transition,yellow_transition,52,45.0,9.621666021525712,7,1,3,-9.0,15.0,-2.0,4.0
618,main_green,main_green,53,25.0,9.738337234433988,4,2,2,-9.0,15.0,-2.0,4.0
619,main_green,main_green,53,23.0,9.906886610382253,2,2,2,-9.0,15.0,-2.0,4.0
620,main_green,main_green,54,25.0,9.846335894573052,3,2,2,-9.0,15.0,-2.0,4.0
621,main_green,main_green,54,28.0,10.204060412517489,3,2,2,-9.0,15.0,-2.0,4.0
622,main_green,main_green,53,33.0,10.409453867684515,5,2,2,-9.0,15.0,-2.0,4.0
623,main_green,main_green,53,39.0,10.513133393598853,7,2,2,-9.0,15.0,-2.0,4.0
624,main_green,main_green,56,45.0,9.556271776000383,11,2,2,-9.0,15.0,-2.0,4.0
625,main_green,main_green,54,51.0,9.849275147574009,6,2,2,-9.0,15.0,-2.0,4.0
626,main_green,main_green,53,57.0,9.99774484910957,6,2,2,-9.0,15.0,-2.0,4.0
627,main_green,main_green,51,63.0,10.271856423211155,6,2,2,-9.0,15.0,-2.0,4.0
628,main_green,main_green,52,69.0,9.99713845726822,8,2,2,2.0,16.0,0.0,4.0
629,main_green,main_green,51,75.0,10.015486970446878,6,2,2,2.0,16.0,0.0,4.0
630,main_green,main_green,50,81.0,10.02593909022716,6,2,2,2.0,16.0,0.0,4.0
631,main_green,main_green,50,89.0,9.820390669419702,8,2,2,2.0,16.0,0.0,4.0
632,main_green,main_green,50,98.0,9.616139672468252,10,2,2,2.0,16.0,0.0,4.0
633,main_green,main_green,51,107.0,9.494602370935148,10,2,2,2.0,16.0,0.0,4.0
634,main_green,main_green,50,117.0,9.585750187117156,10,2,2,2.0,16.0,0.0,4.0
635,main_green,main_green,50,127.0,9.70226925157801,10,2,2,2.0,16.0,0.0,4.0
636,main_green,main_green,53,137.0,8.759630582073449,15,2,2,2.0,16.0,0.0,4.0
637,main_green,main_green,53,147.0,9.03861079321167,10,2,2,2.0,16.0,0.0,4.0
638,main_green,main_green,54,157.0,9.085148264135645,11,2,2,2.0,6.0,12.0,18.0
639,main_green,main_green,54,167.0,9.337598452162078,10,2,2,2.0,6.0,12.0,18.0
640,main_green,main_green,55,177.0,9.202049895022341,11,2,2,2.0,6.0,12.0,18.0
641,main_green,main_green,55,187.0,9.323792941175187,10,2,2,2.0,6.0,12.0,18.0
642,main_green,main_green,54,198.0,9.240890505924623,11,2,2,2.0,6.0,12.0,18.0
643,main_green,main_green,54,210.0,8.876027914390686,13,2,2,2.0,6.0,12.0,18.0
644,main_green,main_green,55,223.0,8.797593010682565,14,2,2,2.0,6.0,12.0,18.0
645,main_green,main_green,53,236.0,8.801498321663411,13,2,2,2.0,6.0,12.0,18.0
646,main_green,main_green,52,250.0,8.811524159073887,14,2,2,2.0,6.0,12.0,18.0
647,main_green,main_green,51,264.0,8.82287847577002,14,2,2,2.0,6.0,12.0,18.0
648,main_green,main_green,56,278.0,8.035937497558768,19,2,2,3.0,9.0,14.0,16.0
649,main_green,main_green,57,292.0,8.204125258003492,15,2,2,3.0,9.0,14.0,16.0
650,main_green,main_green,57,306.0,8.47951086189564,14,2,2,3.0,9.0,14.0,16.0
651,main_green,main_green,57,320.0,8.592622411264415,14,2,2,3.0,9.0,14.0,16.0
652,main_green,main_green,58,334.0,8.713157431570853,15,2,2,3.0,9.0,14.0,16.0
653,main_green,main_green,58,348.0,8.776075129917153,14,2,2,3.0,9.0,14.0,16.0
654,main_green,main_green,59,362.0,8.687528542635025,15,2,2,3.0,9.0,14.0,16.0
655,main_green,main_green,59,376.0,8.494474692472892,14,2,2,3.0,9.0,14.0,16.0
656,main_green,main_green,60,391.0,8.40201824634229,16,2,2,3.0,9.0,14.0,16.0
657,main_green,main_green,58,407.0,8.337510866984134,16,2,2,3.0,9.0,14.0,16.0
658,yellow_transition,yellow_transition,58,424.0,8.373997081905129,17,3,3,8.0,8.0,13.0,7.0
659,yellow_transition,yellow_transition,58,442.0,8.287246116769834,19,3,3,8.0,8.0,13.0,7.0
660,yellow_transition,yellow_transition,63,460.0,7.5138316741182045,23,3,3,8.0,8.0,13.0,7.0
661,main_green,side_green,62,292.0,7.699548499907653,14,2,0,8.0,8.0,13.0,7.0
662,main_green,side_green,62,209.0,8.172048016157841,10,2,0,8.0,8.0,13.0,7.0
663,main_green,side_green,61,209.0,8.529101467106084,9,2,0,8.0,8.0,13.0,7.0
664,main_green,side_green,63,218.0,8.580962646998787,11,2,0,8.0,8.0,13.0,7.0
665,main_green,side_green,62,227.0,8.876904368191301,9,2,0,8.0,8.0,13.0,7.0
666,main_green,side_green,62,238.0,9.160674711339107,11,2,0,8.0,8.0,13.0,7.0
667,main_green,side_green,62,249.0,9.253956540679999,11,2,0,8.0,8.0,13.0,7.0
668,main_green,side_green,62,260.0,9.262014022113913,12,2,0,8.0,8.0,13.0,7.0
669,main_green,side_green,63,273.0,9.201376553160713,14,2,0,8.0,8.0,13.0,7.0
670,main_green,side_green,63,286.0,9.130536922786161,13,2,0,8.0,8.0,13.0,7.0
671,yellow_transition,yellow_transition,63,300.0,9.183327138370977,14,3,1,13.0,7.0,-19.0,7.0
672,yellow_transition,yellow_transition,66,314.0,8.285309209298415,19,3,1,13.0,7.0,-19.0,7.0
673,yellow_transition,yellow_transition,64,329.0,8.296273215975576,15,3,1,13.0,7.0,-19.0,7.0
674,side_green,main_green,64,115.0,8.341244894085108,8,0,2,13.0,7.0,-19.0,7.0
675,side_green,main_green,62,15.0,8.446119527618636,3,0,2,13.0,7.0,-19.0,7.0
676,side_green,main_green,63,2.0,8.884709759352303,2,0,2,13.0,7.0,-19.0,7.0
677,side_green,main_green,62,3.0,9.14714936878127,1,0,2,13.0,7.0,-19.0,7.0
678,side_green,main_green,61,4.0,9.619848551570943,1,0,2,13.0,7.0,-19.0,7.0
679,side_green,main_green,61,6.0,9.899457075956425,3,0,2,13.0,7.0,-19.0,7.0
680,side_green,main_green,61,9.0,10.10524243978391,4,0,2,13.0,7.0,-19.0,7.0
681,side_green,main_green,60,14.0,10.413782395409994,5,0,2,13.0,7.0,-19.0,7.0
682,side_green,main_green,57,19.0,10.468831205838343,5,0,2,13.0,7.0,-19.0,7.0
683,side_green,main_green,57,26.0,10.675539804165993,7,0,2,13.0,7.0,-19.0,7.0
684,yellow_transition,yellow_transition,60,33.0,9.735836909213099,12,1,3,-14.0,12.0,-11.0,-3.0
685,yellow_transition,yellow_transition,59,40.0,9.839121108865033,8,1,3,-14.0,12.0,-11.0,-3.0
686,yellow_transition,yellow_transition,57,47.0,9.956352973995514,7,1,3,-14.0,12.0,-11.0,-3.0
687,main_green,main_green,56,19.0,10.257693683589618,3,2,2,-14.0,12.0,-11.0,-3.0
688,main_green,main_green,57,16.0,10.382226783854517,3,2,2,-14.0,12.0,-11.0,-3.0
689,main_green,main_green,57,18.0,10.651299573331906,2,2,2,-14.0,12.0,-11.0,-3.0
690,main_green,main_green,57,20.0,10.671841528014198,3,2,2,-14.0,12.0,-11.0,-3.0
691,main_green,main_green,57,22.0,10.658211671942347,2,2,2,-14.0,12.0,-11.0,-3.0
692,main_green,main_green,57,24.0,10.699325377244389,3,2,2,-14.0,12.0,-11.0,-3.0
693,main_green,main_green,54,28.0,10.748556563157592,4,2,2,-14.0,12.0,-11.0,-3.0
694,main_green,main_green,52,33.0,10.741032847321641,5,2,2,-14.0,12.0,-11.0,-3.0
695,main_green,main_green,51,39.0,10.656838388832767,7,2,2,-14.0,12.0,-11.0,-3.0
696,main_green,main_green,56,45.0,9.776329230358169,11,2,2,-14.0,12.0,-11.0,-3.0
697,main_green,main_green,54,51.0,10.099244912361678,6,2,2,-2.0,12.0,1.0,9.0
698,main_green,main_green,50,57.0,10.290927722697894,6,2,2,-2.0,12.0,1.0,9.0
699,main_green,main_green,50,63.0,10.456545561653137,6,2,2,-2.0,12.0,1.0,9.0
700,main_green,main_green,51,69.0,10.097280151269468,8,2,2,-2.0,12.0,1.0,9.0
701,main_green,main_green,50,75.0,10.033245372407775,6,2,2,-2.0,12.0,1.0,9.0
702,main_green,main_green,49,81.0,9.874942665089435,6,2,2,-2.0,12.0,1.0,9.0
703,main_green,main_green,49,87.0,9.975959838113887,6,2,2,-2.0,12.0,1.0,9.0
704,main_green,main_green,49,95.0,9.771521828699463,9,2,2,-2.0,12.0,1.0,9.0
705,main_green,main_green,49,104.0,9.704608535044638,10,2,2,-2.0,12.0,1.0,9.0
706,main_green,main_green,49,114.0,9.882701540719747,10,2,2,-2.0,12.0,1.0,9.0
707,main_green,main_green,47,124.0,9.802658660730867,10,2,2,-1.0,9.0,7.0,17.0
708,main_green,main_green,52,134.0,8.975327814405942,15,2,2,-1.0,9.0,7.0,17.0
709,main_green,main_green,52,144.0,9.235973894622918,10,2,2,-1.0,9.0,7.0,17.0
710,main_green,main_green,53,154.0,9.336128312705954,11,2,2,-1.0,9.0,7.0,17.0
711,main_green,main_green,52,164.0,9.535236438159265,10,2,2,-1.0,9.0,7.0,17.0
712,main_green,main_green,53,174.0,9.38552551821471,11,2,2,-1.0,9.0,7.0,17.0
713,main_green,main_green,51,184.0,9.26737944405421,10,2,2,-1.0,9.0,7.0,17.0
714,main_green,main_green,51,194.0,9.23306525441888,10,2,2,-1.0,9.0,7.0,17.0
715,main_green,main_green,52,204.0,8.911283644564007,11,2,2,-1.0,9.0,7.0,17.0
716,main_green,main_green,53,216.0,8.810878182785004,13,2,2,-1.0,9.0,7.0,17.0
717,main_green,main_green,53,229.0,9.02809919613318,13,2,2,3.0,9.0,11.0,17.0
718,main_green,main_green,52,243.0,9.010980989392825,14,2,2,3.0,9.0,11.0,17.0
719,main_green,main_green,52,257.0,9.146761150218575,14,2,2,3.0,9.0,11.0,17.0
720,main_green,main_green,57,271.0,8.413461572648309,19,2,2,3.0,9.0,11.0,17.0
721,main_green,main_green,58,285.0,8.401805691193852,15,2,2,3.0,9.0,11.0,17.0
722,main_green,main_green,58,299.0,8.621748322245473,14,2,2,3.0,9.0,11.0,17.0
723,main_green,main_green,57,313.0,8.718354483694227,14,2,2,3.0,9.0,11.0,17.0
724,main_green,main_green,57,327.0,8.617037000323977,15,2,2,3.0,9.0,11.0,17.0
725,main_green,main_green,56,341.0,8.627402287766712,14,2,2,3.0,9.0,11.0,17.0
726,main_green,main_green,57,355.0,8.482803969869396,15,2,2,3.0,9.0,11.0,17.0
727,yellow_transition,yellow_transition,57,370.0,8.44134877515602,15,3,3,9.0,11.0,11.0,9.0
728,yellow_transition,yellow_transition,58,385.0,8.173077792487224,16,3,3,9.0,11.0,11.0,9.0
729,yellow_transition,yellow_transition,58,403.0,7.83517458549274,18,3,3,9.0,11.0,11.0,9.0
730,main_green,side_green,57,246.0,7.903211571701491,13,2,0,9.0,11.0,11.0,9.0
731,main_green,side_green,58,173.0,7.944813403672801,11,2,0,9.0,11.0,11.0,9.0
732,main_green,side_green,62,180.0,7.529153808352225,15,2,0,9.0,11.0,11.0,9.0
733,main_green,side_green,62,190.0,8.152976280024895,10,2,0,9.0,11.0,11.0,9.0
734,main_green,side_green,62,200.0,8.698012548979525,10,2,0,9.0,11.0,11.0,9.0
735,main_green,side_green,60,211.0,8.999827520924951,11,2,0,9.0,11.0,11.0,9.0
736,main_green,side_green,61,222.0,8.808216813055092,13,2,0,9.0,11.0,11.0,9.0
737,main_green,side_green,61,233.0,9.097562173860066,11,2,0,9.0,11.0,11.0,9.0
738,main_green,side_green,60,245.0,9.050881951823222,12,2,0,9.0,11.0,11.0,9.0
739,main_green,side_green,59,257.0,8.807518261156984,12,2,0,9.0,11.0,11.0,9.0
740,yellow_transition,yellow_transition,60,270.0,8.641713235928252,14,3,1,11.0,5.0,-14.0,14.0
741,yellow_transition,yellow_transition,60,284.0,8.29773511280051,15,3,1,11.0,5.0,-14.0,14.0
742,yellow_transition,yellow_transition,60,301.0,8.368815423588734,17,3,1,11.0,5.0,-14.0,14.0
743,side_green,main_green,59,99.0,8.457262929931145,9,0,2,11.0,5.0,-14.0,14.0
744,side_green,main_green,64,9.0,8.01147119522846,8,0,2,11.0,5.0,-14.0,14.0
745,side_green,main_green,64,2.0,8.490435318351237,1,0,2,11.0,5.0,-14.0,14.0
746,side_green,main_green,64,4.0,8.677935587651415,3,0,2,11.0,5.0,-14.0,14.0
747,side_green,main_green,62,6.0,9.196029927756511,2,0,2,11.0,5.0,-14.0,14.0
748,side_green,main_green,62,10.0,9.661710418494392,5,0,2,11.0,5.0,-14.0,14.0
749,side_green,main_green,60,15.0,10.222405820883669,5,0,2,11.0,5.0,-14.0,14.0
750,side_green,main_green,58,20.0,10.794610903766475,5,0,2,11.0,5.0,-14.0,14.0
751,side_green,main_green,56,25.0,10.575001286766192,6,0,2,11.0,5.0,-14.0,14.0
752,side_green,main_green,56,30.0,10.285611198618296,6,0,2,11.0,5.0,-14.0,14.0
753,yellow_transition,yellow_transition,55,37.0,10.211473701375722,7,1,3,-12.0,18.0,-9.0,-1.0
754,yellow_transition,yellow_transition,54,44.0,10.253419165046795,7,1,3,-12.0,18.0,-9.0,-1.0
755,yellow_transition,yellow_transition,54,52.0,10.1956206289657,8,1,3,-12.0,18.0,-9.0,-1.0
756,main_green,main_green,58,19.0,9.480231177249065,10,2,2,-12.0,18.0,-9.0,-1.0
757,main_green,main_green,59,10.0,9.654357567365446,3,2,2,-12.0,18.0,-9.0,-1.0
758,main_green,main_green,58,12.0,10.105853362988505,2,2,2,-12.0,18.0,-9.0,-1.0
759,main_green,main_green,56,14.0,10.46699492095729,2,2,2,-12.0,18.0,-9.0,-1.0
760,main_green,main_green,57,16.0,10.723733530785275,3,2,2,-12.0,18.0,-9.0,-1.0
761,main_green,main_green,56,18.0,10.881222485128234,2,2,2,-12.0,18.0,-9.0,-1.0
762,main_green,main_green,54,20.0,10.836917986449837,3,2,2,-12.0,18.0,-9.0,-1.0
763,main_green,main_green,53,23.0,10.761641701028331,3,2,2,-12.0,18.0,-9.0,-1.0
764,main_green,main_green,51,27.0,10.533375392710733,5,2,2,-12.0,18.0,-9.0,-1.0
765,main_green,main_green,50,33.0,10.67212481951531,6,2,2,-12.0,18.0,-9.0,-1.0
766,main_green,main_green,50,39.0,10.838337305818754,6,2,2,-3.0,15.0,-4.0,4.0
767,main_green,main_green,51,45.0,10.684635259315728,7,2,2,-3.0,15.0,-4.0,4.0
768,main_green,main_green,53,51.0,9.846083384833863,11,2,2,-3.0,15.0,-4.0,4.0
769,main_green,main_green,51,57.0,9.92063086319723,6,2,2,-3.0,15.0,-4.0,4.0
770,main_green,main_green,51,63.0,10.246032183015624,6,2,2,-3.0,15.0,-4.0,4.0
771,main_green,main_green,50,69.0,10.342414371475698,6,2,2,-3.0,15.0,-4.0,4.0
772,main_green,main_green,50,75.0,9.893096516998606,8,2,2,-3.0,15.0,-4.0,4.0
773,main_green,main_green,50,81.0,9.850525132977161,6,2,2,-3.0,15.0,-4.0,4.0
774,main_green,main_green,49,87.0,9.721224801875787,6,2,2,-3.0,15.0,-4.0,4.0
775,main_green,main_green,49,94.0,10.024570319296936,7,2,2,-3.0,15.0,-4.0,4.0
776,main_green,main_green,50,103.0,9.710151352863958,10,2,2,-2.0,10.0,8.0,18.0
777,main_green,main_green,50,112.0,9.559426750733204,10,2,2,-2.0,10.0,8.0,18.0
778,main_green,main_green,50,122.0,9.65243253988907,10,2,2,-2.0,10.0,8.0,18.0
779,main_green,main_green,50,132.0,9.894738350662665,10,2,2,-2.0,10.0,8.0,18.0
780,main_green,main_green,54,142.0,8.917796528525225,15,2,2,-2.0,10.0,8.0,18.0
781,main_green,main_green,54,152.0,9.134163642666678,10,2,2,-2.0,10.0,8.0,18.0
782,main_green,main_green,55,162.0,9.140077678168483,11,2,2,-2.0,10.0,8.0,18.0
783,main_green,main_green,53,172.0,9.294735952911214,10,2,2,-2.0,10.0,8.0,18.0
784,main_green,main_green,53,182.0,9.101365912512613,11,2,2,-2.0,10.0,8.0,18.0
785,main_green,main_green,52,192.0,9.123044589267725,10,2,2,-2.0,10.0,8.0,18.0
786,main_green,main_green,52,202.0,9.022810249370771,10,2,2,3.0,11.0,12.0,18.0
787,main_green,main_green,53,212.0,8.804195215609994,11,2,2,3.0,11.0,12.0,18.0
788,main_green,main_green,54,224.0,8.818488197505891,13,2,2,3.0,11.0,12.0,18.0
789,main_green,main_green,54,238.0,8.920899366715737,14,2,2,3.0,11.0,12.0,18.0
790,main_green,main_green,54,252.0,9.037295373285913,14,2,2,3.0,11.0,12.0,18.0
791,main_green,main_green,53,266.0,9.059703680488065,14,2,2,3.0,11.0,12.0,18.0
792,main_green,main_green,57,280.0,8.310526110000074,19,2,2,3.0,11.0,12.0,18.0
793,main_green,main_green,58,294.0,8.345442607680603,15,2,2,3.0,11.0,12.0,18.0
794,main_green,main_green,57,308.0,8.581113785010047,14,2,2,3.0,11.0,12.0,18.0
795,main_green,main_green,57,322.0,8.67925084638995,14,2,2,3.0,11.0,12.0,18.0
796,yellow_transition,yellow_transition,58,336.0,8.514653460620368,15,3,3,9.0,9.0,12.0,10.0
797,yellow_transition,yellow_transition,58,350.0,8.437307343271048,14,3,3,9.0,9.0,12.0,10.0
798,yellow_transition,yellow_transition,59,364.0,8.178251681384804,15,3,3,9.0,9.0,12.0,10.0
799,main_green,side_green,59,212.0,8.421529085783472,11,2,0,9.0,9.0,12.0,10.0
800,main_green,side_green,59,148.0,8.405662414711333,9,2,0,9.0,9.0,12.0,10.0
801,main_green,side_green,59,153.0,8.738540981514861,7,2,0,9.0,9.0,12.0,10.0
802,main_green,side_green,59,161.0,9.014335220693216,8,2,0,9.0,9.0,12.0,10.0
803,main_green,side_green,60,170.0,9.116923824303733,10,2,0,9.0,9.0,12.0,10.0
804,main_green,side_green,65,179.0,8.617176766656478,14,2,0,9.0,9.0,12.0,10.0
805,main_green,side_green,64,189.0,8.872167220968882,10,2,0,9.0,9.0,12.0,10.0
806,main_green,side_green,63,200.0,8.94768099376795,11,2,0,9.0,9.0,12.0,10.0
807,main_green,side_green,62,212.0,9.08354116917623,12,2,0,9.0,9.0,12.0,10.0
808,main_green,side_green,64,225.0,8.849423511035672,15,2,0,9.0,9.0,12.0,10.0
809,yellow_transition,yellow_transition,63,238.0,8.650776526766455,13,3,1,9.0,3.0,-10.0,16.0
810,yellow_transition,yellow_transition,63,252.0,8.56685939876899,14,3,1,9.0,3.0,-10.0,16.0
811,yellow_transition,yellow_transition,62,268.0,8.244166498936158,16,3,1,9.0,3.0,-10.0,16.0
812,side_green,main_green,61,87.0,8.239448063032754,10,0,2,9.0,3.0,-10.0,16.0
813,side_green,main_green,61,7.0,8.258906115328735,4,0,2,9.0,3.0,-10.0,16.0
814,side_green,main_green,60,5.0,8.823040541973631,2,0,2,9.0,3.0,-10.0,16.0
815,side_green,main_green,59,7.0,9.359900226502795,2,0,2,9.0,3.0,-10.0,16.0
816,side_green,main_green,63,9.0,9.068241285927202,7,0,2,9.0,3.0,-10.0,16.0
817,side_green,main_green,63,12.0,9.848164843854565,3,0,2,9.0,3.0,-10.0,16.0
818,side_green,main_green,60,16.0,10.276052939781662,5,0,2,9.0,3.0,-10.0,16.0
819,side_green,main_green,59,20.0,10.760650511946203,4,0,2,9.0,3.0,-10.0,16.0
820,side_green,main_green,56,24.0,10.792771431663096,5,0,2,9.0,3.0,-10.0,16.0
821,side_green,main_green,55,28.0,10.815365794671738,4,0,2,9.0,3.0,-10.0,16.0
822,yellow_transition,yellow_transition,53,32.0,10.582062201707595,4,1,3,-9.0,13.0,-2.0,4.0
823,yellow_transition,yellow_transition,53,37.0,10.113921410436827,6,1,3,-9.0,13.0,-2.0,4.0
824,yellow_transition,yellow_transition,54,43.0,9.800559349434353,7,1,3,-9.0,13.0,-2.0,4.0
825,main_green,main_green,54,30.0,10.023731098994418,3,2,2,-9.0,13.0,-2.0,4.0
826,main_green,main_green,54,30.0,10.212447429095434,3,2,2,-9.0,13.0,-2.0,4.0
827,main_green,main_green,54,34.0,10.472043250509309,4,2,2,-9.0,13.0,-2.0,4.0
828,main_green,main_green,59,38.0,9.853600546842957,9,2,2,-9.0,13.0,-2.0,4.0
829,main_green,main_green,60,42.0,10.161844849584831,5,2,2,-9.0,13.0,-2.0,4.0
830,main_green,main_green,59,46.0,10.529603537742325,4,2,2,-9.0,13.0,-2.0,4.0
831,main_green,main_green,55,50.0,10.724130378542183,4,2,2,-9.0,13.0,-2.0,4.0
832,main_green,main_green,55,54.0,10.648624369443986,5,2,2,-9.0,13.0,-2.0,4.0
833,main_green,main_green,52,58.0,10.573455109586122,4,2,2,-9.0,13.0,-2.0,4.0
834,main_green,main_green,52,62.0,10.338229518102027,5,2,2,-9.0,13.0,-2.0,4.0
835,main_green,main_green,51,66.0,10.280561546553896,4,2,2,-2.0,16.0,-1.0,3.0
836,main_green,main_green,52,72.0,10.161170086088799,7,2,2,-2.0,16.0,-1.0,3.0
837,main_green,main_green,51,79.0,10.14951129790224,7,2,2,-2.0,16.0,-1.0,3.0
838,main_green,main_green,50,86.0,10.250023152290252,7,2,2,-2.0,16.0,-1.0,3.0
839,main_green,main_green,51,94.0,10.076778674349159,9,2,2,-2.0,16.0,-1.0,3.0
840,main_green,main_green,53,102.0,9.077329914281732,13,2,2,-2.0,16.0,-1.0,3.0
841,main_green,main_green,53,110.0,9.478316531937864,8,2,2,-2.0,16.0,-1.0,3.0
842,main_green,main_green,51,118.0,9.64347888547796,8,2,2,-2.0,16.0,-1.0,3.0
843,main_green,main_green,50,126.0,9.764001269251912,8,2,2,-2.0,16.0,-1.0,3.0
844,main_green,main_green,51,134.0,9.441162812111477,10,2,2,-2.0,16.0,-1.0,3.0
845,main_green,main_green,51,142.0,9.46514663140734,8,2,2,-2.0,8.0,12.0,18.0
846,main_green,main_green,51,150.0,9.479086460171484,8,2,2,-2.0,8.0,12.0,18.0
847,main_green,main_green,51,158.0,9.51391974708979,8,2,2,-2.0,8.0,12.0,18.0
848,main_green,main_green,52,169.0,9.432437082356826,12,2,2,-2.0,8.0,12.0,18.0
849,main_green,main_green,53,181.0,9.280082308783491,13,2,2,-2.0,8.0,12.0,18.0
850,main_green,main_green,53,193.0,9.394616577071108,12,2,2,-2.0,8.0,12.0,18.0
851,main_green,main_green,51,205.0,9.430809763414821,12,2,2,-2.0,8.0,12.0,18.0
852,main_green,main_green,55,217.0,8.580884913509676,17,2,2,-2.0,8.0,12.0,18.0
853,main_green,main_green,55,229.0,8.850725184543732,12,2,2,-2.0,8.0,12.0,18.0
854,main_green,main_green,56,241.0,8.963572517331414,13,2,2,-2.0,8.0,12.0,18.0
855,main_green,main_green,55,253.0,8.997623271827111,12,2,2,2.0,6.0,16.0,16.0
856,main_green,main_green,56,265.0,8.920779755152338,13,2,2,2.0,6.0,16.0,16.0
857,main_green,main_green,56,277.0,8.899418922270092,12,2,2,2.0,6.0,16.0,16.0
858,main_green,main_green,55,289.0,8.736516924534087,12,2,2,2.0,6.0,16.0,16.0
859,main_green,main_green,56,303.0,8.65955772996833,15,2,2,2.0,6.0,16.0,16.0
860,main_green,main_green,56,318.0,8.5618532644795,16,2,2,2.0,6.0,16.0,16.0
861,main_green,main_green,56,334.0,8.611835345429649,16,2,2,2.0,6.0,16.0,16.0
862,main_green,main_green,55,350.0,8.721806356778185,16,2,2,2.0,6.0,16.0,16.0
863,main_green,main_green,55,366.0,8.87913499788181,16,2,2,2.0,6.0,16.0,16.0
864,main_green,main_green,59,382.0,8.060205294643767,21,2,2,2.0,6.0,16.0,16.0
865,yellow_transition,yellow_transition,60,398.0,8.096598264084916,17,3,3,10.0,12.0,17.0,7.0
866,yellow_transition,yellow_transition,59,414.0,8.137304177785296,16,3,3,10.0,12.0,17.0,7.0
867,yellow_transition,yellow_transition,58,431.0,8.086318185440128,17,3,3,10.0,12.0,17.0,7.0
868,main_green,side_green,59,248.0,8.13656033369411,13,2,0,10.0,12.0,17.0,7.0
869,main_green,side_green,59,151.0,8.415348674597178,8,2,0,10.0,12.0,17.0,7.0
870,main_green,side_green,60,135.0,8.579751305013966,7,2,0,10.0,12.0,17.0,7.0
871,main_green,side_green,60,141.0,8.867159856022122,6,2,0,10.0,12.0,17.0,7.0
872,main_green,side_green,61,147.0,8.954991051495211,7,2,0,10.0,12.0,17.0,7.0
873,main_green,side_green,60,155.0,9.321125540072279,8,2,0,10.0,12.0,17.0,7.0
874,main_green,side_green,59,165.0,9.51490613574851,10,2,0,10.0,12.0,17.0,7.0
875,main_green,side_green,60,175.0,9.72907658761966,11,2,0,10.0,12.0,17.0,7.0
876,main_green,side_green,64,185.0,9.106795750684194,15,2,0,10.0,12.0,17.0,7.0
877,main_green,side_green,63,196.0,9.04124773145655,11,2,0,10.0,12.0,17.0,7.0
878,yellow_transition,yellow_transition,63,208.0,9.010748204455309,12,3,1,12.0,6.0,-12.0,10.0
879,yellow_transition,yellow_transition,61,220.0,8.944748320589321,12,3,1,12.0,6.0,-12.0,10.0
880,yellow_transition,yellow_transition,63,233.0,8.32117583570028,15,3,1,12.0,6.0,-12.0,10.0
881,side_green,main_green,62,62.0,8.472508539069004,5,0,2,12.0,6.0,-12.0,10.0
882,side_green,main_green,61,1.0,8.766083397513299,1,0,2,12.0,6.0,-12.0,10.0
883,side_green,main_green,60,3.0,9.247808534996334,2,0,2,12.0,6.0,-12.0,10.0
884,side_green,main_green,61,5.0,9.39327744670355,3,0,2,12.0,6.0,-12.0,10.0
885,side_green,main_green,61,9.0,9.753069086735344,5,0,2,12.0,6.0,-12.0,10.0
886,side_green,main_green,59,14.0,10.26019376394748,5,0,2,12.0,6.0,-12.0,10.0
887,side_green,main_green,56,19.0,10.575061030371401,5,0,2,12.0,6.0,-12.0,10.0
888,side_green,main_green,60,24.0,9.879563663266174,10,0,2,12.0,6.0,-12.0,10.0
889,side_green,main_green,58,30.0,10.03452024318563,6,0,2,12.0,6.0,-12.0,10.0
890,side_green,main_green,58,36.0,9.902668061728205,7,0,2,12.0,6.0,-12.0,10.0
891,yellow_transition,yellow_transition,57,42.0,10.025525395255775,6,1,3,-8.0,16.0,-4.0,0.0
892,yellow_transition,yellow_transition,56,49.0,9.70307511602203,8,1,3,-8.0,16.0,-4.0,0.0
893,yellow_transition,yellow_transition,53,57.0,9.406290963385157,8,1,3,-8.0,16.0,-4.0,0.0
894,main_green,main_green,52,33.0,9.382792350731911,4,2,2,-8.0,16.0,-4.0,0.0
895,main_green,main_green,53,24.0,9.349650952073222,3,2,2,-8.0,16.0,-4.0,0.0
896,main_green,main_green,54,28.0,9.56135597348579,5,2,2,-8.0,16.0,-4.0,0.0
897,main_green,main_green,54,33.0,10.08471254995793,5,2,2,-8.0,16.0,-4.0,0.0
898,main_green,main_green,54,39.0,10.410735315657748,6,2,2,-8.0,16.0,-4.0,0.0
899,main_green,main_green,53,45.0,10.738935435446292,6,2,2,-8.0,16.0,-4.0,0.0
900,main_green,main_green,55,51.0,9.847998407053312,11,2,2,-8.0,16.0,-4.0,0.0
901,main_green,main_green,54,57.0,9.892691755434626,7,2,2,-8.0,16.0,-4.0,0.0
902,main_green,main_green,51,63.0,10.14987651373956,6,2,2,-8.0,16.0,-4.0,0.0
903,main_green,main_green,51,69.0,10.371584991949964,6,2,2,-8.0,16.0,-4.0,0.0
904,main_green,main_green,51,75.0,10.166209917587894,7,2,2,1.0,15.0,1.0,9.0
905,main_green,main_green,50,81.0,10.165669194558475,6,2,2,1.0,15.0,1.0,9.0
906,main_green,main_green,51,87.0,9.938540833444872,7,2,2,1.0,15.0,1.0,9.0
907,main_green,main_green,49,94.0,9.733686152716839,7,2,2,1.0,15.0,1.0,9.0
908,main_green,main_green,50,101.0,9.605783256037915,8,2,2,1.0,15.0,1.0,9.0
909,main_green,main_green,49,110.0,9.562807251971588,9,2,2,1.0,15.0,1.0,9.0
910,main_green,main_green,49,119.0,9.751890069543801,9,2,2,1.0,15.0,1.0,9.0
911,main_green,main_green,50,129.0,9.53330039780441,11,2,2,1.0,15.0,1.0,9.0
912,main_green,main_green,55,139.0,8.83466974793325,15,2,2,1.0,15.0,1.0,9.0
913,main_green,main_green,55,149.0,9.172675009742116,10,2,2,1.0,15.0,1.0,9.0
914,main_green,main_green,55,159.0,9.38314356880348,10,2,2,1.0,5.0,11.0,19.0
915,main_green,main_green,53,169.0,9.471951704970909,10,2,2,1.0,5.0,11.0,19.0
916,main_green,main_green,55,179.0,9.302680275379808,12,2,2,1.0,5.0,11.0,19.0
917,main_green,main_green,55,189.0,9.509284402253348,10,2,2,1.0,5.0,11.0,19.0
918,main_green,main_green,54,199.0,9.366439740367733,10,2,2,1.0,5.0,11.0,19.0
919,main_green,main_green,53,209.0,9.222550161669606,10,2,2,1.0,5.0,11.0,19.0
920,main_green,main_green,52,220.0,8.885431401575472,12,2,2,1.0,5.0,11.0,19.0
921,main_green,main_green,52,232.0,8.564977557407516,13,2,2,1.0,5.0,11.0,19.0
922,main_green,main_green,52,246.0,8.876114106559605,14,2,2,1.0,5.0,11.0,19.0
923,main_green,main_green,52,260.0,8.903632262525123,14,2,2,1.0,5.0,11.0,19.0
924,main_green,main_green,57,274.0,8.267624029136272,19,2,2,2.0,8.0,14.0,20.0
925,main_green,main_green,57,288.0,8.399320868984413,14,2,2,2.0,8.0,14.0,20.0
926,main_green,main_green,58,302.0,8.521004355266898,15,2,2,2.0,8.0,14.0,20.0
927,main_green,main_green,58,316.0,8.720829703476445,14,2,2,2.0,8.0,14.0,20.0
928,main_green,main_green,59,330.0,8.458644999376645,15,2,2,2.0,8.0,14.0,20.0
929,main_green,main_green,58,344.0,8.490792968577063,14,2,2,2.0,8.0,14.0,20.0
930,main_green,main_green,57,358.0,8.48148546169305,14,2,2,2.0,8.0,14.0,20.0
931,main_green,main_green,58,375.0,8.409636769286568,18,2,2,2.0,8.0,14.0,20.0
932,main_green,main_green,59,392.0,8.396081412165886,18,2,2,2.0,8.0,14.0,20.0
933,main_green,main_green,59,409.0,8.42586266980925,17,2,2,2.0,8.0,14.0,20.0
934,yellow_transition,yellow_transition,59,426.0,8.474610364313007,17,3,3,8.0,6.0,13.0,13.0
935,yellow_transition,yellow_transition,57,444.0,8.188650859025422,18,3,3,8.0,6.0,13.0,13.0
936,yellow_transition,yellow_transition,61,463.0,7.239391898750136,24,3,3,8.0,6.0,13.0,13.0
937,side_green,main_green,62,342.0,7.579511555836228,15,0,2,8.0,6.0,13.0,13.0
938,side_green,main_green,62,307.0,7.936064996064661,10,0,2,8.0,6.0,13.0,13.0
939,side_green,main_green,62,317.0,8.258989634422615,10,0,2,8.0,6.0,13.0,13.0
940,side_green,main_green,63,327.0,8.391376871669367,11,0,2,8.0,6.0,13.0,13.0
941,side_green,main_green,62,338.0,8.636094860251495,11,0,2,8.0,6.0,13.0,13.0
942,side_green,main_green,63,350.0,8.70769806530201,13,0,2,8.0,6.0,13.0,13.0
943,side_green,main_green,63,363.0,9.007336222171807,13,0,2,8.0,6.0,13.0,13.0
944,side_green,main_green,63,377.0,8.816466322715897,15,0,2,8.0,6.0,13.0,13.0
945,side_green,main_green,62,391.0,8.784235654859573,14,0,2,8.0,6.0,13.0,13.0
946,side_green,main_green,62,407.0,8.823620804443946,16,0,2,8.0,6.0,13.0,13.0
947,yellow_transition,yellow_transition,62,423.0,8.625967510053716,17,1,3,-13.0,13.0,13.0,3.0
948,yellow_transition,yellow_transition,67,439.0,7.886119332480967,21,1,3,-13.0,13.0,13.0,3.0
949,yellow_transition,yellow_transition,66,456.0,7.920466411994779,17,1,3,-13.0,13.0,13.0,3.0
950,main_green,side_green,65,201.0,8.03389606515512,9,2,0,-13.0,13.0,13.0,3.0
951,main_green,side_green,62,60.0,8.115946962548328,5,2,0,-13.0,13.0,13.0,3.0
952,main_green,side_green,64,2.0,8.11512803147383,3,2,0,-13.0,13.0,13.0,3.0
953,main_green,side_green,63,4.0,8.362343834934919,2,2,0,-13.0,13.0,13.0,3.0
954,main_green,side_green,63,7.0,8.963570733741538,3,2,0,-13.0,13.0,13.0,3.0
955,main_green,side_green,62,12.0,9.493212797488276,5,2,0,-13.0,13.0,13.0,3.0
956,main_green,side_green,60,17.0,9.609674393310156,6,2,0,-13.0,13.0,13.0,3.0
957,main_green,side_green,59,23.0,9.843991409243285,7,2,0,-13.0,13.0,13.0,3.0
958,main_green,side_green,59,30.0,10.192772825472217,7,2,0,-13.0,13.0,13.0,3.0
959,main_green,side_green,57,38.0,10.421146053447407,8,2,0,-13.0,13.0,13.0,3.0
960,yellow_transition,yellow_transition,61,46.0,9.45598577747288,13,3,1,-7.0,3.0,-15.0,13.0
961,yellow_transition,yellow_transition,58,54.0,9.367772511712689,8,3,1,-7.0,3.0,-15.0,13.0
962,yellow_transition,yellow_transition,58,62.0,9.255772945524075,9,3,1,-7.0,3.0,-15.0,13.0
963,main_green,main_green,56,27.0,9.508104760036824,4,2,2,-7.0,3.0,-15.0,13.0
964,main_green,main_green,57,17.0,9.743871044037293,3,2,2,-7.0,3.0,-15.0,13.0
965,main_green,main_green,57,19.0,10.176564897340311,2,2,2,-7.0,3.0,-15.0,13.0
966,main_green,main_green,57,21.0,10.467546220670393,2,2,2,-7.0,3.0,-15.0,13.0
967,main_green,main_green,58,23.0,10.419145958710162,3,2,2,-7.0,3.0,-15.0,13.0
968,main_green,main_green,58,27.0,10.353465759801345,5,2,2,-7.0,3.0,-15.0,13.0
969,main_green,main_green,56,32.0,10.495081000729687,5,2,2,-7.0,3.0,-15.0,13.0
970,main_green,main_green,56,38.0,10.797327260944744,6,2,2,-7.0,3.0,-15.0,13.0
971,main_green,main_green,54,44.0,10.786168720648027,6,2,2,-7.0,3.0,-15.0,13.0
972,main_green,main_green,56,50.0,9.831229635955795,11,2,2,-7.0,3.0,-15.0,13.0
973,main_green,main_green,55,56.0,9.81153134707706,7,2,2,1.0,9.0,-3.0,13.0
974,main_green,main_green,52,62.0,10.116564241713498,6,2,2,1.0,9.0,-3.0,13.0
975,main_green,main_green,51,68.0,10.31440779798074,6,2,2,1.0,9.0,-3.0,13.0
976,main_green,main_green,49,74.0,10.0721918087274,7,2,2,1.0,9.0,-3.0,13.0
977,main_green,main_green,49,80.0,9.97234641623259,6,2,2,1.0,9.0,-3.0,13.0
978,main_green,main_green,49,86.0,9.726679881816436,7,2,2,1.0,9.0,-3.0,13.0
979,main_green,main_green,49,93.0,10.010302716164281,7,2,2,1.0,9.0,-3.0,13.0
980,main_green,main_green,50,100.0,9.803097357430227,8,2,2,1.0,9.0,-3.0,13.0
981,main_green,main_green,50,109.0,9.773625500751638,9,2,2,1.0,9.0,-3.0,13.0
982,main_green,main_green,50,118.0,9.761343847938067,9,2,2,1.0,9.0,-3.0,13.0
983,main_green,main_green,51,127.0,9.68738044040744,10,2,2,8.0,20.0,-3.0,3.0
984,main_green,main_green,56,136.0,8.840947314463351,14,2,2,8.0,20.0,-3.0,3.0
985,main_green,main_green,56,146.0,9.214126252092331,10,2,2,8.0,20.0,-3.0,3.0
986,main_green,main_green,56,156.0,9.430648234931438,10,2,2,8.0,20.0,-3.0,3.0
987,main_green,main_green,56,166.0,9.587065824777005,10,2,2,8.0,20.0,-3.0,3.0
988,main_green,main_green,57,176.0,9.212392241671184,12,2,2,8.0,20.0,-3.0,3.0
989,main_green,main_green,55,186.0,9.220062577514337,10,2,2,8.0,20.0,-3.0,3.0
990,main_green,main_green,55,196.0,9.323753107912596,10,2,2,8.0,20.0,-3.0,3.0
991,main_green,main_green,54,206.0,9.106685991198475,10,2,2,8.0,20.0,-3.0,3.0
992,main_green,main_green,55,218.0,9.030088253042695,13,2,2,8.0,20.0,-3.0,3.0
993,main_green,main_green,55,232.0,8.858589834277451,15,2,2,11.0,13.0,3.0,5.0
994,main_green,main_green,54,246.0,9.004809842491987,14,2,2,11.0,13.0,3.0,5.0
995,main_green,main_green,54,260.0,9.15840488067305,14,2,2,11.0,13.0,3.0,5.0
996,main_green,main_green,59,274.0,8.384471514538602,19,2,2,11.0,13.0,3.0,5.0
997,main_green,main_green,59,288.0,8.599194475508543,14,2,2,11.0,13.0,3.0,5.0
998,main_green,main_green,60,302.0,8.713994590798988,15,2,2,11.0,13.0,3.0,5.0
999,main_green,main_green,60,316.0,8.722714662945496,14,2,2,11.0,13.0,3.0,5.0
1000,main_green,main_green,61,330.0,8.65824361475829,15,2,2,11.0,13.0,3.0,5.0
1001,main_green,main_green,61,344.0,8.653454740483498,14,2,2,11.0,13.0,3.0,5.0
1002,main_green,main_green,60,358.0,8.646124299332548,14,2,2,11.0,13.0,3.0,5.0
1003,main_green,main_green,60,372.0,8.388105426030286,15,2,2,13.0,13.0,5.0,5.0
1004,main_green,main_green,60,389.0,8.323944286276015,18,2,2,13.0,13.0,5.0,5.0
1005,main_green,main_green,58,407.0,8.32218154043773,18,2,2,13.0,13.0,5.0,5.0
1006,main_green,main_green,58,425.0,8.459843930038433,18,2,2,13.0,13.0,5.0,5.0
1007,main_green,main_green,57,443.0,8.473366547744986,18,2,2,13.0,13.0,5.0,5.0
1008,main_green,main_green,62,461.0,7.867809410163869,23,2,2,13.0,13.0,5.0,5.0
1009,main_green,main_green,63,479.0,7.955312285089052,19,2,2,13.0,13.0,5.0,5.0
1010,main_green,main_green,63,497.0,8.098379423780857,18,2,2,13.0,13.0,5.0,5.0
1011,main_green,main_green,60,515.0,7.9233194025922495,18,2,2,13.0,13.0,5.0,5.0
1012,main_green,main_green,61,533.0,7.765373115154656,19,2,2,13.0,13.0,5.0,5.0
1013,yellow_transition,yellow_transition,61,551.0,7.647524372350347,18,3,3,15.0,9.0,15.0,11.0
1014,yellow_transition,yellow_transition,61,571.0,7.2237826708973865,21,3,3,15.0,9.0,15.0,11.0
1015,yellow_transition,yellow_transition,60,592.0,7.139664069405246,21,3,3,15.0,9.0,15.0,11.0
1016,side_green,side_green,60,231.0,7.192360749029715,16,0,0,15.0,9.0,15.0,11.0
1017,side_green,side_green,59,42.0,7.466673466371807,7,0,0,15.0,9.0,15.0,11.0
1018,side_green,side_green,58,4.0,8.004629775983938,2,0,0,15.0,9.0,15.0,11.0
1019,side_green,side_green,58,7.0,8.456544055312092,4,0,0,15.0,9.0,15.0,11.0
1020,side_green,side_green,63,11.0,8.412284497411548,9,0,0,15.0,9.0,15.0,11.0
1021,side_green,side_green,63,15.0,8.970244280176288,4,0,0,15.0,9.0,15.0,11.0
1022,side_green,side_green,63,20.0,9.498971784586706,5,0,0,15.0,9.0,15.0,11.0
1023,side_green,side_green,61,26.0,9.73411012341856,6,0,0,15.0,9.0,15.0,11.0
1024,side_green,side_green,63,33.0,9.632863254175547,9,0,0,15.0,9.0,15.0,11.0
1025,side_green,side_green,63,42.0,9.770925428172854,9,0,0,15.0,9.0,15.0,11.0
1026,yellow_transition,yellow_transition,63,52.0,9.661311971666143,10,1,1,-14.0,4.0,-8.0,14.0
1027,yellow_transition,yellow_transition,63,62.0,9.518271395721078,10,1,1,-14.0,4.0,-8.0,14.0
1028,yellow_transition,yellow_transition,63,72.0,9.152364874955062,11,1,1,-14.0,4.0,-8.0,14.0
1029,main_green,main_green,64,12.0,9.197319304894503,5,2,2,-14.0,4.0,-8.0,14.0
1030,main_green,main_green,64,4.0,9.465972355104428,3,2,2,-14.0,4.0,-8.0,14.0
1031,main_green,main_green,63,4.0,9.70655819748932,2,2,2,-14.0,4.0,-8.0,14.0
1032,main_green,main_green,68,6.0,9.467034344126128,7,2,2,-14.0,4.0,-8.0,14.0
1033,main_green,main_green,66,8.0,10.092445302102343,2,2,2,-14.0,4.0,-8.0,14.0
1034,main_green,main_green,62,10.0,10.233071850253108,3,2,2,-14.0,4.0,-8.0,14.0
1035,main_green,main_green,61,12.0,10.784501288123087,2,2,2,-14.0,4.0,-8.0,14.0
1036,main_green,main_green,58,14.0,10.967483847096362,3,2,2,-14.0,4.0,-8.0,14.0
1037,main_green,main_green,54,16.0,10.955631623942601,2,2,2,-14.0,4.0,-8.0,14.0
1038,main_green,main_green,50,18.0,10.928927508592857,2,2,2,-14.0,4.0,-8.0,14.0
1039,main_green,main_green,48,21.0,10.615150516935485,4,2,2,-1.0,11.0,-6.0,4.0
1040,main_green,main_green,48,25.0,10.326994110919687,5,2,2,-1.0,11.0,-6.0,4.0
1041,main_green,main_green,46,30.0,10.349189009472198,5,2,2,-1.0,11.0,-6.0,4.0
1042,main_green,main_green,45,36.0,10.286662372088632,6,2,2,-1.0,11.0,-6.0,4.0
1043,main_green,main_green,45,42.0,10.326658254487683,6,2,2,-1.0,11.0,-6.0,4.0
1044,main_green,main_green,50,48.0,9.513073248112422,11,2,2,-1.0,11.0,-6.0,4.0
1045,main_green,main_green,51,54.0,9.60367991357652,7,2,2,-1.0,11.0,-6.0,4.0
1046,main_green,main_green,51,60.0,9.799666390998734,6,2,2,-1.0,11.0,-6.0,4.0
1047,main_green,main_green,51,66.0,10.027744096144861,6,2,2,-1.0,11.0,-6.0,4.0
1048,main_green,main_green,52,72.0,9.856071259011308,7,2,2,-1.0,11.0,-6.0,4.0
1049,main_green,main_green,52,78.0,9.96196734885448,6,2,2,3.0,17.0,0.0,10.0
1050,main_green,main_green,53,84.0,9.716875221600915,7,2,2,3.0,17.0,0.0,10.0
1051,main_green,main_green,53,91.0,9.678845528757671,7,2,2,3.0,17.0,0.0,10.0
1052,main_green,main_green,54,99.0,9.555791223667937,9,2,2,3.0,17.0,0.0,10.0
1053,main_green,main_green,54,109.0,9.552183255106447,10,2,2,3.0,17.0,0.0,10.0
1054,main_green,main_green,54,119.0,9.771336728692733,10,2,2,3.0,17.0,0.0,10.0
1055,main_green,main_green,52,129.0,9.45231361247178,11,2,2,3.0,17.0,0.0,10.0
1056,main_green,main_green,57,139.0,8.722783753587127,15,2,2,3.0,17.0,0.0,10.0
1057,main_green,main_green,57,149.0,8.972846292285338,10,2,2,3.0,17.0,0.0,10.0
1058,main_green,main_green,55,159.0,8.985751199233315,10,2,2,3.0,17.0,0.0,10.0
1059,main_green,main_green,54,169.0,9.201604339484337,10,2,2,10.0,18.0,3.0,5.0
1060,main_green,main_green,54,179.0,8.62990728678707,12,2,2,10.0,18.0,3.0,5.0
1061,main_green,main_green,53,189.0,8.70433207700107,10,2,2,10.0,18.0,3.0,5.0
1062,main_green,main_green,53,199.0,8.793579676663052,10,2,2,10.0,18.0,3.0,5.0
1063,main_green,main_green,52,211.0,8.810866657128374,12,2,2,10.0,18.0,3.0,5.0
1064,main_green,main_green,53,223.0,8.679958491353357,13,2,2,10.0,18.0,3.0,5.0
1065,main_green,main_green,53,237.0,8.601625609562058,15,2,2,10.0,18.0,3.0,5.0
1066,main_green,main_green,53,251.0,8.682513818244152,14,2,2,10.0,18.0,3.0,5.0
1067,main_green,main_green,53,265.0,8.839881281839514,14,2,2,10.0,18.0,3.0,5.0
1068,main_green,main_green,58,279.0,8.208233437353371,19,2,2,10.0,18.0,3.0,5.0
1069,main_green,main_green,58,293.0,8.41931633259891,14,2,2,9.0,9.0,12.0,14.0
1070,main_green,main_green,59,307.0,8.515913747545715,15,2,2,9.0,9.0,12.0,14.0
1071,main_green,main_green,59,321.0,8.66657868106475,14,2,2,9.0,9.0,12.0,14.0
1072,main_green,main_green,60,335.0,8.57215693605028,15,2,2,9.0,9.0,12.0,14.0
1073,main_green,main_green,60,349.0,8.507874262920566,14,2,2,9.0,9.0,12.0,14.0
1074,main_green,main_green,60,364.0,8.58623991156078,15,2,2,9.0,9.0,12.0,14.0
1075,main_green,main_green,61,379.0,8.496624908042591,16,2,2,9.0,9.0,12.0,14.0
1076,main_green,main_green,62,394.0,8.347478837996798,16,2,2,9.0,9.0,12.0,14.0
1077,main_green,main_green,62,412.0,8.518383319711937,18,2,2,9.0,9.0,12.0,14.0
1078,main_green,main_green,60,430.0,8.500820309090406,18,2,2,9.0,9.0,12.0,14.0
1079,yellow_transition,yellow_transition,59,448.0,8.323689802640049,18,3,3,10.0,14.0,8.0,6.0
1080,yellow_transition,yellow_transition,63,466.0,7.407289819187853,23,3,3,10.0,14.0,8.0,6.0
1081,yellow_transition,yellow_transition,64,485.0,7.252454348602488,20,3,3,10.0,14.0,8.0,6.0
1082,main_green,side_green,63,336.0,7.431703389309087,14,2,0,10.0,14.0,8.0,6.0
1083,main_green,side_green,62,271.0,7.531431343188077,11,2,0,10.0,14.0,8.0,6.0
1084,main_green,side_green,62,271.0,7.619645305221181,11,2,0,10.0,14.0,8.0,6.0
1085,main_green,side_green,61,282.0,7.8683825598620984,11,2,0,10.0,14.0,8.0,6.0
1086,main_green,side_green,61,294.0,7.9926898716677846,13,2,0,10.0,14.0,8.0,6.0
1087,main_green,side_green,60,307.0,8.27517228095746,13,2,0,10.0,14.0,8.0,6.0
1088,main_green,side_green,61,322.0,8.42794907266717,16,2,0,10.0,14.0,8.0,6.0
1089,main_green,side_green,60,338.0,8.399237083838441,16,2,0,10.0,14.0,8.0,6.0
1090,main_green,side_green,59,354.0,8.504928307342494,16,2,0,10.0,14.0,8.0,6.0
1091,main_green,side_green,60,370.0,8.28737308523278,17,2,0,10.0,14.0,8.0,6.0
1092,yellow_transition,yellow_transition,65,386.0,7.81863186612798,21,3,1,13.0,5.0,-14.0,16.0
1093,yellow_transition,yellow_transition,65,403.0,7.806259541088907,17,3,1,13.0,5.0,-14.0,16.0
1094,yellow_transition,yellow_transition,65,420.0,7.911931371020517,17,3,1,13.0,5.0,-14.0,16.0
1095,side_green,main_green,63,174.0,7.948463135167706,9,0,2,13.0,5.0,-14.0,16.0
1096,side_green,main_green,65,40.0,8.015198242339597,5,0,2,13.0,5.0,-14.0,16.0
1097,side_green,main_green,65,1.0,8.301152358164929,1,0,2,13.0,5.0,-14.0,16.0
1098,side_green,main_green,64,3.0,8.598400242899595,2,0,2,13.0,5.0,-14.0,16.0
1099,side_green,main_green,63,5.0,8.965055514858756,2,0,2,13.0,5.0,-14.0,16.0
1100,side_green,main_green,61,10.0,9.258659591753847,6,0,2,13.0,5.0,-14.0,16.0
1101,side_green,main_green,62,16.0,9.760134637022649,7,0,2,13.0,5.0,-14.0,16.0
1102,side_green,main_green,61,23.0,10.119805576798289,7,0,2,13.0,5.0,-14.0,16.0
1103,side_green,main_green,58,30.0,10.44539641364416,7,0,2,13.0,5.0,-14.0,16.0
1104,side_green,main_green,61,37.0,9.794793577900903,12,0,2,13.0,5.0,-14.0,16.0
1105,yellow_transition,yellow_transition,60,44.0,9.84339527718805,7,1,3,-11.0,17.0,-3.0,3.0
1106,yellow_transition,yellow_transition,59,51.0,9.821098995321822,8,1,3,-11.0,17.0,-3.0,3.0
1107,yellow_transition,yellow_transition,58,59.0,9.840019684442389,8,1,3,-11.0,17.0,-3.0,3.0
1108,main_green,main_green,59,26.0,9.953454502730539,5,2,2,-11.0,17.0,-3.0,3.0
1109,main_green,main_green,58,18.0,10.032052099691441,2,2,2,-11.0,17.0,-3.0,3.0
1110,main_green,main_green,58,20.0,10.207880502772985,2,2,2,-11.0,17.0,-3.0,3.0
1111,main_green,main_green,59,22.0,10.027665932604757,3,2,2,-11.0,17.0,-3.0,3.0
1112,main_green,main_green,60,27.0,10.088793593416039,6,2,2,-11.0,17.0,-3.0,3.0
1113,main_green,main_green,59,32.0,10.345256438887729,5,2,2,-11.0,17.0,-3.0,3.0
1114,main_green,main_green,55,37.0,10.444001126915127,5,2,2,-11.0,17.0,-3.0,3.0
1115,main_green,main_green,55,43.0,10.674808655461316,6,2,2,-11.0,17.0,-3.0,3.0
1116,main_green,main_green,57,49.0,9.751293108425427,11,2,2,-11.0,17.0,-3.0,3.0
1117,main_green,main_green,57,55.0,9.735935192720435,7,2,2,-11.0,17.0,-3.0,3.0
1118,main_green,main_green,53,61.0,9.783070218453274,6,2,2,-2.0,14.0,-1.0,5.0
1119,main_green,main_green,53,67.0,10.00452150144001,6,2,2,-2.0,14.0,-1.0,5.0
1120,main_green,main_green,54,73.0,10.128268242717162,7,2,2,-2.0,14.0,-1.0,5.0
1121,main_green,main_green,53,79.0,10.120723349167285,6,2,2,-2.0,14.0,-1.0,5.0
1122,main_green,main_green,53,85.0,9.915142922364442,7,2,2,-2.0,14.0,-1.0,5.0
1123,main_green,main_green,52,92.0,9.755589508574609,7,2,2,-2.0,14.0,-1.0,5.0
1124,main_green,main_green,51,100.0,9.49823015096736,9,2,2,-2.0,14.0,-1.0,5.0
1125,main_green,main_green,51,109.0,9.58391747047935,9,2,2,-2.0,14.0,-1.0,5.0
1126,main_green,main_green,51,118.0,9.708462954709006,9,2,2,-2.0,14.0,-1.0,5.0
1127,main_green,main_green,52,128.0,9.621123824247869,11,2,2,-2.0,14.0,-1.0,5.0
1128,main_green,main_green,57,138.0,8.880247400100089,15,2,2,-4.0,6.0,6.0,16.0
1129,main_green,main_green,57,148.0,9.177457526710702,10,2,2,-4.0,6.0,6.0,16.0
1130,main_green,main_green,57,158.0,9.39890904307345,10,2,2,-4.0,6.0,6.0,16.0
1131,main_green,main_green,57,168.0,9.486604500620155,10,2,2,-4.0,6.0,6.0,16.0
1132,main_green,main_green,58,178.0,9.289056390931155,12,2,2,-4.0,6.0,6.0,16.0
1133,main_green,main_green,57,188.0,9.469846424670854,10,2,2,-4.0,6.0,6.0,16.0
1134,main_green,main_green,56,198.0,9.268880501224364,10,2,2,-4.0,6.0,6.0,16.0
1135,main_green,main_green,56,208.0,9.201799758692072,10,2,2,-4.0,6.0,6.0,16.0
1136,main_green,main_green,57,220.0,9.087064352202757,13,2,2,-4.0,6.0,6.0,16.0
1137,main_green,main_green,58,233.0,8.971700336178788,14,2,2,-4.0,6.0,6.0,16.0
1138,main_green,main_green,56,247.0,9.005745017212663,14,2,2,0.0,6.0,10.0,16.0
1139,main_green,main_green,55,261.0,9.08115042746129,14,2,2,0.0,6.0,10.0,16.0
1140,main_green,main_green,58,275.0,8.24417356174318,19,2,2,0.0,6.0,10.0,16.0
1141,main_green,main_green,58,289.0,8.42514612705026,14,2,2,0.0,6.0,10.0,16.0
1142,main_green,main_green,59,303.0,8.557124801744616,15,2,2,0.0,6.0,10.0,16.0
1143,main_green,main_green,59,317.0,8.65207517768972,14,2,2,0.0,6.0,10.0,16.0
1144,main_green,main_green,58,331.0,8.430136330724011,15,2,2,0.0,6.0,10.0,16.0
1145,main_green,main_green,58,345.0,8.309183922488502,14,2,2,0.0,6.0,10.0,16.0
1146,main_green,main_green,56,359.0,8.187720392026371,14,2,2,0.0,6.0,10.0,16.0
1147,main_green,main_green,57,375.0,8.228806107185996,17,2,2,0.0,6.0,10.0,16.0
1148,yellow_transition,yellow_transition,58,391.0,7.908221280262703,17,3,3,10.0,12.0,11.0,9.0
1149,yellow_transition,yellow_transition,57,408.0,7.734237505528939,17,3,3,10.0,12.0,11.0,9.0
1150,yellow_transition,yellow_transition,57,427.0,7.658610366606196,19,3,3,10.0,12.0,11.0,9.0
1151,main_green,side_green,57,264.0,7.778003179378492,14,2,0,10.0,12.0,11.0,9.0
1152,main_green,side_green,62,185.0,7.390075948088799,15,2,0,10.0,12.0,11.0,9.0
1153,main_green,side_green,63,182.0,7.690512572137223,10,2,0,10.0,12.0,11.0,9.0
1154,main_green,side_green,63,192.0,8.332866920510495,10,2,0,10.0,12.0,11.0,9.0
1155,main_green,side_green,63,202.0,8.759170966626076,10,2,0,10.0,12.0,11.0,9.0
1156,main_green,side_green,64,212.0,9.057223737785854,11,2,0,10.0,12.0,11.0,9.0
1157,main_green,side_green,63,222.0,9.331083164573306,10,2,0,10.0,12.0,11.0,9.0
1158,main_green,side_green,63,232.0,9.360360610618196,11,2,0,10.0,12.0,11.0,9.0
1159,main_green,side_green,62,244.0,9.378214768207112,12,2,0,10.0,12.0,11.0,9.0
1160,main_green,side_green,62,256.0,9.051687606628395,13,2,0,10.0,12.0,11.0,9.0
1161,yellow_transition,yellow_transition,62,269.0,8.856039228200567,13,3,1,10.0,4.0,-14.0,14.0
1162,yellow_transition,yellow_transition,60,283.0,8.820913069999458,14,3,1,10.0,4.0,-14.0,14.0
1163,yellow_transition,yellow_transition,61,299.0,8.63712428931899,17,3,1,10.0,4.0,-14.0,14.0
1164,side_green,main_green,66,100.0,8.183825868661707,14,0,2,10.0,4.0,-14.0,14.0
1165,side_green,main_green,66,12.0,8.719054694592804,2,0,2,10.0,4.0,-14.0,14.0
1166,side_green,main_green,66,0.0,9.150837412460394,0,0,2,10.0,4.0,-14.0,14.0
1167,side_green,main_green,66,1.0,9.573593010455136,1,0,2,10.0,4.0,-14.0,14.0
1168,side_green,main_green,68,2.0,9.739197687964126,3,0,2,10.0,4.0,-14.0,14.0
1169,side_green,main_green,67,3.0,10.11363702771168,1,0,2,10.0,4.0,-14.0,14.0
1170,side_green,main_green,62,5.0,10.36254977197768,2,0,2,10.0,4.0,-14.0,14.0
1171,side_green,main_green,60,9.0,10.701916420081755,4,0,2,10.0,4.0,-14.0,14.0
1172,side_green,main_green,57,14.0,10.457006556397197,6,0,2,10.0,4.0,-14.0,14.0
1173,side_green,main_green,57,20.0,10.466699667412898,7,0,2,10.0,4.0,-14.0,14.0
1174,yellow_transition,yellow_transition,54,26.0,10.328781201659282,6,1,3,-16.0,10.0,-8.0,2.0
1175,yellow_transition,yellow_transition,53,33.0,10.27407066456984,7,1,3,-16.0,10.0,-8.0,2.0
1176,yellow_transition,yellow_transition,57,40.0,9.352604681503959,12,1,3,-16.0,10.0,-8.0,2.0
1177,main_green,main_green,55,16.0,9.742956959824934,3,2,2,-16.0,10.0,-8.0,2.0
1178,main_green,main_green,56,15.0,9.890002584207595,3,2,2,-16.0,10.0,-8.0,2.0
1179,main_green,main_green,56,17.0,10.278855552642796,2,2,2,-16.0,10.0,-8.0,2.0
1180,main_green,main_green,57,19.0,10.461558076938712,3,2,2,-16.0,10.0,-8.0,2.0
1181,main_green,main_green,57,21.0,10.61858323393775,2,2,2,-16.0,10.0,-8.0,2.0
1182,main_green,main_green,55,23.0,10.702072711579468,2,2,2,-16.0,10.0,-8.0,2.0
1183,main_green,main_green,54,25.0,10.659882362799882,3,2,2,-16.0,10.0,-8.0,2.0
1184,main_green,main_green,55,29.0,10.6337374502319,5,2,2,-16.0,10.0,-8.0,2.0
1185,main_green,main_green,54,34.0,10.631425736357032,5,2,2,-16.0,10.0,-8.0,2.0
1186,main_green,main_green,51,39.0,10.65694792988462,5,2,2,-16.0,10.0,-8.0,2.0
1187,main_green,main_green,49,44.0,10.639252451896105,5,2,2,-3.0,11.0,-3.0,3.0
1188,main_green,main_green,52,50.0,9.730671566400247,11,2,2,-3.0,11.0,-3.0,3.0
1189,main_green,main_green,52,56.0,9.805774172256605,7,2,2,-3.0,11.0,-3.0,3.0
1190,main_green,main_green,52,62.0,10.058776513908125,6,2,2,-3.0,11.0,-3.0,3.0
1191,main_green,main_green,50,68.0,10.249353631971944,6,2,2,-3.0,11.0,-3.0,3.0
1192,main_green,main_green,50,74.0,10.036223080163465,7,2,2,-3.0,11.0,-3.0,3.0
1193,main_green,main_green,50,80.0,10.064660799818148,6,2,2,-3.0,11.0,-3.0,3.0
1194,main_green,main_green,50,86.0,9.83898477527664,7,2,2,-3.0,11.0,-3.0,3.0
1195,main_green,main_green,50,92.0,9.786475765109868,6,2,2,-3.0,11.0,-3.0,3.0
1196,main_green,main_green,50,100.0,9.644106431053642,9,2,2,-3.0,11.0,-3.0,3.0
1197,main_green,main_green,50,109.0,9.7233191711714,9,2,2,-2.0,8.0,7.0,17.0
1198,main_green,main_green,49,119.0,9.80438350902763,10,2,2,-2.0,8.0,7.0,17.0
1199,main_green,main_green,50,129.0,9.734729080148833,11,2,2,-2.0,8.0,7.0,17.0
1200,main_green,main_green,55,139.0,8.871591985203551,15,2,2,-2.0,8.0,7.0,17.0
1201,main_green,main_green,54,149.0,9.12503143021414,10,2,2,-2.0,8.0,7.0,17.0
1202,main_green,main_green,53,159.0,9.256825910884325,10,2,2,-2.0,8.0,7.0,17.0
1203,main_green,main_green,51,169.0,9.292094091405255,10,2,2,-2.0,8.0,7.0,17.0
1204,main_green,main_green,53,179.0,8.948203383067138,12,2,2,-2.0,8.0,7.0,17.0
1205,main_green,main_green,52,189.0,8.832592044626052,10,2,2,-2.0,8.0,7.0,17.0
1206,main_green,main_green,52,199.0,8.883891875745338,10,2,2,-2.0,8.0,7.0,17.0
1207,main_green,main_green,51,210.0,8.917511105996482,11,2,2,4.0,12.0,10.0,14.0
1208,main_green,main_green,52,221.0,8.783628982398678,12,2,2,4.0,12.0,10.0,14.0
1209,main_green,main_green,53,235.0,8.705442555485845,15,2,2,4.0,12.0,10.0,14.0
1210,main_green,main_green,53,249.0,8.72387038466196,14,2,2,4.0,12.0,10.0,14.0
1211,main_green,main_green,53,263.0,8.839074797062402,14,2,2,4.0,12.0,10.0,14.0
1212,main_green,main_green,58,277.0,8.158916539602009,19,2,2,4.0,12.0,10.0,14.0
1213,main_green,main_green,57,291.0,8.391631305188843,14,2,2,4.0,12.0,10.0,14.0
1214,main_green,main_green,58,305.0,8.420100201319602,15,2,2,4.0,12.0,10.0,14.0
1215,main_green,main_green,58,319.0,8.536053030444624,14,2,2,4.0,12.0,10.0,14.0
1216,main_green,main_green,58,333.0,8.409025470521367,15,2,2,4.0,12.0,10.0,14.0
1217,yellow_transition,yellow_transition,57,347.0,8.349263084182319,14,3,3,11.0,17.0,11.0,7.0
1218,yellow_transition,yellow_transition,57,361.0,8.235008160922595,14,3,3,11.0,17.0,11.0,7.0
1219,yellow_transition,yellow_transition,56,376.0,7.95543175552707,16,3,3,11.0,17.0,11.0,7.0
1220,main_green,side_green,57,221.0,8.000958984505747,14,2,0,11.0,17.0,11.0,7.0
1221,main_green,side_green,57,156.0,8.169910842198046,9,2,0,11.0,17.0,11.0,7.0
1222,main_green,side_green,57,160.0,8.525554109843412,8,2,0,11.0,17.0,11.0,7.0
1223,main_green,side_green,57,169.0,8.81694916922978,9,2,0,11.0,17.0,11.0,7.0
1224,main_green,side_green,62,179.0,8.398251478225507,15,2,0,11.0,17.0,11.0,7.0
1225,main_green,side_green,63,189.0,8.765845672450359,11,2,0,11.0,17.0,11.0,7.0
1226,main_green,side_green,62,199.0,9.009486422424356,10,2,0,11.0,17.0,11.0,7.0
1227,main_green,side_green,62,210.0,9.315081312840935,11,2,0,11.0,17.0,11.0,7.0
1228,main_green,side_green,62,221.0,9.147865730301783,12,2,0,11.0,17.0,11.0,7.0
1229,main_green,side_green,62,232.0,9.286187329009675,11,2,0,11.0,17.0,11.0,7.0
1230,yellow_transition,yellow_transition,61,244.0,8.924015868897655,13,3,1,10.0,4.0,-10.0,12.0
1231,yellow_transition,yellow_transition,60,258.0,8.83257991206708,14,3,1,10.0,4.0,-10.0,12.0
1232,yellow_transition,yellow_transition,61,272.0,8.584793695891808,15,3,1,10.0,4.0,-10.0,12.0
1233,side_green,main_green,61,85.0,8.612689534972398,6,0,2,10.0,4.0,-10.0,12.0
1234,side_green,main_green,61,9.0,8.843207582400542,3,0,2,10.0,4.0,-10.0,12.0
1235,side_green,main_green,61,4.0,9.017080479658317,4,0,2,10.0,4.0,-10.0,12.0
1236,side_green,main_green,65,7.0,8.855660376088633,8,0,2,10.0,4.0,-10.0,12.0
1237,side_green,main_green,65,10.0,9.492628597954699,3,0,2,10.0,4.0,-10.0,12.0
1238,side_green,main_green,63,13.0,10.002357230061063,3,0,2,10.0,4.0,-10.0,12.0
1239,side_green,main_green,60,16.0,10.386814584371098,3,0,2,10.0,4.0,-10.0,12.0
1240,side_green,main_green,61,19.0,10.408155973262053,5,0,2,10.0,4.0,-10.0,12.0
1241,side_green,main_green,58,23.0,10.514868873179122,4,0,2,10.0,4.0,-10.0,12.0
1242,side_green,main_green,58,28.0,10.684915960250715,5,0,2,10.0,4.0,-10.0,12.0
1243,yellow_transition,yellow_transition,55,33.0,10.470691525867762,5,1,3,-15.0,11.0,-3.0,1.0
1244,yellow_transition,yellow_transition,56,39.0,10.179371379735526,7,1,3,-15.0,11.0,-3.0,1.0
1245,yellow_transition,yellow_transition,57,47.0,9.760490514632359,9,1,3,-15.0,11.0,-3.0,1.0
1246,main_green,main_green,56,32.0,9.913893312858656,5,2,2,-15.0,11.0,-3.0,1.0
1247,main_green,main_green,55,34.0,10.141227075324547,4,2,2,-15.0,11.0,-3.0,1.0
1248,main_green,main_green,60,38.0,9.52877086877773,9,2,2,-15.0,11.0,-3.0,1.0
1249,main_green,main_green,58,42.0,9.917984473841086,4,2,2,-15.0,11.0,-3.0,1.0
1250,main_green,main_green,59,46.0,10.14573484558916,5,2,2,-15.0,11.0,-3.0,1.0
1251,main_green,main_green,57,50.0,10.489990023216055,4,2,2,-15.0,11.0,-3.0,1.0
1252,main_green,main_green,57,54.0,10.574883458476263,5,2,2,-15.0,11.0,-3.0,1.0
1253,main_green,main_green,55,58.0,10.657357017997647,4,2,2,-15.0,11.0,-3.0,1.0
1254,main_green,main_green,53,62.0,10.525331498971596,4,2,2,-15.0,11.0,-3.0,1.0
1255,main_green,main_green,51,67.0,10.207915534142144,6,2,2,-15.0,11.0,-3.0,1.0
1256,main_green,main_green,50,74.0,9.8789179697954,8,2,2,-3.0,15.0,0.0,8.0
1257,main_green,main_green,50,81.0,10.084009072881319,7,2,2,-3.0,15.0,0.0,8.0
1258,main_green,main_green,48,88.0,10.147104058959972,7,2,2,-3.0,15.0,0.0,8.0
1259,main_green,main_green,46,96.0,10.11588840711905,8,2,2,-3.0,15.0,0.0,8.0
1260,main_green,main_green,51,104.0,9.228775920307141,13,2,2,-3.0,15.0,0.0,8.0
1261,main_green,main_green,51,112.0,9.166701879489443,9,2,2,-3.0,15.0,0.0,8.0
1262,main_green,main_green,51,120.0,9.351564341321096,8,2,2,-3.0,15.0,0.0,8.0
1263,main_green,main_green,50,128.0,9.564274769479878,8,2,2,-3.0,15.0,0.0,8.0
1264,main_green,main_green,50,136.0,9.437857360301145,9,2,2,-3.0,15.0,0.0,8.0
1265,main_green,main_green,49,144.0,9.411897293916008,8,2,2,-3.0,15.0,0.0,8.0
1266,main_green,main_green,50,152.0,9.131626521372647,9,2,2,-1.0,7.0,13.0,21.0
1267,main_green,main_green,50,161.0,9.05445949359674,9,2,2,-1.0,7.0,13.0,21.0
1268,main_green,main_green,51,172.0,9.011150398923881,12,2,2,-1.0,7.0,13.0,21.0
1269,main_green,main_green,51,184.0,9.132164649820131,12,2,2,-1.0,7.0,13.0,21.0
1270,main_green,main_green,51,196.0,9.240213531860386,12,2,2,-1.0,7.0,13.0,21.0
1271,main_green,main_green,51,208.0,9.069211810568921,13,2,2,-1.0,7.0,13.0,21.0
1272,main_green,main_green,55,220.0,8.334964792530087,17,2,2,-1.0,7.0,13.0,21.0
1273,main_green,main_green,55,232.0,8.635987582414533,12,2,2,-1.0,7.0,13.0,21.0
1274,main_green,main_green,55,244.0,8.689322848515712,12,2,2,-1.0,7.0,13.0,21.0
1275,main_green,main_green,55,256.0,8.985483009982389,12,2,2,-1.0,7.0,13.0,21.0
1276,main_green,main_green,56,268.0,8.618967238032102,14,2,2,1.0,5.0,16.0,18.0
1277,main_green,main_green,56,280.0,8.722254204906065,12,2,2,1.0,5.0,16.0,18.0
1278,main_green,main_green,55,292.0,8.576835220996944,12,2,2,1.0,5.0,16.0,18.0
1279,main_green,main_green,55,304.0,8.652580139477156,12,2,2,1.0,5.0,16.0,18.0
1280,main_green,main_green,56,318.0,8.609963074222767,15,2,2,1.0,5.0,16.0,18.0
1281,main_green,main_green,57,334.0,8.512623437728562,17,2,2,1.0,5.0,16.0,18.0
1282,main_green,main_green,57,350.0,8.753388531236808,16,2,2,1.0,5.0,16.0,18.0
1283,main_green,main_green,57,366.0,8.824278039096475,16,2,2,1.0,5.0,16.0,18.0
1284,main_green,main_green,60,382.0,7.991359009499596,21,2,2,1.0,5.0,16.0,18.0
1285,main_green,main_green,60,398.0,8.205117043667833,16,2,2,1.0,5.0,16.0,18.0
1286,yellow_transition,yellow_transition,60,414.0,8.215649703948381,17,3,3,9.0,13.0,15.0,7.0
1287,yellow_transition,yellow_transition,60,430.0,8.095870367032639,16,3,3,9.0,13.0,15.0,7.0
1288,yellow_transition,yellow_transition,60,446.0,7.819424007872048,17,3,3,9.0,13.0,15.0,7.0
1289,main_green,side_green,60,260.0,8.006679430361954,12,2,0,9.0,13.0,15.0,7.0
1290,main_green,side_green,60,155.0,8.138467808787903,9,2,0,9.0,13.0,15.0,7.0
1291,main_green,side_green,61,141.0,8.197428421591171,8,2,0,9.0,13.0,15.0,7.0
1292,main_green,side_green,62,150.0,8.464447131195715,10,2,0,9.0,13.0,15.0,7.0
1293,main_green,side_green,61,160.0,8.726948595418962,10,2,0,9.0,13.0,15.0,7.0
1294,main_green,side_green,61,170.0,9.226394023370291,10,2,0,9.0,13.0,15.0,7.0
1295,main_green,side_green,60,181.0,9.386811353918732,11,2,0,9.0,13.0,15.0,7.0
1296,main_green,side_green,65,192.0,8.683627249174812,16,2,0,9.0,13.0,15.0,7.0
1297,main_green,side_green,64,203.0,8.496816059949571,12,2,0,9.0,13.0,15.0,7.0
1298,main_green,side_green,63,214.0,8.655778141611227,11,2,0,9.0,13.0,15.0,7.0
1299,yellow_transition,yellow_transition,63,227.0,8.696091912190688,13,3,1,12.0,4.0,-12.0,14.0
1300,yellow_transition,yellow_transition,63,240.0,8.46944001656263,14,3,1,12.0,4.0,-12.0,14.0
1301,yellow_transition,yellow_transition,63,254.0,8.360683077996466,14,3,1,12.0,4.0,-12.0,14.0
1302,side_green,main_green,63,73.0,8.23048086421968,8,0,2,12.0,4.0,-12.0,14.0
1303,side_green,main_green,63,0.0,8.478247900894585,0,0,2,12.0,4.0,-12.0,14.0
1304,side_green,main_green,62,0.0,8.389480238550338,1,0,2,12.0,4.0,-12.0,14.0
1305,side_green,main_green,62,2.0,8.85726822814038,2,0,2,12.0,4.0,-12.0,14.0
1306,side_green,main_green,61,6.0,9.355264767118404,4,0,2,12.0,4.0,-12.0,14.0
1307,side_green,main_green,60,11.0,9.709007155215764,6,0,2,12.0,4.0,-12.0,14.0
1308,side_green,main_green,64,16.0,9.44210306024128,10,0,2,12.0,4.0,-12.0,14.0
1309,side_green,main_green,62,21.0,9.875326877425145,5,0,2,12.0,4.0,-12.0,14.0
1310,side_green,main_green,60,27.0,10.227850219173721,6,0,2,12.0,4.0,-12.0,14.0
1311,side_green,main_green,57,33.0,10.394630338106507,6,0,2,12.0,4.0,-12.0,14.0
1312,yellow_transition,yellow_transition,58,40.0,10.041810977488739,9,1,3,-8.0,16.0,-5.0,-1.0
1313,yellow_transition,yellow_transition,56,47.0,9.851802588570168,7,1,3,-8.0,16.0,-5.0,-1.0
1314,yellow_transition,yellow_transition,55,54.0,9.750354414663509,7,1,3,-8.0,16.0,-5.0,-1.0
1315,main_green,main_green,54,26.0,9.725278349165167,4,2,2,-8.0,16.0,-5.0,-1.0
1316,main_green,main_green,54,26.0,9.601753942564365,5,2,2,-8.0,16.0,-5.0,-1.0
1317,main_green,main_green,55,30.0,9.792409507743983,5,2,2,-8.0,16.0,-5.0,-1.0
1318,main_green,main_green,55,36.0,10.05781058494678,6,2,2,-8.0,16.0,-5.0,-1.0
1319,main_green,main_green,55,42.0,10.400250233386874,6,2,2,-8.0,16.0,-5.0,-1.0
1320,main_green,main_green,58,48.0,9.623990563394319,11,2,2,-8.0,16.0,-5.0,-1.0
1321,main_green,main_green,57,54.0,9.90656278936002,6,2,2,-8.0,16.0,-5.0,-1.0
1322,main_green,main_green,57,60.0,10.142147658577718,7,2,2,-8.0,16.0,-5.0,-1.0
1323,main_green,main_green,54,66.0,10.277781421245239,6,2,2,-8.0,16.0,-5.0,-1.0
1324,main_green,main_green,55,72.0,10.19117815588267,7,2,2,-8.0,16.0,-5.0,-1.0
1325,main_green,main_green,53,78.0,10.033883324034626,6,2,2,0.0,18.0,-1.0,5.0
1326,main_green,main_green,52,84.0,9.869441846973547,6,2,2,0.0,18.0,-1.0,5.0
1327,main_green,main_green,53,91.0,9.728058811429406,8,2,2,0.0,18.0,-1.0,5.0
1328,main_green,main_green,52,100.0,9.440129764799831,10,2,2,0.0,18.0,-1.0,5.0
1329,main_green,main_green,51,110.0,9.581149259811141,10,2,2,0.0,18.0,-1.0,5.0
1330,main_green,main_green,50,120.0,9.654780552501624,10,2,2,0.0,18.0,-1.0,5.0
1331,main_green,main_green,50,130.0,9.747065851448689,10,2,2,0.0,18.0,-1.0,5.0
1332,main_green,main_green,55,140.0,8.90452506525049,15,2,2,0.0,18.0,-1.0,5.0
1333,main_green,main_green,54,150.0,8.95672102508678,11,2,2,0.0,18.0,-1.0,5.0
1334,main_green,main_green,54,160.0,9.208892812860695,10,2,2,0.0,18.0,-1.0,5.0
1335,main_green,main_green,53,170.0,9.387022335460548,10,2,2,1.0,9.0,10.0,18.0
1336,main_green,main_green,54,180.0,9.279094862759774,11,2,2,1.0,9.0,10.0,18.0
1337,main_green,main_green,54,190.0,9.412826475085026,10,2,2,1.0,9.0,10.0,18.0
1338,main_green,main_green,55,201.0,9.276551432441448,12,2,2,1.0,9.0,10.0,18.0
1339,main_green,main_green,55,212.0,9.351147821024272,11,2,2,1.0,9.0,10.0,18.0
1340,main_green,main_green,55,223.0,8.960677587854468,12,2,2,1.0,9.0,10.0,18.0
1341,main_green,main_green,54,235.0,8.926165247294952,12,2,2,1.0,9.0,10.0,18.0
1342,main_green,main_green,54,249.0,9.078947864647217,14,2,2,1.0,9.0,10.0,18.0
1343,main_green,main_green,54,263.0,8.892856171468692,15,2,2,1.0,9.0,10.0,18.0
1344,main_green,main_green,59,277.0,8.232064374910072,19,2,2,1.0,9.0,10.0,18.0
1345,main_green,main_green,58,291.0,8.403421963038083,14,2,2,6.0,10.0,16.0,16.0
1346,main_green,main_green,57,305.0,8.527418691822795,14,2,2,6.0,10.0,16.0,16.0
1347,main_green,main_green,57,319.0,8.668249507220184,14,2,2,6.0,10.0,16.0,16.0
1348,main_green,main_green,59,333.0,8.332168978342112,16,2,2,6.0,10.0,16.0,16.0
1349,main_green,main_green,59,347.0,8.435145291760358,14,2,2,6.0,10.0,16.0,16.0
1350,main_green,main_green,59,361.0,8.593880464981172,14,2,2,6.0,10.0,16.0,16.0
1351,main_green,main_green,58,376.0,8.48645137825817,15,2,2,6.0,10.0,16.0,16.0
1352,main_green,main_green,58,393.0,8.296622215404609,18,2,2,6.0,10.0,16.0,16.0
1353,main_green,main_green,58,410.0,8.104876957642757,18,2,2,6.0,10.0,16.0,16.0
1354,main_green,main_green,57,428.0,8.161736160507552,18,2,2,6.0,10.0,16.0,16.0
1355,yellow_transition,yellow_transition,57,446.0,8.356678229545578,18,3,3,10.0,10.0,12.0,8.0
1356,yellow_transition,yellow_transition,62,464.0,7.659921704189738,23,3,3,10.0,10.0,12.0,8.0
1357,yellow_transition,yellow_transition,62,482.0,7.889261150749829,18,3,3,10.0,10.0,12.0,8.0
1358,main_green,side_green,63,308.0,8.031797598257965,15,2,0,10.0,10.0,12.0,8.0
1359,main_green,side_green,63,220.0,8.16777234819111,10,2,0,10.0,10.0,12.0,8.0
1360,main_green,side_green,64,211.0,8.496751577273423,9,2,0,10.0,10.0,12.0,8.0
1361,main_green,side_green,64,220.0,8.76687510677981,9,2,0,10.0,10.0,12.0,8.0
1362,main_green,side_green,64,229.0,9.231336694874281,9,2,0,10.0,10.0,12.0,8.0
1363,main_green,side_green,63,239.0,9.265169352310203,11,2,0,10.0,10.0,12.0,8.0
1364,main_green,side_green,62,250.0,9.173214258673212,12,2,0,10.0,10.0,12.0,8.0
1365,main_green,side_green,62,261.0,9.395670603199086,11,2,0,10.0,10.0,12.0,8.0
1366,main_green,side_green,62,272.0,9.590839104432861,11,2,0,10.0,10.0,12.0,8.0
1367,main_green,side_green,62,285.0,9.554132192086088,13,2,0,10.0,10.0,12.0,8.0
1368,yellow_transition,yellow_transition,65,298.0,8.571790692319249,18,3,1,11.0,5.0,-17.0,7.0
1369,yellow_transition,yellow_transition,65,311.0,8.390101362381582,14,3,1,11.0,5.0,-17.0,7.0
1370,yellow_transition,yellow_transition,63,325.0,8.361106866685981,14,3,1,11.0,5.0,-17.0,7.0
1371,side_green,main_green,63,121.0,8.669580695919159,7,0,2,11.0,5.0,-17.0,7.0
1372,side_green,main_green,63,19.0,8.70730353448309,3,0,2,11.0,5.0,-17.0,7.0
1373,side_green,main_green,63,1.0,9.187878948590553,1,0,2,11.0,5.0,-17.0,7.0
1374,side_green,main_green,63,2.0,9.22944845938295,2,0,2,11.0,5.0,-17.0,7.0
1375,side_green,main_green,62,4.0,9.645651988107844,2,0,2,11.0,5.0,-17.0,7.0
1376,side_green,main_green,61,8.0,10.042953043147605,5,0,2,11.0,5.0,-17.0,7.0
1377,side_green,main_green,60,13.0,10.425098083945583,5,0,2,11.0,5.0,-17.0,7.0
1378,side_green,main_green,58,18.0,10.526759800958189,5,0,2,11.0,5.0,-17.0,7.0
1379,side_green,main_green,56,24.0,10.364606154806962,7,0,2,11.0,5.0,-17.0,7.0
1380,side_green,main_green,59,30.0,9.467178106863463,11,0,2,11.0,5.0,-17.0,7.0
1381,yellow_transition,yellow_transition,56,36.0,9.497858186920336,6,1,3,-9.0,15.0,-4.0,2.0
1382,yellow_transition,yellow_transition,55,43.0,9.540431233081915,7,1,3,-9.0,15.0,-4.0,2.0
1383,yellow_transition,yellow_transition,54,51.0,9.713083778278916,8,1,3,-9.0,15.0,-4.0,2.0
1384,main_green,main_green,56,27.0,9.589245029487303,6,2,2,-9.0,15.0,-4.0,2.0
1385,main_green,main_green,56,21.0,9.837673644963406,2,2,2,-9.0,15.0,-4.0,2.0
1386,main_green,main_green,56,23.0,10.020484966988453,2,2,2,-9.0,15.0,-4.0,2.0
1387,main_green,main_green,55,25.0,10.025159556640048,2,2,2,-9.0,15.0,-4.0,2.0
1388,main_green,main_green,55,28.0,9.958777921022925,4,2,2,-9.0,15.0,-4.0,2.0
1389,main_green,main_green,54,33.0,10.00195418101075,6,2,2,-9.0,15.0,-4.0,2.0
1390,main_green,main_green,53,39.0,10.207939012905054,6,2,2,-9.0,15.0,-4.0,2.0
1391,main_green,main_green,51,45.0,10.403780113102075,6,2,2,-9.0,15.0,-4.0,2.0
1392,main_green,main_green,55,51.0,9.589845433643038,11,2,2,-9.0,15.0,-4.0,2.0
1393,main_green,main_green,54,57.0,9.920919576850268,6,2,2,-9.0,15.0,-4.0,2.0
1394,main_green,main_green,51,63.0,9.769192287412404,7,2,2,-2.0,12.0,2.0,10.0
1395,main_green,main_green,51,69.0,10.083088554204759,6,2,2,-2.0,12.0,2.0,10.0
1396,main_green,main_green,51,75.0,10.061971501029857,7,2,2,-2.0,12.0,2.0,10.0
1397,main_green,main_green,49,81.0,10.049346921011983,6,2,2,-2.0,12.0,2.0,10.0
1398,main_green,main_green,49,87.0,9.949080925684145,6,2,2,-2.0,12.0,2.0,10.0
1399,main_green,main_green,50,93.0,9.80883003534236,7,2,2,-2.0,12.0,2.0,10.0
1400,main_green,main_green,51,100.0,9.604538853418287,8,2,2,-2.0,12.0,2.0,10.0
1401,main_green,main_green,50,109.0,9.668879481514931,9,2,2,-2.0,12.0,2.0,10.0
1402,main_green,main_green,50,118.0,9.750310665024438,9,2,2,-2.0,12.0,2.0,10.0
1403,main_green,main_green,49,127.0,9.727502980692439,9,2,2,-2.0,12.0,2.0,10.0
1404,main_green,main_green,53,137.0,8.806532896989046,15,2,2,-2.0,6.0,8.0,18.0
1405,main_green,main_green,54,147.0,8.955890476026655,11,2,2,-2.0,6.0,8.0,18.0
1406,main_green,main_green,54,157.0,9.194484960882594,10,2,2,-2.0,6.0,8.0,18.0
1407,main_green,main_green,54,167.0,9.394906991480868,10,2,2,-2.0,6.0,8.0,18.0
1408,main_green,main_green,54,177.0,9.192253238919397,11,2,2,-2.0,6.0,8.0,18.0
1409,main_green,main_green,54,187.0,9.192816817746992,10,2,2,-2.0,6.0,8.0,18.0
1410,main_green,main_green,55,197.0,9.01529783600153,11,2,2,-2.0,6.0,8.0,18.0
1411,main_green,main_green,54,208.0,8.916012121759302,11,2,2,-2.0,6.0,8.0,18.0
1412,main_green,main_green,54,221.0,8.846892310625224,14,2,2,-2.0,6.0,8.0,18.0
1413,main_green,main_green,54,234.0,8.921815876668303,13,2,2,-2.0,6.0,8.0,18.0
1414,main_green,main_green,53,248.0,8.882928376445111,14,2,2,4.0,12.0,9.0,11.0
1415,main_green,main_green,54,262.0,8.957028093574369,15,2,2,4.0,12.0,9.0,11.0
1416,main_green,main_green,59,276.0,8.24348241570843,19,2,2,4.0,12.0,9.0,11.0
1417,main_green,main_green,59,290.0,8.449509522511985,14,2,2,4.0,12.0,9.0,11.0
1418,main_green,main_green,59,304.0,8.713959526034794,14,2,2,4.0,12.0,9.0,11.0
1419,main_green,main_green,58,318.0,8.77653220546296,14,2,2,4.0,12.0,9.0,11.0
1420,main_green,main_green,60,332.0,8.462029137771127,16,2,2,4.0,12.0,9.0,11.0
1421,main_green,main_green,59,346.0,8.392963159313997,14,2,2,4.0,12.0,9.0,11.0
1422,main_green,main_green,59,360.0,8.392169513559784,14,2,2,4.0,12.0,9.0,11.0
1423,main_green,main_green,58,376.0,8.396622844566863,16,2,2,4.0,12.0,9.0,11.0
1424,yellow_transition,yellow_transition,58,394.0,8.305926669848445,19,3,3,8.0,10.0,12.0,10.0
1425,yellow_transition,yellow_transition,58,412.0,8.147897792490697,19,3,3,8.0,10.0,12.0,10.0
1426,yellow_transition,yellow_transition,58,430.0,8.167906666368895,18,3,3,8.0,10.0,12.0,10.0
1427,main_green,side_green,58,266.0,8.462823247580976,14,2,0,8.0,10.0,12.0,10.0
1428,main_green,side_green,63,191.0,8.104482886659898,15,2,0,8.0,10.0,12.0,10.0
1429,main_green,side_green,63,187.0,8.502996385905846,8,2,0,8.0,10.0,12.0,10.0
1430,main_green,side_green,64,195.0,8.659657892455913,9,2,0,8.0,10.0,12.0,10.0
1431,main_green,side_green,63,203.0,8.930317990019734,8,2,0,8.0,10.0,12.0,10.0
1432,main_green,side_green,63,211.0,9.109528858041832,9,2,0,8.0,10.0,12.0,10.0
1433,main_green,side_green,62,222.0,9.34753088064911,11,2,0,8.0,10.0,12.0,10.0
1434,main_green,side_green,60,233.0,9.355194411172166,11,2,0,8.0,10.0,12.0,10.0
1435,main_green,side_green,60,244.0,9.060054595035032,12,2,0,8.0,10.0,12.0,10.0
1436,main_green,side_green,60,259.0,8.83656072596986,16,2,0,8.0,10.0,12.0,10.0
1437,yellow_transition,yellow_transition,60,274.0,9.015803581167544,15,3,1,10.0,6.0,-13.0,15.0
1438,yellow_transition,yellow_transition,60,289.0,9.094455461456892,15,3,1,10.0,6.0,-13.0,15.0
1439,yellow_transition,yellow_transition,59,304.0,8.812049286815583,15,3,1,10.0,6.0,-13.0,15.0
1440,side_green,main_green,64,108.0,8.045356786380156,12,0,2,10.0,6.0,-13.0,15.0
1441,side_green,main_green,63,12.0,8.052222377664332,3,0,2,10.0,6.0,-13.0,15.0
1442,side_green,main_green,63,0.0,8.65064908729116,0,0,2,10.0,6.0,-13.0,15.0
1443,side_green,main_green,63,1.0,9.236763140177446,1,0,2,10.0,6.0,-13.0,15.0
1444,side_green,main_green,64,2.0,9.71890173758569,2,0,2,10.0,6.0,-13.0,15.0
1445,side_green,main_green,63,4.0,10.253805857589342,2,0,2,10.0,6.0,-13.0,15.0
1446,side_green,main_green,62,7.0,10.37923940626843,4,0,2,10.0,6.0,-13.0,15.0
1447,side_green,main_green,59,10.0,10.493634436482951,3,0,2,10.0,6.0,-13.0,15.0
1448,side_green,main_green,60,15.0,10.374539721200742,6,0,2,10.0,6.0,-13.0,15.0
1449,side_green,main_green,57,20.0,10.286903943212158,5,0,2,10.0,6.0,-13.0,15.0
1450,yellow_transition,yellow_transition,55,27.0,10.321779264751425,7,1,3,-14.0,14.0,-9.0,1.0
1451,yellow_transition,yellow_transition,54,34.0,9.927882930787886,8,1,3,-14.0,14.0,-9.0,1.0
1452,yellow_transition,yellow_transition,59,42.0,9.210271655317923,13,1,3,-14.0,14.0,-9.0,1.0
1453,main_green,main_green,58,18.0,9.518386465990243,4,2,2,-14.0,14.0,-9.0,1.0
1454,main_green,main_green,58,14.0,10.032894370129286,2,2,2,-14.0,14.0,-9.0,1.0
1455,main_green,main_green,58,16.0,10.426119351002468,2,2,2,-14.0,14.0,-9.0,1.0
1456,main_green,main_green,59,18.0,10.386384508590279,4,2,2,-14.0,14.0,-9.0,1.0
1457,main_green,main_green,59,20.0,10.692236165932357,2,2,2,-14.0,14.0,-9.0,1.0
1458,main_green,main_green,55,22.0,10.822411962400801,2,2,2,-14.0,14.0,-9.0,1.0
1459,main_green,main_green,54,25.0,11.008529466310579,3,2,2,-14.0,14.0,-9.0,1.0
1460,main_green,main_green,53,28.0,10.768669998763825,4,2,2,-14.0,14.0,-9.0,1.0
1461,main_green,main_green,53,33.0,10.523078382349732,6,2,2,-14.0,14.0,-9.0,1.0
1462,main_green,main_green,51,38.0,10.61079670974883,5,2,2,-14.0,14.0,-9.0,1.0
1463,main_green,main_green,51,44.0,10.769052650580502,6,2,2,-4.0,16.0,-5.0,3.0
1464,main_green,main_green,55,50.0,9.86971993698358,11,2,2,-4.0,16.0,-5.0,3.0
1465,main_green,main_green,53,56.0,10.052810359681152,6,2,2,-4.0,16.0,-5.0,3.0
1466,main_green,main_green,54,62.0,10.119770804219028,7,2,2,-4.0,16.0,-5.0,3.0
1467,main_green,main_green,54,68.0,10.345554469732475,6,2,2,-4.0,16.0,-5.0,3.0
1468,main_green,main_green,54,74.0,10.257482607745372,7,2,2,-4.0,16.0,-5.0,3.0
1469,main_green,main_green,53,80.0,10.09577528563615,6,2,2,-4.0,16.0,-5.0,3.0
1470,main_green,main_green,52,86.0,10.073849608667018,6,2,2,-4.0,16.0,-5.0,3.0
1471,main_green,main_green,52,94.0,9.87076568761436,9,2,2,-4.0,16.0,-5.0,3.0
1472,main_green,main_green,52,104.0,9.779487146536988,11,2,2,-4.0,16.0,-5.0,3.0
1473,main_green,main_green,51,114.0,9.893092161381166,10,2,2,-3.0,7.0,6.0,16.0
1474,main_green,main_green,51,124.0,10.027879270367073,10,2,2,-3.0,7.0,6.0,16.0
1475,main_green,main_green,50,134.0,10.122435459131625,10,2,2,-3.0,7.0,6.0,16.0
1476,main_green,main_green,55,144.0,9.2488401685688,15,2,2,-3.0,7.0,6.0,16.0
1477,main_green,main_green,56,154.0,9.223776865664224,11,2,2,-3.0,7.0,6.0,16.0
1478,main_green,main_green,56,164.0,9.565004013756166,10,2,2,-3.0,7.0,6.0,16.0
1479,main_green,main_green,54,174.0,9.571856768434955,10,2,2,-3.0,7.0,6.0,16.0
1480,main_green,main_green,53,184.0,9.277219620501032,11,2,2,-3.0,7.0,6.0,16.0
1481,main_green,main_green,53,194.0,9.359763337955085,10,2,2,-3.0,7.0,6.0,16.0
1482,main_green,main_green,52,204.0,9.15730618447282,11,2,2,-3.0,7.0,6.0,16.0
1483,main_green,main_green,52,215.0,9.054585712024284,11,2,2,4.0,8.0,13.0,15.0
1484,main_green,main_green,52,227.0,9.022048596547833,13,2,2,4.0,8.0,13.0,15.0
1485,main_green,main_green,52,241.0,9.043683458618647,14,2,2,4.0,8.0,13.0,15.0
1486,main_green,main_green,52,255.0,9.119623336696513,14,2,2,4.0,8.0,13.0,15.0
1487,main_green,main_green,53,269.0,9.087272584830732,15,2,2,4.0,8.0,13.0,15.0
1488,main_green,main_green,56,283.0,8.23868186498549,19,2,2,4.0,8.0,13.0,15.0
1489,main_green,main_green,56,297.0,8.530667285703048,14,2,2,4.0,8.0,13.0,15.0
1490,main_green,main_green,56,311.0,8.770579223732225,14,2,2,4.0,8.0,13.0,15.0
1491,main_green,main_green,55,325.0,8.843999123906821,14,2,2,4.0,8.0,13.0,15.0
1492,main_green,main_green,57,339.0,8.502607564297366,16,2,2,4.0,8.0,13.0,15.0
1493,yellow_transition,yellow_transition,56,353.0,8.438266460953875,14,3,3,10.0,14.0,12.0,8.0
1494,yellow_transition,yellow_transition,56,367.0,8.329280065479699,14,3,3,10.0,14.0,12.0,8.0
1495,yellow_transition,yellow_transition,56,382.0,8.263502581969396,15,3,3,10.0,14.0,12.0,8.0
1496,main_green,side_green,56,232.0,8.103878389950689,15,2,0,10.0,14.0,12.0,8.0
1497,main_green,side_green,57,167.0,8.180784858202438,11,2,0,10.0,14.0,12.0,8.0
1498,main_green,side_green,57,170.0,8.551958698572513,8,2,0,10.0,14.0,12.0,8.0
1499,main_green,side_green,57,179.0,8.869364914636352,9,2,0,10.0,14.0,12.0,8.0
1500,main_green,side_green,62,188.0,8.522936129413916,14,2,0,10.0,14.0,12.0,8.0
1501,main_green,side_green,61,198.0,8.863572740858348,10,2,0,10.0,14.0,12.0,8.0
1502,main_green,side_green,61,208.0,9.043630664314424,11,2,0,10.0,14.0,12.0,8.0
1503,main_green,side_green,61,219.0,9.34280887247891,11,2,0,10.0,14.0,12.0,8.0
1504,main_green,side_green,61,230.0,9.2670217796548,12,2,0,10.0,14.0,12.0,8.0
1505,main_green,side_green,60,241.0,9.277177411222793,11,2,0,10.0,14.0,12.0,8.0
1506,yellow_transition,yellow_transition,59,254.0,9.156138495246903,13,3,1,11.0,3.0,-9.0,13.0
1507,yellow_transition,yellow_transition,58,267.0,8.837393333232807,14,3,1,11.0,3.0,-9.0,13.0
1508,yellow_transition,yellow_transition,59,282.0,8.469074386316281,16,3,1,11.0,3.0,-9.0,13.0
1509,side_green,main_green,59,89.0,8.627774307668775,7,0,2,11.0,3.0,-9.0,13.0
1510,side_green,main_green,59,7.0,8.744107522683793,3,0,2,11.0,3.0,-9.0,13.0
1511,side_green,main_green,57,2.0,8.996778419373262,1,0,2,11.0,3.0,-9.0,13.0
1512,side_green,main_green,62,4.0,8.742758214515566,7,0,2,11.0,3.0,-9.0,13.0
1513,side_green,main_green,63,7.0,9.323340054465094,4,0,2,11.0,3.0,-9.0,13.0
1514,side_green,main_green,63,10.0,10.036003930778588,3,0,2,11.0,3.0,-9.0,13.0
1515,side_green,main_green,60,13.0,10.523203211392559,3,0,2,11.0,3.0,-9.0,13.0
1516,side_green,main_green,58,16.0,10.655720248007874,4,0,2,11.0,3.0,-9.0,13.0
1517,side_green,main_green,56,21.0,10.697179624916606,5,0,2,11.0,3.0,-9.0,13.0
1518,side_green,main_green,54,26.0,10.452706635214101,6,0,2,11.0,3.0,-9.0,13.0
1519,yellow_transition,yellow_transition,53,31.0,10.416576611301924,5,1,3,-8.0,14.0,-4.0,4.0
1520,yellow_transition,yellow_transition,54,38.0,10.02878321374496,8,1,3,-8.0,14.0,-4.0,4.0
1521,yellow_transition,yellow_transition,53,45.0,9.861676270240793,7,1,3,-8.0,14.0,-4.0,4.0
1522,main_green,main_green,52,24.0,10.02415292868681,5,2,2,-8.0,14.0,-4.0,4.0
1523,main_green,main_green,52,22.0,10.091192329100208,5,2,2,-8.0,14.0,-4.0,4.0
1524,main_green,main_green,57,26.0,9.406335200037727,9,2,2,-8.0,14.0,-4.0,4.0
1525,main_green,main_green,57,30.0,9.884270624474105,4,2,2,-8.0,14.0,-4.0,4.0
1526,main_green,main_green,56,34.0,10.310403197768812,4,2,2,-8.0,14.0,-4.0,4.0
1527,main_green,main_green,56,38.0,10.743039369454788,4,2,2,-8.0,14.0,-4.0,4.0
1528,main_green,main_green,54,42.0,10.565461396840485,6,2,2,-8.0,14.0,-4.0,4.0
1529,main_green,main_green,52,46.0,10.539488172343077,4,2,2,-8.0,14.0,-4.0,4.0
1530,main_green,main_green,50,50.0,10.527227305936146,4,2,2,-8.0,14.0,-4.0,4.0
1531,main_green,main_green,50,54.0,10.453628612100182,4,2,2,-8.0,14.0,-4.0,4.0
1532,main_green,main_green,50,60.0,10.198426250619587,7,2,2,0.0,16.0,-2.0,4.0
1533,main_green,main_green,50,67.0,10.096199912553562,8,2,2,0.0,16.0,-2.0,4.0
1534,main_green,main_green,50,75.0,10.187105663426417,8,2,2,0.0,16.0,-2.0,4.0
1535,main_green,main_green,48,83.0,10.251108644935957,8,2,2,0.0,16.0,-2.0,4.0
1536,main_green,main_green,53,91.0,9.293504979108361,13,2,2,0.0,16.0,-2.0,4.0
1537,main_green,main_green,50,99.0,9.298989318298155,8,2,2,0.0,16.0,-2.0,4.0
1538,main_green,main_green,50,107.0,9.38995962398706,9,2,2,0.0,16.0,-2.0,4.0
1539,main_green,main_green,49,115.0,9.534883110950597,8,2,2,0.0,16.0,-2.0,4.0
1540,main_green,main_green,50,123.0,9.382717070165997,9,2,2,0.0,16.0,-2.0,4.0
1541,main_green,main_green,50,131.0,9.496071210215172,8,2,2,0.0,16.0,-2.0,4.0
1542,main_green,main_green,50,139.0,9.624426767060216,8,2,2,0.0,10.0,10.0,18.0
1543,main_green,main_green,51,147.0,9.303567453427435,9,2,2,0.0,10.0,10.0,18.0
1544,main_green,main_green,52,158.0,9.110403504611572,12,2,2,0.0,10.0,10.0,18.0
1545,main_green,main_green,52,170.0,9.271777346844978,12,2,2,0.0,10.0,10.0,18.0
1546,main_green,main_green,52,182.0,9.458010835986583,12,2,2,0.0,10.0,10.0,18.0
1547,main_green,main_green,52,194.0,9.538066500193814,12,2,2,0.0,10.0,10.0,18.0
1548,main_green,main_green,56,206.0,8.616675840793599,17,2,2,0.0,10.0,10.0,18.0
1549,main_green,main_green,55,218.0,8.572588736541407,13,2,2,0.0,10.0,10.0,18.0
1550,main_green,main_green,55,230.0,8.937052019280687,12,2,2,0.0,10.0,10.0,18.0
1551,main_green,main_green,55,242.0,9.129544695494406,12,2,2,0.0,10.0,10.0,18.0
1552,main_green,main_green,55,254.0,8.942853930575696,13,2,2,5.0,7.0,13.0,15.0
1553,main_green,main_green,55,266.0,8.876596684504076,12,2,2,5.0,7.0,13.0,15.0
1554,main_green,main_green,55,278.0,8.728763226998035,13,2,2,5.0,7.0,13.0,15.0
1555,main_green,main_green,55,291.0,8.661827423109012,13,2,2,5.0,7.0,13.0,15.0
1556,main_green,main_green,56,306.0,8.567871357111091,16,2,2,5.0,7.0,13.0,15.0
1557,main_green,main_green,56,322.0,8.672825050452584,16,2,2,5.0,7.0,13.0,15.0
1558,main_green,main_green,56,338.0,8.749263100430163,16,2,2,5.0,7.0,13.0,15.0
1559,main_green,main_green,57,354.0,8.704249115335031,17,2,2,5.0,7.0,13.0,15.0
1560,main_green,main_green,62,370.0,8.126900874073732,21,2,2,5.0,7.0,13.0,15.0
1561,main_green,main_green,62,386.0,8.280972035476672,16,2,2,5.0,7.0,13.0,15.0
1562,yellow_transition,yellow_transition,60,402.0,8.26539569028523,16,3,3,9.0,11.0,13.0,7.0
1563,yellow_transition,yellow_transition,60,418.0,8.258670115542174,16,3,3,9.0,11.0,13.0,7.0
1564,yellow_transition,yellow_transition,60,434.0,7.502971804348501,18,3,3,9.0,11.0,13.0,7.0
1565,main_green,side_green,60,271.0,7.835132421068627,13,2,0,9.0,11.0,13.0,7.0
1566,main_green,side_green,60,193.0,8.089091571254647,10,2,0,9.0,11.0,13.0,7.0
1567,main_green,side_green,60,191.0,8.372097048594041,9,2,0,9.0,11.0,13.0,7.0
1568,main_green,side_green,60,200.0,8.41870895061579,10,2,0,9.0,11.0,13.0,7.0
1569,main_green,side_green,61,210.0,8.553099350570248,11,2,0,9.0,11.0,13.0,7.0
1570,main_green,side_green,59,221.0,8.737926848993098,11,2,0,9.0,11.0,13.0,7.0
1571,main_green,side_green,59,234.0,9.000388932225679,13,2,0,9.0,11.0,13.0,7.0
1572,main_green,side_green,63,247.0,8.401260642850428,18,2,0,9.0,11.0,13.0,7.0
1573,main_green,side_green,62,260.0,8.6992675213782,13,2,0,9.0,11.0,13.0,7.0
1574,main_green,side_green,62,273.0,8.639005666102886,14,2,0,9.0,11.0,13.0,7.0
1575,yellow_transition,yellow_transition,62,287.0,8.589410487211435,14,3,1,14.0,6.0,-10.0,14.0
1576,yellow_transition,yellow_transition,63,301.0,8.339671450340328,15,3,1,14.0,6.0,-10.0,14.0
1577,yellow_transition,yellow_transition,63,315.0,8.149321966934352,14,3,1,14.0,6.0,-10.0,14.0
1578,side_green,main_green,63,107.0,8.082216538282134,6,0,2,14.0,6.0,-10.0,14.0
1579,side_green,main_green,62,14.0,8.1540013975764,3,0,2,14.0,6.0,-10.0,14.0
1580,side_green,main_green,61,4.0,8.214500058860725,4,0,2,14.0,6.0,-10.0,14.0
1581,side_green,main_green,61,8.0,8.78389536413682,4,0,2,14.0,6.0,-10.0,14.0
1582,side_green,main_green,61,12.0,9.282522663323864,4,0,2,14.0,6.0,-10.0,14.0
1583,side_green,main_green,58,17.0,9.801385450663894,5,0,2,14.0,6.0,-10.0,14.0
1584,side_green,main_green,62,24.0,9.423428270226122,12,0,2,14.0,6.0,-10.0,14.0
1585,side_green,main_green,61,31.0,9.795310196611519,8,0,2,14.0,6.0,-10.0,14.0
1586,side_green,main_green,59,38.0,10.004187512230091,7,0,2,14.0,6.0,-10.0,14.0
1587,side_green,main_green,58,45.0,10.170664104913769,7,0,2,14.0,6.0,-10.0,14.0
1588,yellow_transition,yellow_transition,57,52.0,9.968726477671902,8,1,3,-9.0,17.0,-5.0,1.0
1589,yellow_transition,yellow_transition,57,59.0,9.7628177163486,7,1,3,-9.0,17.0,-5.0,1.0
1590,yellow_transition,yellow_transition,56,67.0,9.203103168719156,9,1,3,-9.0,17.0,-5.0,1.0
1591,main_green,main_green,56,36.0,9.314485390786079,6,2,2,-9.0,17.0,-5.0,1.0
1592,main_green,main_green,56,30.0,9.315145687002968,6,2,2,-9.0,17.0,-5.0,1.0
1593,main_green,main_green,56,36.0,9.622973198064683,6,2,2,-9.0,17.0,-5.0,1.0
1594,main_green,main_green,56,42.0,9.967817536270383,6,2,2,-9.0,17.0,-5.0,1.0
1595,main_green,main_green,56,48.0,10.158189025903619,7,2,2,-9.0,17.0,-5.0,1.0
1596,main_green,main_green,60,54.0,9.593736553465073,11,2,2,-9.0,17.0,-5.0,1.0
1597,main_green,main_green,59,60.0,10.019818535015867,6,2,2,-9.0,17.0,-5.0,1.0
1598,main_green,main_green,57,66.0,10.198680916186575,6,2,2,-9.0,17.0,-5.0,1.0
1599,main_green,main_green,54,72.0,10.475151929798379,6,2,2,-9.0,17.0,-5.0,1.0
1600,main_green,main_green,56,78.0,10.246605891319494,8,2,2,-9.0,17.0,-5.0,1.0
1601,main_green,main_green,54,84.0,10.359413756268385,6,2,2,-1.0,15.0,0.0,6.0
1602,main_green,main_green,53,90.0,10.268026634902988,6,2,2,-1.0,15.0,0.0,6.0
1603,main_green,main_green,52,96.0,10.192645865106442,6,2,2,-1.0,15.0,0.0,6.0
1604,main_green,main_green,52,104.0,9.739543420272424,9,2,2,-1.0,15.0,0.0,6.0
1605,main_green,main_green,52,113.0,9.613829646471148,10,2,2,-1.0,15.0,0.0,6.0
1606,main_green,main_green,51,122.0,9.725005809094675,9,2,2,-1.0,15.0,0.0,6.0
1607,main_green,main_green,50,132.0,9.715836983876306,10,2,2,-1.0,15.0,0.0,6.0
1608,main_green,main_green,54,142.0,8.887164740825643,15,2,2,-1.0,15.0,0.0,6.0
1609,main_green,main_green,54,152.0,9.085579648052757,10,2,2,-1.0,15.0,0.0,6.0
1610,main_green,main_green,55,162.0,9.129973773224384,11,2,2,-1.0,15.0,0.0,6.0
1611,main_green,main_green,55,172.0,9.410056742083265,10,2,2,0.0,6.0,12.0,20.0
1612,main_green,main_green,55,182.0,9.15095524988221,11,2,2,0.0,6.0,12.0,20.0
1613,main_green,main_green,55,192.0,9.172379629436934,10,2,2,0.0,6.0,12.0,20.0
1614,main_green,main_green,55,202.0,9.212253038841755,10,2,2,0.0,6.0,12.0,20.0
1615,main_green,main_green,55,214.0,9.043370323915731,13,2,2,0.0,6.0,12.0,20.0
1616,main_green,main_green,55,226.0,8.773700384365776,13,2,2,0.0,6.0,12.0,20.0
1617,main_green,main_green,54,239.0,8.878879511617944,13,2,2,0.0,6.0,12.0,20.0
1618,main_green,main_green,54,253.0,8.865427659594506,14,2,2,0.0,6.0,12.0,20.0
1619,main_green,main_green,54,267.0,8.956546996529884,14,2,2,0.0,6.0,12.0,20.0
1620,main_green,main_green,59,281.0,8.295660883616993,19,2,2,0.0,6.0,12.0,20.0
1621,yellow_transition,yellow_transition,59,295.0,8.334071543833822,15,3,3,6.0,10.0,16.0,10.0
1622,yellow_transition,yellow_transition,58,309.0,8.425679744003144,14,3,3,6.0,10.0,16.0,10.0
1623,yellow_transition,yellow_transition,57,323.0,8.624374452108876,14,3,3,6.0,10.0,16.0,10.0
1624,main_green,side_green,58,180.0,8.480218713154061,11,2,0,6.0,10.0,16.0,10.0
1625,main_green,side_green,58,130.0,8.713598255016688,6,2,0,6.0,10.0,16.0,10.0
1626,main_green,side_green,58,136.0,8.645949346664217,7,2,0,6.0,10.0,16.0,10.0
1627,main_green,side_green,57,142.0,8.742903501223244,6,2,0,6.0,10.0,16.0,10.0
1628,main_green,side_green,57,149.0,8.700577216389744,8,2,0,6.0,10.0,16.0,10.0
1629,main_green,side_green,57,158.0,9.104824497496754,9,2,0,6.0,10.0,16.0,10.0
1630,main_green,side_green,57,168.0,9.368172522525658,10,2,0,6.0,10.0,16.0,10.0
1631,main_green,side_green,57,179.0,9.324873781501076,12,2,0,6.0,10.0,16.0,10.0
1632,main_green,side_green,62,191.0,8.70583285650648,17,2,0,6.0,10.0,16.0,10.0
1633,main_green,side_green,61,203.0,8.967052878843917,12,2,0,6.0,10.0,16.0,10.0
1634,yellow_transition,yellow_transition,61,215.0,9.081759311886016,12,3,1,12.0,8.0,-11.0,11.0
1635,yellow_transition,yellow_transition,61,227.0,9.068804197968907,12,3,1,12.0,8.0,-11.0,11.0
1636,yellow_transition,yellow_transition,63,239.0,8.656102438718852,14,3,1,12.0,8.0,-11.0,11.0
1637,side_green,main_green,63,61.0,8.76007358119073,4,0,2,12.0,8.0,-11.0,11.0
1638,side_green,main_green,63,0.0,9.156839728366181,0,0,2,12.0,8.0,-11.0,11.0
1639,side_green,main_green,62,2.0,9.43425306066563,2,0,2,12.0,8.0,-11.0,11.0
1640,side_green,main_green,60,4.0,9.470198870408945,3,0,2,12.0,8.0,-11.0,11.0
1641,side_green,main_green,61,7.0,9.68546173093467,4,0,2,12.0,8.0,-11.0,11.0
1642,side_green,main_green,59,10.0,10.182903556655962,3,0,2,12.0,8.0,-11.0,11.0
1643,side_green,main_green,56,13.0,10.45560311495598,3,0,2,12.0,8.0,-11.0,11.0
1644,side_green,main_green,59,18.0,9.687652609966134,10,0,2,12.0,8.0,-11.0,11.0
1645,side_green,main_green,57,23.0,9.767349849049154,5,0,2,12.0,8.0,-11.0,11.0
1646,side_green,main_green,56,29.0,9.591612989062725,7,0,2,12.0,8.0,-11.0,11.0
1647,yellow_transition,yellow_transition,55,35.0,9.678503061761338,6,1,3,-8.0,18.0,-2.0,6.0
1648,yellow_transition,yellow_transition,55,43.0,9.590007809103575,9,1,3,-8.0,18.0,-2.0,6.0
1649,yellow_transition,yellow_transition,53,52.0,9.48706205100429,9,1,3,-8.0,18.0,-2.0,6.0
1650,main_green,main_green,52,31.0,9.465989372013654,5,2,2,-8.0,18.0,-2.0,6.0
1651,main_green,main_green,53,22.0,9.272048708375602,4,2,2,-8.0,18.0,-2.0,6.0
1652,main_green,main_green,54,23.0,9.347644003260411,3,2,2,-8.0,18.0,-2.0,6.0
1653,main_green,main_green,54,27.0,9.610876112629748,4,2,2,-8.0,18.0,-2.0,6.0
1654,main_green,main_green,54,33.0,10.034172412430372,6,2,2,-8.0,18.0,-2.0,6.0
1655,main_green,main_green,53,39.0,10.394052881352565,6,2,2,-8.0,18.0,-2.0,6.0
1656,main_green,main_green,55,45.0,9.622186764511433,11,2,2,-8.0,18.0,-2.0,6.0
1657,main_green,main_green,55,51.0,9.735791814572334,7,2,2,-8.0,18.0,-2.0,6.0
1658,main_green,main_green,53,57.0,9.981658977560961,6,2,2,-8.0,18.0,-2.0,6.0
1659,main_green,main_green,51,63.0,10.22077291752505,6,2,2,-8.0,18.0,-2.0,6.0
1660,main_green,main_green,51,69.0,10.150248265488683,7,2,2,2.0,16.0,1.0,7.0
1661,main_green,main_green,51,75.0,10.226067066505893,6,2,2,2.0,16.0,1.0,7.0
1662,main_green,main_green,52,81.0,9.929760747438023,7,2,2,2.0,16.0,1.0,7.0
1663,main_green,main_green,51,87.0,9.819877750792317,6,2,2,2.0,16.0,1.0,7.0
1664,main_green,main_green,51,95.0,9.59795294796687,9,2,2,2.0,16.0,1.0,7.0
1665,main_green,main_green,50,105.0,9.665293160413611,10,2,2,2.0,16.0,1.0,7.0
1666,main_green,main_green,50,115.0,9.679774601417488,10,2,2,2.0,16.0,1.0,7.0
1667,main_green,main_green,51,125.0,9.494711442795618,11,2,2,2.0,16.0,1.0,7.0
1668,main_green,main_green,56,135.0,8.726539583007227,15,2,2,2.0,16.0,1.0,7.0
1669,main_green,main_green,55,145.0,9.015821240043053,10,2,2,2.0,16.0,1.0,7.0
1670,main_green,main_green,55,155.0,9.32530267399819,10,2,2,0.0,6.0,11.0,19.0
1671,main_green,main_green,55,165.0,9.397214884888376,10,2,2,0.0,6.0,11.0,19.0
1672,main_green,main_green,57,175.0,9.149268237304783,12,2,2,0.0,6.0,11.0,19.0
1673,main_green,main_green,57,185.0,9.257484734896561,10,2,2,0.0,6.0,11.0,19.0
1674,main_green,main_green,56,195.0,9.151168301036687,10,2,2,0.0,6.0,11.0,19.0
1675,main_green,main_green,55,205.0,9.090026565654078,10,2,2,0.0,6.0,11.0,19.0
1676,main_green,main_green,55,217.0,8.875835099184052,13,2,2,0.0,6.0,11.0,19.0
1677,main_green,main_green,56,231.0,8.852125999999721,15,2,2,0.0,6.0,11.0,19.0
1678,main_green,main_green,56,245.0,8.944148983653243,14,2,2,0.0,6.0,11.0,19.0
1679,main_green,main_green,55,259.0,8.913488313162707,14,2,2,0.0,6.0,11.0,19.0
1680,main_green,main_green,60,273.0,8.281391406471705,19,2,2,0.0,6.0,12.0,20.0
1681,main_green,main_green,60,287.0,8.466754330068678,14,2,2,0.0,6.0,12.0,20.0
1682,main_green,main_green,61,301.0,8.440019438660403,15,2,2,0.0,6.0,12.0,20.0
1683,main_green,main_green,60,315.0,8.510036935690048,14,2,2,0.0,6.0,12.0,20.0
1684,main_green,main_green,61,329.0,8.343130125799126,15,2,2,0.0,6.0,12.0,20.0
1685,main_green,main_green,58,343.0,8.21468825161361,14,2,2,0.0,6.0,12.0,20.0
1686,main_green,main_green,58,357.0,8.326149323626842,14,2,2,0.0,6.0,12.0,20.0
1687,main_green,main_green,57,372.0,8.139338616148688,16,2,2,0.0,6.0,12.0,20.0
1688,main_green,main_green,57,389.0,8.083183516322935,18,2,2,0.0,6.0,12.0,20.0
1689,main_green,main_green,57,407.0,8.168279425282238,18,2,2,0.0,6.0,12.0,20.0
1690,yellow_transition,yellow_transition,57,425.0,8.252757369800968,18,3,3,11.0,9.0,13.0,13.0
1691,yellow_transition,yellow_transition,57,443.0,8.114744573765488,18,3,3,11.0,9.0,13.0,13.0
1692,yellow_transition,yellow_transition,62,461.0,7.260606492078904,23,3,3,11.0,9.0,13.0,13.0
1693,side_green,main_green,63,340.0,7.5740696415125734,15,0,2,11.0,9.0,13.0,13.0
1694,side_green,main_green,62,302.0,7.812100995610006,10,0,2,11.0,9.0,13.0,13.0
1695,side_green,main_green,62,312.0,8.227091022241241,10,0,2,11.0,9.0,13.0,13.0
1696,side_green,main_green,63,322.0,8.467104265127542,11,0,2,11.0,9.0,13.0,13.0
1697,side_green,main_green,62,333.0,8.655819154731736,11,0,2,11.0,9.0,13.0,13.0
1698,side_green,main_green,63,345.0,8.712186220375722,13,0,2,11.0,9.0,13.0,13.0
1699,side_green,main_green,63,357.0,8.928185835623182,12,0,2,11.0,9.0,13.0,13.0
1700,side_green,main_green,64,370.0,8.885653308459831,14,0,2,11.0,9.0,13.0,13.0
1701,side_green,main_green,64,386.0,9.019018193672064,16,0,2,11.0,9.0,13.0,13.0
1702,side_green,main_green,64,402.0,9.157064975639463,16,0,2,11.0,9.0,13.0,13.0
1703,yellow_transition,yellow_transition,63,418.0,8.85849999652201,17,1,3,-12.0,14.0,10.0,-4.0
1704,yellow_transition,yellow_transition,68,435.0,8.188864947765097,22,1,3,-12.0,14.0,10.0,-4.0
1705,yellow_transition,yellow_transition,66,452.0,8.139147815172748,17,1,3,-12.0,14.0,10.0,-4.0
1706,main_green,side_green,65,200.0,8.45076997494806,10,2,0,-12.0,14.0,10.0,-4.0
1707,main_green,side_green,63,55.0,8.787851012316354,5,2,0,-12.0,14.0,10.0,-4.0
1708,main_green,side_green,65,3.0,8.89517499780788,3,2,0,-12.0,14.0,10.0,-4.0
1709,main_green,side_green,63,4.0,9.121542882561895,1,2,0,-12.0,14.0,10.0,-4.0
1710,main_green,side_green,63,5.0,9.634163232876794,1,2,0,-12.0,14.0,10.0,-4.0
1711,main_green,side_green,63,8.0,10.157492755859728,3,2,0,-12.0,14.0,10.0,-4.0
1712,main_green,side_green,61,12.0,10.140321736457475,5,2,0,-12.0,14.0,10.0,-4.0
1713,main_green,side_green,60,17.0,10.232610867465032,6,2,0,-12.0,14.0,10.0,-4.0
1714,main_green,side_green,56,24.0,10.363537316717172,7,2,0,-12.0,14.0,10.0,-4.0
1715,main_green,side_green,55,31.0,10.674293129032563,7,2,0,-12.0,14.0,10.0,-4.0
1716,yellow_transition,yellow_transition,58,38.0,9.701835373273907,12,3,1,-6.0,6.0,-17.0,11.0
1717,yellow_transition,yellow_transition,57,45.0,9.82264163851518,7,3,1,-6.0,6.0,-17.0,11.0
1718,yellow_transition,yellow_transition,58,52.0,9.759968862753151,8,3,1,-6.0,6.0,-17.0,11.0
1719,main_green,main_green,57,24.0,10.122505238889577,3,2,2,-6.0,6.0,-17.0,11.0
1720,main_green,main_green,57,19.0,10.201483279899113,3,2,2,-6.0,6.0,-17.0,11.0
1721,main_green,main_green,57,21.0,10.332022416916878,2,2,2,-6.0,6.0,-17.0,11.0
1722,main_green,main_green,57,23.0,10.677379088441914,2,2,2,-6.0,6.0,-17.0,11.0
1723,main_green,main_green,57,26.0,10.552718300352083,4,2,2,-6.0,6.0,-17.0,11.0
1724,main_green,main_green,57,30.0,10.468621059666793,5,2,2,-6.0,6.0,-17.0,11.0
1725,main_green,main_green,56,36.0,10.582518740588847,6,2,2,-6.0,6.0,-17.0,11.0
1726,main_green,main_green,54,42.0,10.577576892875296,6,2,2,-6.0,6.0,-17.0,11.0
1727,main_green,main_green,53,48.0,10.652354260593128,6,2,2,-6.0,6.0,-17.0,11.0
1728,main_green,main_green,55,54.0,9.763906439164034,11,2,2,-6.0,6.0,-17.0,11.0
1729,main_green,main_green,55,60.0,9.815531310646742,7,2,2,1.0,9.0,-2.0,14.0
1730,main_green,main_green,54,66.0,10.073546411080203,6,2,2,1.0,9.0,-2.0,14.0
1731,main_green,main_green,50,72.0,10.139784567715308,6,2,2,1.0,9.0,-2.0,14.0
1732,main_green,main_green,50,78.0,9.950333895216875,7,2,2,1.0,9.0,-2.0,14.0
1733,main_green,main_green,49,84.0,9.954448788077137,6,2,2,1.0,9.0,-2.0,14.0
1734,main_green,main_green,49,90.0,9.82739904577427,7,2,2,1.0,9.0,-2.0,14.0
1735,main_green,main_green,49,97.0,9.67002029802064,7,2,2,1.0,9.0,-2.0,14.0
1736,main_green,main_green,50,105.0,9.502448446842195,9,2,2,1.0,9.0,-2.0,14.0
1737,main_green,main_green,50,114.0,9.5395396017088,9,2,2,1.0,9.0,-2.0,14.0
1738,main_green,main_green,50,124.0,9.650773707492597,10,2,2,1.0,9.0,-2.0,14.0
1739,main_green,main_green,51,134.0,9.559715161328631,11,2,2,6.0,14.0,-3.0,5.0
1740,main_green,main_green,55,144.0,8.747170306906897,15,2,2,6.0,14.0,-3.0,5.0
1741,main_green,main_green,55,154.0,9.015417980004903,10,2,2,6.0,14.0,-3.0,5.0
1742,main_green,main_green,55,164.0,9.248605129407377,10,2,2,6.0,14.0,-3.0,5.0
1743,main_green,main_green,54,174.0,9.380543811255151,10,2,2,6.0,14.0,-3.0,5.0
1744,main_green,main_green,56,184.0,9.029562427253214,12,2,2,6.0,14.0,-3.0,5.0
1745,main_green,main_green,55,194.0,9.196250521859442,10,2,2,6.0,14.0,-3.0,5.0
1746,main_green,main_green,54,204.0,9.068508132761107,10,2,2,6.0,14.0,-3.0,5.0
1747,main_green,main_green,54,214.0,9.238179368483255,10,2,2,6.0,14.0,-3.0,5.0
1748,main_green,main_green,54,226.0,9.006996923783102,13,2,2,6.0,14.0,-3.0,5.0
1749,main_green,main_green,55,239.0,8.800390175182265,14,2,2,12.0,18.0,2.0,2.0
1750,main_green,main_green,54,252.0,8.789980300158724,13,2,2,12.0,18.0,2.0,2.0
1751,main_green,main_green,54,265.0,8.955336134050757,13,2,2,12.0,18.0,2.0,2.0
1752,main_green,main_green,59,279.0,8.230431667909771,19,2,2,12.0,18.0,2.0,2.0
1753,main_green,main_green,59,293.0,8.454562223263077,14,2,2,12.0,18.0,2.0,2.0
1754,main_green,main_green,60,307.0,8.467890157727355,15,2,2,12.0,18.0,2.0,2.0
1755,main_green,main_green,58,321.0,8.48596967104957,14,2,2,12.0,18.0,2.0,2.0
1756,main_green,main_green,59,335.0,8.36820429936959,15,2,2,12.0,18.0,2.0,2.0
1757,main_green,main_green,58,349.0,8.332594499979624,14,2,2,12.0,18.0,2.0,2.0
1758,main_green,main_green,58,363.0,8.363629174129558,14,2,2,12.0,18.0,2.0,2.0
1759,main_green,main_green,58,377.0,8.07096771865942,15,2,2,12.0,12.0,8.0,10.0
1760,main_green,main_green,58,393.0,8.019241541351223,17,2,2,12.0,12.0,8.0,10.0
1761,main_green,main_green,57,411.0,7.977772648911678,18,2,2,12.0,12.0,8.0,10.0
1762,main_green,main_green,57,429.0,8.17972202884555,18,2,2,12.0,12.0,8.0,10.0
1763,main_green,main_green,57,447.0,8.295290872055494,18,2,2,12.0,12.0,8.0,10.0
1764,main_green,main_green,62,465.0,7.650069661298603,23,2,2,12.0,12.0,8.0,10.0
1765,main_green,main_green,63,483.0,7.641651668571008,19,2,2,12.0,12.0,8.0,10.0
1766,main_green,main_green,61,501.0,7.749201039722187,18,2,2,12.0,12.0,8.0,10.0
1767,main_green,main_green,60,519.0,7.87527055160674,18,2,2,12.0,12.0,8.0,10.0
1768,main_green,main_green,60,537.0,7.812499691243504,19,2,2,12.0,12.0,8.0,10.0
1769,yellow_transition,yellow_transition,59,555.0,7.706869871245554,18,3,3,14.0,6.0,16.0,16.0
1770,yellow_transition,yellow_transition,60,573.0,7.460153302512473,19,3,3,14.0,6.0,16.0,16.0
1771,yellow_transition,yellow_transition,59,593.0,7.207682404354607,20,3,3,14.0,6.0,16.0,16.0
1772,side_green,main_green,59,394.0,7.147745325429192,17,0,2,14.0,6.0,16.0,16.0
1773,side_green,main_green,59,285.0,7.4138969453927,14,0,2,14.0,6.0,16.0,16.0
1774,side_green,main_green,59,264.0,7.79843002271816,11,0,2,14.0,6.0,16.0,16.0
1775,side_green,main_green,60,275.0,8.080578037551971,12,0,2,14.0,6.0,16.0,16.0
1776,side_green,main_green,65,287.0,7.944926500659519,17,0,2,14.0,6.0,16.0,16.0
1777,side_green,main_green,65,299.0,8.591155230504683,12,0,2,14.0,6.0,16.0,16.0
1778,side_green,main_green,65,311.0,9.000513397634553,12,0,2,14.0,6.0,16.0,16.0
1779,side_green,main_green,64,323.0,9.236566731489022,12,0,2,14.0,6.0,16.0,16.0
1780,side_green,main_green,64,335.0,9.16189707241571,14,0,2,14.0,6.0,16.0,16.0
1781,side_green,main_green,64,347.0,9.147004560000232,12,0,2,14.0,6.0,16.0,16.0
1782,yellow_transition,yellow_transition,64,359.0,9.001700734433143,12,1,3,-13.0,13.0,17.0,7.0
1783,yellow_transition,yellow_transition,63,371.0,8.909612170838694,12,1,3,-13.0,13.0,17.0,7.0
1784,yellow_transition,yellow_transition,63,384.0,8.57796773142574,14,1,3,-13.0,13.0,17.0,7.0
1785,main_green,side_green,64,154.0,8.595496571690857,10,2,0,-13.0,13.0,17.0,7.0
1786,main_green,side_green,64,35.0,9.06236739000851,4,2,0,-13.0,13.0,17.0,7.0
1787,main_green,side_green,62,0.0,9.437406248007385,0,2,0,-13.0,13.0,17.0,7.0
1788,main_green,side_green,67,0.0,9.073990920938103,5,2,0,-13.0,13.0,17.0,7.0
1789,main_green,side_green,66,0.0,9.485285830191955,0,2,0,-13.0,13.0,17.0,7.0
1790,main_green,side_green,65,1.0,9.679796372163736,2,2,0,-13.0,13.0,17.0,7.0
1791,main_green,side_green,65,3.0,10.148966624728622,2,2,0,-13.0,13.0,17.0,7.0
1792,main_green,side_green,64,6.0,10.260260806029931,4,2,0,-13.0,13.0,17.0,7.0
1793,main_green,side_green,62,10.0,10.476620484684732,4,2,0,-13.0,13.0,17.0,7.0
1794,main_green,side_green,59,16.0,10.419731537471975,6,2,0,-13.0,13.0,17.0,7.0
1795,yellow_transition,yellow_transition,58,23.0,10.053630330488048,8,3,1,-11.0,-3.0,-14.0,14.0
1796,yellow_transition,yellow_transition,58,30.0,9.816540498516103,8,3,1,-11.0,-3.0,-14.0,14.0
1797,yellow_transition,yellow_transition,57,38.0,9.725263174311314,8,3,1,-11.0,-3.0,-14.0,14.0
1798,main_green,main_green,55,17.0,9.945354409609763,5,2,2,-11.0,-3.0,-14.0,14.0
1799,main_green,main_green,55,8.0,10.47216035509564,2,2,2,-11.0,-3.0,-14.0,14.0
1800,main_green,main_green,60,10.0,9.947573556096877,7,2,2,-11.0,-3.0,-14.0,14.0
1801,main_green,main_green,60,12.0,10.198164903493089,3,2,2,-11.0,-3.0,-14.0,14.0
1802,main_green,main_green,60,14.0,10.588835612901464,2,2,2,-11.0,-3.0,-14.0,14.0
1803,main_green,main_green,57,16.0,10.788177897845696,2,2,2,-11.0,-3.0,-14.0,14.0
1804,main_green,main_green,58,18.0,11.013400533988651,3,2,2,-11.0,-3.0,-14.0,14.0
1805,main_green,main_green,55,20.0,10.999850189441176,2,2,2,-11.0,-3.0,-14.0,14.0
1806,main_green,main_green,55,22.0,10.81889418531536,3,2,2,-11.0,-3.0,-14.0,14.0
1807,main_green,main_green,53,25.0,10.763555233112267,3,2,2,-11.0,-3.0,-14.0,14.0
1808,main_green,main_green,53,29.0,10.47645779062323,5,2,2,-3.0,9.0,-8.0,10.0
1809,main_green,main_green,53,33.0,10.531691707713685,4,2,2,-3.0,9.0,-8.0,10.0
1810,main_green,main_green,49,38.0,10.49810837262428,5,2,2,-3.0,9.0,-8.0,10.0
1811,main_green,main_green,49,44.0,10.38222469132615,7,2,2,-3.0,9.0,-8.0,10.0
1812,main_green,main_green,52,50.0,9.526343907648815,11,2,2,-3.0,9.0,-8.0,10.0
1813,main_green,main_green,51,56.0,9.714433362500573,6,2,2,-3.0,9.0,-8.0,10.0
1814,main_green,main_green,50,62.0,10.00050636201797,6,2,2,-3.0,9.0,-8.0,10.0
1815,main_green,main_green,49,68.0,10.236813548844868,6,2,2,-3.0,9.0,-8.0,10.0
1816,main_green,main_green,50,74.0,9.817338159434707,8,2,2,-3.0,9.0,-8.0,10.0
1817,main_green,main_green,50,80.0,9.871870903853694,6,2,2,-3.0,9.0,-8.0,10.0
1818,main_green,main_green,50,86.0,9.830234236712577,6,2,2,8.0,18.0,-3.0,7.0
1819,main_green,main_green,50,92.0,9.796390215229746,6,2,2,8.0,18.0,-3.0,7.0
1820,main_green,main_green,51,99.0,9.526474800925499,8,2,2,8.0,18.0,-3.0,7.0
1821,main_green,main_green,52,108.0,9.440500843753728,10,2,2,8.0,18.0,-3.0,7.0
1822,main_green,main_green,52,117.0,9.605556598196738,9,2,2,8.0,18.0,-3.0,7.0
1823,main_green,main_green,51,127.0,9.656432261290103,10,2,2,8.0,18.0,-3.0,7.0
1824,main_green,main_green,55,137.0,8.82308068449574,15,2,2,8.0,18.0,-3.0,7.0
1825,main_green,main_green,54,147.0,8.889005805614623,10,2,2,8.0,18.0,-3.0,7.0
1826,main_green,main_green,54,157.0,8.959304053927283,11,2,2,8.0,18.0,-3.0,7.0
1827,main_green,main_green,54,167.0,9.242315544892504,10,2,2,8.0,18.0,-3.0,7.0
1828,main_green,main_green,54,177.0,9.016527243228902,11,2,2,12.0,16.0,1.0,9.0
1829,main_green,main_green,53,187.0,9.079405104727137,10,2,2,12.0,16.0,1.0,9.0
1830,main_green,main_green,53,197.0,9.301598021008227,10,2,2,12.0,16.0,1.0,9.0
1831,main_green,main_green,54,207.0,9.07388421951486,11,2,2,12.0,16.0,1.0,9.0
1832,main_green,main_green,55,219.0,8.92357147908648,13,2,2,12.0,16.0,1.0,9.0
1833,main_green,main_green,55,231.0,8.97932995636658,12,2,2,12.0,16.0,1.0,9.0
1834,main_green,main_green,53,243.0,8.793040351484677,12,2,2,12.0,16.0,1.0,9.0
1835,main_green,main_green,53,256.0,8.96536186174965,13,2,2,12.0,16.0,1.0,9.0
1836,main_green,main_green,57,270.0,8.087826468433892,19,2,2,12.0,16.0,1.0,9.0
1837,main_green,main_green,58,284.0,8.234281063064891,15,2,2,12.0,16.0,1.0,9.0
1838,yellow_transition,yellow_transition,57,298.0,8.410195958233048,14,3,3,12.0,10.0,10.0,14.0
1839,yellow_transition,yellow_transition,56,312.0,8.224684807806872,14,3,3,12.0,10.0,10.0,14.0
1840,yellow_transition,yellow_transition,57,327.0,7.7857053017833575,16,3,3,12.0,10.0,10.0,14.0
1841,side_green,main_green,57,181.0,7.954338049285116,11,0,2,12.0,10.0,10.0,14.0
1842,side_green,main_green,58,134.0,7.928937742199942,9,0,2,12.0,10.0,10.0,14.0
1843,side_green,main_green,58,141.0,8.207431823904718,8,0,2,12.0,10.0,10.0,14.0
1844,side_green,main_green,59,150.0,8.359903342245682,10,0,2,12.0,10.0,10.0,14.0
1845,side_green,main_green,58,161.0,8.539304892328282,11,0,2,12.0,10.0,10.0,14.0
1846,side_green,main_green,57,172.0,8.882525117442508,11,0,2,12.0,10.0,10.0,14.0
1847,side_green,main_green,58,183.0,8.932630121760111,12,0,2,12.0,10.0,10.0,14.0
1848,side_green,main_green,63,195.0,8.282519371254914,17,0,2,12.0,10.0,10.0,14.0
1849,side_green,main_green,63,208.0,8.463789403806043,13,0,2,12.0,10.0,10.0,14.0
1850,side_green,main_green,63,222.0,8.753883017250198,14,0,2,12.0,10.0,10.0,14.0
1851,yellow_transition,yellow_transition,63,236.0,8.722100805335588,14,1,3,-9.0,15.0,10.0,0.0
1852,yellow_transition,yellow_transition,64,250.0,8.419423215926917,16,1,3,-9.0,15.0,10.0,0.0
1853,yellow_transition,yellow_transition,63,265.0,8.211460310953786,15,1,3,-9.0,15.0,10.0,0.0
1854,main_green,side_green,61,82.0,8.083605271040529,7,2,0,-9.0,15.0,10.0,0.0
1855,main_green,side_green,59,1.0,8.317773742965962,1,2,0,-9.0,15.0,10.0,0.0
1856,main_green,side_green,60,0.0,8.551282250532923,1,2,0,-9.0,15.0,10.0,0.0
1857,main_green,side_green,60,3.0,8.881268313425528,4,2,0,-9.0,15.0,10.0,0.0
1858,main_green,side_green,60,7.0,9.415382456529125,4,2,0,-9.0,15.0,10.0,0.0
1859,main_green,side_green,57,12.0,9.993608387875486,5,2,0,-9.0,15.0,10.0,0.0
1860,main_green,side_green,60,17.0,9.472064154056685,10,2,0,-9.0,15.0,10.0,0.0
1861,main_green,side_green,59,22.0,9.732753026613045,5,2,0,-9.0,15.0,10.0,0.0
1862,main_green,side_green,59,27.0,9.924334955726994,6,2,0,-9.0,15.0,10.0,0.0
1863,main_green,side_green,58,33.0,10.199208765062313,6,2,0,-9.0,15.0,10.0,0.0
1864,yellow_transition,yellow_transition,58,39.0,10.062104965145256,7,3,1,-3.0,3.0,-10.0,12.0
1865,yellow_transition,yellow_transition,55,45.0,9.849972828368482,6,3,1,-3.0,3.0,-10.0,12.0
1866,yellow_transition,yellow_transition,54,51.0,9.542828906595696,6,3,1,-3.0,3.0,-10.0,12.0
1867,main_green,main_green,54,27.0,9.380163110130495,4,2,2,-3.0,3.0,-10.0,12.0
1868,main_green,main_green,55,26.0,9.501152108171693,5,2,2,-3.0,3.0,-10.0,12.0
1869,main_green,main_green,55,31.0,9.798604613483972,5,2,2,-3.0,3.0,-10.0,12.0
1870,main_green,main_green,55,37.0,10.178613428708054,6,2,2,-3.0,3.0,-10.0,12.0
1871,main_green,main_green,54,43.0,10.306716700621928,6,2,2,-3.0,3.0,-10.0,12.0
1872,main_green,main_green,56,49.0,9.521167925936052,11,2,2,-3.0,3.0,-10.0,12.0
1873,main_green,main_green,57,55.0,9.70950294972986,7,2,2,-3.0,3.0,-10.0,12.0
1874,main_green,main_green,56,61.0,9.967730574831815,6,2,2,-3.0,3.0,-10.0,12.0
1875,main_green,main_green,53,67.0,10.091735696282079,6,2,2,-3.0,3.0,-10.0,12.0
1876,main_green,main_green,52,73.0,9.869433555712284,7,2,2,-3.0,3.0,-10.0,12.0
1877,main_green,main_green,50,79.0,9.784059919061425,6,2,2,1.0,13.0,1.0,19.0
1878,main_green,main_green,51,85.0,9.573493237936034,7,2,2,1.0,13.0,1.0,19.0
1879,main_green,main_green,50,91.0,9.489961995802343,6,2,2,1.0,13.0,1.0,19.0
1880,main_green,main_green,50,100.0,9.206972482092016,10,2,2,1.0,13.0,1.0,19.0
1881,main_green,main_green,50,109.0,9.283378827234683,9,2,2,1.0,13.0,1.0,19.0
1882,main_green,main_green,48,119.0,9.254541978516254,10,2,2,1.0,13.0,1.0,19.0
1883,main_green,main_green,48,129.0,9.207579467774453,11,2,2,1.0,13.0,1.0,19.0
1884,main_green,main_green,53,139.0,8.484741185930616,15,2,2,1.0,13.0,1.0,19.0
1885,main_green,main_green,53,149.0,8.845195156655766,10,2,2,1.0,13.0,1.0,19.0
1886,main_green,main_green,53,159.0,9.023997499121228,10,2,2,1.0,13.0,1.0,19.0
1887,main_green,main_green,53,169.0,9.229660777213283,10,2,2,11.0,17.0,4.0,10.0
1888,main_green,main_green,55,179.0,8.928435742586078,12,2,2,11.0,17.0,4.0,10.0
1889,main_green,main_green,55,189.0,8.975249600907574,10,2,2,11.0,17.0,4.0,10.0
1890,main_green,main_green,55,199.0,8.94302555819392,10,2,2,11.0,17.0,4.0,10.0
1891,main_green,main_green,55,209.0,9.118599018939685,10,2,2,11.0,17.0,4.0,10.0
1892,main_green,main_green,55,221.0,8.809660813359088,13,2,2,11.0,17.0,4.0,10.0
1893,main_green,main_green,55,234.0,8.677451362996862,14,2,2,11.0,17.0,4.0,10.0
1894,main_green,main_green,55,247.0,8.778978118173441,13,2,2,11.0,17.0,4.0,10.0
1895,main_green,main_green,55,261.0,8.886714987149151,14,2,2,11.0,17.0,4.0,10.0
1896,main_green,main_green,60,275.0,8.304871130289262,19,2,2,11.0,17.0,4.0,10.0
1897,main_green,main_green,60,289.0,8.456472467458074,14,2,2,15.0,17.0,5.0,5.0
1898,main_green,main_green,61,303.0,8.530634908084652,15,2,2,15.0,17.0,5.0,5.0
1899,main_green,main_green,61,317.0,8.729496111985767,14,2,2,15.0,17.0,5.0,5.0
1900,main_green,main_green,62,331.0,8.600165728793504,15,2,2,15.0,17.0,5.0,5.0
1901,main_green,main_green,62,345.0,8.66621123525571,14,2,2,15.0,17.0,5.0,5.0
1902,main_green,main_green,62,360.0,8.753463302359135,15,2,2,15.0,17.0,5.0,5.0
1903,main_green,main_green,62,376.0,8.45029169089665,17,2,2,15.0,17.0,5.0,5.0
1904,main_green,main_green,63,392.0,8.35732364546002,17,2,2,15.0,17.0,5.0,5.0
1905,main_green,main_green,62,409.0,8.422374071174554,17,2,2,15.0,17.0,5.0,5.0
1906,main_green,main_green,62,427.0,8.46493537300479,18,2,2,15.0,17.0,5.0,5.0
1907,yellow_transition,yellow_transition,62,445.0,8.553815934961138,18,3,3,12.0,10.0,5.0,5.0
1908,yellow_transition,yellow_transition,65,463.0,7.803190772092158,23,3,3,12.0,10.0,5.0,5.0
1909,yellow_transition,yellow_transition,66,481.0,7.737254525087564,19,3,3,12.0,10.0,5.0,5.0
1910,side_green,main_green,65,306.0,7.960031280306514,14,0,2,12.0,10.0,5.0,5.0
1911,side_green,main_green,65,219.0,8.269251161669931,10,0,2,12.0,10.0,5.0,5.0
1912,side_green,main_green,65,209.0,8.19626862606597,10,0,2,12.0,10.0,5.0,5.0
1913,side_green,main_green,64,218.0,8.431412479591947,9,0,2,12.0,10.0,5.0,5.0
1914,side_green,main_green,64,227.0,8.52700396132453,10,0,2,12.0,10.0,5.0,5.0
1915,side_green,main_green,64,239.0,8.990250489073986,12,0,2,12.0,10.0,5.0,5.0
1916,side_green,main_green,61,251.0,8.90180474483504,13,0,2,12.0,10.0,5.0,5.0
1917,side_green,main_green,61,263.0,9.095438360889492,12,0,2,12.0,10.0,5.0,5.0
1918,side_green,main_green,61,276.0,9.212903554097547,13,0,2,12.0,10.0,5.0,5.0
1919,side_green,main_green,62,290.0,9.16683098113199,15,0,2,12.0,10.0,5.0,5.0
1920,yellow_transition,yellow_transition,65,305.0,8.376320487577507,20,1,3,-18.0,8.0,13.0,7.0
1921,yellow_transition,yellow_transition,65,320.0,8.559753564547144,15,1,3,-18.0,8.0,13.0,7.0
1922,yellow_transition,yellow_transition,64,335.0,8.567252329921903,15,1,3,-18.0,8.0,13.0,7.0
1923,main_green,side_green,62,123.0,8.646153190924085,7,2,0,-18.0,8.0,13.0,7.0
1924,main_green,side_green,63,20.0,8.470464349668537,4,2,0,-18.0,8.0,13.0,7.0
1925,main_green,side_green,62,0.0,8.810455819241213,0,2,0,-18.0,8.0,13.0,7.0
1926,main_green,side_green,62,1.0,9.253271153477609,1,2,0,-18.0,8.0,13.0,7.0
1927,main_green,side_green,62,4.0,9.723787107782929,3,2,0,-18.0,8.0,13.0,7.0
1928,main_green,side_green,60,7.0,9.829740780886574,4,2,0,-18.0,8.0,13.0,7.0
1929,main_green,side_green,60,13.0,9.951349006172682,7,2,0,-18.0,8.0,13.0,7.0
1930,main_green,side_green,57,19.0,10.25378790474827,6,2,0,-18.0,8.0,13.0,7.0
1931,main_green,side_green,55,27.0,10.37491785267619,8,2,0,-18.0,8.0,13.0,7.0
1932,main_green,side_green,59,35.0,9.647500314328678,13,2,0,-18.0,8.0,13.0,7.0
1933,yellow_transition,yellow_transition,56,43.0,9.60467504093961,8,3,1,-6.0,2.0,-9.0,17.0
1934,yellow_transition,yellow_transition,56,51.0,9.55710107715104,9,3,1,-6.0,2.0,-9.0,17.0
1935,yellow_transition,yellow_transition,55,60.0,9.686710303546302,9,3,1,-6.0,2.0,-9.0,17.0
1936,main_green,main_green,56,30.0,9.910242770431465,6,2,2,-6.0,2.0,-9.0,17.0
1937,main_green,main_green,56,16.0,10.02154881630626,2,2,2,-6.0,2.0,-9.0,17.0
1938,main_green,main_green,56,18.0,10.362891982153885,2,2,2,-6.0,2.0,-9.0,17.0
1939,main_green,main_green,56,20.0,10.074202592740608,3,2,2,-6.0,2.0,-9.0,17.0
1940,main_green,main_green,57,24.0,10.148967720032289,5,2,2,-6.0,2.0,-9.0,17.0
1941,main_green,main_green,55,29.0,10.49606541636255,5,2,2,-6.0,2.0,-9.0,17.0
1942,main_green,main_green,53,35.0,10.571146557223395,6,2,2,-6.0,2.0,-9.0,17.0
1943,main_green,main_green,53,41.0,10.847581761861505,6,2,2,-6.0,2.0,-9.0,17.0
1944,main_green,main_green,55,47.0,9.858942513969273,11,2,2,-6.0,2.0,-9.0,17.0
1945,main_green,main_green,55,53.0,9.928723221685678,7,2,2,-6.0,2.0,-9.0,17.0
1946,main_green,main_green,51,59.0,9.988979265257642,6,2,2,1.0,5.0,0.0,16.0
1947,main_green,main_green,51,65.0,10.215498833579634,6,2,2,1.0,5.0,0.0,16.0
1948,main_green,main_green,52,71.0,10.028897166114811,7,2,2,1.0,5.0,0.0,16.0
1949,main_green,main_green,51,77.0,9.879136336950753,6,2,2,1.0,5.0,0.0,16.0
1950,main_green,main_green,51,83.0,9.664698012444005,7,2,2,1.0,5.0,0.0,16.0
1951,main_green,main_green,51,89.0,9.772647983055439,6,2,2,1.0,5.0,0.0,16.0
1952,main_green,main_green,51,99.0,9.586062796360382,11,2,2,1.0,5.0,0.0,16.0
1953,main_green,main_green,51,109.0,9.678355025666884,10,2,2,1.0,5.0,0.0,16.0
1954,main_green,main_green,51,119.0,9.866295527048598,10,2,2,1.0,5.0,0.0,16.0
1955,main_green,main_green,52,129.0,9.712501341321591,11,2,2,1.0,5.0,0.0,16.0
1956,main_green,main_green,56,139.0,8.923994446743992,15,2,2,6.0,16.0,-3.0,7.0
1957,main_green,main_green,56,149.0,9.120883127418567,10,2,2,6.0,16.0,-3.0,7.0
1958,main_green,main_green,56,159.0,9.33399847864595,10,2,2,6.0,16.0,-3.0,7.0
1959,main_green,main_green,56,169.0,9.472335765630266,10,2,2,6.0,16.0,-3.0,7.0
1960,main_green,main_green,58,179.0,9.228254963094194,12,2,2,6.0,16.0,-3.0,7.0
1961,main_green,main_green,58,189.0,9.300333162041257,10,2,2,6.0,16.0,-3.0,7.0
1962,main_green,main_green,58,199.0,9.142329678189796,10,2,2,6.0,16.0,-3.0,7.0
1963,main_green,main_green,58,210.0,9.233475568979886,11,2,2,6.0,16.0,-3.0,7.0
1964,main_green,main_green,57,224.0,8.98824471239279,15,2,2,6.0,16.0,-3.0,7.0
1965,main_green,main_green,58,238.0,8.890782305707313,15,2,2,6.0,16.0,-3.0,7.0
1966,main_green,main_green,56,252.0,8.949553630766733,14,2,2,9.0,11.0,1.0,5.0
1967,main_green,main_green,56,266.0,9.048061872985722,14,2,2,9.0,11.0,1.0,5.0
1968,main_green,main_green,60,280.0,8.346126408506413,19,2,2,9.0,11.0,1.0,5.0
1969,main_green,main_green,60,294.0,8.552227880030975,14,2,2,9.0,11.0,1.0,5.0
1970,main_green,main_green,61,308.0,8.690157956412198,15,2,2,9.0,11.0,1.0,5.0
1971,main_green,main_green,60,322.0,8.705208415976825,14,2,2,9.0,11.0,1.0,5.0
1972,main_green,main_green,61,336.0,8.668360017426771,15,2,2,9.0,11.0,1.0,5.0
1973,main_green,main_green,61,350.0,8.608770261528703,14,2,2,9.0,11.0,1.0,5.0
1974,main_green,main_green,59,364.0,8.532508085358595,14,2,2,9.0,11.0,1.0,5.0
1975,main_green,main_green,60,380.0,8.398709525525613,17,2,2,9.0,11.0,1.0,5.0
1976,yellow_transition,yellow_transition,59,397.0,8.14801377407774,18,3,3,13.0,9.0,6.0,10.0
1977,yellow_transition,yellow_transition,59,414.0,8.277494954193914,17,3,3,13.0,9.0,6.0,10.0
1978,yellow_transition,yellow_transition,59,432.0,8.263817415894476,18,3,3,13.0,9.0,6.0,10.0
1979,side_green,main_green,58,270.0,8.380941222244925,14,0,2,13.0,9.0,6.0,10.0
1980,side_green,main_green,62,193.0,7.925213515444504,16,0,2,13.0,9.0,6.0,10.0
1981,side_green,main_green,62,190.0,8.136460340077267,10,0,2,13.0,9.0,6.0,10.0
1982,side_green,main_green,61,199.0,8.53988441266442,9,0,2,13.0,9.0,6.0,10.0
1983,side_green,main_green,60,208.0,8.820493993637644,9,0,2,13.0,9.0,6.0,10.0
1984,side_green,main_green,61,217.0,9.097882479816615,10,0,2,13.0,9.0,6.0,10.0
1985,side_green,main_green,60,227.0,9.286514955000165,10,0,2,13.0,9.0,6.0,10.0
1986,side_green,main_green,61,237.0,9.346111240027373,11,0,2,13.0,9.0,6.0,10.0
1987,side_green,main_green,59,248.0,9.290489535510577,11,0,2,13.0,9.0,6.0,10.0
1988,side_green,main_green,59,261.0,9.100629529737997,14,0,2,13.0,9.0,6.0,10.0
1989,yellow_transition,yellow_transition,58,274.0,9.027446044865005,13,1,3,-15.0,11.0,14.0,6.0
1990,yellow_transition,yellow_transition,58,288.0,9.072434354959206,14,1,3,-15.0,11.0,14.0,6.0
1991,yellow_transition,yellow_transition,58,303.0,8.640602584975065,16,1,3,-15.0,11.0,14.0,6.0
1992,main_green,side_green,62,107.0,8.022025149554972,12,2,0,-15.0,11.0,14.0,6.0
1993,main_green,side_green,62,13.0,8.481644266832584,2,2,0,-15.0,11.0,14.0,6.0
1994,main_green,side_green,62,0.0,8.945824860121563,0,2,0,-15.0,11.0,14.0,6.0
1995,main_green,side_green,61,2.0,9.506592559829306,2,2,0,-15.0,11.0,14.0,6.0
1996,main_green,side_green,63,4.0,9.602227805709012,4,2,0,-15.0,11.0,14.0,6.0
1997,main_green,side_green,61,6.0,9.991702028518795,2,2,0,-15.0,11.0,14.0,6.0
1998,main_green,side_green,60,10.0,10.402754045488111,4,2,0,-15.0,11.0,14.0,6.0
1999,main_green,side_green,57,14.0,10.603483169232742,4,2,0,-15.0,11.0,14.0,6.0
2000,main_green,side_green,56,21.0,10.41119205529082,8,2,0,-15.0,11.0,14.0,6.0
2001,main_green,side_green,54,28.0,10.194189850647513,8,2,0,-15.0,11.0,14.0,6.0
2002,yellow_transition,yellow_transition,50,36.0,10.065189239872547,8,3,1,-8.0,4.0,-13.0,17.0
2003,yellow_transition,yellow_transition,49,44.0,10.25474885113172,8,3,1,-8.0,4.0,-13.0,17.0
2004,yellow_transition,yellow_transition,54,52.0,9.157561346952477,13,3,1,-8.0,4.0,-13.0,17.0
2005,main_green,main_green,54,22.0,9.49359557268192,4,2,2,-8.0,4.0,-13.0,17.0
2006,main_green,main_green,55,14.0,9.891576237125465,3,2,2,-8.0,4.0,-13.0,17.0
2007,main_green,main_green,54,16.0,10.166701662885654,2,2,2,-8.0,4.0,-13.0,17.0
2008,main_green,main_green,55,18.0,10.261790352117394,3,2,2,-8.0,4.0,-13.0,17.0
2009,main_green,main_green,55,20.0,10.42280560475285,2,2,2,-8.0,4.0,-13.0,17.0
2010,main_green,main_green,53,22.0,10.553496920586536,2,2,2,-8.0,4.0,-13.0,17.0
2011,main_green,main_green,53,26.0,10.519353345705985,5,2,2,-8.0,4.0,-13.0,17.0
2012,main_green,main_green,51,31.0,10.427256098928723,6,2,2,-8.0,4.0,-13.0,17.0
2013,main_green,main_green,50,37.0,10.625680691301525,6,2,2,-8.0,4.0,-13.0,17.0
2014,main_green,main_green,49,43.0,10.645832156345682,6,2,2,-8.0,4.0,-13.0,17.0
2015,main_green,main_green,47,49.0,10.568001445545077,6,2,2,-2.0,8.0,-4.0,16.0
2016,main_green,main_green,50,55.0,9.68041556136796,11,2,2,-2.0,8.0,-4.0,16.0
2017,main_green,main_green,50,61.0,9.566892745930843,7,2,2,-2.0,8.0,-4.0,16.0
2018,main_green,main_green,49,67.0,9.873146666656762,6,2,2,-2.0,8.0,-4.0,16.0
2019,main_green,main_green,49,73.0,10.288167170465755,6,2,2,-2.0,8.0,-4.0,16.0
2020,main_green,main_green,50,79.0,10.063043929587359,7,2,2,-2.0,8.0,-4.0,16.0
2021,main_green,main_green,50,85.0,10.037239742380486,6,2,2,-2.0,8.0,-4.0,16.0
2022,main_green,main_green,51,91.0,9.790692888741107,7,2,2,-2.0,8.0,-4.0,16.0
2023,main_green,main_green,51,98.0,9.832120982096939,7,2,2,-2.0,8.0,-4.0,16.0
2024,main_green,main_green,51,107.0,9.616437792184671,10,2,2,-2.0,8.0,-4.0,16.0
2025,main_green,main_green,51,117.0,9.7689543060544,10,2,2,6.0,18.0,-2.0,10.0
2026,main_green,main_green,51,127.0,9.842152843777928,10,2,2,6.0,18.0,-2.0,10.0
2027,main_green,main_green,52,137.0,9.760216763524703,11,2,2,6.0,18.0,-2.0,10.0
2028,main_green,main_green,57,147.0,8.917982685311799,15,2,2,6.0,18.0,-2.0,10.0
2029,main_green,main_green,57,157.0,9.097058143076111,10,2,2,6.0,18.0,-2.0,10.0
2030,main_green,main_green,56,167.0,9.38878863395415,10,2,2,6.0,18.0,-2.0,10.0
2031,main_green,main_green,54,177.0,9.361911461543272,10,2,2,6.0,18.0,-2.0,10.0
2032,main_green,main_green,56,187.0,9.125002141096868,12,2,2,6.0,18.0,-2.0,10.0
2033,main_green,main_green,56,197.0,9.153417831740835,10,2,2,6.0,18.0,-2.0,10.0
2034,main_green,main_green,56,207.0,9.156225628911926,10,2,2,6.0,18.0,-2.0,10.0
2035,main_green,main_green,56,217.0,9.188195506333429,10,2,2,9.0,9.0,2.0,8.0
2036,main_green,main_green,57,229.0,9.022643496226465,13,2,2,9.0,9.0,2.0,8.0
2037,main_green,main_green,57,241.0,8.950203128829768,13,2,2,9.0,9.0,2.0,8.0
2038,main_green,main_green,57,255.0,9.04077174776155,14,2,2,9.0,9.0,2.0,8.0
2039,main_green,main_green,56,269.0,9.125873620915723,14,2,2,9.0,9.0,2.0,8.0
2040,main_green,main_green,61,283.0,8.446975904056846,19,2,2,9.0,9.0,2.0,8.0
2041,main_green,main_green,61,297.0,8.764743997489834,14,2,2,9.0,9.0,2.0,8.0
2042,main_green,main_green,62,311.0,8.781630986096818,15,2,2,9.0,9.0,2.0,8.0
2043,main_green,main_green,61,325.0,8.861020754801583,14,2,2,9.0,9.0,2.0,8.0
2044,main_green,main_green,61,339.0,8.780727798726097,15,2,2,9.0,9.0,2.0,8.0
2045,yellow_transition,yellow_transition,61,353.0,8.86669759844803,14,3,3,11.0,9.0,7.0,9.0
2046,yellow_transition,yellow_transition,59,367.0,8.6994121212842,14,3,3,11.0,9.0,7.0,9.0
2047,yellow_transition,yellow_transition,59,381.0,8.345852169466125,15,3,3,11.0,9.0,7.0,9.0
2048,side_green,main_green,60,225.0,8.331353409046182,13,0,2,11.0,9.0,7.0,9.0
2049,side_green,main_green,60,162.0,8.60204359846432,9,0,2,11.0,9.0,7.0,9.0
2050,side_green,main_green,60,166.0,8.888572314989457,7,0,2,11.0,9.0,7.0,9.0
2051,side_green,main_green,59,175.0,9.346640534321134,9,0,2,11.0,9.0,7.0,9.0
2052,side_green,main_green,64,184.0,8.922128536099505,14,0,2,11.0,9.0,7.0,9.0
2053,side_green,main_green,64,193.0,9.079752334683116,10,0,2,11.0,9.0,7.0,9.0
2054,side_green,main_green,62,202.0,9.300181102361314,9,0,2,11.0,9.0,7.0,9.0
2055,side_green,main_green,60,211.0,9.334319103978624,9,0,2,11.0,9.0,7.0,9.0
2056,side_green,main_green,59,221.0,9.292000586875083,11,0,2,11.0,9.0,7.0,9.0
2057,side_green,main_green,59,232.0,9.359687844877598,11,0,2,11.0,9.0,7.0,9.0
2058,yellow_transition,yellow_transition,58,244.0,9.132242299987157,13,1,3,-9.0,13.0,12.0,2.0
2059,yellow_transition,yellow_transition,58,256.0,8.935612376386196,12,1,3,-9.0,13.0,12.0,2.0
2060,yellow_transition,yellow_transition,59,269.0,8.748992985183094,14,1,3,-9.0,13.0,12.0,2.0
2061,main_green,side_green,59,80.0,9.07044673732242,6,2,0,-9.0,13.0,12.0,2.0
2062,main_green,side_green,59,3.0,9.50284531228233,2,2,0,-9.0,13.0,12.0,2.0
2063,main_green,side_green,59,0.0,9.735225204228312,1,2,0,-9.0,13.0,12.0,2.0
2064,main_green,side_green,63,0.0,9.26876326046194,5,2,0,-9.0,13.0,12.0,2.0
2065,main_green,side_green,63,0.0,9.910918908571986,0,2,0,-9.0,13.0,12.0,2.0
2066,main_green,side_green,60,1.0,10.293044379790219,1,2,0,-9.0,13.0,12.0,2.0
2067,main_green,side_green,57,2.0,10.776379880664845,1,2,0,-9.0,13.0,12.0,2.0
2068,main_green,side_green,57,5.0,10.611196712371306,5,2,0,-9.0,13.0,12.0,2.0
2069,main_green,side_green,55,9.0,10.766047925366463,4,2,0,-9.0,13.0,12.0,2.0
2070,main_green,side_green,54,13.0,10.749154125465353,4,2,0,-9.0,13.0,12.0,2.0
2071,yellow_transition,yellow_transition,52,18.0,10.665706744392404,5,3,1,-8.0,2.0,-8.0,14.0
2072,yellow_transition,yellow_transition,53,23.0,10.316501530126747,6,3,1,-8.0,2.0,-8.0,14.0
2073,yellow_transition,yellow_transition,53,30.0,9.903194389238706,8,3,1,-8.0,2.0,-8.0,14.0
2074,main_green,main_green,53,8.0,10.323472879242539,3,2,2,-8.0,2.0,-8.0,14.0
2075,main_green,main_green,50,6.0,10.486358476316434,2,2,2,-8.0,2.0,-8.0,14.0
2076,main_green,main_green,55,8.0,9.918603416409828,7,2,2,-8.0,2.0,-8.0,14.0
2077,main_green,main_green,55,10.0,10.323302988050417,2,2,2,-8.0,2.0,-8.0,14.0
2078,main_green,main_green,56,12.0,10.635112099944179,3,2,2,-8.0,2.0,-8.0,14.0
2079,main_green,main_green,52,14.0,10.9913995363038,2,2,2,-8.0,2.0,-8.0,14.0
2080,main_green,main_green,52,16.0,11.064274530196956,3,2,2,-8.0,2.0,-8.0,14.0
2081,main_green,main_green,52,18.0,11.274889359347215,2,2,2,-8.0,2.0,-8.0,14.0
2082,main_green,main_green,49,20.0,11.213801455148289,2,2,2,-8.0,2.0,-8.0,14.0
2083,main_green,main_green,50,23.0,10.712555646490767,4,2,2,-8.0,2.0,-8.0,14.0
2084,main_green,main_green,50,27.0,10.425378097835113,5,2,2,-3.0,5.0,-4.0,16.0
2085,main_green,main_green,49,33.0,10.659157734100011,6,2,2,-3.0,5.0,-4.0,16.0
2086,main_green,main_green,49,39.0,10.740878798880361,6,2,2,-3.0,5.0,-4.0,16.0
2087,main_green,main_green,48,45.0,10.67538022499753,6,2,2,-3.0,5.0,-4.0,16.0
2088,main_green,main_green,50,51.0,9.72556328177193,11,2,2,-3.0,5.0,-4.0,16.0
2089,main_green,main_green,50,57.0,9.793414037607283,7,2,2,-3.0,5.0,-4.0,16.0
2090,main_green,main_green,50,63.0,10.111793650363895,6,2,2,-3.0,5.0,-4.0,16.0
2091,main_green,main_green,48,69.0,10.297262182616784,6,2,2,-3.0,5.0,-4.0,16.0
2092,main_green,main_green,49,75.0,10.209945952540087,7,2,2,-3.0,5.0,-4.0,16.0
2093,main_green,main_green,49,81.0,10.219823123384637,6,2,2,-3.0,5.0,-4.0,16.0
2094,main_green,main_green,50,87.0,9.984295095022667,7,2,2,8.0,16.0,-2.0,4.0
2095,main_green,main_green,50,93.0,9.999422809732488,6,2,2,8.0,16.0,-2.0,4.0
2096,main_green,main_green,51,100.0,9.808764030633009,8,2,2,8.0,16.0,-2.0,4.0
2097,main_green,main_green,51,108.0,9.855669947064952,8,2,2,8.0,16.0,-2.0,4.0
2098,main_green,main_green,51,117.0,10.009631951949281,9,2,2,8.0,16.0,-2.0,4.0
2099,main_green,main_green,51,127.0,9.850619719963268,11,2,2,8.0,16.0,-2.0,4.0
2100,main_green,main_green,54,137.0,8.878409638647945,15,2,2,8.0,16.0,-2.0,4.0
2101,main_green,main_green,54,147.0,9.224137061943862,10,2,2,8.0,16.0,-2.0,4.0
2102,main_green,main_green,52,157.0,9.243342936451343,10,2,2,8.0,16.0,-2.0,4.0
2103,main_green,main_green,51,167.0,9.545205611262949,10,2,2,8.0,16.0,-2.0,4.0
2104,main_green,main_green,53,177.0,9.164356913952178,12,2,2,13.0,15.0,3.0,5.0
2105,main_green,main_green,53,187.0,9.23328686836919,10,2,2,13.0,15.0,3.0,5.0
2106,main_green,main_green,53,197.0,9.265126872073823,10,2,2,13.0,15.0,3.0,5.0
2107,main_green,main_green,53,207.0,9.232785622508166,10,2,2,13.0,15.0,3.0,5.0
2108,main_green,main_green,54,219.0,8.981172079830387,13,2,2,13.0,15.0,3.0,5.0
2109,main_green,main_green,55,233.0,9.013837240933508,15,2,2,13.0,15.0,3.0,5.0
2110,main_green,main_green,54,247.0,9.068986288157415,14,2,2,13.0,15.0,3.0,5.0
2111,main_green,main_green,53,261.0,9.147474020675912,14,2,2,13.0,15.0,3.0,5.0
2112,main_green,main_green,57,275.0,8.24721817972477,19,2,2,13.0,15.0,3.0,5.0
2113,main_green,main_green,56,289.0,8.502457643902249,14,2,2,13.0,15.0,3.0,5.0
2114,yellow_transition,yellow_transition,56,303.0,8.54544867942469,15,3,3,13.0,11.0,10.0,10.0
2115,yellow_transition,yellow_transition,56,317.0,8.470881817954567,14,3,3,13.0,11.0,10.0,10.0
2116,yellow_transition,yellow_transition,56,331.0,8.17441051369062,15,3,3,13.0,11.0,10.0,10.0
2117,side_green,main_green,56,186.0,8.198079988721824,10,0,2,13.0,11.0,10.0,10.0
2118,side_green,main_green,56,133.0,8.209271248260219,7,0,2,13.0,11.0,10.0,10.0
2119,side_green,main_green,57,141.0,8.102076768543007,9,0,2,13.0,11.0,10.0,10.0
2120,side_green,main_green,58,150.0,8.231122762183222,10,0,2,13.0,11.0,10.0,10.0
2121,side_green,main_green,58,160.0,8.665382157677106,10,0,2,13.0,11.0,10.0,10.0
2122,side_green,main_green,57,171.0,8.95288263802686,11,0,2,13.0,11.0,10.0,10.0
2123,side_green,main_green,55,183.0,9.1075922530286,12,0,2,13.0,11.0,10.0,10.0
2124,side_green,main_green,59,196.0,8.356848285509894,18,0,2,13.0,11.0,10.0,10.0
2125,side_green,main_green,60,209.0,8.32235863222864,14,0,2,13.0,11.0,10.0,10.0
2126,side_green,main_green,59,222.0,8.479887314777079,13,0,2,13.0,11.0,10.0,10.0
2127,yellow_transition,yellow_transition,59,236.0,8.495195067285108,14,1,3,-8.0,16.0,13.0,5.0
2128,yellow_transition,yellow_transition,60,251.0,8.152492784792313,16,1,3,-8.0,16.0,13.0,5.0
2129,yellow_transition,yellow_transition,60,266.0,8.14015696514282,15,1,3,-8.0,16.0,13.0,5.0
2130,main_green,side_green,61,80.0,8.129596591597448,8,2,0,-8.0,16.0,13.0,5.0
2131,main_green,side_green,60,1.0,8.322530897850834,1,2,0,-8.0,16.0,13.0,5.0
2132,main_green,side_green,61,4.0,8.577180219970503,4,2,0,-8.0,16.0,13.0,5.0
2133,main_green,side_green,60,7.0,8.887548721452085,3,2,0,-8.0,16.0,13.0,5.0
2134,main_green,side_green,58,11.0,9.472900374044782,4,2,0,-8.0,16.0,13.0,5.0
2135,main_green,side_green,56,16.0,9.749743791953938,6,2,0,-8.0,16.0,13.0,5.0
2136,main_green,side_green,59,22.0,9.340648941798062,11,2,0,-8.0,16.0,13.0,5.0
2137,main_green,side_green,58,28.0,9.875704971886357,6,2,0,-8.0,16.0,13.0,5.0
2138,main_green,side_green,55,34.0,10.240961671645938,6,2,0,-8.0,16.0,13.0,5.0
2139,main_green,side_green,54,40.0,10.199941226311331,6,2,0,-8.0,16.0,13.0,5.0
2140,yellow_transition,yellow_transition,55,46.0,9.66501718771513,8,3,1,-5.0,-1.0,-6.0,20.0
2141,yellow_transition,yellow_transition,54,52.0,9.499056980108158,6,3,1,-5.0,-1.0,-6.0,20.0
2142,yellow_transition,yellow_transition,53,59.0,9.270990733133143,7,3,1,-5.0,-1.0,-6.0,20.0
2143,main_green,main_green,52,33.0,9.251039990108355,6,2,2,-5.0,-1.0,-6.0,20.0
2144,main_green,main_green,53,29.0,9.251910369727016,6,2,2,-5.0,-1.0,-6.0,20.0
2145,main_green,main_green,54,34.0,9.47547934193924,6,2,2,-5.0,-1.0,-6.0,20.0
2146,main_green,main_green,54,40.0,9.927423389811743,6,2,2,-5.0,-1.0,-6.0,20.0
2147,main_green,main_green,54,46.0,10.288174095874929,6,2,2,-5.0,-1.0,-6.0,20.0
2148,main_green,main_green,58,52.0,9.595892237515562,11,2,2,-5.0,-1.0,-6.0,20.0
2149,main_green,main_green,56,58.0,10.006252698040711,6,2,2,-5.0,-1.0,-6.0,20.0
2150,main_green,main_green,56,64.0,10.04023563134143,7,2,2,-5.0,-1.0,-6.0,20.0
2151,main_green,main_green,53,70.0,10.133725421501586,6,2,2,-5.0,-1.0,-6.0,20.0
2152,main_green,main_green,54,76.0,10.084010685744133,7,2,2,-5.0,-1.0,-6.0,20.0
2153,main_green,main_green,53,82.0,10.106463720740752,6,2,2,1.0,9.0,1.0,17.0
2154,main_green,main_green,51,88.0,9.991286222087778,6,2,2,1.0,9.0,1.0,17.0
2155,main_green,main_green,52,95.0,9.801518727577998,8,2,2,1.0,9.0,1.0,17.0
2156,main_green,main_green,51,104.0,9.538853571936873,10,2,2,1.0,9.0,1.0,17.0
2157,main_green,main_green,51,113.0,9.44485540946994,9,2,2,1.0,9.0,1.0,17.0
2158,main_green,main_green,50,122.0,9.494762248358798,9,2,2,1.0,9.0,1.0,17.0
2159,main_green,main_green,49,132.0,9.56245146326156,10,2,2,1.0,9.0,1.0,17.0
2160,main_green,main_green,53,142.0,8.710576431819844,15,2,2,1.0,9.0,1.0,17.0
2161,main_green,main_green,54,152.0,8.725604939881153,11,2,2,1.0,9.0,1.0,17.0
2162,main_green,main_green,54,162.0,8.957230719162595,10,2,2,1.0,9.0,1.0,17.0
2163,main_green,main_green,54,172.0,9.242732373819223,10,2,2,11.0,17.0,2.0,10.0
2164,main_green,main_green,55,182.0,9.206809209330261,11,2,2,11.0,17.0,2.0,10.0
2165,main_green,main_green,55,192.0,9.120247104176714,10,2,2,11.0,17.0,2.0,10.0
2166,main_green,main_green,56,202.0,8.994148974114635,11,2,2,11.0,17.0,2.0,10.0
2167,main_green,main_green,55,214.0,8.97136649711348,12,2,2,11.0,17.0,2.0,10.0
2168,main_green,main_green,56,226.0,8.804912017456891,13,2,2,11.0,17.0,2.0,10.0
2169,main_green,main_green,55,240.0,8.764236757367904,14,2,2,11.0,17.0,2.0,10.0
2170,main_green,main_green,55,254.0,8.943605268294649,14,2,2,11.0,17.0,2.0,10.0
2171,main_green,main_green,55,268.0,8.758086183994031,15,2,2,11.0,17.0,2.0,10.0
2172,main_green,main_green,60,282.0,8.136784374093514,19,2,2,11.0,17.0,2.0,10.0
2173,main_green,main_green,59,296.0,8.335437962645218,14,2,2,17.0,19.0,4.0,6.0
2174,main_green,main_green,59,310.0,8.56697288386571,14,2,2,17.0,19.0,4.0,6.0
2175,main_green,main_green,59,324.0,8.715054776428953,14,2,2,17.0,19.0,4.0,6.0
2176,main_green,main_green,61,338.0,8.46059459163759,16,2,2,17.0,19.0,4.0,6.0
2177,main_green,main_green,61,352.0,8.499382306879804,14,2,2,17.0,19.0,4.0,6.0
2178,main_green,main_green,61,366.0,8.533073474747574,14,2,2,17.0,19.0,4.0,6.0
2179,main_green,main_green,59,381.0,8.374951462866822,15,2,2,17.0,19.0,4.0,6.0
2180,main_green,main_green,59,396.0,8.24696359458647,16,2,2,17.0,19.0,4.0,6.0
2181,main_green,main_green,60,412.0,8.167766000190364,17,2,2,17.0,19.0,4.0,6.0
2182,main_green,main_green,60,430.0,8.292664792412923,18,2,2,17.0,19.0,4.0,6.0
2183,yellow_transition,yellow_transition,60,448.0,8.32808252803295,18,3,3,12.0,6.0,8.0,12.0
2184,yellow_transition,yellow_transition,65,466.0,7.698302217356756,23,3,3,12.0,6.0,8.0,12.0
2185,yellow_transition,yellow_transition,64,485.0,7.584406502074729,19,3,3,12.0,6.0,8.0,12.0
2186,side_green,main_green,64,310.0,7.764109643023369,15,0,2,12.0,6.0,8.0,12.0
2187,side_green,main_green,64,219.0,8.035032962016398,10,0,2,12.0,6.0,8.0,12.0
2188,side_green,main_green,65,212.0,8.207974820867056,10,0,2,12.0,6.0,8.0,12.0
2189,side_green,main_green,63,221.0,8.321917486097632,9,0,2,12.0,6.0,8.0,12.0
2190,side_green,main_green,63,230.0,8.59330075980156,9,0,2,12.0,6.0,8.0,12.0
2191,side_green,main_green,62,240.0,8.761661765242234,11,0,2,12.0,6.0,8.0,12.0
2192,side_green,main_green,61,252.0,8.793832141091986,13,0,2,12.0,6.0,8.0,12.0
2193,side_green,main_green,61,265.0,9.164972568362154,13,0,2,12.0,6.0,8.0,12.0
2194,side_green,main_green,61,278.0,9.211880795117038,13,0,2,12.0,6.0,8.0,12.0
2195,side_green,main_green,61,292.0,9.351043053850358,14,0,2,12.0,6.0,8.0,12.0
2196,yellow_transition,yellow_transition,66,306.0,8.719771485069142,19,1,3,-18.0,8.0,13.0,7.0
2197,yellow_transition,yellow_transition,65,320.0,8.656575358392654,15,1,3,-18.0,8.0,13.0,7.0
2198,yellow_transition,yellow_transition,65,334.0,8.734047145065361,14,1,3,-18.0,8.0,13.0,7.0
2199,main_green,side_green,64,120.0,8.717770948030699,7,2,0,-18.0,8.0,13.0,7.0
2200,main_green,side_green,65,17.0,8.586675688006618,3,2,0,-18.0,8.0,13.0,7.0
2201,main_green,side_green,64,1.0,8.920688163903451,1,2,0,-18.0,8.0,13.0,7.0
2202,main_green,side_green,65,3.0,9.101589234669694,3,2,0,-18.0,8.0,13.0,7.0
2203,main_green,side_green,63,5.0,9.526948671189892,2,2,0,-18.0,8.0,13.0,7.0
2204,main_green,side_green,64,11.0,9.779448919721878,7,2,0,-18.0,8.0,13.0,7.0
2205,main_green,side_green,60,17.0,9.979894522863907,6,2,0,-18.0,8.0,13.0,7.0
2206,main_green,side_green,58,23.0,10.289715082606058,6,2,0,-18.0,8.0,13.0,7.0
2207,main_green,side_green,57,30.0,10.283896317277994,8,2,0,-18.0,8.0,13.0,7.0
2208,main_green,side_green,61,38.0,9.434113914497125,13,2,0,-18.0,8.0,13.0,7.0
2209,yellow_transition,yellow_transition,58,46.0,9.52654559391716,8,3,1,-7.0,3.0,-10.0,16.0
2210,yellow_transition,yellow_transition,56,54.0,9.558299680770888,8,3,1,-7.0,3.0,-10.0,16.0
2211,yellow_transition,yellow_transition,54,62.0,9.545897074160019,8,3,1,-7.0,3.0,-10.0,16.0
2212,main_green,main_green,55,35.0,9.388112616299594,6,2,2,-7.0,3.0,-10.0,16.0
2213,main_green,main_green,55,20.0,9.74488870044378,2,2,2,-7.0,3.0,-10.0,16.0
2214,main_green,main_green,55,22.0,10.01772982525479,2,2,2,-7.0,3.0,-10.0,16.0
2215,main_green,main_green,55,24.0,10.281544975517969,2,2,2,-7.0,3.0,-10.0,16.0
2216,main_green,main_green,56,27.0,10.271439439232077,4,2,2,-7.0,3.0,-10.0,16.0
2217,main_green,main_green,56,32.0,10.320625356382175,6,2,2,-7.0,3.0,-10.0,16.0
2218,main_green,main_green,54,37.0,10.568394133867404,5,2,2,-7.0,3.0,-10.0,16.0
2219,main_green,main_green,53,43.0,10.81721772353415,6,2,2,-7.0,3.0,-10.0,16.0
2220,main_green,main_green,58,49.0,9.960965680603287,11,2,2,-7.0,3.0,-10.0,16.0
2221,main_green,main_green,55,55.0,10.149561165093035,6,2,2,-7.0,3.0,-10.0,16.0
2222,main_green,main_green,54,61.0,10.10659888864974,7,2,2,0.0,4.0,-1.0,13.0
2223,main_green,main_green,52,67.0,10.172252795233096,6,2,2,0.0,4.0,-1.0,13.0
2224,main_green,main_green,52,73.0,10.131675397690085,7,2,2,0.0,4.0,-1.0,13.0
2225,main_green,main_green,51,79.0,10.03486247411701,6,2,2,0.0,4.0,-1.0,13.0
2226,main_green,main_green,50,85.0,10.038472313006515,6,2,2,0.0,4.0,-1.0,13.0
2227,main_green,main_green,51,92.0,9.71198728006622,8,2,2,0.0,4.0,-1.0,13.0
2228,main_green,main_green,52,100.0,9.640643622907854,9,2,2,0.0,4.0,-1.0,13.0
2229,main_green,main_green,52,109.0,9.837290525573806,9,2,2,0.0,4.0,-1.0,13.0
2230,main_green,main_green,52,119.0,9.925269555493541,10,2,2,0.0,4.0,-1.0,13.0
2231,main_green,main_green,52,129.0,10.00941997843667,10,2,2,0.0,4.0,-1.0,13.0
2232,main_green,main_green,57,139.0,9.246963814618146,15,2,2,5.0,13.0,-3.0,7.0
2233,main_green,main_green,58,149.0,9.322946520111964,11,2,2,5.0,13.0,-3.0,7.0
2234,main_green,main_green,58,159.0,9.518726044888263,10,2,2,5.0,13.0,-3.0,7.0
2235,main_green,main_green,57,169.0,9.680960463573356,10,2,2,5.0,13.0,-3.0,7.0
2236,main_green,main_green,58,179.0,9.468516654171049,11,2,2,5.0,13.0,-3.0,7.0
2237,main_green,main_green,57,189.0,9.442364978005259,10,2,2,5.0,13.0,-3.0,7.0
2238,main_green,main_green,57,199.0,9.181915604249381,11,2,2,5.0,13.0,-3.0,7.0
2239,main_green,main_green,56,210.0,9.173326941706254,11,2,2,5.0,13.0,-3.0,7.0
2240,main_green,main_green,57,223.0,8.996162667413811,14,2,2,5.0,13.0,-3.0,7.0
2241,main_green,main_green,56,236.0,9.05507654008407,13,2,2,5.0,13.0,-3.0,7.0
2242,main_green,main_green,54,250.0,9.044615715526655,14,2,2,8.0,8.0,2.0,6.0
2243,main_green,main_green,55,264.0,8.96839428294805,15,2,2,8.0,8.0,2.0,6.0
2244,main_green,main_green,60,278.0,8.35749494191561,19,2,2,8.0,8.0,2.0,6.0
2245,main_green,main_green,59,292.0,8.550465443461947,14,2,2,8.0,8.0,2.0,6.0
2246,main_green,main_green,58,306.0,8.730864169753994,14,2,2,8.0,8.0,2.0,6.0
2247,main_green,main_green,58,320.0,9.030309460389754,14,2,2,8.0,8.0,2.0,6.0
2248,main_green,main_green,58,334.0,8.613299044727288,16,2,2,8.0,8.0,2.0,6.0
2249,main_green,main_green,57,348.0,8.580019580824551,14,2,2,8.0,8.0,2.0,6.0
2250,main_green,main_green,56,363.0,8.566342733728778,15,2,2,8.0,8.0,2.0,6.0
2251,main_green,main_green,55,378.0,8.46230513671899,15,2,2,8.0,8.0,2.0,6.0
2252,yellow_transition,yellow_transition,56,394.0,8.265580570247389,17,3,3,14.0,10.0,11.0,11.0
2253,yellow_transition,yellow_transition,57,411.0,8.142814194387954,18,3,3,14.0,10.0,11.0,11.0
2254,yellow_transition,yellow_transition,57,429.0,8.100531456829387,18,3,3,14.0,10.0,11.0,11.0
2255,side_green,main_green,57,267.0,8.206701329039886,14,0,2,14.0,10.0,11.0,11.0
2256,side_green,main_green,62,190.0,7.706677543369261,15,0,2,14.0,10.0,11.0,11.0
2257,side_green,main_green,62,188.0,8.128935034518797,10,0,2,14.0,10.0,11.0,11.0
2258,side_green,main_green,63,198.0,8.317711215501296,11,0,2,14.0,10.0,11.0,11.0
2259,side_green,main_green,63,208.0,8.84931791034523,10,0,2,14.0,10.0,11.0,11.0
2260,side_green,main_green,63,218.0,8.87907256462373,11,0,2,14.0,10.0,11.0,11.0
2261,side_green,main_green,61,229.0,9.07498855956772,11,0,2,14.0,10.0,11.0,11.0
2262,side_green,main_green,60,240.0,9.082286860299243,11,0,2,14.0,10.0,11.0,11.0
2263,side_green,main_green,60,254.0,9.07268729090395,15,0,2,14.0,10.0,11.0,11.0
2264,side_green,main_green,59,268.0,8.835253035068998,15,0,2,14.0,10.0,11.0,11.0
2265,yellow_transition,yellow_transition,58,282.0,8.766201533755746,14,1,3,-11.0,17.0,12.0,2.0
2266,yellow_transition,yellow_transition,58,297.0,8.923267985517235,15,1,3,-11.0,17.0,12.0,2.0
2267,yellow_transition,yellow_transition,56,312.0,8.672888962022713,15,1,3,-11.0,17.0,12.0,2.0
2268,main_green,side_green,61,106.0,8.095543511562427,13,2,0,-11.0,17.0,12.0,2.0
2269,main_green,side_green,62,14.0,8.324882813216805,3,2,0,-11.0,17.0,12.0,2.0
2270,main_green,side_green,62,0.0,8.849630042179895,0,2,0,-11.0,17.0,12.0,2.0
2271,main_green,side_green,62,0.0,9.466670590397747,0,2,0,-11.0,17.0,12.0,2.0
2272,main_green,side_green,63,1.0,9.934316502579543,2,2,0,-11.0,17.0,12.0,2.0
2273,main_green,side_green,62,3.0,10.342639437608316,2,2,0,-11.0,17.0,12.0,2.0
2274,main_green,side_green,61,5.0,10.53729713564122,3,2,0,-11.0,17.0,12.0,2.0
2275,main_green,side_green,58,8.0,10.891443520834153,3,2,0,-11.0,17.0,12.0,2.0
2276,main_green,side_green,56,12.0,10.815347686369218,5,2,0,-11.0,17.0,12.0,2.0
2277,main_green,side_green,54,18.0,10.726359020162889,6,2,0,-11.0,17.0,12.0,2.0
2278,yellow_transition,yellow_transition,54,24.0,10.743760937574244,6,3,1,-7.0,5.0,-15.0,11.0
2279,yellow_transition,yellow_transition,52,30.0,10.4013562398554,7,3,1,-7.0,5.0,-15.0,11.0
2280,yellow_transition,yellow_transition,57,37.0,9.581320730745286,12,3,1,-7.0,5.0,-15.0,11.0
2281,main_green,main_green,56,14.0,9.865676526758852,3,2,2,-7.0,5.0,-15.0,11.0
2282,main_green,main_green,56,14.0,10.288316445379536,2,2,2,-7.0,5.0,-15.0,11.0
2283,main_green,main_green,55,16.0,10.746674536811808,2,2,2,-7.0,5.0,-15.0,11.0
2284,main_green,main_green,56,18.0,10.517823835549127,4,2,2,-7.0,5.0,-15.0,11.0
2285,main_green,main_green,56,20.0,10.646723930425066,2,2,2,-7.0,5.0,-15.0,11.0
2286,main_green,main_green,55,22.0,10.809147072835765,2,2,2,-7.0,5.0,-15.0,11.0
2287,main_green,main_green,52,24.0,10.853883096074822,2,2,2,-7.0,5.0,-15.0,11.0
2288,main_green,main_green,51,28.0,10.75780219799441,5,2,2,-7.0,5.0,-15.0,11.0
2289,main_green,main_green,51,34.0,10.60967556752245,7,2,2,-7.0,5.0,-15.0,11.0
2290,main_green,main_green,49,40.0,10.742360008355966,6,2,2,-7.0,5.0,-15.0,11.0
2291,main_green,main_green,46,46.0,10.771192640391542,6,2,2,-5.0,5.0,-3.0,19.0
2292,main_green,main_green,51,52.0,9.727077409332368,11,2,2,-5.0,5.0,-3.0,19.0
2293,main_green,main_green,50,58.0,9.902476888729025,6,2,2,-5.0,5.0,-3.0,19.0
2294,main_green,main_green,49,64.0,9.948324593506243,7,2,2,-5.0,5.0,-3.0,19.0
2295,main_green,main_green,49,70.0,10.25930182848591,6,2,2,-5.0,5.0,-3.0,19.0
2296,main_green,main_green,49,76.0,9.986474819347837,7,2,2,-5.0,5.0,-3.0,19.0
2297,main_green,main_green,49,82.0,9.924342323223625,6,2,2,-5.0,5.0,-3.0,19.0
2298,main_green,main_green,48,88.0,9.788600585651627,6,2,2,-5.0,5.0,-3.0,19.0
2299,main_green,main_green,49,96.0,9.69841540118979,9,2,2,-5.0,5.0,-3.0,19.0
2300,main_green,main_green,50,104.0,9.65656424498431,9,2,2,-5.0,5.0,-3.0,19.0
2301,main_green,main_green,50,114.0,9.660828251987326,10,2,2,7.0,19.0,-3.0,7.0
2302,main_green,main_green,50,124.0,9.810589955785886,10,2,2,7.0,19.0,-3.0,7.0
2303,main_green,main_green,50,134.0,9.8759657470222,10,2,2,7.0,19.0,-3.0,7.0
2304,main_green,main_green,55,144.0,9.125193393107883,15,2,2,7.0,19.0,-3.0,7.0
2305,main_green,main_green,56,154.0,9.124211280938416,11,2,2,7.0,19.0,-3.0,7.0
2306,main_green,main_green,55,164.0,9.35366104097038,10,2,2,7.0,19.0,-3.0,7.0
2307,main_green,main_green,55,174.0,9.589082132785308,10,2,2,7.0,19.0,-3.0,7.0
2308,main_green,main_green,56,184.0,9.447158973753336,11,2,2,7.0,19.0,-3.0,7.0
2309,main_green,main_green,54,194.0,9.386380520453892,10,2,2,7.0,19.0,-3.0,7.0
2310,main_green,main_green,54,204.0,9.031289450466735,11,2,2,7.0,19.0,-3.0,7.0
2311,main_green,main_green,54,214.0,9.134312869724118,10,2,2,10.0,12.0,3.0,7.0
2312,main_green,main_green,55,225.0,8.982526969793312,12,2,2,10.0,12.0,3.0,7.0
2313,main_green,main_green,54,238.0,9.071381348497882,13,2,2,10.0,12.0,3.0,7.0
2314,main_green,main_green,54,252.0,9.176974303299794,14,2,2,10.0,12.0,3.0,7.0
2315,main_green,main_green,55,266.0,9.121447179412376,15,2,2,10.0,12.0,3.0,7.0
2316,main_green,main_green,60,280.0,8.408437736751686,19,2,2,10.0,12.0,3.0,7.0
2317,main_green,main_green,59,294.0,8.474511468411325,14,2,2,10.0,12.0,3.0,7.0
2318,main_green,main_green,58,308.0,8.767314059916817,14,2,2,10.0,12.0,3.0,7.0
2319,main_green,main_green,57,322.0,8.771612913356059,14,2,2,10.0,12.0,3.0,7.0
2320,main_green,main_green,59,336.0,8.551999953488325,16,2,2,10.0,12.0,3.0,7.0
2321,yellow_transition,yellow_transition,58,350.0,8.431214014202752,14,3,3,13.0,11.0,8.0,8.0
2322,yellow_transition,yellow_transition,57,364.0,8.309005640233515,14,3,3,13.0,11.0,8.0,8.0
2323,yellow_transition,yellow_transition,56,378.0,8.186157908235915,14,3,3,13.0,11.0,8.0,8.0
2324,side_green,main_green,57,222.0,8.19548700726146,13,0,2,13.0,11.0,8.0,8.0
2325,side_green,main_green,58,159.0,8.214070120806397,11,0,2,13.0,11.0,8.0,8.0
2326,side_green,main_green,58,164.0,8.532157546923715,8,0,2,13.0,11.0,8.0,8.0
2327,side_green,main_green,58,173.0,8.781242500021484,9,0,2,13.0,11.0,8.0,8.0
2328,side_green,main_green,63,183.0,8.298285114880587,15,0,2,13.0,11.0,8.0,8.0
2329,side_green,main_green,63,193.0,8.62922684119047,10,0,2,13.0,11.0,8.0,8.0
2330,side_green,main_green,62,203.0,8.821403419641323,11,0,2,13.0,11.0,8.0,8.0
2331,side_green,main_green,61,214.0,9.037625315682039,11,0,2,13.0,11.0,8.0,8.0
2332,side_green,main_green,61,225.0,9.049390171950272,12,0,2,13.0,11.0,8.0,8.0
2333,side_green,main_green,60,237.0,8.988680226315031,12,0,2,13.0,11.0,8.0,8.0
2334,yellow_transition,yellow_transition,60,250.0,9.112535434263243,13,1,3,-10.0,14.0,12.0,4.0
2335,yellow_transition,yellow_transition,58,265.0,8.673531590788395,16,1,3,-10.0,14.0,12.0,4.0
2336,yellow_transition,yellow_transition,59,280.0,8.417597627434047,16,1,3,-10.0,14.0,12.0,4.0
2337,main_green,side_green,58,87.0,8.476277087228597,7,2,0,-10.0,14.0,12.0,4.0
2338,main_green,side_green,58,10.0,8.738472205342502,4,2,0,-10.0,14.0,12.0,4.0
2339,main_green,side_green,58,5.0,9.206481824466008,3,2,0,-10.0,14.0,12.0,4.0
2340,main_green,side_green,62,8.0,8.926935426785695,8,2,0,-10.0,14.0,12.0,4.0
2341,main_green,side_green,63,11.0,9.331862191813219,4,2,0,-10.0,14.0,12.0,4.0
2342,main_green,side_green,61,15.0,9.927136237850474,4,2,0,-10.0,14.0,12.0,4.0
2343,main_green,side_green,58,19.0,10.319247879883791,4,2,0,-10.0,14.0,12.0,4.0
2344,main_green,side_green,55,23.0,10.350001538810016,5,2,0,-10.0,14.0,12.0,4.0
2345,main_green,side_green,54,28.0,10.568269450388458,5,2,0,-10.0,14.0,12.0,4.0
2346,main_green,side_green,53,33.0,10.562335309203933,6,2,0,-10.0,14.0,12.0,4.0
2347,yellow_transition,yellow_transition,52,38.0,10.60327378379774,5,3,1,-8.0,0.0,-8.0,20.0
2348,yellow_transition,yellow_transition,52,44.0,10.257001220924444,7,3,1,-8.0,0.0,-8.0,20.0
2349,yellow_transition,yellow_transition,52,50.0,10.09130780416895,6,3,1,-8.0,0.0,-8.0,20.0
2350,main_green,main_green,50,12.0,10.152047893274663,2,2,2,-8.0,0.0,-8.0,20.0
2351,main_green,main_green,51,6.0,10.214272786449502,4,2,2,-8.0,0.0,-8.0,20.0
2352,main_green,main_green,56,9.0,9.579799979010463,8,2,2,-8.0,0.0,-8.0,20.0
2353,main_green,main_green,56,12.0,10.017910710994977,3,2,2,-8.0,0.0,-8.0,20.0
2354,main_green,main_green,56,15.0,10.434445666665995,3,2,2,-8.0,0.0,-8.0,20.0
2355,main_green,main_green,54,18.0,10.792301034782442,3,2,2,-8.0,0.0,-8.0,20.0
2356,main_green,main_green,53,21.0,10.488827819468215,5,2,2,-8.0,0.0,-8.0,20.0
2357,main_green,main_green,53,24.0,10.75332233753041,3,2,2,-8.0,0.0,-8.0,20.0
2358,main_green,main_green,51,27.0,10.667317157809878,3,2,2,-8.0,0.0,-8.0,20.0
2359,main_green,main_green,50,30.0,10.541901740945006,3,2,2,-8.0,0.0,-8.0,20.0
2360,main_green,main_green,49,34.0,10.263531040426344,5,2,2,-4.0,6.0,-2.0,18.0
2361,main_green,main_green,49,41.0,10.128536413934146,8,2,2,-4.0,6.0,-2.0,18.0
2362,main_green,main_green,48,48.0,10.353932461912185,7,2,2,-4.0,6.0,-2.0,18.0
2363,main_green,main_green,46,55.0,10.22354273763378,7,2,2,-4.0,6.0,-2.0,18.0
2364,main_green,main_green,51,62.0,9.234542373809882,12,2,2,-4.0,6.0,-2.0,18.0
2365,main_green,main_green,50,69.0,9.539979558130382,7,2,2,-4.0,6.0,-2.0,18.0
2366,main_green,main_green,51,76.0,9.47799000671532,8,2,2,-4.0,6.0,-2.0,18.0
2367,main_green,main_green,51,83.0,9.846805450471338,7,2,2,-4.0,6.0,-2.0,18.0
2368,main_green,main_green,52,90.0,9.863968432173966,8,2,2,-4.0,6.0,-2.0,18.0
2369,main_green,main_green,52,97.0,9.978240012076888,7,2,2,-4.0,6.0,-2.0,18.0
2370,main_green,main_green,52,104.0,9.874454060837621,7,2,2,8.0,16.0,0.0,6.0
2371,main_green,main_green,52,111.0,9.57715917076225,8,2,2,8.0,16.0,0.0,6.0
2372,main_green,main_green,53,118.0,9.467626172883488,8,2,2,8.0,16.0,0.0,6.0
2373,main_green,main_green,53,128.0,9.553875351199366,10,2,2,8.0,16.0,0.0,6.0
2374,main_green,main_green,53,139.0,9.64475041009791,11,2,2,8.0,16.0,0.0,6.0
2375,main_green,main_green,53,150.0,9.695767594849835,11,2,2,8.0,16.0,0.0,6.0
2376,main_green,main_green,57,161.0,8.770752657789668,16,2,2,8.0,16.0,0.0,6.0
2377,main_green,main_green,58,172.0,8.857369820113728,12,2,2,8.0,16.0,0.0,6.0
2378,main_green,main_green,57,183.0,9.068170073080058,11,2,2,8.0,16.0,0.0,6.0
2379,main_green,main_green,57,194.0,9.307695328650764,11,2,2,8.0,16.0,0.0,6.0
2380,main_green,main_green,56,205.0,9.07709553016457,12,2,2,12.0,18.0,1.0,3.0
2381,main_green,main_green,56,216.0,9.198437091317006,11,2,2,12.0,18.0,1.0,3.0
2382,main_green,main_green,56,228.0,9.004078182380573,13,2,2,12.0,18.0,1.0,3.0
2383,main_green,main_green,56,240.0,9.214810545729707,12,2,2,12.0,18.0,1.0,3.0
2384,main_green,main_green,57,252.0,8.946053681647031,13,2,2,12.0,18.0,1.0,3.0
2385,main_green,main_green,56,265.0,8.932676598624587,13,2,2,12.0,18.0,1.0,3.0
2386,main_green,main_green,56,279.0,9.02160214832646,14,2,2,12.0,18.0,1.0,3.0
2387,main_green,main_green,57,294.0,8.973077660304881,16,2,2,12.0,18.0,1.0,3.0
2388,main_green,main_green,60,309.0,8.036357179451837,20,2,2,12.0,18.0,1.0,3.0
2389,main_green,main_green,60,324.0,8.37907784548258,15,2,2,12.0,18.0,1.0,3.0
2390,yellow_transition,yellow_transition,60,339.0,8.607842144193146,15,3,3,12.0,8.0,11.0,11.0
2391,yellow_transition,yellow_transition,59,354.0,8.35899859098557,15,3,3,12.0,8.0,11.0,11.0
2392,yellow_transition,yellow_transition,60,369.0,7.8491387459174256,17,3,3,12.0,8.0,11.0,11.0
2393,side_green,main_green,60,228.0,7.832648255104871,11,0,2,12.0,8.0,11.0,11.0
2394,side_green,main_green,60,177.0,7.886243430770131,7,0,2,12.0,8.0,11.0,11.0
2395,side_green,main_green,58,184.0,8.121750639702729,7,0,2,12.0,8.0,11.0,11.0
2396,side_green,main_green,59,194.0,8.361590709661648,11,0,2,12.0,8.0,11.0,11.0
2397,side_green,main_green,59,205.0,8.545979048021865,12,0,2,12.0,8.0,11.0,11.0
2398,side_green,main_green,59,217.0,8.961736516709832,12,0,2,12.0,8.0,11.0,11.0
2399,side_green,main_green,59,230.0,9.254614462534896,13,0,2,12.0,8.0,11.0,11.0
2400,side_green,main_green,64,243.0,8.657564525235152,18,0,2,12.0,8.0,11.0,11.0
2401,side_green,main_green,63,256.0,8.678156443159681,13,0,2,12.0,8.0,11.0,11.0
2402,side_green,main_green,63,270.0,8.511142895246357,15,0,2,12.0,8.0,11.0,11.0
2403,yellow_transition,yellow_transition,62,284.0,8.495173440593984,14,1,3,-10.0,14.0,13.0,5.0
2404,yellow_transition,yellow_transition,61,298.0,8.362748365508951,15,1,3,-10.0,14.0,13.0,5.0
2405,yellow_transition,yellow_transition,61,313.0,8.257114173403679,15,1,3,-10.0,14.0,13.0,5.0
2406,main_green,side_green,60,108.0,8.391673378012984,8,2,0,-10.0,14.0,13.0,5.0
2407,main_green,side_green,61,13.0,8.565964270475094,3,2,0,-10.0,14.0,13.0,5.0
2408,main_green,side_green,61,2.0,8.81690060339474,2,2,0,-10.0,14.0,13.0,5.0
2409,main_green,side_green,61,4.0,9.383126420066183,2,2,0,-10.0,14.0,13.0,5.0
2410,main_green,side_green,60,6.0,9.907458969370337,2,2,0,-10.0,14.0,13.0,5.0
2411,main_green,side_green,57,8.0,10.321030782346973,2,2,0,-10.0,14.0,13.0,5.0
2412,main_green,side_green,61,12.0,9.86364591495212,9,2,0,-10.0,14.0,13.0,5.0
2413,main_green,side_green,60,16.0,9.947440112499812,5,2,0,-10.0,14.0,13.0,5.0
2414,main_green,side_green,60,20.0,10.28051247145796,4,2,0,-10.0,14.0,13.0,5.0
2415,main_green,side_green,59,25.0,10.39872444946965,5,2,0,-10.0,14.0,13.0,5.0
2416,yellow_transition,yellow_transition,59,31.0,10.149650988852702,7,3,1,-5.0,1.0,-11.0,11.0
2417,yellow_transition,yellow_transition,57,37.0,9.945352280215225,6,3,1,-5.0,1.0,-11.0,11.0
2418,yellow_transition,yellow_transition,56,44.0,9.646258960070432,8,3,1,-5.0,1.0,-11.0,11.0
2419,main_green,main_green,55,27.0,9.753215944652007,4,2,2,-5.0,1.0,-11.0,11.0
2420,main_green,main_green,56,29.0,9.67840962342592,5,2,2,-5.0,1.0,-11.0,11.0
2421,main_green,main_green,56,34.0,9.966984892619793,5,2,2,-5.0,1.0,-11.0,11.0
2422,main_green,main_green,56,39.0,10.250206422026766,5,2,2,-5.0,1.0,-11.0,11.0
2423,main_green,main_green,55,45.0,10.236847755984606,7,2,2,-5.0,1.0,-11.0,11.0
2424,main_green,main_green,58,51.0,9.590181195385508,11,2,2,-5.0,1.0,-11.0,11.0
2425,main_green,main_green,57,57.0,9.916012020820064,6,2,2,-5.0,1.0,-11.0,11.0
2426,main_green,main_green,56,63.0,10.198120414064357,6,2,2,-5.0,1.0,-11.0,11.0
2427,main_green,main_green,52,69.0,10.263944665444154,6,2,2,-5.0,1.0,-11.0,11.0
2428,main_green,main_green,54,75.0,10.022187553527205,8,2,2,-5.0,1.0,-11.0,11.0
2429,main_green,main_green,52,81.0,10.044360958302052,6,2,2,-1.0,5.0,2.0,20.0
2430,main_green,main_green,51,87.0,10.068564606821443,6,2,2,-1.0,5.0,2.0,20.0
2431,main_green,main_green,51,95.0,10.00362002978138,8,2,2,-1.0,5.0,2.0,20.0
2432,main_green,main_green,50,104.0,9.72978065754831,10,2,2,-1.0,5.0,2.0,20.0
2433,main_green,main_green,51,113.0,9.597977946640754,10,2,2,-1.0,5.0,2.0,20.0
2434,main_green,main_green,49,123.0,9.684591846808722,10,2,2,-1.0,5.0,2.0,20.0
2435,main_green,main_green,49,133.0,9.808859226618289,10,2,2,-1.0,5.0,2.0,20.0
2436,main_green,main_green,53,143.0,8.894597367893116,15,2,2,-1.0,5.0,2.0,20.0
2437,main_green,main_green,53,153.0,9.147783446959536,10,2,2,-1.0,5.0,2.0,20.0
2438,main_green,main_green,54,163.0,9.29199825946232,11,2,2,-1.0,5.0,2.0,20.0
2439,main_green,main_green,53,173.0,9.44116151620943,10,2,2,10.0,14.0,3.0,9.0
2440,main_green,main_green,54,183.0,9.306695994019403,11,2,2,10.0,14.0,3.0,9.0
2441,main_green,main_green,54,193.0,9.38007973668951,10,2,2,10.0,14.0,3.0,9.0
2442,main_green,main_green,54,204.0,9.157690467780618,11,2,2,10.0,14.0,3.0,9.0
2443,main_green,main_green,54,216.0,9.015338284669866,13,2,2,10.0,14.0,3.0,9.0
2444,main_green,main_green,55,230.0,9.016078515274254,15,2,2,10.0,14.0,3.0,9.0
2445,main_green,main_green,53,244.0,8.96367214387976,14,2,2,10.0,14.0,3.0,9.0
2446,main_green,main_green,53,258.0,9.012431961686088,14,2,2,10.0,14.0,3.0,9.0
2447,main_green,main_green,53,272.0,9.089031210437742,14,2,2,10.0,14.0,3.0,9.0
2448,main_green,main_green,57,286.0,8.281059929240877,19,2,2,10.0,14.0,3.0,9.0
2449,yellow_transition,yellow_transition,58,300.0,8.44326314056286,15,3,3,16.0,14.0,8.0,6.0
2450,yellow_transition,yellow_transition,58,314.0,8.6283960114004,14,3,3,16.0,14.0,8.0,6.0
2451,yellow_transition,yellow_transition,57,328.0,8.491838309947587,14,3,3,16.0,14.0,8.0,6.0
2452,side_green,side_green,58,82.0,8.478844012876042,7,0,0,16.0,14.0,8.0,6.0
2453,side_green,side_green,58,0.0,8.661285504963084,0,0,0,16.0,14.0,8.0,6.0
2454,side_green,side_green,59,0.0,8.832383193846214,1,0,0,16.0,14.0,8.0,6.0
2455,side_green,side_green,58,3.0,9.304828344173185,3,0,0,16.0,14.0,8.0,6.0
2456,side_green,side_green,59,6.0,9.536903641385983,4,0,0,16.0,14.0,8.0,6.0
2457,side_green,side_green,58,10.0,10.059603309662783,4,0,0,16.0,14.0,8.0,6.0
2458,side_green,side_green,57,15.0,10.479677908195292,5,0,0,16.0,14.0,8.0,6.0
2459,side_green,side_green,57,21.0,10.377521109737291,7,0,0,16.0,14.0,8.0,6.0
2460,side_green,side_green,62,27.0,9.43266056082305,11,0,0,16.0,14.0,8.0,6.0
2461,side_green,side_green,61,33.0,9.40039613164471,6,0,0,16.0,14.0,8.0,6.0
2462,yellow_transition,yellow_transition,61,42.0,9.259375191280311,9,1,1,-11.0,11.0,-9.0,7.0
2463,yellow_transition,yellow_transition,61,52.0,9.09228978893841,10,1,1,-11.0,11.0,-9.0,7.0
2464,yellow_transition,yellow_transition,63,62.0,8.726705596831728,12,1,1,-11.0,11.0,-9.0,7.0
2465,main_green,main_green,63,16.0,8.988771731408987,5,2,2,-11.0,11.0,-9.0,7.0
2466,main_green,main_green,62,0.0,9.314227210631143,0,2,2,-11.0,11.0,-9.0,7.0
2467,main_green,main_green,61,0.0,9.495832615097228,0,2,2,-11.0,11.0,-9.0,7.0
2468,main_green,main_green,61,2.0,9.627773025090093,3,2,2,-11.0,11.0,-9.0,7.0
2469,main_green,main_green,62,4.0,9.984624095120145,3,2,2,-11.0,11.0,-9.0,7.0
2470,main_green,main_green,59,7.0,10.452742384472886,3,2,2,-11.0,11.0,-9.0,7.0
2471,main_green,main_green,55,11.0,10.645897692616575,4,2,2,-11.0,11.0,-9.0,7.0
2472,main_green,main_green,56,15.0,9.953491984581788,9,2,2,-11.0,11.0,-9.0,7.0
2473,main_green,main_green,51,19.0,10.248605684256754,4,2,2,-11.0,11.0,-9.0,7.0
2474,main_green,main_green,47,23.0,10.107634563382588,5,2,2,-11.0,11.0,-9.0,7.0
2475,main_green,main_green,47,27.0,10.512846493621325,4,2,2,-1.0,7.0,3.0,13.0
2476,main_green,main_green,46,31.0,10.399560586329999,5,2,2,-1.0,7.0,3.0,13.0
2477,main_green,main_green,46,35.0,10.481299983114438,4,2,2,-1.0,7.0,3.0,13.0
2478,main_green,main_green,46,39.0,10.538891365839646,4,2,2,-1.0,7.0,3.0,13.0
2479,main_green,main_green,47,43.0,10.382766873583714,5,2,2,-1.0,7.0,3.0,13.0
2480,main_green,main_green,48,48.0,10.182518735275176,6,2,2,-1.0,7.0,3.0,13.0
2481,main_green,main_green,48,55.0,10.216618038995327,7,2,2,-1.0,7.0,3.0,13.0
2482,main_green,main_green,48,62.0,10.314718784062018,7,2,2,-1.0,7.0,3.0,13.0
2483,main_green,main_green,48,69.0,10.327726097739466,7,2,2,-1.0,7.0,3.0,13.0
2484,main_green,main_green,53,76.0,9.501381543651435,12,2,2,-1.0,7.0,3.0,13.0
2485,main_green,main_green,54,84.0,9.462123843160008,9,2,2,2.0,12.0,5.0,17.0
2486,main_green,main_green,54,92.0,9.715635757566522,8,2,2,2.0,12.0,5.0,17.0
2487,main_green,main_green,54,100.0,9.974341485596245,8,2,2,2.0,12.0,5.0,17.0
2488,main_green,main_green,55,108.0,9.804104167713298,9,2,2,2.0,12.0,5.0,17.0
2489,main_green,main_green,55,116.0,9.804013524729369,8,2,2,2.0,12.0,5.0,17.0
2490,main_green,main_green,55,124.0,9.547000068770107,9,2,2,2.0,12.0,5.0,17.0
2491,main_green,main_green,52,134.0,9.321553573724156,10,2,2,2.0,12.0,5.0,17.0
2492,main_green,main_green,53,144.0,9.263868835534556,11,2,2,2.0,12.0,5.0,17.0
2493,main_green,main_green,51,156.0,9.17744071691926,12,2,2,2.0,12.0,5.0,17.0
2494,main_green,main_green,51,168.0,9.237740475533155,12,2,2,2.0,12.0,5.0,17.0
2495,main_green,main_green,50,180.0,9.007612433406678,13,2,2,3.0,7.0,7.0,13.0
2496,main_green,main_green,54,192.0,8.245320067991365,17,2,2,3.0,7.0,7.0,13.0
2497,main_green,main_green,54,204.0,8.536302997729049,12,2,2,3.0,7.0,7.0,13.0
2498,main_green,main_green,53,216.0,8.810649815442092,12,2,2,3.0,7.0,7.0,13.0
2499,main_green,main_green,53,228.0,8.944157590286842,12,2,2,3.0,7.0,7.0,13.0
2500,main_green,main_green,55,240.0,8.60145955373381,14,2,2,3.0,7.0,7.0,13.0
2501,main_green,main_green,55,252.0,8.704985627836928,12,2,2,3.0,7.0,7.0,13.0
2502,main_green,main_green,55,264.0,8.862582793624702,12,2,2,3.0,7.0,7.0,13.0
2503,main_green,main_green,55,276.0,8.87463368752052,12,2,2,3.0,7.0,7.0,13.0
2504,main_green,main_green,56,289.0,8.669862548645652,14,2,2,3.0,7.0,7.0,13.0
2505,main_green,main_green,57,302.0,8.589842099296092,14,2,2,8.0,10.0,8.0,8.0
2506,main_green,main_green,57,317.0,8.774676049089171,15,2,2,8.0,10.0,8.0,8.0
2507,main_green,main_green,57,333.0,8.846146728616256,16,2,2,8.0,10.0,8.0,8.0
2508,main_green,main_green,62,349.0,8.198877625378561,21,2,2,8.0,10.0,8.0,8.0
2509,main_green,main_green,62,365.0,8.393972787006897,16,2,2,8.0,10.0,8.0,8.0
2510,main_green,main_green,63,381.0,8.533424922395668,17,2,2,8.0,10.0,8.0,8.0
2511,main_green,main_green,63,397.0,8.386236320611461,16,2,2,8.0,10.0,8.0,8.0
2512,main_green,main_green,64,413.0,8.245410993082436,17,2,2,8.0,10.0,8.0,8.0
2513,main_green,main_green,63,429.0,8.039293480411379,16,2,2,8.0,10.0,8.0,8.0
2514,main_green,main_green,62,447.0,8.174842365447178,18,2,2,8.0,10.0,8.0,8.0
2515,yellow_transition,yellow_transition,62,467.0,8.067812315368746,21,3,3,13.0,13.0,9.0,5.0
2516,yellow_transition,yellow_transition,61,487.0,7.780750180547218,21,3,3,13.0,13.0,9.0,5.0
2517,yellow_transition,yellow_transition,60,507.0,7.650486569267839,20,3,3,13.0,13.0,9.0,5.0
2518,main_green,side_green,58,348.0,7.607613301733997,16,2,0,13.0,13.0,9.0,5.0
2519,main_green,side_green,57,281.0,7.768407070231971,12,2,0,13.0,13.0,9.0,5.0
2520,main_green,side_green,60,280.0,7.343536091071099,15,2,0,13.0,13.0,9.0,5.0
2521,main_green,side_green,61,291.0,7.747118989373302,12,2,0,13.0,13.0,9.0,5.0
2522,main_green,side_green,61,302.0,8.347256098106262,11,2,0,13.0,13.0,9.0,5.0
2523,main_green,side_green,61,314.0,8.624729551844428,12,2,0,13.0,13.0,9.0,5.0
2524,main_green,side_green,61,326.0,8.681075400450384,13,2,0,13.0,13.0,9.0,5.0
2525,main_green,side_green,61,338.0,8.764135448801941,12,2,0,13.0,13.0,9.0,5.0
2526,main_green,side_green,61,350.0,8.649131337351196,13,2,0,13.0,13.0,9.0,5.0
2527,main_green,side_green,61,363.0,8.864999197703709,13,2,0,13.0,13.0,9.0,5.0
2528,yellow_transition,yellow_transition,62,379.0,8.717576598316978,17,3,1,16.0,2.0,-10.0,16.0
2529,yellow_transition,yellow_transition,62,396.0,8.610864073578135,17,3,1,16.0,2.0,-10.0,16.0
2530,yellow_transition,yellow_transition,62,413.0,8.619170391299019,17,3,1,16.0,2.0,-10.0,16.0
2531,side_green,main_green,63,182.0,8.547992058712751,10,0,2,16.0,2.0,-10.0,16.0
2532,side_green,main_green,66,47.0,8.105631399755655,9,0,2,16.0,2.0,-10.0,16.0
2533,side_green,main_green,66,1.0,8.866458492088384,1,0,2,16.0,2.0,-10.0,16.0
2534,side_green,main_green,66,2.0,9.486506712838883,1,0,2,16.0,2.0,-10.0,16.0
2535,side_green,main_green,65,3.0,10.112896377837473,1,0,2,16.0,2.0,-10.0,16.0
2536,side_green,main_green,63,4.0,10.127572510550285,3,0,2,16.0,2.0,-10.0,16.0
2537,side_green,main_green,61,5.0,10.398357555804232,1,0,2,16.0,2.0,-10.0,16.0
2538,side_green,main_green,60,7.0,10.578902927413969,2,0,2,16.0,2.0,-10.0,16.0
2539,side_green,main_green,57,10.0,10.658016200398043,3,0,2,16.0,2.0,-10.0,16.0
2540,side_green,main_green,55,15.0,10.482072833809497,6,0,2,16.0,2.0,-10.0,16.0
2541,yellow_transition,yellow_transition,56,21.0,10.265231387951962,7,1,3,-17.0,11.0,-4.0,4.0
2542,yellow_transition,yellow_transition,55,27.0,10.203745014756997,6,1,3,-17.0,11.0,-4.0,4.0
2543,yellow_transition,yellow_transition,55,34.0,10.117944184174236,7,1,3,-17.0,11.0,-4.0,4.0
2544,main_green,main_green,59,19.0,9.391519200214594,9,2,2,-17.0,11.0,-4.0,4.0
2545,main_green,main_green,59,12.0,9.714178467863688,2,2,2,-17.0,11.0,-4.0,4.0
2546,main_green,main_green,59,14.0,9.890492701061753,3,2,2,-17.0,11.0,-4.0,4.0
2547,main_green,main_green,59,16.0,10.276898182087356,2,2,2,-17.0,11.0,-4.0,4.0
2548,main_green,main_green,59,18.0,10.38807026753341,3,2,2,-17.0,11.0,-4.0,4.0
2549,main_green,main_green,58,20.0,10.4509503307161,2,2,2,-17.0,11.0,-4.0,4.0
2550,main_green,main_green,56,22.0,10.527648138529441,2,2,2,-17.0,11.0,-4.0,4.0
2551,main_green,main_green,56,26.0,10.52661108829395,5,2,2,-17.0,11.0,-4.0,4.0
2552,main_green,main_green,55,32.0,10.24310796918097,7,2,2,-17.0,11.0,-4.0,4.0
2553,main_green,main_green,53,38.0,10.31249974640347,6,2,2,-17.0,11.0,-4.0,4.0
2554,main_green,main_green,51,44.0,10.49778878318779,6,2,2,-6.0,16.0,-4.0,4.0
2555,main_green,main_green,49,50.0,10.484119520889182,6,2,2,-6.0,16.0,-4.0,4.0
2556,main_green,main_green,52,56.0,9.552720897232838,11,2,2,-6.0,16.0,-4.0,4.0
2557,main_green,main_green,51,62.0,9.57934094993565,7,2,2,-6.0,16.0,-4.0,4.0
2558,main_green,main_green,50,68.0,9.798625838053841,6,2,2,-6.0,16.0,-4.0,4.0
2559,main_green,main_green,50,74.0,10.181821877193693,6,2,2,-6.0,16.0,-4.0,4.0
2560,main_green,main_green,49,80.0,9.895004032843856,7,2,2,-6.0,16.0,-4.0,4.0
2561,main_green,main_green,49,86.0,10.037348936174121,6,2,2,-6.0,16.0,-4.0,4.0
2562,main_green,main_green,49,92.0,9.73290506034758,7,2,2,-6.0,16.0,-4.0,4.0
2563,main_green,main_green,49,98.0,9.583676205199392,6,2,2,-6.0,16.0,-4.0,4.0
2564,main_green,main_green,50,105.0,9.400138406711127,8,2,2,-2.0,4.0,9.0,19.0
2565,main_green,main_green,49,113.0,9.326528321719012,8,2,2,-2.0,4.0,9.0,19.0
2566,main_green,main_green,49,123.0,9.425420138584162,10,2,2,-2.0,4.0,9.0,19.0
2567,main_green,main_green,50,133.0,9.346857487028325,11,2,2,-2.0,4.0,9.0,19.0
2568,main_green,main_green,54,143.0,8.486377685082202,15,2,2,-2.0,4.0,9.0,19.0
2569,main_green,main_green,54,153.0,8.796377711921323,10,2,2,-2.0,4.0,9.0,19.0
2570,main_green,main_green,54,163.0,9.081428037693914,10,2,2,-2.0,4.0,9.0,19.0
2571,main_green,main_green,53,173.0,9.09499462362628,10,2,2,-2.0,4.0,9.0,19.0
2572,main_green,main_green,54,183.0,8.749798225293382,12,2,2,-2.0,4.0,9.0,19.0
2573,main_green,main_green,54,193.0,8.8349133680692,10,2,2,-2.0,4.0,9.0,19.0
2574,main_green,main_green,54,203.0,8.784920606920771,10,2,2,2.0,10.0,10.0,16.0
2575,main_green,main_green,54,213.0,8.885594103519438,10,2,2,2.0,10.0,10.0,16.0
2576,main_green,main_green,55,225.0,8.61760631220497,13,2,2,2.0,10.0,10.0,16.0
2577,main_green,main_green,56,238.0,8.686157608472474,14,2,2,2.0,10.0,10.0,16.0
2578,main_green,main_green,56,252.0,8.77371289378186,14,2,2,2.0,10.0,10.0,16.0
2579,main_green,main_green,56,266.0,8.811909162135406,14,2,2,2.0,10.0,10.0,16.0
2580,main_green,main_green,60,280.0,8.123944718691307,19,2,2,2.0,10.0,10.0,16.0
2581,main_green,main_green,60,294.0,8.329099157439837,14,2,2,2.0,10.0,10.0,16.0
2582,main_green,main_green,60,308.0,8.413569661586601,15,2,2,2.0,10.0,10.0,16.0
2583,main_green,main_green,60,322.0,8.671743431245545,14,2,2,2.0,10.0,10.0,16.0
2584,yellow_transition,yellow_transition,61,336.0,8.517143179222082,15,3,3,8.0,10.0,11.0,9.0
2585,yellow_transition,yellow_transition,59,350.0,8.29704378904711,14,3,3,8.0,10.0,11.0,9.0
2586,yellow_transition,yellow_transition,58,364.0,8.19591805593848,14,3,3,8.0,10.0,11.0,9.0
2587,main_green,side_green,58,210.0,8.130920325443999,12,2,0,8.0,10.0,11.0,9.0
2588,main_green,side_green,58,148.0,8.05942918412035,8,2,0,8.0,10.0,11.0,9.0
2589,main_green,side_green,58,153.0,8.236745188723704,7,2,0,8.0,10.0,11.0,9.0
2590,main_green,side_green,58,160.0,8.529704184769711,7,2,0,8.0,10.0,11.0,9.0
2591,main_green,side_green,58,170.0,8.746362993594145,10,2,0,8.0,10.0,11.0,9.0
2592,main_green,side_green,62,181.0,8.131476126070913,16,2,0,8.0,10.0,11.0,9.0
2593,main_green,side_green,63,192.0,8.358766280192146,12,2,0,8.0,10.0,11.0,9.0
2594,main_green,side_green,62,205.0,8.47457840201167,13,2,0,8.0,10.0,11.0,9.0
2595,main_green,side_green,61,218.0,8.685985675645847,13,2,0,8.0,10.0,11.0,9.0
2596,main_green,side_green,62,232.0,8.596474166034803,15,2,0,8.0,10.0,11.0,9.0
2597,yellow_transition,yellow_transition,61,246.0,8.44012410676436,14,3,1,12.0,4.0,-8.0,16.0
2598,yellow_transition,yellow_transition,61,261.0,8.069443561347168,16,3,1,12.0,4.0,-8.0,16.0
2599,yellow_transition,yellow_transition,61,279.0,8.20226668417337,18,3,1,12.0,4.0,-8.0,16.0
2600,side_green,main_green,62,94.0,8.16839171953195,11,0,2,12.0,4.0,-8.0,16.0
2601,side_green,main_green,61,11.0,8.454181093923733,4,0,2,12.0,4.0,-8.0,16.0
2602,side_green,main_green,60,6.0,8.794086349668314,2,0,2,12.0,4.0,-8.0,16.0
2603,side_green,main_green,61,9.0,9.155914015585546,4,0,2,12.0,4.0,-8.0,16.0
2604,side_green,main_green,66,12.0,9.186610922822268,8,0,2,12.0,4.0,-8.0,16.0
2605,side_green,main_green,62,15.0,9.614682401650212,3,0,2,12.0,4.0,-8.0,16.0
2606,side_green,main_green,61,18.0,10.260516992700744,3,0,2,12.0,4.0,-8.0,16.0
2607,side_green,main_green,60,21.0,10.543910300779078,3,0,2,12.0,4.0,-8.0,16.0
2608,side_green,main_green,59,25.0,10.41116095601884,6,0,2,12.0,4.0,-8.0,16.0
2609,side_green,main_green,57,29.0,10.534447428347283,4,0,2,12.0,4.0,-8.0,16.0
2610,yellow_transition,yellow_transition,56,34.0,10.37306011183443,5,1,3,-10.0,12.0,-5.0,3.0
2611,yellow_transition,yellow_transition,56,40.0,10.354315725777358,6,1,3,-10.0,12.0,-5.0,3.0
2612,yellow_transition,yellow_transition,56,47.0,10.051859424903187,8,1,3,-10.0,12.0,-5.0,3.0
2613,main_green,main_green,56,25.0,9.97687115056762,6,2,2,-10.0,12.0,-5.0,3.0
2614,main_green,main_green,55,25.0,10.148227972497404,4,2,2,-10.0,12.0,-5.0,3.0
2615,main_green,main_green,54,29.0,10.406072920164645,4,2,2,-10.0,12.0,-5.0,3.0
2616,main_green,main_green,59,33.0,9.790767226974607,9,2,2,-10.0,12.0,-5.0,3.0
2617,main_green,main_green,59,37.0,10.123465073670625,4,2,2,-10.0,12.0,-5.0,3.0
2618,main_green,main_green,57,41.0,10.194993455260445,5,2,2,-10.0,12.0,-5.0,3.0
2619,main_green,main_green,56,45.0,10.52845633227937,4,2,2,-10.0,12.0,-5.0,3.0
2620,main_green,main_green,56,49.0,10.504407731735242,5,2,2,-10.0,12.0,-5.0,3.0
2621,main_green,main_green,53,53.0,10.450101464078182,4,2,2,-10.0,12.0,-5.0,3.0
2622,main_green,main_green,50,57.0,10.321695738761246,4,2,2,-10.0,12.0,-5.0,3.0
2623,main_green,main_green,51,61.0,10.18749150438146,5,2,2,0.0,18.0,-2.0,8.0
2624,main_green,main_green,51,66.0,9.868024702364503,6,2,2,0.0,18.0,-2.0,8.0
2625,main_green,main_green,51,73.0,10.130206933984091,7,2,2,0.0,18.0,-2.0,8.0
2626,main_green,main_green,50,81.0,10.08543235765754,8,2,2,0.0,18.0,-2.0,8.0
2627,main_green,main_green,49,89.0,10.13844849824667,8,2,2,0.0,18.0,-2.0,8.0
2628,main_green,main_green,54,97.0,9.272802321397132,13,2,2,0.0,18.0,-2.0,8.0
2629,main_green,main_green,53,105.0,9.215127786818204,9,2,2,0.0,18.0,-2.0,8.0
2630,main_green,main_green,53,113.0,9.56735023037077,8,2,2,0.0,18.0,-2.0,8.0
2631,main_green,main_green,51,121.0,9.453979555263844,8,2,2,0.0,18.0,-2.0,8.0
2632,main_green,main_green,52,129.0,9.41120861967001,9,2,2,0.0,18.0,-2.0,8.0
2633,main_green,main_green,51,137.0,9.432190109426202,8,2,2,3.0,15.0,7.0,13.0
2634,main_green,main_green,52,145.0,9.009816337742334,9,2,2,3.0,15.0,7.0,13.0
2635,main_green,main_green,52,153.0,9.095940006019935,8,2,2,3.0,15.0,7.0,13.0
2636,main_green,main_green,53,165.0,9.055764785654512,13,2,2,3.0,15.0,7.0,13.0
2637,main_green,main_green,53,177.0,9.14409143776263,12,2,2,3.0,15.0,7.0,13.0
2638,main_green,main_green,53,189.0,9.211573170411105,12,2,2,3.0,15.0,7.0,13.0
2639,main_green,main_green,53,201.0,9.079612267423226,13,2,2,3.0,15.0,7.0,13.0
2640,main_green,main_green,58,213.0,8.395551816233239,17,2,2,3.0,15.0,7.0,13.0
2641,main_green,main_green,58,225.0,8.688397735086756,12,2,2,3.0,15.0,7.0,13.0
2642,main_green,main_green,58,237.0,8.864004641566947,12,2,2,3.0,15.0,7.0,13.0
2643,yellow_transition,yellow_transition,57,249.0,8.960928918688852,12,3,3,5.0,5.0,11.0,9.0
2644,yellow_transition,yellow_transition,59,261.0,8.467754017572487,14,3,3,5.0,5.0,11.0,9.0
2645,yellow_transition,yellow_transition,59,273.0,8.558796351348567,12,3,3,5.0,5.0,11.0,9.0
2646,main_green,side_green,59,145.0,8.658349893910767,8,2,0,5.0,5.0,11.0,9.0
2647,main_green,side_green,58,109.0,8.921886830974396,7,2,0,5.0,5.0,11.0,9.0
2648,main_green,side_green,58,116.0,8.768305922069048,8,2,0,5.0,5.0,11.0,9.0
2649,main_green,side_green,58,123.0,8.968531583549986,8,2,0,5.0,5.0,11.0,9.0
2650,main_green,side_green,58,131.0,9.33401540134139,8,2,0,5.0,5.0,11.0,9.0
2651,main_green,side_green,58,140.0,9.49063652230866,9,2,0,5.0,5.0,11.0,9.0
2652,main_green,side_green,63,149.0,8.865784021875257,14,2,0,5.0,5.0,11.0,9.0
2653,main_green,side_green,63,158.0,8.999507677399246,9,2,0,5.0,5.0,11.0,9.0
2654,main_green,side_green,64,169.0,9.130970782731243,12,2,0,5.0,5.0,11.0,9.0
2655,main_green,side_green,64,181.0,9.341417483919468,12,2,0,5.0,5.0,11.0,9.0
2656,yellow_transition,yellow_transition,62,193.0,9.089140331453985,13,3,1,5.0,-1.0,-9.0,17.0
2657,yellow_transition,yellow_transition,62,206.0,8.951717908923797,13,3,1,5.0,-1.0,-9.0,17.0
2658,yellow_transition,yellow_transition,62,219.0,8.83443986464829,13,3,1,5.0,-1.0,-9.0,17.0
2659,side_green,main_green,63,56.0,8.596966440865785,8,0,2,5.0,-1.0,-9.0,17.0
2660,side_green,main_green,63,5.0,8.69324649335884,4,0,2,5.0,-1.0,-9.0,17.0
2661,side_green,main_green,61,6.0,8.954342279319674,3,0,2,5.0,-1.0,-9.0,17.0
2662,side_green,main_green,60,11.0,9.217730588892056,5,0,2,5.0,-1.0,-9.0,17.0
2663,side_green,main_green,59,16.0,9.847315808262918,5,0,2,5.0,-1.0,-9.0,17.0
2664,side_green,main_green,60,21.0,9.465043294646126,10,0,2,5.0,-1.0,-9.0,17.0
2665,side_green,main_green,57,26.0,9.738027456485238,6,0,2,5.0,-1.0,-9.0,17.0
2666,side_green,main_green,54,31.0,9.97151360842899,5,0,2,5.0,-1.0,-9.0,17.0
2667,side_green,main_green,53,37.0,10.313972536568949,6,0,2,5.0,-1.0,-9.0,17.0
2668,side_green,main_green,53,43.0,10.077896066321479,7,0,2,5.0,-1.0,-9.0,17.0
2669,yellow_transition,yellow_transition,52,49.0,10.328100092435259,6,1,3,-6.0,20.0,-2.0,2.0
2670,yellow_transition,yellow_transition,53,56.0,9.94399336799185,8,1,3,-6.0,20.0,-2.0,2.0
2671,yellow_transition,yellow_transition,53,63.0,9.817471264196367,7,1,3,-6.0,20.0,-2.0,2.0
2672,main_green,main_green,54,30.0,9.667834040684939,4,2,2,-6.0,20.0,-2.0,2.0
2673,main_green,main_green,54,29.0,9.880489553781876,5,2,2,-6.0,20.0,-2.0,2.0
2674,main_green,main_green,53,34.0,9.970146375109875,5,2,2,-6.0,20.0,-2.0,2.0
2675,main_green,main_green,54,39.0,10.104140353306482,6,2,2,-6.0,20.0,-2.0,2.0
2676,main_green,main_green,59,44.0,9.598031565263163,10,2,2,-6.0,20.0,-2.0,2.0
2677,main_green,main_green,59,49.0,10.118591834361094,5,2,2,-6.0,20.0,-2.0,2.0
2678,main_green,main_green,56,54.0,10.302766139800493,5,2,2,-6.0,20.0,-2.0,2.0
2679,main_green,main_green,54,59.0,10.495986351499356,5,2,2,-6.0,20.0,-2.0,2.0
2680,main_green,main_green,54,64.0,10.041399926358046,7,2,2,-6.0,20.0,-2.0,2.0
2681,main_green,main_green,53,69.0,10.105532099868448,5,2,2,-6.0,20.0,-2.0,2.0
2682,main_green,main_green,52,74.0,9.943030141383591,5,2,2,-1.0,17.0,-1.0,5.0
2683,main_green,main_green,51,81.0,9.946644174849984,7,2,2,-1.0,17.0,-1.0,5.0
2684,main_green,main_green,52,88.0,9.942202059719584,8,2,2,-1.0,17.0,-1.0,5.0
2685,main_green,main_green,50,97.0,9.53669023298271,10,2,2,-1.0,17.0,-1.0,5.0
2686,main_green,main_green,50,106.0,9.718235855606553,9,2,2,-1.0,17.0,-1.0,5.0
2687,main_green,main_green,49,115.0,9.795844692566378,9,2,2,-1.0,17.0,-1.0,5.0
2688,main_green,main_green,54,124.0,8.949140149860108,14,2,2,-1.0,17.0,-1.0,5.0
2689,main_green,main_green,52,133.0,9.121289877297842,9,2,2,-1.0,17.0,-1.0,5.0
2690,main_green,main_green,53,142.0,9.228525207621376,10,2,2,-1.0,17.0,-1.0,5.0
2691,main_green,main_green,53,151.0,9.3362069634067,9,2,2,-1.0,17.0,-1.0,5.0
2692,main_green,main_green,53,160.0,9.222762955668525,10,2,2,-2.0,2.0,13.0,21.0
2693,main_green,main_green,53,169.0,9.261473871347132,9,2,2,-2.0,2.0,13.0,21.0
2694,main_green,main_green,53,178.0,9.221746843932989,9,2,2,-2.0,2.0,13.0,21.0
2695,main_green,main_green,54,188.0,9.081691953392701,11,2,2,-2.0,2.0,13.0,21.0
2696,main_green,main_green,54,199.0,8.892663426614009,12,2,2,-2.0,2.0,13.0,21.0
2697,main_green,main_green,54,212.0,9.144881947955579,13,2,2,-2.0,2.0,13.0,21.0
2698,main_green,main_green,54,225.0,9.156197478942671,13,2,2,-2.0,2.0,13.0,21.0
2699,main_green,main_green,54,238.0,9.24983482820141,13,2,2,-2.0,2.0,13.0,21.0
2700,main_green,main_green,58,251.0,8.448909014281044,18,2,2,-2.0,2.0,13.0,21.0
2701,main_green,main_green,58,264.0,8.488136005350842,14,2,2,-2.0,2.0,13.0,21.0
2702,yellow_transition,yellow_transition,57,277.0,8.499955126368947,13,3,3,4.0,8.0,17.0,15.0
2703,yellow_transition,yellow_transition,57,291.0,8.188525957746272,14,3,3,4.0,8.0,17.0,15.0
2704,yellow_transition,yellow_transition,57,305.0,7.931245276889282,15,3,3,4.0,8.0,17.0,15.0
2705,main_green,side_green,57,160.0,7.922403011990356,9,2,0,4.0,8.0,17.0,15.0
2706,main_green,side_green,58,103.0,8.024702033334577,7,2,0,4.0,8.0,17.0,15.0
2707,main_green,side_green,58,108.0,8.493188785748293,6,2,0,4.0,8.0,17.0,15.0
2708,main_green,side_green,59,116.0,8.838088988042674,9,2,0,4.0,8.0,17.0,15.0
2709,main_green,side_green,59,126.0,9.296303712283972,10,2,0,4.0,8.0,17.0,15.0
2710,main_green,side_green,58,136.0,9.463484890529609,10,2,0,4.0,8.0,17.0,15.0
2711,main_green,side_green,58,146.0,9.320711332680741,11,2,0,4.0,8.0,17.0,15.0
2712,main_green,side_green,63,156.0,8.794265886819025,15,2,0,4.0,8.0,17.0,15.0
2713,main_green,side_green,61,168.0,8.953374563145186,12,2,0,4.0,8.0,17.0,15.0
2714,main_green,side_green,61,181.0,9.040927149144828,13,2,0,4.0,8.0,17.0,15.0
2715,yellow_transition,yellow_transition,59,194.0,8.940914276873713,13,3,1,8.0,6.0,-11.0,15.0
2716,yellow_transition,yellow_transition,61,207.0,8.485315335244081,15,3,1,8.0,6.0,-11.0,15.0
2717,yellow_transition,yellow_transition,61,221.0,8.29701182384412,14,3,1,8.0,6.0,-11.0,15.0
2718,side_green,main_green,61,59.0,8.432370008333459,7,0,2,8.0,6.0,-11.0,15.0
2719,side_green,main_green,61,3.0,8.916739134685368,2,0,2,8.0,6.0,-11.0,15.0
2720,side_green,main_green,60,5.0,8.98190623875559,3,0,2,8.0,6.0,-11.0,15.0
2721,side_green,main_green,60,8.0,9.242393976652926,4,0,2,8.0,6.0,-11.0,15.0
2722,side_green,main_green,59,12.0,9.664815863328217,4,0,2,8.0,6.0,-11.0,15.0
2723,side_green,main_green,57,16.0,10.284385019587946,4,0,2,8.0,6.0,-11.0,15.0
2724,side_green,main_green,59,21.0,9.61497768267216,10,0,2,8.0,6.0,-11.0,15.0
2725,side_green,main_green,56,27.0,9.876014332952911,6,0,2,8.0,6.0,-11.0,15.0
2726,side_green,main_green,56,33.0,9.842744269502008,7,0,2,8.0,6.0,-11.0,15.0
2727,side_green,main_green,54,39.0,9.916511524433234,6,0,2,8.0,6.0,-11.0,15.0
2728,yellow_transition,yellow_transition,55,46.0,9.887160815869796,8,1,3,-8.0,18.0,-2.0,6.0
2729,yellow_transition,yellow_transition,55,54.0,9.968342507338207,8,1,3,-8.0,18.0,-2.0,6.0
2730,yellow_transition,yellow_transition,54,62.0,9.940540115385476,8,1,3,-8.0,18.0,-2.0,6.0
2731,main_green,main_green,54,28.0,9.735875419947844,5,2,2,-8.0,18.0,-2.0,6.0
2732,main_green,main_green,55,23.0,9.75262142217748,3,2,2,-8.0,18.0,-2.0,6.0
2733,main_green,main_green,55,27.0,9.956607608666577,4,2,2,-8.0,18.0,-2.0,6.0
2734,main_green,main_green,55,31.0,10.09309781227902,4,2,2,-8.0,18.0,-2.0,6.0
2735,main_green,main_green,55,36.0,10.395031511065765,5,2,2,-8.0,18.0,-2.0,6.0
2736,main_green,main_green,58,42.0,9.723933037485294,11,2,2,-8.0,18.0,-2.0,6.0
2737,main_green,main_green,57,48.0,9.886561466453898,7,2,2,-8.0,18.0,-2.0,6.0
2738,main_green,main_green,57,54.0,10.322848907001555,6,2,2,-8.0,18.0,-2.0,6.0
2739,main_green,main_green,54,60.0,10.441535360151617,6,2,2,-8.0,18.0,-2.0,6.0
2740,main_green,main_green,54,66.0,10.363693973652232,7,2,2,-8.0,18.0,-2.0,6.0
2741,main_green,main_green,53,72.0,10.38847091256778,6,2,2,1.0,17.0,-1.0,5.0
2742,main_green,main_green,54,78.0,10.186163692350403,7,2,2,1.0,17.0,-1.0,5.0
2743,main_green,main_green,53,84.0,10.135111343694454,6,2,2,1.0,17.0,-1.0,5.0
2744,main_green,main_green,53,92.0,9.970151417943285,9,2,2,1.0,17.0,-1.0,5.0
2745,main_green,main_green,52,100.0,9.995941494574422,8,2,2,1.0,17.0,-1.0,5.0
2746,main_green,main_green,52,110.0,10.050195362175659,10,2,2,1.0,17.0,-1.0,5.0
2747,main_green,main_green,52,120.0,9.870833343313755,11,2,2,1.0,17.0,-1.0,5.0
2748,main_green,main_green,56,130.0,9.062909474466279,15,2,2,1.0,17.0,-1.0,5.0
2749,main_green,main_green,55,140.0,9.229479926575735,10,2,2,1.0,17.0,-1.0,5.0
2750,main_green,main_green,55,150.0,9.44770434049092,10,2,2,1.0,17.0,-1.0,5.0
2751,main_green,main_green,55,160.0,9.704270599962314,10,2,2,0.0,4.0,11.0,17.0
2752,main_green,main_green,56,170.0,9.236777902851598,12,2,2,0.0,4.0,11.0,17.0
2753,main_green,main_green,56,180.0,9.274879582705681,10,2,2,0.0,4.0,11.0,17.0
2754,main_green,main_green,56,190.0,9.23857674559707,10,2,2,0.0,4.0,11.0,17.0
2755,main_green,main_green,55,201.0,9.22930584688811,11,2,2,0.0,4.0,11.0,17.0
2756,main_green,main_green,56,214.0,9.104649618652875,14,2,2,0.0,4.0,11.0,17.0
2757,main_green,main_green,57,228.0,9.021587127632392,15,2,2,0.0,4.0,11.0,17.0
2758,main_green,main_green,55,242.0,8.99898306527486,14,2,2,0.0,4.0,11.0,17.0
2759,main_green,main_green,54,256.0,9.102296349427016,14,2,2,0.0,4.0,11.0,17.0
2760,main_green,main_green,59,270.0,8.375627226611039,19,2,2,0.0,4.0,11.0,17.0
2761,yellow_transition,yellow_transition,58,284.0,8.53824134181732,14,3,3,7.0,9.0,15.0,13.0
2762,yellow_transition,yellow_transition,58,298.0,8.470649989394747,15,3,3,7.0,9.0,15.0,13.0
2763,yellow_transition,yellow_transition,58,312.0,8.56526997547874,14,3,3,7.0,9.0,15.0,13.0
2764,main_green,side_green,58,179.0,8.437482053387182,12,2,0,7.0,9.0,15.0,13.0
2765,main_green,side_green,58,129.0,8.74309112433989,7,2,0,7.0,9.0,15.0,13.0
2766,main_green,side_green,57,136.0,8.861788690602792,7,2,0,7.0,9.0,15.0,13.0
2767,main_green,side_green,57,143.0,8.892965926745386,8,2,0,7.0,9.0,15.0,13.0
2768,main_green,side_green,56,152.0,8.963663962840842,10,2,0,7.0,9.0,15.0,13.0
2769,main_green,side_green,56,161.0,9.127386241225587,9,2,0,7.0,9.0,15.0,13.0
2770,main_green,side_green,56,171.0,9.410726993455595,10,2,0,7.0,9.0,15.0,13.0
2771,main_green,side_green,56,183.0,9.550613833410287,12,2,0,7.0,9.0,15.0,13.0
2772,main_green,side_green,60,195.0,8.667249081565481,17,2,0,7.0,9.0,15.0,13.0
2773,main_green,side_green,61,207.0,8.617318111790842,13,2,0,7.0,9.0,15.0,13.0
2774,yellow_transition,yellow_transition,61,219.0,8.854940364969021,12,3,1,12.0,6.0,-10.0,14.0
2775,yellow_transition,yellow_transition,61,232.0,8.85167864949074,13,3,1,12.0,6.0,-10.0,14.0
2776,yellow_transition,yellow_transition,62,245.0,8.6819565682702,14,3,1,12.0,6.0,-10.0,14.0
2777,side_green,main_green,62,66.0,8.755883554783804,6,0,2,12.0,6.0,-10.0,14.0
2778,side_green,main_green,62,0.0,8.757968415663903,1,0,2,12.0,6.0,-10.0,14.0
2779,side_green,main_green,62,1.0,9.119361273565529,1,0,2,12.0,6.0,-10.0,14.0
2780,side_green,main_green,62,3.0,9.325642362241402,3,0,2,12.0,6.0,-10.0,14.0
2781,side_green,main_green,60,6.0,9.882130422607355,3,0,2,12.0,6.0,-10.0,14.0
2782,side_green,main_green,60,10.0,10.368110304966537,4,0,2,12.0,6.0,-10.0,14.0
2783,side_green,main_green,56,14.0,10.438609115616819,5,0,2,12.0,6.0,-10.0,14.0
2784,side_green,main_green,59,19.0,9.61701636645191,10,0,2,12.0,6.0,-10.0,14.0
2785,side_green,main_green,58,25.0,9.868373368469483,6,0,2,12.0,6.0,-10.0,14.0
2786,side_green,main_green,57,31.0,10.118054742388978,6,0,2,12.0,6.0,-10.0,14.0
2787,yellow_transition,yellow_transition,54,37.0,10.104455950068267,6,1,3,-7.0,17.0,-6.0,-2.0
2788,yellow_transition,yellow_transition,55,44.0,9.697515656941142,9,1,3,-7.0,17.0,-6.0,-2.0
2789,yellow_transition,yellow_transition,53,51.0,9.507880411588978,7,1,3,-7.0,17.0,-6.0,-2.0
2790,main_green,main_green,53,25.0,9.636334669748269,3,2,2,-7.0,17.0,-6.0,-2.0
2791,main_green,main_green,52,25.0,9.721332237684464,3,2,2,-7.0,17.0,-6.0,-2.0
2792,main_green,main_green,53,29.0,9.714581997842666,5,2,2,-7.0,17.0,-6.0,-2.0
2793,main_green,main_green,54,34.0,9.81307746812538,6,2,2,-7.0,17.0,-6.0,-2.0
2794,main_green,main_green,54,40.0,10.282865687280216,6,2,2,-7.0,17.0,-6.0,-2.0
2795,main_green,main_green,53,46.0,10.685939614376982,6,2,2,-7.0,17.0,-6.0,-2.0
2796,main_green,main_green,56,52.0,9.846248682715629,11,2,2,-7.0,17.0,-6.0,-2.0
2797,main_green,main_green,54,58.0,10.001672964735654,6,2,2,-7.0,17.0,-6.0,-2.0
2798,main_green,main_green,54,64.0,9.957635366266858,7,2,2,-7.0,17.0,-6.0,-2.0
2799,main_green,main_green,53,70.0,10.319065389959354,6,2,2,-7.0,17.0,-6.0,-2.0
2800,main_green,main_green,53,76.0,10.271309346145914,7,2,2,2.0,16.0,1.0,7.0
2801,main_green,main_green,51,82.0,10.16755723387933,6,2,2,2.0,16.0,1.0,7.0
2802,main_green,main_green,51,88.0,10.153741025853288,6,2,2,2.0,16.0,1.0,7.0
2803,main_green,main_green,51,94.0,9.91587008841157,7,2,2,2.0,16.0,1.0,7.0
2804,main_green,main_green,51,102.0,9.710622592454298,9,2,2,2.0,16.0,1.0,7.0
2805,main_green,main_green,51,112.0,9.729602519889387,10,2,2,2.0,16.0,1.0,7.0
2806,main_green,main_green,49,122.0,9.817004927101978,10,2,2,2.0,16.0,1.0,7.0
2807,main_green,main_green,49,132.0,9.91952088616962,10,2,2,2.0,16.0,1.0,7.0
2808,main_green,main_green,53,142.0,8.910930682518028,15,2,2,2.0,16.0,1.0,7.0
2809,main_green,main_green,53,152.0,8.967768491063755,11,2,2,2.0,16.0,1.0,7.0
2810,main_green,main_green,53,162.0,9.278316255212578,10,2,2,2.0,6.0,13.0,19.0
2811,main_green,main_green,53,172.0,9.484808879859381,10,2,2,2.0,6.0,13.0,19.0
2812,main_green,main_green,54,182.0,9.267600968724567,11,2,2,2.0,6.0,13.0,19.0
2813,main_green,main_green,54,192.0,9.321045065981055,10,2,2,2.0,6.0,13.0,19.0
2814,main_green,main_green,54,202.0,8.982767247478586,11,2,2,2.0,6.0,13.0,19.0
2815,main_green,main_green,53,213.0,8.921048223811582,11,2,2,2.0,6.0,13.0,19.0
2816,main_green,main_green,54,225.0,8.92192886885833,13,2,2,2.0,6.0,13.0,19.0
2817,main_green,main_green,54,239.0,8.99993249248047,14,2,2,2.0,6.0,13.0,19.0
2818,main_green,main_green,53,253.0,9.088274374912032,14,2,2,2.0,6.0,13.0,19.0
2819,main_green,main_green,53,267.0,8.831285892557299,15,2,2,2.0,6.0,13.0,19.0
2820,main_green,main_green,58,281.0,8.205521467517938,19,2,2,4.0,8.0,12.0,14.0
2821,main_green,main_green,58,295.0,8.465101761900247,14,2,2,4.0,8.0,12.0,14.0
2822,main_green,main_green,58,309.0,8.692724942289606,14,2,2,4.0,8.0,12.0,14.0
2823,main_green,main_green,58,323.0,8.92915166359976,14,2,2,4.0,8.0,12.0,14.0
2824,main_green,main_green,59,337.0,8.566217273071548,16,2,2,4.0,8.0,12.0,14.0
2825,main_green,main_green,57,351.0,8.521458398229889,14,2,2,4.0,8.0,12.0,14.0
2826,main_green,main_green,57,365.0,8.56368863747257,14,2,2,4.0,8.0,12.0,14.0
2827,main_green,main_green,56,381.0,8.464838904563768,16,2,2,4.0,8.0,12.0,14.0
2828,main_green,main_green,57,397.0,8.297513161043133,17,2,2,4.0,8.0,12.0,14.0
2829,main_green,main_green,58,414.0,8.30148148359551,18,2,2,4.0,8.0,12.0,14.0
2830,yellow_transition,yellow_transition,58,432.0,8.295690640468905,18,3,3,9.0,11.0,12.0,10.0
2831,yellow_transition,yellow_transition,58,450.0,8.246615105610363,18,3,3,9.0,11.0,12.0,10.0
2832,yellow_transition,yellow_transition,62,468.0,7.280360457419946,23,3,3,9.0,11.0,12.0,10.0
2833,main_green,side_green,61,295.0,7.509762018551147,14,2,0,9.0,11.0,12.0,10.0
2834,main_green,side_green,62,214.0,7.8288851975599965,12,2,0,9.0,11.0,12.0,10.0
2835,main_green,side_green,62,208.0,8.183903449172806,10,2,0,9.0,11.0,12.0,10.0
2836,main_green,side_green,63,218.0,8.25828358921368,11,2,0,9.0,11.0,12.0,10.0
2837,main_green,side_green,63,229.0,8.75485318506762,11,2,0,9.0,11.0,12.0,10.0
2838,main_green,side_green,63,240.0,9.01522904808618,11,2,0,9.0,11.0,12.0,10.0
2839,main_green,side_green,63,253.0,8.99290573514278,14,2,0,9.0,11.0,12.0,10.0
2840,main_green,side_green,63,267.0,8.96862461665795,15,2,0,9.0,11.0,12.0,10.0
2841,main_green,side_green,62,281.0,9.074485394586796,14,2,0,9.0,11.0,12.0,10.0
2842,main_green,side_green,60,296.0,8.939017819944175,15,2,0,9.0,11.0,12.0,10.0
2843,yellow_transition,yellow_transition,58,312.0,8.89617221952331,16,3,1,10.0,0.0,-13.0,15.0
2844,yellow_transition,yellow_transition,63,328.0,8.157642985954112,21,3,1,10.0,0.0,-13.0,15.0
2845,yellow_transition,yellow_transition,64,344.0,8.129129184449747,17,3,1,10.0,0.0,-13.0,15.0
2846,side_green,main_green,64,124.0,8.33101796382351,9,0,2,10.0,0.0,-13.0,15.0
2847,side_green,main_green,64,19.0,8.628397591380377,3,0,2,10.0,0.0,-13.0,15.0
2848,side_green,main_green,64,2.0,9.011735794864233,2,0,2,10.0,0.0,-13.0,15.0
2849,side_green,main_green,62,3.0,9.32669494129567,1,0,2,10.0,0.0,-13.0,15.0
2850,side_green,main_green,63,4.0,9.660492980533107,2,0,2,10.0,0.0,-13.0,15.0
2851,side_green,main_green,58,5.0,10.00958290247867,1,0,2,10.0,0.0,-13.0,15.0
2852,side_green,main_green,58,7.0,10.286290457286604,3,0,2,10.0,0.0,-13.0,15.0
2853,side_green,main_green,56,11.0,10.66649401134231,4,0,2,10.0,0.0,-13.0,15.0
2854,side_green,main_green,55,15.0,10.833432182984895,4,0,2,10.0,0.0,-13.0,15.0
2855,side_green,main_green,56,20.0,10.803006449175665,6,0,2,10.0,0.0,-13.0,15.0
2856,yellow_transition,yellow_transition,59,26.0,9.892920581862487,11,1,3,-15.0,13.0,-9.0,1.0
2857,yellow_transition,yellow_transition,59,32.0,10.072733505304672,6,1,3,-15.0,13.0,-9.0,1.0
2858,yellow_transition,yellow_transition,56,38.0,10.144202096829735,6,1,3,-15.0,13.0,-9.0,1.0
2859,main_green,main_green,55,19.0,10.321182369399422,3,2,2,-15.0,13.0,-9.0,1.0
2860,main_green,main_green,56,17.0,10.181902605103279,4,2,2,-15.0,13.0,-9.0,1.0
2861,main_green,main_green,56,19.0,10.401405892504906,2,2,2,-15.0,13.0,-9.0,1.0
2862,main_green,main_green,56,21.0,10.561812324378453,2,2,2,-15.0,13.0,-9.0,1.0
2863,main_green,main_green,56,23.0,10.61640413785361,2,2,2,-15.0,13.0,-9.0,1.0
2864,main_green,main_green,54,27.0,10.381698575734706,5,2,2,-15.0,13.0,-9.0,1.0
2865,main_green,main_green,53,33.0,10.459410007289742,7,2,2,-15.0,13.0,-9.0,1.0
2866,main_green,main_green,53,39.0,10.609243549213309,6,2,2,-15.0,13.0,-9.0,1.0
2867,main_green,main_green,51,45.0,10.753104393150274,6,2,2,-15.0,13.0,-9.0,1.0
2868,main_green,main_green,54,51.0,9.769600011145688,11,2,2,-15.0,13.0,-9.0,1.0
2869,main_green,main_green,53,57.0,10.006076077500182,6,2,2,1.0,19.0,-1.0,5.0
2870,main_green,main_green,52,63.0,9.995227036198454,7,2,2,1.0,19.0,-1.0,5.0
2871,main_green,main_green,52,69.0,10.345717979209107,6,2,2,1.0,19.0,-1.0,5.0
2872,main_green,main_green,50,75.0,10.27060094239833,7,2,2,1.0,19.0,-1.0,5.0
2873,main_green,main_green,50,81.0,10.318404626829755,6,2,2,1.0,19.0,-1.0,5.0
2874,main_green,main_green,49,87.0,10.26865534709845,6,2,2,1.0,19.0,-1.0,5.0
2875,main_green,main_green,49,94.0,9.882462116126524,8,2,2,1.0,19.0,-1.0,5.0
2876,main_green,main_green,50,102.0,9.860580962318457,9,2,2,1.0,19.0,-1.0,5.0
2877,main_green,main_green,50,111.0,9.790530256177059,9,2,2,1.0,19.0,-1.0,5.0
2878,main_green,main_green,49,120.0,9.8440503713648,9,2,2,1.0,19.0,-1.0,5.0
2879,main_green,main_green,48,130.0,9.815816708174053,10,2,2,-2.0,6.0,8.0,18.0
2880,main_green,main_green,53,140.0,9.040247147995343,15,2,2,-2.0,6.0,8.0,18.0
2881,main_green,main_green,54,150.0,9.031521719669131,11,2,2,-2.0,6.0,8.0,18.0
2882,main_green,main_green,54,160.0,9.468781112462565,10,2,2,-2.0,6.0,8.0,18.0
2883,main_green,main_green,53,170.0,9.281042939956816,10,2,2,-2.0,6.0,8.0,18.0
2884,main_green,main_green,54,180.0,9.102171796767564,11,2,2,-2.0,6.0,8.0,18.0
2885,main_green,main_green,54,190.0,9.073351609619204,10,2,2,-2.0,6.0,8.0,18.0
2886,main_green,main_green,55,200.0,8.930162062915857,11,2,2,-2.0,6.0,8.0,18.0
2887,main_green,main_green,54,211.0,9.044543889805535,11,2,2,-2.0,6.0,8.0,18.0
2888,main_green,main_green,53,224.0,8.991279939091896,14,2,2,-2.0,6.0,8.0,18.0
2889,main_green,main_green,53,238.0,9.006348156618964,14,2,2,4.0,8.0,13.0,13.0
2890,main_green,main_green,53,252.0,9.048006274900933,14,2,2,4.0,8.0,13.0,13.0
2891,main_green,main_green,54,266.0,9.059413907459225,15,2,2,4.0,8.0,13.0,13.0
2892,main_green,main_green,59,280.0,8.398223427815502,19,2,2,4.0,8.0,13.0,13.0
2893,main_green,main_green,59,294.0,8.688065056488885,14,2,2,4.0,8.0,13.0,13.0
2894,main_green,main_green,59,308.0,8.81097085729219,14,2,2,4.0,8.0,13.0,13.0
2895,main_green,main_green,58,322.0,8.82507457854053,14,2,2,4.0,8.0,13.0,13.0
2896,main_green,main_green,59,336.0,8.435048142785348,16,2,2,4.0,8.0,13.0,13.0
2897,main_green,main_green,59,350.0,8.515431827320297,14,2,2,4.0,8.0,13.0,13.0
2898,main_green,main_green,59,364.0,8.569128549724073,14,2,2,4.0,8.0,13.0,13.0
2899,yellow_transition,yellow_transition,58,379.0,8.45987874110757,15,3,3,8.0,10.0,12.0,8.0
2900,yellow_transition,yellow_transition,59,396.0,8.304518125080191,18,3,3,8.0,10.0,12.0,8.0
2901,yellow_transition,yellow_transition,58,415.0,7.9451586257175055,20,3,3,8.0,10.0,12.0,8.0
2902,main_green,side_green,58,255.0,8.151328773974837,15,2,0,8.0,10.0,12.0,8.0
2903,main_green,side_green,57,183.0,8.407502602034771,11,2,0,8.0,10.0,12.0,8.0
2904,main_green,side_green,62,183.0,7.987068388092022,14,2,0,8.0,10.0,12.0,8.0
2905,main_green,side_green,62,192.0,8.440997805086555,9,2,0,8.0,10.0,12.0,8.0
2906,main_green,side_green,63,202.0,8.675367292251886,11,2,0,8.0,10.0,12.0,8.0
2907,main_green,side_green,62,212.0,8.956879154480099,10,2,0,8.0,10.0,12.0,8.0
2908,main_green,side_green,62,222.0,8.99539627927762,11,2,0,8.0,10.0,12.0,8.0
2909,main_green,side_green,61,233.0,9.108050795375304,11,2,0,8.0,10.0,12.0,8.0
2910,main_green,side_green,59,245.0,8.988574813140485,12,2,0,8.0,10.0,12.0,8.0
2911,main_green,side_green,59,259.0,8.667172464457817,15,2,0,8.0,10.0,12.0,8.0
2912,yellow_transition,yellow_transition,59,274.0,8.404515964708068,16,3,1,12.0,6.0,-11.0,15.0
2913,yellow_transition,yellow_transition,59,289.0,8.277945606592795,15,3,1,12.0,6.0,-11.0,15.0
2914,yellow_transition,yellow_transition,58,306.0,8.003662268522179,17,3,1,12.0,6.0,-11.0,15.0
2915,side_green,main_green,58,109.0,8.232716762348685,10,0,2,12.0,6.0,-11.0,15.0
2916,side_green,main_green,62,16.0,7.870421829020031,9,0,2,12.0,6.0,-11.0,15.0
2917,side_green,main_green,63,7.0,8.432389723342407,4,0,2,12.0,6.0,-11.0,15.0
2918,side_green,main_green,63,10.0,9.25342595008862,3,0,2,12.0,6.0,-11.0,15.0
2919,side_green,main_green,61,13.0,9.777230203285088,3,0,2,12.0,6.0,-11.0,15.0
2920,side_green,main_green,61,16.0,10.032116333930116,4,0,2,12.0,6.0,-11.0,15.0
2921,side_green,main_green,58,19.0,10.236326921514753,3,0,2,12.0,6.0,-11.0,15.0
2922,side_green,main_green,57,23.0,10.356180401742229,5,0,2,12.0,6.0,-11.0,15.0
2923,side_green,main_green,56,25.0,10.644418245870638,3,0,2,12.0,6.0,-11.0,15.0
2924,side_green,main_green,56,31.0,10.60634345380485,7,0,2,12.0,6.0,-11.0,15.0
2925,yellow_transition,yellow_transition,53,38.0,10.49106816485924,7,1,3,-12.0,20.0,-10.0,-2.0
2926,yellow_transition,yellow_transition,53,45.0,10.273663097500599,7,1,3,-12.0,20.0,-10.0,-2.0
2927,yellow_transition,yellow_transition,52,53.0,9.80898788095741,9,1,3,-12.0,20.0,-10.0,-2.0
2928,main_green,main_green,57,17.0,9.071820647207531,10,2,2,-12.0,20.0,-10.0,-2.0
2929,main_green,main_green,57,8.0,9.559121739010001,2,2,2,-12.0,20.0,-10.0,-2.0
2930,main_green,main_green,57,10.0,10.083756591108797,2,2,2,-12.0,20.0,-10.0,-2.0
2931,main_green,main_green,56,12.0,10.58140730542915,2,2,2,-12.0,20.0,-10.0,-2.0
2932,main_green,main_green,58,14.0,10.65888765017629,4,2,2,-12.0,20.0,-10.0,-2.0
2933,main_green,main_green,55,16.0,10.821644776108945,2,2,2,-12.0,20.0,-10.0,-2.0
2934,main_green,main_green,55,18.0,11.065380895799763,2,2,2,-12.0,20.0,-10.0,-2.0
2935,main_green,main_green,54,20.0,10.983382691900884,2,2,2,-12.0,20.0,-10.0,-2.0
2936,main_green,main_green,52,23.0,10.85292726415271,4,2,2,-12.0,20.0,-10.0,-2.0
2937,main_green,main_green,52,28.0,10.720391962059777,6,2,2,-12.0,20.0,-10.0,-2.0
2938,main_green,main_green,50,34.0,10.772085114197944,6,2,2,-5.0,13.0,-4.0,6.0
2939,main_green,main_green,49,40.0,10.669937568438566,6,2,2,-5.0,13.0,-4.0,6.0
2940,main_green,main_green,53,46.0,9.785887448874202,11,2,2,-5.0,13.0,-4.0,6.0
2941,main_green,main_green,52,52.0,10.086570204228167,6,2,2,-5.0,13.0,-4.0,6.0
2942,main_green,main_green,52,58.0,10.028354702906778,7,2,2,-5.0,13.0,-4.0,6.0
2943,main_green,main_green,51,64.0,10.320988814037591,6,2,2,-5.0,13.0,-4.0,6.0
2944,main_green,main_green,52,70.0,10.164400196360852,7,2,2,-5.0,13.0,-4.0,6.0
2945,main_green,main_green,51,76.0,10.087242956226229,6,2,2,-5.0,13.0,-4.0,6.0
2946,main_green,main_green,51,82.0,10.080478332483185,6,2,2,-5.0,13.0,-4.0,6.0
2947,main_green,main_green,51,90.0,9.803441590880338,9,2,2,-5.0,13.0,-4.0,6.0
2948,main_green,main_green,52,98.0,9.826277268426894,9,2,2,-5.0,3.0,8.0,22.0
2949,main_green,main_green,52,107.0,9.96995335996,9,2,2,-5.0,3.0,8.0,22.0
2950,main_green,main_green,51,117.0,9.99042474602239,10,2,2,-5.0,3.0,8.0,22.0
2951,main_green,main_green,51,127.0,10.161066279174817,10,2,2,-5.0,3.0,8.0,22.0
2952,main_green,main_green,55,137.0,9.214880638716016,15,2,2,-5.0,3.0,8.0,22.0
2953,main_green,main_green,56,147.0,9.199504295860331,11,2,2,-5.0,3.0,8.0,22.0
2954,main_green,main_green,55,157.0,9.333434806252196,10,2,2,-5.0,3.0,8.0,22.0
2955,main_green,main_green,55,167.0,9.503322783068079,10,2,2,-5.0,3.0,8.0,22.0
2956,main_green,main_green,56,177.0,9.3229300337299,11,2,2,-5.0,3.0,8.0,22.0
2957,main_green,main_green,54,187.0,9.25578647825242,10,2,2,-5.0,3.0,8.0,22.0
2958,main_green,main_green,55,197.0,9.097112579402353,11,2,2,0.0,4.0,12.0,20.0
2959,main_green,main_green,54,207.0,9.134342973049977,10,2,2,0.0,4.0,12.0,20.0
2960,main_green,main_green,55,220.0,8.939964366743652,14,2,2,0.0,4.0,12.0,20.0
2961,main_green,main_green,55,234.0,9.105761576111304,14,2,2,0.0,4.0,12.0,20.0
2962,main_green,main_green,54,248.0,9.182309904626335,14,2,2,0.0,4.0,12.0,20.0
2963,main_green,main_green,53,262.0,8.901824394402713,15,2,2,0.0,4.0,12.0,20.0
2964,main_green,main_green,58,276.0,8.238992449362552,19,2,2,0.0,4.0,12.0,20.0
2965,main_green,main_green,56,290.0,8.294090801428293,14,2,2,0.0,4.0,12.0,20.0
2966,main_green,main_green,56,304.0,8.606033764205419,14,2,2,0.0,4.0,12.0,20.0
2967,main_green,main_green,56,318.0,8.719396496268764,14,2,2,0.0,4.0,12.0,20.0
2968,yellow_transition,yellow_transition,57,332.0,8.504100281581637,16,3,3,10.0,10.0,12.0,6.0
2969,yellow_transition,yellow_transition,57,346.0,8.4799145798449,14,3,3,10.0,10.0,12.0,6.0
2970,yellow_transition,yellow_transition,57,360.0,8.502419935361713,14,3,3,10.0,10.0,12.0,6.0
2971,main_green,side_green,57,212.0,8.398305219824872,10,2,0,10.0,10.0,12.0,6.0
2972,main_green,side_green,58,144.0,8.414465528646941,7,2,0,10.0,10.0,12.0,6.0
2973,main_green,side_green,59,152.0,8.546023462582781,9,2,0,10.0,10.0,12.0,6.0
2974,main_green,side_green,59,161.0,9.046704893014256,9,2,0,10.0,10.0,12.0,6.0
2975,main_green,side_green,59,171.0,9.364176421015417,10,2,0,10.0,10.0,12.0,6.0
2976,main_green,side_green,62,181.0,8.731216310856965,15,2,0,10.0,10.0,12.0,6.0
2977,main_green,side_green,60,191.0,8.924660980498631,10,2,0,10.0,10.0,12.0,6.0
2978,main_green,side_green,61,201.0,9.057086741713801,11,2,0,10.0,10.0,12.0,6.0
2979,main_green,side_green,61,212.0,9.125477934301001,11,2,0,10.0,10.0,12.0,6.0
2980,main_green,side_green,62,224.0,8.922184995694879,13,2,0,10.0,10.0,12.0,6.0
2981,yellow_transition,yellow_transition,62,236.0,8.909305063350718,12,3,1,12.0,8.0,-12.0,10.0
2982,yellow_transition,yellow_transition,61,248.0,8.730647436217279,12,3,1,12.0,8.0,-12.0,10.0
2983,yellow_transition,yellow_transition,62,264.0,8.561806105159018,17,3,1,12.0,8.0,-12.0,10.0
2984,side_green,main_green,62,82.0,8.679251563690434,10,0,2,12.0,8.0,-12.0,10.0
2985,side_green,main_green,61,9.0,8.864580285338487,3,0,2,12.0,8.0,-12.0,10.0
2986,side_green,main_green,60,4.0,9.193523067846309,1,0,2,12.0,8.0,-12.0,10.0
2987,side_green,main_green,59,5.0,9.546384669888807,1,0,2,12.0,8.0,-12.0,10.0
2988,side_green,main_green,62,7.0,8.991863493789094,7,0,2,12.0,8.0,-12.0,10.0
2989,side_green,main_green,60,12.0,9.336895154353844,6,0,2,12.0,8.0,-12.0,10.0
2990,side_green,main_green,59,17.0,9.884704851356021,5,0,2,12.0,8.0,-12.0,10.0
2991,side_green,main_green,55,22.0,10.058651423179656,5,0,2,12.0,8.0,-12.0,10.0
2992,side_green,main_green,55,29.0,10.117111373433874,8,0,2,12.0,8.0,-12.0,10.0
2993,side_green,main_green,54,36.0,10.318346960892631,7,0,2,12.0,8.0,-12.0,10.0
2994,yellow_transition,yellow_transition,55,43.0,10.222115217638407,8,1,3,-7.0,17.0,-4.0,2.0
2995,yellow_transition,yellow_transition,53,50.0,10.028088794248584,7,1,3,-7.0,17.0,-4.0,2.0
2996,yellow_transition,yellow_transition,54,59.0,9.595082549111329,10,1,3,-7.0,17.0,-4.0,2.0
2997,main_green,main_green,52,31.0,9.67774205083911,5,2,2,-7.0,17.0,-4.0,2.0
2998,main_green,main_green,51,19.0,9.931335937288742,2,2,2,-7.0,17.0,-4.0,2.0
2999,main_green,main_green,52,21.0,10.279845317651153,3,2,2,-7.0,17.0,-4.0,2.0
3000,main_green,main_green,57,24.0,9.71258589727146,8,2,2,-7.0,17.0,-4.0,2.0
3001,main_green,main_green,57,27.0,10.227056547384368,3,2,2,-7.0,17.0,-4.0,2.0
3002,main_green,main_green,56,30.0,10.745746674108721,3,2,2,-7.0,17.0,-4.0,2.0
3003,main_green,main_green,54,33.0,11.053720042490113,3,2,2,-7.0,17.0,-4.0,2.0
3004,main_green,main_green,54,36.0,10.739596654105265,5,2,2,-7.0,17.0,-4.0,2.0
3005,main_green,main_green,52,39.0,10.76002268277075,3,2,2,-7.0,17.0,-4.0,2.0
3006,main_green,main_green,50,42.0,10.627693252628424,3,2,2,-7.0,17.0,-4.0,2.0
3007,main_green,main_green,49,46.0,10.648500618130727,4,2,2,-4.0,14.0,-1.0,7.0
3008,main_green,main_green,50,52.0,10.430938847933554,7,2,2,-4.0,14.0,-1.0,7.0
3009,main_green,main_green,51,59.0,10.397606909005471,8,2,2,-4.0,14.0,-1.0,7.0
3010,main_green,main_green,49,66.0,10.398954235167508,7,2,2,-4.0,14.0,-1.0,7.0
3011,main_green,main_green,48,73.0,10.512549370920295,7,2,2,-4.0,14.0,-1.0,7.0
3012,main_green,main_green,51,80.0,9.451047540122858,12,2,2,-4.0,14.0,-1.0,7.0
3013,main_green,main_green,50,87.0,9.640397351283747,7,2,2,-4.0,14.0,-1.0,7.0
3014,main_green,main_green,50,94.0,9.575737885736798,8,2,2,-4.0,14.0,-1.0,7.0
3015,main_green,main_green,50,101.0,9.916581562131952,7,2,2,-4.0,14.0,-1.0,7.0
3016,main_green,main_green,51,108.0,9.838774850371522,8,2,2,-4.0,14.0,-1.0,7.0
3017,main_green,main_green,51,115.0,9.88635495093118,7,2,2,-3.0,9.0,10.0,20.0
3018,main_green,main_green,51,122.0,9.792701547720888,7,2,2,-3.0,9.0,10.0,20.0
3019,main_green,main_green,52,129.0,9.509143634732617,8,2,2,-3.0,9.0,10.0,20.0
3020,main_green,main_green,53,137.0,9.464631245873813,9,2,2,-3.0,9.0,10.0,20.0
3021,main_green,main_green,52,147.0,9.458522860711088,10,2,2,-3.0,9.0,10.0,20.0
3022,main_green,main_green,51,158.0,9.57957655067982,11,2,2,-3.0,9.0,10.0,20.0
3023,main_green,main_green,49,169.0,9.50662976259611,11,2,2,-3.0,9.0,10.0,20.0
3024,main_green,main_green,54,180.0,8.77380059604554,16,2,2,-3.0,9.0,10.0,20.0
3025,main_green,main_green,54,191.0,8.745157253921352,12,2,2,-3.0,9.0,10.0,20.0
3026,main_green,main_green,53,202.0,8.909404447765892,11,2,2,-3.0,9.0,10.0,20.0
3027,main_green,main_green,53,213.0,9.069801779099748,11,2,2,3.0,5.0,17.0,23.0
3028,main_green,main_green,54,224.0,8.91017202543201,12,2,2,3.0,5.0,17.0,23.0
3029,main_green,main_green,54,235.0,8.971576270967633,11,2,2,3.0,5.0,17.0,23.0
3030,main_green,main_green,55,246.0,8.690191734571673,12,2,2,3.0,5.0,17.0,23.0
3031,main_green,main_green,55,258.0,8.842465114371766,12,2,2,3.0,5.0,17.0,23.0
3032,main_green,main_green,56,272.0,8.794578799768727,15,2,2,3.0,5.0,17.0,23.0
3033,main_green,main_green,55,287.0,8.817726402526954,15,2,2,3.0,5.0,17.0,23.0
3034,main_green,main_green,54,302.0,8.786331638677282,15,2,2,3.0,5.0,17.0,23.0
3035,main_green,main_green,54,317.0,8.598462792337527,16,2,2,3.0,5.0,17.0,23.0
3036,main_green,main_green,59,332.0,8.007629681157086,20,2,2,3.0,5.0,17.0,23.0
3037,yellow_transition,yellow_transition,59,347.0,8.078353603849061,15,3,3,8.0,12.0,14.0,12.0
3038,yellow_transition,yellow_transition,59,362.0,8.10579908745207,15,3,3,8.0,12.0,14.0,12.0
3039,yellow_transition,yellow_transition,58,377.0,8.037924903733433,15,3,3,8.0,12.0,14.0,12.0
3040,main_green,side_green,60,215.0,7.94130331176637,13,2,0,8.0,12.0,14.0,12.0
3041,main_green,side_green,60,138.0,8.244185085270402,7,2,0,8.0,12.0,14.0,12.0
3042,main_green,side_green,60,134.0,8.72821355058907,7,2,0,8.0,12.0,14.0,12.0
3043,main_green,side_green,60,141.0,8.967903887595448,7,2,0,8.0,12.0,14.0,12.0
3044,main_green,side_green,60,149.0,9.076495093514069,9,2,0,8.0,12.0,14.0,12.0
3045,main_green,side_green,60,157.0,9.158158328496459,9,2,0,8.0,12.0,14.0,12.0
3046,main_green,side_green,60,167.0,9.407674462087638,10,2,0,8.0,12.0,14.0,12.0
3047,main_green,side_green,60,178.0,9.76684573286962,11,2,0,8.0,12.0,14.0,12.0
3048,main_green,side_green,64,190.0,8.988560828257487,17,2,0,8.0,12.0,14.0,12.0
3049,main_green,side_green,63,202.0,9.040034971306456,12,2,0,8.0,12.0,14.0,12.0
3050,yellow_transition,yellow_transition,63,214.0,8.819653795091218,13,3,1,13.0,9.0,-13.0,7.0
3051,yellow_transition,yellow_transition,62,226.0,8.64976697886074,12,3,1,13.0,9.0,-13.0,7.0
3052,yellow_transition,yellow_transition,63,240.0,8.32110374915412,15,3,1,13.0,9.0,-13.0,7.0
3053,side_green,main_green,62,67.0,8.301842360833579,8,0,2,13.0,9.0,-13.0,7.0
3054,side_green,main_green,61,3.0,8.376196124821968,1,0,2,13.0,9.0,-13.0,7.0
3055,side_green,main_green,62,5.0,8.51542824452056,3,0,2,13.0,9.0,-13.0,7.0
3056,side_green,main_green,63,8.0,8.687758577258748,4,0,2,13.0,9.0,-13.0,7.0
3057,side_green,main_green,61,12.0,9.101105214273963,4,0,2,13.0,9.0,-13.0,7.0
3058,side_green,main_green,59,18.0,9.47782844936067,6,0,2,13.0,9.0,-13.0,7.0
3059,side_green,main_green,58,25.0,9.819762011215023,7,0,2,13.0,9.0,-13.0,7.0
3060,side_green,main_green,59,33.0,9.285774985512244,13,0,2,13.0,9.0,-13.0,7.0
3061,side_green,main_green,59,41.0,9.385894703004181,9,0,2,13.0,9.0,-13.0,7.0
3062,side_green,main_green,56,49.0,9.586189649437653,8,0,2,13.0,9.0,-13.0,7.0
3063,yellow_transition,yellow_transition,56,58.0,9.76023502259717,9,1,3,-7.0,19.0,-3.0,1.0
3064,yellow_transition,yellow_transition,55,67.0,9.286714881532074,10,1,3,-7.0,19.0,-3.0,1.0
3065,yellow_transition,yellow_transition,53,76.0,8.814502266836664,9,1,3,-7.0,19.0,-3.0,1.0
3066,main_green,main_green,53,38.0,8.829222639721095,6,2,2,-7.0,19.0,-3.0,1.0
3067,main_green,main_green,53,21.0,9.121051113775987,2,2,2,-7.0,19.0,-3.0,1.0
3068,main_green,main_green,54,24.0,9.280990245310816,4,2,2,-7.0,19.0,-3.0,1.0
3069,main_green,main_green,54,29.0,9.584155637837592,5,2,2,-7.0,19.0,-3.0,1.0
3070,main_green,main_green,54,35.0,9.945334836076185,6,2,2,-7.0,19.0,-3.0,1.0
3071,main_green,main_green,53,41.0,10.122855662674706,7,2,2,-7.0,19.0,-3.0,1.0
3072,main_green,main_green,57,47.0,9.362600366555446,11,2,2,-7.0,19.0,-3.0,1.0
3073,main_green,main_green,55,53.0,9.667533306042019,6,2,2,-7.0,19.0,-3.0,1.0
3074,main_green,main_green,55,59.0,10.081605462834121,6,2,2,-7.0,19.0,-3.0,1.0
3075,main_green,main_green,53,65.0,10.17353976564795,6,2,2,-7.0,19.0,-3.0,1.0
3076,main_green,main_green,54,71.0,9.926772735179602,8,2,2,0.0,14.0,1.0,7.0
3077,main_green,main_green,53,77.0,10.049922941820968,6,2,2,0.0,14.0,1.0,7.0
3078,main_green,main_green,53,83.0,10.087273836961714,6,2,2,0.0,14.0,1.0,7.0
3079,main_green,main_green,52,89.0,10.002847877506154,6,2,2,0.0,14.0,1.0,7.0
3080,main_green,main_green,51,95.0,9.56444430188717,7,2,2,0.0,14.0,1.0,7.0
3081,main_green,main_green,52,103.0,9.37864184344205,9,2,2,0.0,14.0,1.0,7.0
3082,main_green,main_green,50,113.0,9.361483757180048,10,2,2,0.0,14.0,1.0,7.0
3083,main_green,main_green,49,123.0,9.37283946990446,10,2,2,0.0,14.0,1.0,7.0
3084,main_green,main_green,54,133.0,8.60924238108634,15,2,2,0.0,14.0,1.0,7.0
3085,main_green,main_green,54,143.0,8.895867369708338,10,2,2,0.0,14.0,1.0,7.0
3086,main_green,main_green,55,153.0,8.915456971262607,11,2,2,1.0,5.0,13.0,19.0
3087,main_green,main_green,55,163.0,9.168790684164541,10,2,2,1.0,5.0,13.0,19.0
3088,main_green,main_green,56,173.0,9.065069798148444,11,2,2,1.0,5.0,13.0,19.0
3089,main_green,main_green,56,183.0,9.187185065609658,10,2,2,1.0,5.0,13.0,19.0
3090,main_green,main_green,55,193.0,9.15407680784705,10,2,2,1.0,5.0,13.0,19.0
3091,main_green,main_green,55,203.0,8.916541538693522,11,2,2,1.0,5.0,13.0,19.0
3092,main_green,main_green,55,215.0,8.721670814394805,13,2,2,1.0,5.0,13.0,19.0
3093,main_green,main_green,55,228.0,8.787963279375077,13,2,2,1.0,5.0,13.0,19.0
3094,main_green,main_green,54,242.0,8.786225088743267,14,2,2,1.0,5.0,13.0,19.0
3095,main_green,main_green,52,256.0,8.76278426308944,14,2,2,1.0,5.0,13.0,19.0
3096,main_green,main_green,57,270.0,8.095630509256821,19,2,2,1.0,7.0,13.0,21.0
3097,main_green,main_green,58,284.0,8.156363269504299,15,2,2,1.0,7.0,13.0,21.0
3098,main_green,main_green,58,298.0,8.442946690861692,14,2,2,1.0,7.0,13.0,21.0
3099,main_green,main_green,58,312.0,8.544504849260399,14,2,2,1.0,7.0,13.0,21.0
3100,main_green,main_green,59,326.0,8.290729295312126,15,2,2,1.0,7.0,13.0,21.0
3101,main_green,main_green,59,340.0,8.345676135717097,14,2,2,1.0,7.0,13.0,21.0
3102,main_green,main_green,59,354.0,8.116117928565977,15,2,2,1.0,7.0,13.0,21.0
3103,main_green,main_green,59,369.0,8.267219161152761,15,2,2,1.0,7.0,13.0,21.0
3104,main_green,main_green,60,386.0,8.25559073951677,18,2,2,1.0,7.0,13.0,21.0
3105,main_green,main_green,60,404.0,8.378186853730417,18,2,2,1.0,7.0,13.0,21.0
3106,yellow_transition,yellow_transition,60,422.0,8.45027183793112,18,3,3,8.0,8.0,12.0,8.0
3107,yellow_transition,yellow_transition,59,440.0,8.069780175876716,19,3,3,8.0,8.0,12.0,8.0
3108,yellow_transition,yellow_transition,64,458.0,7.383372329160604,23,3,3,8.0,8.0,12.0,8.0
3109,main_green,side_green,64,290.0,7.748523902535923,14,2,0,8.0,8.0,12.0,8.0
3110,main_green,side_green,63,208.0,8.082919010691297,10,2,0,8.0,8.0,12.0,8.0
3111,main_green,side_green,63,202.0,8.263157642197857,9,2,0,8.0,8.0,12.0,8.0
3112,main_green,side_green,64,211.0,8.092368867113745,11,2,0,8.0,8.0,12.0,8.0
3113,main_green,side_green,63,220.0,8.203223083036612,9,2,0,8.0,8.0,12.0,8.0
3114,main_green,side_green,63,230.0,8.577756887232784,10,2,0,8.0,8.0,12.0,8.0
3115,main_green,side_green,63,242.0,9.095750110897693,12,2,0,8.0,8.0,12.0,8.0
3116,main_green,side_green,63,256.0,9.102710849861912,15,2,0,8.0,8.0,12.0,8.0
3117,main_green,side_green,63,270.0,8.928579031438025,15,2,0,8.0,8.0,12.0,8.0
3118,main_green,side_green,63,285.0,9.028332329976333,15,2,0,8.0,8.0,12.0,8.0
3119,yellow_transition,yellow_transition,63,300.0,9.07257419358335,15,3,1,10.0,6.0,-17.0,11.0
3120,yellow_transition,yellow_transition,68,315.0,8.442586380385974,20,3,1,10.0,6.0,-17.0,11.0
3121,yellow_transition,yellow_transition,68,330.0,8.369052914285227,15,3,1,10.0,6.0,-17.0,11.0
3122,side_green,main_green,67,122.0,8.441715763510743,8,0,2,10.0,6.0,-17.0,11.0
3123,side_green,main_green,67,19.0,8.71502797020813,2,0,2,10.0,6.0,-17.0,11.0
3124,side_green,main_green,67,0.0,8.944153283844985,1,0,2,10.0,6.0,-17.0,11.0
3125,side_green,main_green,67,2.0,9.413956362143454,2,0,2,10.0,6.0,-17.0,11.0
3126,side_green,main_green,66,4.0,9.887377656784665,2,0,2,10.0,6.0,-17.0,11.0
3127,side_green,main_green,64,6.0,10.149861677088007,3,0,2,10.0,6.0,-17.0,11.0
3128,side_green,main_green,63,10.0,10.17799995436008,5,0,2,10.0,6.0,-17.0,11.0
3129,side_green,main_green,60,14.0,10.224771523007071,4,0,2,10.0,6.0,-17.0,11.0
3130,side_green,main_green,60,19.0,10.278686709421729,5,0,2,10.0,6.0,-17.0,11.0
3131,side_green,main_green,55,25.0,10.260524185998124,6,0,2,10.0,6.0,-17.0,11.0
3132,yellow_transition,yellow_transition,60,32.0,9.48799435169826,12,1,3,-13.0,15.0,-8.0,0.0
3133,yellow_transition,yellow_transition,56,39.0,9.0383725129533,8,1,3,-13.0,15.0,-8.0,0.0
3134,yellow_transition,yellow_transition,56,47.0,9.088111010535815,8,1,3,-13.0,15.0,-8.0,0.0
3135,main_green,main_green,56,26.0,9.570279062611148,4,2,2,-13.0,15.0,-8.0,0.0
3136,main_green,main_green,57,18.0,9.67298954622093,3,2,2,-13.0,15.0,-8.0,0.0
3137,main_green,main_green,56,20.0,9.879685219704902,2,2,2,-13.0,15.0,-8.0,0.0
3138,main_green,main_green,57,22.0,10.048492237371029,3,2,2,-13.0,15.0,-8.0,0.0
3139,main_green,main_green,57,24.0,10.11691908076981,2,2,2,-13.0,15.0,-8.0,0.0
3140,main_green,main_green,56,27.0,10.04873615096632,4,2,2,-13.0,15.0,-8.0,0.0
3141,main_green,main_green,55,32.0,10.267486039364792,5,2,2,-13.0,15.0,-8.0,0.0
3142,main_green,main_green,54,38.0,10.547649557585721,6,2,2,-13.0,15.0,-8.0,0.0
3143,main_green,main_green,54,44.0,10.375010458793973,7,2,2,-13.0,15.0,-8.0,0.0
3144,main_green,main_green,57,50.0,9.53310192017202,11,2,2,-13.0,15.0,-8.0,0.0
3145,main_green,main_green,55,56.0,9.784246722763772,6,2,2,-3.0,13.0,0.0,8.0
3146,main_green,main_green,53,62.0,9.919947642202109,6,2,2,-3.0,13.0,0.0,8.0
3147,main_green,main_green,53,68.0,10.207979610200006,6,2,2,-3.0,13.0,0.0,8.0
3148,main_green,main_green,52,74.0,9.736063711244629,8,2,2,-3.0,13.0,0.0,8.0
3149,main_green,main_green,52,80.0,9.668595236533333,6,2,2,-3.0,13.0,0.0,8.0
3150,main_green,main_green,52,86.0,9.703838839852617,6,2,2,-3.0,13.0,0.0,8.0
3151,main_green,main_green,52,93.0,9.733938438410968,7,2,2,-3.0,13.0,0.0,8.0
3152,main_green,main_green,53,103.0,9.603271879075303,11,2,2,-3.0,13.0,0.0,8.0
3153,main_green,main_green,53,113.0,9.538374749997361,11,2,2,-3.0,13.0,0.0,8.0
3154,main_green,main_green,52,123.0,9.540136883116553,10,2,2,-3.0,13.0,0.0,8.0
3155,main_green,main_green,51,133.0,9.719028422410245,10,2,2,-2.0,10.0,5.0,13.0
3156,main_green,main_green,55,143.0,8.80249230642743,15,2,2,-2.0,10.0,5.0,13.0
3157,main_green,main_green,55,153.0,9.122046242714148,10,2,2,-2.0,10.0,5.0,13.0
3158,main_green,main_green,56,163.0,9.190027801597722,11,2,2,-2.0,10.0,5.0,13.0
3159,main_green,main_green,56,173.0,9.261383423538623,10,2,2,-2.0,10.0,5.0,13.0
3160,main_green,main_green,56,183.0,9.079205228628924,11,2,2,-2.0,10.0,5.0,13.0
3161,main_green,main_green,54,193.0,9.028646753068474,10,2,2,-2.0,10.0,5.0,13.0
3162,main_green,main_green,54,203.0,8.77996496025834,10,2,2,-2.0,10.0,5.0,13.0
3163,main_green,main_green,53,213.0,8.592256059249292,11,2,2,-2.0,10.0,5.0,13.0
3164,main_green,main_green,54,226.0,8.637783508150275,14,2,2,-2.0,10.0,5.0,13.0
3165,main_green,main_green,53,240.0,8.630340810786992,14,2,2,2.0,8.0,13.0,19.0
3166,main_green,main_green,53,254.0,8.80701509490606,14,2,2,2.0,8.0,13.0,19.0
3167,main_green,main_green,53,268.0,8.894401219100123,14,2,2,2.0,8.0,13.0,19.0
3168,main_green,main_green,58,282.0,8.176693693883534,19,2,2,2.0,8.0,13.0,19.0
3169,main_green,main_green,59,296.0,8.299405227998957,15,2,2,2.0,8.0,13.0,19.0
3170,main_green,main_green,58,310.0,8.434638783347776,14,2,2,2.0,8.0,13.0,19.0
3171,main_green,main_green,58,324.0,8.55027269163149,14,2,2,2.0,8.0,13.0,19.0
3172,main_green,main_green,59,338.0,8.48850540725641,15,2,2,2.0,8.0,13.0,19.0
3173,main_green,main_green,58,352.0,8.542033431017632,14,2,2,2.0,8.0,13.0,19.0
3174,main_green,main_green,58,366.0,8.536288977549686,15,2,2,2.0,8.0,13.0,19.0
3175,main_green,main_green,58,382.0,8.528309739836756,16,2,2,9.0,9.0,13.0,13.0
3176,main_green,main_green,59,398.0,8.253075479339527,17,2,2,9.0,9.0,13.0,13.0
3177,main_green,main_green,58,415.0,8.243527673856585,17,2,2,9.0,9.0,13.0,13.0
3178,main_green,main_green,58,433.0,8.388666500162769,18,2,2,9.0,9.0,13.0,13.0
3179,main_green,main_green,59,451.0,8.321669488624037,19,2,2,9.0,9.0,13.0,13.0
3180,main_green,main_green,63,469.0,7.713266855391876,23,2,2,9.0,9.0,13.0,13.0
3181,main_green,main_green,63,487.0,7.886651350141562,18,2,2,9.0,9.0,13.0,13.0
3182,main_green,main_green,63,505.0,8.2476477220375,18,2,2,9.0,9.0,13.0,13.0
3183,main_green,main_green,62,523.0,8.131062220486232,18,2,2,9.0,9.0,13.0,13.0
3184,main_green,main_green,63,541.0,7.8458828634329345,20,2,2,9.0,9.0,13.0,13.0
3185,yellow_transition,yellow_transition,62,559.0,7.696953485915069,18,3,3,14.0,14.0,15.0,9.0
3186,yellow_transition,yellow_transition,62,577.0,7.531799377364662,18,3,3,14.0,14.0,15.0,9.0
3187,yellow_transition,yellow_transition,61,597.0,7.3239337740332475,20,3,3,14.0,14.0,15.0,9.0
3188,main_green,side_green,61,401.0,7.0510052745937,19,2,0,14.0,14.0,15.0,9.0
3189,main_green,side_green,62,290.0,7.230707236386125,15,2,0,14.0,14.0,15.0,9.0
3190,main_green,side_green,61,270.0,7.423717830847718,11,2,0,14.0,14.0,15.0,9.0
3191,main_green,side_green,60,283.0,7.825027743172743,13,2,0,14.0,14.0,15.0,9.0
3192,main_green,side_green,64,296.0,7.602652073944806,18,2,0,14.0,14.0,15.0,9.0
3193,main_green,side_green,64,309.0,8.105254645955352,13,2,0,14.0,14.0,15.0,9.0
3194,main_green,side_green,65,323.0,8.480575513483268,15,2,0,14.0,14.0,15.0,9.0
3195,main_green,side_green,65,337.0,8.726257148964768,14,2,0,14.0,14.0,15.0,9.0
3196,main_green,side_green,65,351.0,8.826521711356081,15,2,0,14.0,14.0,15.0,9.0
3197,main_green,side_green,65,365.0,8.800637734999457,14,2,0,14.0,14.0,15.0,9.0
3198,yellow_transition,yellow_transition,64,380.0,8.661143704851321,15,3,1,14.0,2.0,-14.0,14.0
3199,yellow_transition,yellow_transition,64,396.0,8.556755492455794,17,3,1,14.0,2.0,-14.0,14.0
3200,yellow_transition,yellow_transition,65,413.0,8.467238246861273,18,3,1,14.0,2.0,-14.0,14.0
3201,side_green,main_green,65,173.0,8.54803422408329,10,0,2,14.0,2.0,-14.0,14.0
3202,side_green,main_green,65,38.0,8.961203370993777,4,0,2,14.0,2.0,-14.0,14.0
3203,side_green,main_green,64,0.0,9.44804570770291,0,0,2,14.0,2.0,-14.0,14.0
3204,side_green,main_green,69,1.0,9.253834548374149,6,0,2,14.0,2.0,-14.0,14.0
3205,side_green,main_green,70,3.0,9.702667487851105,3,0,2,14.0,2.0,-14.0,14.0
3206,side_green,main_green,68,5.0,10.19432807563727,2,0,2,14.0,2.0,-14.0,14.0
3207,side_green,main_green,65,7.0,10.598354368285714,2,0,2,14.0,2.0,-14.0,14.0
3208,side_green,main_green,65,9.0,10.748462140704346,3,0,2,14.0,2.0,-14.0,14.0
3209,side_green,main_green,60,12.0,10.967105809348146,3,0,2,14.0,2.0,-14.0,14.0
3210,side_green,main_green,61,15.0,10.931792150681584,4,0,2,14.0,2.0,-14.0,14.0
3211,yellow_transition,yellow_transition,58,19.0,10.843372865713262,4,1,3,-15.0,11.0,-11.0,-3.0
3212,yellow_transition,yellow_transition,59,24.0,10.611020614749599,6,1,3,-15.0,11.0,-11.0,-3.0
3213,yellow_transition,yellow_transition,58,29.0,10.568486651959391,5,1,3,-15.0,11.0,-11.0,-3.0
3214,main_green,main_green,56,5.0,10.538463086980089,2,2,2,-15.0,11.0,-11.0,-3.0
3215,main_green,main_green,56,3.0,10.592473759820194,3,2,2,-15.0,11.0,-11.0,-3.0
3216,main_green,main_green,60,5.0,10.02079574934528,7,2,2,-15.0,11.0,-11.0,-3.0
3217,main_green,main_green,59,7.0,10.428746290748697,2,2,2,-15.0,11.0,-11.0,-3.0
3218,main_green,main_green,59,9.0,10.747809502264206,2,2,2,-15.0,11.0,-11.0,-3.0
3219,main_green,main_green,56,11.0,11.097393951476311,2,2,2,-15.0,11.0,-11.0,-3.0
3220,main_green,main_green,56,13.0,10.95594410583404,4,2,2,-15.0,11.0,-11.0,-3.0
3221,main_green,main_green,54,15.0,11.042671710060047,2,2,2,-15.0,11.0,-11.0,-3.0
3222,main_green,main_green,53,17.0,11.118175076810399,2,2,2,-15.0,11.0,-11.0,-3.0
3223,main_green,main_green,51,19.0,10.817772374305823,2,2,2,-15.0,11.0,-11.0,-3.0
3224,main_green,main_green,50,23.0,10.454290433729996,5,2,2,-5.0,13.0,-5.0,5.0
3225,main_green,main_green,51,29.0,10.486182958081283,7,2,2,-5.0,13.0,-5.0,5.0
3226,main_green,main_green,48,35.0,10.441277409011205,6,2,2,-5.0,13.0,-5.0,5.0
3227,main_green,main_green,47,41.0,10.44143073339877,6,2,2,-5.0,13.0,-5.0,5.0
3228,main_green,main_green,52,47.0,9.526345069120783,11,2,2,-5.0,13.0,-5.0,5.0
3229,main_green,main_green,51,53.0,9.617144685492187,6,2,2,-5.0,13.0,-5.0,5.0
3230,main_green,main_green,52,59.0,9.820276841245182,7,2,2,-5.0,13.0,-5.0,5.0
3231,main_green,main_green,51,65.0,10.055658807680198,6,2,2,-5.0,13.0,-5.0,5.0
3232,main_green,main_green,52,71.0,9.976940538940276,7,2,2,-5.0,13.0,-5.0,5.0
3233,main_green,main_green,50,77.0,10.011765038009772,6,2,2,-5.0,13.0,-5.0,5.0
3234,main_green,main_green,49,83.0,9.777985947254813,6,2,2,-2.0,6.0,7.0,17.0
3235,main_green,main_green,49,90.0,9.48938871313699,8,2,2,-2.0,6.0,7.0,17.0
3236,main_green,main_green,49,98.0,9.320467775144328,9,2,2,-2.0,6.0,7.0,17.0
3237,main_green,main_green,49,108.0,9.395222245037404,10,2,2,-2.0,6.0,7.0,17.0
3238,main_green,main_green,49,118.0,9.604324669157895,10,2,2,-2.0,6.0,7.0,17.0
3239,main_green,main_green,49,128.0,9.677800536139566,10,2,2,-2.0,6.0,7.0,17.0
3240,main_green,main_green,54,138.0,8.848517791747643,15,2,2,-2.0,6.0,7.0,17.0
3241,main_green,main_green,54,148.0,8.856662921732473,11,2,2,-2.0,6.0,7.0,17.0
3242,main_green,main_green,53,158.0,9.070524019913902,10,2,2,-2.0,6.0,7.0,17.0
3243,main_green,main_green,52,168.0,9.085782233124117,10,2,2,-2.0,6.0,7.0,17.0
3244,main_green,main_green,53,178.0,9.160931300201549,11,2,2,4.0,12.0,11.0,13.0
3245,main_green,main_green,53,188.0,9.187917187351404,10,2,2,4.0,12.0,11.0,13.0
3246,main_green,main_green,54,198.0,9.129787202548293,11,2,2,4.0,12.0,11.0,13.0
3247,main_green,main_green,53,209.0,9.100973076677315,11,2,2,4.0,12.0,11.0,13.0
3248,main_green,main_green,54,220.0,8.96599726081882,12,2,2,4.0,12.0,11.0,13.0
3249,main_green,main_green,54,233.0,8.985539077955318,13,2,2,4.0,12.0,11.0,13.0
3250,main_green,main_green,54,246.0,9.07803526853669,13,2,2,4.0,12.0,11.0,13.0
3251,main_green,main_green,54,260.0,8.828495321308884,15,2,2,4.0,12.0,11.0,13.0
3252,main_green,main_green,58,274.0,8.217630497648402,19,2,2,4.0,12.0,11.0,13.0
3253,main_green,main_green,58,288.0,8.52272166849018,14,2,2,4.0,12.0,11.0,13.0
3254,yellow_transition,yellow_transition,58,302.0,8.746603833125532,14,3,3,8.0,8.0,13.0,11.0
3255,yellow_transition,yellow_transition,57,316.0,8.672677996886655,14,3,3,8.0,8.0,13.0,11.0
3256,yellow_transition,yellow_transition,59,330.0,8.176114741261488,16,3,3,8.0,8.0,13.0,11.0
3257,main_green,side_green,59,189.0,8.14462580673457,10,2,0,8.0,8.0,13.0,11.0
3258,main_green,side_green,57,134.0,8.135559899822441,9,2,0,8.0,8.0,13.0,11.0
3259,main_green,side_green,57,140.0,8.332805903454934,8,2,0,8.0,8.0,13.0,11.0
3260,main_green,side_green,58,150.0,8.460242702056417,11,2,0,8.0,8.0,13.0,11.0
3261,main_green,side_green,59,161.0,8.620412222303178,12,2,0,8.0,8.0,13.0,11.0
3262,main_green,side_green,59,173.0,8.877849712803373,12,2,0,8.0,8.0,13.0,11.0
3263,main_green,side_green,58,185.0,9.204874077059428,12,2,0,8.0,8.0,13.0,11.0
3264,main_green,side_green,63,198.0,8.638556115363267,18,2,0,8.0,8.0,13.0,11.0
3265,main_green,side_green,60,211.0,8.753735243490544,13,2,0,8.0,8.0,13.0,11.0
3266,main_green,side_green,61,224.0,8.824784164773774,14,2,0,8.0,8.0,13.0,11.0
3267,yellow_transition,yellow_transition,60,237.0,8.86489053285544,13,3,1,10.0,2.0,-8.0,18.0
3268,yellow_transition,yellow_transition,60,250.0,8.641258785810074,14,3,1,10.0,2.0,-8.0,18.0
3269,yellow_transition,yellow_transition,60,263.0,8.367317398185936,13,3,1,10.0,2.0,-8.0,18.0
3270,side_green,main_green,59,73.0,8.376095711701351,6,0,2,10.0,2.0,-8.0,18.0
3271,side_green,main_green,59,3.0,8.455222097800025,3,0,2,10.0,2.0,-8.0,18.0
3272,side_green,main_green,59,1.0,8.764696389273348,2,0,2,10.0,2.0,-8.0,18.0
3273,side_green,main_green,59,4.0,9.301723469153202,3,0,2,10.0,2.0,-8.0,18.0
3274,side_green,main_green,58,7.0,9.905337680139974,3,0,2,10.0,2.0,-8.0,18.0
3275,side_green,main_green,57,10.0,10.270212335540517,3,0,2,10.0,2.0,-8.0,18.0
3276,side_green,main_green,61,13.0,9.78326325253881,8,0,2,10.0,2.0,-8.0,18.0
3277,side_green,main_green,58,17.0,9.841584899491098,5,0,2,10.0,2.0,-8.0,18.0
3278,side_green,main_green,57,22.0,10.005386686597285,5,0,2,10.0,2.0,-8.0,18.0
3279,side_green,main_green,55,28.0,10.155522364540241,6,0,2,10.0,2.0,-8.0,18.0
3280,yellow_transition,yellow_transition,56,35.0,9.853700100012096,8,1,3,-7.0,17.0,-4.0,0.0
3281,yellow_transition,yellow_transition,54,42.0,9.838647304093998,7,1,3,-7.0,17.0,-4.0,0.0
3282,yellow_transition,yellow_transition,55,49.0,9.536244596782293,8,1,3,-7.0,17.0,-4.0,0.0
3283,main_green,main_green,55,27.0,9.448791328032545,3,2,2,-7.0,17.0,-4.0,0.0
3284,main_green,main_green,56,27.0,9.518565410252975,5,2,2,-7.0,17.0,-4.0,0.0
3285,main_green,main_green,56,33.0,9.64917326425775,6,2,2,-7.0,17.0,-4.0,0.0
3286,main_green,main_green,55,39.0,9.893817335042915,6,2,2,-7.0,17.0,-4.0,0.0
3287,main_green,main_green,56,45.0,10.043189965169768,7,2,2,-7.0,17.0,-4.0,0.0
3288,main_green,main_green,57,51.0,9.335070029458278,11,2,2,-7.0,17.0,-4.0,0.0
3289,main_green,main_green,57,57.0,9.82138632751849,6,2,2,-7.0,17.0,-4.0,0.0
3290,main_green,main_green,56,63.0,10.130941566282063,6,2,2,-7.0,17.0,-4.0,0.0
3291,main_green,main_green,55,69.0,10.40634172280444,6,2,2,-7.0,17.0,-4.0,0.0
3292,main_green,main_green,56,75.0,10.145166612273538,8,2,2,-7.0,17.0,-4.0,0.0
3293,main_green,main_green,55,81.0,10.298550963092637,6,2,2,0.0,18.0,-2.0,4.0
3294,main_green,main_green,54,87.0,10.15776067677651,6,2,2,0.0,18.0,-2.0,4.0
3295,main_green,main_green,53,94.0,10.08306015585548,7,2,2,0.0,18.0,-2.0,4.0
3296,main_green,main_green,52,102.0,9.70247086155649,9,2,2,0.0,18.0,-2.0,4.0
3297,main_green,main_green,52,110.0,9.664782582692533,9,2,2,0.0,18.0,-2.0,4.0
3298,main_green,main_green,51,119.0,9.790077055636539,9,2,2,0.0,18.0,-2.0,4.0
3299,main_green,main_green,51,129.0,9.91547027061371,10,2,2,0.0,18.0,-2.0,4.0
3300,main_green,main_green,54,139.0,8.917341596851955,15,2,2,0.0,18.0,-2.0,4.0
3301,main_green,main_green,54,149.0,9.189993899851979,10,2,2,0.0,18.0,-2.0,4.0
3302,main_green,main_green,55,159.0,9.220163484599377,11,2,2,0.0,18.0,-2.0,4.0
3303,main_green,main_green,54,169.0,9.446596596220218,10,2,2,1.0,7.0,11.0,17.0
3304,main_green,main_green,54,179.0,9.274114938385068,11,2,2,1.0,7.0,11.0,17.0
3305,main_green,main_green,54,189.0,9.302032839487735,10,2,2,1.0,7.0,11.0,17.0
3306,main_green,main_green,53,200.0,9.28957127579208,11,2,2,1.0,7.0,11.0,17.0
3307,main_green,main_green,53,211.0,8.984791349928901,12,2,2,1.0,7.0,11.0,17.0
3308,main_green,main_green,54,223.0,8.93427944138161,13,2,2,1.0,7.0,11.0,17.0
3309,main_green,main_green,54,236.0,8.959812336052355,13,2,2,1.0,7.0,11.0,17.0
3310,main_green,main_green,54,250.0,9.082466121600461,14,2,2,1.0,7.0,11.0,17.0
3311,main_green,main_green,52,264.0,9.116390003963081,14,2,2,1.0,7.0,11.0,17.0
3312,main_green,main_green,57,278.0,8.329034422453919,19,2,2,1.0,7.0,11.0,17.0
3313,yellow_transition,yellow_transition,57,292.0,8.157288655499901,15,3,3,5.0,7.0,18.0,16.0
3314,yellow_transition,yellow_transition,57,306.0,8.262008076055457,14,3,3,5.0,7.0,18.0,16.0
3315,yellow_transition,yellow_transition,57,321.0,8.196233927465395,15,3,3,5.0,7.0,18.0,16.0
3316,main_green,side_green,58,182.0,8.200931752970442,12,2,0,5.0,7.0,18.0,16.0
3317,main_green,side_green,58,133.0,8.218698349166923,7,2,0,5.0,7.0,18.0,16.0
3318,main_green,side_green,59,141.0,8.228897440202761,9,2,0,5.0,7.0,18.0,16.0
3319,main_green,side_green,59,150.0,8.587133588405,9,2,0,5.0,7.0,18.0,16.0
3320,main_green,side_green,60,160.0,8.812403718817071,11,2,0,5.0,7.0,18.0,16.0
3321,main_green,side_green,58,172.0,8.94552902726796,12,2,0,5.0,7.0,18.0,16.0
3322,main_green,side_green,57,184.0,9.137122044980737,12,2,0,5.0,7.0,18.0,16.0
3323,main_green,side_green,58,197.0,9.271272330624964,14,2,0,5.0,7.0,18.0,16.0
3324,main_green,side_green,62,210.0,8.614902264810572,18,2,0,5.0,7.0,18.0,16.0
3325,main_green,side_green,62,223.0,8.769568352212897,13,2,0,5.0,7.0,18.0,16.0
3326,yellow_transition,yellow_transition,61,237.0,8.868774701800199,14,3,1,9.0,1.0,-8.0,18.0
3327,yellow_transition,yellow_transition,61,251.0,8.870595174395136,14,3,1,9.0,1.0,-8.0,18.0
3328,yellow_transition,yellow_transition,63,265.0,8.466987929244597,16,3,1,9.0,1.0,-8.0,18.0
3329,side_green,main_green,63,81.0,8.59108852276039,7,0,2,9.0,1.0,-8.0,18.0
3330,side_green,main_green,63,0.0,8.875136197556907,0,0,2,9.0,1.0,-8.0,18.0
3331,side_green,main_green,63,0.0,9.228638920663471,0,0,2,9.0,1.0,-8.0,18.0
3332,side_green,main_green,61,0.0,9.329128569204267,1,0,2,9.0,1.0,-8.0,18.0
3333,side_green,main_green,62,1.0,9.662259811304073,2,0,2,9.0,1.0,-8.0,18.0
3334,side_green,main_green,60,4.0,9.988516146476453,3,0,2,9.0,1.0,-8.0,18.0
3335,side_green,main_green,58,7.0,10.469111623135616,3,0,2,9.0,1.0,-8.0,18.0
3336,side_green,main_green,61,10.0,9.78885884560086,8,0,2,9.0,1.0,-8.0,18.0
3337,side_green,main_green,58,16.0,9.97233342520421,6,0,2,9.0,1.0,-8.0,18.0
3338,side_green,main_green,57,23.0,10.059749632687968,8,0,2,9.0,1.0,-8.0,18.0
3339,yellow_transition,yellow_transition,56,30.0,10.167396616998913,7,1,3,-8.0,14.0,-2.0,4.0
3340,yellow_transition,yellow_transition,57,37.0,9.931416235036695,8,1,3,-8.0,14.0,-2.0,4.0
3341,yellow_transition,yellow_transition,56,45.0,9.711481176525027,8,1,3,-8.0,14.0,-2.0,4.0
3342,main_green,main_green,54,24.0,9.58533595615365,3,2,2,-8.0,14.0,-2.0,4.0
3343,main_green,main_green,55,21.0,9.549721608765998,3,2,2,-8.0,14.0,-2.0,4.0
3344,main_green,main_green,56,25.0,9.658546798749319,5,2,2,-8.0,14.0,-2.0,4.0
3345,main_green,main_green,56,31.0,10.0217053209977,6,2,2,-8.0,14.0,-2.0,4.0
3346,main_green,main_green,56,37.0,10.458774589806984,6,2,2,-8.0,14.0,-2.0,4.0
3347,main_green,main_green,56,43.0,10.803882709564652,6,2,2,-8.0,14.0,-2.0,4.0
3348,main_green,main_green,57,49.0,10.013816147126626,11,2,2,-8.0,14.0,-2.0,4.0
3349,main_green,main_green,56,55.0,10.028691565717692,7,2,2,-8.0,14.0,-2.0,4.0
3350,main_green,main_green,53,61.0,10.1441385862089,6,2,2,-8.0,14.0,-2.0,4.0
3351,main_green,main_green,53,67.0,10.406280839988074,6,2,2,-8.0,14.0,-2.0,4.0
3352,main_green,main_green,53,73.0,10.325612714310424,7,2,2,2.0,16.0,-2.0,4.0
3353,main_green,main_green,53,79.0,10.298513118818116,6,2,2,2.0,16.0,-2.0,4.0
3354,main_green,main_green,54,85.0,10.192848501629282,7,2,2,2.0,16.0,-2.0,4.0
3355,main_green,main_green,53,91.0,10.057570288418454,6,2,2,2.0,16.0,-2.0,4.0
3356,main_green,main_green,53,98.0,9.819855090608806,8,2,2,2.0,16.0,-2.0,4.0
3357,main_green,main_green,52,108.0,9.743457138571038,10,2,2,2.0,16.0,-2.0,4.0
3358,main_green,main_green,52,118.0,9.95007010996428,10,2,2,2.0,16.0,-2.0,4.0
3359,main_green,main_green,51,128.0,9.877457771899726,11,2,2,2.0,16.0,-2.0,4.0
3360,main_green,main_green,55,138.0,9.122939214239443,15,2,2,2.0,16.0,-2.0,4.0
3361,main_green,main_green,54,148.0,9.362431075665494,10,2,2,2.0,16.0,-2.0,4.0
3362,main_green,main_green,53,158.0,9.438006056568225,10,2,2,2.0,10.0,10.0,16.0
3363,main_green,main_green,52,168.0,9.577868765222924,10,2,2,2.0,10.0,10.0,16.0
3364,main_green,main_green,54,178.0,9.241574066373381,12,2,2,2.0,10.0,10.0,16.0
3365,main_green,main_green,54,188.0,9.232860842185975,10,2,2,2.0,10.0,10.0,16.0
3366,main_green,main_green,54,198.0,9.170470288894522,10,2,2,2.0,10.0,10.0,16.0
3367,main_green,main_green,52,211.0,9.037181349422301,13,2,2,2.0,10.0,10.0,16.0
3368,main_green,main_green,52,224.0,8.933962659935846,14,2,2,2.0,10.0,10.0,16.0
3369,main_green,main_green,53,238.0,8.865116314455529,15,2,2,2.0,10.0,10.0,16.0
3370,main_green,main_green,52,252.0,8.937618092898502,14,2,2,2.0,10.0,10.0,16.0
3371,main_green,main_green,51,266.0,9.03411130717801,14,2,2,2.0,10.0,10.0,16.0
3372,main_green,main_green,56,280.0,8.302517120387753,19,2,2,5.0,11.0,13.0,13.0
3373,main_green,main_green,56,294.0,8.559965626271643,14,2,2,5.0,11.0,13.0,13.0
3374,main_green,main_green,57,308.0,8.671665726768573,15,2,2,5.0,11.0,13.0,13.0
3375,main_green,main_green,57,322.0,8.796776572736984,14,2,2,5.0,11.0,13.0,13.0
3376,main_green,main_green,58,336.0,8.587591555105467,15,2,2,5.0,11.0,13.0,13.0
3377,main_green,main_green,56,350.0,8.454443528829684,14,2,2,5.0,11.0,13.0,13.0
3378,main_green,main_green,56,364.0,8.48852837213998,14,2,2,5.0,11.0,13.0,13.0
3379,main_green,main_green,56,380.0,8.285029900392354,17,2,2,5.0,11.0,13.0,13.0
3380,main_green,main_green,57,398.0,8.26444354024123,19,2,2,5.0,11.0,13.0,13.0
3381,main_green,main_green,57,416.0,8.249397646723176,18,2,2,5.0,11.0,13.0,13.0
3382,yellow_transition,yellow_transition,57,434.0,8.345088958962364,18,3,3,10.0,8.0,13.0,9.0
3383,yellow_transition,yellow_transition,57,452.0,8.433184984143649,18,3,3,10.0,8.0,13.0,9.0
3384,yellow_transition,yellow_transition,61,470.0,7.708911606770618,23,3,3,10.0,8.0,13.0,9.0
3385,side_green,side_green,62,159.0,8.04894233864236,11,0,0,10.0,8.0,13.0,9.0
3386,side_green,side_green,62,16.0,8.51682708388132,2,0,0,10.0,8.0,13.0,9.0
3387,side_green,side_green,62,0.0,8.841448117248047,0,0,0,10.0,8.0,13.0,9.0
3388,side_green,side_green,63,1.0,9.029756352234422,2,0,0,10.0,8.0,13.0,9.0
3389,side_green,side_green,62,2.0,9.420133943956664,1,0,0,10.0,8.0,13.0,9.0
3390,side_green,side_green,62,5.0,9.67214969251142,4,0,0,10.0,8.0,13.0,9.0
3391,side_green,side_green,62,10.0,10.170033535793886,5,0,0,10.0,8.0,13.0,9.0
3392,side_green,side_green,63,16.0,10.28712828894756,7,0,0,10.0,8.0,13.0,9.0
3393,side_green,side_green,62,23.0,10.427499713267187,7,0,0,10.0,8.0,13.0,9.0
3394,side_green,side_green,60,31.0,10.450801339253301,8,0,0,10.0,8.0,13.0,9.0
3395,yellow_transition,yellow_transition,60,39.0,10.197232799007109,9,1,1,-16.0,6.0,-16.0,6.0
3396,yellow_transition,yellow_transition,63,49.0,9.25580426793174,15,1,1,-16.0,6.0,-16.0,6.0
3397,yellow_transition,yellow_transition,62,59.0,9.365761790396409,10,1,1,-16.0,6.0,-16.0,6.0
3398,main_green,main_green,62,7.0,9.577678279485172,3,2,2,-16.0,6.0,-16.0,6.0
3399,main_green,main_green,61,0.0,9.827791561980204,0,2,2,-16.0,6.0,-16.0,6.0
3400,main_green,main_green,63,0.0,9.857753178362053,2,2,2,-16.0,6.0,-16.0,6.0
3401,main_green,main_green,63,0.0,10.188482446861396,0,2,2,-16.0,6.0,-16.0,6.0
3402,main_green,main_green,62,0.0,10.698804183063615,0,2,2,-16.0,6.0,-16.0,6.0
3403,main_green,main_green,57,0.0,10.886236265959887,0,2,2,-16.0,6.0,-16.0,6.0
3404,main_green,main_green,54,1.0,10.924377121000562,2,2,2,-16.0,6.0,-16.0,6.0
3405,main_green,main_green,51,5.0,10.822840590188566,5,2,2,-16.0,6.0,-16.0,6.0
3406,main_green,main_green,47,9.0,10.912462195559725,4,2,2,-16.0,6.0,-16.0,6.0
3407,main_green,main_green,43,13.0,10.896656761902282,4,2,2,-16.0,6.0,-16.0,6.0
3408,main_green,main_green,46,17.0,9.704516095644104,9,2,2,-2.0,12.0,-5.0,7.0
3409,main_green,main_green,45,21.0,9.900966106087067,4,2,2,-2.0,12.0,-5.0,7.0
3410,main_green,main_green,46,25.0,9.997485104751426,5,2,2,-2.0,12.0,-5.0,7.0
3411,main_green,main_green,46,29.0,10.35903207094464,4,2,2,-2.0,12.0,-5.0,7.0
3412,main_green,main_green,47,33.0,10.38148993527621,5,2,2,-2.0,12.0,-5.0,7.0
3413,main_green,main_green,47,37.0,10.386414170403727,4,2,2,-2.0,12.0,-5.0,7.0
3414,main_green,main_green,47,41.0,10.475693547161276,4,2,2,-2.0,12.0,-5.0,7.0
3415,main_green,main_green,48,46.0,10.115652978262586,6,2,2,-2.0,12.0,-5.0,7.0
3416,main_green,main_green,49,53.0,9.759756060508499,8,2,2,-2.0,12.0,-5.0,7.0
3417,main_green,main_green,49,60.0,10.049145016486824,7,2,2,-2.0,12.0,-5.0,7.0
3418,main_green,main_green,49,68.0,10.06339307697221,8,2,2,0.0,16.0,-1.0,13.0
3419,main_green,main_green,49,76.0,10.160687319073965,8,2,2,0.0,16.0,-1.0,13.0
3420,main_green,main_green,54,84.0,9.344489008013321,13,2,2,0.0,16.0,-1.0,13.0
3421,main_green,main_green,55,92.0,9.378118010936568,9,2,2,0.0,16.0,-1.0,13.0
3422,main_green,main_green,55,100.0,9.713920271710132,8,2,2,0.0,16.0,-1.0,13.0
3423,main_green,main_green,55,108.0,9.890480761041237,8,2,2,0.0,16.0,-1.0,13.0
3424,main_green,main_green,53,116.0,9.512060462316246,9,2,2,0.0,16.0,-1.0,13.0
3425,main_green,main_green,53,124.0,9.52174798757176,8,2,2,0.0,16.0,-1.0,13.0
3426,main_green,main_green,51,132.0,9.087999404742328,9,2,2,0.0,16.0,-1.0,13.0
3427,main_green,main_green,51,141.0,9.262685161299878,9,2,2,0.0,16.0,-1.0,13.0
3428,main_green,main_green,51,151.0,9.071463423446946,11,2,2,8.0,16.0,4.0,12.0
3429,main_green,main_green,51,162.0,9.18971190771679,11,2,2,8.0,16.0,4.0,12.0
3430,main_green,main_green,48,174.0,9.16434068052071,12,2,2,8.0,16.0,4.0,12.0
3431,main_green,main_green,49,186.0,9.094387145507637,13,2,2,8.0,16.0,4.0,12.0
3432,main_green,main_green,54,198.0,8.298922518194617,17,2,2,8.0,16.0,4.0,12.0
3433,main_green,main_green,54,210.0,8.584955193192709,12,2,2,8.0,16.0,4.0,12.0
3434,main_green,main_green,54,222.0,8.819624776602181,12,2,2,8.0,16.0,4.0,12.0
3435,main_green,main_green,54,234.0,8.949686253429492,12,2,2,8.0,16.0,4.0,12.0
3436,main_green,main_green,56,246.0,8.619709644057451,14,2,2,8.0,16.0,4.0,12.0
3437,main_green,main_green,56,258.0,8.897707936221208,12,2,2,8.0,16.0,4.0,12.0
3438,main_green,main_green,56,270.0,8.768449471084121,12,2,2,9.0,11.0,7.0,7.0
3439,main_green,main_green,56,283.0,8.85076287834413,13,2,2,9.0,11.0,7.0,7.0
3440,main_green,main_green,57,298.0,8.681544428485015,16,2,2,9.0,11.0,7.0,7.0
3441,main_green,main_green,58,314.0,8.654797199843069,17,2,2,9.0,11.0,7.0,7.0
3442,main_green,main_green,58,330.0,8.816394728191442,16,2,2,9.0,11.0,7.0,7.0
3443,main_green,main_green,58,346.0,8.908993310130102,16,2,2,9.0,11.0,7.0,7.0
3444,main_green,main_green,63,362.0,8.214584803984922,21,2,2,9.0,11.0,7.0,7.0
3445,main_green,main_green,63,378.0,8.366349831539967,16,2,2,9.0,11.0,7.0,7.0
3446,main_green,main_green,64,394.0,8.618647893790039,17,2,2,9.0,11.0,7.0,7.0
3447,main_green,main_green,63,410.0,8.53666866096145,16,2,2,9.0,11.0,7.0,7.0
3448,yellow_transition,yellow_transition,63,426.0,8.387995090369266,17,3,3,12.0,10.0,10.0,10.0
3449,yellow_transition,yellow_transition,62,442.0,8.166772708474884,16,3,3,12.0,10.0,10.0,10.0
3450,yellow_transition,yellow_transition,62,458.0,7.955570869775963,16,3,3,12.0,10.0,10.0,10.0
3451,side_green,main_green,61,308.0,8.040801165518157,13,0,2,12.0,10.0,10.0,10.0
3452,side_green,main_green,60,247.0,7.972168389114802,11,0,2,12.0,10.0,10.0,10.0
3453,side_green,main_green,59,255.0,8.020464715332803,10,0,2,12.0,10.0,10.0,10.0
3454,side_green,main_green,59,265.0,8.288565690187369,10,0,2,12.0,10.0,10.0,10.0
3455,side_green,main_green,58,276.0,8.445636782707755,11,0,2,12.0,10.0,10.0,10.0
3456,side_green,main_green,63,290.0,8.008234003836305,19,0,2,12.0,10.0,10.0,10.0
3457,side_green,main_green,62,304.0,8.05624073875637,15,0,2,12.0,10.0,10.0,10.0
3458,side_green,main_green,61,318.0,8.233329948297593,14,0,2,12.0,10.0,10.0,10.0
3459,side_green,main_green,60,335.0,8.305961201110637,17,0,2,12.0,10.0,10.0,10.0
3460,side_green,main_green,60,352.0,8.21334132526333,18,0,2,12.0,10.0,10.0,10.0
3461,yellow_transition,yellow_transition,59,369.0,8.070973072144342,17,1,3,-5.0,23.0,15.0,1.0
3462,yellow_transition,yellow_transition,60,386.0,7.782270977435636,18,1,3,-5.0,23.0,15.0,1.0
3463,yellow_transition,yellow_transition,60,403.0,7.6694184005583255,17,1,3,-5.0,23.0,15.0,1.0
3464,main_green,side_green,61,168.0,7.615664406243133,13,2,0,-5.0,23.0,15.0,1.0
3465,main_green,side_green,61,32.0,7.935328537023344,6,2,0,-5.0,23.0,15.0,1.0
3466,main_green,side_green,61,3.0,8.494497994952846,2,2,0,-5.0,23.0,15.0,1.0
3467,main_green,side_green,62,6.0,9.03040326240632,4,2,0,-5.0,23.0,15.0,1.0
3468,main_green,side_green,67,9.0,8.961871370713949,8,2,0,-5.0,23.0,15.0,1.0
3469,main_green,side_green,62,14.0,9.450906581840792,5,2,0,-5.0,23.0,15.0,1.0
3470,main_green,side_green,62,19.0,10.141064633115771,5,2,0,-5.0,23.0,15.0,1.0
3471,main_green,side_green,60,24.0,10.439453206730713,5,2,0,-5.0,23.0,15.0,1.0
3472,main_green,side_green,59,29.0,10.244177063638464,7,2,0,-5.0,23.0,15.0,1.0
3473,main_green,side_green,58,34.0,10.444787550262841,5,2,0,-5.0,23.0,15.0,1.0
3474,yellow_transition,yellow_transition,57,40.0,10.396460931489877,6,3,1,-5.0,1.0,-10.0,14.0
3475,yellow_transition,yellow_transition,56,47.0,10.522800541229111,7,3,1,-5.0,1.0,-10.0,14.0
3476,yellow_transition,yellow_transition,56,54.0,10.298088572950965,8,3,1,-5.0,1.0,-10.0,14.0
3477,main_green,main_green,56,20.0,10.14180751853626,5,2,2,-5.0,1.0,-10.0,14.0
3478,main_green,main_green,56,19.0,10.479015225224911,3,2,2,-5.0,1.0,-10.0,14.0
3479,main_green,main_green,56,22.0,10.738823700003406,3,2,2,-5.0,1.0,-10.0,14.0
3480,main_green,main_green,61,25.0,10.056818375888671,8,2,2,-5.0,1.0,-10.0,14.0
3481,main_green,main_green,61,28.0,10.555173444091166,3,2,2,-5.0,1.0,-10.0,14.0
3482,main_green,main_green,60,31.0,10.663820656002843,4,2,2,-5.0,1.0,-10.0,14.0
3483,main_green,main_green,59,34.0,11.021888548607084,3,2,2,-5.0,1.0,-10.0,14.0
3484,main_green,main_green,56,37.0,10.942598088591808,4,2,2,-5.0,1.0,-10.0,14.0
3485,main_green,main_green,55,40.0,10.952529375174336,3,2,2,-5.0,1.0,-10.0,14.0
3486,main_green,main_green,53,43.0,10.979466289763522,3,2,2,-5.0,1.0,-10.0,14.0
3487,main_green,main_green,52,46.0,10.722117689153558,4,2,2,-3.0,5.0,-5.0,15.0
3488,main_green,main_green,51,49.0,10.5213410731977,4,2,2,-3.0,5.0,-5.0,15.0
3489,main_green,main_green,51,54.0,10.480795863487268,5,2,2,-3.0,5.0,-5.0,15.0
3490,main_green,main_green,48,61.0,10.418179824942268,7,2,2,-3.0,5.0,-5.0,15.0
3491,main_green,main_green,48,68.0,10.53321239238174,7,2,2,-3.0,5.0,-5.0,15.0
3492,main_green,main_green,52,75.0,9.523080598415104,12,2,2,-3.0,5.0,-5.0,15.0
3493,main_green,main_green,53,82.0,9.572102922452908,8,2,2,-3.0,5.0,-5.0,15.0
3494,main_green,main_green,52,89.0,9.920952508014942,7,2,2,-3.0,5.0,-5.0,15.0
3495,main_green,main_green,51,96.0,10.062164840881785,7,2,2,-3.0,5.0,-5.0,15.0
3496,main_green,main_green,52,103.0,9.932094008997186,8,2,2,-3.0,5.0,-5.0,15.0
3497,main_green,main_green,50,110.0,9.89762198417622,7,2,2,9.0,19.0,-2.0,6.0
3498,main_green,main_green,51,117.0,9.716820044543251,8,2,2,9.0,19.0,-2.0,6.0
3499,main_green,main_green,50,124.0,9.611571844577181,7,2,2,9.0,19.0,-2.0,6.0
3500,main_green,main_green,51,133.0,9.617824214153677,10,2,2,9.0,19.0,-2.0,6.0
3501,main_green,main_green,51,143.0,9.719029279326353,10,2,2,9.0,19.0,-2.0,6.0
3502,main_green,main_green,50,153.0,9.626238021583998,10,2,2,9.0,19.0,-2.0,6.0
3503,main_green,main_green,51,163.0,9.483646806956308,11,2,2,9.0,19.0,-2.0,6.0
3504,main_green,main_green,55,174.0,8.662837101622626,16,2,2,9.0,19.0,-2.0,6.0
3505,main_green,main_green,55,185.0,9.040674103105328,11,2,2,9.0,19.0,-2.0,6.0
3506,main_green,main_green,55,196.0,9.274449412502793,11,2,2,9.0,19.0,-2.0,6.0
3507,yellow_transition,yellow_transition,55,207.0,9.341127506362874,11,3,3,12.0,10.0,3.0,9.0
3508,yellow_transition,yellow_transition,57,218.0,8.798076251893251,13,3,3,12.0,10.0,3.0,9.0
3509,yellow_transition,yellow_transition,57,229.0,8.738767551971197,11,3,3,12.0,10.0,3.0,9.0
3510,side_green,main_green,56,105.0,8.731670196594301,8,0,2,12.0,10.0,3.0,9.0
3511,side_green,main_green,56,66.0,8.82673552540003,5,0,2,12.0,10.0,3.0,9.0
3512,side_green,main_green,57,70.0,8.940409116432239,7,0,2,12.0,10.0,3.0,9.0
3513,side_green,main_green,57,78.0,8.97664314574708,9,0,2,12.0,10.0,3.0,9.0
3514,side_green,main_green,57,86.0,9.376100936389808,8,0,2,12.0,10.0,3.0,9.0
3515,side_green,main_green,56,95.0,9.639399021180907,9,0,2,12.0,10.0,3.0,9.0
3516,side_green,main_green,61,104.0,9.054430902237359,14,0,2,12.0,10.0,3.0,9.0
3517,side_green,main_green,61,114.0,9.406484992759577,10,0,2,12.0,10.0,3.0,9.0
3518,side_green,main_green,61,124.0,9.338618969332526,11,0,2,12.0,10.0,3.0,9.0
3519,side_green,main_green,61,134.0,9.616359582793953,10,0,2,12.0,10.0,3.0,9.0
3520,yellow_transition,yellow_transition,61,144.0,9.610125195669376,11,1,3,-8.0,14.0,5.0,-1.0
3521,yellow_transition,yellow_transition,60,155.0,9.485199128688228,11,1,3,-8.0,14.0,5.0,-1.0
3522,yellow_transition,yellow_transition,59,166.0,9.324060004960398,11,1,3,-8.0,14.0,5.0,-1.0
3523,main_green,side_green,59,25.0,9.110213567913659,4,2,0,-8.0,14.0,5.0,-1.0
3524,main_green,side_green,59,1.0,9.12099943655111,2,2,0,-8.0,14.0,5.0,-1.0
3525,main_green,side_green,58,3.0,9.305908501841326,2,2,0,-8.0,14.0,5.0,-1.0
3526,main_green,side_green,58,7.0,9.802127825599614,4,2,0,-8.0,14.0,5.0,-1.0
3527,main_green,side_green,56,11.0,10.201511560758004,4,2,0,-8.0,14.0,5.0,-1.0
3528,main_green,side_green,59,15.0,9.741890774109615,9,2,0,-8.0,14.0,5.0,-1.0
3529,main_green,side_green,59,19.0,10.083609091550029,5,2,0,-8.0,14.0,5.0,-1.0
3530,main_green,side_green,55,23.0,10.229788729729435,4,2,0,-8.0,14.0,5.0,-1.0
3531,main_green,side_green,52,28.0,10.298011130102482,5,2,0,-8.0,14.0,5.0,-1.0
3532,main_green,side_green,52,33.0,10.087954805671817,6,2,0,-8.0,14.0,5.0,-1.0
3533,yellow_transition,yellow_transition,51,39.0,9.928120099249032,6,3,1,-1.0,5.0,-6.0,16.0
3534,yellow_transition,yellow_transition,52,46.0,9.653850986872989,8,3,1,-1.0,5.0,-6.0,16.0
3535,yellow_transition,yellow_transition,52,55.0,9.576836291570395,9,3,1,-1.0,5.0,-6.0,16.0
3536,main_green,main_green,52,31.0,9.505857909111995,6,2,2,-1.0,5.0,-6.0,16.0
3537,main_green,main_green,52,33.0,9.807046506185781,5,2,2,-1.0,5.0,-6.0,16.0
3538,main_green,main_green,51,39.0,9.956394104819637,6,2,2,-1.0,5.0,-6.0,16.0
3539,main_green,main_green,52,45.0,10.091988728546603,7,2,2,-1.0,5.0,-6.0,16.0
3540,main_green,main_green,57,51.0,9.579902053524533,11,2,2,-1.0,5.0,-6.0,16.0
3541,main_green,main_green,55,57.0,10.011511144314067,6,2,2,-1.0,5.0,-6.0,16.0
3542,main_green,main_green,53,63.0,10.216908519828056,6,2,2,-1.0,5.0,-6.0,16.0
3543,main_green,main_green,50,69.0,10.17796963671776,6,2,2,-1.0,5.0,-6.0,16.0
3544,main_green,main_green,52,75.0,9.81970242544247,8,2,2,-1.0,5.0,-6.0,16.0
3545,main_green,main_green,51,81.0,9.83561566475882,6,2,2,-1.0,5.0,-6.0,16.0
3546,main_green,main_green,50,87.0,9.8357696308154,6,2,2,0.0,8.0,3.0,19.0
3547,main_green,main_green,50,93.0,9.925996497984613,6,2,2,0.0,8.0,3.0,19.0
3548,main_green,main_green,50,102.0,9.763726517462198,10,2,2,0.0,8.0,3.0,19.0
3549,main_green,main_green,49,112.0,9.446094311075308,11,2,2,0.0,8.0,3.0,19.0
3550,main_green,main_green,49,122.0,9.55512351817145,10,2,2,0.0,8.0,3.0,19.0
3551,main_green,main_green,48,132.0,9.554038970656686,10,2,2,0.0,8.0,3.0,19.0
3552,main_green,main_green,53,142.0,8.827254037159815,15,2,2,0.0,8.0,3.0,19.0
3553,main_green,main_green,52,152.0,8.930803161582002,10,2,2,0.0,8.0,3.0,19.0
3554,main_green,main_green,53,162.0,9.042495232559801,11,2,2,0.0,8.0,3.0,19.0
3555,main_green,main_green,53,172.0,9.351878441641093,10,2,2,0.0,8.0,3.0,19.0
3556,main_green,main_green,54,182.0,9.191967579501474,11,2,2,11.0,17.0,2.0,8.0
3557,main_green,main_green,54,192.0,9.21557454143339,10,2,2,11.0,17.0,2.0,8.0
3558,main_green,main_green,54,202.0,9.218472456988279,10,2,2,11.0,17.0,2.0,8.0
3559,main_green,main_green,55,212.0,8.98133129977902,11,2,2,11.0,17.0,2.0,8.0
3560,main_green,main_green,56,222.0,8.976898321007424,11,2,2,11.0,17.0,2.0,8.0
3561,main_green,main_green,55,235.0,8.978168000912063,13,2,2,11.0,17.0,2.0,8.0
3562,main_green,main_green,54,249.0,9.021698210503542,14,2,2,11.0,17.0,2.0,8.0
3563,main_green,main_green,53,263.0,9.055746606902746,14,2,2,11.0,17.0,2.0,8.0
3564,main_green,main_green,58,277.0,8.307716962315556,19,2,2,11.0,17.0,2.0,8.0
3565,main_green,main_green,57,291.0,8.32220393154121,15,2,2,11.0,17.0,2.0,8.0
3566,yellow_transition,yellow_transition,57,305.0,8.568135632779299,14,3,3,16.0,10.0,8.0,8.0
3567,yellow_transition,yellow_transition,57,319.0,8.621159543301573,14,3,3,16.0,10.0,8.0,8.0
3568,yellow_transition,yellow_transition,58,333.0,8.61654353499788,15,3,3,16.0,10.0,8.0,8.0
3569,side_green,main_green,58,189.0,8.60922852773316,10,0,2,16.0,10.0,8.0,8.0
3570,side_green,main_green,59,134.0,8.687250948862609,7,0,2,16.0,10.0,8.0,8.0
3571,side_green,main_green,58,140.0,8.88379132079848,6,0,2,16.0,10.0,8.0,8.0
3572,side_green,main_green,58,148.0,8.93551936308203,9,0,2,16.0,10.0,8.0,8.0
3573,side_green,main_green,58,157.0,9.176222174546352,9,0,2,16.0,10.0,8.0,8.0
3574,side_green,main_green,58,166.0,9.550006895057116,9,0,2,16.0,10.0,8.0,8.0
3575,side_green,main_green,59,175.0,9.578415771353676,10,0,2,16.0,10.0,8.0,8.0
3576,side_green,main_green,63,184.0,8.808941111879912,14,0,2,16.0,10.0,8.0,8.0
3577,side_green,main_green,63,195.0,9.00345678653137,11,0,2,16.0,10.0,8.0,8.0
3578,side_green,main_green,61,206.0,9.041809214419073,11,0,2,16.0,10.0,8.0,8.0
3579,yellow_transition,yellow_transition,61,218.0,9.127327253590279,12,1,3,-11.0,11.0,12.0,6.0
3580,yellow_transition,yellow_transition,62,231.0,8.709831454524082,15,1,3,-11.0,11.0,12.0,6.0
3581,yellow_transition,yellow_transition,62,244.0,8.337584523948442,13,1,3,-11.0,11.0,12.0,6.0
3582,main_green,side_green,62,69.0,8.441319638553646,6,2,0,-11.0,11.0,12.0,6.0
3583,main_green,side_green,61,4.0,8.801428771304773,3,2,0,-11.0,11.0,12.0,6.0
3584,main_green,side_green,61,7.0,8.91292736946154,4,2,0,-11.0,11.0,12.0,6.0
3585,main_green,side_green,62,11.0,9.165368788700999,5,2,0,-11.0,11.0,12.0,6.0
3586,main_green,side_green,60,15.0,9.469553870916792,4,2,0,-11.0,11.0,12.0,6.0
3587,main_green,side_green,57,19.0,9.774030277761124,4,2,0,-11.0,11.0,12.0,6.0
3588,main_green,side_green,60,24.0,9.160045030528977,10,2,0,-11.0,11.0,12.0,6.0
3589,main_green,side_green,57,30.0,9.395352791481237,6,2,0,-11.0,11.0,12.0,6.0
3590,main_green,side_green,56,37.0,9.4769305637752,8,2,0,-11.0,11.0,12.0,6.0
3591,main_green,side_green,54,45.0,9.537553104694227,8,2,0,-11.0,11.0,12.0,6.0
3592,yellow_transition,yellow_transition,54,54.0,9.40191844248996,10,3,1,-4.0,0.0,-6.0,22.0
3593,yellow_transition,yellow_transition,54,63.0,9.529648877569192,9,3,1,-4.0,0.0,-6.0,22.0
3594,yellow_transition,yellow_transition,53,72.0,9.546720276421578,9,3,1,-4.0,0.0,-6.0,22.0
3595,main_green,main_green,54,33.0,9.523829483065752,6,2,2,-4.0,0.0,-6.0,22.0
3596,main_green,main_green,55,20.0,9.37205564296475,3,2,2,-4.0,0.0,-6.0,22.0
3597,main_green,main_green,55,23.0,9.63938749925071,3,2,2,-4.0,0.0,-6.0,22.0
3598,main_green,main_green,55,27.0,10.05516939041348,4,2,2,-4.0,0.0,-6.0,22.0
3599,main_green,main_green,54,32.0,10.397400165013485,5,2,2,-4.0,0.0,-6.0,22.0
