step,J1_phase_group,J2_phase_group,vehicle_count,total_waiting_time,mean_speed,total_queue,J1_phase,J2_phase,J1_side_pressure,J1_main_pressure,J2_side_pressure,J2_main_pressure
0,main_green,main_green,6,0.0,0.0,6,2,2,0.0,0.0,0.0,0.0
1,main_green,main_green,6,0.0,2.1439762522738115,0,2,2,0.0,0.0,0.0,0.0
2,main_green,main_green,6,0.0,4.067492299476484,0,2,2,0.0,0.0,0.0,0.0
3,main_green,main_green,6,0.0,6.183975862249888,0,2,2,0.0,0.0,0.0,0.0
4,main_green,main_green,7,0.0,6.811321405328013,1,2,2,0.0,0.0,0.0,0.0
5,main_green,main_green,7,0.0,8.669552898370394,0,2,2,0.0,0.0,0.0,0.0
6,main_green,main_green,8,0.0,9.017009932178354,1,2,2,0.0,0.0,0.0,0.0
7,main_green,main_green,8,0.0,10.526178802808445,0,2,2,0.0,0.0,0.0,0.0
8,main_green,main_green,9,0.0,9.727660714218333,1,2,2,0.0,0.0,0.0,0.0
9,main_green,main_green,9,0.0,10.56274096191151,0,2,2,0.0,0.0,0.0,0.0
10,main_green,main_green,9,0.0,11.117443688991628,0,2,2,4.0,6.0,4.0,4.0
11,main_green,main_green,10,0.0,10.67333828115191,1,2,2,4.0,6.0,4.0,4.0
12,main_green,main_green,15,0.0,7.41720055153562,5,2,2,4.0,6.0,4.0,4.0
13,main_green,main_green,15,0.0,8.119676240935298,0,2,2,4.0,6.0,4.0,4.0
14,main_green,main_green,15,0.0,9.029379940479679,0,2,2,4.0,6.0,4.0,4.0
15,main_green,main_green,15,0.0,10.08806422072897,0,2,2,4.0,6.0,4.0,4.0
16,main_green,main_green,17,0.0,9.18542651070066,2,2,2,4.0,6.0,4.0,4.0
17,main_green,main_green,17,0.0,9.447474640614983,0,2,2,4.0,6.0,4.0,4.0
18,main_green,main_green,17,0.0,9.414513692203773,0,2,2,4.0,6.0,4.0,4.0
19,main_green,main_green,17,1.0,9.323681601278508,1,2,2,4.0,6.0,4.0,4.0
20,main_green,main_green,18,3.0,8.626313080277175,3,2,2,8.0,10.0,8.0,8.0
21,main_green,main_green,19,6.0,8.595793807585503,4,2,2,8.0,10.0,8.0,8.0
22,main_green,main_green,19,10.0,8.84318589267905,4,2,2,8.0,10.0,8.0,8.0
23,main_green,main_green,19,14.0,9.393786722251967,4,2,2,8.0,10.0,8.0,8.0
24,main_green,main_green,24,18.0,7.542027831333326,9,2,2,8.0,10.0,8.0,8.0
25,main_green,main_green,24,22.0,8.110083978046333,4,2,2,8.0,10.0,8.0,8.0
26,main_green,main_green,25,26.0,8.199913802487764,5,2,2,8.0,10.0,8.0,8.0
27,main_green,main_green,25,30.0,8.629160473021015,4,2,2,8.0,10.0,8.0,8.0
28,main_green,main_green,26,34.0,8.759169867233556,5,2,2,8.0,10.0,8.0,8.0
29,main_green,main_green,26,38.0,8.822278536715775,4,2,2,8.0,10.0,8.0,8.0
30,main_green,main_green,26,42.0,8.689219860095251,4,2,2,11.0,15.0,11.0,11.0
31,main_green,main_green,27,46.0,8.119510190498074,5,2,2,11.0,15.0,11.0,11.0
32,main_green,main_green,28,51.0,7.980774349787121,6,2,2,11.0,15.0,11.0,11.0
33,main_green,main_green,28,58.0,8.037730285855153,7,2,2,11.0,15.0,11.0,11.0
34,main_green,main_green,28,66.0,8.18726508524073,8,2,2,11.0,15.0,11.0,11.0
35,main_green,main_green,28,74.0,8.425248547485158,8,2,2,11.0,15.0,11.0,11.0
36,main_green,main_green,33,82.0,7.280747457276144,13,2,2,11.0,15.0,11.0,11.0
37,main_green,main_green,34,90.0,7.487529812685917,9,2,2,11.0,15.0,11.0,11.0
38,main_green,main_green,34,98.0,7.920722321896569,8,2,2,11.0,15.0,11.0,11.0
39,main_green,main_green,34,106.0,8.434762108475496,8,2,2,11.0,15.0,11.0,11.0
40,main_green,main_green,35,114.0,8.287272623988821,9,2,2,12.0,12.0,14.0,16.0
41,main_green,main_green,35,122.0,8.26429748570693,8,2,2,12.0,12.0,14.0,16.0
42,main_green,main_green,36,130.0,8.080948423365736,9,2,2,12.0,12.0,14.0,16.0
43,main_green,main_green,36,139.0,8.161532158614232,9,2,2,12.0,12.0,14.0,16.0
44,main_green,main_green,37,148.0,8.07677808073585,10,2,2,12.0,12.0,14.0,16.0
45,main_green,main_green,37,158.0,8.06897533527064,10,2,2,12.0,12.0,14.0,16.0
46,main_green,main_green,37,169.0,8.162997160576564,11,2,2,12.0,12.0,14.0,16.0
47,main_green,main_green,38,181.0,8.027467232150288,13,2,2,12.0,12.0,14.0,16.0
48,main_green,main_green,43,193.0,7.201587274044508,17,2,2,12.0,12.0,14.0,16.0
49,main_green,main_green,43,205.0,7.6638217111785005,12,2,2,12.0,12.0,14.0,16.0
50,yellow_transition,yellow_transition,43,217.0,7.960724000428656,12,3,3,15.0,19.0,15.0,13.0
51,yellow_transition,yellow_transition,43,229.0,8.120089489493184,12,3,3,15.0,19.0,15.0,13.0
52,yellow_transition,yellow_transition,45,241.0,7.632567372817152,14,3,3,15.0,19.0,15.0,13.0
53,main_green,side_green,45,145.0,7.863283131890314,8,2,0,15.0,19.0,15.0,13.0
54,main_green,side_green,45,134.0,8.179602328200655,7,2,0,15.0,19.0,15.0,13.0
55,main_green,side_green,45,141.0,8.073703185381047,7,2,0,15.0,19.0,15.0,13.0
56,main_green,side_green,46,150.0,8.194228873036629,10,2,0,15.0,19.0,15.0,13.0
57,main_green,side_green,47,160.0,8.173199534930813,11,2,0,15.0,19.0,15.0,13.0
58,main_green,side_green,47,170.0,8.498948718799994,10,2,0,15.0,19.0,15.0,13.0
59,main_green,side_green,47,182.0,8.74878374327222,12,2,0,15.0,19.0,15.0,13.0
60,main_green,side_green,52,194.0,7.951264862921245,17,2,0,15.0,19.0,15.0,13.0
61,main_green,side_green,52,207.0,8.07056771158557,13,2,0,15.0,19.0,15.0,13.0
62,main_green,side_green,53,220.0,8.08318030983834,14,2,0,15.0,19.0,15.0,13.0
63,yellow_transition,yellow_transition,53,233.0,8.083456649276274,13,3,1,13.0,7.0,-4.0,22.0
64,yellow_transition,yellow_transition,54,246.0,7.835527003382463,14,3,1,13.0,7.0,-4.0,22.0
65,yellow_transition,yellow_transition,54,261.0,7.656963039642876,15,3,1,13.0,7.0,-4.0,22.0
66,side_green,main_green,54,75.0,7.769288277780169,7,0,2,13.0,7.0,-4.0,22.0
67,side_green,main_green,55,4.0,7.726319637766087,3,0,2,13.0,7.0,-4.0,22.0
68,side_green,main_green,56,7.0,7.942391706009155,5,0,2,13.0,7.0,-4.0,22.0
69,side_green,main_green,56,12.0,8.485368495066256,5,0,2,13.0,7.0,-4.0,22.0
70,side_green,main_green,55,17.0,9.000676569487712,5,0,2,13.0,7.0,-4.0,22.0
71,side_green,main_green,52,23.0,9.406706634923024,6,0,2,13.0,7.0,-4.0,22.0
72,side_green,main_green,56,30.0,9.061237120668277,12,0,2,13.0,7.0,-4.0,22.0
73,side_green,main_green,55,37.0,9.127547814783432,8,0,2,13.0,7.0,-4.0,22.0
74,side_green,main_green,55,44.0,9.491308566357853,7,0,2,13.0,7.0,-4.0,22.0
75,side_green,main_green,54,51.0,9.729239512308245,7,0,2,13.0,7.0,-4.0,22.0
76,yellow_transition,yellow_transition,54,59.0,9.585108643196985,9,1,3,-7.0,17.0,-1.0,5.0
77,yellow_transition,yellow_transition,54,67.0,9.773918735209817,8,1,3,-7.0,17.0,-1.0,5.0
78,yellow_transition,yellow_transition,54,75.0,9.461025891547528,9,1,3,-7.0,17.0,-1.0,5.0
79,main_green,main_green,54,39.0,9.427114617342012,4,2,2,-7.0,17.0,-1.0,5.0
80,main_green,main_green,55,27.0,9.17327918587723,5,2,2,-7.0,17.0,-1.0,5.0
81,main_green,main_green,55,32.0,9.45248815864741,5,2,2,-7.0,17.0,-1.0,5.0
82,main_green,main_green,54,37.0,9.525498120687498,5,2,2,-7.0,17.0,-1.0,5.0
83,main_green,main_green,55,43.0,9.813196434585649,7,2,2,-7.0,17.0,-1.0,5.0
84,main_green,main_green,59,49.0,9.30170306594903,11,2,2,-7.0,17.0,-1.0,5.0
85,main_green,main_green,57,55.0,9.637488498744887,6,2,2,-7.0,17.0,-1.0,5.0
86,main_green,main_green,55,61.0,9.93897384982738,6,2,2,-7.0,17.0,-1.0,5.0
87,main_green,main_green,53,67.0,10.109431956767484,6,2,2,-7.0,17.0,-1.0,5.0
88,main_green,main_green,54,73.0,9.951265664636404,8,2,2,-7.0,17.0,-1.0,5.0
89,main_green,main_green,54,79.0,10.066884155973103,6,2,2,2.0,20.0,0.0,4.0
90,main_green,main_green,53,85.0,10.003445621858457,6,2,2,2.0,20.0,0.0,4.0
91,main_green,main_green,52,91.0,9.845532745822213,6,2,2,2.0,20.0,0.0,4.0
92,main_green,main_green,52,97.0,9.514415807495048,7,2,2,2.0,20.0,0.0,4.0
93,main_green,main_green,53,106.0,9.520405393529568,10,2,2,2.0,20.0,0.0,4.0
94,main_green,main_green,51,116.0,9.475066716681967,10,2,2,2.0,20.0,0.0,4.0
95,main_green,main_green,50,126.0,9.504310036858415,10,2,2,2.0,20.0,0.0,4.0
96,main_green,main_green,55,136.0,8.756285433812725,15,2,2,2.0,20.0,0.0,4.0
97,main_green,main_green,55,146.0,8.897800603356664,10,2,2,2.0,20.0,0.0,4.0
98,main_green,main_green,56,156.0,9.031831693195908,11,2,2,2.0,20.0,0.0,4.0
99,main_green,main_green,54,166.0,9.16549021027463,10,2,2,1.0,9.0,10.0,18.0
100,main_green,main_green,55,176.0,8.878405035322919,11,2,2,1.0,9.0,10.0,18.0
101,main_green,main_green,55,186.0,9.024902975518899,10,2,2,1.0,9.0,10.0,18.0
102,main_green,main_green,55,196.0,8.976190570560703,10,2,2,1.0,9.0,10.0,18.0
103,main_green,main_green,56,206.0,8.778471233729352,11,2,2,1.0,9.0,10.0,18.0
104,main_green,main_green,55,219.0,8.604151096401681,14,2,2,1.0,9.0,10.0,18.0
105,main_green,main_green,54,233.0,8.655459834358314,14,2,2,1.0,9.0,10.0,18.0
106,main_green,main_green,53,247.0,8.696383132463755,14,2,2,1.0,9.0,10.0,18.0
107,main_green,main_green,53,261.0,8.784978941696235,14,2,2,1.0,9.0,10.0,18.0
108,main_green,main_green,58,275.0,8.074150196537644,19,2,2,1.0,9.0,10.0,18.0
109,yellow_transition,yellow_transition,59,289.0,8.136417220959817,15,3,3,7.0,11.0,16.0,12.0
110,yellow_transition,yellow_transition,59,303.0,8.350142136353265,14,3,3,7.0,11.0,16.0,12.0
111,yellow_transition,yellow_transition,59,318.0,8.301988276967515,15,3,3,7.0,11.0,16.0,12.0
112,main_green,side_green,60,181.0,8.25627511877335,12,2,0,7.0,11.0,16.0,12.0
113,main_green,side_green,60,132.0,8.45596205963329,7,2,0,7.0,11.0,16.0,12.0
114,main_green,side_green,60,140.0,8.474253379714895,9,2,0,7.0,11.0,16.0,12.0
115,main_green,side_green,60,148.0,8.851102553180484,8,2,0,7.0,11.0,16.0,12.0
116,main_green,side_green,60,156.0,8.945034269522212,9,2,0,7.0,11.0,16.0,12.0
117,main_green,side_green,59,166.0,9.214480960176166,10,2,0,7.0,11.0,16.0,12.0
118,main_green,side_green,57,176.0,9.384817913313489,10,2,0,7.0,11.0,16.0,12.0
119,main_green,side_green,57,187.0,9.28725683733899,12,2,0,7.0,11.0,16.0,12.0
120,main_green,side_green,62,199.0,8.56965188440014,17,2,0,7.0,11.0,16.0,12.0
121,main_green,side_green,62,211.0,8.622697304592924,12,2,0,7.0,11.0,16.0,12.0
122,yellow_transition,yellow_transition,62,223.0,8.743231757916533,12,3,1,9.0,3.0,-9.0,17.0
123,yellow_transition,yellow_transition,62,236.0,8.667947100351386,13,3,1,9.0,3.0,-9.0,17.0
124,yellow_transition,yellow_transition,64,249.0,8.203557697026422,15,3,1,9.0,3.0,-9.0,17.0
125,side_green,main_green,64,71.0,8.308288724569477,8,0,2,9.0,3.0,-9.0,17.0
126,side_green,main_green,64,2.0,8.556233804808063,1,0,2,9.0,3.0,-9.0,17.0
127,side_green,main_green,63,3.0,8.917487716618234,1,0,2,9.0,3.0,-9.0,17.0
128,side_green,main_green,62,5.0,9.041704325408501,3,0,2,9.0,3.0,-9.0,17.0
129,side_green,main_green,63,8.0,9.460752539235715,4,0,2,9.0,3.0,-9.0,17.0
130,side_green,main_green,62,13.0,9.80134776240863,5,0,2,9.0,3.0,-9.0,17.0
131,side_green,main_green,61,18.0,10.138287999885822,5,0,2,9.0,3.0,-9.0,17.0
132,side_green,main_green,63,23.0,9.561809349646934,10,0,2,9.0,3.0,-9.0,17.0
133,side_green,main_green,59,29.0,9.553719636263294,6,0,2,9.0,3.0,-9.0,17.0
134,side_green,main_green,58,35.0,9.546877921683446,7,0,2,9.0,3.0,-9.0,17.0
135,yellow_transition,yellow_transition,57,43.0,9.666204719397005,8,1,3,-10.0,14.0,-3.0,7.0
136,yellow_transition,yellow_transition,57,51.0,9.608990544291183,9,1,3,-10.0,14.0,-3.0,7.0
137,yellow_transition,yellow_transition,56,59.0,9.496888133497892,8,1,3,-10.0,14.0,-3.0,7.0
138,main_green,main_green,56,28.0,9.597102406857827,4,2,2,-10.0,14.0,-3.0,7.0
139,main_green,main_green,57,22.0,9.50219055256313,3,2,2,-10.0,14.0,-3.0,7.0
140,main_green,main_green,57,25.0,9.410292411568477,4,2,2,-10.0,14.0,-3.0,7.0
141,main_green,main_green,57,30.0,9.673083907683608,5,2,2,-10.0,14.0,-3.0,7.0
142,main_green,main_green,57,36.0,9.980339280918685,6,2,2,-10.0,14.0,-3.0,7.0
143,main_green,main_green,56,42.0,10.283015922982155,6,2,2,-10.0,14.0,-3.0,7.0
144,main_green,main_green,59,48.0,9.707816580117614,11,2,2,-10.0,14.0,-3.0,7.0
145,main_green,main_green,57,54.0,9.709780057723876,7,2,2,-10.0,14.0,-3.0,7.0
146,main_green,main_green,55,60.0,9.990391650950448,6,2,2,-10.0,14.0,-3.0,7.0
147,main_green,main_green,54,66.0,10.223548936547608,6,2,2,-10.0,14.0,-3.0,7.0
148,main_green,main_green,54,72.0,10.08805625078503,7,2,2,1.0,15.0,-2.0,4.0
149,main_green,main_green,53,78.0,9.74543973104496,6,2,2,1.0,15.0,-2.0,4.0
150,main_green,main_green,54,84.0,9.593825964495325,7,2,2,1.0,15.0,-2.0,4.0
151,main_green,main_green,52,90.0,9.598139583663649,6,2,2,1.0,15.0,-2.0,4.0
152,main_green,main_green,53,99.0,9.500687084438173,10,2,2,1.0,15.0,-2.0,4.0
153,main_green,main_green,53,108.0,9.609136365058198,9,2,2,1.0,15.0,-2.0,4.0
154,main_green,main_green,53,118.0,9.804408171735119,10,2,2,1.0,15.0,-2.0,4.0
155,main_green,main_green,54,128.0,9.730281227424953,11,2,2,1.0,15.0,-2.0,4.0
156,main_green,main_green,58,138.0,8.924747103344982,15,2,2,1.0,15.0,-2.0,4.0
157,main_green,main_green,57,148.0,9.191640834555344,10,2,2,1.0,15.0,-2.0,4.0
158,main_green,main_green,57,158.0,9.429278525365115,10,2,2,1.0,9.0,8.0,14.0
159,main_green,main_green,57,168.0,9.495313847366154,10,2,2,1.0,9.0,8.0,14.0
160,main_green,main_green,58,178.0,9.086815726175153,12,2,2,1.0,9.0,8.0,14.0
161,main_green,main_green,57,188.0,9.121722865080011,10,2,2,1.0,9.0,8.0,14.0
162,main_green,main_green,57,198.0,9.122374844201026,10,2,2,1.0,9.0,8.0,14.0
163,main_green,main_green,57,209.0,9.195534630380967,11,2,2,1.0,9.0,8.0,14.0
164,main_green,main_green,57,221.0,9.137081987388482,13,2,2,1.0,9.0,8.0,14.0
165,main_green,main_green,57,235.0,9.053036055202972,15,2,2,1.0,9.0,8.0,14.0
166,main_green,main_green,55,249.0,9.076098920005798,14,2,2,1.0,9.0,8.0,14.0
167,main_green,main_green,55,263.0,9.061793214142032,14,2,2,1.0,9.0,8.0,14.0
168,main_green,main_green,60,277.0,8.47008223193909,19,2,2,4.0,8.0,9.0,13.0
169,main_green,main_green,60,291.0,8.63174050466798,14,2,2,4.0,8.0,9.0,13.0
170,main_green,main_green,60,305.0,8.69233195235505,15,2,2,4.0,8.0,9.0,13.0
171,main_green,main_green,59,319.0,8.842706332876856,14,2,2,4.0,8.0,9.0,13.0
172,main_green,main_green,60,333.0,8.600518007104494,15,2,2,4.0,8.0,9.0,13.0
173,main_green,main_green,58,347.0,8.546259073524782,14,2,2,4.0,8.0,9.0,13.0
174,main_green,main_green,58,361.0,8.522545690816075,14,2,2,4.0,8.0,9.0,13.0
175,main_green,main_green,58,377.0,8.314525123682978,17,2,2,4.0,8.0,9.0,13.0
176,main_green,main_green,58,394.0,8.383743291523162,18,2,2,4.0,8.0,9.0,13.0
177,main_green,main_green,58,412.0,8.417709213656464,18,2,2,4.0,8.0,9.0,13.0
178,yellow_transition,yellow_transition,58,430.0,8.47784832588783,18,3,3,8.0,10.0,13.0,11.0
179,yellow_transition,yellow_transition,57,448.0,8.339083416692324,18,3,3,8.0,10.0,13.0,11.0
180,yellow_transition,yellow_transition,61,466.0,7.373855143445768,23,3,3,8.0,10.0,13.0,11.0
181,main_green,side_green,62,295.0,7.585068394438531,15,2,0,8.0,10.0,13.0,11.0
182,main_green,side_green,62,211.0,7.896704827595309,10,2,0,8.0,10.0,13.0,11.0
183,main_green,side_green,62,205.0,8.356528822120852,10,2,0,8.0,10.0,13.0,11.0
184,main_green,side_green,63,215.0,8.458709058807665,11,2,0,8.0,10.0,13.0,11.0
185,main_green,side_green,63,225.0,8.728358523766465,10,2,0,8.0,10.0,13.0,11.0
186,main_green,side_green,63,235.0,8.711091132879138,11,2,0,8.0,10.0,13.0,11.0
187,main_green,side_green,62,245.0,8.897463067840398,10,2,0,8.0,10.0,13.0,11.0
188,main_green,side_green,63,259.0,9.007827815723536,15,2,0,8.0,10.0,13.0,11.0
189,main_green,side_green,62,273.0,8.921088078434462,14,2,0,8.0,10.0,13.0,11.0
190,main_green,side_green,60,289.0,8.868932311088475,16,2,0,8.0,10.0,13.0,11.0
191,yellow_transition,yellow_transition,60,305.0,8.601713043632733,17,3,1,10.0,2.0,-14.0,14.0
192,yellow_transition,yellow_transition,63,321.0,7.78063154092993,21,3,1,10.0,2.0,-14.0,14.0
193,yellow_transition,yellow_transition,62,338.0,7.578031927943171,17,3,1,10.0,2.0,-14.0,14.0
194,side_green,main_green,61,126.0,7.8237498658555245,9,0,2,10.0,2.0,-14.0,14.0
195,side_green,main_green,61,17.0,8.179524303696049,3,0,2,10.0,2.0,-14.0,14.0
196,side_green,main_green,63,3.0,8.51253814367138,4,0,2,10.0,2.0,-14.0,14.0
197,side_green,main_green,62,5.0,8.854123778774918,2,0,2,10.0,2.0,-14.0,14.0
198,side_green,main_green,62,7.0,9.476212354827101,2,0,2,10.0,2.0,-14.0,14.0
199,side_green,main_green,61,10.0,9.975328254071117,3,0,2,10.0,2.0,-14.0,14.0
200,side_green,main_green,60,15.0,10.291776512486821,6,0,2,10.0,2.0,-14.0,14.0
201,side_green,main_green,60,20.0,10.495246394605969,6,0,2,10.0,2.0,-14.0,14.0
202,side_green,main_green,58,26.0,10.720158687934399,6,0,2,10.0,2.0,-14.0,14.0
203,side_green,main_green,57,33.0,10.751994597528062,7,0,2,10.0,2.0,-14.0,14.0
204,yellow_transition,yellow_transition,59,40.0,9.853458711313964,12,1,3,-14.0,14.0,-11.0,-1.0
205,yellow_transition,yellow_transition,55,47.0,9.666732931857798,7,1,3,-14.0,14.0,-11.0,-1.0
206,yellow_transition,yellow_transition,56,54.0,9.445837373633179,8,1,3,-14.0,14.0,-11.0,-1.0
207,main_green,main_green,56,19.0,9.88535877771893,3,2,2,-14.0,14.0,-11.0,-1.0
208,main_green,main_green,57,16.0,9.945142968515482,3,2,2,-14.0,14.0,-11.0,-1.0
209,main_green,main_green,57,18.0,10.375705940184908,2,2,2,-14.0,14.0,-11.0,-1.0
210,main_green,main_green,56,20.0,10.37367041586488,2,2,2,-14.0,14.0,-11.0,-1.0
211,main_green,main_green,57,23.0,10.441339069229274,4,2,2,-14.0,14.0,-11.0,-1.0
212,main_green,main_green,56,28.0,10.307400375521597,6,2,2,-14.0,14.0,-11.0,-1.0
213,main_green,main_green,54,34.0,10.544111476939998,6,2,2,-14.0,14.0,-11.0,-1.0
214,main_green,main_green,52,40.0,10.706208007629824,6,2,2,-14.0,14.0,-11.0,-1.0
215,main_green,main_green,50,46.0,10.742279703071898,6,2,2,-14.0,14.0,-11.0,-1.0
216,main_green,main_green,54,52.0,9.807048186718411,11,2,2,-14.0,14.0,-11.0,-1.0
217,main_green,main_green,54,58.0,9.830349127417833,7,2,2,2.0,20.0,-1.0,3.0
218,main_green,main_green,52,64.0,9.989123737565912,6,2,2,2.0,20.0,-1.0,3.0
219,main_green,main_green,52,70.0,10.275232107401163,6,2,2,2.0,20.0,-1.0,3.0
220,main_green,main_green,52,76.0,10.209434925135842,7,2,2,2.0,20.0,-1.0,3.0
221,main_green,main_green,52,82.0,10.222381683629058,6,2,2,2.0,20.0,-1.0,3.0
222,main_green,main_green,51,88.0,9.91014550211977,7,2,2,2.0,20.0,-1.0,3.0
223,main_green,main_green,51,95.0,9.80206339512002,7,2,2,2.0,20.0,-1.0,3.0
224,main_green,main_green,51,102.0,9.674051747626038,8,2,2,2.0,20.0,-1.0,3.0
225,main_green,main_green,51,111.0,9.784833202772104,9,2,2,2.0,20.0,-1.0,3.0
226,main_green,main_green,49,120.0,9.660683062175915,9,2,2,2.0,20.0,-1.0,3.0
227,main_green,main_green,50,130.0,9.722639057072545,11,2,2,-3.0,7.0,8.0,18.0
228,main_green,main_green,55,140.0,8.886618215561981,15,2,2,-3.0,7.0,8.0,18.0
229,main_green,main_green,55,150.0,9.096629176242374,10,2,2,-3.0,7.0,8.0,18.0
230,main_green,main_green,55,160.0,9.28577498260496,10,2,2,-3.0,7.0,8.0,18.0
231,main_green,main_green,55,170.0,9.554531016148053,10,2,2,-3.0,7.0,8.0,18.0
232,main_green,main_green,55,180.0,9.056366391158065,12,2,2,-3.0,7.0,8.0,18.0
233,main_green,main_green,54,190.0,9.070654759354124,10,2,2,-3.0,7.0,8.0,18.0
234,main_green,main_green,54,200.0,9.058202502005132,10,2,2,-3.0,7.0,8.0,18.0
235,main_green,main_green,53,211.0,9.11023736694599,11,2,2,-3.0,7.0,8.0,18.0
236,main_green,main_green,53,223.0,8.806179234194126,13,2,2,-3.0,7.0,8.0,18.0
237,main_green,main_green,54,237.0,8.783783909630758,15,2,2,3.0,9.0,11.0,11.0
238,main_green,main_green,54,251.0,8.938885380799137,14,2,2,3.0,9.0,11.0,11.0
239,main_green,main_green,54,265.0,9.049259876609158,14,2,2,3.0,9.0,11.0,11.0
240,main_green,main_green,58,279.0,8.287411221525746,19,2,2,3.0,9.0,11.0,11.0
241,main_green,main_green,58,293.0,8.612184434458937,14,2,2,3.0,9.0,11.0,11.0
242,main_green,main_green,59,307.0,8.72805306126565,15,2,2,3.0,9.0,11.0,11.0
243,main_green,main_green,57,321.0,8.677237246084653,14,2,2,3.0,9.0,11.0,11.0
244,main_green,main_green,57,335.0,8.373417444739486,15,2,2,3.0,9.0,11.0,11.0
245,main_green,main_green,56,349.0,8.30158109356301,14,2,2,3.0,9.0,11.0,11.0
246,main_green,main_green,56,363.0,8.347676157259267,14,2,2,3.0,9.0,11.0,11.0
247,yellow_transition,yellow_transition,56,378.0,8.090101655228855,16,3,3,9.0,9.0,14.0,12.0
248,yellow_transition,yellow_transition,57,396.0,8.007473488847387,19,3,3,9.0,9.0,14.0,12.0
249,yellow_transition,yellow_transition,57,414.0,8.08821732739199,18,3,3,9.0,9.0,14.0,12.0
250,main_green,side_green,57,253.0,8.264362016248231,14,2,0,9.0,9.0,14.0,12.0
251,main_green,side_green,57,182.0,8.505867830419257,11,2,0,9.0,9.0,14.0,12.0
252,main_green,side_green,62,182.0,8.139835060277342,14,2,0,9.0,9.0,14.0,12.0
253,main_green,side_green,62,192.0,8.339621208731568,11,2,0,9.0,9.0,14.0,12.0
254,main_green,side_green,62,202.0,8.83544009478115,10,2,0,9.0,9.0,14.0,12.0
255,main_green,side_green,61,212.0,9.206916668508281,10,2,0,9.0,9.0,14.0,12.0
256,main_green,side_green,62,222.0,9.37210284831712,11,2,0,9.0,9.0,14.0,12.0
257,main_green,side_green,59,232.0,9.275748536592136,10,2,0,9.0,9.0,14.0,12.0
258,main_green,side_green,60,242.0,9.061998933569349,11,2,0,9.0,9.0,14.0,12.0
259,main_green,side_green,58,254.0,8.928489215348986,12,2,0,9.0,9.0,14.0,12.0
260,yellow_transition,yellow_transition,59,268.0,8.80031139196474,15,3,1,11.0,5.0,-12.0,16.0
261,yellow_transition,yellow_transition,59,283.0,8.931257048465783,15,3,1,11.0,5.0,-12.0,16.0
262,yellow_transition,yellow_transition,59,298.0,8.734757253626249,15,3,1,11.0,5.0,-12.0,16.0
263,side_green,main_green,60,102.0,8.603563401785484,8,0,2,11.0,5.0,-12.0,16.0
264,side_green,main_green,65,12.0,8.307101137107237,7,0,2,11.0,5.0,-12.0,16.0
265,side_green,main_green,64,0.0,8.781398246707939,0,0,2,11.0,5.0,-12.0,16.0
266,side_green,main_green,64,1.0,9.35484791241949,1,0,2,11.0,5.0,-12.0,16.0
267,side_green,main_green,64,2.0,9.858696419320102,1,0,2,11.0,5.0,-12.0,16.0
268,side_green,main_green,61,4.0,9.85850681057557,4,0,2,11.0,5.0,-12.0,16.0
269,side_green,main_green,60,6.0,10.19546622982991,2,0,2,11.0,5.0,-12.0,16.0
270,side_green,main_green,58,9.0,10.530632331833756,3,0,2,11.0,5.0,-12.0,16.0
271,side_green,main_green,58,13.0,10.709128323334742,4,0,2,11.0,5.0,-12.0,16.0
272,side_green,main_green,57,18.0,10.521758446479172,6,0,2,11.0,5.0,-12.0,16.0
273,yellow_transition,yellow_transition,55,25.0,10.137199203309985,8,1,3,-14.0,14.0,-9.0,-3.0
274,yellow_transition,yellow_transition,53,32.0,10.215234514484596,7,1,3,-14.0,14.0,-9.0,-3.0
275,yellow_transition,yellow_transition,52,40.0,10.22841952993507,8,1,3,-14.0,14.0,-9.0,-3.0
276,main_green,main_green,57,18.0,9.479336001729422,9,2,2,-14.0,14.0,-9.0,-3.0
277,main_green,main_green,56,11.0,9.862155708551088,2,2,2,-14.0,14.0,-9.0,-3.0
278,main_green,main_green,57,13.0,10.115204537720357,3,2,2,-14.0,14.0,-9.0,-3.0
279,main_green,main_green,57,15.0,10.626942489161372,2,2,2,-14.0,14.0,-9.0,-3.0
280,main_green,main_green,58,17.0,10.705929131228382,3,2,2,-14.0,14.0,-9.0,-3.0
281,main_green,main_green,58,19.0,11.053582436097862,2,2,2,-14.0,14.0,-9.0,-3.0
282,main_green,main_green,55,21.0,10.932809011383307,2,2,2,-14.0,14.0,-9.0,-3.0
283,main_green,main_green,53,23.0,10.611607151116106,3,2,2,-14.0,14.0,-9.0,-3.0
284,main_green,main_green,52,27.0,10.408743380121338,5,2,2,-14.0,14.0,-9.0,-3.0
285,main_green,main_green,51,31.0,10.487373984658914,4,2,2,-14.0,14.0,-9.0,-3.0
286,main_green,main_green,49,37.0,10.469403165426986,6,2,2,-5.0,13.0,-4.0,8.0
287,main_green,main_green,47,43.0,10.517668082303066,6,2,2,-5.0,13.0,-4.0,8.0
288,main_green,main_green,52,49.0,9.701398155597918,11,2,2,-5.0,13.0,-4.0,8.0
289,main_green,main_green,52,55.0,9.732979109737704,7,2,2,-5.0,13.0,-4.0,8.0
290,main_green,main_green,52,61.0,9.96437338082917,6,2,2,-5.0,13.0,-4.0,8.0
291,main_green,main_green,50,67.0,10.106961426895861,6,2,2,-5.0,13.0,-4.0,8.0
292,main_green,main_green,51,73.0,10.043738593789776,7,2,2,-5.0,13.0,-4.0,8.0
293,main_green,main_green,50,79.0,9.990664019359265,6,2,2,-5.0,13.0,-4.0,8.0
294,main_green,main_green,51,85.0,9.648140972895588,7,2,2,-5.0,13.0,-4.0,8.0
295,main_green,main_green,50,91.0,9.631340137604868,6,2,2,-5.0,13.0,-4.0,8.0
296,main_green,main_green,51,99.0,9.53646123205497,9,2,2,-3.0,3.0,8.0,20.0
297,main_green,main_green,51,108.0,9.711802243875043,9,2,2,-3.0,3.0,8.0,20.0
298,main_green,main_green,51,117.0,9.804395937289001,9,2,2,-3.0,3.0,8.0,20.0
299,main_green,main_green,51,127.0,9.631841826294664,11,2,2,-3.0,3.0,8.0,20.0
300,main_green,main_green,56,137.0,8.882184009814676,15,2,2,-3.0,3.0,8.0,20.0
301,main_green,main_green,55,147.0,9.170315407284601,10,2,2,-3.0,3.0,8.0,20.0
302,main_green,main_green,53,157.0,9.213644990623267,10,2,2,-3.0,3.0,8.0,20.0
303,main_green,main_green,53,167.0,9.460606704820904,10,2,2,-3.0,3.0,8.0,20.0
304,main_green,main_green,55,177.0,9.156652077332547,12,2,2,-3.0,3.0,8.0,20.0
305,main_green,main_green,55,187.0,9.144662006519985,10,2,2,-3.0,3.0,8.0,20.0
306,main_green,main_green,55,197.0,9.14353956273934,10,2,2,4.0,12.0,10.0,14.0
307,main_green,main_green,54,208.0,9.132355368719757,11,2,2,4.0,12.0,10.0,14.0
308,main_green,main_green,54,221.0,9.017820499985895,14,2,2,4.0,12.0,10.0,14.0
309,main_green,main_green,55,235.0,8.879778907724774,15,2,2,4.0,12.0,10.0,14.0
310,main_green,main_green,55,249.0,8.953420550002365,14,2,2,4.0,12.0,10.0,14.0
311,main_green,main_green,55,263.0,9.142469238592245,14,2,2,4.0,12.0,10.0,14.0
312,main_green,main_green,58,277.0,8.236225376406585,19,2,2,4.0,12.0,10.0,14.0
313,main_green,main_green,57,291.0,8.460918926385155,14,2,2,4.0,12.0,10.0,14.0
314,main_green,main_green,58,305.0,8.470963343306849,15,2,2,4.0,12.0,10.0,14.0
315,main_green,main_green,58,319.0,8.724919536243963,14,2,2,4.0,12.0,10.0,14.0
316,yellow_transition,yellow_transition,58,333.0,8.493559365618827,15,3,3,8.0,8.0,12.0,10.0
317,yellow_transition,yellow_transition,58,347.0,8.422960731200382,14,3,3,8.0,8.0,12.0,10.0
318,yellow_transition,yellow_transition,58,361.0,8.408138352218293,14,3,3,8.0,8.0,12.0,10.0
319,main_green,side_green,57,211.0,8.013744259830883,12,2,0,8.0,8.0,12.0,10.0
320,main_green,side_green,58,151.0,8.00474971894631,11,2,0,8.0,8.0,12.0,10.0
321,main_green,side_green,58,157.0,8.469473671879548,9,2,0,8.0,8.0,12.0,10.0
322,main_green,side_green,58,166.0,8.807607385402836,9,2,0,8.0,8.0,12.0,10.0
323,main_green,side_green,58,176.0,9.323136822099286,10,2,0,8.0,8.0,12.0,10.0
324,main_green,side_green,63,186.0,8.832598806583446,15,2,0,8.0,8.0,12.0,10.0
325,main_green,side_green,64,196.0,9.253565606160075,11,2,0,8.0,8.0,12.0,10.0
326,main_green,side_green,63,206.0,9.524482206601302,10,2,0,8.0,8.0,12.0,10.0
327,main_green,side_green,62,216.0,9.552105090535978,10,2,0,8.0,8.0,12.0,10.0
328,main_green,side_green,63,226.0,9.386046394998285,11,2,0,8.0,8.0,12.0,10.0
329,yellow_transition,yellow_transition,61,237.0,8.952475756730857,11,3,1,10.0,4.0,-11.0,11.0
330,yellow_transition,yellow_transition,62,249.0,8.642180121993544,13,3,1,10.0,4.0,-11.0,11.0
331,yellow_transition,yellow_transition,60,264.0,8.33919413614721,15,3,1,10.0,4.0,-11.0,11.0
332,side_green,main_green,60,86.0,8.198168764024865,9,0,2,10.0,4.0,-11.0,11.0
333,side_green,main_green,59,7.0,8.562989315341477,3,0,2,10.0,4.0,-11.0,11.0
334,side_green,main_green,59,6.0,9.014886649559088,2,0,2,10.0,4.0,-11.0,11.0
335,side_green,main_green,60,9.0,9.24516915771506,4,0,2,10.0,4.0,-11.0,11.0
336,side_green,main_green,63,12.0,9.093807831281548,8,0,2,10.0,4.0,-11.0,11.0
337,side_green,main_green,62,16.0,9.846714415488874,4,0,2,10.0,4.0,-11.0,11.0
338,side_green,main_green,60,20.0,10.25782160110462,4,0,2,10.0,4.0,-11.0,11.0
339,side_green,main_green,57,24.0,10.601356237114246,4,0,2,10.0,4.0,-11.0,11.0
340,side_green,main_green,57,28.0,10.441053906650472,6,0,2,10.0,4.0,-11.0,11.0
341,side_green,main_green,56,32.0,10.303462473497364,4,0,2,10.0,4.0,-11.0,11.0
342,yellow_transition,yellow_transition,55,37.0,10.256821106707616,5,1,3,-11.0,15.0,-3.0,3.0
343,yellow_transition,yellow_transition,54,43.0,9.898722115909903,6,1,3,-11.0,15.0,-3.0,3.0
344,yellow_transition,yellow_transition,54,50.0,9.581520019515738,8,1,3,-11.0,15.0,-3.0,3.0
345,main_green,main_green,55,34.0,9.728852364626356,6,2,2,-11.0,15.0,-3.0,3.0
346,main_green,main_green,55,35.0,9.977104315052054,4,2,2,-11.0,15.0,-3.0,3.0
347,main_green,main_green,54,39.0,10.39037846249214,4,2,2,-11.0,15.0,-3.0,3.0
348,main_green,main_green,59,43.0,9.747125717433967,9,2,2,-11.0,15.0,-3.0,3.0
349,main_green,main_green,57,47.0,10.13918227871108,4,2,2,-11.0,15.0,-3.0,3.0
350,main_green,main_green,57,51.0,10.365678428440116,5,2,2,-11.0,15.0,-3.0,3.0
351,main_green,main_green,55,55.0,10.600164902474901,4,2,2,-11.0,15.0,-3.0,3.0
352,main_green,main_green,54,59.0,10.547546579657743,5,2,2,-11.0,15.0,-3.0,3.0
353,main_green,main_green,53,63.0,10.527775932144852,4,2,2,-11.0,15.0,-3.0,3.0
354,main_green,main_green,51,67.0,10.59310347062015,4,2,2,-11.0,15.0,-3.0,3.0
355,main_green,main_green,50,72.0,10.208575458959343,6,2,2,-3.0,17.0,0.0,4.0
356,main_green,main_green,51,79.0,9.999644057264614,8,2,2,-3.0,17.0,0.0,4.0
357,main_green,main_green,50,86.0,9.984767146970027,7,2,2,-3.0,17.0,0.0,4.0
358,main_green,main_green,47,94.0,10.072155706760094,8,2,2,-3.0,17.0,0.0,4.0
359,main_green,main_green,47,102.0,10.040209891215959,8,2,2,-3.0,17.0,0.0,4.0
360,main_green,main_green,50,110.0,9.071319683342393,13,2,2,-3.0,17.0,0.0,4.0
361,main_green,main_green,51,118.0,9.16416898186298,9,2,2,-3.0,17.0,0.0,4.0
362,main_green,main_green,50,126.0,9.287254835770607,8,2,2,-3.0,17.0,0.0,4.0
363,main_green,main_green,50,134.0,9.527543879964517,8,2,2,-3.0,17.0,0.0,4.0
364,main_green,main_green,51,142.0,9.336349525045181,9,2,2,-3.0,17.0,0.0,4.0
365,main_green,main_green,51,150.0,9.45148748144156,8,2,2,-1.0,9.0,13.0,17.0
366,main_green,main_green,52,158.0,9.14322946371119,9,2,2,-1.0,9.0,13.0,17.0
367,main_green,main_green,52,166.0,9.209340167375412,8,2,2,-1.0,9.0,13.0,17.0
368,main_green,main_green,53,175.0,9.074428042727577,10,2,2,-1.0,9.0,13.0,17.0
369,main_green,main_green,51,186.0,9.034792418743427,11,2,2,-1.0,9.0,13.0,17.0
370,main_green,main_green,51,198.0,9.06848224866065,12,2,2,-1.0,9.0,13.0,17.0
371,main_green,main_green,51,210.0,8.882837676183742,13,2,2,-1.0,9.0,13.0,17.0
372,main_green,main_green,55,222.0,8.196421538220545,17,2,2,-1.0,9.0,13.0,17.0
373,main_green,main_green,55,234.0,8.454097849906557,12,2,2,-1.0,9.0,13.0,17.0
374,main_green,main_green,55,246.0,8.637898170488668,12,2,2,-1.0,9.0,13.0,17.0
375,main_green,main_green,54,258.0,8.873340820125723,12,2,2,2.0,8.0,14.0,16.0
376,main_green,main_green,56,270.0,8.544080676616028,14,2,2,2.0,8.0,14.0,16.0
377,main_green,main_green,56,282.0,8.55809376091726,12,2,2,2.0,8.0,14.0,16.0
378,main_green,main_green,56,294.0,8.549752765201388,12,2,2,2.0,8.0,14.0,16.0
379,main_green,main_green,55,307.0,8.613758996639568,13,2,2,2.0,8.0,14.0,16.0
380,main_green,main_green,56,322.0,8.476674884524234,16,2,2,2.0,8.0,14.0,16.0
381,main_green,main_green,55,337.0,8.200596881030132,16,2,2,2.0,8.0,14.0,16.0
382,main_green,main_green,54,353.0,8.282075111844806,16,2,2,2.0,8.0,14.0,16.0
383,main_green,main_green,54,369.0,8.3831936671978,16,2,2,2.0,8.0,14.0,16.0
384,main_green,main_green,59,385.0,7.723902845222962,21,2,2,2.0,8.0,14.0,16.0
385,yellow_transition,yellow_transition,58,401.0,7.907461082414521,16,3,3,8.0,12.0,17.0,13.0
386,yellow_transition,yellow_transition,59,417.0,7.8902407335082625,17,3,3,8.0,12.0,17.0,13.0
387,yellow_transition,yellow_transition,59,433.0,7.931713521656234,16,3,3,8.0,12.0,17.0,13.0
388,main_green,side_green,60,246.0,8.029210690258616,13,2,0,8.0,12.0,17.0,13.0
389,main_green,side_green,60,149.0,8.263316147867274,8,2,0,8.0,12.0,17.0,13.0
390,main_green,side_green,60,134.0,8.543100308786698,6,2,0,8.0,12.0,17.0,13.0
391,main_green,side_green,61,141.0,8.592200106263132,8,2,0,8.0,12.0,17.0,13.0
392,main_green,side_green,62,149.0,8.778018417433609,9,2,0,8.0,12.0,17.0,13.0
393,main_green,side_green,61,159.0,9.010600038608038,10,2,0,8.0,12.0,17.0,13.0
394,main_green,side_green,59,169.0,9.139326257030818,10,2,0,8.0,12.0,17.0,13.0
395,main_green,side_green,58,180.0,9.25767855468142,11,2,0,8.0,12.0,17.0,13.0
396,main_green,side_green,62,193.0,8.45380271180397,18,2,0,8.0,12.0,17.0,13.0
397,main_green,side_green,63,206.0,8.504394513585506,14,2,0,8.0,12.0,17.0,13.0
398,yellow_transition,yellow_transition,63,219.0,8.703342849856446,13,3,1,9.0,3.0,-9.0,19.0
399,yellow_transition,yellow_transition,63,233.0,8.662742421749572,14,3,1,9.0,3.0,-9.0,19.0
400,yellow_transition,yellow_transition,64,248.0,8.34086381273838,16,3,1,9.0,3.0,-9.0,19.0
401,side_green,main_green,64,74.0,8.260281692542973,7,0,2,9.0,3.0,-9.0,19.0
402,side_green,main_green,64,3.0,8.169207858179547,2,0,2,9.0,3.0,-9.0,19.0
403,side_green,main_green,64,1.0,8.538671589301801,1,0,2,9.0,3.0,-9.0,19.0
404,side_green,main_green,65,2.0,8.872851236626177,2,0,2,9.0,3.0,-9.0,19.0
405,side_green,main_green,64,6.0,9.39900055949516,4,0,2,9.0,3.0,-9.0,19.0
406,side_green,main_green,62,11.0,9.917909492209514,5,0,2,9.0,3.0,-9.0,19.0
407,side_green,main_green,58,16.0,10.092819048947536,6,0,2,9.0,3.0,-9.0,19.0
408,side_green,main_green,62,21.0,9.615247669261672,10,0,2,9.0,3.0,-9.0,19.0
409,side_green,main_green,60,27.0,9.7730794828658,6,0,2,9.0,3.0,-9.0,19.0
410,side_green,main_green,59,33.0,9.954491957615792,6,0,2,9.0,3.0,-9.0,19.0
411,yellow_transition,yellow_transition,56,40.0,9.886139633374256,7,1,3,-9.0,15.0,-5.0,1.0
412,yellow_transition,yellow_transition,57,47.0,9.42279247106891,9,1,3,-9.0,15.0,-5.0,1.0
413,yellow_transition,yellow_transition,57,54.0,9.192294785685938,7,1,3,-9.0,15.0,-5.0,1.0
414,main_green,main_green,57,24.0,9.340559007497358,3,2,2,-9.0,15.0,-5.0,1.0
415,main_green,main_green,56,22.0,9.336528406540237,2,2,2,-9.0,15.0,-5.0,1.0
416,main_green,main_green,57,24.0,9.422272464031895,3,2,2,-9.0,15.0,-5.0,1.0
417,main_green,main_green,57,29.0,9.456912032737337,6,2,2,-9.0,15.0,-5.0,1.0
418,main_green,main_green,57,35.0,9.843702587501792,6,2,2,-9.0,15.0,-5.0,1.0
419,main_green,main_green,55,41.0,10.176155650655023,6,2,2,-9.0,15.0,-5.0,1.0
420,main_green,main_green,57,47.0,9.388902800362738,11,2,2,-9.0,15.0,-5.0,1.0
421,main_green,main_green,56,53.0,9.675680143972158,6,2,2,-9.0,15.0,-5.0,1.0
422,main_green,main_green,55,59.0,9.800991208600783,7,2,2,-9.0,15.0,-5.0,1.0
423,main_green,main_green,54,65.0,10.073486832205779,6,2,2,-9.0,15.0,-5.0,1.0
424,main_green,main_green,55,71.0,9.928930899202028,7,2,2,2.0,16.0,-1.0,7.0
425,main_green,main_green,54,77.0,10.162418755776173,6,2,2,2.0,16.0,-1.0,7.0
426,main_green,main_green,54,83.0,10.222600373146967,6,2,2,2.0,16.0,-1.0,7.0
427,main_green,main_green,53,89.0,9.929009116980021,7,2,2,2.0,16.0,-1.0,7.0
428,main_green,main_green,54,97.0,9.739157872964395,9,2,2,2.0,16.0,-1.0,7.0
429,main_green,main_green,53,105.0,9.7347133819014,8,2,2,2.0,16.0,-1.0,7.0
430,main_green,main_green,53,114.0,9.657096015053776,9,2,2,2.0,16.0,-1.0,7.0
431,main_green,main_green,52,124.0,9.703687433458828,10,2,2,2.0,16.0,-1.0,7.0
432,main_green,main_green,56,134.0,8.836857622462526,15,2,2,2.0,16.0,-1.0,7.0
433,main_green,main_green,57,144.0,8.871804723848351,11,2,2,2.0,16.0,-1.0,7.0
434,main_green,main_green,55,154.0,9.067003509591787,10,2,2,3.0,7.0,10.0,16.0
435,main_green,main_green,55,164.0,9.170203744857774,10,2,2,3.0,7.0,10.0,16.0
436,main_green,main_green,56,174.0,9.089974058740845,11,2,2,3.0,7.0,10.0,16.0
437,main_green,main_green,56,184.0,8.96457839670011,10,2,2,3.0,7.0,10.0,16.0
438,main_green,main_green,57,194.0,8.982726838262435,11,2,2,3.0,7.0,10.0,16.0
439,main_green,main_green,57,204.0,8.886839557179554,10,2,2,3.0,7.0,10.0,16.0
440,main_green,main_green,55,217.0,8.70836848254472,14,2,2,3.0,7.0,10.0,16.0
441,main_green,main_green,54,230.0,8.786580600708724,13,2,2,3.0,7.0,10.0,16.0
442,main_green,main_green,52,244.0,8.749020024553746,14,2,2,3.0,7.0,10.0,16.0
443,main_green,main_green,53,258.0,8.665255833950194,15,2,2,3.0,7.0,10.0,16.0
444,main_green,main_green,58,272.0,8.06396822988567,19,2,2,5.0,11.0,10.0,10.0
445,main_green,main_green,58,286.0,8.347290006771738,14,2,2,5.0,11.0,10.0,10.0
446,main_green,main_green,58,300.0,8.478470263316197,14,2,2,5.0,11.0,10.0,10.0
447,main_green,main_green,58,314.0,8.723889726049766,14,2,2,5.0,11.0,10.0,10.0
448,main_green,main_green,59,328.0,8.392837094735823,16,2,2,5.0,11.0,10.0,10.0
449,main_green,main_green,59,342.0,8.456380691538964,14,2,2,5.0,11.0,10.0,10.0
450,main_green,main_green,58,356.0,8.326020333462095,14,2,2,5.0,11.0,10.0,10.0
451,main_green,main_green,58,371.0,8.296386522586243,15,2,2,5.0,11.0,10.0,10.0
452,main_green,main_green,58,388.0,8.133451084397889,18,2,2,5.0,11.0,10.0,10.0
453,main_green,main_green,59,406.0,8.144617048963852,19,2,2,5.0,11.0,10.0,10.0
454,yellow_transition,yellow_transition,58,424.0,8.107980595951325,18,3,3,10.0,16.0,11.0,7.0
455,yellow_transition,yellow_transition,58,442.0,8.082078455398143,18,3,3,10.0,16.0,11.0,7.0
456,yellow_transition,yellow_transition,63,460.0,7.336256935430022,23,3,3,10.0,16.0,11.0,7.0
457,main_green,side_green,63,291.0,7.6236851392462945,14,2,0,10.0,16.0,11.0,7.0
458,main_green,side_green,64,210.0,7.815108080724827,11,2,0,10.0,16.0,11.0,7.0
459,main_green,side_green,64,203.0,8.14399338356896,8,2,0,10.0,16.0,11.0,7.0
460,main_green,side_green,65,212.0,8.340339184488414,10,2,0,10.0,16.0,11.0,7.0
461,main_green,side_green,65,221.0,8.714910227288861,9,2,0,10.0,16.0,11.0,7.0
462,main_green,side_green,63,231.0,8.973543253745108,10,2,0,10.0,16.0,11.0,7.0
463,main_green,side_green,62,242.0,8.933228756715913,12,2,0,10.0,16.0,11.0,7.0
464,main_green,side_green,63,254.0,8.919029465223042,13,2,0,10.0,16.0,11.0,7.0
465,main_green,side_green,60,267.0,8.799003438892539,13,2,0,10.0,16.0,11.0,7.0
466,main_green,side_green,60,280.0,8.765059477880133,13,2,0,10.0,16.0,11.0,7.0
467,yellow_transition,yellow_transition,58,294.0,8.598930991957648,14,3,1,9.0,1.0,-13.0,17.0
468,yellow_transition,yellow_transition,62,308.0,7.777429093094374,19,3,1,9.0,1.0,-13.0,17.0
469,yellow_transition,yellow_transition,63,324.0,7.6329816069275624,17,3,1,9.0,1.0,-13.0,17.0
470,side_green,main_green,63,119.0,8.010534381456319,9,0,2,9.0,1.0,-13.0,17.0
471,side_green,main_green,62,15.0,8.295761510590074,2,0,2,9.0,1.0,-13.0,17.0
472,side_green,main_green,63,0.0,8.722556219126172,1,0,2,9.0,1.0,-13.0,17.0
473,side_green,main_green,63,0.0,9.257216043564076,0,0,2,9.0,1.0,-13.0,17.0
474,side_green,main_green,64,1.0,9.63918432127605,2,0,2,9.0,1.0,-13.0,17.0
475,side_green,main_green,62,2.0,10.10108301465573,1,0,2,9.0,1.0,-13.0,17.0
476,side_green,main_green,62,5.0,10.452043178639753,4,0,2,9.0,1.0,-13.0,17.0
477,side_green,main_green,60,8.0,10.652612266631241,3,0,2,9.0,1.0,-13.0,17.0
478,side_green,main_green,58,12.0,10.740285490415802,4,0,2,9.0,1.0,-13.0,17.0
479,side_green,main_green,57,16.0,10.496104301095968,5,0,2,9.0,1.0,-13.0,17.0
480,yellow_transition,yellow_transition,61,20.0,9.623451206568387,9,1,3,-16.0,10.0,-7.0,3.0
481,yellow_transition,yellow_transition,60,25.0,9.576359492956566,5,1,3,-16.0,10.0,-7.0,3.0
482,yellow_transition,yellow_transition,59,30.0,9.741734440428099,5,1,3,-16.0,10.0,-7.0,3.0
483,main_green,main_green,58,15.0,10.006924471498921,3,2,2,-16.0,10.0,-7.0,3.0
484,main_green,main_green,60,16.0,9.859816493204736,4,2,2,-16.0,10.0,-7.0,3.0
485,main_green,main_green,60,18.0,10.10740848386962,2,2,2,-16.0,10.0,-7.0,3.0
486,main_green,main_green,60,20.0,10.263435708913256,2,2,2,-16.0,10.0,-7.0,3.0
487,main_green,main_green,60,22.0,10.349461690836828,2,2,2,-16.0,10.0,-7.0,3.0
488,main_green,main_green,59,26.0,10.253055285633204,5,2,2,-16.0,10.0,-7.0,3.0
489,main_green,main_green,59,31.0,10.308894034088251,6,2,2,-16.0,10.0,-7.0,3.0
490,main_green,main_green,58,37.0,10.530917717989901,6,2,2,-16.0,10.0,-7.0,3.0
491,main_green,main_green,55,43.0,10.54640968501214,6,2,2,-16.0,10.0,-7.0,3.0
492,main_green,main_green,59,49.0,9.713064355050523,11,2,2,-16.0,10.0,-7.0,3.0
493,main_green,main_green,55,55.0,9.888051322478267,6,2,2,-4.0,12.0,-1.0,5.0
494,main_green,main_green,55,61.0,9.906186013956379,7,2,2,-4.0,12.0,-1.0,5.0
495,main_green,main_green,52,67.0,9.99817716839725,6,2,2,-4.0,12.0,-1.0,5.0
496,main_green,main_green,52,73.0,9.999026143914742,7,2,2,-4.0,12.0,-1.0,5.0
497,main_green,main_green,52,79.0,10.015031166764508,6,2,2,-4.0,12.0,-1.0,5.0
498,main_green,main_green,50,85.0,9.921942529460916,6,2,2,-4.0,12.0,-1.0,5.0
499,main_green,main_green,51,91.0,9.77930684646052,7,2,2,-4.0,12.0,-1.0,5.0
500,main_green,main_green,52,98.0,9.653037140563198,8,2,2,-4.0,12.0,-1.0,5.0
501,main_green,main_green,52,107.0,9.566027191904238,9,2,2,-4.0,12.0,-1.0,5.0
502,main_green,main_green,51,117.0,9.608725967970717,10,2,2,-4.0,12.0,-1.0,5.0
503,main_green,main_green,50,127.0,9.696462820371982,10,2,2,-2.0,6.0,7.0,17.0
504,main_green,main_green,55,137.0,8.889931627809194,15,2,2,-2.0,6.0,7.0,17.0
505,main_green,main_green,56,147.0,8.972493733352998,11,2,2,-2.0,6.0,7.0,17.0
506,main_green,main_green,55,157.0,9.122838665504549,10,2,2,-2.0,6.0,7.0,17.0
507,main_green,main_green,55,167.0,9.336337755329783,10,2,2,-2.0,6.0,7.0,17.0
508,main_green,main_green,56,177.0,9.252195558480315,11,2,2,-2.0,6.0,7.0,17.0
509,main_green,main_green,55,187.0,9.174110444951102,10,2,2,-2.0,6.0,7.0,17.0
510,main_green,main_green,55,197.0,9.010015163482407,11,2,2,-2.0,6.0,7.0,17.0
511,main_green,main_green,51,208.0,8.744839202990281,11,2,2,-2.0,6.0,7.0,17.0
512,main_green,main_green,52,220.0,8.625250767159844,13,2,2,-2.0,6.0,7.0,17.0
513,main_green,main_green,52,234.0,8.73428525929125,14,2,2,2.0,8.0,15.0,21.0
514,main_green,main_green,52,248.0,8.838793357957119,14,2,2,2.0,8.0,15.0,21.0
515,main_green,main_green,53,262.0,8.819133651820964,15,2,2,2.0,8.0,15.0,21.0
516,main_green,main_green,58,276.0,8.120426150534355,19,2,2,2.0,8.0,15.0,21.0
517,main_green,main_green,58,290.0,8.342725225284752,14,2,2,2.0,8.0,15.0,21.0
518,main_green,main_green,58,304.0,8.53891008452896,14,2,2,2.0,8.0,15.0,21.0
519,main_green,main_green,57,318.0,8.606460323433415,14,2,2,2.0,8.0,15.0,21.0
520,main_green,main_green,58,332.0,8.235649691058518,16,2,2,2.0,8.0,15.0,21.0
521,main_green,main_green,57,346.0,8.135605848980473,14,2,2,2.0,8.0,15.0,21.0
522,main_green,main_green,56,361.0,8.178840146969199,15,2,2,2.0,8.0,15.0,21.0
523,yellow_transition,yellow_transition,56,377.0,8.202644784367916,16,3,3,11.0,11.0,14.0,10.0
524,yellow_transition,yellow_transition,56,393.0,8.072932740347241,17,3,3,11.0,11.0,14.0,10.0
525,yellow_transition,yellow_transition,57,410.0,7.903050279508409,18,3,3,11.0,11.0,14.0,10.0
526,main_green,side_green,57,250.0,8.005397456449991,14,2,0,11.0,11.0,14.0,10.0
527,main_green,side_green,57,180.0,8.290567095210443,10,2,0,11.0,11.0,14.0,10.0
528,main_green,side_green,62,178.0,7.926304391178869,14,2,0,11.0,11.0,14.0,10.0
529,main_green,side_green,62,187.0,8.450040881769178,9,2,0,11.0,11.0,14.0,10.0
530,main_green,side_green,62,196.0,8.605015443785854,10,2,0,11.0,11.0,14.0,10.0
531,main_green,side_green,62,205.0,8.98299969423773,9,2,0,11.0,11.0,14.0,10.0
532,main_green,side_green,63,215.0,9.130019359928156,11,2,0,11.0,11.0,14.0,10.0
533,main_green,side_green,63,225.0,9.28999139022738,10,2,0,11.0,11.0,14.0,10.0
534,main_green,side_green,63,237.0,9.448158876810108,12,2,0,11.0,11.0,14.0,10.0
535,main_green,side_green,61,249.0,8.881129386829675,13,2,0,11.0,11.0,14.0,10.0
536,yellow_transition,yellow_transition,62,262.0,8.698117331526014,14,3,1,11.0,3.0,-16.0,14.0
537,yellow_transition,yellow_transition,62,275.0,8.592894684933977,13,3,1,11.0,3.0,-16.0,14.0
538,yellow_transition,yellow_transition,60,290.0,8.253058540644279,15,3,1,11.0,3.0,-16.0,14.0
539,side_green,main_green,60,100.0,8.48833511929049,9,0,2,11.0,3.0,-16.0,14.0
540,side_green,main_green,64,12.0,8.142014777816993,7,0,2,11.0,3.0,-16.0,14.0
541,side_green,main_green,65,1.0,8.662798022414625,2,0,2,11.0,3.0,-16.0,14.0
542,side_green,main_green,65,2.0,9.301749448442017,1,0,2,11.0,3.0,-16.0,14.0
543,side_green,main_green,65,4.0,9.89562778689477,2,0,2,11.0,3.0,-16.0,14.0
544,side_green,main_green,64,6.0,10.282540728072982,3,0,2,11.0,3.0,-16.0,14.0
545,side_green,main_green,63,8.0,10.69766730889222,2,0,2,11.0,3.0,-16.0,14.0
546,side_green,main_green,62,10.0,10.774688045726124,3,0,2,11.0,3.0,-16.0,14.0
547,side_green,main_green,62,13.0,10.659895078767919,3,0,2,11.0,3.0,-16.0,14.0
548,side_green,main_green,59,18.0,10.49524253772574,6,0,2,11.0,3.0,-16.0,14.0
549,yellow_transition,yellow_transition,59,23.0,10.462162681924328,5,1,3,-12.0,12.0,-10.0,-2.0
550,yellow_transition,yellow_transition,53,28.0,10.23304675063196,5,1,3,-12.0,12.0,-10.0,-2.0
551,yellow_transition,yellow_transition,54,35.0,10.031488807829385,8,1,3,-12.0,12.0,-10.0,-2.0
552,main_green,main_green,57,18.0,9.36361261623517,9,2,2,-12.0,12.0,-10.0,-2.0
553,main_green,main_green,57,12.0,9.824998107936004,2,2,2,-12.0,12.0,-10.0,-2.0
554,main_green,main_green,57,14.0,10.059440712702829,2,2,2,-12.0,12.0,-10.0,-2.0
555,main_green,main_green,56,16.0,10.403315349466622,2,2,2,-12.0,12.0,-10.0,-2.0
556,main_green,main_green,58,18.0,10.413778286313345,4,2,2,-12.0,12.0,-10.0,-2.0
557,main_green,main_green,57,20.0,10.502523232407608,2,2,2,-12.0,12.0,-10.0,-2.0
558,main_green,main_green,56,22.0,10.653576547340352,2,2,2,-12.0,12.0,-10.0,-2.0
559,main_green,main_green,54,24.0,10.631271854236404,2,2,2,-12.0,12.0,-10.0,-2.0
560,main_green,main_green,52,26.0,10.51762412607175,3,2,2,-12.0,12.0,-10.0,-2.0
561,main_green,main_green,50,32.0,10.222815365900649,7,2,2,-12.0,12.0,-10.0,-2.0
562,main_green,main_green,49,38.0,10.367978337921208,6,2,2,-3.0,17.0,-4.0,8.0
563,main_green,main_green,48,44.0,10.489762699110385,6,2,2,-3.0,17.0,-4.0,8.0
564,main_green,main_green,52,50.0,9.60838920803776,11,2,2,-3.0,17.0,-4.0,8.0
565,main_green,main_green,52,56.0,9.804527860654872,6,2,2,-3.0,17.0,-4.0,8.0
566,main_green,main_green,52,62.0,9.89329616483068,7,2,2,-3.0,17.0,-4.0,8.0
567,main_green,main_green,51,68.0,10.241402722236014,6,2,2,-3.0,17.0,-4.0,8.0
568,main_green,main_green,51,74.0,10.089915510105541,7,2,2,-3.0,17.0,-4.0,8.0
569,main_green,main_green,49,80.0,10.058027496235946,6,2,2,-3.0,17.0,-4.0,8.0
570,main_green,main_green,49,86.0,9.995304623838754,6,2,2,-3.0,17.0,-4.0,8.0
571,main_green,main_green,49,93.0,9.683575898123529,8,2,2,-3.0,17.0,-4.0,8.0
572,main_green,main_green,49,100.0,9.586269084214294,8,2,2,-1.0,9.0,7.0,19.0
573,main_green,main_green,48,110.0,9.567956995694518,10,2,2,-1.0,9.0,7.0,19.0
574,main_green,main_green,48,120.0,9.773191222933024,10,2,2,-1.0,9.0,7.0,19.0
575,main_green,main_green,48,130.0,9.853051866272825,10,2,2,-1.0,9.0,7.0,19.0
576,main_green,main_green,52,140.0,8.906549719013547,15,2,2,-1.0,9.0,7.0,19.0
577,main_green,main_green,53,150.0,8.908138608915218,11,2,2,-1.0,9.0,7.0,19.0
578,main_green,main_green,52,160.0,9.079258609536332,10,2,2,-1.0,9.0,7.0,19.0
579,main_green,main_green,52,170.0,9.261826857433642,10,2,2,-1.0,9.0,7.0,19.0
580,main_green,main_green,53,180.0,9.075887626860826,11,2,2,-1.0,9.0,7.0,19.0
581,main_green,main_green,52,190.0,9.008840556050608,10,2,2,-1.0,9.0,7.0,19.0
582,yellow_transition,yellow_transition,53,200.0,8.841440801946671,11,3,3,4.0,8.0,12.0,10.0
583,yellow_transition,yellow_transition,53,211.0,8.985704078686874,11,3,3,4.0,8.0,12.0,10.0
584,yellow_transition,yellow_transition,54,223.0,8.924100875136944,13,3,3,4.0,8.0,12.0,10.0
585,main_green,side_green,54,111.0,9.129679251076334,10,2,0,4.0,8.0,12.0,10.0
586,main_green,side_green,54,88.0,9.412711078101896,6,2,0,4.0,8.0,12.0,10.0
587,main_green,side_green,55,94.0,9.490865304584863,7,2,0,4.0,8.0,12.0,10.0
588,main_green,side_green,60,100.0,8.957120469509698,11,2,0,4.0,8.0,12.0,10.0
589,main_green,side_green,60,107.0,9.294801969842142,7,2,0,4.0,8.0,12.0,10.0
590,main_green,side_green,60,114.0,9.682824464243598,7,2,0,4.0,8.0,12.0,10.0
591,main_green,side_green,60,122.0,9.86056601494789,8,2,0,4.0,8.0,12.0,10.0
592,main_green,side_green,62,132.0,9.551662443359296,12,2,0,4.0,8.0,12.0,10.0
593,main_green,side_green,61,142.0,9.751005248033245,10,2,0,4.0,8.0,12.0,10.0
594,main_green,side_green,61,152.0,9.740641642836934,10,2,0,4.0,8.0,12.0,10.0
595,yellow_transition,yellow_transition,60,162.0,9.738313142217212,10,3,1,4.0,2.0,-11.0,13.0
596,yellow_transition,yellow_transition,60,174.0,9.451032510428165,13,3,1,4.0,2.0,-11.0,13.0
597,yellow_transition,yellow_transition,60,187.0,9.04063496063847,14,3,1,4.0,2.0,-11.0,13.0
598,side_green,main_green,60,39.0,9.149378712702754,6,0,2,4.0,2.0,-11.0,13.0
599,side_green,main_green,60,2.0,9.525870536604918,2,0,2,4.0,2.0,-11.0,13.0
600,side_green,main_green,64,4.0,9.151284490311658,7,0,2,4.0,2.0,-11.0,13.0
601,side_green,main_green,62,6.0,9.728568372899993,2,0,2,4.0,2.0,-11.0,13.0
602,side_green,main_green,61,8.0,10.024518157715042,3,0,2,4.0,2.0,-11.0,13.0
603,side_green,main_green,59,11.0,10.408845225115073,3,0,2,4.0,2.0,-11.0,13.0
604,side_green,main_green,57,14.0,10.491969780171848,4,0,2,4.0,2.0,-11.0,13.0
605,side_green,main_green,53,18.0,10.472451006809777,4,0,2,4.0,2.0,-11.0,13.0
606,side_green,main_green,51,23.0,10.421357137581165,5,0,2,4.0,2.0,-11.0,13.0
607,side_green,main_green,51,29.0,10.234430971332781,7,0,2,4.0,2.0,-11.0,13.0
608,yellow_transition,yellow_transition,52,35.0,10.037989242481881,7,1,3,-12.0,14.0,-3.0,5.0
609,yellow_transition,yellow_transition,52,43.0,10.073611182913293,8,1,3,-12.0,14.0,-3.0,5.0
610,yellow_transition,yellow_transition,52,51.0,9.976924241880853,8,1,3,-12.0,14.0,-3.0,5.0
611,main_green,main_green,51,25.0,10.189879795367315,5,2,2,-12.0,14.0,-3.0,5.0
612,main_green,main_green,55,22.0,9.4315276964173,8,2,2,-12.0,14.0,-3.0,5.0
613,main_green,main_green,56,25.0,9.694657480054433,4,2,2,-12.0,14.0,-3.0,5.0
614,main_green,main_green,55,28.0,10.114236528571883,3,2,2,-12.0,14.0,-3.0,5.0
615,main_green,main_green,55,31.0,10.587656290084963,3,2,2,-12.0,14.0,-3.0,5.0
616,main_green,main_green,54,34.0,10.497865554794513,4,2,2,-12.0,14.0,-3.0,5.0
617,main_green,main_green,52,37.0,10.800662842860351,3,2,2,-12.0,14.0,-3.0,5.0
618,main_green,main_green,50,40.0,10.407303072084048,4,2,2,-12.0,14.0,-3.0,5.0
619,main_green,main_green,48,44.0,10.451737941572022,4,2,2,-12.0,14.0,-3.0,5.0
620,main_green,main_green,48,48.0,10.260977217878184,5,2,2,-12.0,14.0,-3.0,5.0
621,main_green,main_green,48,55.0,10.454962128831434,7,2,2,-1.0,19.0,-2.0,6.0
622,main_green,main_green,47,62.0,10.489732331203077,7,2,2,-1.0,19.0,-2.0,6.0
623,main_green,main_green,48,69.0,10.412502449138367,8,2,2,-1.0,19.0,-2.0,6.0
624,main_green,main_green,52,76.0,9.384231443443094,12,2,2,-1.0,19.0,-2.0,6.0
625,main_green,main_green,52,83.0,9.637958595639775,7,2,2,-1.0,19.0,-2.0,6.0
626,main_green,main_green,52,90.0,9.991477141242248,7,2,2,-1.0,19.0,-2.0,6.0
627,main_green,main_green,50,97.0,10.038907666195053,7,2,2,-1.0,19.0,-2.0,6.0
628,main_green,main_green,52,104.0,9.808559148765985,9,2,2,-1.0,19.0,-2.0,6.0
629,main_green,main_green,51,111.0,9.938840254321859,7,2,2,-1.0,19.0,-2.0,6.0
630,main_green,main_green,50,118.0,9.755763094317812,7,2,2,-1.0,19.0,-2.0,6.0
631,main_green,main_green,49,125.0,9.814823627108336,7,2,2,-2.0,10.0,9.0,17.0
632,main_green,main_green,49,134.0,9.381973653927155,10,2,2,-2.0,10.0,9.0,17.0
633,main_green,main_green,50,145.0,9.32489473138252,12,2,2,-2.0,10.0,9.0,17.0
634,main_green,main_green,50,156.0,9.432953755532585,11,2,2,-2.0,10.0,9.0,17.0
635,main_green,main_green,49,167.0,9.589165099300738,11,2,2,-2.0,10.0,9.0,17.0
636,main_green,main_green,53,178.0,8.604100445669006,16,2,2,-2.0,10.0,9.0,17.0
637,main_green,main_green,52,189.0,8.813143685664834,11,2,2,-2.0,10.0,9.0,17.0
638,main_green,main_green,53,200.0,8.852942403531003,12,2,2,-2.0,10.0,9.0,17.0
639,main_green,main_green,53,211.0,9.077833665154495,11,2,2,-2.0,10.0,9.0,17.0
640,main_green,main_green,53,222.0,8.968352756923798,12,2,2,-2.0,10.0,9.0,17.0
641,main_green,main_green,53,233.0,8.973739261609905,11,2,2,4.0,12.0,13.0,13.0
642,main_green,main_green,53,244.0,8.835685786166325,11,2,2,4.0,12.0,13.0,13.0
643,main_green,main_green,54,255.0,8.72013777431984,12,2,2,4.0,12.0,13.0,13.0
644,main_green,main_green,55,269.0,8.588767548255383,15,2,2,4.0,12.0,13.0,13.0
645,main_green,main_green,55,283.0,8.752385539428184,14,2,2,4.0,12.0,13.0,13.0
646,main_green,main_green,54,298.0,8.71758018083947,15,2,2,4.0,12.0,13.0,13.0
647,main_green,main_green,53,313.0,8.781013728369954,15,2,2,4.0,12.0,13.0,13.0
648,main_green,main_green,58,328.0,8.056395839387697,20,2,2,4.0,12.0,13.0,13.0
649,main_green,main_green,58,343.0,8.136658393285268,16,2,2,4.0,12.0,13.0,13.0
650,main_green,main_green,58,358.0,8.334035596860094,15,2,2,4.0,12.0,13.0,13.0
651,yellow_transition,yellow_transition,58,373.0,8.55642501320729,15,3,3,10.0,10.0,16.0,10.0
652,yellow_transition,yellow_transition,59,388.0,8.375899787322659,16,3,3,10.0,10.0,16.0,10.0
653,yellow_transition,yellow_transition,59,403.0,8.387068010393328,15,3,3,10.0,10.0,16.0,10.0
654,main_green,side_green,59,234.0,8.210809028444029,12,2,0,10.0,10.0,16.0,10.0
655,main_green,side_green,59,150.0,8.118659776818124,7,2,0,10.0,10.0,16.0,10.0
656,main_green,side_green,60,145.0,8.227556339336168,8,2,0,10.0,10.0,16.0,10.0
657,main_green,side_green,60,153.0,8.514738607067356,8,2,0,10.0,10.0,16.0,10.0
658,main_green,side_green,59,163.0,8.788468402176665,10,2,0,10.0,10.0,16.0,10.0
659,main_green,side_green,60,175.0,8.871990369242111,13,2,0,10.0,10.0,16.0,10.0
660,main_green,side_green,63,187.0,8.330160894013673,17,2,0,10.0,10.0,16.0,10.0
661,main_green,side_green,63,200.0,8.70576381780893,13,2,0,10.0,10.0,16.0,10.0
662,main_green,side_green,61,213.0,8.649712398129749,13,2,0,10.0,10.0,16.0,10.0
663,main_green,side_green,61,226.0,8.663984648324314,13,2,0,10.0,10.0,16.0,10.0
664,yellow_transition,yellow_transition,61,240.0,8.155840629657078,16,3,1,9.0,1.0,-8.0,16.0
665,yellow_transition,yellow_transition,61,254.0,7.9855595415495415,14,3,1,9.0,1.0,-8.0,16.0
666,yellow_transition,yellow_transition,61,268.0,7.810487393074221,14,3,1,9.0,1.0,-8.0,16.0
667,side_green,main_green,59,83.0,7.914815755452891,8,0,2,9.0,1.0,-8.0,16.0
668,side_green,main_green,60,7.0,8.105121968639391,7,0,2,9.0,1.0,-8.0,16.0
669,side_green,main_green,59,6.0,8.359094980725601,4,0,2,9.0,1.0,-8.0,16.0
670,side_green,main_green,59,9.0,8.965086602385538,3,0,2,9.0,1.0,-8.0,16.0
671,side_green,main_green,59,12.0,9.462520054765118,3,0,2,9.0,1.0,-8.0,16.0
672,side_green,main_green,62,16.0,9.11418006574723,9,0,2,9.0,1.0,-8.0,16.0
673,side_green,main_green,60,20.0,9.681367263418542,4,0,2,9.0,1.0,-8.0,16.0
674,side_green,main_green,60,25.0,9.95096359391054,6,0,2,9.0,1.0,-8.0,16.0
675,side_green,main_green,58,30.0,10.14744412089481,5,0,2,9.0,1.0,-8.0,16.0
676,side_green,main_green,58,36.0,10.116119880642,7,0,2,9.0,1.0,-8.0,16.0
677,yellow_transition,yellow_transition,57,42.0,9.874082163819223,6,1,3,-9.0,17.0,-4.0,4.0
678,yellow_transition,yellow_transition,55,48.0,9.582335988092519,6,1,3,-9.0,17.0,-4.0,4.0
679,yellow_transition,yellow_transition,56,55.0,9.330714677634438,8,1,3,-9.0,17.0,-4.0,4.0
680,main_green,main_green,56,31.0,9.305482208258729,7,2,2,-9.0,17.0,-4.0,4.0
681,main_green,main_green,56,35.0,9.644654759771553,5,2,2,-9.0,17.0,-4.0,4.0
682,main_green,main_green,56,41.0,9.87991891631546,6,2,2,-9.0,17.0,-4.0,4.0
683,main_green,main_green,55,47.0,10.159562007358677,6,2,2,-9.0,17.0,-4.0,4.0
684,main_green,main_green,60,53.0,9.633647211037946,11,2,2,-9.0,17.0,-4.0,4.0
685,main_green,main_green,59,59.0,9.720543116716694,7,2,2,-9.0,17.0,-4.0,4.0
686,main_green,main_green,57,65.0,9.995999934990099,6,2,2,-9.0,17.0,-4.0,4.0
687,main_green,main_green,55,71.0,10.291786757406069,6,2,2,-9.0,17.0,-4.0,4.0
688,main_green,main_green,55,77.0,10.092313249803537,7,2,2,-9.0,17.0,-4.0,4.0
689,main_green,main_green,53,83.0,10.033976734123849,6,2,2,-9.0,17.0,-4.0,4.0
690,main_green,main_green,53,89.0,9.691179140323255,7,2,2,2.0,18.0,0.0,4.0
691,main_green,main_green,52,95.0,9.665307860128827,6,2,2,2.0,18.0,0.0,4.0
692,main_green,main_green,53,104.0,9.525844712105789,10,2,2,2.0,18.0,0.0,4.0
693,main_green,main_green,52,113.0,9.540129807737076,9,2,2,2.0,18.0,0.0,4.0
694,main_green,main_green,52,123.0,9.503195681797768,10,2,2,2.0,18.0,0.0,4.0
695,main_green,main_green,53,133.0,9.550529441541087,11,2,2,2.0,18.0,0.0,4.0
696,main_green,main_green,56,143.0,8.636444227661556,15,2,2,2.0,18.0,0.0,4.0
697,main_green,main_green,55,153.0,8.821044831803489,10,2,2,2.0,18.0,0.0,4.0
698,main_green,main_green,54,163.0,9.142334407036245,10,2,2,2.0,18.0,0.0,4.0
699,main_green,main_green,54,173.0,9.355113301053317,10,2,2,2.0,18.0,0.0,4.0
700,main_green,main_green,56,183.0,9.14830209359287,12,2,2,1.0,5.0,11.0,15.0
701,main_green,main_green,56,193.0,9.347442913678007,10,2,2,1.0,5.0,11.0,15.0
702,main_green,main_green,56,203.0,9.456159975150353,10,2,2,1.0,5.0,11.0,15.0
703,main_green,main_green,55,213.0,9.437127254194323,10,2,2,1.0,5.0,11.0,15.0
704,main_green,main_green,55,224.0,9.066779245218068,12,2,2,1.0,5.0,11.0,15.0
705,main_green,main_green,55,236.0,8.94026782537624,13,2,2,1.0,5.0,11.0,15.0
706,main_green,main_green,54,248.0,8.958388840045025,12,2,2,1.0,5.0,11.0,15.0
707,main_green,main_green,54,262.0,9.00760869282892,14,2,2,1.0,5.0,11.0,15.0
708,main_green,main_green,59,276.0,8.352087049082549,19,2,2,1.0,5.0,11.0,15.0
709,main_green,main_green,58,290.0,8.5448737804529,14,2,2,1.0,5.0,11.0,15.0
710,main_green,main_green,59,304.0,8.662200323247912,15,2,2,7.0,11.0,15.0,15.0
711,main_green,main_green,58,318.0,8.808071763172332,14,2,2,7.0,11.0,15.0,15.0
712,main_green,main_green,59,332.0,8.656456494448221,15,2,2,7.0,11.0,15.0,15.0
713,main_green,main_green,59,346.0,8.631613452422226,14,2,2,7.0,11.0,15.0,15.0
714,main_green,main_green,59,360.0,8.685729254487583,14,2,2,7.0,11.0,15.0,15.0
715,main_green,main_green,59,375.0,8.487419940160182,16,2,2,7.0,11.0,15.0,15.0
716,main_green,main_green,59,391.0,8.261839528385483,17,2,2,7.0,11.0,15.0,15.0
717,main_green,main_green,58,409.0,8.360992535066282,18,2,2,7.0,11.0,15.0,15.0
718,main_green,main_green,58,427.0,8.446524752650568,18,2,2,7.0,11.0,15.0,15.0
719,main_green,main_green,57,445.0,8.465114515311416,18,2,2,7.0,11.0,15.0,15.0
720,yellow_transition,yellow_transition,61,463.0,7.682572876327171,23,3,3,9.0,9.0,12.0,10.0
721,yellow_transition,yellow_transition,62,481.0,7.619911156815937,19,3,3,9.0,9.0,12.0,10.0
722,yellow_transition,yellow_transition,62,499.0,7.628760744800198,18,3,3,9.0,9.0,12.0,10.0
723,main_green,side_green,62,319.0,7.882144916288202,14,2,0,9.0,9.0,12.0,10.0
724,main_green,side_green,63,229.0,7.9017382664412095,12,2,0,9.0,9.0,12.0,10.0
725,main_green,side_green,62,219.0,8.21571145077287,9,2,0,9.0,9.0,12.0,10.0
726,main_green,side_green,63,228.0,8.354081716756351,10,2,0,9.0,9.0,12.0,10.0
727,main_green,side_green,63,238.0,8.776520120189211,10,2,0,9.0,9.0,12.0,10.0
728,main_green,side_green,62,250.0,8.983044476465503,13,2,0,9.0,9.0,12.0,10.0
729,main_green,side_green,61,263.0,9.28356056669595,13,2,0,9.0,9.0,12.0,10.0
730,main_green,side_green,60,276.0,9.357486395200615,13,2,0,9.0,9.0,12.0,10.0
731,main_green,side_green,61,289.0,9.238796597340087,14,2,0,9.0,9.0,12.0,10.0
732,main_green,side_green,66,302.0,8.673203124448065,18,2,0,9.0,9.0,12.0,10.0
733,yellow_transition,yellow_transition,65,316.0,8.800057906059413,14,3,1,14.0,6.0,-12.0,12.0
734,yellow_transition,yellow_transition,65,330.0,8.721389481573944,14,3,1,14.0,6.0,-12.0,12.0
735,yellow_transition,yellow_transition,63,344.0,8.416393403686776,14,3,1,14.0,6.0,-12.0,12.0
736,side_green,main_green,65,121.0,8.254846077861345,8,0,2,14.0,6.0,-12.0,12.0
737,side_green,main_green,64,21.0,8.417592411875834,2,0,2,14.0,6.0,-12.0,12.0
738,side_green,main_green,64,2.0,8.81181288283518,2,0,2,14.0,6.0,-12.0,12.0
739,side_green,main_green,64,4.0,9.24155736958157,2,0,2,14.0,6.0,-12.0,12.0
740,side_green,main_green,64,8.0,9.522381143567117,5,0,2,14.0,6.0,-12.0,12.0
741,side_green,main_green,63,12.0,9.847266559830752,5,0,2,14.0,6.0,-12.0,12.0
742,side_green,main_green,61,17.0,10.238889481448705,5,0,2,14.0,6.0,-12.0,12.0
743,side_green,main_green,57,23.0,10.245002331177883,6,0,2,14.0,6.0,-12.0,12.0
744,side_green,main_green,61,29.0,9.505447530167924,11,0,2,14.0,6.0,-12.0,12.0
745,side_green,main_green,59,36.0,9.557681524443813,7,0,2,14.0,6.0,-12.0,12.0
746,yellow_transition,yellow_transition,58,44.0,9.541230440545059,9,1,3,-9.0,17.0,-5.0,-1.0
747,yellow_transition,yellow_transition,57,52.0,9.514796605439741,8,1,3,-9.0,17.0,-5.0,-1.0
748,yellow_transition,yellow_transition,56,61.0,9.168065383651898,10,1,3,-9.0,17.0,-5.0,-1.0
749,main_green,main_green,56,28.0,9.460413904621117,5,2,2,-9.0,17.0,-5.0,-1.0
750,main_green,main_green,56,19.0,9.6304185338816,2,2,2,-9.0,17.0,-5.0,-1.0
751,main_green,main_green,57,22.0,9.66146935710257,4,2,2,-9.0,17.0,-5.0,-1.0
752,main_green,main_green,57,26.0,9.741873536884398,5,2,2,-9.0,17.0,-5.0,-1.0
753,main_green,main_green,57,32.0,10.05735413415076,6,2,2,-9.0,17.0,-5.0,-1.0
754,main_green,main_green,54,38.0,10.255032177310069,6,2,2,-9.0,17.0,-5.0,-1.0
755,main_green,main_green,53,44.0,10.610516660355428,6,2,2,-9.0,17.0,-5.0,-1.0
756,main_green,main_green,58,50.0,9.978211617243163,11,2,2,-9.0,17.0,-5.0,-1.0
757,main_green,main_green,57,56.0,9.871239189420292,7,2,2,-9.0,17.0,-5.0,-1.0
758,main_green,main_green,56,62.0,10.24394704707947,6,2,2,-9.0,17.0,-5.0,-1.0
759,main_green,main_green,53,68.0,10.298312180960302,6,2,2,-2.0,10.0,1.0,7.0
760,main_green,main_green,54,74.0,10.224204288519749,7,2,2,-2.0,10.0,1.0,7.0
761,main_green,main_green,53,80.0,10.198085321708161,6,2,2,-2.0,10.0,1.0,7.0
762,main_green,main_green,53,86.0,9.889539043426522,7,2,2,-2.0,10.0,1.0,7.0
763,main_green,main_green,51,92.0,9.760675344964607,6,2,2,-2.0,10.0,1.0,7.0
764,main_green,main_green,51,101.0,9.553937600282564,10,2,2,-2.0,10.0,1.0,7.0
765,main_green,main_green,51,111.0,9.680033035207904,10,2,2,-2.0,10.0,1.0,7.0
766,main_green,main_green,51,121.0,9.689590581321054,10,2,2,-2.0,10.0,1.0,7.0
767,main_green,main_green,50,131.0,9.507376930176504,11,2,2,-2.0,10.0,1.0,7.0
768,main_green,main_green,55,141.0,8.833930972564628,15,2,2,-2.0,10.0,1.0,7.0
769,main_green,main_green,55,151.0,9.07510456652247,10,2,2,1.0,5.0,13.0,21.0
770,main_green,main_green,55,161.0,9.283269842804753,10,2,2,1.0,5.0,13.0,21.0
771,main_green,main_green,55,171.0,9.515437484313777,10,2,2,1.0,5.0,13.0,21.0
772,main_green,main_green,56,181.0,9.259765606706994,12,2,2,1.0,5.0,13.0,21.0
773,main_green,main_green,55,191.0,9.337581306578665,10,2,2,1.0,5.0,13.0,21.0
774,main_green,main_green,54,201.0,9.284718385751077,10,2,2,1.0,5.0,13.0,21.0
775,main_green,main_green,52,211.0,9.07421273917307,10,2,2,1.0,5.0,13.0,21.0
776,main_green,main_green,52,223.0,8.895373297336771,13,2,2,1.0,5.0,13.0,21.0
777,main_green,main_green,52,236.0,8.632737028793194,14,2,2,1.0,5.0,13.0,21.0
778,main_green,main_green,52,249.0,8.826798730071758,13,2,2,1.0,5.0,13.0,21.0
779,main_green,main_green,52,262.0,8.888999567397482,13,2,2,4.0,12.0,11.0,15.0
780,main_green,main_green,57,276.0,8.215776415569463,19,2,2,4.0,12.0,11.0,15.0
781,main_green,main_green,57,290.0,8.376281337820398,14,2,2,4.0,12.0,11.0,15.0
782,main_green,main_green,58,304.0,8.499471313058192,15,2,2,4.0,12.0,11.0,15.0
783,main_green,main_green,58,318.0,8.681568905821894,14,2,2,4.0,12.0,11.0,15.0
784,main_green,main_green,59,332.0,8.555356464720557,15,2,2,4.0,12.0,11.0,15.0
785,main_green,main_green,58,346.0,8.570828629072572,14,2,2,4.0,12.0,11.0,15.0
786,main_green,main_green,58,360.0,8.52988818028087,14,2,2,4.0,12.0,11.0,15.0
787,main_green,main_green,57,375.0,8.198134403988655,16,2,2,4.0,12.0,11.0,15.0
788,main_green,main_green,57,392.0,8.039307749801983,18,2,2,4.0,12.0,11.0,15.0
789,yellow_transition,yellow_transition,57,410.0,8.163775216646945,18,3,3,11.0,13.0,12.0,10.0
790,yellow_transition,yellow_transition,57,428.0,8.314078929017446,18,3,3,11.0,13.0,12.0,10.0
791,yellow_transition,yellow_transition,57,446.0,8.223749919491006,18,3,3,11.0,13.0,12.0,10.0
792,main_green,side_green,61,279.0,7.571216782328218,19,2,0,11.0,13.0,12.0,10.0
793,main_green,side_green,62,203.0,7.765183029361741,11,2,0,11.0,13.0,12.0,10.0
794,main_green,side_green,62,199.0,8.052527520305295,9,2,0,11.0,13.0,12.0,10.0
795,main_green,side_green,62,208.0,8.26605972384883,9,2,0,11.0,13.0,12.0,10.0
796,main_green,side_green,63,218.0,8.327279691646497,11,2,0,11.0,13.0,12.0,10.0
797,main_green,side_green,63,229.0,8.643513720617033,11,2,0,11.0,13.0,12.0,10.0
798,main_green,side_green,63,241.0,8.580593261167214,13,2,0,11.0,13.0,12.0,10.0
799,main_green,side_green,63,254.0,8.860752446670997,13,2,0,11.0,13.0,12.0,10.0
800,main_green,side_green,63,269.0,8.80365111691421,16,2,0,11.0,13.0,12.0,10.0
801,main_green,side_green,62,284.0,8.826432169188942,15,2,0,11.0,13.0,12.0,10.0
802,yellow_transition,yellow_transition,62,299.0,8.872166079494173,15,3,1,9.0,1.0,-14.0,14.0
803,yellow_transition,yellow_transition,62,315.0,8.656351193582317,17,3,1,9.0,1.0,-14.0,14.0
804,yellow_transition,yellow_transition,67,331.0,7.985601667628933,21,3,1,9.0,1.0,-14.0,14.0
805,side_green,main_green,64,118.0,8.118622685828269,8,0,2,9.0,1.0,-14.0,14.0
806,side_green,main_green,64,14.0,8.444143829047556,2,0,2,9.0,1.0,-14.0,14.0
807,side_green,main_green,63,1.0,8.845022263603106,1,0,2,9.0,1.0,-14.0,14.0
808,side_green,main_green,63,2.0,9.086464201661707,3,0,2,9.0,1.0,-14.0,14.0
809,side_green,main_green,63,4.0,9.544581290214794,2,0,2,9.0,1.0,-14.0,14.0
810,side_green,main_green,62,6.0,10.01080897668678,2,0,2,9.0,1.0,-14.0,14.0
811,side_green,main_green,60,8.0,10.351403534546673,2,0,2,9.0,1.0,-14.0,14.0
812,side_green,main_green,60,11.0,10.537762043052929,4,0,2,9.0,1.0,-14.0,14.0
813,side_green,main_green,59,15.0,10.323221521420358,5,0,2,9.0,1.0,-14.0,14.0
814,side_green,main_green,57,21.0,10.485556270660963,6,0,2,9.0,1.0,-14.0,14.0
815,yellow_transition,yellow_transition,57,27.0,10.516102781993661,6,1,3,-15.0,11.0,-9.0,1.0
816,yellow_transition,yellow_transition,59,33.0,9.538973942661642,11,1,3,-15.0,11.0,-9.0,1.0
817,yellow_transition,yellow_transition,59,41.0,9.651144841484198,8,1,3,-15.0,11.0,-9.0,1.0
818,main_green,main_green,59,13.0,9.90753635685525,4,2,2,-15.0,11.0,-9.0,1.0
819,main_green,main_green,58,13.0,10.25368014394919,2,2,2,-15.0,11.0,-9.0,1.0
820,main_green,main_green,58,15.0,10.366440409409229,3,2,2,-15.0,11.0,-9.0,1.0
821,main_green,main_green,58,17.0,10.529976062231354,2,2,2,-15.0,11.0,-9.0,1.0
822,main_green,main_green,57,19.0,10.47526597121261,2,2,2,-15.0,11.0,-9.0,1.0
823,main_green,main_green,57,21.0,10.468363411920611,3,2,2,-15.0,11.0,-9.0,1.0
824,main_green,main_green,56,24.0,10.303214527065737,4,2,2,-15.0,11.0,-9.0,1.0
825,main_green,main_green,55,30.0,10.416829267988359,6,2,2,-15.0,11.0,-9.0,1.0
826,main_green,main_green,52,36.0,10.489049068920538,6,2,2,-15.0,11.0,-9.0,1.0
827,main_green,main_green,51,42.0,10.64213626700694,6,2,2,-15.0,11.0,-9.0,1.0
828,main_green,main_green,52,48.0,9.590527271489293,11,2,2,-5.0,13.0,-5.0,5.0
829,main_green,main_green,52,54.0,9.623265635701642,7,2,2,-5.0,13.0,-5.0,5.0
830,main_green,main_green,52,60.0,9.936464261819001,6,2,2,-5.0,13.0,-5.0,5.0
831,main_green,main_green,51,66.0,10.067675522495517,6,2,2,-5.0,13.0,-5.0,5.0
832,main_green,main_green,51,72.0,9.956683969735014,7,2,2,-5.0,13.0,-5.0,5.0
833,main_green,main_green,50,78.0,9.945644676744655,6,2,2,-5.0,13.0,-5.0,5.0
834,main_green,main_green,51,84.0,9.803405304199343,7,2,2,-5.0,13.0,-5.0,5.0
835,main_green,main_green,49,91.0,9.668310478578354,7,2,2,-5.0,13.0,-5.0,5.0
836,main_green,main_green,50,100.0,9.48379133098736,10,2,2,-5.0,13.0,-5.0,5.0
837,main_green,main_green,49,109.0,9.45312258142299,9,2,2,-5.0,13.0,-5.0,5.0
838,main_green,main_green,49,119.0,9.56056454766212,10,2,2,-1.0,13.0,6.0,16.0
839,main_green,main_green,50,129.0,9.495428537505823,11,2,2,-1.0,13.0,6.0,16.0
840,main_green,main_green,55,139.0,8.6550348467445,15,2,2,-1.0,13.0,6.0,16.0
841,main_green,main_green,55,149.0,8.97282665876972,10,2,2,-1.0,13.0,6.0,16.0
842,main_green,main_green,55,159.0,9.189267950011189,10,2,2,-1.0,13.0,6.0,16.0
843,main_green,main_green,54,169.0,9.254920405779636,10,2,2,-1.0,13.0,6.0,16.0
844,main_green,main_green,55,179.0,8.963735948876803,12,2,2,-1.0,13.0,6.0,16.0
845,main_green,main_green,53,189.0,8.826717270915415,10,2,2,-1.0,13.0,6.0,16.0
846,main_green,main_green,53,199.0,8.874082413386317,10,2,2,-1.0,13.0,6.0,16.0
847,main_green,main_green,52,209.0,8.7699949428153,10,2,2,-1.0,13.0,6.0,16.0
848,main_green,main_green,53,221.0,8.615722651905973,13,2,2,5.0,13.0,11.0,13.0
849,main_green,main_green,54,235.0,8.55310328069929,15,2,2,5.0,13.0,11.0,13.0
850,main_green,main_green,53,249.0,8.783007886561231,14,2,2,5.0,13.0,11.0,13.0
851,main_green,main_green,53,263.0,8.767403445691956,14,2,2,5.0,13.0,11.0,13.0
852,main_green,main_green,58,277.0,8.188210779772493,19,2,2,5.0,13.0,11.0,13.0
853,main_green,main_green,58,291.0,8.259259132755721,14,2,2,5.0,13.0,11.0,13.0
854,main_green,main_green,58,305.0,8.36734989567324,15,2,2,5.0,13.0,11.0,13.0
855,main_green,main_green,58,319.0,8.55914095651698,14,2,2,5.0,13.0,11.0,13.0
856,main_green,main_green,59,333.0,8.476402401037136,15,2,2,5.0,13.0,11.0,13.0
857,main_green,main_green,59,347.0,8.518121919644509,14,2,2,5.0,13.0,11.0,13.0
858,yellow_transition,yellow_transition,57,361.0,8.374658027065035,14,3,3,9.0,15.0,10.0,6.0
859,yellow_transition,yellow_transition,58,375.0,8.07447522410993,15,3,3,9.0,15.0,10.0,6.0
860,yellow_transition,yellow_transition,59,391.0,7.810998940650098,17,3,3,9.0,15.0,10.0,6.0
861,main_green,side_green,59,237.0,8.104264440488572,14,2,0,9.0,15.0,10.0,6.0
862,main_green,side_green,59,167.0,8.613764090165212,11,2,0,9.0,15.0,10.0,6.0
863,main_green,side_green,58,172.0,8.71944050154782,9,2,0,9.0,15.0,10.0,6.0
864,main_green,side_green,63,181.0,8.285512778233151,14,2,0,9.0,15.0,10.0,6.0
865,main_green,side_green,64,190.0,8.457873235758713,10,2,0,9.0,15.0,10.0,6.0
866,main_green,side_green,63,200.0,8.889252309194882,10,2,0,9.0,15.0,10.0,6.0
867,main_green,side_green,62,211.0,9.199506438428054,11,2,0,9.0,15.0,10.0,6.0
868,main_green,side_green,62,222.0,9.090954607024354,12,2,0,9.0,15.0,10.0,6.0
869,main_green,side_green,62,234.0,9.217227398432007,12,2,0,9.0,15.0,10.0,6.0
870,main_green,side_green,63,246.0,8.975614280186871,13,2,0,9.0,15.0,10.0,6.0
871,yellow_transition,yellow_transition,63,260.0,8.929582303427313,14,3,1,10.0,4.0,-12.0,14.0
872,yellow_transition,yellow_transition,63,274.0,8.641427527195068,15,3,1,10.0,4.0,-12.0,14.0
873,yellow_transition,yellow_transition,62,289.0,8.333659115555715,15,3,1,10.0,4.0,-12.0,14.0
874,side_green,main_green,60,93.0,8.188963756037472,8,0,2,10.0,4.0,-12.0,14.0
875,side_green,main_green,61,8.0,8.39167397620767,3,0,2,10.0,4.0,-12.0,14.0
876,side_green,main_green,66,2.0,8.04429994847177,7,0,2,10.0,4.0,-12.0,14.0
877,side_green,main_green,64,4.0,8.584905806606155,2,0,2,10.0,4.0,-12.0,14.0
878,side_green,main_green,64,7.0,9.150865593166547,3,0,2,10.0,4.0,-12.0,14.0
879,side_green,main_green,60,11.0,9.695884896328677,4,0,2,10.0,4.0,-12.0,14.0
880,side_green,main_green,61,16.0,10.114582355773159,7,0,2,10.0,4.0,-12.0,14.0
881,side_green,main_green,59,21.0,10.546963543741665,5,0,2,10.0,4.0,-12.0,14.0
882,side_green,main_green,56,26.0,10.58931084163027,5,0,2,10.0,4.0,-12.0,14.0
883,side_green,main_green,55,31.0,10.646745903545858,5,0,2,10.0,4.0,-12.0,14.0
884,yellow_transition,yellow_transition,56,37.0,10.340281853909877,7,1,3,-14.0,16.0,-8.0,0.0
885,yellow_transition,yellow_transition,54,44.0,10.070809201941962,8,1,3,-14.0,16.0,-8.0,0.0
886,yellow_transition,yellow_transition,54,51.0,10.07095024190802,7,1,3,-14.0,16.0,-8.0,0.0
887,main_green,main_green,54,16.0,10.091596861635344,4,2,2,-14.0,16.0,-8.0,0.0
888,main_green,main_green,59,8.0,9.527759084800056,8,2,2,-14.0,16.0,-8.0,0.0
889,main_green,main_green,59,9.0,9.870139715697292,2,2,2,-14.0,16.0,-8.0,0.0
890,main_green,main_green,59,11.0,10.104592786134253,3,2,2,-14.0,16.0,-8.0,0.0
891,main_green,main_green,57,13.0,10.490168168247338,2,2,2,-14.0,16.0,-8.0,0.0
892,main_green,main_green,56,15.0,10.575636300939104,3,2,2,-14.0,16.0,-8.0,0.0
893,main_green,main_green,55,17.0,10.76418740489754,2,2,2,-14.0,16.0,-8.0,0.0
894,main_green,main_green,54,19.0,10.931825723047048,2,2,2,-14.0,16.0,-8.0,0.0
895,main_green,main_green,52,21.0,10.59158525412562,3,2,2,-14.0,16.0,-8.0,0.0
896,main_green,main_green,51,25.0,10.467162787812551,5,2,2,-14.0,16.0,-8.0,0.0
897,main_green,main_green,49,30.0,10.473489910017832,5,2,2,-4.0,14.0,-2.0,10.0
898,main_green,main_green,47,35.0,10.529766905665328,5,2,2,-4.0,14.0,-2.0,10.0
899,main_green,main_green,47,41.0,10.590027664502184,6,2,2,-4.0,14.0,-2.0,10.0
900,main_green,main_green,51,47.0,9.595336741353655,11,2,2,-4.0,14.0,-2.0,10.0
901,main_green,main_green,52,53.0,9.665369690333844,7,2,2,-4.0,14.0,-2.0,10.0
902,main_green,main_green,50,59.0,9.826689740390187,6,2,2,-4.0,14.0,-2.0,10.0
903,main_green,main_green,50,65.0,10.078903028128137,6,2,2,-4.0,14.0,-2.0,10.0
904,main_green,main_green,50,71.0,9.804258158275065,7,2,2,-4.0,14.0,-2.0,10.0
905,main_green,main_green,49,77.0,9.790283134186389,6,2,2,-4.0,14.0,-2.0,10.0
906,main_green,main_green,50,83.0,9.666575114683793,7,2,2,-4.0,14.0,-2.0,10.0
907,main_green,main_green,50,89.0,9.751748733608766,6,2,2,-5.0,5.0,8.0,22.0
908,main_green,main_green,50,98.0,9.553461138107991,10,2,2,-5.0,5.0,8.0,22.0
909,main_green,main_green,50,107.0,9.518167139631299,9,2,2,-5.0,5.0,8.0,22.0
910,main_green,main_green,50,117.0,9.609989709660862,10,2,2,-5.0,5.0,8.0,22.0
911,main_green,main_green,50,127.0,9.483840901211959,11,2,2,-5.0,5.0,8.0,22.0
912,main_green,main_green,55,137.0,8.672546486773625,15,2,2,-5.0,5.0,8.0,22.0
913,main_green,main_green,54,147.0,8.78992244180953,10,2,2,-5.0,5.0,8.0,22.0
914,main_green,main_green,54,157.0,9.112611641914981,10,2,2,-5.0,5.0,8.0,22.0
915,main_green,main_green,53,167.0,9.238581189389006,10,2,2,-5.0,5.0,8.0,22.0
916,main_green,main_green,55,177.0,8.959593986995712,12,2,2,-5.0,5.0,8.0,22.0
917,main_green,main_green,54,187.0,9.00865554627742,10,2,2,1.0,7.0,14.0,24.0
918,main_green,main_green,54,197.0,9.055352538721799,10,2,2,1.0,7.0,14.0,24.0
919,main_green,main_green,54,208.0,8.892426856409504,11,2,2,1.0,7.0,14.0,24.0
920,main_green,main_green,55,221.0,8.7560180770392,14,2,2,1.0,7.0,14.0,24.0
921,main_green,main_green,56,235.0,8.808513495464295,15,2,2,1.0,7.0,14.0,24.0
922,main_green,main_green,55,249.0,8.861660103917773,14,2,2,1.0,7.0,14.0,24.0
923,main_green,main_green,55,263.0,8.805413589246196,14,2,2,1.0,7.0,14.0,24.0
924,main_green,main_green,59,277.0,8.138831420723049,19,2,2,1.0,7.0,14.0,24.0
925,main_green,main_green,59,291.0,8.31131032408322,14,2,2,1.0,7.0,14.0,24.0
926,main_green,main_green,60,305.0,8.387653002835098,15,2,2,1.0,7.0,14.0,24.0
927,main_green,main_green,59,319.0,8.38945342336719,14,2,2,9.0,9.0,11.0,11.0
928,main_green,main_green,60,333.0,8.350750259717243,15,2,2,9.0,9.0,11.0,11.0
929,main_green,main_green,59,347.0,8.339885876115211,14,2,2,9.0,9.0,11.0,11.0
930,main_green,main_green,57,361.0,8.129036550281306,14,2,2,9.0,9.0,11.0,11.0
931,main_green,main_green,58,375.0,8.035668230305681,15,2,2,9.0,9.0,11.0,11.0
932,main_green,main_green,59,392.0,7.986092606451271,18,2,2,9.0,9.0,11.0,11.0
933,main_green,main_green,59,410.0,8.1209760392891,18,2,2,9.0,9.0,11.0,11.0
934,main_green,main_green,59,428.0,8.28119329394843,18,2,2,9.0,9.0,11.0,11.0
935,main_green,main_green,59,446.0,8.366728337084874,18,2,2,9.0,9.0,11.0,11.0
936,main_green,main_green,63,464.0,7.6427608501788615,23,2,2,9.0,9.0,11.0,11.0
937,yellow_transition,yellow_transition,64,482.0,7.648054768869916,19,3,3,15.0,15.0,13.0,3.0
938,yellow_transition,yellow_transition,64,500.0,7.773301465558993,18,3,3,15.0,15.0,13.0,3.0
939,yellow_transition,yellow_transition,64,518.0,7.771911808310928,18,3,3,15.0,15.0,13.0,3.0
940,main_green,side_green,65,336.0,7.764609252118781,15,2,0,15.0,15.0,13.0,3.0
941,main_green,side_green,65,239.0,7.941244720850001,10,2,0,15.0,15.0,13.0,3.0
942,main_green,side_green,66,228.0,7.966291491377996,9,2,0,15.0,15.0,13.0,3.0
943,main_green,side_green,64,237.0,8.168973986397933,9,2,0,15.0,15.0,13.0,3.0
944,main_green,side_green,64,248.0,8.261685599155511,12,2,0,15.0,15.0,13.0,3.0
945,main_green,side_green,63,260.0,8.6827431139141,12,2,0,15.0,15.0,13.0,3.0
946,main_green,side_green,61,273.0,8.779898907536001,13,2,0,15.0,15.0,13.0,3.0
947,main_green,side_green,61,287.0,8.795614990427227,15,2,0,15.0,15.0,13.0,3.0
948,main_green,side_green,64,301.0,8.013172564371537,19,2,0,15.0,15.0,13.0,3.0
949,main_green,side_green,64,315.0,8.243797681363827,14,2,0,15.0,15.0,13.0,3.0
950,yellow_transition,yellow_transition,64,330.0,8.370427485031744,15,3,1,14.0,8.0,-10.0,14.0
951,yellow_transition,yellow_transition,63,346.0,8.29868530956462,16,3,1,14.0,8.0,-10.0,14.0
952,yellow_transition,yellow_transition,64,362.0,7.768777091378894,18,3,1,14.0,8.0,-10.0,14.0
953,side_green,main_green,63,144.0,7.797356670991034,9,0,2,14.0,8.0,-10.0,14.0
954,side_green,main_green,63,24.0,8.042248688098534,4,0,2,14.0,8.0,-10.0,14.0
955,side_green,main_green,63,4.0,8.31289969150061,2,0,2,14.0,8.0,-10.0,14.0
956,side_green,main_green,64,7.0,8.685149390301937,4,0,2,14.0,8.0,-10.0,14.0
957,side_green,main_green,63,11.0,8.955158212363354,5,0,2,14.0,8.0,-10.0,14.0
958,side_green,main_green,61,15.0,9.392936386706534,4,0,2,14.0,8.0,-10.0,14.0
959,side_green,main_green,60,21.0,9.91486741585025,6,0,2,14.0,8.0,-10.0,14.0
960,side_green,main_green,64,28.0,9.444528540105736,12,0,2,14.0,8.0,-10.0,14.0
961,side_green,main_green,60,35.0,9.581260003434085,7,0,2,14.0,8.0,-10.0,14.0
962,side_green,main_green,59,43.0,9.53058328118518,9,0,2,14.0,8.0,-10.0,14.0
963,yellow_transition,yellow_transition,58,51.0,9.425640223874503,8,1,3,-9.0,19.0,-4.0,2.0
964,yellow_transition,yellow_transition,59,59.0,9.19563553646755,9,1,3,-9.0,19.0,-4.0,2.0
965,yellow_transition,yellow_transition,57,69.0,9.01559918540563,10,1,3,-9.0,19.0,-4.0,2.0
966,main_green,main_green,57,34.0,9.120312584732847,6,2,2,-9.0,19.0,-4.0,2.0
967,main_green,main_green,58,22.0,9.114251867870001,5,2,2,-9.0,19.0,-4.0,2.0
968,main_green,main_green,59,25.0,9.246793626656903,5,2,2,-9.0,19.0,-4.0,2.0
969,main_green,main_green,59,30.0,9.712400261730663,5,2,2,-9.0,19.0,-4.0,2.0
970,main_green,main_green,59,36.0,10.035495060924081,6,2,2,-9.0,19.0,-4.0,2.0
971,main_green,main_green,57,42.0,10.118366584823896,6,2,2,-9.0,19.0,-4.0,2.0
972,main_green,main_green,62,48.0,9.620980508557762,11,2,2,-9.0,19.0,-4.0,2.0
973,main_green,main_green,60,54.0,9.626067599102493,7,2,2,-9.0,19.0,-4.0,2.0
974,main_green,main_green,60,60.0,9.973785941106723,6,2,2,-9.0,19.0,-4.0,2.0
975,main_green,main_green,57,66.0,10.028106526313149,6,2,2,-9.0,19.0,-4.0,2.0
976,main_green,main_green,57,72.0,9.969005950554914,7,2,2,-3.0,11.0,0.0,6.0
977,main_green,main_green,54,78.0,9.859556166849584,6,2,2,-3.0,11.0,0.0,6.0
978,main_green,main_green,54,84.0,9.53850556363626,7,2,2,-3.0,11.0,0.0,6.0
979,main_green,main_green,54,93.0,9.66999077161926,9,2,2,-3.0,11.0,0.0,6.0
980,main_green,main_green,55,102.0,9.43442275633073,10,2,2,-3.0,11.0,0.0,6.0
981,main_green,main_green,54,112.0,9.503271552703426,10,2,2,-3.0,11.0,0.0,6.0
982,main_green,main_green,53,122.0,9.604118923998362,10,2,2,-3.0,11.0,0.0,6.0
983,main_green,main_green,53,132.0,9.383778963684795,11,2,2,-3.0,11.0,0.0,6.0
984,main_green,main_green,57,142.0,8.600839639420192,15,2,2,-3.0,11.0,0.0,6.0
985,main_green,main_green,56,152.0,8.80329198913844,10,2,2,-3.0,11.0,0.0,6.0
986,main_green,main_green,55,162.0,8.983286977921853,10,2,2,-1.0,5.0,11.0,19.0
987,main_green,main_green,54,172.0,9.133292763255,10,2,2,-1.0,5.0,11.0,19.0
988,main_green,main_green,56,182.0,8.847377946686414,12,2,2,-1.0,5.0,11.0,19.0
989,main_green,main_green,56,192.0,8.790869549742855,10,2,2,-1.0,5.0,11.0,19.0
990,main_green,main_green,56,202.0,8.823268673070123,10,2,2,-1.0,5.0,11.0,19.0
991,main_green,main_green,55,214.0,8.67000174031201,12,2,2,-1.0,5.0,11.0,19.0
992,main_green,main_green,56,226.0,8.531562145340322,13,2,2,-1.0,5.0,11.0,19.0
993,main_green,main_green,57,240.0,8.425367989679735,15,2,2,-1.0,5.0,11.0,19.0
994,main_green,main_green,55,254.0,8.468474017779412,14,2,2,-1.0,5.0,11.0,19.0
995,main_green,main_green,55,268.0,8.494846119997957,14,2,2,-1.0,5.0,11.0,19.0
996,main_green,main_green,60,282.0,7.850031983615926,19,2,2,-3.0,1.0,14.0,26.0
997,main_green,main_green,59,296.0,7.988150577524509,14,2,2,-3.0,1.0,14.0,26.0
998,main_green,main_green,60,310.0,8.077883211648153,15,2,2,-3.0,1.0,14.0,26.0
999,main_green,main_green,59,324.0,8.413357649774635,14,2,2,-3.0,1.0,14.0,26.0
1000,main_green,main_green,60,338.0,8.431518129411808,15,2,2,-3.0,1.0,14.0,26.0
1001,main_green,main_green,60,352.0,8.392471632518092,14,2,2,-3.0,1.0,14.0,26.0
1002,main_green,main_green,59,366.0,8.315305182749862,14,2,2,-3.0,1.0,14.0,26.0
1003,main_green,main_green,59,380.0,8.048714071197875,15,2,2,-3.0,1.0,14.0,26.0
1004,main_green,main_green,59,396.0,7.908673871921965,17,2,2,-3.0,1.0,14.0,26.0
1005,main_green,main_green,58,413.0,7.919572780594105,17,2,2,-3.0,1.0,14.0,26.0
1006,yellow_transition,yellow_transition,58,431.0,7.930122431953536,18,3,3,10.0,14.0,14.0,10.0
1007,yellow_transition,yellow_transition,58,449.0,7.719611231082342,18,3,3,10.0,14.0,14.0,10.0
1008,yellow_transition,yellow_transition,62,467.0,7.016430329094256,23,3,3,10.0,14.0,14.0,10.0
1009,main_green,side_green,63,298.0,7.1939287391277915,16,2,0,10.0,14.0,14.0,10.0
1010,main_green,side_green,63,211.0,7.607522730732276,11,2,0,10.0,14.0,14.0,10.0
1011,main_green,side_green,63,208.0,7.8225885753170825,10,2,0,10.0,14.0,14.0,10.0
1012,main_green,side_green,64,219.0,7.936680107736423,12,2,0,10.0,14.0,14.0,10.0
1013,main_green,side_green,64,230.0,8.23599758045603,11,2,0,10.0,14.0,14.0,10.0
1014,main_green,side_green,65,241.0,8.393416711748268,12,2,0,10.0,14.0,14.0,10.0
1015,main_green,side_green,64,253.0,8.708109341734877,12,2,0,10.0,14.0,14.0,10.0
1016,main_green,side_green,65,265.0,8.697958688735993,13,2,0,10.0,14.0,14.0,10.0
1017,main_green,side_green,65,279.0,8.631902545120164,14,2,0,10.0,14.0,14.0,10.0
1018,main_green,side_green,63,293.0,8.670035129852296,14,2,0,10.0,14.0,14.0,10.0
1019,yellow_transition,yellow_transition,63,309.0,8.435086644784842,17,3,1,9.0,1.0,-17.0,13.0
1020,yellow_transition,yellow_transition,68,326.0,7.747069681986067,22,3,1,9.0,1.0,-17.0,13.0
1021,yellow_transition,yellow_transition,68,343.0,7.767583598130237,17,3,1,9.0,1.0,-17.0,13.0
1022,side_green,main_green,68,123.0,8.093042953382659,9,0,2,9.0,1.0,-17.0,13.0
1023,side_green,main_green,68,17.0,8.522496776335574,3,0,2,9.0,1.0,-17.0,13.0
1024,side_green,main_green,69,1.0,8.696074681499665,3,0,2,9.0,1.0,-17.0,13.0
1025,side_green,main_green,69,3.0,9.224208987352693,2,0,2,9.0,1.0,-17.0,13.0
1026,side_green,main_green,69,5.0,9.745442595468159,2,0,2,9.0,1.0,-17.0,13.0
1027,side_green,main_green,68,8.0,10.221523537257317,3,0,2,9.0,1.0,-17.0,13.0
1028,side_green,main_green,66,11.0,10.486885788483699,4,0,2,9.0,1.0,-17.0,13.0
1029,side_green,main_green,65,16.0,10.720203954886628,6,0,2,9.0,1.0,-17.0,13.0
1030,side_green,main_green,62,21.0,10.839594876763957,5,0,2,9.0,1.0,-17.0,13.0
1031,side_green,main_green,60,26.0,10.891583951312045,5,0,2,9.0,1.0,-17.0,13.0
1032,yellow_transition,yellow_transition,62,32.0,9.99735988079989,11,1,3,-15.0,13.0,-13.0,-1.0
1033,yellow_transition,yellow_transition,60,38.0,10.031686174376905,6,1,3,-15.0,13.0,-13.0,-1.0
1034,yellow_transition,yellow_transition,60,44.0,9.848164921171216,7,1,3,-15.0,13.0,-13.0,-1.0
1035,main_green,main_green,58,16.0,10.147709621263429,2,2,2,-15.0,13.0,-13.0,-1.0
1036,main_green,main_green,59,18.0,10.262957785169634,3,2,2,-15.0,13.0,-13.0,-1.0
1037,main_green,main_green,58,20.0,10.424851115335718,2,2,2,-15.0,13.0,-13.0,-1.0
1038,main_green,main_green,58,22.0,10.602611677641974,2,2,2,-15.0,13.0,-13.0,-1.0
1039,main_green,main_green,57,24.0,10.435541204264943,3,2,2,-15.0,13.0,-13.0,-1.0
1040,main_green,main_green,56,26.0,10.412260893648236,3,2,2,-15.0,13.0,-13.0,-1.0
1041,main_green,main_green,55,32.0,10.69053738926858,6,2,2,-15.0,13.0,-13.0,-1.0
1042,main_green,main_green,53,38.0,10.662289346786485,6,2,2,-15.0,13.0,-13.0,-1.0
1043,main_green,main_green,53,44.0,10.850369067579269,6,2,2,-15.0,13.0,-13.0,-1.0
1044,main_green,main_green,55,50.0,9.878093389659224,11,2,2,-15.0,13.0,-13.0,-1.0
1045,main_green,main_green,56,56.0,10.032028954324835,7,2,2,0.0,16.0,-1.0,3.0
1046,main_green,main_green,52,62.0,10.084050239367544,6,2,2,0.0,16.0,-1.0,3.0
1047,main_green,main_green,52,68.0,10.337304550874281,6,2,2,0.0,16.0,-1.0,3.0
1048,main_green,main_green,51,74.0,10.137233359341018,7,2,2,0.0,16.0,-1.0,3.0
1049,main_green,main_green,51,80.0,10.113633881332136,6,2,2,0.0,16.0,-1.0,3.0
1050,main_green,main_green,51,86.0,9.855726026569322,7,2,2,0.0,16.0,-1.0,3.0
1051,main_green,main_green,51,94.0,9.934239860051209,8,2,2,0.0,16.0,-1.0,3.0
1052,main_green,main_green,50,103.0,9.687170996801882,10,2,2,0.0,16.0,-1.0,3.0
1053,main_green,main_green,50,113.0,9.839602535681978,10,2,2,0.0,16.0,-1.0,3.0
1054,main_green,main_green,50,123.0,9.89182252590413,10,2,2,0.0,16.0,-1.0,3.0
1055,main_green,main_green,51,133.0,9.809103236915853,11,2,2,-3.0,5.0,7.0,17.0
1056,main_green,main_green,55,143.0,8.881469219662735,15,2,2,-3.0,5.0,7.0,17.0
1057,main_green,main_green,55,153.0,9.106327421434743,10,2,2,-3.0,5.0,7.0,17.0
1058,main_green,main_green,55,163.0,9.426622796523965,10,2,2,-3.0,5.0,7.0,17.0
1059,main_green,main_green,55,173.0,9.728093147703062,10,2,2,-3.0,5.0,7.0,17.0
1060,main_green,main_green,57,183.0,9.318300043027127,12,2,2,-3.0,5.0,7.0,17.0
1061,main_green,main_green,56,193.0,9.232685726933681,10,2,2,-3.0,5.0,7.0,17.0
1062,main_green,main_green,54,203.0,9.1177237341105,10,2,2,-3.0,5.0,7.0,17.0
1063,main_green,main_green,53,213.0,9.079036229583696,10,2,2,-3.0,5.0,7.0,17.0
1064,main_green,main_green,54,225.0,9.004881595984358,13,2,2,-3.0,5.0,7.0,17.0
1065,main_green,main_green,54,239.0,8.92022150411317,15,2,2,2.0,8.0,11.0,15.0
1066,main_green,main_green,53,253.0,9.072835426713358,14,2,2,2.0,8.0,11.0,15.0
1067,main_green,main_green,53,267.0,9.09630066361796,14,2,2,2.0,8.0,11.0,15.0
1068,main_green,main_green,58,281.0,8.467930605221316,19,2,2,2.0,8.0,11.0,15.0
1069,main_green,main_green,58,295.0,8.64279268370292,14,2,2,2.0,8.0,11.0,15.0
1070,main_green,main_green,59,309.0,8.685570640207876,15,2,2,2.0,8.0,11.0,15.0
1071,main_green,main_green,57,323.0,8.807565385334902,14,2,2,2.0,8.0,11.0,15.0
1072,main_green,main_green,58,337.0,8.621418199516317,15,2,2,2.0,8.0,11.0,15.0
1073,main_green,main_green,56,351.0,8.501188483374019,14,2,2,2.0,8.0,11.0,15.0
1074,main_green,main_green,56,365.0,8.555708476606398,14,2,2,2.0,8.0,11.0,15.0
1075,main_green,main_green,56,380.0,8.270489229470126,16,2,2,8.0,8.0,14.0,14.0
1076,main_green,main_green,57,397.0,8.139801428517812,18,2,2,8.0,8.0,14.0,14.0
1077,main_green,main_green,57,414.0,8.33052994066824,17,2,2,8.0,8.0,14.0,14.0
1078,main_green,main_green,57,432.0,8.419822846126928,18,2,2,8.0,8.0,14.0,14.0
1079,main_green,main_green,57,450.0,8.516620084584362,18,2,2,8.0,8.0,14.0,14.0
1080,main_green,main_green,62,468.0,7.874651255626204,23,2,2,8.0,8.0,14.0,14.0
1081,main_green,main_green,63,486.0,7.939141647749631,19,2,2,8.0,8.0,14.0,14.0
1082,main_green,main_green,63,504.0,8.170335862524926,18,2,2,8.0,8.0,14.0,14.0
1083,main_green,main_green,63,522.0,8.089521863659577,18,2,2,8.0,8.0,14.0,14.0
1084,main_green,main_green,62,540.0,7.8418519698193,19,2,2,8.0,8.0,14.0,14.0
1085,yellow_transition,yellow_transition,61,558.0,7.923326620401204,18,3,3,14.0,12.0,15.0,7.0
1086,yellow_transition,yellow_transition,61,576.0,7.545485264312178,19,3,3,14.0,12.0,15.0,7.0
1087,yellow_transition,yellow_transition,59,595.0,7.470915262327202,19,3,3,14.0,12.0,15.0,7.0
1088,side_green,side_green,60,228.0,7.561843298743168,15,0,0,14.0,12.0,15.0,7.0
1089,side_green,side_green,60,39.0,7.940454884430263,7,0,0,14.0,12.0,15.0,7.0
1090,side_green,side_green,60,3.0,8.529964142897187,2,0,0,14.0,12.0,15.0,7.0
1091,side_green,side_green,59,5.0,8.7385625662097,3,0,0,14.0,12.0,15.0,7.0
1092,side_green,side_green,63,7.0,8.644544171049285,7,0,0,14.0,12.0,15.0,7.0
1093,side_green,side_green,63,10.0,9.367074994963994,3,0,0,14.0,12.0,15.0,7.0
1094,side_green,side_green,63,13.0,10.125237292040328,3,0,0,14.0,12.0,15.0,7.0
1095,side_green,side_green,62,17.0,10.398648145200715,4,0,0,14.0,12.0,15.0,7.0
1096,side_green,side_green,64,22.0,10.191553837027463,7,0,0,14.0,12.0,15.0,7.0
1097,side_green,side_green,64,28.0,10.28666436424728,6,0,0,14.0,12.0,15.0,7.0
1098,yellow_transition,yellow_transition,64,36.0,10.344906789228597,8,1,1,-10.0,10.0,-18.0,4.0
1099,yellow_transition,yellow_transition,64,44.0,10.327994500608474,8,1,1,-10.0,10.0,-18.0,4.0
1100,yellow_transition,yellow_transition,64,54.0,9.970150562867904,11,1,1,-10.0,10.0,-18.0,4.0
1101,main_green,main_green,65,9.0,10.072052715542338,4,2,2,-10.0,10.0,-18.0,4.0
1102,main_green,main_green,65,0.0,10.400463028730144,0,2,2,-10.0,10.0,-18.0,4.0
1103,main_green,main_green,63,0.0,10.76798018258307,0,2,2,-10.0,10.0,-18.0,4.0
1104,main_green,main_green,68,0.0,10.264762168176919,5,2,2,-10.0,10.0,-18.0,4.0
1105,main_green,main_green,67,0.0,10.774452826723781,0,2,2,-10.0,10.0,-18.0,4.0
1106,main_green,main_green,60,0.0,10.932567371185447,1,2,2,-10.0,10.0,-18.0,4.0
1107,main_green,main_green,60,0.0,11.474837714826483,0,2,2,-10.0,10.0,-18.0,4.0
1108,main_green,main_green,56,0.0,11.452289321950909,1,2,2,-10.0,10.0,-18.0,4.0
1109,main_green,main_green,53,0.0,11.44250187523651,0,2,2,-10.0,10.0,-18.0,4.0
1110,main_green,main_green,50,0.0,11.359353403638199,0,2,2,-10.0,10.0,-18.0,4.0
1111,main_green,main_green,48,0.0,10.9838706087673,1,2,2,-5.0,7.0,-9.0,3.0
1112,main_green,main_green,46,2.0,10.91140866143932,3,2,2,-5.0,7.0,-9.0,3.0
1113,main_green,main_green,46,6.0,10.985020600363459,4,2,2,-5.0,7.0,-9.0,3.0
1114,main_green,main_green,42,10.0,11.003195398811586,4,2,2,-5.0,7.0,-9.0,3.0
1115,main_green,main_green,42,14.0,11.085604287606955,4,2,2,-5.0,7.0,-9.0,3.0
1116,main_green,main_green,47,18.0,10.056714417826461,9,2,2,-5.0,7.0,-9.0,3.0
1117,main_green,main_green,48,22.0,10.097729958690211,5,2,2,-5.0,7.0,-9.0,3.0
1118,main_green,main_green,48,26.0,10.399270086630844,4,2,2,-5.0,7.0,-9.0,3.0
1119,main_green,main_green,48,30.0,10.564575285271788,4,2,2,-5.0,7.0,-9.0,3.0
1120,main_green,main_green,49,34.0,10.513875829422926,5,2,2,-5.0,7.0,-9.0,3.0
1121,main_green,main_green,49,38.0,10.728166434954625,4,2,2,-1.0,13.0,0.0,14.0
1122,main_green,main_green,50,42.0,10.467861100184987,5,2,2,-1.0,13.0,0.0,14.0
1123,main_green,main_green,50,46.0,10.342138898382343,4,2,2,-1.0,13.0,0.0,14.0
1124,main_green,main_green,51,51.0,10.258249232992421,6,2,2,-1.0,13.0,0.0,14.0
1125,main_green,main_green,51,58.0,10.274039122656873,7,2,2,-1.0,13.0,0.0,14.0
1126,main_green,main_green,51,66.0,10.359409870470396,8,2,2,-1.0,13.0,0.0,14.0
1127,main_green,main_green,49,74.0,10.01040316921082,9,2,2,-1.0,13.0,0.0,14.0
1128,main_green,main_green,53,82.0,9.177214043480177,13,2,2,-1.0,13.0,0.0,14.0
1129,main_green,main_green,51,90.0,9.330181680541353,8,2,2,-1.0,13.0,0.0,14.0
1130,main_green,main_green,50,98.0,9.510034650248853,8,2,2,-1.0,13.0,0.0,14.0
1131,main_green,main_green,49,106.0,9.798123863201658,8,2,2,7.0,13.0,6.0,12.0
1132,main_green,main_green,48,114.0,9.081066986773338,10,2,2,7.0,13.0,6.0,12.0
1133,main_green,main_green,48,122.0,9.03191460887616,8,2,2,7.0,13.0,6.0,12.0
1134,main_green,main_green,48,130.0,9.021077149349786,8,2,2,7.0,13.0,6.0,12.0
1135,main_green,main_green,48,140.0,9.113777074878064,10,2,2,7.0,13.0,6.0,12.0
1136,main_green,main_green,49,152.0,8.952047841957048,13,2,2,7.0,13.0,6.0,12.0
1137,main_green,main_green,50,164.0,8.891284784868924,13,2,2,7.0,13.0,6.0,12.0
1138,main_green,main_green,50,176.0,9.070637887780292,12,2,2,7.0,13.0,6.0,12.0
1139,main_green,main_green,50,188.0,9.229789104365615,12,2,2,7.0,13.0,6.0,12.0
1140,main_green,main_green,55,200.0,8.49192120409631,17,2,2,7.0,13.0,6.0,12.0
1141,main_green,main_green,55,212.0,8.582340173508788,12,2,2,11.0,15.0,8.0,8.0
1142,main_green,main_green,56,224.0,8.757311358310256,13,2,2,11.0,15.0,8.0,8.0
1143,main_green,main_green,56,236.0,9.05708184562307,12,2,2,11.0,15.0,8.0,8.0
1144,main_green,main_green,57,248.0,8.884663435331042,13,2,2,11.0,15.0,8.0,8.0
1145,main_green,main_green,57,260.0,9.029690396107414,12,2,2,11.0,15.0,8.0,8.0
1146,main_green,main_green,57,272.0,8.931499737249133,12,2,2,11.0,15.0,8.0,8.0
1147,main_green,main_green,58,284.0,8.857265269960775,13,2,2,11.0,15.0,8.0,8.0
1148,main_green,main_green,59,298.0,8.623657597507316,15,2,2,11.0,15.0,8.0,8.0
1149,main_green,main_green,59,313.0,8.672264197932224,15,2,2,11.0,15.0,8.0,8.0
1150,main_green,main_green,58,329.0,8.65090149039413,16,2,2,11.0,15.0,8.0,8.0
1151,main_green,main_green,57,345.0,8.754916287643331,16,2,2,7.0,7.0,7.0,9.0
1152,main_green,main_green,62,361.0,8.059361410313612,21,2,2,7.0,7.0,7.0,9.0
1153,main_green,main_green,61,377.0,8.036230816023203,17,2,2,7.0,7.0,7.0,9.0
1154,main_green,main_green,60,393.0,8.154021400083684,16,2,2,7.0,7.0,7.0,9.0
1155,main_green,main_green,59,409.0,8.254136275983186,16,2,2,7.0,7.0,7.0,9.0
1156,main_green,main_green,60,425.0,8.287313123763049,17,2,2,7.0,7.0,7.0,9.0
1157,main_green,main_green,60,441.0,8.263027269002858,16,2,2,7.0,7.0,7.0,9.0
1158,main_green,main_green,60,457.0,8.153887154358967,17,2,2,7.0,7.0,7.0,9.0
1159,main_green,main_green,58,473.0,8.128155830981111,16,2,2,7.0,7.0,7.0,9.0
1160,main_green,main_green,58,492.0,7.8908426775345815,20,2,2,7.0,7.0,7.0,9.0
1161,yellow_transition,yellow_transition,58,511.0,7.850704717227873,19,3,3,13.0,11.0,14.0,10.0
1162,yellow_transition,yellow_transition,58,530.0,7.806698508797175,19,3,3,13.0,11.0,14.0,10.0
1163,yellow_transition,yellow_transition,59,549.0,7.6013323995875295,20,3,3,13.0,11.0,14.0,10.0
1164,side_green,side_green,62,199.0,7.129077209839801,17,0,0,13.0,11.0,14.0,10.0
1165,side_green,side_green,62,20.0,7.832957239250673,4,0,0,13.0,11.0,14.0,10.0
1166,side_green,side_green,62,2.0,8.474914348799738,2,0,0,13.0,11.0,14.0,10.0
1167,side_green,side_green,60,4.0,8.936481654236179,2,0,0,13.0,11.0,14.0,10.0
1168,side_green,side_green,61,7.0,9.089097315641496,5,0,0,13.0,11.0,14.0,10.0
1169,side_green,side_green,61,10.0,9.778586577169806,3,0,0,13.0,11.0,14.0,10.0
1170,side_green,side_green,61,13.0,10.316265630399384,3,0,0,13.0,11.0,14.0,10.0
1171,side_green,side_green,61,19.0,10.504135201633424,6,0,0,13.0,11.0,14.0,10.0
1172,side_green,side_green,62,25.0,10.344885848239032,7,0,0,13.0,11.0,14.0,10.0
1173,side_green,side_green,60,32.0,9.897487763507652,8,0,0,13.0,11.0,14.0,10.0
1174,yellow_transition,yellow_transition,60,41.0,9.859036962246885,9,1,1,-15.0,9.0,-15.0,7.0
1175,yellow_transition,yellow_transition,59,52.0,9.771270163682791,11,1,1,-15.0,9.0,-15.0,7.0
1176,yellow_transition,yellow_transition,64,64.0,8.727386523200835,17,1,1,-15.0,9.0,-15.0,7.0
1177,main_green,main_green,64,13.0,9.1463491021185,4,2,2,-15.0,9.0,-15.0,7.0
1178,main_green,main_green,65,0.0,9.356120023542285,1,2,2,-15.0,9.0,-15.0,7.0
1179,main_green,main_green,65,0.0,9.848342518767177,0,2,2,-15.0,9.0,-15.0,7.0
1180,main_green,main_green,65,0.0,10.246737366646633,1,2,2,-15.0,9.0,-15.0,7.0
1181,main_green,main_green,65,0.0,10.601242680873854,0,2,2,-15.0,9.0,-15.0,7.0
1182,main_green,main_green,61,0.0,10.999834488423017,0,2,2,-15.0,9.0,-15.0,7.0
1183,main_green,main_green,56,1.0,11.023289456168678,2,2,2,-15.0,9.0,-15.0,7.0
1184,main_green,main_green,53,3.0,10.903945760793944,3,2,2,-15.0,9.0,-15.0,7.0
1185,main_green,main_green,49,5.0,10.80192779294289,2,2,2,-15.0,9.0,-15.0,7.0
1186,main_green,main_green,45,8.0,10.829413876138098,3,2,2,-15.0,9.0,-15.0,7.0
1187,main_green,main_green,42,12.0,10.847107202615758,4,2,2,-5.0,7.0,-3.0,11.0
1188,main_green,main_green,47,16.0,9.785972836301893,9,2,2,-5.0,7.0,-3.0,11.0
1189,main_green,main_green,47,20.0,9.813839814581469,5,2,2,-5.0,7.0,-3.0,11.0
1190,main_green,main_green,47,24.0,10.113802871955555,4,2,2,-5.0,7.0,-3.0,11.0
1191,main_green,main_green,47,28.0,10.437545206144419,4,2,2,-5.0,7.0,-3.0,11.0
1192,main_green,main_green,47,32.0,10.445844632569385,5,2,2,-5.0,7.0,-3.0,11.0
1193,main_green,main_green,47,36.0,10.386586648603586,4,2,2,-5.0,7.0,-3.0,11.0
1194,main_green,main_green,48,40.0,10.19947214241123,5,2,2,-5.0,7.0,-3.0,11.0
1195,main_green,main_green,48,45.0,10.122127241394116,5,2,2,-5.0,7.0,-3.0,11.0
1196,main_green,main_green,49,50.0,9.990107145784425,6,2,2,-5.0,7.0,-3.0,11.0
1197,main_green,main_green,49,57.0,9.903660381550429,7,2,2,-1.0,13.0,1.0,17.0
1198,main_green,main_green,49,65.0,10.206294491116598,8,2,2,-1.0,13.0,1.0,17.0
1199,main_green,main_green,50,73.0,10.076767986914712,9,2,2,-1.0,13.0,1.0,17.0
1200,main_green,main_green,55,81.0,9.182509411283466,13,2,2,-1.0,13.0,1.0,17.0
1201,main_green,main_green,55,89.0,9.43097812214152,8,2,2,-1.0,13.0,1.0,17.0
1202,main_green,main_green,55,97.0,9.713559824344312,8,2,2,-1.0,13.0,1.0,17.0
1203,main_green,main_green,52,105.0,9.724066439510288,8,2,2,-1.0,13.0,1.0,17.0
1204,main_green,main_green,53,113.0,9.296744943487393,10,2,2,-1.0,13.0,1.0,17.0
1205,main_green,main_green,52,121.0,9.287418919178105,8,2,2,-1.0,13.0,1.0,17.0
1206,main_green,main_green,51,129.0,9.274362762022932,8,2,2,-1.0,13.0,1.0,17.0
1207,main_green,main_green,50,137.0,9.197109985704442,8,2,2,6.0,16.0,6.0,16.0
1208,main_green,main_green,50,147.0,8.995529711123599,11,2,2,6.0,16.0,6.0,16.0
1209,main_green,main_green,51,159.0,8.887721291069134,13,2,2,6.0,16.0,6.0,16.0
1210,main_green,main_green,50,171.0,8.883360718888099,12,2,2,6.0,16.0,6.0,16.0
1211,main_green,main_green,50,183.0,9.137934317845414,12,2,2,6.0,16.0,6.0,16.0
1212,main_green,main_green,55,195.0,8.381185765739032,17,2,2,6.0,16.0,6.0,16.0
1213,main_green,main_green,55,207.0,8.690545103135982,12,2,2,6.0,16.0,6.0,16.0
1214,main_green,main_green,56,219.0,8.850101152104651,13,2,2,6.0,16.0,6.0,16.0
1215,main_green,main_green,56,231.0,8.977391355427747,12,2,2,6.0,16.0,6.0,16.0
1216,main_green,main_green,57,243.0,9.00784277253711,13,2,2,6.0,16.0,6.0,16.0
1217,main_green,main_green,57,255.0,9.110831481695083,12,2,2,9.0,15.0,6.0,8.0
1218,main_green,main_green,57,267.0,9.213638686717758,12,2,2,9.0,15.0,6.0,8.0
1219,main_green,main_green,58,280.0,8.991615557765504,14,2,2,9.0,15.0,6.0,8.0
1220,main_green,main_green,59,294.0,8.745744643831408,15,2,2,9.0,15.0,6.0,8.0
1221,main_green,main_green,59,309.0,8.82938246019578,15,2,2,9.0,15.0,6.0,8.0
1222,main_green,main_green,59,324.0,8.897389925438198,15,2,2,9.0,15.0,6.0,8.0
1223,main_green,main_green,59,339.0,9.064242292474184,15,2,2,9.0,15.0,6.0,8.0
1224,main_green,main_green,64,355.0,8.366249904562197,21,2,2,9.0,15.0,6.0,8.0
1225,main_green,main_green,64,371.0,8.418154223970104,17,2,2,9.0,15.0,6.0,8.0
1226,main_green,main_green,63,387.0,8.508900823178854,16,2,2,9.0,15.0,6.0,8.0
1227,yellow_transition,yellow_transition,63,403.0,8.594352800929448,16,3,3,10.0,6.0,11.0,11.0
1228,yellow_transition,yellow_transition,64,419.0,8.313790564218632,17,3,3,10.0,6.0,11.0,11.0
1229,yellow_transition,yellow_transition,62,435.0,8.042895098569192,16,3,3,10.0,6.0,11.0,11.0
1230,side_green,main_green,62,292.0,7.934551618158567,14,0,2,10.0,6.0,11.0,11.0
1231,side_green,main_green,61,236.0,8.196324877960032,11,0,2,10.0,6.0,11.0,11.0
1232,side_green,main_green,60,245.0,8.29201980603993,12,0,2,10.0,6.0,11.0,11.0
1233,side_green,main_green,59,256.0,8.608828397712527,11,0,2,10.0,6.0,11.0,11.0
1234,side_green,main_green,57,267.0,8.863264513417112,11,0,2,10.0,6.0,11.0,11.0
1235,side_green,main_green,58,278.0,9.05722325839455,12,0,2,10.0,6.0,11.0,11.0
1236,side_green,main_green,62,290.0,8.432243390186942,17,0,2,10.0,6.0,11.0,11.0
1237,side_green,main_green,61,302.0,8.546173589600523,12,0,2,10.0,6.0,11.0,11.0
1238,side_green,main_green,61,314.0,8.591129829190406,12,0,2,10.0,6.0,11.0,11.0
1239,side_green,main_green,61,327.0,8.704775602869773,13,0,2,10.0,6.0,11.0,11.0
1240,yellow_transition,yellow_transition,63,340.0,8.506156445669747,15,1,3,-9.0,13.0,16.0,2.0
1241,yellow_transition,yellow_transition,63,355.0,8.43591550889493,15,1,3,-9.0,13.0,16.0,2.0
1242,yellow_transition,yellow_transition,63,370.0,8.403283151161137,15,1,3,-9.0,13.0,16.0,2.0
1243,main_green,side_green,61,145.0,8.47702120685897,8,2,0,-9.0,13.0,16.0,2.0
1244,main_green,side_green,61,29.0,8.722058210003823,4,2,0,-9.0,13.0,16.0,2.0
1245,main_green,side_green,62,2.0,9.116459197062374,3,2,0,-9.0,13.0,16.0,2.0
1246,main_green,side_green,62,4.0,9.549970646512117,2,2,0,-9.0,13.0,16.0,2.0
1247,main_green,side_green,61,6.0,10.030791539996464,2,2,0,-9.0,13.0,16.0,2.0
1248,main_green,side_green,65,9.0,9.709070209036831,8,2,0,-9.0,13.0,16.0,2.0
1249,main_green,side_green,62,14.0,10.003829722981667,5,2,0,-9.0,13.0,16.0,2.0
1250,main_green,side_green,61,19.0,10.270246123227496,6,2,0,-9.0,13.0,16.0,2.0
1251,main_green,side_green,59,24.0,10.552660189740271,5,2,0,-9.0,13.0,16.0,2.0
1252,main_green,side_green,59,29.0,10.536972330714237,6,2,0,-9.0,13.0,16.0,2.0
1253,yellow_transition,yellow_transition,56,34.0,10.552116572239987,5,3,1,-2.0,6.0,-12.0,10.0
1254,yellow_transition,yellow_transition,55,40.0,10.335775640297232,6,3,1,-2.0,6.0,-12.0,10.0
1255,yellow_transition,yellow_transition,56,46.0,10.00692579269795,7,3,1,-2.0,6.0,-12.0,10.0
1256,main_green,main_green,56,27.0,9.828545991362548,6,2,2,-2.0,6.0,-12.0,10.0
1257,main_green,main_green,56,31.0,10.177648187617082,5,2,2,-2.0,6.0,-12.0,10.0
1258,main_green,main_green,56,36.0,10.489424944481035,5,2,2,-2.0,6.0,-12.0,10.0
1259,main_green,main_green,55,41.0,10.707114379591602,5,2,2,-2.0,6.0,-12.0,10.0
1260,main_green,main_green,60,46.0,10.011614468571103,10,2,2,-2.0,6.0,-12.0,10.0
1261,main_green,main_green,58,51.0,9.995583337139035,6,2,2,-2.0,6.0,-12.0,10.0
1262,main_green,main_green,57,56.0,10.4214689000321,5,2,2,-2.0,6.0,-12.0,10.0
1263,main_green,main_green,55,61.0,10.55537630149796,5,2,2,-2.0,6.0,-12.0,10.0
1264,main_green,main_green,54,66.0,10.442800243436109,6,2,2,-2.0,6.0,-12.0,10.0
1265,main_green,main_green,53,71.0,10.591808780123605,5,2,2,-2.0,6.0,-12.0,10.0
1266,main_green,main_green,51,76.0,10.261895930299897,6,2,2,0.0,2.0,-1.0,15.0
1267,main_green,main_green,50,81.0,10.08316557953973,5,2,2,0.0,2.0,-1.0,15.0
1268,main_green,main_green,50,86.0,9.879357797672418,6,2,2,0.0,2.0,-1.0,15.0
1269,main_green,main_green,48,94.0,9.801086573241582,8,2,2,0.0,2.0,-1.0,15.0
1270,main_green,main_green,48,103.0,9.847671152044287,9,2,2,0.0,2.0,-1.0,15.0
1271,main_green,main_green,49,112.0,9.810997620835838,10,2,2,0.0,2.0,-1.0,15.0
1272,main_green,main_green,52,121.0,8.863352185284384,14,2,2,0.0,2.0,-1.0,15.0
1273,main_green,main_green,52,130.0,9.216412887516643,9,2,2,0.0,2.0,-1.0,15.0
1274,main_green,main_green,52,139.0,9.40141690250355,9,2,2,0.0,2.0,-1.0,15.0
1275,main_green,main_green,52,148.0,9.561346047582429,9,2,2,0.0,2.0,-1.0,15.0
1276,main_green,main_green,54,157.0,9.312240190093535,11,2,2,11.0,15.0,1.0,5.0
1277,main_green,main_green,53,166.0,9.46080190408311,9,2,2,11.0,15.0,1.0,5.0
1278,main_green,main_green,53,175.0,9.494069521125189,9,2,2,11.0,15.0,1.0,5.0
1279,main_green,main_green,53,185.0,9.50357390638021,10,2,2,11.0,15.0,1.0,5.0
1280,main_green,main_green,54,196.0,9.310887684511892,12,2,2,11.0,15.0,1.0,5.0
1281,main_green,main_green,54,208.0,9.17596722434151,13,2,2,11.0,15.0,1.0,5.0
1282,main_green,main_green,53,220.0,9.247165750006747,12,2,2,11.0,15.0,1.0,5.0
1283,main_green,main_green,51,233.0,9.140409693103956,13,2,2,11.0,15.0,1.0,5.0
1284,main_green,main_green,56,246.0,8.36372570756352,18,2,2,11.0,15.0,1.0,5.0
1285,main_green,main_green,55,259.0,8.654189279576897,13,2,2,11.0,15.0,1.0,5.0
1286,yellow_transition,yellow_transition,56,272.0,8.681150680996854,14,3,3,16.0,14.0,4.0,6.0
1287,yellow_transition,yellow_transition,56,285.0,8.677783887358274,13,3,3,16.0,14.0,4.0,6.0
1288,yellow_transition,yellow_transition,57,298.0,8.31175458926556,14,3,3,16.0,14.0,4.0,6.0
1289,side_green,main_green,57,154.0,8.445361594947896,9,0,2,16.0,14.0,4.0,6.0
1290,side_green,main_green,57,101.0,8.70608520813104,6,0,2,16.0,14.0,4.0,6.0
1291,side_green,main_green,58,108.0,8.903457937270595,8,0,2,16.0,14.0,4.0,6.0
1292,side_green,main_green,58,115.0,8.889511172486747,8,0,2,16.0,14.0,4.0,6.0
1293,side_green,main_green,57,124.0,9.118682297403435,9,0,2,16.0,14.0,4.0,6.0
1294,side_green,main_green,56,133.0,9.331662844790069,9,0,2,16.0,14.0,4.0,6.0
1295,side_green,main_green,55,143.0,9.414062730712782,10,0,2,16.0,14.0,4.0,6.0
1296,side_green,main_green,59,154.0,8.618047182774534,16,0,2,16.0,14.0,4.0,6.0
1297,side_green,main_green,60,165.0,8.616679566883912,12,0,2,16.0,14.0,4.0,6.0
1298,side_green,main_green,60,177.0,8.692939623054887,12,0,2,16.0,14.0,4.0,6.0
1299,yellow_transition,yellow_transition,59,189.0,8.666460453045444,12,1,3,-9.0,17.0,8.0,4.0
1300,yellow_transition,yellow_transition,60,203.0,8.419172605995008,15,1,3,-9.0,17.0,8.0,4.0
1301,yellow_transition,yellow_transition,60,217.0,8.304415379394749,14,1,3,-9.0,17.0,8.0,4.0
1302,main_green,side_green,60,57.0,8.158026207344854,7,2,0,-9.0,17.0,8.0,4.0
1303,main_green,side_green,60,2.0,8.651582272197016,2,2,0,-9.0,17.0,8.0,4.0
1304,main_green,side_green,60,4.0,8.70445899101417,4,2,0,-9.0,17.0,8.0,4.0
1305,main_green,side_green,59,7.0,9.13177667693346,3,2,0,-9.0,17.0,8.0,4.0
1306,main_green,side_green,59,11.0,9.695996244472022,4,2,0,-9.0,17.0,8.0,4.0
1307,main_green,side_green,55,15.0,9.588254142675789,5,2,0,-9.0,17.0,8.0,4.0
1308,main_green,side_green,59,19.0,9.106160786048589,9,2,0,-9.0,17.0,8.0,4.0
1309,main_green,side_green,57,23.0,9.462113675161083,4,2,0,-9.0,17.0,8.0,4.0
1310,main_green,side_green,56,29.0,9.860776121675755,6,2,0,-9.0,17.0,8.0,4.0
1311,main_green,side_green,56,36.0,10.10789808836083,7,2,0,-9.0,17.0,8.0,4.0
1312,yellow_transition,yellow_transition,57,44.0,9.666308267371088,10,3,1,-7.0,-1.0,-6.0,20.0
1313,yellow_transition,yellow_transition,54,52.0,9.402410687440575,8,3,1,-7.0,-1.0,-6.0,20.0
1314,yellow_transition,yellow_transition,53,61.0,9.14493832255933,9,3,1,-7.0,-1.0,-6.0,20.0
1315,main_green,main_green,52,30.0,9.13546116855873,5,2,2,-7.0,-1.0,-6.0,20.0
1316,main_green,main_green,53,22.0,9.226345495909136,4,2,2,-7.0,-1.0,-6.0,20.0
1317,main_green,main_green,54,26.0,9.372220581406209,5,2,2,-7.0,-1.0,-6.0,20.0
1318,main_green,main_green,54,32.0,9.841179712407357,6,2,2,-7.0,-1.0,-6.0,20.0
1319,main_green,main_green,54,38.0,10.203938086828973,6,2,2,-7.0,-1.0,-6.0,20.0
1320,main_green,main_green,57,44.0,9.434019437571614,11,2,2,-7.0,-1.0,-6.0,20.0
1321,main_green,main_green,55,50.0,9.815945701809685,6,2,2,-7.0,-1.0,-6.0,20.0
1322,main_green,main_green,56,56.0,10.038984101852494,7,2,2,-7.0,-1.0,-6.0,20.0
1323,main_green,main_green,52,62.0,10.213000313141068,6,2,2,-7.0,-1.0,-6.0,20.0
1324,main_green,main_green,53,68.0,10.155192432366643,7,2,2,-7.0,-1.0,-6.0,20.0
1325,main_green,main_green,52,74.0,10.234530102435498,6,2,2,-1.0,7.0,2.0,18.0
1326,main_green,main_green,52,80.0,10.224270820848412,6,2,2,-1.0,7.0,2.0,18.0
1327,main_green,main_green,53,86.0,9.986073983070273,7,2,2,-1.0,7.0,2.0,18.0
1328,main_green,main_green,52,93.0,9.611090799995507,8,2,2,-1.0,7.0,2.0,18.0
1329,main_green,main_green,52,101.0,9.795202631210975,8,2,2,-1.0,7.0,2.0,18.0
1330,main_green,main_green,51,110.0,9.819415929259804,9,2,2,-1.0,7.0,2.0,18.0
1331,main_green,main_green,51,120.0,9.895260682954921,10,2,2,-1.0,7.0,2.0,18.0
1332,main_green,main_green,56,130.0,9.076690704223264,15,2,2,-1.0,7.0,2.0,18.0
1333,main_green,main_green,56,140.0,9.114815164978983,11,2,2,-1.0,7.0,2.0,18.0
1334,main_green,main_green,56,150.0,9.32884185558875,10,2,2,-1.0,7.0,2.0,18.0
1335,main_green,main_green,55,160.0,9.52008054500704,10,2,2,11.0,17.0,0.0,4.0
1336,main_green,main_green,56,170.0,9.308130397388272,11,2,2,11.0,17.0,0.0,4.0
1337,main_green,main_green,56,180.0,9.42697465018981,10,2,2,11.0,17.0,0.0,4.0
1338,main_green,main_green,57,190.0,9.360264792614663,11,2,2,11.0,17.0,0.0,4.0
1339,main_green,main_green,56,200.0,9.243179519338074,10,2,2,11.0,17.0,0.0,4.0
1340,main_green,main_green,57,212.0,9.154347246248477,13,2,2,11.0,17.0,0.0,4.0
1341,main_green,main_green,57,226.0,9.070257812567668,14,2,2,11.0,17.0,0.0,4.0
1342,main_green,main_green,55,240.0,9.187626577481973,14,2,2,11.0,17.0,0.0,4.0
1343,main_green,main_green,55,254.0,9.01632826293669,15,2,2,11.0,17.0,0.0,4.0
1344,main_green,main_green,59,268.0,8.309253293388947,19,2,2,11.0,17.0,0.0,4.0
1345,yellow_transition,yellow_transition,59,282.0,8.497248309585384,14,3,3,14.0,12.0,7.0,9.0
1346,yellow_transition,yellow_transition,58,296.0,8.650257408950115,14,3,3,14.0,12.0,7.0,9.0
1347,yellow_transition,yellow_transition,57,310.0,8.731300646730446,14,3,3,14.0,12.0,7.0,9.0
1348,side_green,main_green,59,174.0,8.611891052505657,12,0,2,14.0,12.0,7.0,9.0
1349,side_green,main_green,59,123.0,8.696148183137296,6,0,2,14.0,12.0,7.0,9.0
1350,side_green,main_green,59,129.0,9.001023029190556,6,0,2,14.0,12.0,7.0,9.0
1351,side_green,main_green,59,135.0,9.226142521979432,6,0,2,14.0,12.0,7.0,9.0
1352,side_green,main_green,60,144.0,9.350158870077133,10,0,2,14.0,12.0,7.0,9.0
1353,side_green,main_green,60,154.0,9.37802175647423,11,0,2,14.0,12.0,7.0,9.0
1354,side_green,main_green,59,164.0,9.628816529920474,10,0,2,14.0,12.0,7.0,9.0
1355,side_green,main_green,59,174.0,9.705880853403105,10,0,2,14.0,12.0,7.0,9.0
1356,side_green,main_green,62,185.0,8.824097097500522,16,0,2,14.0,12.0,7.0,9.0
1357,side_green,main_green,62,197.0,9.024315062750597,12,0,2,14.0,12.0,7.0,9.0
1358,yellow_transition,yellow_transition,61,209.0,8.960537093807304,13,1,3,-10.0,12.0,11.0,3.0
1359,yellow_transition,yellow_transition,60,222.0,8.936907333436782,13,1,3,-10.0,12.0,11.0,3.0
1360,yellow_transition,yellow_transition,61,235.0,8.743427265706588,14,1,3,-10.0,12.0,11.0,3.0
1361,main_green,side_green,61,67.0,9.023148969682891,5,2,0,-10.0,12.0,11.0,3.0
1362,main_green,side_green,61,1.0,9.187033964598308,1,2,0,-10.0,12.0,11.0,3.0
1363,main_green,side_green,62,0.0,9.239713825245989,1,2,0,-10.0,12.0,11.0,3.0
1364,main_green,side_green,61,0.0,9.280623662599982,1,2,0,-10.0,12.0,11.0,3.0
1365,main_green,side_green,60,3.0,9.830302690441107,3,2,0,-10.0,12.0,11.0,3.0
1366,main_green,side_green,57,8.0,10.293265865398375,5,2,0,-10.0,12.0,11.0,3.0
1367,main_green,side_green,56,13.0,10.607813556056561,5,2,0,-10.0,12.0,11.0,3.0
1368,main_green,side_green,58,18.0,9.77409206245411,10,2,0,-10.0,12.0,11.0,3.0
1369,main_green,side_green,57,23.0,9.779139759350018,6,2,0,-10.0,12.0,11.0,3.0
1370,main_green,side_green,55,29.0,9.870977458344969,6,2,0,-10.0,12.0,11.0,3.0
1371,yellow_transition,yellow_transition,54,35.0,9.89898040518514,6,3,1,-4.0,0.0,-7.0,19.0
1372,yellow_transition,yellow_transition,54,42.0,9.69523768195123,8,3,1,-4.0,0.0,-7.0,19.0
1373,yellow_transition,yellow_transition,53,50.0,9.579499578239627,8,3,1,-4.0,0.0,-7.0,19.0
1374,main_green,main_green,54,27.0,9.499550770461967,5,2,2,-4.0,0.0,-7.0,19.0
1375,main_green,main_green,53,23.0,9.776588029419397,3,2,2,-4.0,0.0,-7.0,19.0
1376,main_green,main_green,54,27.0,9.863879567115672,5,2,2,-4.0,0.0,-7.0,19.0
1377,main_green,main_green,54,32.0,10.13693450152609,5,2,2,-4.0,0.0,-7.0,19.0
1378,main_green,main_green,54,37.0,10.481415554950418,5,2,2,-4.0,0.0,-7.0,19.0
1379,main_green,main_green,52,42.0,10.388058931397865,6,2,2,-4.0,0.0,-7.0,19.0
1380,main_green,main_green,56,48.0,9.616090614324648,11,2,2,-4.0,0.0,-7.0,19.0
1381,main_green,main_green,54,54.0,9.751270273671246,6,2,2,-4.0,0.0,-7.0,19.0
1382,main_green,main_green,52,60.0,10.122140251835921,6,2,2,-4.0,0.0,-7.0,19.0
1383,main_green,main_green,51,66.0,10.12946357246634,6,2,2,-4.0,0.0,-7.0,19.0
1384,main_green,main_green,51,72.0,9.724799378487427,8,2,2,2.0,8.0,1.0,13.0
1385,main_green,main_green,51,78.0,9.745772994253866,6,2,2,2.0,8.0,1.0,13.0
1386,main_green,main_green,50,84.0,9.773015153651851,6,2,2,2.0,8.0,1.0,13.0
1387,main_green,main_green,48,92.0,9.593565190162602,8,2,2,2.0,8.0,1.0,13.0
1388,main_green,main_green,49,101.0,9.489509460472723,10,2,2,2.0,8.0,1.0,13.0
1389,main_green,main_green,49,111.0,9.345342181900506,11,2,2,2.0,8.0,1.0,13.0
1390,main_green,main_green,49,121.0,9.499593917215837,10,2,2,2.0,8.0,1.0,13.0
1391,main_green,main_green,49,131.0,9.540142931839794,10,2,2,2.0,8.0,1.0,13.0
1392,main_green,main_green,54,141.0,8.739185141457263,15,2,2,2.0,8.0,1.0,13.0
1393,main_green,main_green,54,151.0,9.092964922836117,10,2,2,2.0,8.0,1.0,13.0
1394,main_green,main_green,55,161.0,9.15272417368141,11,2,2,12.0,16.0,1.0,5.0
1395,main_green,main_green,54,171.0,9.305609684651941,10,2,2,12.0,16.0,1.0,5.0
1396,main_green,main_green,55,181.0,9.171759463913984,11,2,2,12.0,16.0,1.0,5.0
1397,main_green,main_green,54,191.0,9.17482818719266,10,2,2,12.0,16.0,1.0,5.0
1398,main_green,main_green,53,201.0,9.08024665294206,10,2,2,12.0,16.0,1.0,5.0
1399,main_green,main_green,54,213.0,8.859858593527626,13,2,2,12.0,16.0,1.0,5.0
1400,main_green,main_green,54,225.0,8.786870714117484,13,2,2,12.0,16.0,1.0,5.0
1401,main_green,main_green,53,238.0,8.7719146590442,13,2,2,12.0,16.0,1.0,5.0
1402,main_green,main_green,53,252.0,8.950472974388367,14,2,2,12.0,16.0,1.0,5.0
1403,main_green,main_green,53,266.0,9.0413200757536,14,2,2,12.0,16.0,1.0,5.0
1404,main_green,main_green,58,280.0,8.323230244389453,19,2,2,13.0,19.0,2.0,6.0
1405,main_green,main_green,59,294.0,8.439947554814454,15,2,2,13.0,19.0,2.0,6.0
1406,main_green,main_green,59,308.0,8.61548787533449,14,2,2,13.0,19.0,2.0,6.0
1407,main_green,main_green,59,322.0,8.732353113171037,14,2,2,13.0,19.0,2.0,6.0
1408,main_green,main_green,59,336.0,8.565054801659507,15,2,2,13.0,19.0,2.0,6.0
1409,main_green,main_green,59,350.0,8.60566892635854,14,2,2,13.0,19.0,2.0,6.0
1410,main_green,main_green,58,364.0,8.351887645407022,15,2,2,13.0,19.0,2.0,6.0
1411,main_green,main_green,58,380.0,8.360394526389182,16,2,2,13.0,19.0,2.0,6.0
1412,main_green,main_green,58,398.0,8.197684486205072,19,2,2,13.0,19.0,2.0,6.0
1413,main_green,main_green,58,416.0,8.335508324033487,18,2,2,13.0,19.0,2.0,6.0
1414,yellow_transition,yellow_transition,58,434.0,8.302782537039995,18,3,3,12.0,10.0,8.0,10.0
1415,yellow_transition,yellow_transition,57,452.0,7.909281744087252,19,3,3,12.0,10.0,8.0,10.0
1416,yellow_transition,yellow_transition,62,470.0,7.089398540530207,23,3,3,12.0,10.0,8.0,10.0
1417,side_green,main_green,61,301.0,7.389298087519803,14,0,2,12.0,10.0,8.0,10.0
1418,side_green,main_green,61,213.0,7.838082772103828,10,0,2,12.0,10.0,8.0,10.0
1419,side_green,main_green,61,207.0,8.343219026208898,9,0,2,12.0,10.0,8.0,10.0
1420,side_green,main_green,63,216.0,8.505587970433815,11,0,2,12.0,10.0,8.0,10.0
1421,side_green,main_green,62,225.0,8.678624648023488,9,0,2,12.0,10.0,8.0,10.0
1422,side_green,main_green,61,235.0,8.979804737026567,10,0,2,12.0,10.0,8.0,10.0
1423,side_green,main_green,61,246.0,9.20738589315008,11,0,2,12.0,10.0,8.0,10.0
1424,side_green,main_green,62,258.0,9.115411380949746,13,0,2,12.0,10.0,8.0,10.0
1425,side_green,main_green,62,270.0,8.939944548922849,13,0,2,12.0,10.0,8.0,10.0
1426,side_green,main_green,62,285.0,8.883475131244444,15,0,2,12.0,10.0,8.0,10.0
1427,yellow_transition,yellow_transition,61,300.0,8.913784289276528,15,1,3,-16.0,14.0,11.0,5.0
1428,yellow_transition,yellow_transition,65,316.0,8.290049630230142,21,1,3,-16.0,14.0,11.0,5.0
1429,yellow_transition,yellow_transition,65,332.0,8.180434957616923,16,1,3,-16.0,14.0,11.0,5.0
1430,main_green,side_green,65,122.0,8.147629982007556,9,2,0,-16.0,14.0,11.0,5.0
1431,main_green,side_green,63,15.0,8.135049068083116,3,2,0,-16.0,14.0,11.0,5.0
1432,main_green,side_green,63,1.0,8.274685920552125,2,2,0,-16.0,14.0,11.0,5.0
1433,main_green,side_green,62,2.0,8.82495557545964,1,2,0,-16.0,14.0,11.0,5.0
1434,main_green,side_green,62,3.0,9.326559217897382,1,2,0,-16.0,14.0,11.0,5.0
1435,main_green,side_green,61,5.0,9.715665864172946,3,2,0,-16.0,14.0,11.0,5.0
1436,main_green,side_green,61,8.0,10.024629058460905,4,2,0,-16.0,14.0,11.0,5.0
1437,main_green,side_green,58,13.0,10.2996294779487,5,2,0,-16.0,14.0,11.0,5.0
1438,main_green,side_green,58,20.0,10.752480940001409,7,2,0,-16.0,14.0,11.0,5.0
1439,main_green,side_green,56,27.0,10.61397447671759,7,2,0,-16.0,14.0,11.0,5.0
1440,yellow_transition,yellow_transition,59,34.0,9.704191915154716,12,3,1,-9.0,3.0,-15.0,11.0
1441,yellow_transition,yellow_transition,59,41.0,9.638331861738855,8,3,1,-9.0,3.0,-15.0,11.0
1442,yellow_transition,yellow_transition,58,48.0,9.60998390167418,7,3,1,-9.0,3.0,-15.0,11.0
1443,main_green,main_green,57,20.0,9.982085758325528,3,2,2,-9.0,3.0,-15.0,11.0
1444,main_green,main_green,57,16.0,10.034829311662811,3,2,2,-9.0,3.0,-15.0,11.0
1445,main_green,main_green,57,18.0,10.331687300535531,2,2,2,-9.0,3.0,-15.0,11.0
1446,main_green,main_green,58,21.0,10.323144784501963,4,2,2,-9.0,3.0,-15.0,11.0
1447,main_green,main_green,58,24.0,10.53512884825684,3,2,2,-9.0,3.0,-15.0,11.0
1448,main_green,main_green,57,28.0,10.482655253852315,5,2,2,-9.0,3.0,-15.0,11.0
1449,main_green,main_green,56,33.0,10.684420383030595,5,2,2,-9.0,3.0,-15.0,11.0
1450,main_green,main_green,54,39.0,10.799593093526553,6,2,2,-9.0,3.0,-15.0,11.0
1451,main_green,main_green,51,45.0,10.5775095343036,7,2,2,-9.0,3.0,-15.0,11.0
1452,main_green,main_green,55,51.0,9.656641510135243,11,2,2,-9.0,3.0,-15.0,11.0
1453,main_green,main_green,52,57.0,9.808086558846462,6,2,2,-1.0,5.0,1.0,19.0
1454,main_green,main_green,52,63.0,10.041773121492811,6,2,2,-1.0,5.0,1.0,19.0
1455,main_green,main_green,52,69.0,10.237334859715393,6,2,2,-1.0,5.0,1.0,19.0
1456,main_green,main_green,54,75.0,10.016729802074872,8,2,2,-1.0,5.0,1.0,19.0
1457,main_green,main_green,53,81.0,10.01046301138157,6,2,2,-1.0,5.0,1.0,19.0
1458,main_green,main_green,52,87.0,9.938105106517945,6,2,2,-1.0,5.0,1.0,19.0
1459,main_green,main_green,51,93.0,9.979777259175174,6,2,2,-1.0,5.0,1.0,19.0
1460,main_green,main_green,52,101.0,9.663562488556163,9,2,2,-1.0,5.0,1.0,19.0
1461,main_green,main_green,52,111.0,9.596989945832226,11,2,2,-1.0,5.0,1.0,19.0
1462,main_green,main_green,51,121.0,9.710109113811304,10,2,2,-1.0,5.0,1.0,19.0
1463,main_green,main_green,50,131.0,9.852736440887927,10,2,2,6.0,18.0,-3.0,7.0
1464,main_green,main_green,55,141.0,8.980385885554488,15,2,2,6.0,18.0,-3.0,7.0
1465,main_green,main_green,55,151.0,9.238768592902803,10,2,2,6.0,18.0,-3.0,7.0
1466,main_green,main_green,56,161.0,9.225073531401614,11,2,2,6.0,18.0,-3.0,7.0
1467,main_green,main_green,55,171.0,9.321584046896003,10,2,2,6.0,18.0,-3.0,7.0
1468,main_green,main_green,56,181.0,9.213831381013653,11,2,2,6.0,18.0,-3.0,7.0
1469,main_green,main_green,55,191.0,9.220888052773276,10,2,2,6.0,18.0,-3.0,7.0
1470,main_green,main_green,53,201.0,9.04232444752582,10,2,2,6.0,18.0,-3.0,7.0
1471,main_green,main_green,54,214.0,8.886826353242485,14,2,2,6.0,18.0,-3.0,7.0
1472,main_green,main_green,54,227.0,8.805510183371913,14,2,2,6.0,18.0,-3.0,7.0
1473,main_green,main_green,53,240.0,8.875194438334606,13,2,2,11.0,13.0,5.0,11.0
1474,main_green,main_green,53,254.0,8.96146032590088,14,2,2,11.0,13.0,5.0,11.0
1475,main_green,main_green,53,268.0,9.082560415940232,14,2,2,11.0,13.0,5.0,11.0
1476,main_green,main_green,58,282.0,8.305234933450835,19,2,2,11.0,13.0,5.0,11.0
1477,main_green,main_green,59,296.0,8.35637989147653,15,2,2,11.0,13.0,5.0,11.0
1478,main_green,main_green,58,310.0,8.554345154604546,14,2,2,11.0,13.0,5.0,11.0
1479,main_green,main_green,57,324.0,8.723209918655458,14,2,2,11.0,13.0,5.0,11.0
1480,main_green,main_green,58,338.0,8.768969511814943,15,2,2,11.0,13.0,5.0,11.0
1481,main_green,main_green,56,352.0,8.652342071418214,14,2,2,11.0,13.0,5.0,11.0
1482,main_green,main_green,57,366.0,8.456543384691342,15,2,2,11.0,13.0,5.0,11.0
1483,yellow_transition,yellow_transition,56,380.0,8.28908892192998,14,3,3,13.0,11.0,8.0,10.0
1484,yellow_transition,yellow_transition,57,396.0,8.166189419844631,17,3,3,13.0,11.0,8.0,10.0
1485,yellow_transition,yellow_transition,57,413.0,8.187710520834797,17,3,3,13.0,11.0,8.0,10.0
1486,side_green,main_green,57,251.0,8.31337376025716,14,0,2,13.0,11.0,8.0,10.0
1487,side_green,main_green,58,179.0,8.376498611053954,11,0,2,13.0,11.0,8.0,10.0
1488,side_green,main_green,63,180.0,7.9182387010443716,13,0,2,13.0,11.0,8.0,10.0
1489,side_green,main_green,63,190.0,8.269916915945776,10,0,2,13.0,11.0,8.0,10.0
1490,side_green,main_green,63,200.0,8.698237040451813,10,0,2,13.0,11.0,8.0,10.0
1491,side_green,main_green,61,211.0,8.902177126271125,11,0,2,13.0,11.0,8.0,10.0
1492,side_green,main_green,62,223.0,8.786351427702511,14,0,2,13.0,11.0,8.0,10.0
1493,side_green,main_green,61,235.0,8.990213443061986,12,0,2,13.0,11.0,8.0,10.0
1494,side_green,main_green,61,248.0,9.119709170918345,13,0,2,13.0,11.0,8.0,10.0
1495,side_green,main_green,60,263.0,9.140157919391227,15,0,2,13.0,11.0,8.0,10.0
1496,yellow_transition,yellow_transition,61,278.0,8.869071755012232,16,1,3,-14.0,14.0,10.0,2.0
1497,yellow_transition,yellow_transition,61,294.0,8.742840632966304,17,1,3,-14.0,14.0,10.0,2.0
1498,yellow_transition,yellow_transition,61,310.0,8.820032934415096,16,1,3,-14.0,14.0,10.0,2.0
1499,main_green,side_green,61,107.0,8.91994660569108,8,2,0,-14.0,14.0,10.0,2.0
1500,main_green,side_green,66,12.0,8.484211366363327,7,2,0,-14.0,14.0,10.0,2.0
1501,main_green,side_green,65,0.0,8.955890578000808,0,2,0,-14.0,14.0,10.0,2.0
1502,main_green,side_green,64,1.0,9.224111528991868,2,2,0,-14.0,14.0,10.0,2.0
1503,main_green,side_green,63,3.0,9.801110418403045,2,2,0,-14.0,14.0,10.0,2.0
1504,main_green,side_green,61,5.0,10.141730046621364,3,2,0,-14.0,14.0,10.0,2.0
1505,main_green,side_green,59,7.0,10.46155140645478,2,2,0,-14.0,14.0,10.0,2.0
1506,main_green,side_green,56,11.0,10.849994248030782,4,2,0,-14.0,14.0,10.0,2.0
1507,main_green,side_green,56,15.0,10.833652258188769,5,2,0,-14.0,14.0,10.0,2.0
1508,main_green,side_green,57,20.0,10.739898557877064,6,2,0,-14.0,14.0,10.0,2.0
1509,yellow_transition,yellow_transition,56,26.0,10.686181883887459,6,3,1,-11.0,1.0,-14.0,14.0
1510,yellow_transition,yellow_transition,53,32.0,10.666904313136408,6,3,1,-11.0,1.0,-14.0,14.0
1511,yellow_transition,yellow_transition,52,38.0,10.689330952153913,6,3,1,-11.0,1.0,-14.0,14.0
1512,main_green,main_green,57,16.0,9.833608676074588,8,2,2,-11.0,1.0,-14.0,14.0
1513,main_green,main_green,58,11.0,10.04859235774101,3,2,2,-11.0,1.0,-14.0,14.0
1514,main_green,main_green,56,13.0,10.368172221351324,2,2,2,-11.0,1.0,-14.0,14.0
1515,main_green,main_green,56,15.0,10.777580957523268,2,2,2,-11.0,1.0,-14.0,14.0
1516,main_green,main_green,57,17.0,10.989095036527823,3,2,2,-11.0,1.0,-14.0,14.0
1517,main_green,main_green,56,19.0,11.2792162259175,2,2,2,-11.0,1.0,-14.0,14.0
1518,main_green,main_green,55,21.0,11.15842812961802,3,2,2,-11.0,1.0,-14.0,14.0
1519,main_green,main_green,53,23.0,11.191299654741067,2,2,2,-11.0,1.0,-14.0,14.0
1520,main_green,main_green,50,27.0,10.842345254593445,5,2,2,-11.0,1.0,-14.0,14.0
1521,main_green,main_green,49,31.0,10.878224347836113,4,2,2,-11.0,1.0,-14.0,14.0
1522,main_green,main_green,46,36.0,10.78875003864077,5,2,2,-4.0,4.0,-2.0,16.0
1523,main_green,main_green,47,42.0,10.755802305608345,7,2,2,-4.0,4.0,-2.0,16.0
1524,main_green,main_green,52,48.0,9.72093616651017,11,2,2,-4.0,4.0,-2.0,16.0
1525,main_green,main_green,51,54.0,9.933986155613452,6,2,2,-4.0,4.0,-2.0,16.0
1526,main_green,main_green,50,60.0,10.106284146293383,6,2,2,-4.0,4.0,-2.0,16.0
1527,main_green,main_green,50,66.0,10.295758844964618,6,2,2,-4.0,4.0,-2.0,16.0
1528,main_green,main_green,50,72.0,9.810373589391176,8,2,2,-4.0,4.0,-2.0,16.0
1529,main_green,main_green,50,78.0,9.964885742681783,6,2,2,-4.0,4.0,-2.0,16.0
1530,main_green,main_green,50,84.0,10.010161953626064,6,2,2,-4.0,4.0,-2.0,16.0
1531,main_green,main_green,49,91.0,9.903829427959547,7,2,2,-4.0,4.0,-2.0,16.0
1532,main_green,main_green,50,99.0,9.705314933991355,9,2,2,7.0,15.0,-3.0,7.0
1533,main_green,main_green,51,108.0,9.573437684980847,10,2,2,7.0,15.0,-3.0,7.0
1534,main_green,main_green,51,118.0,9.912497996476608,10,2,2,7.0,15.0,-3.0,7.0
1535,main_green,main_green,51,128.0,9.867713963002336,10,2,2,7.0,15.0,-3.0,7.0
1536,main_green,main_green,56,138.0,9.113669419820644,15,2,2,7.0,15.0,-3.0,7.0
1537,main_green,main_green,55,148.0,9.208847531587953,10,2,2,7.0,15.0,-3.0,7.0
1538,main_green,main_green,55,158.0,9.268722443243542,11,2,2,7.0,15.0,-3.0,7.0
1539,main_green,main_green,55,168.0,9.353041239644275,10,2,2,7.0,15.0,-3.0,7.0
1540,main_green,main_green,53,178.0,9.062133394759421,11,2,2,7.0,15.0,-3.0,7.0
1541,main_green,main_green,53,188.0,9.002653418165325,10,2,2,7.0,15.0,-3.0,7.0
1542,main_green,main_green,52,198.0,8.948908498587736,10,2,2,10.0,12.0,4.0,10.0
1543,main_green,main_green,53,209.0,8.796421209230429,12,2,2,10.0,12.0,4.0,10.0
1544,main_green,main_green,54,220.0,8.720304538775082,12,2,2,10.0,12.0,4.0,10.0
1545,main_green,main_green,54,234.0,8.943138859299468,14,2,2,10.0,12.0,4.0,10.0
1546,main_green,main_green,54,248.0,9.097766795188843,14,2,2,10.0,12.0,4.0,10.0
1547,main_green,main_green,54,262.0,9.215137683851164,14,2,2,10.0,12.0,4.0,10.0
1548,main_green,main_green,58,276.0,8.342978457609272,19,2,2,10.0,12.0,4.0,10.0
1549,main_green,main_green,58,290.0,8.398841123599421,15,2,2,10.0,12.0,4.0,10.0
1550,main_green,main_green,57,304.0,8.641323002021567,14,2,2,10.0,12.0,4.0,10.0
1551,main_green,main_green,56,318.0,8.850275502411673,14,2,2,10.0,12.0,4.0,10.0
1552,yellow_transition,yellow_transition,56,332.0,8.480064743916886,15,3,3,13.0,7.0,10.0,12.0
1553,yellow_transition,yellow_transition,55,346.0,8.238167129766014,14,3,3,13.0,7.0,10.0,12.0
1554,yellow_transition,yellow_transition,56,361.0,7.970260407460019,16,3,3,13.0,7.0,10.0,12.0
1555,side_green,main_green,56,211.0,8.03548429361047,11,0,2,13.0,7.0,10.0,12.0
1556,side_green,main_green,56,152.0,8.05473273226664,11,0,2,13.0,7.0,10.0,12.0
1557,side_green,main_green,56,159.0,8.436702439805348,10,0,2,13.0,7.0,10.0,12.0
1558,side_green,main_green,56,169.0,8.848180043426334,10,0,2,13.0,7.0,10.0,12.0
1559,side_green,main_green,57,179.0,9.063358877088197,11,0,2,13.0,7.0,10.0,12.0
1560,side_green,main_green,62,189.0,8.56043265731761,15,0,2,13.0,7.0,10.0,12.0
1561,side_green,main_green,61,199.0,8.872935328648087,10,0,2,13.0,7.0,10.0,12.0
1562,side_green,main_green,61,210.0,9.212182464182993,11,0,2,13.0,7.0,10.0,12.0
1563,side_green,main_green,60,222.0,9.245313225495721,12,0,2,13.0,7.0,10.0,12.0
1564,side_green,main_green,61,235.0,8.900735897822761,15,0,2,13.0,7.0,10.0,12.0
1565,yellow_transition,yellow_transition,60,248.0,8.831026210910201,13,1,3,-10.0,14.0,13.0,7.0
1566,yellow_transition,yellow_transition,59,261.0,8.739048156409062,13,1,3,-10.0,14.0,13.0,7.0
1567,yellow_transition,yellow_transition,58,275.0,8.434619432778831,14,1,3,-10.0,14.0,13.0,7.0
1568,main_green,side_green,59,85.0,8.29994841401735,8,2,0,-10.0,14.0,13.0,7.0
1569,main_green,side_green,60,6.0,8.308497729694702,4,2,0,-10.0,14.0,13.0,7.0
1570,main_green,side_green,60,5.0,8.944773103613725,4,2,0,-10.0,14.0,13.0,7.0
1571,main_green,side_green,59,9.0,9.478265157253682,4,2,0,-10.0,14.0,13.0,7.0
1572,main_green,side_green,64,13.0,9.250799271622187,9,2,0,-10.0,14.0,13.0,7.0
1573,main_green,side_green,61,17.0,9.745976505750953,4,2,0,-10.0,14.0,13.0,7.0
1574,main_green,side_green,60,21.0,10.055301806155827,5,2,0,-10.0,14.0,13.0,7.0
1575,main_green,side_green,57,26.0,10.211892756039571,5,2,0,-10.0,14.0,13.0,7.0
1576,main_green,side_green,56,31.0,10.13429123007219,6,2,0,-10.0,14.0,13.0,7.0
1577,main_green,side_green,54,36.0,10.209239479190453,5,2,0,-10.0,14.0,13.0,7.0
1578,yellow_transition,yellow_transition,52,42.0,10.1073900614326,6,3,1,-5.0,3.0,-9.0,17.0
1579,yellow_transition,yellow_transition,53,48.0,9.7125001743259,7,3,1,-5.0,3.0,-9.0,17.0
1580,yellow_transition,yellow_transition,54,55.0,9.511814081276485,8,3,1,-5.0,3.0,-9.0,17.0
1581,main_green,main_green,54,24.0,9.823767750828502,5,2,2,-5.0,3.0,-9.0,17.0
1582,main_green,main_green,53,20.0,10.076395085749303,4,2,2,-5.0,3.0,-9.0,17.0
1583,main_green,main_green,53,24.0,10.5108177941901,4,2,2,-5.0,3.0,-9.0,17.0
1584,main_green,main_green,57,28.0,9.858608070688154,9,2,2,-5.0,3.0,-9.0,17.0
1585,main_green,main_green,58,32.0,10.149770903173613,5,2,2,-5.0,3.0,-9.0,17.0
1586,main_green,main_green,55,36.0,10.33654186129409,4,2,2,-5.0,3.0,-9.0,17.0
1587,main_green,main_green,55,40.0,10.66499667052554,4,2,2,-5.0,3.0,-9.0,17.0
1588,main_green,main_green,55,44.0,10.74823889213192,5,2,2,-5.0,3.0,-9.0,17.0
1589,main_green,main_green,52,48.0,10.779708545637739,4,2,2,-5.0,3.0,-9.0,17.0
1590,main_green,main_green,52,52.0,10.633608258866944,5,2,2,-5.0,3.0,-9.0,17.0
1591,main_green,main_green,51,56.0,10.557014499736702,4,2,2,-2.0,6.0,-1.0,17.0
1592,main_green,main_green,51,60.0,10.311833904924399,5,2,2,-2.0,6.0,-1.0,17.0
1593,main_green,main_green,50,67.0,10.320054215359722,7,2,2,-2.0,6.0,-1.0,17.0
1594,main_green,main_green,47,74.0,10.15189494263391,7,2,2,-2.0,6.0,-1.0,17.0
1595,main_green,main_green,48,82.0,9.999648025787716,9,2,2,-2.0,6.0,-1.0,17.0
1596,main_green,main_green,53,90.0,9.184983682475641,13,2,2,-2.0,6.0,-1.0,17.0
1597,main_green,main_green,53,98.0,9.372278788038525,8,2,2,-2.0,6.0,-1.0,17.0
1598,main_green,main_green,52,106.0,9.597409411675086,8,2,2,-2.0,6.0,-1.0,17.0
1599,main_green,main_green,52,114.0,9.775559906569491,8,2,2,-2.0,6.0,-1.0,17.0
1600,main_green,main_green,54,122.0,9.565770175632293,10,2,2,-2.0,6.0,-1.0,17.0
1601,main_green,main_green,54,130.0,9.70681681540246,8,2,2,9.0,19.0,-1.0,5.0
1602,main_green,main_green,54,138.0,9.760313025050365,8,2,2,9.0,19.0,-1.0,5.0
1603,main_green,main_green,54,146.0,9.799660702312382,8,2,2,9.0,19.0,-1.0,5.0
1604,main_green,main_green,54,156.0,9.571193446689907,11,2,2,9.0,19.0,-1.0,5.0
1605,main_green,main_green,55,167.0,9.426585082548803,12,2,2,9.0,19.0,-1.0,5.0
1606,main_green,main_green,53,178.0,9.414421715427089,11,2,2,9.0,19.0,-1.0,5.0
1607,main_green,main_green,52,189.0,9.457447832110237,11,2,2,9.0,19.0,-1.0,5.0
1608,main_green,main_green,57,201.0,8.74247038278856,17,2,2,9.0,19.0,-1.0,5.0
1609,main_green,main_green,54,213.0,8.855171163964732,12,2,2,9.0,19.0,-1.0,5.0
1610,main_green,main_green,55,225.0,8.904876291063742,13,2,2,9.0,19.0,-1.0,5.0
1611,yellow_transition,yellow_transition,55,237.0,9.048891220818987,12,3,3,13.0,11.0,6.0,10.0
1612,yellow_transition,yellow_transition,56,249.0,8.77786698968207,13,3,3,13.0,11.0,6.0,10.0
1613,yellow_transition,yellow_transition,56,261.0,8.612424268270042,12,3,3,13.0,11.0,6.0,10.0
1614,side_green,main_green,56,136.0,8.630287905848956,8,0,2,13.0,11.0,6.0,10.0
1615,side_green,main_green,57,103.0,8.665675663369953,8,0,2,13.0,11.0,6.0,10.0
1616,side_green,main_green,58,110.0,8.847949199523228,8,0,2,13.0,11.0,6.0,10.0
1617,side_green,main_green,56,119.0,9.121760719934038,9,0,2,13.0,11.0,6.0,10.0
1618,side_green,main_green,56,128.0,9.49657140932815,9,0,2,13.0,11.0,6.0,10.0
1619,side_green,main_green,55,137.0,9.785079425144655,9,0,2,13.0,11.0,6.0,10.0
1620,side_green,main_green,60,146.0,9.170971531407412,14,0,2,13.0,11.0,6.0,10.0
1621,side_green,main_green,61,155.0,9.114858701429434,10,0,2,13.0,11.0,6.0,10.0
1622,side_green,main_green,61,164.0,9.364533357319702,9,0,2,13.0,11.0,6.0,10.0
1623,side_green,main_green,60,173.0,9.202062931374378,9,0,2,13.0,11.0,6.0,10.0
1624,yellow_transition,yellow_transition,60,185.0,8.963471184759575,13,1,3,-8.0,14.0,9.0,3.0
1625,yellow_transition,yellow_transition,59,198.0,8.82927259079996,13,1,3,-8.0,14.0,9.0,3.0
1626,yellow_transition,yellow_transition,59,211.0,8.363150701670051,14,1,3,-8.0,14.0,9.0,3.0
1627,main_green,side_green,59,54.0,8.22125471407205,5,2,0,-8.0,14.0,9.0,3.0
1628,main_green,side_green,59,1.0,8.249942782358232,2,2,0,-8.0,14.0,9.0,3.0
1629,main_green,side_green,58,4.0,8.681343859516584,3,2,0,-8.0,14.0,9.0,3.0
1630,main_green,side_green,57,7.0,9.129865316408091,3,2,0,-8.0,14.0,9.0,3.0
1631,main_green,side_green,58,11.0,9.436175135165515,5,2,0,-8.0,14.0,9.0,3.0
1632,main_green,side_green,61,15.0,8.967994692058475,9,2,0,-8.0,14.0,9.0,3.0
1633,main_green,side_green,58,20.0,9.378541061563972,5,2,0,-8.0,14.0,9.0,3.0
1634,main_green,side_green,55,27.0,9.751500476323516,7,2,0,-8.0,14.0,9.0,3.0
1635,main_green,side_green,53,34.0,10.01508666421196,7,2,0,-8.0,14.0,9.0,3.0
1636,main_green,side_green,54,41.0,9.749167894983426,9,2,0,-8.0,14.0,9.0,3.0
1637,yellow_transition,yellow_transition,54,48.0,9.724612197665676,7,3,1,-2.0,4.0,-6.0,18.0
1638,yellow_transition,yellow_transition,52,56.0,9.556453855689362,8,3,1,-2.0,4.0,-6.0,18.0
1639,yellow_transition,yellow_transition,52,65.0,9.438328013632427,9,3,1,-2.0,4.0,-6.0,18.0
1640,main_green,main_green,53,36.0,9.307709174962469,6,2,2,-2.0,4.0,-6.0,18.0
1641,main_green,main_green,54,31.0,9.349431623241353,6,2,2,-2.0,4.0,-6.0,18.0
1642,main_green,main_green,54,36.0,9.584598930443443,5,2,2,-2.0,4.0,-6.0,18.0
1643,main_green,main_green,53,42.0,9.963518926064687,6,2,2,-2.0,4.0,-6.0,18.0
1644,main_green,main_green,58,48.0,9.368126768735761,11,2,2,-2.0,4.0,-6.0,18.0
1645,main_green,main_green,58,54.0,9.843505341680322,6,2,2,-2.0,4.0,-6.0,18.0
1646,main_green,main_green,58,60.0,10.127698684900476,7,2,2,-2.0,4.0,-6.0,18.0
1647,main_green,main_green,56,66.0,10.318319004686378,6,2,2,-2.0,4.0,-6.0,18.0
1648,main_green,main_green,56,72.0,10.190493250868396,7,2,2,-2.0,4.0,-6.0,18.0
1649,main_green,main_green,54,78.0,10.079969000792236,6,2,2,-2.0,4.0,-6.0,18.0
1650,main_green,main_green,53,84.0,10.040966477015713,6,2,2,0.0,6.0,0.0,16.0
1651,main_green,main_green,52,91.0,9.79335401379029,8,2,2,0.0,6.0,0.0,16.0
1652,main_green,main_green,52,99.0,9.57394158671065,9,2,2,0.0,6.0,0.0,16.0
1653,main_green,main_green,51,108.0,9.513854852087816,9,2,2,0.0,6.0,0.0,16.0
1654,main_green,main_green,50,118.0,9.715176823654257,10,2,2,0.0,6.0,0.0,16.0
1655,main_green,main_green,49,128.0,9.717543628433205,10,2,2,0.0,6.0,0.0,16.0
1656,main_green,main_green,54,138.0,8.937965409884258,15,2,2,0.0,6.0,0.0,16.0
1657,main_green,main_green,55,148.0,9.086313182025386,11,2,2,0.0,6.0,0.0,16.0
1658,main_green,main_green,53,158.0,9.176704238388009,10,2,2,0.0,6.0,0.0,16.0
1659,main_green,main_green,53,168.0,9.314320006253293,10,2,2,0.0,6.0,0.0,16.0
1660,main_green,main_green,54,178.0,9.183981932432625,11,2,2,12.0,18.0,2.0,10.0
1661,main_green,main_green,53,188.0,9.392182674916123,10,2,2,12.0,18.0,2.0,10.0
1662,main_green,main_green,54,198.0,9.177774675615105,11,2,2,12.0,18.0,2.0,10.0
1663,main_green,main_green,54,208.0,9.214582474693962,10,2,2,12.0,18.0,2.0,10.0
1664,main_green,main_green,55,218.0,9.00068601624904,11,2,2,12.0,18.0,2.0,10.0
1665,main_green,main_green,54,230.0,9.0286452343445,12,2,2,12.0,18.0,2.0,10.0
1666,main_green,main_green,54,243.0,8.948925374431896,13,2,2,12.0,18.0,2.0,10.0
1667,main_green,main_green,55,257.0,8.93361674663779,15,2,2,12.0,18.0,2.0,10.0
1668,main_green,main_green,59,271.0,8.248857608524151,19,2,2,12.0,18.0,2.0,10.0
1669,main_green,main_green,58,285.0,8.404409351813094,14,2,2,12.0,18.0,2.0,10.0
1670,yellow_transition,yellow_transition,58,299.0,8.60673389120293,14,3,3,15.0,11.0,8.0,8.0
1671,yellow_transition,yellow_transition,58,313.0,8.626990187897913,14,3,3,15.0,11.0,8.0,8.0
1672,yellow_transition,yellow_transition,60,327.0,8.123967737128597,16,3,3,15.0,11.0,8.0,8.0
1673,side_green,main_green,59,187.0,8.418013402564199,10,0,2,15.0,11.0,8.0,8.0
1674,side_green,main_green,59,131.0,8.617800128264372,7,0,2,15.0,11.0,8.0,8.0
1675,side_green,main_green,58,136.0,8.709334663514348,6,0,2,15.0,11.0,8.0,8.0
1676,side_green,main_green,59,145.0,8.94053095554451,10,0,2,15.0,11.0,8.0,8.0
1677,side_green,main_green,59,155.0,9.083266564940217,11,0,2,15.0,11.0,8.0,8.0
1678,side_green,main_green,58,165.0,9.502703125642146,10,0,2,15.0,11.0,8.0,8.0
1679,side_green,main_green,58,175.0,9.784610184319211,10,0,2,15.0,11.0,8.0,8.0
1680,side_green,main_green,62,185.0,9.14103460336885,15,0,2,15.0,11.0,8.0,8.0
1681,side_green,main_green,62,195.0,9.43892481844135,10,0,2,15.0,11.0,8.0,8.0
1682,side_green,main_green,63,205.0,9.381195193920439,11,0,2,15.0,11.0,8.0,8.0
1683,yellow_transition,yellow_transition,62,215.0,9.310820143747508,10,1,3,-11.0,11.0,11.0,7.0
1684,yellow_transition,yellow_transition,63,225.0,9.112281375582564,11,1,3,-11.0,11.0,11.0,7.0
1685,yellow_transition,yellow_transition,62,237.0,8.886737862373018,12,1,3,-11.0,11.0,11.0,7.0
1686,main_green,side_green,62,64.0,8.944113923928306,5,2,0,-11.0,11.0,11.0,7.0
1687,main_green,side_green,61,0.0,8.69499873801768,1,2,0,-11.0,11.0,11.0,7.0
1688,main_green,side_green,61,3.0,8.608508214794407,4,2,0,-11.0,11.0,11.0,7.0
1689,main_green,side_green,60,7.0,8.996882484982049,4,2,0,-11.0,11.0,11.0,7.0
1690,main_green,side_green,60,11.0,9.379908650070861,4,2,0,-11.0,11.0,11.0,7.0
1691,main_green,side_green,57,17.0,9.630647575633574,6,2,0,-11.0,11.0,11.0,7.0
1692,main_green,side_green,60,24.0,8.922347014471695,12,2,0,-11.0,11.0,11.0,7.0
1693,main_green,side_green,58,32.0,9.073083451464617,9,2,0,-11.0,11.0,11.0,7.0
1694,main_green,side_green,57,41.0,9.392677050459957,9,2,0,-11.0,11.0,11.0,7.0
1695,main_green,side_green,55,50.0,9.448626934831836,9,2,0,-11.0,11.0,11.0,7.0
1696,yellow_transition,yellow_transition,54,59.0,9.21763261534485,10,3,1,-5.0,-1.0,-6.0,22.0
1697,yellow_transition,yellow_transition,53,68.0,9.12618983233701,9,3,1,-5.0,-1.0,-6.0,22.0
1698,yellow_transition,yellow_transition,54,77.0,8.797716894106767,10,3,1,-5.0,-1.0,-6.0,22.0
1699,main_green,main_green,54,47.0,8.801052598946395,7,2,2,-5.0,-1.0,-6.0,22.0
1700,main_green,main_green,54,28.0,8.947719022169474,5,2,2,-5.0,-1.0,-6.0,22.0
1701,main_green,main_green,53,34.0,9.244062584996314,6,2,2,-5.0,-1.0,-6.0,22.0
1702,main_green,main_green,53,40.0,9.536917325154702,6,2,2,-5.0,-1.0,-6.0,22.0
1703,main_green,main_green,54,46.0,9.733335712362498,7,2,2,-5.0,-1.0,-6.0,22.0
1704,main_green,main_green,59,52.0,9.33461931944558,11,2,2,-5.0,-1.0,-6.0,22.0
1705,main_green,main_green,56,58.0,9.633412433249168,6,2,2,-5.0,-1.0,-6.0,22.0
1706,main_green,main_green,56,64.0,10.01385117767718,6,2,2,-5.0,-1.0,-6.0,22.0
1707,main_green,main_green,53,70.0,10.239095760384155,6,2,2,-5.0,-1.0,-6.0,22.0
1708,main_green,main_green,55,76.0,10.002289733522275,8,2,2,-5.0,-1.0,-6.0,22.0
1709,main_green,main_green,53,82.0,10.07868684349446,6,2,2,2.0,12.0,-2.0,12.0
1710,main_green,main_green,52,88.0,10.048391586118793,6,2,2,2.0,12.0,-2.0,12.0
1711,main_green,main_green,50,94.0,9.845980652781881,6,2,2,2.0,12.0,-2.0,12.0
1712,main_green,main_green,50,101.0,9.439145834732164,8,2,2,2.0,12.0,-2.0,12.0
1713,main_green,main_green,50,110.0,9.277575152837324,10,2,2,2.0,12.0,-2.0,12.0
1714,main_green,main_green,50,120.0,9.453629117917593,10,2,2,2.0,12.0,-2.0,12.0
1715,main_green,main_green,50,130.0,9.573848105557133,10,2,2,2.0,12.0,-2.0,12.0
1716,main_green,main_green,55,140.0,8.785904241548835,15,2,2,2.0,12.0,-2.0,12.0
1717,main_green,main_green,55,150.0,8.997593001892728,10,2,2,2.0,12.0,-2.0,12.0
1718,main_green,main_green,56,160.0,9.203965243671409,11,2,2,2.0,12.0,-2.0,12.0
1719,main_green,main_green,56,170.0,9.380533128331148,10,2,2,10.0,16.0,1.0,9.0
1720,main_green,main_green,57,180.0,9.286174271122071,11,2,2,10.0,16.0,1.0,9.0
1721,main_green,main_green,57,190.0,9.247831542418304,10,2,2,10.0,16.0,1.0,9.0
1722,main_green,main_green,56,200.0,9.214066065562402,10,2,2,10.0,16.0,1.0,9.0
1723,main_green,main_green,56,212.0,9.067399184293208,13,2,2,10.0,16.0,1.0,9.0
1724,main_green,main_green,57,225.0,9.014389245571937,14,2,2,10.0,16.0,1.0,9.0
1725,main_green,main_green,56,238.0,8.991707088124913,13,2,2,10.0,16.0,1.0,9.0
1726,main_green,main_green,55,251.0,8.954599562020263,13,2,2,10.0,16.0,1.0,9.0
1727,main_green,main_green,54,264.0,8.973721655586825,13,2,2,10.0,16.0,1.0,9.0
1728,main_green,main_green,59,278.0,8.21371448675372,19,2,2,10.0,16.0,1.0,9.0
1729,main_green,main_green,60,292.0,8.35306786477516,15,2,2,15.0,15.0,6.0,6.0
1730,main_green,main_green,60,306.0,8.515560515432849,14,2,2,15.0,15.0,6.0,6.0
1731,main_green,main_green,59,320.0,8.743451910975013,14,2,2,15.0,15.0,6.0,6.0
1732,main_green,main_green,60,334.0,8.760521801871068,15,2,2,15.0,15.0,6.0,6.0
1733,main_green,main_green,60,348.0,8.868459706418792,14,2,2,15.0,15.0,6.0,6.0
1734,main_green,main_green,60,362.0,8.6168698971114,15,2,2,15.0,15.0,6.0,6.0
1735,main_green,main_green,58,376.0,8.456635412797239,14,2,2,15.0,15.0,6.0,6.0
1736,main_green,main_green,59,390.0,8.388971717934773,15,2,2,15.0,15.0,6.0,6.0
1737,main_green,main_green,59,408.0,8.302304770645916,18,2,2,15.0,15.0,6.0,6.0
1738,main_green,main_green,59,426.0,8.436821624204669,18,2,2,15.0,15.0,6.0,6.0
1739,yellow_transition,yellow_transition,59,444.0,8.252151051929212,19,3,3,12.0,10.0,7.0,9.0
1740,yellow_transition,yellow_transition,64,462.0,7.501641299861422,23,3,3,12.0,10.0,7.0,9.0
1741,yellow_transition,yellow_transition,64,480.0,7.294900015604503,18,3,3,12.0,10.0,7.0,9.0
1742,side_green,main_green,62,303.0,7.387807614197485,14,0,2,12.0,10.0,7.0,9.0
1743,side_green,main_green,62,217.0,7.6931809020579465,10,0,2,12.0,10.0,7.0,9.0
1744,side_green,main_green,63,212.0,7.777709257963262,11,0,2,12.0,10.0,7.0,9.0
1745,side_green,main_green,63,222.0,7.99787707475638,10,0,2,12.0,10.0,7.0,9.0
1746,side_green,main_green,63,234.0,8.381692141573394,12,0,2,12.0,10.0,7.0,9.0
1747,side_green,main_green,63,246.0,8.735267242738129,12,0,2,12.0,10.0,7.0,9.0
1748,side_green,main_green,63,260.0,8.767121222319803,15,0,2,12.0,10.0,7.0,9.0
1749,side_green,main_green,64,274.0,8.696143841811782,15,0,2,12.0,10.0,7.0,9.0
1750,side_green,main_green,64,289.0,8.705994274396529,15,0,2,12.0,10.0,7.0,9.0
1751,side_green,main_green,61,304.0,8.5167170296118,15,0,2,12.0,10.0,7.0,9.0
1752,yellow_transition,yellow_transition,66,319.0,7.933908658053647,20,1,3,-15.0,13.0,12.0,4.0
1753,yellow_transition,yellow_transition,64,336.0,7.852621805860227,17,1,3,-15.0,13.0,12.0,4.0
1754,yellow_transition,yellow_transition,64,353.0,7.612687461758506,18,1,3,-15.0,13.0,12.0,4.0
1755,main_green,side_green,63,133.0,7.753965337042893,9,2,0,-15.0,13.0,12.0,4.0
1756,main_green,side_green,63,21.0,7.985978493512337,4,2,0,-15.0,13.0,12.0,4.0
1757,main_green,side_green,63,2.0,8.382448287237073,1,2,0,-15.0,13.0,12.0,4.0
1758,main_green,side_green,63,3.0,8.89825758882782,1,2,0,-15.0,13.0,12.0,4.0
1759,main_green,side_green,64,5.0,9.397339521849728,3,2,0,-15.0,13.0,12.0,4.0
1760,main_green,side_green,62,8.0,9.591493017027283,4,2,0,-15.0,13.0,12.0,4.0
1761,main_green,side_green,62,12.0,10.200277578277973,4,2,0,-15.0,13.0,12.0,4.0
1762,main_green,side_green,60,16.0,10.577786137839185,4,2,0,-15.0,13.0,12.0,4.0
1763,main_green,side_green,59,21.0,10.795575580404844,5,2,0,-15.0,13.0,12.0,4.0
1764,main_green,side_green,62,26.0,9.888247232722403,10,2,0,-15.0,13.0,12.0,4.0
1765,yellow_transition,yellow_transition,62,31.0,9.79282560758511,6,3,1,-5.0,3.0,-12.0,8.0
1766,yellow_transition,yellow_transition,62,37.0,9.97073409454762,6,3,1,-5.0,3.0,-12.0,8.0
1767,yellow_transition,yellow_transition,60,44.0,9.870385530601276,7,3,1,-5.0,3.0,-12.0,8.0
1768,main_green,main_green,59,20.0,9.996225487495911,4,2,2,-5.0,3.0,-12.0,8.0
1769,main_green,main_green,58,19.0,10.222664950427156,2,2,2,-5.0,3.0,-12.0,8.0
1770,main_green,main_green,57,21.0,10.295283924360602,3,2,2,-5.0,3.0,-12.0,8.0
1771,main_green,main_green,57,23.0,10.575601784596726,2,2,2,-5.0,3.0,-12.0,8.0
1772,main_green,main_green,58,26.0,10.530454234902816,4,2,2,-5.0,3.0,-12.0,8.0
1773,main_green,main_green,57,29.0,10.608179500809799,3,2,2,-5.0,3.0,-12.0,8.0
1774,main_green,main_green,56,33.0,10.604760192016224,4,2,2,-5.0,3.0,-12.0,8.0
1775,main_green,main_green,53,38.0,10.513720998020066,6,2,2,-5.0,3.0,-12.0,8.0
1776,main_green,main_green,56,44.0,9.713855022635686,11,2,2,-5.0,3.0,-12.0,8.0
1777,main_green,main_green,54,50.0,9.899745946469647,6,2,2,-5.0,3.0,-12.0,8.0
1778,main_green,main_green,52,56.0,10.036339825883868,6,2,2,0.0,8.0,1.0,17.0
1779,main_green,main_green,50,62.0,10.178702785894206,6,2,2,0.0,8.0,1.0,17.0
1780,main_green,main_green,52,68.0,9.941631410541843,8,2,2,0.0,8.0,1.0,17.0
1781,main_green,main_green,51,74.0,9.88489450352548,6,2,2,0.0,8.0,1.0,17.0
1782,main_green,main_green,51,80.0,9.911779178735573,6,2,2,0.0,8.0,1.0,17.0
1783,main_green,main_green,50,88.0,9.766898451949295,8,2,2,0.0,8.0,1.0,17.0
1784,main_green,main_green,51,97.0,9.77086606990734,10,2,2,0.0,8.0,1.0,17.0
1785,main_green,main_green,50,106.0,9.442318005018699,10,2,2,0.0,8.0,1.0,17.0
1786,main_green,main_green,49,116.0,9.554146180798607,10,2,2,0.0,8.0,1.0,17.0
1787,main_green,main_green,49,126.0,9.585543236799667,10,2,2,0.0,8.0,1.0,17.0
1788,main_green,main_green,54,136.0,8.74177830579135,15,2,2,7.0,15.0,-1.0,11.0
1789,main_green,main_green,54,146.0,9.128614364941976,10,2,2,7.0,15.0,-1.0,11.0
1790,main_green,main_green,55,156.0,9.125296063097382,11,2,2,7.0,15.0,-1.0,11.0
1791,main_green,main_green,55,166.0,9.338720897489795,10,2,2,7.0,15.0,-1.0,11.0
1792,main_green,main_green,56,176.0,9.182731358732624,11,2,2,7.0,15.0,-1.0,11.0
1793,main_green,main_green,56,186.0,9.283713696987434,10,2,2,7.0,15.0,-1.0,11.0
1794,main_green,main_green,55,196.0,9.219315661519092,10,2,2,7.0,15.0,-1.0,11.0
1795,main_green,main_green,55,207.0,8.960157760888682,12,2,2,7.0,15.0,-1.0,11.0
1796,main_green,main_green,55,220.0,8.8413588933885,14,2,2,7.0,15.0,-1.0,11.0
1797,main_green,main_green,55,234.0,8.989460902428666,14,2,2,7.0,15.0,-1.0,11.0
1798,main_green,main_green,55,248.0,9.03544636008571,14,2,2,12.0,18.0,0.0,4.0
1799,main_green,main_green,55,262.0,9.032533775059918,14,2,2,12.0,18.0,0.0,4.0
1800,main_green,main_green,60,276.0,8.397541957280898,19,2,2,12.0,18.0,0.0,4.0
1801,main_green,main_green,61,290.0,8.448073785390722,15,2,2,12.0,18.0,0.0,4.0
1802,main_green,main_green,61,304.0,8.71557490024564,14,2,2,12.0,18.0,0.0,4.0
1803,main_green,main_green,59,318.0,8.69802398928492,14,2,2,12.0,18.0,0.0,4.0
1804,main_green,main_green,59,332.0,8.512920200320918,15,2,2,12.0,18.0,0.0,4.0
1805,main_green,main_green,58,346.0,8.446304739707365,14,2,2,12.0,18.0,0.0,4.0
1806,main_green,main_green,57,360.0,8.171048978981723,15,2,2,12.0,18.0,0.0,4.0
1807,main_green,main_green,57,375.0,8.383021873578045,15,2,2,12.0,18.0,0.0,4.0
1808,yellow_transition,yellow_transition,58,393.0,8.093171115186497,19,3,3,12.0,8.0,10.0,14.0
1809,yellow_transition,yellow_transition,58,411.0,8.06466155620465,18,3,3,12.0,8.0,10.0,14.0
1810,yellow_transition,yellow_transition,58,429.0,8.097202711013198,18,3,3,12.0,8.0,10.0,14.0
1811,side_green,main_green,59,269.0,8.162395903199144,15,0,2,12.0,8.0,10.0,14.0
1812,side_green,main_green,63,188.0,7.815836925523366,15,0,2,12.0,8.0,10.0,14.0
1813,side_green,main_green,62,185.0,8.105003593769364,8,0,2,12.0,8.0,10.0,14.0
1814,side_green,main_green,62,193.0,8.509324716409422,8,0,2,12.0,8.0,10.0,14.0
1815,side_green,main_green,61,201.0,8.68830144598155,8,0,2,12.0,8.0,10.0,14.0
1816,side_green,main_green,63,211.0,8.73043651907417,12,0,2,12.0,8.0,10.0,14.0
1817,side_green,main_green,62,222.0,8.777401603087563,11,0,2,12.0,8.0,10.0,14.0
1818,side_green,main_green,62,234.0,8.958207778259855,12,0,2,12.0,8.0,10.0,14.0
1819,side_green,main_green,61,247.0,9.091541788019708,13,0,2,12.0,8.0,10.0,14.0
1820,side_green,main_green,60,262.0,8.752694500957801,16,0,2,12.0,8.0,10.0,14.0
1821,yellow_transition,yellow_transition,61,277.0,8.552487608269116,16,1,3,-14.0,16.0,13.0,1.0
1822,yellow_transition,yellow_transition,60,292.0,8.419963796665485,15,1,3,-14.0,16.0,13.0,1.0
1823,yellow_transition,yellow_transition,60,308.0,8.404953634705274,16,1,3,-14.0,16.0,13.0,1.0
1824,main_green,side_green,65,110.0,7.88735854731538,14,2,0,-14.0,16.0,13.0,1.0
1825,main_green,side_green,64,13.0,8.230826654424014,2,2,0,-14.0,16.0,13.0,1.0
1826,main_green,side_green,64,1.0,8.57629957080818,2,2,0,-14.0,16.0,13.0,1.0
1827,main_green,side_green,63,2.0,9.155911704104135,1,2,0,-14.0,16.0,13.0,1.0
1828,main_green,side_green,63,4.0,9.82911469805662,3,2,0,-14.0,16.0,13.0,1.0
1829,main_green,side_green,63,6.0,10.535469471387401,2,2,0,-14.0,16.0,13.0,1.0
1830,main_green,side_green,61,8.0,10.986765054625545,2,2,0,-14.0,16.0,13.0,1.0
1831,main_green,side_green,59,10.0,11.342869787202703,3,2,0,-14.0,16.0,13.0,1.0
1832,main_green,side_green,58,12.0,11.088644195574307,3,2,0,-14.0,16.0,13.0,1.0
1833,main_green,side_green,56,14.0,10.869892498060576,2,2,0,-14.0,16.0,13.0,1.0
1834,yellow_transition,yellow_transition,53,16.0,10.703944664897174,2,3,1,-8.0,4.0,-16.0,10.0
1835,yellow_transition,yellow_transition,51,21.0,10.594240164420615,5,3,1,-8.0,4.0,-16.0,10.0
1836,yellow_transition,yellow_transition,56,26.0,9.480878212618707,10,3,1,-8.0,4.0,-16.0,10.0
1837,main_green,main_green,57,6.0,9.764121416822338,3,2,2,-8.0,4.0,-16.0,10.0
1838,main_green,main_green,57,8.0,10.291256039858938,2,2,2,-8.0,4.0,-16.0,10.0
1839,main_green,main_green,56,10.0,10.637135180856333,2,2,2,-8.0,4.0,-16.0,10.0
1840,main_green,main_green,57,12.0,10.666664827021073,3,2,2,-8.0,4.0,-16.0,10.0
1841,main_green,main_green,57,14.0,10.839569431280633,2,2,2,-8.0,4.0,-16.0,10.0
1842,main_green,main_green,56,16.0,10.720921594988534,3,2,2,-8.0,4.0,-16.0,10.0
1843,main_green,main_green,55,18.0,10.646356008181671,2,2,2,-8.0,4.0,-16.0,10.0
1844,main_green,main_green,54,23.0,10.352445756335815,6,2,2,-8.0,4.0,-16.0,10.0
1845,main_green,main_green,52,29.0,10.418978437476325,6,2,2,-8.0,4.0,-16.0,10.0
1846,main_green,main_green,50,35.0,10.585482794920098,6,2,2,-8.0,4.0,-16.0,10.0
1847,main_green,main_green,49,41.0,10.388124433465133,7,2,2,-6.0,2.0,-3.0,17.0
1848,main_green,main_green,52,47.0,9.463278169766358,11,2,2,-6.0,2.0,-3.0,17.0
1849,main_green,main_green,51,53.0,9.753377168751344,6,2,2,-6.0,2.0,-3.0,17.0
1850,main_green,main_green,51,59.0,9.964415722483196,6,2,2,-6.0,2.0,-3.0,17.0
1851,main_green,main_green,50,65.0,10.051831971895457,6,2,2,-6.0,2.0,-3.0,17.0
1852,main_green,main_green,52,71.0,9.804215208915316,8,2,2,-6.0,2.0,-3.0,17.0
1853,main_green,main_green,51,77.0,9.98854489757836,6,2,2,-6.0,2.0,-3.0,17.0
1854,main_green,main_green,49,83.0,9.878812154300713,6,2,2,-6.0,2.0,-3.0,17.0
1855,main_green,main_green,49,89.0,9.968955159952484,6,2,2,-6.0,2.0,-3.0,17.0
1856,main_green,main_green,50,96.0,9.683080077238154,8,2,2,-6.0,2.0,-3.0,17.0
1857,main_green,main_green,51,105.0,9.485215454196625,10,2,2,6.0,14.0,1.0,11.0
1858,main_green,main_green,51,114.0,9.553485074971807,9,2,2,6.0,14.0,1.0,11.0
1859,main_green,main_green,51,124.0,9.654181011528197,10,2,2,6.0,14.0,1.0,11.0
1860,main_green,main_green,56,134.0,8.904043367608194,15,2,2,6.0,14.0,1.0,11.0
1861,main_green,main_green,56,144.0,9.213075995480793,10,2,2,6.0,14.0,1.0,11.0
1862,main_green,main_green,57,154.0,9.313648640754531,11,2,2,6.0,14.0,1.0,11.0
1863,main_green,main_green,55,164.0,9.334039481984092,10,2,2,6.0,14.0,1.0,11.0
1864,main_green,main_green,56,174.0,9.28630972568885,11,2,2,6.0,14.0,1.0,11.0
1865,main_green,main_green,55,184.0,9.155069837373079,10,2,2,6.0,14.0,1.0,11.0
1866,main_green,main_green,55,194.0,9.19298679541851,10,2,2,6.0,14.0,1.0,11.0
1867,main_green,main_green,55,205.0,8.925209692900895,12,2,2,10.0,12.0,2.0,6.0
1868,main_green,main_green,56,218.0,8.85481896766236,14,2,2,10.0,12.0,2.0,6.0
1869,main_green,main_green,54,232.0,8.816656498083214,14,2,2,10.0,12.0,2.0,6.0
1870,main_green,main_green,54,246.0,8.921831288918131,14,2,2,10.0,12.0,2.0,6.0
1871,main_green,main_green,54,260.0,9.044002718635348,14,2,2,10.0,12.0,2.0,6.0
1872,main_green,main_green,58,274.0,8.280864962319814,19,2,2,10.0,12.0,2.0,6.0
1873,main_green,main_green,59,288.0,8.325269615409638,15,2,2,10.0,12.0,2.0,6.0
1874,main_green,main_green,59,302.0,8.69873529573278,14,2,2,10.0,12.0,2.0,6.0
1875,main_green,main_green,58,316.0,8.837479661831184,14,2,2,10.0,12.0,2.0,6.0
1876,main_green,main_green,59,330.0,8.607224225224035,15,2,2,10.0,12.0,2.0,6.0
1877,main_green,main_green,58,344.0,8.717652825460785,14,2,2,13.0,13.0,6.0,8.0
1878,main_green,main_green,59,358.0,8.536881988324867,15,2,2,13.0,13.0,6.0,8.0
1879,main_green,main_green,58,373.0,8.417613389729794,15,2,2,13.0,13.0,6.0,8.0
1880,main_green,main_green,59,389.0,8.267834982037492,17,2,2,13.0,13.0,6.0,8.0
1881,main_green,main_green,59,405.0,8.318627447568737,16,2,2,13.0,13.0,6.0,8.0
1882,main_green,main_green,58,423.0,8.331471928052355,18,2,2,13.0,13.0,6.0,8.0
1883,main_green,main_green,59,441.0,8.319997935945164,19,2,2,13.0,13.0,6.0,8.0
1884,main_green,main_green,62,459.0,7.649304992501453,23,2,2,13.0,13.0,6.0,8.0
1885,main_green,main_green,60,477.0,7.748147548168013,18,2,2,13.0,13.0,6.0,8.0
1886,main_green,main_green,60,495.0,7.962587147330997,18,2,2,13.0,13.0,6.0,8.0
1887,yellow_transition,yellow_transition,59,513.0,7.868600129306672,18,3,3,18.0,12.0,13.0,9.0
1888,yellow_transition,yellow_transition,61,531.0,7.6966212245907775,20,3,3,18.0,12.0,13.0,9.0
1889,yellow_transition,yellow_transition,60,549.0,7.443876647541205,18,3,3,18.0,12.0,13.0,9.0
1890,side_green,side_green,59,202.0,7.549160141644601,10,0,0,18.0,12.0,13.0,9.0
1891,side_green,side_green,58,25.0,7.878615695864209,4,0,0,18.0,12.0,13.0,9.0
1892,side_green,side_green,58,3.0,8.121004276371586,3,0,0,18.0,12.0,13.0,9.0
1893,side_green,side_green,59,5.0,8.64521237855753,3,0,0,18.0,12.0,13.0,9.0
1894,side_green,side_green,59,7.0,9.17235889579834,2,0,0,18.0,12.0,13.0,9.0
1895,side_green,side_green,58,10.0,9.50861284907401,3,0,0,18.0,12.0,13.0,9.0
1896,side_green,side_green,63,14.0,9.099836277859458,9,0,0,18.0,12.0,13.0,9.0
1897,side_green,side_green,63,18.0,9.416650606257878,4,0,0,18.0,12.0,13.0,9.0
1898,side_green,side_green,63,24.0,9.387533365361449,7,0,0,18.0,12.0,13.0,9.0
1899,side_green,side_green,63,32.0,9.410115364963138,8,0,0,18.0,12.0,13.0,9.0
1900,yellow_transition,yellow_transition,64,41.0,9.152754147182602,10,1,1,-13.0,5.0,-9.0,11.0
1901,yellow_transition,yellow_transition,64,52.0,9.07399621750001,11,1,1,-13.0,5.0,-9.0,11.0
1902,yellow_transition,yellow_transition,64,63.0,8.906642746750544,11,1,1,-13.0,5.0,-9.0,11.0
1903,main_green,main_green,64,12.0,8.587861117816976,4,2,2,-13.0,5.0,-9.0,11.0
1904,main_green,main_green,63,2.0,8.598437951087487,3,2,2,-13.0,5.0,-9.0,11.0
1905,main_green,main_green,63,4.0,8.906468958976554,2,2,2,-13.0,5.0,-9.0,11.0
1906,main_green,main_green,63,7.0,9.495295980175051,3,2,2,-13.0,5.0,-9.0,11.0
1907,main_green,main_green,62,11.0,9.907293165624399,4,2,2,-13.0,5.0,-9.0,11.0
1908,main_green,main_green,64,15.0,9.583743261690442,9,2,2,-13.0,5.0,-9.0,11.0
1909,main_green,main_green,63,19.0,9.948554355145195,5,2,2,-13.0,5.0,-9.0,11.0
1910,main_green,main_green,61,23.0,10.344816937946891,4,2,2,-13.0,5.0,-9.0,11.0
1911,main_green,main_green,55,27.0,10.59635030656761,4,2,2,-13.0,5.0,-9.0,11.0
1912,main_green,main_green,56,31.0,10.400664782458476,5,2,2,-13.0,5.0,-9.0,11.0
1913,main_green,main_green,51,35.0,10.456571030244703,4,2,2,-5.0,7.0,-2.0,6.0
1914,main_green,main_green,49,39.0,10.032782321321967,5,2,2,-5.0,7.0,-2.0,6.0
1915,main_green,main_green,48,44.0,10.147020534550279,5,2,2,-5.0,7.0,-2.0,6.0
1916,main_green,main_green,47,49.0,10.046589030944466,6,2,2,-5.0,7.0,-2.0,6.0
1917,main_green,main_green,47,57.0,10.13511385192382,8,2,2,-5.0,7.0,-2.0,6.0
1918,main_green,main_green,47,65.0,10.181827638929544,8,2,2,-5.0,7.0,-2.0,6.0
1919,main_green,main_green,48,73.0,10.185033256126134,9,2,2,-5.0,7.0,-2.0,6.0
1920,main_green,main_green,53,81.0,9.245422864918103,13,2,2,-5.0,7.0,-2.0,6.0
1921,main_green,main_green,53,89.0,9.513735644644724,8,2,2,-5.0,7.0,-2.0,6.0
1922,main_green,main_green,53,97.0,9.786261937291549,8,2,2,-5.0,7.0,-2.0,6.0
1923,main_green,main_green,53,105.0,10.12106563814539,8,2,2,4.0,16.0,3.0,13.0
1924,main_green,main_green,55,113.0,9.73592511732521,10,2,2,4.0,16.0,3.0,13.0
1925,main_green,main_green,55,121.0,9.550530503033874,8,2,2,4.0,16.0,3.0,13.0
1926,main_green,main_green,55,129.0,9.623835190426686,8,2,2,4.0,16.0,3.0,13.0
1927,main_green,main_green,55,140.0,9.691796693888973,11,2,2,4.0,16.0,3.0,13.0
1928,main_green,main_green,56,152.0,9.565818505500685,13,2,2,4.0,16.0,3.0,13.0
1929,main_green,main_green,55,164.0,9.330091340581872,13,2,2,4.0,16.0,3.0,13.0
1930,main_green,main_green,55,176.0,9.5695354104175,12,2,2,4.0,16.0,3.0,13.0
1931,main_green,main_green,52,188.0,9.440365580021567,12,2,2,4.0,16.0,3.0,13.0
1932,main_green,main_green,55,200.0,8.590094012208576,17,2,2,4.0,16.0,3.0,13.0
1933,main_green,main_green,53,212.0,8.563664548880414,12,2,2,10.0,16.0,10.0,14.0
1934,main_green,main_green,54,224.0,8.708399556801615,13,2,2,10.0,16.0,10.0,14.0
1935,main_green,main_green,54,236.0,8.85322375060181,12,2,2,10.0,16.0,10.0,14.0
1936,main_green,main_green,54,248.0,8.8013116044494,13,2,2,10.0,16.0,10.0,14.0
1937,main_green,main_green,54,260.0,8.82949886975162,12,2,2,10.0,16.0,10.0,14.0
1938,main_green,main_green,54,272.0,8.830566285829194,12,2,2,10.0,16.0,10.0,14.0
1939,main_green,main_green,55,284.0,8.62903146421703,13,2,2,10.0,16.0,10.0,14.0
1940,main_green,main_green,56,298.0,8.57317436246283,15,2,2,10.0,16.0,10.0,14.0
1941,main_green,main_green,56,314.0,8.657552601690183,16,2,2,10.0,16.0,10.0,14.0
1942,main_green,main_green,56,330.0,8.776232306712233,16,2,2,10.0,16.0,10.0,14.0
1943,main_green,main_green,56,346.0,8.848927386216399,16,2,2,8.0,8.0,8.0,8.0
1944,main_green,main_green,61,362.0,8.228408494673252,21,2,2,8.0,8.0,8.0,8.0
1945,main_green,main_green,62,378.0,8.305533732998244,17,2,2,8.0,8.0,8.0,8.0
1946,main_green,main_green,62,394.0,8.505802090674946,16,2,2,8.0,8.0,8.0,8.0
1947,main_green,main_green,62,410.0,8.619322385895963,16,2,2,8.0,8.0,8.0,8.0
1948,main_green,main_green,63,426.0,8.488526338232768,17,2,2,8.0,8.0,8.0,8.0
1949,main_green,main_green,63,442.0,8.380711514262265,16,2,2,8.0,8.0,8.0,8.0
1950,main_green,main_green,64,458.0,8.331919025542614,17,2,2,8.0,8.0,8.0,8.0
1951,main_green,main_green,64,475.0,8.416415063984502,17,2,2,8.0,8.0,8.0,8.0
1952,main_green,main_green,63,495.0,8.253316001189402,21,2,2,8.0,8.0,8.0,8.0
1953,yellow_transition,yellow_transition,62,515.0,8.245205830894058,20,3,3,13.0,13.0,11.0,5.0
1954,yellow_transition,yellow_transition,62,535.0,8.311165481127947,20,3,3,13.0,13.0,11.0,5.0
1955,yellow_transition,yellow_transition,62,555.0,8.118188657490908,21,3,3,13.0,13.0,11.0,5.0
1956,main_green,side_green,65,387.0,7.481902137402159,21,2,0,13.0,13.0,11.0,5.0
1957,main_green,side_green,64,307.0,7.732537038652401,12,2,0,13.0,13.0,11.0,5.0
1958,main_green,side_green,62,305.0,7.796415118751263,10,2,0,13.0,13.0,11.0,5.0
1959,main_green,side_green,61,317.0,8.068235071746715,12,2,0,13.0,13.0,11.0,5.0
1960,main_green,side_green,63,329.0,8.026123902705576,14,2,0,13.0,13.0,11.0,5.0
1961,main_green,side_green,63,342.0,8.376010811700745,13,2,0,13.0,13.0,11.0,5.0
1962,main_green,side_green,63,356.0,8.714816822860781,14,2,0,13.0,13.0,11.0,5.0
1963,main_green,side_green,61,371.0,8.819551024792709,15,2,0,13.0,13.0,11.0,5.0
1964,main_green,side_green,61,387.0,8.708275408204226,17,2,0,13.0,13.0,11.0,5.0
1965,main_green,side_green,61,404.0,8.511630050970805,18,2,0,13.0,13.0,11.0,5.0
1966,yellow_transition,yellow_transition,61,422.0,8.519944023251803,18,3,1,15.0,5.0,-13.0,15.0
1967,yellow_transition,yellow_transition,61,440.0,8.619033412124775,18,3,1,15.0,5.0,-13.0,15.0
1968,yellow_transition,yellow_transition,65,458.0,7.771284095745323,23,3,1,15.0,5.0,-13.0,15.0
1969,side_green,main_green,65,204.0,8.12058017056136,10,0,2,15.0,5.0,-13.0,15.0
1970,side_green,main_green,66,54.0,8.453590870489027,5,0,2,15.0,5.0,-13.0,15.0
1971,side_green,main_green,65,0.0,8.94620651200599,0,0,2,15.0,5.0,-13.0,15.0
1972,side_green,main_green,66,2.0,9.248209103864518,3,0,2,15.0,5.0,-13.0,15.0
1973,side_green,main_green,66,4.0,9.786186869629502,2,0,2,15.0,5.0,-13.0,15.0
1974,side_green,main_green,64,6.0,10.177812368009649,2,0,2,15.0,5.0,-13.0,15.0
1975,side_green,main_green,61,9.0,10.33242261985225,4,0,2,15.0,5.0,-13.0,15.0
1976,side_green,main_green,58,14.0,10.486142723636036,6,0,2,15.0,5.0,-13.0,15.0
1977,side_green,main_green,56,20.0,10.771731638001835,6,0,2,15.0,5.0,-13.0,15.0
1978,side_green,main_green,54,26.0,10.746933490764047,6,0,2,15.0,5.0,-13.0,15.0
1979,yellow_transition,yellow_transition,52,32.0,10.581918994937796,6,1,3,-15.0,13.0,-6.0,4.0
1980,yellow_transition,yellow_transition,56,38.0,9.57898936978042,11,1,3,-15.0,13.0,-6.0,4.0
1981,yellow_transition,yellow_transition,57,45.0,9.3792899175556,8,1,3,-15.0,13.0,-6.0,4.0
1982,main_green,main_green,57,15.0,9.711636817897539,3,2,2,-15.0,13.0,-6.0,4.0
1983,main_green,main_green,57,15.0,10.186963887884401,2,2,2,-15.0,13.0,-6.0,4.0
1984,main_green,main_green,58,17.0,10.389634805866923,3,2,2,-15.0,13.0,-6.0,4.0
1985,main_green,main_green,57,19.0,10.712655180425863,2,2,2,-15.0,13.0,-6.0,4.0
1986,main_green,main_green,58,21.0,10.819108574901717,3,2,2,-15.0,13.0,-6.0,4.0
1987,main_green,main_green,56,23.0,10.976232959930757,2,2,2,-15.0,13.0,-6.0,4.0
1988,main_green,main_green,56,26.0,10.898294096896889,4,2,2,-15.0,13.0,-6.0,4.0
1989,main_green,main_green,55,31.0,10.901438144811046,5,2,2,-15.0,13.0,-6.0,4.0
1990,main_green,main_green,53,36.0,10.762230918028171,5,2,2,-15.0,13.0,-6.0,4.0
1991,main_green,main_green,50,42.0,10.666224268319882,7,2,2,-15.0,13.0,-6.0,4.0
1992,main_green,main_green,55,48.0,9.85305086792991,11,2,2,-4.0,16.0,-4.0,6.0
1993,main_green,main_green,53,54.0,10.048224201861435,6,2,2,-4.0,16.0,-4.0,6.0
1994,main_green,main_green,52,60.0,10.321599416034628,6,2,2,-4.0,16.0,-4.0,6.0
1995,main_green,main_green,50,66.0,10.456104859204181,6,2,2,-4.0,16.0,-4.0,6.0
1996,main_green,main_green,51,72.0,10.109395045078664,8,2,2,-4.0,16.0,-4.0,6.0
1997,main_green,main_green,50,78.0,10.13657154482433,6,2,2,-4.0,16.0,-4.0,6.0
1998,main_green,main_green,49,84.0,10.060311526669356,6,2,2,-4.0,16.0,-4.0,6.0
1999,main_green,main_green,48,90.0,9.917860860619426,6,2,2,-4.0,16.0,-4.0,6.0
2000,main_green,main_green,49,98.0,9.637322913299393,9,2,2,-4.0,16.0,-4.0,6.0
2001,main_green,main_green,50,108.0,9.49526421663038,11,2,2,-4.0,16.0,-4.0,6.0
2002,main_green,main_green,50,118.0,9.728708403227952,10,2,2,-3.0,5.0,8.0,18.0
2003,main_green,main_green,50,128.0,9.872226914378535,10,2,2,-3.0,5.0,8.0,18.0
2004,main_green,main_green,55,138.0,9.0844896498772,15,2,2,-3.0,5.0,8.0,18.0
2005,main_green,main_green,55,148.0,9.20635744854705,10,2,2,-3.0,5.0,8.0,18.0
2006,main_green,main_green,56,158.0,9.31212860558782,11,2,2,-3.0,5.0,8.0,18.0
2007,main_green,main_green,56,168.0,9.536672931853632,10,2,2,-3.0,5.0,8.0,18.0
2008,main_green,main_green,55,178.0,9.271017156097013,11,2,2,-3.0,5.0,8.0,18.0
2009,main_green,main_green,55,188.0,9.329789158658729,10,2,2,-3.0,5.0,8.0,18.0
2010,main_green,main_green,54,198.0,9.336629547198495,10,2,2,-3.0,5.0,8.0,18.0
2011,main_green,main_green,54,208.0,9.266350204765875,11,2,2,-3.0,5.0,8.0,18.0
2012,main_green,main_green,55,218.0,9.05992485385061,11,2,2,2.0,6.0,11.0,15.0
2013,main_green,main_green,54,230.0,9.0563689372949,12,2,2,2.0,6.0,11.0,15.0
2014,main_green,main_green,54,243.0,9.278357247923488,13,2,2,2.0,6.0,11.0,15.0
2015,main_green,main_green,53,257.0,9.277145111844302,14,2,2,2.0,6.0,11.0,15.0
2016,main_green,main_green,58,271.0,8.593172417366988,19,2,2,2.0,6.0,11.0,15.0
2017,main_green,main_green,58,285.0,8.613581572625055,15,2,2,2.0,6.0,11.0,15.0
2018,main_green,main_green,58,299.0,8.887336364769787,14,2,2,2.0,6.0,11.0,15.0
2019,main_green,main_green,57,313.0,8.871379277192403,14,2,2,2.0,6.0,11.0,15.0
2020,main_green,main_green,57,327.0,8.619801427419688,15,2,2,2.0,6.0,11.0,15.0
2021,main_green,main_green,56,341.0,8.58007449015849,14,2,2,2.0,6.0,11.0,15.0
2022,yellow_transition,yellow_transition,56,356.0,8.403049498977508,16,3,3,11.0,13.0,12.0,6.0
2023,yellow_transition,yellow_transition,56,372.0,8.389129192664404,16,3,3,11.0,13.0,12.0,6.0
2024,yellow_transition,yellow_transition,57,389.0,8.11243301302708,18,3,3,11.0,13.0,12.0,6.0
2025,main_green,side_green,57,233.0,8.220769231334605,14,2,0,11.0,13.0,12.0,6.0
2026,main_green,side_green,57,168.0,8.516751461282304,10,2,0,11.0,13.0,12.0,6.0
2027,main_green,side_green,58,167.0,8.657619133104228,9,2,0,11.0,13.0,12.0,6.0
2028,main_green,side_green,63,175.0,8.43287118540325,13,2,0,11.0,13.0,12.0,6.0
2029,main_green,side_green,62,185.0,8.732912383663455,10,2,0,11.0,13.0,12.0,6.0
2030,main_green,side_green,61,195.0,8.931180357174851,10,2,0,11.0,13.0,12.0,6.0
2031,main_green,side_green,60,205.0,9.119982134982617,10,2,0,11.0,13.0,12.0,6.0
2032,main_green,side_green,61,216.0,8.795270692634496,13,2,0,11.0,13.0,12.0,6.0
2033,main_green,side_green,60,227.0,8.828970680385009,11,2,0,11.0,13.0,12.0,6.0
2034,main_green,side_green,60,240.0,8.904485448108252,13,2,0,11.0,13.0,12.0,6.0
2035,yellow_transition,yellow_transition,59,255.0,8.86493607891926,15,3,1,12.0,4.0,-13.0,13.0
2036,yellow_transition,yellow_transition,59,270.0,8.62745491892166,16,3,1,12.0,4.0,-13.0,13.0
2037,yellow_transition,yellow_transition,58,285.0,8.247948609631097,16,3,1,12.0,4.0,-13.0,13.0
2038,side_green,main_green,58,95.0,8.54000441138317,8,0,2,12.0,4.0,-13.0,13.0
2039,side_green,main_green,58,11.0,8.915069198782346,3,0,2,12.0,4.0,-13.0,13.0
2040,side_green,main_green,62,2.0,8.526717540019906,6,0,2,12.0,4.0,-13.0,13.0
2041,side_green,main_green,62,3.0,9.15225978680735,1,0,2,12.0,4.0,-13.0,13.0
2042,side_green,main_green,63,5.0,9.602948612462038,3,0,2,12.0,4.0,-13.0,13.0
2043,side_green,main_green,60,7.0,10.118128177412654,2,0,2,12.0,4.0,-13.0,13.0
2044,side_green,main_green,60,9.0,10.462809862507756,3,0,2,12.0,4.0,-13.0,13.0
2045,side_green,main_green,59,12.0,10.749273242261664,3,0,2,12.0,4.0,-13.0,13.0
2046,side_green,main_green,57,15.0,10.820972465766324,3,0,2,12.0,4.0,-13.0,13.0
2047,side_green,main_green,55,18.0,10.475215509891791,4,0,2,12.0,4.0,-13.0,13.0
2048,yellow_transition,yellow_transition,56,23.0,10.350700278007285,6,1,3,-14.0,12.0,-7.0,5.0
2049,yellow_transition,yellow_transition,53,30.0,10.17337455845959,7,1,3,-14.0,12.0,-7.0,5.0
2050,yellow_transition,yellow_transition,52,37.0,10.202524738113741,7,1,3,-14.0,12.0,-7.0,5.0
2051,main_green,main_green,51,11.0,10.437759695669051,3,2,2,-14.0,12.0,-7.0,5.0
2052,main_green,main_green,55,10.0,9.872501958136548,7,2,2,-14.0,12.0,-7.0,5.0
2053,main_green,main_green,56,12.0,10.041358492790435,3,2,2,-14.0,12.0,-7.0,5.0
2054,main_green,main_green,56,14.0,10.378664491011657,2,2,2,-14.0,12.0,-7.0,5.0
2055,main_green,main_green,56,16.0,10.737000443030414,2,2,2,-14.0,12.0,-7.0,5.0
2056,main_green,main_green,57,18.0,10.96316592423808,3,2,2,-14.0,12.0,-7.0,5.0
2057,main_green,main_green,55,20.0,11.061186096594978,2,2,2,-14.0,12.0,-7.0,5.0
2058,main_green,main_green,55,22.0,10.884290353765861,3,2,2,-14.0,12.0,-7.0,5.0
2059,main_green,main_green,53,25.0,10.858353727788872,3,2,2,-14.0,12.0,-7.0,5.0
2060,main_green,main_green,52,30.0,10.675967906817162,6,2,2,-14.0,12.0,-7.0,5.0
2061,main_green,main_green,49,36.0,10.587354534911174,6,2,2,-6.0,14.0,-4.0,6.0
2062,main_green,main_green,48,42.0,10.729871888100533,6,2,2,-6.0,14.0,-4.0,6.0
2063,main_green,main_green,47,48.0,10.499596682766605,7,2,2,-6.0,14.0,-4.0,6.0
2064,main_green,main_green,52,54.0,9.487422362907042,11,2,2,-6.0,14.0,-4.0,6.0
2065,main_green,main_green,50,60.0,9.643122986780504,6,2,2,-6.0,14.0,-4.0,6.0
2066,main_green,main_green,50,66.0,10.035539126011551,6,2,2,-6.0,14.0,-4.0,6.0
2067,main_green,main_green,48,72.0,10.079889947088935,6,2,2,-6.0,14.0,-4.0,6.0
2068,main_green,main_green,49,78.0,9.694992787884837,8,2,2,-6.0,14.0,-4.0,6.0
2069,main_green,main_green,49,84.0,9.85099351850748,6,2,2,-6.0,14.0,-4.0,6.0
2070,main_green,main_green,49,90.0,9.83142593082666,6,2,2,-6.0,14.0,-4.0,6.0
2071,main_green,main_green,49,98.0,9.983691326750407,8,2,2,-3.0,5.0,8.0,22.0
2072,main_green,main_green,50,106.0,9.772002061620174,9,2,2,-3.0,5.0,8.0,22.0
2073,main_green,main_green,51,115.0,9.597244324984285,10,2,2,-3.0,5.0,8.0,22.0
2074,main_green,main_green,51,124.0,9.667142093606529,9,2,2,-3.0,5.0,8.0,22.0
2075,main_green,main_green,51,133.0,9.845555839044735,9,2,2,-3.0,5.0,8.0,22.0
2076,main_green,main_green,55,142.0,9.004516115693631,14,2,2,-3.0,5.0,8.0,22.0
2077,main_green,main_green,53,152.0,9.050796222812886,10,2,2,-3.0,5.0,8.0,22.0
2078,main_green,main_green,53,162.0,9.168683598728945,11,2,2,-3.0,5.0,8.0,22.0
2079,main_green,main_green,52,172.0,9.268232199450928,10,2,2,-3.0,5.0,8.0,22.0
2080,main_green,main_green,53,182.0,9.121878603868401,11,2,2,-3.0,5.0,8.0,22.0
2081,main_green,main_green,53,192.0,9.253254642292607,10,2,2,3.0,13.0,11.0,17.0
2082,main_green,main_green,53,202.0,9.336329151087801,10,2,2,3.0,13.0,11.0,17.0
2083,main_green,main_green,54,212.0,9.003372754224385,11,2,2,3.0,13.0,11.0,17.0
2084,main_green,main_green,54,222.0,9.008677034406864,11,2,2,3.0,13.0,11.0,17.0
2085,main_green,main_green,54,235.0,9.05413794118659,13,2,2,3.0,13.0,11.0,17.0
2086,main_green,main_green,53,248.0,9.093753860417097,13,2,2,3.0,13.0,11.0,17.0
2087,main_green,main_green,52,262.0,9.0249859415292,14,2,2,3.0,13.0,11.0,17.0
2088,main_green,main_green,57,276.0,8.244942935150496,19,2,2,3.0,13.0,11.0,17.0
2089,main_green,main_green,57,290.0,8.385247056232174,15,2,2,3.0,13.0,11.0,17.0
2090,main_green,main_green,57,304.0,8.60269173082288,14,2,2,3.0,13.0,11.0,17.0
2091,yellow_transition,yellow_transition,56,318.0,8.583135817460516,14,3,3,9.0,11.0,11.0,9.0
2092,yellow_transition,yellow_transition,57,332.0,8.266634056376434,15,3,3,9.0,11.0,11.0,9.0
2093,yellow_transition,yellow_transition,57,346.0,8.164948125776688,14,3,3,9.0,11.0,11.0,9.0
2094,main_green,side_green,58,195.0,8.237942735458338,11,2,0,9.0,11.0,11.0,9.0
2095,main_green,side_green,58,142.0,8.58617116602255,7,2,0,9.0,11.0,11.0,9.0
2096,main_green,side_green,59,149.0,8.799224471475188,9,2,0,9.0,11.0,11.0,9.0
2097,main_green,side_green,59,158.0,9.196045175987129,9,2,0,9.0,11.0,11.0,9.0
2098,main_green,side_green,59,167.0,9.597375241278776,9,2,0,9.0,11.0,11.0,9.0
2099,main_green,side_green,59,176.0,9.661342844253126,10,2,0,9.0,11.0,11.0,9.0
2100,main_green,side_green,63,185.0,9.001632525640254,14,2,0,9.0,11.0,11.0,9.0
2101,main_green,side_green,63,194.0,9.223481951250877,9,2,0,9.0,11.0,11.0,9.0
2102,main_green,side_green,63,205.0,9.418434130486395,11,2,0,9.0,11.0,11.0,9.0
2103,main_green,side_green,63,216.0,9.506471475389374,11,2,0,9.0,11.0,11.0,9.0
2104,yellow_transition,yellow_transition,63,228.0,9.05672983217426,14,3,1,9.0,1.0,-11.0,11.0
2105,yellow_transition,yellow_transition,63,240.0,8.873499383702043,12,3,1,9.0,1.0,-11.0,11.0
2106,yellow_transition,yellow_transition,61,252.0,8.698826011730379,12,3,1,9.0,1.0,-11.0,11.0
2107,side_green,main_green,61,69.0,8.567169628914487,5,0,2,9.0,1.0,-11.0,11.0
2108,side_green,main_green,60,5.0,8.62951944107439,6,0,2,9.0,1.0,-11.0,11.0
2109,side_green,main_green,61,7.0,8.858428876292475,5,0,2,9.0,1.0,-11.0,11.0
2110,side_green,main_green,58,11.0,9.217976271616065,4,0,2,9.0,1.0,-11.0,11.0
2111,side_green,main_green,57,15.0,9.674653062489346,4,0,2,9.0,1.0,-11.0,11.0
2112,side_green,main_green,60,19.0,9.279529588832379,9,0,2,9.0,1.0,-11.0,11.0
2113,side_green,main_green,58,24.0,9.650973843140775,5,0,2,9.0,1.0,-11.0,11.0
2114,side_green,main_green,58,30.0,9.920724230993137,7,0,2,9.0,1.0,-11.0,11.0
2115,side_green,main_green,56,36.0,10.090925675320463,6,0,2,9.0,1.0,-11.0,11.0
2116,side_green,main_green,55,43.0,10.007400972022019,8,0,2,9.0,1.0,-11.0,11.0
2117,yellow_transition,yellow_transition,54,50.0,9.819089746116182,7,1,3,-8.0,18.0,-2.0,2.0
2118,yellow_transition,yellow_transition,54,57.0,9.51653894203237,7,1,3,-8.0,18.0,-2.0,2.0
2119,yellow_transition,yellow_transition,53,66.0,8.876642289742684,10,1,3,-8.0,18.0,-2.0,2.0
2120,main_green,main_green,54,36.0,8.975055426525085,8,2,2,-8.0,18.0,-2.0,2.0
2121,main_green,main_green,54,35.0,9.398185262878531,5,2,2,-8.0,18.0,-2.0,2.0
2122,main_green,main_green,54,40.0,9.790336541047848,5,2,2,-8.0,18.0,-2.0,2.0
2123,main_green,main_green,54,45.0,10.100735417411315,5,2,2,-8.0,18.0,-2.0,2.0
2124,main_green,main_green,58,50.0,9.39490181995928,10,2,2,-8.0,18.0,-2.0,2.0
2125,main_green,main_green,58,55.0,9.628283802062658,6,2,2,-8.0,18.0,-2.0,2.0
2126,main_green,main_green,56,60.0,10.047879457350026,5,2,2,-8.0,18.0,-2.0,2.0
2127,main_green,main_green,53,65.0,10.26206145581352,5,2,2,-8.0,18.0,-2.0,2.0
2128,main_green,main_green,52,70.0,10.268694115445983,6,2,2,-8.0,18.0,-2.0,2.0
2129,main_green,main_green,52,75.0,10.44455944486344,5,2,2,-8.0,18.0,-2.0,2.0
2130,main_green,main_green,52,80.0,10.21091942478498,6,2,2,-2.0,16.0,1.0,7.0
2131,main_green,main_green,51,86.0,10.118543414542314,6,2,2,-2.0,16.0,1.0,7.0
2132,main_green,main_green,51,92.0,9.966037167073992,7,2,2,-2.0,16.0,1.0,7.0
2133,main_green,main_green,49,99.0,9.800754833168478,7,2,2,-2.0,16.0,1.0,7.0
2134,main_green,main_green,49,108.0,9.931165110735318,9,2,2,-2.0,16.0,1.0,7.0
2135,main_green,main_green,50,117.0,9.852154068801097,10,2,2,-2.0,16.0,1.0,7.0
2136,main_green,main_green,53,126.0,8.986312448806439,14,2,2,-2.0,16.0,1.0,7.0
2137,main_green,main_green,53,135.0,9.205801063999647,9,2,2,-2.0,16.0,1.0,7.0
2138,main_green,main_green,52,144.0,9.460892533074068,9,2,2,-2.0,16.0,1.0,7.0
2139,main_green,main_green,51,153.0,9.550504997878836,9,2,2,-2.0,16.0,1.0,7.0
2140,main_green,main_green,53,162.0,9.157002272109771,11,2,2,-2.0,4.0,13.0,21.0
2141,main_green,main_green,53,171.0,9.206873735138855,9,2,2,-2.0,4.0,13.0,21.0
2142,main_green,main_green,53,180.0,9.282867454230663,9,2,2,-2.0,4.0,13.0,21.0
2143,main_green,main_green,53,190.0,9.16180822432758,10,2,2,-2.0,4.0,13.0,21.0
2144,main_green,main_green,53,202.0,9.03283670157448,13,2,2,-2.0,4.0,13.0,21.0
2145,main_green,main_green,54,215.0,8.918777510816719,14,2,2,-2.0,4.0,13.0,21.0
2146,main_green,main_green,53,228.0,9.017889123352882,13,2,2,-2.0,4.0,13.0,21.0
2147,main_green,main_green,51,241.0,8.918493300993774,13,2,2,-2.0,4.0,13.0,21.0
2148,main_green,main_green,56,254.0,8.289791784279505,18,2,2,-2.0,4.0,13.0,21.0
2149,main_green,main_green,55,267.0,8.39718381618262,13,2,2,-2.0,4.0,13.0,21.0
2150,main_green,main_green,56,280.0,8.376823203332343,14,2,2,4.0,6.0,18.0,18.0
2151,main_green,main_green,56,293.0,8.432410953193807,13,2,2,4.0,6.0,18.0,18.0
2152,main_green,main_green,57,306.0,8.291027368358211,14,2,2,4.0,6.0,18.0,18.0
2153,main_green,main_green,57,319.0,8.339966454035345,13,2,2,4.0,6.0,18.0,18.0
2154,main_green,main_green,57,332.0,8.45394287835684,13,2,2,4.0,6.0,18.0,18.0
2155,main_green,main_green,57,346.0,8.189758002222487,15,2,2,4.0,6.0,18.0,18.0
2156,main_green,main_green,58,362.0,8.226476937914947,17,2,2,4.0,6.0,18.0,18.0
2157,main_green,main_green,58,379.0,8.336986444936677,17,2,2,4.0,6.0,18.0,18.0
2158,main_green,main_green,58,396.0,8.414009924203663,17,2,2,4.0,6.0,18.0,18.0
2159,main_green,main_green,58,413.0,8.502628383130151,17,2,2,4.0,6.0,18.0,18.0
2160,yellow_transition,yellow_transition,61,430.0,7.581094098100724,22,3,3,6.0,12.0,13.0,11.0
2161,yellow_transition,yellow_transition,61,447.0,7.55282905767764,18,3,3,6.0,12.0,13.0,11.0
2162,yellow_transition,yellow_transition,60,464.0,7.572326920350991,17,3,3,6.0,12.0,13.0,11.0
2163,main_green,side_green,60,280.0,7.7712420323550155,13,2,0,6.0,12.0,13.0,11.0
2164,main_green,side_green,61,185.0,7.9605317928320645,10,2,0,6.0,12.0,13.0,11.0
2165,main_green,side_green,61,174.0,8.291181169046547,8,2,0,6.0,12.0,13.0,11.0
2166,main_green,side_green,62,182.0,8.529565876998232,9,2,0,6.0,12.0,13.0,11.0
2167,main_green,side_green,61,191.0,8.659688201981515,9,2,0,6.0,12.0,13.0,11.0
2168,main_green,side_green,62,201.0,8.726426104287976,11,2,0,6.0,12.0,13.0,11.0
2169,main_green,side_green,62,212.0,8.959956375314485,11,2,0,6.0,12.0,13.0,11.0
2170,main_green,side_green,61,225.0,9.23632399618859,13,2,0,6.0,12.0,13.0,11.0
2171,main_green,side_green,62,238.0,9.180121680004536,14,2,0,6.0,12.0,13.0,11.0
2172,main_green,side_green,65,251.0,8.472216425333496,18,2,0,6.0,12.0,13.0,11.0
2173,yellow_transition,yellow_transition,63,265.0,8.34847850914554,14,3,1,13.0,5.0,-12.0,14.0
2174,yellow_transition,yellow_transition,63,280.0,8.37918183734135,15,3,1,13.0,5.0,-12.0,14.0
2175,yellow_transition,yellow_transition,61,296.0,8.198675987648286,16,3,1,13.0,5.0,-12.0,14.0
2176,side_green,main_green,63,103.0,8.256112908900288,10,0,2,13.0,5.0,-12.0,14.0
2177,side_green,main_green,63,11.0,8.550724404251891,2,0,2,13.0,5.0,-12.0,14.0
2178,side_green,main_green,63,3.0,9.005899244457032,2,0,2,13.0,5.0,-12.0,14.0
2179,side_green,main_green,63,6.0,9.32060810063444,3,0,2,13.0,5.0,-12.0,14.0
2180,side_green,main_green,64,9.0,9.604809670634419,4,0,2,13.0,5.0,-12.0,14.0
2181,side_green,main_green,63,13.0,9.860455404306993,5,0,2,13.0,5.0,-12.0,14.0
2182,side_green,main_green,61,18.0,10.302254322897204,5,0,2,13.0,5.0,-12.0,14.0
2183,side_green,main_green,59,24.0,10.521530585825833,6,0,2,13.0,5.0,-12.0,14.0
2184,side_green,main_green,60,31.0,9.740182258514173,12,0,2,13.0,5.0,-12.0,14.0
2185,side_green,main_green,57,38.0,9.748862244676396,7,0,2,13.0,5.0,-12.0,14.0
2186,yellow_transition,yellow_transition,57,45.0,9.682070301080179,8,1,3,-10.0,16.0,-2.0,4.0
2187,yellow_transition,yellow_transition,57,52.0,9.711546887951325,7,1,3,-10.0,16.0,-2.0,4.0
2188,yellow_transition,yellow_transition,57,59.0,9.284896275531093,8,1,3,-10.0,16.0,-2.0,4.0
2189,main_green,main_green,57,26.0,9.221728472679967,3,2,2,-10.0,16.0,-2.0,4.0
2190,main_green,main_green,57,22.0,9.423872046943643,2,2,2,-10.0,16.0,-2.0,4.0
2191,main_green,main_green,57,24.0,9.292004676185142,3,2,2,-10.0,16.0,-2.0,4.0
2192,main_green,main_green,58,28.0,9.52843117193604,5,2,2,-10.0,16.0,-2.0,4.0
2193,main_green,main_green,57,33.0,9.917034445290573,5,2,2,-10.0,16.0,-2.0,4.0
2194,main_green,main_green,56,39.0,10.241414444789887,6,2,2,-10.0,16.0,-2.0,4.0
2195,main_green,main_green,54,45.0,10.30972153764571,6,2,2,-10.0,16.0,-2.0,4.0
2196,main_green,main_green,57,51.0,9.588153158466831,11,2,2,-10.0,16.0,-2.0,4.0
2197,main_green,main_green,56,57.0,9.638485933697243,7,2,2,-10.0,16.0,-2.0,4.0
2198,main_green,main_green,54,63.0,9.906255758911605,6,2,2,-10.0,16.0,-2.0,4.0
2199,main_green,main_green,53,69.0,10.041239922569947,6,2,2,1.0,17.0,-1.0,5.0
2200,main_green,main_green,52,75.0,9.785178891303207,7,2,2,1.0,17.0,-1.0,5.0
2201,main_green,main_green,52,81.0,9.830071982872122,6,2,2,1.0,17.0,-1.0,5.0
2202,main_green,main_green,53,87.0,9.790704164635954,7,2,2,1.0,17.0,-1.0,5.0
2203,main_green,main_green,53,94.0,9.94855687797179,7,2,2,1.0,17.0,-1.0,5.0
2204,main_green,main_green,52,103.0,9.648054262403935,10,2,2,1.0,17.0,-1.0,5.0
2205,main_green,main_green,52,112.0,9.652078456748455,9,2,2,1.0,17.0,-1.0,5.0
2206,main_green,main_green,50,121.0,9.543793564250553,9,2,2,1.0,17.0,-1.0,5.0
2207,main_green,main_green,51,131.0,9.397442635504294,11,2,2,1.0,17.0,-1.0,5.0
2208,main_green,main_green,56,141.0,8.734907658769652,15,2,2,1.0,17.0,-1.0,5.0
2209,main_green,main_green,55,151.0,8.980023137642577,10,2,2,2.0,10.0,10.0,18.0
2210,main_green,main_green,55,161.0,9.290698451823795,10,2,2,2.0,10.0,10.0,18.0
2211,main_green,main_green,55,171.0,9.389919362316252,10,2,2,2.0,10.0,10.0,18.0
2212,main_green,main_green,57,181.0,9.071125569229393,12,2,2,2.0,10.0,10.0,18.0
2213,main_green,main_green,56,191.0,9.117568528692727,10,2,2,2.0,10.0,10.0,18.0
2214,main_green,main_green,56,201.0,9.162143936252805,10,2,2,2.0,10.0,10.0,18.0
2215,main_green,main_green,55,211.0,9.222680041874282,10,2,2,2.0,10.0,10.0,18.0
2216,main_green,main_green,55,223.0,8.99916968407148,13,2,2,2.0,10.0,10.0,18.0
2217,main_green,main_green,55,235.0,8.836279663629533,13,2,2,2.0,10.0,10.0,18.0
2218,main_green,main_green,54,248.0,8.90138374332027,13,2,2,2.0,10.0,10.0,18.0
2219,main_green,main_green,53,262.0,8.891025693227718,14,2,2,1.0,5.0,13.0,19.0
2220,main_green,main_green,58,276.0,8.118859346502358,19,2,2,1.0,5.0,13.0,19.0
2221,main_green,main_green,58,290.0,8.450608709319551,14,2,2,1.0,5.0,13.0,19.0
2222,main_green,main_green,59,304.0,8.544899762523231,15,2,2,1.0,5.0,13.0,19.0
2223,main_green,main_green,59,318.0,8.662464012090512,14,2,2,1.0,5.0,13.0,19.0
2224,main_green,main_green,60,332.0,8.470578059491627,15,2,2,1.0,5.0,13.0,19.0
2225,main_green,main_green,60,346.0,8.581095348067032,14,2,2,1.0,5.0,13.0,19.0
2226,main_green,main_green,60,360.0,8.6170969614419,14,2,2,1.0,5.0,13.0,19.0
2227,main_green,main_green,61,375.0,8.474462882877985,16,2,2,1.0,5.0,13.0,19.0
2228,main_green,main_green,61,392.0,8.346572828344398,18,2,2,1.0,5.0,13.0,19.0
2229,yellow_transition,yellow_transition,60,410.0,8.397585051061112,18,3,3,7.0,11.0,12.0,8.0
2230,yellow_transition,yellow_transition,60,428.0,8.442029157122317,18,3,3,7.0,11.0,12.0,8.0
2231,yellow_transition,yellow_transition,60,446.0,8.361388780057919,18,3,3,7.0,11.0,12.0,8.0
2232,main_green,side_green,65,276.0,7.8548321361422815,19,2,0,7.0,11.0,12.0,8.0
2233,main_green,side_green,65,197.0,7.909703348303086,12,2,0,7.0,11.0,12.0,8.0
2234,main_green,side_green,64,194.0,8.194516748396067,10,2,0,7.0,11.0,12.0,8.0
2235,main_green,side_green,63,204.0,8.534728134434989,10,2,0,7.0,11.0,12.0,8.0
2236,main_green,side_green,64,214.0,8.68381586704223,11,2,0,7.0,11.0,12.0,8.0
2237,main_green,side_green,64,225.0,8.98079751186755,11,2,0,7.0,11.0,12.0,8.0
2238,main_green,side_green,65,236.0,9.083148861143911,12,2,0,7.0,11.0,12.0,8.0
2239,main_green,side_green,64,249.0,9.179752235632824,13,2,0,7.0,11.0,12.0,8.0
2240,main_green,side_green,63,264.0,9.034134704902401,16,2,0,7.0,11.0,12.0,8.0
2241,main_green,side_green,62,279.0,9.045225939516659,15,2,0,7.0,11.0,12.0,8.0
2242,yellow_transition,yellow_transition,60,294.0,8.800298064483867,15,3,1,11.0,5.0,-17.0,11.0
2243,yellow_transition,yellow_transition,61,309.0,8.614744635118035,16,3,1,11.0,5.0,-17.0,11.0
2244,yellow_transition,yellow_transition,66,325.0,7.7967571985949995,21,3,1,11.0,5.0,-17.0,11.0
2245,side_green,main_green,65,116.0,7.881193254651142,9,0,2,11.0,5.0,-17.0,11.0
2246,side_green,main_green,65,17.0,8.24979733711833,4,0,2,11.0,5.0,-17.0,11.0
2247,side_green,main_green,63,3.0,8.892222561297,2,0,2,11.0,5.0,-17.0,11.0
2248,side_green,main_green,63,6.0,9.055530825931864,5,0,2,11.0,5.0,-17.0,11.0
2249,side_green,main_green,62,9.0,9.488899467458943,3,0,2,11.0,5.0,-17.0,11.0
2250,side_green,main_green,58,12.0,9.896821640624326,3,0,2,11.0,5.0,-17.0,11.0
2251,side_green,main_green,58,16.0,10.351786965070833,4,0,2,11.0,5.0,-17.0,11.0
2252,side_green,main_green,56,22.0,10.17039514065902,7,0,2,11.0,5.0,-17.0,11.0
2253,side_green,main_green,57,28.0,10.262303840092574,7,0,2,11.0,5.0,-17.0,11.0
2254,side_green,main_green,56,35.0,10.29991534660033,7,0,2,11.0,5.0,-17.0,11.0
2255,yellow_transition,yellow_transition,55,42.0,10.288062750144604,7,1,3,-14.0,16.0,-10.0,0.0
2256,yellow_transition,yellow_transition,58,49.0,9.408089250552756,12,1,3,-14.0,16.0,-10.0,0.0
2257,yellow_transition,yellow_transition,57,57.0,9.454123395205182,8,1,3,-14.0,16.0,-10.0,0.0
2258,main_green,main_green,56,24.0,9.77454199288069,5,2,2,-14.0,16.0,-10.0,0.0
2259,main_green,main_green,56,17.0,10.322616212443508,2,2,2,-14.0,16.0,-10.0,0.0
2260,main_green,main_green,57,19.0,10.420541618156948,3,2,2,-14.0,16.0,-10.0,0.0
2261,main_green,main_green,57,21.0,10.656469201774673,2,2,2,-14.0,16.0,-10.0,0.0
2262,main_green,main_green,57,23.0,10.73113946214523,2,2,2,-14.0,16.0,-10.0,0.0
2263,main_green,main_green,57,25.0,10.564261845280217,3,2,2,-14.0,16.0,-10.0,0.0
2264,main_green,main_green,56,31.0,10.58785999938576,7,2,2,-14.0,16.0,-10.0,0.0
2265,main_green,main_green,55,37.0,10.630470948482754,6,2,2,-14.0,16.0,-10.0,0.0
2266,main_green,main_green,53,43.0,10.730587705480112,6,2,2,-14.0,16.0,-10.0,0.0
2267,main_green,main_green,51,49.0,10.799881541614049,6,2,2,-14.0,16.0,-10.0,0.0
2268,main_green,main_green,54,55.0,9.872990481988928,11,2,2,-5.0,13.0,-5.0,5.0
2269,main_green,main_green,54,61.0,9.941891495274113,7,2,2,-5.0,13.0,-5.0,5.0
2270,main_green,main_green,53,67.0,10.068528123475515,6,2,2,-5.0,13.0,-5.0,5.0
2271,main_green,main_green,53,73.0,10.324913018800489,6,2,2,-5.0,13.0,-5.0,5.0
2272,main_green,main_green,53,79.0,10.205034958195196,7,2,2,-5.0,13.0,-5.0,5.0
2273,main_green,main_green,53,85.0,10.203538015254173,6,2,2,-5.0,13.0,-5.0,5.0
2274,main_green,main_green,52,91.0,9.861550917950384,7,2,2,-5.0,13.0,-5.0,5.0
2275,main_green,main_green,50,98.0,9.856299772221966,7,2,2,-5.0,13.0,-5.0,5.0
2276,main_green,main_green,51,105.0,9.59056683573055,8,2,2,-5.0,13.0,-5.0,5.0
2277,main_green,main_green,50,112.0,9.606513992346592,7,2,2,-5.0,13.0,-5.0,5.0
2278,main_green,main_green,50,122.0,9.738278364379083,10,2,2,-3.0,5.0,8.0,16.0
2279,main_green,main_green,50,132.0,9.643487392164424,11,2,2,-3.0,5.0,8.0,16.0
2280,main_green,main_green,55,142.0,8.829170074076645,15,2,2,-3.0,5.0,8.0,16.0
2281,main_green,main_green,55,152.0,9.130450610156805,10,2,2,-3.0,5.0,8.0,16.0
2282,main_green,main_green,55,162.0,9.38012681720545,10,2,2,-3.0,5.0,8.0,16.0
2283,main_green,main_green,54,172.0,9.5013752497861,10,2,2,-3.0,5.0,8.0,16.0
2284,main_green,main_green,55,182.0,9.13954529802511,12,2,2,-3.0,5.0,8.0,16.0
2285,main_green,main_green,55,192.0,9.365630066135342,10,2,2,-3.0,5.0,8.0,16.0
2286,main_green,main_green,53,202.0,9.24618224242853,10,2,2,-3.0,5.0,8.0,16.0
2287,main_green,main_green,51,213.0,9.046859023119332,11,2,2,-3.0,5.0,8.0,16.0
2288,main_green,main_green,52,224.0,9.052174392815921,12,2,2,2.0,6.0,13.0,17.0
2289,main_green,main_green,53,237.0,8.87903737277924,14,2,2,2.0,6.0,13.0,17.0
2290,main_green,main_green,53,250.0,8.993332217625754,13,2,2,2.0,6.0,13.0,17.0
2291,main_green,main_green,53,264.0,9.071364249286344,14,2,2,2.0,6.0,13.0,17.0
2292,main_green,main_green,58,278.0,8.395372304941814,19,2,2,2.0,6.0,13.0,17.0
2293,main_green,main_green,58,292.0,8.651916784626415,14,2,2,2.0,6.0,13.0,17.0
2294,main_green,main_green,57,306.0,8.522384924177446,15,2,2,2.0,6.0,13.0,17.0
2295,main_green,main_green,56,320.0,8.55928666868582,14,2,2,2.0,6.0,13.0,17.0
2296,main_green,main_green,56,334.0,8.360725944254773,15,2,2,2.0,6.0,13.0,17.0
2297,main_green,main_green,56,348.0,8.377759164756558,14,2,2,2.0,6.0,13.0,17.0
2298,main_green,main_green,55,363.0,8.291171734130188,15,2,2,8.0,8.0,14.0,14.0
2299,main_green,main_green,56,379.0,8.272980694099218,17,2,2,8.0,8.0,14.0,14.0
2300,main_green,main_green,57,396.0,8.064684081184414,18,2,2,8.0,8.0,14.0,14.0
2301,main_green,main_green,57,414.0,8.204227565348877,18,2,2,8.0,8.0,14.0,14.0
2302,main_green,main_green,57,432.0,8.348125484583072,18,2,2,8.0,8.0,14.0,14.0
2303,main_green,main_green,57,450.0,8.474384907319125,18,2,2,8.0,8.0,14.0,14.0
2304,main_green,main_green,61,468.0,7.781114468251824,23,2,2,8.0,8.0,14.0,14.0
2305,main_green,main_green,62,486.0,7.850810388320153,19,2,2,8.0,8.0,14.0,14.0
2306,main_green,main_green,61,504.0,7.970232537111616,18,2,2,8.0,8.0,14.0,14.0
2307,main_green,main_green,61,522.0,7.954459660515152,18,2,2,8.0,8.0,14.0,14.0
2308,yellow_transition,yellow_transition,62,540.0,7.776329966997179,19,3,3,14.0,10.0,15.0,9.0
2309,yellow_transition,yellow_transition,60,558.0,7.460660902245755,18,3,3,14.0,10.0,15.0,9.0
2310,yellow_transition,yellow_transition,61,577.0,7.15356535742664,20,3,3,14.0,10.0,15.0,9.0
2311,side_green,side_green,60,216.0,7.320240854166285,12,0,0,14.0,10.0,15.0,9.0
2312,side_green,side_green,60,37.0,7.5722861570463955,8,0,0,14.0,10.0,15.0,9.0
2313,side_green,side_green,59,3.0,8.114488829002594,2,0,0,14.0,10.0,15.0,9.0
2314,side_green,side_green,59,6.0,8.797004772161817,3,0,0,14.0,10.0,15.0,9.0
2315,side_green,side_green,60,9.0,9.220439136836827,4,0,0,14.0,10.0,15.0,9.0
2316,side_green,side_green,65,13.0,9.10747416019964,9,0,0,14.0,10.0,15.0,9.0
2317,side_green,side_green,65,18.0,9.745007611632909,5,0,0,14.0,10.0,15.0,9.0
2318,side_green,side_green,65,23.0,10.13591416741276,5,0,0,14.0,10.0,15.0,9.0
2319,side_green,side_green,64,29.0,10.314257925732871,6,0,0,14.0,10.0,15.0,9.0
2320,side_green,side_green,66,35.0,9.91600356828624,8,0,0,14.0,10.0,15.0,9.0
2321,yellow_transition,yellow_transition,66,42.0,9.720645396738702,7,1,1,-10.0,10.0,-14.0,4.0
2322,yellow_transition,yellow_transition,65,50.0,9.64007938214641,8,1,1,-10.0,10.0,-14.0,4.0
2323,yellow_transition,yellow_transition,64,61.0,9.443221741807207,11,1,1,-10.0,10.0,-14.0,4.0
2324,main_green,main_green,65,13.0,9.364796052726838,7,2,2,-10.0,10.0,-14.0,4.0
2325,main_green,main_green,64,2.0,9.39240931040101,2,2,2,-10.0,10.0,-14.0,4.0
2326,main_green,main_green,64,4.0,9.652177951276244,2,2,2,-10.0,10.0,-14.0,4.0
2327,main_green,main_green,64,6.0,10.16250093714606,2,2,2,-10.0,10.0,-14.0,4.0
2328,main_green,main_green,69,8.0,9.903850975193235,7,2,2,-10.0,10.0,-14.0,4.0
2329,main_green,main_green,61,10.0,10.33504450996879,2,2,2,-10.0,10.0,-14.0,4.0
2330,main_green,main_green,61,12.0,10.751932134623724,3,2,2,-10.0,10.0,-14.0,4.0
2331,main_green,main_green,56,14.0,11.187446338976729,2,2,2,-10.0,10.0,-14.0,4.0
2332,main_green,main_green,53,16.0,11.071146503681687,3,2,2,-10.0,10.0,-14.0,4.0
2333,main_green,main_green,52,18.0,11.247737932705194,2,2,2,-10.0,10.0,-14.0,4.0
2334,main_green,main_green,47,20.0,10.936637876762864,2,2,2,-4.0,10.0,-6.0,6.0
2335,main_green,main_green,46,22.0,10.526224407199795,3,2,2,-4.0,10.0,-6.0,6.0
2336,main_green,main_green,47,27.0,10.396400202003093,6,2,2,-4.0,10.0,-6.0,6.0
2337,main_green,main_green,44,33.0,10.431027189344881,6,2,2,-4.0,10.0,-6.0,6.0
2338,main_green,main_green,44,39.0,10.50645458305944,6,2,2,-4.0,10.0,-6.0,6.0
2339,main_green,main_green,44,45.0,10.690510521536929,6,2,2,-4.0,10.0,-6.0,6.0
2340,main_green,main_green,49,51.0,9.645546523965349,11,2,2,-4.0,10.0,-6.0,6.0
2341,main_green,main_green,50,57.0,9.71445634781153,7,2,2,-4.0,10.0,-6.0,6.0
2342,main_green,main_green,50,63.0,9.974839425723113,6,2,2,-4.0,10.0,-6.0,6.0
2343,main_green,main_green,50,69.0,10.206425406347213,6,2,2,-4.0,10.0,-6.0,6.0
2344,main_green,main_green,51,75.0,10.162898849222815,7,2,2,2.0,14.0,2.0,14.0
2345,main_green,main_green,51,81.0,10.172877771109015,6,2,2,2.0,14.0,2.0,14.0
2346,main_green,main_green,52,87.0,9.948059998154475,7,2,2,2.0,14.0,2.0,14.0
2347,main_green,main_green,52,94.0,10.070197759711677,7,2,2,2.0,14.0,2.0,14.0
2348,main_green,main_green,53,103.0,9.845244547919705,10,2,2,2.0,14.0,2.0,14.0
2349,main_green,main_green,53,113.0,9.962914917669208,10,2,2,2.0,14.0,2.0,14.0
2350,main_green,main_green,50,123.0,9.855165571668833,10,2,2,2.0,14.0,2.0,14.0
2351,main_green,main_green,51,133.0,9.615142621332463,11,2,2,2.0,14.0,2.0,14.0
2352,main_green,main_green,52,143.0,8.63542801209508,15,2,2,2.0,14.0,2.0,14.0
2353,main_green,main_green,52,153.0,8.931395817064505,10,2,2,2.0,14.0,2.0,14.0
2354,main_green,main_green,52,163.0,9.214928867868998,10,2,2,9.0,13.0,9.0,15.0
2355,main_green,main_green,51,173.0,9.325892096479649,10,2,2,9.0,13.0,9.0,15.0
2356,main_green,main_green,52,183.0,8.880680170418906,12,2,2,9.0,13.0,9.0,15.0
2357,main_green,main_green,52,193.0,8.971779193740225,10,2,2,9.0,13.0,9.0,15.0
2358,main_green,main_green,52,203.0,9.010682914526749,10,2,2,9.0,13.0,9.0,15.0
2359,main_green,main_green,52,213.0,9.001047623068306,10,2,2,9.0,13.0,9.0,15.0
2360,main_green,main_green,53,224.0,8.857259740044116,12,2,2,9.0,13.0,9.0,15.0
2361,main_green,main_green,54,237.0,8.883478142260795,14,2,2,9.0,13.0,9.0,15.0
2362,main_green,main_green,54,251.0,8.978198482810763,14,2,2,9.0,13.0,9.0,15.0
2363,main_green,main_green,54,265.0,9.02410741819077,14,2,2,9.0,13.0,9.0,15.0
2364,main_green,main_green,59,279.0,8.39512115158073,19,2,2,6.0,8.0,6.0,10.0
2365,main_green,main_green,59,293.0,8.541865852377104,14,2,2,6.0,8.0,6.0,10.0
2366,main_green,main_green,60,307.0,8.720553587225643,15,2,2,6.0,8.0,6.0,10.0
2367,main_green,main_green,60,321.0,8.830806531723532,14,2,2,6.0,8.0,6.0,10.0
2368,main_green,main_green,61,335.0,8.734816916610287,15,2,2,6.0,8.0,6.0,10.0
2369,main_green,main_green,61,349.0,8.795116609174487,14,2,2,6.0,8.0,6.0,10.0
2370,main_green,main_green,61,364.0,8.69732505562909,15,2,2,6.0,8.0,6.0,10.0
2371,main_green,main_green,62,379.0,8.617124659138272,16,2,2,6.0,8.0,6.0,10.0
2372,main_green,main_green,62,396.0,8.431644879313081,18,2,2,6.0,8.0,6.0,10.0
2373,main_green,main_green,60,413.0,8.381882468267614,17,2,2,6.0,8.0,6.0,10.0
2374,yellow_transition,yellow_transition,60,431.0,8.321117745532103,18,3,3,12.0,12.0,9.0,7.0
2375,yellow_transition,yellow_transition,59,449.0,8.048140668967587,18,3,3,12.0,12.0,9.0,7.0
2376,yellow_transition,yellow_transition,63,468.0,7.2161987264494245,24,3,3,12.0,12.0,9.0,7.0
2377,main_green,side_green,63,318.0,7.274570846002864,15,2,0,12.0,12.0,9.0,7.0
2378,main_green,side_green,62,260.0,7.637850005092341,11,2,0,12.0,12.0,9.0,7.0
2379,main_green,side_green,61,262.0,7.856606556168415,11,2,0,12.0,12.0,9.0,7.0
2380,main_green,side_green,61,274.0,8.009390076720113,13,2,0,12.0,12.0,9.0,7.0
2381,main_green,side_green,60,286.0,8.19642208062881,12,2,0,12.0,12.0,9.0,7.0
2382,main_green,side_green,61,298.0,8.405110599246047,13,2,0,12.0,12.0,9.0,7.0
2383,main_green,side_green,60,311.0,8.542864671772858,13,2,0,12.0,12.0,9.0,7.0
2384,main_green,side_green,60,326.0,8.433198035176757,16,2,0,12.0,12.0,9.0,7.0
2385,main_green,side_green,60,342.0,8.578243761604448,16,2,0,12.0,12.0,9.0,7.0
2386,main_green,side_green,58,359.0,8.539316200000812,17,2,0,12.0,12.0,9.0,7.0
2387,yellow_transition,yellow_transition,59,376.0,8.331748104973176,18,3,1,13.0,1.0,-11.0,17.0
2388,yellow_transition,yellow_transition,64,393.0,7.53583667546015,22,3,1,13.0,1.0,-11.0,17.0
2389,yellow_transition,yellow_transition,64,411.0,7.4746092513965445,18,3,1,13.0,1.0,-11.0,17.0
2390,side_green,main_green,64,171.0,7.816935086810096,11,0,2,13.0,1.0,-11.0,17.0
2391,side_green,main_green,62,38.0,8.172073421680437,4,0,2,13.0,1.0,-11.0,17.0
2392,side_green,main_green,63,2.0,8.443399280191295,3,0,2,13.0,1.0,-11.0,17.0
2393,side_green,main_green,63,4.0,9.060471258629008,2,0,2,13.0,1.0,-11.0,17.0
2394,side_green,main_green,63,6.0,9.832931608076326,2,0,2,13.0,1.0,-11.0,17.0
2395,side_green,main_green,60,8.0,10.112296316152015,2,0,2,13.0,1.0,-11.0,17.0
2396,side_green,main_green,58,11.0,10.357805172524671,4,0,2,13.0,1.0,-11.0,17.0
2397,side_green,main_green,58,15.0,10.636069151086252,5,0,2,13.0,1.0,-11.0,17.0
2398,side_green,main_green,56,20.0,10.756663661153828,5,0,2,13.0,1.0,-11.0,17.0
2399,side_green,main_green,53,25.0,10.698250544344743,5,0,2,13.0,1.0,-11.0,17.0
2400,yellow_transition,yellow_transition,57,30.0,9.653023042029492,10,1,3,-16.0,12.0,-4.0,6.0
2401,yellow_transition,yellow_transition,56,35.0,9.837620472095006,5,1,3,-16.0,12.0,-4.0,6.0
2402,yellow_transition,yellow_transition,57,41.0,9.641169913202933,7,1,3,-16.0,12.0,-4.0,6.0
2403,main_green,main_green,57,15.0,9.877521710913191,3,2,2,-16.0,12.0,-4.0,6.0
2404,main_green,main_green,58,15.0,9.891904469625286,3,2,2,-16.0,12.0,-4.0,6.0
2405,main_green,main_green,58,17.0,10.341983109988487,2,2,2,-16.0,12.0,-4.0,6.0
2406,main_green,main_green,56,19.0,10.551389334151684,2,2,2,-16.0,12.0,-4.0,6.0
2407,main_green,main_green,57,21.0,10.43452492004598,3,2,2,-16.0,12.0,-4.0,6.0
2408,main_green,main_green,57,23.0,10.387331270142031,3,2,2,-16.0,12.0,-4.0,6.0
2409,main_green,main_green,56,26.0,10.39706599468846,3,2,2,-16.0,12.0,-4.0,6.0
2410,main_green,main_green,54,32.0,10.461007756062262,6,2,2,-16.0,12.0,-4.0,6.0
2411,main_green,main_green,51,38.0,10.503667194330067,6,2,2,-16.0,12.0,-4.0,6.0
2412,main_green,main_green,55,44.0,9.689506996880231,11,2,2,-16.0,12.0,-4.0,6.0
2413,main_green,main_green,54,50.0,9.644346813617608,7,2,2,0.0,18.0,-1.0,5.0
2414,main_green,main_green,52,56.0,9.877135725626898,6,2,2,0.0,18.0,-1.0,5.0
2415,main_green,main_green,51,62.0,10.047624810718759,6,2,2,0.0,18.0,-1.0,5.0
2416,main_green,main_green,50,68.0,9.878300554671164,7,2,2,0.0,18.0,-1.0,5.0
2417,main_green,main_green,50,74.0,9.734148716241737,6,2,2,0.0,18.0,-1.0,5.0
2418,main_green,main_green,49,80.0,9.25184727557467,7,2,2,0.0,18.0,-1.0,5.0
2419,main_green,main_green,49,86.0,9.323447213116339,6,2,2,0.0,18.0,-1.0,5.0
2420,main_green,main_green,50,93.0,9.070499497335023,8,2,2,0.0,18.0,-1.0,5.0
2421,main_green,main_green,50,102.0,9.245454896080343,9,2,2,0.0,18.0,-1.0,5.0
2422,main_green,main_green,50,112.0,9.265079747683965,10,2,2,0.0,18.0,-1.0,5.0
2423,main_green,main_green,50,122.0,9.155098357130875,11,2,2,0.0,8.0,8.0,16.0
2424,main_green,main_green,55,132.0,8.456815279896306,15,2,2,0.0,8.0,8.0,16.0
2425,main_green,main_green,55,142.0,8.78107559569595,10,2,2,0.0,8.0,8.0,16.0
2426,main_green,main_green,54,152.0,8.93190623789441,10,2,2,0.0,8.0,8.0,16.0
2427,main_green,main_green,54,162.0,9.163836800142885,10,2,2,0.0,8.0,8.0,16.0
2428,main_green,main_green,56,172.0,9.083792022571267,12,2,2,0.0,8.0,8.0,16.0
2429,main_green,main_green,55,182.0,9.149459610134745,10,2,2,0.0,8.0,8.0,16.0
2430,main_green,main_green,54,192.0,9.102432999169865,10,2,2,0.0,8.0,8.0,16.0
2431,main_green,main_green,54,202.0,9.187556496784952,10,2,2,0.0,8.0,8.0,16.0
2432,main_green,main_green,54,212.0,8.838571188922106,11,2,2,0.0,8.0,8.0,16.0
2433,main_green,main_green,55,223.0,8.654880546927497,12,2,2,1.0,9.0,12.0,18.0
2434,main_green,main_green,54,236.0,8.673809747324803,13,2,2,1.0,9.0,12.0,18.0
2435,main_green,main_green,54,250.0,8.809942194649507,14,2,2,1.0,9.0,12.0,18.0
2436,main_green,main_green,59,264.0,8.180920741408448,19,2,2,1.0,9.0,12.0,18.0
2437,main_green,main_green,59,278.0,8.31923868275651,14,2,2,1.0,9.0,12.0,18.0
2438,main_green,main_green,60,292.0,8.397761627438376,15,2,2,1.0,9.0,12.0,18.0
2439,main_green,main_green,59,306.0,8.586728702543475,14,2,2,1.0,9.0,12.0,18.0
2440,main_green,main_green,60,320.0,8.450351955328033,15,2,2,1.0,9.0,12.0,18.0
2441,main_green,main_green,60,334.0,8.501423485443025,14,2,2,1.0,9.0,12.0,18.0
2442,main_green,main_green,60,348.0,8.538769035390267,14,2,2,1.0,9.0,12.0,18.0
2443,yellow_transition,yellow_transition,61,362.0,8.387561861615458,15,3,3,6.0,8.0,12.0,10.0
2444,yellow_transition,yellow_transition,61,379.0,8.18717467409717,18,3,3,6.0,8.0,12.0,10.0
2445,yellow_transition,yellow_transition,60,397.0,8.087136325604238,18,3,3,6.0,8.0,12.0,10.0
2446,main_green,side_green,60,241.0,8.312620740688194,14,2,0,6.0,8.0,12.0,10.0
2447,main_green,side_green,59,172.0,8.441034935416628,11,2,0,6.0,8.0,12.0,10.0
2448,main_green,side_green,62,173.0,7.933253360392469,14,2,0,6.0,8.0,12.0,10.0
2449,main_green,side_green,63,182.0,8.286159597743728,10,2,0,6.0,8.0,12.0,10.0
2450,main_green,side_green,63,192.0,8.737571779593576,10,2,0,6.0,8.0,12.0,10.0
2451,main_green,side_green,61,202.0,8.921631061631741,10,2,0,6.0,8.0,12.0,10.0
2452,main_green,side_green,62,212.0,8.855362025945672,11,2,0,6.0,8.0,12.0,10.0
2453,main_green,side_green,61,223.0,8.799081953092212,11,2,0,6.0,8.0,12.0,10.0
2454,main_green,side_green,62,235.0,8.725609748799478,13,2,0,6.0,8.0,12.0,10.0
2455,main_green,side_green,62,249.0,8.937945010810168,14,2,0,6.0,8.0,12.0,10.0
2456,yellow_transition,yellow_transition,62,265.0,8.744197117702905,17,3,1,11.0,7.0,-17.0,13.0
2457,yellow_transition,yellow_transition,62,281.0,8.614420335412525,16,3,1,11.0,7.0,-17.0,13.0
2458,yellow_transition,yellow_transition,62,297.0,8.525584326085907,16,3,1,11.0,7.0,-17.0,13.0
2459,side_green,main_green,63,106.0,8.53580739340166,11,0,2,11.0,7.0,-17.0,13.0
2460,side_green,main_green,67,15.0,8.163375317548578,9,0,2,11.0,7.0,-17.0,13.0
2461,side_green,main_green,65,6.0,8.547078731537438,2,0,2,11.0,7.0,-17.0,13.0
2462,side_green,main_green,64,8.0,8.98625402311817,2,0,2,11.0,7.0,-17.0,13.0
2463,side_green,main_green,64,10.0,9.602654476935285,2,0,2,11.0,7.0,-17.0,13.0
2464,side_green,main_green,63,14.0,9.751508721920283,6,0,2,11.0,7.0,-17.0,13.0
2465,side_green,main_green,62,18.0,10.098720655933223,4,0,2,11.0,7.0,-17.0,13.0
2466,side_green,main_green,60,22.0,10.220697714577357,4,0,2,11.0,7.0,-17.0,13.0
2467,side_green,main_green,58,27.0,10.197385495103235,5,0,2,11.0,7.0,-17.0,13.0
2468,side_green,main_green,57,35.0,9.936389938927261,9,0,2,11.0,7.0,-17.0,13.0
2469,yellow_transition,yellow_transition,57,44.0,10.017000805529227,10,1,3,-12.0,20.0,-10.0,-4.0
2470,yellow_transition,yellow_transition,55,53.0,9.754714658652864,9,1,3,-12.0,20.0,-10.0,-4.0
2471,yellow_transition,yellow_transition,54,62.0,9.75294154549781,9,1,3,-12.0,20.0,-10.0,-4.0
2472,main_green,main_green,59,28.0,8.99660073643381,10,2,2,-12.0,20.0,-10.0,-4.0
2473,main_green,main_green,59,11.0,9.48767756731906,2,2,2,-12.0,20.0,-10.0,-4.0
2474,main_green,main_green,60,13.0,9.770864013423424,3,2,2,-12.0,20.0,-10.0,-4.0
2475,main_green,main_green,60,15.0,10.30668949934605,2,2,2,-12.0,20.0,-10.0,-4.0
2476,main_green,main_green,61,17.0,10.515629558919352,3,2,2,-12.0,20.0,-10.0,-4.0
2477,main_green,main_green,59,19.0,10.822300654934766,2,2,2,-12.0,20.0,-10.0,-4.0
2478,main_green,main_green,56,21.0,10.829225623679287,2,2,2,-12.0,20.0,-10.0,-4.0
2479,main_green,main_green,57,24.0,10.602664075781295,4,2,2,-12.0,20.0,-10.0,-4.0
2480,main_green,main_green,56,29.0,10.57398895667205,6,2,2,-12.0,20.0,-10.0,-4.0
2481,main_green,main_green,54,34.0,10.529185294849087,5,2,2,-12.0,20.0,-10.0,-4.0
2482,main_green,main_green,53,40.0,10.727295345880059,6,2,2,-7.0,9.0,-4.0,6.0
2483,main_green,main_green,51,46.0,10.744194470979792,6,2,2,-7.0,9.0,-4.0,6.0
2484,main_green,main_green,55,52.0,9.782638371492768,11,2,2,-7.0,9.0,-4.0,6.0
2485,main_green,main_green,54,58.0,9.794251775947927,7,2,2,-7.0,9.0,-4.0,6.0
2486,main_green,main_green,53,64.0,10.072929792961467,6,2,2,-7.0,9.0,-4.0,6.0
2487,main_green,main_green,52,70.0,10.270345183501872,6,2,2,-7.0,9.0,-4.0,6.0
2488,main_green,main_green,53,76.0,10.167922861381548,7,2,2,-7.0,9.0,-4.0,6.0
2489,main_green,main_green,53,82.0,10.100106988765264,6,2,2,-7.0,9.0,-4.0,6.0
2490,main_green,main_green,53,88.0,9.731005628033568,7,2,2,-7.0,9.0,-4.0,6.0
2491,main_green,main_green,53,96.0,9.855531010418659,8,2,2,-7.0,9.0,-4.0,6.0
2492,main_green,main_green,53,106.0,9.674995089395699,11,2,2,-5.0,3.0,6.0,18.0
2493,main_green,main_green,52,116.0,9.772266836042803,10,2,2,-5.0,3.0,6.0,18.0
2494,main_green,main_green,51,126.0,9.80130718933505,10,2,2,-5.0,3.0,6.0,18.0
2495,main_green,main_green,51,136.0,9.771348187573887,11,2,2,-5.0,3.0,6.0,18.0
2496,main_green,main_green,55,146.0,8.986424968759321,15,2,2,-5.0,3.0,6.0,18.0
2497,main_green,main_green,55,156.0,9.187862940634501,10,2,2,-5.0,3.0,6.0,18.0
2498,main_green,main_green,55,166.0,9.38647156606399,10,2,2,-5.0,3.0,6.0,18.0
2499,main_green,main_green,54,176.0,9.422020355878308,10,2,2,-5.0,3.0,6.0,18.0
2500,main_green,main_green,54,186.0,9.056350679712416,12,2,2,-5.0,3.0,6.0,18.0
2501,main_green,main_green,54,196.0,9.063334425523767,10,2,2,-5.0,3.0,6.0,18.0
2502,main_green,main_green,53,206.0,9.056885680039787,10,2,2,1.0,7.0,13.0,17.0
2503,main_green,main_green,53,216.0,9.000468275152683,10,2,2,1.0,7.0,13.0,17.0
2504,main_green,main_green,53,228.0,8.990854364488586,13,2,2,1.0,7.0,13.0,17.0
2505,main_green,main_green,54,242.0,8.851817723373712,15,2,2,1.0,7.0,13.0,17.0
2506,main_green,main_green,54,256.0,9.024259825361723,14,2,2,1.0,7.0,13.0,17.0
2507,main_green,main_green,53,270.0,9.077436779361573,14,2,2,1.0,7.0,13.0,17.0
2508,main_green,main_green,58,284.0,8.348003456808483,19,2,2,1.0,7.0,13.0,17.0
2509,main_green,main_green,58,298.0,8.601180735731567,14,2,2,1.0,7.0,13.0,17.0
2510,main_green,main_green,59,312.0,8.731294720544403,15,2,2,1.0,7.0,13.0,17.0
2511,main_green,main_green,59,326.0,8.823459198789552,14,2,2,1.0,7.0,13.0,17.0
2512,yellow_transition,yellow_transition,59,340.0,8.5247855371369,15,3,3,8.0,8.0,13.0,9.0
2513,yellow_transition,yellow_transition,58,354.0,8.363317456695864,14,3,3,8.0,8.0,13.0,9.0
2514,yellow_transition,yellow_transition,58,369.0,8.160477887604468,15,3,3,8.0,8.0,13.0,9.0
2515,main_green,side_green,59,219.0,8.321793070171413,13,2,0,8.0,8.0,13.0,9.0
2516,main_green,side_green,58,155.0,8.165430355345329,9,2,0,8.0,8.0,13.0,9.0
2517,main_green,side_green,58,157.0,8.543453215811214,7,2,0,8.0,8.0,13.0,9.0
2518,main_green,side_green,58,165.0,8.937178182720332,8,2,0,8.0,8.0,13.0,9.0
2519,main_green,side_green,58,175.0,9.279689618919637,10,2,0,8.0,8.0,13.0,9.0
2520,main_green,side_green,62,185.0,8.888281330309036,15,2,0,8.0,8.0,13.0,9.0
2521,main_green,side_green,63,195.0,9.166185348504365,11,2,0,8.0,8.0,13.0,9.0
2522,main_green,side_green,62,205.0,9.474976144290274,10,2,0,8.0,8.0,13.0,9.0
2523,main_green,side_green,61,216.0,9.625654137396165,11,2,0,8.0,8.0,13.0,9.0
2524,main_green,side_green,62,227.0,9.40509256630205,12,2,0,8.0,8.0,13.0,9.0
2525,yellow_transition,yellow_transition,61,238.0,9.16766586098248,11,3,1,11.0,5.0,-11.0,11.0
2526,yellow_transition,yellow_transition,62,250.0,8.864795229329127,13,3,1,11.0,5.0,-11.0,11.0
2527,yellow_transition,yellow_transition,60,262.0,8.809608799571937,12,3,1,11.0,5.0,-11.0,11.0
2528,side_green,main_green,60,76.0,8.820117686867585,8,0,2,11.0,5.0,-11.0,11.0
2529,side_green,main_green,59,4.0,9.083805231284742,3,0,2,11.0,5.0,-11.0,11.0
2530,side_green,main_green,57,2.0,9.410261944536945,1,0,2,11.0,5.0,-11.0,11.0
2531,side_green,main_green,58,3.0,9.851845914575343,2,0,2,11.0,5.0,-11.0,11.0
2532,side_green,main_green,63,5.0,9.613705248123075,7,0,2,11.0,5.0,-11.0,11.0
2533,side_green,main_green,60,7.0,10.111287156654726,2,0,2,11.0,5.0,-11.0,11.0
2534,side_green,main_green,59,10.0,10.661536976025621,3,0,2,11.0,5.0,-11.0,11.0
2535,side_green,main_green,56,13.0,10.880749720760123,3,0,2,11.0,5.0,-11.0,11.0
2536,side_green,main_green,54,16.0,10.519298676022963,5,0,2,11.0,5.0,-11.0,11.0
2537,side_green,main_green,53,21.0,10.479543934624818,5,0,2,11.0,5.0,-11.0,11.0
2538,yellow_transition,yellow_transition,52,26.0,10.563558233684118,5,1,3,-13.0,15.0,-3.0,7.0
2539,yellow_transition,yellow_transition,52,31.0,10.42438506921563,5,1,3,-13.0,15.0,-3.0,7.0
2540,yellow_transition,yellow_transition,52,37.0,9.979325326556623,7,1,3,-13.0,15.0,-3.0,7.0
2541,main_green,main_green,52,17.0,9.984261685945594,5,2,2,-13.0,15.0,-3.0,7.0
2542,main_green,main_green,52,18.0,10.376440927624754,3,2,2,-13.0,15.0,-3.0,7.0
2543,main_green,main_green,52,21.0,10.799460389443167,3,2,2,-13.0,15.0,-3.0,7.0
2544,main_green,main_green,57,24.0,10.120592002034572,8,2,2,-13.0,15.0,-3.0,7.0
2545,main_green,main_green,56,27.0,10.588433138231006,3,2,2,-13.0,15.0,-3.0,7.0
2546,main_green,main_green,54,30.0,10.637301028871079,4,2,2,-13.0,15.0,-3.0,7.0
2547,main_green,main_green,53,33.0,10.98833270432344,3,2,2,-13.0,15.0,-3.0,7.0
2548,main_green,main_green,53,36.0,10.851509596731317,4,2,2,-13.0,15.0,-3.0,7.0
2549,main_green,main_green,51,39.0,10.84158098866044,3,2,2,-13.0,15.0,-3.0,7.0
2550,main_green,main_green,50,42.0,10.952421716190777,3,2,2,-13.0,15.0,-3.0,7.0
2551,main_green,main_green,50,45.0,10.650609273993975,4,2,2,-3.0,15.0,-2.0,4.0
2552,main_green,main_green,50,51.0,10.534585000628386,7,2,2,-3.0,15.0,-2.0,4.0
2553,main_green,main_green,48,58.0,10.508212791165677,7,2,2,-3.0,15.0,-2.0,4.0
2554,main_green,main_green,47,65.0,10.558502441492488,7,2,2,-3.0,15.0,-2.0,4.0
2555,main_green,main_green,46,72.0,10.615497918251824,7,2,2,-3.0,15.0,-2.0,4.0
2556,main_green,main_green,50,79.0,9.460206798802341,12,2,2,-3.0,15.0,-2.0,4.0
2557,main_green,main_green,51,86.0,9.539736760409887,8,2,2,-3.0,15.0,-2.0,4.0
2558,main_green,main_green,51,93.0,9.91292325016222,7,2,2,-3.0,15.0,-2.0,4.0
2559,main_green,main_green,50,100.0,10.05485494996206,7,2,2,-3.0,15.0,-2.0,4.0
2560,main_green,main_green,51,107.0,10.0302132574156,8,2,2,-3.0,15.0,-2.0,4.0
2561,main_green,main_green,51,114.0,10.05154983915205,7,2,2,-2.0,10.0,8.0,16.0
2562,main_green,main_green,52,121.0,9.75200974651047,8,2,2,-2.0,10.0,8.0,16.0
2563,main_green,main_green,52,128.0,9.821886541962304,7,2,2,-2.0,10.0,8.0,16.0
2564,main_green,main_green,53,135.0,9.546148232156474,8,2,2,-2.0,10.0,8.0,16.0
2565,main_green,main_green,51,145.0,9.488890138676238,10,2,2,-2.0,10.0,8.0,16.0
2566,main_green,main_green,51,156.0,9.679689841262041,11,2,2,-2.0,10.0,8.0,16.0
2567,main_green,main_green,49,167.0,9.388103721304622,12,2,2,-2.0,10.0,8.0,16.0
2568,main_green,main_green,54,178.0,8.56861721063537,16,2,2,-2.0,10.0,8.0,16.0
2569,main_green,main_green,54,189.0,8.88028585267409,11,2,2,-2.0,10.0,8.0,16.0
2570,main_green,main_green,54,200.0,9.113665484044922,11,2,2,-2.0,10.0,8.0,16.0
2571,yellow_transition,yellow_transition,53,211.0,9.17430223275758,11,3,3,4.0,8.0,13.0,11.0
2572,yellow_transition,yellow_transition,55,222.0,8.7333032703796,13,3,3,4.0,8.0,13.0,11.0
2573,yellow_transition,yellow_transition,55,233.0,8.58682961140795,11,3,3,4.0,8.0,13.0,11.0
2574,main_green,side_green,54,108.0,8.59246612017409,8,2,0,4.0,8.0,13.0,11.0
2575,main_green,side_green,54,72.0,8.812244967870864,6,2,0,4.0,8.0,13.0,11.0
2576,main_green,side_green,55,75.0,8.902718727148576,6,2,0,4.0,8.0,13.0,11.0
2577,main_green,side_green,55,82.0,8.907900401179466,8,2,0,4.0,8.0,13.0,11.0
2578,main_green,side_green,54,90.0,9.071054504269709,8,2,0,4.0,8.0,13.0,11.0
2579,main_green,side_green,53,99.0,9.33451716349912,9,2,0,4.0,8.0,13.0,11.0
2580,main_green,side_green,58,110.0,8.743315403483457,16,2,0,4.0,8.0,13.0,11.0
2581,main_green,side_green,57,121.0,9.051600830367654,11,2,0,4.0,8.0,13.0,11.0
2582,main_green,side_green,58,132.0,9.047271793896797,12,2,0,4.0,8.0,13.0,11.0
2583,main_green,side_green,58,143.0,9.286578908496924,11,2,0,4.0,8.0,13.0,11.0
2584,yellow_transition,yellow_transition,59,155.0,9.245608301850675,13,3,1,6.0,4.0,-8.0,16.0
2585,yellow_transition,yellow_transition,59,167.0,9.109962238246501,12,3,1,6.0,4.0,-8.0,16.0
2586,yellow_transition,yellow_transition,59,180.0,8.921594326492547,13,3,1,6.0,4.0,-8.0,16.0
2587,side_green,main_green,60,39.0,8.741928560405322,6,0,2,6.0,4.0,-8.0,16.0
2588,side_green,main_green,60,1.0,8.87300165799512,2,0,2,6.0,4.0,-8.0,16.0
2589,side_green,main_green,59,3.0,9.216751563378534,2,0,2,6.0,4.0,-8.0,16.0
2590,side_green,main_green,57,7.0,9.513250918987884,4,0,2,6.0,4.0,-8.0,16.0
2591,side_green,main_green,56,11.0,9.877701493053749,4,0,2,6.0,4.0,-8.0,16.0
2592,side_green,main_green,57,15.0,9.218064314347203,9,0,2,6.0,4.0,-8.0,16.0
2593,side_green,main_green,56,21.0,9.368969023266445,7,0,2,6.0,4.0,-8.0,16.0
2594,side_green,main_green,55,27.0,9.694924795236288,6,0,2,6.0,4.0,-8.0,16.0
2595,side_green,main_green,52,33.0,9.715776919424876,6,0,2,6.0,4.0,-8.0,16.0
2596,side_green,main_green,53,41.0,9.621630705706874,9,0,2,6.0,4.0,-8.0,16.0
2597,yellow_transition,yellow_transition,52,49.0,9.523438805394369,8,1,3,-6.0,18.0,-1.0,5.0
2598,yellow_transition,yellow_transition,52,57.0,9.14443557051044,9,1,3,-6.0,18.0,-1.0,5.0
2599,yellow_transition,yellow_transition,52,65.0,9.023572434768338,8,1,3,-6.0,18.0,-1.0,5.0
2600,main_green,main_green,53,36.0,9.095729633665266,7,2,2,-6.0,18.0,-1.0,5.0
2601,main_green,main_green,53,29.0,9.428440117378017,4,2,2,-6.0,18.0,-1.0,5.0
2602,main_green,main_green,53,34.0,9.769636608192672,5,2,2,-6.0,18.0,-1.0,5.0
2603,main_green,main_green,53,39.0,9.888480397468717,6,2,2,-6.0,18.0,-1.0,5.0
2604,main_green,main_green,58,44.0,9.462475552736699,10,2,2,-6.0,18.0,-1.0,5.0
2605,main_green,main_green,57,49.0,9.920319118587468,5,2,2,-6.0,18.0,-1.0,5.0
2606,main_green,main_green,55,54.0,10.209697185937783,5,2,2,-6.0,18.0,-1.0,5.0
2607,main_green,main_green,54,59.0,10.54821842512306,5,2,2,-6.0,18.0,-1.0,5.0
2608,main_green,main_green,53,64.0,10.225609798620825,7,2,2,-6.0,18.0,-1.0,5.0
2609,main_green,main_green,53,69.0,10.282561326672244,5,2,2,-6.0,18.0,-1.0,5.0
2610,main_green,main_green,53,74.0,10.171221326262371,5,2,2,-1.0,17.0,0.0,6.0
2611,main_green,main_green,52,80.0,10.12043558744749,6,2,2,-1.0,17.0,0.0,6.0
2612,main_green,main_green,53,89.0,9.930171196746569,10,2,2,-1.0,17.0,0.0,6.0
2613,main_green,main_green,52,98.0,9.7070561404716,10,2,2,-1.0,17.0,0.0,6.0
2614,main_green,main_green,52,107.0,9.818216515907752,9,2,2,-1.0,17.0,0.0,6.0
2615,main_green,main_green,51,116.0,9.921066073996961,9,2,2,-1.0,17.0,0.0,6.0
2616,main_green,main_green,55,125.0,9.099555129534469,14,2,2,-1.0,17.0,0.0,6.0
2617,main_green,main_green,54,134.0,9.28479963756143,9,2,2,-1.0,17.0,0.0,6.0
2618,main_green,main_green,54,143.0,9.310368165427901,10,2,2,-1.0,17.0,0.0,6.0
2619,main_green,main_green,54,152.0,9.565387109410356,9,2,2,-1.0,17.0,0.0,6.0
2620,main_green,main_green,54,161.0,9.563239414366084,10,2,2,-1.0,7.0,10.0,18.0
2621,main_green,main_green,54,170.0,9.67478997332114,9,2,2,-1.0,7.0,10.0,18.0
2622,main_green,main_green,54,179.0,9.685097784181366,9,2,2,-1.0,7.0,10.0,18.0
2623,main_green,main_green,55,188.0,9.391322028681632,10,2,2,-1.0,7.0,10.0,18.0
2624,main_green,main_green,55,198.0,9.133312420973054,11,2,2,-1.0,7.0,10.0,18.0
2625,main_green,main_green,55,209.0,9.141164543570113,11,2,2,-1.0,7.0,10.0,18.0
2626,main_green,main_green,55,222.0,9.256674290885089,13,2,2,-1.0,7.0,10.0,18.0
2627,main_green,main_green,54,235.0,9.333167815259314,13,2,2,-1.0,7.0,10.0,18.0
2628,main_green,main_green,57,248.0,8.345907926272305,18,2,2,-1.0,7.0,10.0,18.0
2629,main_green,main_green,58,261.0,8.483924954785362,14,2,2,-1.0,7.0,10.0,18.0
2630,main_green,main_green,57,274.0,8.712428215614826,13,2,2,5.0,9.0,15.0,15.0
2631,main_green,main_green,56,287.0,8.638395522794129,13,2,2,5.0,9.0,15.0,15.0
2632,main_green,main_green,57,300.0,8.55462549217389,14,2,2,5.0,9.0,15.0,15.0
2633,main_green,main_green,57,313.0,8.53654663926157,13,2,2,5.0,9.0,15.0,15.0
2634,main_green,main_green,58,326.0,8.358850260090035,14,2,2,5.0,9.0,15.0,15.0
2635,main_green,main_green,55,341.0,8.308238967848721,15,2,2,5.0,9.0,15.0,15.0
2636,main_green,main_green,56,358.0,8.288536831085427,18,2,2,5.0,9.0,15.0,15.0
2637,main_green,main_green,55,375.0,8.348273087720447,17,2,2,5.0,9.0,15.0,15.0
2638,main_green,main_green,55,392.0,8.470089562892145,17,2,2,5.0,9.0,15.0,15.0
2639,main_green,main_green,56,409.0,8.307634049218498,18,2,2,5.0,9.0,15.0,15.0
2640,main_green,main_green,61,426.0,7.68892037203814,22,2,2,6.0,8.0,13.0,15.0
2641,main_green,main_green,61,443.0,7.835427041782771,17,2,2,6.0,8.0,13.0,15.0
2642,main_green,main_green,61,460.0,8.0721155456338,17,2,2,6.0,8.0,13.0,15.0
2643,main_green,main_green,61,477.0,8.10638161421436,17,2,2,6.0,8.0,13.0,15.0
2644,main_green,main_green,63,494.0,7.916886601049441,19,2,2,6.0,8.0,13.0,15.0
2645,main_green,main_green,63,511.0,7.951968498796889,17,2,2,6.0,8.0,13.0,15.0
2646,main_green,main_green,63,528.0,8.103377234430587,17,2,2,6.0,8.0,13.0,15.0
2647,main_green,main_green,63,547.0,8.099674242219042,19,2,2,6.0,8.0,13.0,15.0
2648,main_green,main_green,63,567.0,7.991758036991221,21,2,2,6.0,8.0,13.0,15.0
2649,main_green,main_green,63,588.0,7.942176429698569,22,2,2,6.0,8.0,13.0,15.0
2650,yellow_transition,yellow_transition,63,609.0,7.890633967039007,21,3,3,11.0,11.0,14.0,8.0
2651,yellow_transition,yellow_transition,63,630.0,7.889812086559027,21,3,3,11.0,11.0,14.0,8.0
2652,yellow_transition,yellow_transition,65,651.0,7.12105562460635,26,3,3,11.0,11.0,14.0,8.0
2653,main_green,side_green,63,435.0,7.262287654736933,17,2,0,11.0,11.0,14.0,8.0
2654,main_green,side_green,63,306.0,7.4798802192586145,15,2,0,11.0,11.0,14.0,8.0
2655,main_green,side_green,62,261.0,7.546692945874292,10,2,0,11.0,11.0,14.0,8.0
2656,main_green,side_green,63,271.0,7.652490516221886,11,2,0,11.0,11.0,14.0,8.0
2657,main_green,side_green,63,281.0,7.991004618729414,10,2,0,11.0,11.0,14.0,8.0
2658,main_green,side_green,61,293.0,8.244223400540701,12,2,0,11.0,11.0,14.0,8.0
2659,main_green,side_green,62,307.0,8.570514455292754,15,2,0,11.0,11.0,14.0,8.0
2660,main_green,side_green,63,321.0,8.633074535367674,15,2,0,11.0,11.0,14.0,8.0
2661,main_green,side_green,62,336.0,8.676313740438065,15,2,0,11.0,11.0,14.0,8.0
2662,main_green,side_green,62,351.0,8.799467338267707,15,2,0,11.0,11.0,14.0,8.0
2663,yellow_transition,yellow_transition,62,368.0,8.77531145788124,17,3,1,14.0,6.0,-16.0,12.0
2664,yellow_transition,yellow_transition,65,385.0,8.00509485267868,22,3,1,14.0,6.0,-16.0,12.0
2665,yellow_transition,yellow_transition,66,402.0,7.904577732641419,18,3,1,14.0,6.0,-16.0,12.0
2666,side_green,main_green,66,169.0,8.136247375143423,10,0,2,14.0,6.0,-16.0,12.0
2667,side_green,main_green,65,36.0,8.273372451355634,3,0,2,14.0,6.0,-16.0,12.0
2668,side_green,main_green,66,1.0,8.489542781192293,2,0,2,14.0,6.0,-16.0,12.0
2669,side_green,main_green,65,2.0,8.944632273478039,1,0,2,14.0,6.0,-16.0,12.0
2670,side_green,main_green,65,5.0,9.286101584333597,4,0,2,14.0,6.0,-16.0,12.0
2671,side_green,main_green,62,8.0,9.73234421289173,3,0,2,14.0,6.0,-16.0,12.0
2672,side_green,main_green,63,13.0,10.05383000832708,6,0,2,14.0,6.0,-16.0,12.0
2673,side_green,main_green,62,19.0,10.369774510108947,6,0,2,14.0,6.0,-16.0,12.0
2674,side_green,main_green,59,25.0,10.475704085364406,6,0,2,14.0,6.0,-16.0,12.0
2675,side_green,main_green,57,31.0,10.24041021815092,7,0,2,14.0,6.0,-16.0,12.0
2676,yellow_transition,yellow_transition,61,39.0,9.519852822478008,13,1,3,-13.0,15.0,-9.0,1.0
2677,yellow_transition,yellow_transition,59,47.0,9.56961641374775,8,1,3,-13.0,15.0,-9.0,1.0
2678,yellow_transition,yellow_transition,58,56.0,9.617024617653161,9,1,3,-13.0,15.0,-9.0,1.0
2679,main_green,main_green,57,25.0,9.935999968681873,5,2,2,-13.0,15.0,-9.0,1.0
2680,main_green,main_green,59,17.0,9.745742471436,4,2,2,-13.0,15.0,-9.0,1.0
2681,main_green,main_green,59,19.0,9.959302915750802,2,2,2,-13.0,15.0,-9.0,1.0
2682,main_green,main_green,59,21.0,10.114884131897366,2,2,2,-13.0,15.0,-9.0,1.0
2683,main_green,main_green,59,23.0,10.354825677121854,2,2,2,-13.0,15.0,-9.0,1.0
2684,main_green,main_green,58,28.0,10.33442519413072,6,2,2,-13.0,15.0,-9.0,1.0
2685,main_green,main_green,58,34.0,10.532356289701031,7,2,2,-13.0,15.0,-9.0,1.0
2686,main_green,main_green,57,40.0,10.792221853915459,6,2,2,-13.0,15.0,-9.0,1.0
2687,main_green,main_green,55,46.0,10.761200189738503,6,2,2,-13.0,15.0,-9.0,1.0
2688,main_green,main_green,55,52.0,9.804535261683503,11,2,2,-13.0,15.0,-9.0,1.0
2689,main_green,main_green,55,58.0,10.082614539350107,6,2,2,-1.0,13.0,0.0,8.0
2690,main_green,main_green,55,64.0,10.156136818758199,7,2,2,-1.0,13.0,0.0,8.0
2691,main_green,main_green,54,70.0,10.404358679839847,6,2,2,-1.0,13.0,0.0,8.0
2692,main_green,main_green,54,76.0,10.254125183483596,7,2,2,-1.0,13.0,0.0,8.0
2693,main_green,main_green,53,82.0,10.040719269098275,6,2,2,-1.0,13.0,0.0,8.0
2694,main_green,main_green,52,88.0,9.87635042920417,6,2,2,-1.0,13.0,0.0,8.0
2695,main_green,main_green,52,94.0,9.628183985736337,7,2,2,-1.0,13.0,0.0,8.0
2696,main_green,main_green,52,103.0,9.508723161657347,10,2,2,-1.0,13.0,0.0,8.0
2697,main_green,main_green,51,113.0,9.635971065067165,10,2,2,-1.0,13.0,0.0,8.0
2698,main_green,main_green,51,123.0,9.81536184512152,10,2,2,-1.0,13.0,0.0,8.0
2699,main_green,main_green,51,133.0,9.944768458315938,10,2,2,-3.0,5.0,7.0,17.0
2700,main_green,main_green,56,143.0,9.10791820423994,15,2,2,-3.0,5.0,7.0,17.0
2701,main_green,main_green,57,153.0,9.149233066187866,11,2,2,-3.0,5.0,7.0,17.0
2702,main_green,main_green,57,163.0,9.252781707678619,10,2,2,-3.0,5.0,7.0,17.0
2703,main_green,main_green,57,173.0,9.463886487029676,10,2,2,-3.0,5.0,7.0,17.0
2704,main_green,main_green,58,183.0,9.229040254800427,11,2,2,-3.0,5.0,7.0,17.0
2705,main_green,main_green,55,193.0,9.335887813409613,10,2,2,-3.0,5.0,7.0,17.0
2706,main_green,main_green,55,203.0,9.207969064379915,11,2,2,-3.0,5.0,7.0,17.0
2707,main_green,main_green,55,213.0,9.302217768950998,10,2,2,-3.0,5.0,7.0,17.0
2708,main_green,main_green,54,223.0,9.07771523813593,11,2,2,-3.0,5.0,7.0,17.0
2709,main_green,main_green,53,236.0,8.965060342168506,13,2,2,4.0,12.0,11.0,13.0
2710,main_green,main_green,53,249.0,9.053185397390244,13,2,2,4.0,12.0,11.0,13.0
2711,main_green,main_green,54,263.0,8.94792620620755,15,2,2,4.0,12.0,11.0,13.0
2712,main_green,main_green,59,277.0,8.315619027457073,19,2,2,4.0,12.0,11.0,13.0
2713,main_green,main_green,59,291.0,8.447957978102608,14,2,2,4.0,12.0,11.0,13.0
2714,main_green,main_green,59,305.0,8.713867591240195,14,2,2,4.0,12.0,11.0,13.0
2715,main_green,main_green,59,319.0,8.923285166287409,14,2,2,4.0,12.0,11.0,13.0
2716,main_green,main_green,60,333.0,8.555763446288795,16,2,2,4.0,12.0,11.0,13.0
2717,main_green,main_green,60,347.0,8.580731719383516,14,2,2,4.0,12.0,11.0,13.0
2718,main_green,main_green,59,362.0,8.524402149573772,15,2,2,4.0,12.0,11.0,13.0
2719,yellow_transition,yellow_transition,57,377.0,8.480324955064892,15,3,3,9.0,9.0,11.0,7.0
2720,yellow_transition,yellow_transition,57,392.0,8.283838390892848,16,3,3,9.0,9.0,11.0,7.0
2721,yellow_transition,yellow_transition,57,408.0,8.092863564824665,17,3,3,9.0,9.0,11.0,7.0
2722,main_green,side_green,57,248.0,8.213335630148336,14,2,0,9.0,9.0,11.0,7.0
2723,main_green,side_green,57,177.0,8.317087326292182,10,2,0,9.0,9.0,11.0,7.0
2724,main_green,side_green,62,178.0,7.9205221853493075,14,2,0,9.0,9.0,11.0,7.0
2725,main_green,side_green,62,187.0,8.327334702553156,9,2,0,9.0,9.0,11.0,7.0
2726,main_green,side_green,63,197.0,8.695755980167199,11,2,0,9.0,9.0,11.0,7.0
2727,main_green,side_green,62,208.0,8.986403916802026,11,2,0,9.0,9.0,11.0,7.0
2728,main_green,side_green,63,220.0,9.215759348970408,13,2,0,9.0,9.0,11.0,7.0
2729,main_green,side_green,63,232.0,9.294040990302246,12,2,0,9.0,9.0,11.0,7.0
2730,main_green,side_green,61,244.0,9.295720772198221,12,2,0,9.0,9.0,11.0,7.0
2731,main_green,side_green,62,257.0,9.134355626302918,14,2,0,9.0,9.0,11.0,7.0
2732,yellow_transition,yellow_transition,60,270.0,8.78634287103218,14,3,1,10.0,4.0,-12.0,14.0
2733,yellow_transition,yellow_transition,60,285.0,8.667089678913198,15,3,1,10.0,4.0,-12.0,14.0
2734,yellow_transition,yellow_transition,58,301.0,8.492293354053635,16,3,1,10.0,4.0,-12.0,14.0
2735,side_green,main_green,58,94.0,8.651897007909453,8,0,2,10.0,4.0,-12.0,14.0
2736,side_green,main_green,62,10.0,8.266721799812212,8,0,2,10.0,4.0,-12.0,14.0
2737,side_green,main_green,63,2.0,8.718797525272857,2,0,2,10.0,4.0,-12.0,14.0
2738,side_green,main_green,63,3.0,9.194533192749974,1,0,2,10.0,4.0,-12.0,14.0
2739,side_green,main_green,62,4.0,9.675554560906216,1,0,2,10.0,4.0,-12.0,14.0
2740,side_green,main_green,59,6.0,9.956636794999813,3,0,2,10.0,4.0,-12.0,14.0
2741,side_green,main_green,57,9.0,10.426444533428805,3,0,2,10.0,4.0,-12.0,14.0
2742,side_green,main_green,56,13.0,10.56872238347823,5,0,2,10.0,4.0,-12.0,14.0
2743,side_green,main_green,54,18.0,10.531790238344465,5,0,2,10.0,4.0,-12.0,14.0
2744,side_green,main_green,55,24.0,10.421397752016968,7,0,2,10.0,4.0,-12.0,14.0
2745,yellow_transition,yellow_transition,52,31.0,10.223441889875005,7,1,3,-13.0,17.0,-9.0,-1.0
2746,yellow_transition,yellow_transition,51,38.0,10.140616163452975,7,1,3,-13.0,17.0,-9.0,-1.0
2747,yellow_transition,yellow_transition,52,46.0,9.973938661905368,9,1,3,-13.0,17.0,-9.0,-1.0
2748,main_green,main_green,57,17.0,9.291812525251853,9,2,2,-13.0,17.0,-9.0,-1.0
2749,main_green,main_green,57,11.0,9.68138477459299,2,2,2,-13.0,17.0,-9.0,-1.0
2750,main_green,main_green,57,13.0,10.147530759979484,2,2,2,-13.0,17.0,-9.0,-1.0
2751,main_green,main_green,55,15.0,10.583956930526593,2,2,2,-13.0,17.0,-9.0,-1.0
2752,main_green,main_green,57,17.0,10.645879268365773,4,2,2,-13.0,17.0,-9.0,-1.0
2753,main_green,main_green,55,19.0,10.80890855756272,2,2,2,-13.0,17.0,-9.0,-1.0
2754,main_green,main_green,53,21.0,10.806274733212689,2,2,2,-13.0,17.0,-9.0,-1.0
2755,main_green,main_green,52,23.0,10.826617307384762,2,2,2,-13.0,17.0,-9.0,-1.0
2756,main_green,main_green,52,26.0,10.598064681910063,4,2,2,-13.0,17.0,-9.0,-1.0
2757,main_green,main_green,52,31.0,10.498077797680878,6,2,2,-13.0,17.0,-9.0,-1.0
2758,main_green,main_green,49,36.0,10.534249949003847,5,2,2,-5.0,13.0,-2.0,8.0
2759,main_green,main_green,48,42.0,10.65089972460215,6,2,2,-5.0,13.0,-2.0,8.0
2760,main_green,main_green,52,48.0,9.789867077832723,11,2,2,-5.0,13.0,-2.0,8.0
2761,main_green,main_green,51,54.0,9.893911338076142,6,2,2,-5.0,13.0,-2.0,8.0
2762,main_green,main_green,51,60.0,9.94097583132167,7,2,2,-5.0,13.0,-2.0,8.0
2763,main_green,main_green,50,66.0,10.18884322799911,6,2,2,-5.0,13.0,-2.0,8.0
2764,main_green,main_green,50,72.0,9.915560392454912,7,2,2,-5.0,13.0,-2.0,8.0
2765,main_green,main_green,49,78.0,9.87204190096553,6,2,2,-5.0,13.0,-2.0,8.0
2766,main_green,main_green,48,84.0,9.725720538005614,6,2,2,-5.0,13.0,-2.0,8.0
2767,main_green,main_green,49,90.0,9.504174570230145,7,2,2,-5.0,13.0,-2.0,8.0
2768,main_green,main_green,50,100.0,9.405075348476858,11,2,2,-3.0,5.0,9.0,19.0
2769,main_green,main_green,50,110.0,9.526231323951523,10,2,2,-3.0,5.0,9.0,19.0
2770,main_green,main_green,50,120.0,9.643409234811045,10,2,2,-3.0,5.0,9.0,19.0
2771,main_green,main_green,50,130.0,9.706920598826958,10,2,2,-3.0,5.0,9.0,19.0
2772,main_green,main_green,54,140.0,8.838305176069708,15,2,2,-3.0,5.0,9.0,19.0
2773,main_green,main_green,54,150.0,8.851041370290226,11,2,2,-3.0,5.0,9.0,19.0
2774,main_green,main_green,54,160.0,9.172810945696082,10,2,2,-3.0,5.0,9.0,19.0
2775,main_green,main_green,52,170.0,9.251644621447088,10,2,2,-3.0,5.0,9.0,19.0
2776,main_green,main_green,53,180.0,9.095731027881087,11,2,2,-3.0,5.0,9.0,19.0
2777,main_green,main_green,53,190.0,9.21709194032612,10,2,2,-3.0,5.0,9.0,19.0
2778,main_green,main_green,54,200.0,8.99017523199373,11,2,2,2.0,10.0,12.0,16.0
2779,main_green,main_green,54,211.0,9.040802139025159,11,2,2,2.0,10.0,12.0,16.0
2780,main_green,main_green,55,223.0,8.875697380970346,13,2,2,2.0,10.0,12.0,16.0
2781,main_green,main_green,55,237.0,9.00871221039335,14,2,2,2.0,10.0,12.0,16.0
2782,main_green,main_green,55,251.0,9.06100230410973,14,2,2,2.0,10.0,12.0,16.0
2783,main_green,main_green,55,265.0,8.891230379697499,15,2,2,2.0,10.0,12.0,16.0
2784,main_green,main_green,60,279.0,8.321090831741607,19,2,2,2.0,10.0,12.0,16.0
2785,main_green,main_green,60,293.0,8.537077260321803,14,2,2,2.0,10.0,12.0,16.0
2786,main_green,main_green,59,307.0,8.707703267882378,14,2,2,2.0,10.0,12.0,16.0
2787,main_green,main_green,57,321.0,8.730102620291877,14,2,2,2.0,10.0,12.0,16.0
2788,yellow_transition,yellow_transition,59,335.0,8.44846874872991,16,3,3,8.0,8.0,13.0,9.0
2789,yellow_transition,yellow_transition,57,349.0,8.321136701025994,14,3,3,8.0,8.0,13.0,9.0
2790,yellow_transition,yellow_transition,57,363.0,8.160586975069515,14,3,3,8.0,8.0,13.0,9.0
2791,main_green,side_green,57,213.0,8.139111425972715,11,2,0,8.0,8.0,13.0,9.0
2792,main_green,side_green,58,151.0,8.139866976262358,10,2,0,8.0,8.0,13.0,9.0
2793,main_green,side_green,59,158.0,8.221675064324321,10,2,0,8.0,8.0,13.0,9.0
2794,main_green,side_green,59,168.0,8.707397442117413,10,2,0,8.0,8.0,13.0,9.0
2795,main_green,side_green,59,178.0,9.076918961972986,10,2,0,8.0,8.0,13.0,9.0
2796,main_green,side_green,62,189.0,8.654260398701664,16,2,0,8.0,8.0,13.0,9.0
2797,main_green,side_green,62,200.0,9.073149570453278,11,2,0,8.0,8.0,13.0,9.0
2798,main_green,side_green,62,211.0,9.092685173446494,12,2,0,8.0,8.0,13.0,9.0
2799,main_green,side_green,62,222.0,9.18541475866371,11,2,0,8.0,8.0,13.0,9.0
2800,main_green,side_green,63,233.0,9.109516522549704,12,2,0,8.0,8.0,13.0,9.0
2801,yellow_transition,yellow_transition,62,245.0,8.951343276045597,12,3,1,11.0,5.0,-10.0,12.0
2802,yellow_transition,yellow_transition,61,259.0,8.865134290223448,14,3,1,11.0,5.0,-10.0,12.0
2803,yellow_transition,yellow_transition,62,273.0,8.64269977336854,15,3,1,11.0,5.0,-10.0,12.0
2804,side_green,main_green,62,84.0,8.35385705335999,9,0,2,11.0,5.0,-10.0,12.0
2805,side_green,main_green,62,7.0,8.579011083171496,3,0,2,11.0,5.0,-10.0,12.0
2806,side_green,main_green,61,3.0,8.903528593992279,1,0,2,11.0,5.0,-10.0,12.0
2807,side_green,main_green,61,5.0,9.355014364865758,2,0,2,11.0,5.0,-10.0,12.0
2808,side_green,main_green,66,8.0,9.26595321467542,8,0,2,11.0,5.0,-10.0,12.0
2809,side_green,main_green,63,12.0,9.617820909141146,5,0,2,11.0,5.0,-10.0,12.0
2810,side_green,main_green,61,16.0,10.090705999928627,4,0,2,11.0,5.0,-10.0,12.0
2811,side_green,main_green,58,21.0,10.386872626675078,5,0,2,11.0,5.0,-10.0,12.0
2812,side_green,main_green,57,26.0,10.499538340775366,6,0,2,11.0,5.0,-10.0,12.0
2813,side_green,main_green,54,31.0,10.445975774031433,5,0,2,11.0,5.0,-10.0,12.0
2814,yellow_transition,yellow_transition,55,37.0,10.19495030427464,7,1,3,-9.0,13.0,-1.0,5.0
2815,yellow_transition,yellow_transition,53,43.0,10.227144126184994,6,1,3,-9.0,13.0,-1.0,5.0
2816,yellow_transition,yellow_transition,54,51.0,10.060715961930613,9,1,3,-9.0,13.0,-1.0,5.0
2817,main_green,main_green,54,29.0,10.173493648989924,4,2,2,-9.0,13.0,-1.0,5.0
2818,main_green,main_green,54,31.0,10.52746921698941,4,2,2,-9.0,13.0,-1.0,5.0
2819,main_green,main_green,55,35.0,10.590006522814672,5,2,2,-9.0,13.0,-1.0,5.0
2820,main_green,main_green,60,39.0,10.032645826387524,9,2,2,-9.0,13.0,-1.0,5.0
2821,main_green,main_green,60,43.0,10.318541569601951,4,2,2,-9.0,13.0,-1.0,5.0
2822,main_green,main_green,57,47.0,10.653103264855044,4,2,2,-9.0,13.0,-1.0,5.0
2823,main_green,main_green,54,51.0,10.854466034729528,4,2,2,-9.0,13.0,-1.0,5.0
2824,main_green,main_green,55,55.0,10.652845996676444,6,2,2,-9.0,13.0,-1.0,5.0
2825,main_green,main_green,53,59.0,10.557857507169425,4,2,2,-9.0,13.0,-1.0,5.0
2826,main_green,main_green,52,63.0,10.486597152270422,4,2,2,-9.0,13.0,-1.0,5.0
2827,main_green,main_green,50,68.0,10.413539540541286,5,2,2,-4.0,12.0,1.0,7.0
2828,main_green,main_green,51,74.0,10.212493374476372,7,2,2,-4.0,12.0,1.0,7.0
2829,main_green,main_green,52,82.0,10.101348923171063,9,2,2,-4.0,12.0,1.0,7.0
2830,main_green,main_green,50,90.0,10.05573648111786,8,2,2,-4.0,12.0,1.0,7.0
2831,main_green,main_green,49,98.0,10.127974259004093,8,2,2,-4.0,12.0,1.0,7.0
2832,main_green,main_green,52,106.0,9.113537729480745,13,2,2,-4.0,12.0,1.0,7.0
2833,main_green,main_green,52,114.0,9.464368976087735,8,2,2,-4.0,12.0,1.0,7.0
2834,main_green,main_green,51,122.0,9.288183181098132,9,2,2,-4.0,12.0,1.0,7.0
2835,main_green,main_green,51,130.0,9.488983483387416,8,2,2,-4.0,12.0,1.0,7.0
2836,main_green,main_green,52,138.0,9.571542540977799,9,2,2,-4.0,12.0,1.0,7.0
2837,main_green,main_green,51,146.0,9.503089526457767,8,2,2,-1.0,9.0,11.0,15.0
2838,main_green,main_green,51,154.0,9.55514255678092,8,2,2,-1.0,9.0,11.0,15.0
2839,main_green,main_green,52,163.0,9.50103292029264,10,2,2,-1.0,9.0,11.0,15.0
2840,main_green,main_green,53,172.0,9.128768505460757,10,2,2,-1.0,9.0,11.0,15.0
2841,main_green,main_green,53,182.0,9.331380696192744,10,2,2,-1.0,9.0,11.0,15.0
2842,main_green,main_green,52,194.0,9.368083379029377,12,2,2,-1.0,9.0,11.0,15.0
2843,main_green,main_green,50,206.0,9.2578843447073,12,2,2,-1.0,9.0,11.0,15.0
2844,main_green,main_green,55,218.0,8.483786039618536,17,2,2,-1.0,9.0,11.0,15.0
2845,main_green,main_green,56,230.0,8.66256996411884,13,2,2,-1.0,9.0,11.0,15.0
2846,main_green,main_green,56,242.0,8.890772339490493,12,2,2,-1.0,9.0,11.0,15.0
2847,main_green,main_green,55,254.0,8.865281944332558,12,2,2,3.0,9.0,15.0,17.0
2848,main_green,main_green,55,266.0,8.66114470328403,13,2,2,3.0,9.0,15.0,17.0
2849,main_green,main_green,55,278.0,8.585142811590037,12,2,2,3.0,9.0,15.0,17.0
2850,main_green,main_green,56,291.0,8.457543175734818,14,2,2,3.0,9.0,15.0,17.0
2851,main_green,main_green,56,306.0,8.53446215091397,15,2,2,3.0,9.0,15.0,17.0
2852,main_green,main_green,56,322.0,8.489712712211263,17,2,2,3.0,9.0,15.0,17.0
2853,main_green,main_green,55,338.0,8.579913439941349,16,2,2,3.0,9.0,15.0,17.0
2854,main_green,main_green,53,354.0,8.54196563592757,16,2,2,3.0,9.0,15.0,17.0
2855,main_green,main_green,53,370.0,8.288325509821881,17,2,2,3.0,9.0,15.0,17.0
2856,main_green,main_green,58,386.0,7.824044746251121,21,2,2,3.0,9.0,15.0,17.0
2857,yellow_transition,yellow_transition,58,402.0,7.969681459224937,16,3,3,10.0,12.0,17.0,13.0
2858,yellow_transition,yellow_transition,58,418.0,8.156040628464602,16,3,3,10.0,12.0,17.0,13.0
2859,yellow_transition,yellow_transition,58,434.0,7.938549018082792,16,3,3,10.0,12.0,17.0,13.0
2860,main_green,side_green,60,251.0,7.745398042989871,14,2,0,10.0,12.0,17.0,13.0
2861,main_green,side_green,59,152.0,7.822340500049051,8,2,0,10.0,12.0,17.0,13.0
2862,main_green,side_green,59,138.0,8.114293421657143,8,2,0,10.0,12.0,17.0,13.0
2863,main_green,side_green,58,147.0,8.266415774885195,9,2,0,10.0,12.0,17.0,13.0
2864,main_green,side_green,59,157.0,8.394533626668213,11,2,0,10.0,12.0,17.0,13.0
2865,main_green,side_green,60,167.0,8.596408151322139,11,2,0,10.0,12.0,17.0,13.0
2866,main_green,side_green,59,179.0,8.801364498538334,12,2,0,10.0,12.0,17.0,13.0
2867,main_green,side_green,59,192.0,9.05361118636425,13,2,0,10.0,12.0,17.0,13.0
2868,main_green,side_green,63,205.0,8.29544730528421,18,2,0,10.0,12.0,17.0,13.0
2869,main_green,side_green,63,218.0,8.50650373210254,13,2,0,10.0,12.0,17.0,13.0
2870,yellow_transition,yellow_transition,64,232.0,8.547084355585755,15,3,1,11.0,3.0,-11.0,15.0
2871,yellow_transition,yellow_transition,63,246.0,8.618271126704444,14,3,1,11.0,3.0,-11.0,15.0
2872,yellow_transition,yellow_transition,63,261.0,8.355133922231676,16,3,1,11.0,3.0,-11.0,15.0
2873,side_green,main_green,62,77.0,8.392462916460074,7,0,2,11.0,3.0,-11.0,15.0
2874,side_green,main_green,61,0.0,8.531959008440081,0,0,2,11.0,3.0,-11.0,15.0
2875,side_green,main_green,61,0.0,8.699434017538604,1,0,2,11.0,3.0,-11.0,15.0
2876,side_green,main_green,61,0.0,8.973011171892258,1,0,2,11.0,3.0,-11.0,15.0
2877,side_green,main_green,60,3.0,9.292743942832859,3,0,2,11.0,3.0,-11.0,15.0
2878,side_green,main_green,59,6.0,9.920013813399663,3,0,2,11.0,3.0,-11.0,15.0
2879,side_green,main_green,58,11.0,10.36647769851172,5,0,2,11.0,3.0,-11.0,15.0
2880,side_green,main_green,62,16.0,9.759834578772033,10,0,2,11.0,3.0,-11.0,15.0
2881,side_green,main_green,61,22.0,9.742547802231488,7,0,2,11.0,3.0,-11.0,15.0
2882,side_green,main_green,58,28.0,9.979744453010314,6,0,2,11.0,3.0,-11.0,15.0
2883,yellow_transition,yellow_transition,57,35.0,10.304405192305403,7,1,3,-7.0,17.0,-6.0,-2.0
2884,yellow_transition,yellow_transition,55,42.0,9.970558433862482,8,1,3,-7.0,17.0,-6.0,-2.0
2885,yellow_transition,yellow_transition,54,49.0,10.038510978399083,7,1,3,-7.0,17.0,-6.0,-2.0
2886,main_green,main_green,54,22.0,9.793758145263904,4,2,2,-7.0,17.0,-6.0,-2.0
2887,main_green,main_green,54,20.0,9.737255326331294,2,2,2,-7.0,17.0,-6.0,-2.0
2888,main_green,main_green,55,23.0,9.614161263306476,4,2,2,-7.0,17.0,-6.0,-2.0
2889,main_green,main_green,55,29.0,9.960196211572153,6,2,2,-7.0,17.0,-6.0,-2.0
2890,main_green,main_green,55,35.0,10.36354791495226,6,2,2,-7.0,17.0,-6.0,-2.0
2891,main_green,main_green,54,41.0,10.275544851566213,7,2,2,-7.0,17.0,-6.0,-2.0
2892,main_green,main_green,58,47.0,9.66161091420305,11,2,2,-7.0,17.0,-6.0,-2.0
2893,main_green,main_green,56,53.0,9.844900166532378,6,2,2,-7.0,17.0,-6.0,-2.0
2894,main_green,main_green,54,59.0,10.101433627574917,6,2,2,-7.0,17.0,-6.0,-2.0
2895,main_green,main_green,53,65.0,10.296597601355941,6,2,2,-7.0,17.0,-6.0,-2.0
2896,main_green,main_green,53,71.0,9.900823288338293,8,2,2,3.0,19.0,-2.0,2.0
2897,main_green,main_green,53,77.0,10.029460436419114,6,2,2,3.0,19.0,-2.0,2.0
2898,main_green,main_green,53,83.0,9.938360193527364,6,2,2,3.0,19.0,-2.0,2.0
2899,main_green,main_green,53,90.0,10.003738437090567,7,2,2,3.0,19.0,-2.0,2.0
2900,main_green,main_green,52,98.0,9.624165556420179,9,2,2,3.0,19.0,-2.0,2.0
2901,main_green,main_green,53,106.0,9.490235978728473,9,2,2,3.0,19.0,-2.0,2.0
2902,main_green,main_green,52,115.0,9.602025062958331,9,2,2,3.0,19.0,-2.0,2.0
2903,main_green,main_green,51,124.0,9.572380773742367,9,2,2,3.0,19.0,-2.0,2.0
2904,main_green,main_green,56,134.0,8.8741521618164,15,2,2,3.0,19.0,-2.0,2.0
2905,main_green,main_green,54,144.0,9.058881200187667,10,2,2,3.0,19.0,-2.0,2.0
2906,main_green,main_green,54,154.0,8.976297181919026,11,2,2,4.0,14.0,9.0,15.0
2907,main_green,main_green,54,164.0,9.0783638947213,10,2,2,4.0,14.0,9.0,15.0
2908,main_green,main_green,55,174.0,9.031608484602806,11,2,2,4.0,14.0,9.0,15.0
2909,main_green,main_green,55,184.0,9.020867352143522,10,2,2,4.0,14.0,9.0,15.0
2910,main_green,main_green,55,194.0,9.03858420381106,10,2,2,4.0,14.0,9.0,15.0
2911,main_green,main_green,55,205.0,8.805613060181573,12,2,2,4.0,14.0,9.0,15.0
2912,main_green,main_green,56,218.0,8.716382048130857,14,2,2,4.0,14.0,9.0,15.0
2913,main_green,main_green,56,232.0,8.860995095470148,14,2,2,4.0,14.0,9.0,15.0
2914,main_green,main_green,54,246.0,8.853901647539923,14,2,2,4.0,14.0,9.0,15.0
2915,main_green,main_green,53,260.0,8.833130572563487,14,2,2,4.0,14.0,9.0,15.0
2916,main_green,main_green,57,274.0,8.002665573839835,19,2,2,3.0,7.0,12.0,12.0
2917,main_green,main_green,58,288.0,8.249680529867183,15,2,2,3.0,7.0,12.0,12.0
2918,main_green,main_green,58,302.0,8.543904172109446,14,2,2,3.0,7.0,12.0,12.0
2919,main_green,main_green,58,316.0,8.539357237019717,14,2,2,3.0,7.0,12.0,12.0
2920,main_green,main_green,59,330.0,8.311309513537973,15,2,2,3.0,7.0,12.0,12.0
2921,main_green,main_green,58,344.0,8.308332406406373,14,2,2,3.0,7.0,12.0,12.0
2922,main_green,main_green,59,358.0,8.169737501353938,15,2,2,3.0,7.0,12.0,12.0
2923,main_green,main_green,59,375.0,8.34338532460936,17,2,2,3.0,7.0,12.0,12.0
2924,main_green,main_green,59,392.0,8.12170458619169,18,2,2,3.0,7.0,12.0,12.0
2925,main_green,main_green,59,410.0,8.228480366604982,18,2,2,3.0,7.0,12.0,12.0
2926,yellow_transition,yellow_transition,59,428.0,8.282915799814973,18,3,3,7.0,9.0,13.0,11.0
2927,yellow_transition,yellow_transition,60,446.0,8.110645554949604,19,3,3,7.0,9.0,13.0,11.0
2928,yellow_transition,yellow_transition,65,464.0,7.423558628042628,23,3,3,7.0,9.0,13.0,11.0
2929,main_green,side_green,65,296.0,7.642156812850999,14,2,0,7.0,9.0,13.0,11.0
2930,main_green,side_green,65,214.0,8.026511833150261,11,2,0,7.0,9.0,13.0,11.0
2931,main_green,side_green,65,208.0,8.391304066840805,10,2,0,7.0,9.0,13.0,11.0
2932,main_green,side_green,67,218.0,8.410039947750123,12,2,0,7.0,9.0,13.0,11.0
2933,main_green,side_green,66,229.0,8.690012562478701,11,2,0,7.0,9.0,13.0,11.0
2934,main_green,side_green,65,240.0,9.064162535439026,11,2,0,7.0,9.0,13.0,11.0
2935,main_green,side_green,64,251.0,9.302983869604127,11,2,0,7.0,9.0,13.0,11.0
2936,main_green,side_green,61,264.0,9.207832000160053,14,2,0,7.0,9.0,13.0,11.0
2937,main_green,side_green,60,277.0,8.938403971059953,14,2,0,7.0,9.0,13.0,11.0
2938,main_green,side_green,60,290.0,9.029910353227733,13,2,0,7.0,9.0,13.0,11.0
2939,yellow_transition,yellow_transition,59,304.0,8.926230179343733,14,3,1,10.0,4.0,-14.0,14.0
2940,yellow_transition,yellow_transition,63,318.0,8.267392950661739,19,3,1,10.0,4.0,-14.0,14.0
2941,yellow_transition,yellow_transition,63,332.0,8.208817720278983,14,3,1,10.0,4.0,-14.0,14.0
2942,side_green,main_green,64,115.0,8.408074508986061,8,0,2,10.0,4.0,-14.0,14.0
2943,side_green,main_green,63,16.0,8.655639238539724,2,0,2,10.0,4.0,-14.0,14.0
2944,side_green,main_green,64,1.0,8.9901990833822,2,0,2,10.0,4.0,-14.0,14.0
2945,side_green,main_green,64,2.0,9.470802550980885,1,0,2,10.0,4.0,-14.0,14.0
2946,side_green,main_green,62,4.0,9.75325065150923,2,0,2,10.0,4.0,-14.0,14.0
2947,side_green,main_green,62,6.0,10.105457383720626,3,0,2,10.0,4.0,-14.0,14.0
2948,side_green,main_green,61,11.0,10.25634314213714,6,0,2,10.0,4.0,-14.0,14.0
2949,side_green,main_green,58,16.0,10.317454320314177,5,0,2,10.0,4.0,-14.0,14.0
2950,side_green,main_green,57,21.0,10.40239113659334,5,0,2,10.0,4.0,-14.0,14.0
2951,side_green,main_green,55,28.0,10.38779521499326,7,0,2,10.0,4.0,-14.0,14.0
2952,yellow_transition,yellow_transition,59,36.0,9.593221068816902,13,1,3,-14.0,12.0,-8.0,2.0
2953,yellow_transition,yellow_transition,57,44.0,9.548230201055699,9,1,3,-14.0,12.0,-8.0,2.0
2954,yellow_transition,yellow_transition,57,52.0,9.793061427931049,8,1,3,-14.0,12.0,-8.0,2.0
2955,main_green,main_green,56,25.0,10.130184856382238,4,2,2,-14.0,12.0,-8.0,2.0
2956,main_green,main_green,56,18.0,9.984183661815223,3,2,2,-14.0,12.0,-8.0,2.0
2957,main_green,main_green,56,20.0,10.195881697809968,2,2,2,-14.0,12.0,-8.0,2.0
2958,main_green,main_green,57,22.0,10.329047613746665,3,2,2,-14.0,12.0,-8.0,2.0
2959,main_green,main_green,57,24.0,10.408301403384481,2,2,2,-14.0,12.0,-8.0,2.0
2960,main_green,main_green,56,28.0,10.458914074047234,5,2,2,-14.0,12.0,-8.0,2.0
2961,main_green,main_green,54,34.0,10.649473762257056,6,2,2,-14.0,12.0,-8.0,2.0
2962,main_green,main_green,53,40.0,10.844806783420047,6,2,2,-14.0,12.0,-8.0,2.0
2963,main_green,main_green,51,46.0,10.607629371203716,7,2,2,-14.0,12.0,-8.0,2.0
2964,main_green,main_green,56,52.0,9.693394298020014,11,2,2,-14.0,12.0,-8.0,2.0
2965,main_green,main_green,52,58.0,9.769551852915342,6,2,2,-2.0,14.0,0.0,8.0
2966,main_green,main_green,52,64.0,10.142700963387032,6,2,2,-2.0,14.0,0.0,8.0
2967,main_green,main_green,52,70.0,10.3083931269429,6,2,2,-2.0,14.0,0.0,8.0
2968,main_green,main_green,53,76.0,9.974433105169892,8,2,2,-2.0,14.0,0.0,8.0
2969,main_green,main_green,53,82.0,10.097168884076892,6,2,2,-2.0,14.0,0.0,8.0
2970,main_green,main_green,52,88.0,9.980324245305098,6,2,2,-2.0,14.0,0.0,8.0
2971,main_green,main_green,52,94.0,10.047421815594943,6,2,2,-2.0,14.0,0.0,8.0
2972,main_green,main_green,52,102.0,9.715819049109744,9,2,2,-2.0,14.0,0.0,8.0
2973,main_green,main_green,52,111.0,9.569881890528688,10,2,2,-2.0,14.0,0.0,8.0
2974,main_green,main_green,51,121.0,9.801018979842487,10,2,2,-2.0,14.0,0.0,8.0
2975,main_green,main_green,50,131.0,9.695099998990003,10,2,2,-2.0,8.0,6.0,16.0
2976,main_green,main_green,55,141.0,9.022167645184771,15,2,2,-2.0,8.0,6.0,16.0
2977,main_green,main_green,55,151.0,9.290843500018758,10,2,2,-2.0,8.0,6.0,16.0
2978,main_green,main_green,56,161.0,9.354142021571983,11,2,2,-2.0,8.0,6.0,16.0
2979,main_green,main_green,55,171.0,9.652377927829283,10,2,2,-2.0,8.0,6.0,16.0
2980,main_green,main_green,55,181.0,9.389842592317589,11,2,2,-2.0,8.0,6.0,16.0
2981,main_green,main_green,54,191.0,9.330851284170247,10,2,2,-2.0,8.0,6.0,16.0
2982,main_green,main_green,54,201.0,9.458876023325185,10,2,2,-2.0,8.0,6.0,16.0
2983,main_green,main_green,54,211.0,9.07846483427037,11,2,2,-2.0,8.0,6.0,16.0
2984,main_green,main_green,55,221.0,8.89640464292338,11,2,2,-2.0,8.0,6.0,16.0
2985,main_green,main_green,55,235.0,9.004599173577715,14,2,2,3.0,7.0,11.0,13.0
2986,main_green,main_green,54,249.0,9.103406600831457,14,2,2,3.0,7.0,11.0,13.0
2987,main_green,main_green,54,263.0,9.151913136688078,14,2,2,3.0,7.0,11.0,13.0
2988,main_green,main_green,58,277.0,8.510356104941655,19,2,2,3.0,7.0,11.0,13.0
2989,main_green,main_green,59,291.0,8.493316929550303,15,2,2,3.0,7.0,11.0,13.0
2990,main_green,main_green,59,305.0,8.804982462764318,14,2,2,3.0,7.0,11.0,13.0
2991,main_green,main_green,58,319.0,8.79204086986218,14,2,2,3.0,7.0,11.0,13.0
2992,main_green,main_green,57,333.0,8.42685466899957,15,2,2,3.0,7.0,11.0,13.0
2993,main_green,main_green,57,347.0,8.44766129361522,14,2,2,3.0,7.0,11.0,13.0
2994,main_green,main_green,58,361.0,8.455269471324106,15,2,2,3.0,7.0,11.0,13.0
2995,yellow_transition,yellow_transition,58,376.0,8.485319077657866,15,3,3,10.0,12.0,10.0,6.0
2996,yellow_transition,yellow_transition,59,391.0,8.205628266209636,16,3,3,10.0,12.0,10.0,6.0
2997,yellow_transition,yellow_transition,59,408.0,8.13871942878304,17,3,3,10.0,12.0,10.0,6.0
2998,main_green,side_green,58,247.0,8.20363445587692,14,2,0,10.0,12.0,10.0,6.0
2999,main_green,side_green,59,176.0,8.207929213092397,12,2,0,10.0,12.0,10.0,6.0
3000,main_green,side_green,63,178.0,7.884906330959533,15,2,0,10.0,12.0,10.0,6.0
3001,main_green,side_green,63,188.0,8.37468581835834,10,2,0,10.0,12.0,10.0,6.0
3002,main_green,side_green,63,198.0,8.829985790338766,10,2,0,10.0,12.0,10.0,6.0
3003,main_green,side_green,61,209.0,8.94913314599068,11,2,0,10.0,12.0,10.0,6.0
3004,main_green,side_green,63,220.0,8.847322988321732,13,2,0,10.0,12.0,10.0,6.0
3005,main_green,side_green,62,231.0,9.010107813819053,11,2,0,10.0,12.0,10.0,6.0
3006,main_green,side_green,61,245.0,9.16658854679182,14,2,0,10.0,12.0,10.0,6.0
3007,main_green,side_green,59,260.0,9.090190183329106,15,2,0,10.0,12.0,10.0,6.0
3008,yellow_transition,yellow_transition,58,275.0,8.633961476130496,16,3,1,11.0,5.0,-15.0,13.0
3009,yellow_transition,yellow_transition,59,290.0,8.338649667704482,16,3,1,11.0,5.0,-15.0,13.0
3010,yellow_transition,yellow_transition,59,306.0,8.225964025243647,16,3,1,11.0,5.0,-15.0,13.0
3011,side_green,main_green,59,103.0,8.45868530158399,9,0,2,11.0,5.0,-15.0,13.0
3012,side_green,main_green,63,14.0,8.111998658276862,8,0,2,11.0,5.0,-15.0,13.0
3013,side_green,main_green,62,3.0,8.658652809671825,2,0,2,11.0,5.0,-15.0,13.0
3014,side_green,main_green,63,5.0,9.039226319387833,3,0,2,11.0,5.0,-15.0,13.0
3015,side_green,main_green,62,7.0,9.604679682945113,2,0,2,11.0,5.0,-15.0,13.0
3016,side_green,main_green,61,9.0,10.046110452385147,3,0,2,11.0,5.0,-15.0,13.0
3017,side_green,main_green,58,13.0,10.40339428789845,4,0,2,11.0,5.0,-15.0,13.0
3018,side_green,main_green,57,18.0,10.892688513868562,5,0,2,11.0,5.0,-15.0,13.0
3019,side_green,main_green,56,23.0,10.620253715214364,6,0,2,11.0,5.0,-15.0,13.0
3020,side_green,main_green,56,29.0,10.337088126134365,7,0,2,11.0,5.0,-15.0,13.0
3021,yellow_transition,yellow_transition,55,35.0,10.30716160924005,6,1,3,-12.0,18.0,-9.0,1.0
3022,yellow_transition,yellow_transition,52,43.0,10.042742903727772,8,1,3,-12.0,18.0,-9.0,1.0
3023,yellow_transition,yellow_transition,52,52.0,9.886870333912068,9,1,3,-12.0,18.0,-9.0,1.0
3024,main_green,main_green,56,23.0,9.073566092926312,10,2,2,-12.0,18.0,-9.0,1.0
3025,main_green,main_green,57,8.0,9.381182137199666,3,2,2,-12.0,18.0,-9.0,1.0
3026,main_green,main_green,56,10.0,9.980540647628029,2,2,2,-12.0,18.0,-9.0,1.0
3027,main_green,main_green,56,12.0,10.442149197167296,2,2,2,-12.0,18.0,-9.0,1.0
3028,main_green,main_green,57,14.0,10.638202258278229,3,2,2,-12.0,18.0,-9.0,1.0
3029,main_green,main_green,57,16.0,10.913055400172217,2,2,2,-12.0,18.0,-9.0,1.0
3030,main_green,main_green,55,18.0,10.769802385921974,3,2,2,-12.0,18.0,-9.0,1.0
3031,main_green,main_green,53,21.0,10.841361237213787,3,2,2,-12.0,18.0,-9.0,1.0
3032,main_green,main_green,54,25.0,10.671705538785739,5,2,2,-12.0,18.0,-9.0,1.0
3033,main_green,main_green,51,29.0,10.659094059720859,4,2,2,-12.0,18.0,-9.0,1.0
3034,main_green,main_green,50,35.0,10.7143178210007,6,2,2,-5.0,15.0,-4.0,6.0
3035,main_green,main_green,49,41.0,10.567676938645924,7,2,2,-5.0,15.0,-4.0,6.0
3036,main_green,main_green,54,47.0,9.75246106349603,11,2,2,-5.0,15.0,-4.0,6.0
3037,main_green,main_green,52,53.0,9.984465328013734,6,2,2,-5.0,15.0,-4.0,6.0
3038,main_green,main_green,52,59.0,10.111438307303754,6,2,2,-5.0,15.0,-4.0,6.0
3039,main_green,main_green,50,65.0,10.295704716550683,6,2,2,-5.0,15.0,-4.0,6.0
3040,main_green,main_green,52,71.0,10.083961163584094,8,2,2,-5.0,15.0,-4.0,6.0
3041,main_green,main_green,50,77.0,10.213568977723158,6,2,2,-5.0,15.0,-4.0,6.0
3042,main_green,main_green,49,83.0,10.097126391895356,6,2,2,-5.0,15.0,-4.0,6.0
3043,main_green,main_green,49,91.0,10.088133492971657,8,2,2,-5.0,15.0,-4.0,6.0
3044,main_green,main_green,50,99.0,9.859118172447067,9,2,2,-3.0,7.0,8.0,18.0
3045,main_green,main_green,50,107.0,9.51970135884748,9,2,2,-3.0,7.0,8.0,18.0
3046,main_green,main_green,50,116.0,9.651954746495974,9,2,2,-3.0,7.0,8.0,18.0
3047,main_green,main_green,50,126.0,9.929794871354009,10,2,2,-3.0,7.0,8.0,18.0
3048,main_green,main_green,54,136.0,9.00131065325077,15,2,2,-3.0,7.0,8.0,18.0
3049,main_green,main_green,54,146.0,9.195104983997984,10,2,2,-3.0,7.0,8.0,18.0
3050,main_green,main_green,55,156.0,9.347279235300148,11,2,2,-3.0,7.0,8.0,18.0
3051,main_green,main_green,54,166.0,9.408705016776194,10,2,2,-3.0,7.0,8.0,18.0
3052,main_green,main_green,53,176.0,9.27424980162752,11,2,2,-3.0,7.0,8.0,18.0
3053,main_green,main_green,52,186.0,9.035775378674975,10,2,2,-3.0,7.0,8.0,18.0
3054,main_green,main_green,52,196.0,9.070049014397636,10,2,2,3.0,11.0,13.0,15.0
3055,main_green,main_green,53,206.0,8.86545807698692,11,2,2,3.0,11.0,13.0,15.0
3056,main_green,main_green,54,219.0,8.78588085195564,14,2,2,3.0,11.0,13.0,15.0
3057,main_green,main_green,54,232.0,8.89938229262916,13,2,2,3.0,11.0,13.0,15.0
3058,main_green,main_green,54,246.0,8.971937089634825,14,2,2,3.0,11.0,13.0,15.0
3059,main_green,main_green,54,260.0,9.114884179464825,14,2,2,3.0,11.0,13.0,15.0
3060,main_green,main_green,58,274.0,8.34680921313603,19,2,2,3.0,11.0,13.0,15.0
3061,main_green,main_green,58,288.0,8.283168278029702,15,2,2,3.0,11.0,13.0,15.0
3062,main_green,main_green,57,302.0,8.536665890434866,14,2,2,3.0,11.0,13.0,15.0
3063,main_green,main_green,57,316.0,8.573681833339474,14,2,2,3.0,11.0,13.0,15.0
3064,yellow_transition,yellow_transition,57,330.0,8.491866508972755,15,3,3,8.0,6.0,13.0,11.0
3065,yellow_transition,yellow_transition,57,344.0,8.303065156464715,14,3,3,8.0,6.0,13.0,11.0
3066,yellow_transition,yellow_transition,58,358.0,7.897658365745169,15,3,3,8.0,6.0,13.0,11.0
3067,side_green,side_green,58,96.0,7.938420410780749,6,0,0,8.0,6.0,13.0,11.0
3068,side_green,side_green,59,3.0,8.223900405631863,4,0,0,8.0,6.0,13.0,11.0
3069,side_green,side_green,59,4.0,8.707944223583318,2,0,0,8.0,6.0,13.0,11.0
3070,side_green,side_green,59,8.0,9.23745989331713,4,0,0,8.0,6.0,13.0,11.0
3071,side_green,side_green,59,12.0,9.578013133482548,5,0,0,8.0,6.0,13.0,11.0
3072,side_green,side_green,64,17.0,9.147307705806593,10,0,0,8.0,6.0,13.0,11.0
3073,side_green,side_green,63,23.0,9.448069964547267,6,0,0,8.0,6.0,13.0,11.0
3074,side_green,side_green,63,29.0,9.66280232007977,6,0,0,8.0,6.0,13.0,11.0
3075,side_green,side_green,60,36.0,9.75871182821597,7,0,0,8.0,6.0,13.0,11.0
3076,side_green,side_green,61,44.0,9.161776379040896,10,0,0,8.0,6.0,13.0,11.0
3077,yellow_transition,yellow_transition,61,54.0,9.26023093430378,10,1,1,-9.0,11.0,-10.0,10.0
3078,yellow_transition,yellow_transition,60,64.0,9.165398678996684,10,1,1,-9.0,11.0,-10.0,10.0
3079,yellow_transition,yellow_transition,59,75.0,8.922029445834442,11,1,1,-9.0,11.0,-10.0,10.0
3080,main_green,main_green,59,12.0,8.860157407832073,6,2,2,-9.0,11.0,-10.0,10.0
3081,main_green,main_green,60,2.0,8.962987284802086,3,2,2,-9.0,11.0,-10.0,10.0
3082,main_green,main_green,60,5.0,9.390797519971379,3,2,2,-9.0,11.0,-10.0,10.0
3083,main_green,main_green,59,8.0,9.936477927867761,3,2,2,-9.0,11.0,-10.0,10.0
3084,main_green,main_green,64,11.0,9.599848599792745,8,2,2,-9.0,11.0,-10.0,10.0
3085,main_green,main_green,59,14.0,9.977728672283021,3,2,2,-9.0,11.0,-10.0,10.0
3086,main_green,main_green,58,17.0,10.50466767072224,4,2,2,-9.0,11.0,-10.0,10.0
3087,main_green,main_green,55,20.0,10.829750719074358,3,2,2,-9.0,11.0,-10.0,10.0
3088,main_green,main_green,52,23.0,10.874396480180119,4,2,2,-9.0,11.0,-10.0,10.0
3089,main_green,main_green,48,26.0,10.756863682406541,3,2,2,-9.0,11.0,-10.0,10.0
3090,main_green,main_green,46,29.0,10.563318048639848,3,2,2,0.0,14.0,-3.0,7.0
3091,main_green,main_green,47,33.0,10.217659221685436,5,2,2,0.0,14.0,-3.0,7.0
3092,main_green,main_green,47,39.0,9.957121577129818,7,2,2,0.0,14.0,-3.0,7.0
3093,main_green,main_green,46,46.0,10.094525022449977,7,2,2,0.0,14.0,-3.0,7.0
3094,main_green,main_green,46,53.0,10.231579496444327,7,2,2,0.0,14.0,-3.0,7.0
3095,main_green,main_green,46,60.0,10.383888829381265,7,2,2,0.0,14.0,-3.0,7.0
3096,main_green,main_green,51,67.0,9.417031603323053,12,2,2,0.0,14.0,-3.0,7.0
3097,main_green,main_green,52,74.0,9.509473057911451,8,2,2,0.0,14.0,-3.0,7.0
3098,main_green,main_green,52,81.0,9.787182790558177,7,2,2,0.0,14.0,-3.0,7.0
3099,main_green,main_green,52,88.0,10.086908207845726,7,2,2,0.0,14.0,-3.0,7.0
3100,main_green,main_green,53,95.0,9.97595247139211,8,2,2,2.0,16.0,3.0,13.0
3101,main_green,main_green,53,102.0,9.933736544081835,7,2,2,2.0,16.0,3.0,13.0
3102,main_green,main_green,54,109.0,9.679312954346765,8,2,2,2.0,16.0,3.0,13.0
3103,main_green,main_green,54,116.0,9.687872013968311,7,2,2,2.0,16.0,3.0,13.0
3104,main_green,main_green,55,124.0,9.597980198724816,9,2,2,2.0,16.0,3.0,13.0
3105,main_green,main_green,55,134.0,9.613186350994708,10,2,2,2.0,16.0,3.0,13.0
3106,main_green,main_green,52,145.0,9.550737917914818,11,2,2,2.0,16.0,3.0,13.0
3107,main_green,main_green,52,156.0,9.460504546079987,12,2,2,2.0,16.0,3.0,13.0
3108,main_green,main_green,55,167.0,8.543908650935863,16,2,2,2.0,16.0,3.0,13.0
3109,main_green,main_green,54,178.0,8.762592462446472,11,2,2,2.0,16.0,3.0,13.0
3110,main_green,main_green,54,189.0,9.063876747212745,11,2,2,7.0,15.0,10.0,14.0
3111,main_green,main_green,53,200.0,9.118929900473068,11,2,2,7.0,15.0,10.0,14.0
3112,main_green,main_green,55,211.0,8.633574189838182,13,2,2,7.0,15.0,10.0,14.0
3113,main_green,main_green,55,222.0,8.706423448677693,11,2,2,7.0,15.0,10.0,14.0
3114,main_green,main_green,55,233.0,8.760578670508817,11,2,2,7.0,15.0,10.0,14.0
3115,main_green,main_green,54,244.0,8.6599259350109,11,2,2,7.0,15.0,10.0,14.0
3116,main_green,main_green,55,258.0,8.638878421699621,15,2,2,7.0,15.0,10.0,14.0
3117,main_green,main_green,56,273.0,8.517961229462824,16,2,2,7.0,15.0,10.0,14.0
3118,main_green,main_green,55,288.0,8.623299651762247,15,2,2,7.0,15.0,10.0,14.0
3119,main_green,main_green,55,303.0,8.678356787178544,15,2,2,7.0,15.0,10.0,14.0
3120,main_green,main_green,60,318.0,8.088716420639484,20,2,2,6.0,10.0,7.0,9.0
3121,main_green,main_green,60,333.0,8.403335975952212,15,2,2,6.0,10.0,7.0,9.0
3122,main_green,main_green,61,348.0,8.440006716078425,16,2,2,6.0,10.0,7.0,9.0
3123,main_green,main_green,61,363.0,8.531843088962644,15,2,2,6.0,10.0,7.0,9.0
3124,main_green,main_green,62,378.0,8.599856033576822,16,2,2,6.0,10.0,7.0,9.0
3125,main_green,main_green,62,393.0,8.67119494242272,15,2,2,6.0,10.0,7.0,9.0
3126,main_green,main_green,62,408.0,8.540139695079624,15,2,2,6.0,10.0,7.0,9.0
3127,main_green,main_green,63,423.0,8.48713512067815,16,2,2,6.0,10.0,7.0,9.0
3128,main_green,main_green,64,438.0,8.40390576228943,16,2,2,6.0,10.0,7.0,9.0
3129,main_green,main_green,62,456.0,8.340782857539088,18,2,2,6.0,10.0,7.0,9.0
3130,yellow_transition,yellow_transition,61,475.0,8.416526502396888,19,3,3,11.0,9.0,12.0,6.0
3131,yellow_transition,yellow_transition,60,494.0,8.371977997626955,19,3,3,11.0,9.0,12.0,6.0
3132,yellow_transition,yellow_transition,65,513.0,7.719676486612729,24,3,3,11.0,9.0,12.0,6.0
3133,side_green,side_green,65,177.0,7.8000451747445645,12,0,0,11.0,9.0,12.0,6.0
3134,side_green,side_green,64,18.0,8.181485071816757,3,0,0,11.0,9.0,12.0,6.0
3135,side_green,side_green,63,1.0,8.554707651935123,1,0,0,11.0,9.0,12.0,6.0
3136,side_green,side_green,62,2.0,8.662601306064408,2,0,0,11.0,9.0,12.0,6.0
3137,side_green,side_green,60,5.0,9.134314273769384,3,0,0,11.0,9.0,12.0,6.0
3138,side_green,side_green,60,8.0,9.308319327506176,4,0,0,11.0,9.0,12.0,6.0
3139,side_green,side_green,59,12.0,9.750680364243149,4,0,0,11.0,9.0,12.0,6.0
3140,side_green,side_green,60,18.0,9.88676725618263,7,0,0,11.0,9.0,12.0,6.0
3141,side_green,side_green,59,25.0,10.029373978500216,7,0,0,11.0,9.0,12.0,6.0
3142,side_green,side_green,59,33.0,10.135238640821361,8,0,0,11.0,9.0,12.0,6.0
3143,yellow_transition,yellow_transition,59,42.0,9.756695361499093,10,1,1,-16.0,6.0,-15.0,7.0
3144,yellow_transition,yellow_transition,64,51.0,8.918108129907575,14,1,1,-16.0,6.0,-15.0,7.0
3145,yellow_transition,yellow_transition,64,62.0,9.065252885678614,11,1,1,-16.0,6.0,-15.0,7.0
3146,main_green,main_green,64,8.0,9.477462051213873,3,2,2,-16.0,6.0,-15.0,7.0
3147,main_green,main_green,63,0.0,9.87208073968853,0,2,2,-16.0,6.0,-15.0,7.0
3148,main_green,main_green,65,0.0,9.878467080327237,2,2,2,-16.0,6.0,-15.0,7.0
3149,main_green,main_green,65,0.0,10.393199620936649,0,2,2,-16.0,6.0,-15.0,7.0
3150,main_green,main_green,65,0.0,10.878070318874796,0,2,2,-16.0,6.0,-15.0,7.0
3151,main_green,main_green,63,0.0,11.1827525574585,0,2,2,-16.0,6.0,-15.0,7.0
3152,main_green,main_green,58,0.0,11.23161032795472,1,2,2,-16.0,6.0,-15.0,7.0
3153,main_green,main_green,56,0.0,11.079960651941983,1,2,2,-16.0,6.0,-15.0,7.0
3154,main_green,main_green,52,3.0,11.116480582040795,3,2,2,-16.0,6.0,-15.0,7.0
3155,main_green,main_green,49,6.0,11.045044168939363,3,2,2,-16.0,6.0,-15.0,7.0
3156,main_green,main_green,48,10.0,9.90659178022718,9,2,2,-6.0,8.0,-7.0,9.0
3157,main_green,main_green,48,14.0,10.178121165141997,4,2,2,-6.0,8.0,-7.0,9.0
3158,main_green,main_green,46,18.0,10.053214728373836,5,2,2,-6.0,8.0,-7.0,9.0
3159,main_green,main_green,46,22.0,10.518513897565244,4,2,2,-6.0,8.0,-7.0,9.0
3160,main_green,main_green,47,26.0,10.429134185105788,5,2,2,-6.0,8.0,-7.0,9.0
3161,main_green,main_green,47,30.0,10.579537837563329,4,2,2,-6.0,8.0,-7.0,9.0
3162,main_green,main_green,47,34.0,10.567749822795852,4,2,2,-6.0,8.0,-7.0,9.0
3163,main_green,main_green,48,38.0,10.272822969923354,5,2,2,-6.0,8.0,-7.0,9.0
3164,main_green,main_green,49,45.0,10.046039453345495,8,2,2,-6.0,8.0,-7.0,9.0
3165,main_green,main_green,49,52.0,10.158758589760593,7,2,2,-6.0,8.0,-7.0,9.0
3166,main_green,main_green,49,60.0,10.192600651334216,8,2,2,0.0,14.0,-1.0,13.0
3167,main_green,main_green,49,68.0,10.331071278834575,8,2,2,0.0,14.0,-1.0,13.0
3168,main_green,main_green,54,76.0,9.439759143050264,13,2,2,0.0,14.0,-1.0,13.0
3169,main_green,main_green,55,84.0,9.533678500781585,9,2,2,0.0,14.0,-1.0,13.0
3170,main_green,main_green,55,92.0,9.757107045721826,8,2,2,0.0,14.0,-1.0,13.0
3171,main_green,main_green,55,100.0,9.939250041416406,8,2,2,0.0,14.0,-1.0,13.0
3172,main_green,main_green,54,108.0,9.750753030340123,9,2,2,0.0,14.0,-1.0,13.0
3173,main_green,main_green,53,116.0,9.661671672015942,8,2,2,0.0,14.0,-1.0,13.0
3174,main_green,main_green,53,124.0,9.491299493235633,9,2,2,0.0,14.0,-1.0,13.0
3175,main_green,main_green,51,133.0,9.334496765686957,9,2,2,0.0,14.0,-1.0,13.0
3176,main_green,main_green,50,143.0,9.122901128602537,11,2,2,7.0,15.0,5.0,9.0
3177,main_green,main_green,50,154.0,9.306725390098007,11,2,2,7.0,15.0,5.0,9.0
3178,main_green,main_green,50,166.0,9.36078824840762,12,2,2,7.0,15.0,5.0,9.0
3179,main_green,main_green,51,178.0,9.267207057848792,13,2,2,7.0,15.0,5.0,9.0
3180,main_green,main_green,56,190.0,8.47101067759559,17,2,2,7.0,15.0,5.0,9.0
3181,main_green,main_green,56,202.0,8.82154739986825,12,2,2,7.0,15.0,5.0,9.0
3182,main_green,main_green,56,214.0,9.021313007861496,12,2,2,7.0,15.0,5.0,9.0
3183,main_green,main_green,56,226.0,9.157904130714124,12,2,2,7.0,15.0,5.0,9.0
3184,main_green,main_green,56,238.0,8.801530967475276,14,2,2,7.0,15.0,5.0,9.0
3185,main_green,main_green,56,250.0,8.923417339465272,12,2,2,7.0,15.0,5.0,9.0
3186,main_green,main_green,56,262.0,8.894770291525404,12,2,2,9.0,11.0,9.0,9.0
3187,main_green,main_green,56,274.0,8.896760726972362,12,2,2,9.0,11.0,9.0,9.0
3188,main_green,main_green,57,287.0,8.722320435908843,14,2,2,9.0,11.0,9.0,9.0
3189,main_green,main_green,58,302.0,8.65098473271815,16,2,2,9.0,11.0,9.0,9.0
3190,main_green,main_green,58,318.0,8.799728390802988,16,2,2,9.0,11.0,9.0,9.0
3191,main_green,main_green,58,334.0,8.839780682513082,16,2,2,9.0,11.0,9.0,9.0
3192,main_green,main_green,63,350.0,8.2959243782324,21,2,2,9.0,11.0,9.0,9.0
3193,main_green,main_green,63,366.0,8.407912368703126,16,2,2,9.0,11.0,9.0,9.0
3194,main_green,main_green,64,382.0,8.498075063395579,17,2,2,9.0,11.0,9.0,9.0
3195,main_green,main_green,61,398.0,8.365978680755024,16,2,2,9.0,11.0,9.0,9.0
3196,yellow_transition,yellow_transition,61,414.0,8.313870296887913,17,3,3,12.0,8.0,13.0,9.0
3197,yellow_transition,yellow_transition,60,430.0,8.26014799923929,16,3,3,12.0,8.0,13.0,9.0
3198,yellow_transition,yellow_transition,57,446.0,7.8097408220055495,16,3,3,12.0,8.0,13.0,9.0
3199,side_green,side_green,58,141.0,7.79758837390899,12,0,0,12.0,8.0,13.0,9.0
3200,side_green,side_green,59,7.0,7.986349540358712,5,0,0,12.0,8.0,13.0,9.0
3201,side_green,side_green,58,3.0,8.289610782423383,1,0,0,12.0,8.0,13.0,9.0
3202,side_green,side_green,57,5.0,8.73277242608645,2,0,0,12.0,8.0,13.0,9.0
3203,side_green,side_green,57,9.0,9.31654441655012,4,0,0,12.0,8.0,13.0,9.0
3204,side_green,side_green,61,14.0,8.92870801231577,10,0,0,12.0,8.0,13.0,9.0
3205,side_green,side_green,61,19.0,9.326391945782449,6,0,0,12.0,8.0,13.0,9.0
3206,side_green,side_green,61,24.0,9.641184052626393,5,0,0,12.0,8.0,13.0,9.0
3207,side_green,side_green,60,31.0,9.781121640676863,7,0,0,12.0,8.0,13.0,9.0
3208,side_green,side_green,61,38.0,9.793188938038917,8,0,0,12.0,8.0,13.0,9.0
3209,yellow_transition,yellow_transition,60,47.0,9.571111402690677,9,1,1,-11.0,9.0,-9.0,9.0
3210,yellow_transition,yellow_transition,60,57.0,9.265278511411445,11,1,1,-11.0,9.0,-9.0,9.0
3211,yellow_transition,yellow_transition,59,67.0,8.960131437111993,10,1,1,-11.0,9.0,-9.0,9.0
3212,main_green,main_green,60,16.0,8.868339035708289,7,2,2,-11.0,9.0,-9.0,9.0
3213,main_green,main_green,60,4.0,9.220483393746362,2,2,2,-11.0,9.0,-9.0,9.0
3214,main_green,main_green,59,6.0,9.49522728686624,2,2,2,-11.0,9.0,-9.0,9.0
3215,main_green,main_green,59,9.0,9.701394267997712,4,2,2,-11.0,9.0,-9.0,9.0
3216,main_green,main_green,64,12.0,9.434206316902605,8,2,2,-11.0,9.0,-9.0,9.0
3217,main_green,main_green,63,15.0,10.089059325842804,3,2,2,-11.0,9.0,-9.0,9.0
3218,main_green,main_green,59,18.0,10.514582413035573,3,2,2,-11.0,9.0,-9.0,9.0
3219,main_green,main_green,56,21.0,10.875492266709772,3,2,2,-11.0,9.0,-9.0,9.0
3220,main_green,main_green,54,24.0,10.552637146031472,5,2,2,-11.0,9.0,-9.0,9.0
3221,main_green,main_green,50,27.0,10.711268931786162,3,2,2,-11.0,9.0,-9.0,9.0
3222,main_green,main_green,50,30.0,10.680988759715667,3,2,2,-2.0,10.0,-3.0,11.0
3223,main_green,main_green,46,33.0,10.47375296261726,3,2,2,-2.0,10.0,-3.0,11.0
3224,main_green,main_green,47,36.0,10.225948804167002,4,2,2,-2.0,10.0,-3.0,11.0
3225,main_green,main_green,46,41.0,10.124884408742853,6,2,2,-2.0,10.0,-3.0,11.0
3226,main_green,main_green,46,48.0,10.147275298267457,7,2,2,-2.0,10.0,-3.0,11.0
3227,main_green,main_green,46,55.0,10.281594451030326,7,2,2,-2.0,10.0,-3.0,11.0
3228,main_green,main_green,51,62.0,9.336488643996734,12,2,2,-2.0,10.0,-3.0,11.0
3229,main_green,main_green,51,69.0,9.680916220838263,7,2,2,-2.0,10.0,-3.0,11.0
3230,main_green,main_green,52,76.0,9.677211765571014,8,2,2,-2.0,10.0,-3.0,11.0
3231,main_green,main_green,52,83.0,9.967804058415943,7,2,2,-2.0,10.0,-3.0,11.0
3232,main_green,main_green,53,90.0,9.841560894312,8,2,2,4.0,16.0,1.0,13.0
3233,main_green,main_green,53,97.0,9.863076725622125,7,2,2,4.0,16.0,1.0,13.0
3234,main_green,main_green,53,104.0,9.788522750080594,7,2,2,4.0,16.0,1.0,13.0
3235,main_green,main_green,54,113.0,9.561911579131095,10,2,2,4.0,16.0,1.0,13.0
3236,main_green,main_green,55,123.0,9.30140213920791,11,2,2,4.0,16.0,1.0,13.0
3237,main_green,main_green,55,133.0,9.44353724751659,10,2,2,4.0,16.0,1.0,13.0
3238,main_green,main_green,52,144.0,9.334696772035912,11,2,2,4.0,16.0,1.0,13.0
3239,main_green,main_green,52,155.0,9.395258731605388,11,2,2,4.0,16.0,1.0,13.0
3240,main_green,main_green,54,166.0,8.523686451186835,16,2,2,4.0,16.0,1.0,13.0
3241,main_green,main_green,55,177.0,8.542066663799792,12,2,2,4.0,16.0,1.0,13.0
3242,main_green,main_green,53,188.0,8.762548082926406,11,2,2,11.0,13.0,6.0,14.0
3243,main_green,main_green,53,199.0,8.974881939489086,11,2,2,11.0,13.0,6.0,14.0
3244,main_green,main_green,54,210.0,8.968012783023475,12,2,2,11.0,13.0,6.0,14.0
3245,main_green,main_green,54,221.0,9.044424434067619,11,2,2,11.0,13.0,6.0,14.0
3246,main_green,main_green,54,232.0,8.924847559362101,12,2,2,11.0,13.0,6.0,14.0
3247,main_green,main_green,54,243.0,8.864400209895077,11,2,2,11.0,13.0,6.0,14.0
3248,main_green,main_green,55,255.0,8.725796471304669,13,2,2,11.0,13.0,6.0,14.0
3249,main_green,main_green,54,269.0,8.660343092030464,14,2,2,11.0,13.0,6.0,14.0
3250,main_green,main_green,54,283.0,8.76425707435882,14,2,2,11.0,13.0,6.0,14.0
3251,main_green,main_green,55,298.0,8.61415779766989,16,2,2,11.0,13.0,6.0,14.0
3252,main_green,main_green,60,313.0,8.06034296880724,20,2,2,9.0,9.0,6.0,12.0
3253,main_green,main_green,60,328.0,8.307792698493822,15,2,2,9.0,9.0,6.0,12.0
3254,main_green,main_green,60,343.0,8.547861396934143,15,2,2,9.0,9.0,6.0,12.0
3255,main_green,main_green,60,358.0,8.641110391210054,15,2,2,9.0,9.0,6.0,12.0
3256,main_green,main_green,62,373.0,8.48179373543427,17,2,2,9.0,9.0,6.0,12.0
3257,main_green,main_green,62,388.0,8.766390308367273,15,2,2,9.0,9.0,6.0,12.0
3258,main_green,main_green,62,403.0,8.86340963452835,15,2,2,9.0,9.0,6.0,12.0
3259,main_green,main_green,62,418.0,8.802565037796752,15,2,2,9.0,9.0,6.0,12.0
3260,main_green,main_green,63,435.0,8.536161270351037,18,2,2,9.0,9.0,6.0,12.0
3261,main_green,main_green,61,453.0,8.128755255659698,19,2,2,9.0,9.0,6.0,12.0
3262,yellow_transition,yellow_transition,61,472.0,8.201449121780367,19,3,3,14.0,12.0,9.0,7.0
3263,yellow_transition,yellow_transition,59,491.0,8.089480987704105,19,3,3,14.0,12.0,9.0,7.0
3264,yellow_transition,yellow_transition,64,510.0,7.326894816615389,24,3,3,14.0,12.0,9.0,7.0
3265,side_green,side_green,61,177.0,7.422118742804715,11,0,0,14.0,12.0,9.0,7.0
3266,side_green,side_green,61,18.0,7.6775401934449246,4,0,0,14.0,12.0,9.0,7.0
3267,side_green,side_green,60,2.0,8.016904751394852,2,0,0,14.0,12.0,9.0,7.0
3268,side_green,side_green,60,5.0,8.227648641271864,4,0,0,14.0,12.0,9.0,7.0
3269,side_green,side_green,60,8.0,8.832605720372479,3,0,0,14.0,12.0,9.0,7.0
3270,side_green,side_green,60,13.0,9.548202936783655,5,0,0,14.0,12.0,9.0,7.0
3271,side_green,side_green,60,19.0,9.754024106133699,7,0,0,14.0,12.0,9.0,7.0
3272,side_green,side_green,61,26.0,9.772269213177474,8,0,0,14.0,12.0,9.0,7.0
3273,side_green,side_green,60,33.0,9.764195461781059,7,0,0,14.0,12.0,9.0,7.0
3274,side_green,side_green,60,41.0,9.661282185327089,8,0,0,14.0,12.0,9.0,7.0
3275,yellow_transition,yellow_transition,60,51.0,9.723539783989624,10,1,1,-18.0,6.0,-14.0,10.0
3276,yellow_transition,yellow_transition,63,62.0,8.786000123871416,16,1,1,-18.0,6.0,-14.0,10.0
3277,yellow_transition,yellow_transition,64,73.0,8.803134594432661,12,1,1,-18.0,6.0,-14.0,10.0
3278,main_green,main_green,64,11.0,9.11359857511902,3,2,2,-18.0,6.0,-14.0,10.0
3279,main_green,main_green,63,0.0,9.42565062698757,0,2,2,-18.0,6.0,-14.0,10.0
3280,main_green,main_green,64,0.0,9.526721536959107,1,2,2,-18.0,6.0,-14.0,10.0
3281,main_green,main_green,64,0.0,9.904883917080744,0,2,2,-18.0,6.0,-14.0,10.0
3282,main_green,main_green,65,0.0,10.097900984111272,1,2,2,-18.0,6.0,-14.0,10.0
3283,main_green,main_green,63,0.0,10.444997040293085,0,2,2,-18.0,6.0,-14.0,10.0
3284,main_green,main_green,60,3.0,10.574594800123696,4,2,2,-18.0,6.0,-14.0,10.0
3285,main_green,main_green,57,6.0,10.753590732933652,3,2,2,-18.0,6.0,-14.0,10.0
3286,main_green,main_green,55,9.0,11.040844350454881,3,2,2,-18.0,6.0,-14.0,10.0
3287,main_green,main_green,52,13.0,10.867974613622554,5,2,2,-18.0,6.0,-14.0,10.0
3288,main_green,main_green,52,17.0,9.771044251593764,9,2,2,-9.0,3.0,-6.0,12.0
3289,main_green,main_green,52,21.0,10.052355843884145,4,2,2,-9.0,3.0,-6.0,12.0
3290,main_green,main_green,50,25.0,10.31511118257623,4,2,2,-9.0,3.0,-6.0,12.0
3291,main_green,main_green,48,29.0,10.502020940334825,4,2,2,-9.0,3.0,-6.0,12.0
3292,main_green,main_green,49,33.0,10.181817870080028,6,2,2,-9.0,3.0,-6.0,12.0
3293,main_green,main_green,49,37.0,10.493516279367018,4,2,2,-9.0,3.0,-6.0,12.0
3294,main_green,main_green,49,41.0,10.632581233484709,4,2,2,-9.0,3.0,-6.0,12.0
3295,main_green,main_green,49,45.0,10.506586649895977,4,2,2,-9.0,3.0,-6.0,12.0
3296,main_green,main_green,50,49.0,10.16346836451569,5,2,2,-9.0,3.0,-6.0,12.0
3297,main_green,main_green,51,54.0,10.069995255168054,6,2,2,-9.0,3.0,-6.0,12.0
3298,main_green,main_green,51,62.0,10.115832682856992,8,2,2,-1.0,13.0,-1.0,13.0
3299,main_green,main_green,51,70.0,10.337961205444625,8,2,2,-1.0,13.0,-1.0,13.0
3300,main_green,main_green,56,78.0,9.464029079395265,13,2,2,-1.0,13.0,-1.0,13.0
3301,main_green,main_green,56,86.0,9.58528870414946,8,2,2,-1.0,13.0,-1.0,13.0
3302,main_green,main_green,57,94.0,9.673616107751787,9,2,2,-1.0,13.0,-1.0,13.0
3303,main_green,main_green,57,102.0,9.956702187224383,8,2,2,-1.0,13.0,-1.0,13.0
3304,main_green,main_green,56,110.0,9.754409558633835,9,2,2,-1.0,13.0,-1.0,13.0
3305,main_green,main_green,56,118.0,9.71848593082015,8,2,2,-1.0,13.0,-1.0,13.0
3306,main_green,main_green,53,126.0,9.515253503848037,8,2,2,-1.0,13.0,-1.0,13.0
3307,main_green,main_green,53,134.0,9.375700811506281,9,2,2,-1.0,13.0,-1.0,13.0
3308,main_green,main_green,53,145.0,9.080958757939499,12,2,2,3.0,7.0,6.0,16.0
3309,main_green,main_green,51,157.0,9.167034989344193,12,2,2,3.0,7.0,6.0,16.0
3310,main_green,main_green,50,169.0,9.214290192593367,12,2,2,3.0,7.0,6.0,16.0
3311,main_green,main_green,50,181.0,9.243873432644197,12,2,2,3.0,7.0,6.0,16.0
3312,main_green,main_green,55,193.0,8.49705278928978,17,2,2,3.0,7.0,6.0,16.0
3313,main_green,main_green,56,205.0,8.549783687068286,13,2,2,3.0,7.0,6.0,16.0
3314,main_green,main_green,56,217.0,8.848862132356578,12,2,2,3.0,7.0,6.0,16.0
3315,main_green,main_green,55,229.0,8.835349353879542,12,2,2,3.0,7.0,6.0,16.0
3316,main_green,main_green,56,241.0,8.728362085862086,13,2,2,3.0,7.0,6.0,16.0
3317,main_green,main_green,56,253.0,8.881294893892624,12,2,2,3.0,7.0,6.0,16.0
3318,main_green,main_green,57,265.0,8.643049712695454,13,2,2,8.0,8.0,8.0,8.0
3319,main_green,main_green,57,278.0,8.748032084113357,13,2,2,8.0,8.0,8.0,8.0
3320,main_green,main_green,58,293.0,8.578814586560613,16,2,2,8.0,8.0,8.0,8.0
3321,main_green,main_green,58,309.0,8.743620645002208,16,2,2,8.0,8.0,8.0,8.0
3322,main_green,main_green,57,325.0,8.726610712547766,16,2,2,8.0,8.0,8.0,8.0
3323,main_green,main_green,58,341.0,8.766000366542217,17,2,2,8.0,8.0,8.0,8.0
3324,main_green,main_green,63,357.0,8.191408733409212,21,2,2,8.0,8.0,8.0,8.0
3325,main_green,main_green,63,373.0,8.3687473876133,16,2,2,8.0,8.0,8.0,8.0
3326,main_green,main_green,62,389.0,8.583376488455572,16,2,2,8.0,8.0,8.0,8.0
3327,main_green,main_green,60,405.0,8.471649420170532,16,2,2,8.0,8.0,8.0,8.0
3328,yellow_transition,yellow_transition,61,421.0,8.040404068177198,18,3,3,14.0,14.0,11.0,7.0
3329,yellow_transition,yellow_transition,60,437.0,7.74986599800533,16,3,3,14.0,14.0,11.0,7.0
3330,yellow_transition,yellow_transition,59,454.0,7.485696206026895,17,3,3,14.0,14.0,11.0,7.0
3331,main_green,side_green,58,312.0,7.556253929300815,15,2,0,14.0,14.0,11.0,7.0
3332,main_green,side_green,58,253.0,7.410876347902886,13,2,0,14.0,14.0,11.0,7.0
3333,main_green,side_green,58,260.0,7.45211897607576,11,2,0,14.0,14.0,11.0,7.0
3334,main_green,side_green,57,272.0,7.750605834221172,12,2,0,14.0,14.0,11.0,7.0
3335,main_green,side_green,56,285.0,8.108757987944054,13,2,0,14.0,14.0,11.0,7.0
3336,main_green,side_green,61,299.0,7.628852347835818,19,2,0,14.0,14.0,11.0,7.0
3337,main_green,side_green,60,313.0,7.9091133520288786,14,2,0,14.0,14.0,11.0,7.0
3338,main_green,side_green,61,328.0,7.989351117220238,16,2,0,14.0,14.0,11.0,7.0
3339,main_green,side_green,60,343.0,8.129806354135535,15,2,0,14.0,14.0,11.0,7.0
3340,main_green,side_green,61,358.0,8.10932791767081,16,2,0,14.0,14.0,11.0,7.0
3341,yellow_transition,yellow_transition,61,374.0,8.238697359367354,16,3,1,15.0,3.0,-6.0,20.0
3342,yellow_transition,yellow_transition,60,392.0,8.089550514951936,18,3,1,15.0,3.0,-6.0,20.0
3343,yellow_transition,yellow_transition,60,411.0,7.997095861962918,20,3,1,15.0,3.0,-6.0,20.0
3344,side_green,main_green,61,172.0,8.16742976295189,12,0,2,15.0,3.0,-6.0,20.0
3345,side_green,main_green,61,38.0,8.620310490623497,4,0,2,15.0,3.0,-6.0,20.0
3346,side_green,main_green,61,0.0,9.04390692940351,0,0,2,15.0,3.0,-6.0,20.0
3347,side_green,main_green,60,0.0,9.51271655741406,0,0,2,15.0,3.0,-6.0,20.0
3348,side_green,main_green,65,1.0,9.354018143688583,6,0,2,15.0,3.0,-6.0,20.0
3349,side_green,main_green,66,3.0,9.935729821079102,3,0,2,15.0,3.0,-6.0,20.0
3350,side_green,main_green,65,5.0,10.527268803158345,2,0,2,15.0,3.0,-6.0,20.0
3351,side_green,main_green,63,7.0,10.902758643644466,2,0,2,15.0,3.0,-6.0,20.0
3352,side_green,main_green,62,9.0,10.815135585631525,3,0,2,15.0,3.0,-6.0,20.0
3353,side_green,main_green,59,11.0,10.914633558740267,2,0,2,15.0,3.0,-6.0,20.0
3354,yellow_transition,yellow_transition,59,14.0,10.586014437461632,4,1,3,-13.0,9.0,-8.0,4.0
3355,yellow_transition,yellow_transition,58,18.0,10.675842595729163,4,1,3,-13.0,9.0,-8.0,4.0
3356,yellow_transition,yellow_transition,59,22.0,10.460228533678643,5,1,3,-13.0,9.0,-8.0,4.0
3357,main_green,main_green,57,5.0,10.553514672190419,3,2,2,-13.0,9.0,-8.0,4.0
3358,main_green,main_green,54,7.0,10.645578305293634,3,2,2,-13.0,9.0,-8.0,4.0
3359,main_green,main_green,55,10.0,10.598511216302912,4,2,2,-13.0,9.0,-8.0,4.0
3360,main_green,main_green,59,13.0,9.988210687365173,8,2,2,-13.0,9.0,-8.0,4.0
3361,main_green,main_green,59,16.0,10.381169809078438,3,2,2,-13.0,9.0,-8.0,4.0
3362,main_green,main_green,57,19.0,10.705232050357864,3,2,2,-13.0,9.0,-8.0,4.0
3363,main_green,main_green,54,22.0,10.818332865296485,3,2,2,-13.0,9.0,-8.0,4.0
3364,main_green,main_green,54,25.0,10.542141554253318,5,2,2,-13.0,9.0,-8.0,4.0
3365,main_green,main_green,53,28.0,10.561875436076704,3,2,2,-13.0,9.0,-8.0,4.0
3366,main_green,main_green,51,31.0,10.569803975162518,3,2,2,-13.0,9.0,-8.0,4.0
3367,main_green,main_green,49,34.0,10.481379778167751,3,2,2,0.0,18.0,-5.0,3.0
3368,main_green,main_green,49,39.0,10.300689452662017,6,2,2,0.0,18.0,-5.0,3.0
3369,main_green,main_green,50,45.0,10.231284307790464,7,2,2,0.0,18.0,-5.0,3.0
3370,main_green,main_green,49,51.0,10.2875680730147,6,2,2,0.0,18.0,-5.0,3.0
3371,main_green,main_green,48,58.0,10.382647777572616,7,2,2,0.0,18.0,-5.0,3.0
3372,main_green,main_green,52,65.0,9.400667694139539,12,2,2,0.0,18.0,-5.0,3.0
3373,main_green,main_green,52,72.0,9.692186544974426,7,2,2,0.0,18.0,-5.0,3.0
3374,main_green,main_green,51,79.0,9.616759772672692,8,2,2,0.0,18.0,-5.0,3.0
3375,main_green,main_green,51,86.0,9.829804296897601,7,2,2,0.0,18.0,-5.0,3.0
3376,main_green,main_green,52,93.0,9.628202185047781,8,2,2,0.0,18.0,-5.0,3.0
3377,main_green,main_green,51,100.0,9.592676392262463,7,2,2,1.0,11.0,5.0,15.0
3378,main_green,main_green,51,108.0,9.620749197684583,8,2,2,1.0,11.0,5.0,15.0
3379,main_green,main_green,52,118.0,9.463044466712605,11,2,2,1.0,11.0,5.0,15.0
3380,main_green,main_green,53,129.0,9.393418962926596,12,2,2,1.0,11.0,5.0,15.0
3381,main_green,main_green,53,140.0,9.620794764923188,11,2,2,1.0,11.0,5.0,15.0
3382,main_green,main_green,52,151.0,9.511393981570933,11,2,2,1.0,11.0,5.0,15.0
3383,main_green,main_green,52,162.0,9.52678157800277,11,2,2,1.0,11.0,5.0,15.0
3384,main_green,main_green,56,173.0,8.82823443541601,16,2,2,1.0,11.0,5.0,15.0
3385,main_green,main_green,57,184.0,8.833670891497642,12,2,2,1.0,11.0,5.0,15.0
3386,main_green,main_green,57,195.0,9.1290700076522,11,2,2,1.0,11.0,5.0,15.0
3387,main_green,main_green,57,206.0,9.340791012309417,11,2,2,5.0,7.0,9.0,11.0
3388,main_green,main_green,57,217.0,9.295532538277014,12,2,2,5.0,7.0,9.0,11.0
3389,main_green,main_green,56,228.0,9.192776460314738,11,2,2,5.0,7.0,9.0,11.0
3390,main_green,main_green,57,239.0,8.900953408847643,12,2,2,5.0,7.0,9.0,11.0
3391,main_green,main_green,57,250.0,8.807943409392006,11,2,2,5.0,7.0,9.0,11.0
3392,main_green,main_green,58,263.0,8.705610022164747,14,2,2,5.0,7.0,9.0,11.0
3393,main_green,main_green,57,278.0,8.765470645049554,15,2,2,5.0,7.0,9.0,11.0
3394,main_green,main_green,56,293.0,8.789550934070132,15,2,2,5.0,7.0,9.0,11.0
3395,main_green,main_green,57,308.0,8.710872655170034,16,2,2,5.0,7.0,9.0,11.0
3396,main_green,main_green,61,323.0,8.113305298690076,20,2,2,5.0,7.0,9.0,11.0
3397,yellow_transition,yellow_transition,61,338.0,8.345738931176344,15,3,3,9.0,11.0,12.0,8.0
3398,yellow_transition,yellow_transition,60,353.0,8.469062836587508,15,3,3,9.0,11.0,12.0,8.0
3399,yellow_transition,yellow_transition,59,368.0,8.609177450403198,15,3,3,9.0,11.0,12.0,8.0
3400,main_green,side_green,60,230.0,8.465735387259299,13,2,0,9.0,11.0,12.0,8.0
3401,main_green,side_green,58,175.0,8.641233941815464,7,2,0,9.0,11.0,12.0,8.0
3402,main_green,side_green,58,182.0,8.986086668549909,7,2,0,9.0,11.0,12.0,8.0
3403,main_green,side_green,58,189.0,9.249944383288174,7,2,0,9.0,11.0,12.0,8.0
3404,main_green,side_green,59,197.0,9.256013907546132,9,2,0,9.0,11.0,12.0,8.0
3405,main_green,side_green,60,207.0,9.27604813989589,11,2,0,9.0,11.0,12.0,8.0
3406,main_green,side_green,60,217.0,9.515048796322048,10,2,0,9.0,11.0,12.0,8.0
3407,main_green,side_green,59,228.0,9.687956683242314,11,2,0,9.0,11.0,12.0,8.0
3408,main_green,side_green,62,240.0,8.763392772541279,17,2,0,9.0,11.0,12.0,8.0
3409,main_green,side_green,61,252.0,8.682547947893159,12,2,0,9.0,11.0,12.0,8.0
3410,yellow_transition,yellow_transition,61,265.0,8.631508462043085,14,3,1,14.0,4.0,-10.0,12.0
3411,yellow_transition,yellow_transition,61,278.0,8.685330982773328,13,3,1,14.0,4.0,-10.0,12.0
3412,yellow_transition,yellow_transition,61,292.0,8.427859658142578,15,3,1,14.0,4.0,-10.0,12.0
3413,side_green,main_green,61,100.0,8.430237351192357,7,0,2,14.0,4.0,-10.0,12.0
3414,side_green,main_green,59,11.0,8.460416276865978,1,0,2,14.0,4.0,-10.0,12.0
3415,side_green,main_green,59,0.0,8.718126789051299,1,0,2,14.0,4.0,-10.0,12.0
3416,side_green,main_green,60,2.0,9.046253685311273,3,0,2,14.0,4.0,-10.0,12.0
3417,side_green,main_green,60,5.0,9.65706551863618,3,0,2,14.0,4.0,-10.0,12.0
3418,side_green,main_green,57,9.0,10.026773290935559,4,0,2,14.0,4.0,-10.0,12.0
3419,side_green,main_green,55,14.0,10.547970008672603,5,0,2,14.0,4.0,-10.0,12.0
3420,side_green,main_green,57,19.0,9.899600084221396,10,0,2,14.0,4.0,-10.0,12.0
3421,side_green,main_green,56,25.0,9.908906601823034,7,0,2,14.0,4.0,-10.0,12.0
3422,side_green,main_green,55,31.0,10.196229898392962,6,0,2,14.0,4.0,-10.0,12.0
3423,yellow_transition,yellow_transition,53,37.0,10.173663716264393,6,1,3,-8.0,14.0,-2.0,4.0
3424,yellow_transition,yellow_transition,54,43.0,9.77469741108747,7,1,3,-8.0,14.0,-2.0,4.0
3425,yellow_transition,yellow_transition,54,49.0,9.420787424354256,6,1,3,-8.0,14.0,-2.0,4.0
3426,main_green,main_green,55,20.0,9.24356492613777,4,2,2,-8.0,14.0,-2.0,4.0
3427,main_green,main_green,55,21.0,9.646078733312484,2,2,2,-8.0,14.0,-2.0,4.0
3428,main_green,main_green,56,24.0,9.729881164217241,4,2,2,-8.0,14.0,-2.0,4.0
3429,main_green,main_green,55,28.0,10.115606277661477,4,2,2,-8.0,14.0,-2.0,4.0
3430,main_green,main_green,55,34.0,10.332017610193708,6,2,2,-8.0,14.0,-2.0,4.0
3431,main_green,main_green,53,40.0,10.414665260950622,7,2,2,-8.0,14.0,-2.0,4.0
3432,main_green,main_green,57,46.0,9.66158164121076,11,2,2,-8.0,14.0,-2.0,4.0
3433,main_green,main_green,56,52.0,9.934848072303675,6,2,2,-8.0,14.0,-2.0,4.0
3434,main_green,main_green,54,58.0,10.150385619867635,6,2,2,-8.0,14.0,-2.0,4.0
3435,main_green,main_green,51,64.0,10.297289919360942,6,2,2,-8.0,14.0,-2.0,4.0
3436,main_green,main_green,53,70.0,10.00025133053781,8,2,2,3.0,17.0,0.0,2.0
3437,main_green,main_green,52,76.0,10.159420101904429,6,2,2,3.0,17.0,0.0,2.0
3438,main_green,main_green,51,82.0,10.197348448599989,6,2,2,3.0,17.0,0.0,2.0
3439,main_green,main_green,50,88.0,10.008201993723672,6,2,2,3.0,17.0,0.0,2.0
3440,main_green,main_green,51,95.0,9.690949603620558,8,2,2,3.0,17.0,0.0,2.0
3441,main_green,main_green,51,104.0,9.60158002037651,10,2,2,3.0,17.0,0.0,2.0
3442,main_green,main_green,50,114.0,9.646679202559318,10,2,2,3.0,17.0,0.0,2.0
3443,main_green,main_green,49,124.0,9.725295984336707,10,2,2,3.0,17.0,0.0,2.0
3444,main_green,main_green,53,134.0,8.86107027243911,15,2,2,3.0,17.0,0.0,2.0
3445,main_green,main_green,52,144.0,8.974715598306663,10,2,2,3.0,17.0,0.0,2.0
3446,main_green,main_green,53,154.0,9.051299583340032,11,2,2,2.0,8.0,12.0,18.0
3447,main_green,main_green,53,164.0,9.334080758573517,10,2,2,2.0,8.0,12.0,18.0
3448,main_green,main_green,54,174.0,9.19471103558112,11,2,2,2.0,8.0,12.0,18.0
3449,main_green,main_green,54,184.0,9.286415478703494,10,2,2,2.0,8.0,12.0,18.0
3450,main_green,main_green,54,194.0,9.219773356810064,10,2,2,2.0,8.0,12.0,18.0
3451,main_green,main_green,54,204.0,9.14229756659774,11,2,2,2.0,8.0,12.0,18.0
3452,main_green,main_green,53,217.0,8.88826374034732,14,2,2,2.0,8.0,12.0,18.0
3453,main_green,main_green,53,231.0,8.880213208209817,14,2,2,2.0,8.0,12.0,18.0
3454,main_green,main_green,53,245.0,9.03669834160044,14,2,2,2.0,8.0,12.0,18.0
3455,main_green,main_green,52,259.0,9.027942962967076,14,2,2,2.0,8.0,12.0,18.0
3456,main_green,main_green,57,273.0,8.271055134432634,19,2,2,3.0,9.0,13.0,17.0
3457,main_green,main_green,58,287.0,8.518510085466213,15,2,2,3.0,9.0,13.0,17.0
3458,main_green,main_green,57,301.0,8.577785210777376,14,2,2,3.0,9.0,13.0,17.0
3459,main_green,main_green,57,315.0,8.766586993377537,14,2,2,3.0,9.0,13.0,17.0
3460,main_green,main_green,58,329.0,8.536266153804142,15,2,2,3.0,9.0,13.0,17.0
3461,main_green,main_green,58,343.0,8.669005710736762,14,2,2,3.0,9.0,13.0,17.0
3462,main_green,main_green,58,357.0,8.38140659277786,15,2,2,3.0,9.0,13.0,17.0
3463,main_green,main_green,58,371.0,8.367624942686133,14,2,2,3.0,9.0,13.0,17.0
3464,main_green,main_green,58,386.0,8.2741345260619,16,2,2,3.0,9.0,13.0,17.0
3465,main_green,main_green,58,403.0,8.366109610778835,17,2,2,3.0,9.0,13.0,17.0
3466,yellow_transition,yellow_transition,57,421.0,8.407169321451976,18,3,3,9.0,13.0,12.0,6.0
3467,yellow_transition,yellow_transition,57,439.0,8.140377917903274,19,3,3,9.0,13.0,12.0,6.0
3468,yellow_transition,yellow_transition,62,457.0,7.423013556371999,23,3,3,9.0,13.0,12.0,6.0
3469,main_green,side_green,62,287.0,7.6457706808731105,14,2,0,9.0,13.0,12.0,6.0
3470,main_green,side_green,62,204.0,8.055130200174988,10,2,0,9.0,13.0,12.0,6.0
3471,main_green,side_green,62,201.0,8.35031157351851,9,2,0,9.0,13.0,12.0,6.0
3472,main_green,side_green,63,210.0,8.321917753993029,11,2,0,9.0,13.0,12.0,6.0
3473,main_green,side_green,63,219.0,8.699483933009065,9,2,0,9.0,13.0,12.0,6.0
3474,main_green,side_green,63,230.0,9.056064587513745,11,2,0,9.0,13.0,12.0,6.0
3475,main_green,side_green,63,241.0,9.370447715518592,11,2,0,9.0,13.0,12.0,6.0
3476,main_green,side_green,63,253.0,9.349014725918778,13,2,0,9.0,13.0,12.0,6.0
3477,main_green,side_green,63,266.0,9.313483114446033,14,2,0,9.0,13.0,12.0,6.0
3478,main_green,side_green,62,279.0,9.200017747046482,13,2,0,9.0,13.0,12.0,6.0
3479,yellow_transition,yellow_transition,61,293.0,9.267079793398993,14,3,1,11.0,5.0,-17.0,9.0
3480,yellow_transition,yellow_transition,65,307.0,8.394282691934045,19,3,1,11.0,5.0,-17.0,9.0
3481,yellow_transition,yellow_transition,64,321.0,8.37575847386932,14,3,1,11.0,5.0,-17.0,9.0
3482,side_green,main_green,65,115.0,8.463561662565313,8,0,2,11.0,5.0,-17.0,9.0
3483,side_green,main_green,63,18.0,8.813092085459825,2,0,2,11.0,5.0,-17.0,9.0
3484,side_green,main_green,63,0.0,8.955253568729397,1,0,2,11.0,5.0,-17.0,9.0
3485,side_green,main_green,63,0.0,9.357977623152708,0,0,2,11.0,5.0,-17.0,9.0
3486,side_green,main_green,62,1.0,9.752095151034526,1,0,2,11.0,5.0,-17.0,9.0
3487,side_green,main_green,60,3.0,9.96296993167279,3,0,2,11.0,5.0,-17.0,9.0
3488,side_green,main_green,58,6.0,10.212507168189346,4,0,2,11.0,5.0,-17.0,9.0
3489,side_green,main_green,57,11.0,10.573975882489332,5,0,2,11.0,5.0,-17.0,9.0
3490,side_green,main_green,56,16.0,10.69135512158341,5,0,2,11.0,5.0,-17.0,9.0
3491,side_green,main_green,55,21.0,10.753233507812219,5,0,2,11.0,5.0,-17.0,9.0
3492,yellow_transition,yellow_transition,59,27.0,9.714162699547513,11,1,3,-16.0,10.0,-7.0,5.0
3493,yellow_transition,yellow_transition,57,34.0,9.675875768381001,8,1,3,-16.0,10.0,-7.0,5.0
3494,yellow_transition,yellow_transition,55,41.0,9.780006213949184,7,1,3,-16.0,10.0,-7.0,5.0
3495,main_green,main_green,55,18.0,10.101841035091105,3,2,2,-16.0,10.0,-7.0,5.0
3496,main_green,main_green,56,17.0,10.242991445491498,3,2,2,-16.0,10.0,-7.0,5.0
3497,main_green,main_green,55,19.0,10.741190227422189,2,2,2,-16.0,10.0,-7.0,5.0
3498,main_green,main_green,56,21.0,10.873653099710435,3,2,2,-16.0,10.0,-7.0,5.0
3499,main_green,main_green,56,23.0,11.027960992931527,2,2,2,-16.0,10.0,-7.0,5.0
3500,main_green,main_green,53,25.0,10.713229013722898,3,2,2,-16.0,10.0,-7.0,5.0
3501,main_green,main_green,53,28.0,10.760047290680163,3,2,2,-16.0,10.0,-7.0,5.0
3502,main_green,main_green,50,33.0,10.690979959870088,5,2,2,-16.0,10.0,-7.0,5.0
3503,main_green,main_green,49,39.0,10.561743782594021,7,2,2,-16.0,10.0,-7.0,5.0
3504,main_green,main_green,51,45.0,9.420768048572807,11,2,2,-16.0,10.0,-7.0,5.0
3505,main_green,main_green,50,51.0,9.738445636761304,6,2,2,4.0,20.0,0.0,4.0
3506,main_green,main_green,50,57.0,10.004077349440367,6,2,2,4.0,20.0,0.0,4.0
3507,main_green,main_green,50,63.0,10.194170796903986,6,2,2,4.0,20.0,0.0,4.0
3508,main_green,main_green,51,69.0,9.927002217962285,8,2,2,4.0,20.0,0.0,4.0
3509,main_green,main_green,50,75.0,10.06600380147034,6,2,2,4.0,20.0,0.0,4.0
3510,main_green,main_green,50,81.0,9.953921524217316,6,2,2,4.0,20.0,0.0,4.0
3511,main_green,main_green,49,87.0,9.848987229473746,6,2,2,4.0,20.0,0.0,4.0
3512,main_green,main_green,50,94.0,9.469949276588327,8,2,2,4.0,20.0,0.0,4.0
3513,main_green,main_green,50,104.0,9.429595386306373,11,2,2,4.0,20.0,0.0,4.0
3514,main_green,main_green,50,114.0,9.611432681257213,10,2,2,4.0,20.0,0.0,4.0
3515,main_green,main_green,50,124.0,9.704073947244995,10,2,2,-3.0,7.0,6.0,18.0
3516,main_green,main_green,55,134.0,8.98130761645102,15,2,2,-3.0,7.0,6.0,18.0
3517,main_green,main_green,55,144.0,9.127242751937846,10,2,2,-3.0,7.0,6.0,18.0
3518,main_green,main_green,56,154.0,9.23551349866641,11,2,2,-3.0,7.0,6.0,18.0
3519,main_green,main_green,56,164.0,9.457253559959295,10,2,2,-3.0,7.0,6.0,18.0
3520,main_green,main_green,57,174.0,9.369603467279418,11,2,2,-3.0,7.0,6.0,18.0
3521,main_green,main_green,55,184.0,9.299470898887032,10,2,2,-3.0,7.0,6.0,18.0
3522,main_green,main_green,54,194.0,9.266857910999878,10,2,2,-3.0,7.0,6.0,18.0
3523,main_green,main_green,54,204.0,8.947528576251988,11,2,2,-3.0,7.0,6.0,18.0
3524,main_green,main_green,54,215.0,8.771734241399425,12,2,2,-3.0,7.0,6.0,18.0
3525,main_green,main_green,53,228.0,8.904866947947166,13,2,2,2.0,4.0,14.0,20.0
3526,main_green,main_green,52,242.0,8.906157580647632,14,2,2,2.0,4.0,14.0,20.0
3527,main_green,main_green,52,256.0,9.045657501644722,14,2,2,2.0,4.0,14.0,20.0
3528,main_green,main_green,57,270.0,8.325117671786206,19,2,2,2.0,4.0,14.0,20.0
3529,main_green,main_green,58,284.0,8.390912081251923,15,2,2,2.0,4.0,14.0,20.0
3530,main_green,main_green,58,298.0,8.593368752199911,14,2,2,2.0,4.0,14.0,20.0
3531,main_green,main_green,58,312.0,8.616335391671312,14,2,2,2.0,4.0,14.0,20.0
3532,main_green,main_green,57,326.0,8.371107150998956,15,2,2,2.0,4.0,14.0,20.0
3533,main_green,main_green,57,340.0,8.395636106009398,14,2,2,2.0,4.0,14.0,20.0
3534,main_green,main_green,57,354.0,8.19013307146776,15,2,2,2.0,4.0,14.0,20.0
3535,yellow_transition,yellow_transition,57,370.0,8.187846805363241,16,3,3,10.0,12.0,12.0,8.0
3536,yellow_transition,yellow_transition,57,388.0,7.976189566326241,19,3,3,10.0,12.0,12.0,8.0
3537,yellow_transition,yellow_transition,57,406.0,7.795693228353382,18,3,3,10.0,12.0,12.0,8.0
3538,main_green,side_green,56,250.0,7.938943936279131,14,2,0,10.0,12.0,12.0,8.0
3539,main_green,side_green,57,179.0,8.061533903045465,12,2,0,10.0,12.0,12.0,8.0
3540,main_green,side_green,62,179.0,7.622788735030884,14,2,0,10.0,12.0,12.0,8.0
3541,main_green,side_green,62,189.0,8.152420288896465,10,2,0,10.0,12.0,12.0,8.0
3542,main_green,side_green,62,199.0,8.705561347653488,10,2,0,10.0,12.0,12.0,8.0
3543,main_green,side_green,61,210.0,8.913402056496757,11,2,0,10.0,12.0,12.0,8.0
3544,main_green,side_green,62,221.0,8.835972371734151,13,2,0,10.0,12.0,12.0,8.0
3545,main_green,side_green,62,232.0,8.896162590304218,11,2,0,10.0,12.0,12.0,8.0
3546,main_green,side_green,61,243.0,8.964577216189408,11,2,0,10.0,12.0,12.0,8.0
3547,main_green,side_green,61,256.0,8.973689152496402,13,2,0,10.0,12.0,12.0,8.0
3548,yellow_transition,yellow_transition,61,270.0,8.808047453251621,15,3,1,13.0,7.0,-14.0,8.0
3549,yellow_transition,yellow_transition,62,284.0,8.621360640661772,15,3,1,13.0,7.0,-14.0,8.0
3550,yellow_transition,yellow_transition,61,300.0,8.565947270576784,16,3,1,13.0,7.0,-14.0,8.0
3551,side_green,main_green,61,99.0,8.678057924866305,8,0,2,13.0,7.0,-14.0,8.0
3552,side_green,main_green,65,9.0,8.214608305709861,8,0,2,13.0,7.0,-14.0,8.0
3553,side_green,main_green,65,2.0,8.858563623584185,1,0,2,13.0,7.0,-14.0,8.0
3554,side_green,main_green,65,3.0,9.246492518133085,2,0,2,13.0,7.0,-14.0,8.0
3555,side_green,main_green,64,4.0,9.722458075993229,1,0,2,13.0,7.0,-14.0,8.0
3556,side_green,main_green,64,5.0,10.013843321642376,2,0,2,13.0,7.0,-14.0,8.0
3557,side_green,main_green,63,6.0,10.538518520937256,1,0,2,13.0,7.0,-14.0,8.0
3558,side_green,main_green,60,9.0,10.654009045141159,3,0,2,13.0,7.0,-14.0,8.0
3559,side_green,main_green,57,12.0,10.412581947481415,4,0,2,13.0,7.0,-14.0,8.0
3560,side_green,main_green,55,17.0,10.28341523403705,6,0,2,13.0,7.0,-14.0,8.0
3561,yellow_transition,yellow_transition,55,24.0,10.229582149233366,7,1,3,-13.0,15.0,-8.0,2.0
3562,yellow_transition,yellow_transition,52,31.0,9.917716010677838,7,1,3,-13.0,15.0,-8.0,2.0
3563,yellow_transition,yellow_transition,52,39.0,9.826708050233288,8,1,3,-13.0,15.0,-8.0,2.0
3564,main_green,main_green,57,15.0,9.288690900132856,9,2,2,-13.0,15.0,-8.0,2.0
3565,main_green,main_green,58,10.0,9.633571387913143,3,2,2,-13.0,15.0,-8.0,2.0
3566,main_green,main_green,57,12.0,10.040212632799236,2,2,2,-13.0,15.0,-8.0,2.0
3567,main_green,main_green,57,14.0,10.416527393781736,2,2,2,-13.0,15.0,-8.0,2.0
3568,main_green,main_green,58,16.0,10.686090883302327,3,2,2,-13.0,15.0,-8.0,2.0
3569,main_green,main_green,57,18.0,11.015011287090047,2,2,2,-13.0,15.0,-8.0,2.0
3570,main_green,main_green,57,20.0,10.863011123669825,3,2,2,-13.0,15.0,-8.0,2.0
3571,main_green,main_green,54,22.0,10.870734439514221,2,2,2,-13.0,15.0,-8.0,2.0
3572,main_green,main_green,54,25.0,10.82392242855785,4,2,2,-13.0,15.0,-8.0,2.0
3573,main_green,main_green,52,30.0,10.777157499390054,5,2,2,-13.0,15.0,-8.0,2.0
3574,main_green,main_green,52,35.0,10.843341944683175,5,2,2,-6.0,14.0,-4.0,4.0
3575,main_green,main_green,49,40.0,10.65679338092253,6,2,2,-6.0,14.0,-4.0,4.0
3576,main_green,main_green,53,46.0,9.723607405115425,11,2,2,-6.0,14.0,-4.0,4.0
3577,main_green,main_green,51,52.0,9.919760310645302,6,2,2,-6.0,14.0,-4.0,4.0
3578,main_green,main_green,51,58.0,10.09819684483935,6,2,2,-6.0,14.0,-4.0,4.0
3579,main_green,main_green,50,64.0,10.41524768344996,6,2,2,-6.0,14.0,-4.0,4.0
3580,main_green,main_green,51,70.0,10.080401328135963,8,2,2,-6.0,14.0,-4.0,4.0
3581,main_green,main_green,50,76.0,10.193225053030625,6,2,2,-6.0,14.0,-4.0,4.0
3582,main_green,main_green,50,82.0,10.1475144858992,6,2,2,-6.0,14.0,-4.0,4.0
3583,main_green,main_green,50,88.0,10.003808761209793,6,2,2,-6.0,14.0,-4.0,4.0
3584,main_green,main_green,51,95.0,9.76290504622734,8,2,2,-4.0,4.0,7.0,17.0
3585,main_green,main_green,52,103.0,9.66002731361268,9,2,2,-4.0,4.0,7.0,17.0
3586,main_green,main_green,52,113.0,9.774009133453898,10,2,2,-4.0,4.0,7.0,17.0
3587,main_green,main_green,51,123.0,9.83158475649911,10,2,2,-4.0,4.0,7.0,17.0
3588,main_green,main_green,56,133.0,9.091264236455368,15,2,2,-4.0,4.0,7.0,17.0
3589,main_green,main_green,56,143.0,9.30590246784912,10,2,2,-4.0,4.0,7.0,17.0
3590,main_green,main_green,55,153.0,9.37205286268516,11,2,2,-4.0,4.0,7.0,17.0
3591,main_green,main_green,55,163.0,9.407153517973777,10,2,2,-4.0,4.0,7.0,17.0
3592,main_green,main_green,55,173.0,9.38722735019943,11,2,2,-4.0,4.0,7.0,17.0
3593,main_green,main_green,55,183.0,9.342086091641686,10,2,2,-4.0,4.0,7.0,17.0
3594,main_green,main_green,55,193.0,9.248315205886097,10,2,2,3.0,9.0,10.0,10.0
3595,main_green,main_green,54,203.0,9.010810284379826,11,2,2,3.0,9.0,10.0,10.0
3596,main_green,main_green,55,214.0,8.805004260248346,12,2,2,3.0,9.0,10.0,10.0
3597,main_green,main_green,55,227.0,9.01621915005107,13,2,2,3.0,9.0,10.0,10.0
3598,main_green,main_green,54,241.0,9.109401763947844,14,2,2,3.0,9.0,10.0,10.0
3599,main_green,main_green,54,255.0,9.108592101388318,14,2,2,3.0,9.0,10.0,10.0
