decision,step,action_j1,action_j2,vehicle_count,total_waiting_time,mean_speed,total_queue,J1_phase,J2_phase,J1_side_queue,J1_main_queue,J2_side_queue,J2_main_queue,reward,done
1,2,1,1,6,0.0,1.789690213444798,0,2,2,0,0,0,0,-0.0,False
1,3,1,1,6,0.0,3.756390419423891,0,2,2,0,0,0,0,-0.0,False
1,4,1,1,6,0.0,5.92296972476955,0,2,2,0,0,0,0,-0.0,False
1,5,1,1,7,0.0,6.671355706260407,1,2,2,0,1,0,0,-0.0,False
1,6,1,1,7,0.0,8.580810196774213,0,2,2,0,0,0,0,-0.0,False
1,7,1,1,8,0.0,9.202939155693068,1,2,2,0,0,0,1,-0.0,False
1,8,1,1,8,0.0,10.419143116186309,0,2,2,0,0,0,0,-0.0,False
1,9,1,1,9,0.0,9.884092093126895,1,2,2,0,1,0,0,-0.0,False
1,10,1,1,9,0.0,10.511177492539856,0,2,2,0,0,0,0,-0.0,False
1,11,1,1,9,0.0,10.934847417781384,0,2,2,0,0,0,0,-0.0,False
1,12,1,1,10,0.0,10.446661870689825,1,2,2,0,0,0,1,-0.0,False
1,13,1,1,15,0.0,7.3056574359121695,5,2,2,2,1,2,0,-0.0,False
1,14,1,1,15,0.0,8.338465850555735,0,2,2,0,0,0,0,-0.0,False
1,15,1,1,15,0.0,9.418157730429211,0,2,2,0,0,0,0,-0.0,False
1,16,1,1,15,0.0,10.108933294090166,0,2,2,0,0,0,0,-0.0,False
1,17,1,1,17,0.0,9.601012624314357,2,2,2,0,1,0,1,-0.0,False
1,18,1,1,17,0.0,9.803240230983805,0,2,2,0,0,0,0,-0.0,False
1,19,1,1,17,0.0,9.697787891285301,0,2,2,0,0,0,0,-0.0,False
1,20,1,1,17,0.0,9.510015373955067,0,2,2,0,0,0,0,-0.0,False
1,21,1,1,18,2.0,8.850709683669685,3,2,2,2,1,0,0,-2.0,False
1,22,1,1,19,5.0,8.503522731003356,4,2,2,2,0,1,1,-5.0,False
1,23,1,1,19,8.0,8.786041627978282,3,2,2,2,0,1,0,-8.0,False
1,24,1,1,19,12.0,9.05405295967165,4,2,2,2,0,2,0,-12.0,False
1,25,1,1,24,16.0,7.449130202862913,9,2,2,4,1,4,0,-16.0,False
1,26,1,1,24,20.0,8.138159438565916,4,2,2,2,0,2,0,-20.0,False
1,27,1,1,25,24.0,8.262897341685502,5,2,2,2,0,2,1,-24.0,False
1,28,1,1,25,28.0,8.777301566158213,4,2,2,2,0,2,0,-28.0,False
1,29,1,1,26,32.0,8.551356382960515,5,2,2,2,1,2,0,-32.0,False
1,30,1,1,26,36.0,8.76232343012876,4,2,2,2,0,2,0,-36.0,False
1,31,1,1,26,40.0,8.437496436047384,4,2,2,2,0,2,0,-40.0,False
1,32,1,1,27,45.0,8.105681498299017,6,2,2,2,0,3,1,-45.0,False
1,33,1,1,28,52.0,7.919110230409871,8,2,2,3,1,4,0,-52.0,False
1,34,1,1,28,60.0,8.184273301024458,8,2,2,4,0,4,0,-60.0,False
1,35,1,1,28,68.0,8.338823382451656,8,2,2,4,0,4,0,-68.0,False
1,36,1,1,28,76.0,8.450931789237805,8,2,2,4,0,4,0,-76.0,False
1,37,1,1,33,84.0,7.265170129252484,13,2,2,6,1,6,0,-84.0,False
1,38,1,1,34,92.0,7.399181422168158,9,2,2,4,0,4,1,-92.0,False
1,39,1,1,34,100.0,7.854966367689027,8,2,2,4,0,4,0,-100.0,False
1,40,1,1,34,108.0,8.13345141983624,8,2,2,4,0,4,0,-108.0,False
1,41,1,1,35,116.0,7.9083754931480845,9,2,2,4,1,4,0,-116.0,False
1,42,1,1,35,124.0,7.997218042816418,8,2,2,4,0,4,0,-124.0,False
1,43,1,1,36,132.0,7.741001566242754,9,2,2,4,0,4,1,-132.0,False
2,44,0,1,36,141.0,7.664418058061163,9,3,3,5,0,4,0,0.0,False
2,45,0,1,37,152.0,7.5281017343659204,12,3,3,6,1,5,0,0.0,False
2,46,0,1,37,164.0,7.460911246467735,12,3,3,6,0,6,0,0.0,False
2,47,0,1,37,93.0,7.785153181328277,8,0,2,2,0,6,0,-93.0,False
2,48,0,1,38,92.0,7.856229988658743,7,0,2,0,0,6,1,-92.0,False
2,49,0,1,43,98.0,7.363182684508261,11,0,2,2,1,8,0,-98.0,False
2,50,0,1,43,105.0,7.916667767324788,7,0,2,0,1,6,0,-105.0,False
2,51,0,1,43,112.0,8.392183128978973,7,0,2,0,1,6,0,-112.0,False
2,52,0,1,43,119.0,8.67646932195946,7,0,2,0,1,6,0,-119.0,False
2,53,0,1,45,127.0,8.682475859208067,10,0,2,0,3,6,1,-127.0,False
2,54,0,1,45,136.0,8.976986363605972,9,0,2,0,3,6,0,-136.0,False
2,55,0,1,45,145.0,9.10427898878001,9,0,2,0,3,6,0,-145.0,False
2,56,0,1,45,155.0,9.170629968636147,10,0,2,0,3,7,0,-155.0,False
2,57,0,1,46,166.0,8.835059387707867,12,0,2,0,4,8,0,-166.0,False
2,58,0,1,47,178.0,8.856197864851787,13,0,2,0,4,8,1,-178.0,False
2,59,0,1,47,190.0,8.922728614403221,12,0,2,0,4,8,0,-190.0,False
2,60,0,1,47,202.0,8.738824671595806,12,0,2,0,4,8,0,-202.0,False
2,61,0,1,52,215.0,7.8182610586861365,18,0,2,2,6,10,0,-215.0,False
2,62,0,1,52,228.0,7.900354471401451,13,0,2,0,5,8,0,-228.0,False
2,63,0,1,53,242.0,7.945438128563562,15,0,2,0,6,8,1,-242.0,False
2,64,0,1,53,256.0,8.154394991667582,14,0,2,0,6,8,0,-256.0,False
2,65,0,1,52,271.0,7.934399354739786,16,0,2,0,8,8,0,-271.0,False
2,66,0,1,50,286.0,7.590746633951584,15,0,2,0,7,8,0,-286.0,False
2,67,0,1,49,304.0,7.378738209207052,18,0,2,0,8,10,0,-304.0,False
2,68,0,1,49,322.0,7.217670356702421,19,0,2,0,8,10,1,-322.0,False
2,69,0,1,50,341.0,7.073339139621084,20,0,2,0,10,10,0,-341.0,False
2,70,0,1,50,360.0,7.09985720867408,19,0,2,0,9,10,0,-360.0,False
2,71,0,1,49,379.0,6.85073202484656,19,0,2,0,9,10,0,-379.0,False
2,72,0,1,47,399.0,6.569928737526762,20,0,2,0,10,10,0,-399.0,False
2,73,0,1,52,419.0,5.871035912585469,25,0,2,2,11,12,0,-419.0,False
2,74,0,1,53,440.0,5.880767292004324,22,0,2,0,11,10,1,-440.0,False
2,75,0,1,53,461.0,5.96346658035416,21,0,2,0,11,10,0,-461.0,False
2,76,0,1,52,483.0,5.922776751439968,22,0,2,0,12,10,0,-483.0,False
2,77,0,1,53,506.0,6.029050417439754,24,0,2,0,14,10,0,-506.0,False
2,78,0,1,53,530.0,5.991013134810632,24,0,2,0,14,10,0,-530.0,False
2,79,0,1,54,554.0,6.041615894157339,25,0,2,0,14,10,1,-554.0,False
2,80,0,1,54,578.0,6.076377019351604,24,0,2,0,14,10,0,-578.0,False
2,81,0,1,55,602.0,5.990962644455898,25,0,2,0,15,10,0,-602.0,False
2,82,0,1,54,628.0,5.745725181308476,26,0,2,0,14,12,0,-628.0,False
2,83,0,1,54,654.0,5.6974353864990475,26,0,2,0,14,12,0,-654.0,False
2,84,0,1,53,681.0,5.224345209033718,28,0,2,0,15,12,1,-681.0,False
2,85,0,1,57,710.0,4.63387395759993,34,0,2,2,18,14,0,-710.0,False
2,86,0,1,57,739.0,4.703955530508524,29,0,2,0,17,12,0,-739.0,False
2,87,0,1,57,768.0,4.7285914909658695,29,0,2,0,17,12,0,-768.0,False
2,88,0,1,57,797.0,4.728977829399242,29,0,2,0,17,12,0,-797.0,False
3,89,1,0,59,828.0,4.50857004958775,33,1,3,0,20,12,1,0.0,False
3,90,1,0,59,859.0,4.313959137547417,31,1,3,0,19,12,0,0.0,False
3,91,1,0,59,892.0,4.269146948299964,33,1,3,0,20,13,0,0.0,False
3,92,1,0,59,517.0,4.434689683297532,28,2,0,1,17,10,0,-517.0,False
3,93,1,0,60,259.0,4.832145094496133,21,2,0,1,14,6,0,-259.0,False
3,94,1,0,60,111.0,5.229631713060845,15,2,0,2,10,2,1,-111.0,False
3,95,1,0,60,55.0,6.089423111459354,9,2,0,2,7,0,0,-55.0,False
3,96,1,0,60,26.0,7.200857404068911,6,2,0,2,3,0,1,-26.0,False
3,97,1,0,65,16.0,7.4678036585563445,9,2,0,4,2,2,1,-16.0,False
3,98,1,0,64,15.0,8.234212011468768,3,2,0,2,0,0,1,-15.0,False
3,99,1,0,64,18.0,8.87446504462138,4,2,0,2,0,0,2,-18.0,False
3,100,1,0,64,21.0,9.592891272891027,3,2,0,2,0,0,1,-21.0,False
3,101,1,0,65,24.0,9.956869852997114,4,2,0,2,1,0,1,-24.0,False
3,102,1,0,65,27.0,10.308426803589667,3,2,0,2,0,0,1,-27.0,False
3,103,1,0,65,31.0,10.625514452177176,4,2,0,2,0,0,2,-31.0,False
3,104,1,0,66,35.0,10.573169565056872,5,2,0,2,0,0,3,-35.0,False
3,105,1,0,67,39.0,10.667702299849221,5,2,0,2,1,0,2,-39.0,False
3,106,1,0,67,46.0,10.841346388093736,7,2,0,4,0,0,3,-46.0,False
3,107,1,0,67,53.0,10.901000018981287,7,2,0,4,0,0,3,-53.0,False
3,108,1,0,67,60.0,10.809200043879967,7,2,0,4,0,0,3,-60.0,False
3,109,1,0,72,67.0,10.190435320167492,12,2,0,6,1,2,3,-67.0,False
3,110,1,0,70,74.0,10.04303039543085,8,2,0,4,0,0,4,-74.0,False
3,111,1,0,70,81.0,10.24160359754731,7,2,0,4,0,0,3,-81.0,False
3,112,1,0,68,88.0,10.302643322486965,7,2,0,4,0,0,3,-88.0,False
3,113,1,0,67,95.0,10.054644458048779,8,2,0,4,1,0,3,-95.0,False
3,114,1,0,66,102.0,10.02642097177033,7,2,0,4,0,0,3,-102.0,False
3,115,1,0,65,110.0,9.75204966818283,9,2,0,4,0,0,5,-110.0,False
3,116,1,0,63,118.0,9.744096229574206,8,2,0,4,0,0,4,-118.0,False
3,117,1,0,63,127.0,9.533401236199044,10,2,0,4,1,0,5,-127.0,False
3,118,1,0,61,138.0,9.381601924374886,11,2,0,6,0,0,5,-138.0,False
3,119,1,0,60,149.0,9.206866009727808,11,2,0,6,0,0,5,-149.0,False
3,120,1,0,60,161.0,8.874883648539306,13,2,0,6,0,0,7,-161.0,False
3,121,1,0,64,174.0,7.801755906408606,18,2,0,8,1,2,7,-174.0,False
3,122,1,0,64,188.0,7.70568281667852,14,2,0,6,0,0,8,-188.0,False
3,123,1,0,63,203.0,7.509038533630093,15,2,0,6,0,0,9,-203.0,False
3,124,1,0,61,218.0,7.240905723678846,15,2,0,6,0,0,9,-218.0,False
3,125,1,0,62,235.0,6.818899008085326,19,2,0,6,1,0,12,-235.0,False
3,126,1,0,61,254.0,6.696401713814282,19,2,0,6,0,0,13,-254.0,False
3,127,1,0,61,275.0,6.485714328463765,21,2,0,6,0,0,15,-275.0,False
3,128,1,0,59,297.0,6.048267460826024,22,2,0,6,0,0,16,-297.0,False
3,129,1,0,59,322.0,5.666625028716671,26,2,0,8,1,0,17,-322.0,False
3,130,1,0,57,349.0,5.2584418408214,28,2,0,8,0,0,20,-349.0,False
3,131,1,0,56,377.0,5.18039549357295,28,2,0,8,0,0,20,-377.0,False
3,132,1,0,56,407.0,5.097840236589592,30,2,0,8,0,0,22,-407.0,False
3,133,1,0,60,438.0,4.348680546333129,36,2,0,10,1,2,23,-438.0,False
4,134,0,1,60,470.0,4.390779629496842,32,3,1,8,0,0,24,0.0,False
4,135,0,1,61,503.0,4.344782068294538,34,3,1,8,0,0,26,0.0,False
4,136,0,1,61,537.0,4.439849810706996,34,3,1,8,0,0,26,0.0,False
4,137,0,1,62,307.0,4.539258907101833,28,0,2,4,1,0,23,-307.0,False
4,138,0,1,62,185.0,4.879895042660755,19,0,2,0,0,0,19,-185.0,False
4,139,0,1,62,135.0,5.308536808038971,16,0,2,0,0,0,16,-135.0,False
4,140,0,1,63,99.0,5.775963298005471,14,0,2,0,1,0,13,-99.0,False
4,141,0,1,64,79.0,6.404216619806573,12,0,2,0,2,1,9,-79.0,False
4,142,0,1,62,66.0,7.080740884934324,10,0,2,0,1,2,7,-66.0,False
4,143,0,1,62,50.0,8.015669126942964,8,0,2,0,1,2,5,-50.0,False
4,144,0,1,62,36.0,8.709806031306298,7,0,2,0,1,2,4,-36.0,False
4,145,0,1,67,24.0,8.554078588603902,10,0,2,2,2,4,2,-24.0,False
4,146,0,1,68,29.0,8.873349280621126,6,0,2,0,1,2,3,-29.0,False
4,147,0,1,68,22.0,9.33783464924989,4,0,2,0,1,2,1,-22.0,False
4,148,0,1,68,25.0,9.672714192978287,4,0,2,0,2,2,0,-25.0,False
4,149,0,1,69,30.0,9.90463011192887,6,0,2,0,4,2,0,-30.0,False
4,150,0,1,69,35.0,10.069452356906167,5,0,2,0,3,2,0,-35.0,False
4,151,0,1,70,40.0,10.075768178535439,6,0,2,0,3,2,1,-40.0,False
4,152,0,1,70,45.0,10.363942303898199,5,0,2,0,3,2,0,-45.0,False
4,153,0,1,71,53.0,10.366621174974096,9,0,2,0,5,4,0,-53.0,False
4,154,0,1,71,61.0,10.552252591888152,8,0,2,0,4,4,0,-61.0,False
4,155,0,1,70,69.0,10.543394729213292,8,0,2,0,4,4,0,-69.0,False
4,156,0,1,69,78.0,10.330446374960099,10,0,2,0,5,4,1,-78.0,False
4,157,0,1,72,87.0,9.723816528872153,14,0,2,2,6,6,0,-87.0,False
4,158,0,1,70,96.0,9.943055311255545,9,0,2,0,5,4,0,-96.0,False
4,159,0,1,68,106.0,9.989087495706375,10,0,2,0,6,4,0,-106.0,False
4,160,0,1,67,116.0,9.966039977313068,10,0,2,0,6,4,0,-116.0,False
4,161,0,1,69,126.0,9.682426591964512,12,0,2,0,7,4,1,-126.0,False
4,162,0,1,69,136.0,9.642166673511593,10,0,2,0,6,4,0,-136.0,False
4,163,0,1,68,147.0,9.4585266684812,11,0,2,0,7,4,0,-147.0,False
4,164,0,1,68,158.0,9.321044733829178,11,0,2,0,7,4,0,-158.0,False
4,165,0,1,68,171.0,9.102015387694173,14,0,2,0,9,5,0,-171.0,False
4,166,0,1,68,185.0,8.816742879917905,15,0,2,0,8,6,1,-185.0,False
4,167,0,1,66,201.0,8.293510304548835,16,0,2,0,10,6,0,-201.0,False
4,168,0,1,65,217.0,8.008674818497427,16,0,2,0,10,6,0,-217.0,False
4,169,0,1,69,236.0,7.068182536880988,24,0,2,2,14,8,0,-236.0,False
4,170,0,1,67,255.0,6.8577045916282,19,0,2,0,13,6,0,-255.0,False
4,171,0,1,67,277.0,6.712158133265459,23,0,2,0,16,6,1,-277.0,False
4,172,0,1,66,299.0,6.601561588402594,22,0,2,0,16,6,0,-299.0,False
4,173,0,1,65,322.0,6.251879362708845,24,0,2,0,18,6,0,-322.0,False
4,174,0,1,65,348.0,6.454423350113917,26,0,2,0,20,6,0,-348.0,False
4,175,0,1,65,374.0,6.459705614890563,26,0,2,0,20,6,0,-374.0,False
4,176,0,1,64,402.0,6.1348051545642335,29,0,2,0,22,6,1,-402.0,False
4,177,0,1,64,432.0,5.938834809490557,31,0,2,0,23,8,0,-432.0,False
4,178,0,1,61,462.0,5.671935458176944,30,0,2,0,22,8,0,-462.0,False
5,179,1,0,60,493.0,5.481641310877934,31,1,3,0,23,8,0,0.0,False
5,180,1,0,59,524.0,5.270741239873522,31,1,3,0,23,8,0,0.0,False
5,181,1,0,63,556.0,4.612856368630225,37,1,3,2,25,10,0,0.0,False
5,182,1,0,63,335.0,4.859042562175808,26,2,0,0,21,4,1,-335.0,False
5,183,1,0,61,210.0,5.327934613077143,17,2,0,0,17,0,0,-210.0,False
5,184,1,0,60,143.0,6.025258727898118,14,2,0,0,14,0,0,-143.0,False
5,185,1,0,60,90.0,6.460038271679644,12,2,0,0,11,0,1,-90.0,False
5,186,1,0,60,46.0,6.975559961191107,7,2,0,0,6,0,1,-46.0,False
5,187,1,0,61,17.0,7.562603141406875,5,2,0,0,3,0,2,-17.0,False
5,188,1,0,61,5.0,8.356959871517576,2,2,0,1,0,0,1,-5.0,False
5,189,1,0,62,8.0,8.963093800177875,4,2,0,2,1,0,1,-8.0,False
5,190,1,0,60,12.0,9.26764481078192,4,2,0,2,0,0,2,-12.0,False
5,191,1,0,60,16.0,9.780673775424653,4,2,0,2,0,0,2,-16.0,False
5,192,1,0,61,20.0,9.911633556718991,5,2,0,2,0,0,3,-20.0,False
5,193,1,0,66,25.0,9.60259570668745,10,2,0,4,1,2,3,-25.0,False
5,194,1,0,66,30.0,10.091466049075455,5,2,0,2,0,0,3,-30.0,False
5,195,1,0,66,35.0,10.348384279024282,5,2,0,2,0,0,3,-35.0,False
5,196,1,0,66,40.0,10.707095229454959,5,2,0,2,0,0,3,-40.0,False
5,197,1,0,68,45.0,10.538430748733855,7,2,0,2,1,0,4,-45.0,False
5,198,1,0,68,50.0,10.686046834088067,5,2,0,2,0,0,3,-50.0,False
5,199,1,0,68,56.0,10.719468062287646,6,2,0,2,0,0,4,-56.0,False
5,200,1,0,66,62.0,10.670581047673695,6,2,0,2,0,0,4,-62.0,False
5,201,1,0,66,69.0,10.308673838902408,8,2,0,3,1,0,4,-69.0,False
5,202,1,0,65,77.0,10.167758973095317,9,2,0,4,0,0,5,-77.0,False
5,203,1,0,63,86.0,10.215724923596259,9,2,0,4,0,0,5,-86.0,False
5,204,1,0,61,95.0,10.078630797128934,9,2,0,4,0,0,5,-95.0,False
5,205,1,0,65,104.0,9.293148275205846,14,2,0,6,1,2,5,-104.0,False
5,206,1,0,65,113.0,9.277437735125272,9,2,0,4,0,0,5,-113.0,False
5,207,1,0,66,122.0,9.122289603520782,10,2,0,4,0,0,6,-122.0,False
5,208,1,0,64,133.0,9.045872388533537,11,2,0,4,0,0,7,-133.0,False
5,209,1,0,65,144.0,8.812906757200661,12,2,0,4,1,0,7,-144.0,False
5,210,1,0,64,156.0,8.774225720403912,12,2,0,4,0,0,8,-156.0,False
5,211,1,0,64,168.0,8.738194967964166,12,2,0,4,0,0,8,-168.0,False
5,212,1,0,65,182.0,8.572335767603205,15,2,0,5,0,0,10,-182.0,False
5,213,1,0,64,198.0,8.226039398883191,17,2,0,6,1,0,10,-198.0,False
5,214,1,0,63,215.0,7.989121669068369,17,2,0,6,0,0,11,-215.0,False
5,215,1,0,61,232.0,7.665284565646578,17,2,0,6,0,0,11,-232.0,False
5,216,1,0,59,250.0,7.060251982773874,18,2,0,6,0,0,12,-250.0,False
5,217,1,0,64,270.0,6.271977003060484,25,2,0,8,1,2,14,-270.0,False
5,218,1,0,64,291.0,6.147011069071303,22,2,0,6,0,0,16,-291.0,False
5,219,1,0,63,314.0,5.947057410122057,23,2,0,6,0,0,17,-314.0,False
5,220,1,0,62,337.0,5.793788052937725,23,2,0,6,0,0,17,-337.0,False
5,221,1,0,62,363.0,5.583338447021837,27,2,0,6,1,0,20,-363.0,False
5,222,1,0,60,390.0,5.4526544745274546,27,2,0,6,0,0,21,-390.0,False
5,223,1,0,60,419.0,5.143137063994231,30,2,0,6,0,0,24,-419.0,False
6,224,0,1,59,448.0,4.920444871814733,29,3,1,6,0,0,23,0.0,False
6,225,0,1,59,481.0,4.623314239206129,34,3,1,8,1,0,25,0.0,False
6,226,0,1,59,515.0,4.683182638147011,34,3,1,8,0,0,26,0.0,False
6,227,0,1,58,298.0,4.751660988160222,26,0,2,4,0,0,22,-298.0,False
6,228,0,1,58,188.0,4.903245048321853,20,0,2,0,0,0,20,-188.0,False
6,229,0,1,63,130.0,5.085456107630251,21,0,2,2,2,2,15,-130.0,False
6,230,0,1,63,90.0,5.789917574027232,13,0,2,0,1,0,12,-90.0,False
6,231,0,1,63,67.0,6.688960819975988,10,0,2,0,1,0,9,-67.0,False
6,232,0,1,63,52.0,7.669714923414921,7,0,2,0,1,0,6,-52.0,False
6,233,0,1,65,37.0,8.216827563967612,7,0,2,0,2,0,5,-37.0,False
6,234,0,1,65,23.0,8.885738653898064,4,0,2,0,2,0,2,-23.0,False
6,235,0,1,65,11.0,9.477829605905484,4,0,2,0,2,0,2,-11.0,False
6,236,0,1,65,11.0,9.687919979077881,2,0,2,0,2,0,0,-11.0,False
6,237,0,1,66,13.0,9.7587407134761,3,0,2,0,3,0,0,-13.0,False
6,238,0,1,67,18.0,9.903779986983704,6,0,2,0,3,2,1,-18.0,False
6,239,0,1,65,23.0,10.169841916187858,5,0,2,0,3,2,0,-23.0,False
6,240,0,1,65,28.0,10.338451739843714,5,0,2,0,3,2,0,-28.0,False
6,241,0,1,70,34.0,9.742080175662538,11,0,2,2,5,4,0,-34.0,False
6,242,0,1,70,40.0,10.049222520747648,6,0,2,0,4,2,0,-40.0,False
6,243,0,1,71,46.0,10.16210414647022,7,0,2,0,4,2,1,-46.0,False
6,244,0,1,71,52.0,10.385516888418545,6,0,2,0,4,2,0,-52.0,False
6,245,0,1,71,59.0,10.359911749328175,8,0,2,0,6,2,0,-59.0,False
6,246,0,1,69,66.0,10.371046784211984,7,0,2,0,5,2,0,-66.0,False
6,247,0,1,67,73.0,10.265468924279675,7,0,2,0,5,2,0,-73.0,False
6,248,0,1,66,80.0,9.9759479444376,8,0,2,0,5,2,1,-80.0,False
6,249,0,1,67,87.0,9.871129005242238,8,0,2,0,6,2,0,-87.0,False
6,250,0,1,65,98.0,9.78366434186211,11,0,2,0,7,4,0,-98.0,False
6,251,0,1,65,109.0,9.80161379543367,11,0,2,0,7,4,0,-109.0,False
6,252,0,1,64,120.0,9.533245197523343,11,0,2,0,7,4,0,-120.0,False
6,253,0,1,67,131.0,8.382483470195554,16,0,2,2,8,6,0,-131.0,False
6,254,0,1,68,142.0,8.235591302516083,12,0,2,0,7,4,1,-142.0,False
6,255,0,1,67,155.0,7.924867188957525,13,0,2,0,9,4,0,-155.0,False
6,256,0,1,67,170.0,7.800848894304774,15,0,2,0,11,4,0,-170.0,False
6,257,0,1,68,185.0,7.666659865417898,16,0,2,0,12,4,0,-185.0,False
6,258,0,1,67,201.0,7.445881904532968,16,0,2,0,12,4,0,-201.0,False
6,259,0,1,67,217.0,7.257154975117752,17,0,2,0,12,4,1,-217.0,False
6,260,0,1,67,235.0,7.100107785523772,18,0,2,0,14,4,0,-235.0,False
6,261,0,1,67,255.0,6.673001810399179,21,0,2,0,17,4,0,-255.0,False
6,262,0,1,65,277.0,6.403196308478457,22,0,2,0,17,5,0,-277.0,False
6,263,0,1,63,301.0,6.311254141486245,24,0,2,0,18,6,0,-301.0,False
6,264,0,1,62,328.0,6.031992073155535,28,0,2,0,21,6,1,-328.0,False
6,265,0,1,67,354.0,5.608353814152815,32,0,2,2,22,8,0,-354.0,False
6,266,0,1,65,382.0,5.472230366211278,28,0,2,0,22,6,0,-382.0,False
6,267,0,1,65,411.0,5.733194426223179,29,0,2,0,23,6,0,-411.0,False
6,268,0,1,64,441.0,5.74164125446375,30,0,2,0,24,6,0,-441.0,False
7,269,1,0,65,471.0,5.5303781488362596,32,1,3,0,25,6,1,0.0,False
7,270,1,0,64,502.0,5.644471742173745,31,1,3,0,25,6,0,0.0,False
7,271,1,0,62,533.0,5.374649309119798,31,1,3,0,25,6,0,0.0,False
7,272,1,0,62,330.0,5.38207773957759,24,2,0,0,21,3,0,-330.0,False
7,273,1,0,61,227.0,5.223762101200764,19,2,0,1,18,0,0,-227.0,False
7,274,1,0,62,162.0,5.5447580744746565,17,2,0,1,15,0,1,-162.0,False
7,275,1,0,59,105.0,5.825087959672879,14,2,0,2,12,0,0,-105.0,False
7,276,1,0,57,65.0,6.399727503845398,12,2,0,2,9,0,1,-65.0,False
7,277,1,0,62,33.0,6.700909064323785,13,2,0,4,6,2,1,-33.0,False
7,278,1,0,62,18.0,7.625834749176115,4,2,0,2,1,0,1,-18.0,False
7,279,1,0,63,16.0,8.46917791214175,4,2,0,2,0,0,2,-16.0,False
7,280,1,0,63,19.0,9.13531271535186,3,2,0,2,0,0,1,-19.0,False
7,281,1,0,64,22.0,9.50029510487875,4,2,0,2,1,0,1,-22.0,False
7,282,1,0,64,25.0,9.868164703578948,3,2,0,2,0,0,1,-25.0,False
7,283,1,0,64,28.0,10.294153623352504,3,2,0,2,0,0,1,-28.0,False
7,284,1,0,65,31.0,10.393960773319293,4,2,0,2,0,0,2,-31.0,False
7,285,1,0,66,35.0,10.514254434785887,5,2,0,2,1,0,2,-35.0,False
7,286,1,0,66,42.0,10.72376842010818,7,2,0,4,0,0,3,-42.0,False
7,287,1,0,66,49.0,10.874522009391098,7,2,0,4,0,0,3,-49.0,False
7,288,1,0,66,56.0,11.007699604200212,7,2,0,4,0,0,3,-56.0,False
7,289,1,0,71,63.0,10.171677588999213,12,2,0,6,1,2,3,-63.0,False
7,290,1,0,72,70.0,10.221022646920034,8,2,0,4,0,0,4,-70.0,False
7,291,1,0,70,77.0,10.254181872799327,7,2,0,4,0,0,3,-77.0,False
7,292,1,0,68,84.0,10.436730179370356,7,2,0,4,0,0,3,-84.0,False
7,293,1,0,68,92.0,10.298140938027846,9,2,0,4,1,0,4,-92.0,False
7,294,1,0,66,100.0,10.272839235155697,8,2,0,4,0,0,4,-100.0,False
7,295,1,0,66,108.0,10.167856525357761,9,2,0,4,0,0,5,-108.0,False
7,296,1,0,66,117.0,10.229790565484473,9,2,0,4,0,0,5,-117.0,False
7,297,1,0,67,128.0,10.047835969627313,12,2,0,6,1,0,5,-128.0,False
7,298,1,0,64,139.0,9.861303959645198,11,2,0,6,0,0,5,-139.0,False
7,299,1,0,63,150.0,9.665600395609655,11,2,0,6,0,0,5,-150.0,False
7,300,1,0,62,163.0,9.225242457513042,14,2,0,6,0,0,8,-163.0,False
7,301,1,0,66,177.0,8.267762506194101,19,2,0,8,1,2,8,-177.0,False
7,302,1,0,65,191.0,8.00777241319924,14,2,0,6,0,0,8,-191.0,False
7,303,1,0,64,205.0,7.756194940862511,14,2,0,6,0,0,8,-205.0,False
7,304,1,0,63,221.0,7.548955237318497,16,2,0,6,0,0,10,-221.0,False
7,305,1,0,65,238.0,7.060335309209608,19,2,0,6,1,0,12,-238.0,False
7,306,1,0,64,257.0,7.031752202597013,19,2,0,6,0,0,13,-257.0,False
7,307,1,0,64,277.0,6.86037637586083,20,2,0,6,0,0,14,-277.0,False
7,308,1,0,62,299.0,6.473115715030249,22,2,0,6,0,0,16,-299.0,False
7,309,1,0,62,323.0,6.111553007537953,25,2,0,7,1,0,17,-323.0,False
7,310,1,0,61,350.0,5.7332251610067395,28,2,0,8,0,0,20,-350.0,False
7,311,1,0,60,378.0,5.436456078187876,28,2,0,8,0,0,20,-378.0,False
7,312,1,0,59,407.0,5.338861870275037,29,2,0,8,0,0,21,-407.0,False
7,313,1,0,62,438.0,4.51012849140497,36,2,0,10,1,2,23,-438.0,False
8,314,0,1,61,469.0,4.441677344534021,31,3,1,8,0,0,23,0.0,False
8,315,0,1,61,502.0,4.374671246305352,34,3,1,8,0,0,26,0.0,False
8,316,0,1,61,537.0,4.501742505052011,35,3,1,8,0,0,27,0.0,False
8,317,0,1,62,309.0,4.664197419914368,28,0,2,4,1,0,23,-309.0,False
8,318,0,1,62,181.0,4.9295258788362935,19,0,2,0,0,0,19,-181.0,False
8,319,0,1,62,133.0,5.274612054148269,17,0,2,0,0,0,17,-133.0,False
8,320,0,1,63,104.0,5.857264942246776,15,0,2,0,0,1,14,-104.0,False
8,321,0,1,64,81.0,6.386560055492532,11,0,2,0,1,1,9,-81.0,False
8,322,0,1,62,66.0,6.87749585681154,9,0,2,0,1,1,7,-66.0,False
8,323,0,1,62,51.0,7.62041645236411,8,0,2,0,1,1,6,-51.0,False
8,324,0,1,62,37.0,8.362958704119862,8,0,2,0,2,2,4,-37.0,False
8,325,0,1,67,35.0,8.288569420598893,12,0,2,2,3,4,3,-35.0,False
8,326,0,1,68,23.0,8.778612160529265,7,0,2,0,2,2,3,-23.0,False
8,327,0,1,68,22.0,9.309953126677557,4,0,2,0,2,2,0,-22.0,False
8,328,0,1,68,26.0,9.672553758987894,4,0,2,0,2,2,0,-26.0,False
8,329,0,1,69,30.0,9.846912374009698,5,0,2,0,3,2,0,-30.0,False
8,330,0,1,69,35.0,10.164027290449951,5,0,2,0,3,2,0,-35.0,False
8,331,0,1,70,40.0,10.134393569628912,6,0,2,0,3,2,1,-40.0,False
8,332,0,1,70,46.0,10.214291647910489,6,0,2,0,3,3,0,-46.0,False
8,333,0,1,71,52.0,10.238890710556785,7,0,2,0,4,3,0,-52.0,False
8,334,0,1,71,59.0,10.226088101685354,7,0,2,0,4,3,0,-59.0,False
8,335,0,1,70,68.0,10.44603443488299,9,0,2,0,5,4,0,-68.0,False
8,336,0,1,69,77.0,10.356749793952762,10,0,2,0,5,4,1,-77.0,False
8,337,0,1,74,86.0,9.76240803231939,14,0,2,2,6,6,0,-86.0,False
8,338,0,1,70,95.0,9.663722975548042,9,0,2,0,5,4,0,-95.0,False
8,339,0,1,69,104.0,9.836448677466658,9,0,2,0,5,4,0,-104.0,False
8,340,0,1,68,114.0,9.896011038641419,10,0,2,0,6,4,0,-114.0,False
8,341,0,1,69,124.0,9.525334440718153,12,0,2,0,7,4,1,-124.0,False
8,342,0,1,69,134.0,9.519558725099806,10,0,2,0,6,4,0,-134.0,False
8,343,0,1,67,145.0,9.438576106378225,11,0,2,0,7,4,0,-145.0,False
8,344,0,1,67,156.0,9.36269282317262,11,0,2,0,7,4,0,-156.0,False
8,345,0,1,67,168.0,8.944108976734617,13,0,2,0,8,5,0,-168.0,False
8,346,0,1,67,181.0,8.577310643360624,14,0,2,0,8,5,1,-181.0,False
8,347,0,1,65,195.0,8.131619684725573,14,0,2,0,9,5,0,-195.0,False
8,348,0,1,64,210.0,7.832718276185619,15,0,2,0,9,6,0,-210.0,False
8,349,0,1,67,228.0,6.91478012500584,23,0,2,2,13,8,0,-228.0,False
8,350,0,1,66,247.0,6.778418409202225,19,0,2,0,13,6,0,-247.0,False
8,351,0,1,67,267.0,6.69081666140479,21,0,2,0,14,6,1,-267.0,False
8,352,0,1,66,289.0,6.504055892561068,22,0,2,0,16,6,0,-289.0,False
8,353,0,1,66,311.0,6.35281829633991,23,0,2,0,17,6,0,-311.0,False
8,354,0,1,66,336.0,6.573287974459085,25,0,2,0,19,6,0,-336.0,False
8,355,0,1,64,362.0,6.348149831210869,26,0,2,0,20,6,0,-362.0,False
8,356,0,1,64,388.0,6.065430578546938,27,0,2,0,20,6,1,-388.0,False
8,357,0,1,65,416.0,5.891768299466628,29,0,2,0,22,7,0,-416.0,False
8,358,0,1,64,447.0,5.8307267644338,31,0,2,0,23,8,0,-447.0,False
9,359,1,0,62,478.0,5.5605016730272485,31,1,3,0,23,8,0,0.0,False
9,360,1,0,60,509.0,5.244064600484217,31,1,3,0,23,8,0,0.0,False
9,361,1,0,65,541.0,4.6286629042675855,37,1,3,2,25,10,0,0.0,False
9,362,1,0,63,321.0,4.546990614215489,25,2,0,0,20,4,1,-321.0,False
9,363,1,0,62,208.0,5.084031006649735,19,2,0,0,18,0,1,-208.0,False
9,364,1,0,61,145.0,5.599039165384172,16,2,0,0,14,0,2,-145.0,False
9,365,1,0,61,94.0,5.937185292818283,13,2,0,0,11,0,2,-94.0,False
9,366,1,0,60,52.0,6.498357110569354,8,2,0,0,6,0,2,-52.0,False
9,367,1,0,61,25.0,7.070828623099066,6,2,0,0,3,0,3,-25.0,False
9,368,1,0,61,12.0,7.709324990218407,3,2,0,1,0,0,2,-12.0,False
9,369,1,0,62,16.0,8.317045322431516,5,2,0,1,1,0,3,-16.0,False
9,370,1,0,61,20.0,8.89314513676838,4,2,0,1,0,0,3,-20.0,False
9,371,1,0,61,25.0,9.535285773643837,5,2,0,2,0,0,3,-25.0,False
9,372,1,0,61,30.0,9.761515483293087,6,2,0,2,0,0,4,-30.0,False
9,373,1,0,66,35.0,9.319539584701028,10,2,0,4,1,2,3,-35.0,False
9,374,1,0,66,41.0,9.874229845215988,6,2,0,2,0,0,4,-41.0,False
9,375,1,0,66,47.0,10.180748774181282,6,2,0,2,0,0,4,-47.0,False
9,376,1,0,66,53.0,10.407087933088079,6,2,0,2,0,0,4,-53.0,False
9,377,1,0,68,59.0,10.192624992018319,8,2,0,2,1,0,5,-59.0,False
9,378,1,0,68,65.0,10.290387683014945,6,2,0,2,0,0,4,-65.0,False
9,379,1,0,68,71.0,10.273298479013999,6,2,0,2,0,0,4,-71.0,False
9,380,1,0,68,77.0,10.339600708353021,6,2,0,2,0,0,4,-77.0,False
9,381,1,0,66,85.0,10.03163203520443,9,2,0,3,1,0,5,-85.0,False
9,382,1,0,66,93.0,9.926413928122187,9,2,0,3,0,0,6,-93.0,False
9,383,1,0,63,102.0,9.93508180760815,9,2,0,4,0,0,5,-102.0,False
9,384,1,0,63,112.0,9.992871582060568,10,2,0,4,0,0,6,-112.0,False
9,385,1,0,67,122.0,9.139242835260033,15,2,0,6,1,2,6,-122.0,False
9,386,1,0,67,132.0,9.264584045333798,10,2,0,4,0,0,6,-132.0,False
9,387,1,0,68,143.0,9.145240201153186,12,2,0,4,0,0,8,-143.0,False
9,388,1,0,66,154.0,9.099020828305921,11,2,0,4,0,0,7,-154.0,False
9,389,1,0,66,165.0,8.789262057799913,12,2,0,4,1,0,7,-165.0,False
9,390,1,0,65,178.0,8.684294214375996,13,2,0,4,0,0,9,-178.0,False
9,391,1,0,64,191.0,8.434554725181819,13,2,0,4,0,0,9,-191.0,False
9,392,1,0,64,204.0,8.167566415855834,14,2,0,4,0,0,10,-204.0,False
9,393,1,0,64,220.0,7.901135038930094,17,2,0,6,1,0,10,-220.0,False
9,394,1,0,62,238.0,7.535368990916559,18,2,0,6,0,0,12,-238.0,False
9,395,1,0,62,258.0,7.233383332616731,20,2,0,6,0,0,14,-258.0,False
9,396,1,0,60,278.0,6.924949066857751,20,2,0,6,0,0,14,-278.0,False
9,397,1,0,65,301.0,6.333739909675326,28,2,0,8,1,2,17,-301.0,False
9,398,1,0,64,326.0,6.05948705879113,26,2,0,6,0,0,20,-326.0,False
9,399,1,0,64,351.0,6.153108252129768,25,2,0,6,0,0,19,-351.0,False
9,400,1,0,62,376.0,5.8392725316797005,25,2,0,6,0,0,19,-376.0,False
9,401,1,0,63,403.0,5.696855821816804,28,2,0,6,1,0,21,-403.0,False
9,402,1,0,62,432.0,5.498068684063538,29,2,0,6,0,0,23,-432.0,False
9,403,1,0,61,462.0,5.113279112199714,31,2,0,6,0,0,25,-462.0,False
10,404,0,1,60,493.0,5.020163010046517,31,3,1,6,0,0,25,0.0,False
10,405,0,1,60,525.0,4.64429837122074,33,3,1,6,1,0,26,0.0,False
10,406,0,1,59,560.0,4.423973368214489,35,3,1,8,0,0,27,0.0,False
10,407,0,1,58,342.0,4.515813646750518,28,0,2,4,0,0,24,-342.0,False
10,408,0,1,59,228.0,4.753653421167186,23,0,2,0,1,0,22,-228.0,False
10,409,0,1,64,164.0,4.9797032378989785,23,0,2,2,2,2,17,-164.0,False
10,410,0,1,64,114.0,5.69355771677714,14,0,2,0,1,0,13,-114.0,False
10,411,0,1,64,78.0,6.516680154581346,11,0,2,0,1,0,10,-78.0,False
10,412,0,1,64,60.0,7.444482925653011,9,0,2,0,2,0,7,-60.0,False
10,413,0,1,66,45.0,7.793530073790336,9,0,2,0,3,0,6,-45.0,False
10,414,0,1,66,30.0,8.418118406597236,5,0,2,0,2,0,3,-30.0,False
10,415,0,1,66,17.0,8.927764690517156,3,0,2,0,2,0,1,-17.0,False
10,416,0,1,66,14.0,9.230282136230368,2,0,2,0,2,0,0,-14.0,False
10,417,0,1,67,18.0,9.589479205899494,5,0,2,0,4,1,0,-18.0,False
10,418,0,1,66,23.0,9.716256474990324,6,0,2,0,3,2,1,-23.0,False
10,419,0,1,66,28.0,10.10355249086614,5,0,2,0,3,2,0,-28.0,False
10,420,0,1,66,33.0,10.262198792311583,5,0,2,0,3,2,0,-33.0,False
10,421,0,1,71,39.0,9.74718941924805,11,0,2,2,5,4,0,-39.0,False
10,422,0,1,71,45.0,10.046407735043509,6,0,2,0,4,2,0,-45.0,False
10,423,0,1,72,52.0,10.071056900466651,8,0,2,0,5,2,1,-52.0,False
10,424,0,1,72,59.0,10.298031175576838,7,0,2,0,5,2,0,-59.0,False
10,425,0,1,71,66.0,10.158121957508602,8,0,2,0,6,2,0,-66.0,False
10,426,0,1,69,73.0,10.310450953311664,7,0,2,0,5,2,0,-73.0,False
10,427,0,1,67,80.0,10.276226839369343,7,0,2,0,5,2,0,-80.0,False
10,428,0,1,66,87.0,10.016872272613629,8,0,2,0,5,2,1,-87.0,False
10,429,0,1,67,95.0,9.79302854293041,9,0,2,0,7,2,0,-95.0,False
10,430,0,1,66,103.0,9.68473311881884,8,0,2,0,6,2,0,-103.0,False
10,431,0,1,66,114.0,9.761083662052354,11,0,2,0,7,4,0,-114.0,False
10,432,0,1,65,125.0,9.555533150609351,11,0,2,0,7,4,0,-125.0,False
10,433,0,1,69,136.0,8.74621683195326,16,0,2,2,8,6,0,-136.0,False
10,434,0,1,69,147.0,8.537524411138383,12,0,2,0,7,4,1,-147.0,False
10,435,0,1,68,159.0,8.585020248055482,12,0,2,0,8,4,0,-159.0,False
10,436,0,1,68,171.0,8.529351522520964,12,0,2,0,8,4,0,-171.0,False
10,437,0,1,67,185.0,8.284403237162925,15,0,2,0,11,4,0,-185.0,False
10,438,0,1,66,200.0,8.09128684854704,15,0,2,0,11,4,0,-200.0,False
10,439,0,1,67,215.0,7.824683904849062,16,0,2,0,11,4,1,-215.0,False
10,440,0,1,66,231.0,7.457230676075769,16,0,2,0,12,4,0,-231.0,False
10,441,0,1,66,248.0,6.93903641930085,18,0,2,0,14,4,0,-248.0,False
10,442,0,1,63,269.0,6.426423380210639,21,0,2,0,15,6,0,-269.0,False
10,443,0,1,62,293.0,6.293646046258731,24,0,2,0,18,6,0,-293.0,False
10,444,0,1,62,318.0,5.948451924880541,26,0,2,0,19,6,1,-318.0,False
10,445,0,1,66,343.0,5.258807697161357,30,0,2,2,20,8,0,-343.0,False
10,446,0,1,65,369.0,5.203555185395916,26,0,2,0,20,6,0,-369.0,False
10,447,0,1,65,398.0,5.328450724182943,29,0,2,0,23,6,0,-398.0,False
10,448,0,1,65,428.0,5.346776467058963,30,0,2,0,24,6,0,-428.0,False
11,449,1,0,67,459.0,5.391739688504486,33,1,3,0,26,6,1,0.0,False
11,450,1,0,66,492.0,5.24809946524537,33,1,3,0,27,6,0,0.0,False
11,451,1,0,65,525.0,4.928687141791152,33,1,3,0,27,6,0,0.0,False
11,452,1,0,64,323.0,4.832734779764512,25,2,0,0,23,2,0,-323.0,False
11,453,1,0,64,225.0,5.084416561098026,21,2,0,1,20,0,0,-225.0,False
11,454,1,0,64,163.0,5.346862572266561,20,2,0,2,16,0,2,-163.0,False
11,455,1,0,62,112.0,5.8200815758158155,15,2,0,2,12,0,1,-112.0,False
11,456,1,0,61,75.0,6.507231012252756,12,2,0,2,9,0,1,-75.0,False
11,457,1,0,64,46.0,6.623887896545179,13,2,0,4,6,2,1,-46.0,False
11,458,1,0,63,28.0,7.320961006937017,5,2,0,2,2,0,1,-28.0,False
11,459,1,0,64,19.0,7.9226255698882575,4,2,0,2,0,0,2,-19.0,False
11,460,1,0,64,22.0,8.619283581222039,3,2,0,2,0,0,1,-22.0,False
11,461,1,0,65,25.0,9.076912581581828,4,2,0,2,1,0,1,-25.0,False
11,462,1,0,65,28.0,9.531206643828433,3,2,0,2,0,0,1,-28.0,False
11,463,1,0,65,31.0,10.071301422660024,3,2,0,2,0,0,1,-31.0,False
11,464,1,0,66,34.0,10.198310928876952,4,2,0,2,0,0,2,-34.0,False
11,465,1,0,67,37.0,10.162186638411022,4,2,0,2,1,0,1,-37.0,False
11,466,1,0,67,42.0,10.395922432822642,5,2,0,3,0,0,2,-42.0,False
11,467,1,0,67,48.0,10.636949492691127,6,2,0,3,0,0,3,-48.0,False
11,468,1,0,67,54.0,10.750973920243725,6,2,0,3,0,0,3,-54.0,False
11,469,1,0,72,61.0,10.029362217815256,12,2,0,6,1,2,3,-61.0,False
11,470,1,0,71,68.0,9.9553950035841,8,2,0,4,0,0,4,-68.0,False
11,471,1,0,71,75.0,10.13843573896822,7,2,0,4,0,0,3,-75.0,False
11,472,1,0,68,82.0,10.1659964582876,7,2,0,4,0,0,3,-82.0,False
11,473,1,0,68,89.0,10.082051897461096,8,2,0,4,1,0,3,-89.0,False
11,474,1,0,66,97.0,9.968645354356926,8,2,0,4,0,0,4,-97.0,False
11,475,1,0,67,105.0,9.87215802310439,9,2,0,4,0,0,5,-105.0,False
11,476,1,0,67,114.0,9.880072121939,9,2,0,4,0,0,5,-114.0,False
11,477,1,0,68,124.0,9.71014386292907,11,2,0,5,1,0,5,-124.0,False
11,478,1,0,66,135.0,9.474973822612686,11,2,0,6,0,0,5,-135.0,False
11,479,1,0,65,146.0,9.207679118699383,11,2,0,6,0,0,5,-146.0,False
11,480,1,0,66,159.0,8.751835755956538,14,2,0,6,0,0,8,-159.0,False
11,481,1,0,69,173.0,7.700547724528689,19,2,0,8,1,2,8,-173.0,False
11,482,1,0,69,188.0,7.6490366334155295,15,2,0,6,0,0,9,-188.0,False
11,483,1,0,69,204.0,7.642994881226313,16,2,0,6,0,0,10,-204.0,False
11,484,1,0,69,221.0,7.622878523252104,17,2,0,6,0,0,11,-221.0,False
11,485,1,0,69,240.0,7.192288285879904,21,2,0,6,1,0,14,-240.0,False
11,486,1,0,68,261.0,7.220026588267784,21,2,0,6,0,0,15,-261.0,False
11,487,1,0,67,283.0,6.905818583675996,22,2,0,6,0,0,16,-283.0,False
11,488,1,0,66,306.0,6.671472738047212,23,2,0,6,0,0,17,-306.0,False
11,489,1,0,66,331.0,6.276074949951498,26,2,0,8,1,0,17,-331.0,False
11,490,1,0,65,356.0,5.926789370028283,26,2,0,8,0,0,18,-356.0,False
11,491,1,0,63,384.0,5.685231257088429,28,2,0,8,0,0,20,-384.0,False
11,492,1,0,62,412.0,5.590422903654276,28,2,0,8,0,0,20,-412.0,False
11,493,1,0,66,442.0,4.981082026274339,35,2,0,10,1,2,22,-442.0,False
12,494,0,1,65,473.0,4.996381485837436,31,3,1,8,0,0,23,0.0,False
12,495,0,1,64,506.0,4.7305116699890375,34,3,1,8,0,0,26,0.0,False
12,496,0,1,63,540.0,4.805351999120167,34,3,1,8,0,0,26,0.0,False
12,497,0,1,62,312.0,4.751888024958212,27,0,2,4,1,0,22,-312.0,False
12,498,0,1,62,185.0,5.109176178745002,18,0,2,0,0,0,18,-185.0,False
12,499,0,1,62,130.0,5.5493767593259475,15,0,2,0,0,0,15,-130.0,False
12,500,0,1,63,91.0,5.8782911354200476,14,0,2,0,1,1,12,-91.0,False
12,501,0,1,64,72.0,6.42326558181941,11,0,2,0,2,1,8,-72.0,False
12,502,0,1,62,59.0,6.999317505225672,10,0,2,0,1,2,7,-59.0,False
12,503,0,1,62,47.0,7.734383951521841,8,0,2,0,1,2,5,-47.0,False
12,504,0,1,62,34.0,8.410811488419274,7,0,2,0,1,2,4,-34.0,False
12,505,0,1,67,28.0,8.283817732260795,11,0,2,2,3,4,2,-28.0,False
12,506,0,1,68,26.0,8.703274979743282,6,0,2,0,2,2,2,-26.0,False
12,507,0,1,68,25.0,9.272975367913597,4,0,2,0,2,2,0,-25.0,False
12,508,0,1,68,29.0,9.824684185458121,4,0,2,0,2,2,0,-29.0,False
12,509,0,1,69,33.0,10.176011341266824,5,0,2,0,3,2,0,-33.0,False
12,510,0,1,69,38.0,10.407043008511112,5,0,2,0,3,2,0,-38.0,False
12,511,0,1,70,43.0,10.556499622284665,6,0,2,0,3,2,1,-43.0,False
12,512,0,1,70,48.0,10.606154768620561,5,0,2,0,3,2,0,-48.0,False
12,513,0,1,71,53.0,10.482586043111096,6,0,2,0,4,2,0,-53.0,False
12,514,0,1,71,61.0,10.55492820781838,8,0,2,0,4,4,0,-61.0,False
12,515,0,1,69,69.0,10.51658851479445,8,0,2,0,4,4,0,-69.0,False
12,516,0,1,69,77.0,10.302798034980588,9,0,2,0,4,4,1,-77.0,False
12,517,0,1,74,86.0,9.716161433003247,14,0,2,2,6,6,0,-86.0,False
12,518,0,1,70,95.0,9.67791382938745,9,0,2,0,5,4,0,-95.0,False
12,519,0,1,69,104.0,9.89021566475629,9,0,2,0,5,4,0,-104.0,False
12,520,0,1,68,114.0,9.990923638778511,10,0,2,0,6,4,0,-114.0,False
12,521,0,1,70,124.0,9.673335677099297,12,0,2,0,7,4,1,-124.0,False
12,522,0,1,69,134.0,9.593629290428861,10,0,2,0,6,4,0,-134.0,False
12,523,0,1,68,145.0,9.432869530058928,11,0,2,0,7,4,0,-145.0,False
12,524,0,1,67,157.0,9.381928879072005,12,0,2,0,7,5,0,-157.0,False
12,525,0,1,67,171.0,9.093039633856678,15,0,2,0,9,6,0,-171.0,False
12,526,0,1,65,185.0,8.559830099503715,15,0,2,0,8,6,1,-185.0,False
12,527,0,1,64,199.0,8.258310129189946,14,0,2,0,8,6,0,-199.0,False
12,528,0,1,62,214.0,7.779870844741903,15,0,2,0,9,6,0,-214.0,False
12,529,0,1,67,231.0,6.936879060679042,22,0,2,2,12,8,0,-231.0,False
12,530,0,1,65,250.0,6.729930798990776,19,0,2,0,13,6,0,-250.0,False
12,531,0,1,66,270.0,6.696419385062119,21,0,2,0,14,6,1,-270.0,False
12,532,0,1,66,291.0,6.8268748832495225,21,0,2,0,15,6,0,-291.0,False
12,533,0,1,67,312.0,6.67549241338825,22,0,2,0,16,6,0,-312.0,False
12,534,0,1,66,335.0,6.700402028550371,23,0,2,0,17,6,0,-335.0,False
12,535,0,1,65,360.0,6.579920948597784,25,0,2,0,19,6,0,-360.0,False
12,536,0,1,65,387.0,6.3042562074648405,28,0,2,0,21,6,1,-387.0,False
12,537,0,1,65,416.0,6.140965789092475,30,0,2,0,22,8,0,-416.0,False
12,538,0,1,61,447.0,5.652862213991268,31,0,2,0,23,8,0,-447.0,False
13,539,1,0,60,478.0,5.569442712061178,31,1,3,0,23,8,0,0.0,False
13,540,1,0,59,509.0,5.378299695134303,31,1,3,0,23,8,0,0.0,False
13,541,1,0,63,541.0,4.706189051984576,37,1,3,2,25,10,0,0.0,False
13,542,1,0,63,318.0,4.820663957851266,25,2,0,0,20,4,1,-318.0,False
13,543,1,0,63,200.0,5.361323429448094,18,2,0,0,17,0,1,-200.0,False
13,544,1,0,62,136.0,5.838525714395903,15,2,0,0,14,0,1,-136.0,False
13,545,1,0,63,87.0,6.302693690872322,12,2,0,0,11,0,1,-87.0,False
13,546,1,0,61,46.0,6.769665187105621,7,2,0,0,6,0,1,-46.0,False
13,547,1,0,61,17.0,7.386636837629154,4,2,0,0,2,0,2,-17.0,False
13,548,1,0,61,7.0,8.351798747340917,2,2,0,0,1,0,1,-7.0,False
13,549,1,0,62,8.0,8.907403770886313,3,2,0,0,1,0,2,-8.0,False
13,550,1,0,60,11.0,9.342773022482053,3,2,0,1,0,0,2,-11.0,False
13,551,1,0,60,14.0,9.694497423235598,3,2,0,1,0,0,2,-14.0,False
13,552,1,0,61,17.0,10.087327338686197,4,2,0,1,0,0,3,-17.0,False
13,553,1,0,66,21.0,9.7612043128381,9,2,0,4,1,2,2,-21.0,False
13,554,1,0,66,25.0,10.088933116047869,4,2,0,2,0,0,2,-25.0,False
13,555,1,0,66,30.0,10.565155451001154,5,2,0,2,0,0,3,-30.0,False
13,556,1,0,66,35.0,10.793989184144808,5,2,0,2,0,0,3,-35.0,False
13,557,1,0,68,40.0,10.616955054489402,7,2,0,2,1,0,4,-40.0,False
13,558,1,0,68,45.0,10.661180273401603,5,2,0,2,0,0,3,-45.0,False
13,559,1,0,68,51.0,10.828247195425991,6,2,0,2,0,0,4,-51.0,False
13,560,1,0,67,57.0,10.693384113863024,6,2,0,2,0,0,4,-57.0,False
13,561,1,0,66,64.0,10.330648219624242,8,2,0,3,1,0,4,-64.0,False
13,562,1,0,65,73.0,10.071011833735827,10,2,0,4,0,0,6,-73.0,False
13,563,1,0,63,82.0,10.152549331350173,9,2,0,4,0,0,5,-82.0,False
13,564,1,0,61,91.0,10.126677090874306,9,2,0,4,0,0,5,-91.0,False
13,565,1,0,65,100.0,9.36037784106373,14,2,0,6,1,2,5,-100.0,False
13,566,1,0,65,109.0,9.493642327274264,9,2,0,4,0,0,5,-109.0,False
13,567,1,0,66,118.0,9.443991817574608,10,2,0,4,0,0,6,-118.0,False
13,568,1,0,65,128.0,9.376174219807801,10,2,0,4,0,0,6,-128.0,False
13,569,1,0,66,138.0,9.208089173668231,11,2,0,4,1,0,6,-138.0,False
13,570,1,0,66,148.0,8.924723121485655,10,2,0,4,0,0,6,-148.0,False
13,571,1,0,64,160.0,8.521734363942466,12,2,0,4,0,0,8,-160.0,False
13,572,1,0,64,174.0,8.375391453025726,15,2,0,5,0,0,10,-174.0,False
13,573,1,0,64,190.0,8.01131712831593,17,2,0,5,1,0,11,-190.0,False
13,574,1,0,61,206.0,7.552760584916156,16,2,0,5,0,0,11,-206.0,False
13,575,1,0,60,225.0,7.2188027854381565,19,2,0,6,0,0,13,-225.0,False
13,576,1,0,58,244.0,6.704968580474217,19,2,0,6,0,0,13,-244.0,False
13,577,1,0,63,265.0,5.982901251760785,26,2,0,8,1,2,15,-265.0,False
13,578,1,0,63,287.0,5.766896226423686,23,2,0,6,0,0,17,-287.0,False
13,579,1,0,63,311.0,5.746610093676756,24,2,0,6,0,0,18,-311.0,False
13,580,1,0,62,336.0,5.6047767469085095,25,2,0,6,0,0,19,-336.0,False
13,581,1,0,63,363.0,5.601566427536973,28,2,0,6,1,0,21,-363.0,False
13,582,1,0,62,388.0,5.52746162923045,26,2,0,6,0,0,20,-388.0,False
13,583,1,0,62,417.0,5.290539574674336,30,2,0,6,0,0,24,-417.0,False
14,584,0,1,61,447.0,5.372662938304619,30,3,1,6,0,0,24,0.0,False
14,585,0,1,60,479.0,4.998768904208328,33,3,1,6,1,0,26,0.0,False
14,586,0,1,59,511.0,4.684899490249906,32,3,1,6,0,0,26,0.0,False
14,587,0,1,58,297.0,4.666338185362298,25,0,2,3,0,0,22,-297.0,False
14,588,0,1,59,194.0,4.905686699287002,20,0,2,0,0,0,20,-194.0,False
14,589,0,1,64,138.0,5.10307654002797,22,0,2,2,2,2,16,-138.0,False
14,590,0,1,64,96.0,5.75221378945641,13,0,2,0,1,0,12,-96.0,False
14,591,0,1,64,69.0,6.484626940916704,9,0,2,0,1,0,8,-69.0,False
14,592,0,1,64,54.0,7.27429455229522,8,0,2,0,1,0,7,-54.0,False
14,593,0,1,66,41.0,7.879270206708446,8,0,2,0,2,0,6,-41.0,False
14,594,0,1,66,26.0,8.442935394361367,5,0,2,0,2,0,3,-26.0,False
14,595,0,1,65,20.0,8.72175343751787,4,0,2,0,2,0,2,-20.0,False
14,596,0,1,65,17.0,9.113470220178835,4,0,2,0,2,1,1,-17.0,False
14,597,0,1,66,16.0,9.392513436053369,5,0,2,0,3,1,1,-16.0,False
14,598,0,1,65,19.0,9.478122578860605,5,0,2,0,3,1,1,-19.0,False
14,599,0,1,65,24.0,9.840156316825585,5,0,2,0,3,2,0,-24.0,False
14,600,0,1,65,30.0,10.123364325573744,6,0,2,0,4,2,0,-30.0,False
14,601,0,1,70,36.0,9.565412421687373,11,0,2,2,5,4,0,-36.0,False
14,602,0,1,70,42.0,9.845588277273778,6,0,2,0,4,2,0,-42.0,False
14,603,0,1,71,48.0,9.979836570844911,7,0,2,0,4,2,1,-48.0,False
14,604,0,1,71,54.0,10.286787877278659,6,0,2,0,4,2,0,-54.0,False
14,605,0,1,71,60.0,10.369047853494616,7,0,2,0,5,2,0,-60.0,False
14,606,0,1,69,66.0,10.409036420547837,6,0,2,0,4,2,0,-66.0,False
14,607,0,1,69,73.0,10.50733077765864,7,0,2,0,5,2,0,-73.0,False
14,608,0,1,70,80.0,10.260632289595698,8,0,2,0,5,2,1,-80.0,False
14,609,0,1,68,88.0,9.957707695992081,9,0,2,0,6,3,0,-88.0,False
14,610,0,1,67,97.0,9.964154253240938,9,0,2,0,5,4,0,-97.0,False
14,611,0,1,66,106.0,9.939619686230085,9,0,2,0,5,4,0,-106.0,False
14,612,0,1,64,117.0,9.762362150856456,11,0,2,0,7,4,0,-117.0,False
14,613,0,1,67,128.0,8.811380615672512,16,0,2,2,8,6,0,-128.0,False
14,614,0,1,68,140.0,8.664017743772163,13,0,2,0,8,4,1,-140.0,False
14,615,0,1,68,153.0,8.677069572935412,13,0,2,0,9,4,0,-153.0,False
14,616,0,1,67,166.0,8.639349632549692,13,0,2,0,9,4,0,-166.0,False
14,617,0,1,67,180.0,8.257573676992179,15,0,2,0,11,4,0,-180.0,False
14,618,0,1,66,196.0,7.9500350504661235,16,0,2,0,12,4,0,-196.0,False
14,619,0,1,67,213.0,7.6485920409902635,18,0,2,0,13,4,1,-213.0,False
14,620,0,1,66,233.0,7.4827879282566565,20,0,2,0,14,6,0,-233.0,False
14,621,0,1,65,255.0,6.940375261427165,23,0,2,0,17,6,0,-255.0,False
14,622,0,1,65,277.0,6.848115751978331,22,0,2,0,16,6,0,-277.0,False
14,623,0,1,62,299.0,6.403418660602348,22,0,2,0,16,6,0,-299.0,False
14,624,0,1,63,323.0,6.323300960284221,25,0,2,0,18,6,1,-323.0,False
14,625,0,1,66,350.0,5.6211402945232924,32,0,2,2,22,8,0,-350.0,False
14,626,0,1,65,378.0,5.769236101783385,28,0,2,0,22,6,0,-378.0,False
14,627,0,1,64,407.0,5.791746788519886,29,0,2,0,23,6,0,-407.0,False
14,628,0,1,64,437.0,5.8513538166293815,30,0,2,0,24,6,0,-437.0,False
15,629,1,0,64,467.0,5.481585144382005,32,1,3,0,25,6,1,0.0,False
15,630,1,0,62,497.0,5.333889946436497,30,1,3,0,24,6,0,0.0,False
15,631,1,0,61,528.0,5.132149030108789,31,1,3,0,25,6,0,0.0,False
15,632,1,0,59,322.0,4.764522497369885,24,2,0,0,21,3,0,-322.0,False
15,633,1,0,60,213.0,4.956836098912533,18,2,0,0,18,0,0,-213.0,False
15,634,1,0,58,154.0,4.951103842147657,18,2,0,2,15,0,1,-154.0,False
15,635,1,0,58,103.0,5.6293282180396575,14,2,0,2,12,0,0,-103.0,False
15,636,1,0,58,62.0,6.512919466612394,10,2,0,2,8,0,0,-62.0,False
15,637,1,0,63,30.0,6.712184029910651,12,2,0,4,5,2,1,-30.0,False
15,638,1,0,63,17.0,7.4886839112459285,4,2,0,2,1,0,1,-17.0,False
15,639,1,0,63,21.0,8.15039859957791,5,2,0,2,1,0,2,-21.0,False
15,640,1,0,63,18.0,8.878454627738678,3,2,0,2,0,0,1,-18.0,False
15,641,1,0,64,21.0,9.445994294674934,4,2,0,2,1,0,1,-21.0,False
15,642,1,0,64,25.0,9.733479335001364,4,2,0,2,0,0,2,-25.0,False
15,643,1,0,64,29.0,10.120513263908874,4,2,0,2,0,0,2,-29.0,False
15,644,1,0,65,33.0,10.129114292795373,5,2,0,2,0,0,3,-33.0,False
15,645,1,0,66,38.0,10.24103651423029,6,2,0,3,1,0,2,-38.0,False
15,646,1,0,66,43.0,10.550917965151683,5,2,0,3,0,0,2,-43.0,False
15,647,1,0,66,50.0,10.534147476902325,7,2,0,4,0,0,3,-50.0,False
15,648,1,0,66,57.0,10.775079967565974,7,2,0,4,0,0,3,-57.0,False
15,649,1,0,71,64.0,10.00047191073478,12,2,0,6,1,2,3,-64.0,False
15,650,1,0,71,71.0,9.939903609048198,8,2,0,4,0,0,4,-71.0,False
15,651,1,0,70,78.0,10.058081011559764,7,2,0,4,0,0,3,-78.0,False
15,652,1,0,68,86.0,10.070592566626658,8,2,0,4,0,0,4,-86.0,False
15,653,1,0,67,94.0,9.909222692661817,9,2,0,4,1,0,4,-94.0,False
15,654,1,0,65,102.0,9.928396554253764,8,2,0,4,0,0,4,-102.0,False
15,655,1,0,66,110.0,9.86053896231903,9,2,0,4,0,0,5,-110.0,False
15,656,1,0,66,119.0,9.907611381212638,9,2,0,4,0,0,5,-119.0,False
15,657,1,0,67,128.0,9.642958218750023,10,2,0,4,1,0,5,-128.0,False
15,658,1,0,64,138.0,9.362461232673969,10,2,0,5,0,0,5,-138.0,False
15,659,1,0,64,149.0,9.147658823125903,11,2,0,6,0,0,5,-149.0,False
15,660,1,0,62,161.0,8.670436169586852,13,2,0,6,0,0,7,-161.0,False
15,661,1,0,67,174.0,7.927571707388306,18,2,0,8,1,2,7,-174.0,False
15,662,1,0,67,189.0,8.025086640998518,15,2,0,6,0,0,9,-189.0,False
15,663,1,0,66,205.0,7.884957967365896,16,2,0,6,0,0,10,-205.0,False
15,664,1,0,66,221.0,7.862990653155372,16,2,0,6,0,0,10,-221.0,False
15,665,1,0,66,237.0,7.339197947593945,18,2,0,6,1,0,11,-237.0,False
15,666,1,0,66,256.0,7.374380890530267,19,2,0,6,0,0,13,-256.0,False
15,667,1,0,65,275.0,7.214413829656493,19,2,0,6,0,0,13,-275.0,False
15,668,1,0,64,295.0,6.8651193946241635,20,2,0,6,0,0,14,-295.0,False
15,669,1,0,64,316.0,6.485339993079402,22,2,0,6,1,0,15,-316.0,False
15,670,1,0,61,339.0,5.774572144763468,24,2,0,7,0,0,17,-339.0,False
15,671,1,0,61,364.0,5.642020279486789,25,2,0,8,0,0,17,-364.0,False
15,672,1,0,59,391.0,5.286003752765068,27,2,0,8,0,0,19,-391.0,False
15,673,1,0,63,421.0,4.658829285689888,35,2,0,10,1,2,22,-421.0,False
16,674,0,1,62,451.0,4.537752226262274,30,3,1,8,0,0,22,0.0,False
16,675,0,1,62,483.0,4.434795466724461,33,3,1,8,0,0,25,0.0,False
16,676,0,1,61,516.0,4.40801992874776,33,3,1,8,0,0,25,0.0,False
16,677,0,1,62,288.0,4.532088194636402,27,0,2,4,1,0,22,-288.0,False
16,678,0,1,62,165.0,4.886699793401151,19,0,2,0,0,0,19,-165.0,False
16,679,0,1,62,113.0,5.3590316414672445,16,0,2,0,0,0,16,-113.0,False
16,680,0,1,63,82.0,5.9283571808796856,14,0,2,0,0,1,13,-82.0,False
16,681,0,1,64,67.0,6.608683777864596,12,0,2,0,1,2,9,-67.0,False
16,682,0,1,63,57.0,7.364820227258008,10,0,2,0,1,2,7,-57.0,False
16,683,0,1,63,45.0,8.118188890324403,8,0,2,0,1,2,5,-45.0,False
16,684,0,1,63,33.0,8.962972796861164,6,0,2,0,1,2,3,-33.0,False
16,685,0,1,68,23.0,8.735520213490055,10,0,2,2,3,4,1,-23.0,False
16,686,0,1,69,20.0,9.088419345901817,5,0,2,0,2,2,1,-20.0,False
16,687,0,1,69,24.0,9.616611732363559,4,0,2,0,2,2,0,-24.0,False
16,688,0,1,69,29.0,9.821974822918913,5,0,2,0,3,2,0,-29.0,False
16,689,0,1,70,34.0,10.033374150872609,6,0,2,0,4,2,0,-34.0,False
16,690,0,1,70,39.0,10.217717166172182,5,0,2,0,3,2,0,-39.0,False
16,691,0,1,71,44.0,10.060969119172778,6,0,2,0,3,2,1,-44.0,False
16,692,0,1,71,49.0,10.243856870001528,5,0,2,0,3,2,0,-49.0,False
16,693,0,1,72,55.0,10.1857235700219,7,0,2,0,5,2,0,-55.0,False
16,694,0,1,72,63.0,10.268226588878603,8,0,2,0,4,4,0,-63.0,False
16,695,0,1,69,71.0,10.280360192634381,8,0,2,0,4,4,0,-71.0,False
16,696,0,1,69,80.0,10.102966949616638,10,0,2,0,5,4,1,-80.0,False
16,697,0,1,71,89.0,9.37763233449996,14,0,2,2,6,6,0,-89.0,False
16,698,0,1,70,98.0,9.48691658304939,9,0,2,0,5,4,0,-98.0,False
16,699,0,1,69,107.0,9.61060872970262,9,0,2,0,5,4,0,-107.0,False
16,700,0,1,68,116.0,9.610327284230168,9,0,2,0,5,4,0,-116.0,False
16,701,0,1,69,126.0,9.41914119054928,12,0,2,0,7,4,1,-126.0,False
16,702,0,1,69,136.0,9.382495649486538,10,0,2,0,6,4,0,-136.0,False
16,703,0,1,68,147.0,9.07147176089823,11,0,2,0,7,4,0,-147.0,False
16,704,0,1,67,159.0,8.784654633028426,12,0,2,0,8,4,0,-159.0,False
16,705,0,1,68,172.0,8.307841164929343,14,0,2,0,9,5,0,-172.0,False
16,706,0,1,66,188.0,7.805849903248145,17,0,2,0,10,6,1,-188.0,False
16,707,0,1,65,206.0,7.581671502762756,18,0,2,0,12,6,0,-206.0,False
16,708,0,1,65,226.0,7.357624111473588,20,0,2,0,14,6,0,-226.0,False
16,709,0,1,70,246.0,6.6266619723103455,25,0,2,2,15,8,0,-246.0,False
16,710,0,1,68,266.0,6.498285721151375,20,0,2,0,14,6,0,-266.0,False
16,711,0,1,69,288.0,6.515179717018227,23,0,2,0,16,6,1,-288.0,False
16,712,0,1,67,311.0,6.479918305682187,23,0,2,0,17,6,0,-311.0,False
16,713,0,1,68,336.0,6.4384951912971875,26,0,2,0,20,6,0,-336.0,False
16,714,0,1,67,361.0,6.436587463894292,25,0,2,0,19,6,0,-361.0,False
16,715,0,1,67,387.0,6.46310420697461,26,0,2,0,20,6,0,-387.0,False
16,716,0,1,67,416.0,6.232018533314734,30,0,2,0,22,7,1,-416.0,False
16,717,0,1,66,446.0,5.937527269852208,31,0,2,0,23,8,0,-446.0,False
16,718,0,1,64,477.0,5.779904643015987,31,0,2,0,23,8,0,-477.0,False
17,719,1,0,62,508.0,5.7163437607145156,31,1,3,0,23,8,0,0.0,False
17,720,1,0,61,539.0,5.426149569828715,31,1,3,0,23,8,0,0.0,False
17,721,1,0,65,570.0,4.74258860630646,36,1,3,2,24,10,0,0.0,False
17,722,1,0,65,345.0,4.805495836081215,26,2,0,0,21,4,1,-345.0,False
17,723,1,0,65,216.0,5.421074356564653,17,2,0,0,17,0,0,-216.0,False
17,724,1,0,63,147.0,5.719876151254837,14,2,0,0,14,0,0,-147.0,False
17,725,1,0,63,91.0,6.13573168668264,12,2,0,0,11,0,1,-91.0,False
17,726,1,0,62,48.0,6.739641577387052,8,2,0,0,7,0,1,-48.0,False
17,727,1,0,62,16.0,7.561755143006046,6,2,0,0,4,0,2,-16.0,False
17,728,1,0,61,6.0,8.346132456409837,2,2,0,0,1,0,1,-6.0,False
17,729,1,0,62,6.0,8.822184598697639,3,2,0,1,1,0,1,-6.0,False
17,730,1,0,61,9.0,9.411704515287653,3,2,0,1,0,0,2,-9.0,False
17,731,1,0,61,12.0,9.949792431686607,3,2,0,1,0,0,2,-12.0,False
17,732,1,0,62,15.0,10.18543414586447,4,2,0,1,0,0,3,-15.0,False
17,733,1,0,66,20.0,9.907954929222116,10,2,0,4,1,2,3,-20.0,False
17,734,1,0,66,25.0,10.340826091144876,5,2,0,2,0,0,3,-25.0,False
17,735,1,0,66,30.0,10.740458878954788,5,2,0,2,0,0,3,-30.0,False
17,736,1,0,66,35.0,10.947169510422547,5,2,0,2,0,0,3,-35.0,False
17,737,1,0,68,40.0,10.722107651411491,7,2,0,2,1,0,4,-40.0,False
17,738,1,0,68,45.0,10.788746889575235,5,2,0,2,0,0,3,-45.0,False
17,739,1,0,68,50.0,10.822871469317798,5,2,0,2,0,0,3,-50.0,False
17,740,1,0,65,56.0,10.718922243491852,6,2,0,2,0,0,4,-56.0,False
17,741,1,0,65,63.0,10.553446497978458,8,2,0,3,1,0,4,-63.0,False
17,742,1,0,65,71.0,10.375206042933932,9,2,0,4,0,0,5,-71.0,False
17,743,1,0,63,80.0,10.43142725618284,9,2,0,4,0,0,5,-80.0,False
17,744,1,0,63,89.0,10.512850618351045,9,2,0,4,0,0,5,-89.0,False
17,745,1,0,66,98.0,9.636837358115514,14,2,0,6,1,2,5,-98.0,False
17,746,1,0,65,107.0,9.760418214451168,9,2,0,4,0,0,5,-107.0,False
17,747,1,0,66,116.0,9.70926151655844,10,2,0,4,0,0,6,-116.0,False
17,748,1,0,64,125.0,9.393497459982735,9,2,0,4,0,0,5,-125.0,False
17,749,1,0,65,135.0,9.06257683531619,11,2,0,4,1,0,6,-135.0,False
17,750,1,0,63,146.0,8.588033444160134,11,2,0,4,0,0,7,-146.0,False
17,751,1,0,63,158.0,8.430857228717208,12,2,0,4,0,0,8,-158.0,False
17,752,1,0,62,170.0,8.011730737464944,13,2,0,4,0,0,9,-170.0,False
17,753,1,0,63,186.0,7.67743090015797,17,2,0,6,1,0,10,-186.0,False
17,754,1,0,62,205.0,7.448952594993795,19,2,0,6,0,0,13,-205.0,False
17,755,1,0,60,224.0,7.215443608773045,19,2,0,6,0,0,13,-224.0,False
17,756,1,0,59,245.0,6.922410028732553,21,2,0,6,0,0,15,-245.0,False
17,757,1,0,62,266.0,6.006684319633402,26,2,0,8,1,2,15,-266.0,False
17,758,1,0,63,289.0,5.855639693133938,24,2,0,6,0,0,18,-289.0,False
17,759,1,0,62,313.0,5.738878067802206,24,2,0,6,0,0,18,-313.0,False
17,760,1,0,61,338.0,5.614405234112394,25,2,0,6,0,0,19,-338.0,False
17,761,1,0,61,366.0,5.362399291103983,29,2,0,6,1,0,22,-366.0,False
17,762,1,0,60,395.0,5.4260871619103614,29,2,0,6,0,0,23,-395.0,False
17,763,1,0,60,426.0,5.190200816327912,32,2,0,6,0,0,26,-426.0,False
18,764,0,1,59,457.0,4.920413812147956,31,3,1,6,0,0,25,0.0,False
18,765,0,1,60,489.0,4.79512847377756,33,3,1,7,1,0,25,0.0,False
18,766,0,1,60,523.0,4.748433018001225,34,3,1,8,0,0,26,0.0,False
18,767,0,1,60,313.0,4.969861717820885,26,0,2,4,0,0,22,-313.0,False
18,768,0,1,61,204.0,5.253453242594387,20,0,2,0,0,0,20,-204.0,False
18,769,0,1,65,145.0,5.334406971832608,21,0,2,2,1,2,16,-145.0,False
18,770,0,1,63,105.0,5.810794199711214,13,0,2,0,1,0,12,-105.0,False
18,771,0,1,63,77.0,6.556047640480517,9,0,2,0,1,0,8,-77.0,False
18,772,0,1,63,59.0,7.518834408434646,7,0,2,0,1,0,6,-59.0,False
18,773,0,1,65,41.0,7.991507517996472,8,0,2,0,3,0,5,-41.0,False
18,774,0,1,65,24.0,8.682130844893633,5,0,2,0,2,0,3,-24.0,False
18,775,0,1,65,11.0,9.151861341120892,3,0,2,0,2,0,1,-11.0,False
18,776,0,1,65,15.0,9.587365512385691,4,0,2,0,3,0,1,-15.0,False
18,777,0,1,66,16.0,9.949837457365172,5,0,2,0,4,1,0,-16.0,False
18,778,0,1,66,21.0,10.021344954799764,6,0,2,0,3,2,1,-21.0,False
18,779,0,1,66,26.0,10.216544425204198,5,0,2,0,3,2,0,-26.0,False
18,780,0,1,66,31.0,10.538080852024214,5,0,2,0,3,2,0,-31.0,False
18,781,0,1,70,36.0,9.954115263642146,10,0,2,2,4,4,0,-36.0,False
18,782,0,1,70,41.0,10.29551367041589,5,0,2,0,3,2,0,-41.0,False
18,783,0,1,71,47.0,10.397847071785684,7,0,2,0,4,2,1,-47.0,False
18,784,0,1,71,53.0,10.529448613433843,6,0,2,0,4,2,0,-53.0,False
18,785,0,1,71,60.0,10.546706362506912,8,0,2,0,6,2,0,-60.0,False
18,786,0,1,69,67.0,10.57135515090946,7,0,2,0,5,2,0,-67.0,False
18,787,0,1,69,74.0,10.55040635624073,7,0,2,0,5,2,0,-74.0,False
18,788,0,1,66,82.0,10.227754416984626,9,0,2,0,6,2,1,-82.0,False
18,789,0,1,66,90.0,10.13502206522373,9,0,2,0,7,2,0,-90.0,False
18,790,0,1,66,99.0,10.221344452308296,9,0,2,0,6,3,0,-99.0,False
18,791,0,1,65,109.0,10.02382175889721,10,0,2,0,6,4,0,-109.0,False
18,792,0,1,64,119.0,9.910303590414264,10,0,2,0,6,4,0,-119.0,False
18,793,0,1,67,130.0,8.885217647130787,16,0,2,2,8,6,0,-130.0,False
18,794,0,1,68,141.0,8.730916606065488,12,0,2,0,7,4,1,-141.0,False
18,795,0,1,66,154.0,8.463742325241828,13,0,2,0,9,4,0,-154.0,False
18,796,0,1,66,168.0,8.337366501514781,14,0,2,0,10,4,0,-168.0,False
18,797,0,1,66,184.0,7.982542600945551,17,0,2,0,13,4,0,-184.0,False
18,798,0,1,65,201.0,7.731352457981323,17,0,2,0,13,4,0,-201.0,False
18,799,0,1,64,219.0,7.332122204262773,19,0,2,0,14,4,1,-219.0,False
18,800,0,1,64,240.0,7.098625108962906,21,0,2,0,16,5,0,-240.0,False
18,801,0,1,64,261.0,6.851567319770514,22,0,2,0,17,5,0,-261.0,False
18,802,0,1,62,285.0,6.673245119467734,24,0,2,0,18,6,0,-285.0,False
18,803,0,1,61,309.0,6.44946764231787,24,0,2,0,18,6,0,-309.0,False
18,804,0,1,60,335.0,6.000950925355608,27,0,2,0,20,6,1,-335.0,False
18,805,0,1,65,363.0,5.571455255062085,33,0,2,2,23,8,0,-363.0,False
18,806,0,1,64,392.0,5.568548991300693,29,0,2,0,23,6,0,-392.0,False
18,807,0,1,63,422.0,5.564129893759086,30,0,2,0,24,6,0,-422.0,False
18,808,0,1,62,452.0,5.571414809108052,30,0,2,0,24,6,0,-452.0,False
19,809,1,0,62,483.0,5.229718266225791,33,1,3,0,26,6,1,0.0,False
19,810,1,0,62,515.0,5.1676085760076145,32,1,3,0,26,6,0,0.0,False
19,811,1,0,60,547.0,4.832200862135329,32,1,3,0,26,6,0,0.0,False
19,812,1,0,60,345.0,5.005230510450249,25,2,0,0,22,3,0,-345.0,False
19,813,1,0,59,241.0,4.954089800467247,21,2,0,1,20,0,0,-241.0,False
19,814,1,0,59,172.0,5.2204546428424665,17,2,0,1,15,0,1,-172.0,False
19,815,1,0,59,116.0,5.849927439792661,13,2,0,2,11,0,0,-116.0,False
19,816,1,0,57,71.0,6.398216932338382,9,2,0,2,7,0,0,-71.0,False
19,817,1,0,62,37.0,6.6655884250154225,13,2,0,4,6,2,1,-37.0,False
19,818,1,0,62,14.0,7.631100057395331,4,2,0,2,1,0,1,-14.0,False
19,819,1,0,63,15.0,8.290777181423264,4,2,0,2,0,0,2,-15.0,False
19,820,1,0,63,18.0,9.120648523162712,3,2,0,2,0,0,1,-18.0,False
19,821,1,0,64,21.0,9.668413677395563,4,2,0,2,1,0,1,-21.0,False
19,822,1,0,64,24.0,10.239329225879322,3,2,0,2,0,0,1,-24.0,False
19,823,1,0,64,28.0,10.523460951757071,4,2,0,2,0,0,2,-28.0,False
19,824,1,0,65,32.0,10.696335701523166,5,2,0,2,0,0,3,-32.0,False
19,825,1,0,66,38.0,10.62465478403571,7,2,0,4,1,0,2,-38.0,False
19,826,1,0,66,44.0,10.872129489703935,6,2,0,4,0,0,2,-44.0,False
19,827,1,0,66,51.0,10.963014685938921,7,2,0,4,0,0,3,-51.0,False
19,828,1,0,66,58.0,11.100985154107155,7,2,0,4,0,0,3,-58.0,False
19,829,1,0,71,65.0,10.36760441629064,12,2,0,6,1,2,3,-65.0,False
19,830,1,0,69,72.0,10.219609854053084,8,2,0,4,0,0,4,-72.0,False
19,831,1,0,68,80.0,10.474723948797743,8,2,0,4,0,0,4,-80.0,False
19,832,1,0,67,88.0,10.501263896464797,8,2,0,4,0,0,4,-88.0,False
19,833,1,0,65,96.0,10.235624484589659,9,2,0,4,1,0,4,-96.0,False
19,834,1,0,65,104.0,10.292032266071567,8,2,0,4,0,0,4,-104.0,False
19,835,1,0,66,113.0,10.236444907278559,10,2,0,4,0,0,6,-113.0,False
19,836,1,0,66,122.0,10.240523587208632,9,2,0,4,0,0,5,-122.0,False
19,837,1,0,67,132.0,10.014053558859574,11,2,0,5,1,0,5,-132.0,False
19,838,1,0,64,142.0,9.702556663297974,10,2,0,5,0,0,5,-142.0,False
19,839,1,0,64,153.0,9.59500201648583,11,2,0,6,0,0,5,-153.0,False
19,840,1,0,64,164.0,9.061081413778659,12,2,0,6,0,0,6,-164.0,False
19,841,1,0,67,175.0,8.00520754007708,16,2,0,8,1,2,5,-175.0,False
19,842,1,0,66,187.0,7.8780119483555096,12,2,0,6,0,0,6,-187.0,False
19,843,1,0,65,201.0,7.763282637474218,14,2,0,6,0,0,8,-201.0,False
19,844,1,0,63,217.0,7.385217152595181,16,2,0,6,0,0,10,-217.0,False
19,845,1,0,65,234.0,6.967863229716576,19,2,0,6,1,0,12,-234.0,False
19,846,1,0,64,253.0,6.726232156459331,19,2,0,6,0,0,13,-253.0,False
19,847,1,0,64,273.0,6.464662910618478,20,2,0,6,0,0,14,-273.0,False
19,848,1,0,63,295.0,6.1262715057595365,22,2,0,7,0,0,15,-295.0,False
19,849,1,0,63,319.0,5.810594688816227,25,2,0,7,1,0,17,-319.0,False
19,850,1,0,63,344.0,5.585145309591016,26,2,0,7,0,0,19,-344.0,False
19,851,1,0,60,372.0,5.271900718332032,28,2,0,8,0,0,20,-372.0,False
19,852,1,0,60,401.0,5.262727407342179,29,2,0,8,0,0,21,-401.0,False
19,853,1,0,63,430.0,4.648429245858307,34,2,0,10,1,2,21,-430.0,False
20,854,0,1,63,461.0,4.775052665883683,31,3,1,8,0,0,23,0.0,False
20,855,0,1,62,493.0,4.515100586706957,33,3,1,8,0,0,25,0.0,False
20,856,0,1,61,527.0,4.439560915846804,34,3,1,8,0,0,26,0.0,False
20,857,0,1,62,301.0,4.295448281297616,27,0,2,4,1,0,22,-301.0,False
20,858,0,1,62,177.0,4.458452620114601,19,0,2,0,0,0,19,-177.0,False
20,859,0,1,62,126.0,4.857401534671937,16,0,2,0,0,0,16,-126.0,False
20,860,0,1,63,90.0,5.50457020220457,14,0,2,0,1,0,13,-90.0,False
20,861,0,1,64,75.0,6.082087072289674,13,0,2,0,3,1,9,-75.0,False
20,862,0,1,64,76.0,6.855730381680397,12,0,2,0,2,1,9,-76.0,False
20,863,0,1,62,64.0,7.434258713830069,10,0,2,0,2,1,7,-64.0,False
20,864,0,1,62,53.0,8.112976104887286,10,0,2,0,3,2,5,-53.0,False
20,865,0,1,67,41.0,8.046848526047036,13,0,2,2,4,4,3,-41.0,False
20,866,0,1,68,34.0,8.586509027371727,8,0,2,0,3,2,3,-34.0,False
20,867,0,1,68,30.0,9.146528406739252,5,0,2,0,3,2,0,-30.0,False
20,868,0,1,68,36.0,9.723175916723582,6,0,2,0,4,2,0,-36.0,False
20,869,0,1,69,42.0,9.89612896719987,7,0,2,0,5,2,0,-42.0,False
20,870,0,1,69,48.0,10.173417935670209,6,0,2,0,4,2,0,-48.0,False
20,871,0,1,70,54.0,10.338785602172434,7,0,2,0,4,2,1,-54.0,False
20,872,0,1,70,61.0,10.537066619022971,7,0,2,0,4,3,0,-61.0,False
20,873,0,1,71,68.0,10.421090771046837,8,0,2,0,5,3,0,-68.0,False
20,874,0,1,71,76.0,10.412288687491612,8,0,2,0,4,4,0,-76.0,False
20,875,0,1,70,85.0,10.467087388493562,9,0,2,0,5,4,0,-85.0,False
20,876,0,1,70,95.0,10.398025222076065,11,0,2,0,6,4,1,-95.0,False
20,877,0,1,72,105.0,9.536769039144293,15,0,2,2,7,6,0,-105.0,False
20,878,0,1,70,115.0,9.750019873232544,10,0,2,0,6,4,0,-115.0,False
20,879,0,1,69,125.0,9.90097459458455,10,0,2,0,6,4,0,-125.0,False
20,880,0,1,67,136.0,9.970973876847502,11,0,2,0,7,4,0,-136.0,False
20,881,0,1,69,147.0,9.618205335805586,13,0,2,0,8,4,1,-147.0,False
20,882,0,1,69,158.0,9.553627780338235,11,0,2,0,7,4,0,-158.0,False
20,883,0,1,68,169.0,9.19509243918516,11,0,2,0,7,4,0,-169.0,False
20,884,0,1,68,180.0,8.988944282837664,11,0,2,0,7,4,0,-180.0,False
20,885,0,1,67,193.0,8.536707023147724,14,0,2,0,9,5,0,-193.0,False
20,886,0,1,65,210.0,7.953535318028766,18,0,2,0,11,6,1,-210.0,False
20,887,0,1,65,228.0,7.817738931787767,18,0,2,0,12,6,0,-228.0,False
20,888,0,1,63,248.0,7.533038189814099,20,0,2,0,14,6,0,-248.0,False
20,889,0,1,68,269.0,6.858833598817933,26,0,2,2,16,8,0,-269.0,False
20,890,0,1,66,290.0,6.845155720221182,21,0,2,0,15,6,0,-290.0,False
20,891,0,1,67,312.0,6.716125961784583,23,0,2,0,16,6,1,-312.0,False
20,892,0,1,66,336.0,6.630394248051462,24,0,2,0,18,6,0,-336.0,False
20,893,0,1,66,362.0,6.245545121440954,27,0,2,0,21,6,0,-362.0,False
20,894,0,1,64,388.0,6.030633834678288,26,0,2,0,20,6,0,-388.0,False
20,895,0,1,64,416.0,6.260587467767955,28,0,2,0,22,6,0,-416.0,False
20,896,0,1,63,444.0,5.961463155502126,29,0,2,0,22,6,1,-444.0,False
20,897,0,1,64,473.0,5.820175329380693,30,0,2,0,23,7,0,-473.0,False
20,898,0,1,61,505.0,5.593289837541024,32,0,2,0,24,8,0,-505.0,False
21,899,1,0,59,537.0,5.331378901434397,32,1,3,0,24,8,0,0.0,False
21,900,1,0,59,569.0,5.191023602702684,32,1,3,0,24,8,0,0.0,False
21,901,1,0,61,601.0,4.232208972235339,37,1,3,2,25,10,0,0.0,False
21,902,1,0,62,374.0,4.462633571802462,26,2,0,0,21,4,1,-374.0,False
21,903,1,0,60,242.0,4.717133342943071,19,2,0,0,18,0,1,-242.0,False
21,904,1,0,60,170.0,5.344799629064653,16,2,0,0,15,0,1,-170.0,False
21,905,1,0,61,110.0,5.918575771440732,13,2,0,0,12,0,1,-110.0,False
21,906,1,0,61,61.0,6.719542927423865,9,2,0,0,8,0,1,-61.0,False
21,907,1,0,62,23.0,7.546037286732906,7,2,0,0,5,0,2,-23.0,False
21,908,1,0,62,8.0,8.194413131853825,2,2,0,0,1,0,1,-8.0,False
21,909,1,0,63,7.0,8.791604740529506,2,2,0,0,1,0,1,-7.0,False
21,910,1,0,63,9.0,9.466536805575492,2,2,0,1,0,0,1,-9.0,False
21,911,1,0,62,12.0,9.738783246719438,3,2,0,2,0,0,1,-12.0,False
21,912,1,0,62,15.0,9.922497825794645,4,2,0,2,0,0,2,-15.0,False
21,913,1,0,67,18.0,9.447912207734827,8,2,0,4,1,2,1,-18.0,False
21,914,1,0,67,21.0,9.932637052034949,3,2,0,2,0,0,1,-21.0,False
21,915,1,0,67,25.0,10.412006257247764,4,2,0,2,0,0,2,-25.0,False
21,916,1,0,67,30.0,10.765621235940785,5,2,0,2,0,0,3,-30.0,False
21,917,1,0,69,35.0,10.637103685369372,7,2,0,2,1,0,4,-35.0,False
21,918,1,0,69,40.0,10.835947032533525,5,2,0,2,0,0,3,-40.0,False
21,919,1,0,69,46.0,10.997452001279308,6,2,0,2,0,0,4,-46.0,False
21,920,1,0,66,52.0,10.767381783113514,6,2,0,2,0,0,4,-52.0,False
21,921,1,0,67,58.0,10.514088465099187,7,2,0,2,1,0,4,-58.0,False
21,922,1,0,65,67.0,10.289702804695295,10,2,0,4,0,0,6,-67.0,False
21,923,1,0,64,76.0,10.305957570185349,9,2,0,4,0,0,5,-76.0,False
21,924,1,0,62,85.0,10.22501534980908,9,2,0,4,0,0,5,-85.0,False
21,925,1,0,66,94.0,9.499410214965414,14,2,0,6,1,2,5,-94.0,False
21,926,1,0,66,103.0,9.589206430850748,9,2,0,4,0,0,5,-103.0,False
21,927,1,0,67,112.0,9.572171705741793,10,2,0,4,0,0,6,-112.0,False
21,928,1,0,65,122.0,9.412243437053974,10,2,0,4,0,0,6,-122.0,False
21,929,1,0,66,133.0,9.248976995096362,12,2,0,4,1,0,7,-133.0,False
21,930,1,0,64,144.0,8.756184830741157,11,2,0,4,0,0,7,-144.0,False
21,931,1,0,63,155.0,8.575844658188672,11,2,0,4,0,0,7,-155.0,False
21,932,1,0,63,168.0,8.243458599278025,14,2,0,5,0,0,9,-168.0,False
21,933,1,0,64,183.0,8.104919490671113,16,2,0,5,1,0,10,-183.0,False
21,934,1,0,63,200.0,7.96695960339373,17,2,0,5,0,0,12,-200.0,False
21,935,1,0,60,219.0,7.613491893754112,19,2,0,6,0,0,13,-219.0,False
21,936,1,0,59,238.0,7.334110296093597,19,2,0,6,0,0,13,-238.0,False
21,937,1,0,64,259.0,6.579117162359596,26,2,0,8,1,2,15,-259.0,False
21,938,1,0,64,281.0,6.204010950200573,23,2,0,6,0,0,17,-281.0,False
21,939,1,0,64,303.0,6.007313079922142,22,2,0,6,0,0,16,-303.0,False
21,940,1,0,64,327.0,5.828793010708089,24,2,0,6,0,0,18,-327.0,False
21,941,1,0,63,351.0,5.475490021639436,25,2,0,6,1,0,18,-351.0,False
21,942,1,0,63,378.0,5.458610987837787,27,2,0,6,0,0,21,-378.0,False
21,943,1,0,62,407.0,5.112299047839202,30,2,0,6,0,0,24,-407.0,False
22,944,0,1,61,437.0,4.998116164692019,30,3,1,6,0,0,24,0.0,False
22,945,0,1,61,469.0,4.642469341743655,33,3,1,7,1,0,25,0.0,False
22,946,0,1,58,502.0,4.075917337431071,33,3,1,7,0,0,26,0.0,False
22,947,0,1,58,297.0,4.324012099168623,27,0,2,4,0,0,23,-297.0,False
22,948,0,1,59,194.0,4.589252680622178,22,0,2,0,0,0,22,-194.0,False
22,949,0,1,64,135.0,4.732566231939666,23,0,2,2,2,2,17,-135.0,False
22,950,0,1,64,101.0,5.484506115493661,15,0,2,0,1,0,14,-101.0,False
22,951,0,1,64,76.0,6.224071603637105,11,0,2,0,1,0,10,-76.0,False
22,952,0,1,64,63.0,7.073068516018692,9,0,2,0,1,0,8,-63.0,False
22,953,0,1,66,50.0,7.5703403972037755,9,0,2,0,2,0,7,-50.0,False
22,954,0,1,66,36.0,8.186295993217731,5,0,2,0,1,0,4,-36.0,False
22,955,0,1,66,23.0,8.668367516973372,4,0,2,0,1,0,3,-23.0,False
22,956,0,1,66,11.0,9.047055566984305,3,0,2,0,2,0,1,-11.0,False
22,957,0,1,67,11.0,9.274930786802177,3,0,2,0,3,0,0,-11.0,False
22,958,0,1,67,14.0,9.328005034188742,4,0,2,0,2,1,1,-14.0,False
22,959,0,1,67,18.0,9.623934673510336,4,0,2,0,2,2,0,-18.0,False
22,960,0,1,67,22.0,9.825800671931908,4,0,2,0,2,2,0,-22.0,False
22,961,0,1,72,27.0,9.301317751796478,10,0,2,2,4,4,0,-27.0,False
22,962,0,1,71,32.0,9.585732166847873,5,0,2,0,3,2,0,-32.0,False
22,963,0,1,72,37.0,9.760106509382377,6,0,2,0,3,2,1,-37.0,False
22,964,0,1,72,43.0,10.03200043692563,6,0,2,0,4,2,0,-43.0,False
22,965,0,1,72,49.0,10.029826525882749,7,0,2,0,5,2,0,-49.0,False
22,966,0,1,70,56.0,10.092136654434812,7,0,2,0,5,2,0,-56.0,False
22,967,0,1,69,64.0,10.205054798139793,8,0,2,0,6,2,0,-64.0,False
22,968,0,1,67,72.0,10.000908887471814,9,0,2,0,6,2,1,-72.0,False
22,969,0,1,67,82.0,9.812987284863512,11,0,2,0,7,4,0,-82.0,False
22,970,0,1,65,92.0,9.731833096826932,10,0,2,0,6,4,0,-92.0,False
22,971,0,1,65,102.0,9.664798892773193,10,0,2,0,6,4,0,-102.0,False
22,972,0,1,65,113.0,9.618730469463745,11,0,2,0,7,4,0,-113.0,False
22,973,0,1,68,124.0,8.713057146303907,16,0,2,2,8,6,0,-124.0,False
22,974,0,1,69,135.0,8.685582945896625,12,0,2,0,7,4,1,-135.0,False
22,975,0,1,68,147.0,8.683718455374699,12,0,2,0,8,4,0,-147.0,False
22,976,0,1,68,160.0,8.60660568749969,13,0,2,0,9,4,0,-160.0,False
22,977,0,1,67,173.0,8.33446677296832,14,0,2,0,10,4,0,-173.0,False
22,978,0,1,67,186.0,8.21122110195978,13,0,2,0,9,4,0,-186.0,False
22,979,0,1,67,200.0,7.862309380638767,15,0,2,0,10,4,1,-200.0,False
22,980,0,1,67,215.0,7.900504727747099,15,0,2,0,11,4,0,-215.0,False
22,981,0,1,68,232.0,7.623048748781165,18,0,2,0,13,5,0,-232.0,False
22,982,0,1,67,252.0,7.427779668292219,20,0,2,0,14,6,0,-252.0,False
22,983,0,1,66,274.0,7.125915421493581,22,0,2,0,16,6,0,-274.0,False
22,984,0,1,65,297.0,6.616745856055639,24,0,2,0,17,6,1,-297.0,False
22,985,0,1,69,321.0,5.901147331661552,29,0,2,2,19,8,0,-321.0,False
22,986,0,1,68,347.0,5.86765267058563,26,0,2,0,20,6,0,-347.0,False
22,987,0,1,65,373.0,5.70895882286813,26,0,2,0,20,6,0,-373.0,False
22,988,0,1,65,401.0,5.798985499444165,28,0,2,0,22,6,0,-401.0,False
23,989,1,0,65,431.0,5.426750461615539,32,1,3,0,25,6,1,0.0,False
23,990,1,0,65,462.0,5.509314830458899,31,1,3,0,25,6,0,0.0,False
23,991,1,0,63,494.0,5.110892736058233,32,1,3,0,26,6,0,0.0,False
23,992,1,0,62,300.0,4.935089437096373,25,2,0,0,22,2,1,-300.0,False
23,993,1,0,62,214.0,4.999564880375181,21,2,0,1,19,0,1,-214.0,False
23,994,1,0,60,153.0,5.127297803849806,20,2,0,2,16,0,2,-153.0,False
23,995,1,0,60,104.0,5.869833634500652,15,2,0,2,12,0,1,-104.0,False
23,996,1,0,57,68.0,6.2696309695703905,12,2,0,2,8,0,2,-68.0,False
23,997,1,0,62,41.0,6.464536098927346,13,2,0,4,5,2,2,-41.0,False
23,998,1,0,62,31.0,7.379019481560509,6,2,0,2,2,0,2,-31.0,False
23,999,1,0,63,25.0,8.086524983529593,5,2,0,2,0,0,3,-25.0,False
23,1000,1,0,63,29.0,8.709368168904138,4,2,0,2,0,0,2,-29.0,False
23,1001,1,0,64,34.0,9.233309497815187,6,2,0,2,1,0,3,-34.0,False
23,1002,1,0,64,39.0,9.49490208286575,5,2,0,2,0,0,3,-39.0,False
23,1003,1,0,64,44.0,9.749999752424914,5,2,0,2,0,0,3,-44.0,False
23,1004,1,0,65,49.0,9.845141302312703,6,2,0,2,0,0,4,-49.0,False
23,1005,1,0,66,56.0,9.945604597820903,8,2,0,4,1,0,3,-56.0,False
23,1006,1,0,66,64.0,10.179744387342216,8,2,0,4,0,0,4,-64.0,False
23,1007,1,0,66,72.0,10.25900097744322,8,2,0,4,0,0,4,-72.0,False
23,1008,1,0,66,80.0,10.310608838713408,8,2,0,4,0,0,4,-80.0,False
23,1009,1,0,71,88.0,9.542151283678622,13,2,0,6,1,2,4,-88.0,False
23,1010,1,0,70,96.0,9.413068627424323,9,2,0,4,0,0,5,-96.0,False
23,1011,1,0,68,105.0,9.502097371811189,9,2,0,4,0,0,5,-105.0,False
23,1012,1,0,66,114.0,9.43936770060086,9,2,0,4,0,0,5,-114.0,False
23,1013,1,0,65,123.0,9.325436703066131,10,2,0,4,1,0,5,-123.0,False
23,1014,1,0,65,132.0,9.355260293529717,9,2,0,4,0,0,5,-132.0,False
23,1015,1,0,66,141.0,9.31839570677838,10,2,0,4,0,0,6,-141.0,False
23,1016,1,0,66,151.0,9.297051798333257,10,2,0,5,0,0,5,-151.0,False
23,1017,1,0,67,162.0,9.17060323318221,12,2,0,6,1,0,5,-162.0,False
23,1018,1,0,66,174.0,9.022685191261871,12,2,0,6,0,0,6,-174.0,False
23,1019,1,0,65,186.0,8.94792615464373,12,2,0,6,0,0,6,-186.0,False
23,1020,1,0,65,198.0,8.476767560032181,13,2,0,6,0,0,7,-198.0,False
23,1021,1,0,70,211.0,7.703771226146771,18,2,0,8,1,2,7,-211.0,False
23,1022,1,0,69,225.0,7.6857062994692775,14,2,0,6,0,0,8,-225.0,False
23,1023,1,0,69,240.0,7.610789333036528,15,2,0,6,0,0,9,-240.0,False
23,1024,1,0,67,258.0,7.282207202373595,18,2,0,6,0,0,12,-258.0,False
23,1025,1,0,68,276.0,6.979651699181479,20,2,0,6,1,0,13,-276.0,False
23,1026,1,0,67,295.0,6.869647028883249,19,2,0,6,0,0,13,-295.0,False
23,1027,1,0,66,315.0,6.643139577724097,20,2,0,6,0,0,14,-315.0,False
23,1028,1,0,66,337.0,6.586197148770544,22,2,0,7,0,0,15,-337.0,False
23,1029,1,0,66,360.0,6.161671368087404,24,2,0,7,1,0,16,-360.0,False
23,1030,1,0,67,384.0,6.086134208030408,25,2,0,7,0,0,18,-384.0,False
23,1031,1,0,65,409.0,5.79160441259359,25,2,0,7,0,0,18,-409.0,False
23,1032,1,0,64,437.0,5.616097166291119,28,2,0,8,0,0,20,-437.0,False
23,1033,1,0,68,466.0,4.943078797035364,34,2,0,10,1,2,21,-466.0,False
24,1034,0,1,66,496.0,4.882826626916468,30,3,1,8,0,0,22,0.0,False
24,1035,0,1,67,528.0,4.9155250428996915,33,3,1,8,0,0,25,0.0,False
24,1036,0,1,65,563.0,4.793924090413267,35,3,1,8,0,0,27,0.0,False
24,1037,0,1,65,323.0,4.848788568875864,28,0,2,4,1,0,23,-323.0,False
24,1038,0,1,64,186.0,4.946225509624948,21,0,2,0,0,0,21,-186.0,False
24,1039,0,1,63,129.0,5.255809868957022,17,0,2,0,0,0,17,-129.0,False
24,1040,0,1,64,89.0,5.820457453930188,15,0,2,0,0,0,15,-89.0,False
24,1041,0,1,65,68.0,6.29817951778417,12,0,2,0,1,1,10,-68.0,False
24,1042,0,1,64,56.0,6.9872058603791585,10,0,2,0,1,1,8,-56.0,False
24,1043,0,1,64,46.0,7.716658063003065,8,0,2,0,1,1,6,-46.0,False
24,1044,0,1,63,35.0,8.323566325359767,7,0,2,0,1,2,4,-35.0,False
24,1045,0,1,68,25.0,8.259222985851236,12,0,2,2,3,4,3,-25.0,False
24,1046,0,1,69,18.0,8.596273660365082,6,0,2,0,2,2,2,-18.0,False
24,1047,0,1,69,20.0,9.121186635515128,4,0,2,0,2,2,0,-20.0,False
24,1048,0,1,69,24.0,9.805139435810066,4,0,2,0,2,2,0,-24.0,False
24,1049,0,1,70,28.0,10.009409313765682,5,0,2,0,3,2,0,-28.0,False
24,1050,0,1,70,33.0,10.259497397190502,5,0,2,0,3,2,0,-33.0,False
24,1051,0,1,71,38.0,10.115252722851219,6,0,2,0,3,2,1,-38.0,False
24,1052,0,1,71,44.0,10.092523824089792,6,0,2,0,3,3,0,-44.0,False
24,1053,0,1,72,51.0,10.139799114618487,8,0,2,0,5,3,0,-51.0,False
24,1054,0,1,72,59.0,10.304326442301425,8,0,2,0,4,4,0,-59.0,False
24,1055,0,1,69,68.0,10.279260152870538,9,0,2,0,5,4,0,-68.0,False
24,1056,0,1,69,77.0,10.1621117909439,10,0,2,0,5,4,1,-77.0,False
24,1057,0,1,71,86.0,9.515408576786406,14,0,2,2,6,6,0,-86.0,False
24,1058,0,1,71,95.0,9.641472378374193,9,0,2,0,5,4,0,-95.0,False
24,1059,0,1,71,104.0,9.856523477916733,9,0,2,0,5,4,0,-104.0,False
24,1060,0,1,70,113.0,9.860694186764233,9,0,2,0,5,4,0,-113.0,False
24,1061,0,1,72,123.0,9.525198724379239,12,0,2,0,7,4,1,-123.0,False
24,1062,0,1,71,133.0,9.451614740439195,10,0,2,0,6,4,0,-133.0,False
24,1063,0,1,68,143.0,9.346130252249377,10,0,2,0,6,4,0,-143.0,False
24,1064,0,1,68,154.0,9.296811062658527,11,0,2,0,7,4,0,-154.0,False
24,1065,0,1,68,168.0,8.940051921530044,15,0,2,0,9,6,0,-168.0,False
24,1066,0,1,68,182.0,8.597901718088938,15,0,2,0,8,6,1,-182.0,False
24,1067,0,1,65,197.0,8.256831710163146,15,0,2,0,9,6,0,-197.0,False
24,1068,0,1,65,213.0,7.983361379464287,16,0,2,0,10,6,0,-213.0,False
24,1069,0,1,69,231.0,7.017418820514504,23,0,2,2,13,8,0,-231.0,False
24,1070,0,1,68,250.0,6.868848637292529,19,0,2,0,13,6,0,-250.0,False
24,1071,0,1,68,270.0,6.679864313926881,21,0,2,0,14,6,1,-270.0,False
24,1072,0,1,68,292.0,6.681462161117558,22,0,2,0,16,6,0,-292.0,False
24,1073,0,1,69,315.0,6.532465513962682,24,0,2,0,18,6,0,-315.0,False
24,1074,0,1,67,339.0,6.386972731270693,24,0,2,0,18,6,0,-339.0,False
24,1075,0,1,66,365.0,6.131936061284163,26,0,2,0,20,6,0,-365.0,False
24,1076,0,1,66,392.0,5.944012311410146,28,0,2,0,21,6,1,-392.0,False
24,1077,0,1,66,420.0,5.719573325596479,29,0,2,0,22,7,0,-420.0,False
24,1078,0,1,65,451.0,5.6345025893287755,31,0,2,0,23,8,0,-451.0,False
25,1079,1,0,63,483.0,5.383981654508325,32,1,3,0,24,8,0,0.0,False
25,1080,1,0,62,516.0,5.284886569291979,33,1,3,0,25,8,0,0.0,False
25,1081,1,0,65,549.0,4.59977968708261,38,1,3,2,26,10,0,0.0,False
25,1082,1,0,65,330.0,4.925504353199032,28,2,0,0,23,4,1,-330.0,False
25,1083,1,0,63,210.0,5.144206433312678,19,2,0,0,19,0,0,-210.0,False
25,1084,1,0,62,149.0,5.699995780703044,15,2,0,0,15,0,0,-149.0,False
25,1085,1,0,63,99.0,6.306918409510669,13,2,0,0,12,0,1,-99.0,False
25,1086,1,0,61,57.0,6.731276016638975,8,2,0,0,7,0,1,-57.0,False
25,1087,1,0,62,27.0,7.473007042769313,5,2,0,0,3,0,2,-27.0,False
25,1088,1,0,62,11.0,8.3193312433005,2,2,0,0,1,0,1,-11.0,False
25,1089,1,0,63,7.0,8.733704572034867,4,2,0,2,1,0,1,-7.0,False
25,1090,1,0,62,10.0,9.248209167710788,3,2,0,2,0,0,1,-10.0,False
25,1091,1,0,62,13.0,9.667408531874917,3,2,0,2,0,0,1,-13.0,False
25,1092,1,0,62,17.0,9.781689641563108,5,2,0,2,0,0,3,-17.0,False
25,1093,1,0,67,21.0,9.44793611247771,9,2,0,4,1,2,2,-21.0,False
25,1094,1,0,67,25.0,9.866127422092932,4,2,0,2,0,0,2,-25.0,False
25,1095,1,0,67,30.0,10.259994393378236,5,2,0,2,0,0,3,-30.0,False
25,1096,1,0,67,35.0,10.481901102993204,5,2,0,2,0,0,3,-35.0,False
25,1097,1,0,69,40.0,10.403009770301216,7,2,0,2,1,0,4,-40.0,False
25,1098,1,0,69,45.0,10.544567455105724,5,2,0,2,0,0,3,-45.0,False
25,1099,1,0,69,51.0,10.68297866618357,6,2,0,2,0,0,4,-51.0,False
25,1100,1,0,66,57.0,10.556191870883506,6,2,0,2,0,0,4,-57.0,False
25,1101,1,0,66,63.0,10.465491089718508,7,2,0,2,1,0,4,-63.0,False
25,1102,1,0,65,70.0,10.134055305491623,8,2,0,2,0,0,6,-70.0,False
25,1103,1,0,63,78.0,10.04286335770659,8,2,0,3,0,0,5,-78.0,False
25,1104,1,0,62,86.0,10.022001281993427,8,2,0,3,0,0,5,-86.0,False
25,1105,1,0,67,95.0,9.30154851350008,14,2,0,6,1,2,5,-95.0,False
25,1106,1,0,67,104.0,9.41542232361579,9,2,0,4,0,0,5,-104.0,False
25,1107,1,0,68,113.0,9.352269979757594,10,2,0,4,0,0,6,-113.0,False
25,1108,1,0,66,122.0,9.276638128873696,9,2,0,4,0,0,5,-122.0,False
25,1109,1,0,67,133.0,8.906306143354247,12,2,0,4,1,0,7,-133.0,False
25,1110,1,0,66,144.0,8.762181241333623,11,2,0,4,0,0,7,-144.0,False
25,1111,1,0,66,155.0,8.521825179477224,11,2,0,4,0,0,7,-155.0,False
25,1112,1,0,66,168.0,8.152832950398846,14,2,0,4,0,0,10,-168.0,False
25,1113,1,0,66,182.0,7.85359989256851,15,2,0,5,1,0,9,-182.0,False
25,1114,1,0,65,199.0,7.680980778516073,17,2,0,6,0,0,11,-199.0,False
25,1115,1,0,62,218.0,7.132722164841723,19,2,0,6,0,0,13,-218.0,False
25,1116,1,0,62,238.0,7.095762295521032,20,2,0,6,0,0,14,-238.0,False
25,1117,1,0,66,259.0,6.235877265195587,26,2,0,8,1,2,15,-259.0,False
25,1118,1,0,65,281.0,5.846270946564299,23,2,0,6,0,0,17,-281.0,False
25,1119,1,0,65,303.0,5.672815871763461,22,2,0,6,0,0,16,-303.0,False
25,1120,1,0,64,327.0,5.592137481321887,24,2,0,6,0,0,18,-327.0,False
25,1121,1,0,65,354.0,5.443514620541292,28,2,0,6,1,0,21,-354.0,False
25,1122,1,0,64,382.0,5.446676114674291,28,2,0,6,0,0,22,-382.0,False
25,1123,1,0,64,411.0,5.430609893208515,30,2,0,6,0,0,24,-411.0,False
26,1124,0,1,63,441.0,5.348453919105347,30,3,1,6,0,0,24,0.0,False
26,1125,0,1,62,473.0,4.959155388710199,33,3,1,6,1,0,26,0.0,False
26,1126,0,1,61,506.0,4.817236789919965,33,3,1,7,0,0,26,0.0,False
26,1127,0,1,60,303.0,4.888732668293556,26,0,2,4,0,0,22,-303.0,False
26,1128,0,1,59,195.0,5.110589042785455,20,0,2,0,0,0,20,-195.0,False
26,1129,0,1,63,135.0,5.065332548746904,21,0,2,2,2,2,15,-135.0,False
26,1130,0,1,63,96.0,5.850822539820561,12,0,2,0,1,0,11,-96.0,False
26,1131,0,1,63,72.0,6.769152362864536,9,0,2,0,1,0,8,-72.0,False
26,1132,0,1,63,56.0,7.681224637356113,7,0,2,0,1,0,6,-56.0,False
26,1133,0,1,65,39.0,8.049745590358553,7,0,2,0,2,0,5,-39.0,False
26,1134,0,1,65,44.0,8.525774743689867,5,0,2,0,1,0,4,-44.0,False
26,1135,0,1,65,27.0,8.976043868286506,4,0,2,0,1,0,3,-27.0,False
26,1136,0,1,65,10.0,9.403482442728087,2,0,2,0,1,0,1,-10.0,False
26,1137,0,1,66,11.0,9.522121981507851,4,0,2,0,3,1,0,-11.0,False
26,1138,0,1,65,15.0,9.594426529263915,5,0,2,0,3,1,1,-15.0,False
26,1139,0,1,65,20.0,9.914957635475472,5,0,2,0,3,2,0,-20.0,False
26,1140,0,1,65,25.0,10.188637301017554,5,0,2,0,3,2,0,-25.0,False
26,1141,0,1,70,30.0,9.659169903184697,10,0,2,2,4,4,0,-30.0,False
26,1142,0,1,70,35.0,9.856939579276926,5,0,2,0,3,2,0,-35.0,False
26,1143,0,1,71,40.0,10.08688183975468,6,0,2,0,3,2,1,-40.0,False
26,1144,0,1,71,46.0,10.314493158646764,6,0,2,0,4,2,0,-46.0,False
26,1145,0,1,70,52.0,10.240871052125854,7,0,2,0,5,2,0,-52.0,False
26,1146,0,1,69,59.0,10.375180416075533,7,0,2,0,5,2,0,-59.0,False
26,1147,0,1,69,66.0,10.394029463191266,7,0,2,0,5,2,0,-66.0,False
26,1148,0,1,67,73.0,10.074431923126005,8,0,2,0,5,2,1,-73.0,False
26,1149,0,1,67,82.0,10.046645319772312,10,0,2,0,7,3,0,-82.0,False
26,1150,0,1,66,91.0,9.954254235604193,9,0,2,0,6,3,0,-91.0,False
26,1151,0,1,65,101.0,10.054843642027404,10,0,2,0,6,4,0,-101.0,False
26,1152,0,1,64,112.0,9.912699724822,11,0,2,0,7,4,0,-112.0,False
26,1153,0,1,69,123.0,8.98108171406215,16,0,2,2,8,6,0,-123.0,False
26,1154,0,1,68,134.0,8.583472187252017,12,0,2,0,7,4,1,-134.0,False
26,1155,0,1,68,145.0,8.69859288616195,11,0,2,0,7,4,0,-145.0,False
26,1156,0,1,66,158.0,8.634558698973061,13,0,2,0,9,4,0,-158.0,False
26,1157,0,1,66,171.0,8.45404765455829,14,0,2,0,10,4,0,-171.0,False
26,1158,0,1,65,186.0,8.29051051339774,15,0,2,0,11,4,0,-186.0,False
26,1159,0,1,66,202.0,7.884813833198581,17,0,2,0,12,4,1,-202.0,False
26,1160,0,1,65,219.0,7.503793219945103,17,0,2,0,13,4,0,-219.0,False
26,1161,0,1,65,239.0,7.024492161424665,21,0,2,0,15,6,0,-239.0,False
26,1162,0,1,64,260.0,6.684683103289307,21,0,2,0,15,6,0,-260.0,False
26,1163,0,1,61,282.0,6.229268134916797,22,0,2,0,16,6,0,-282.0,False
26,1164,0,1,62,306.0,6.0624368760607314,25,0,2,0,18,6,1,-306.0,False
26,1165,0,1,66,330.0,5.486812466699087,29,0,2,2,19,8,0,-330.0,False
26,1166,0,1,65,357.0,5.566432850776747,27,0,2,0,21,6,0,-357.0,False
26,1167,0,1,64,385.0,5.5633175470993255,28,0,2,0,22,6,0,-385.0,False
26,1168,0,1,62,415.0,5.418737678679714,30,0,2,0,24,6,0,-415.0,False
27,1169,1,0,64,446.0,5.240457462099497,33,1,3,0,26,6,1,0.0,False
27,1170,1,0,62,477.0,5.048260995633626,31,1,3,0,25,6,0,0.0,False
27,1171,1,0,61,509.0,4.973210521919423,32,1,3,0,26,6,0,0.0,False
27,1172,1,0,60,313.0,5.040648619622848,24,2,0,0,22,2,0,-313.0,False
27,1173,1,0,60,219.0,5.149610055624815,19,2,0,0,19,0,0,-219.0,False
27,1174,1,0,60,153.0,5.3851391501676895,15,2,0,0,14,0,1,-153.0,False
27,1175,1,0,59,100.0,5.881311098997897,12,2,0,1,11,0,0,-100.0,False
27,1176,1,0,59,57.0,6.6167538285563055,8,2,0,1,7,0,0,-57.0,False
27,1177,1,0,64,27.0,6.691880897834536,10,2,0,3,4,2,1,-27.0,False
27,1178,1,0,64,7.0,7.471294120371449,3,2,0,2,0,0,1,-7.0,False
27,1179,1,0,65,10.0,8.06375133926846,4,2,0,2,0,0,2,-10.0,False
27,1180,1,0,65,13.0,8.693173647528264,3,2,0,2,0,0,1,-13.0,False
27,1181,1,0,65,16.0,9.344048173721768,4,2,0,2,1,0,1,-16.0,False
27,1182,1,0,65,20.0,9.846211598501352,4,2,0,2,0,0,2,-20.0,False
27,1183,1,0,64,24.0,10.17497560600437,4,2,0,2,0,0,2,-24.0,False
27,1184,1,0,65,28.0,10.204067092484836,5,2,0,2,0,0,3,-28.0,False
27,1185,1,0,66,32.0,10.15506413456022,5,2,0,2,1,0,2,-32.0,False
27,1186,1,0,66,38.0,10.342488483290785,6,2,0,4,0,0,2,-38.0,False
27,1187,1,0,66,44.0,10.448030959567244,6,2,0,4,0,0,2,-44.0,False
27,1188,1,0,66,51.0,10.538098800919407,7,2,0,4,0,0,3,-51.0,False
27,1189,1,0,71,58.0,9.748057240576074,12,2,0,6,1,2,3,-58.0,False
27,1190,1,0,70,65.0,9.62097224452622,8,2,0,4,0,0,4,-65.0,False
27,1191,1,0,69,72.0,9.739629380954481,7,2,0,4,0,0,3,-72.0,False
27,1192,1,0,67,79.0,9.857153880185558,7,2,0,4,0,0,3,-79.0,False
27,1193,1,0,66,87.0,9.66594042984769,9,2,0,4,1,0,4,-87.0,False
27,1194,1,0,65,95.0,9.709102578475697,8,2,0,4,0,0,4,-95.0,False
27,1195,1,0,66,103.0,9.667974128270071,9,2,0,4,0,0,5,-103.0,False
27,1196,1,0,66,112.0,9.674191819417667,9,2,0,4,0,0,5,-112.0,False
27,1197,1,0,67,122.0,9.519459305013875,11,2,0,5,1,0,5,-122.0,False
27,1198,1,0,66,133.0,9.32750047272094,11,2,0,6,0,0,5,-133.0,False
27,1199,1,0,65,144.0,9.332677382842196,11,2,0,6,0,0,5,-144.0,False
27,1200,1,0,64,157.0,9.08397782997948,14,2,0,6,0,0,8,-157.0,False
27,1201,1,0,69,170.0,8.221554670473074,18,2,0,8,1,2,7,-170.0,False
27,1202,1,0,67,183.0,8.033361001842371,13,2,0,6,0,0,7,-183.0,False
27,1203,1,0,67,197.0,7.886684241157517,14,2,0,6,0,0,8,-197.0,False
27,1204,1,0,66,212.0,7.668723025488991,15,2,0,6,0,0,9,-212.0,False
27,1205,1,0,67,229.0,7.269450002761454,19,2,0,6,1,0,12,-229.0,False
27,1206,1,0,65,247.0,7.125221911501888,18,2,0,6,0,0,12,-247.0,False
27,1207,1,0,65,266.0,6.931250249765373,19,2,0,6,0,0,13,-266.0,False
27,1208,1,0,64,286.0,6.636056719504991,20,2,0,6,0,0,14,-286.0,False
27,1209,1,0,65,309.0,6.395061363580465,24,2,0,8,1,0,15,-309.0,False
27,1210,1,0,63,333.0,5.9191684771827004,25,2,0,8,0,0,17,-333.0,False
27,1211,1,0,62,359.0,5.684702405359278,26,2,0,8,0,0,18,-359.0,False
27,1212,1,0,60,385.0,5.4448223231819215,26,2,0,8,0,0,18,-385.0,False
27,1213,1,0,65,413.0,5.113737766505965,33,2,0,10,1,2,20,-413.0,False
28,1214,0,1,63,443.0,4.901259431156838,30,3,1,8,0,0,22,0.0,False
28,1215,0,1,64,474.0,4.803320620299529,32,3,1,8,0,0,24,0.0,False
28,1216,0,1,62,507.0,4.368631424416971,33,3,1,8,0,0,25,0.0,False
28,1217,0,1,62,280.0,4.299097862142864,26,0,2,4,1,0,21,-280.0,False
28,1218,0,1,62,159.0,4.615266431344181,20,0,2,0,1,0,19,-159.0,False
28,1219,0,1,62,111.0,5.168189098817761,16,0,2,0,1,0,15,-111.0,False
28,1220,0,1,63,83.0,5.705244229863908,16,0,2,0,1,1,14,-83.0,False
28,1221,0,1,64,67.0,6.434153978184736,13,0,2,0,2,2,9,-67.0,False
28,1222,0,1,64,57.0,7.219018386318881,10,0,2,0,1,2,7,-57.0,False
28,1223,0,1,64,48.0,8.033721560174891,9,0,2,0,2,2,5,-48.0,False
28,1224,0,1,63,37.0,8.48580410835571,7,0,2,0,2,2,3,-37.0,False
28,1225,0,1,68,28.0,8.400210796338252,10,0,2,2,3,4,1,-28.0,False
28,1226,0,1,68,27.0,8.740679737005626,6,0,2,0,3,2,1,-27.0,False
28,1227,0,1,68,32.0,9.029507333160657,5,0,2,0,3,2,0,-32.0,False
28,1228,0,1,68,37.0,9.408904066708633,5,0,2,0,3,2,0,-37.0,False
28,1229,0,1,69,43.0,9.494783797791934,7,0,2,0,5,2,0,-43.0,False
28,1230,0,1,69,49.0,9.663345278678468,6,0,2,0,4,2,0,-49.0,False
28,1231,0,1,70,55.0,9.68610397967146,7,0,2,0,4,2,1,-55.0,False
28,1232,0,1,70,62.0,9.93804810896168,7,0,2,0,5,2,0,-62.0,False
28,1233,0,1,71,70.0,9.977692099052586,9,0,2,0,6,3,0,-70.0,False
28,1234,0,1,71,79.0,10.062818175079281,9,0,2,0,5,4,0,-79.0,False
28,1235,0,1,70,88.0,10.147402224024699,9,0,2,0,5,4,0,-88.0,False
28,1236,0,1,71,97.0,10.103652288694418,10,0,2,0,5,4,1,-97.0,False
28,1237,0,1,74,107.0,9.314541037462421,15,0,2,2,7,6,0,-107.0,False
28,1238,0,1,72,117.0,9.362178075859909,10,0,2,0,6,4,0,-117.0,False
28,1239,0,1,70,127.0,9.470127956810522,10,0,2,0,6,4,0,-127.0,False
28,1240,0,1,68,137.0,9.525655401498701,10,0,2,0,6,4,0,-137.0,False
28,1241,0,1,69,148.0,9.177141673108762,13,0,2,0,8,4,1,-148.0,False
28,1242,0,1,69,159.0,9.024580178062397,11,0,2,0,7,4,0,-159.0,False
28,1243,0,1,67,170.0,8.834242063481575,11,0,2,0,7,4,0,-170.0,False
28,1244,0,1,67,182.0,8.567249521316644,12,0,2,0,8,4,0,-182.0,False
28,1245,0,1,67,196.0,8.221002845187916,15,0,2,0,10,5,0,-196.0,False
28,1246,0,1,67,212.0,7.79616610157318,17,0,2,0,10,6,1,-212.0,False
28,1247,0,1,65,230.0,7.608342134420256,18,0,2,0,12,6,0,-230.0,False
28,1248,0,1,64,250.0,7.38851022085592,20,0,2,0,14,6,0,-250.0,False
28,1249,0,1,68,271.0,6.557619332059032,26,0,2,2,16,8,0,-271.0,False
28,1250,0,1,68,293.0,6.5121342339699275,22,0,2,0,16,6,0,-293.0,False
28,1251,0,1,68,316.0,6.359303838421887,24,0,2,0,17,6,1,-316.0,False
28,1252,0,1,68,341.0,6.39368094001387,25,0,2,0,19,6,0,-341.0,False
28,1253,0,1,68,366.0,6.256642251007381,26,0,2,0,20,6,0,-366.0,False
28,1254,0,1,67,392.0,6.281168528042931,26,0,2,0,20,6,0,-392.0,False
28,1255,0,1,66,420.0,6.137668624098734,28,0,2,0,22,6,0,-420.0,False
28,1256,0,1,67,450.0,6.00070105396672,31,0,2,0,22,8,1,-450.0,False
28,1257,0,1,66,480.0,5.8189747615696685,31,0,2,0,23,8,0,-480.0,False
28,1258,0,1,65,510.0,5.746816078453437,30,0,2,0,22,8,0,-510.0,False
29,1259,1,0,63,542.0,5.717591103149443,32,1,3,0,24,8,0,0.0,False
29,1260,1,0,61,574.0,5.614270465210182,32,1,3,0,24,8,0,0.0,False
29,1261,1,0,66,606.0,5.063241927174901,37,1,3,2,25,10,0,0.0,False
29,1262,1,0,65,374.0,4.930837191883449,25,2,0,0,20,4,1,-374.0,False
29,1263,1,0,65,239.0,5.3562013908118935,16,2,0,0,16,0,0,-239.0,False
29,1264,1,0,63,163.0,5.765854865354627,13,2,0,0,13,0,0,-163.0,False
29,1265,1,0,64,100.0,6.238625387368908,12,2,0,0,12,0,0,-100.0,False
29,1266,1,0,63,49.0,6.840777736470557,8,2,0,0,7,0,1,-49.0,False
29,1267,1,0,64,12.0,7.587418096905163,5,2,0,0,3,0,2,-12.0,False
29,1268,1,0,62,5.0,8.258878297842788,3,2,0,0,1,0,2,-5.0,False
29,1269,1,0,63,7.0,8.73867011919455,4,2,0,1,1,0,2,-7.0,False
29,1270,1,0,62,10.0,9.29584221218483,3,2,0,1,0,0,2,-10.0,False
29,1271,1,0,61,13.0,9.795362710645529,3,2,0,1,0,0,2,-13.0,False
29,1272,1,0,62,17.0,10.082210143510544,5,2,0,2,0,0,3,-17.0,False
29,1273,1,0,67,22.0,9.653223926757773,10,2,0,4,1,2,3,-22.0,False
29,1274,1,0,67,27.0,10.064848680270737,5,2,0,2,0,0,3,-27.0,False
29,1275,1,0,67,32.0,10.575058635456712,5,2,0,2,0,0,3,-32.0,False
29,1276,1,0,67,37.0,10.870818413831353,5,2,0,2,0,0,3,-37.0,False
29,1277,1,0,69,42.0,10.730097922082232,7,2,0,2,1,0,4,-42.0,False
29,1278,1,0,69,47.0,10.867423218971146,5,2,0,2,0,0,3,-47.0,False
29,1279,1,0,69,52.0,10.871871367670048,5,2,0,2,0,0,3,-52.0,False
29,1280,1,0,67,58.0,10.633974673969037,6,2,0,3,0,0,3,-58.0,False
29,1281,1,0,66,64.0,10.377378959447418,7,2,0,3,1,0,3,-64.0,False
29,1282,1,0,66,71.0,10.189861540529966,8,2,0,3,0,0,5,-71.0,False
29,1283,1,0,64,78.0,10.252348418108559,7,2,0,3,0,0,4,-78.0,False
29,1284,1,0,62,87.0,10.182960276070109,9,2,0,4,0,0,5,-87.0,False
29,1285,1,0,66,96.0,9.492473360035698,14,2,0,6,1,2,5,-96.0,False
29,1286,1,0,66,105.0,9.571763914445512,9,2,0,4,0,0,5,-105.0,False
29,1287,1,0,67,114.0,9.474421118761894,10,2,0,4,0,0,6,-114.0,False
29,1288,1,0,65,123.0,9.42876973119064,9,2,0,4,0,0,5,-123.0,False
29,1289,1,0,66,132.0,9.222364757312876,10,2,0,4,1,0,5,-132.0,False
29,1290,1,0,65,142.0,9.076386524402842,10,2,0,4,0,0,6,-142.0,False
29,1291,1,0,64,153.0,8.693466016822406,11,2,0,4,0,0,7,-153.0,False
29,1292,1,0,64,166.0,8.247984127793504,14,2,0,5,0,0,9,-166.0,False
29,1293,1,0,64,180.0,7.851953253118411,15,2,0,5,1,0,9,-180.0,False
29,1294,1,0,63,195.0,7.514449881608996,15,2,0,6,0,0,9,-195.0,False
29,1295,1,0,62,212.0,7.244649887951801,17,2,0,6,0,0,11,-212.0,False
29,1296,1,0,61,231.0,6.935930223074282,19,2,0,6,0,0,13,-231.0,False
29,1297,1,0,65,251.0,6.120946400394547,25,2,0,8,1,2,14,-251.0,False
29,1298,1,0,64,271.0,5.75012795394105,21,2,0,6,0,0,15,-271.0,False
29,1299,1,0,64,294.0,5.706601863435774,23,2,0,6,0,0,17,-294.0,False
29,1300,1,0,62,318.0,5.442431215037664,24,2,0,6,0,0,18,-318.0,False
29,1301,1,0,63,343.0,5.289890861832407,26,2,0,6,1,0,19,-343.0,False
29,1302,1,0,62,371.0,5.1361172031584195,28,2,0,6,0,0,22,-371.0,False
29,1303,1,0,62,401.0,4.926494272091085,31,2,0,6,0,0,25,-401.0,False
30,1304,0,1,61,431.0,5.005115154822906,30,3,1,6,0,0,24,0.0,False
30,1305,0,1,61,463.0,4.766359009424887,33,3,1,7,1,0,25,0.0,False
30,1306,0,1,60,497.0,4.5500115977534765,34,3,1,8,0,0,26,0.0,False
30,1307,0,1,60,291.0,4.670474667373269,27,0,2,4,0,0,23,-291.0,False
30,1308,0,1,60,189.0,4.846249984102243,21,0,2,0,1,0,20,-189.0,False
30,1309,0,1,64,135.0,4.791418763709024,21,0,2,2,2,2,15,-135.0,False
30,1310,0,1,64,95.0,5.437720137454331,13,0,2,0,1,0,12,-95.0,False
30,1311,0,1,64,74.0,6.084691087577881,11,0,2,0,1,0,10,-74.0,False
30,1312,0,1,64,63.0,6.7662700294555655,10,0,2,0,2,0,8,-63.0,False
30,1313,0,1,66,51.0,7.432313589508264,11,0,2,0,4,0,7,-51.0,False
30,1314,0,1,66,38.0,8.018987487439091,7,0,2,0,3,0,4,-38.0,False
30,1315,0,1,66,26.0,8.63335491114242,5,0,2,0,3,0,2,-26.0,False
30,1316,0,1,66,20.0,9.053476008859048,5,0,2,0,3,1,1,-20.0,False
30,1317,0,1,67,23.0,9.200612915242294,5,0,2,0,4,1,0,-23.0,False
30,1318,0,1,68,28.0,9.527553842116017,6,0,2,0,3,2,1,-28.0,False
30,1319,0,1,66,34.0,9.86615230772167,6,0,2,0,4,2,0,-34.0,False
30,1320,0,1,66,40.0,10.120001886084223,6,0,2,0,4,2,0,-40.0,False
30,1321,0,1,71,46.0,9.55023469405376,11,0,2,2,5,4,0,-46.0,False
30,1322,0,1,71,52.0,9.822305372775702,6,0,2,0,4,2,0,-52.0,False
30,1323,0,1,72,58.0,9.991721439675246,7,0,2,0,4,2,1,-58.0,False
30,1324,0,1,72,65.0,10.197832022039792,7,0,2,0,5,2,0,-65.0,False
30,1325,0,1,73,73.0,10.232461818958646,9,0,2,0,7,2,0,-73.0,False
30,1326,0,1,69,81.0,10.173591748845363,8,0,2,0,6,2,0,-81.0,False
30,1327,0,1,68,89.0,10.141175390261322,8,0,2,0,6,2,0,-89.0,False
30,1328,0,1,68,98.0,9.910211095509828,10,0,2,0,6,3,1,-98.0,False
30,1329,0,1,67,108.0,9.732627486915957,11,0,2,0,8,3,0,-108.0,False
30,1330,0,1,67,119.0,9.86009303021317,11,0,2,0,7,4,0,-119.0,False
30,1331,0,1,65,131.0,9.79844362736169,12,0,2,0,8,4,0,-131.0,False
30,1332,0,1,65,143.0,9.543667516264057,12,0,2,0,8,4,0,-143.0,False
30,1333,0,1,70,155.0,8.68879487296236,17,0,2,2,9,6,0,-155.0,False
30,1334,0,1,70,167.0,8.497166935565042,13,0,2,0,8,4,1,-167.0,False
30,1335,0,1,70,180.0,8.473696841342791,13,0,2,0,9,4,0,-180.0,False
30,1336,0,1,69,194.0,8.299139470114424,14,0,2,0,10,4,0,-194.0,False
30,1337,0,1,69,209.0,8.046404399962334,16,0,2,0,12,4,0,-209.0,False
30,1338,0,1,68,224.0,7.743963242409542,15,0,2,0,11,4,0,-224.0,False
30,1339,0,1,67,241.0,7.269691557525108,18,0,2,0,12,5,1,-241.0,False
30,1340,0,1,67,260.0,7.212344940795586,19,0,2,0,13,6,0,-260.0,False
30,1341,0,1,66,280.0,6.832181987009714,21,0,2,0,15,6,0,-280.0,False
30,1342,0,1,64,305.0,6.70576762378673,25,0,2,0,19,6,0,-305.0,False
30,1343,0,1,63,330.0,6.541846366095405,25,0,2,0,19,6,0,-330.0,False
30,1344,0,1,62,357.0,6.3215961009182395,28,0,2,0,21,6,1,-357.0,False
30,1345,0,1,66,385.0,5.735243711662184,33,0,2,2,23,8,0,-385.0,False
30,1346,0,1,66,413.0,5.729285145638458,28,0,2,0,22,6,0,-413.0,False
30,1347,0,1,65,442.0,5.603481371097858,29,0,2,0,23,6,0,-442.0,False
30,1348,0,1,64,471.0,5.570619857980449,29,0,2,0,23,6,0,-471.0,False
31,1349,1,0,65,502.0,5.191308330135806,33,1,3,0,26,6,1,0.0,False
31,1350,1,0,63,533.0,4.982081703512,31,1,3,0,25,6,0,0.0,False
31,1351,1,0,63,564.0,5.02317911717687,31,1,3,0,25,6,0,0.0,False
31,1352,1,0,62,357.0,5.040811190671476,24,2,0,0,22,2,0,-357.0,False
31,1353,1,0,62,250.0,5.077364042100004,22,2,0,1,21,0,0,-250.0,False
31,1354,1,0,60,183.0,5.29067091451075,18,2,0,1,16,0,1,-183.0,False
31,1355,1,0,59,121.0,5.860620923984796,14,2,0,2,12,0,0,-121.0,False
31,1356,1,0,58,72.0,6.336773918953361,10,2,0,2,8,0,0,-72.0,False
31,1357,1,0,63,36.0,6.554285067279268,11,2,0,4,5,2,0,-36.0,False
31,1358,1,0,63,18.0,7.395112227677756,5,2,0,2,2,0,1,-18.0,False
31,1359,1,0,64,14.0,8.042081703544678,4,2,0,2,0,0,2,-14.0,False
31,1360,1,0,64,17.0,8.602183819454565,3,2,0,2,0,0,1,-17.0,False
31,1361,1,0,65,20.0,9.083209183258328,4,2,0,2,1,0,1,-20.0,False
31,1362,1,0,65,23.0,9.659888128120356,3,2,0,2,0,0,1,-23.0,False
31,1363,1,0,65,26.0,10.08049673961691,3,2,0,2,0,0,1,-26.0,False
31,1364,1,0,66,30.0,10.284577170575938,5,2,0,2,0,0,3,-30.0,False
31,1365,1,0,67,34.0,10.289660013268975,5,2,0,2,1,0,2,-34.0,False
31,1366,1,0,67,39.0,10.46177733019825,5,2,0,3,0,0,2,-39.0,False
31,1367,1,0,67,45.0,10.371188054015173,6,2,0,4,0,0,2,-45.0,False
31,1368,1,0,67,52.0,10.470744754784418,7,2,0,4,0,0,3,-52.0,False
31,1369,1,0,72,59.0,9.75991601021241,12,2,0,6,1,2,3,-59.0,False
31,1370,1,0,72,66.0,9.668641400478183,8,2,0,4,0,0,4,-66.0,False
31,1371,1,0,69,73.0,9.66780453804403,7,2,0,4,0,0,3,-73.0,False
31,1372,1,0,67,81.0,9.779637407928663,8,2,0,4,0,0,4,-81.0,False
31,1373,1,0,66,89.0,9.474611023476516,9,2,0,4,1,0,4,-89.0,False
31,1374,1,0,66,97.0,9.565332118962703,8,2,0,4,0,0,4,-97.0,False
31,1375,1,0,67,105.0,9.356769054546945,9,2,0,4,0,0,5,-105.0,False
31,1376,1,0,67,115.0,9.42941610398762,10,2,0,6,0,0,4,-115.0,False
31,1377,1,0,68,126.0,9.236791262019947,12,2,0,6,1,0,5,-126.0,False
31,1378,1,0,66,137.0,9.138144909998006,11,2,0,6,0,0,5,-137.0,False
31,1379,1,0,66,148.0,9.213778738172701,11,2,0,6,0,0,5,-148.0,False
31,1380,1,0,65,160.0,8.994030892279442,13,2,0,6,0,0,7,-160.0,False
31,1381,1,0,69,173.0,8.19696880112677,18,2,0,8,1,2,7,-173.0,False
31,1382,1,0,68,186.0,8.166331480840356,13,2,0,6,0,0,7,-186.0,False
31,1383,1,0,68,199.0,8.225873875920328,13,2,0,6,0,0,7,-199.0,False
31,1384,1,0,66,213.0,8.100114766914297,14,2,0,6,0,0,8,-213.0,False
31,1385,1,0,67,227.0,7.7791316520544855,16,2,0,6,1,0,9,-227.0,False
31,1386,1,0,66,243.0,7.584586984537154,16,2,0,6,0,0,10,-243.0,False
31,1387,1,0,65,260.0,7.387518308918717,17,2,0,6,0,0,11,-260.0,False
31,1388,1,0,64,279.0,7.03839714617417,19,2,0,6,0,0,13,-279.0,False
31,1389,1,0,65,299.0,6.5826019677752745,21,2,0,7,1,0,13,-299.0,False
31,1390,1,0,63,321.0,6.015385613002777,23,2,0,8,0,0,15,-321.0,False
31,1391,1,0,63,345.0,5.940748100204728,24,2,0,8,0,0,16,-345.0,False
31,1392,1,0,62,370.0,5.767254255131349,25,2,0,8,0,0,17,-370.0,False
31,1393,1,0,65,397.0,4.950614938352412,32,2,0,10,1,2,19,-397.0,False
32,1394,0,1,65,425.0,4.961582018483681,28,3,1,8,0,0,20,0.0,False
32,1395,0,1,65,454.0,4.776429941350389,30,3,1,8,0,0,22,0.0,False
32,1396,0,1,65,485.0,4.779128756400087,31,3,1,8,0,0,23,0.0,False
32,1397,0,1,65,260.0,4.6772124574508736,25,0,2,4,1,0,20,-260.0,False
32,1398,0,1,65,136.0,4.949320817589675,16,0,2,0,0,0,16,-136.0,False
32,1399,0,1,63,88.0,5.144604176634872,14,0,2,0,0,0,14,-88.0,False
32,1400,0,1,64,58.0,5.7457812517544085,13,0,2,0,1,0,12,-58.0,False
32,1401,0,1,65,50.0,6.438067794134679,14,0,2,0,2,2,10,-50.0,False
32,1402,0,1,65,44.0,7.135422665448045,11,0,2,0,1,2,8,-44.0,False
32,1403,0,1,64,38.0,7.5444723655071035,9,0,2,0,1,2,6,-38.0,False
32,1404,0,1,64,33.0,8.11493335464406,8,0,2,0,2,2,4,-33.0,False
32,1405,0,1,69,29.0,7.902478874963335,12,0,2,2,3,4,3,-29.0,False
32,1406,0,1,70,25.0,8.33319959546103,7,0,2,0,2,2,3,-25.0,False
32,1407,0,1,70,26.0,8.649813621885626,4,0,2,0,2,2,0,-26.0,False
32,1408,0,1,70,30.0,9.129259531886419,4,0,2,0,2,2,0,-30.0,False
32,1409,0,1,70,35.0,9.203673168171033,6,0,2,0,4,2,0,-35.0,False
32,1410,0,1,70,40.0,9.687620265459294,5,0,2,0,3,2,0,-40.0,False
32,1411,0,1,71,45.0,9.820886693508289,6,0,2,0,3,2,1,-45.0,False
32,1412,0,1,71,50.0,10.065656802553482,5,0,2,0,3,2,0,-50.0,False
32,1413,0,1,72,56.0,10.030300616045423,7,0,2,0,5,2,0,-56.0,False
32,1414,0,1,72,63.0,10.071872721888715,7,0,2,0,5,2,0,-63.0,False
32,1415,0,1,71,71.0,10.120342980792582,8,0,2,0,5,3,0,-71.0,False
32,1416,0,1,72,79.0,10.138348877934096,9,0,2,0,5,3,1,-79.0,False
32,1417,0,1,75,87.0,9.337760842911969,13,0,2,2,6,5,0,-87.0,False
32,1418,0,1,74,95.0,9.414639871869486,8,0,2,0,5,3,0,-95.0,False
32,1419,0,1,71,103.0,9.468556106408526,8,0,2,0,5,3,0,-103.0,False
32,1420,0,1,70,113.0,9.679295992199464,10,0,2,0,6,4,0,-113.0,False
32,1421,0,1,71,123.0,9.372883974007442,12,0,2,0,7,4,1,-123.0,False
32,1422,0,1,70,133.0,9.283097469458388,10,0,2,0,6,4,0,-133.0,False
32,1423,0,1,69,143.0,9.116856793960372,10,0,2,0,6,4,0,-143.0,False
32,1424,0,1,69,154.0,8.820799801693331,11,0,2,0,7,4,0,-154.0,False
32,1425,0,1,69,166.0,8.302599434345082,13,0,2,0,9,4,0,-166.0,False
32,1426,0,1,70,178.0,7.973133505906309,13,0,2,0,8,4,1,-178.0,False
32,1427,0,1,66,194.0,7.468143976891631,16,0,2,0,10,6,0,-194.0,False
32,1428,0,1,66,212.0,7.331387269270418,18,0,2,0,12,6,0,-212.0,False
32,1429,0,1,70,231.0,6.500257178604521,24,0,2,2,14,8,0,-231.0,False
32,1430,0,1,70,250.0,6.620158272382684,19,0,2,0,13,6,0,-250.0,False
32,1431,0,1,71,272.0,6.644780298248705,23,0,2,0,16,6,1,-272.0,False
32,1432,0,1,69,295.0,6.566300714714092,23,0,2,0,17,6,0,-295.0,False
32,1433,0,1,70,320.0,6.544185525500685,26,0,2,0,20,6,0,-320.0,False
32,1434,0,1,69,346.0,6.442601513177611,26,0,2,0,20,6,0,-346.0,False
32,1435,0,1,68,372.0,6.452444938207921,26,0,2,0,20,6,0,-372.0,False
32,1436,0,1,68,401.0,6.333409693606211,30,0,2,0,22,7,1,-401.0,False
32,1437,0,1,68,430.0,6.038139732396777,30,0,2,0,23,7,0,-430.0,False
32,1438,0,1,66,459.0,5.912875266713408,29,0,2,0,22,7,0,-459.0,False
33,1439,1,0,65,489.0,5.713723765209113,30,1,3,0,23,7,0,0.0,False
33,1440,1,0,64,519.0,5.579119597351402,30,1,3,0,23,7,0,0.0,False
33,1441,1,0,67,551.0,4.882386495342448,37,1,3,2,25,10,0,0.0,False
33,1442,1,0,68,333.0,5.0185614924142,26,2,0,0,21,4,1,-333.0,False
33,1443,1,0,66,214.0,5.38073374654094,17,2,0,0,17,0,0,-214.0,False
33,1444,1,0,66,145.0,6.067666008392856,14,2,0,0,14,0,0,-145.0,False
33,1445,1,0,66,92.0,6.400208533247384,13,2,0,0,12,0,1,-92.0,False
33,1446,1,0,65,50.0,7.127610373861465,8,2,0,0,7,0,1,-50.0,False
33,1447,1,0,65,20.0,7.685023819700248,5,2,0,0,3,0,2,-20.0,False
33,1448,1,0,63,4.0,8.170784573015494,1,2,0,0,0,0,1,-4.0,False
33,1449,1,0,63,7.0,8.703668129350266,4,2,0,2,1,0,1,-7.0,False
33,1450,1,0,61,11.0,9.231048647388844,4,2,0,2,0,0,2,-11.0,False
33,1451,1,0,61,15.0,9.649905278705969,4,2,0,2,0,0,2,-15.0,False
33,1452,1,0,62,19.0,9.916241639934627,5,2,0,2,0,0,3,-19.0,False
33,1453,1,0,67,23.0,9.586609834602745,9,2,0,4,1,2,2,-23.0,False
33,1454,1,0,67,28.0,10.201690533845966,5,2,0,2,0,0,3,-28.0,False
33,1455,1,0,66,33.0,10.556663295484046,5,2,0,2,0,0,3,-33.0,False
33,1456,1,0,66,38.0,10.744900914544294,5,2,0,2,0,0,3,-38.0,False
33,1457,1,0,68,43.0,10.620890685922966,7,2,0,2,1,0,4,-43.0,False
33,1458,1,0,68,48.0,10.597346176161127,5,2,0,2,0,0,3,-48.0,False
33,1459,1,0,68,53.0,10.685842156762028,5,2,0,2,0,0,3,-53.0,False
33,1460,1,0,67,59.0,10.71688196746026,6,2,0,2,0,0,4,-59.0,False
33,1461,1,0,67,66.0,10.512953043426068,8,2,0,3,1,0,4,-66.0,False
33,1462,1,0,67,74.0,10.349891537636156,9,2,0,4,0,0,5,-74.0,False
33,1463,1,0,66,82.0,10.424323306884741,8,2,0,4,0,0,4,-82.0,False
33,1464,1,0,63,91.0,10.354825131033213,9,2,0,4,0,0,5,-91.0,False
33,1465,1,0,67,100.0,9.664787217164507,14,2,0,6,1,2,5,-100.0,False
33,1466,1,0,67,109.0,9.750284531666853,9,2,0,4,0,0,5,-109.0,False
33,1467,1,0,67,118.0,9.60975883519701,10,2,0,4,0,0,6,-118.0,False
33,1468,1,0,66,127.0,9.403124500251776,9,2,0,4,0,0,5,-127.0,False
33,1469,1,0,65,136.0,9.112141199716447,10,2,0,4,1,0,5,-136.0,False
33,1470,1,0,65,147.0,8.797612091227405,11,2,0,4,0,0,7,-147.0,False
33,1471,1,0,63,159.0,8.380280129998901,12,2,0,4,0,0,8,-159.0,False
33,1472,1,0,64,175.0,8.011923411614086,17,2,0,5,0,0,12,-175.0,False
33,1473,1,0,63,193.0,7.693623629564696,19,2,0,6,1,0,12,-193.0,False
33,1474,1,0,62,213.0,7.648901651476661,20,2,0,6,0,0,14,-213.0,False
33,1475,1,0,60,234.0,7.317405158032638,21,2,0,6,0,0,15,-234.0,False
33,1476,1,0,58,256.0,6.877022555962282,22,2,0,6,0,0,16,-256.0,False
33,1477,1,0,62,278.0,5.928402329250666,27,2,0,8,1,2,16,-278.0,False
33,1478,1,0,62,302.0,5.687325662748014,25,2,0,6,0,0,19,-302.0,False
33,1479,1,0,62,326.0,5.722234283655845,24,2,0,6,0,0,18,-326.0,False
33,1480,1,0,60,353.0,5.549196480653608,27,2,0,6,0,0,21,-353.0,False
33,1481,1,0,61,381.0,5.480767371115124,29,2,0,6,1,0,22,-381.0,False
33,1482,1,0,60,410.0,5.518986580932954,29,2,0,6,0,0,23,-410.0,False
33,1483,1,0,61,440.0,5.409170681602057,31,2,0,6,0,0,25,-440.0,False
34,1484,0,1,60,471.0,5.071896790418108,31,3,1,7,0,0,24,0.0,False
34,1485,0,1,61,503.0,4.857026420102413,33,3,1,7,1,0,25,0.0,False
34,1486,0,1,61,537.0,4.715360090319774,34,3,1,8,0,0,26,0.0,False
34,1487,0,1,59,325.0,4.610005203728772,28,0,2,4,0,0,24,-325.0,False
34,1488,0,1,60,214.0,4.982991749101713,21,0,2,0,0,0,21,-214.0,False
34,1489,0,1,64,157.0,4.971393392066284,22,0,2,2,2,2,16,-157.0,False
34,1490,0,1,64,112.0,5.77794929503547,14,0,2,0,1,0,13,-112.0,False
34,1491,0,1,64,84.0,6.552657685063786,10,0,2,0,1,0,9,-84.0,False
34,1492,0,1,64,66.0,7.35933160452951,8,0,2,0,1,0,7,-66.0,False
34,1493,0,1,66,48.0,7.795826051562688,9,0,2,0,3,0,6,-48.0,False
34,1494,0,1,66,42.0,8.462384252557712,6,0,2,0,2,0,4,-42.0,False
34,1495,0,1,66,26.0,8.963634109808106,4,0,2,0,2,0,2,-26.0,False
34,1496,0,1,66,19.0,9.31030060342747,3,0,2,0,2,0,1,-19.0,False
34,1497,0,1,67,15.0,9.525988940452052,4,0,2,0,4,0,0,-15.0,False
34,1498,0,1,68,19.0,9.876233177680172,5,0,2,0,3,1,1,-19.0,False
34,1499,0,1,68,24.0,10.175388760518146,5,0,2,0,3,2,0,-24.0,False
34,1500,0,1,67,29.0,10.407023495404305,5,0,2,0,3,2,0,-29.0,False
34,1501,0,1,70,35.0,9.690820729137464,11,0,2,2,5,4,0,-35.0,False
34,1502,0,1,70,41.0,10.159361397865307,6,0,2,0,4,2,0,-41.0,False
34,1503,0,1,71,48.0,10.252314785801124,8,0,2,0,5,2,1,-48.0,False
34,1504,0,1,71,55.0,10.530738360647405,7,0,2,0,5,2,0,-55.0,False
34,1505,0,1,70,62.0,10.4312006127358,8,0,2,0,6,2,0,-62.0,False
34,1506,0,1,69,69.0,10.435345573285314,7,0,2,0,5,2,0,-69.0,False
34,1507,0,1,66,76.0,10.349530323319376,7,0,2,0,5,2,0,-76.0,False
34,1508,0,1,66,85.0,10.023875006341331,10,0,2,0,6,3,1,-85.0,False
34,1509,0,1,66,95.0,9.8372749930078,11,0,2,0,7,4,0,-95.0,False
34,1510,0,1,66,105.0,9.893699173056804,10,0,2,0,6,4,0,-105.0,False
34,1511,0,1,64,116.0,9.902879389458636,11,0,2,0,7,4,0,-116.0,False
34,1512,0,1,64,127.0,9.9329114281157,11,0,2,0,7,4,0,-127.0,False
34,1513,0,1,68,138.0,9.089343612774162,16,0,2,2,8,6,0,-138.0,False
34,1514,0,1,68,150.0,8.760653894244841,13,0,2,0,8,4,1,-150.0,False
34,1515,0,1,67,162.0,8.776387266708813,12,0,2,0,8,4,0,-162.0,False
34,1516,0,1,65,175.0,8.686977626393086,13,0,2,0,9,4,0,-175.0,False
34,1517,0,1,65,190.0,8.332849944652247,16,0,2,0,12,4,0,-190.0,False
34,1518,0,1,64,205.0,8.079854780539607,15,0,2,0,11,4,0,-205.0,False
34,1519,0,1,65,220.0,7.891690746041837,16,0,2,0,11,4,1,-220.0,False
34,1520,0,1,64,238.0,7.50289241396809,18,0,2,0,13,5,0,-238.0,False
34,1521,0,1,64,257.0,7.0491017660738295,20,0,2,0,14,6,0,-257.0,False
34,1522,0,1,63,278.0,6.858644045353984,21,0,2,0,15,6,0,-278.0,False
34,1523,0,1,63,300.0,6.690683603239869,22,0,2,0,16,6,0,-300.0,False
34,1524,0,1,62,324.0,6.243159833837573,25,0,2,0,18,6,1,-324.0,False
34,1525,0,1,65,350.0,5.526971452664898,31,0,2,2,21,8,0,-350.0,False
34,1526,0,1,65,376.0,5.609970055552222,26,0,2,0,20,6,0,-376.0,False
34,1527,0,1,63,404.0,5.446299267474578,28,0,2,0,22,6,0,-404.0,False
34,1528,0,1,62,433.0,5.392142373058859,29,0,2,0,23,6,0,-433.0,False
35,1529,1,0,63,464.0,5.196296465145315,33,1,3,0,26,6,1,0.0,False
35,1530,1,0,62,495.0,5.075333120329224,31,1,3,0,25,6,0,0.0,False
35,1531,1,0,61,527.0,4.818631327562024,32,1,3,0,26,6,0,0.0,False
35,1532,1,0,59,324.0,4.6913927617755355,24,2,0,0,22,2,0,-324.0,False
35,1533,1,0,60,220.0,4.960214949990407,19,2,0,0,19,0,0,-220.0,False
35,1534,1,0,58,154.0,5.046491755981371,16,2,0,0,15,0,1,-154.0,False
35,1535,1,0,58,99.0,5.744453620763681,13,2,0,1,12,0,0,-99.0,False
35,1536,1,0,58,60.0,6.591633065749242,11,2,0,2,8,0,1,-60.0,False
35,1537,1,0,63,32.0,6.818929146140092,12,2,0,4,5,2,1,-32.0,False
35,1538,1,0,63,14.0,7.683589774767561,4,2,0,2,1,0,1,-14.0,False
35,1539,1,0,64,13.0,8.319911098331204,4,2,0,2,0,0,2,-13.0,False
35,1540,1,0,63,16.0,8.982371008967935,3,2,0,2,0,0,1,-16.0,False
35,1541,1,0,64,19.0,9.48503039452593,4,2,0,2,1,0,1,-19.0,False
35,1542,1,0,64,22.0,9.900261113902312,3,2,0,2,0,0,1,-22.0,False
35,1543,1,0,64,26.0,10.25756035201605,4,2,0,2,0,0,2,-26.0,False
35,1544,1,0,65,30.0,10.33165784561799,5,2,0,2,0,0,3,-30.0,False
35,1545,1,0,66,35.0,10.319632296048589,6,2,0,3,1,0,2,-35.0,False
35,1546,1,0,66,40.0,10.61297167533054,5,2,0,3,0,0,2,-40.0,False
35,1547,1,0,66,47.0,10.805616524756088,7,2,0,4,0,0,3,-47.0,False
35,1548,1,0,66,54.0,10.885310328077434,7,2,0,4,0,0,3,-54.0,False
35,1549,1,0,71,61.0,10.044159738566366,12,2,0,6,1,2,3,-61.0,False
35,1550,1,0,69,68.0,9.93119810263782,8,2,0,4,0,0,4,-68.0,False
35,1551,1,0,69,75.0,10.022427897710248,7,2,0,4,0,0,3,-75.0,False
35,1552,1,0,67,82.0,10.023294228625812,7,2,0,4,0,0,3,-82.0,False
35,1553,1,0,67,90.0,9.939249603329573,9,2,0,4,1,0,4,-90.0,False
35,1554,1,0,65,98.0,9.902665311273912,8,2,0,4,0,0,4,-98.0,False
35,1555,1,0,66,106.0,9.836138792925015,9,2,0,4,0,0,5,-106.0,False
35,1556,1,0,66,117.0,9.94739346308705,11,2,0,6,0,0,5,-117.0,False
35,1557,1,0,67,128.0,9.68193911106433,12,2,0,6,1,0,5,-128.0,False
35,1558,1,0,66,139.0,9.489451560547478,11,2,0,6,0,0,5,-139.0,False
35,1559,1,0,65,150.0,9.321562687564624,11,2,0,6,0,0,5,-150.0,False
35,1560,1,0,64,162.0,8.646384207483443,13,2,0,6,0,0,7,-162.0,False
35,1561,1,0,69,174.0,7.892249936708097,17,2,0,8,1,2,6,-174.0,False
35,1562,1,0,68,187.0,7.712517322942203,13,2,0,6,0,0,7,-187.0,False
35,1563,1,0,67,202.0,7.500295037304158,15,2,0,6,0,0,9,-202.0,False
35,1564,1,0,66,218.0,7.454033332913589,16,2,0,6,0,0,10,-218.0,False
35,1565,1,0,68,237.0,7.211561524532386,21,2,0,6,1,0,14,-237.0,False
35,1566,1,0,66,256.0,7.021456715586011,19,2,0,6,0,0,13,-256.0,False
35,1567,1,0,66,277.0,6.90249355385179,21,2,0,6,0,0,15,-277.0,False
35,1568,1,0,65,299.0,6.588459552630084,22,2,0,6,0,0,16,-299.0,False
35,1569,1,0,65,323.0,6.167513503897437,25,2,0,7,1,0,17,-323.0,False
35,1570,1,0,64,348.0,5.877841413968702,26,2,0,7,0,0,19,-348.0,False
35,1571,1,0,62,374.0,5.717757721363065,27,2,0,8,0,0,19,-374.0,False
35,1572,1,0,62,403.0,5.658666832660092,29,2,0,8,0,0,21,-403.0,False
35,1573,1,0,64,434.0,4.795499978855398,36,2,0,10,1,2,23,-434.0,False
36,1574,0,1,63,466.0,4.76522207007174,32,3,1,8,0,0,24,0.0,False
36,1575,0,1,63,498.0,4.717559341602775,34,3,1,8,0,0,26,0.0,False
36,1576,0,1,62,533.0,4.775381179007563,35,3,1,8,0,0,27,0.0,False
36,1577,0,1,62,308.0,4.715191382913965,28,0,2,4,1,0,23,-308.0,False
36,1578,0,1,62,183.0,4.998372510278,19,0,2,0,0,0,19,-183.0,False
36,1579,0,1,62,132.0,5.375067029310418,15,0,2,0,0,0,15,-132.0,False
36,1580,0,1,63,93.0,5.902026548265891,13,0,2,0,0,1,12,-93.0,False
36,1581,0,1,64,72.0,6.5018223956945915,12,0,2,0,2,1,9,-72.0,False
36,1582,0,1,63,61.0,7.120723285729297,10,0,2,0,1,2,7,-61.0,False
36,1583,0,1,62,48.0,7.669201049238001,8,0,2,0,1,2,5,-48.0,False
36,1584,0,1,62,35.0,8.325379370794346,6,0,2,0,1,2,3,-35.0,False
36,1585,0,1,67,21.0,8.237959392843159,10,0,2,2,3,4,1,-21.0,False
36,1586,0,1,68,27.0,8.701970591554378,7,0,2,0,2,2,3,-27.0,False
36,1587,0,1,68,26.0,9.21145274450837,5,0,2,0,2,2,1,-26.0,False
36,1588,0,1,68,28.0,9.62431800807275,4,0,2,0,2,2,0,-28.0,False
36,1589,0,1,69,32.0,9.854967979166124,5,0,2,0,3,2,0,-32.0,False
36,1590,0,1,69,37.0,10.184787247118582,5,0,2,0,3,2,0,-37.0,False
36,1591,0,1,70,42.0,10.313573911039986,6,0,2,0,3,2,1,-42.0,False
36,1592,0,1,70,48.0,10.613390232215265,6,0,2,0,4,2,0,-48.0,False
36,1593,0,1,71,54.0,10.519816114462305,7,0,2,0,5,2,0,-54.0,False
36,1594,0,1,71,61.0,10.604269216455902,7,0,2,0,4,3,0,-61.0,False
36,1595,0,1,69,69.0,10.631830155052562,8,0,2,0,4,4,0,-69.0,False
36,1596,0,1,69,77.0,10.56896674349523,9,0,2,0,4,4,1,-77.0,False
36,1597,0,1,71,86.0,9.749301151571528,14,0,2,2,6,6,0,-86.0,False
36,1598,0,1,71,95.0,10.001117871701313,9,0,2,0,5,4,0,-95.0,False
36,1599,0,1,70,104.0,10.003435760247886,9,0,2,0,5,4,0,-104.0,False
36,1600,0,1,69,113.0,10.121520292544176,9,0,2,0,5,4,0,-113.0,False
36,1601,0,1,69,123.0,9.689627748252695,12,0,2,0,7,4,1,-123.0,False
36,1602,0,1,69,133.0,9.5863150586095,10,0,2,0,6,4,0,-133.0,False
36,1603,0,1,67,145.0,9.357210585923044,12,0,2,0,7,5,0,-145.0,False
36,1604,0,1,67,157.0,9.1741098715228,12,0,2,0,7,5,0,-157.0,False
36,1605,0,1,68,170.0,8.910041986372818,14,0,2,0,8,6,0,-170.0,False
36,1606,0,1,66,185.0,8.245135921791174,16,0,2,0,9,6,1,-185.0,False
36,1607,0,1,64,201.0,7.924926893513218,16,0,2,0,10,6,0,-201.0,False
36,1608,0,1,63,218.0,7.509960131718648,17,0,2,0,11,6,0,-218.0,False
36,1609,0,1,67,237.0,6.679950139816679,24,0,2,2,14,8,0,-237.0,False
36,1610,0,1,66,257.0,6.5915260035918015,20,0,2,0,14,6,0,-257.0,False
36,1611,0,1,66,277.0,6.54306452735367,21,0,2,0,14,6,1,-277.0,False
36,1612,0,1,65,300.0,6.474783457295465,23,0,2,0,17,6,0,-300.0,False
36,1613,0,1,65,323.0,6.3255697170456,24,0,2,0,18,6,0,-323.0,False
36,1614,0,1,65,349.0,6.2149653984346145,26,0,2,0,20,6,0,-349.0,False
36,1615,0,1,64,376.0,5.990505728203491,27,0,2,0,21,6,0,-376.0,False
36,1616,0,1,65,403.0,5.835310053214065,28,0,2,0,21,6,1,-403.0,False
36,1617,0,1,64,432.0,5.655132138574041,30,0,2,0,23,7,0,-432.0,False
36,1618,0,1,63,462.0,5.579599369984996,30,0,2,0,22,8,0,-462.0,False
37,1619,1,0,60,494.0,5.332397102621369,32,1,3,0,24,8,0,0.0,False
37,1620,1,0,60,526.0,5.39919960043636,32,1,3,0,24,8,0,0.0,False
37,1621,1,0,64,558.0,4.728127782751291,37,1,3,2,25,10,0,0.0,False
37,1622,1,0,63,336.0,4.812543784515965,26,2,0,0,20,4,2,-336.0,False
37,1623,1,0,62,209.0,5.106488823262514,17,2,0,0,16,0,1,-209.0,False
37,1624,1,0,61,143.0,5.377035228674833,13,2,0,0,12,0,1,-143.0,False
37,1625,1,0,61,91.0,5.669993534470423,13,2,0,0,11,0,2,-91.0,False
37,1626,1,0,60,50.0,6.291942752727116,9,2,0,0,7,0,2,-50.0,False
37,1627,1,0,61,26.0,7.006273619259252,6,2,0,0,3,0,3,-26.0,False
37,1628,1,0,61,12.0,7.9977478177002,3,2,0,0,0,0,3,-12.0,False
37,1629,1,0,62,17.0,8.653336082717766,6,2,0,2,1,0,3,-17.0,False
37,1630,1,0,62,22.0,9.464772712509495,5,2,0,2,0,0,3,-22.0,False
37,1631,1,0,62,27.0,9.936748109253303,5,2,0,2,0,0,3,-27.0,False
37,1632,1,0,62,32.0,10.057077403328545,6,2,0,2,0,0,4,-32.0,False
37,1633,1,0,67,37.0,9.605208304195711,10,2,0,4,1,2,3,-37.0,False
37,1634,1,0,67,43.0,9.960820806943405,6,2,0,2,0,0,4,-43.0,False
37,1635,1,0,66,49.0,10.299838053260673,6,2,0,2,0,0,4,-49.0,False
37,1636,1,0,66,55.0,10.449333482170275,6,2,0,2,0,0,4,-55.0,False
37,1637,1,0,68,61.0,10.216018746074406,8,2,0,2,1,0,5,-61.0,False
37,1638,1,0,68,68.0,10.460956449412956,7,2,0,2,0,0,5,-68.0,False
37,1639,1,0,68,75.0,10.529862630444994,7,2,0,2,0,0,5,-75.0,False
37,1640,1,0,68,82.0,10.533407891972365,7,2,0,2,0,0,5,-82.0,False
37,1641,1,0,67,90.0,10.176427375914974,9,2,0,3,1,0,5,-90.0,False
37,1642,1,0,67,98.0,10.000356219990232,9,2,0,3,0,0,6,-98.0,False
37,1643,1,0,64,107.0,10.12452432173692,9,2,0,4,0,0,5,-107.0,False
37,1644,1,0,63,117.0,10.21328897161442,10,2,0,4,0,0,6,-117.0,False
37,1645,1,0,65,127.0,9.293703185098156,15,2,0,6,1,2,6,-127.0,False
37,1646,1,0,65,137.0,9.401183902597545,10,2,0,4,0,0,6,-137.0,False
37,1647,1,0,66,147.0,9.131895969899077,11,2,0,4,0,0,7,-147.0,False
37,1648,1,0,64,157.0,9.044881242326955,10,2,0,4,0,0,6,-157.0,False
37,1649,1,0,65,169.0,8.859443271133198,13,2,0,4,1,0,8,-169.0,False
37,1650,1,0,64,182.0,8.749531592624725,13,2,0,4,0,0,9,-182.0,False
37,1651,1,0,63,196.0,8.499546630821849,14,2,0,4,0,0,10,-196.0,False
37,1652,1,0,63,211.0,8.200312416260068,16,2,0,5,0,0,11,-211.0,False
37,1653,1,0,63,228.0,7.741660357198289,18,2,0,6,1,0,11,-228.0,False
37,1654,1,0,62,245.0,7.32833773187885,17,2,0,6,0,0,11,-245.0,False
37,1655,1,0,60,263.0,6.9744339187304885,18,2,0,6,0,0,12,-263.0,False
37,1656,1,0,58,284.0,6.639916116982592,21,2,0,6,0,0,15,-284.0,False
37,1657,1,0,61,306.0,5.763399972934541,27,2,0,8,1,2,16,-306.0,False
37,1658,1,0,62,330.0,5.762489507922427,25,2,0,6,0,0,19,-330.0,False
37,1659,1,0,61,356.0,5.751925096427931,26,2,0,6,0,0,20,-356.0,False
37,1660,1,0,61,382.0,5.822764767079067,26,2,0,6,0,0,20,-382.0,False
37,1661,1,0,61,409.0,5.510560137554797,28,2,0,6,1,0,21,-409.0,False
37,1662,1,0,60,436.0,5.333934334416139,27,2,0,6,0,0,21,-436.0,False
37,1663,1,0,60,463.0,5.0707068779054065,28,2,0,6,0,0,22,-463.0,False
38,1664,0,1,60,493.0,5.014593118061373,30,3,1,6,0,0,24,0.0,False
38,1665,0,1,61,525.0,4.675217877473278,33,3,1,7,1,0,25,0.0,False
38,1666,0,1,61,559.0,4.505723901575817,34,3,1,7,0,0,27,0.0,False
38,1667,0,1,61,337.0,4.6337527026154905,26,0,2,3,0,0,23,-337.0,False
38,1668,0,1,61,216.0,4.882794355961783,20,0,2,0,0,0,20,-216.0,False
38,1669,0,1,66,151.0,4.911455053736156,23,0,2,2,2,2,17,-151.0,False
38,1670,0,1,65,104.0,5.472627916853626,14,0,2,0,1,0,13,-104.0,False
38,1671,0,1,65,71.0,6.189213642268178,12,0,2,0,2,0,10,-71.0,False
38,1672,0,1,64,52.0,6.967498165263977,9,0,2,0,2,0,7,-52.0,False
38,1673,0,1,66,53.0,7.41392099408621,11,0,2,0,4,0,7,-53.0,False
38,1674,0,1,66,42.0,8.010663493964916,7,0,2,0,3,0,4,-42.0,False
38,1675,0,1,66,38.0,8.40809309836355,7,0,2,0,3,0,4,-38.0,False
38,1676,0,1,66,27.0,8.868745040514444,6,0,2,0,4,0,2,-27.0,False
38,1677,0,1,67,24.0,9.069353302597136,6,0,2,0,5,1,0,-24.0,False
38,1678,0,1,67,29.0,9.247415671213668,6,0,2,0,4,1,1,-29.0,False
38,1679,0,1,67,35.0,9.66258663491188,6,0,2,0,4,2,0,-35.0,False
38,1680,0,1,67,41.0,9.77940205964388,6,0,2,0,4,2,0,-41.0,False
38,1681,0,1,71,48.0,9.416774091897741,12,0,2,2,6,4,0,-48.0,False
38,1682,0,1,71,55.0,9.721445139935206,7,0,2,0,5,2,0,-55.0,False
38,1683,0,1,72,63.0,9.774112916931207,9,0,2,0,6,2,1,-63.0,False
38,1684,0,1,72,71.0,9.971169154969036,8,0,2,0,6,2,0,-71.0,False
38,1685,0,1,73,79.0,9.963087909891149,9,0,2,0,7,2,0,-79.0,False
38,1686,0,1,70,87.0,9.98021793841912,8,0,2,0,6,2,0,-87.0,False
38,1687,0,1,68,95.0,10.03253065798856,8,0,2,0,6,2,0,-95.0,False
38,1688,0,1,68,104.0,9.757767163313348,10,0,2,0,7,2,1,-104.0,False
38,1689,0,1,68,113.0,9.578884813426157,10,0,2,0,8,2,0,-113.0,False
38,1690,0,1,68,124.0,9.68667676776546,11,0,2,0,8,3,0,-124.0,False
38,1691,0,1,66,135.0,9.502773593200954,11,0,2,0,8,3,0,-135.0,False
38,1692,0,1,66,146.0,9.433033712079947,11,0,2,0,8,3,0,-146.0,False
38,1693,0,1,69,158.0,8.613470254667792,17,0,2,2,9,6,0,-158.0,False
38,1694,0,1,69,170.0,8.596166479789183,13,0,2,0,8,4,1,-170.0,False
38,1695,0,1,68,183.0,8.590395803018854,13,0,2,0,9,4,0,-183.0,False
38,1696,0,1,68,197.0,8.501661665786472,14,0,2,0,10,4,0,-197.0,False
38,1697,0,1,69,211.0,8.100520812641816,15,0,2,0,11,4,0,-211.0,False
38,1698,0,1,67,226.0,7.865517025420465,15,0,2,0,11,4,0,-226.0,False
38,1699,0,1,68,242.0,7.677550219568586,17,0,2,0,12,4,1,-242.0,False
38,1700,0,1,66,260.0,7.32099281664424,18,0,2,0,13,5,0,-260.0,False
38,1701,0,1,65,281.0,6.9182961869923725,22,0,2,0,16,6,0,-281.0,False
38,1702,0,1,64,303.0,6.547550879203831,22,0,2,0,16,6,0,-303.0,False
38,1703,0,1,62,328.0,6.2682896616454125,25,0,2,0,19,6,0,-328.0,False
38,1704,0,1,63,353.0,6.0003727170042644,26,0,2,0,19,6,1,-353.0,False
38,1705,0,1,67,379.0,5.3182682431812225,31,0,2,2,21,8,0,-379.0,False
38,1706,0,1,67,407.0,5.297673668889269,28,0,2,0,22,6,0,-407.0,False
38,1707,0,1,67,436.0,5.319482691611042,29,0,2,0,23,6,0,-436.0,False
38,1708,0,1,66,466.0,5.292599416078017,30,0,2,0,24,6,0,-466.0,False
39,1709,1,0,66,499.0,5.018248652343002,35,1,3,0,28,6,1,0.0,False
39,1710,1,0,66,532.0,4.941857409813214,33,1,3,0,27,6,0,0.0,False
39,1711,1,0,65,566.0,4.756549105306554,34,1,3,0,28,6,0,0.0,False
39,1712,1,0,65,370.0,4.82416614775794,28,2,0,1,24,3,0,-370.0,False
39,1713,1,0,64,261.0,4.846768416313762,22,2,0,1,21,0,0,-261.0,False
39,1714,1,0,61,190.0,4.6721500658015085,19,2,0,1,16,0,2,-190.0,False
39,1715,1,0,61,131.0,5.31383564347728,17,2,0,2,14,0,1,-131.0,False
39,1716,1,0,59,91.0,5.918079433488284,14,2,0,2,10,0,2,-91.0,False
39,1717,1,0,64,57.0,6.380634114782683,16,2,0,4,8,2,2,-57.0,False
39,1718,1,0,64,33.0,7.1741935346627175,7,2,0,2,3,0,2,-33.0,False
39,1719,1,0,65,28.0,7.871815378371743,6,2,0,2,1,0,3,-28.0,False
39,1720,1,0,65,27.0,8.394001386529654,4,2,0,2,0,0,2,-27.0,False
39,1721,1,0,66,32.0,8.693997873904824,6,2,0,2,1,0,3,-32.0,False
39,1722,1,0,66,37.0,9.079971375650905,5,2,0,2,0,0,3,-37.0,False
39,1723,1,0,66,42.0,9.556460700366722,5,2,0,2,0,0,3,-42.0,False
39,1724,1,0,67,47.0,9.77004693322949,6,2,0,2,0,0,4,-47.0,False
39,1725,1,0,68,52.0,9.86873715761154,6,2,0,2,1,0,3,-52.0,False
39,1726,1,0,68,57.0,10.082232986408794,5,2,0,2,0,0,3,-57.0,False
39,1727,1,0,68,64.0,10.222317217206333,7,2,0,4,0,0,3,-64.0,False
39,1728,1,0,68,72.0,10.373343015385469,8,2,0,4,0,0,4,-72.0,False
39,1729,1,0,73,80.0,9.660326737448518,13,2,0,6,1,2,4,-80.0,False
39,1730,1,0,72,88.0,9.532984535864149,9,2,0,4,0,0,5,-88.0,False
39,1731,1,0,72,96.0,9.795185623557295,8,2,0,4,0,0,4,-96.0,False
39,1732,1,0,70,104.0,9.853514057551429,8,2,0,4,0,0,4,-104.0,False
39,1733,1,0,71,113.0,9.780254811668495,10,2,0,4,1,0,5,-113.0,False
39,1734,1,0,69,122.0,9.74815298847805,9,2,0,4,0,0,5,-122.0,False
39,1735,1,0,68,131.0,9.733133768649742,10,2,0,4,0,0,6,-131.0,False
39,1736,1,0,68,141.0,9.599631969503315,10,2,0,5,0,0,5,-141.0,False
39,1737,1,0,69,152.0,9.511951637226455,12,2,0,5,1,0,6,-152.0,False
39,1738,1,0,67,163.0,9.405140790282978,11,2,0,5,0,0,6,-163.0,False
39,1739,1,0,65,175.0,9.26606873050742,12,2,0,6,0,0,6,-175.0,False
39,1740,1,0,65,187.0,8.961315657292099,13,2,0,6,0,0,7,-187.0,False
39,1741,1,0,70,201.0,8.204148654499798,19,2,0,8,1,2,8,-201.0,False
39,1742,1,0,70,215.0,8.089785204100522,14,2,0,6,0,0,8,-215.0,False
39,1743,1,0,69,230.0,7.802358890312926,15,2,0,6,0,0,9,-230.0,False
39,1744,1,0,69,245.0,7.655178959265932,15,2,0,6,0,0,9,-245.0,False
39,1745,1,0,69,262.0,7.140452699849505,19,2,0,6,1,0,12,-262.0,False
39,1746,1,0,69,283.0,7.016626559463883,21,2,0,6,0,0,15,-283.0,False
39,1747,1,0,68,305.0,6.684070601498171,22,2,0,6,0,0,16,-305.0,False
39,1748,1,0,68,329.0,6.491472576825245,24,2,0,6,0,0,18,-329.0,False
39,1749,1,0,68,356.0,6.128658433104591,28,2,0,8,1,0,19,-356.0,False
39,1750,1,0,67,385.0,5.7000908132382575,30,2,0,8,0,0,22,-385.0,False
39,1751,1,0,64,414.0,5.324206003890127,29,2,0,8,0,0,21,-414.0,False
39,1752,1,0,64,444.0,5.216730107369304,30,2,0,8,0,0,22,-444.0,False
39,1753,1,0,67,474.0,4.681916052890917,35,2,0,10,1,2,22,-474.0,False
40,1754,0,1,67,507.0,4.7867764307499,33,3,1,8,0,0,25,0.0,False
40,1755,0,1,66,540.0,4.547438808778783,34,3,1,8,0,0,26,0.0,False
40,1756,0,1,65,575.0,4.527086467099331,35,3,1,8,0,0,27,0.0,False
40,1757,0,1,65,340.0,4.607851289891093,29,0,2,4,1,0,24,-340.0,False
40,1758,0,1,64,207.0,4.757711245181533,21,0,2,0,0,0,21,-207.0,False
40,1759,0,1,64,149.0,5.169791681156407,17,0,2,0,0,0,17,-149.0,False
40,1760,0,1,65,109.0,5.529656647599147,15,0,2,0,0,0,15,-109.0,False
40,1761,0,1,66,80.0,6.154634769533819,14,0,2,0,2,1,11,-80.0,False
40,1762,0,1,64,66.0,6.865580345040515,12,0,2,0,1,2,9,-66.0,False
40,1763,0,1,64,54.0,7.653215480467647,10,0,2,0,1,2,7,-54.0,False
40,1764,0,1,64,44.0,8.277688020889785,8,0,2,0,1,2,5,-44.0,False
40,1765,0,1,69,32.0,8.205100066080615,11,0,2,2,2,4,3,-32.0,False
40,1766,0,1,70,23.0,8.579878240548563,6,0,2,0,2,2,2,-23.0,False
40,1767,0,1,70,22.0,9.093493449983388,4,0,2,0,2,2,0,-22.0,False
40,1768,0,1,70,26.0,9.369036745150106,4,0,2,0,2,2,0,-26.0,False
40,1769,0,1,71,30.0,9.577552462043132,5,0,2,0,3,2,0,-30.0,False
40,1770,0,1,71,34.0,9.784516926031925,4,0,2,0,2,2,0,-34.0,False
40,1771,0,1,72,38.0,9.818103243438017,5,0,2,0,2,2,1,-38.0,False
40,1772,0,1,72,43.0,10.125714053766124,5,0,2,0,2,3,0,-43.0,False
40,1773,0,1,73,50.0,10.187260814564947,8,0,2,0,4,4,0,-50.0,False
40,1774,0,1,73,57.0,10.41357916119725,7,0,2,0,3,4,0,-57.0,False
40,1775,0,1,72,64.0,10.445427373748469,7,0,2,0,3,4,0,-64.0,False
40,1776,0,1,72,71.0,10.322773921438902,8,0,2,0,3,4,1,-71.0,False
40,1777,0,1,74,79.0,9.46690487598781,13,0,2,2,5,6,0,-79.0,False
40,1778,0,1,73,88.0,9.618808251420338,9,0,2,0,5,4,0,-88.0,False
40,1779,0,1,71,98.0,9.585590902168573,10,0,2,0,6,4,0,-98.0,False
40,1780,0,1,70,108.0,9.72963338503897,10,0,2,0,6,4,0,-108.0,False
40,1781,0,1,71,118.0,9.381893538758629,12,0,2,0,7,4,1,-118.0,False
40,1782,0,1,71,128.0,9.423087595143134,10,0,2,0,6,4,0,-128.0,False
40,1783,0,1,70,139.0,9.285434874565277,11,0,2,0,7,4,0,-139.0,False
40,1784,0,1,70,152.0,9.29997104596648,13,0,2,0,8,5,0,-152.0,False
40,1785,0,1,69,165.0,8.800909063791226,14,0,2,0,9,5,0,-165.0,False
40,1786,0,1,70,179.0,8.466975692474538,15,0,2,0,8,6,1,-179.0,False
40,1787,0,1,69,193.0,8.191990339174243,14,0,2,0,8,6,0,-193.0,False
40,1788,0,1,69,208.0,8.012182847500299,15,0,2,0,9,6,0,-208.0,False
40,1789,0,1,71,225.0,7.119470206911878,22,0,2,2,12,8,0,-225.0,False
40,1790,0,1,71,243.0,7.152671297120462,18,0,2,0,12,6,0,-243.0,False
40,1791,0,1,71,262.0,7.059607523183622,20,0,2,0,13,6,1,-262.0,False
40,1792,0,1,69,283.0,6.751904917174945,21,0,2,0,15,6,0,-283.0,False
40,1793,0,1,70,306.0,6.545024343113096,24,0,2,0,18,6,0,-306.0,False
40,1794,0,1,69,329.0,6.507829655882085,23,0,2,0,17,6,0,-329.0,False
40,1795,0,1,68,355.0,6.356253412897719,26,0,2,0,20,6,0,-355.0,False
40,1796,0,1,68,381.0,6.1945363462999845,27,0,2,0,20,6,1,-381.0,False
40,1797,0,1,68,410.0,5.96906089628762,30,0,2,0,23,7,0,-410.0,False
40,1798,0,1,66,440.0,5.758520253512241,30,0,2,0,23,7,0,-440.0,False
41,1799,1,0,64,472.0,5.53815777854542,32,1,3,0,24,8,0,0.0,False
41,1800,1,0,64,505.0,5.5923110195126515,33,1,3,0,25,8,0,0.0,False
41,1801,1,0,66,539.0,4.855552255305411,39,1,3,2,27,10,0,0.0,False
41,1802,1,0,66,316.0,4.9587575995160575,27,2,0,0,22,4,1,-316.0,False
41,1803,1,0,65,206.0,5.371825576138796,19,2,0,0,19,0,0,-206.0,False
41,1804,1,0,64,146.0,5.908740620738242,15,2,0,0,15,0,0,-146.0,False
41,1805,1,0,64,95.0,6.307326295806628,13,2,0,0,12,0,1,-95.0,False
41,1806,1,0,62,57.0,6.733112336626218,9,2,0,0,8,0,1,-57.0,False
41,1807,1,0,63,30.0,7.464245904358312,6,2,0,0,4,0,2,-30.0,False
41,1808,1,0,62,13.0,8.08273546620619,3,2,0,0,2,0,1,-13.0,False
41,1809,1,0,63,7.0,8.550389178633967,4,2,0,1,1,0,2,-7.0,False
41,1810,1,0,62,11.0,9.066289604011235,4,2,0,2,0,0,2,-11.0,False
41,1811,1,0,61,15.0,9.395841394478072,4,2,0,2,0,0,2,-15.0,False
41,1812,1,0,62,19.0,9.658938958631463,5,2,0,2,0,0,3,-19.0,False
41,1813,1,0,67,24.0,9.310606385563204,10,2,0,4,1,2,3,-24.0,False
41,1814,1,0,67,29.0,9.721762031755548,5,2,0,2,0,0,3,-29.0,False
41,1815,1,0,67,34.0,10.05317118488939,5,2,0,2,0,0,3,-34.0,False
41,1816,1,0,67,39.0,10.31740405496955,5,2,0,2,0,0,3,-39.0,False
41,1817,1,0,69,44.0,10.183715281556905,7,2,0,2,1,0,4,-44.0,False
41,1818,1,0,69,49.0,10.343275919378906,5,2,0,2,0,0,3,-49.0,False
41,1819,1,0,69,55.0,10.416312155587816,6,2,0,2,0,0,4,-55.0,False
41,1820,1,0,67,61.0,10.397292896337195,6,2,0,2,0,0,4,-61.0,False
41,1821,1,0,66,67.0,10.265533707663492,7,2,0,2,1,0,4,-67.0,False
41,1822,1,0,66,73.0,10.049823915387382,7,2,0,2,0,0,5,-73.0,False
41,1823,1,0,63,80.0,9.924833296741548,7,2,0,2,0,0,5,-80.0,False
41,1824,1,0,63,88.0,9.972321786161519,8,2,0,3,0,0,5,-88.0,False
41,1825,1,0,68,96.0,9.279644071375998,13,2,0,5,1,2,5,-96.0,False
41,1826,1,0,68,105.0,9.341176788613058,9,2,0,4,0,0,5,-105.0,False
41,1827,1,0,67,114.0,9.300657958273396,10,2,0,4,0,0,6,-114.0,False
41,1828,1,0,66,123.0,9.220923047702456,9,2,0,4,0,0,5,-123.0,False
41,1829,1,0,66,132.0,8.939885664859377,10,2,0,4,1,0,5,-132.0,False
41,1830,1,0,66,142.0,8.802159208595524,10,2,0,4,0,0,6,-142.0,False
41,1831,1,0,66,153.0,8.600133621676475,11,2,0,4,0,0,7,-153.0,False
41,1832,1,0,66,164.0,8.25388707632185,12,2,0,4,0,0,8,-164.0,False
41,1833,1,0,66,177.0,7.993717165980537,14,2,0,4,1,0,9,-177.0,False
41,1834,1,0,64,194.0,7.76497830279391,17,2,0,6,0,0,11,-194.0,False
41,1835,1,0,62,213.0,7.496741951984097,19,2,0,6,0,0,13,-213.0,False
41,1836,1,0,60,232.0,7.252556420844313,19,2,0,6,0,0,13,-232.0,False
41,1837,1,0,64,252.0,6.356833117077553,25,2,0,8,1,2,14,-252.0,False
41,1838,1,0,65,273.0,6.223332123709571,22,2,0,6,0,0,16,-273.0,False
41,1839,1,0,64,295.0,6.0451237225090555,22,2,0,6,0,0,16,-295.0,False
41,1840,1,0,64,318.0,5.962577147648037,23,2,0,6,0,0,17,-318.0,False
41,1841,1,0,65,342.0,5.68297114642471,25,2,0,6,1,0,18,-342.0,False
41,1842,1,0,65,368.0,5.680956343958678,26,2,0,6,0,0,20,-368.0,False
41,1843,1,0,64,396.0,5.358197375425184,29,2,0,6,0,0,23,-396.0,False
42,1844,0,1,63,425.0,5.253486866464383,29,3,1,7,0,0,22,0.0,False
42,1845,0,1,63,456.0,4.994048512310335,32,3,1,7,1,0,24,0.0,False
42,1846,0,1,61,487.0,4.811592823752277,31,3,1,7,0,0,24,0.0,False
42,1847,0,1,60,280.0,4.928716877163304,25,0,2,4,0,0,21,-280.0,False
42,1848,0,1,59,174.0,4.914049443448345,20,0,2,0,0,0,20,-174.0,False
42,1849,0,1,64,125.0,4.989693201319766,22,0,2,2,2,2,16,-125.0,False
42,1850,0,1,64,89.0,5.583711844788358,14,0,2,0,1,0,13,-89.0,False
42,1851,0,1,63,67.0,6.274028519680021,11,0,2,0,1,0,10,-67.0,False
42,1852,0,1,63,54.0,7.168200706673871,9,0,2,0,2,0,7,-54.0,False
42,1853,0,1,65,44.0,7.654502074852389,9,0,2,0,3,0,6,-44.0,False
42,1854,0,1,65,34.0,8.301021532617096,7,0,2,0,3,0,4,-34.0,False
42,1855,0,1,65,30.0,8.69245005706735,6,0,2,0,3,0,3,-30.0,False
42,1856,0,1,65,29.0,9.069203431585985,5,0,2,0,3,0,2,-29.0,False
42,1857,0,1,66,19.0,9.209775530690802,4,0,2,0,4,0,0,-19.0,False
42,1858,0,1,66,24.0,9.400168031892019,6,0,2,0,4,1,1,-24.0,False
42,1859,0,1,65,30.0,9.6764597796831,6,0,2,0,4,2,0,-30.0,False
42,1860,0,1,65,36.0,9.969907784198984,6,0,2,0,4,2,0,-36.0,False
42,1861,0,1,70,43.0,9.362803343031517,12,0,2,2,6,4,0,-43.0,False
42,1862,0,1,70,50.0,9.593804963625246,7,0,2,0,5,2,0,-50.0,False
42,1863,0,1,71,57.0,9.7665129178656,8,0,2,0,5,2,1,-57.0,False
42,1864,0,1,71,65.0,9.928849002653294,8,0,2,0,6,2,0,-65.0,False
42,1865,0,1,71,73.0,9.885692922177466,9,0,2,0,7,2,0,-73.0,False
42,1866,0,1,70,82.0,9.974354156043182,9,0,2,0,7,2,0,-82.0,False
42,1867,0,1,70,91.0,9.99054424271349,9,0,2,0,7,2,0,-91.0,False
42,1868,0,1,68,101.0,9.796676008362954,11,0,2,0,7,3,1,-101.0,False
42,1869,0,1,68,111.0,9.639542764607091,11,0,2,0,8,3,0,-111.0,False
42,1870,0,1,67,122.0,9.643017109684017,11,0,2,0,7,4,0,-122.0,False
42,1871,0,1,65,133.0,9.538745059889143,11,0,2,0,7,4,0,-133.0,False
42,1872,0,1,65,145.0,9.47072336746486,12,0,2,0,8,4,0,-145.0,False
42,1873,0,1,68,157.0,8.517123993056257,17,0,2,2,9,6,0,-157.0,False
42,1874,0,1,68,170.0,8.342863837947275,14,0,2,0,9,4,1,-170.0,False
42,1875,0,1,68,185.0,8.38178405673732,15,0,2,0,11,4,0,-185.0,False
42,1876,0,1,67,200.0,8.202860368595648,15,0,2,0,11,4,0,-200.0,False
42,1877,0,1,67,215.0,7.835760020180214,16,0,2,0,12,4,0,-215.0,False
42,1878,0,1,67,232.0,7.536196348291646,17,0,2,0,13,4,0,-232.0,False
42,1879,0,1,67,250.0,7.118958233974793,19,0,2,0,14,4,1,-250.0,False
42,1880,0,1,66,271.0,6.784253941736693,21,0,2,0,17,4,0,-271.0,False
42,1881,0,1,67,294.0,6.538705701792059,24,0,2,0,19,5,0,-294.0,False
42,1882,0,1,66,320.0,6.505228840652025,26,0,2,0,20,6,0,-320.0,False
42,1883,0,1,65,348.0,6.415131859096028,28,0,2,0,22,6,0,-348.0,False
42,1884,0,1,65,376.0,6.264468440005147,29,0,2,0,22,6,1,-376.0,False
42,1885,0,1,69,405.0,5.6850023246774715,34,0,2,2,24,8,0,-405.0,False
42,1886,0,1,67,435.0,5.595071501750254,30,0,2,0,24,6,0,-435.0,False
42,1887,0,1,66,465.0,5.537143227046343,30,0,2,0,24,6,0,-465.0,False
42,1888,0,1,64,495.0,5.462829369798682,30,0,2,0,24,6,0,-495.0,False
43,1889,1,0,66,526.0,5.309194008685073,33,1,3,0,26,6,1,0.0,False
43,1890,1,0,64,558.0,5.066263050629143,32,1,3,0,26,6,0,0.0,False
43,1891,1,0,63,590.0,4.890559497500573,32,1,3,0,26,6,0,0.0,False
43,1892,1,0,62,386.0,4.846799744268259,25,2,0,1,22,2,0,-386.0,False
43,1893,1,0,62,275.0,4.950072896302119,22,2,0,2,20,0,0,-275.0,False
43,1894,1,0,60,200.0,5.00761120940488,19,2,0,2,16,0,1,-200.0,False
43,1895,1,0,59,135.0,5.61160651159769,15,2,0,2,13,0,0,-135.0,False
43,1896,1,0,58,86.0,6.20738288449171,12,2,0,2,10,0,0,-86.0,False
43,1897,1,0,63,48.0,6.542964983171912,14,2,0,4,7,2,1,-48.0,False
43,1898,1,0,63,22.0,7.2807046591066795,5,2,0,2,2,0,1,-22.0,False
43,1899,1,0,64,23.0,7.814491242310223,5,2,0,2,1,0,2,-23.0,False
43,1900,1,0,64,21.0,8.611239420167822,3,2,0,2,0,0,1,-21.0,False
43,1901,1,0,65,25.0,9.074693437150298,5,2,0,2,1,0,2,-25.0,False
43,1902,1,0,65,29.0,9.71909287407755,4,2,0,2,0,0,2,-29.0,False
43,1903,1,0,65,33.0,10.107624774999257,4,2,0,2,0,0,2,-33.0,False
43,1904,1,0,66,37.0,10.177253914253086,5,2,0,2,0,0,3,-37.0,False
43,1905,1,0,67,41.0,10.217318827523322,5,2,0,2,1,0,2,-41.0,False
43,1906,1,0,67,46.0,10.518856221998478,5,2,0,2,0,0,3,-46.0,False
43,1907,1,0,67,53.0,10.710158060408084,7,2,0,4,0,0,3,-53.0,False
43,1908,1,0,67,60.0,10.840734063660918,7,2,0,4,0,0,3,-60.0,False
43,1909,1,0,72,67.0,10.046202577162106,12,2,0,6,1,2,3,-67.0,False
43,1910,1,0,71,74.0,9.947035973169072,8,2,0,4,0,0,4,-74.0,False
43,1911,1,0,70,81.0,9.9941983239646,7,2,0,4,0,0,3,-81.0,False
43,1912,1,0,68,89.0,10.071372490276616,8,2,0,4,0,0,4,-89.0,False
43,1913,1,0,68,97.0,9.959520794719309,9,2,0,4,1,0,4,-97.0,False
43,1914,1,0,67,105.0,9.981998868296413,8,2,0,4,0,0,4,-105.0,False
43,1915,1,0,67,113.0,9.930721997021404,9,2,0,4,0,0,5,-113.0,False
43,1916,1,0,67,123.0,9.817933043855145,10,2,0,5,0,0,5,-123.0,False
43,1917,1,0,68,133.0,9.699628190338961,11,2,0,5,1,0,5,-133.0,False
43,1918,1,0,66,144.0,9.405642149256723,11,2,0,6,0,0,5,-144.0,False
43,1919,1,0,65,155.0,9.165451714387327,11,2,0,6,0,0,5,-155.0,False
43,1920,1,0,65,168.0,8.922947043159546,14,2,0,6,0,0,8,-168.0,False
43,1921,1,0,69,181.0,8.163419696272785,18,2,0,8,1,2,7,-181.0,False
43,1922,1,0,66,195.0,8.04952432451869,14,2,0,6,0,0,8,-195.0,False
43,1923,1,0,66,210.0,8.073823446094455,15,2,0,6,0,0,9,-210.0,False
43,1924,1,0,66,227.0,8.022718380979187,17,2,0,6,0,0,11,-227.0,False
43,1925,1,0,67,244.0,7.593253428941686,19,2,0,6,1,0,12,-244.0,False
43,1926,1,0,67,262.0,7.580407586756224,18,2,0,6,0,0,12,-262.0,False
43,1927,1,0,66,280.0,7.230423904879002,18,2,0,6,0,0,12,-280.0,False
43,1928,1,0,65,298.0,7.055261839339173,18,2,0,6,0,0,12,-298.0,False
43,1929,1,0,64,319.0,6.54392464695099,22,2,0,7,1,0,14,-319.0,False
43,1930,1,0,65,342.0,6.259253314333731,24,2,0,8,0,0,16,-342.0,False
43,1931,1,0,62,366.0,5.840496846127118,24,2,0,8,0,0,16,-366.0,False
43,1932,1,0,61,391.0,5.428413782974684,25,2,0,8,0,0,17,-391.0,False
43,1933,1,0,64,417.0,4.6274580424818295,31,2,0,10,1,2,18,-417.0,False
44,1934,0,1,63,446.0,4.565188756798532,29,3,1,8,0,0,21,0.0,False
44,1935,0,1,63,475.0,4.396497844965253,30,3,1,8,0,0,22,0.0,False
44,1936,0,1,62,506.0,4.268724600373628,31,3,1,8,0,0,23,0.0,False
44,1937,0,1,63,273.0,4.294036730751896,27,0,2,4,1,0,22,-273.0,False
44,1938,0,1,63,147.0,4.576589534138937,20,0,2,0,0,0,20,-147.0,False
44,1939,0,1,63,102.0,4.959195432793557,18,0,2,0,1,0,17,-102.0,False
44,1940,0,1,64,77.0,5.465964125781495,18,0,2,0,2,1,15,-77.0,False
44,1941,0,1,65,66.0,6.168654228401401,15,0,2,0,3,2,10,-66.0,False
44,1942,0,1,63,61.0,6.8540756761641815,13,0,2,0,2,2,9,-61.0,False
44,1943,0,1,63,57.0,7.588009483826423,11,0,2,0,2,2,7,-57.0,False
44,1944,0,1,63,51.0,8.344237506562942,9,0,2,0,2,2,5,-51.0,False
44,1945,0,1,68,52.0,8.316938987163349,13,0,2,2,3,4,4,-52.0,False
44,1946,0,1,69,42.0,8.648199540330328,7,0,2,0,2,2,3,-42.0,False
44,1947,0,1,69,34.0,9.049190817515022,6,0,2,0,3,2,1,-34.0,False
44,1948,0,1,69,40.0,9.509989310445185,6,0,2,0,3,2,1,-40.0,False
44,1949,0,1,70,43.0,9.654271795718236,6,0,2,0,4,2,0,-43.0,False
44,1950,0,1,70,48.0,9.7981209937129,5,0,2,0,3,2,0,-48.0,False
44,1951,0,1,71,53.0,9.899861873783552,6,0,2,0,3,2,1,-53.0,False
44,1952,0,1,71,60.0,10.071361737106876,7,0,2,0,5,2,0,-60.0,False
44,1953,0,1,72,68.0,10.100782236279013,9,0,2,0,6,3,0,-68.0,False
44,1954,0,1,72,77.0,10.32738561810088,9,0,2,0,5,4,0,-77.0,False
44,1955,0,1,70,86.0,10.212281117525027,9,0,2,0,5,4,0,-86.0,False
44,1956,0,1,70,96.0,10.016491096002634,11,0,2,0,6,4,1,-96.0,False
44,1957,0,1,71,106.0,9.18415631633235,15,0,2,2,7,6,0,-106.0,False
44,1958,0,1,70,116.0,9.31889332936999,10,0,2,0,6,4,0,-116.0,False
44,1959,0,1,69,126.0,9.492429216804938,10,0,2,0,6,4,0,-126.0,False
44,1960,0,1,68,137.0,9.514646205143025,11,0,2,0,7,4,0,-137.0,False
44,1961,0,1,70,148.0,9.128591425663283,13,0,2,0,8,4,1,-148.0,False
44,1962,0,1,70,159.0,9.098499025364063,11,0,2,0,7,4,0,-159.0,False
44,1963,0,1,68,171.0,8.805106264139752,12,0,2,0,8,4,0,-171.0,False
44,1964,0,1,68,183.0,8.666625956531348,12,0,2,0,8,4,0,-183.0,False
44,1965,0,1,68,198.0,8.300773277946742,16,0,2,0,10,6,0,-198.0,False
44,1966,0,1,67,214.0,7.92320215143928,17,0,2,0,10,6,1,-214.0,False
44,1967,0,1,65,230.0,7.614588745364679,16,0,2,0,10,6,0,-230.0,False
44,1968,0,1,65,248.0,7.588890784301733,18,0,2,0,12,6,0,-248.0,False
44,1969,0,1,69,266.0,6.7729377119738485,23,0,2,2,13,8,0,-266.0,False
44,1970,0,1,69,287.0,6.7155260479510535,21,0,2,0,15,6,0,-287.0,False
44,1971,0,1,69,308.0,6.443886236095032,23,0,2,0,16,6,1,-308.0,False
44,1972,0,1,69,332.0,6.381286940451157,24,0,2,0,18,6,0,-332.0,False
44,1973,0,1,69,357.0,6.138289382986053,26,0,2,0,20,6,0,-357.0,False
44,1974,0,1,69,383.0,6.235617445634605,26,0,2,0,20,6,0,-383.0,False
44,1975,0,1,68,412.0,6.166731153950842,29,0,2,0,23,6,0,-412.0,False
44,1976,0,1,68,441.0,6.036443440769895,30,0,2,0,23,6,1,-441.0,False
44,1977,0,1,68,471.0,5.810380384333809,31,0,2,0,24,7,0,-471.0,False
44,1978,0,1,65,502.0,5.4077578849681265,31,0,2,0,23,8,0,-502.0,False
45,1979,1,0,65,533.0,5.376335671200608,31,1,3,0,23,8,0,0.0,False
45,1980,1,0,63,567.0,5.114534616579043,34,1,3,0,26,8,0,0.0,False
45,1981,1,0,68,601.0,4.773857041011828,39,1,3,2,27,10,0,0.0,False
45,1982,1,0,67,369.0,4.878307301644565,27,2,0,0,22,4,1,-369.0,False
45,1983,1,0,67,245.0,5.435154154770687,20,2,0,0,19,0,1,-245.0,False
45,1984,1,0,65,173.0,5.861209735275604,16,2,0,0,15,0,1,-173.0,False
45,1985,1,0,64,112.0,6.276897229401228,13,2,0,0,12,0,1,-112.0,False
45,1986,1,0,63,66.0,6.8871116062501665,9,2,0,0,8,0,1,-66.0,False
45,1987,1,0,63,29.0,7.553758234393145,7,2,0,0,5,0,2,-29.0,False
45,1988,1,0,62,9.0,8.32446361720164,2,2,0,0,1,0,1,-9.0,False
45,1989,1,0,63,7.0,8.997520495400298,2,2,0,0,1,0,1,-7.0,False
45,1990,1,0,63,9.0,9.621165512777084,2,2,0,1,0,0,1,-9.0,False
45,1991,1,0,62,11.0,10.033550040758156,2,2,0,1,0,0,1,-11.0,False
45,1992,1,0,63,14.0,10.357787004938869,4,2,0,2,0,0,2,-14.0,False
45,1993,1,0,68,18.0,9.878240424457575,9,2,0,4,1,2,2,-18.0,False
45,1994,1,0,67,23.0,10.26496663484485,5,2,0,2,0,0,3,-23.0,False
45,1995,1,0,67,28.0,10.646343129266091,5,2,0,2,0,0,3,-28.0,False
45,1996,1,0,67,33.0,10.879831391184807,5,2,0,2,0,0,3,-33.0,False
45,1997,1,0,69,38.0,10.64794730351859,7,2,0,2,1,0,4,-38.0,False
45,1998,1,0,69,43.0,10.761712174447558,5,2,0,2,0,0,3,-43.0,False
45,1999,1,0,69,48.0,10.822219087827659,5,2,0,2,0,0,3,-48.0,False
45,2000,1,0,67,54.0,10.726198663957463,6,2,0,2,0,0,4,-54.0,False
45,2001,1,0,66,62.0,10.432562153999966,9,2,0,4,1,0,4,-62.0,False
45,2002,1,0,63,71.0,10.250464894408138,10,2,0,4,0,0,6,-71.0,False
45,2003,1,0,63,80.0,10.329484806170733,9,2,0,4,0,0,5,-80.0,False
45,2004,1,0,62,89.0,10.40794003741376,9,2,0,4,0,0,5,-89.0,False
45,2005,1,0,66,98.0,9.690516383742057,14,2,0,6,1,2,5,-98.0,False
45,2006,1,0,66,107.0,9.900673800523009,9,2,0,4,0,0,5,-107.0,False
45,2007,1,0,67,116.0,9.786714040453052,10,2,0,4,0,0,6,-116.0,False
45,2008,1,0,65,125.0,9.721629963493134,9,2,0,4,0,0,5,-125.0,False
45,2009,1,0,66,134.0,9.351948098104137,10,2,0,4,1,0,5,-134.0,False
45,2010,1,0,64,143.0,9.065428891815902,9,2,0,4,0,0,5,-143.0,False
45,2011,1,0,64,153.0,8.879015934968958,10,2,0,4,0,0,6,-153.0,False
45,2012,1,0,63,167.0,8.351051034664843,15,2,0,5,0,0,10,-167.0,False
45,2013,1,0,63,182.0,7.898136685738039,16,2,0,6,1,0,9,-182.0,False
45,2014,1,0,61,199.0,7.481048136873449,17,2,0,6,0,0,11,-199.0,False
45,2015,1,0,60,216.0,7.398301009887533,17,2,0,6,0,0,11,-216.0,False
45,2016,1,0,59,234.0,6.997167323889265,18,2,0,6,0,0,12,-234.0,False
45,2017,1,0,63,254.0,6.127502216730686,25,2,0,8,1,2,14,-254.0,False
45,2018,1,0,64,274.0,5.959553635567,21,2,0,6,0,0,15,-274.0,False
45,2019,1,0,63,296.0,5.81939401736623,22,2,0,6,0,0,16,-296.0,False
45,2020,1,0,63,320.0,5.681379545566372,24,2,0,6,0,0,18,-320.0,False
45,2021,1,0,63,345.0,5.377953646088013,26,2,0,6,1,0,19,-345.0,False
45,2022,1,0,61,373.0,5.20796789455475,28,2,0,6,0,0,22,-373.0,False
45,2023,1,0,62,402.0,5.153202273374026,30,2,0,6,0,0,24,-402.0,False
46,2024,0,1,61,432.0,4.991944546233133,30,3,1,6,0,0,24,0.0,False
46,2025,0,1,62,463.0,4.820373013095253,32,3,1,6,1,0,25,0.0,False
46,2026,0,1,59,498.0,4.386294333764136,35,3,1,8,0,0,27,0.0,False
46,2027,0,1,58,293.0,4.328432865727485,28,0,2,4,0,0,24,-293.0,False
46,2028,0,1,59,189.0,4.728159057235924,22,0,2,0,0,0,22,-189.0,False
46,2029,0,1,64,138.0,5.000796645904322,23,0,2,2,2,2,17,-138.0,False
46,2030,0,1,64,100.0,5.656046027110547,14,0,2,0,1,0,13,-100.0,False
46,2031,0,1,64,78.0,6.443443788787973,11,0,2,0,1,0,10,-78.0,False
46,2032,0,1,64,65.0,7.2850147250760875,9,0,2,0,1,0,8,-65.0,False
46,2033,0,1,66,52.0,7.918550853587271,9,0,2,0,2,0,7,-52.0,False
46,2034,0,1,66,38.0,8.369041341214482,6,0,2,0,2,0,4,-38.0,False
46,2035,0,1,66,24.0,8.878642881815756,4,0,2,0,2,0,2,-24.0,False
46,2036,0,1,66,29.0,9.341226539104548,5,0,2,0,2,0,3,-29.0,False
46,2037,0,1,67,16.0,9.488289823592646,5,0,2,0,3,1,1,-16.0,False
46,2038,0,1,67,18.0,9.54545138215202,5,0,2,0,2,2,1,-18.0,False
46,2039,0,1,67,23.0,9.991871162819798,5,0,2,0,3,2,0,-23.0,False
46,2040,0,1,67,29.0,10.278989251035505,6,0,2,0,4,2,0,-29.0,False
46,2041,0,1,72,35.0,9.71581254795418,11,0,2,2,5,4,0,-35.0,False
46,2042,0,1,71,41.0,9.850941056069354,6,0,2,0,4,2,0,-41.0,False
46,2043,0,1,72,47.0,10.020186692328659,7,0,2,0,4,2,1,-47.0,False
46,2044,0,1,72,54.0,10.309756892447036,7,0,2,0,5,2,0,-54.0,False
46,2045,0,1,73,61.0,10.460863362900596,8,0,2,0,6,2,0,-61.0,False
46,2046,0,1,69,68.0,10.332040077443406,7,0,2,0,5,2,0,-68.0,False
46,2047,0,1,69,76.0,10.3246648537932,8,0,2,0,6,2,0,-76.0,False
46,2048,0,1,67,85.0,10.107364199381248,10,0,2,0,6,3,1,-85.0,False
46,2049,0,1,67,94.0,9.834545575764539,10,0,2,0,7,3,0,-94.0,False
46,2050,0,1,66,104.0,9.856765798625313,10,0,2,0,6,4,0,-104.0,False
46,2051,0,1,66,115.0,9.774278130986623,11,0,2,0,7,4,0,-115.0,False
46,2052,0,1,66,126.0,9.78103476780155,11,0,2,0,7,4,0,-126.0,False
46,2053,0,1,69,137.0,8.916341042463683,16,0,2,2,8,6,0,-137.0,False
46,2054,0,1,70,148.0,8.893075506137562,12,0,2,0,7,4,1,-148.0,False
46,2055,0,1,69,161.0,8.919046920731933,13,0,2,0,9,4,0,-161.0,False
46,2056,0,1,68,174.0,8.83325275745578,13,0,2,0,9,4,0,-174.0,False
46,2057,0,1,68,188.0,8.423863139548795,15,0,2,0,11,4,0,-188.0,False
46,2058,0,1,67,202.0,8.189680297011327,14,0,2,0,10,4,0,-202.0,False
46,2059,0,1,67,218.0,7.694131776394144,17,0,2,0,12,4,1,-218.0,False
46,2060,0,1,65,236.0,7.357811616078158,18,0,2,0,14,4,0,-236.0,False
46,2061,0,1,65,256.0,6.930019544137486,21,0,2,0,16,5,0,-256.0,False
46,2062,0,1,64,278.0,6.662613639590855,22,0,2,0,17,5,0,-278.0,False
46,2063,0,1,62,302.0,6.384835251701803,24,0,2,0,18,6,0,-302.0,False
46,2064,0,1,62,328.0,6.0775738987538235,27,0,2,0,20,6,1,-328.0,False
46,2065,0,1,67,355.0,5.6627455811586715,32,0,2,2,22,8,0,-355.0,False
46,2066,0,1,66,383.0,5.758848211626026,28,0,2,0,22,6,0,-383.0,False
46,2067,0,1,65,412.0,5.809938774873999,29,0,2,0,23,6,0,-412.0,False
46,2068,0,1,63,442.0,5.74841490470266,30,0,2,0,24,6,0,-442.0,False
47,2069,1,0,64,472.0,5.534939448611288,32,1,3,0,25,6,1,0.0,False
47,2070,1,0,63,502.0,5.4100536293890595,30,1,3,0,24,6,0,0.0,False
47,2071,1,0,62,533.0,5.222691519700548,31,1,3,0,25,6,0,0.0,False
47,2072,1,0,61,331.0,5.000009441161933,24,2,0,0,22,2,0,-331.0,False
47,2073,1,0,61,231.0,5.011656785526007,19,2,0,0,19,0,0,-231.0,False
47,2074,1,0,61,164.0,5.299499795792716,18,2,0,2,15,0,1,-164.0,False
47,2075,1,0,58,108.0,5.5946530978399736,14,2,0,2,12,0,0,-108.0,False
47,2076,1,0,57,66.0,6.264536980876614,10,2,0,2,8,0,0,-66.0,False
47,2077,1,0,62,33.0,6.464766188465721,12,2,0,4,5,2,1,-33.0,False
47,2078,1,0,62,16.0,7.22664072889246,4,2,0,2,1,0,1,-16.0,False
47,2079,1,0,63,15.0,7.961715663473131,4,2,0,2,0,0,2,-15.0,False
47,2080,1,0,63,18.0,8.730850625137782,3,2,0,2,0,0,1,-18.0,False
47,2081,1,0,64,21.0,9.185137856207206,4,2,0,2,1,0,1,-21.0,False
47,2082,1,0,64,24.0,9.84497016942618,3,2,0,2,0,0,1,-24.0,False
47,2083,1,0,64,28.0,10.152170053889554,4,2,0,2,0,0,2,-28.0,False
47,2084,1,0,65,32.0,10.267715666205127,5,2,0,2,0,0,3,-32.0,False
47,2085,1,0,66,36.0,10.422995020844569,5,2,0,2,1,0,2,-36.0,False
47,2086,1,0,66,42.0,10.664758351470608,6,2,0,3,0,0,3,-42.0,False
47,2087,1,0,66,49.0,10.784928435283692,7,2,0,4,0,0,3,-49.0,False
47,2088,1,0,66,56.0,10.856832815851744,7,2,0,4,0,0,3,-56.0,False
47,2089,1,0,71,63.0,10.064016687472463,12,2,0,6,1,2,3,-63.0,False
47,2090,1,0,72,70.0,10.000768953461883,8,2,0,4,0,0,4,-70.0,False
47,2091,1,0,69,77.0,10.143693746830827,7,2,0,4,0,0,3,-77.0,False
47,2092,1,0,68,85.0,10.42875410263499,8,2,0,4,0,0,4,-85.0,False
47,2093,1,0,67,93.0,10.20466512997968,9,2,0,4,1,0,4,-93.0,False
47,2094,1,0,67,101.0,10.22280898783289,8,2,0,4,0,0,4,-101.0,False
47,2095,1,0,68,109.0,10.063182655173605,9,2,0,4,0,0,5,-109.0,False
47,2096,1,0,67,118.0,10.17500917790273,9,2,0,5,0,0,4,-118.0,False
47,2097,1,0,67,127.0,9.956230317528867,10,2,0,5,1,0,4,-127.0,False
47,2098,1,0,66,138.0,9.725442217560865,11,2,0,6,0,0,5,-138.0,False
47,2099,1,0,65,150.0,9.532489201062015,12,2,0,6,0,0,6,-150.0,False
47,2100,1,0,65,163.0,9.11544815960675,14,2,0,6,0,0,8,-163.0,False
47,2101,1,0,70,176.0,8.189715985159044,18,2,0,8,1,2,7,-176.0,False
47,2102,1,0,68,189.0,7.810416012111387,13,2,0,6,0,0,7,-189.0,False
47,2103,1,0,67,204.0,7.809045669115518,15,2,0,6,0,0,9,-204.0,False
47,2104,1,0,65,220.0,7.643073359773633,16,2,0,6,0,0,10,-220.0,False
47,2105,1,0,66,239.0,7.299109031608817,21,2,0,6,1,0,14,-239.0,False
47,2106,1,0,65,258.0,7.216703142070873,19,2,0,6,0,0,13,-258.0,False
47,2107,1,0,64,278.0,6.858655080783863,20,2,0,6,0,0,14,-278.0,False
47,2108,1,0,63,300.0,6.549242218772975,22,2,0,6,0,0,16,-300.0,False
47,2109,1,0,62,324.0,6.0216821424720886,25,2,0,7,1,0,17,-324.0,False
47,2110,1,0,60,349.0,5.58911665180626,26,2,0,7,0,0,19,-349.0,False
47,2111,1,0,59,377.0,5.587168679497854,28,2,0,7,0,0,21,-377.0,False
47,2112,1,0,58,406.0,5.52288646903326,30,2,0,8,0,0,22,-406.0,False
47,2113,1,0,63,436.0,4.947414796577428,36,2,0,10,1,2,23,-436.0,False
48,2114,0,1,62,468.0,4.914111141025419,32,3,1,8,0,0,24,0.0,False
48,2115,0,1,62,501.0,4.855329919409005,34,3,1,8,0,0,26,0.0,False
48,2116,0,1,61,534.0,4.711543928839393,33,3,1,8,0,0,25,0.0,False
48,2117,0,1,62,304.0,4.797778728991109,27,0,2,4,1,0,22,-304.0,False
48,2118,0,1,62,178.0,4.967253902466742,18,0,2,0,0,0,18,-178.0,False
48,2119,0,1,62,130.0,5.293733784275478,15,0,2,0,0,0,15,-130.0,False
48,2120,0,1,63,93.0,5.830102076159979,15,0,2,0,1,1,13,-93.0,False
48,2121,0,1,64,73.0,6.526438870966364,13,0,2,0,2,2,9,-73.0,False
48,2122,0,1,63,60.0,7.218741875706052,10,0,2,0,1,2,7,-60.0,False
48,2123,0,1,63,48.0,7.877325963933513,9,0,2,0,1,2,6,-48.0,False
48,2124,0,1,63,45.0,8.428444540013967,8,0,2,0,1,2,5,-45.0,False
48,2125,0,1,67,32.0,8.129953643755643,11,0,2,2,2,4,3,-32.0,False
48,2126,0,1,68,25.0,8.511477443842432,6,0,2,0,1,2,3,-25.0,False
48,2127,0,1,68,24.0,8.992627142605988,4,0,2,0,2,2,0,-24.0,False
48,2128,0,1,68,29.0,9.452175490646226,5,0,2,0,3,2,0,-29.0,False
48,2129,0,1,69,34.0,9.716112520365023,6,0,2,0,4,2,0,-34.0,False
48,2130,0,1,69,39.0,9.933294422281806,5,0,2,0,3,2,0,-39.0,False
48,2131,0,1,70,44.0,9.987909776972996,6,0,2,0,3,2,1,-44.0,False
48,2132,0,1,70,49.0,10.140554810884586,5,0,2,0,3,2,0,-49.0,False
48,2133,0,1,71,56.0,10.237137707230676,8,0,2,0,5,3,0,-56.0,False
48,2134,0,1,71,63.0,10.420744669061053,7,0,2,0,4,3,0,-63.0,False
48,2135,0,1,70,71.0,10.441509802897933,8,0,2,0,5,3,0,-71.0,False
48,2136,0,1,69,80.0,10.310240333107204,10,0,2,0,5,4,1,-80.0,False
48,2137,0,1,72,89.0,9.606158897905425,14,0,2,2,6,6,0,-89.0,False
48,2138,0,1,71,98.0,9.723493668164707,9,0,2,0,5,4,0,-98.0,False
48,2139,0,1,68,107.0,9.758965905813673,9,0,2,0,5,4,0,-107.0,False
48,2140,0,1,68,116.0,9.92944734771982,9,0,2,0,5,4,0,-116.0,False
48,2141,0,1,69,126.0,9.547067404310544,12,0,2,0,7,4,1,-126.0,False
48,2142,0,1,69,136.0,9.558765631765546,10,0,2,0,6,4,0,-136.0,False
48,2143,0,1,68,147.0,9.439956248751539,11,0,2,0,7,4,0,-147.0,False
48,2144,0,1,68,159.0,9.205883727545181,12,0,2,0,7,5,0,-159.0,False
48,2145,0,1,68,172.0,8.744033177467832,14,0,2,0,8,6,0,-172.0,False
48,2146,0,1,67,186.0,8.335441561563702,15,0,2,0,8,6,1,-186.0,False
48,2147,0,1,66,201.0,8.211831156901566,15,0,2,0,9,6,0,-201.0,False
48,2148,0,1,65,218.0,8.133074258779725,17,0,2,0,11,6,0,-218.0,False
48,2149,0,1,68,236.0,7.221253102873964,23,0,2,2,13,8,0,-236.0,False
48,2150,0,1,68,255.0,6.952938947327443,19,0,2,0,13,6,0,-255.0,False
48,2151,0,1,67,275.0,6.5934272567501,21,0,2,0,14,6,1,-275.0,False
48,2152,0,1,66,297.0,6.470279827841354,22,0,2,0,16,6,0,-297.0,False
48,2153,0,1,67,320.0,6.4300998052242155,24,0,2,0,18,6,0,-320.0,False
48,2154,0,1,66,345.0,6.41818177794738,25,0,2,0,19,6,0,-345.0,False
48,2155,0,1,64,372.0,6.347956187387138,27,0,2,0,21,6,0,-372.0,False
48,2156,0,1,64,399.0,6.288996174827803,28,0,2,0,21,6,1,-399.0,False
48,2157,0,1,64,427.0,6.086369274477152,29,0,2,0,22,7,0,-427.0,False
48,2158,0,1,62,456.0,5.828028711108804,29,0,2,0,21,8,0,-456.0,False
49,2159,1,0,61,486.0,5.56592197615924,30,1,3,0,22,8,0,0.0,False
49,2160,1,0,60,516.0,5.334437364786907,30,1,3,0,22,8,0,0.0,False
49,2161,1,0,63,547.0,4.737712447657533,36,1,3,2,24,10,0,0.0,False
49,2162,1,0,63,326.0,4.97266601509959,26,2,0,0,21,4,1,-326.0,False
49,2163,1,0,62,201.0,5.345720001165515,17,2,0,0,17,0,0,-201.0,False
49,2164,1,0,61,135.0,5.7951391724286,13,2,0,0,13,0,0,-135.0,False
49,2165,1,0,61,81.0,6.098832032960219,10,2,0,0,10,0,0,-81.0,False
49,2166,1,0,60,37.0,6.6390900183484645,6,2,0,0,5,0,1,-37.0,False
49,2167,1,0,61,16.0,7.344763673164837,5,2,0,0,3,0,2,-16.0,False
49,2168,1,0,61,5.0,8.204294296963555,2,2,0,0,1,0,1,-5.0,False
49,2169,1,0,62,5.0,8.717507385017825,3,2,0,0,1,0,2,-5.0,False
49,2170,1,0,60,9.0,9.254880228007655,4,2,0,2,0,0,2,-9.0,False
49,2171,1,0,60,13.0,9.877736172324791,4,2,0,2,0,0,2,-13.0,False
49,2172,1,0,61,17.0,10.267250323263118,5,2,0,2,0,0,3,-17.0,False
49,2173,1,0,66,21.0,9.80039654365914,9,2,0,4,1,2,2,-21.0,False
49,2174,1,0,66,25.0,10.288224817829853,4,2,0,2,0,0,2,-25.0,False
49,2175,1,0,66,29.0,10.554892951220058,4,2,0,2,0,0,2,-29.0,False
49,2176,1,0,66,34.0,10.78835588471074,5,2,0,2,0,0,3,-34.0,False
49,2177,1,0,68,39.0,10.657663395028656,7,2,0,2,1,0,4,-39.0,False
49,2178,1,0,68,44.0,10.773671659580966,5,2,0,2,0,0,3,-44.0,False
49,2179,1,0,68,49.0,10.70790725365597,5,2,0,2,0,0,3,-49.0,False
49,2180,1,0,67,54.0,10.60017162838457,5,2,0,2,0,0,3,-54.0,False
49,2181,1,0,66,60.0,10.32833705634003,7,2,0,3,1,0,3,-60.0,False
49,2182,1,0,64,67.0,10.096814604021619,8,2,0,4,0,0,4,-67.0,False
49,2183,1,0,63,76.0,10.225237984043101,9,2,0,4,0,0,5,-76.0,False
49,2184,1,0,61,85.0,10.212505440631874,9,2,0,4,0,0,5,-85.0,False
49,2185,1,0,66,94.0,9.40262460119904,14,2,0,6,1,2,5,-94.0,False
49,2186,1,0,65,103.0,9.534560209521256,9,2,0,4,0,0,5,-103.0,False
49,2187,1,0,66,112.0,9.542433294436995,10,2,0,4,0,0,6,-112.0,False
49,2188,1,0,66,121.0,9.593709663550168,9,2,0,4,0,0,5,-121.0,False
49,2189,1,0,66,131.0,9.165180096064695,11,2,0,4,1,0,6,-131.0,False
49,2190,1,0,64,142.0,8.85346939979488,11,2,0,4,0,0,7,-142.0,False
49,2191,1,0,63,153.0,8.538704979180723,11,2,0,4,0,0,7,-153.0,False
49,2192,1,0,64,166.0,8.187760325104087,14,2,0,5,0,0,9,-166.0,False
49,2193,1,0,64,181.0,7.776123693171377,16,2,0,6,1,0,9,-181.0,False
49,2194,1,0,64,197.0,7.623885554238308,16,2,0,6,0,0,10,-197.0,False
49,2195,1,0,61,216.0,7.330664355453657,19,2,0,6,0,0,13,-216.0,False
49,2196,1,0,60,237.0,7.106266274202456,21,2,0,6,0,0,15,-237.0,False
49,2197,1,0,64,258.0,6.285529195560819,26,2,0,8,1,2,15,-258.0,False
49,2198,1,0,63,280.0,6.108661524913632,23,2,0,6,0,0,17,-280.0,False
49,2199,1,0,63,303.0,6.2653300962692295,23,2,0,6,0,0,17,-303.0,False
49,2200,1,0,61,327.0,6.059915044199911,24,2,0,6,0,0,18,-327.0,False
49,2201,1,0,61,353.0,5.825889497284983,27,2,0,6,1,0,20,-353.0,False
49,2202,1,0,61,380.0,5.701379872348286,27,2,0,6,0,0,21,-380.0,False
49,2203,1,0,60,408.0,5.507811926327,29,2,0,6,0,0,23,-408.0,False
50,2204,0,1,60,436.0,5.324457058936927,28,3,1,6,0,0,22,0.0,False
50,2205,0,1,60,464.0,4.9703342127034125,29,3,1,6,1,0,22,0.0,False
50,2206,0,1,59,496.0,4.704425661015359,32,3,1,7,0,0,25,0.0,False
50,2207,0,1,57,284.0,4.643875973098705,24,0,2,3,0,0,21,-284.0,False
50,2208,0,1,58,185.0,4.920708892835257,21,0,2,0,0,0,21,-185.0,False
50,2209,0,1,63,128.0,5.044716388954269,22,0,2,2,2,2,16,-128.0,False
50,2210,0,1,63,88.0,5.752733100816547,13,0,2,0,1,0,12,-88.0,False
50,2211,0,1,63,64.0,6.394973423390346,9,0,2,0,1,0,8,-64.0,False
50,2212,0,1,63,50.0,7.184962330813542,8,0,2,0,1,0,7,-50.0,False
50,2213,0,1,65,39.0,7.733271889580453,9,0,2,0,3,0,6,-39.0,False
50,2214,0,1,65,28.0,8.408929993762229,6,0,2,0,2,0,4,-28.0,False
50,2215,0,1,65,20.0,8.782531606039312,4,0,2,0,2,0,2,-20.0,False
50,2216,0,1,65,14.0,9.282685655434623,4,0,2,0,3,1,0,-14.0,False
50,2217,0,1,66,19.0,9.412952331636285,6,0,2,0,4,2,0,-19.0,False
50,2218,0,1,66,24.0,9.630509088443402,6,0,2,0,3,2,1,-24.0,False
50,2219,0,1,66,29.0,9.93238937042784,5,0,2,0,3,2,0,-29.0,False
50,2220,0,1,66,34.0,10.245714415418782,5,0,2,0,3,2,0,-34.0,False
50,2221,0,1,71,40.0,9.665702852788504,11,0,2,2,5,4,0,-40.0,False
50,2222,0,1,70,46.0,9.951102899695961,6,0,2,0,4,2,0,-46.0,False
50,2223,0,1,71,52.0,10.075786270176298,7,0,2,0,4,2,1,-52.0,False
50,2224,0,1,71,59.0,10.284639653008272,7,0,2,0,5,2,0,-59.0,False
50,2225,0,1,71,66.0,10.184296531375498,8,0,2,0,6,2,0,-66.0,False
50,2226,0,1,68,73.0,10.202451890625136,7,0,2,0,5,2,0,-73.0,False
50,2227,0,1,68,80.0,10.189152392492465,7,0,2,0,5,2,0,-80.0,False
50,2228,0,1,67,87.0,9.835062611822375,8,0,2,0,5,2,1,-87.0,False
50,2229,0,1,67,95.0,9.55521935766567,9,0,2,0,7,2,0,-95.0,False
50,2230,0,1,65,105.0,9.496681310191198,10,0,2,0,7,3,0,-105.0,False
50,2231,0,1,64,116.0,9.484855614860722,11,0,2,0,7,4,0,-116.0,False
50,2232,0,1,64,127.0,9.379695371534021,11,0,2,0,7,4,0,-127.0,False
50,2233,0,1,68,138.0,8.623315357594805,16,0,2,2,8,6,0,-138.0,False
50,2234,0,1,69,149.0,8.47378421222618,12,0,2,0,7,4,1,-149.0,False
50,2235,0,1,68,161.0,8.36988977863136,12,0,2,0,8,4,0,-161.0,False
50,2236,0,1,67,173.0,8.307462480936971,12,0,2,0,8,4,0,-173.0,False
50,2237,0,1,66,188.0,8.142955771587278,16,0,2,0,12,4,0,-188.0,False
50,2238,0,1,65,205.0,8.059191347368108,17,0,2,0,13,4,0,-205.0,False
50,2239,0,1,65,223.0,7.822641338535885,19,0,2,0,14,4,1,-223.0,False
50,2240,0,1,65,241.0,7.616001285584877,18,0,2,0,14,4,0,-241.0,False
50,2241,0,1,65,261.0,7.1431654365915165,21,0,2,0,16,5,0,-261.0,False
50,2242,0,1,64,283.0,6.707554812407364,22,0,2,0,16,6,0,-283.0,False
50,2243,0,1,63,305.0,6.415456068692485,22,0,2,0,16,6,0,-305.0,False
50,2244,0,1,62,330.0,6.029673043206652,26,0,2,0,19,6,1,-330.0,False
50,2245,0,1,67,357.0,5.533188063739489,32,0,2,2,22,8,0,-357.0,False
50,2246,0,1,66,384.0,5.633551165203033,27,0,2,0,21,6,0,-384.0,False
50,2247,0,1,66,413.0,5.732505892400572,29,0,2,0,23,6,0,-413.0,False
50,2248,0,1,64,443.0,5.741323052212866,30,0,2,0,24,6,0,-443.0,False
51,2249,1,0,66,473.0,5.498783642128471,32,1,3,0,25,6,1,0.0,False
51,2250,1,0,65,503.0,5.372619198888387,30,1,3,0,24,6,0,0.0,False
51,2251,1,0,64,533.0,5.066346704789359,30,1,3,0,24,6,0,0.0,False
51,2252,1,0,64,329.0,5.067995505578239,24,2,0,0,22,2,0,-329.0,False
51,2253,1,0,64,225.0,5.205059143812914,20,2,0,0,20,0,0,-225.0,False
51,2254,1,0,64,158.0,5.8099315205863284,17,2,0,1,15,0,1,-158.0,False
51,2255,1,0,62,105.0,6.225603056709027,14,2,0,2,12,0,0,-105.0,False
51,2256,1,0,59,63.0,6.643652610772963,11,2,0,2,9,0,0,-63.0,False
51,2257,1,0,63,33.0,6.753336567386827,12,2,0,4,6,2,0,-33.0,False
51,2258,1,0,62,13.0,7.648269448745845,3,2,0,2,1,0,0,-13.0,False
51,2259,1,0,63,17.0,8.480417209479725,5,2,0,2,1,0,2,-17.0,False
51,2260,1,0,63,15.0,8.917012703130025,3,2,0,2,0,0,1,-15.0,False
51,2261,1,0,64,18.0,9.358291311134309,4,2,0,2,1,0,1,-18.0,False
51,2262,1,0,64,21.0,9.827257569645829,3,2,0,2,0,0,1,-21.0,False
51,2263,1,0,64,24.0,10.206850819912523,3,2,0,2,0,0,1,-24.0,False
51,2264,1,0,65,28.0,10.252517145134657,5,2,0,2,0,0,3,-28.0,False
51,2265,1,0,66,32.0,10.448918989709258,5,2,0,2,1,0,2,-32.0,False
51,2266,1,0,66,37.0,10.634171622966077,5,2,0,3,0,0,2,-37.0,False
51,2267,1,0,66,43.0,10.880200000682978,6,2,0,4,0,0,2,-43.0,False
51,2268,1,0,66,50.0,10.956710154028755,7,2,0,4,0,0,3,-50.0,False
51,2269,1,0,71,57.0,10.17293323416412,12,2,0,6,1,2,3,-57.0,False
51,2270,1,0,70,64.0,10.021658388091385,8,2,0,4,0,0,4,-64.0,False
51,2271,1,0,68,71.0,10.077263116943797,7,2,0,4,0,0,3,-71.0,False
51,2272,1,0,68,78.0,10.279106316517542,7,2,0,4,0,0,3,-78.0,False
51,2273,1,0,66,86.0,10.008882815050361,9,2,0,4,1,0,4,-86.0,False
51,2274,1,0,65,94.0,10.080268497477006,8,2,0,4,0,0,4,-94.0,False
51,2275,1,0,66,102.0,9.943046232542379,9,2,0,4,0,0,5,-102.0,False
51,2276,1,0,66,110.0,9.87789938472097,8,2,0,4,0,0,4,-110.0,False
51,2277,1,0,67,119.0,9.583611139894808,10,2,0,4,1,0,5,-119.0,False
51,2278,1,0,64,130.0,9.20827864700906,11,2,0,6,0,0,5,-130.0,False
51,2279,1,0,64,141.0,9.054441983422032,11,2,0,6,0,0,5,-141.0,False
51,2280,1,0,64,153.0,8.719206330296702,13,2,0,6,0,0,7,-153.0,False
51,2281,1,0,68,165.0,7.927563513042329,17,2,0,8,1,2,6,-165.0,False
51,2282,1,0,68,180.0,7.876646531425912,15,2,0,6,0,0,9,-180.0,False
51,2283,1,0,68,195.0,7.674468767096778,15,2,0,6,0,0,9,-195.0,False
51,2284,1,0,67,211.0,7.418388971602722,16,2,0,6,0,0,10,-211.0,False
51,2285,1,0,68,228.0,6.9032158977628555,19,2,0,6,1,0,12,-228.0,False
51,2286,1,0,66,246.0,6.603357890283199,18,2,0,6,0,0,12,-246.0,False
51,2287,1,0,66,265.0,6.548904385310598,19,2,0,6,0,0,13,-265.0,False
51,2288,1,0,65,286.0,6.097915832480831,21,2,0,6,0,0,15,-286.0,False
51,2289,1,0,66,311.0,5.9864481080851535,26,2,0,8,1,0,17,-311.0,False
51,2290,1,0,63,338.0,5.372260747098476,28,2,0,8,0,0,20,-338.0,False
51,2291,1,0,63,368.0,5.387968713151159,30,2,0,8,0,0,22,-368.0,False
51,2292,1,0,61,398.0,5.261882358976206,30,2,0,8,0,0,22,-398.0,False
51,2293,1,0,65,429.0,4.7647651165707705,36,2,0,10,1,2,23,-429.0,False
52,2294,0,1,64,461.0,4.855018205194945,32,3,1,8,0,0,24,0.0,False
52,2295,0,1,64,494.0,4.91542212065679,34,3,1,8,0,0,26,0.0,False
52,2296,0,1,63,528.0,4.7794381463128595,34,3,1,8,0,0,26,0.0,False
52,2297,0,1,62,305.0,4.6868721661887625,27,0,2,4,1,0,22,-305.0,False
52,2298,0,1,62,181.0,4.960845576590712,19,0,2,0,0,0,19,-181.0,False
52,2299,0,1,62,130.0,5.312520623151052,15,0,2,0,0,0,15,-130.0,False
52,2300,0,1,63,98.0,5.627455667185893,14,0,2,0,1,0,13,-98.0,False
52,2301,0,1,64,81.0,6.194512870780197,12,0,2,0,3,0,9,-81.0,False
52,2302,0,1,63,68.0,6.774447970425771,11,0,2,0,2,2,7,-68.0,False
52,2303,0,1,63,53.0,7.493832734523603,9,0,2,0,2,2,5,-53.0,False
52,2304,0,1,62,52.0,8.105143267594652,10,0,2,0,3,2,5,-52.0,False
52,2305,0,1,67,40.0,7.981078576670569,13,0,2,2,4,4,3,-40.0,False
52,2306,0,1,68,36.0,8.500555912561401,8,0,2,0,3,2,3,-36.0,False
52,2307,0,1,68,35.0,9.097144497938713,6,0,2,0,3,2,1,-35.0,False
52,2308,0,1,68,36.0,9.54737113225124,5,0,2,0,3,2,0,-36.0,False
52,2309,0,1,69,42.0,9.80023068856197,7,0,2,0,5,2,0,-42.0,False
52,2310,0,1,69,48.0,10.180088206272766,6,0,2,0,4,2,0,-48.0,False
52,2311,0,1,70,54.0,10.157440128180909,7,0,2,0,4,2,1,-54.0,False
52,2312,0,1,70,60.0,10.309265476267672,6,0,2,0,4,2,0,-60.0,False
52,2313,0,1,71,68.0,10.258871584324636,9,0,2,0,6,3,0,-68.0,False
52,2314,0,1,71,76.0,10.391999289855635,8,0,2,0,5,3,0,-76.0,False
52,2315,0,1,69,85.0,10.37431991233595,9,0,2,0,5,4,0,-85.0,False
52,2316,0,1,68,95.0,10.264384175551841,11,0,2,0,6,4,1,-95.0,False
52,2317,0,1,71,105.0,9.429654512738962,15,0,2,2,7,6,0,-105.0,False
52,2318,0,1,69,115.0,9.56004996369655,10,0,2,0,6,4,0,-115.0,False
52,2319,0,1,69,126.0,9.617335321362656,11,0,2,0,7,4,0,-126.0,False
52,2320,0,1,68,137.0,9.620572670364869,11,0,2,0,7,4,0,-137.0,False
52,2321,0,1,70,148.0,9.416249172230113,13,0,2,0,8,4,1,-148.0,False
52,2322,0,1,69,159.0,9.430905562718014,11,0,2,0,7,4,0,-159.0,False
52,2323,0,1,68,171.0,9.273375986635571,12,0,2,0,7,5,0,-171.0,False
52,2324,0,1,67,185.0,9.212420688818405,14,0,2,0,8,6,0,-185.0,False
52,2325,0,1,67,199.0,8.703830683553198,15,0,2,0,9,6,0,-199.0,False
52,2326,0,1,66,213.0,8.107326538235144,15,0,2,0,8,6,1,-213.0,False
52,2327,0,1,64,228.0,7.797270354355336,15,0,2,0,9,6,0,-228.0,False
52,2328,0,1,64,246.0,7.706584569815857,18,0,2,0,12,6,0,-246.0,False
52,2329,0,1,67,264.0,6.708122230595884,23,0,2,2,13,8,0,-264.0,False
52,2330,0,1,67,283.0,6.752428318609076,19,0,2,0,13,6,0,-283.0,False
52,2331,0,1,66,304.0,6.611298175883573,22,0,2,0,15,6,1,-304.0,False
52,2332,0,1,66,327.0,6.58330295361491,23,0,2,0,17,6,0,-327.0,False
52,2333,0,1,65,351.0,6.314415039106153,25,0,2,0,19,6,0,-351.0,False
52,2334,0,1,64,377.0,6.39490549436807,26,0,2,0,20,6,0,-377.0,False
52,2335,0,1,63,405.0,6.2971414433444135,28,0,2,0,22,6,0,-405.0,False
52,2336,0,1,63,434.0,6.0218206417704385,30,0,2,0,22,7,1,-434.0,False
52,2337,0,1,64,463.0,6.003711537403357,30,0,2,0,23,7,0,-463.0,False
52,2338,0,1,62,492.0,5.822034227124407,29,0,2,0,22,7,0,-492.0,False
53,2339,1,0,61,523.0,5.612515510897102,31,1,3,0,23,8,0,0.0,False
53,2340,1,0,59,554.0,5.412957157913768,31,1,3,0,23,8,0,0.0,False
53,2341,1,0,63,586.0,4.867783422023641,37,1,3,2,25,10,0,0.0,False
53,2342,1,0,62,363.0,4.903157557159102,26,2,0,0,21,4,1,-363.0,False
53,2343,1,0,62,229.0,5.40854442084359,17,2,0,0,17,0,0,-229.0,False
53,2344,1,0,60,158.0,5.646470563437606,14,2,0,0,13,0,1,-158.0,False
53,2345,1,0,61,96.0,6.113540746863849,11,2,0,0,10,0,1,-96.0,False
53,2346,1,0,61,49.0,6.759180641352489,8,2,0,0,7,0,1,-49.0,False
53,2347,1,0,62,15.0,7.284493021038629,5,2,0,0,3,0,2,-15.0,False
53,2348,1,0,62,5.0,7.941157109240959,1,2,0,0,0,0,1,-5.0,False
53,2349,1,0,63,8.0,8.529784737201897,4,2,0,1,1,0,2,-8.0,False
53,2350,1,0,62,11.0,9.0860121002421,3,2,0,1,0,0,2,-11.0,False
53,2351,1,0,62,15.0,9.688889923967276,4,2,0,2,0,0,2,-15.0,False
53,2352,1,0,63,19.0,10.03554356060858,5,2,0,2,0,0,3,-19.0,False
53,2353,1,0,67,23.0,9.583581685215638,9,2,0,4,1,2,2,-23.0,False
53,2354,1,0,67,28.0,10.014728880244983,5,2,0,2,0,0,3,-28.0,False
53,2355,1,0,67,33.0,10.267755088948782,5,2,0,2,0,0,3,-33.0,False
53,2356,1,0,67,38.0,10.631360760971448,5,2,0,2,0,0,3,-38.0,False
53,2357,1,0,69,43.0,10.460381579729043,7,2,0,2,1,0,4,-43.0,False
53,2358,1,0,69,49.0,10.496706072368088,6,2,0,2,0,0,4,-49.0,False
53,2359,1,0,69,55.0,10.567123698580653,6,2,0,2,0,0,4,-55.0,False
53,2360,1,0,67,61.0,10.565209197131452,6,2,0,2,0,0,4,-61.0,False
53,2361,1,0,68,68.0,10.385270014454592,8,2,0,3,1,0,4,-68.0,False
53,2362,1,0,67,76.0,10.304596819117906,9,2,0,4,0,0,5,-76.0,False
53,2363,1,0,65,85.0,10.372553551460413,9,2,0,4,0,0,5,-85.0,False
53,2364,1,0,63,94.0,10.391191812338924,9,2,0,4,0,0,5,-94.0,False
53,2365,1,0,66,103.0,9.539677573599239,14,2,0,6,1,2,5,-103.0,False
53,2366,1,0,66,112.0,9.681542401138751,9,2,0,4,0,0,5,-112.0,False
53,2367,1,0,67,121.0,9.48668404111935,10,2,0,4,0,0,6,-121.0,False
53,2368,1,0,67,130.0,9.57783905207072,9,2,0,4,0,0,5,-130.0,False
53,2369,1,0,67,140.0,9.232648676246633,11,2,0,4,1,0,6,-140.0,False
53,2370,1,0,66,150.0,9.043987643134637,10,2,0,4,0,0,6,-150.0,False
53,2371,1,0,65,161.0,8.89584958504578,11,2,0,4,0,0,7,-161.0,False
53,2372,1,0,65,173.0,8.553843890673608,13,2,0,5,0,0,8,-173.0,False
53,2373,1,0,64,188.0,8.015953449305536,16,2,0,6,1,0,9,-188.0,False
53,2374,1,0,62,203.0,7.53141641239612,15,2,0,6,0,0,9,-203.0,False
53,2375,1,0,61,220.0,7.2182168256040455,17,2,0,6,0,0,11,-220.0,False
53,2376,1,0,60,238.0,6.9994249264923925,18,2,0,6,0,0,12,-238.0,False
53,2377,1,0,65,259.0,6.27988261359632,26,2,0,8,1,2,15,-259.0,False
53,2378,1,0,64,282.0,6.087378098294821,24,2,0,6,0,0,18,-282.0,False
53,2379,1,0,64,306.0,6.041322511929155,24,2,0,6,0,0,18,-306.0,False
53,2380,1,0,63,331.0,5.723845051680983,25,2,0,6,0,0,19,-331.0,False
53,2381,1,0,63,356.0,5.461473227159663,26,2,0,6,1,0,19,-356.0,False
53,2382,1,0,62,382.0,5.2214903224283615,26,2,0,6,0,0,20,-382.0,False
53,2383,1,0,61,410.0,4.803849518342378,29,2,0,6,0,0,23,-410.0,False
54,2384,0,1,61,440.0,4.8290160409676615,30,3,1,7,0,0,23,0.0,False
54,2385,0,1,62,473.0,4.709038750550132,34,3,1,8,1,0,25,0.0,False
54,2386,0,1,60,507.0,4.495543447820646,34,3,1,8,0,0,26,0.0,False
54,2387,0,1,59,298.0,4.504301358830026,27,0,2,4,0,0,23,-298.0,False
54,2388,0,1,60,189.0,4.835939006724311,22,0,2,0,0,0,22,-189.0,False
54,2389,0,1,64,134.0,4.837383383166747,22,0,2,2,1,2,17,-134.0,False
54,2390,0,1,64,98.0,5.442214313319113,13,0,2,0,0,0,13,-98.0,False
54,2391,0,1,64,75.0,6.148779553292242,10,0,2,0,1,0,9,-75.0,False
54,2392,0,1,64,60.0,6.97221877771008,8,0,2,0,1,0,7,-60.0,False
54,2393,0,1,66,46.0,7.513918065985195,10,0,2,0,3,0,7,-46.0,False
54,2394,0,1,66,35.0,8.10388063604898,7,0,2,0,2,0,5,-35.0,False
54,2395,0,1,66,34.0,8.755030243251616,6,0,2,0,2,0,4,-34.0,False
54,2396,0,1,66,24.0,9.149006363511926,4,0,2,0,2,0,2,-24.0,False
54,2397,0,1,67,17.0,9.358295844864509,5,0,2,0,4,0,1,-17.0,False
54,2398,0,1,67,18.0,9.577411077288817,6,0,2,0,3,2,1,-18.0,False
54,2399,0,1,67,23.0,9.989459064202844,5,0,2,0,3,2,0,-23.0,False
54,2400,0,1,66,28.0,10.187580896224889,5,0,2,0,3,2,0,-28.0,False
54,2401,0,1,71,33.0,9.708632221068658,10,0,2,2,4,4,0,-33.0,False
54,2402,0,1,71,38.0,9.985151520018585,5,0,2,0,3,2,0,-38.0,False
54,2403,0,1,72,44.0,10.093740516265642,7,0,2,0,4,2,1,-44.0,False
54,2404,0,1,72,50.0,10.336329162225907,6,0,2,0,4,2,0,-50.0,False
54,2405,0,1,72,57.0,10.44604077831989,8,0,2,0,6,2,0,-57.0,False
54,2406,0,1,70,64.0,10.558142896796229,7,0,2,0,5,2,0,-64.0,False
54,2407,0,1,67,71.0,10.57929362885113,7,0,2,0,5,2,0,-71.0,False
54,2408,0,1,67,78.0,10.292967974529997,8,0,2,0,5,2,1,-78.0,False
54,2409,0,1,67,85.0,10.070130267688308,8,0,2,0,6,2,0,-85.0,False
54,2410,0,1,65,94.0,9.993022626260332,9,0,2,0,6,3,0,-94.0,False
54,2411,0,1,65,104.0,9.96146715727812,10,0,2,0,6,4,0,-104.0,False
54,2412,0,1,65,115.0,10.021516286002765,11,0,2,0,7,4,0,-115.0,False
54,2413,0,1,68,126.0,9.106589945357342,16,0,2,2,8,6,0,-126.0,False
54,2414,0,1,69,137.0,8.79735793794222,12,0,2,0,7,4,1,-137.0,False
54,2415,0,1,68,149.0,8.514211396690705,12,0,2,0,8,4,0,-149.0,False
54,2416,0,1,68,162.0,8.371544572333498,13,0,2,0,9,4,0,-162.0,False
54,2417,0,1,68,176.0,8.011094245420272,15,0,2,0,11,4,0,-176.0,False
54,2418,0,1,67,192.0,7.920010239594814,16,0,2,0,12,4,0,-192.0,False
54,2419,0,1,67,208.0,7.740734097025435,17,0,2,0,12,4,1,-208.0,False
54,2420,0,1,66,226.0,7.693828078643106,18,0,2,0,14,4,0,-226.0,False
54,2421,0,1,66,246.0,7.312103975655874,21,0,2,0,16,5,0,-246.0,False
54,2422,0,1,62,267.0,6.717119560126175,21,0,2,0,16,5,0,-267.0,False
54,2423,0,1,62,291.0,6.6641526602718235,24,0,2,0,18,6,0,-291.0,False
54,2424,0,1,61,315.0,6.170643124181217,25,0,2,0,18,6,1,-315.0,False
54,2425,0,1,66,341.0,5.696705949608153,31,0,2,2,21,8,0,-341.0,False
54,2426,0,1,64,370.0,5.558213924569825,29,0,2,0,23,6,0,-370.0,False
54,2427,0,1,64,399.0,5.666248650546041,29,0,2,0,23,6,0,-399.0,False
54,2428,0,1,63,428.0,5.589322724776707,29,0,2,0,23,6,0,-428.0,False
55,2429,1,0,65,457.0,5.41389158817048,31,1,3,0,24,6,1,0.0,False
55,2430,1,0,64,487.0,5.377282859002183,30,1,3,0,24,6,0,0.0,False
55,2431,1,0,64,518.0,5.2718192355336235,31,1,3,0,25,6,0,0.0,False
55,2432,1,0,63,319.0,5.200398481715957,24,2,0,1,21,2,0,-319.0,False
55,2433,1,0,63,220.0,5.337330539827748,20,2,0,1,19,0,0,-220.0,False
55,2434,1,0,61,158.0,5.4281578885956705,17,2,0,1,15,0,1,-158.0,False
55,2435,1,0,59,104.0,5.820223131910492,13,2,0,2,11,0,0,-104.0,False
55,2436,1,0,59,62.0,6.565458130479983,10,2,0,2,8,0,0,-62.0,False
55,2437,1,0,62,33.0,6.656210606318371,12,2,0,4,5,2,1,-33.0,False
55,2438,1,0,62,16.0,7.512841003494819,4,2,0,2,1,0,1,-16.0,False
55,2439,1,0,63,16.0,8.223907919265516,4,2,0,2,0,0,2,-16.0,False
55,2440,1,0,63,19.0,8.94058209115281,3,2,0,2,0,0,1,-19.0,False
55,2441,1,0,64,22.0,9.24498863889538,4,2,0,2,1,0,1,-22.0,False
55,2442,1,0,64,26.0,9.70813213313501,4,2,0,2,0,0,2,-26.0,False
55,2443,1,0,64,30.0,10.098907696468231,4,2,0,2,0,0,2,-30.0,False
55,2444,1,0,65,34.0,10.2420116177486,5,2,0,2,0,0,3,-34.0,False
55,2445,1,0,66,39.0,10.141880814570683,6,2,0,3,1,0,2,-39.0,False
55,2446,1,0,66,45.0,10.404077607451828,6,2,0,4,0,0,2,-45.0,False
55,2447,1,0,66,52.0,10.519075292447447,7,2,0,4,0,0,3,-52.0,False
55,2448,1,0,66,59.0,10.54978540087608,7,2,0,4,0,0,3,-59.0,False
55,2449,1,0,71,66.0,9.843866772635785,12,2,0,6,1,2,3,-66.0,False
55,2450,1,0,71,73.0,9.819021049027102,8,2,0,4,0,0,4,-73.0,False
55,2451,1,0,68,80.0,9.920046921396844,7,2,0,4,0,0,3,-80.0,False
55,2452,1,0,68,87.0,10.065541889656291,7,2,0,4,0,0,3,-87.0,False
55,2453,1,0,67,95.0,9.761765591063725,9,2,0,4,1,0,4,-95.0,False
55,2454,1,0,67,103.0,9.794146508922841,8,2,0,4,0,0,4,-103.0,False
55,2455,1,0,67,112.0,9.652455617571466,10,2,0,4,0,0,6,-112.0,False
55,2456,1,0,66,123.0,9.671356749777782,11,2,0,6,0,0,5,-123.0,False
55,2457,1,0,67,134.0,9.256175013609937,12,2,0,6,1,0,5,-134.0,False
55,2458,1,0,66,145.0,9.171290855299162,11,2,0,6,0,0,5,-145.0,False
55,2459,1,0,66,157.0,8.95901200185023,12,2,0,6,0,0,6,-157.0,False
55,2460,1,0,64,169.0,8.771236710688353,13,2,0,6,0,0,7,-169.0,False
55,2461,1,0,69,182.0,8.129001410647962,18,2,0,8,1,2,7,-182.0,False
55,2462,1,0,67,197.0,7.974515119596707,15,2,0,6,0,0,9,-197.0,False
55,2463,1,0,65,212.0,7.765337454610858,15,2,0,6,0,0,9,-212.0,False
55,2464,1,0,65,228.0,7.682557767994108,16,2,0,6,0,0,10,-228.0,False
55,2465,1,0,66,246.0,7.2824390646477735,20,2,0,6,1,0,13,-246.0,False
55,2466,1,0,66,265.0,7.147946299519942,19,2,0,6,0,0,13,-265.0,False
55,2467,1,0,65,284.0,6.778169299417296,19,2,0,6,0,0,13,-284.0,False
55,2468,1,0,65,305.0,6.670370162039983,21,2,0,6,0,0,15,-305.0,False
55,2469,1,0,64,328.0,6.198246477517668,24,2,0,7,1,0,16,-328.0,False
55,2470,1,0,65,353.0,5.9028575472995515,26,2,0,7,0,0,19,-353.0,False
55,2471,1,0,63,378.0,5.610694046160805,26,2,0,8,0,0,18,-378.0,False
55,2472,1,0,63,406.0,5.630603622750967,28,2,0,8,0,0,20,-406.0,False
55,2473,1,0,67,436.0,4.974798481993248,35,2,0,10,1,2,22,-436.0,False
56,2474,0,1,65,466.0,4.849450378997588,30,3,1,8,0,0,22,0.0,False
56,2475,0,1,65,498.0,4.762669015161596,33,3,1,8,0,0,25,0.0,False
56,2476,0,1,64,532.0,4.800499695676621,34,3,1,8,0,0,26,0.0,False
56,2477,0,1,64,299.0,4.684901477577307,27,0,2,4,1,0,22,-299.0,False
56,2478,0,1,63,172.0,4.801008218303086,19,0,2,0,0,0,19,-172.0,False
56,2479,0,1,63,119.0,5.274798829483189,15,0,2,0,0,0,15,-119.0,False
56,2480,0,1,63,84.0,5.621959782389766,14,0,2,0,1,0,13,-84.0,False
56,2481,0,1,64,67.0,6.108501587804445,13,0,2,0,3,1,9,-67.0,False
56,2482,0,1,64,58.0,6.843269058564586,11,0,2,0,2,2,7,-58.0,False
56,2483,0,1,63,47.0,7.47937134197522,9,0,2,0,2,2,5,-47.0,False
56,2484,0,1,63,38.0,8.2052119929953,8,0,2,0,2,2,4,-38.0,False
56,2485,0,1,67,39.0,8.025174841962823,13,0,2,2,4,4,3,-39.0,False
56,2486,0,1,68,29.0,8.43249360835278,7,0,2,0,3,2,2,-29.0,False
56,2487,0,1,68,31.0,9.073431301267274,5,0,2,0,3,2,0,-31.0,False
56,2488,0,1,68,36.0,9.505511979642588,5,0,2,0,3,2,0,-36.0,False
56,2489,0,1,69,41.0,9.672109485009752,6,0,2,0,4,2,0,-41.0,False
56,2490,0,1,69,46.0,9.896140200333512,5,0,2,0,3,2,0,-46.0,False
56,2491,0,1,70,52.0,10.053005105295972,7,0,2,0,4,2,1,-52.0,False
56,2492,0,1,70,58.0,10.214493539198033,6,0,2,0,4,2,0,-58.0,False
56,2493,0,1,71,65.0,10.18951038947724,8,0,2,0,6,2,0,-65.0,False
56,2494,0,1,71,73.0,10.185066902976299,8,0,2,0,5,3,0,-73.0,False
56,2495,0,1,70,82.0,10.21833966141987,9,0,2,0,5,4,0,-82.0,False
56,2496,0,1,69,91.0,10.119567703085423,10,0,2,0,5,4,1,-91.0,False
56,2497,0,1,73,101.0,9.440406707208318,15,0,2,2,7,6,0,-101.0,False
56,2498,0,1,71,111.0,9.45583581353723,10,0,2,0,6,4,0,-111.0,False
56,2499,0,1,68,122.0,9.577791391024185,11,0,2,0,7,4,0,-122.0,False
56,2500,0,1,67,133.0,9.640844042460243,11,0,2,0,7,4,0,-133.0,False
56,2501,0,1,69,144.0,9.428102130249261,13,0,2,0,8,4,1,-144.0,False
56,2502,0,1,69,155.0,9.465357148134588,11,0,2,0,7,4,0,-155.0,False
56,2503,0,1,67,167.0,9.328015164532815,12,0,2,0,8,4,0,-167.0,False
56,2504,0,1,67,179.0,9.062380044440385,12,0,2,0,8,4,0,-179.0,False
56,2505,0,1,68,192.0,8.4740666104594,14,0,2,0,9,5,0,-192.0,False
56,2506,0,1,67,208.0,7.962429461977561,17,0,2,0,11,5,1,-208.0,False
56,2507,0,1,66,224.0,7.7291569817548735,16,0,2,0,11,5,0,-224.0,False
56,2508,0,1,64,243.0,7.325678214821049,19,0,2,0,13,6,0,-243.0,False
56,2509,0,1,69,262.0,6.654476850322295,24,0,2,2,14,8,0,-262.0,False
56,2510,0,1,67,282.0,6.437799941727341,20,0,2,0,14,6,0,-282.0,False
56,2511,0,1,68,302.0,6.445011991309272,21,0,2,0,14,6,1,-302.0,False
56,2512,0,1,67,324.0,6.49498079676459,22,0,2,0,16,6,0,-324.0,False
56,2513,0,1,68,350.0,6.507350317590325,27,0,2,0,21,6,0,-350.0,False
56,2514,0,1,66,377.0,6.3804558341959,27,0,2,0,21,6,0,-377.0,False
56,2515,0,1,66,405.0,6.490501099894786,28,0,2,0,22,6,0,-405.0,False
56,2516,0,1,65,433.0,6.24058572927318,29,0,2,0,22,6,1,-433.0,False
56,2517,0,1,65,462.0,6.017500953631572,30,0,2,0,23,7,0,-462.0,False
56,2518,0,1,63,492.0,5.789462448811622,30,0,2,0,23,7,0,-492.0,False
57,2519,1,0,62,523.0,5.536949354887042,31,1,3,0,23,8,0,0.0,False
57,2520,1,0,60,554.0,5.416400257749765,31,1,3,0,23,8,0,0.0,False
57,2521,1,0,64,586.0,4.6543720765016445,37,1,3,2,25,10,0,0.0,False
57,2522,1,0,64,360.0,4.698697670971774,26,2,0,0,21,4,1,-360.0,False
57,2523,1,0,62,235.0,4.972852014940181,18,2,0,0,17,0,1,-235.0,False
57,2524,1,0,61,165.0,5.510358631506392,14,2,0,0,13,0,1,-165.0,False
57,2525,1,0,61,104.0,5.936466022040304,13,2,0,0,12,0,1,-104.0,False
57,2526,1,0,61,55.0,6.766304298088284,9,2,0,0,8,0,1,-55.0,False
57,2527,1,0,62,19.0,7.347079070975085,6,2,0,0,4,0,2,-19.0,False
57,2528,1,0,62,7.0,8.018655592008638,2,2,0,0,1,0,1,-7.0,False
57,2529,1,0,63,7.0,8.602677016549523,2,2,0,0,1,0,1,-7.0,False
57,2530,1,0,61,9.0,8.950025555045803,2,2,0,1,0,0,1,-9.0,False
57,2531,1,0,61,13.0,9.549598140539517,4,2,0,2,0,0,2,-13.0,False
57,2532,1,0,62,17.0,9.725616800791084,5,2,0,2,0,0,3,-17.0,False
57,2533,1,0,67,21.0,9.45715869682923,9,2,0,4,1,2,2,-21.0,False
57,2534,1,0,67,26.0,9.937068679813482,5,2,0,2,0,0,3,-26.0,False
57,2535,1,0,67,31.0,10.268566752889718,5,2,0,2,0,0,3,-31.0,False
57,2536,1,0,67,36.0,10.501122666958,5,2,0,2,0,0,3,-36.0,False
57,2537,1,0,69,41.0,10.493174305432781,7,2,0,2,1,0,4,-41.0,False
57,2538,1,0,69,46.0,10.643431910490719,5,2,0,2,0,0,3,-46.0,False
57,2539,1,0,69,51.0,10.7335290845735,5,2,0,2,0,0,3,-51.0,False
57,2540,1,0,69,57.0,10.723913980645873,6,2,0,3,0,0,3,-57.0,False
57,2541,1,0,68,63.0,10.521575447358984,7,2,0,3,1,0,3,-63.0,False
57,2542,1,0,67,70.0,10.373769086541571,8,2,0,4,0,0,4,-70.0,False
57,2543,1,0,66,77.0,10.310311941860434,7,2,0,4,0,0,3,-77.0,False
57,2544,1,0,64,84.0,10.284840213261708,7,2,0,4,0,0,3,-84.0,False
57,2545,1,0,69,91.0,9.532651573757894,12,2,0,6,1,2,3,-91.0,False
57,2546,1,0,68,98.0,9.614733619260127,7,2,0,4,0,0,3,-98.0,False
57,2547,1,0,68,107.0,9.527754453991102,10,2,0,4,0,0,6,-107.0,False
57,2548,1,0,67,116.0,9.510566131037452,9,2,0,4,0,0,5,-116.0,False
57,2549,1,0,67,125.0,9.248432519780428,10,2,0,4,1,0,5,-125.0,False
57,2550,1,0,66,135.0,9.037700462376652,10,2,0,4,0,0,6,-135.0,False
57,2551,1,0,65,146.0,8.71982744321874,11,2,0,4,0,0,7,-146.0,False
57,2552,1,0,65,157.0,8.30656333339497,12,2,0,4,0,0,8,-157.0,False
57,2553,1,0,64,171.0,7.770928610795936,15,2,0,5,1,0,9,-171.0,False
57,2554,1,0,63,187.0,7.459892704490878,16,2,0,6,0,0,10,-187.0,False
57,2555,1,0,62,205.0,7.092381928870646,18,2,0,6,0,0,12,-205.0,False
57,2556,1,0,60,223.0,6.750155807390318,18,2,0,6,0,0,12,-223.0,False
57,2557,1,0,64,243.0,5.780013964127936,25,2,0,8,1,2,14,-243.0,False
57,2558,1,0,64,264.0,5.583591844289523,22,2,0,6,0,0,16,-264.0,False
57,2559,1,0,62,286.0,5.344215683205843,22,2,0,6,0,0,16,-286.0,False
57,2560,1,0,62,310.0,5.35211796981701,24,2,0,6,0,0,18,-310.0,False
57,2561,1,0,62,336.0,5.105419070865193,27,2,0,6,1,0,20,-336.0,False
57,2562,1,0,62,363.0,5.292313313607539,27,2,0,6,0,0,21,-363.0,False
57,2563,1,0,62,391.0,5.070392781545555,29,2,0,6,0,0,23,-391.0,False
58,2564,0,1,60,422.0,4.561636013066444,31,3,1,6,0,0,25,0.0,False
58,2565,0,1,61,454.0,4.419899280763923,33,3,1,6,1,0,26,0.0,False
58,2566,0,1,60,488.0,4.061425847800355,34,3,1,8,0,0,26,0.0,False
58,2567,0,1,60,281.0,4.239874053269627,29,0,2,4,1,0,24,-281.0,False
58,2568,0,1,61,187.0,4.445024652097366,22,0,2,0,1,0,21,-187.0,False
58,2569,0,1,65,139.0,4.3850248427315375,23,0,2,2,2,3,16,-139.0,False
58,2570,0,1,65,103.0,5.084527087425371,16,0,2,0,2,1,13,-103.0,False
58,2571,0,1,65,85.0,5.937686889271589,12,0,2,0,2,1,9,-85.0,False
58,2572,0,1,65,75.0,6.889241876973666,12,0,2,0,3,1,8,-75.0,False
58,2573,0,1,66,64.0,7.4310772101824245,12,0,2,0,4,1,7,-64.0,False
58,2574,0,1,66,52.0,8.146713357071738,8,0,2,0,3,1,4,-52.0,False
58,2575,0,1,66,39.0,8.902078060777319,6,0,2,0,3,1,2,-39.0,False
58,2576,0,1,66,30.0,9.08886951209564,4,0,2,0,3,1,0,-30.0,False
58,2577,0,1,67,34.0,9.123549439534079,5,0,2,0,4,1,0,-34.0,False
58,2578,0,1,67,40.0,9.080922039815803,7,0,2,0,4,2,1,-40.0,False
58,2579,0,1,67,46.0,9.371772739307648,6,0,2,0,4,2,0,-46.0,False
58,2580,0,1,67,53.0,9.549579263705153,7,0,2,0,4,3,0,-53.0,False
58,2581,0,1,72,61.0,9.184527035028294,13,0,2,2,6,5,0,-61.0,False
58,2582,0,1,72,69.0,9.518590897003813,8,0,2,0,5,3,0,-69.0,False
58,2583,0,1,73,77.0,9.677296335531564,9,0,2,0,5,3,1,-77.0,False
58,2584,0,1,73,85.0,9.839729682374344,8,0,2,0,5,3,0,-85.0,False
58,2585,0,1,72,93.0,9.87160338922576,9,0,2,0,6,3,0,-93.0,False
58,2586,0,1,72,102.0,10.050344937648305,9,0,2,0,6,3,0,-102.0,False
58,2587,0,1,68,112.0,9.952396705118744,10,0,2,0,7,3,0,-112.0,False
58,2588,0,1,69,123.0,9.831968563149967,12,0,2,0,7,4,1,-123.0,False
58,2589,0,1,68,134.0,9.510710224765589,12,0,2,0,8,4,0,-134.0,False
58,2590,0,1,68,145.0,9.654557904489476,11,0,2,0,7,4,0,-145.0,False
58,2591,0,1,67,156.0,9.492004695634215,11,0,2,0,7,4,0,-156.0,False
58,2592,0,1,67,168.0,9.244308692188921,12,0,2,0,7,5,0,-168.0,False
58,2593,0,1,70,180.0,8.341805788612618,17,0,2,2,8,7,0,-180.0,False
58,2594,0,1,71,193.0,8.146003686356005,14,0,2,0,8,5,1,-193.0,False
58,2595,0,1,70,208.0,8.21415973690957,15,0,2,0,10,5,0,-208.0,False
58,2596,0,1,69,225.0,8.226733778016,17,0,2,0,12,5,0,-225.0,False
58,2597,0,1,70,242.0,7.994514837589218,18,0,2,0,13,5,0,-242.0,False
58,2598,0,1,69,260.0,7.902160911826575,18,0,2,0,13,5,0,-260.0,False
58,2599,0,1,69,278.0,7.668705282552668,19,0,2,0,13,5,1,-278.0,False
58,2600,0,1,67,298.0,7.546358677790972,20,0,2,0,14,6,0,-298.0,False
58,2601,0,1,67,319.0,7.176322382443767,22,0,2,0,16,6,0,-319.0,False
58,2602,0,1,65,341.0,7.015359557972521,22,0,2,0,16,6,0,-341.0,False
58,2603,0,1,64,365.0,6.769003904854884,24,0,2,0,17,7,0,-365.0,False
58,2604,0,1,64,389.0,6.470374543965031,25,0,2,0,17,7,1,-389.0,False
58,2605,0,1,68,414.0,5.713874651253333,30,0,2,2,19,9,0,-414.0,False
58,2606,0,1,67,440.0,5.595161143786606,26,0,2,0,19,7,0,-440.0,False
58,2607,0,1,64,468.0,5.319904990877848,28,0,2,0,21,7,0,-468.0,False
58,2608,0,1,64,496.0,5.289550179287606,28,0,2,0,21,7,0,-496.0,False
59,2609,1,0,66,526.0,5.210242882440912,32,1,3,0,24,7,1,0.0,False
59,2610,1,0,64,557.0,4.890149767055824,31,1,3,0,24,7,0,0.0,False
59,2611,1,0,64,589.0,4.735746141605398,32,1,3,0,25,7,0,0.0,False
59,2612,1,0,62,361.0,4.648928897213499,26,2,0,0,22,4,0,-361.0,False
59,2613,1,0,63,230.0,4.841464655375114,20,2,0,1,19,0,0,-230.0,False
59,2614,1,0,62,158.0,4.953373942297645,17,2,0,1,15,0,1,-158.0,False
59,2615,1,0,62,108.0,5.546870980989484,16,2,0,2,13,0,1,-108.0,False
59,2616,1,0,61,66.0,6.25247436002911,12,2,0,2,9,0,1,-66.0,False
59,2617,1,0,65,35.0,6.421432960089152,13,2,0,4,6,2,1,-35.0,False
59,2618,1,0,64,19.0,7.259141354867472,5,2,0,2,2,0,1,-19.0,False
59,2619,1,0,65,17.0,8.005853976943397,4,2,0,2,0,0,2,-17.0,False
59,2620,1,0,65,20.0,8.78953071228937,3,2,0,2,0,0,1,-20.0,False
59,2621,1,0,66,23.0,9.133321660657764,4,2,0,2,1,0,1,-23.0,False
59,2622,1,0,66,26.0,9.505543361424111,3,2,0,2,0,0,1,-26.0,False
59,2623,1,0,66,30.0,9.741281618772858,4,2,0,2,0,0,2,-30.0,False
59,2624,1,0,67,36.0,9.833763307632198,7,2,0,4,0,0,3,-36.0,False
59,2625,1,0,68,42.0,9.932056057139969,7,2,0,4,1,0,2,-42.0,False
59,2626,1,0,68,49.0,10.187523442436545,7,2,0,4,0,0,3,-49.0,False
59,2627,1,0,68,56.0,10.160383929300165,7,2,0,4,0,0,3,-56.0,False
59,2628,1,0,68,63.0,10.355745044422465,7,2,0,4,0,0,3,-63.0,False
59,2629,1,0,73,70.0,9.484351182851071,12,2,0,6,1,2,3,-70.0,False
59,2630,1,0,73,78.0,9.526501357549892,9,2,0,4,0,0,5,-78.0,False
59,2631,1,0,73,86.0,9.772006217497553,8,2,0,4,0,0,4,-86.0,False
59,2632,1,0,72,94.0,9.8117958044144,8,2,0,4,0,0,4,-94.0,False
59,2633,1,0,71,102.0,9.650338142615118,9,2,0,4,1,0,4,-102.0,False
59,2634,1,0,71,110.0,9.710820114189678,8,2,0,4,0,0,4,-110.0,False
59,2635,1,0,69,118.0,9.461788349838287,9,2,0,4,0,0,5,-118.0,False
59,2636,1,0,69,128.0,9.594520737869628,10,2,0,5,0,0,5,-128.0,False
59,2637,1,0,69,139.0,9.515348321994445,12,2,0,6,1,0,5,-139.0,False
59,2638,1,0,65,150.0,9.293131626536194,11,2,0,6,0,0,5,-150.0,False
59,2639,1,0,64,161.0,9.164039813961272,11,2,0,6,0,0,5,-161.0,False
59,2640,1,0,64,172.0,8.777746874641817,12,2,0,6,0,0,6,-172.0,False
59,2641,1,0,68,185.0,7.933260481866271,18,2,0,8,1,2,7,-185.0,False
59,2642,1,0,68,198.0,7.898229696664671,13,2,0,6,0,0,7,-198.0,False
59,2643,1,0,67,213.0,7.685332040807461,15,2,0,6,0,0,9,-213.0,False
59,2644,1,0,67,229.0,7.502515420387301,16,2,0,6,0,0,10,-229.0,False
59,2645,1,0,68,245.0,7.119920562615021,18,2,0,6,1,0,11,-245.0,False
59,2646,1,0,68,262.0,6.936104767462304,17,2,0,6,0,0,11,-262.0,False
59,2647,1,0,67,281.0,6.691095401809637,19,2,0,6,0,0,13,-281.0,False
59,2648,1,0,66,302.0,6.5586764450981105,21,2,0,6,0,0,15,-302.0,False
59,2649,1,0,67,324.0,6.18160423777752,23,2,0,7,1,0,15,-324.0,False
59,2650,1,0,68,350.0,5.983176969615784,27,2,0,8,0,0,19,-350.0,False
59,2651,1,0,66,377.0,5.7471178678056,27,2,0,8,0,0,19,-377.0,False
59,2652,1,0,65,404.0,5.591999849205224,27,2,0,8,0,0,19,-404.0,False
59,2653,1,0,70,434.0,5.228178680187409,35,2,0,10,1,2,22,-434.0,False
60,2654,0,1,69,465.0,5.111928659448018,31,3,1,8,0,0,23,0.0,False
60,2655,0,1,69,498.0,4.928171897135018,34,3,1,8,0,0,26,0.0,False
60,2656,0,1,68,532.0,4.8567800847496425,34,3,1,8,0,0,26,0.0,False
60,2657,0,1,67,300.0,4.718999370513949,27,0,2,4,1,0,22,-300.0,False
60,2658,0,1,67,172.0,5.12685045993597,21,0,2,0,1,0,20,-172.0,False
60,2659,0,1,65,125.0,5.4561167901057175,18,0,2,0,1,0,17,-125.0,False
60,2660,0,1,65,91.0,5.879790207804828,15,0,2,0,1,0,14,-91.0,False
60,2661,0,1,65,75.0,6.362946527448646,12,0,2,0,2,0,10,-75.0,False
60,2662,0,1,64,66.0,6.889105990407383,11,0,2,0,1,2,8,-66.0,False
60,2663,0,1,64,57.0,7.685824826833983,10,0,2,0,2,2,6,-57.0,False
60,2664,0,1,64,45.0,8.204848343506512,8,0,2,0,2,2,4,-45.0,False
60,2665,0,1,68,35.0,7.967568858439538,12,0,2,2,4,4,2,-35.0,False
60,2666,0,1,69,35.0,8.363332898986899,8,0,2,0,3,2,3,-35.0,False
60,2667,0,1,69,32.0,8.838624928413934,6,0,2,0,3,2,1,-32.0,False
60,2668,0,1,69,35.0,9.219317517896515,5,0,2,0,3,2,0,-35.0,False
60,2669,0,1,70,41.0,9.433089842123731,7,0,2,0,5,2,0,-41.0,False
60,2670,0,1,70,47.0,9.744524888704811,6,0,2,0,4,2,0,-47.0,False
60,2671,0,1,71,54.0,9.94705619669683,8,0,2,0,5,2,1,-54.0,False
60,2672,0,1,71,61.0,10.200330747694645,7,0,2,0,5,2,0,-61.0,False
60,2673,0,1,72,68.0,10.142947762609358,8,0,2,0,6,2,0,-68.0,False
60,2674,0,1,72,77.0,10.33253700023733,9,0,2,0,5,4,0,-77.0,False
60,2675,0,1,70,86.0,10.259213144154423,9,0,2,0,5,4,0,-86.0,False
60,2676,0,1,69,95.0,10.04305064335365,10,0,2,0,5,4,1,-95.0,False
60,2677,0,1,72,104.0,9.400947381007576,14,0,2,2,6,6,0,-104.0,False
60,2678,0,1,70,114.0,9.546792749570377,10,0,2,0,6,4,0,-114.0,False
60,2679,0,1,69,124.0,9.522388280516523,10,0,2,0,6,4,0,-124.0,False
60,2680,0,1,68,135.0,9.624744459449417,11,0,2,0,7,4,0,-135.0,False
60,2681,0,1,70,146.0,9.40284379416673,13,0,2,0,8,4,1,-146.0,False
60,2682,0,1,70,157.0,9.256069621251909,11,0,2,0,7,4,0,-157.0,False
60,2683,0,1,70,169.0,8.966572363449346,12,0,2,0,8,4,0,-169.0,False
60,2684,0,1,70,181.0,8.683750151185215,12,0,2,0,8,4,0,-181.0,False
60,2685,0,1,70,196.0,8.200307711057185,16,0,2,0,11,5,0,-196.0,False
60,2686,0,1,70,213.0,7.8659525349402495,18,0,2,0,11,6,1,-213.0,False
60,2687,0,1,68,232.0,7.657488635193921,19,0,2,0,13,6,0,-232.0,False
60,2688,0,1,67,251.0,7.434685724842095,19,0,2,0,13,6,0,-251.0,False
60,2689,0,1,71,271.0,6.656440858110973,25,0,2,2,15,8,0,-271.0,False
60,2690,0,1,70,292.0,6.512065233319762,21,0,2,0,15,6,0,-292.0,False
60,2691,0,1,69,314.0,6.249380996636292,23,0,2,0,16,6,1,-314.0,False
60,2692,0,1,68,338.0,6.181021572141618,24,0,2,0,18,6,0,-338.0,False
60,2693,0,1,69,365.0,6.22425670182103,28,0,2,0,22,6,0,-365.0,False
60,2694,0,1,67,392.0,6.094849224939501,27,0,2,0,21,6,0,-392.0,False
60,2695,0,1,66,421.0,6.185540251377844,29,0,2,0,23,6,0,-421.0,False
60,2696,0,1,66,451.0,6.02751752284616,31,0,2,0,23,7,1,-451.0,False
60,2697,0,1,65,481.0,5.76393647003968,31,0,2,0,24,7,0,-481.0,False
60,2698,0,1,64,512.0,5.6677975462122125,31,0,2,0,23,8,0,-512.0,False
61,2699,1,0,62,544.0,5.510152387776503,32,1,3,0,24,8,0,0.0,False
61,2700,1,0,62,576.0,5.450068487864204,32,1,3,0,24,8,0,0.0,False
61,2701,1,0,66,609.0,4.903496922561686,38,1,3,2,26,10,0,0.0,False
61,2702,1,0,66,381.0,5.09636996883214,26,2,0,0,21,4,1,-381.0,False
61,2703,1,0,65,246.0,5.436843637890486,17,2,0,0,17,0,0,-246.0,False
61,2704,1,0,65,172.0,5.883168663550254,14,2,0,0,13,0,1,-172.0,False
61,2705,1,0,65,111.0,6.227749096130628,13,2,0,0,12,0,1,-111.0,False
61,2706,1,0,64,59.0,6.869455123751454,8,2,0,0,7,0,1,-59.0,False
61,2707,1,0,64,18.0,7.480509287785477,6,2,0,0,4,0,2,-18.0,False
61,2708,1,0,63,7.0,8.322201778409314,2,2,0,0,1,0,1,-7.0,False
61,2709,1,0,63,7.0,8.771943466448567,3,2,0,1,1,0,1,-7.0,False
61,2710,1,0,62,10.0,9.201534365228051,3,2,0,1,0,0,2,-10.0,False
61,2711,1,0,62,14.0,9.774841354033342,4,2,0,2,0,0,2,-14.0,False
61,2712,1,0,62,18.0,10.030516924745022,5,2,0,2,0,0,3,-18.0,False
61,2713,1,0,67,22.0,9.65091504454682,9,2,0,4,1,2,2,-22.0,False
61,2714,1,0,67,26.0,10.09512830967821,4,2,0,2,0,0,2,-26.0,False
61,2715,1,0,67,30.0,10.548865615168406,4,2,0,2,0,0,2,-30.0,False
61,2716,1,0,67,35.0,10.784409878717007,5,2,0,2,0,0,3,-35.0,False
61,2717,1,0,69,40.0,10.678465708322362,7,2,0,2,1,0,4,-40.0,False
61,2718,1,0,69,45.0,10.748665253776387,5,2,0,2,0,0,3,-45.0,False
61,2719,1,0,69,50.0,10.883327578070693,5,2,0,2,0,0,3,-50.0,False
61,2720,1,0,66,57.0,10.726135523606013,7,2,0,3,0,0,4,-57.0,False
61,2721,1,0,66,64.0,10.525420579662072,8,2,0,3,1,0,4,-64.0,False
61,2722,1,0,65,72.0,10.285199556304363,9,2,0,4,0,0,5,-72.0,False
61,2723,1,0,63,81.0,10.331074147592153,9,2,0,4,0,0,5,-81.0,False
61,2724,1,0,62,90.0,10.346937823709993,9,2,0,4,0,0,5,-90.0,False
61,2725,1,0,66,99.0,9.578774238979111,14,2,0,6,1,2,5,-99.0,False
61,2726,1,0,66,108.0,9.66926198305317,9,2,0,4,0,0,5,-108.0,False
61,2727,1,0,67,117.0,9.627189184570096,10,2,0,4,0,0,6,-117.0,False
61,2728,1,0,65,126.0,9.709467745990032,9,2,0,4,0,0,5,-126.0,False
61,2729,1,0,66,136.0,9.496161221595722,11,2,0,4,1,0,6,-136.0,False
61,2730,1,0,65,146.0,9.192661660280411,10,2,0,4,0,0,6,-146.0,False
61,2731,1,0,64,157.0,8.894227751588035,11,2,0,4,0,0,7,-157.0,False
61,2732,1,0,64,169.0,8.42343110578126,13,2,0,5,0,0,8,-169.0,False
61,2733,1,0,64,181.0,8.041156005239799,13,2,0,5,1,0,7,-181.0,False
61,2734,1,0,63,196.0,7.649362203274493,15,2,0,6,0,0,9,-196.0,False
61,2735,1,0,62,212.0,7.451419219283292,16,2,0,6,0,0,10,-212.0,False
61,2736,1,0,59,229.0,6.900200606858997,17,2,0,6,0,0,11,-229.0,False
61,2737,1,0,64,247.0,6.178510778081118,23,2,0,8,1,2,12,-247.0,False
61,2738,1,0,63,268.0,5.8697442173316,22,2,0,6,0,0,16,-268.0,False
61,2739,1,0,63,289.0,5.742799946556187,21,2,0,6,0,0,15,-289.0,False
61,2740,1,0,63,312.0,5.71252637944268,23,2,0,6,0,0,17,-312.0,False
61,2741,1,0,64,337.0,5.582872260050547,26,2,0,6,1,0,19,-337.0,False
61,2742,1,0,62,363.0,5.222382439439726,26,2,0,6,0,0,20,-363.0,False
61,2743,1,0,63,392.0,5.165668598323829,30,2,0,6,0,0,24,-392.0,False
62,2744,0,1,61,422.0,4.91115690545565,30,3,1,7,0,0,23,0.0,False
62,2745,0,1,62,455.0,4.715033900901184,34,3,1,7,1,0,26,0.0,False
62,2746,0,1,60,489.0,4.4057445750084865,34,3,1,7,0,0,27,0.0,False
62,2747,0,1,60,281.0,4.631754905231563,27,0,2,4,0,0,23,-281.0,False
62,2748,0,1,61,183.0,5.001869400905141,22,0,2,0,1,0,21,-183.0,False
62,2749,0,1,65,131.0,4.988176475273801,23,0,2,2,2,2,17,-131.0,False
62,2750,0,1,64,95.0,5.504253401740765,14,0,2,0,1,0,13,-95.0,False
62,2751,0,1,64,74.0,6.222957855984118,11,0,2,0,1,0,10,-74.0,False
62,2752,0,1,64,63.0,7.000847946322029,9,0,2,0,1,0,8,-63.0,False
62,2753,0,1,66,51.0,7.531144803903201,9,0,2,0,2,0,7,-51.0,False
62,2754,0,1,66,49.0,8.261321741245208,7,0,2,0,2,0,5,-49.0,False
62,2755,0,1,66,34.0,8.931448876645558,6,0,2,0,2,0,4,-34.0,False
62,2756,0,1,66,28.0,9.376671398588181,5,0,2,0,2,0,3,-28.0,False
62,2757,0,1,67,18.0,9.432564530654021,5,0,2,0,3,1,1,-18.0,False
62,2758,0,1,67,18.0,9.535441157604216,4,0,2,0,2,1,1,-18.0,False
62,2759,0,1,67,23.0,9.776819599428162,5,0,2,0,3,2,0,-23.0,False
62,2760,0,1,67,29.0,10.00358811861182,6,0,2,0,4,2,0,-29.0,False
62,2761,0,1,72,35.0,9.571100439861437,11,0,2,2,5,4,0,-35.0,False
62,2762,0,1,71,41.0,9.931477738631287,6,0,2,0,4,2,0,-41.0,False
62,2763,0,1,72,48.0,10.01842097351156,8,0,2,0,5,2,1,-48.0,False
62,2764,0,1,72,55.0,10.324494319656523,7,0,2,0,5,2,0,-55.0,False
62,2765,0,1,71,62.0,10.39918623088899,8,0,2,0,6,2,0,-62.0,False
62,2766,0,1,70,69.0,10.475340847309315,7,0,2,0,5,2,0,-69.0,False
62,2767,0,1,69,76.0,10.39358969203405,7,0,2,0,5,2,0,-76.0,False
62,2768,0,1,69,84.0,10.160605822925342,9,0,2,0,6,2,1,-84.0,False
62,2769,0,1,68,92.0,10.018970809168671,9,0,2,0,7,2,0,-92.0,False
62,2770,0,1,67,102.0,10.058974892932843,10,0,2,0,6,4,0,-102.0,False
62,2771,0,1,66,112.0,9.947659560866624,10,0,2,0,6,4,0,-112.0,False
62,2772,0,1,65,123.0,9.888347035691709,11,0,2,0,7,4,0,-123.0,False
62,2773,0,1,70,134.0,8.977303221108595,16,0,2,2,8,6,0,-134.0,False
62,2774,0,1,70,145.0,8.81444931304491,12,0,2,0,7,4,1,-145.0,False
62,2775,0,1,70,157.0,8.802249127293173,12,0,2,0,8,4,0,-157.0,False
62,2776,0,1,68,171.0,8.501685470149967,14,0,2,0,10,4,0,-171.0,False
62,2777,0,1,68,185.0,7.990394979458552,15,0,2,0,11,4,0,-185.0,False
62,2778,0,1,67,200.0,7.707899184373306,15,0,2,0,11,4,0,-200.0,False
62,2779,0,1,67,218.0,7.479220545117373,19,0,2,0,14,4,1,-218.0,False
62,2780,0,1,66,237.0,7.2334516746629225,19,0,2,0,14,5,0,-237.0,False
62,2781,0,1,65,258.0,6.866473215212538,22,0,2,0,17,5,0,-258.0,False
62,2782,0,1,65,280.0,6.7047436575352,22,0,2,0,16,6,0,-280.0,False
62,2783,0,1,63,303.0,6.354360482446045,23,0,2,0,17,6,0,-303.0,False
62,2784,0,1,62,328.0,5.9855721861563485,26,0,2,0,19,6,1,-328.0,False
62,2785,0,1,66,356.0,5.510007286675254,33,0,2,2,23,8,0,-356.0,False
62,2786,0,1,65,386.0,5.548765949936718,30,0,2,0,24,6,0,-386.0,False
62,2787,0,1,65,416.0,5.726570210917293,30,0,2,0,24,6,0,-416.0,False
62,2788,0,1,65,446.0,5.746171560844041,30,0,2,0,24,6,0,-446.0,False
63,2789,1,0,66,476.0,5.6058498799457634,32,1,3,0,25,6,1,0.0,False
63,2790,1,0,64,506.0,5.454919969694321,30,1,3,0,24,6,0,0.0,False
63,2791,1,0,63,537.0,5.143174039179468,31,1,3,0,25,6,0,0.0,False
63,2792,1,0,61,334.0,5.0386443651598976,24,2,0,0,21,3,0,-334.0,False
63,2793,1,0,62,231.0,5.288406663000954,19,2,0,1,18,0,0,-231.0,False
63,2794,1,0,61,162.0,5.309996259839064,17,2,0,1,14,0,2,-162.0,False
63,2795,1,0,59,108.0,5.625953237717281,14,2,0,2,11,0,1,-108.0,False
63,2796,1,0,57,66.0,6.101909170743446,10,2,0,2,7,0,1,-66.0,False
63,2797,1,0,62,32.0,6.398303612971025,12,2,0,4,4,2,2,-32.0,False
63,2798,1,0,62,22.0,7.125891472107166,5,2,0,2,1,0,2,-22.0,False
63,2799,1,0,63,21.0,7.796027796498258,5,2,0,2,0,0,3,-21.0,False
63,2800,1,0,63,25.0,8.602751656238429,4,2,0,2,0,0,2,-25.0,False
63,2801,1,0,64,29.0,8.99927045786017,5,2,0,2,1,0,2,-29.0,False
63,2802,1,0,64,33.0,9.549174176584385,4,2,0,2,0,0,2,-33.0,False
63,2803,1,0,64,38.0,9.865451869738703,5,2,0,2,0,0,3,-38.0,False
63,2804,1,0,65,43.0,10.01917802910612,6,2,0,2,0,0,4,-43.0,False
63,2805,1,0,66,49.0,10.070612294732554,7,2,0,3,1,0,3,-49.0,False
63,2806,1,0,66,57.0,10.394789509052803,8,2,0,4,0,0,4,-57.0,False
63,2807,1,0,66,65.0,10.612655964057897,8,2,0,4,0,0,4,-65.0,False
63,2808,1,0,66,73.0,10.697184408807887,8,2,0,4,0,0,4,-73.0,False
63,2809,1,0,71,81.0,9.881118664857054,13,2,0,6,1,2,4,-81.0,False
63,2810,1,0,71,89.0,9.816767144298733,9,2,0,4,0,0,5,-89.0,False
63,2811,1,0,69,97.0,9.962077387484031,8,2,0,4,0,0,4,-97.0,False
63,2812,1,0,68,106.0,10.102433641868434,9,2,0,4,0,0,5,-106.0,False
63,2813,1,0,67,115.0,9.984574393584285,10,2,0,4,1,0,5,-115.0,False
63,2814,1,0,66,124.0,9.972977354222788,9,2,0,4,0,0,5,-124.0,False
63,2815,1,0,67,134.0,9.923198944596985,11,2,0,5,0,0,6,-134.0,False
63,2816,1,0,66,145.0,9.874604847290383,11,2,0,6,0,0,5,-145.0,False
63,2817,1,0,67,157.0,9.554769100068283,13,2,0,6,1,0,6,-157.0,False
63,2818,1,0,63,169.0,9.294439711270844,12,2,0,6,0,0,6,-169.0,False
63,2819,1,0,63,182.0,9.23315282511642,13,2,0,6,0,0,7,-182.0,False
63,2820,1,0,63,195.0,8.98327492246478,14,2,0,6,0,0,8,-195.0,False
63,2821,1,0,68,209.0,8.074047162089805,19,2,0,8,1,2,8,-209.0,False
63,2822,1,0,67,223.0,7.950874314625907,14,2,0,6,0,0,8,-223.0,False
63,2823,1,0,65,238.0,7.729980194939007,15,2,0,6,0,0,9,-238.0,False
63,2824,1,0,64,254.0,7.567550322554487,16,2,0,6,0,0,10,-254.0,False
63,2825,1,0,65,272.0,6.984747643646425,20,2,0,6,1,0,13,-272.0,False
63,2826,1,0,64,292.0,6.715733664396977,20,2,0,6,0,0,14,-292.0,False
63,2827,1,0,64,312.0,6.506450807931594,20,2,0,6,0,0,14,-312.0,False
63,2828,1,0,62,335.0,6.280229675916304,23,2,0,7,0,0,16,-335.0,False
63,2829,1,0,62,359.0,5.9071607573538065,25,2,0,7,1,0,17,-359.0,False
63,2830,1,0,61,384.0,5.438086205050075,26,2,0,7,0,0,19,-384.0,False
63,2831,1,0,61,412.0,5.440261661261465,28,2,0,8,0,0,20,-412.0,False
63,2832,1,0,60,441.0,5.1997747948896444,29,2,0,8,0,0,21,-441.0,False
63,2833,1,0,65,471.0,4.8802002808276965,35,2,0,10,1,2,22,-471.0,False
64,2834,0,1,64,503.0,4.705354657921694,32,3,1,8,0,0,24,0.0,False
64,2835,0,1,64,536.0,4.636448916276714,34,3,1,8,0,0,26,0.0,False
64,2836,0,1,63,569.0,4.448183794758971,33,3,1,8,0,0,25,0.0,False
64,2837,0,1,64,332.0,4.367222451699403,28,0,2,4,1,0,23,-332.0,False
64,2838,0,1,63,196.0,4.5923102678992045,20,0,2,0,0,0,20,-196.0,False
64,2839,0,1,63,138.0,4.975575508810795,18,0,2,0,1,0,17,-138.0,False
64,2840,0,1,64,95.0,5.635927048573254,15,0,2,0,1,0,14,-95.0,False
64,2841,0,1,65,70.0,6.296011945680887,13,0,2,0,3,1,9,-70.0,False
64,2842,0,1,65,59.0,7.041033212162511,10,0,2,0,2,1,7,-59.0,False
64,2843,0,1,63,49.0,7.4607843175653095,9,0,2,0,2,2,5,-49.0,False
64,2844,0,1,63,40.0,8.099994512981446,8,0,2,0,2,2,4,-40.0,False
64,2845,0,1,68,31.0,8.055922450476825,12,0,2,2,3,4,3,-31.0,False
64,2846,0,1,69,26.0,8.284072741712972,6,0,2,0,2,2,2,-26.0,False
64,2847,0,1,69,29.0,8.860773679764158,5,0,2,0,3,2,0,-29.0,False
64,2848,0,1,69,35.0,9.391215591660387,6,0,2,0,4,2,0,-35.0,False
64,2849,0,1,70,41.0,9.581539743125376,7,0,2,0,5,2,0,-41.0,False
64,2850,0,1,70,47.0,9.800286636400237,6,0,2,0,4,2,0,-47.0,False
64,2851,0,1,71,53.0,10.003097889422046,7,0,2,0,4,2,1,-53.0,False
64,2852,0,1,71,61.0,10.100666560459867,8,0,2,0,5,3,0,-61.0,False
64,2853,0,1,72,69.0,10.032599894621994,9,0,2,0,6,3,0,-69.0,False
64,2854,0,1,72,78.0,10.182121458259227,9,0,2,0,5,4,0,-78.0,False
64,2855,0,1,70,87.0,10.24721752628819,9,0,2,0,5,4,0,-87.0,False
64,2856,0,1,69,97.0,10.05581415607838,11,0,2,0,6,4,1,-97.0,False
64,2857,0,1,73,107.0,9.352501087474996,15,0,2,2,7,6,0,-107.0,False
64,2858,0,1,71,117.0,9.380324813569905,10,0,2,0,6,4,0,-117.0,False
64,2859,0,1,69,128.0,9.437473450389483,11,0,2,0,7,4,0,-128.0,False
64,2860,0,1,68,139.0,9.509504623715866,11,0,2,0,7,4,0,-139.0,False
64,2861,0,1,70,150.0,9.35137478537026,13,0,2,0,8,4,1,-150.0,False
64,2862,0,1,70,161.0,9.37262876018655,11,0,2,0,7,4,0,-161.0,False
64,2863,0,1,69,172.0,9.309400696943554,11,0,2,0,7,4,0,-172.0,False
64,2864,0,1,68,184.0,9.295329419039746,12,0,2,0,7,5,0,-184.0,False
64,2865,0,1,68,197.0,8.966846092226767,14,0,2,0,9,5,0,-197.0,False
64,2866,0,1,68,212.0,8.549388220199077,16,0,2,0,10,5,1,-212.0,False
64,2867,0,1,66,228.0,8.15305532044797,16,0,2,0,11,5,0,-228.0,False
64,2868,0,1,65,244.0,7.807636849521629,16,0,2,0,11,5,0,-244.0,False
64,2869,0,1,70,262.0,6.8962943433312915,23,0,2,2,13,8,0,-262.0,False
64,2870,0,1,70,281.0,6.772518410926462,19,0,2,0,13,6,0,-281.0,False
64,2871,0,1,69,300.0,6.518230786493886,20,0,2,0,13,6,1,-300.0,False
64,2872,0,1,68,321.0,6.4455128690111785,21,0,2,0,15,6,0,-321.0,False
64,2873,0,1,68,344.0,6.1881553443295125,24,0,2,0,18,6,0,-344.0,False
64,2874,0,1,66,368.0,6.077449230802047,24,0,2,0,18,6,0,-368.0,False
64,2875,0,1,66,392.0,6.08317713866918,24,0,2,0,18,6,0,-392.0,False
64,2876,0,1,66,418.0,5.9297704532700255,27,0,2,0,20,6,1,-418.0,False
64,2877,0,1,66,447.0,5.714556450410848,30,0,2,0,23,7,0,-447.0,False
64,2878,0,1,64,479.0,5.484210319249769,32,0,2,0,24,8,0,-479.0,False
65,2879,1,0,64,512.0,5.369052475159047,33,1,3,0,25,8,0,0.0,False
65,2880,1,0,62,545.0,5.125594037436037,33,1,3,0,25,8,0,0.0,False
65,2881,1,0,67,579.0,4.619315903976267,39,1,3,2,27,10,0,0.0,False
65,2882,1,0,65,354.0,4.644770292349655,29,2,0,0,24,4,1,-354.0,False
65,2883,1,0,64,232.0,5.097746534054864,20,2,0,0,20,0,0,-232.0,False
65,2884,1,0,62,166.0,5.5906063600323685,17,2,0,0,16,0,1,-166.0,False
65,2885,1,0,62,110.0,6.046525206824909,14,2,0,0,13,0,1,-110.0,False
65,2886,1,0,62,65.0,6.747363878853064,9,2,0,0,8,0,1,-65.0,False
65,2887,1,0,63,36.0,7.461165938515578,7,2,0,0,5,0,2,-36.0,False
65,2888,1,0,63,14.0,8.280407564875045,3,2,0,0,2,0,1,-14.0,False
65,2889,1,0,64,7.0,8.753515648479269,3,2,0,1,1,0,1,-7.0,False
65,2890,1,0,63,9.0,9.241147749901492,2,2,0,1,0,0,1,-9.0,False
65,2891,1,0,62,12.0,9.500529571942844,3,2,0,2,0,0,1,-12.0,False
65,2892,1,0,63,16.0,9.807783544875921,5,2,0,2,0,0,3,-16.0,False
65,2893,1,0,68,21.0,9.482232964548482,10,2,0,4,1,2,3,-21.0,False
65,2894,1,0,68,26.0,9.877011527659079,5,2,0,2,0,0,3,-26.0,False
65,2895,1,0,68,31.0,10.251089919442116,5,2,0,2,0,0,3,-31.0,False
65,2896,1,0,68,36.0,10.510898550211758,5,2,0,2,0,0,3,-36.0,False
65,2897,1,0,70,41.0,10.433218659164252,7,2,0,2,1,0,4,-41.0,False
65,2898,1,0,70,47.0,10.624424137451314,6,2,0,2,0,0,4,-47.0,False
65,2899,1,0,70,53.0,10.710343801035556,6,2,0,2,0,0,4,-53.0,False
65,2900,1,0,68,59.0,10.457934504570927,6,2,0,2,0,0,4,-59.0,False
65,2901,1,0,67,67.0,10.211457949013786,9,2,0,4,1,0,4,-67.0,False
65,2902,1,0,65,75.0,10.03670048861017,9,2,0,4,0,0,5,-75.0,False
65,2903,1,0,65,84.0,10.18390584570449,9,2,0,4,0,0,5,-84.0,False
65,2904,1,0,63,93.0,10.20748077017311,9,2,0,4,0,0,5,-93.0,False
65,2905,1,0,68,102.0,9.415430719545597,14,2,0,6,1,2,5,-102.0,False
65,2906,1,0,68,111.0,9.567205944395365,9,2,0,4,0,0,5,-111.0,False
65,2907,1,0,69,120.0,9.572234368615561,10,2,0,4,0,0,6,-120.0,False
65,2908,1,0,67,129.0,9.674954332088506,9,2,0,4,0,0,5,-129.0,False
65,2909,1,0,67,139.0,9.332705463596103,11,2,0,4,1,0,6,-139.0,False
65,2910,1,0,67,149.0,9.18485067315099,10,2,0,4,0,0,6,-149.0,False
65,2911,1,0,66,160.0,8.832570899446049,11,2,0,4,0,0,7,-160.0,False
65,2912,1,0,66,172.0,8.332943907791945,13,2,0,5,0,0,8,-172.0,False
65,2913,1,0,67,186.0,8.009756099079613,15,2,0,5,1,0,9,-186.0,False
65,2914,1,0,64,203.0,7.6081018454224125,17,2,0,5,0,0,12,-203.0,False
65,2915,1,0,64,221.0,7.53133880408442,18,2,0,6,0,0,12,-221.0,False
65,2916,1,0,62,239.0,7.305941124040035,18,2,0,6,0,0,12,-239.0,False
65,2917,1,0,66,259.0,6.430838159129181,25,2,0,8,1,2,14,-259.0,False
65,2918,1,0,65,282.0,6.087383048366478,24,2,0,6,0,0,18,-282.0,False
65,2919,1,0,63,305.0,5.8002609063908075,23,2,0,6,0,0,17,-305.0,False
65,2920,1,0,63,329.0,5.751942562654145,24,2,0,6,0,0,18,-329.0,False
65,2921,1,0,62,354.0,5.261606630695912,26,2,0,6,1,0,19,-354.0,False
65,2922,1,0,62,380.0,5.2981025177416,26,2,0,6,0,0,20,-380.0,False
65,2923,1,0,62,408.0,5.047696195577091,29,2,0,6,0,0,23,-408.0,False
66,2924,0,1,60,437.0,4.668272229615146,29,3,1,6,0,0,23,0.0,False
66,2925,0,1,61,468.0,4.490375185827701,32,3,1,7,1,0,24,0.0,False
66,2926,0,1,61,502.0,4.458084476513976,34,3,1,8,0,0,26,0.0,False
66,2927,0,1,61,295.0,4.523595374436192,27,0,2,4,0,0,23,-295.0,False
66,2928,0,1,59,186.0,4.394892180419035,21,0,2,0,1,0,20,-186.0,False
66,2929,0,1,64,131.0,4.439915074327281,23,0,2,2,2,2,17,-131.0,False
66,2930,0,1,64,94.0,5.148120688823139,16,0,2,0,2,0,14,-94.0,False
66,2931,0,1,64,74.0,5.932425283235657,12,0,2,0,2,0,10,-74.0,False
66,2932,0,1,64,63.0,6.8247773445218,10,0,2,0,2,0,8,-63.0,False
66,2933,0,1,66,52.0,7.327085727254218,11,0,2,0,4,0,7,-52.0,False
66,2934,0,1,66,42.0,8.016085708822366,8,0,2,0,3,0,5,-42.0,False
66,2935,0,1,66,33.0,8.471099887766592,6,0,2,0,3,0,3,-33.0,False
66,2936,0,1,66,32.0,8.94502475368055,5,0,2,0,3,0,2,-32.0,False
66,2937,0,1,67,28.0,8.978029642393999,6,0,2,0,4,1,1,-28.0,False
66,2938,0,1,67,29.0,9.148966194828796,6,0,2,0,3,2,1,-29.0,False
66,2939,0,1,67,35.0,9.513174969675653,6,0,2,0,4,2,0,-35.0,False
66,2940,0,1,67,42.0,9.84402062049025,7,0,2,0,5,2,0,-42.0,False
66,2941,0,1,72,49.0,9.403826054892532,12,0,2,2,6,4,0,-49.0,False
66,2942,0,1,71,56.0,9.781568019465686,7,0,2,0,5,2,0,-56.0,False
66,2943,0,1,72,63.0,9.947986322213,8,0,2,0,5,2,1,-63.0,False
66,2944,0,1,72,70.0,10.248662389891736,7,0,2,0,5,2,0,-70.0,False
66,2945,0,1,71,77.0,10.193967602837812,8,0,2,0,6,2,0,-77.0,False
66,2946,0,1,70,84.0,10.294924698949947,7,0,2,0,5,2,0,-84.0,False
66,2947,0,1,69,91.0,10.171563456904801,7,0,2,0,5,2,0,-91.0,False
66,2948,0,1,68,99.0,9.873957867626785,9,0,2,0,6,2,1,-99.0,False
66,2949,0,1,68,108.0,9.669211163266688,10,0,2,0,7,3,0,-108.0,False
66,2950,0,1,67,119.0,9.75930456438773,11,0,2,0,7,4,0,-119.0,False
66,2951,0,1,66,130.0,9.634880056135769,11,0,2,0,7,4,0,-130.0,False
66,2952,0,1,66,141.0,9.678350481297107,11,0,2,0,7,4,0,-141.0,False
66,2953,0,1,69,153.0,8.749715502757,17,0,2,2,9,6,0,-153.0,False
66,2954,0,1,70,166.0,8.568648397373696,14,0,2,0,9,4,1,-166.0,False
66,2955,0,1,68,180.0,8.521126127310183,14,0,2,0,10,4,0,-180.0,False
66,2956,0,1,68,194.0,8.403940823276425,14,0,2,0,10,4,0,-194.0,False
66,2957,0,1,69,208.0,7.954622975130808,15,0,2,0,11,4,0,-208.0,False
66,2958,0,1,67,222.0,7.5761765532463885,14,0,2,0,10,4,0,-222.0,False
66,2959,0,1,68,238.0,7.2588854759317165,17,0,2,0,12,4,1,-238.0,False
66,2960,0,1,66,257.0,6.931228450628953,19,0,2,0,15,4,0,-257.0,False
66,2961,0,1,67,278.0,6.658321683828793,22,0,2,0,17,5,0,-278.0,False
66,2962,0,1,66,300.0,6.613664305733423,22,0,2,0,17,5,0,-300.0,False
66,2963,0,1,63,325.0,6.355161665054492,25,0,2,0,19,6,0,-325.0,False
66,2964,0,1,63,351.0,6.064655542706295,27,0,2,0,20,6,1,-351.0,False
66,2965,0,1,67,378.0,5.587678452634398,32,0,2,2,22,8,0,-378.0,False
66,2966,0,1,66,406.0,5.586627939113263,28,0,2,0,22,6,0,-406.0,False
66,2967,0,1,65,436.0,5.597878023471836,30,0,2,0,24,6,0,-436.0,False
66,2968,0,1,65,466.0,5.591434195835679,30,0,2,0,24,6,0,-466.0,False
67,2969,1,0,66,496.0,5.267118713695336,32,1,3,0,25,6,1,0.0,False
67,2970,1,0,66,526.0,5.3672391563308235,30,1,3,0,24,6,0,0.0,False
67,2971,1,0,64,559.0,5.094311266301063,33,1,3,0,27,6,0,0.0,False
67,2972,1,0,64,354.0,5.2515064027497065,26,2,0,0,23,3,0,-354.0,False
67,2973,1,0,63,251.0,5.412941354578691,21,2,0,1,20,0,0,-251.0,False
67,2974,1,0,62,181.0,5.503926715232165,17,2,0,1,15,0,1,-181.0,False
67,2975,1,0,61,121.0,6.068398073186125,13,2,0,2,11,0,0,-121.0,False
67,2976,1,0,59,70.0,6.440245271782099,10,2,0,2,7,0,1,-70.0,False
67,2977,1,0,63,31.0,6.45333006626542,11,2,0,4,4,2,1,-31.0,False
67,2978,1,0,63,14.0,7.252340508942966,4,2,0,2,1,0,1,-14.0,False
67,2979,1,0,64,16.0,7.845333947674949,4,2,0,2,0,0,2,-16.0,False
67,2980,1,0,64,19.0,8.559996109992063,3,2,0,2,0,0,1,-19.0,False
67,2981,1,0,65,23.0,8.934172701455678,5,2,0,2,1,0,2,-23.0,False
67,2982,1,0,65,27.0,9.545045113444896,4,2,0,2,0,0,2,-27.0,False
67,2983,1,0,65,31.0,9.972631655277324,4,2,0,2,0,0,2,-31.0,False
67,2984,1,0,66,35.0,10.077596798869175,5,2,0,2,0,0,3,-35.0,False
67,2985,1,0,67,40.0,10.193136325876335,6,2,0,3,1,0,2,-40.0,False
67,2986,1,0,67,46.0,10.397559580000792,6,2,0,4,0,0,2,-46.0,False
67,2987,1,0,67,53.0,10.582990266394212,7,2,0,4,0,0,3,-53.0,False
67,2988,1,0,67,60.0,10.64928373458162,7,2,0,4,0,0,3,-60.0,False
67,2989,1,0,72,67.0,9.882968649472751,12,2,0,6,1,2,3,-67.0,False
67,2990,1,0,71,74.0,9.798178387937355,8,2,0,4,0,0,4,-74.0,False
67,2991,1,0,69,81.0,9.860272003488287,7,2,0,4,0,0,3,-81.0,False
67,2992,1,0,68,88.0,9.951285236570543,7,2,0,4,0,0,3,-88.0,False
67,2993,1,0,67,96.0,9.591714323226144,9,2,0,4,1,0,4,-96.0,False
67,2994,1,0,67,104.0,9.651645897884425,8,2,0,4,0,0,4,-104.0,False
67,2995,1,0,67,112.0,9.595332455188982,9,2,0,4,0,0,5,-112.0,False
67,2996,1,0,67,122.0,9.672982690443718,10,2,0,5,0,0,5,-122.0,False
67,2997,1,0,66,132.0,9.302224035429472,11,2,0,5,1,0,5,-132.0,False
67,2998,1,0,66,143.0,9.407371885406747,11,2,0,6,0,0,5,-143.0,False
67,2999,1,0,65,154.0,9.184553989392782,11,2,0,6,0,0,5,-154.0,False
67,3000,1,0,65,166.0,8.816523923927416,13,2,0,6,0,0,7,-166.0,False
67,3001,1,0,70,178.0,8.082895629779015,17,2,0,8,1,2,6,-178.0,False
67,3002,1,0,69,192.0,8.176561235676331,14,2,0,6,0,0,8,-192.0,False
67,3003,1,0,68,207.0,8.162752833072926,15,2,0,6,0,0,9,-207.0,False
67,3004,1,0,66,222.0,8.000918482697132,15,2,0,6,0,0,9,-222.0,False
67,3005,1,0,68,238.0,7.645137540162747,18,2,0,6,1,0,11,-238.0,False
67,3006,1,0,66,254.0,7.4080878745652115,16,2,0,6,0,0,10,-254.0,False
67,3007,1,0,65,273.0,7.32176369094583,19,2,0,6,0,0,13,-273.0,False
67,3008,1,0,64,293.0,6.846444865492019,20,2,0,6,0,0,14,-293.0,False
67,3009,1,0,64,314.0,6.436838980638429,22,2,0,7,1,0,14,-314.0,False
67,3010,1,0,64,335.0,6.047756386637328,22,2,0,7,0,0,15,-335.0,False
67,3011,1,0,63,359.0,5.833117075309374,24,2,0,8,0,0,16,-359.0,False
67,3012,1,0,63,385.0,5.788025814352118,26,2,0,8,0,0,18,-385.0,False
67,3013,1,0,66,413.0,5.044459124235091,33,2,0,10,1,2,20,-413.0,False
68,3014,0,1,64,442.0,4.837999587492641,29,3,1,8,0,0,21,0.0,False
68,3015,0,1,65,472.0,4.864552818981716,31,3,1,8,0,0,23,0.0,False
68,3016,0,1,63,503.0,4.645439295210944,31,3,1,8,0,0,23,0.0,False
68,3017,0,1,64,269.0,4.695106314995247,25,0,2,4,1,0,20,-269.0,False
68,3018,0,1,63,143.0,4.8315095681054645,17,0,2,0,0,0,17,-143.0,False
68,3019,0,1,63,96.0,5.255933423484503,16,0,2,0,0,0,16,-96.0,False
68,3020,0,1,64,67.0,5.736479571720737,14,0,2,0,1,0,13,-67.0,False
68,3021,0,1,65,58.0,6.273567068855436,13,0,2,0,3,1,9,-58.0,False
68,3022,0,1,64,51.0,6.962224938303939,11,0,2,0,2,2,7,-51.0,False
68,3023,0,1,63,44.0,7.626621040895071,10,0,2,0,2,2,6,-44.0,False
68,3024,0,1,63,37.0,8.329543279974402,8,0,2,0,2,2,4,-37.0,False
68,3025,0,1,68,30.0,8.022817370850285,11,0,2,2,3,4,2,-30.0,False
68,3026,0,1,69,29.0,8.40748351915591,7,0,2,0,2,2,3,-29.0,False
68,3027,0,1,69,31.0,8.957347999120971,6,0,2,0,3,2,1,-31.0,False
68,3028,0,1,69,34.0,9.277457099577129,5,0,2,0,3,2,0,-34.0,False
68,3029,0,1,70,39.0,9.463081394223495,6,0,2,0,4,2,0,-39.0,False
68,3030,0,1,70,45.0,9.71951353864298,6,0,2,0,4,2,0,-45.0,False
68,3031,0,1,71,51.0,9.761892749212507,7,0,2,0,4,2,1,-51.0,False
68,3032,0,1,71,57.0,9.910129707764998,6,0,2,0,4,2,0,-57.0,False
68,3033,0,1,72,65.0,9.9030092365006,9,0,2,0,6,3,0,-65.0,False
68,3034,0,1,72,73.0,10.034063867553673,8,0,2,0,5,3,0,-73.0,False
68,3035,0,1,70,82.0,10.06344958950282,9,0,2,0,5,4,0,-82.0,False
68,3036,0,1,70,91.0,9.851733865182718,10,0,2,0,5,4,1,-91.0,False
68,3037,0,1,73,101.0,9.191546486899135,15,0,2,2,7,6,0,-101.0,False
68,3038,0,1,72,111.0,9.35156846405333,10,0,2,0,6,4,0,-111.0,False
68,3039,0,1,69,121.0,9.194525388758578,10,0,2,0,6,4,0,-121.0,False
68,3040,0,1,69,131.0,9.386310411011662,10,0,2,0,6,4,0,-131.0,False
68,3041,0,1,70,142.0,9.099859487063927,13,0,2,0,8,4,1,-142.0,False
68,3042,0,1,70,153.0,9.139846929333679,11,0,2,0,7,4,0,-153.0,False
68,3043,0,1,68,164.0,9.041857138005556,11,0,2,0,7,4,0,-164.0,False
68,3044,0,1,68,175.0,8.93989418355288,11,0,2,0,7,4,0,-175.0,False
68,3045,0,1,69,189.0,8.638008150529682,15,0,2,0,11,4,0,-189.0,False
68,3046,0,1,67,204.0,8.1821552348345,16,0,2,0,11,4,1,-204.0,False
68,3047,0,1,67,221.0,7.985412587336998,17,0,2,0,11,6,0,-221.0,False
68,3048,0,1,67,238.0,7.800326612247654,17,0,2,0,11,6,0,-238.0,False
68,3049,0,1,71,256.0,6.889857823301947,23,0,2,2,13,8,0,-256.0,False
68,3050,0,1,71,277.0,6.906876677943951,21,0,2,0,15,6,0,-277.0,False
68,3051,0,1,70,299.0,6.746923787549758,23,0,2,0,16,6,1,-299.0,False
68,3052,0,1,69,322.0,6.537501326579408,23,0,2,0,17,6,0,-322.0,False
68,3053,0,1,70,345.0,6.469769131416294,24,0,2,0,18,6,0,-345.0,False
68,3054,0,1,69,370.0,6.25810791222369,25,0,2,0,19,6,0,-370.0,False
68,3055,0,1,68,396.0,6.0986086717419,26,0,2,0,20,6,0,-396.0,False
68,3056,0,1,68,423.0,5.8919331281104546,28,0,2,0,21,6,1,-423.0,False
68,3057,0,1,68,453.0,5.7825918006826615,31,0,2,0,24,7,0,-453.0,False
68,3058,0,1,64,484.0,5.412172330956837,31,0,2,0,24,7,0,-484.0,False
69,3059,1,0,64,517.0,5.492114201803655,33,1,3,0,25,8,0,0.0,False
69,3060,1,0,62,550.0,5.218330713012365,33,1,3,0,25,8,0,0.0,False
69,3061,1,0,66,583.0,4.570001433083522,38,1,3,2,26,10,0,0.0,False
69,3062,1,0,67,356.0,4.900112622656693,27,2,0,0,22,4,1,-356.0,False
69,3063,1,0,66,237.0,5.332514989927844,19,2,0,0,19,0,0,-237.0,False
69,3064,1,0,65,167.0,5.7971252432212586,15,2,0,0,15,0,0,-167.0,False
69,3065,1,0,65,111.0,6.27159435172695,13,2,0,0,12,0,1,-111.0,False
69,3066,1,0,64,60.0,7.064554811361851,9,2,0,0,8,0,1,-60.0,False
69,3067,1,0,64,25.0,7.705777903230098,6,2,0,0,4,0,2,-25.0,False
69,3068,1,0,63,14.0,8.400432958453832,2,2,0,0,1,0,1,-14.0,False
69,3069,1,0,63,6.0,8.593804191103597,3,2,0,1,1,0,1,-6.0,False
69,3070,1,0,62,9.0,8.97625984888206,3,2,0,1,0,0,2,-9.0,False
69,3071,1,0,61,13.0,9.333803751432924,4,2,0,2,0,0,2,-13.0,False
69,3072,1,0,62,17.0,9.719371211601489,5,2,0,2,0,0,3,-17.0,False
69,3073,1,0,67,22.0,9.487189926947957,10,2,0,4,1,2,3,-22.0,False
69,3074,1,0,67,27.0,9.912835058423648,5,2,0,2,0,0,3,-27.0,False
69,3075,1,0,67,32.0,10.338057730483733,5,2,0,2,0,0,3,-32.0,False
69,3076,1,0,67,37.0,10.708809862851242,5,2,0,2,0,0,3,-37.0,False
69,3077,1,0,69,42.0,10.59185773745609,7,2,0,2,1,0,4,-42.0,False
69,3078,1,0,69,47.0,10.738037977446128,5,2,0,2,0,0,3,-47.0,False
69,3079,1,0,69,53.0,10.747979793116526,6,2,0,2,0,0,4,-53.0,False
69,3080,1,0,67,59.0,10.594702927109749,6,2,0,2,0,0,4,-59.0,False
69,3081,1,0,66,66.0,10.310512568894408,8,2,0,3,1,0,4,-66.0,False
69,3082,1,0,66,75.0,10.163767018428937,10,2,0,4,0,0,6,-75.0,False
69,3083,1,0,65,84.0,10.20168008434414,9,2,0,4,0,0,5,-84.0,False
69,3084,1,0,64,93.0,10.23305732144247,9,2,0,4,0,0,5,-93.0,False
69,3085,1,0,67,102.0,9.482786106610334,14,2,0,6,1,2,5,-102.0,False
69,3086,1,0,67,111.0,9.594381156960829,9,2,0,4,0,0,5,-111.0,False
69,3087,1,0,67,120.0,9.602357259692615,10,2,0,4,0,0,6,-120.0,False
69,3088,1,0,65,129.0,9.46984911879067,9,2,0,4,0,0,5,-129.0,False
69,3089,1,0,66,139.0,9.373665191711801,11,2,0,4,1,0,6,-139.0,False
69,3090,1,0,66,149.0,9.145463432769425,10,2,0,4,0,0,6,-149.0,False
69,3091,1,0,66,161.0,8.776041482663597,12,2,0,4,0,0,8,-161.0,False
69,3092,1,0,67,174.0,8.366189280739825,14,2,0,5,0,0,9,-174.0,False
69,3093,1,0,66,189.0,7.965332443214097,16,2,0,5,1,0,10,-189.0,False
69,3094,1,0,64,206.0,7.668834989950291,17,2,0,6,0,0,11,-206.0,False
69,3095,1,0,64,225.0,7.45448008330996,19,2,0,6,0,0,13,-225.0,False
69,3096,1,0,62,244.0,7.099045599727848,19,2,0,6,0,0,13,-244.0,False
69,3097,1,0,65,264.0,6.20339198006525,25,2,0,8,1,2,14,-264.0,False
69,3098,1,0,65,285.0,5.948368536754024,22,2,0,6,0,0,16,-285.0,False
69,3099,1,0,65,308.0,5.9949089994537825,23,2,0,6,0,0,17,-308.0,False
69,3100,1,0,63,332.0,5.661261658859805,24,2,0,6,0,0,18,-332.0,False
69,3101,1,0,63,358.0,5.363189129896751,27,2,0,6,1,0,20,-358.0,False
69,3102,1,0,62,385.0,5.308278798284312,27,2,0,6,0,0,21,-385.0,False
69,3103,1,0,62,415.0,5.1809504583162775,31,2,0,6,0,0,25,-415.0,False
70,3104,0,1,61,447.0,5.030170847827484,32,3,1,6,0,0,26,0.0,False
70,3105,0,1,60,481.0,4.5203680426547574,35,3,1,8,1,0,26,0.0,False
70,3106,0,1,59,516.0,4.361625685007048,35,3,1,8,0,0,27,0.0,False
70,3107,0,1,58,309.0,4.404327033996785,29,0,2,4,0,0,25,-309.0,False
70,3108,0,1,59,202.0,4.760831926923662,23,0,2,0,1,0,22,-202.0,False
70,3109,0,1,64,145.0,4.860349502536092,23,0,2,2,2,2,17,-145.0,False
70,3110,0,1,64,107.0,5.45424186104321,14,0,2,0,1,0,13,-107.0,False
70,3111,0,1,64,83.0,6.201090549072049,11,0,2,0,1,0,10,-83.0,False
70,3112,0,1,64,70.0,7.131346406096784,10,0,2,0,2,0,8,-70.0,False
70,3113,0,1,66,57.0,7.657049180800174,10,0,2,0,3,0,7,-57.0,False
70,3114,0,1,66,54.0,8.32035050866981,8,0,2,0,2,0,6,-54.0,False
70,3115,0,1,66,38.0,8.775971312768908,6,0,2,0,2,0,4,-38.0,False
70,3116,0,1,66,23.0,9.209909381349311,4,0,2,0,2,0,2,-23.0,False
70,3117,0,1,67,22.0,9.502397730982958,6,0,2,0,4,1,1,-22.0,False
70,3118,0,1,68,23.0,9.804530355614293,6,0,2,0,3,2,1,-23.0,False
70,3119,0,1,68,28.0,10.107181632015411,5,0,2,0,3,2,0,-28.0,False
70,3120,0,1,67,34.0,10.41413874189734,6,0,2,0,4,2,0,-34.0,False
70,3121,0,1,71,40.0,9.807225483391543,11,0,2,2,5,4,0,-40.0,False
70,3122,0,1,71,46.0,10.04995476377299,6,0,2,0,4,2,0,-46.0,False
70,3123,0,1,72,52.0,10.274940942760004,7,0,2,0,4,2,1,-52.0,False
70,3124,0,1,72,58.0,10.511769038676114,6,0,2,0,4,2,0,-58.0,False
70,3125,0,1,72,64.0,10.502551242093105,7,0,2,0,5,2,0,-64.0,False
70,3126,0,1,69,71.0,10.505736368405842,7,0,2,0,5,2,0,-71.0,False
70,3127,0,1,68,78.0,10.547127189849993,7,0,2,0,5,2,0,-78.0,False
70,3128,0,1,66,85.0,10.136283282266632,8,0,2,0,5,2,1,-85.0,False
70,3129,0,1,67,95.0,10.10506132208792,11,0,2,0,7,4,0,-95.0,False
70,3130,0,1,65,105.0,9.914425442906936,10,0,2,0,6,4,0,-105.0,False
70,3131,0,1,65,116.0,9.869965987250064,11,0,2,0,7,4,0,-116.0,False
70,3132,0,1,65,127.0,9.828407533686967,11,0,2,0,7,4,0,-127.0,False
70,3133,0,1,69,138.0,8.943867122709893,16,0,2,2,8,6,0,-138.0,False
70,3134,0,1,69,149.0,8.718291909423408,12,0,2,0,7,4,1,-149.0,False
70,3135,0,1,68,162.0,8.51322095887897,13,0,2,0,9,4,0,-162.0,False
70,3136,0,1,68,176.0,8.430697882188163,14,0,2,0,10,4,0,-176.0,False
70,3137,0,1,68,191.0,8.131283902280199,16,0,2,0,12,4,0,-191.0,False
70,3138,0,1,68,208.0,7.894362806262158,17,0,2,0,13,4,0,-208.0,False
70,3139,0,1,67,226.0,7.377360081761882,19,0,2,0,14,4,1,-226.0,False
70,3140,0,1,66,245.0,7.0319546373430075,19,0,2,0,15,4,0,-245.0,False
70,3141,0,1,66,266.0,6.815088930081944,22,0,2,0,17,5,0,-266.0,False
70,3142,0,1,65,289.0,6.716085575890272,23,0,2,0,17,6,0,-289.0,False
70,3143,0,1,63,313.0,6.466595569716059,24,0,2,0,18,6,0,-313.0,False
70,3144,0,1,64,340.0,6.3747331288978195,28,0,2,0,21,6,1,-340.0,False
70,3145,0,1,67,368.0,5.77652410532521,33,0,2,2,23,8,0,-368.0,False
70,3146,0,1,65,397.0,5.704365831983709,29,0,2,0,23,6,0,-397.0,False
70,3147,0,1,65,426.0,5.861204713238768,29,0,2,0,23,6,0,-426.0,False
70,3148,0,1,63,455.0,5.634653042949754,29,0,2,0,23,6,0,-455.0,False
71,3149,1,0,65,484.0,5.481515423090419,31,1,3,0,24,6,1,0.0,False
71,3150,1,0,63,515.0,5.242316253941944,31,1,3,0,25,6,0,0.0,False
71,3151,1,0,62,547.0,4.971237966747039,32,1,3,0,26,6,0,0.0,False
71,3152,1,0,61,340.0,4.9771083280617185,24,2,0,0,22,2,0,-340.0,False
71,3153,1,0,62,237.0,5.142070080678621,21,2,0,2,19,0,0,-237.0,False
71,3154,1,0,62,172.0,5.4422914514123395,18,2,0,2,15,0,1,-172.0,False
71,3155,1,0,61,114.0,5.987563519021048,13,2,0,2,11,0,0,-114.0,False
71,3156,1,0,60,68.0,6.469094960433119,10,2,0,2,8,0,0,-68.0,False
71,3157,1,0,63,32.0,6.566117467203395,12,2,0,4,5,2,1,-32.0,False
71,3158,1,0,62,17.0,7.5177914699768404,4,2,0,2,1,0,1,-17.0,False
71,3159,1,0,63,17.0,8.15791081588106,4,2,0,2,0,0,2,-17.0,False
71,3160,1,0,63,20.0,8.88150555248646,3,2,0,2,0,0,1,-20.0,False
71,3161,1,0,64,23.0,9.270288000091986,4,2,0,2,1,0,1,-23.0,False
71,3162,1,0,64,27.0,9.710667821567606,4,2,0,2,0,0,2,-27.0,False
71,3163,1,0,64,31.0,10.239432719816104,4,2,0,2,0,0,2,-31.0,False
71,3164,1,0,65,35.0,10.539196621799121,5,2,0,2,0,0,3,-35.0,False
71,3165,1,0,66,39.0,10.599060817036285,5,2,0,2,1,0,2,-39.0,False
71,3166,1,0,66,46.0,10.6981528682303,7,2,0,4,0,0,3,-46.0,False
71,3167,1,0,66,53.0,10.948973759441788,7,2,0,4,0,0,3,-53.0,False
71,3168,1,0,66,60.0,10.967847997526238,7,2,0,4,0,0,3,-60.0,False
71,3169,1,0,71,67.0,10.228780452959374,12,2,0,6,1,2,3,-67.0,False
71,3170,1,0,68,74.0,10.103120032113393,8,2,0,4,0,0,4,-74.0,False
71,3171,1,0,68,81.0,10.2882621203923,7,2,0,4,0,0,3,-81.0,False
71,3172,1,0,68,89.0,10.396665195131671,8,2,0,4,0,0,4,-89.0,False
71,3173,1,0,67,97.0,10.35808897273142,9,2,0,4,1,0,4,-97.0,False
71,3174,1,0,66,105.0,10.319011492925535,8,2,0,4,0,0,4,-105.0,False
71,3175,1,0,66,113.0,10.10785423681454,9,2,0,4,0,0,5,-113.0,False
71,3176,1,0,66,122.0,10.171755961164395,9,2,0,5,0,0,4,-122.0,False
71,3177,1,0,67,132.0,9.849291112598069,11,2,0,6,1,0,4,-132.0,False
71,3178,1,0,66,143.0,9.65745896894637,11,2,0,6,0,0,5,-143.0,False
71,3179,1,0,66,154.0,9.544682143244126,11,2,0,6,0,0,5,-154.0,False
71,3180,1,0,65,165.0,9.090716093038171,12,2,0,6,0,0,6,-165.0,False
71,3181,1,0,69,178.0,8.13864807049284,18,2,0,8,1,2,7,-178.0,False
71,3182,1,0,66,191.0,7.811462648057715,13,2,0,6,0,0,7,-191.0,False
71,3183,1,0,65,206.0,7.547473441616299,15,2,0,6,0,0,9,-206.0,False
71,3184,1,0,64,224.0,7.2047596265859495,18,2,0,6,0,0,12,-224.0,False
71,3185,1,0,65,242.0,6.7611146016034285,20,2,0,6,1,0,13,-242.0,False
71,3186,1,0,65,261.0,6.7567863949455695,19,2,0,6,0,0,13,-261.0,False
71,3187,1,0,63,282.0,6.475810002333544,21,2,0,6,0,0,15,-282.0,False
71,3188,1,0,62,304.0,6.379925081483163,22,2,0,7,0,0,15,-304.0,False
71,3189,1,0,62,327.0,5.939724508037025,24,2,0,7,1,0,16,-327.0,False
71,3190,1,0,60,352.0,5.386845332187695,26,2,0,7,0,0,19,-352.0,False
71,3191,1,0,60,381.0,5.49092575797635,29,2,0,8,0,0,21,-381.0,False
71,3192,1,0,59,411.0,5.344770019138395,30,2,0,8,0,0,22,-411.0,False
71,3193,1,0,63,441.0,4.8595164628642955,35,2,0,10,1,2,22,-441.0,False
72,3194,0,1,62,474.0,4.85670040545935,33,3,1,8,0,0,25,0.0,False
72,3195,0,1,62,507.0,4.723929192801778,34,3,1,8,0,0,26,0.0,False
72,3196,0,1,62,540.0,4.789810504707608,33,3,1,8,0,0,25,0.0,False
72,3197,0,1,63,308.0,4.972493347797088,26,0,2,4,1,0,21,-308.0,False
72,3198,0,1,62,179.0,5.119034472427851,18,0,2,0,0,0,18,-179.0,False
72,3199,0,1,62,128.0,5.465792825203695,14,0,2,0,0,0,14,-128.0,False
72,3200,0,1,63,89.0,5.997080011968981,13,0,2,0,0,1,12,-89.0,False
72,3201,0,1,64,74.0,6.718938438880408,12,0,2,0,2,2,8,-74.0,False
72,3202,0,1,62,60.0,7.387001222624546,9,0,2,0,1,2,6,-60.0,False
72,3203,0,1,62,44.0,8.060476315047659,7,0,2,0,1,2,4,-44.0,False
72,3204,0,1,62,41.0,8.636610734492066,7,0,2,0,1,2,4,-41.0,False
72,3205,0,1,67,24.0,8.375591641503178,10,0,2,2,2,4,2,-24.0,False
72,3206,0,1,68,22.0,8.724630785840558,5,0,2,0,1,2,2,-22.0,False
72,3207,0,1,68,23.0,9.199717908121102,4,0,2,0,2,2,0,-23.0,False
72,3208,0,1,68,27.0,9.65726255250293,4,0,2,0,2,2,0,-27.0,False
72,3209,0,1,69,32.0,10.054681568080726,6,0,2,0,4,2,0,-32.0,False
72,3210,0,1,69,37.0,10.298432734627747,5,0,2,0,3,2,0,-37.0,False
72,3211,0,1,70,42.0,10.386688972970127,6,0,2,0,3,2,1,-42.0,False
72,3212,0,1,70,47.0,10.588017510125981,5,0,2,0,3,2,0,-47.0,False
72,3213,0,1,71,54.0,10.533972513569656,8,0,2,0,4,4,0,-54.0,False
72,3214,0,1,71,61.0,10.847298400417563,7,0,2,0,3,4,0,-61.0,False
72,3215,0,1,70,69.0,10.705400961099778,8,0,2,0,4,4,0,-69.0,False
72,3216,0,1,68,77.0,10.490087508966479,9,0,2,0,4,4,1,-77.0,False
72,3217,0,1,71,85.0,9.66985440475064,13,0,2,2,5,6,0,-85.0,False
72,3218,0,1,71,93.0,9.751005832956215,8,0,2,0,4,4,0,-93.0,False
72,3219,0,1,69,102.0,9.946052480101104,9,0,2,0,5,4,0,-102.0,False
72,3220,0,1,67,112.0,9.99176305096028,10,0,2,0,6,4,0,-112.0,False
72,3221,0,1,69,122.0,9.641528265599302,12,0,2,0,7,4,1,-122.0,False
72,3222,0,1,69,132.0,9.665141193847933,10,0,2,0,6,4,0,-132.0,False
72,3223,0,1,67,142.0,9.457704154843487,10,0,2,0,6,4,0,-142.0,False
72,3224,0,1,67,154.0,9.341797636325452,12,0,2,0,8,4,0,-154.0,False
72,3225,0,1,66,168.0,9.023655556250347,15,0,2,0,9,6,0,-168.0,False
72,3226,0,1,65,183.0,8.652964076390631,16,0,2,0,9,6,1,-183.0,False
72,3227,0,1,64,199.0,8.444318744674796,16,0,2,0,10,6,0,-199.0,False
72,3228,0,1,64,215.0,8.284797074754731,16,0,2,0,10,6,0,-215.0,False
72,3229,0,1,67,233.0,7.360334638984716,23,0,2,2,13,8,0,-233.0,False
72,3230,0,1,67,252.0,7.3066397591257015,19,0,2,0,13,6,0,-252.0,False
72,3231,0,1,66,273.0,7.109173003584119,22,0,2,0,15,6,1,-273.0,False
72,3232,0,1,65,295.0,6.908536586135383,22,0,2,0,16,6,0,-295.0,False
72,3233,0,1,65,319.0,6.538219394832234,25,0,2,0,19,6,0,-319.0,False
72,3234,0,1,63,343.0,6.226235134458999,24,0,2,0,18,6,0,-343.0,False
72,3235,0,1,63,367.0,6.244179901034302,24,0,2,0,18,6,0,-367.0,False
72,3236,0,1,62,394.0,5.805658398419319,28,0,2,0,21,6,1,-394.0,False
72,3237,0,1,63,424.0,5.828631247001095,31,0,2,0,24,7,0,-424.0,False
72,3238,0,1,62,455.0,5.683883554420303,31,0,2,0,23,8,0,-455.0,False
73,3239,1,0,59,487.0,5.266646091582602,32,1,3,0,24,8,0,0.0,False
73,3240,1,0,58,519.0,5.177182670499309,32,1,3,0,24,8,0,0.0,False
73,3241,1,0,62,551.0,4.57695331358633,37,1,3,2,25,10,0,0.0,False
73,3242,1,0,62,327.0,4.6304176281149445,25,2,0,0,20,4,1,-327.0,False
73,3243,1,0,61,203.0,5.015171485812331,18,2,0,0,18,0,0,-203.0,False
73,3244,1,0,61,142.0,5.618416923962537,15,2,0,0,14,0,1,-142.0,False
73,3245,1,0,61,90.0,6.0985623263585715,13,2,0,0,12,0,1,-90.0,False
73,3246,1,0,61,52.0,6.751607880021743,8,2,0,0,7,0,1,-52.0,False
73,3247,1,0,62,23.0,7.4209170875798875,5,2,0,0,3,0,2,-23.0,False
73,3248,1,0,62,6.0,8.283180889968836,2,2,0,0,0,0,2,-6.0,False
73,3249,1,0,62,8.0,8.845108632518025,3,2,0,0,1,0,2,-8.0,False
73,3250,1,0,60,12.0,9.436066184669693,4,2,0,2,0,0,2,-12.0,False
73,3251,1,0,60,16.0,9.935748122620687,4,2,0,2,0,0,2,-16.0,False
73,3252,1,0,61,20.0,10.235207415673143,5,2,0,2,0,0,3,-20.0,False
73,3253,1,0,66,24.0,9.783584729588553,9,2,0,4,1,2,2,-24.0,False
73,3254,1,0,66,28.0,10.093374785565858,4,2,0,2,0,0,2,-28.0,False
73,3255,1,0,66,32.0,10.425062081058394,4,2,0,2,0,0,2,-32.0,False
73,3256,1,0,66,37.0,10.731663498207485,5,2,0,2,0,0,3,-37.0,False
73,3257,1,0,68,42.0,10.440025795316282,7,2,0,2,1,0,4,-42.0,False
73,3258,1,0,68,48.0,10.62929291296823,6,2,0,2,0,0,4,-48.0,False
73,3259,1,0,68,54.0,10.756439008663541,6,2,0,2,0,0,4,-54.0,False
73,3260,1,0,68,60.0,10.733741512732825,6,2,0,2,0,0,4,-60.0,False
73,3261,1,0,65,67.0,10.266283700721438,8,2,0,3,1,0,4,-67.0,False
73,3262,1,0,66,74.0,10.17883034970372,8,2,0,3,0,0,5,-74.0,False
73,3263,1,0,62,82.0,9.987938189095152,8,2,0,4,0,0,4,-82.0,False
73,3264,1,0,62,91.0,10.077379708101496,9,2,0,4,0,0,5,-91.0,False
73,3265,1,0,65,100.0,9.249443174236635,14,2,0,6,1,2,5,-100.0,False
73,3266,1,0,65,109.0,9.340619578560966,9,2,0,4,0,0,5,-109.0,False
73,3267,1,0,66,118.0,9.271231830445906,10,2,0,4,0,0,6,-118.0,False
73,3268,1,0,65,127.0,9.394760920786263,9,2,0,4,0,0,5,-127.0,False
73,3269,1,0,65,136.0,9.13164679158484,10,2,0,4,1,0,5,-136.0,False
73,3270,1,0,64,147.0,8.912136406659009,11,2,0,4,0,0,7,-147.0,False
73,3271,1,0,63,159.0,8.7666854026215,12,2,0,5,0,0,7,-159.0,False
73,3272,1,0,64,172.0,8.366816073951123,14,2,0,5,0,0,9,-172.0,False
73,3273,1,0,65,186.0,8.006983392747285,15,2,0,5,1,0,9,-186.0,False
73,3274,1,0,61,203.0,7.454241048710793,17,2,0,6,0,0,11,-203.0,False
73,3275,1,0,61,221.0,7.224667545341705,18,2,0,6,0,0,12,-221.0,False
73,3276,1,0,59,240.0,6.8116286723167585,19,2,0,6,0,0,13,-240.0,False
73,3277,1,0,64,259.0,6.058307972561721,24,2,0,8,1,2,13,-259.0,False
73,3278,1,0,64,280.0,5.85322548140438,22,2,0,6,0,0,16,-280.0,False
73,3279,1,0,64,303.0,5.96068374111891,23,2,0,6,0,0,17,-303.0,False
73,3280,1,0,63,327.0,5.992994408052759,24,2,0,6,0,0,18,-327.0,False
73,3281,1,0,63,352.0,5.829263408964536,26,2,0,6,1,0,19,-352.0,False
73,3282,1,0,61,377.0,5.598662858951215,26,2,0,6,0,0,20,-377.0,False
73,3283,1,0,62,405.0,5.481157514612679,29,2,0,6,0,0,23,-405.0,False
74,3284,0,1,60,434.0,5.210900734268063,29,3,1,6,0,0,23,0.0,False
74,3285,0,1,60,466.0,4.891475768171673,33,3,1,7,1,0,25,0.0,False
74,3286,0,1,59,499.0,4.8046750392557245,33,3,1,8,0,0,25,0.0,False
74,3287,0,1,58,285.0,4.879630076558404,26,0,2,4,0,0,22,-285.0,False
74,3288,0,1,59,176.0,5.196275920899164,19,0,2,0,0,0,19,-176.0,False
74,3289,0,1,63,122.0,5.235969683622589,20,0,2,2,1,2,15,-122.0,False
74,3290,0,1,63,83.0,5.960992385801275,12,0,2,0,1,0,11,-83.0,False
74,3291,0,1,63,61.0,6.707158490509491,9,0,2,0,1,0,8,-61.0,False
74,3292,0,1,63,49.0,7.502858089644495,8,0,2,0,2,0,6,-49.0,False
74,3293,0,1,65,46.0,8.10671218787524,9,0,2,0,3,0,6,-46.0,False
74,3294,0,1,65,30.0,8.759765048115883,5,0,2,0,2,0,3,-30.0,False
74,3295,0,1,65,16.0,9.17657556696836,4,0,2,0,2,0,2,-16.0,False
74,3296,0,1,65,12.0,9.479327869139782,2,0,2,0,2,0,0,-12.0,False
74,3297,0,1,66,16.0,9.777290881368396,5,0,2,0,4,1,0,-16.0,False
74,3298,0,1,65,21.0,9.698952434334407,6,0,2,0,3,2,1,-21.0,False
74,3299,0,1,65,26.0,10.074613542815522,5,0,2,0,3,2,0,-26.0,False
74,3300,0,1,65,31.0,10.32956112628036,5,0,2,0,3,2,0,-31.0,False
74,3301,0,1,70,37.0,9.710879376727291,11,0,2,2,5,4,0,-37.0,False
74,3302,0,1,70,43.0,9.919202891192725,6,0,2,0,4,2,0,-43.0,False
74,3303,0,1,71,50.0,9.96520030264464,8,0,2,0,5,2,1,-50.0,False
74,3304,0,1,71,57.0,10.231289163465926,7,0,2,0,5,2,0,-57.0,False
74,3305,0,1,71,64.0,10.211472517363477,8,0,2,0,6,2,0,-64.0,False
74,3306,0,1,69,71.0,10.186862058742719,7,0,2,0,5,2,0,-71.0,False
74,3307,0,1,67,79.0,10.083243141364633,8,0,2,0,6,2,0,-79.0,False
74,3308,0,1,66,87.0,9.895392065044847,9,0,2,0,6,2,1,-87.0,False
74,3309,0,1,66,95.0,9.682274119674922,9,0,2,0,7,2,0,-95.0,False
74,3310,0,1,66,105.0,9.745869346989094,10,0,2,0,6,4,0,-105.0,False
74,3311,0,1,65,116.0,9.690645000562812,11,0,2,0,7,4,0,-116.0,False
74,3312,0,1,65,127.0,9.48566687482069,11,0,2,0,7,4,0,-127.0,False
74,3313,0,1,67,138.0,8.505860940094255,16,0,2,2,8,6,0,-138.0,False
74,3314,0,1,68,149.0,8.383867395736573,12,0,2,0,7,4,1,-149.0,False
74,3315,0,1,68,161.0,8.47488554733209,12,0,2,0,8,4,0,-161.0,False
74,3316,0,1,68,175.0,8.45114547665538,14,0,2,0,10,4,0,-175.0,False
74,3317,0,1,69,189.0,8.317561103722689,15,0,2,0,11,4,0,-189.0,False
74,3318,0,1,67,204.0,8.061945074412384,15,0,2,0,11,4,0,-204.0,False
74,3319,0,1,67,221.0,7.693923061763267,18,0,2,0,13,4,1,-221.0,False
74,3320,0,1,66,238.0,7.4073096860965695,17,0,2,0,13,4,0,-238.0,False
74,3321,0,1,66,258.0,6.967249925416563,21,0,2,0,16,5,0,-258.0,False
74,3322,0,1,64,280.0,6.668195111879648,22,0,2,0,16,6,0,-280.0,False
74,3323,0,1,62,304.0,6.403782483424748,24,0,2,0,18,6,0,-304.0,False
74,3324,0,1,62,329.0,6.174020502757876,26,0,2,0,19,6,1,-329.0,False
74,3325,0,1,66,356.0,5.552950006937378,32,0,2,2,22,8,0,-356.0,False
74,3326,0,1,64,386.0,5.601755458529802,30,0,2,0,24,6,0,-386.0,False
74,3327,0,1,63,416.0,5.6264027393246865,30,0,2,0,24,6,0,-416.0,False
74,3328,0,1,62,446.0,5.700231184300767,30,0,2,0,24,6,0,-446.0,False
75,3329,1,0,64,476.0,5.637454267852699,32,1,3,0,25,6,1,0.0,False
75,3330,1,0,63,506.0,5.399599899708549,30,1,3,0,24,6,0,0.0,False
75,3331,1,0,63,536.0,5.2639787227796795,30,1,3,0,24,6,0,0.0,False
75,3332,1,0,62,331.0,5.2375553165050865,23,2,0,1,20,2,0,-331.0,False
75,3333,1,0,61,231.0,5.198933529736939,21,2,0,2,19,0,0,-231.0,False
75,3334,1,0,62,164.0,5.599125029599456,18,2,0,2,15,0,1,-164.0,False
75,3335,1,0,58,109.0,5.7828297350555316,13,2,0,2,11,0,0,-109.0,False
75,3336,1,0,58,66.0,6.478995299908345,10,2,0,2,7,0,1,-66.0,False
75,3337,1,0,62,34.0,6.636757537900827,11,2,0,4,4,2,1,-34.0,False
75,3338,1,0,62,22.0,7.6283419424796675,4,2,0,2,1,0,1,-22.0,False
75,3339,1,0,63,19.0,8.31713011983081,4,2,0,2,0,0,2,-19.0,False
75,3340,1,0,63,22.0,9.087616693109787,3,2,0,2,0,0,1,-22.0,False
75,3341,1,0,64,25.0,9.373475385774086,4,2,0,2,1,0,1,-25.0,False
75,3342,1,0,64,28.0,10.064878281533316,3,2,0,2,0,0,1,-28.0,False
75,3343,1,0,64,31.0,10.35085062971698,3,2,0,2,0,0,1,-31.0,False
75,3344,1,0,65,35.0,10.45877752617671,5,2,0,2,0,0,3,-35.0,False
75,3345,1,0,66,39.0,10.453290170334645,5,2,0,2,1,0,2,-39.0,False
75,3346,1,0,66,45.0,10.600392013103537,6,2,0,4,0,0,2,-45.0,False
75,3347,1,0,66,51.0,10.84551126789718,6,2,0,4,0,0,2,-51.0,False
75,3348,1,0,66,58.0,10.899611570337,7,2,0,4,0,0,3,-58.0,False
75,3349,1,0,71,65.0,10.102598990509856,12,2,0,6,1,2,3,-65.0,False
75,3350,1,0,69,72.0,10.017348213668944,8,2,0,4,0,0,4,-72.0,False
75,3351,1,0,68,79.0,10.146238207909976,7,2,0,4,0,0,3,-79.0,False
75,3352,1,0,68,86.0,10.32565798292016,7,2,0,4,0,0,3,-86.0,False
75,3353,1,0,67,94.0,10.106376131777962,9,2,0,4,1,0,4,-94.0,False
75,3354,1,0,65,102.0,10.091347953341236,8,2,0,4,0,0,4,-102.0,False
75,3355,1,0,66,111.0,9.985046026492768,10,2,0,4,0,0,6,-111.0,False
75,3356,1,0,66,121.0,10.090328841800472,10,2,0,5,0,0,5,-121.0,False
75,3357,1,0,67,132.0,9.78586677555202,12,2,0,6,1,0,5,-132.0,False
75,3358,1,0,65,143.0,9.620635525898985,11,2,0,6,0,0,5,-143.0,False
75,3359,1,0,64,154.0,9.379156556865794,11,2,0,6,0,0,5,-154.0,False
75,3360,1,0,63,166.0,8.851965048390042,13,2,0,6,0,0,7,-166.0,False
75,3361,1,0,68,180.0,7.886092153884744,19,2,0,8,1,2,8,-180.0,False
75,3362,1,0,68,195.0,7.824701440982676,15,2,0,6,0,0,9,-195.0,False
75,3363,1,0,66,211.0,7.4946573951497975,16,2,0,6,0,0,10,-211.0,False
75,3364,1,0,66,229.0,7.491063538769274,18,2,0,6,0,0,12,-229.0,False
75,3365,1,0,66,248.0,6.952943170938,21,2,0,6,1,0,14,-248.0,False
75,3366,1,0,66,268.0,6.9245828467188035,20,2,0,6,0,0,14,-268.0,False
75,3367,1,0,65,289.0,6.555890351105485,21,2,0,6,0,0,15,-289.0,False
75,3368,1,0,64,312.0,6.243256116352158,23,2,0,7,0,0,16,-312.0,False
75,3369,1,0,63,337.0,5.810555344733002,26,2,0,8,1,0,17,-337.0,False
75,3370,1,0,63,363.0,5.489503913009358,27,2,0,8,0,0,19,-363.0,False
75,3371,1,0,60,392.0,5.273250104807826,29,2,0,8,0,0,21,-392.0,False
75,3372,1,0,60,421.0,5.209051020175323,29,2,0,8,0,0,21,-421.0,False
75,3373,1,0,64,452.0,4.615135170384839,36,2,0,10,1,2,23,-452.0,False
76,3374,0,1,63,483.0,4.64641035181609,31,3,1,8,0,0,23,0.0,False
76,3375,0,1,63,516.0,4.658235529972329,34,3,1,8,0,0,26,0.0,False
76,3376,0,1,62,550.0,4.716706846141536,34,3,1,8,0,0,26,0.0,False
76,3377,0,1,62,319.0,4.66803063762086,28,0,2,4,1,0,23,-319.0,False
76,3378,0,1,62,190.0,4.9818847182085,19,0,2,0,0,0,19,-190.0,False
76,3379,0,1,62,134.0,5.370008806828518,15,0,2,0,0,0,15,-134.0,False
76,3380,0,1,63,95.0,5.942748636352443,13,0,2,0,0,0,13,-95.0,False
76,3381,0,1,64,77.0,6.5743734634909865,13,0,2,0,2,2,9,-77.0,False
76,3382,0,1,64,63.0,7.2760929970771056,10,0,2,0,1,2,7,-63.0,False
76,3383,0,1,64,49.0,7.984539406788123,8,0,2,0,1,2,5,-49.0,False
76,3384,0,1,63,35.0,8.565189326064495,6,0,2,0,1,2,3,-35.0,False
76,3385,0,1,67,22.0,8.541692412229493,10,0,2,2,3,4,1,-22.0,False
76,3386,0,1,68,20.0,8.908745614405207,5,0,2,0,2,2,1,-20.0,False
76,3387,0,1,68,24.0,9.337598678466486,4,0,2,0,2,2,0,-24.0,False
76,3388,0,1,68,28.0,9.785066635115058,4,0,2,0,2,2,0,-28.0,False
76,3389,0,1,69,33.0,10.048750820618272,6,0,2,0,4,2,0,-33.0,False
76,3390,0,1,69,38.0,10.322466639611772,5,0,2,0,3,2,0,-38.0,False
76,3391,0,1,70,43.0,10.438623755434877,6,0,2,0,3,2,1,-43.0,False
76,3392,0,1,70,48.0,10.699339442837134,5,0,2,0,3,2,0,-48.0,False
76,3393,0,1,71,55.0,10.619725488046779,8,0,2,0,5,3,0,-55.0,False
76,3394,0,1,71,62.0,10.582399212305729,7,0,2,0,4,3,0,-62.0,False
76,3395,0,1,69,70.0,10.64457828402923,8,0,2,0,4,4,0,-70.0,False
76,3396,0,1,69,79.0,10.441369713174858,10,0,2,0,5,4,1,-79.0,False
76,3397,0,1,72,88.0,9.745815673148225,14,0,2,2,6,6,0,-88.0,False
76,3398,0,1,69,97.0,9.794202412123317,9,0,2,0,5,4,0,-97.0,False
76,3399,0,1,68,106.0,9.88172823705956,9,0,2,0,5,4,0,-106.0,False
76,3400,0,1,68,116.0,9.96273850274841,10,0,2,0,6,4,0,-116.0,False
76,3401,0,1,70,126.0,9.687577970318367,12,0,2,0,7,4,1,-126.0,False
76,3402,0,1,69,136.0,9.596330530173766,10,0,2,0,6,4,0,-136.0,False
76,3403,0,1,67,147.0,9.426644530948174,11,0,2,0,7,4,0,-147.0,False
76,3404,0,1,67,158.0,9.364706443469487,11,0,2,0,7,4,0,-158.0,False
76,3405,0,1,67,170.0,8.870638221568305,13,0,2,0,8,5,0,-170.0,False
76,3406,0,1,68,184.0,8.566865654490254,15,0,2,0,8,6,1,-184.0,False
76,3407,0,1,65,200.0,8.084299317299076,16,0,2,0,10,6,0,-200.0,False
76,3408,0,1,64,216.0,7.7856418778315915,16,0,2,0,10,6,0,-216.0,False
76,3409,0,1,67,233.0,6.8409826794997395,22,0,2,2,12,8,0,-233.0,False
76,3410,0,1,67,252.0,6.860463016048685,19,0,2,0,13,6,0,-252.0,False
76,3411,0,1,66,272.0,6.531490060338991,21,0,2,0,14,6,1,-272.0,False
76,3412,0,1,64,294.0,6.376738829841646,22,0,2,0,16,6,0,-294.0,False
76,3413,0,1,65,318.0,6.318243384628605,25,0,2,0,19,6,0,-318.0,False
76,3414,0,1,64,343.0,6.34764378019395,25,0,2,0,19,6,0,-343.0,False
76,3415,0,1,64,369.0,6.485890741287807,26,0,2,0,20,6,0,-369.0,False
76,3416,0,1,64,397.0,6.437612231966088,29,0,2,0,22,6,1,-397.0,False
76,3417,0,1,65,425.0,6.257413028997992,29,0,2,0,23,6,0,-425.0,False
76,3418,0,1,61,454.0,5.6206284760870435,29,0,2,0,22,7,0,-454.0,False
77,3419,1,0,59,484.0,5.325033394931936,30,1,3,0,22,8,0,0.0,False
77,3420,1,0,59,516.0,5.213865237328457,32,1,3,0,24,8,0,0.0,False
77,3421,1,0,62,548.0,4.5025026563884225,37,1,3,2,25,10,0,0.0,False
77,3422,1,0,63,328.0,4.774940586864762,26,2,0,0,21,4,1,-328.0,False
77,3423,1,0,62,209.0,5.265988141852056,18,2,0,0,18,0,0,-209.0,False
77,3424,1,0,61,145.0,5.872055008422557,14,2,0,0,14,0,0,-145.0,False
77,3425,1,0,62,90.0,6.507928834139046,11,2,0,0,11,0,0,-90.0,False
77,3426,1,0,61,48.0,7.172308795731551,8,2,0,0,7,0,1,-48.0,False
77,3427,1,0,62,17.0,7.814440325073123,5,2,0,0,3,0,2,-17.0,False
77,3428,1,0,62,4.0,8.55983474660589,2,2,0,0,0,0,2,-4.0,False
77,3429,1,0,62,6.0,9.030046732533911,3,2,0,0,1,0,2,-6.0,False
77,3430,1,0,60,10.0,9.444248499896137,4,2,0,2,0,0,2,-10.0,False
77,3431,1,0,60,14.0,10.010751634690838,4,2,0,2,0,0,2,-14.0,False
77,3432,1,0,61,18.0,10.28007082473381,5,2,0,2,0,0,3,-18.0,False
77,3433,1,0,66,22.0,9.94892300656876,9,2,0,4,1,2,2,-22.0,False
77,3434,1,0,66,27.0,10.226249281009537,5,2,0,2,0,0,3,-27.0,False
77,3435,1,0,66,32.0,10.496854461904213,5,2,0,2,0,0,3,-32.0,False
77,3436,1,0,66,37.0,10.837856032006187,5,2,0,2,0,0,3,-37.0,False
77,3437,1,0,68,42.0,10.55884405084386,7,2,0,2,1,0,4,-42.0,False
77,3438,1,0,68,48.0,10.704208610035499,6,2,0,2,0,0,4,-48.0,False
77,3439,1,0,68,54.0,10.74915653704286,6,2,0,2,0,0,4,-54.0,False
77,3440,1,0,67,60.0,10.626904472597195,6,2,0,2,0,0,4,-60.0,False
77,3441,1,0,66,68.0,10.365048672758096,9,2,0,4,1,0,4,-68.0,False
77,3442,1,0,66,77.0,10.24324567258587,10,2,0,4,0,0,6,-77.0,False
77,3443,1,0,64,86.0,10.343128002666724,9,2,0,4,0,0,5,-86.0,False
77,3444,1,0,62,95.0,10.422663848387002,9,2,0,4,0,0,5,-95.0,False
77,3445,1,0,67,104.0,9.621167534010759,14,2,0,6,1,2,5,-104.0,False
77,3446,1,0,66,113.0,9.747866289244403,9,2,0,4,0,0,5,-113.0,False
77,3447,1,0,67,122.0,9.651301383558511,10,2,0,4,0,0,6,-122.0,False
77,3448,1,0,65,131.0,9.558178509495736,9,2,0,4,0,0,5,-131.0,False
77,3449,1,0,66,140.0,9.296500614632858,10,2,0,4,1,0,5,-140.0,False
77,3450,1,0,65,150.0,9.033599418119872,10,2,0,4,0,0,6,-150.0,False
77,3451,1,0,63,162.0,8.520505728761274,12,2,0,4,0,0,8,-162.0,False
77,3452,1,0,63,174.0,8.119583413450577,13,2,0,4,0,0,9,-174.0,False
77,3453,1,0,63,189.0,7.658696593865103,16,2,0,5,1,0,10,-189.0,False
77,3454,1,0,61,206.0,7.353595810045389,17,2,0,5,0,0,12,-206.0,False
77,3455,1,0,60,226.0,7.141463441736339,20,2,0,6,0,0,14,-226.0,False
77,3456,1,0,59,246.0,6.817654207906063,20,2,0,6,0,0,14,-246.0,False
77,3457,1,0,63,266.0,5.7701678709835935,25,2,0,8,1,2,14,-266.0,False
77,3458,1,0,63,289.0,5.712349224964563,24,2,0,6,0,0,18,-289.0,False
77,3459,1,0,61,313.0,5.563533722357455,24,2,0,6,0,0,18,-313.0,False
77,3460,1,0,61,338.0,5.525712737883048,25,2,0,6,0,0,19,-338.0,False
77,3461,1,0,60,365.0,5.402270440462343,28,2,0,6,1,0,21,-365.0,False
77,3462,1,0,60,393.0,5.393860146216574,28,2,0,6,0,0,22,-393.0,False
77,3463,1,0,60,423.0,5.114946476478738,31,2,0,6,0,0,25,-423.0,False
78,3464,0,1,60,453.0,5.037602015804381,30,3,1,6,0,0,24,0.0,False
78,3465,0,1,60,487.0,4.792313084262834,35,3,1,8,1,0,26,0.0,False
78,3466,0,1,58,521.0,4.432545756557023,34,3,1,8,0,0,26,0.0,False
78,3467,0,1,57,308.0,4.468489000241483,26,0,2,4,0,0,22,-308.0,False
78,3468,0,1,58,200.0,4.764522088422393,21,0,2,0,0,0,21,-200.0,False
78,3469,0,1,63,143.0,4.854515488825722,22,0,2,2,2,2,16,-143.0,False
78,3470,0,1,63,102.0,5.485098414842528,14,0,2,0,1,0,13,-102.0,False
78,3471,0,1,63,75.0,6.333532245483758,10,0,2,0,1,0,9,-75.0,False
78,3472,0,1,63,61.0,7.240470287113428,9,0,2,0,2,0,7,-61.0,False
78,3473,0,1,65,46.0,7.77037877867292,9,0,2,0,3,0,6,-46.0,False
78,3474,0,1,65,43.0,8.51249077776645,6,0,2,0,2,0,4,-43.0,False
78,3475,0,1,65,28.0,8.95232390190136,4,0,2,0,2,0,2,-28.0,False
78,3476,0,1,65,21.0,9.520807226852597,4,0,2,0,3,0,1,-21.0,False
78,3477,0,1,66,18.0,9.675522261924572,5,0,2,0,4,1,0,-18.0,False
78,3478,0,1,65,23.0,9.71078647419416,6,0,2,0,3,2,1,-23.0,False
78,3479,0,1,65,28.0,10.144273026408092,5,0,2,0,3,2,0,-28.0,False
78,3480,0,1,65,33.0,10.32500579681577,5,0,2,0,3,2,0,-33.0,False
78,3481,0,1,70,38.0,9.728101824112949,10,0,2,2,4,4,0,-38.0,False
78,3482,0,1,70,43.0,10.018298856665677,5,0,2,0,3,2,0,-43.0,False
78,3483,0,1,71,50.0,10.223630174638817,8,0,2,0,5,2,1,-50.0,False
78,3484,0,1,71,57.0,10.597288782325863,7,0,2,0,5,2,0,-57.0,False
78,3485,0,1,70,64.0,10.54961689657897,8,0,2,0,6,2,0,-64.0,False
78,3486,0,1,68,71.0,10.53423579909479,7,0,2,0,5,2,0,-71.0,False
78,3487,0,1,68,78.0,10.750921702377482,7,0,2,0,5,2,0,-78.0,False
78,3488,0,1,67,85.0,10.621752132111746,8,0,2,0,5,2,1,-85.0,False
78,3489,0,1,66,92.0,10.267292622566051,8,0,2,0,6,2,0,-92.0,False
78,3490,0,1,65,100.0,10.2870740268172,8,0,2,0,6,2,0,-100.0,False
78,3491,0,1,64,110.0,10.101834155327001,10,0,2,0,6,4,0,-110.0,False
78,3492,0,1,64,120.0,9.949898646917184,10,0,2,0,6,4,0,-120.0,False
78,3493,0,1,67,130.0,8.936216354568868,15,0,2,2,7,6,0,-130.0,False
78,3494,0,1,68,140.0,8.682718480437732,11,0,2,0,6,4,1,-140.0,False
78,3495,0,1,67,152.0,8.631591979804268,12,0,2,0,8,4,0,-152.0,False
78,3496,0,1,66,166.0,8.618103131037145,14,0,2,0,10,4,0,-166.0,False
78,3497,0,1,66,181.0,8.322417448280861,16,0,2,0,12,4,0,-181.0,False
78,3498,0,1,65,197.0,7.964588809798416,16,0,2,0,12,4,0,-197.0,False
78,3499,0,1,65,215.0,7.556766140795425,19,0,2,0,14,4,1,-215.0,False
78,3500,0,1,64,233.0,7.344147813765499,18,0,2,0,14,4,0,-233.0,False
78,3501,0,1,64,253.0,6.801106551398295,21,0,2,0,16,5,0,-253.0,False
78,3502,0,1,62,275.0,6.441604865963517,22,0,2,0,16,6,0,-275.0,False
78,3503,0,1,60,298.0,6.200995876240229,23,0,2,0,17,6,0,-298.0,False
78,3504,0,1,61,323.0,6.030614552805759,26,0,2,0,19,6,1,-323.0,False
78,3505,0,1,65,351.0,5.54026856592795,33,0,2,2,23,8,0,-351.0,False
78,3506,0,1,65,379.0,5.639577859846928,28,0,2,0,22,6,0,-379.0,False
78,3507,0,1,63,409.0,5.592579526968925,30,0,2,0,24,6,0,-409.0,False
78,3508,0,1,62,439.0,5.7105664766237325,30,0,2,0,24,6,0,-439.0,False
79,3509,1,0,63,469.0,5.363595865925004,32,1,3,0,25,6,1,0.0,False
79,3510,1,0,62,499.0,5.374933468864857,30,1,3,0,24,6,0,0.0,False
79,3511,1,0,61,529.0,4.955800075541446,30,1,3,0,24,6,0,0.0,False
79,3512,1,0,59,325.0,4.824063125876963,22,2,0,0,20,2,0,-325.0,False
79,3513,1,0,59,222.0,4.875443524086723,19,2,0,1,18,0,0,-222.0,False
79,3514,1,0,59,154.0,5.1141408743736845,16,2,0,2,13,0,1,-154.0,False
79,3515,1,0,59,105.0,5.8600207955686745,14,2,0,2,11,0,1,-105.0,False
79,3516,1,0,58,61.0,6.4426899395027775,10,2,0,2,7,0,1,-61.0,False
79,3517,1,0,63,29.0,6.504477925473922,11,2,0,4,4,2,1,-29.0,False
79,3518,1,0,63,19.0,7.387618689020435,4,2,0,2,1,0,1,-19.0,False
79,3519,1,0,64,18.0,8.093336620364672,4,2,0,2,0,0,2,-18.0,False
79,3520,1,0,64,21.0,8.847102935449517,3,2,0,2,0,0,1,-21.0,False
79,3521,1,0,65,24.0,9.446133351791275,4,2,0,2,1,0,1,-24.0,False
79,3522,1,0,65,28.0,9.878421923082044,4,2,0,2,0,0,2,-28.0,False
79,3523,1,0,65,32.0,10.346438876576382,4,2,0,2,0,0,2,-32.0,False
79,3524,1,0,66,36.0,10.399896838358,5,2,0,2,0,0,3,-36.0,False
79,3525,1,0,66,41.0,10.434873889549653,6,2,0,3,1,0,2,-41.0,False
79,3526,1,0,66,47.0,10.679443084169195,6,2,0,4,0,0,2,-47.0,False
79,3527,1,0,66,54.0,10.827807395643434,7,2,0,4,0,0,3,-54.0,False
79,3528,1,0,66,61.0,10.768466977406687,7,2,0,4,0,0,3,-61.0,False
79,3529,1,0,71,68.0,10.05214802353359,12,2,0,6,1,2,3,-68.0,False
79,3530,1,0,71,75.0,10.101726698711184,8,2,0,4,0,0,4,-75.0,False
79,3531,1,0,70,82.0,10.197482538196683,7,2,0,4,0,0,3,-82.0,False
79,3532,1,0,68,89.0,10.234054408621997,7,2,0,4,0,0,3,-89.0,False
79,3533,1,0,67,96.0,10.022631768872483,8,2,0,4,1,0,3,-96.0,False
79,3534,1,0,65,104.0,9.919265320786346,8,2,0,4,0,0,4,-104.0,False
79,3535,1,0,66,112.0,9.859372478471666,9,2,0,4,0,0,5,-112.0,False
79,3536,1,0,66,121.0,9.859278428211534,9,2,0,5,0,0,4,-121.0,False
79,3537,1,0,67,132.0,9.637596412082965,12,2,0,6,1,0,5,-132.0,False
79,3538,1,0,65,143.0,9.443152597525335,11,2,0,6,0,0,5,-143.0,False
79,3539,1,0,64,154.0,9.255187479472536,11,2,0,6,0,0,5,-154.0,False
79,3540,1,0,64,166.0,8.860615429064463,13,2,0,6,0,0,7,-166.0,False
79,3541,1,0,67,181.0,7.854272559451459,20,2,0,8,1,2,9,-181.0,False
79,3542,1,0,66,196.0,7.707818161957288,15,2,0,6,0,0,9,-196.0,False
79,3543,1,0,65,212.0,7.508380267336996,16,2,0,6,0,0,10,-212.0,False
79,3544,1,0,64,229.0,7.227239782565356,17,2,0,6,0,0,11,-229.0,False
79,3545,1,0,66,248.0,7.027875497096756,21,2,0,6,1,0,14,-248.0,False
79,3546,1,0,65,268.0,6.8391565047484395,20,2,0,6,0,0,14,-268.0,False
79,3547,1,0,65,288.0,6.729281027959949,20,2,0,6,0,0,14,-288.0,False
79,3548,1,0,63,309.0,6.385231814011605,21,2,0,6,0,0,15,-309.0,False
79,3549,1,0,63,332.0,6.006812710191355,24,2,0,7,1,0,16,-332.0,False
79,3550,1,0,63,357.0,5.814145287658087,26,2,0,8,0,0,18,-357.0,False
79,3551,1,0,61,383.0,5.578500501219091,26,2,0,8,0,0,18,-383.0,False
79,3552,1,0,61,411.0,5.570525322093806,28,2,0,8,0,0,20,-411.0,False
79,3553,1,0,65,441.0,5.067518777258872,35,2,0,10,1,2,22,-441.0,False
80,3554,0,1,65,472.0,5.219914276312456,31,3,1,8,0,0,23,0.0,False
80,3555,0,1,64,504.0,5.190588441571493,33,3,1,8,0,0,25,0.0,False
80,3556,0,1,63,536.0,5.138576874050602,32,3,1,8,0,0,24,0.0,False
80,3557,0,1,63,300.0,5.040930428482229,25,0,2,4,1,0,20,-300.0,False
80,3558,0,1,62,170.0,5.086135118060088,17,0,2,0,0,0,17,-170.0,False
80,3559,0,1,62,115.0,5.43245496746145,14,0,2,0,0,0,14,-115.0,False
80,3560,0,1,63,77.0,5.887800234189852,12,0,2,0,0,0,12,-77.0,False
80,3561,0,1,64,56.0,6.626415897671844,9,0,2,0,1,0,8,-56.0,False
80,3562,0,1,64,44.0,7.531987871696608,9,0,2,0,1,1,7,-44.0,False
80,3563,0,1,64,31.0,8.225139210739846,8,0,2,0,1,2,5,-31.0,False
80,3564,0,1,63,32.0,8.7053997795683,7,0,2,0,1,2,4,-32.0,False
80,3565,0,1,67,22.0,8.442209744251832,10,0,2,2,2,4,2,-22.0,False
80,3566,0,1,68,19.0,8.8233026987194,5,0,2,0,1,2,2,-19.0,False
80,3567,0,1,68,19.0,9.509819247538072,5,0,2,0,2,2,1,-19.0,False
80,3568,0,1,68,23.0,9.866902770031873,5,0,2,0,3,2,0,-23.0,False
80,3569,0,1,69,28.0,10.122170841284992,6,0,2,0,4,2,0,-28.0,False
80,3570,0,1,69,33.0,10.241401938293516,5,0,2,0,3,2,0,-33.0,False
80,3571,0,1,70,38.0,10.315568956346668,6,0,2,0,3,2,1,-38.0,False
80,3572,0,1,70,43.0,10.509653150493358,5,0,2,0,3,2,0,-43.0,False
80,3573,0,1,71,49.0,10.49762970045656,7,0,2,0,5,2,0,-49.0,False
80,3574,0,1,71,57.0,10.454495527781214,8,0,2,0,4,4,0,-57.0,False
80,3575,0,1,68,65.0,10.549375142989566,8,0,2,0,4,4,0,-65.0,False
80,3576,0,1,68,74.0,10.376110568899312,10,0,2,0,5,4,1,-74.0,False
80,3577,0,1,70,83.0,9.696924713880028,14,0,2,2,6,6,0,-83.0,False
80,3578,0,1,69,92.0,9.830385913616803,9,0,2,0,5,4,0,-92.0,False
80,3579,0,1,67,101.0,9.922665733793533,9,0,2,0,5,4,0,-101.0,False
80,3580,0,1,67,110.0,9.986886531655667,9,0,2,0,5,4,0,-110.0,False
80,3581,0,1,69,119.0,9.538299626231924,11,0,2,0,6,4,1,-119.0,False
80,3582,0,1,69,129.0,9.49373144483522,10,0,2,0,6,4,0,-129.0,False
80,3583,0,1,67,139.0,9.28981747958552,10,0,2,0,6,4,0,-139.0,False
80,3584,0,1,67,152.0,9.169732335064527,13,0,2,0,8,5,0,-152.0,False
80,3585,0,1,67,166.0,8.932721679820657,15,0,2,0,9,6,0,-166.0,False
80,3586,0,1,65,181.0,8.313632181829634,16,0,2,0,9,6,1,-181.0,False
80,3587,0,1,63,196.0,7.952744319774588,15,0,2,0,9,6,0,-196.0,False
80,3588,0,1,63,213.0,7.779931052143576,17,0,2,0,11,6,0,-213.0,False
80,3589,0,1,67,231.0,6.899516958341845,23,0,2,2,13,8,0,-231.0,False
80,3590,0,1,67,249.0,6.883169837470582,18,0,2,0,12,6,0,-249.0,False
80,3591,0,1,67,269.0,6.524361783759095,21,0,2,0,14,6,1,-269.0,False
80,3592,0,1,66,290.0,6.4410157286544365,21,0,2,0,15,6,0,-290.0,False
80,3593,0,1,66,312.0,6.344728446390497,23,0,2,0,17,6,0,-312.0,False
80,3594,0,1,65,336.0,6.314347749457649,24,0,2,0,18,6,0,-336.0,False
80,3595,0,1,64,362.0,6.217498225453467,26,0,2,0,20,6,0,-362.0,False
80,3596,0,1,64,390.0,6.063387083923272,29,0,2,0,22,6,1,-390.0,False
80,3597,0,1,65,419.0,5.99448704940655,30,0,2,0,23,7,0,-419.0,False
80,3598,0,1,61,450.0,5.4550472370275696,31,0,2,0,23,8,0,-450.0,False
81,3599,1,0,61,481.0,5.569322925098448,31,1,3,0,23,8,0,0.0,False
81,3600,1,0,60,513.0,5.457287881660574,32,1,3,0,24,8,0,0.0,False
