decision,step,action_j1,action_j2,vehicle_count,total_waiting_time,mean_speed,total_queue,J1_phase,J2_phase,J1_side_queue,J1_main_queue,J2_side_queue,J2_main_queue,reward,done
1,2,0,0,6,0.0,1.789690213444798,0,3,3,0,0,0,0,0.0,False
1,3,0,0,6,0.0,3.756390419423891,0,3,3,0,0,0,0,0.0,False
1,4,0,0,6,0.0,5.92296972476955,0,3,3,0,0,0,0,0.0,False
1,5,0,0,7,0.0,6.671355706260407,1,0,0,0,1,0,0,-0.0,False
1,6,0,0,7,0.0,8.580810196774213,0,0,0,0,0,0,0,-0.0,False
1,7,0,0,8,0.0,9.202939155693068,1,0,0,0,0,0,1,-0.0,False
1,8,0,0,8,0.0,10.419143116186309,0,0,0,0,0,0,0,-0.0,False
1,9,0,0,9,0.0,9.884092093126895,1,0,0,0,1,0,0,-0.0,False
1,10,0,0,9,0.0,10.511177492539856,0,0,0,0,0,0,0,-0.0,False
1,11,0,0,9,0.0,10.934847417781384,0,0,0,0,0,0,0,-0.0,False
1,12,0,0,10,0.0,10.446661870689825,1,0,0,0,0,0,1,-0.0,False
1,13,0,0,15,0.0,7.3056574359121695,5,0,0,2,1,2,0,-0.0,False
1,14,0,0,15,0.0,8.338465850555735,0,0,0,0,0,0,0,-0.0,False
1,15,0,0,15,0.0,9.418157730429211,0,0,0,0,0,0,0,-0.0,False
1,16,0,0,15,0.0,10.108933294090166,0,0,0,0,0,0,0,-0.0,False
1,17,0,0,17,0.0,9.79600640399412,2,0,0,0,1,0,1,-0.0,False
1,18,0,0,17,0.0,10.697320342407426,0,0,0,0,0,0,0,-0.0,False
1,19,0,0,17,0.0,11.363724630407141,0,0,0,0,0,0,0,-0.0,False
1,20,0,0,17,0.0,11.907072457437545,0,0,0,0,0,0,0,-0.0,False
1,21,0,0,18,0.0,11.42513689107543,1,0,0,0,1,0,0,-0.0,False
1,22,0,0,19,0.0,11.158738253350878,1,0,0,0,0,0,1,-0.0,False
1,23,0,0,19,0.0,11.571727163450714,0,0,0,0,0,0,0,-0.0,False
1,24,0,0,19,0.0,11.724929528116114,0,0,0,0,0,0,0,-0.0,False
1,25,0,0,24,0.0,9.362019813225732,5,0,0,2,1,2,0,-0.0,False
1,26,0,0,24,0.0,9.772855213578827,0,0,0,0,0,0,0,-0.0,False
1,27,0,0,25,0.0,9.55654308445891,1,0,0,0,0,0,1,-0.0,False
1,28,0,0,25,0.0,9.83272573960499,0,0,0,0,0,0,0,-0.0,False
1,29,0,0,26,0.0,9.85275264070474,1,0,0,0,1,0,0,-0.0,False
1,30,0,0,26,0.0,10.155806390856792,0,0,0,0,0,0,0,-0.0,False
1,31,0,0,26,2.0,10.354612181802029,2,0,0,0,1,0,1,-2.0,False
1,32,0,0,27,4.0,10.293104090528196,3,0,0,0,1,0,2,-4.0,False
1,33,0,0,28,7.0,10.286507758633567,4,0,0,0,3,0,1,-7.0,False
1,34,0,0,25,10.0,9.615865193443566,3,0,0,0,2,0,1,-10.0,False
1,35,0,0,25,13.0,9.41822121650574,3,0,0,0,2,0,1,-13.0,False
1,36,0,0,25,16.0,9.34502951539936,3,0,0,0,2,0,1,-16.0,False
1,37,0,0,30,21.0,7.745371913269841,10,0,0,2,4,2,2,-21.0,False
1,38,0,0,31,26.0,7.763913258616469,6,0,0,0,3,0,3,-26.0,False
1,39,0,0,31,31.0,8.129389837236682,5,0,0,0,3,0,2,-31.0,False
1,40,0,0,30,37.0,8.218296892478277,6,0,0,0,4,0,2,-37.0,False
1,41,0,0,31,43.0,8.243813978953781,7,0,0,0,5,0,2,-43.0,False
1,42,0,0,31,50.0,8.488780154097332,7,0,0,0,4,0,3,-50.0,False
1,43,0,0,32,57.0,8.45167915286459,8,0,0,0,4,0,4,-57.0,False
1,44,0,0,32,64.0,8.754588148800712,7,0,0,0,4,0,3,-64.0,False
1,45,0,0,33,72.0,8.32652579988911,9,0,0,0,6,0,3,-72.0,False
1,46,0,0,29,80.0,7.727018457449425,8,0,0,0,5,0,3,-80.0,False
2,47,0,1,29,88.0,7.4418124504244725,8,1,1,0,5,0,3,0.0,False
2,48,0,1,30,97.0,7.054006658410453,10,1,1,0,5,0,5,0.0,False
2,49,0,1,35,107.0,6.154061069883693,15,1,1,2,7,2,4,0.0,False
2,50,0,1,35,83.0,6.637712995292555,8,0,2,0,6,0,2,-83.0,False
2,51,0,1,35,79.0,7.249047687598448,8,0,2,0,7,0,1,-79.0,False
2,52,0,1,35,85.0,7.873857412334101,7,0,2,0,7,0,0,-85.0,False
2,53,0,1,37,92.0,7.919033994705035,9,0,2,0,8,0,1,-92.0,False
2,54,0,1,37,99.0,8.495923848974705,7,0,2,0,7,0,0,-99.0,False
2,55,0,1,37,106.0,8.583048920006743,7,0,2,0,7,0,0,-106.0,False
2,56,0,1,37,113.0,8.56765526629165,7,0,2,0,7,0,0,-113.0,False
2,57,0,1,38,121.0,8.464259077472233,9,0,2,0,8,1,0,-121.0,False
2,58,0,1,37,130.0,8.05239436268701,10,0,2,0,8,1,1,-130.0,False
2,59,0,1,36,141.0,7.937296084484719,11,0,2,0,9,2,0,-141.0,False
2,60,0,1,36,152.0,7.934231235259929,11,0,2,0,9,2,0,-152.0,False
2,61,0,1,40,163.0,6.863371590176139,16,0,2,2,10,4,0,-163.0,False
2,62,0,1,40,174.0,7.07652321629868,11,0,2,0,9,2,0,-174.0,False
2,63,0,1,41,186.0,7.160209074736263,13,0,2,0,10,2,1,-186.0,False
2,64,0,1,41,198.0,7.367948164936121,12,0,2,0,10,2,0,-198.0,False
2,65,0,1,42,211.0,7.462691286035354,14,0,2,0,12,2,0,-211.0,False
2,66,0,1,42,224.0,7.600679919195536,13,0,2,0,11,2,0,-224.0,False
2,67,0,1,42,237.0,7.637438371486181,13,0,2,0,11,2,0,-237.0,False
2,68,0,1,43,251.0,7.587375877136996,15,0,2,0,11,3,1,-251.0,False
2,69,0,1,44,265.0,7.22961675959564,15,0,2,0,12,3,0,-265.0,False
2,70,0,1,44,280.0,7.264412952244009,15,0,2,0,11,4,0,-280.0,False
2,71,0,1,43,295.0,7.1674220099459625,15,0,2,0,11,4,0,-295.0,False
2,72,0,1,42,311.0,7.159791627540232,16,0,2,0,12,4,0,-311.0,False
2,73,0,1,47,328.0,6.369154973432641,22,0,2,2,14,6,0,-328.0,False
2,74,0,1,48,345.0,6.604915409610818,18,0,2,0,13,4,1,-345.0,False
2,75,0,1,48,362.0,6.75531494021342,17,0,2,0,13,4,0,-362.0,False
2,76,0,1,48,379.0,6.7113083625393655,17,0,2,0,13,4,0,-379.0,False
2,77,0,1,49,396.0,6.588859814195741,18,0,2,0,14,4,0,-396.0,False
2,78,0,1,49,413.0,6.543604712101698,17,0,2,0,13,4,0,-413.0,False
2,79,0,1,50,431.0,6.2461284471619924,19,0,2,0,14,4,1,-431.0,False
2,80,0,1,50,450.0,6.043045328877116,19,0,2,0,15,4,0,-450.0,False
2,81,0,1,51,471.0,5.753694404752052,22,0,2,0,17,5,0,-471.0,False
2,82,0,1,50,494.0,5.467556417546851,23,0,2,0,18,5,0,-494.0,False
2,83,0,1,50,519.0,5.245145014818276,25,0,2,0,19,6,0,-519.0,False
2,84,0,1,51,544.0,5.072487469718203,26,0,2,0,19,6,1,-544.0,False
2,85,0,1,55,570.0,4.3842895134309225,31,0,2,2,21,8,0,-570.0,False
2,86,0,1,55,598.0,4.54099678001757,28,0,2,0,22,6,0,-598.0,False
2,87,0,1,55,627.0,4.577026975897878,29,0,2,0,23,6,0,-627.0,False
2,88,0,1,55,658.0,4.665529995027465,31,0,2,0,25,6,0,-658.0,False
2,89,0,1,57,689.0,4.4919210435325825,33,0,2,0,26,6,1,-689.0,False
2,90,0,1,57,721.0,4.575015163331575,32,0,2,0,26,6,0,-721.0,False
2,91,0,1,57,754.0,4.636531237506615,33,0,2,0,27,6,0,-754.0,False
3,92,1,0,57,787.0,4.575896973733677,33,1,3,0,27,6,0,0.0,False
3,93,1,0,58,821.0,4.414320882603203,35,1,3,0,28,7,0,0.0,False
3,94,1,0,59,857.0,4.188621135910236,37,1,3,0,27,8,2,0.0,False
3,95,1,0,59,604.0,4.496967936983883,28,2,0,0,23,4,1,-604.0,False
3,96,1,0,59,448.0,4.9191189828706605,20,2,0,0,19,0,1,-448.0,False
3,97,1,0,64,341.0,5.0230119086917,21,2,0,2,16,2,1,-341.0,False
3,98,1,0,63,244.0,5.654350384602756,13,2,0,0,12,0,1,-244.0,False
3,99,1,0,64,168.0,6.297278328180045,11,2,0,0,9,0,2,-168.0,False
3,100,1,0,63,114.0,7.219066843749797,9,2,0,0,8,0,1,-114.0,False
3,101,1,0,64,72.0,7.8417179430026245,8,2,0,0,7,0,1,-72.0,False
3,102,1,0,64,44.0,8.493955406970375,6,2,0,0,4,0,2,-44.0,False
3,103,1,0,64,35.0,8.904599932401728,6,2,0,0,4,0,2,-35.0,False
3,104,1,0,65,21.0,9.28450981004122,5,2,0,0,2,0,3,-21.0,False
3,105,1,0,66,20.0,9.442580932294005,5,2,0,1,2,0,2,-20.0,False
3,106,1,0,65,21.0,9.865409379761171,4,2,0,1,0,0,3,-21.0,False
3,107,1,0,64,26.0,10.024922623581237,5,2,0,2,0,0,3,-26.0,False
3,108,1,0,64,31.0,10.382549624637601,5,2,0,2,0,0,3,-31.0,False
3,109,1,0,69,36.0,9.908650814015553,10,2,0,4,1,2,3,-36.0,False
3,110,1,0,70,41.0,10.118773476952194,6,2,0,2,0,0,4,-41.0,False
3,111,1,0,70,46.0,10.392881248954922,5,2,0,2,0,0,3,-46.0,False
3,112,1,0,70,51.0,10.626666790903917,5,2,0,2,0,0,3,-51.0,False
3,113,1,0,67,56.0,10.383913696694787,6,2,0,2,1,0,3,-56.0,False
3,114,1,0,67,61.0,10.437448538116415,5,2,0,2,0,0,3,-61.0,False
3,115,1,0,67,67.0,10.250403897480231,7,2,0,2,0,0,5,-67.0,False
3,116,1,0,65,73.0,10.266359138169154,6,2,0,2,0,0,4,-73.0,False
3,117,1,0,65,81.0,10.197171089080033,9,2,0,3,1,0,5,-81.0,False
3,118,1,0,64,89.0,10.20987030292297,8,2,0,3,0,0,5,-89.0,False
3,119,1,0,63,98.0,10.05567526022019,9,2,0,4,0,0,5,-98.0,False
3,120,1,0,64,107.0,9.826668679798017,10,2,0,4,0,0,6,-107.0,False
3,121,1,0,69,116.0,8.911395717701286,14,2,0,6,1,2,5,-116.0,False
3,122,1,0,68,126.0,8.837498041837938,10,2,0,4,0,0,6,-126.0,False
3,123,1,0,68,137.0,8.817638521674464,11,2,0,4,0,0,7,-137.0,False
3,124,1,0,67,150.0,8.65534413782871,13,2,0,4,0,0,9,-150.0,False
3,125,1,0,69,164.0,8.267396532226288,16,2,0,4,1,0,11,-164.0,False
3,126,1,0,68,178.0,8.152303916931455,14,2,0,4,0,0,10,-178.0,False
3,127,1,0,67,194.0,7.941706070457992,16,2,0,4,0,0,12,-194.0,False
3,128,1,0,66,210.0,7.571481799517745,16,2,0,4,0,0,12,-210.0,False
3,129,1,0,67,227.0,7.110499344847512,18,2,0,4,1,0,13,-227.0,False
3,130,1,0,64,249.0,6.472644291306253,23,2,0,6,0,0,17,-249.0,False
3,131,1,0,64,271.0,6.453245385890452,22,2,0,6,0,0,16,-271.0,False
3,132,1,0,62,295.0,6.111668195154983,24,2,0,6,0,0,18,-295.0,False
3,133,1,0,66,319.0,5.32507155180933,29,2,0,8,1,2,18,-319.0,False
3,134,1,0,65,344.0,5.082962005357372,25,2,0,6,0,0,19,-344.0,False
3,135,1,0,64,371.0,4.67281458434562,28,2,0,6,0,0,22,-371.0,False
3,136,1,0,64,399.0,4.626086491891925,28,2,0,6,0,0,22,-399.0,False
4,137,0,1,65,429.0,4.393153558505861,31,3,1,6,1,0,24,0.0,False
4,138,0,1,65,461.0,4.327961078576852,32,3,1,6,0,0,26,0.0,False
4,139,0,1,65,495.0,4.162362803500539,34,3,1,6,0,0,28,0.0,False
4,140,0,1,66,293.0,4.109973573766418,29,0,2,2,0,1,26,-293.0,False
4,141,0,1,67,202.0,4.375992325220001,24,0,2,0,1,1,22,-202.0,False
4,142,0,1,65,152.0,4.624253763984031,22,0,2,0,0,2,20,-152.0,False
4,143,0,1,65,114.0,5.227166439130238,19,0,2,0,0,2,17,-114.0,False
4,144,0,1,65,97.0,5.978974415826556,16,0,2,0,0,2,14,-97.0,False
4,145,0,1,70,92.0,6.071741312233276,21,0,2,2,1,4,14,-92.0,False
4,146,0,1,71,85.0,6.650070968994932,15,0,2,0,0,2,13,-85.0,False
4,147,0,1,71,78.0,7.2388427896759,12,0,2,0,0,2,10,-78.0,False
4,148,0,1,71,70.0,7.887762765023118,11,0,2,0,1,2,8,-70.0,False
4,149,0,1,72,62.0,8.10243765317066,12,0,2,0,3,2,7,-62.0,False
4,150,0,1,72,64.0,8.60093317046539,10,0,2,0,2,2,6,-64.0,False
4,151,0,1,73,63.0,8.639436853678513,10,0,2,0,2,2,6,-63.0,False
4,152,0,1,73,54.0,9.024058236867928,8,0,2,0,3,2,3,-54.0,False
4,153,0,1,74,45.0,9.067099489764413,8,0,2,0,4,3,1,-45.0,False
4,154,0,1,74,48.0,9.4118193817617,8,0,2,0,3,4,1,-48.0,False
4,155,0,1,74,54.0,9.646576026025066,7,0,2,0,3,4,0,-54.0,False
4,156,0,1,75,61.0,9.825536230994082,8,0,2,0,3,4,1,-61.0,False
4,157,0,1,80,69.0,9.399468562963783,13,0,2,2,5,6,0,-69.0,False
4,158,0,1,79,77.0,9.700951197302754,8,0,2,0,4,4,0,-77.0,False
4,159,0,1,77,85.0,9.921771745429016,8,0,2,0,4,4,0,-85.0,False
4,160,0,1,74,93.0,10.127215338529778,8,0,2,0,4,4,0,-93.0,False
4,161,0,1,74,102.0,9.86943055368042,11,0,2,0,6,4,1,-102.0,False
4,162,0,1,74,111.0,10.029195627674461,9,0,2,0,5,4,0,-111.0,False
4,163,0,1,74,120.0,10.12083914678602,9,0,2,0,5,4,0,-120.0,False
4,164,0,1,74,130.0,10.080455566535063,10,0,2,0,5,5,0,-130.0,False
4,165,0,1,75,142.0,9.956740832673736,13,0,2,0,7,6,0,-142.0,False
4,166,0,1,73,154.0,9.594105795670837,13,0,2,0,6,6,1,-154.0,False
4,167,0,1,73,166.0,9.439496697099742,12,0,2,0,6,6,0,-166.0,False
4,168,0,1,72,178.0,9.262939810200823,12,0,2,0,6,6,0,-178.0,False
4,169,0,1,76,192.0,8.426090645794789,19,0,2,2,9,8,0,-192.0,False
4,170,0,1,75,208.0,8.280599885346845,16,0,2,0,10,6,0,-208.0,False
4,171,0,1,74,225.0,7.877668386249529,18,0,2,0,11,6,1,-225.0,False
4,172,0,1,74,242.0,7.726637560081054,17,0,2,0,11,6,0,-242.0,False
4,173,0,1,74,261.0,7.359333486795787,20,0,2,0,14,6,0,-261.0,False
4,174,0,1,74,280.0,7.397847011133921,19,0,2,0,13,6,0,-280.0,False
4,175,0,1,72,302.0,7.163924781186028,22,0,2,0,16,6,0,-302.0,False
4,176,0,1,72,326.0,6.931175530632856,25,0,2,0,17,7,1,-326.0,False
4,177,0,1,72,351.0,6.876967738923697,26,0,2,0,19,7,0,-351.0,False
4,178,0,1,69,379.0,6.545465405548701,28,0,2,0,20,8,0,-379.0,False
4,179,0,1,68,408.0,6.453370314157444,29,0,2,0,21,8,0,-408.0,False
4,180,0,1,66,439.0,6.212642971209535,31,0,2,0,23,8,0,-439.0,False
4,181,0,1,71,471.0,5.710211283111533,37,0,2,2,25,10,0,-471.0,False
5,182,1,0,70,503.0,5.637545867993187,33,1,3,0,24,8,1,0.0,False
5,183,1,0,70,536.0,5.907050921084286,33,1,3,0,25,8,0,0.0,False
5,184,1,0,69,569.0,5.904087262520446,33,1,3,0,25,8,0,0.0,False
5,185,1,0,70,338.0,6.032566449601181,26,2,0,0,22,4,0,-338.0,False
5,186,1,0,68,203.0,6.008029925463297,17,2,0,0,17,0,0,-203.0,False
5,187,1,0,69,142.0,6.181113655597819,14,2,0,0,13,0,1,-142.0,False
5,188,1,0,67,90.0,6.604214372547151,9,2,0,0,9,0,0,-90.0,False
5,189,1,0,67,51.0,7.072215740060409,9,2,0,0,8,0,1,-51.0,False
5,190,1,0,65,25.0,7.785641014468724,6,2,0,1,4,0,1,-25.0,False
5,191,1,0,62,8.0,8.189131021806455,3,2,0,1,1,0,1,-8.0,False
5,192,1,0,63,8.0,8.832955598142863,4,2,0,2,0,0,2,-8.0,False
5,193,1,0,66,11.0,8.692392781756753,8,2,0,4,1,2,1,-11.0,False
5,194,1,0,66,14.0,9.238295088301971,3,2,0,2,0,0,1,-14.0,False
5,195,1,0,65,17.0,9.641389632653713,3,2,0,2,0,0,1,-17.0,False
5,196,1,0,65,21.0,10.152746265421621,4,2,0,2,0,0,2,-21.0,False
5,197,1,0,67,25.0,10.188189443582752,6,2,0,2,1,0,3,-25.0,False
5,198,1,0,67,30.0,10.552016949561544,5,2,0,2,0,0,3,-30.0,False
5,199,1,0,67,35.0,10.820113351309292,5,2,0,2,0,0,3,-35.0,False
5,200,1,0,67,40.0,10.921932455084399,5,2,0,2,0,0,3,-40.0,False
5,201,1,0,68,46.0,10.660332004015702,7,2,0,3,1,0,3,-46.0,False
5,202,1,0,69,53.0,10.566527885192762,8,2,0,4,0,0,4,-53.0,False
5,203,1,0,67,61.0,10.57895322019797,8,2,0,4,0,0,4,-61.0,False
5,204,1,0,66,69.0,10.518628134111266,8,2,0,4,0,0,4,-69.0,False
5,205,1,0,69,77.0,9.763877382243102,13,2,0,6,1,2,4,-77.0,False
5,206,1,0,67,85.0,9.781659627490516,8,2,0,4,0,0,4,-85.0,False
5,207,1,0,66,93.0,9.697293165395957,9,2,0,4,0,0,5,-93.0,False
5,208,1,0,66,101.0,9.89017788579993,8,2,0,4,0,0,4,-101.0,False
5,209,1,0,66,110.0,9.586978870902353,10,2,0,4,1,0,5,-110.0,False
5,210,1,0,66,119.0,9.65196757590326,9,2,0,4,0,0,5,-119.0,False
5,211,1,0,64,128.0,9.397798484202745,9,2,0,4,0,0,5,-128.0,False
5,212,1,0,65,139.0,9.370642618844053,12,2,0,6,0,0,6,-139.0,False
5,213,1,0,65,151.0,9.189522167962679,13,2,0,6,1,0,6,-151.0,False
5,214,1,0,65,164.0,8.968316565902029,13,2,0,6,0,0,7,-164.0,False
5,215,1,0,63,177.0,8.499003927369632,13,2,0,6,0,0,7,-177.0,False
5,216,1,0,62,192.0,8.268865481317654,15,2,0,6,0,0,9,-192.0,False
5,217,1,0,66,207.0,7.35670801357265,20,2,0,8,1,2,9,-207.0,False
5,218,1,0,66,225.0,7.127651743161075,19,2,0,6,0,0,13,-225.0,False
5,219,1,0,64,243.0,7.037734560821635,18,2,0,6,0,0,12,-243.0,False
5,220,1,0,64,263.0,7.011947714320495,20,2,0,6,0,0,14,-263.0,False
5,221,1,0,64,285.0,6.656502237078896,23,2,0,6,1,0,16,-285.0,False
5,222,1,0,63,308.0,6.42215054625135,23,2,0,6,0,0,17,-308.0,False
5,223,1,0,63,332.0,6.039450434909984,25,2,0,6,0,0,19,-332.0,False
5,224,1,0,61,356.0,5.686050241928072,24,2,0,6,0,0,18,-356.0,False
5,225,1,0,61,382.0,5.475336307741384,27,2,0,6,1,0,20,-382.0,False
5,226,1,0,58,410.0,5.070689994206094,28,2,0,7,0,0,21,-410.0,False
6,227,0,1,57,440.0,4.914078251051898,30,3,1,8,0,0,22,0.0,False
6,228,0,1,57,472.0,4.771287907439804,33,3,1,8,0,0,25,0.0,False
6,229,0,1,61,505.0,4.228419788825663,38,3,1,10,1,2,25,0.0,False
6,230,0,1,61,291.0,4.617645533567944,26,0,2,4,0,0,22,-291.0,False
6,231,0,1,61,173.0,5.128781099966052,18,0,2,0,0,0,18,-173.0,False
6,232,0,1,61,120.0,5.680434920991134,15,0,2,0,1,0,14,-120.0,False
6,233,0,1,63,80.0,6.12697009519267,13,0,2,0,2,0,11,-80.0,False
6,234,0,1,63,60.0,6.733348418520499,9,0,2,0,1,0,8,-60.0,False
6,235,0,1,63,47.0,7.487471318006511,7,0,2,0,1,0,6,-47.0,False
6,236,0,1,63,34.0,8.146366957454166,6,0,2,0,1,0,5,-34.0,False
6,237,0,1,64,20.0,8.607436700767469,5,0,2,0,2,0,3,-20.0,False
6,238,0,1,64,14.0,8.77544767091664,5,0,2,0,2,1,2,-14.0,False
6,239,0,1,63,13.0,9.177762620661793,4,0,2,0,2,2,0,-13.0,False
6,240,0,1,63,17.0,9.613973213164048,4,0,2,0,2,2,0,-17.0,False
6,241,0,1,68,21.0,9.273771601291806,9,0,2,2,3,4,0,-21.0,False
6,242,0,1,68,26.0,9.666379194564174,5,0,2,0,3,2,0,-26.0,False
6,243,0,1,69,31.0,9.903903043106281,6,0,2,0,3,2,1,-31.0,False
6,244,0,1,69,36.0,10.178431008955922,5,0,2,0,3,2,0,-36.0,False
6,245,0,1,70,42.0,10.25881619413625,7,0,2,0,5,2,0,-42.0,False
6,246,0,1,70,48.0,10.409991936446012,6,0,2,0,4,2,0,-48.0,False
6,247,0,1,70,54.0,10.538811096876907,6,0,2,0,4,2,0,-54.0,False
6,248,0,1,70,61.0,10.403852690556635,8,0,2,0,5,2,1,-61.0,False
6,249,0,1,68,69.0,10.087690018710193,9,0,2,0,6,3,0,-69.0,False
6,250,0,1,67,78.0,10.09792660904511,9,0,2,0,5,4,0,-78.0,False
6,251,0,1,65,88.0,10.01578386634671,10,0,2,0,6,4,0,-88.0,False
6,252,0,1,65,98.0,10.085437128812885,10,0,2,0,6,4,0,-98.0,False
6,253,0,1,67,108.0,9.182619233736322,15,0,2,2,7,6,0,-108.0,False
6,254,0,1,68,118.0,9.153943030770023,11,0,2,0,6,4,1,-118.0,False
6,255,0,1,68,129.0,9.158694833617995,11,0,2,0,7,4,0,-129.0,False
6,256,0,1,67,140.0,9.056343872419935,11,0,2,0,7,4,0,-140.0,False
6,257,0,1,67,151.0,8.725168396612947,12,0,2,0,8,4,0,-151.0,False
6,258,0,1,67,163.0,8.419789120754,12,0,2,0,8,4,0,-163.0,False
6,259,0,1,67,177.0,8.076328201878402,15,0,2,0,10,4,1,-177.0,False
6,260,0,1,67,193.0,7.836039597620791,16,0,2,0,12,4,0,-193.0,False
6,261,0,1,67,209.0,7.4247406014295,17,0,2,0,13,4,0,-209.0,False
6,262,0,1,66,229.0,7.143185474635527,20,0,2,0,14,6,0,-229.0,False
6,263,0,1,64,249.0,6.796131793871231,20,0,2,0,14,6,0,-249.0,False
6,264,0,1,64,271.0,6.605082608229989,23,0,2,0,16,6,1,-271.0,False
6,265,0,1,68,294.0,6.148994359633825,28,0,2,2,18,8,0,-294.0,False
6,266,0,1,66,319.0,5.99374066828377,25,0,2,0,19,6,0,-319.0,False
6,267,0,1,66,344.0,6.119750069494908,25,0,2,0,19,6,0,-344.0,False
6,268,0,1,65,370.0,6.205277857884755,26,0,2,0,20,6,0,-370.0,False
6,269,0,1,66,398.0,6.001489678595775,30,0,2,0,23,6,1,-398.0,False
6,270,0,1,66,427.0,6.002524476202861,29,0,2,0,23,6,0,-427.0,False
6,271,0,1,64,456.0,6.031289792450581,29,0,2,0,23,6,0,-456.0,False
7,272,1,0,64,485.0,6.063818821041959,29,1,3,0,23,6,0,0.0,False
7,273,1,0,63,514.0,5.5818518586208485,30,1,3,0,24,6,0,0.0,False
7,274,1,0,64,545.0,5.305731352768637,32,1,3,0,24,7,1,0.0,False
7,275,1,0,60,332.0,5.1391846130679015,24,2,0,0,20,4,0,-332.0,False
7,276,1,0,60,222.0,5.493882912568187,18,2,0,0,18,0,0,-222.0,False
7,277,1,0,63,153.0,5.395767551085175,21,2,0,2,16,2,1,-153.0,False
7,278,1,0,62,95.0,6.121716200214455,12,2,0,0,11,0,1,-95.0,False
7,279,1,0,62,52.0,6.766189107363486,9,2,0,0,7,0,2,-52.0,False
7,280,1,0,61,21.0,7.486690664919037,4,2,0,0,3,0,1,-21.0,False
7,281,1,0,62,6.0,8.223631935829008,3,2,0,0,2,0,1,-6.0,False
7,282,1,0,62,6.0,8.901193380779153,1,2,0,0,0,0,1,-6.0,False
7,283,1,0,62,7.0,9.366293656659261,1,2,0,0,0,0,1,-7.0,False
7,284,1,0,63,8.0,9.722090319490023,2,2,0,0,0,0,2,-8.0,False
7,285,1,0,64,9.0,9.956415471861426,2,2,0,0,1,0,1,-9.0,False
7,286,1,0,63,14.0,10.456060849543432,5,2,0,2,0,0,3,-14.0,False
7,287,1,0,63,19.0,10.878423006850557,5,2,0,2,0,0,3,-19.0,False
7,288,1,0,63,24.0,11.157358637715943,5,2,0,2,0,0,3,-24.0,False
7,289,1,0,68,29.0,10.557006875988108,10,2,0,4,1,2,3,-29.0,False
7,290,1,0,68,34.0,10.38010092086797,6,2,0,2,0,0,4,-34.0,False
7,291,1,0,68,39.0,10.62339535304625,5,2,0,2,0,0,3,-39.0,False
7,292,1,0,68,44.0,10.730022593942167,5,2,0,2,0,0,3,-44.0,False
7,293,1,0,68,50.0,10.618729774549186,7,2,0,2,1,0,4,-50.0,False
7,294,1,0,67,56.0,10.745834130641816,6,2,0,2,0,0,4,-56.0,False
7,295,1,0,66,62.0,10.560780281494848,7,2,0,2,0,0,5,-62.0,False
7,296,1,0,65,69.0,10.65592570971887,7,2,0,2,0,0,5,-69.0,False
7,297,1,0,64,77.0,10.523488648108037,9,2,0,3,1,0,5,-77.0,False
7,298,1,0,63,85.0,10.491989471483295,8,2,0,3,0,0,5,-85.0,False
7,299,1,0,61,94.0,10.429670859996692,9,2,0,4,0,0,5,-94.0,False
7,300,1,0,62,103.0,10.188493474042797,10,2,0,4,0,0,6,-103.0,False
7,301,1,0,65,112.0,9.203213295480996,14,2,0,6,1,2,5,-112.0,False
7,302,1,0,65,121.0,9.173054105534534,9,2,0,4,0,0,5,-121.0,False
7,303,1,0,63,131.0,8.8590675974239,10,2,0,4,0,0,6,-131.0,False
7,304,1,0,62,143.0,8.651949838689191,12,2,0,4,0,0,8,-143.0,False
7,305,1,0,63,156.0,8.11690647945496,15,2,0,4,1,0,10,-156.0,False
7,306,1,0,63,170.0,8.026696646869212,14,2,0,4,0,0,10,-170.0,False
7,307,1,0,61,186.0,7.743941765354915,16,2,0,4,0,0,12,-186.0,False
7,308,1,0,61,204.0,7.609422513235318,18,2,0,5,0,0,13,-204.0,False
7,309,1,0,61,223.0,7.186224306614009,20,2,0,6,1,0,13,-223.0,False
7,310,1,0,61,244.0,6.8316385890081435,22,2,0,6,0,0,16,-244.0,False
7,311,1,0,59,267.0,6.4447890180200424,23,2,0,6,0,0,17,-267.0,False
7,312,1,0,59,291.0,6.17588998307875,24,2,0,6,0,0,18,-291.0,False
7,313,1,0,61,317.0,5.108296089054639,31,2,0,8,1,2,20,-317.0,False
7,314,1,0,59,344.0,4.896390881753391,27,2,0,6,0,0,21,-344.0,False
7,315,1,0,60,372.0,4.931883186649726,29,2,0,6,0,0,23,-372.0,False
7,316,1,0,58,403.0,4.8262024965583965,31,2,0,6,0,0,25,-403.0,False
8,317,0,1,59,435.0,4.69062706037026,33,3,1,6,1,0,26,0.0,False
8,318,0,1,59,467.0,4.658796586685109,32,3,1,6,0,0,26,0.0,False
8,319,0,1,59,500.0,4.427531137124242,33,3,1,6,0,0,27,0.0,False
8,320,0,1,60,303.0,4.467257899596403,26,0,2,2,0,0,24,-303.0,False
8,321,0,1,61,206.0,4.682388419736052,22,0,2,0,2,1,19,-206.0,False
8,322,0,1,59,152.0,4.91014973939562,17,0,2,0,1,1,15,-152.0,False
8,323,0,1,59,112.0,5.401803286866024,16,0,2,0,1,2,13,-112.0,False
8,324,0,1,59,90.0,6.167596706123824,13,0,2,0,1,2,10,-90.0,False
8,325,0,1,64,75.0,6.439563872705389,15,0,2,2,2,4,7,-75.0,False
8,326,0,1,65,60.0,7.169033996895479,9,0,2,0,1,2,6,-60.0,False
8,327,0,1,65,44.0,8.006414509372705,6,0,2,0,1,2,3,-44.0,False
8,328,0,1,65,30.0,8.588158692822388,6,0,2,0,2,2,2,-30.0,False
8,329,0,1,66,29.0,8.832379717863748,7,0,2,0,4,2,1,-29.0,False
8,330,0,1,66,33.0,9.11602104621963,5,0,2,0,3,2,0,-33.0,False
8,331,0,1,67,38.0,9.342769691635963,6,0,2,0,3,2,1,-38.0,False
8,332,0,1,67,44.0,9.627665936938243,6,0,2,0,3,3,0,-44.0,False
8,333,0,1,68,51.0,9.702576721723014,8,0,2,0,5,3,0,-51.0,False
8,334,0,1,68,59.0,9.861624728789607,8,0,2,0,4,4,0,-59.0,False
8,335,0,1,68,67.0,9.920962150635422,8,0,2,0,4,4,0,-67.0,False
8,336,0,1,69,75.0,10.043969439415175,9,0,2,0,4,4,1,-75.0,False
8,337,0,1,74,84.0,9.49529022144193,14,0,2,2,6,6,0,-84.0,False
8,338,0,1,74,93.0,9.703274367421987,9,0,2,0,5,4,0,-93.0,False
8,339,0,1,70,102.0,9.700442545279179,9,0,2,0,5,4,0,-102.0,False
8,340,0,1,70,112.0,9.752079004238025,10,0,2,0,6,4,0,-112.0,False
8,341,0,1,68,122.0,9.387061876020693,12,0,2,0,7,4,1,-122.0,False
8,342,0,1,68,133.0,9.476854072737842,11,0,2,0,7,4,0,-133.0,False
8,343,0,1,68,144.0,9.63235194000186,11,0,2,0,7,4,0,-144.0,False
8,344,0,1,68,155.0,9.617539744852108,11,0,2,0,7,4,0,-155.0,False
8,345,0,1,69,166.0,9.546107954606484,12,0,2,0,8,4,0,-166.0,False
8,346,0,1,67,178.0,9.12432275996903,13,0,2,0,7,5,1,-178.0,False
8,347,0,1,67,190.0,9.01660144582822,12,0,2,0,7,5,0,-190.0,False
8,348,0,1,65,202.0,8.586351799514944,12,0,2,0,7,5,0,-202.0,False
8,349,0,1,70,214.0,7.7769011521319,17,0,2,2,8,7,0,-214.0,False
8,350,0,1,68,230.0,7.586954178063195,16,0,2,0,10,6,0,-230.0,False
8,351,0,1,68,247.0,7.411687188442808,18,0,2,0,11,6,1,-247.0,False
8,352,0,1,67,265.0,7.413453349412823,18,0,2,0,12,6,0,-265.0,False
8,353,0,1,67,284.0,7.077510154373634,20,0,2,0,14,6,0,-284.0,False
8,354,0,1,67,305.0,6.79260380108188,21,0,2,0,15,6,0,-305.0,False
8,355,0,1,66,327.0,6.678075293298123,22,0,2,0,16,6,0,-327.0,False
8,356,0,1,67,349.0,6.375450053838208,23,0,2,0,16,6,1,-349.0,False
8,357,0,1,66,373.0,6.075988030463334,25,0,2,0,18,7,0,-373.0,False
8,358,0,1,66,400.0,6.011443906635927,27,0,2,0,19,8,0,-400.0,False
8,359,0,1,64,428.0,5.792178837614826,28,0,2,0,20,8,0,-428.0,False
8,360,0,1,63,457.0,5.651583821002459,29,0,2,0,21,8,0,-457.0,False
8,361,0,1,68,488.0,5.243480795386568,36,0,2,2,24,10,0,-488.0,False
9,362,1,0,66,520.0,4.983116267187904,33,1,3,0,24,8,1,0.0,False
9,363,1,0,66,553.0,5.1974661851924315,33,1,3,0,25,8,0,0.0,False
9,364,1,0,64,587.0,4.987109953116007,34,1,3,0,26,8,0,0.0,False
9,365,1,0,64,353.0,5.021997844439995,27,2,0,0,23,4,0,-353.0,False
9,366,1,0,63,221.0,5.281453417748072,18,2,0,0,18,0,0,-221.0,False
9,367,1,0,62,154.0,5.232539042745242,16,2,0,0,15,0,1,-154.0,False
9,368,1,0,62,100.0,5.81314257750234,11,2,0,0,11,0,0,-100.0,False
9,369,1,0,62,52.0,6.296149415527251,8,2,0,0,8,0,0,-52.0,False
9,370,1,0,62,27.0,7.188186789226253,8,2,0,2,5,0,1,-27.0,False
9,371,1,0,61,8.0,7.90628102752995,4,2,0,2,1,0,1,-8.0,False
9,372,1,0,61,9.0,8.36255974492649,4,2,0,2,0,0,2,-9.0,False
9,373,1,0,66,12.0,8.374751206550606,8,2,0,4,1,2,1,-12.0,False
9,374,1,0,66,16.0,9.099023921399489,4,2,0,2,0,0,2,-16.0,False
9,375,1,0,66,20.0,9.748331539457281,4,2,0,2,0,0,2,-20.0,False
9,376,1,0,66,24.0,10.24250966141982,4,2,0,2,0,0,2,-24.0,False
9,377,1,0,68,28.0,10.260003867390752,6,2,0,2,1,0,3,-28.0,False
9,378,1,0,68,32.0,10.56465081667673,4,2,0,2,0,0,2,-32.0,False
9,379,1,0,68,36.0,10.652416146789898,4,2,0,2,0,0,2,-36.0,False
9,380,1,0,68,40.0,10.600189631345149,4,2,0,2,0,0,2,-40.0,False
9,381,1,0,69,44.0,10.493249581125541,5,2,0,2,1,0,2,-44.0,False
9,382,1,0,70,52.0,10.253086406830088,9,2,0,4,0,0,5,-52.0,False
9,383,1,0,69,60.0,10.325998304915458,8,2,0,4,0,0,4,-60.0,False
9,384,1,0,67,68.0,10.320460854033167,8,2,0,4,0,0,4,-68.0,False
9,385,1,0,71,76.0,9.518858114204019,13,2,0,6,1,2,4,-76.0,False
9,386,1,0,68,84.0,9.45141741430126,8,2,0,4,0,0,4,-84.0,False
9,387,1,0,69,92.0,9.526490205591506,9,2,0,4,0,0,5,-92.0,False
9,388,1,0,68,100.0,9.687599291167412,8,2,0,4,0,0,4,-100.0,False
9,389,1,0,69,109.0,9.526459459104311,10,2,0,4,1,0,5,-109.0,False
9,390,1,0,68,118.0,9.550347560420809,9,2,0,4,0,0,5,-118.0,False
9,391,1,0,66,127.0,9.414549401199144,9,2,0,4,0,0,5,-127.0,False
9,392,1,0,67,137.0,9.103890936385909,11,2,0,5,0,0,6,-137.0,False
9,393,1,0,67,148.0,8.861354005051002,12,2,0,6,1,0,5,-148.0,False
9,394,1,0,65,160.0,8.559221031920737,12,2,0,6,0,0,6,-160.0,False
9,395,1,0,64,173.0,8.367389272292387,13,2,0,6,0,0,7,-173.0,False
9,396,1,0,63,187.0,8.085845106942775,14,2,0,6,0,0,8,-187.0,False
9,397,1,0,67,203.0,7.223305943566095,21,2,0,8,1,2,10,-203.0,False
9,398,1,0,68,220.0,7.19442461580403,18,2,0,6,0,0,12,-220.0,False
9,399,1,0,68,239.0,7.124419340307101,19,2,0,6,0,0,13,-239.0,False
9,400,1,0,68,260.0,7.055874684904659,21,2,0,6,0,0,15,-260.0,False
9,401,1,0,67,281.0,6.714023425967318,22,2,0,6,1,0,15,-281.0,False
9,402,1,0,67,303.0,6.735526831852998,22,2,0,6,0,0,16,-303.0,False
9,403,1,0,66,326.0,6.303106724132973,24,2,0,6,0,0,18,-326.0,False
9,404,1,0,65,350.0,6.135543314490914,24,2,0,6,0,0,18,-350.0,False
9,405,1,0,64,376.0,5.776276904729588,27,2,0,7,1,0,19,-376.0,False
9,406,1,0,60,404.0,5.150963350242024,28,2,0,8,0,0,20,-404.0,False
10,407,0,1,60,433.0,5.153399253355956,29,3,1,8,0,0,21,0.0,False
10,408,0,1,59,465.0,4.785009946704973,33,3,1,8,0,0,25,0.0,False
10,409,0,1,64,499.0,4.284477569776767,39,3,1,10,1,2,26,0.0,False
10,410,0,1,63,282.0,4.499114516472695,26,0,2,4,0,0,22,-282.0,False
10,411,0,1,63,167.0,4.937288734592753,19,0,2,0,0,0,19,-167.0,False
10,412,0,1,63,117.0,5.504620248826361,16,0,2,0,0,0,16,-117.0,False
10,413,0,1,65,82.0,5.978783723393767,16,0,2,0,2,0,14,-82.0,False
10,414,0,1,65,62.0,6.687395484892115,10,0,2,0,1,0,9,-62.0,False
10,415,0,1,64,52.0,7.393553857512577,9,0,2,0,1,0,8,-52.0,False
10,416,0,1,64,43.0,7.963531149371848,8,0,2,0,1,1,6,-43.0,False
10,417,0,1,65,32.0,8.450773626682825,7,0,2,0,2,1,4,-32.0,False
10,418,0,1,65,23.0,8.777258642154228,8,0,2,0,2,2,4,-23.0,False
10,419,0,1,64,22.0,9.107455864213131,6,0,2,0,2,2,2,-22.0,False
10,420,0,1,64,22.0,9.50648250660935,5,0,2,0,2,2,1,-22.0,False
10,421,0,1,69,24.0,9.042079848944962,10,0,2,2,4,4,0,-24.0,False
10,422,0,1,69,29.0,9.391682869688498,5,0,2,0,3,2,0,-29.0,False
10,423,0,1,70,34.0,9.56597902095189,6,0,2,0,3,2,1,-34.0,False
10,424,0,1,70,39.0,9.847787990095917,5,0,2,0,3,2,0,-39.0,False
10,425,0,1,71,44.0,9.895788949722625,6,0,2,0,4,2,0,-44.0,False
10,426,0,1,71,50.0,10.18529098271158,6,0,2,0,4,2,0,-50.0,False
10,427,0,1,71,56.0,10.426970041200569,6,0,2,0,4,2,0,-56.0,False
10,428,0,1,70,62.0,10.326530288262996,7,0,2,0,4,2,1,-62.0,False
10,429,0,1,69,69.0,10.154154718100482,8,0,2,0,6,2,0,-69.0,False
10,430,0,1,67,76.0,10.09534655795119,7,0,2,0,5,2,0,-76.0,False
10,431,0,1,65,84.0,10.14343234695316,8,0,2,0,5,3,0,-84.0,False
10,432,0,1,64,93.0,10.11069394393582,9,0,2,0,5,4,0,-93.0,False
10,433,0,1,69,103.0,9.339733584217617,15,0,2,2,7,6,0,-103.0,False
10,434,0,1,69,114.0,9.325151441892709,12,0,2,0,7,4,1,-114.0,False
10,435,0,1,68,125.0,9.357707460857034,11,0,2,0,7,4,0,-125.0,False
10,436,0,1,68,136.0,9.343360526944753,11,0,2,0,7,4,0,-136.0,False
10,437,0,1,68,147.0,9.045644301995113,12,0,2,0,8,4,0,-147.0,False
10,438,0,1,67,159.0,8.974912417361839,12,0,2,0,8,4,0,-159.0,False
10,439,0,1,68,171.0,8.747507915833515,13,0,2,0,8,4,1,-171.0,False
10,440,0,1,66,184.0,8.432791336390427,13,0,2,0,9,4,0,-184.0,False
10,441,0,1,66,200.0,7.856642216807295,17,0,2,0,11,6,0,-200.0,False
10,442,0,1,64,217.0,7.3328027106841995,17,0,2,0,11,6,0,-217.0,False
10,443,0,1,63,235.0,7.088737401629841,18,0,2,0,12,6,0,-235.0,False
10,444,0,1,64,255.0,6.7920760723821765,21,0,2,0,14,6,1,-255.0,False
10,445,0,1,67,275.0,6.127197302738686,25,0,2,2,15,8,0,-275.0,False
10,446,0,1,66,297.0,6.103015456542428,22,0,2,0,16,6,0,-297.0,False
10,447,0,1,65,320.0,6.077422544058447,23,0,2,0,17,6,0,-320.0,False
10,448,0,1,65,345.0,6.1305056203019115,25,0,2,0,19,6,0,-345.0,False
10,449,0,1,66,372.0,5.858564041423167,29,0,2,0,22,6,1,-372.0,False
10,450,0,1,65,400.0,5.846651501344834,28,0,2,0,22,6,0,-400.0,False
10,451,0,1,65,430.0,5.878231089141353,30,0,2,0,24,6,0,-430.0,False
11,452,1,0,64,460.0,5.659128942057679,30,1,3,0,24,6,0,0.0,False
11,453,1,0,65,491.0,5.6182130249763995,32,1,3,0,25,7,0,0.0,False
11,454,1,0,63,523.0,5.105593974487766,33,1,3,0,24,8,1,0.0,False
11,455,1,0,63,313.0,5.333814933984232,24,2,0,0,20,4,0,-313.0,False
11,456,1,0,61,204.0,5.506534383092569,19,2,0,0,18,0,1,-204.0,False
11,457,1,0,66,143.0,5.564732305643739,20,2,0,2,15,2,1,-143.0,False
11,458,1,0,63,93.0,5.993961425747996,11,2,0,0,10,0,1,-93.0,False
11,459,1,0,63,52.0,6.639528130543427,9,2,0,0,7,0,2,-52.0,False
11,460,1,0,62,22.0,7.442795474913838,4,2,0,0,3,0,1,-22.0,False
11,461,1,0,62,9.0,8.169425930163733,3,2,0,0,2,0,1,-9.0,False
11,462,1,0,62,7.0,8.874916154107593,1,2,0,0,0,0,1,-7.0,False
11,463,1,0,62,8.0,9.355452680715523,1,2,0,0,0,0,1,-8.0,False
11,464,1,0,63,9.0,9.664593093939565,2,2,0,0,0,0,2,-9.0,False
11,465,1,0,64,12.0,9.866716134049177,4,2,0,1,1,0,2,-12.0,False
11,466,1,0,63,16.0,10.195034318506016,4,2,0,1,0,0,3,-16.0,False
11,467,1,0,62,20.0,10.523954341314255,4,2,0,1,0,0,3,-20.0,False
11,468,1,0,62,25.0,10.729088794215485,5,2,0,2,0,0,3,-25.0,False
11,469,1,0,67,30.0,10.19453833157537,10,2,0,4,1,2,3,-30.0,False
11,470,1,0,68,35.0,10.288764688403695,6,2,0,2,0,0,4,-35.0,False
11,471,1,0,68,40.0,10.360807872701642,5,2,0,2,0,0,3,-40.0,False
11,472,1,0,68,45.0,10.473888052787409,5,2,0,2,0,0,3,-45.0,False
11,473,1,0,67,51.0,10.316918069467173,7,2,0,2,1,0,4,-51.0,False
11,474,1,0,67,57.0,10.449885140119822,6,2,0,2,0,0,4,-57.0,False
11,475,1,0,66,63.0,10.305318379181468,7,2,0,2,0,0,5,-63.0,False
11,476,1,0,64,70.0,10.370984545716924,7,2,0,2,0,0,5,-70.0,False
11,477,1,0,63,77.0,10.087435429260987,8,2,0,2,1,0,5,-77.0,False
11,478,1,0,62,85.0,10.109709536047646,8,2,0,3,0,0,5,-85.0,False
11,479,1,0,62,94.0,10.113982255631422,9,2,0,4,0,0,5,-94.0,False
11,480,1,0,63,103.0,9.88473987545007,10,2,0,4,0,0,6,-103.0,False
11,481,1,0,66,112.0,8.879043894118883,14,2,0,6,1,2,5,-112.0,False
11,482,1,0,65,122.0,8.568797906088227,10,2,0,4,0,0,6,-122.0,False
11,483,1,0,65,133.0,8.486656829460818,11,2,0,4,0,0,7,-133.0,False
11,484,1,0,64,144.0,8.243798048408244,11,2,0,4,0,0,7,-144.0,False
11,485,1,0,66,158.0,7.813833226767269,16,2,0,4,1,0,11,-158.0,False
11,486,1,0,66,172.0,7.714117766894541,14,2,0,4,0,0,10,-172.0,False
11,487,1,0,65,188.0,7.5503176073872655,16,2,0,4,0,0,12,-188.0,False
11,488,1,0,63,206.0,7.41070866872695,18,2,0,5,0,0,13,-206.0,False
11,489,1,0,64,226.0,7.279739265851483,21,2,0,6,1,0,14,-226.0,False
11,490,1,0,62,247.0,6.793097775259811,22,2,0,6,0,0,16,-247.0,False
11,491,1,0,62,270.0,6.656262755273058,23,2,0,6,0,0,17,-270.0,False
11,492,1,0,60,294.0,6.289711652310504,24,2,0,6,0,0,18,-294.0,False
11,493,1,0,63,319.0,5.362686212215737,30,2,0,8,1,2,19,-319.0,False
11,494,1,0,63,344.0,5.472120998980343,25,2,0,6,0,0,19,-344.0,False
11,495,1,0,61,370.0,5.164641477918312,27,2,0,6,0,0,21,-370.0,False
11,496,1,0,61,398.0,5.222863349195341,28,2,0,6,0,0,22,-398.0,False
12,497,0,1,60,428.0,5.005081904545879,31,3,1,6,1,0,24,0.0,False
12,498,0,1,60,458.0,4.874717901906921,30,3,1,6,0,0,24,0.0,False
12,499,0,1,59,489.0,4.632737522756122,31,3,1,6,0,0,25,0.0,False
12,500,0,1,60,293.0,4.461118223588225,26,0,2,2,1,0,23,-293.0,False
12,501,0,1,61,195.0,4.67232649691106,21,0,2,0,2,1,18,-195.0,False
12,502,0,1,59,136.0,4.835118996428839,16,0,2,0,1,1,14,-136.0,False
12,503,0,1,59,94.0,5.4399884135345316,15,0,2,0,1,2,12,-94.0,False
12,504,0,1,59,72.0,6.065044112243786,12,0,2,0,2,2,8,-72.0,False
12,505,0,1,64,62.0,6.301400154218215,16,0,2,2,3,4,7,-62.0,False
12,506,0,1,65,51.0,6.932990812885083,10,0,2,0,2,2,6,-51.0,False
12,507,0,1,65,41.0,7.772272265099981,8,0,2,0,2,2,4,-41.0,False
12,508,0,1,65,45.0,8.435429118958103,7,0,2,0,2,2,3,-45.0,False
12,509,0,1,66,39.0,8.891862769942001,6,0,2,0,3,2,1,-39.0,False
12,510,0,1,66,36.0,9.507797452243745,4,0,2,0,2,2,0,-36.0,False
12,511,0,1,67,41.0,9.707880927920087,6,0,2,0,3,2,1,-41.0,False
12,512,0,1,67,46.0,9.864776173786648,5,0,2,0,3,2,0,-46.0,False
12,513,0,1,68,51.0,9.771015966406672,6,0,2,0,4,2,0,-51.0,False
12,514,0,1,68,58.0,9.914679461811081,7,0,2,0,3,4,0,-58.0,False
12,515,0,1,68,66.0,10.078123468233803,8,0,2,0,4,4,0,-66.0,False
12,516,0,1,69,75.0,10.082304439392512,10,0,2,0,5,4,1,-75.0,False
12,517,0,1,74,84.0,9.471327774479319,14,0,2,2,6,6,0,-84.0,False
12,518,0,1,74,93.0,9.750454390079007,9,0,2,0,5,4,0,-93.0,False
12,519,0,1,71,103.0,9.773582057565937,10,0,2,0,6,4,0,-103.0,False
12,520,0,1,70,113.0,9.903170570980311,10,0,2,0,6,4,0,-113.0,False
12,521,0,1,71,123.0,9.685333835285746,12,0,2,0,7,4,1,-123.0,False
12,522,0,1,70,133.0,9.668983888769482,10,0,2,0,6,4,0,-133.0,False
12,523,0,1,68,143.0,9.724546463521754,10,0,2,0,6,4,0,-143.0,False
12,524,0,1,68,154.0,9.68654887438301,11,0,2,0,7,4,0,-154.0,False
12,525,0,1,69,166.0,9.491636829569279,13,0,2,0,8,5,0,-166.0,False
12,526,0,1,67,179.0,9.04144894279905,14,0,2,0,7,6,1,-179.0,False
12,527,0,1,66,193.0,9.025811990478568,14,0,2,0,8,6,0,-193.0,False
12,528,0,1,65,207.0,8.768108211202707,14,0,2,0,8,6,0,-207.0,False
12,529,0,1,69,222.0,7.799778162880189,20,0,2,2,10,8,0,-222.0,False
12,530,0,1,68,237.0,7.6206771779594895,15,0,2,0,9,6,0,-237.0,False
12,531,0,1,68,255.0,7.341286449332641,19,0,2,0,12,6,1,-255.0,False
12,532,0,1,66,273.0,7.140740398003597,18,0,2,0,12,6,0,-273.0,False
12,533,0,1,67,292.0,6.890859993546066,20,0,2,0,14,6,0,-292.0,False
12,534,0,1,67,312.0,6.88456455221093,20,0,2,0,14,6,0,-312.0,False
12,535,0,1,66,335.0,6.700915684461648,23,0,2,0,17,6,0,-335.0,False
12,536,0,1,67,359.0,6.4889901796213865,25,0,2,0,18,6,1,-359.0,False
12,537,0,1,68,387.0,6.229105751220157,29,0,2,0,21,8,0,-387.0,False
12,538,0,1,66,415.0,5.990483209098234,29,0,2,0,21,8,0,-415.0,False
12,539,0,1,64,445.0,5.855636872909772,30,0,2,0,22,8,0,-445.0,False
12,540,0,1,63,476.0,5.7333508270800015,31,0,2,0,23,8,0,-476.0,False
12,541,0,1,67,507.0,5.2099429523828995,36,0,2,2,24,10,0,-507.0,False
13,542,1,0,67,538.0,5.251598638585511,32,1,3,0,23,8,1,0.0,False
13,543,1,0,66,571.0,5.288620077950249,33,1,3,0,25,8,0,0.0,False
13,544,1,0,65,604.0,5.1769668539186044,33,1,3,0,25,8,0,0.0,False
13,545,1,0,65,366.0,5.116731009860219,27,2,0,0,23,4,0,-366.0,False
13,546,1,0,64,232.0,5.106620337133191,18,2,0,0,18,0,0,-232.0,False
13,547,1,0,64,162.0,5.429358374064938,16,2,0,0,15,0,1,-162.0,False
13,548,1,0,63,105.0,5.906593154242528,12,2,0,0,12,0,0,-105.0,False
13,549,1,0,64,59.0,6.661433095030647,11,2,0,1,9,0,1,-59.0,False
13,550,1,0,61,25.0,6.9605662772549115,6,2,0,1,4,0,1,-25.0,False
13,551,1,0,60,11.0,7.698699984314131,3,2,0,1,1,0,1,-11.0,False
13,552,1,0,61,8.0,8.282260843823169,3,2,0,1,0,0,2,-8.0,False
13,553,1,0,66,11.0,8.242094908022471,8,2,0,4,1,2,1,-11.0,False
13,554,1,0,66,15.0,8.873969662212918,4,2,0,2,0,0,2,-15.0,False
13,555,1,0,66,19.0,9.39943669318963,4,2,0,2,0,0,2,-19.0,False
13,556,1,0,66,23.0,9.999184429809805,4,2,0,2,0,0,2,-23.0,False
13,557,1,0,68,27.0,10.097834986932359,6,2,0,2,1,0,3,-27.0,False
13,558,1,0,68,32.0,10.484717874724474,5,2,0,2,0,0,3,-32.0,False
13,559,1,0,68,37.0,10.754208914082856,5,2,0,2,0,0,3,-37.0,False
13,560,1,0,68,42.0,10.803638604835788,5,2,0,2,0,0,3,-42.0,False
13,561,1,0,69,47.0,10.706146876087917,6,2,0,2,1,0,3,-47.0,False
13,562,1,0,70,52.0,10.512062880086026,6,2,0,2,0,0,4,-52.0,False
13,563,1,0,69,59.0,10.66152818238721,7,2,0,4,0,0,3,-59.0,False
13,564,1,0,68,66.0,10.605098478274394,7,2,0,4,0,0,3,-66.0,False
13,565,1,0,70,73.0,9.904860733199698,12,2,0,6,1,2,3,-73.0,False
13,566,1,0,69,81.0,9.932663791424838,8,2,0,4,0,0,4,-81.0,False
13,567,1,0,68,89.0,9.934809187203669,9,2,0,4,0,0,5,-89.0,False
13,568,1,0,67,97.0,10.099540310506239,8,2,0,4,0,0,4,-97.0,False
13,569,1,0,67,105.0,10.090221198552305,9,2,0,4,1,0,4,-105.0,False
13,570,1,0,67,113.0,9.938641290303941,8,2,0,4,0,0,4,-113.0,False
13,571,1,0,66,121.0,9.726768779404669,8,2,0,4,0,0,4,-121.0,False
13,572,1,0,67,130.0,9.339525349664436,10,2,0,4,0,0,6,-130.0,False
13,573,1,0,68,141.0,8.926436336362768,12,2,0,5,1,0,6,-141.0,False
13,574,1,0,65,154.0,8.591903573792857,13,2,0,5,0,0,8,-154.0,False
13,575,1,0,64,167.0,8.386407875375273,13,2,0,5,0,0,8,-167.0,False
13,576,1,0,63,183.0,8.143362166865145,16,2,0,6,0,0,10,-183.0,False
13,577,1,0,67,200.0,7.269972746749896,22,2,0,8,1,2,11,-200.0,False
13,578,1,0,66,218.0,6.831506789450211,19,2,0,6,0,0,13,-218.0,False
13,579,1,0,65,238.0,6.699611056095279,20,2,0,6,0,0,14,-238.0,False
13,580,1,0,64,258.0,6.604457814227284,20,2,0,6,0,0,14,-258.0,False
13,581,1,0,65,280.0,6.262214318787681,23,2,0,6,1,0,16,-280.0,False
13,582,1,0,64,302.0,6.061097001427892,22,2,0,6,0,0,16,-302.0,False
13,583,1,0,64,325.0,5.893401272861024,24,2,0,6,0,0,18,-325.0,False
13,584,1,0,64,350.0,5.772419005172469,25,2,0,7,0,0,18,-350.0,False
13,585,1,0,64,378.0,5.503468690270811,29,2,0,7,1,0,21,-378.0,False
13,586,1,0,62,409.0,5.211534618856623,31,2,0,8,0,0,23,-409.0,False
14,587,0,1,61,441.0,5.025538827472082,32,3,1,8,0,0,24,0.0,False
14,588,0,1,61,474.0,4.8279062851089405,34,3,1,8,0,0,26,0.0,False
14,589,0,1,65,508.0,4.382439512694666,39,3,1,10,1,2,26,0.0,False
14,590,0,1,63,292.0,4.5188413780052565,26,0,2,4,0,0,22,-292.0,False
14,591,0,1,63,179.0,5.011336745807918,20,0,2,0,0,0,20,-179.0,False
14,592,0,1,63,129.0,5.573656432032422,16,0,2,0,0,0,16,-129.0,False
14,593,0,1,65,94.0,5.955969253276385,15,0,2,0,1,0,14,-94.0,False
14,594,0,1,65,75.0,6.63645561889442,10,0,2,0,1,0,9,-75.0,False
14,595,0,1,64,61.0,7.159224783321295,8,0,2,0,1,0,7,-61.0,False
14,596,0,1,64,46.0,7.792887571256047,6,0,2,0,1,0,5,-46.0,False
14,597,0,1,65,31.0,8.181682577482393,7,0,2,0,2,1,4,-31.0,False
14,598,0,1,64,20.0,8.301301164821172,8,0,2,0,2,2,4,-20.0,False
14,599,0,1,64,15.0,8.78735687923308,5,0,2,0,2,2,1,-15.0,False
14,600,0,1,64,17.0,9.282097777679612,4,0,2,0,2,2,0,-17.0,False
14,601,0,1,69,21.0,8.938843272125201,9,0,2,2,3,4,0,-21.0,False
14,602,0,1,69,26.0,9.228105899785179,5,0,2,0,3,2,0,-26.0,False
14,603,0,1,70,31.0,9.39215876987433,6,0,2,0,3,2,1,-31.0,False
14,604,0,1,70,36.0,9.814316227737626,5,0,2,0,3,2,0,-36.0,False
14,605,0,1,71,41.0,10.00816953887991,6,0,2,0,4,2,0,-41.0,False
14,606,0,1,71,46.0,10.161146448846273,5,0,2,0,3,2,0,-46.0,False
14,607,0,1,71,51.0,10.38606645296575,5,0,2,0,3,2,0,-51.0,False
14,608,0,1,71,57.0,10.323665792932722,7,0,2,0,4,2,1,-57.0,False
14,609,0,1,70,64.0,10.137599394482043,8,0,2,0,5,3,0,-64.0,False
14,610,0,1,70,72.0,10.17860545504964,8,0,2,0,4,4,0,-72.0,False
14,611,0,1,69,81.0,10.311205961797128,9,0,2,0,5,4,0,-81.0,False
14,612,0,1,68,91.0,10.352490561737818,10,0,2,0,6,4,0,-91.0,False
14,613,0,1,70,101.0,9.497460256420425,15,0,2,2,7,6,0,-101.0,False
14,614,0,1,70,111.0,9.586260104935704,11,0,2,0,6,4,1,-111.0,False
14,615,0,1,69,121.0,9.675823308818872,10,0,2,0,6,4,0,-121.0,False
14,616,0,1,67,131.0,9.465457755981063,10,0,2,0,6,4,0,-131.0,False
14,617,0,1,68,141.0,9.130126875724025,11,0,2,0,7,4,0,-141.0,False
14,618,0,1,68,153.0,8.854022902499077,12,0,2,0,8,4,0,-153.0,False
14,619,0,1,67,168.0,8.580467941256476,16,0,2,0,11,4,1,-168.0,False
14,620,0,1,67,184.0,8.52827037574419,16,0,2,0,11,5,0,-184.0,False
14,621,0,1,67,201.0,8.175365521603657,18,0,2,0,13,5,0,-201.0,False
14,622,0,1,66,220.0,7.786551434905395,19,0,2,0,13,6,0,-220.0,False
14,623,0,1,65,239.0,7.573030049002294,19,0,2,0,13,6,0,-239.0,False
14,624,0,1,64,261.0,6.980003502569452,23,0,2,0,16,6,1,-261.0,False
14,625,0,1,68,283.0,6.295011135514295,27,0,2,2,17,8,0,-283.0,False
14,626,0,1,67,306.0,6.296202971168046,23,0,2,0,17,6,0,-306.0,False
14,627,0,1,66,330.0,6.329615807636387,24,0,2,0,18,6,0,-330.0,False
14,628,0,1,65,355.0,6.322907490859873,25,0,2,0,19,6,0,-355.0,False
14,629,0,1,66,382.0,6.070740296490983,29,0,2,0,22,6,1,-382.0,False
14,630,0,1,65,410.0,6.0699589445034166,28,0,2,0,22,6,0,-410.0,False
14,631,0,1,63,439.0,6.033361523494512,29,0,2,0,23,6,0,-439.0,False
15,632,1,0,62,468.0,5.832947734134949,29,1,3,0,23,6,0,0.0,False
15,633,1,0,62,498.0,5.3908443544927325,31,1,3,0,24,7,0,0.0,False
15,634,1,0,62,529.0,4.914243599423267,32,1,3,0,24,7,1,0.0,False
15,635,1,0,59,315.0,4.778707414596469,24,2,0,0,20,4,0,-315.0,False
15,636,1,0,58,206.0,5.082647416630362,19,2,0,1,18,0,0,-206.0,False
15,637,1,0,62,143.0,5.022058729175819,21,2,0,3,15,2,1,-143.0,False
15,638,1,0,61,92.0,5.574469696077719,12,2,0,1,10,0,1,-92.0,False
15,639,1,0,61,51.0,6.20466588454784,9,2,0,1,6,0,2,-51.0,False
15,640,1,0,61,23.0,7.1191789669067225,6,2,0,1,4,0,1,-23.0,False
15,641,1,0,62,13.0,7.859556039412039,4,2,0,1,2,0,1,-13.0,False
15,642,1,0,62,14.0,8.680700097688842,3,2,0,1,0,0,2,-14.0,False
15,643,1,0,62,17.0,9.17635336203976,3,2,0,1,0,0,2,-17.0,False
15,644,1,0,63,20.0,9.41792012415457,4,2,0,1,0,0,3,-20.0,False
15,645,1,0,64,24.0,9.571206474231074,5,2,0,2,1,0,2,-24.0,False
15,646,1,0,64,30.0,9.890447095448273,6,2,0,3,0,0,3,-30.0,False
15,647,1,0,63,36.0,10.21868724376184,6,2,0,3,0,0,3,-36.0,False
15,648,1,0,63,42.0,10.525000952470828,6,2,0,3,0,0,3,-42.0,False
15,649,1,0,68,48.0,9.88236963022297,11,2,0,5,1,2,3,-48.0,False
15,650,1,0,69,54.0,10.038608311797333,7,2,0,3,0,0,4,-54.0,False
15,651,1,0,69,60.0,10.227640899244712,6,2,0,3,0,0,3,-60.0,False
15,652,1,0,69,67.0,10.355287380362382,7,2,0,3,0,0,4,-67.0,False
15,653,1,0,69,74.0,10.255091573099337,8,2,0,3,1,0,4,-74.0,False
15,654,1,0,67,81.0,10.153822295066412,7,2,0,3,0,0,4,-81.0,False
15,655,1,0,67,89.0,9.93101697020457,9,2,0,3,0,0,6,-89.0,False
15,656,1,0,64,97.0,9.877046343259305,8,2,0,3,0,0,5,-97.0,False
15,657,1,0,65,105.0,9.86464561253606,9,2,0,3,1,0,5,-105.0,False
15,658,1,0,63,115.0,9.801535328202043,10,2,0,5,0,0,5,-115.0,False
15,659,1,0,63,125.0,9.756025121080336,10,2,0,5,0,0,5,-125.0,False
15,660,1,0,63,135.0,9.552487282575173,11,2,0,5,0,0,6,-135.0,False
15,661,1,0,66,145.0,8.65182415111213,15,2,0,7,1,2,5,-145.0,False
15,662,1,0,66,155.0,8.718536276236133,10,2,0,5,0,0,5,-155.0,False
15,663,1,0,65,166.0,8.512614873094812,11,2,0,5,0,0,6,-166.0,False
15,664,1,0,65,178.0,8.51227429362714,12,2,0,5,0,0,7,-178.0,False
15,665,1,0,66,191.0,8.223358788425825,15,2,0,5,1,0,9,-191.0,False
15,666,1,0,65,206.0,8.032937668447303,15,2,0,5,0,0,10,-206.0,False
15,667,1,0,65,222.0,7.8461963850476595,16,2,0,5,0,0,11,-222.0,False
15,668,1,0,64,238.0,7.675629915300781,16,2,0,5,0,0,11,-238.0,False
15,669,1,0,64,258.0,7.242809839532633,21,2,0,7,1,0,13,-258.0,False
15,670,1,0,62,278.0,6.671235589332402,21,2,0,7,0,0,14,-278.0,False
15,671,1,0,61,300.0,6.3546534565339465,22,2,0,7,0,0,15,-300.0,False
15,672,1,0,60,323.0,6.046988329733926,23,2,0,7,0,0,16,-323.0,False
15,673,1,0,64,347.0,5.228658856995237,29,2,0,9,1,2,17,-347.0,False
15,674,1,0,63,371.0,5.118093061024336,24,2,0,7,0,0,17,-371.0,False
15,675,1,0,62,398.0,4.971247521667393,28,2,0,7,0,0,21,-398.0,False
15,676,1,0,62,425.0,5.076839945839767,27,2,0,7,0,0,20,-425.0,False
16,677,0,1,61,455.0,4.7057069302806305,31,3,1,7,1,0,23,0.0,False
16,678,0,1,61,485.0,4.5272668068898305,30,3,1,7,0,0,23,0.0,False
16,679,0,1,60,516.0,4.243322525609223,31,3,1,7,0,0,24,0.0,False
16,680,0,1,61,295.0,4.2820497253748595,27,0,2,3,0,0,24,-295.0,False
16,681,0,1,62,177.0,4.642630991142189,23,0,2,1,2,1,19,-177.0,False
16,682,0,1,61,123.0,5.078148509769468,19,0,2,0,1,2,16,-123.0,False
16,683,0,1,61,87.0,5.689108254355256,15,0,2,0,1,2,12,-87.0,False
16,684,0,1,61,64.0,6.388964558036627,11,0,2,0,1,2,8,-64.0,False
16,685,0,1,66,55.0,6.687050491855607,14,0,2,2,2,4,6,-55.0,False
16,686,0,1,67,47.0,7.284134837987084,9,0,2,0,2,2,5,-47.0,False
16,687,0,1,67,36.0,7.987213526916783,6,0,2,0,2,2,2,-36.0,False
16,688,0,1,67,36.0,8.497215265280325,6,0,2,0,3,2,1,-36.0,False
16,689,0,1,68,33.0,8.733159264773409,7,0,2,0,4,2,1,-33.0,False
16,690,0,1,68,37.0,9.18295633309603,5,0,2,0,3,2,0,-37.0,False
16,691,0,1,69,42.0,9.363748762509152,6,0,2,0,3,2,1,-42.0,False
16,692,0,1,69,48.0,9.526818604871696,6,0,2,0,3,3,0,-48.0,False
16,693,0,1,70,55.0,9.61523952983397,8,0,2,0,5,3,0,-55.0,False
16,694,0,1,70,63.0,9.900810447434626,8,0,2,0,4,4,0,-63.0,False
16,695,0,1,69,71.0,10.116010210691567,8,0,2,0,4,4,0,-71.0,False
16,696,0,1,70,80.0,10.173560938547274,10,0,2,0,5,4,1,-80.0,False
16,697,0,1,75,89.0,9.707268246328873,14,0,2,2,6,6,0,-89.0,False
16,698,0,1,73,98.0,9.79987963418151,9,0,2,0,5,4,0,-98.0,False
16,699,0,1,72,107.0,9.927584289214709,9,0,2,0,5,4,0,-107.0,False
16,700,0,1,71,116.0,9.99215262817287,9,0,2,0,5,4,0,-116.0,False
16,701,0,1,71,125.0,9.586247938570066,11,0,2,0,6,4,1,-125.0,False
16,702,0,1,70,135.0,9.612829787916846,10,0,2,0,6,4,0,-135.0,False
16,703,0,1,69,145.0,9.713256808979285,10,0,2,0,6,4,0,-145.0,False
16,704,0,1,68,156.0,9.646247100477964,11,0,2,0,7,4,0,-156.0,False
16,705,0,1,69,168.0,9.34225276773065,13,0,2,0,8,5,0,-168.0,False
16,706,0,1,69,181.0,9.037510276409142,14,0,2,0,7,6,1,-181.0,False
16,707,0,1,66,195.0,8.619546142042466,14,0,2,0,8,6,0,-195.0,False
16,708,0,1,66,209.0,8.414143806575945,14,0,2,0,8,6,0,-209.0,False
16,709,0,1,70,225.0,7.528960398069463,21,0,2,2,11,8,0,-225.0,False
16,710,0,1,70,243.0,7.422197267709446,18,0,2,0,12,6,0,-243.0,False
16,711,0,1,70,262.0,7.228282438356969,20,0,2,0,13,6,1,-262.0,False
16,712,0,1,69,282.0,6.943469307406181,20,0,2,0,14,6,0,-282.0,False
16,713,0,1,69,303.0,6.740290676815951,22,0,2,0,16,6,0,-303.0,False
16,714,0,1,68,326.0,6.510711649488732,23,0,2,0,17,6,0,-326.0,False
16,715,0,1,68,349.0,6.4929498909760115,23,0,2,0,17,6,0,-349.0,False
16,716,0,1,68,376.0,6.3065787813097165,28,0,2,0,20,7,1,-376.0,False
16,717,0,1,69,404.0,6.280381995921632,29,0,2,0,22,7,0,-404.0,False
16,718,0,1,65,435.0,5.859592517119284,31,0,2,0,23,8,0,-435.0,False
16,719,0,1,64,466.0,5.8800614170359085,31,0,2,0,23,8,0,-466.0,False
16,720,0,1,63,497.0,5.693323132362671,31,0,2,0,23,8,0,-497.0,False
16,721,0,1,66,528.0,4.979222500375626,36,0,2,2,24,10,0,-528.0,False
17,722,1,0,67,560.0,4.9555386605254155,33,1,3,0,24,8,1,0.0,False
17,723,1,0,65,592.0,4.809186764641932,32,1,3,0,24,8,0,0.0,False
17,724,1,0,65,625.0,4.9864483062299465,33,1,3,0,25,8,0,0.0,False
17,725,1,0,65,386.0,4.9353512441931535,28,2,0,0,24,4,0,-386.0,False
17,726,1,0,63,243.0,5.036849194605632,19,2,0,0,19,0,0,-243.0,False
17,727,1,0,63,173.0,5.39459762467222,16,2,0,0,15,0,1,-173.0,False
17,728,1,0,63,112.0,6.144784431358162,12,2,0,0,12,0,0,-112.0,False
17,729,1,0,62,64.0,6.711113762141593,10,2,0,0,9,0,1,-64.0,False
17,730,1,0,61,28.0,7.490181606811337,7,2,0,1,5,0,1,-28.0,False
17,731,1,0,61,10.0,8.298060075135421,4,2,0,2,1,0,1,-10.0,False
17,732,1,0,62,9.0,8.820042503522547,4,2,0,2,0,0,2,-9.0,False
17,733,1,0,66,12.0,8.733283661749304,8,2,0,4,1,2,1,-12.0,False
17,734,1,0,66,16.0,9.492183458969869,4,2,0,2,0,0,2,-16.0,False
17,735,1,0,66,20.0,9.876951519012435,4,2,0,2,0,0,2,-20.0,False
17,736,1,0,66,24.0,10.367238153365445,4,2,0,2,0,0,2,-24.0,False
17,737,1,0,68,28.0,10.426761851510868,6,2,0,2,1,0,3,-28.0,False
17,738,1,0,68,32.0,10.913338159175042,4,2,0,2,0,0,2,-32.0,False
17,739,1,0,68,37.0,11.067506658819658,5,2,0,2,0,0,3,-37.0,False
17,740,1,0,68,42.0,11.135098170695382,5,2,0,2,0,0,3,-42.0,False
17,741,1,0,69,48.0,10.927458609097574,7,2,0,3,1,0,3,-48.0,False
17,742,1,0,70,55.0,10.876857552656574,8,2,0,4,0,0,4,-55.0,False
17,743,1,0,68,62.0,10.74208081735101,7,2,0,4,0,0,3,-62.0,False
17,744,1,0,67,69.0,10.858168651673731,7,2,0,4,0,0,3,-69.0,False
17,745,1,0,70,77.0,9.948070032810307,13,2,0,6,1,2,4,-77.0,False
17,746,1,0,68,85.0,10.067719125388967,8,2,0,4,0,0,4,-85.0,False
17,747,1,0,69,93.0,10.005533191213553,9,2,0,4,0,0,5,-93.0,False
17,748,1,0,67,101.0,10.175302320610017,8,2,0,4,0,0,4,-101.0,False
17,749,1,0,68,110.0,10.027736706220223,10,2,0,4,1,0,5,-110.0,False
17,750,1,0,67,119.0,9.83147609707396,9,2,0,4,0,0,5,-119.0,False
17,751,1,0,65,128.0,9.620340872840819,9,2,0,4,0,0,5,-128.0,False
17,752,1,0,66,138.0,9.25657539610319,11,2,0,5,0,0,6,-138.0,False
17,753,1,0,65,151.0,8.733419098078647,14,2,0,6,1,0,7,-151.0,False
17,754,1,0,64,164.0,8.492753348083975,13,2,0,6,0,0,7,-164.0,False
17,755,1,0,62,178.0,8.253419882115047,14,2,0,6,0,0,8,-178.0,False
17,756,1,0,62,194.0,8.050978434990153,16,2,0,6,0,0,10,-194.0,False
17,757,1,0,66,211.0,7.138537666265816,22,2,0,8,1,2,11,-211.0,False
17,758,1,0,66,230.0,6.800969686436858,20,2,0,6,0,0,14,-230.0,False
17,759,1,0,64,249.0,6.47316018634265,19,2,0,6,0,0,13,-249.0,False
17,760,1,0,63,270.0,6.373192928040528,21,2,0,6,0,0,15,-270.0,False
17,761,1,0,63,292.0,6.035782573361299,23,2,0,6,1,0,16,-292.0,False
17,762,1,0,62,318.0,5.883772085863724,26,2,0,6,0,0,20,-318.0,False
17,763,1,0,62,344.0,5.729179772990524,27,2,0,6,0,0,21,-344.0,False
17,764,1,0,62,372.0,5.69022520408981,28,2,0,6,0,0,22,-372.0,False
17,765,1,0,62,402.0,5.302234704690727,31,2,0,7,1,0,23,-402.0,False
17,766,1,0,61,432.0,5.134262797539649,31,2,0,8,0,0,23,-432.0,False
18,767,0,1,60,465.0,5.023554836364612,33,3,1,8,0,0,25,0.0,False
18,768,0,1,59,499.0,4.779492426611823,35,3,1,8,0,0,27,0.0,False
18,769,0,1,64,534.0,4.459103373828644,40,3,1,10,1,2,27,0.0,False
18,770,0,1,62,314.0,4.5275467067691,27,0,2,4,0,0,23,-314.0,False
18,771,0,1,62,196.0,4.912463197126677,19,0,2,0,0,0,19,-196.0,False
18,772,0,1,62,144.0,5.57182827788193,16,0,2,0,0,0,16,-144.0,False
18,773,0,1,64,106.0,5.974377610688587,14,0,2,0,1,0,13,-106.0,False
18,774,0,1,64,79.0,6.630990448754871,9,0,2,0,0,0,9,-79.0,False
18,775,0,1,64,60.0,7.4353917256985795,7,0,2,0,0,0,7,-60.0,False
18,776,0,1,64,43.0,8.051441352403844,7,0,2,0,2,0,5,-43.0,False
18,777,0,1,65,28.0,8.543100937294758,7,0,2,0,3,1,3,-28.0,False
18,778,0,1,65,25.0,8.825504805845778,8,0,2,0,2,2,4,-25.0,False
18,779,0,1,65,19.0,9.357370281449228,5,0,2,0,2,2,1,-19.0,False
18,780,0,1,64,17.0,9.60013550117489,4,0,2,0,2,2,0,-17.0,False
18,781,0,1,69,22.0,9.179898985877008,10,0,2,2,4,4,0,-22.0,False
18,782,0,1,69,27.0,9.68579964009029,5,0,2,0,3,2,0,-27.0,False
18,783,0,1,70,32.0,9.93484598393511,6,0,2,0,3,2,1,-32.0,False
18,784,0,1,70,37.0,10.217875022713203,5,0,2,0,3,2,0,-37.0,False
18,785,0,1,71,42.0,10.259157550336479,6,0,2,0,4,2,0,-42.0,False
18,786,0,1,71,48.0,10.543355667429333,6,0,2,0,4,2,0,-48.0,False
18,787,0,1,71,54.0,10.720085029165348,6,0,2,0,4,2,0,-54.0,False
18,788,0,1,71,61.0,10.613450741892896,8,0,2,0,5,2,1,-61.0,False
18,789,0,1,70,69.0,10.439397492331665,9,0,2,0,6,3,0,-69.0,False
18,790,0,1,69,78.0,10.528213150351482,9,0,2,0,5,4,0,-78.0,False
18,791,0,1,67,87.0,10.46849563728995,9,0,2,0,5,4,0,-87.0,False
18,792,0,1,66,97.0,10.494080364099398,10,0,2,0,6,4,0,-97.0,False
18,793,0,1,68,107.0,9.535640540239804,15,0,2,2,7,6,0,-107.0,False
18,794,0,1,69,117.0,9.593515826697447,11,0,2,0,6,4,1,-117.0,False
18,795,0,1,69,128.0,9.535063874598068,11,0,2,0,7,4,0,-128.0,False
18,796,0,1,67,139.0,9.33377181134036,11,0,2,0,7,4,0,-139.0,False
18,797,0,1,68,150.0,8.837976351438668,12,0,2,0,8,4,0,-150.0,False
18,798,0,1,66,163.0,8.56248162043316,13,0,2,0,9,4,0,-163.0,False
18,799,0,1,67,177.0,8.235446287841057,15,0,2,0,10,4,1,-177.0,False
18,800,0,1,65,192.0,8.032911961320842,15,0,2,0,10,5,0,-192.0,False
18,801,0,1,66,209.0,7.88627060429274,18,0,2,0,12,6,0,-209.0,False
18,802,0,1,63,228.0,7.490164111546435,19,0,2,0,13,6,0,-228.0,False
18,803,0,1,63,249.0,7.204513066785627,21,0,2,0,15,6,0,-249.0,False
18,804,0,1,63,271.0,6.893376017248491,23,0,2,0,16,6,1,-271.0,False
18,805,0,1,68,294.0,6.378785037053666,28,0,2,2,18,8,0,-294.0,False
18,806,0,1,65,318.0,6.195649890388253,24,0,2,0,18,6,0,-318.0,False
18,807,0,1,64,342.0,6.142501517465064,24,0,2,0,18,6,0,-342.0,False
18,808,0,1,63,369.0,6.015646240013947,27,0,2,0,21,6,0,-369.0,False
18,809,0,1,64,397.0,5.846299881279945,30,0,2,0,23,6,1,-397.0,False
18,810,0,1,64,426.0,5.9048901006306025,29,0,2,0,23,6,0,-426.0,False
18,811,0,1,63,456.0,5.897175804828131,30,0,2,0,24,6,0,-456.0,False
19,812,1,0,62,486.0,5.691483806132982,30,1,3,0,24,6,0,0.0,False
19,813,1,0,63,516.0,5.466437131325151,31,1,3,0,25,6,0,0.0,False
19,814,1,0,61,548.0,4.940998182627876,33,1,3,0,24,8,1,0.0,False
19,815,1,0,60,335.0,5.122957949153314,25,2,0,0,21,4,0,-335.0,False
19,816,1,0,58,224.0,5.332614454673147,18,2,0,0,17,0,1,-224.0,False
19,817,1,0,62,157.0,5.299246014479807,21,2,0,2,16,2,1,-157.0,False
19,818,1,0,62,100.0,6.152593494680642,12,2,0,0,11,0,1,-100.0,False
19,819,1,0,61,57.0,6.684003295756925,9,2,0,0,7,0,2,-57.0,False
19,820,1,0,61,23.0,7.6250744833482775,4,2,0,0,3,0,1,-23.0,False
19,821,1,0,62,6.0,8.397781404197394,2,2,0,0,1,0,1,-6.0,False
19,822,1,0,62,8.0,9.058796897194979,2,2,0,0,0,0,2,-8.0,False
19,823,1,0,62,10.0,9.616331630553523,2,2,0,0,0,0,2,-10.0,False
19,824,1,0,63,12.0,9.92828103616209,3,2,0,0,0,0,3,-12.0,False
19,825,1,0,64,14.0,10.153667026015638,3,2,0,0,1,0,2,-14.0,False
19,826,1,0,64,18.0,10.56723689498414,4,2,0,1,0,0,3,-18.0,False
19,827,1,0,62,23.0,10.77425666556153,5,2,0,2,0,0,3,-23.0,False
19,828,1,0,62,28.0,11.168600119310804,5,2,0,2,0,0,3,-28.0,False
19,829,1,0,67,33.0,10.49368742271249,10,2,0,4,1,2,3,-33.0,False
19,830,1,0,68,38.0,10.477903879214026,6,2,0,2,0,0,4,-38.0,False
19,831,1,0,68,43.0,10.72842431336288,5,2,0,2,0,0,3,-43.0,False
19,832,1,0,68,49.0,10.906944021603975,6,2,0,2,0,0,4,-49.0,False
19,833,1,0,67,55.0,10.689386176139601,7,2,0,2,1,0,4,-55.0,False
19,834,1,0,65,61.0,10.710214415207043,6,2,0,2,0,0,4,-61.0,False
19,835,1,0,65,67.0,10.61391181191429,7,2,0,2,0,0,5,-67.0,False
19,836,1,0,62,75.0,10.448977752121758,8,2,0,4,0,0,4,-75.0,False
19,837,1,0,63,84.0,10.256109345547413,10,2,0,4,1,0,5,-84.0,False
19,838,1,0,62,93.0,10.290000279519466,9,2,0,4,0,0,5,-93.0,False
19,839,1,0,62,102.0,10.323262629263585,9,2,0,4,0,0,5,-102.0,False
19,840,1,0,63,111.0,9.978536634632658,10,2,0,4,0,0,6,-111.0,False
19,841,1,0,66,120.0,9.016204696135963,14,2,0,6,1,2,5,-120.0,False
19,842,1,0,65,129.0,9.025999978889699,9,2,0,4,0,0,5,-129.0,False
19,843,1,0,63,140.0,8.823649849285768,11,2,0,4,0,0,7,-140.0,False
19,844,1,0,63,152.0,8.750008939196645,12,2,0,4,0,0,8,-152.0,False
19,845,1,0,63,164.0,8.150748574372706,14,2,0,4,1,0,9,-164.0,False
19,846,1,0,63,176.0,8.000890779355657,12,2,0,4,0,0,8,-176.0,False
19,847,1,0,62,191.0,7.592653839740894,15,2,0,4,0,0,11,-191.0,False
19,848,1,0,62,207.0,7.228669933007868,16,2,0,5,0,0,11,-207.0,False
19,849,1,0,62,225.0,6.655310509355076,19,2,0,5,1,0,13,-225.0,False
19,850,1,0,61,244.0,6.270562007341751,20,2,0,6,0,0,14,-244.0,False
19,851,1,0,59,265.0,6.002506802731518,21,2,0,6,0,0,15,-265.0,False
19,852,1,0,58,288.0,5.8333247336959175,23,2,0,6,0,0,17,-288.0,False
19,853,1,0,62,314.0,5.206570239869004,31,2,0,8,1,2,20,-314.0,False
19,854,1,0,61,340.0,5.205025117579535,26,2,0,6,0,0,20,-340.0,False
19,855,1,0,61,367.0,5.146069250975548,28,2,0,6,0,0,22,-367.0,False
19,856,1,0,60,395.0,5.123328054609959,28,2,0,6,0,0,22,-395.0,False
20,857,0,1,60,424.0,4.6614169795554545,30,3,1,6,1,0,23,0.0,False
20,858,0,1,59,455.0,4.37687281057893,31,3,1,6,0,0,25,0.0,False
20,859,0,1,59,487.0,4.213628743603742,32,3,1,6,0,0,26,0.0,False
20,860,0,1,60,285.0,4.304727295509454,26,0,2,2,1,0,23,-285.0,False
20,861,0,1,61,190.0,4.61928831263216,23,0,2,0,2,1,20,-190.0,False
20,862,0,1,61,139.0,5.139031685209424,19,0,2,0,1,2,16,-139.0,False
20,863,0,1,60,102.0,5.562711131483915,16,0,2,0,1,2,13,-102.0,False
20,864,0,1,59,83.0,6.189215083398399,12,0,2,0,1,2,9,-83.0,False
20,865,0,1,64,70.0,6.295927367111696,16,0,2,2,3,4,7,-70.0,False
20,866,0,1,65,58.0,7.02754447418746,10,0,2,0,2,2,6,-58.0,False
20,867,0,1,65,47.0,7.780401907057561,8,0,2,0,3,2,3,-47.0,False
20,868,0,1,65,48.0,8.436270650338995,8,0,2,0,3,2,3,-48.0,False
20,869,0,1,66,42.0,8.731386065882916,7,0,2,0,4,2,1,-42.0,False
20,870,0,1,66,40.0,9.254362258186625,5,0,2,0,3,2,0,-40.0,False
20,871,0,1,67,45.0,9.566111522549196,6,0,2,0,3,2,1,-45.0,False
20,872,0,1,67,50.0,9.86802751218244,5,0,2,0,3,2,0,-50.0,False
20,873,0,1,68,55.0,9.931880441928694,6,0,2,0,4,2,0,-55.0,False
20,874,0,1,68,61.0,10.160262247637437,6,0,2,0,3,3,0,-61.0,False
20,875,0,1,68,69.0,10.289440282315955,8,0,2,0,4,4,0,-69.0,False
20,876,0,1,69,77.0,10.381424534782932,9,0,2,0,4,4,1,-77.0,False
20,877,0,1,74,86.0,9.759530132673614,14,0,2,2,6,6,0,-86.0,False
20,878,0,1,73,95.0,9.996995175098734,9,0,2,0,5,4,0,-95.0,False
20,879,0,1,71,104.0,10.035926338256779,9,0,2,0,5,4,0,-104.0,False
20,880,0,1,69,114.0,10.087711452279052,10,0,2,0,6,4,0,-114.0,False
20,881,0,1,69,124.0,9.759869303005866,12,0,2,0,7,4,1,-124.0,False
20,882,0,1,69,134.0,9.765410355184315,10,0,2,0,6,4,0,-134.0,False
20,883,0,1,68,144.0,9.914071363825956,10,0,2,0,6,4,0,-144.0,False
20,884,0,1,68,155.0,9.855967635606925,11,0,2,0,7,4,0,-155.0,False
20,885,0,1,69,168.0,9.612275267834255,14,0,2,0,8,6,0,-168.0,False
20,886,0,1,67,181.0,9.072740814314086,14,0,2,0,7,6,1,-181.0,False
20,887,0,1,66,196.0,8.764010209083754,15,0,2,0,9,6,0,-196.0,False
20,888,0,1,66,211.0,8.699336833050145,15,0,2,0,9,6,0,-211.0,False
20,889,0,1,70,227.0,7.808643760577627,21,0,2,2,11,8,0,-227.0,False
20,890,0,1,69,245.0,7.592359908744869,18,0,2,0,12,6,0,-245.0,False
20,891,0,1,68,265.0,7.291561044044203,21,0,2,0,14,6,1,-265.0,False
20,892,0,1,68,285.0,7.218277146693792,20,0,2,0,14,6,0,-285.0,False
20,893,0,1,68,306.0,7.094015101844197,22,0,2,0,16,6,0,-306.0,False
20,894,0,1,67,329.0,6.906134961730118,23,0,2,0,17,6,0,-329.0,False
20,895,0,1,65,352.0,6.670973698113935,23,0,2,0,17,6,0,-352.0,False
20,896,0,1,66,377.0,6.511618707443602,26,0,2,0,19,6,1,-377.0,False
20,897,0,1,66,403.0,6.198878813891525,27,0,2,0,21,6,0,-403.0,False
20,898,0,1,64,431.0,6.085015868785876,28,0,2,0,21,7,0,-431.0,False
20,899,0,1,63,459.0,6.023252985535904,28,0,2,0,21,7,0,-459.0,False
20,900,0,1,62,489.0,5.858705269373878,30,0,2,0,22,8,0,-489.0,False
20,901,0,1,65,520.0,5.054080032559761,36,0,2,2,24,10,0,-520.0,False
21,902,1,0,64,551.0,4.898078108771566,32,1,3,0,23,8,1,0.0,False
21,903,1,0,63,583.0,4.808362802689822,32,1,3,0,24,8,0,0.0,False
21,904,1,0,62,616.0,4.706246569497165,33,1,3,0,25,8,0,0.0,False
21,905,1,0,62,374.0,4.624685416929529,26,2,0,0,22,4,0,-374.0,False
21,906,1,0,62,236.0,4.977454612461608,18,2,0,0,18,0,0,-236.0,False
21,907,1,0,62,160.0,5.201053036334248,16,2,0,0,15,0,1,-160.0,False
21,908,1,0,61,97.0,5.926198098622205,11,2,0,0,11,0,0,-97.0,False
21,909,1,0,62,54.0,6.628267640132699,10,2,0,0,10,0,0,-54.0,False
21,910,1,0,62,25.0,7.499486928896214,7,2,0,2,5,0,0,-25.0,False
21,911,1,0,61,7.0,8.173229297375894,3,2,0,2,1,0,0,-7.0,False
21,912,1,0,62,6.0,8.759319238660122,3,2,0,2,0,0,1,-6.0,False
21,913,1,0,67,8.0,8.78679553191715,7,2,0,4,1,2,0,-8.0,False
21,914,1,0,66,10.0,9.30587749728686,2,2,0,2,0,0,0,-10.0,False
21,915,1,0,66,14.0,9.84108254648177,4,2,0,2,0,0,2,-14.0,False
21,916,1,0,66,18.0,10.339414209569885,4,2,0,2,0,0,2,-18.0,False
21,917,1,0,68,22.0,10.394897234463514,6,2,0,2,1,0,3,-22.0,False
21,918,1,0,68,26.0,10.806881524303687,4,2,0,2,0,0,2,-26.0,False
21,919,1,0,68,31.0,10.917637311916918,5,2,0,2,0,0,3,-31.0,False
21,920,1,0,68,36.0,11.07639015759084,5,2,0,2,0,0,3,-36.0,False
21,921,1,0,69,41.0,10.867357087395396,6,2,0,2,1,0,3,-41.0,False
21,922,1,0,70,47.0,10.602734821732753,7,2,0,3,0,0,4,-47.0,False
21,923,1,0,68,54.0,10.61382949075406,7,2,0,4,0,0,3,-54.0,False
21,924,1,0,67,62.0,10.751250831007154,8,2,0,4,0,0,4,-62.0,False
21,925,1,0,70,70.0,9.969160026718608,13,2,0,6,1,2,4,-70.0,False
21,926,1,0,69,78.0,10.047549613898745,8,2,0,4,0,0,4,-78.0,False
21,927,1,0,68,86.0,9.977240031522722,9,2,0,4,0,0,5,-86.0,False
21,928,1,0,66,95.0,10.006413654634168,9,2,0,4,0,0,5,-95.0,False
21,929,1,0,67,104.0,10.01111890185094,10,2,0,4,1,0,5,-104.0,False
21,930,1,0,67,113.0,9.912942233809815,9,2,0,4,0,0,5,-113.0,False
21,931,1,0,65,122.0,9.547556195943235,9,2,0,4,0,0,5,-122.0,False
21,932,1,0,66,133.0,9.173217357928598,12,2,0,5,0,0,7,-133.0,False
21,933,1,0,65,146.0,8.716796460605524,14,2,0,6,1,0,7,-146.0,False
21,934,1,0,65,159.0,8.664934700948379,13,2,0,6,0,0,7,-159.0,False
21,935,1,0,61,175.0,8.221141060560244,16,2,0,6,0,0,10,-175.0,False
21,936,1,0,61,192.0,8.081495822837624,17,2,0,6,0,0,11,-192.0,False
21,937,1,0,65,209.0,7.267102886460498,22,2,0,8,1,2,11,-209.0,False
21,938,1,0,65,227.0,7.1259875023688375,19,2,0,6,0,0,13,-227.0,False
21,939,1,0,64,245.0,6.931781153464789,18,2,0,6,0,0,12,-245.0,False
21,940,1,0,64,265.0,6.58222935235347,20,2,0,6,0,0,14,-265.0,False
21,941,1,0,64,285.0,6.02865313260301,21,2,0,6,1,0,14,-285.0,False
21,942,1,0,64,307.0,5.983205866904786,22,2,0,6,0,0,16,-307.0,False
21,943,1,0,64,331.0,5.686960581096202,25,2,0,6,0,0,19,-331.0,False
21,944,1,0,64,357.0,5.607938909389259,26,2,0,6,0,0,20,-357.0,False
21,945,1,0,64,385.0,5.477752292600815,29,2,0,6,1,0,22,-385.0,False
21,946,1,0,61,416.0,5.060387946356385,31,2,0,8,0,0,23,-416.0,False
22,947,0,1,59,450.0,4.88018144498572,34,3,1,8,0,0,26,0.0,False
22,948,0,1,59,485.0,4.646939537421739,36,3,1,8,0,0,28,0.0,False
22,949,0,1,63,520.0,4.216714852674581,40,3,1,10,1,2,27,0.0,False
22,950,0,1,62,307.0,4.404727008183918,27,0,2,4,0,0,23,-307.0,False
22,951,0,1,62,188.0,4.970275050848467,19,0,2,0,0,0,19,-188.0,False
22,952,0,1,62,136.0,5.625905922006061,17,0,2,0,0,0,17,-136.0,False
22,953,0,1,64,105.0,5.90132870156364,15,0,2,0,1,0,14,-105.0,False
22,954,0,1,64,81.0,6.536505255609599,9,0,2,0,0,0,9,-81.0,False
22,955,0,1,64,66.0,7.205181412035906,8,0,2,0,1,0,7,-66.0,False
22,956,0,1,64,52.0,7.8016033299550385,8,0,2,0,1,1,6,-52.0,False
22,957,0,1,65,37.0,8.22643437964708,8,0,2,0,2,2,4,-37.0,False
22,958,0,1,65,37.0,8.629056084558826,7,0,2,0,1,2,4,-37.0,False
22,959,0,1,65,26.0,9.161678601618258,5,0,2,0,1,2,2,-26.0,False
22,960,0,1,65,16.0,9.528930067601499,4,0,2,0,2,2,0,-16.0,False
22,961,0,1,70,20.0,9.06835832715828,9,0,2,2,3,4,0,-20.0,False
22,962,0,1,69,24.0,9.362131463787007,4,0,2,0,2,2,0,-24.0,False
22,963,0,1,70,29.0,9.579547817384043,6,0,2,0,3,2,1,-29.0,False
22,964,0,1,70,34.0,9.88200445410574,5,0,2,0,3,2,0,-34.0,False
22,965,0,1,71,40.0,10.023668109807764,7,0,2,0,5,2,0,-40.0,False
22,966,0,1,71,46.0,10.27002336088768,6,0,2,0,4,2,0,-46.0,False
22,967,0,1,71,53.0,10.478999337163652,7,0,2,0,5,2,0,-53.0,False
22,968,0,1,71,60.0,10.346870389172036,8,0,2,0,5,2,1,-60.0,False
22,969,0,1,70,69.0,10.28637684402568,10,0,2,0,6,4,0,-69.0,False
22,970,0,1,68,78.0,10.334357268833353,9,0,2,0,5,4,0,-78.0,False
22,971,0,1,66,87.0,10.213234938213612,9,0,2,0,5,4,0,-87.0,False
22,972,0,1,64,97.0,10.170041785686145,10,0,2,0,6,4,0,-97.0,False
22,973,0,1,68,107.0,9.369991860037393,15,0,2,2,7,6,0,-107.0,False
22,974,0,1,69,117.0,9.401321995168066,11,0,2,0,6,4,1,-117.0,False
22,975,0,1,69,128.0,9.552138782946598,11,0,2,0,7,4,0,-128.0,False
22,976,0,1,67,139.0,9.634181206464412,11,0,2,0,7,4,0,-139.0,False
22,977,0,1,68,150.0,9.333977802482684,12,0,2,0,8,4,0,-150.0,False
22,978,0,1,66,161.0,9.129706934784435,11,0,2,0,7,4,0,-161.0,False
22,979,0,1,67,172.0,8.857346163805445,12,0,2,0,7,4,1,-172.0,False
22,980,0,1,66,187.0,8.565843488564155,15,0,2,0,9,6,0,-187.0,False
22,981,0,1,66,202.0,8.134081091264658,16,0,2,0,10,6,0,-202.0,False
22,982,0,1,66,219.0,7.921020613722485,17,0,2,0,11,6,0,-219.0,False
22,983,0,1,64,236.0,7.520003483127577,17,0,2,0,11,6,0,-236.0,False
22,984,0,1,64,255.0,7.147116593478136,20,0,2,0,13,6,1,-255.0,False
22,985,0,1,69,274.0,6.596074490385498,24,0,2,2,14,8,0,-274.0,False
22,986,0,1,66,295.0,6.357480715230175,21,0,2,0,15,6,0,-295.0,False
22,987,0,1,66,317.0,6.28151379594865,22,0,2,0,16,6,0,-317.0,False
22,988,0,1,64,341.0,6.113421242908611,24,0,2,0,18,6,0,-341.0,False
22,989,0,1,65,367.0,5.8618366140348295,28,0,2,0,21,6,1,-367.0,False
22,990,0,1,64,395.0,5.911886250154157,28,0,2,0,22,6,0,-395.0,False
22,991,0,1,62,424.0,5.769272087154516,29,0,2,0,23,6,0,-424.0,False
23,992,1,0,62,454.0,5.783188516096185,30,1,3,0,24,6,0,0.0,False
23,993,1,0,61,486.0,5.415611707201365,33,1,3,0,25,8,0,0.0,False
23,994,1,0,61,518.0,5.106151165644692,33,1,3,0,24,8,1,0.0,False
23,995,1,0,59,310.0,5.102740463324742,24,2,0,0,20,4,0,-310.0,False
23,996,1,0,57,202.0,5.313550843074895,18,2,0,0,17,0,1,-202.0,False
23,997,1,0,61,141.0,5.277334644977317,20,2,0,2,15,2,1,-141.0,False
23,998,1,0,60,91.0,5.873644891372328,11,2,0,0,10,0,1,-91.0,False
23,999,1,0,61,48.0,6.631412168635643,8,2,0,0,6,0,2,-48.0,False
23,1000,1,0,61,20.0,7.540975557508067,4,2,0,0,3,0,1,-20.0,False
23,1001,1,0,62,6.0,8.069200699269409,2,2,0,0,1,0,1,-6.0,False
23,1002,1,0,62,8.0,8.813350134647099,2,2,0,0,0,0,2,-8.0,False
23,1003,1,0,62,10.0,9.29016246226524,2,2,0,0,0,0,2,-10.0,False
23,1004,1,0,63,12.0,9.423723905243454,3,2,0,0,0,0,3,-12.0,False
23,1005,1,0,64,14.0,9.679095626814062,3,2,0,0,1,0,2,-14.0,False
23,1006,1,0,62,18.0,9.938460886994056,4,2,0,1,0,0,3,-18.0,False
23,1007,1,0,62,23.0,10.37204094746524,5,2,0,2,0,0,3,-23.0,False
23,1008,1,0,62,28.0,10.69423118809132,5,2,0,2,0,0,3,-28.0,False
23,1009,1,0,67,33.0,10.093154683147068,10,2,0,4,1,2,3,-33.0,False
23,1010,1,0,68,38.0,10.163427900142025,6,2,0,2,0,0,4,-38.0,False
23,1011,1,0,68,43.0,10.182558537935373,5,2,0,2,0,0,3,-43.0,False
23,1012,1,0,68,48.0,10.357814656403816,5,2,0,2,0,0,3,-48.0,False
23,1013,1,0,67,54.0,10.092727161355914,7,2,0,2,1,0,4,-54.0,False
23,1014,1,0,66,60.0,10.055973296738726,6,2,0,2,0,0,4,-60.0,False
23,1015,1,0,65,66.0,9.94405417207213,7,2,0,2,0,0,5,-66.0,False
23,1016,1,0,63,72.0,9.84013068565962,6,2,0,2,0,0,4,-72.0,False
23,1017,1,0,63,79.0,9.668287319022573,8,2,0,3,1,0,4,-79.0,False
23,1018,1,0,63,88.0,9.809641139486368,9,2,0,4,0,0,5,-88.0,False
23,1019,1,0,63,97.0,9.785694842868155,9,2,0,4,0,0,5,-97.0,False
23,1020,1,0,62,106.0,9.63174514097718,10,2,0,4,0,0,6,-106.0,False
23,1021,1,0,66,115.0,8.913442735762759,14,2,0,6,1,2,5,-115.0,False
23,1022,1,0,66,124.0,8.870440725917472,9,2,0,4,0,0,5,-124.0,False
23,1023,1,0,64,133.0,8.872280174639267,9,2,0,4,0,0,5,-133.0,False
23,1024,1,0,64,142.0,8.949526823923415,9,2,0,4,0,0,5,-142.0,False
23,1025,1,0,65,152.0,8.51149222343385,12,2,0,4,1,0,7,-152.0,False
23,1026,1,0,65,164.0,8.424918927668026,12,2,0,4,0,0,8,-164.0,False
23,1027,1,0,64,177.0,8.296131630354395,13,2,0,4,0,0,9,-177.0,False
23,1028,1,0,64,191.0,8.026771141026778,14,2,0,4,0,0,10,-191.0,False
23,1029,1,0,63,206.0,7.642281797661588,16,2,0,5,1,0,10,-206.0,False
23,1030,1,0,63,223.0,7.250693595300147,18,2,0,5,0,0,13,-223.0,False
23,1031,1,0,62,241.0,6.858247341581526,18,2,0,5,0,0,13,-241.0,False
23,1032,1,0,60,261.0,6.286637680714559,20,2,0,6,0,0,14,-261.0,False
23,1033,1,0,64,283.0,5.413663105853149,27,2,0,8,1,2,16,-283.0,False
23,1034,1,0,64,306.0,5.479198383575671,23,2,0,6,0,0,17,-306.0,False
23,1035,1,0,63,331.0,5.290303497139733,26,2,0,6,0,0,20,-331.0,False
23,1036,1,0,62,358.0,5.314312805187885,27,2,0,6,0,0,21,-358.0,False
24,1037,0,1,63,387.0,5.286210954649255,30,3,1,6,1,0,23,0.0,False
24,1038,0,1,61,417.0,4.780172864921004,30,3,1,6,0,0,24,0.0,False
24,1039,0,1,60,448.0,4.5829421954632155,31,3,1,6,0,0,25,0.0,False
24,1040,0,1,61,252.0,4.535790710404948,26,0,2,2,1,0,23,-252.0,False
24,1041,0,1,62,166.0,4.680827892997039,23,0,2,0,2,1,20,-166.0,False
24,1042,0,1,62,123.0,5.104534010602917,20,0,2,0,1,2,17,-123.0,False
24,1043,0,1,59,93.0,5.412238818774844,16,0,2,0,1,2,13,-93.0,False
24,1044,0,1,59,73.0,6.078797061670469,12,0,2,0,1,2,9,-73.0,False
24,1045,0,1,64,66.0,6.346919311211208,16,0,2,2,3,4,7,-66.0,False
24,1046,0,1,65,56.0,7.201463496838963,10,0,2,0,2,2,6,-56.0,False
24,1047,0,1,65,47.0,7.845831715692172,8,0,2,0,2,2,4,-47.0,False
24,1048,0,1,65,38.0,8.416990902887935,7,0,2,0,3,2,2,-38.0,False
24,1049,0,1,66,34.0,8.823676641093769,6,0,2,0,4,2,0,-34.0,False
24,1050,0,1,66,39.0,9.211072343366032,5,0,2,0,3,2,0,-39.0,False
24,1051,0,1,67,44.0,9.278319499672191,6,0,2,0,3,2,1,-44.0,False
24,1052,0,1,67,49.0,9.388828908425785,5,0,2,0,3,2,0,-49.0,False
24,1053,0,1,68,56.0,9.407987534276256,8,0,2,0,4,4,0,-56.0,False
24,1054,0,1,68,63.0,9.64685882996914,7,0,2,0,3,4,0,-63.0,False
24,1055,0,1,68,72.0,9.840026921725938,9,0,2,0,5,4,0,-72.0,False
24,1056,0,1,69,81.0,9.912404525770464,10,0,2,0,5,4,1,-81.0,False
24,1057,0,1,74,90.0,9.402046512716039,14,0,2,2,6,6,0,-90.0,False
24,1058,0,1,73,99.0,9.68580346227405,9,0,2,0,5,4,0,-99.0,False
24,1059,0,1,70,108.0,9.626909490098852,9,0,2,0,5,4,0,-108.0,False
24,1060,0,1,69,117.0,9.60769587351075,9,0,2,0,5,4,0,-117.0,False
24,1061,0,1,70,126.0,9.329661839887299,11,0,2,0,6,4,1,-126.0,False
24,1062,0,1,69,136.0,9.21262530068563,10,0,2,0,6,4,0,-136.0,False
24,1063,0,1,69,147.0,9.293163944013834,11,0,2,0,7,4,0,-147.0,False
24,1064,0,1,69,158.0,9.3097707550043,11,0,2,0,7,4,0,-158.0,False
24,1065,0,1,70,171.0,9.202983126030476,14,0,2,0,8,6,0,-171.0,False
24,1066,0,1,69,184.0,8.974788276952399,14,0,2,0,7,6,1,-184.0,False
24,1067,0,1,68,197.0,8.80289331693112,13,0,2,0,7,6,0,-197.0,False
24,1068,0,1,67,212.0,8.537384059971695,15,0,2,0,9,6,0,-212.0,False
24,1069,0,1,72,227.0,7.818422131171322,20,0,2,2,10,8,0,-227.0,False
24,1070,0,1,70,244.0,7.6179927791886906,17,0,2,0,11,6,0,-244.0,False
24,1071,0,1,71,262.0,7.461626771380948,19,0,2,0,12,6,1,-262.0,False
24,1072,0,1,70,281.0,7.314012632671274,19,0,2,0,13,6,0,-281.0,False
24,1073,0,1,70,300.0,6.985442178947544,20,0,2,0,14,6,0,-300.0,False
24,1074,0,1,69,322.0,6.946727553494329,22,0,2,0,16,6,0,-322.0,False
24,1075,0,1,67,344.0,6.703278375027493,22,0,2,0,16,6,0,-344.0,False
24,1076,0,1,67,368.0,6.4215176807560645,25,0,2,0,18,6,1,-368.0,False
24,1077,0,1,68,394.0,6.264681242471099,27,0,2,0,19,8,0,-394.0,False
24,1078,0,1,65,422.0,5.934227131310313,28,0,2,0,20,8,0,-422.0,False
24,1079,0,1,65,451.0,5.949081317751758,29,0,2,0,21,8,0,-451.0,False
24,1080,0,1,63,482.0,5.6797560833250555,31,0,2,0,23,8,0,-482.0,False
24,1081,0,1,68,513.0,5.210121469950114,36,0,2,2,24,10,0,-513.0,False
25,1082,1,0,66,546.0,4.946719763455972,34,1,3,0,25,8,1,0.0,False
25,1083,1,0,66,579.0,5.148307475852323,33,1,3,0,25,8,0,0.0,False
25,1084,1,0,64,613.0,5.039627866182095,34,1,3,0,26,8,0,0.0,False
25,1085,1,0,63,369.0,4.960145054477492,27,2,0,0,23,4,0,-369.0,False
25,1086,1,0,63,228.0,5.261868963341607,19,2,0,0,18,0,1,-228.0,False
25,1087,1,0,62,162.0,5.308052833837118,17,2,0,0,15,0,2,-162.0,False
25,1088,1,0,62,108.0,5.89590230276723,12,2,0,0,11,0,1,-108.0,False
25,1089,1,0,62,61.0,6.3820726677728485,9,2,0,0,8,0,1,-61.0,False
25,1090,1,0,61,31.0,7.012812484760927,8,2,0,2,5,0,1,-31.0,False
25,1091,1,0,61,14.0,7.8027497149017995,5,2,0,2,2,0,1,-14.0,False
25,1092,1,0,61,13.0,8.253878797188136,4,2,0,2,0,0,2,-13.0,False
25,1093,1,0,66,17.0,8.220449870475106,9,2,0,4,1,2,2,-17.0,False
25,1094,1,0,66,21.0,8.91540600116971,4,2,0,2,0,0,2,-21.0,False
25,1095,1,0,66,26.0,9.485569635887021,5,2,0,2,0,0,3,-26.0,False
25,1096,1,0,66,31.0,9.913647884331754,5,2,0,2,0,0,3,-31.0,False
25,1097,1,0,68,36.0,10.027851163327192,7,2,0,2,1,0,4,-36.0,False
25,1098,1,0,68,41.0,10.331106971712181,5,2,0,2,0,0,3,-41.0,False
25,1099,1,0,68,47.0,10.524571698500083,6,2,0,2,0,0,4,-47.0,False
25,1100,1,0,68,53.0,10.753671189745525,6,2,0,2,0,0,4,-53.0,False
25,1101,1,0,69,60.0,10.574094953277836,8,2,0,3,1,0,4,-60.0,False
25,1102,1,0,70,68.0,10.357581908078668,9,2,0,3,0,0,6,-68.0,False
25,1103,1,0,68,76.0,10.344087477447221,8,2,0,3,0,0,5,-76.0,False
25,1104,1,0,66,84.0,10.237122568537838,8,2,0,3,0,0,5,-84.0,False
25,1105,1,0,70,93.0,9.469193130319578,14,2,0,6,1,2,5,-93.0,False
25,1106,1,0,67,102.0,9.52116396686723,9,2,0,4,0,0,5,-102.0,False
25,1107,1,0,67,111.0,9.465490962428339,10,2,0,4,0,0,6,-111.0,False
25,1108,1,0,67,120.0,9.644217766339136,9,2,0,4,0,0,5,-120.0,False
25,1109,1,0,68,130.0,9.47486554165319,11,2,0,4,1,0,6,-130.0,False
25,1110,1,0,68,140.0,9.47116540706061,10,2,0,4,0,0,6,-140.0,False
25,1111,1,0,66,150.0,9.177024781385494,10,2,0,4,0,0,6,-150.0,False
25,1112,1,0,66,160.0,8.862140339197277,11,2,0,4,0,0,7,-160.0,False
25,1113,1,0,66,170.0,8.438387537200935,11,2,0,4,1,0,6,-170.0,False
25,1114,1,0,64,184.0,8.064695032863504,14,2,0,6,0,0,8,-184.0,False
25,1115,1,0,63,199.0,7.817890137490659,15,2,0,6,0,0,9,-199.0,False
25,1116,1,0,63,216.0,7.760862542452335,17,2,0,6,0,0,11,-216.0,False
25,1117,1,0,67,234.0,6.981404083826104,23,2,0,8,1,2,12,-234.0,False
25,1118,1,0,68,253.0,6.799991892565611,20,2,0,6,0,0,14,-253.0,False
25,1119,1,0,66,273.0,6.586394363016129,20,2,0,6,0,0,14,-273.0,False
25,1120,1,0,65,295.0,6.338127787462913,22,2,0,6,0,0,16,-295.0,False
25,1121,1,0,65,318.0,5.904631956578267,24,2,0,6,1,0,17,-318.0,False
25,1122,1,0,65,343.0,5.821500932909701,25,2,0,6,0,0,19,-343.0,False
25,1123,1,0,65,369.0,5.589756648823501,27,2,0,6,0,0,21,-369.0,False
25,1124,1,0,65,396.0,5.574427650860464,27,2,0,6,0,0,21,-396.0,False
25,1125,1,0,65,424.0,5.253374783680584,29,2,0,6,1,0,22,-424.0,False
25,1126,1,0,62,455.0,5.014033456172774,31,2,0,8,0,0,23,-455.0,False
26,1127,0,1,61,487.0,4.956223702449396,32,3,1,8,0,0,24,0.0,False
26,1128,0,1,60,520.0,4.585866362967339,34,3,1,8,0,0,26,0.0,False
26,1129,0,1,64,554.0,4.114998385443545,39,3,1,10,1,2,26,0.0,False
26,1130,0,1,63,336.0,4.447998682293283,27,0,2,4,0,0,23,-336.0,False
26,1131,0,1,63,211.0,5.09277014729312,20,0,2,0,0,0,20,-211.0,False
26,1132,0,1,63,145.0,5.771092885360901,16,0,2,0,0,0,16,-145.0,False
26,1133,0,1,65,101.0,6.163863561213134,15,0,2,0,1,0,14,-101.0,False
26,1134,0,1,65,71.0,6.975973846767325,9,0,2,0,0,0,9,-71.0,False
26,1135,0,1,65,52.0,7.6991908195180825,6,0,2,0,0,0,6,-52.0,False
26,1136,0,1,65,37.0,8.300108687815818,5,0,2,0,0,0,5,-37.0,False
26,1137,0,1,66,22.0,8.670834822312983,5,0,2,0,2,0,3,-22.0,False
26,1138,0,1,65,7.0,8.948373094431453,5,0,2,0,2,1,2,-7.0,False
26,1139,0,1,65,8.0,9.377473323170268,4,0,2,0,2,2,0,-8.0,False
26,1140,0,1,65,12.0,9.739944186500276,4,0,2,0,2,2,0,-12.0,False
26,1141,0,1,70,16.0,9.403002713066224,9,0,2,2,3,4,0,-16.0,False
26,1142,0,1,70,20.0,9.7520887252237,4,0,2,0,2,2,0,-20.0,False
26,1143,0,1,71,24.0,9.772782202088298,5,0,2,0,2,2,1,-24.0,False
26,1144,0,1,71,28.0,10.034495421869744,4,0,2,0,2,2,0,-28.0,False
26,1145,0,1,72,33.0,10.107312150883175,6,0,2,0,4,2,0,-33.0,False
26,1146,0,1,72,38.0,10.271281021610612,5,0,2,0,3,2,0,-38.0,False
26,1147,0,1,72,44.0,10.431332248991373,6,0,2,0,4,2,0,-44.0,False
26,1148,0,1,70,52.0,10.21437752516471,9,0,2,0,5,3,1,-52.0,False
26,1149,0,1,71,60.0,10.180923205122495,9,0,2,0,6,3,0,-60.0,False
26,1150,0,1,71,68.0,10.12296224652765,8,0,2,0,5,3,0,-68.0,False
26,1151,0,1,68,77.0,10.031320120258602,9,0,2,0,5,4,0,-77.0,False
26,1152,0,1,68,87.0,10.023888579646556,10,0,2,0,6,4,0,-87.0,False
26,1153,0,1,70,97.0,9.206508835929364,15,0,2,2,7,6,0,-97.0,False
26,1154,0,1,70,107.0,9.258351040402239,11,0,2,0,6,4,1,-107.0,False
26,1155,0,1,70,118.0,9.297438780113776,11,0,2,0,7,4,0,-118.0,False
26,1156,0,1,68,129.0,9.182257572288911,11,0,2,0,7,4,0,-129.0,False
26,1157,0,1,69,140.0,8.885211719283413,12,0,2,0,8,4,0,-140.0,False
26,1158,0,1,68,151.0,8.710479818196491,11,0,2,0,7,4,0,-151.0,False
26,1159,0,1,69,164.0,8.583165387536758,14,0,2,0,9,4,1,-164.0,False
26,1160,0,1,67,181.0,8.36906483838805,17,0,2,0,11,6,0,-181.0,False
26,1161,0,1,67,199.0,7.99891892437823,19,0,2,0,13,6,0,-199.0,False
26,1162,0,1,66,218.0,7.746668744354322,19,0,2,0,13,6,0,-218.0,False
26,1163,0,1,64,238.0,7.56861634495904,20,0,2,0,14,6,0,-238.0,False
26,1164,0,1,64,259.0,7.103926493771445,22,0,2,0,15,6,1,-259.0,False
26,1165,0,1,68,281.0,6.328939453338067,27,0,2,2,17,8,0,-281.0,False
26,1166,0,1,67,303.0,6.18233469953129,22,0,2,0,16,6,0,-303.0,False
26,1167,0,1,66,328.0,6.076750794894267,25,0,2,0,19,6,0,-328.0,False
26,1168,0,1,65,353.0,5.908457229742966,25,0,2,0,19,6,0,-353.0,False
26,1169,0,1,66,380.0,5.760955776939743,29,0,2,0,22,6,1,-380.0,False
26,1170,0,1,65,408.0,5.6439508745285245,28,0,2,0,22,6,0,-408.0,False
26,1171,0,1,64,438.0,5.730864314762582,30,0,2,0,24,6,0,-438.0,False
27,1172,1,0,62,468.0,5.427796279632514,30,1,3,0,24,6,0,0.0,False
27,1173,1,0,62,501.0,5.0318822245340975,34,1,3,0,26,8,0,0.0,False
27,1174,1,0,61,534.0,4.666744827113494,34,1,3,0,25,8,1,0.0,False
27,1175,1,0,60,329.0,4.6705793155992135,25,2,0,0,21,4,0,-329.0,False
27,1176,1,0,59,221.0,4.838876085174497,20,2,0,1,18,0,1,-221.0,False
27,1177,1,0,63,156.0,4.708554332073526,21,2,0,3,15,2,1,-156.0,False
27,1178,1,0,63,103.0,5.4810515708635,13,2,0,1,11,0,1,-103.0,False
27,1179,1,0,64,61.0,6.168242448802829,11,2,0,1,8,0,2,-61.0,False
27,1180,1,0,64,34.0,7.11686614685675,7,2,0,1,5,0,1,-34.0,False
27,1181,1,0,65,17.0,7.941368943921975,5,2,0,1,3,0,1,-17.0,False
27,1182,1,0,65,14.0,8.667264324775113,2,2,0,1,0,0,1,-14.0,False
27,1183,1,0,63,17.0,9.266433082298757,3,2,0,1,0,0,2,-17.0,False
27,1184,1,0,64,20.0,9.319938055542636,4,2,0,1,0,0,3,-20.0,False
27,1185,1,0,65,25.0,9.53436826210591,6,2,0,3,1,0,2,-25.0,False
27,1186,1,0,65,30.0,9.810624004308924,5,2,0,3,0,0,2,-30.0,False
27,1187,1,0,65,36.0,10.120128683394224,6,2,0,3,0,0,3,-36.0,False
27,1188,1,0,65,42.0,10.233223368083173,6,2,0,3,0,0,3,-42.0,False
27,1189,1,0,70,48.0,9.651018243717388,11,2,0,5,1,2,3,-48.0,False
27,1190,1,0,70,54.0,9.699021597003798,7,2,0,3,0,0,4,-54.0,False
27,1191,1,0,70,60.0,9.904583936697994,6,2,0,3,0,0,3,-60.0,False
27,1192,1,0,70,67.0,9.904413020217357,7,2,0,3,0,0,4,-67.0,False
27,1193,1,0,71,74.0,9.928745667794146,8,2,0,3,1,0,4,-74.0,False
27,1194,1,0,68,81.0,9.839643521050103,7,2,0,3,0,0,4,-81.0,False
27,1195,1,0,67,89.0,9.754565609875794,9,2,0,3,0,0,6,-89.0,False
27,1196,1,0,65,97.0,9.68374136559216,8,2,0,3,0,0,5,-97.0,False
27,1197,1,0,65,106.0,9.44482129796313,10,2,0,4,1,0,5,-106.0,False
27,1198,1,0,65,115.0,9.496468875695752,9,2,0,4,0,0,5,-115.0,False
27,1199,1,0,64,125.0,9.481518671088597,10,2,0,5,0,0,5,-125.0,False
27,1200,1,0,65,135.0,9.345343347010228,11,2,0,5,0,0,6,-135.0,False
27,1201,1,0,67,145.0,8.402843101215304,15,2,0,7,1,2,5,-145.0,False
27,1202,1,0,67,155.0,8.572845135705371,10,2,0,5,0,0,5,-155.0,False
27,1203,1,0,66,166.0,8.666382022461447,11,2,0,5,0,0,6,-166.0,False
27,1204,1,0,65,177.0,8.762692104073395,11,2,0,5,0,0,6,-177.0,False
27,1205,1,0,67,190.0,8.363955601484802,15,2,0,5,1,0,9,-190.0,False
27,1206,1,0,67,203.0,8.228389778502835,13,2,0,5,0,0,8,-203.0,False
27,1207,1,0,67,217.0,8.080284720361652,14,2,0,5,0,0,9,-217.0,False
27,1208,1,0,67,231.0,7.888488420097452,14,2,0,5,0,0,9,-231.0,False
27,1209,1,0,67,248.0,7.499205586543145,18,2,0,6,1,0,11,-248.0,False
27,1210,1,0,66,267.0,7.098228548006219,20,2,0,7,0,0,13,-267.0,False
27,1211,1,0,63,286.0,6.636599676113142,19,2,0,7,0,0,12,-286.0,False
27,1212,1,0,63,307.0,6.485247428194021,21,2,0,7,0,0,14,-307.0,False
27,1213,1,0,66,328.0,5.594133217112748,26,2,0,9,1,2,14,-328.0,False
27,1214,1,0,65,351.0,5.503417600934202,23,2,0,7,0,0,16,-351.0,False
27,1215,1,0,65,375.0,5.399628159540542,25,2,0,7,0,0,18,-375.0,False
27,1216,1,0,64,401.0,5.355228298560937,26,2,0,7,0,0,19,-401.0,False
28,1217,0,1,64,429.0,4.943858981768263,29,3,1,7,1,0,21,0.0,False
28,1218,0,1,63,457.0,4.786929050242473,28,3,1,7,0,0,21,0.0,False
28,1219,0,1,61,489.0,4.423538956650632,32,3,1,8,0,0,24,0.0,False
28,1220,0,1,61,272.0,4.3744617163600035,28,0,2,4,0,1,23,-272.0,False
28,1221,0,1,62,160.0,4.726101945092317,23,0,2,1,1,2,19,-160.0,False
28,1222,0,1,62,107.0,5.376239446557967,18,0,2,0,0,2,16,-107.0,False
28,1223,0,1,61,74.0,5.932120550348698,14,0,2,0,0,2,12,-74.0,False
28,1224,0,1,61,57.0,6.677819027831791,11,0,2,0,1,2,8,-57.0,False
28,1225,0,1,66,50.0,6.851326976318567,14,0,2,2,2,4,6,-50.0,False
28,1226,0,1,66,44.0,7.4180957981350755,9,0,2,0,2,2,5,-44.0,False
28,1227,0,1,66,35.0,7.993029272133228,6,0,2,0,2,2,2,-35.0,False
28,1228,0,1,66,33.0,8.313485364193957,6,0,2,0,3,2,1,-33.0,False
28,1229,0,1,67,31.0,8.705082191981026,6,0,2,0,4,2,0,-31.0,False
28,1230,0,1,67,36.0,9.123688391224348,5,0,2,0,3,2,0,-36.0,False
28,1231,0,1,68,41.0,9.214914883367658,6,0,2,0,3,2,1,-41.0,False
28,1232,0,1,68,46.0,9.502529863467615,5,0,2,0,3,2,0,-46.0,False
28,1233,0,1,69,52.0,9.500193947162424,7,0,2,0,4,3,0,-52.0,False
28,1234,0,1,69,60.0,9.673660807617821,8,0,2,0,4,4,0,-60.0,False
28,1235,0,1,69,68.0,9.902950943315892,8,0,2,0,4,4,0,-68.0,False
28,1236,0,1,70,76.0,10.001929049901918,9,0,2,0,4,4,1,-76.0,False
28,1237,0,1,75,85.0,9.454669606228979,14,0,2,2,6,6,0,-85.0,False
28,1238,0,1,74,94.0,9.61340797258821,9,0,2,0,5,4,0,-94.0,False
28,1239,0,1,74,103.0,9.639348430109658,9,0,2,0,5,4,0,-103.0,False
28,1240,0,1,71,112.0,9.571003951602902,9,0,2,0,5,4,0,-112.0,False
28,1241,0,1,72,121.0,9.29065116387924,11,0,2,0,6,4,1,-121.0,False
28,1242,0,1,70,132.0,9.374808683259657,11,0,2,0,7,4,0,-132.0,False
28,1243,0,1,70,143.0,9.367879664568653,11,0,2,0,7,4,0,-143.0,False
28,1244,0,1,69,154.0,9.319930881324467,11,0,2,0,7,4,0,-154.0,False
28,1245,0,1,69,165.0,9.053805588808942,12,0,2,0,8,4,0,-165.0,False
28,1246,0,1,68,178.0,8.583014271039211,14,0,2,0,7,6,1,-178.0,False
28,1247,0,1,67,192.0,8.408211948661593,14,0,2,0,8,6,0,-192.0,False
28,1248,0,1,67,207.0,8.22332210962438,15,0,2,0,9,6,0,-207.0,False
28,1249,0,1,71,224.0,7.402199184919605,22,0,2,2,12,8,0,-224.0,False
28,1250,0,1,70,243.0,7.286667900406414,19,0,2,0,13,6,0,-243.0,False
28,1251,0,1,71,262.0,7.241910851352626,20,0,2,0,13,6,1,-262.0,False
28,1252,0,1,70,283.0,7.125832751327624,21,0,2,0,15,6,0,-283.0,False
28,1253,0,1,71,304.0,6.967519310293674,22,0,2,0,16,6,0,-304.0,False
28,1254,0,1,69,327.0,6.645545600606139,23,0,2,0,17,6,0,-327.0,False
28,1255,0,1,69,352.0,6.571442007564967,25,0,2,0,19,6,0,-352.0,False
28,1256,0,1,69,377.0,6.366376307313117,26,0,2,0,19,6,1,-377.0,False
28,1257,0,1,68,404.0,6.086236186504969,28,0,2,0,22,6,0,-404.0,False
28,1258,0,1,67,433.0,6.08639331476895,29,0,2,0,21,8,0,-433.0,False
28,1259,0,1,64,463.0,5.933372284499576,30,0,2,0,22,8,0,-463.0,False
28,1260,0,1,64,494.0,5.995216677265588,31,0,2,0,23,8,0,-494.0,False
28,1261,0,1,67,525.0,5.342587147291324,36,0,2,2,24,10,0,-525.0,False
29,1262,1,0,67,556.0,5.288001215581865,32,1,3,0,23,8,1,0.0,False
29,1263,1,0,66,588.0,5.254450786094584,32,1,3,0,24,8,0,0.0,False
29,1264,1,0,65,621.0,5.289371896400189,33,1,3,0,25,8,0,0.0,False
29,1265,1,0,66,380.0,5.376956456979606,26,2,0,0,22,4,0,-380.0,False
29,1266,1,0,65,239.0,5.594149501570631,18,2,0,0,18,0,0,-239.0,False
29,1267,1,0,64,168.0,5.883061990295121,15,2,0,0,14,0,1,-168.0,False
29,1268,1,0,64,106.0,6.368957189554646,11,2,0,1,10,0,0,-106.0,False
29,1269,1,0,63,54.0,6.719700754694222,9,2,0,1,7,0,1,-54.0,False
29,1270,1,0,62,21.0,7.448109007528324,5,2,0,1,3,0,1,-21.0,False
29,1271,1,0,60,8.0,8.106818392700752,3,2,0,1,1,0,1,-8.0,False
29,1272,1,0,61,10.0,8.660174894538304,4,2,0,2,0,0,2,-10.0,False
29,1273,1,0,66,13.0,8.410246077092857,8,2,0,4,1,2,1,-13.0,False
29,1274,1,0,66,16.0,9.103363756580547,3,2,0,2,0,0,1,-16.0,False
29,1275,1,0,66,20.0,9.726989576377214,4,2,0,2,0,0,2,-20.0,False
29,1276,1,0,66,24.0,10.363624571587488,4,2,0,2,0,0,2,-24.0,False
29,1277,1,0,68,28.0,10.490484011233413,6,2,0,2,1,0,3,-28.0,False
29,1278,1,0,68,32.0,10.801040094454473,4,2,0,2,0,0,2,-32.0,False
29,1279,1,0,68,36.0,10.845352802130517,4,2,0,2,0,0,2,-36.0,False
29,1280,1,0,68,41.0,10.935398641281386,5,2,0,3,0,0,2,-41.0,False
29,1281,1,0,69,48.0,10.65190852828834,8,2,0,4,1,0,3,-48.0,False
29,1282,1,0,70,55.0,10.571548400038807,8,2,0,4,0,0,4,-55.0,False
29,1283,1,0,68,62.0,10.541332409659557,7,2,0,4,0,0,3,-62.0,False
29,1284,1,0,66,70.0,10.517740200567909,8,2,0,4,0,0,4,-70.0,False
29,1285,1,0,69,78.0,9.695351366980214,13,2,0,6,1,2,4,-78.0,False
29,1286,1,0,68,86.0,9.770136648262067,8,2,0,4,0,0,4,-86.0,False
29,1287,1,0,68,94.0,9.740502408420824,9,2,0,4,0,0,5,-94.0,False
29,1288,1,0,66,102.0,9.935262962896976,8,2,0,4,0,0,4,-102.0,False
29,1289,1,0,67,110.0,9.854698172402186,9,2,0,4,1,0,4,-110.0,False
29,1290,1,0,67,119.0,9.954779914331104,9,2,0,4,0,0,5,-119.0,False
29,1291,1,0,65,128.0,9.78779023079594,9,2,0,4,0,0,5,-128.0,False
29,1292,1,0,66,138.0,9.437829233828785,11,2,0,5,0,0,6,-138.0,False
29,1293,1,0,66,149.0,8.937671917024911,12,2,0,6,1,0,5,-149.0,False
29,1294,1,0,64,162.0,8.558064802269069,13,2,0,6,0,0,7,-162.0,False
29,1295,1,0,63,175.0,8.191511659113862,13,2,0,6,0,0,7,-175.0,False
29,1296,1,0,63,190.0,7.87027699134727,15,2,0,6,0,0,9,-190.0,False
29,1297,1,0,66,206.0,6.809401595819573,21,2,0,8,1,2,10,-206.0,False
29,1298,1,0,66,223.0,6.5811189375886965,18,2,0,6,0,0,12,-223.0,False
29,1299,1,0,66,242.0,6.574081219309814,19,2,0,6,0,0,13,-242.0,False
29,1300,1,0,64,261.0,6.4131028535414565,19,2,0,6,0,0,13,-261.0,False
29,1301,1,0,65,282.0,6.238042293664723,22,2,0,6,1,0,15,-282.0,False
29,1302,1,0,64,305.0,5.9839931122437475,23,2,0,6,0,0,17,-305.0,False
29,1303,1,0,64,331.0,5.7073321913477715,27,2,0,6,0,0,21,-331.0,False
29,1304,1,0,63,358.0,5.631987283769596,27,2,0,6,0,0,21,-358.0,False
29,1305,1,0,64,386.0,5.496934872841248,29,2,0,6,1,0,22,-386.0,False
29,1306,1,0,62,418.0,5.303719109678059,32,2,0,8,0,0,24,-418.0,False
30,1307,0,1,60,451.0,5.051697075815549,33,3,1,8,0,0,25,0.0,False
30,1308,0,1,61,484.0,4.9115109636617635,34,3,1,8,0,0,26,0.0,False
30,1309,0,1,65,517.0,4.33984576108202,38,3,1,10,1,2,25,0.0,False
30,1310,0,1,63,297.0,4.511492934477782,25,0,2,4,0,0,21,-297.0,False
30,1311,0,1,62,184.0,4.743366995527334,20,0,2,0,1,0,19,-184.0,False
30,1312,0,1,62,134.0,5.229889182465393,16,0,2,0,1,0,15,-134.0,False
30,1313,0,1,64,97.0,5.656648356421876,14,0,2,0,2,0,12,-97.0,False
30,1314,0,1,64,84.0,6.276202852178056,11,0,2,0,2,0,9,-84.0,False
30,1315,0,1,64,70.0,7.033169659648467,10,0,2,0,2,0,8,-70.0,False
30,1316,0,1,64,55.0,7.704608207521783,8,0,2,0,2,0,6,-55.0,False
30,1317,0,1,65,39.0,8.222202527572769,7,0,2,0,3,0,4,-39.0,False
30,1318,0,1,64,38.0,8.57053235219123,7,0,2,0,2,1,4,-38.0,False
30,1319,0,1,64,29.0,9.243768665360976,7,0,2,0,3,2,2,-29.0,False
30,1320,0,1,64,24.0,9.779873441174216,5,0,2,0,3,2,0,-24.0,False
30,1321,0,1,69,29.0,9.435240316377445,10,0,2,2,4,4,0,-29.0,False
30,1322,0,1,69,34.0,9.604988548267018,5,0,2,0,3,2,0,-34.0,False
30,1323,0,1,70,39.0,9.790372099357466,6,0,2,0,3,2,1,-39.0,False
30,1324,0,1,70,44.0,10.027857690065623,5,0,2,0,3,2,0,-44.0,False
30,1325,0,1,71,50.0,10.073737650256055,7,0,2,0,5,2,0,-50.0,False
30,1326,0,1,71,57.0,10.286016214927482,7,0,2,0,5,2,0,-57.0,False
30,1327,0,1,71,64.0,10.377438493432345,7,0,2,0,5,2,0,-64.0,False
30,1328,0,1,71,71.0,10.232801642192555,8,0,2,0,5,2,1,-71.0,False
30,1329,0,1,70,80.0,9.862418695378363,10,0,2,0,7,3,0,-80.0,False
30,1330,0,1,69,90.0,9.884971159165184,10,0,2,0,6,4,0,-90.0,False
30,1331,0,1,68,101.0,9.828660751243271,11,0,2,0,7,4,0,-101.0,False
30,1332,0,1,65,112.0,9.802870152420725,11,0,2,0,7,4,0,-112.0,False
30,1333,0,1,69,123.0,9.077685920323795,16,0,2,2,8,6,0,-123.0,False
30,1334,0,1,69,135.0,9.045585357891149,13,0,2,0,8,4,1,-135.0,False
30,1335,0,1,69,147.0,9.093256204749089,12,0,2,0,8,4,0,-147.0,False
30,1336,0,1,69,159.0,8.946160364867382,12,0,2,0,8,4,0,-159.0,False
30,1337,0,1,70,171.0,8.649106706587506,13,0,2,0,9,4,0,-171.0,False
30,1338,0,1,69,184.0,8.446320685644235,13,0,2,0,9,4,0,-184.0,False
30,1339,0,1,68,198.0,8.209767060740539,15,0,2,0,10,4,1,-198.0,False
30,1340,0,1,68,214.0,8.088653422723368,16,0,2,0,10,6,0,-214.0,False
30,1341,0,1,67,232.0,7.6094243131787,19,0,2,0,13,6,0,-232.0,False
30,1342,0,1,66,251.0,7.406492254293616,19,0,2,0,13,6,0,-251.0,False
30,1343,0,1,64,270.0,7.106120277194746,19,0,2,0,13,6,0,-270.0,False
30,1344,0,1,63,292.0,6.777539752467503,23,0,2,0,16,6,1,-292.0,False
30,1345,0,1,67,315.0,6.239379249419413,28,0,2,2,18,8,0,-315.0,False
30,1346,0,1,65,339.0,6.041193258155832,24,0,2,0,18,6,0,-339.0,False
30,1347,0,1,64,365.0,6.060139247423943,26,0,2,0,20,6,0,-365.0,False
30,1348,0,1,63,391.0,5.900627527749599,26,0,2,0,20,6,0,-391.0,False
30,1349,0,1,65,418.0,5.5617191465026705,29,0,2,0,22,6,1,-418.0,False
30,1350,0,1,65,447.0,5.645321107424884,29,0,2,0,23,6,0,-447.0,False
30,1351,0,1,64,477.0,5.61804061297081,30,0,2,0,24,6,0,-477.0,False
31,1352,1,0,64,508.0,5.589999462171898,31,1,3,0,25,6,0,0.0,False
31,1353,1,0,63,538.0,5.223984362221907,32,1,3,0,25,7,0,0.0,False
31,1354,1,0,64,572.0,5.124574780668184,35,1,3,1,25,8,1,0.0,False
31,1355,1,0,60,356.0,4.9100000158187695,26,2,0,1,21,4,0,-356.0,False
31,1356,1,0,58,242.0,5.06804524438035,18,2,0,1,17,0,0,-242.0,False
31,1357,1,0,63,172.0,5.068911382876499,21,2,0,3,15,2,1,-172.0,False
31,1358,1,0,61,108.0,5.519548408508126,12,2,0,1,10,0,1,-108.0,False
31,1359,1,0,62,63.0,6.265811815068462,11,2,0,1,8,0,2,-63.0,False
31,1360,1,0,62,29.0,7.089739769036078,6,2,0,1,4,0,1,-29.0,False
31,1361,1,0,63,16.0,7.8909999523713505,4,2,0,1,2,0,1,-16.0,False
31,1362,1,0,63,15.0,8.62403719160802,2,2,0,1,0,0,1,-15.0,False
31,1363,1,0,63,18.0,9.19547298171071,3,2,0,1,0,0,2,-18.0,False
31,1364,1,0,64,21.0,9.617034034371812,4,2,0,1,0,0,3,-21.0,False
31,1365,1,0,65,24.0,9.744494276116969,4,2,0,1,1,0,2,-24.0,False
31,1366,1,0,65,28.0,9.97036908924952,4,2,0,2,0,0,2,-28.0,False
31,1367,1,0,64,32.0,10.161921890341754,4,2,0,2,0,0,2,-32.0,False
31,1368,1,0,64,38.0,10.497505111120393,6,2,0,3,0,0,3,-38.0,False
31,1369,1,0,69,44.0,9.83556461229073,11,2,0,5,1,2,3,-44.0,False
31,1370,1,0,70,50.0,9.889595353816055,7,2,0,3,0,0,4,-50.0,False
31,1371,1,0,70,56.0,10.141720018698793,6,2,0,3,0,0,3,-56.0,False
31,1372,1,0,70,63.0,10.20795380491292,7,2,0,3,0,0,4,-63.0,False
31,1373,1,0,68,70.0,9.918387896127243,8,2,0,3,1,0,4,-70.0,False
31,1374,1,0,67,77.0,9.947668162617239,7,2,0,3,0,0,4,-77.0,False
31,1375,1,0,67,84.0,9.822019250482777,8,2,0,3,0,0,5,-84.0,False
31,1376,1,0,65,94.0,9.740800266622163,10,2,0,5,0,0,5,-94.0,False
31,1377,1,0,65,104.0,9.617017645352277,11,2,0,5,1,0,5,-104.0,False
31,1378,1,0,65,114.0,9.631778907875496,10,2,0,5,0,0,5,-114.0,False
31,1379,1,0,65,124.0,9.648084156322193,10,2,0,5,0,0,5,-124.0,False
31,1380,1,0,65,134.0,9.454186587292565,11,2,0,5,0,0,6,-134.0,False
31,1381,1,0,67,144.0,8.549251822416846,15,2,0,7,1,2,5,-144.0,False
31,1382,1,0,67,155.0,8.60561312799135,11,2,0,5,0,0,6,-155.0,False
31,1383,1,0,66,166.0,8.557302329095393,11,2,0,5,0,0,6,-166.0,False
31,1384,1,0,66,177.0,8.537704073465399,11,2,0,5,0,0,6,-177.0,False
31,1385,1,0,67,190.0,8.230644904440256,15,2,0,5,1,0,9,-190.0,False
31,1386,1,0,66,204.0,7.980453349646248,14,2,0,5,0,0,9,-204.0,False
31,1387,1,0,65,219.0,7.86990936309619,15,2,0,5,0,0,10,-219.0,False
31,1388,1,0,64,234.0,7.496162109789789,15,2,0,5,0,0,10,-234.0,False
31,1389,1,0,64,253.0,7.0973327411614155,20,2,0,7,1,0,12,-253.0,False
31,1390,1,0,63,274.0,6.6508450581323615,22,2,0,7,0,0,15,-274.0,False
31,1391,1,0,63,296.0,6.555469299279987,22,2,0,7,0,0,15,-296.0,False
31,1392,1,0,62,320.0,6.411341267768968,24,2,0,7,0,0,17,-320.0,False
31,1393,1,0,66,345.0,5.6311668589756625,30,2,0,9,1,2,18,-345.0,False
31,1394,1,0,65,370.0,5.60100972746756,25,2,0,7,0,0,18,-370.0,False
31,1395,1,0,66,396.0,5.414390551748437,27,2,0,7,0,0,20,-396.0,False
31,1396,1,0,65,424.0,5.278961557903073,28,2,0,7,0,0,21,-424.0,False
32,1397,0,1,66,454.0,5.184636840851016,31,3,1,7,1,0,23,0.0,False
32,1398,0,1,64,485.0,4.756581093603604,31,3,1,7,0,0,24,0.0,False
32,1399,0,1,64,516.0,4.537424198907928,31,3,1,7,0,0,24,0.0,False
32,1400,0,1,63,296.0,4.268939395053564,26,0,2,4,0,0,22,-296.0,False
32,1401,0,1,63,179.0,4.547179526440225,22,0,2,1,1,0,20,-179.0,False
32,1402,0,1,62,128.0,4.74306410616383,20,0,2,0,1,2,17,-128.0,False
32,1403,0,1,62,89.0,5.273672626962598,16,0,2,0,1,2,13,-89.0,False
32,1404,0,1,62,70.0,5.883186407974676,12,0,2,0,1,2,9,-70.0,False
32,1405,0,1,67,59.0,6.001709899815426,15,0,2,2,2,4,7,-59.0,False
32,1406,0,1,68,50.0,6.748377048799879,10,0,2,0,2,2,6,-50.0,False
32,1407,0,1,68,43.0,7.510156707611116,9,0,2,0,2,2,5,-43.0,False
32,1408,0,1,68,36.0,8.024077879135934,7,0,2,0,2,2,3,-36.0,False
32,1409,0,1,68,32.0,8.333429237838304,7,0,2,0,4,2,1,-32.0,False
32,1410,0,1,68,34.0,8.822339755596113,5,0,2,0,3,2,0,-34.0,False
32,1411,0,1,69,39.0,9.10310879735915,6,0,2,0,3,2,1,-39.0,False
32,1412,0,1,69,44.0,9.318734702386713,5,0,2,0,3,2,0,-44.0,False
32,1413,0,1,70,50.0,9.439606431609787,7,0,2,0,5,2,0,-50.0,False
32,1414,0,1,70,56.0,9.611444748652682,6,0,2,0,4,2,0,-56.0,False
32,1415,0,1,70,63.0,9.774947748933043,7,0,2,0,4,3,0,-63.0,False
32,1416,0,1,71,71.0,9.749513927926087,9,0,2,0,5,3,1,-71.0,False
32,1417,0,1,76,79.0,9.214374966753402,13,0,2,2,6,5,0,-79.0,False
32,1418,0,1,75,88.0,9.359533180464455,9,0,2,0,5,4,0,-88.0,False
32,1419,0,1,75,97.0,9.581055706939024,9,0,2,0,5,4,0,-97.0,False
32,1420,0,1,73,106.0,9.727028666851973,9,0,2,0,5,4,0,-106.0,False
32,1421,0,1,74,116.0,9.538510569477602,12,0,2,0,7,4,1,-116.0,False
32,1422,0,1,72,126.0,9.635193263896657,10,0,2,0,6,4,0,-126.0,False
32,1423,0,1,70,137.0,9.578257623992203,11,0,2,0,7,4,0,-137.0,False
32,1424,0,1,69,148.0,9.44816475988971,11,0,2,0,7,4,0,-148.0,False
32,1425,0,1,70,160.0,9.366124362115432,13,0,2,0,8,5,0,-160.0,False
32,1426,0,1,68,173.0,8.9975675104814,14,0,2,0,7,6,1,-173.0,False
32,1427,0,1,68,186.0,8.680106487685613,13,0,2,0,7,6,0,-186.0,False
32,1428,0,1,66,200.0,8.309563853968436,14,0,2,0,8,6,0,-200.0,False
32,1429,0,1,71,215.0,7.476729478748855,20,0,2,2,10,8,0,-215.0,False
32,1430,0,1,70,232.0,7.259356476534661,17,0,2,0,11,6,0,-232.0,False
32,1431,0,1,71,250.0,7.009564048288846,19,0,2,0,12,6,1,-250.0,False
32,1432,0,1,70,269.0,6.913918495209559,19,0,2,0,13,6,0,-269.0,False
32,1433,0,1,71,289.0,6.702118156496659,21,0,2,0,15,6,0,-289.0,False
32,1434,0,1,70,310.0,6.601507123624989,21,0,2,0,15,6,0,-310.0,False
32,1435,0,1,70,333.0,6.485957320714648,23,0,2,0,17,6,0,-333.0,False
32,1436,0,1,70,357.0,6.475380440689506,25,0,2,0,18,6,1,-357.0,False
32,1437,0,1,70,383.0,6.257191747931495,27,0,2,0,20,7,0,-383.0,False
32,1438,0,1,69,412.0,6.003140495226404,29,0,2,0,22,7,0,-412.0,False
32,1439,0,1,68,442.0,5.8661767319952585,30,0,2,0,22,8,0,-442.0,False
32,1440,0,1,67,473.0,5.770849137311947,31,0,2,0,23,8,0,-473.0,False
32,1441,0,1,70,504.0,5.168350906172966,36,0,2,2,24,10,0,-504.0,False
33,1442,1,0,70,537.0,5.074940014048548,34,1,3,0,25,8,1,0.0,False
33,1443,1,0,68,570.0,5.0765962005701075,33,1,3,0,25,8,0,0.0,False
33,1444,1,0,67,604.0,5.0353759222908545,34,1,3,0,26,8,0,0.0,False
33,1445,1,0,68,374.0,5.152214914762269,27,2,0,0,23,4,0,-374.0,False
33,1446,1,0,67,235.0,5.449550873924322,19,2,0,0,19,0,0,-235.0,False
33,1447,1,0,67,164.0,5.804150528032091,16,2,0,0,15,0,1,-164.0,False
33,1448,1,0,65,104.0,6.118676054015199,11,2,0,0,11,0,0,-104.0,False
33,1449,1,0,66,62.0,6.781509223797454,10,2,0,2,8,0,0,-62.0,False
33,1450,1,0,63,30.0,7.2961045434668605,8,2,0,2,5,0,1,-30.0,False
33,1451,1,0,62,10.0,7.955349646650321,4,2,0,2,1,0,1,-10.0,False
33,1452,1,0,62,11.0,8.537025380336072,4,2,0,2,0,0,2,-11.0,False
33,1453,1,0,67,14.0,8.566534186050832,8,2,0,4,1,2,1,-14.0,False
33,1454,1,0,66,18.0,9.245617314521207,4,2,0,2,0,0,2,-18.0,False
33,1455,1,0,66,22.0,9.883238583809984,4,2,0,2,0,0,2,-22.0,False
33,1456,1,0,66,26.0,10.279646860194052,4,2,0,2,0,0,2,-26.0,False
33,1457,1,0,68,30.0,10.288208351297907,6,2,0,2,1,0,3,-30.0,False
33,1458,1,0,68,34.0,10.601503997708813,4,2,0,2,0,0,2,-34.0,False
33,1459,1,0,68,38.0,10.886622710418607,4,2,0,2,0,0,2,-38.0,False
33,1460,1,0,68,43.0,10.959773977639285,5,2,0,2,0,0,3,-43.0,False
33,1461,1,0,69,49.0,10.803777810391864,7,2,0,3,1,0,3,-49.0,False
33,1462,1,0,70,55.0,10.613384161020464,7,2,0,3,0,0,4,-55.0,False
33,1463,1,0,70,62.0,10.703687101937708,7,2,0,4,0,0,3,-62.0,False
33,1464,1,0,68,69.0,10.759291244969294,7,2,0,4,0,0,3,-69.0,False
33,1465,1,0,73,76.0,9.998577267946755,12,2,0,6,1,2,3,-76.0,False
33,1466,1,0,71,84.0,10.178320226791325,8,2,0,4,0,0,4,-84.0,False
33,1467,1,0,71,92.0,10.165568512520746,9,2,0,4,0,0,5,-92.0,False
33,1468,1,0,69,100.0,10.287636373061753,8,2,0,4,0,0,4,-100.0,False
33,1469,1,0,69,108.0,9.954080234797166,9,2,0,4,1,0,4,-108.0,False
33,1470,1,0,68,116.0,9.910050686128283,8,2,0,4,0,0,4,-116.0,False
33,1471,1,0,66,124.0,9.554843243155489,8,2,0,4,0,0,4,-124.0,False
33,1472,1,0,66,132.0,9.076962641177438,9,2,0,4,0,0,5,-132.0,False
33,1473,1,0,66,144.0,8.584365371342503,13,2,0,6,1,0,6,-144.0,False
33,1474,1,0,65,158.0,8.42475216243592,14,2,0,6,0,0,8,-158.0,False
33,1475,1,0,63,173.0,8.20533562717653,15,2,0,6,0,0,9,-173.0,False
33,1476,1,0,61,190.0,8.08859965496465,17,2,0,6,0,0,11,-190.0,False
33,1477,1,0,65,209.0,7.227743859329968,24,2,0,8,1,2,13,-209.0,False
33,1478,1,0,65,229.0,6.939746037444512,21,2,0,6,0,0,15,-229.0,False
33,1479,1,0,64,249.0,6.698911442418139,20,2,0,6,0,0,14,-249.0,False
33,1480,1,0,63,270.0,6.414281789449721,21,2,0,6,0,0,15,-270.0,False
33,1481,1,0,64,292.0,6.242923367105759,23,2,0,6,1,0,16,-292.0,False
33,1482,1,0,62,315.0,5.96553935418987,23,2,0,6,0,0,17,-315.0,False
33,1483,1,0,63,339.0,5.886192313146141,25,2,0,6,0,0,19,-339.0,False
33,1484,1,0,62,365.0,5.664376782849045,26,2,0,6,0,0,20,-365.0,False
33,1485,1,0,62,392.0,5.154316005205919,28,2,0,6,1,0,21,-392.0,False
33,1486,1,0,60,423.0,4.849712560736607,31,2,0,8,0,0,23,-423.0,False
34,1487,0,1,59,455.0,4.7528019489077895,32,3,1,8,0,0,24,0.0,False
34,1488,0,1,59,490.0,4.559763604019757,36,3,1,8,0,0,28,0.0,False
34,1489,0,1,63,525.0,4.120985855951597,40,3,1,10,1,2,27,0.0,False
34,1490,0,1,63,306.0,4.508739992378602,27,0,2,4,0,0,23,-306.0,False
34,1491,0,1,63,193.0,5.0010199899795165,20,0,2,0,0,0,20,-193.0,False
34,1492,0,1,63,140.0,5.704986657939943,16,0,2,0,0,0,16,-140.0,False
34,1493,0,1,65,104.0,6.029664449153767,15,0,2,0,2,0,13,-104.0,False
34,1494,0,1,65,82.0,6.636460534642473,10,0,2,0,1,0,9,-82.0,False
34,1495,0,1,65,67.0,7.243728136073061,8,0,2,0,1,0,7,-67.0,False
34,1496,0,1,65,64.0,7.9891435983936585,9,0,2,0,2,0,7,-64.0,False
34,1497,0,1,66,49.0,8.453634081460775,9,0,2,0,3,1,5,-49.0,False
34,1498,0,1,67,34.0,8.844524403143703,8,0,2,0,2,1,5,-34.0,False
34,1499,0,1,66,27.0,9.342223350339143,5,0,2,0,2,1,2,-27.0,False
34,1500,0,1,66,23.0,9.706426117780468,5,0,2,0,2,2,1,-23.0,False
34,1501,0,1,69,22.0,9.213537975361492,9,0,2,2,3,4,0,-22.0,False
34,1502,0,1,69,27.0,9.528942819828533,5,0,2,0,3,2,0,-27.0,False
34,1503,0,1,70,33.0,9.59557624379889,7,0,2,0,4,2,1,-33.0,False
34,1504,0,1,70,39.0,9.95616425582145,6,0,2,0,4,2,0,-39.0,False
34,1505,0,1,71,45.0,10.118720423640474,7,0,2,0,5,2,0,-45.0,False
34,1506,0,1,71,51.0,10.447097805454856,6,0,2,0,4,2,0,-51.0,False
34,1507,0,1,71,58.0,10.570664570551452,7,0,2,0,5,2,0,-58.0,False
34,1508,0,1,69,65.0,10.364630737803216,8,0,2,0,5,2,1,-65.0,False
34,1509,0,1,70,72.0,10.39031925866369,8,0,2,0,6,2,0,-72.0,False
34,1510,0,1,67,81.0,10.303882877550478,9,0,2,0,5,4,0,-81.0,False
34,1511,0,1,66,90.0,10.131161720272825,9,0,2,0,5,4,0,-90.0,False
34,1512,0,1,65,99.0,10.197317240623207,9,0,2,0,5,4,0,-99.0,False
34,1513,0,1,68,109.0,9.318852934370014,15,0,2,2,7,6,0,-109.0,False
34,1514,0,1,69,119.0,9.318194812282636,11,0,2,0,6,4,1,-119.0,False
34,1515,0,1,69,130.0,9.441822404410528,11,0,2,0,7,4,0,-130.0,False
34,1516,0,1,67,141.0,9.380187296430597,11,0,2,0,7,4,0,-141.0,False
34,1517,0,1,68,153.0,9.229227719082013,13,0,2,0,9,4,0,-153.0,False
34,1518,0,1,66,165.0,8.883465176224536,12,0,2,0,8,4,0,-165.0,False
34,1519,0,1,67,177.0,8.670865025479314,13,0,2,0,8,4,1,-177.0,False
34,1520,0,1,65,191.0,8.419105361462016,14,0,2,0,10,4,0,-191.0,False
34,1521,0,1,66,208.0,8.043825519828253,18,0,2,0,12,6,0,-208.0,False
34,1522,0,1,63,225.0,7.739838767796604,17,0,2,0,11,6,0,-225.0,False
34,1523,0,1,63,244.0,7.552272491476963,19,0,2,0,13,6,0,-244.0,False
34,1524,0,1,62,264.0,6.961732734070478,21,0,2,0,14,6,1,-264.0,False
34,1525,0,1,67,285.0,6.28252598337085,26,0,2,2,16,8,0,-285.0,False
34,1526,0,1,67,307.0,6.335342098359084,22,0,2,0,16,6,0,-307.0,False
34,1527,0,1,65,330.0,6.136695818416621,23,0,2,0,17,6,0,-330.0,False
34,1528,0,1,65,354.0,6.197546596949744,24,0,2,0,18,6,0,-354.0,False
34,1529,0,1,65,381.0,5.8273694617948575,29,0,2,0,22,6,1,-381.0,False
34,1530,0,1,65,409.0,5.970911687091663,28,0,2,0,22,6,0,-409.0,False
34,1531,0,1,63,437.0,5.805704045801038,28,0,2,0,22,6,0,-437.0,False
35,1532,1,0,61,467.0,5.415880406420283,30,1,3,0,24,6,0,0.0,False
35,1533,1,0,62,498.0,5.161053929399749,32,1,3,0,25,7,0,0.0,False
35,1534,1,0,60,531.0,4.633383336281997,34,1,3,0,25,8,1,0.0,False
35,1535,1,0,60,320.0,5.158846223930515,26,2,0,0,21,4,1,-320.0,False
35,1536,1,0,58,209.0,5.388295890718733,19,2,0,0,18,0,1,-209.0,False
35,1537,1,0,63,144.0,5.361168108928371,20,2,0,2,15,2,1,-144.0,False
35,1538,1,0,61,91.0,5.906287492301027,11,2,0,0,10,0,1,-91.0,False
35,1539,1,0,62,53.0,6.6515448665917845,9,2,0,0,7,0,2,-53.0,False
35,1540,1,0,61,22.0,7.460936910975729,4,2,0,0,3,0,1,-22.0,False
35,1541,1,0,62,7.0,8.224413440736468,2,2,0,0,1,0,1,-7.0,False
35,1542,1,0,62,8.0,8.973800894296508,1,2,0,0,0,0,1,-8.0,False
35,1543,1,0,62,9.0,9.439490737815786,1,2,0,0,0,0,1,-9.0,False
35,1544,1,0,63,11.0,9.627886842989605,3,2,0,0,0,0,3,-11.0,False
35,1545,1,0,64,14.0,9.881298130561467,4,2,0,1,1,0,2,-14.0,False
35,1546,1,0,63,18.0,10.242232457872054,4,2,0,2,0,0,2,-18.0,False
35,1547,1,0,63,23.0,10.681526177599075,5,2,0,2,0,0,3,-23.0,False
35,1548,1,0,63,28.0,10.95719212494848,5,2,0,2,0,0,3,-28.0,False
35,1549,1,0,68,33.0,10.244797066280436,10,2,0,4,1,2,3,-33.0,False
35,1550,1,0,68,38.0,10.20902486962282,6,2,0,2,0,0,4,-38.0,False
35,1551,1,0,68,44.0,10.317930936360247,6,2,0,2,0,0,4,-44.0,False
35,1552,1,0,68,50.0,10.495139509624417,6,2,0,2,0,0,4,-50.0,False
35,1553,1,0,68,56.0,10.389823036077942,7,2,0,2,1,0,4,-56.0,False
35,1554,1,0,66,62.0,10.264072572818586,6,2,0,2,0,0,4,-62.0,False
35,1555,1,0,66,68.0,10.19980555042609,7,2,0,2,0,0,5,-68.0,False
35,1556,1,0,64,75.0,10.156974800684871,7,2,0,2,0,0,5,-75.0,False
35,1557,1,0,65,84.0,10.048096966783863,10,2,0,4,1,0,5,-84.0,False
35,1558,1,0,63,93.0,9.965599887174937,9,2,0,4,0,0,5,-93.0,False
35,1559,1,0,62,102.0,9.966577021549327,9,2,0,4,0,0,5,-102.0,False
35,1560,1,0,63,111.0,9.734389011074446,10,2,0,4,0,0,6,-111.0,False
35,1561,1,0,67,120.0,8.877370177315735,14,2,0,6,1,2,5,-120.0,False
35,1562,1,0,67,131.0,8.848419633475824,11,2,0,4,0,0,7,-131.0,False
35,1563,1,0,65,142.0,8.64441425301317,11,2,0,4,0,0,7,-142.0,False
35,1564,1,0,65,154.0,8.57249711999705,12,2,0,4,0,0,8,-154.0,False
35,1565,1,0,65,168.0,8.052701965582198,16,2,0,4,1,0,11,-168.0,False
35,1566,1,0,65,183.0,7.9385409591023555,15,2,0,4,0,0,11,-183.0,False
35,1567,1,0,64,199.0,7.677656638105552,16,2,0,4,0,0,12,-199.0,False
35,1568,1,0,64,215.0,7.4039102176753,16,2,0,4,0,0,12,-215.0,False
35,1569,1,0,64,234.0,6.920136913901478,20,2,0,5,1,0,14,-234.0,False
35,1570,1,0,65,253.0,6.770422018148011,20,2,0,5,0,0,15,-253.0,False
35,1571,1,0,62,274.0,6.285648158751472,21,2,0,5,0,0,16,-274.0,False
35,1572,1,0,62,299.0,6.146579409706758,25,2,0,6,0,0,19,-299.0,False
35,1573,1,0,64,324.0,5.338949180647237,30,2,0,8,1,2,19,-324.0,False
35,1574,1,0,63,351.0,5.346215988246525,27,2,0,6,0,0,21,-351.0,False
35,1575,1,0,63,378.0,5.2476713637075525,28,2,0,6,0,0,22,-378.0,False
35,1576,1,0,61,408.0,5.119889084662161,30,2,0,6,0,0,24,-408.0,False
36,1577,0,1,62,439.0,5.192732010874729,32,3,1,6,1,0,25,0.0,False
36,1578,0,1,60,471.0,4.741960108008597,32,3,1,6,0,0,26,0.0,False
36,1579,0,1,60,503.0,4.601541784980899,32,3,1,6,0,0,26,0.0,False
36,1580,0,1,60,299.0,4.4162836166995865,26,0,2,2,0,0,24,-299.0,False
36,1581,0,1,61,205.0,4.6797829181447534,23,0,2,0,2,1,20,-205.0,False
36,1582,0,1,60,148.0,4.950940066514005,18,0,2,0,1,1,16,-148.0,False
36,1583,0,1,60,108.0,5.553327981727577,15,0,2,0,1,2,12,-108.0,False
36,1584,0,1,59,82.0,6.062015760602865,11,0,2,0,1,2,8,-82.0,False
36,1585,0,1,64,68.0,6.36009386298233,15,0,2,2,3,4,6,-68.0,False
36,1586,0,1,65,55.0,7.1583747595998295,10,0,2,0,2,2,6,-55.0,False
36,1587,0,1,65,53.0,7.923045226361606,9,0,2,0,2,2,5,-53.0,False
36,1588,0,1,65,39.0,8.454062723792156,7,0,2,0,2,2,3,-39.0,False
36,1589,0,1,66,34.0,8.729906335192233,6,0,2,0,3,2,1,-34.0,False
36,1590,0,1,66,34.0,9.22590978178704,4,0,2,0,2,2,0,-34.0,False
36,1591,0,1,67,38.0,9.4157906465283,5,0,2,0,2,2,1,-38.0,False
36,1592,0,1,67,44.0,9.85851593472131,6,0,2,0,4,2,0,-44.0,False
36,1593,0,1,68,51.0,9.86157124993737,8,0,2,0,5,3,0,-51.0,False
36,1594,0,1,68,58.0,10.058821548724033,7,0,2,0,4,3,0,-58.0,False
36,1595,0,1,68,65.0,10.355976029889705,7,0,2,0,4,3,0,-65.0,False
36,1596,0,1,69,74.0,10.308921677316357,10,0,2,0,5,4,1,-74.0,False
36,1597,0,1,74,83.0,9.785569537815213,14,0,2,2,6,6,0,-83.0,False
36,1598,0,1,72,92.0,9.930678733082509,9,0,2,0,5,4,0,-92.0,False
36,1599,0,1,71,101.0,10.129264124644473,9,0,2,0,5,4,0,-101.0,False
36,1600,0,1,69,110.0,10.092505950396687,9,0,2,0,5,4,0,-110.0,False
36,1601,0,1,70,119.0,9.763474752624756,11,0,2,0,6,4,1,-119.0,False
36,1602,0,1,69,129.0,9.789047382456946,10,0,2,0,6,4,0,-129.0,False
36,1603,0,1,68,140.0,9.818273711540682,11,0,2,0,7,4,0,-140.0,False
36,1604,0,1,68,152.0,9.751269409905097,12,0,2,0,7,5,0,-152.0,False
36,1605,0,1,69,164.0,9.368576524594665,13,0,2,0,8,5,0,-164.0,False
36,1606,0,1,68,177.0,9.106727992738485,14,0,2,0,7,6,1,-177.0,False
36,1607,0,1,67,191.0,8.911698945500023,14,0,2,0,8,6,0,-191.0,False
36,1608,0,1,65,207.0,8.576066591954168,16,0,2,0,10,6,0,-207.0,False
36,1609,0,1,69,224.0,7.584207813408226,22,0,2,2,12,8,0,-224.0,False
36,1610,0,1,69,242.0,7.483910642578864,18,0,2,0,12,6,0,-242.0,False
36,1611,0,1,68,261.0,7.063090902119261,20,0,2,0,13,6,1,-261.0,False
36,1612,0,1,67,281.0,6.936890510208439,20,0,2,0,14,6,0,-281.0,False
36,1613,0,1,67,301.0,6.735846668121813,21,0,2,0,15,6,0,-301.0,False
36,1614,0,1,66,324.0,6.464991729496116,23,0,2,0,17,6,0,-324.0,False
36,1615,0,1,66,347.0,6.3649631616661635,24,0,2,0,18,6,0,-347.0,False
36,1616,0,1,65,373.0,5.862381035151798,27,0,2,0,19,7,1,-373.0,False
36,1617,0,1,66,401.0,5.848035847957552,29,0,2,0,21,8,0,-401.0,False
36,1618,0,1,64,431.0,5.716595798890553,30,0,2,0,22,8,0,-431.0,False
36,1619,0,1,63,462.0,5.773664102642652,31,0,2,0,23,8,0,-462.0,False
36,1620,0,1,62,494.0,5.6978359640297445,32,0,2,0,24,8,0,-494.0,False
36,1621,0,1,66,526.0,5.164250200341109,37,0,2,2,25,10,0,-526.0,False
37,1622,1,0,66,558.0,5.009404112360496,33,1,3,0,24,8,1,0.0,False
37,1623,1,0,64,590.0,4.864754747648923,32,1,3,0,24,8,0,0.0,False
37,1624,1,0,64,623.0,4.866564070970535,33,1,3,0,25,8,0,0.0,False
37,1625,1,0,63,383.0,4.75082150524657,26,2,0,0,22,4,0,-383.0,False
37,1626,1,0,63,239.0,5.0666354794478705,18,2,0,0,18,0,0,-239.0,False
37,1627,1,0,62,169.0,5.180377372972003,16,2,0,0,15,0,1,-169.0,False
37,1628,1,0,61,108.0,5.737389214086545,12,2,0,0,12,0,0,-108.0,False
37,1629,1,0,62,62.0,6.321604461416628,11,2,0,1,9,0,1,-62.0,False
37,1630,1,0,62,31.0,7.193164328724545,7,2,0,2,4,0,1,-31.0,False
37,1631,1,0,62,12.0,8.084368412102219,4,2,0,2,1,0,1,-12.0,False
37,1632,1,0,62,11.0,8.450804945414431,4,2,0,2,0,0,2,-11.0,False
37,1633,1,0,67,14.0,8.35796446140086,8,2,0,4,1,2,1,-14.0,False
37,1634,1,0,67,17.0,9.200256070704624,3,2,0,2,0,0,1,-17.0,False
37,1635,1,0,66,21.0,9.882221396629657,4,2,0,2,0,0,2,-21.0,False
37,1636,1,0,66,25.0,10.307665715190936,4,2,0,2,0,0,2,-25.0,False
37,1637,1,0,68,29.0,10.336170059841466,6,2,0,2,1,0,3,-29.0,False
37,1638,1,0,68,33.0,10.688407308619608,4,2,0,2,0,0,2,-33.0,False
37,1639,1,0,68,37.0,10.841853709867879,4,2,0,2,0,0,2,-37.0,False
37,1640,1,0,68,42.0,10.85207156903116,5,2,0,2,0,0,3,-42.0,False
37,1641,1,0,69,48.0,10.629020717454644,7,2,0,3,1,0,3,-48.0,False
37,1642,1,0,70,54.0,10.439901400473211,7,2,0,3,0,0,4,-54.0,False
37,1643,1,0,70,62.0,10.485404302206842,8,2,0,4,0,0,4,-62.0,False
37,1644,1,0,68,70.0,10.548797603492545,8,2,0,4,0,0,4,-70.0,False
37,1645,1,0,72,78.0,9.754287997150254,13,2,0,6,1,2,4,-78.0,False
37,1646,1,0,70,86.0,9.871828540292109,8,2,0,4,0,0,4,-86.0,False
37,1647,1,0,68,94.0,9.850104757779683,9,2,0,4,0,0,5,-94.0,False
37,1648,1,0,66,102.0,9.848954595156593,8,2,0,4,0,0,4,-102.0,False
37,1649,1,0,67,111.0,9.630599865442624,10,2,0,4,1,0,5,-111.0,False
37,1650,1,0,67,120.0,9.67183293793123,9,2,0,4,0,0,5,-120.0,False
37,1651,1,0,66,130.0,9.404021061869638,10,2,0,5,0,0,5,-130.0,False
37,1652,1,0,66,141.0,9.296927287376256,12,2,0,6,0,0,6,-141.0,False
37,1653,1,0,66,152.0,9.145663436448718,12,2,0,6,1,0,5,-152.0,False
37,1654,1,0,65,165.0,8.951763055170314,13,2,0,6,0,0,7,-165.0,False
37,1655,1,0,63,178.0,8.550276511375682,13,2,0,6,0,0,7,-178.0,False
37,1656,1,0,62,192.0,8.137444320631753,14,2,0,6,0,0,8,-192.0,False
37,1657,1,0,65,206.0,7.124621165795148,19,2,0,8,1,2,8,-206.0,False
37,1658,1,0,66,223.0,6.919971184133375,18,2,0,6,0,0,12,-223.0,False
37,1659,1,0,64,241.0,6.758890312583199,18,2,0,6,0,0,12,-241.0,False
37,1660,1,0,63,261.0,6.651272353092351,20,2,0,6,0,0,14,-261.0,False
37,1661,1,0,64,282.0,6.660731636005812,22,2,0,6,1,0,15,-282.0,False
37,1662,1,0,63,304.0,6.6893074684649925,22,2,0,6,0,0,16,-304.0,False
37,1663,1,0,63,327.0,6.4255372371142565,24,2,0,6,0,0,18,-327.0,False
37,1664,1,0,62,351.0,6.061804049698002,24,2,0,6,0,0,18,-351.0,False
37,1665,1,0,62,377.0,5.5868677135808005,27,2,0,6,1,0,20,-377.0,False
37,1666,1,0,61,404.0,5.241357514436978,27,2,0,6,0,0,21,-404.0,False
38,1667,0,1,60,434.0,4.909626376975054,30,3,1,8,0,0,22,0.0,False
38,1668,0,1,61,467.0,4.7790803038286445,34,3,1,8,0,0,26,0.0,False
38,1669,0,1,65,501.0,4.34221308384996,39,3,1,10,1,2,26,0.0,False
38,1670,0,1,64,282.0,4.541930910549527,26,0,2,4,0,0,22,-282.0,False
38,1671,0,1,64,167.0,5.061083476323079,19,0,2,0,0,0,19,-167.0,False
38,1672,0,1,63,119.0,5.609677509800387,16,0,2,0,0,0,16,-119.0,False
38,1673,0,1,65,87.0,6.007539982188212,15,0,2,0,2,0,13,-87.0,False
38,1674,0,1,65,68.0,6.69431423356034,10,0,2,0,1,0,9,-68.0,False
38,1675,0,1,65,56.0,7.290285653400698,9,0,2,0,1,0,8,-56.0,False
38,1676,0,1,65,43.0,7.983652194029964,7,0,2,0,1,0,6,-43.0,False
38,1677,0,1,66,32.0,8.366576348362141,8,0,2,0,3,1,4,-32.0,False
38,1678,0,1,65,21.0,8.582213507841686,6,0,2,0,2,1,3,-21.0,False
38,1679,0,1,65,19.0,9.048245426211297,5,0,2,0,2,1,2,-19.0,False
38,1680,0,1,64,19.0,9.410484675143934,5,0,2,0,2,2,1,-19.0,False
38,1681,0,1,69,22.0,9.099328908389062,10,0,2,2,4,4,0,-22.0,False
38,1682,0,1,69,27.0,9.44160404997712,5,0,2,0,3,2,0,-27.0,False
38,1683,0,1,70,32.0,9.649437092537628,6,0,2,0,3,2,1,-32.0,False
38,1684,0,1,70,37.0,10.001944670747573,5,0,2,0,3,2,0,-37.0,False
38,1685,0,1,71,43.0,10.030430712258083,7,0,2,0,5,2,0,-43.0,False
38,1686,0,1,71,49.0,10.226342044504753,6,0,2,0,4,2,0,-49.0,False
38,1687,0,1,71,56.0,10.45719712023698,7,0,2,0,5,2,0,-56.0,False
38,1688,0,1,71,63.0,10.266091277793198,8,0,2,0,5,2,1,-63.0,False
38,1689,0,1,70,71.0,10.104215505884953,9,0,2,0,6,3,0,-71.0,False
38,1690,0,1,68,79.0,9.956074641661852,8,0,2,0,5,3,0,-79.0,False
38,1691,0,1,68,87.0,9.979613409918855,8,0,2,0,5,3,0,-87.0,False
38,1692,0,1,66,97.0,9.935081231583599,10,0,2,0,6,4,0,-97.0,False
38,1693,0,1,70,107.0,9.136388488994456,15,0,2,2,7,6,0,-107.0,False
38,1694,0,1,70,118.0,9.044579290940298,12,0,2,0,7,4,1,-118.0,False
38,1695,0,1,69,129.0,9.059494836975674,11,0,2,0,7,4,0,-129.0,False
38,1696,0,1,67,140.0,8.93404400323994,11,0,2,0,7,4,0,-140.0,False
38,1697,0,1,68,151.0,8.68666655648489,12,0,2,0,8,4,0,-151.0,False
38,1698,0,1,67,162.0,8.472708970458712,11,0,2,0,7,4,0,-162.0,False
38,1699,0,1,68,175.0,8.279275194762368,14,0,2,0,9,4,1,-175.0,False
38,1700,0,1,68,188.0,8.278365160390626,13,0,2,0,9,4,0,-188.0,False
38,1701,0,1,67,205.0,7.905121033008035,18,0,2,0,12,6,0,-205.0,False
38,1702,0,1,67,223.0,7.75224297231616,18,0,2,0,12,6,0,-223.0,False
38,1703,0,1,64,243.0,7.329577509709973,20,0,2,0,14,6,0,-243.0,False
38,1704,0,1,64,263.0,6.890202698879432,21,0,2,0,14,6,1,-263.0,False
38,1705,0,1,68,284.0,6.219891240312448,26,0,2,2,16,8,0,-284.0,False
38,1706,0,1,66,307.0,6.057744306388937,23,0,2,0,17,6,0,-307.0,False
38,1707,0,1,66,331.0,6.000752876574349,24,0,2,0,18,6,0,-331.0,False
38,1708,0,1,65,356.0,5.991466577244063,25,0,2,0,19,6,0,-356.0,False
38,1709,0,1,66,383.0,5.647329171766965,29,0,2,0,22,6,1,-383.0,False
38,1710,0,1,66,413.0,5.7957121723320775,30,0,2,0,24,6,0,-413.0,False
38,1711,0,1,66,443.0,5.87859810113943,30,0,2,0,24,6,0,-443.0,False
39,1712,1,0,66,473.0,5.853732201603003,30,1,3,0,24,6,0,0.0,False
39,1713,1,0,67,504.0,5.584429800985048,32,1,3,0,25,7,0,0.0,False
39,1714,1,0,64,536.0,4.935148085584477,33,1,3,0,24,8,1,0.0,False
39,1715,1,0,64,327.0,5.201532228338974,25,2,0,0,21,4,0,-327.0,False
39,1716,1,0,62,215.0,5.537164620521197,18,2,0,0,18,0,0,-215.0,False
39,1717,1,0,65,151.0,5.4702814083674856,21,2,0,2,16,2,1,-151.0,False
39,1718,1,0,65,100.0,6.416311634951851,12,2,0,0,11,0,1,-100.0,False
39,1719,1,0,64,57.0,6.891190870657628,9,2,0,0,7,0,2,-57.0,False
39,1720,1,0,64,25.0,7.848206509803918,4,2,0,0,3,0,1,-25.0,False
39,1721,1,0,63,6.0,8.220397692209955,3,2,0,0,1,0,2,-6.0,False
39,1722,1,0,63,8.0,8.755640607191047,2,2,0,0,0,0,2,-8.0,False
39,1723,1,0,63,10.0,9.231926934612954,2,2,0,0,0,0,2,-10.0,False
39,1724,1,0,63,12.0,9.466446511809059,3,2,0,0,0,0,3,-12.0,False
39,1725,1,0,64,14.0,9.724401912034423,3,2,0,0,1,0,2,-14.0,False
39,1726,1,0,63,17.0,9.992396019951633,3,2,0,1,0,0,2,-17.0,False
39,1727,1,0,63,22.0,10.35788820551743,5,2,0,2,0,0,3,-22.0,False
39,1728,1,0,63,27.0,10.739006086506757,5,2,0,2,0,0,3,-27.0,False
39,1729,1,0,67,32.0,10.134716814713853,10,2,0,4,1,2,3,-32.0,False
39,1730,1,0,68,37.0,10.196583464162698,6,2,0,2,0,0,4,-37.0,False
39,1731,1,0,68,42.0,10.470671185146294,5,2,0,2,0,0,3,-42.0,False
39,1732,1,0,68,47.0,10.53959318807992,5,2,0,2,0,0,3,-47.0,False
39,1733,1,0,67,53.0,10.384073178018228,7,2,0,2,1,0,4,-53.0,False
39,1734,1,0,67,59.0,10.658474476415657,6,2,0,2,0,0,4,-59.0,False
39,1735,1,0,66,65.0,10.384291141546708,7,2,0,2,0,0,5,-65.0,False
39,1736,1,0,66,71.0,10.425473606110016,6,2,0,2,0,0,4,-71.0,False
39,1737,1,0,64,77.0,10.132836627162302,7,2,0,2,1,0,4,-77.0,False
39,1738,1,0,63,85.0,10.11602307790455,8,2,0,3,0,0,5,-85.0,False
39,1739,1,0,61,94.0,10.157250011993357,9,2,0,4,0,0,5,-94.0,False
39,1740,1,0,62,103.0,9.877700826254351,10,2,0,4,0,0,6,-103.0,False
39,1741,1,0,66,112.0,9.078136013512468,14,2,0,6,1,2,5,-112.0,False
39,1742,1,0,65,121.0,8.949517263915915,9,2,0,4,0,0,5,-121.0,False
39,1743,1,0,64,131.0,8.670269098038842,10,2,0,4,0,0,6,-131.0,False
39,1744,1,0,63,142.0,8.444360029991817,11,2,0,4,0,0,7,-142.0,False
39,1745,1,0,65,154.0,7.909399302301608,14,2,0,4,1,0,9,-154.0,False
39,1746,1,0,65,168.0,7.76810959879587,14,2,0,4,0,0,10,-168.0,False
39,1747,1,0,64,183.0,7.629256528719568,15,2,0,4,0,0,11,-183.0,False
39,1748,1,0,64,201.0,7.705043064315819,18,2,0,5,0,0,13,-201.0,False
39,1749,1,0,64,221.0,7.300155335548021,21,2,0,6,1,0,14,-221.0,False
39,1750,1,0,63,243.0,6.731887799503768,23,2,0,6,0,0,17,-243.0,False
39,1751,1,0,62,265.0,6.4593473450989505,22,2,0,6,0,0,16,-265.0,False
39,1752,1,0,60,289.0,6.091159754547006,24,2,0,6,0,0,18,-289.0,False
39,1753,1,0,64,313.0,5.400624389039054,29,2,0,8,1,2,18,-313.0,False
39,1754,1,0,63,338.0,5.3240016955595575,25,2,0,6,0,0,19,-338.0,False
39,1755,1,0,62,364.0,5.063050645323773,27,2,0,6,0,0,21,-364.0,False
39,1756,1,0,62,392.0,5.16698065692025,28,2,0,6,0,0,22,-392.0,False
40,1757,0,1,61,422.0,4.904209099031653,31,3,1,6,1,0,24,0.0,False
40,1758,0,1,61,453.0,4.900431964661524,31,3,1,6,0,0,25,0.0,False
40,1759,0,1,60,485.0,4.545256570428102,32,3,1,6,0,0,26,0.0,False
40,1760,0,1,61,286.0,4.42297609869364,27,0,2,2,0,0,25,-286.0,False
40,1761,0,1,62,189.0,4.594029082918428,21,0,2,0,1,0,20,-189.0,False
40,1762,0,1,60,139.0,4.936436432906222,17,0,2,0,0,0,17,-139.0,False
40,1763,0,1,60,97.0,5.709666212177653,16,0,2,0,1,2,13,-97.0,False
40,1764,0,1,60,74.0,6.466678188929501,12,0,2,0,1,2,9,-74.0,False
40,1765,0,1,64,64.0,6.689971769360602,16,0,2,2,3,4,7,-64.0,False
40,1766,0,1,65,53.0,7.424324904519441,10,0,2,0,2,2,6,-53.0,False
40,1767,0,1,65,41.0,8.166714261315034,7,0,2,0,2,2,3,-41.0,False
40,1768,0,1,65,29.0,8.695900977934745,5,0,2,0,2,2,1,-29.0,False
40,1769,0,1,66,26.0,8.932395046386471,5,0,2,0,3,2,0,-26.0,False
40,1770,0,1,66,30.0,9.386804535925597,4,0,2,0,2,2,0,-30.0,False
40,1771,0,1,67,35.0,9.562298363558957,6,0,2,0,3,2,1,-35.0,False
40,1772,0,1,67,41.0,9.971407095526637,6,0,2,0,3,3,0,-41.0,False
40,1773,0,1,68,48.0,10.146361628679403,8,0,2,0,4,4,0,-48.0,False
40,1774,0,1,68,55.0,10.261409085659286,7,0,2,0,3,4,0,-55.0,False
40,1775,0,1,68,62.0,10.451215117065914,7,0,2,0,3,4,0,-62.0,False
40,1776,0,1,69,69.0,10.295752931209314,8,0,2,0,3,4,1,-69.0,False
40,1777,0,1,74,77.0,9.77211441502751,13,0,2,2,5,6,0,-77.0,False
40,1778,0,1,72,85.0,9.797216470403077,8,0,2,0,4,4,0,-85.0,False
40,1779,0,1,72,94.0,10.056606030115129,9,0,2,0,5,4,0,-94.0,False
40,1780,0,1,69,104.0,9.966106031317478,10,0,2,0,6,4,0,-104.0,False
40,1781,0,1,70,114.0,9.742563784421773,12,0,2,0,7,4,1,-114.0,False
40,1782,0,1,68,124.0,9.664744773452938,10,0,2,0,6,4,0,-124.0,False
40,1783,0,1,68,135.0,9.758777850615818,11,0,2,0,7,4,0,-135.0,False
40,1784,0,1,68,148.0,9.576746834598877,13,0,2,0,7,6,0,-148.0,False
40,1785,0,1,68,161.0,9.294686105605669,14,0,2,0,8,6,0,-161.0,False
40,1786,0,1,68,174.0,8.953855554031705,14,0,2,0,7,6,1,-174.0,False
40,1787,0,1,68,188.0,8.82153615788436,14,0,2,0,8,6,0,-188.0,False
40,1788,0,1,66,202.0,8.514817148186514,14,0,2,0,8,6,0,-202.0,False
40,1789,0,1,68,218.0,7.542049234069882,21,0,2,2,11,8,0,-218.0,False
40,1790,0,1,67,236.0,7.376402028540798,18,0,2,0,12,6,0,-236.0,False
40,1791,0,1,68,255.0,7.292460809400908,20,0,2,0,13,6,1,-255.0,False
40,1792,0,1,66,275.0,7.069637272392122,20,0,2,0,14,6,0,-275.0,False
40,1793,0,1,67,297.0,6.9589032064130105,23,0,2,0,17,6,0,-297.0,False
40,1794,0,1,67,319.0,6.860892046087495,22,0,2,0,16,6,0,-319.0,False
40,1795,0,1,67,341.0,6.740549386042839,22,0,2,0,16,6,0,-341.0,False
40,1796,0,1,67,365.0,6.50243530429245,25,0,2,0,18,6,1,-365.0,False
40,1797,0,1,67,391.0,6.182164180577184,27,0,2,0,20,7,0,-391.0,False
40,1798,0,1,65,419.0,5.932286659055977,28,0,2,0,20,8,0,-419.0,False
40,1799,0,1,64,447.0,5.903629999782475,28,0,2,0,20,8,0,-447.0,False
40,1800,0,1,63,477.0,5.818944913959663,30,0,2,0,22,8,0,-477.0,False
40,1801,0,1,66,508.0,5.1042048007682155,36,0,2,2,24,10,0,-508.0,False
41,1802,1,0,65,539.0,4.999142171668297,32,1,3,0,23,8,1,0.0,False
41,1803,1,0,64,572.0,4.983471223238339,33,1,3,0,25,8,0,0.0,False
41,1804,1,0,63,606.0,4.937746854851804,34,1,3,0,26,8,0,0.0,False
41,1805,1,0,63,367.0,4.960348136000799,27,2,0,0,23,4,0,-367.0,False
41,1806,1,0,62,229.0,5.194764856522441,19,2,0,0,19,0,0,-229.0,False
41,1807,1,0,62,160.0,5.38673485929296,17,2,0,0,16,0,1,-160.0,False
41,1808,1,0,61,102.0,5.828306211876221,12,2,0,0,12,0,0,-102.0,False
41,1809,1,0,62,60.0,6.4645368412037785,11,2,0,1,9,0,1,-60.0,False
41,1810,1,0,61,31.0,7.186296091563206,7,2,0,2,4,0,1,-31.0,False
41,1811,1,0,60,13.0,8.003276045735479,4,2,0,2,1,0,1,-13.0,False
41,1812,1,0,61,11.0,8.599859398541689,4,2,0,2,0,0,2,-11.0,False
41,1813,1,0,66,14.0,8.554793136256627,8,2,0,4,1,2,1,-14.0,False
41,1814,1,0,66,17.0,9.120730455891914,3,2,0,2,0,0,1,-17.0,False
41,1815,1,0,66,21.0,9.555331637677693,4,2,0,2,0,0,2,-21.0,False
41,1816,1,0,66,25.0,10.092134048641068,4,2,0,2,0,0,2,-25.0,False
41,1817,1,0,68,29.0,10.102182845529848,6,2,0,2,1,0,3,-29.0,False
41,1818,1,0,68,33.0,10.553880401398235,4,2,0,2,0,0,2,-33.0,False
41,1819,1,0,68,37.0,10.685094659498407,4,2,0,2,0,0,2,-37.0,False
41,1820,1,0,68,42.0,10.745862876974979,5,2,0,2,0,0,3,-42.0,False
41,1821,1,0,69,47.0,10.523076748935907,6,2,0,2,1,0,3,-47.0,False
41,1822,1,0,70,53.0,10.358132665937541,7,2,0,2,0,0,5,-53.0,False
41,1823,1,0,69,60.0,10.349046618862962,7,2,0,3,0,0,4,-60.0,False
41,1824,1,0,66,67.0,10.267493386941956,7,2,0,3,0,0,4,-67.0,False
41,1825,1,0,69,74.0,9.547753048591758,12,2,0,5,1,2,4,-74.0,False
41,1826,1,0,68,82.0,9.804418928755783,8,2,0,4,0,0,4,-82.0,False
41,1827,1,0,68,90.0,9.778390434639215,9,2,0,4,0,0,5,-90.0,False
41,1828,1,0,68,98.0,9.806257825342835,8,2,0,4,0,0,4,-98.0,False
41,1829,1,0,69,106.0,9.713668804145668,9,2,0,4,1,0,4,-106.0,False
41,1830,1,0,67,114.0,9.480254049036633,8,2,0,4,0,0,4,-114.0,False
41,1831,1,0,65,122.0,9.326076180650107,8,2,0,4,0,0,4,-122.0,False
41,1832,1,0,66,132.0,9.141451559332232,11,2,0,4,0,0,7,-132.0,False
41,1833,1,0,67,143.0,8.95261506832695,12,2,0,5,1,0,6,-143.0,False
41,1834,1,0,64,155.0,8.588594321154593,12,2,0,5,0,0,7,-155.0,False
41,1835,1,0,64,169.0,8.505660459897586,14,2,0,6,0,0,8,-169.0,False
41,1836,1,0,61,183.0,8.051675007823606,14,2,0,6,0,0,8,-183.0,False
41,1837,1,0,65,199.0,7.266937280443889,21,2,0,8,1,2,10,-199.0,False
41,1838,1,0,66,217.0,7.326770313469141,19,2,0,6,0,0,13,-217.0,False
41,1839,1,0,65,235.0,7.235569509714094,18,2,0,6,0,0,12,-235.0,False
41,1840,1,0,65,253.0,7.044098781950527,18,2,0,6,0,0,12,-253.0,False
41,1841,1,0,65,272.0,6.727265834970009,20,2,0,6,1,0,13,-272.0,False
41,1842,1,0,65,292.0,6.589077147931136,20,2,0,6,0,0,14,-292.0,False
41,1843,1,0,64,313.0,5.956187483191252,22,2,0,6,0,0,16,-313.0,False
41,1844,1,0,64,337.0,5.8661428983128205,24,2,0,6,0,0,18,-337.0,False
41,1845,1,0,63,363.0,5.4620679453252805,27,2,0,7,1,0,19,-363.0,False
41,1846,1,0,61,391.0,5.1395051207095594,28,2,0,8,0,0,20,-391.0,False
42,1847,0,1,60,420.0,4.975487840550817,29,3,1,8,0,0,21,0.0,False
42,1848,0,1,60,452.0,4.74908575869487,33,3,1,8,0,0,25,0.0,False
42,1849,0,1,64,484.0,4.1318320844017835,37,3,1,10,1,2,24,0.0,False
42,1850,0,1,63,271.0,4.2522841505664095,26,0,2,4,0,0,22,-271.0,False
42,1851,0,1,62,154.0,4.631598001460563,18,0,2,0,0,0,18,-154.0,False
42,1852,0,1,62,110.0,5.14935825456219,18,0,2,0,1,0,17,-110.0,False
42,1853,0,1,64,79.0,5.501801443528143,17,0,2,0,3,0,14,-79.0,False
42,1854,0,1,64,62.0,6.115381657262914,11,0,2,0,2,0,9,-62.0,False
42,1855,0,1,64,53.0,6.768083611789408,10,0,2,0,2,0,8,-53.0,False
42,1856,0,1,64,55.0,7.308076046654859,10,0,2,0,3,0,7,-55.0,False
42,1857,0,1,65,46.0,8.005792122393519,9,0,2,0,4,0,5,-46.0,False
42,1858,0,1,65,39.0,8.400103474490276,10,0,2,0,3,2,5,-39.0,False
42,1859,0,1,64,38.0,8.767584528863821,8,0,2,0,3,2,3,-38.0,False
42,1860,0,1,64,31.0,9.190376760566405,6,0,2,0,3,2,1,-31.0,False
42,1861,0,1,69,33.0,8.828672521870581,10,0,2,2,4,4,0,-33.0,False
42,1862,0,1,69,39.0,9.17350316581208,6,0,2,0,4,2,0,-39.0,False
42,1863,0,1,70,45.0,9.456101462204362,7,0,2,0,4,2,1,-45.0,False
42,1864,0,1,70,52.0,9.6292633658315,7,0,2,0,5,2,0,-52.0,False
42,1865,0,1,71,59.0,9.783014142564179,8,0,2,0,6,2,0,-59.0,False
42,1866,0,1,71,66.0,10.005316906599688,7,0,2,0,5,2,0,-66.0,False
42,1867,0,1,71,73.0,10.175679287633626,7,0,2,0,5,2,0,-73.0,False
42,1868,0,1,72,81.0,10.059302927142033,9,0,2,0,6,2,1,-81.0,False
42,1869,0,1,72,89.0,9.939685389546177,9,0,2,0,7,2,0,-89.0,False
42,1870,0,1,71,99.0,10.009603690895425,10,0,2,0,6,4,0,-99.0,False
42,1871,0,1,69,109.0,9.988346691398156,10,0,2,0,6,4,0,-109.0,False
42,1872,0,1,68,120.0,10.013694565535006,11,0,2,0,7,4,0,-120.0,False
42,1873,0,1,72,131.0,9.345150523384449,16,0,2,2,8,6,0,-131.0,False
42,1874,0,1,70,142.0,9.138381743352646,12,0,2,0,7,4,1,-142.0,False
42,1875,0,1,70,153.0,9.21787046593588,11,0,2,0,7,4,0,-153.0,False
42,1876,0,1,68,164.0,8.975148298229842,11,0,2,0,7,4,0,-164.0,False
42,1877,0,1,68,176.0,8.524998508234964,13,0,2,0,9,4,0,-176.0,False
42,1878,0,1,68,188.0,8.346140614050286,12,0,2,0,8,4,0,-188.0,False
42,1879,0,1,68,202.0,8.164759236758158,15,0,2,0,10,4,1,-202.0,False
42,1880,0,1,67,221.0,8.04988357257732,19,0,2,0,13,6,0,-221.0,False
42,1881,0,1,67,240.0,7.64011968065534,20,0,2,0,14,6,0,-240.0,False
42,1882,0,1,66,261.0,7.282645432964607,21,0,2,0,15,6,0,-261.0,False
42,1883,0,1,65,283.0,6.986661281975478,22,0,2,0,16,6,0,-283.0,False
42,1884,0,1,65,306.0,6.645909211431359,24,0,2,0,17,6,1,-306.0,False
42,1885,0,1,70,330.0,6.093797071538735,29,0,2,2,19,8,0,-330.0,False
42,1886,0,1,69,355.0,6.089527285455918,25,0,2,0,19,6,0,-355.0,False
42,1887,0,1,67,382.0,6.045544744852244,27,0,2,0,21,6,0,-382.0,False
42,1888,0,1,67,411.0,6.095964130174984,29,0,2,0,23,6,0,-411.0,False
42,1889,0,1,68,441.0,5.916415411011202,32,0,2,0,25,6,1,-441.0,False
42,1890,0,1,67,471.0,5.930962475892235,30,0,2,0,24,6,0,-471.0,False
42,1891,0,1,65,501.0,5.7143392252345855,30,0,2,0,24,6,0,-501.0,False
43,1892,1,0,64,533.0,5.541104102364357,32,1,3,0,26,6,0,0.0,False
43,1893,1,0,64,566.0,5.215145778526274,34,1,3,0,27,7,0,0.0,False
43,1894,1,0,62,599.0,4.699074615411919,34,1,3,0,26,7,1,0.0,False
43,1895,1,0,61,383.0,4.921183147557655,27,2,0,0,23,3,1,-383.0,False
43,1896,1,0,60,264.0,5.231462598777823,20,2,0,0,19,0,1,-264.0,False
43,1897,1,0,64,188.0,5.288611410428553,22,2,0,2,17,2,1,-188.0,False
43,1898,1,0,62,129.0,5.726008651855598,13,2,0,0,12,0,1,-129.0,False
43,1899,1,0,63,77.0,6.278282815945845,10,2,0,0,8,0,2,-77.0,False
43,1900,1,0,62,35.0,6.995778301515934,6,2,0,0,5,0,1,-35.0,False
43,1901,1,0,63,9.0,7.883871525840708,3,2,0,0,2,0,1,-9.0,False
43,1902,1,0,63,9.0,8.67150822440468,2,2,0,0,0,0,2,-9.0,False
43,1903,1,0,63,11.0,9.129673906744417,2,2,0,0,0,0,2,-11.0,False
43,1904,1,0,64,13.0,9.320256393767696,3,2,0,0,0,0,3,-13.0,False
43,1905,1,0,65,16.0,9.658022321853991,4,2,0,1,1,0,2,-16.0,False
43,1906,1,0,64,21.0,9.915989299315765,5,2,0,2,0,0,3,-21.0,False
43,1907,1,0,63,26.0,10.231504274098,5,2,0,2,0,0,3,-26.0,False
43,1908,1,0,63,31.0,10.60630514975459,5,2,0,2,0,0,3,-31.0,False
43,1909,1,0,68,36.0,9.921488821317807,10,2,0,4,1,2,3,-36.0,False
43,1910,1,0,69,41.0,10.128906386508875,6,2,0,2,0,0,4,-41.0,False
43,1911,1,0,69,46.0,10.306709501225086,5,2,0,2,0,0,3,-46.0,False
43,1912,1,0,69,52.0,10.476711096468094,6,2,0,2,0,0,4,-52.0,False
43,1913,1,0,70,58.0,10.384900314133514,7,2,0,2,1,0,4,-58.0,False
43,1914,1,0,67,64.0,10.367766921424641,6,2,0,2,0,0,4,-64.0,False
43,1915,1,0,66,71.0,10.21161619316494,8,2,0,2,0,0,6,-71.0,False
43,1916,1,0,65,78.0,10.18044714658917,7,2,0,2,0,0,5,-78.0,False
43,1917,1,0,65,86.0,9.878797816830412,9,2,0,3,1,0,5,-86.0,False
43,1918,1,0,64,94.0,9.995572781682917,8,2,0,3,0,0,5,-94.0,False
43,1919,1,0,64,103.0,9.975517066153097,9,2,0,4,0,0,5,-103.0,False
43,1920,1,0,64,112.0,9.710767554189621,10,2,0,4,0,0,6,-112.0,False
43,1921,1,0,67,122.0,8.82380840973036,15,2,0,6,1,2,6,-122.0,False
43,1922,1,0,66,133.0,8.941137696954518,11,2,0,4,0,0,7,-133.0,False
43,1923,1,0,64,144.0,8.817925699700286,11,2,0,4,0,0,7,-144.0,False
43,1924,1,0,64,155.0,8.883434485256602,11,2,0,4,0,0,7,-155.0,False
43,1925,1,0,65,166.0,8.63421026340489,13,2,0,4,1,0,8,-166.0,False
43,1926,1,0,65,179.0,8.709077551461467,13,2,0,4,0,0,9,-179.0,False
43,1927,1,0,65,193.0,8.668819341266769,14,2,0,4,0,0,10,-193.0,False
43,1928,1,0,64,208.0,8.334219648035818,15,2,0,5,0,0,10,-208.0,False
43,1929,1,0,63,223.0,7.836959928841929,16,2,0,5,1,0,10,-223.0,False
43,1930,1,0,63,240.0,7.4134899923877775,18,2,0,6,0,0,12,-240.0,False
43,1931,1,0,61,258.0,7.063826583045403,18,2,0,6,0,0,12,-258.0,False
43,1932,1,0,60,276.0,6.627342257906787,18,2,0,6,0,0,12,-276.0,False
43,1933,1,0,63,296.0,5.630804653621568,25,2,0,8,1,2,14,-296.0,False
43,1934,1,0,62,317.0,5.41975309710358,21,2,0,6,0,0,15,-317.0,False
43,1935,1,0,62,339.0,5.186702928707508,23,2,0,6,0,0,17,-339.0,False
43,1936,1,0,61,366.0,5.092422470447897,27,2,0,6,0,0,21,-366.0,False
44,1937,0,1,60,394.0,4.6642683865788435,29,3,1,6,1,0,22,0.0,False
44,1938,0,1,60,422.0,4.379679939786008,28,3,1,6,0,0,22,0.0,False
44,1939,0,1,60,452.0,4.208205213968026,30,3,1,6,0,0,24,0.0,False
44,1940,0,1,61,248.0,4.2290592805315,25,0,2,2,0,0,23,-248.0,False
44,1941,0,1,62,159.0,4.565288834450094,24,0,2,0,2,2,20,-159.0,False
44,1942,0,1,60,110.0,4.8053772540601845,20,0,2,0,1,2,17,-110.0,False
44,1943,0,1,60,84.0,5.485115658585659,17,0,2,0,1,2,14,-84.0,False
44,1944,0,1,60,69.0,6.315835956171965,13,0,2,0,1,2,10,-69.0,False
44,1945,0,1,65,63.0,6.438349966112692,16,0,2,2,2,4,8,-63.0,False
44,1946,0,1,66,55.0,7.034632378619222,10,0,2,0,1,2,7,-55.0,False
44,1947,0,1,66,47.0,7.747488737436001,7,0,2,0,1,2,4,-47.0,False
44,1948,0,1,66,40.0,8.232621897774276,7,0,2,0,2,2,3,-40.0,False
44,1949,0,1,67,31.0,8.694946630660642,6,0,2,0,3,2,1,-31.0,False
44,1950,0,1,67,34.0,9.091913945837266,5,0,2,0,3,2,0,-34.0,False
44,1951,0,1,68,39.0,9.307931502576652,6,0,2,0,3,2,1,-39.0,False
44,1952,0,1,68,44.0,9.579079203756905,5,0,2,0,3,2,0,-44.0,False
44,1953,0,1,69,50.0,9.625904223547996,7,0,2,0,5,2,0,-50.0,False
44,1954,0,1,69,58.0,9.785173748184366,8,0,2,0,4,4,0,-58.0,False
44,1955,0,1,69,66.0,9.931814044067872,8,0,2,0,4,4,0,-66.0,False
44,1956,0,1,70,74.0,10.067552728410874,9,0,2,0,4,4,1,-74.0,False
44,1957,0,1,75,83.0,9.609028237153552,14,0,2,2,6,6,0,-83.0,False
44,1958,0,1,74,92.0,9.720819410002477,9,0,2,0,5,4,0,-92.0,False
44,1959,0,1,71,101.0,9.757081165348836,9,0,2,0,5,4,0,-101.0,False
44,1960,0,1,69,110.0,9.767010276190748,9,0,2,0,5,4,0,-110.0,False
44,1961,0,1,69,120.0,9.502393945463632,12,0,2,0,7,4,1,-120.0,False
44,1962,0,1,69,130.0,9.498591716156215,10,0,2,0,6,4,0,-130.0,False
44,1963,0,1,69,141.0,9.575420284797774,11,0,2,0,7,4,0,-141.0,False
44,1964,0,1,69,152.0,9.62951081491494,11,0,2,0,7,4,0,-152.0,False
44,1965,0,1,69,164.0,9.384583310883857,13,0,2,0,8,5,0,-164.0,False
44,1966,0,1,67,177.0,8.780802397167735,14,0,2,0,7,6,1,-177.0,False
44,1967,0,1,66,190.0,8.558625307880657,13,0,2,0,7,6,0,-190.0,False
44,1968,0,1,66,204.0,8.325007833514528,14,0,2,0,8,6,0,-204.0,False
44,1969,0,1,71,220.0,7.361883872986299,21,0,2,2,11,8,0,-220.0,False
44,1970,0,1,71,237.0,7.443431941127239,17,0,2,0,11,6,0,-237.0,False
44,1971,0,1,71,257.0,7.331344078155361,21,0,2,0,14,6,1,-257.0,False
44,1972,0,1,70,277.0,7.239683578290075,20,0,2,0,14,6,0,-277.0,False
44,1973,0,1,71,298.0,7.032415381956054,22,0,2,0,16,6,0,-298.0,False
44,1974,0,1,70,321.0,6.8190108395041324,23,0,2,0,17,6,0,-321.0,False
44,1975,0,1,70,345.0,6.702535577900958,24,0,2,0,18,6,0,-345.0,False
44,1976,0,1,70,370.0,6.422718258802637,26,0,2,0,19,6,1,-370.0,False
44,1977,0,1,70,397.0,6.128694599799682,28,0,2,0,21,7,0,-397.0,False
44,1978,0,1,69,426.0,5.98922234778887,29,0,2,0,21,8,0,-426.0,False
44,1979,0,1,66,456.0,5.691709753481073,30,0,2,0,22,8,0,-456.0,False
44,1980,0,1,65,487.0,5.5972041968378985,31,0,2,0,23,8,0,-487.0,False
44,1981,0,1,69,519.0,5.144393001670767,37,0,2,2,25,10,0,-519.0,False
45,1982,1,0,69,553.0,5.163440177053892,35,1,3,0,26,8,1,0.0,False
45,1983,1,0,68,587.0,5.171145868632898,34,1,3,0,26,8,0,0.0,False
45,1984,1,0,67,621.0,5.1672488789957916,34,1,3,0,26,8,0,0.0,False
45,1985,1,0,67,383.0,5.085121510370775,27,2,0,0,23,4,0,-383.0,False
45,1986,1,0,65,244.0,5.310979829127678,19,2,0,0,19,0,0,-244.0,False
45,1987,1,0,66,173.0,5.806839130040598,16,2,0,0,15,0,1,-173.0,False
45,1988,1,0,64,114.0,6.13243425200902,12,2,0,0,12,0,0,-114.0,False
45,1989,1,0,65,66.0,6.824069668164741,11,2,0,1,10,0,0,-66.0,False
45,1990,1,0,62,32.0,7.320285502069513,7,2,0,2,5,0,0,-32.0,False
45,1991,1,0,61,10.0,8.14117946880874,4,2,0,2,1,0,1,-10.0,False
45,1992,1,0,62,14.0,8.635819245721953,5,2,0,2,1,0,2,-14.0,False
45,1993,1,0,66,12.0,8.659929022903693,8,2,0,4,1,2,1,-12.0,False
45,1994,1,0,66,16.0,9.23387080538592,4,2,0,2,0,0,2,-16.0,False
45,1995,1,0,66,20.0,9.741089648457088,4,2,0,2,0,0,2,-20.0,False
45,1996,1,0,66,24.0,10.204184996306818,4,2,0,2,0,0,2,-24.0,False
45,1997,1,0,68,28.0,10.361486487127493,6,2,0,2,1,0,3,-28.0,False
45,1998,1,0,68,33.0,10.600533701395094,5,2,0,2,0,0,3,-33.0,False
45,1999,1,0,68,38.0,10.832378756926504,5,2,0,2,0,0,3,-38.0,False
45,2000,1,0,68,43.0,10.885087502131766,5,2,0,2,0,0,3,-43.0,False
45,2001,1,0,69,50.0,10.939892676316836,8,2,0,4,1,0,3,-50.0,False
45,2002,1,0,70,57.0,10.870157246467135,8,2,0,4,0,0,4,-57.0,False
45,2003,1,0,68,64.0,10.791296178810873,7,2,0,4,0,0,3,-64.0,False
45,2004,1,0,66,71.0,10.811083943440673,7,2,0,4,0,0,3,-71.0,False
45,2005,1,0,69,79.0,9.980519027100579,13,2,0,6,1,2,4,-79.0,False
45,2006,1,0,67,87.0,10.114859772204985,8,2,0,4,0,0,4,-87.0,False
45,2007,1,0,67,95.0,9.971750074682749,9,2,0,4,0,0,5,-95.0,False
45,2008,1,0,66,103.0,10.108450106671281,8,2,0,4,0,0,4,-103.0,False
45,2009,1,0,67,111.0,10.045348796041702,9,2,0,4,1,0,4,-111.0,False
45,2010,1,0,67,120.0,9.937200804131253,9,2,0,4,0,0,5,-120.0,False
45,2011,1,0,65,129.0,9.633670404108708,9,2,0,4,0,0,5,-129.0,False
45,2012,1,0,66,140.0,9.441687810955338,12,2,0,6,0,0,6,-140.0,False
45,2013,1,0,66,152.0,9.03068992048395,13,2,0,6,1,0,6,-152.0,False
45,2014,1,0,63,164.0,8.685813157101018,12,2,0,6,0,0,6,-164.0,False
45,2015,1,0,61,177.0,8.29793945798732,13,2,0,6,0,0,7,-177.0,False
45,2016,1,0,61,192.0,8.13018239534886,15,2,0,6,0,0,9,-192.0,False
45,2017,1,0,64,207.0,7.121076785569008,20,2,0,8,1,2,9,-207.0,False
45,2018,1,0,65,224.0,6.912764382545763,18,2,0,6,0,0,12,-224.0,False
45,2019,1,0,64,242.0,6.7132280320301225,18,2,0,6,0,0,12,-242.0,False
45,2020,1,0,64,262.0,6.624342832044376,20,2,0,6,0,0,14,-262.0,False
45,2021,1,0,65,283.0,6.3219266874979985,22,2,0,6,1,0,15,-283.0,False
45,2022,1,0,64,305.0,6.00774648927202,22,2,0,6,0,0,16,-305.0,False
45,2023,1,0,65,330.0,5.971851628201248,26,2,0,6,0,0,20,-330.0,False
45,2024,1,0,63,355.0,5.693376770893578,25,2,0,6,0,0,19,-355.0,False
45,2025,1,0,64,382.0,5.537785106935459,28,2,0,6,1,0,21,-382.0,False
45,2026,1,0,61,411.0,5.197750243008497,29,2,0,7,0,0,22,-411.0,False
46,2027,0,1,60,442.0,5.024788483761654,31,3,1,8,0,0,23,0.0,False
46,2028,0,1,59,475.0,4.673415683161749,34,3,1,8,0,0,26,0.0,False
46,2029,0,1,64,509.0,4.318489319922972,39,3,1,10,1,2,26,0.0,False
46,2030,0,1,63,291.0,4.499166632180148,27,0,2,4,0,0,23,-291.0,False
46,2031,0,1,62,178.0,4.8873492473982765,20,0,2,0,0,0,20,-178.0,False
46,2032,0,1,62,129.0,5.417244553569883,16,0,2,0,0,0,16,-129.0,False
46,2033,0,1,64,92.0,5.84966033728095,14,0,2,0,1,0,13,-92.0,False
46,2034,0,1,64,72.0,6.488105229277882,10,0,2,0,1,0,9,-72.0,False
46,2035,0,1,64,59.0,7.269668610078465,9,0,2,0,1,0,8,-59.0,False
46,2036,0,1,64,58.0,7.8193633101035305,8,0,2,0,1,0,7,-58.0,False
46,2037,0,1,65,45.0,8.281363082175119,9,0,2,0,3,1,5,-45.0,False
46,2038,0,1,65,32.0,8.647765778000396,9,0,2,0,2,2,5,-32.0,False
46,2039,0,1,65,25.0,9.234711274841858,6,0,2,0,2,2,2,-25.0,False
46,2040,0,1,65,21.0,9.635242789967457,5,0,2,0,2,2,1,-21.0,False
46,2041,0,1,70,23.0,9.205745026604232,10,0,2,2,4,4,0,-23.0,False
46,2042,0,1,69,28.0,9.492883897770058,5,0,2,0,3,2,0,-28.0,False
46,2043,0,1,70,33.0,9.677412651406398,6,0,2,0,3,2,1,-33.0,False
46,2044,0,1,70,39.0,10.052689872515234,6,0,2,0,4,2,0,-39.0,False
46,2045,0,1,71,45.0,10.167270660469516,7,0,2,0,5,2,0,-45.0,False
46,2046,0,1,71,51.0,10.34547773498029,6,0,2,0,4,2,0,-51.0,False
46,2047,0,1,71,57.0,10.506639877629212,6,0,2,0,4,2,0,-57.0,False
46,2048,0,1,71,63.0,10.391665337621175,7,0,2,0,4,2,1,-63.0,False
46,2049,0,1,69,70.0,10.241674292089817,8,0,2,0,6,2,0,-70.0,False
46,2050,0,1,69,78.0,10.278670551699722,8,0,2,0,5,3,0,-78.0,False
46,2051,0,1,65,86.0,10.09331329034316,8,0,2,0,5,3,0,-86.0,False
46,2052,0,1,65,95.0,10.129859410275424,9,0,2,0,5,4,0,-95.0,False
46,2053,0,1,68,105.0,9.299515927027349,15,0,2,2,7,6,0,-105.0,False
46,2054,0,1,69,115.0,9.295586469454372,11,0,2,0,6,4,1,-115.0,False
46,2055,0,1,69,125.0,9.502467059313265,10,0,2,0,6,4,0,-125.0,False
46,2056,0,1,67,136.0,9.53383187067725,11,0,2,0,7,4,0,-136.0,False
46,2057,0,1,68,147.0,9.257356214805053,12,0,2,0,8,4,0,-147.0,False
46,2058,0,1,68,159.0,9.183355648007966,12,0,2,0,8,4,0,-159.0,False
46,2059,0,1,68,171.0,8.675129350740022,13,0,2,0,8,4,1,-171.0,False
46,2060,0,1,66,185.0,8.212776567472243,14,0,2,0,9,5,0,-185.0,False
46,2061,0,1,67,201.0,7.775307955834655,17,0,2,0,12,5,0,-201.0,False
46,2062,0,1,64,218.0,7.4950590203371625,17,0,2,0,12,5,0,-218.0,False
46,2063,0,1,63,237.0,7.172191667675145,19,0,2,0,14,5,0,-237.0,False
46,2064,0,1,64,257.0,6.988230228806271,21,0,2,0,14,6,1,-257.0,False
46,2065,0,1,68,279.0,6.212911268812804,27,0,2,2,17,8,0,-279.0,False
46,2066,0,1,67,301.0,6.312702369788203,22,0,2,0,16,6,0,-301.0,False
46,2067,0,1,65,325.0,6.2824812125998,24,0,2,0,18,6,0,-325.0,False
46,2068,0,1,65,349.0,6.323417790001784,24,0,2,0,18,6,0,-349.0,False
46,2069,0,1,66,376.0,6.106326972308429,29,0,2,0,22,6,1,-376.0,False
46,2070,0,1,65,404.0,6.057712200793854,28,0,2,0,22,6,0,-404.0,False
46,2071,0,1,64,433.0,5.934978357722732,29,0,2,0,23,6,0,-433.0,False
47,2072,1,0,63,462.0,5.955618802057641,29,1,3,0,23,6,0,0.0,False
47,2073,1,0,62,493.0,5.4787154690883115,32,1,3,0,25,7,0,0.0,False
47,2074,1,0,62,524.0,5.144725206512846,32,1,3,0,24,7,1,0.0,False
47,2075,1,0,60,313.0,5.014646448711634,23,2,0,0,20,3,0,-313.0,False
47,2076,1,0,58,204.0,5.1301957866783505,18,2,0,0,18,0,0,-204.0,False
47,2077,1,0,62,140.0,5.140904756499942,19,2,0,2,15,2,0,-140.0,False
47,2078,1,0,61,89.0,5.734155071706201,12,2,0,0,11,0,1,-89.0,False
47,2079,1,0,62,49.0,6.718474195700372,9,2,0,0,7,0,2,-49.0,False
47,2080,1,0,61,20.0,7.447774766809426,5,2,0,0,4,0,1,-20.0,False
47,2081,1,0,62,6.0,8.080864490738787,3,2,0,0,2,0,1,-6.0,False
47,2082,1,0,62,5.0,8.804377305773412,1,2,0,0,0,0,1,-5.0,False
47,2083,1,0,62,6.0,9.44785874617056,1,2,0,0,0,0,1,-6.0,False
47,2084,1,0,63,8.0,9.7692513628236,3,2,0,0,0,0,3,-8.0,False
47,2085,1,0,64,11.0,10.079497560512179,4,2,0,1,1,0,2,-11.0,False
47,2086,1,0,63,15.0,10.340453998986064,4,2,0,2,0,0,2,-15.0,False
47,2087,1,0,63,19.0,10.681920373717626,4,2,0,2,0,0,2,-19.0,False
47,2088,1,0,62,24.0,10.924312151140475,5,2,0,2,0,0,3,-24.0,False
47,2089,1,0,67,29.0,10.218191720529079,10,2,0,4,1,2,3,-29.0,False
47,2090,1,0,68,34.0,10.327135356910766,6,2,0,2,0,0,4,-34.0,False
47,2091,1,0,68,39.0,10.4201368880597,5,2,0,2,0,0,3,-39.0,False
47,2092,1,0,68,44.0,10.686540809055849,5,2,0,2,0,0,3,-44.0,False
47,2093,1,0,66,50.0,10.519344096941946,7,2,0,2,1,0,4,-50.0,False
47,2094,1,0,66,56.0,10.53722430390143,6,2,0,2,0,0,4,-56.0,False
47,2095,1,0,66,62.0,10.273303865349009,7,2,0,2,0,0,5,-62.0,False
47,2096,1,0,64,69.0,10.235305655588906,7,2,0,3,0,0,4,-69.0,False
47,2097,1,0,65,76.0,10.228155313928509,8,2,0,3,1,0,4,-76.0,False
47,2098,1,0,64,84.0,10.206522195496131,8,2,0,4,0,0,4,-84.0,False
47,2099,1,0,63,93.0,10.335393274966842,9,2,0,4,0,0,5,-93.0,False
47,2100,1,0,63,102.0,10.244623071480095,10,2,0,4,0,0,6,-102.0,False
47,2101,1,0,66,111.0,9.395874789794474,14,2,0,6,1,2,5,-111.0,False
47,2102,1,0,65,120.0,9.209689043313094,9,2,0,4,0,0,5,-120.0,False
47,2103,1,0,64,129.0,8.779292884698508,9,2,0,4,0,0,5,-129.0,False
47,2104,1,0,64,139.0,8.608569180932946,10,2,0,4,0,0,6,-139.0,False
47,2105,1,0,65,152.0,8.108833993526607,15,2,0,4,1,0,10,-152.0,False
47,2106,1,0,65,166.0,8.018174703007654,14,2,0,4,0,0,10,-166.0,False
47,2107,1,0,63,181.0,7.819070811337073,15,2,0,4,0,0,11,-181.0,False
47,2108,1,0,62,196.0,7.546246597465115,15,2,0,4,0,0,11,-196.0,False
47,2109,1,0,62,213.0,6.920304049365042,18,2,0,4,1,0,13,-213.0,False
47,2110,1,0,60,233.0,6.3113345956625295,21,2,0,5,0,0,16,-233.0,False
47,2111,1,0,59,254.0,6.28346936373504,21,2,0,5,0,0,16,-254.0,False
47,2112,1,0,57,276.0,5.968329378236592,22,2,0,6,0,0,16,-276.0,False
47,2113,1,0,62,301.0,5.419880113771734,30,2,0,8,1,2,19,-301.0,False
47,2114,1,0,60,327.0,5.307060588525856,26,2,0,6,0,0,20,-327.0,False
47,2115,1,0,61,354.0,5.317593907051233,28,2,0,6,0,0,22,-354.0,False
47,2116,1,0,60,383.0,5.172139543773252,29,2,0,6,0,0,23,-383.0,False
48,2117,0,1,61,413.0,5.1549977079527896,31,3,1,6,1,0,24,0.0,False
48,2118,0,1,60,444.0,4.790633901966345,31,3,1,6,0,0,25,0.0,False
48,2119,0,1,59,475.0,4.393636776443379,31,3,1,6,0,0,25,0.0,False
48,2120,0,1,60,278.0,4.31439755970081,28,0,2,3,0,1,24,-278.0,False
48,2121,0,1,61,189.0,4.678680902602932,23,0,2,0,2,1,20,-189.0,False
48,2122,0,1,61,142.0,5.062756675618025,19,0,2,0,1,2,16,-142.0,False
48,2123,0,1,60,101.0,5.578307923835217,15,0,2,0,1,2,12,-101.0,False
48,2124,0,1,60,79.0,6.2481126645136005,12,0,2,0,1,2,9,-79.0,False
48,2125,0,1,64,67.0,6.256752635851599,15,0,2,2,2,4,7,-67.0,False
48,2126,0,1,65,55.0,7.023944120387862,11,0,2,0,2,2,7,-55.0,False
48,2127,0,1,65,44.0,7.649814989926164,8,0,2,0,2,2,4,-44.0,False
48,2128,0,1,65,36.0,8.327342238663778,7,0,2,0,3,2,2,-36.0,False
48,2129,0,1,66,33.0,8.594593234713964,6,0,2,0,4,2,0,-33.0,False
48,2130,0,1,66,38.0,9.135737532139746,5,0,2,0,3,2,0,-38.0,False
48,2131,0,1,67,43.0,9.313832732884842,6,0,2,0,3,2,1,-43.0,False
48,2132,0,1,67,48.0,9.583046585894685,5,0,2,0,3,2,0,-48.0,False
48,2133,0,1,68,54.0,9.559199528357928,7,0,2,0,4,3,0,-54.0,False
48,2134,0,1,68,61.0,9.904404770410272,7,0,2,0,4,3,0,-61.0,False
48,2135,0,1,68,69.0,10.05376919710572,8,0,2,0,4,4,0,-69.0,False
48,2136,0,1,69,77.0,10.221610478825891,9,0,2,0,4,4,1,-77.0,False
48,2137,0,1,74,86.0,9.588519546244143,14,0,2,2,6,6,0,-86.0,False
48,2138,0,1,72,95.0,9.620587976728018,9,0,2,0,5,4,0,-95.0,False
48,2139,0,1,71,104.0,9.686159521604187,9,0,2,0,5,4,0,-104.0,False
48,2140,0,1,68,114.0,9.715736920052521,10,0,2,0,6,4,0,-114.0,False
48,2141,0,1,69,124.0,9.4491714617354,12,0,2,0,7,4,1,-124.0,False
48,2142,0,1,69,134.0,9.53695061607581,10,0,2,0,6,4,0,-134.0,False
48,2143,0,1,69,144.0,9.40563680539394,10,0,2,0,6,4,0,-144.0,False
48,2144,0,1,68,157.0,9.510029344636536,13,0,2,0,7,6,0,-157.0,False
48,2145,0,1,69,170.0,9.414554657561325,14,0,2,0,8,6,0,-170.0,False
48,2146,0,1,69,183.0,8.919744782039066,14,0,2,0,7,6,1,-183.0,False
48,2147,0,1,68,197.0,8.687027912439552,14,0,2,0,8,6,0,-197.0,False
48,2148,0,1,67,211.0,8.634252170995806,14,0,2,0,8,6,0,-211.0,False
48,2149,0,1,70,227.0,7.746896609230037,21,0,2,2,11,8,0,-227.0,False
48,2150,0,1,70,244.0,7.915666692191993,17,0,2,0,11,6,0,-244.0,False
48,2151,0,1,69,261.0,7.686509468426874,18,0,2,0,11,6,1,-261.0,False
48,2152,0,1,68,279.0,7.49798530674223,18,0,2,0,12,6,0,-279.0,False
48,2153,0,1,68,298.0,7.215934144201949,20,0,2,0,14,6,0,-298.0,False
48,2154,0,1,67,317.0,6.963739679259214,19,0,2,0,13,6,0,-317.0,False
48,2155,0,1,66,339.0,6.7528346824313275,22,0,2,0,16,6,0,-339.0,False
48,2156,0,1,67,362.0,6.523462949394786,24,0,2,0,16,7,1,-362.0,False
48,2157,0,1,66,387.0,6.269798540423467,26,0,2,0,19,7,0,-387.0,False
48,2158,0,1,64,414.0,5.896246277333518,27,0,2,0,19,8,0,-414.0,False
48,2159,0,1,63,442.0,5.683443692686634,28,0,2,0,20,8,0,-442.0,False
48,2160,0,1,61,472.0,5.3315674358399034,30,0,2,0,22,8,0,-472.0,False
48,2161,0,1,65,503.0,4.885625102714538,36,0,2,2,24,10,0,-503.0,False
49,2162,1,0,66,535.0,5.039562190565375,33,1,3,0,24,8,1,0.0,False
49,2163,1,0,65,568.0,5.03122130904721,33,1,3,0,25,8,0,0.0,False
49,2164,1,0,65,601.0,5.0322817858349636,33,1,3,0,25,8,0,0.0,False
49,2165,1,0,65,361.0,4.981593762875285,26,2,0,0,22,4,0,-361.0,False
49,2166,1,0,63,217.0,4.967604497186749,18,2,0,0,18,0,0,-217.0,False
49,2167,1,0,64,152.0,5.381928401719429,17,2,0,0,16,0,1,-152.0,False
49,2168,1,0,62,98.0,5.9004318331734025,13,2,0,0,12,0,1,-98.0,False
49,2169,1,0,62,57.0,6.46860328755791,11,2,0,1,9,0,1,-57.0,False
49,2170,1,0,61,32.0,7.39623226137655,7,2,0,2,4,0,1,-32.0,False
49,2171,1,0,60,15.0,8.233932439430603,4,2,0,2,1,0,1,-15.0,False
49,2172,1,0,61,12.0,8.876434777724436,4,2,0,2,0,0,2,-12.0,False
49,2173,1,0,66,15.0,8.804278871238065,8,2,0,4,1,2,1,-15.0,False
49,2174,1,0,66,18.0,9.32129823798735,3,2,0,2,0,0,1,-18.0,False
49,2175,1,0,66,21.0,9.850765760947782,3,2,0,2,0,0,1,-21.0,False
49,2176,1,0,66,24.0,10.244191674924362,3,2,0,2,0,0,1,-24.0,False
49,2177,1,0,68,27.0,10.358247335223703,5,2,0,2,1,0,2,-27.0,False
49,2178,1,0,68,31.0,10.589798788433741,4,2,0,2,0,0,2,-31.0,False
49,2179,1,0,68,35.0,10.70066131599136,4,2,0,2,0,0,2,-35.0,False
49,2180,1,0,68,40.0,10.756703568236487,5,2,0,3,0,0,2,-40.0,False
49,2181,1,0,69,45.0,10.558341756832965,6,2,0,3,1,0,2,-45.0,False
49,2182,1,0,70,51.0,10.396141975365342,7,2,0,4,0,0,3,-51.0,False
49,2183,1,0,68,58.0,10.429097920524926,7,2,0,4,0,0,3,-58.0,False
49,2184,1,0,66,66.0,10.356850109554856,8,2,0,4,0,0,4,-66.0,False
49,2185,1,0,70,74.0,9.758492550786006,13,2,0,6,1,2,4,-74.0,False
49,2186,1,0,68,82.0,9.784254486398543,8,2,0,4,0,0,4,-82.0,False
49,2187,1,0,67,90.0,9.734979914969644,9,2,0,4,0,0,5,-90.0,False
49,2188,1,0,67,98.0,9.928947668405918,8,2,0,4,0,0,4,-98.0,False
49,2189,1,0,67,107.0,9.790529132641792,10,2,0,4,1,0,5,-107.0,False
49,2190,1,0,67,116.0,9.799745200450147,9,2,0,4,0,0,5,-116.0,False
49,2191,1,0,67,125.0,9.773726034421678,9,2,0,4,0,0,5,-125.0,False
49,2192,1,0,66,134.0,9.226160613762707,10,2,0,4,0,0,6,-134.0,False
49,2193,1,0,66,146.0,8.797574316340757,13,2,0,6,1,0,6,-146.0,False
49,2194,1,0,65,160.0,8.483841200697677,14,2,0,6,0,0,8,-160.0,False
49,2195,1,0,64,174.0,8.241066966704174,14,2,0,6,0,0,8,-174.0,False
49,2196,1,0,63,188.0,8.061774544846495,14,2,0,6,0,0,8,-188.0,False
49,2197,1,0,68,205.0,7.244263614255138,22,2,0,8,1,2,11,-205.0,False
49,2198,1,0,69,223.0,7.08826231600427,19,2,0,6,0,0,13,-223.0,False
49,2199,1,0,67,242.0,7.099946384830715,19,2,0,6,0,0,13,-242.0,False
49,2200,1,0,65,262.0,6.837059949417811,20,2,0,6,0,0,14,-262.0,False
49,2201,1,0,66,284.0,6.789614058532316,23,2,0,6,1,0,16,-284.0,False
49,2202,1,0,64,306.0,6.5489968124675935,22,2,0,6,0,0,16,-306.0,False
49,2203,1,0,65,331.0,6.3177692365717695,26,2,0,6,0,0,20,-331.0,False
49,2204,1,0,63,356.0,6.047951539536374,25,2,0,6,0,0,19,-356.0,False
49,2205,1,0,64,383.0,5.8092800335928745,28,2,0,7,1,0,20,-383.0,False
49,2206,1,0,60,413.0,5.215372458295102,30,2,0,8,0,0,22,-413.0,False
50,2207,0,1,60,444.0,5.156965282846031,31,3,1,8,0,0,23,0.0,False
50,2208,0,1,59,476.0,4.707589451817638,33,3,1,8,0,0,25,0.0,False
50,2209,0,1,63,510.0,4.302996051588161,39,3,1,10,1,2,26,0.0,False
50,2210,0,1,63,290.0,4.506985831249519,26,0,2,4,0,0,22,-290.0,False
50,2211,0,1,62,176.0,4.908534839309981,19,0,2,0,0,0,19,-176.0,False
50,2212,0,1,62,126.0,5.496937027020438,16,0,2,0,0,0,16,-126.0,False
50,2213,0,1,64,93.0,5.7175698039402985,14,0,2,0,1,0,13,-93.0,False
50,2214,0,1,64,73.0,6.362892116105116,11,0,2,0,1,0,10,-73.0,False
50,2215,0,1,64,58.0,7.086876552545533,9,0,2,0,1,0,8,-58.0,False
50,2216,0,1,64,48.0,7.6852041243154,8,0,2,0,1,1,6,-48.0,False
50,2217,0,1,65,40.0,8.127264074993066,10,0,2,0,3,2,5,-40.0,False
50,2218,0,1,65,30.0,8.522352474264308,8,0,2,0,2,2,4,-30.0,False
50,2219,0,1,65,19.0,9.05790113587417,5,0,2,0,2,2,1,-19.0,False
50,2220,0,1,65,20.0,9.494816500944985,4,0,2,0,2,2,0,-20.0,False
50,2221,0,1,70,25.0,9.139615021084973,10,0,2,2,4,4,0,-25.0,False
50,2222,0,1,69,30.0,9.511143307458687,5,0,2,0,3,2,0,-30.0,False
50,2223,0,1,70,35.0,9.608291562359193,6,0,2,0,3,2,1,-35.0,False
50,2224,0,1,70,41.0,9.843194005114915,6,0,2,0,4,2,0,-41.0,False
50,2225,0,1,71,47.0,9.991073568378141,7,0,2,0,5,2,0,-47.0,False
50,2226,0,1,71,53.0,10.22960399420077,6,0,2,0,4,2,0,-53.0,False
50,2227,0,1,71,59.0,10.295710822525745,6,0,2,0,4,2,0,-59.0,False
50,2228,0,1,70,65.0,10.095823395568315,7,0,2,0,4,2,1,-65.0,False
50,2229,0,1,69,74.0,9.883559684529589,10,0,2,0,6,4,0,-74.0,False
50,2230,0,1,69,83.0,9.892776351049143,9,0,2,0,5,4,0,-83.0,False
50,2231,0,1,67,92.0,9.884615286874386,9,0,2,0,5,4,0,-92.0,False
50,2232,0,1,66,101.0,9.817758885963606,9,0,2,0,5,4,0,-101.0,False
50,2233,0,1,69,111.0,9.086983106740968,15,0,2,2,7,6,0,-111.0,False
50,2234,0,1,69,121.0,8.916508866172201,11,0,2,0,6,4,1,-121.0,False
50,2235,0,1,69,131.0,8.991653342422353,10,0,2,0,6,4,0,-131.0,False
50,2236,0,1,68,142.0,8.981678537219976,11,0,2,0,7,4,0,-142.0,False
50,2237,0,1,69,153.0,8.992719510212245,12,0,2,0,8,4,0,-153.0,False
50,2238,0,1,67,164.0,8.849920083738219,11,0,2,0,7,4,0,-164.0,False
50,2239,0,1,68,176.0,8.681819868784213,13,0,2,0,8,4,1,-176.0,False
50,2240,0,1,66,189.0,8.463831203330365,13,0,2,0,9,4,0,-189.0,False
50,2241,0,1,67,203.0,8.277002533354192,15,0,2,0,11,4,0,-203.0,False
50,2242,0,1,65,219.0,7.986270433710173,16,0,2,0,11,5,0,-219.0,False
50,2243,0,1,63,237.0,7.775624386567071,18,0,2,0,12,6,0,-237.0,False
50,2244,0,1,64,257.0,7.179084802397509,21,0,2,0,14,6,1,-257.0,False
50,2245,0,1,68,278.0,6.370203117789987,26,0,2,2,16,8,0,-278.0,False
50,2246,0,1,68,300.0,6.434125967221542,22,0,2,0,16,6,0,-300.0,False
50,2247,0,1,66,323.0,6.327032572632973,23,0,2,0,17,6,0,-323.0,False
50,2248,0,1,65,348.0,6.219159103017542,25,0,2,0,19,6,0,-348.0,False
50,2249,0,1,66,373.0,5.840269358348152,27,0,2,0,20,6,1,-373.0,False
50,2250,0,1,65,400.0,5.852609727250056,27,0,2,0,21,6,0,-400.0,False
50,2251,0,1,64,428.0,5.688757530172325,28,0,2,0,22,6,0,-428.0,False
51,2252,1,0,63,457.0,5.583107300370808,29,1,3,0,23,6,0,0.0,False
51,2253,1,0,64,488.0,5.431122162773842,32,1,3,0,24,8,0,0.0,False
51,2254,1,0,64,521.0,5.170689258000588,34,1,3,0,25,8,1,0.0,False
51,2255,1,0,63,310.0,5.239024870975974,26,2,0,0,22,4,0,-310.0,False
51,2256,1,0,62,201.0,5.539246957434679,18,2,0,0,18,0,0,-201.0,False
51,2257,1,0,65,141.0,5.504655441655975,20,2,0,2,16,2,0,-141.0,False
51,2258,1,0,64,90.0,6.307110741106858,11,2,0,0,11,0,0,-90.0,False
51,2259,1,0,64,48.0,6.932518323957604,9,2,0,0,7,0,2,-48.0,False
51,2260,1,0,63,20.0,7.732326287220382,5,2,0,0,4,0,1,-20.0,False
51,2261,1,0,63,5.0,8.322071209105193,3,2,0,0,2,0,1,-5.0,False
51,2262,1,0,62,4.0,8.877599720328915,1,2,0,0,0,0,1,-4.0,False
51,2263,1,0,62,6.0,9.300024125046624,2,2,0,0,0,0,2,-6.0,False
51,2264,1,0,63,8.0,9.706011118844307,3,2,0,0,0,0,3,-8.0,False
51,2265,1,0,64,11.0,9.932797427984724,4,2,0,1,1,0,2,-11.0,False
51,2266,1,0,63,15.0,10.311568602724787,4,2,0,2,0,0,2,-15.0,False
51,2267,1,0,62,19.0,10.651051570475241,4,2,0,2,0,0,2,-19.0,False
51,2268,1,0,62,24.0,10.884902314394244,5,2,0,2,0,0,3,-24.0,False
51,2269,1,0,67,29.0,10.293733590218176,10,2,0,4,1,2,3,-29.0,False
51,2270,1,0,68,34.0,10.350452233585251,6,2,0,2,0,0,4,-34.0,False
51,2271,1,0,68,39.0,10.511557736506427,5,2,0,2,0,0,3,-39.0,False
51,2272,1,0,68,45.0,10.616283254660205,6,2,0,2,0,0,4,-45.0,False
51,2273,1,0,65,51.0,10.345298767939283,7,2,0,2,1,0,4,-51.0,False
51,2274,1,0,65,57.0,10.36308614547881,6,2,0,2,0,0,4,-57.0,False
51,2275,1,0,64,63.0,10.120308650118417,7,2,0,2,0,0,5,-63.0,False
51,2276,1,0,63,69.0,10.23808562100264,6,2,0,2,0,0,4,-69.0,False
51,2277,1,0,63,78.0,10.007069642943547,10,2,0,4,1,0,5,-78.0,False
51,2278,1,0,62,87.0,9.926913581085644,9,2,0,4,0,0,5,-87.0,False
51,2279,1,0,62,96.0,9.957103639609853,9,2,0,4,0,0,5,-96.0,False
51,2280,1,0,63,105.0,9.787421679102945,10,2,0,4,0,0,6,-105.0,False
51,2281,1,0,66,115.0,8.82630369545015,15,2,0,6,1,2,6,-115.0,False
51,2282,1,0,66,125.0,8.767570887241044,10,2,0,4,0,0,6,-125.0,False
51,2283,1,0,66,135.0,8.778990010261388,10,2,0,4,0,0,6,-135.0,False
51,2284,1,0,65,147.0,8.662366614983226,12,2,0,4,0,0,8,-147.0,False
51,2285,1,0,66,160.0,8.138960546234948,15,2,0,4,1,0,10,-160.0,False
51,2286,1,0,65,174.0,7.844415926137911,14,2,0,4,0,0,10,-174.0,False
51,2287,1,0,65,189.0,7.485977944442567,15,2,0,4,0,0,11,-189.0,False
51,2288,1,0,64,206.0,7.203848318399234,17,2,0,5,0,0,12,-206.0,False
51,2289,1,0,65,226.0,6.878292997903436,21,2,0,6,1,0,14,-226.0,False
51,2290,1,0,63,248.0,6.319377906156481,23,2,0,6,0,0,17,-248.0,False
51,2291,1,0,61,271.0,6.018231253695075,23,2,0,6,0,0,17,-271.0,False
51,2292,1,0,60,296.0,5.856371478543325,25,2,0,6,0,0,19,-296.0,False
51,2293,1,0,64,321.0,5.286483534441123,30,2,0,8,1,2,19,-321.0,False
51,2294,1,0,63,348.0,5.342687231968019,27,2,0,6,0,0,21,-348.0,False
51,2295,1,0,62,376.0,5.281482921887382,29,2,0,6,0,0,23,-376.0,False
51,2296,1,0,62,404.0,5.381073004355966,28,2,0,6,0,0,22,-404.0,False
52,2297,0,1,61,434.0,4.983247478955141,31,3,1,6,1,0,24,0.0,False
52,2298,0,1,60,464.0,4.7626609664381885,30,3,1,6,0,0,24,0.0,False
52,2299,0,1,59,495.0,4.640239619009011,31,3,1,6,0,0,25,0.0,False
52,2300,0,1,60,294.0,4.528141372087011,25,0,2,2,0,0,23,-294.0,False
52,2301,0,1,61,196.0,4.678645134723841,21,0,2,0,2,0,19,-196.0,False
52,2302,0,1,60,138.0,4.947465905098759,17,0,2,0,1,1,15,-138.0,False
52,2303,0,1,60,101.0,5.493384293509859,16,0,2,0,2,2,12,-101.0,False
52,2304,0,1,59,82.0,5.920883408609716,12,0,2,0,2,2,8,-82.0,False
52,2305,0,1,64,69.0,6.084210319318975,16,0,2,2,3,4,7,-69.0,False
52,2306,0,1,65,69.0,6.910547070343581,12,0,2,0,2,2,8,-69.0,False
52,2307,0,1,65,56.0,7.652292595716216,10,0,2,0,3,2,5,-56.0,False
52,2308,0,1,65,46.0,8.446528134153677,8,0,2,0,3,2,3,-46.0,False
52,2309,0,1,66,38.0,8.87554077019677,7,0,2,0,4,2,1,-38.0,False
52,2310,0,1,66,39.0,9.286288265769894,5,0,2,0,3,2,0,-39.0,False
52,2311,0,1,67,44.0,9.536857649342888,6,0,2,0,3,2,1,-44.0,False
52,2312,0,1,67,50.0,9.778469923799793,6,0,2,0,3,3,0,-50.0,False
52,2313,0,1,68,57.0,9.84368322376271,8,0,2,0,5,3,0,-57.0,False
52,2314,0,1,68,64.0,10.097936398963347,7,0,2,0,4,3,0,-64.0,False
52,2315,0,1,68,72.0,10.264921375681292,8,0,2,0,4,4,0,-72.0,False
52,2316,0,1,69,80.0,10.310824704816067,9,0,2,0,4,4,1,-80.0,False
52,2317,0,1,74,89.0,9.91208451658635,14,0,2,2,6,6,0,-89.0,False
52,2318,0,1,74,98.0,9.961558842859246,9,0,2,0,5,4,0,-98.0,False
52,2319,0,1,70,107.0,9.931333917559254,9,0,2,0,5,4,0,-107.0,False
52,2320,0,1,70,116.0,10.072163908343223,9,0,2,0,5,4,0,-116.0,False
52,2321,0,1,70,126.0,9.685827267817592,12,0,2,0,7,4,1,-126.0,False
52,2322,0,1,69,136.0,9.664743276183241,10,0,2,0,6,4,0,-136.0,False
52,2323,0,1,68,147.0,9.639547865486533,11,0,2,0,7,4,0,-147.0,False
52,2324,0,1,68,158.0,9.682653584250454,11,0,2,0,7,4,0,-158.0,False
52,2325,0,1,69,171.0,9.496448736017062,14,0,2,0,8,6,0,-171.0,False
52,2326,0,1,69,184.0,9.167218092103216,14,0,2,0,7,6,1,-184.0,False
52,2327,0,1,67,198.0,9.080853729514283,14,0,2,0,8,6,0,-198.0,False
52,2328,0,1,65,213.0,8.623764005231022,15,0,2,0,9,6,0,-213.0,False
52,2329,0,1,69,228.0,7.674195224544546,20,0,2,2,10,8,0,-228.0,False
52,2330,0,1,69,245.0,7.557345290145842,17,0,2,0,11,6,0,-245.0,False
52,2331,0,1,69,263.0,7.3478371384375105,19,0,2,0,12,6,1,-263.0,False
52,2332,0,1,67,282.0,7.253592613896912,19,0,2,0,13,6,0,-282.0,False
52,2333,0,1,68,302.0,7.197307701839718,21,0,2,0,15,6,0,-302.0,False
52,2334,0,1,66,324.0,6.9902707443241034,22,0,2,0,16,6,0,-324.0,False
52,2335,0,1,65,348.0,6.935370561795862,24,0,2,0,18,6,0,-348.0,False
52,2336,0,1,65,373.0,6.564979851236803,26,0,2,0,19,6,1,-373.0,False
52,2337,0,1,65,398.0,6.300626295674633,26,0,2,0,20,6,0,-398.0,False
52,2338,0,1,64,426.0,6.150524924644182,28,0,2,0,21,7,0,-426.0,False
52,2339,0,1,63,455.0,6.094094184511895,29,0,2,0,21,8,0,-455.0,False
52,2340,0,1,62,485.0,5.999129761917441,30,0,2,0,22,8,0,-485.0,False
52,2341,0,1,65,515.0,5.320078602047112,35,0,2,2,23,10,0,-515.0,False
53,2342,1,0,64,546.0,5.0074388056081816,32,1,3,0,23,8,1,0.0,False
53,2343,1,0,64,577.0,5.081648535632592,31,1,3,0,23,8,0,0.0,False
53,2344,1,0,63,610.0,4.8924267040026965,33,1,3,0,24,8,1,0.0,False
53,2345,1,0,62,371.0,4.640347061633787,27,2,0,0,22,4,1,-371.0,False
53,2346,1,0,62,231.0,4.897900611211855,19,2,0,0,18,0,1,-231.0,False
53,2347,1,0,62,164.0,5.144099990085277,17,2,0,0,15,0,2,-164.0,False
53,2348,1,0,62,104.0,5.726887418685509,12,2,0,0,11,0,1,-104.0,False
53,2349,1,0,63,56.0,6.257758133714427,11,2,0,0,10,0,1,-56.0,False
53,2350,1,0,61,27.0,6.894981670333321,7,2,0,1,5,0,1,-27.0,False
53,2351,1,0,61,15.0,7.672868216452809,5,2,0,2,1,0,2,-15.0,False
53,2352,1,0,61,20.0,8.263212179463453,6,2,0,2,1,0,3,-20.0,False
53,2353,1,0,66,21.0,8.28007831882627,10,2,0,4,1,2,3,-21.0,False
53,2354,1,0,66,26.0,8.79929947029305,5,2,0,2,0,0,3,-26.0,False
53,2355,1,0,66,31.0,9.433171300730093,5,2,0,2,0,0,3,-31.0,False
53,2356,1,0,66,36.0,10.009427729288523,5,2,0,2,0,0,3,-36.0,False
53,2357,1,0,68,41.0,9.961007335772543,7,2,0,2,1,0,4,-41.0,False
53,2358,1,0,68,47.0,10.43783180337059,6,2,0,2,0,0,4,-47.0,False
53,2359,1,0,68,53.0,10.525909172841377,6,2,0,2,0,0,4,-53.0,False
53,2360,1,0,68,59.0,10.655204172373132,6,2,0,2,0,0,4,-59.0,False
53,2361,1,0,69,65.0,10.483966659739176,7,2,0,2,1,0,4,-65.0,False
53,2362,1,0,70,73.0,10.440891366389108,9,2,0,4,0,0,5,-73.0,False
53,2363,1,0,69,81.0,10.484649017769993,8,2,0,4,0,0,4,-81.0,False
53,2364,1,0,66,90.0,10.478183144892665,9,2,0,4,0,0,5,-90.0,False
53,2365,1,0,71,99.0,9.721515668045255,14,2,0,6,1,2,5,-99.0,False
53,2366,1,0,69,108.0,9.797851466905048,9,2,0,4,0,0,5,-108.0,False
53,2367,1,0,68,117.0,9.767008827255097,10,2,0,4,0,0,6,-117.0,False
53,2368,1,0,66,126.0,9.799786747410428,9,2,0,4,0,0,5,-126.0,False
53,2369,1,0,67,135.0,9.75377347664543,10,2,0,4,1,0,5,-135.0,False
53,2370,1,0,67,145.0,9.570952570330155,10,2,0,4,0,0,6,-145.0,False
53,2371,1,0,67,155.0,9.370686953394854,10,2,0,4,0,0,6,-155.0,False
53,2372,1,0,67,165.0,8.96856941072626,11,2,0,4,0,0,7,-165.0,False
53,2373,1,0,67,177.0,8.791993633708998,13,2,0,5,1,0,7,-177.0,False
53,2374,1,0,65,191.0,8.361928134773722,14,2,0,6,0,0,8,-191.0,False
53,2375,1,0,63,206.0,7.961951267096337,15,2,0,6,0,0,9,-206.0,False
53,2376,1,0,62,223.0,7.534600629832351,17,2,0,6,0,0,11,-223.0,False
53,2377,1,0,66,241.0,6.695209517353464,23,2,0,8,1,2,12,-241.0,False
53,2378,1,0,66,261.0,6.573051639375045,21,2,0,6,0,0,15,-261.0,False
53,2379,1,0,66,283.0,6.606947856545857,22,2,0,6,0,0,16,-283.0,False
53,2380,1,0,65,307.0,6.356255067829116,24,2,0,6,0,0,18,-307.0,False
53,2381,1,0,65,331.0,6.176612387272147,25,2,0,6,1,0,18,-331.0,False
53,2382,1,0,65,356.0,6.037384271176124,25,2,0,6,0,0,19,-356.0,False
53,2383,1,0,65,382.0,5.655713391185798,27,2,0,6,0,0,21,-382.0,False
53,2384,1,0,64,411.0,5.459958429136677,29,2,0,6,0,0,23,-411.0,False
53,2385,1,0,63,442.0,5.1424564955288945,32,2,0,8,1,0,23,-442.0,False
53,2386,1,0,63,475.0,5.087756776194643,33,2,0,8,0,0,25,-475.0,False
54,2387,0,1,61,508.0,4.893764578265808,33,3,1,8,0,0,25,0.0,False
54,2388,0,1,61,542.0,4.670317289153814,35,3,1,8,0,0,27,0.0,False
54,2389,0,1,64,577.0,4.022392378477738,40,3,1,10,1,2,27,0.0,False
54,2390,0,1,64,352.0,4.359703916596371,28,0,2,4,0,0,24,-352.0,False
54,2391,0,1,63,223.0,4.631194846607277,20,0,2,0,0,0,20,-223.0,False
54,2392,0,1,63,158.0,5.112056622492611,16,0,2,0,0,0,16,-158.0,False
54,2393,0,1,65,113.0,5.6243883792916165,15,0,2,0,2,0,13,-113.0,False
54,2394,0,1,65,81.0,6.313344265788288,11,0,2,0,1,0,10,-81.0,False
54,2395,0,1,65,64.0,7.148035152931038,8,0,2,0,1,0,7,-64.0,False
54,2396,0,1,65,48.0,7.810791081222197,7,0,2,0,1,0,6,-48.0,False
54,2397,0,1,66,31.0,8.371233673471751,6,0,2,0,2,0,4,-31.0,False
54,2398,0,1,67,17.0,8.912140526120169,7,0,2,0,2,2,3,-17.0,False
54,2399,0,1,66,14.0,9.315862318429465,5,0,2,0,2,2,1,-14.0,False
54,2400,0,1,65,17.0,9.655308014860736,4,0,2,0,2,2,0,-17.0,False
54,2401,0,1,70,21.0,9.278023780533587,9,0,2,2,3,4,0,-21.0,False
54,2402,0,1,70,26.0,9.646660267388496,5,0,2,0,3,2,0,-26.0,False
54,2403,0,1,71,31.0,9.83899177501633,6,0,2,0,3,2,1,-31.0,False
54,2404,0,1,71,36.0,10.318694554342857,5,0,2,0,3,2,0,-36.0,False
54,2405,0,1,72,41.0,10.353668521522005,6,0,2,0,4,2,0,-41.0,False
54,2406,0,1,72,47.0,10.614985022817555,6,0,2,0,4,2,0,-47.0,False
54,2407,0,1,72,53.0,10.72547911219523,6,0,2,0,4,2,0,-53.0,False
54,2408,0,1,73,59.0,10.637404475962459,7,0,2,0,4,2,1,-59.0,False
54,2409,0,1,71,66.0,10.3979239991974,8,0,2,0,5,3,0,-66.0,False
54,2410,0,1,68,74.0,10.329577120224622,8,0,2,0,4,4,0,-74.0,False
54,2411,0,1,67,82.0,10.18511514923485,8,0,2,0,4,4,0,-82.0,False
54,2412,0,1,65,91.0,10.184114382439434,9,0,2,0,5,4,0,-91.0,False
54,2413,0,1,69,101.0,9.476927210135893,15,0,2,2,7,6,0,-101.0,False
54,2414,0,1,70,112.0,9.499611653820487,12,0,2,0,7,4,1,-112.0,False
54,2415,0,1,70,123.0,9.689119012079695,11,0,2,0,7,4,0,-123.0,False
54,2416,0,1,68,134.0,9.652600431550814,11,0,2,0,7,4,0,-134.0,False
54,2417,0,1,69,145.0,9.291011833851298,12,0,2,0,8,4,0,-145.0,False
54,2418,0,1,67,156.0,8.956596008384347,11,0,2,0,7,4,0,-156.0,False
54,2419,0,1,68,167.0,8.62976436027634,12,0,2,0,7,4,1,-167.0,False
54,2420,0,1,66,180.0,8.200509654654988,13,0,2,0,9,4,0,-180.0,False
54,2421,0,1,67,195.0,7.9171877875490315,16,0,2,0,12,4,0,-195.0,False
54,2422,0,1,64,212.0,7.64672525994425,17,0,2,0,12,5,0,-212.0,False
54,2423,0,1,63,233.0,7.414173131694865,21,0,2,0,15,6,0,-233.0,False
54,2424,0,1,63,255.0,7.261058731350423,23,0,2,0,16,6,1,-255.0,False
54,2425,0,1,66,277.0,6.30826605424124,27,0,2,2,17,8,0,-277.0,False
54,2426,0,1,66,301.0,6.280413167297162,24,0,2,0,18,6,0,-301.0,False
54,2427,0,1,65,326.0,6.111185910891567,25,0,2,0,19,6,0,-326.0,False
54,2428,0,1,65,352.0,6.1511532942403635,26,0,2,0,20,6,0,-352.0,False
54,2429,0,1,66,380.0,5.848805404989033,30,0,2,0,23,6,1,-380.0,False
54,2430,0,1,66,408.0,5.821227823455615,28,0,2,0,22,6,0,-408.0,False
54,2431,0,1,65,438.0,5.779780346837933,30,0,2,0,24,6,0,-438.0,False
55,2432,1,0,64,469.0,5.7291800125021,31,1,3,0,24,7,0,0.0,False
55,2433,1,0,63,501.0,5.316824394177844,33,1,3,0,26,7,0,0.0,False
55,2434,1,0,62,534.0,4.995194738207506,34,1,3,0,25,8,1,0.0,False
55,2435,1,0,60,327.0,4.956537960981602,26,2,0,0,22,4,0,-327.0,False
55,2436,1,0,60,221.0,5.300673158021252,20,2,0,0,19,0,1,-221.0,False
55,2437,1,0,63,160.0,5.089585468918508,21,2,0,2,16,2,1,-160.0,False
55,2438,1,0,62,104.0,5.808752848248441,12,2,0,0,11,0,1,-104.0,False
55,2439,1,0,62,62.0,6.425116121836977,11,2,0,0,9,0,2,-62.0,False
55,2440,1,0,62,32.0,7.391420179918772,6,2,0,0,5,0,1,-32.0,False
55,2441,1,0,63,15.0,7.944840111615708,4,2,0,0,3,0,1,-15.0,False
55,2442,1,0,63,7.0,8.604336754046319,1,2,0,0,0,0,1,-7.0,False
55,2443,1,0,63,9.0,9.119913557410447,2,2,0,0,0,0,2,-9.0,False
55,2444,1,0,64,11.0,9.409803769417508,3,2,0,0,0,0,3,-11.0,False
55,2445,1,0,65,14.0,9.662614646938284,4,2,0,1,1,0,2,-14.0,False
55,2446,1,0,64,18.0,9.950227973641324,4,2,0,2,0,0,2,-18.0,False
55,2447,1,0,63,22.0,10.316627261811643,4,2,0,2,0,0,2,-22.0,False
55,2448,1,0,63,27.0,10.618216600803168,5,2,0,2,0,0,3,-27.0,False
55,2449,1,0,68,32.0,10.019105504146248,10,2,0,4,1,2,3,-32.0,False
55,2450,1,0,69,37.0,10.04318808124889,6,2,0,2,0,0,4,-37.0,False
55,2451,1,0,69,42.0,10.35194358726243,5,2,0,2,0,0,3,-42.0,False
55,2452,1,0,69,47.0,10.37460704806036,5,2,0,2,0,0,3,-47.0,False
55,2453,1,0,68,53.0,10.281875232033787,7,2,0,2,1,0,4,-53.0,False
55,2454,1,0,67,59.0,10.277363963411577,6,2,0,2,0,0,4,-59.0,False
55,2455,1,0,67,65.0,9.92152936933242,7,2,0,2,0,0,5,-65.0,False
55,2456,1,0,66,72.0,10.028039334301472,7,2,0,2,0,0,5,-72.0,False
55,2457,1,0,66,80.0,9.862081025697648,9,2,0,3,1,0,5,-80.0,False
55,2458,1,0,64,89.0,9.851694252517488,9,2,0,4,0,0,5,-89.0,False
55,2459,1,0,63,98.0,9.74945943593574,9,2,0,4,0,0,5,-98.0,False
55,2460,1,0,63,107.0,9.525788321062562,10,2,0,4,0,0,6,-107.0,False
55,2461,1,0,68,117.0,8.786325224683653,15,2,0,6,1,2,6,-117.0,False
55,2462,1,0,68,127.0,8.840171374872455,10,2,0,4,0,0,6,-127.0,False
55,2463,1,0,66,139.0,8.742656726519737,12,2,0,4,0,0,8,-139.0,False
55,2464,1,0,65,151.0,8.78361559590281,12,2,0,4,0,0,8,-151.0,False
55,2465,1,0,66,164.0,8.295421963991286,15,2,0,4,1,0,10,-164.0,False
55,2466,1,0,64,177.0,8.004167498644371,13,2,0,4,0,0,9,-177.0,False
55,2467,1,0,64,191.0,7.903556522526034,14,2,0,4,0,0,10,-191.0,False
55,2468,1,0,63,205.0,7.720560314995847,14,2,0,4,0,0,10,-205.0,False
55,2469,1,0,64,221.0,7.335880758867847,17,2,0,6,1,0,10,-221.0,False
55,2470,1,0,63,240.0,6.732476458538685,20,2,0,6,0,0,14,-240.0,False
55,2471,1,0,63,259.0,6.534007071707016,19,2,0,6,0,0,13,-259.0,False
55,2472,1,0,63,280.0,6.397944894091437,21,2,0,6,0,0,15,-280.0,False
55,2473,1,0,67,302.0,5.718719028420446,27,2,0,8,1,2,16,-302.0,False
55,2474,1,0,66,326.0,5.619136559648529,24,2,0,6,0,0,18,-326.0,False
55,2475,1,0,66,351.0,5.556848667508208,26,2,0,6,0,0,20,-351.0,False
55,2476,1,0,64,377.0,5.360282627606726,26,2,0,6,0,0,20,-377.0,False
56,2477,0,1,65,406.0,5.171127766657212,30,3,1,6,1,0,23,0.0,False
56,2478,0,1,62,436.0,4.764566618063926,30,3,1,6,0,0,24,0.0,False
56,2479,0,1,62,469.0,4.624532035375894,33,3,1,6,1,0,26,0.0,False
56,2480,0,1,61,267.0,4.374282203570329,28,0,2,3,2,0,23,-267.0,False
56,2481,0,1,62,178.0,4.5468706168377215,23,0,2,0,3,1,19,-178.0,False
56,2482,0,1,61,128.0,4.918417723768241,19,0,2,0,2,1,16,-128.0,False
56,2483,0,1,60,93.0,5.334037040376267,15,0,2,0,2,1,12,-93.0,False
56,2484,0,1,59,77.0,5.983826827663654,14,0,2,0,3,2,9,-77.0,False
56,2485,0,1,64,70.0,6.304076812053853,17,0,2,2,4,4,7,-70.0,False
56,2486,0,1,65,63.0,6.998178497557151,11,0,2,0,3,2,6,-63.0,False
56,2487,0,1,65,64.0,7.658091984179481,9,0,2,0,3,2,4,-64.0,False
56,2488,0,1,65,55.0,8.180013155568984,9,0,2,0,4,2,3,-55.0,False
56,2489,0,1,66,52.0,8.5996544820289,9,0,2,0,5,2,2,-52.0,False
56,2490,0,1,66,50.0,9.017195089135535,6,0,2,0,4,2,0,-50.0,False
56,2491,0,1,67,56.0,9.321377707305142,7,0,2,0,4,2,1,-56.0,False
56,2492,0,1,67,62.0,9.533512415968923,6,0,2,0,4,2,0,-62.0,False
56,2493,0,1,68,69.0,9.610276732327447,8,0,2,0,5,3,0,-69.0,False
56,2494,0,1,68,77.0,9.81326357342597,8,0,2,0,5,3,0,-77.0,False
56,2495,0,1,68,86.0,9.932342067720048,9,0,2,0,5,4,0,-86.0,False
56,2496,0,1,69,95.0,9.9940121709704,10,0,2,0,5,4,1,-95.0,False
56,2497,0,1,74,105.0,9.341569650829644,15,0,2,2,7,6,0,-105.0,False
56,2498,0,1,73,115.0,9.636206754380863,10,0,2,0,6,4,0,-115.0,False
56,2499,0,1,70,126.0,9.566417304553106,11,0,2,0,7,4,0,-126.0,False
56,2500,0,1,69,137.0,9.642581155633984,11,0,2,0,7,4,0,-137.0,False
56,2501,0,1,69,148.0,9.36397967781043,13,0,2,0,8,4,1,-148.0,False
56,2502,0,1,68,159.0,9.36994988468798,11,0,2,0,7,4,0,-159.0,False
56,2503,0,1,68,170.0,9.46311294193201,11,0,2,0,7,4,0,-170.0,False
56,2504,0,1,68,182.0,9.361527157238882,12,0,2,0,8,4,0,-182.0,False
56,2505,0,1,69,195.0,9.053114637499236,14,0,2,0,9,5,0,-195.0,False
56,2506,0,1,67,208.0,8.539635266204007,14,0,2,0,8,5,1,-208.0,False
56,2507,0,1,66,222.0,8.277500655509078,14,0,2,0,9,5,0,-222.0,False
56,2508,0,1,66,237.0,8.047229596070403,15,0,2,0,9,6,0,-237.0,False
56,2509,0,1,71,253.0,7.265905426826028,21,0,2,2,11,8,0,-253.0,False
56,2510,0,1,71,271.0,7.191171430532521,18,0,2,0,12,6,0,-271.0,False
56,2511,0,1,71,291.0,6.957730439519345,21,0,2,0,14,6,1,-291.0,False
56,2512,0,1,70,311.0,6.868279221830265,20,0,2,0,14,6,0,-311.0,False
56,2513,0,1,70,332.0,6.670551603029274,22,0,2,0,16,6,0,-332.0,False
56,2514,0,1,69,355.0,6.655065819114056,23,0,2,0,17,6,0,-355.0,False
56,2515,0,1,68,380.0,6.803587514630164,25,0,2,0,19,6,0,-380.0,False
56,2516,0,1,67,406.0,6.569651160441012,27,0,2,0,20,6,1,-406.0,False
56,2517,0,1,68,433.0,6.388726105760821,28,0,2,0,22,6,0,-433.0,False
56,2518,0,1,65,462.0,5.9308974919329875,29,0,2,0,22,7,0,-462.0,False
56,2519,0,1,65,492.0,5.823764071966992,30,0,2,0,23,7,0,-492.0,False
56,2520,0,1,62,522.0,5.650419705587221,30,0,2,0,23,7,0,-522.0,False
56,2521,0,1,67,552.0,5.150354682996117,35,0,2,2,24,9,0,-552.0,False
57,2522,1,0,66,584.0,4.861804503087543,33,1,3,0,25,7,1,0.0,False
57,2523,1,0,64,617.0,4.653264702225081,33,1,3,0,25,8,0,0.0,False
57,2524,1,0,64,650.0,4.865159539196325,33,1,3,0,25,8,0,0.0,False
57,2525,1,0,63,409.0,4.756931403802784,29,2,0,0,25,4,0,-409.0,False
57,2526,1,0,63,269.0,4.942418941077574,20,2,0,0,20,0,0,-269.0,False
57,2527,1,0,62,195.0,5.016405942121403,17,2,0,0,16,0,1,-195.0,False
57,2528,1,0,62,128.0,5.589191131688362,12,2,0,0,12,0,0,-128.0,False
57,2529,1,0,63,71.0,6.314160836401658,10,2,0,0,9,0,1,-71.0,False
57,2530,1,0,63,32.0,7.1140064307221085,8,2,0,1,6,0,1,-32.0,False
57,2531,1,0,61,17.0,7.657146567249845,6,2,0,2,3,0,1,-17.0,False
57,2532,1,0,62,12.0,8.124180300457901,5,2,0,2,1,0,2,-12.0,False
57,2533,1,0,67,12.0,8.062055146721121,8,2,0,4,1,2,1,-12.0,False
57,2534,1,0,67,16.0,8.612992445384922,4,2,0,2,0,0,2,-16.0,False
57,2535,1,0,67,20.0,9.24823152843085,4,2,0,2,0,0,2,-20.0,False
57,2536,1,0,67,24.0,9.827802420290817,4,2,0,2,0,0,2,-24.0,False
57,2537,1,0,69,28.0,10.137823257440239,6,2,0,2,1,0,3,-28.0,False
57,2538,1,0,69,32.0,10.637690721482178,4,2,0,2,0,0,2,-32.0,False
57,2539,1,0,69,36.0,10.937132135592675,4,2,0,2,0,0,2,-36.0,False
57,2540,1,0,69,40.0,10.990009121701766,4,2,0,2,0,0,2,-40.0,False
57,2541,1,0,70,44.0,10.82628417146332,5,2,0,2,1,0,2,-44.0,False
57,2542,1,0,71,48.0,10.733088793600748,5,2,0,2,0,0,3,-48.0,False
57,2543,1,0,70,54.0,10.675070885237982,6,2,0,4,0,0,2,-54.0,False
57,2544,1,0,68,60.0,10.57890289588865,6,2,0,4,0,0,2,-60.0,False
57,2545,1,0,73,67.0,9.815335771103168,12,2,0,6,1,2,3,-67.0,False
57,2546,1,0,70,74.0,9.756692349245334,7,2,0,4,0,0,3,-74.0,False
57,2547,1,0,70,81.0,9.76682536205646,8,2,0,4,0,0,4,-81.0,False
57,2548,1,0,70,89.0,9.864694901701888,8,2,0,4,0,0,4,-89.0,False
57,2549,1,0,69,97.0,9.65316711170525,9,2,0,4,1,0,4,-97.0,False
57,2550,1,0,68,105.0,9.673911562916354,8,2,0,4,0,0,4,-105.0,False
57,2551,1,0,68,114.0,9.598198102068569,9,2,0,4,0,0,5,-114.0,False
57,2552,1,0,67,124.0,9.250299592694123,11,2,0,5,0,0,6,-124.0,False
57,2553,1,0,68,135.0,9.033532070573234,12,2,0,5,1,0,6,-135.0,False
57,2554,1,0,66,148.0,8.758222534621504,13,2,0,6,0,0,7,-148.0,False
57,2555,1,0,66,161.0,8.661975511176339,13,2,0,6,0,0,7,-161.0,False
57,2556,1,0,63,176.0,8.224072804982963,15,2,0,6,0,0,9,-176.0,False
57,2557,1,0,68,191.0,7.310296197686491,20,2,0,8,1,2,9,-191.0,False
57,2558,1,0,67,208.0,6.822138715361828,18,2,0,6,0,0,12,-208.0,False
57,2559,1,0,67,226.0,6.785110570289249,18,2,0,6,0,0,12,-226.0,False
57,2560,1,0,64,246.0,6.490549408597529,20,2,0,6,0,0,14,-246.0,False
57,2561,1,0,64,267.0,6.054193892188655,22,2,0,6,1,0,15,-267.0,False
57,2562,1,0,63,289.0,5.847952896093147,22,2,0,6,0,0,16,-289.0,False
57,2563,1,0,64,313.0,5.682479849418772,25,2,0,6,0,0,19,-313.0,False
57,2564,1,0,63,339.0,5.4074354882787965,26,2,0,7,0,0,19,-339.0,False
57,2565,1,0,64,367.0,5.265560430329937,29,2,0,8,1,0,20,-367.0,False
57,2566,1,0,63,397.0,5.111950553691505,30,2,0,8,0,0,22,-397.0,False
58,2567,0,1,62,428.0,4.890816934733286,31,3,1,8,0,0,23,0.0,False
58,2568,0,1,61,460.0,4.5880677381298645,33,3,1,8,0,0,25,0.0,False
58,2569,0,1,65,493.0,4.015979201344454,38,3,1,10,1,2,25,0.0,False
58,2570,0,1,64,278.0,4.161031395841222,26,0,2,4,0,0,22,-278.0,False
58,2571,0,1,64,172.0,4.6308482254140095,20,0,2,0,0,0,20,-172.0,False
58,2572,0,1,64,123.0,5.222515182831292,16,0,2,0,0,0,16,-123.0,False
58,2573,0,1,65,91.0,5.836417399629191,17,0,2,0,2,0,15,-91.0,False
58,2574,0,1,65,76.0,6.694015087861748,11,0,2,0,1,0,10,-76.0,False
58,2575,0,1,65,63.0,7.536353082743805,9,0,2,0,1,0,8,-63.0,False
58,2576,0,1,65,49.0,8.031883801404334,7,0,2,0,1,0,6,-49.0,False
58,2577,0,1,66,35.0,8.210619096421134,6,0,2,0,2,0,4,-35.0,False
58,2578,0,1,67,32.0,8.434724834314105,5,0,2,0,1,0,4,-32.0,False
58,2579,0,1,66,27.0,8.795834937907374,6,0,2,0,2,2,2,-27.0,False
58,2580,0,1,66,15.0,9.148246849344927,5,0,2,0,2,2,1,-15.0,False
58,2581,0,1,71,19.0,8.864052734609968,10,0,2,2,4,4,0,-19.0,False
58,2582,0,1,71,24.0,9.368250309218451,5,0,2,0,3,2,0,-24.0,False
58,2583,0,1,72,29.0,9.574117064229693,6,0,2,0,3,2,1,-29.0,False
58,2584,0,1,72,34.0,9.878358174874375,5,0,2,0,3,2,0,-34.0,False
58,2585,0,1,73,39.0,9.986941309602509,6,0,2,0,4,2,0,-39.0,False
58,2586,0,1,73,45.0,10.14577284822687,6,0,2,0,4,2,0,-45.0,False
58,2587,0,1,73,52.0,10.290038626091576,7,0,2,0,5,2,0,-52.0,False
58,2588,0,1,72,60.0,10.200156074217912,9,0,2,0,5,3,1,-60.0,False
58,2589,0,1,72,68.0,10.137555790002214,9,0,2,0,6,3,0,-68.0,False
58,2590,0,1,69,76.0,10.108272194621748,8,0,2,0,5,3,0,-76.0,False
58,2591,0,1,68,84.0,10.184867702088269,8,0,2,0,5,3,0,-84.0,False
58,2592,0,1,66,93.0,10.03283093979169,9,0,2,0,5,4,0,-93.0,False
58,2593,0,1,70,102.0,9.253714473404141,14,0,2,2,6,6,0,-102.0,False
58,2594,0,1,71,111.0,9.130548441363276,10,0,2,0,5,4,1,-111.0,False
58,2595,0,1,69,121.0,8.985301942977895,10,0,2,0,6,4,0,-121.0,False
58,2596,0,1,68,132.0,9.015765776790941,11,0,2,0,7,4,0,-132.0,False
58,2597,0,1,69,144.0,8.966255989684885,13,0,2,0,9,4,0,-144.0,False
58,2598,0,1,69,157.0,9.093203161396474,13,0,2,0,9,4,0,-157.0,False
58,2599,0,1,70,170.0,8.810488794303897,14,0,2,0,9,4,1,-170.0,False
58,2600,0,1,69,183.0,8.610302131288986,13,0,2,0,9,4,0,-183.0,False
58,2601,0,1,69,197.0,8.164154755499204,15,0,2,0,11,4,0,-197.0,False
58,2602,0,1,67,214.0,8.058024149594978,17,0,2,0,11,6,0,-214.0,False
58,2603,0,1,65,231.0,7.873259792039915,17,0,2,0,11,6,0,-231.0,False
58,2604,0,1,66,250.0,7.708937539887614,20,0,2,0,13,6,1,-250.0,False
58,2605,0,1,69,270.0,6.874542179741013,25,0,2,2,15,8,0,-270.0,False
58,2606,0,1,68,291.0,6.694720094922225,21,0,2,0,15,6,0,-291.0,False
58,2607,0,1,66,313.0,6.535740686244961,22,0,2,0,16,6,0,-313.0,False
58,2608,0,1,65,336.0,6.27747421491559,23,0,2,0,17,6,0,-336.0,False
58,2609,0,1,66,360.0,6.1093655548122685,26,0,2,0,19,6,1,-360.0,False
58,2610,0,1,65,386.0,6.076509917237119,26,0,2,0,20,6,0,-386.0,False
58,2611,0,1,64,412.0,5.910667548367468,26,0,2,0,20,6,0,-412.0,False
59,2612,1,0,64,439.0,5.92933596175656,27,1,3,0,21,6,0,0.0,False
59,2613,1,0,63,469.0,5.409692202368363,31,1,3,0,24,7,0,0.0,False
59,2614,1,0,64,500.0,5.2660216723014805,32,1,3,0,24,7,1,0.0,False
59,2615,1,0,62,289.0,5.159525699596158,24,2,0,0,20,4,0,-289.0,False
59,2616,1,0,62,184.0,5.637327392574792,17,2,0,0,16,0,1,-184.0,False
59,2617,1,0,65,125.0,5.479728525589629,20,2,0,2,15,2,1,-125.0,False
59,2618,1,0,64,78.0,6.218098612529905,12,2,0,0,11,0,1,-78.0,False
59,2619,1,0,63,43.0,6.856590430506061,9,2,0,0,7,0,2,-43.0,False
59,2620,1,0,62,21.0,7.707191661213653,5,2,0,0,4,0,1,-21.0,False
59,2621,1,0,62,13.0,8.361256551122189,4,2,0,0,3,0,1,-13.0,False
59,2622,1,0,62,10.0,8.87967923302876,2,2,0,0,1,0,1,-10.0,False
59,2623,1,0,62,9.0,9.387094102670341,2,2,0,0,0,0,2,-9.0,False
59,2624,1,0,63,12.0,9.560218604441415,4,2,0,1,0,0,3,-12.0,False
59,2625,1,0,64,16.0,9.797321319437112,5,2,0,2,1,0,2,-16.0,False
59,2626,1,0,63,21.0,10.169225102409818,5,2,0,2,0,0,3,-21.0,False
59,2627,1,0,63,26.0,10.541032979090657,5,2,0,2,0,0,3,-26.0,False
59,2628,1,0,62,31.0,10.696513801327308,5,2,0,2,0,0,3,-31.0,False
59,2629,1,0,67,36.0,9.999930612846951,10,2,0,4,1,2,3,-36.0,False
59,2630,1,0,68,41.0,9.946014590357429,6,2,0,2,0,0,4,-41.0,False
59,2631,1,0,68,46.0,10.124081025607863,5,2,0,2,0,0,3,-46.0,False
59,2632,1,0,68,52.0,10.156283749229276,6,2,0,2,0,0,4,-52.0,False
59,2633,1,0,68,58.0,10.179394624474059,7,2,0,2,1,0,4,-58.0,False
59,2634,1,0,68,64.0,10.198838260504884,6,2,0,2,0,0,4,-64.0,False
59,2635,1,0,68,71.0,10.044042581999294,8,2,0,2,0,0,6,-71.0,False
59,2636,1,0,65,78.0,9.922175755498623,7,2,0,2,0,0,5,-78.0,False
59,2637,1,0,65,87.0,9.896938892316669,10,2,0,4,1,0,5,-87.0,False
59,2638,1,0,63,96.0,9.952137774055693,9,2,0,4,0,0,5,-96.0,False
59,2639,1,0,61,105.0,9.915628959658711,9,2,0,4,0,0,5,-105.0,False
59,2640,1,0,62,114.0,9.738535455606547,10,2,0,4,0,0,6,-114.0,False
59,2641,1,0,65,123.0,8.634734797447157,14,2,0,6,1,2,5,-123.0,False
59,2642,1,0,65,133.0,8.590456420997612,10,2,0,4,0,0,6,-133.0,False
59,2643,1,0,64,144.0,8.529263281723138,11,2,0,4,0,0,7,-144.0,False
59,2644,1,0,64,156.0,8.601800586748533,12,2,0,4,0,0,8,-156.0,False
59,2645,1,0,65,169.0,8.210009755390802,15,2,0,4,1,0,10,-169.0,False
59,2646,1,0,64,183.0,8.099815047114735,14,2,0,4,0,0,10,-183.0,False
59,2647,1,0,63,199.0,7.824852975187423,16,2,0,5,0,0,11,-199.0,False
59,2648,1,0,62,215.0,7.470530558641641,16,2,0,5,0,0,11,-215.0,False
59,2649,1,0,63,232.0,7.1017961087472035,18,2,0,6,1,0,11,-232.0,False
59,2650,1,0,62,252.0,6.683510492528577,21,2,0,6,0,0,15,-252.0,False
59,2651,1,0,61,272.0,6.489049236512519,20,2,0,6,0,0,14,-272.0,False
59,2652,1,0,60,293.0,6.400583203616434,21,2,0,6,0,0,15,-293.0,False
59,2653,1,0,65,315.0,5.708529842710192,27,2,0,8,1,2,16,-315.0,False
59,2654,1,0,64,338.0,5.595299987590089,23,2,0,6,0,0,17,-338.0,False
59,2655,1,0,65,363.0,5.392767811795772,26,2,0,6,0,0,20,-363.0,False
59,2656,1,0,63,389.0,5.225850463942969,26,2,0,6,0,0,20,-389.0,False
60,2657,0,1,63,418.0,4.98340383744602,30,3,1,6,1,0,23,0.0,False
60,2658,0,1,62,448.0,4.875246149662296,30,3,1,6,0,0,24,0.0,False
60,2659,0,1,61,479.0,4.708343803978218,31,3,1,6,0,0,25,0.0,False
60,2660,0,1,61,275.0,4.669861711837944,26,0,2,2,0,0,24,-275.0,False
60,2661,0,1,61,174.0,4.892644172786995,20,0,2,0,1,0,19,-174.0,False
60,2662,0,1,60,121.0,5.260225833029911,18,0,2,0,0,2,16,-121.0,False
60,2663,0,1,60,83.0,5.688529948059952,15,0,2,0,1,2,12,-83.0,False
60,2664,0,1,60,66.0,6.247908998805675,11,0,2,0,1,2,8,-66.0,False
60,2665,0,1,65,59.0,6.409002647152588,16,0,2,2,3,4,7,-59.0,False
60,2666,0,1,65,50.0,7.0330649367595965,10,0,2,0,2,2,6,-50.0,False
60,2667,0,1,65,40.0,7.8560902820535965,8,0,2,0,2,2,4,-40.0,False
60,2668,0,1,65,30.0,8.51258190031023,6,0,2,0,2,2,2,-30.0,False
60,2669,0,1,66,37.0,8.892893687942099,8,0,2,0,4,2,2,-37.0,False
60,2670,0,1,66,34.0,9.347034416496173,5,0,2,0,3,2,0,-34.0,False
60,2671,0,1,67,39.0,9.676567839284273,6,0,2,0,3,2,1,-39.0,False
60,2672,0,1,67,44.0,9.910278071358048,5,0,2,0,3,2,0,-44.0,False
60,2673,0,1,68,50.0,9.989872759689918,7,0,2,0,5,2,0,-50.0,False
60,2674,0,1,68,58.0,10.034686064186937,8,0,2,0,4,4,0,-58.0,False
60,2675,0,1,68,66.0,10.148652853369788,8,0,2,0,4,4,0,-66.0,False
60,2676,0,1,69,74.0,10.204774950757152,9,0,2,0,4,4,1,-74.0,False
60,2677,0,1,74,82.0,9.757962358543601,13,0,2,2,5,6,0,-82.0,False
60,2678,0,1,73,91.0,9.743689143682213,9,0,2,0,5,4,0,-91.0,False
60,2679,0,1,70,101.0,9.754908993447705,10,0,2,0,6,4,0,-101.0,False
60,2680,0,1,69,111.0,9.866976349916804,10,0,2,0,6,4,0,-111.0,False
60,2681,0,1,68,121.0,9.463426052850437,12,0,2,0,7,4,1,-121.0,False
60,2682,0,1,68,131.0,9.493542589443493,10,0,2,0,6,4,0,-131.0,False
60,2683,0,1,68,141.0,9.529189703696336,10,0,2,0,6,4,0,-141.0,False
60,2684,0,1,68,151.0,9.561418227828614,10,0,2,0,6,4,0,-151.0,False
60,2685,0,1,69,163.0,9.180295395862288,13,0,2,0,8,5,0,-163.0,False
60,2686,0,1,69,176.0,8.835492570926101,14,0,2,0,7,6,1,-176.0,False
60,2687,0,1,67,190.0,8.606646103586078,14,0,2,0,8,6,0,-190.0,False
60,2688,0,1,67,204.0,8.242515881350963,14,0,2,0,8,6,0,-204.0,False
60,2689,0,1,69,221.0,7.254881812596149,22,0,2,2,12,8,0,-221.0,False
60,2690,0,1,69,240.0,7.127028957195941,19,0,2,0,13,6,0,-240.0,False
60,2691,0,1,70,259.0,6.959478933192244,20,0,2,0,13,6,1,-259.0,False
60,2692,0,1,70,280.0,6.862714352890702,21,0,2,0,15,6,0,-280.0,False
60,2693,0,1,69,301.0,6.644480145648535,22,0,2,0,16,6,0,-301.0,False
60,2694,0,1,69,324.0,6.6088851440766305,23,0,2,0,17,6,0,-324.0,False
60,2695,0,1,67,349.0,6.427686411818864,25,0,2,0,19,6,0,-349.0,False
60,2696,0,1,67,375.0,6.2824141247870156,27,0,2,0,19,7,1,-375.0,False
60,2697,0,1,67,404.0,6.112903817063371,30,0,2,0,23,7,0,-404.0,False
60,2698,0,1,66,433.0,6.119977587277738,29,0,2,0,22,7,0,-433.0,False
60,2699,0,1,64,464.0,5.915174946952787,31,0,2,0,23,8,0,-464.0,False
60,2700,0,1,63,495.0,5.72233206303868,31,0,2,0,23,8,0,-495.0,False
60,2701,0,1,66,526.0,5.1312581412167475,36,0,2,2,24,10,0,-526.0,False
61,2702,1,0,66,558.0,5.119267808616289,33,1,3,0,24,8,1,0.0,False
61,2703,1,0,65,590.0,5.11902411903019,32,1,3,0,24,8,0,0.0,False
61,2704,1,0,65,622.0,5.074794899919159,32,1,3,0,24,8,0,0.0,False
61,2705,1,0,66,385.0,5.117751278067974,26,2,0,0,22,4,0,-385.0,False
61,2706,1,0,65,241.0,5.332576054811242,17,2,0,0,17,0,0,-241.0,False
61,2707,1,0,65,167.0,5.618779234899263,14,2,0,0,13,0,1,-167.0,False
61,2708,1,0,63,105.0,6.0581666629083095,10,2,0,0,10,0,0,-105.0,False
61,2709,1,0,64,56.0,6.699513106952127,11,2,0,1,9,0,1,-56.0,False
61,2710,1,0,63,17.0,7.368126680897551,6,2,0,1,4,0,1,-17.0,False
61,2711,1,0,61,8.0,7.933780626351592,4,2,0,2,1,0,1,-8.0,False
61,2712,1,0,61,10.0,8.489714913404086,4,2,0,2,0,0,2,-10.0,False
61,2713,1,0,66,13.0,8.509385328215364,8,2,0,4,1,2,1,-13.0,False
61,2714,1,0,66,16.0,9.075320405222225,3,2,0,2,0,0,1,-16.0,False
61,2715,1,0,66,19.0,9.628227152805637,3,2,0,2,0,0,1,-19.0,False
61,2716,1,0,66,23.0,10.214063518706746,4,2,0,2,0,0,2,-23.0,False
61,2717,1,0,68,28.0,10.371119979665897,7,2,0,2,1,0,4,-28.0,False
61,2718,1,0,68,33.0,10.796281876411516,5,2,0,2,0,0,3,-33.0,False
61,2719,1,0,68,38.0,11.130923700107294,5,2,0,2,0,0,3,-38.0,False
61,2720,1,0,68,43.0,11.208614071592278,5,2,0,2,0,0,3,-43.0,False
61,2721,1,0,69,48.0,10.948347386008486,6,2,0,2,1,0,3,-48.0,False
61,2722,1,0,70,55.0,10.894525095261372,8,2,0,4,0,0,4,-55.0,False
61,2723,1,0,68,62.0,10.868355916325754,7,2,0,4,0,0,3,-62.0,False
61,2724,1,0,66,69.0,10.871654928401787,7,2,0,4,0,0,3,-69.0,False
61,2725,1,0,70,76.0,10.014203116601742,12,2,0,6,1,2,3,-76.0,False
61,2726,1,0,68,83.0,10.002837655167276,7,2,0,4,0,0,3,-83.0,False
61,2727,1,0,67,91.0,9.924056781697907,9,2,0,4,0,0,5,-91.0,False
61,2728,1,0,67,99.0,10.160672710517009,8,2,0,4,0,0,4,-99.0,False
61,2729,1,0,67,108.0,10.101538367008105,10,2,0,4,1,0,5,-108.0,False
61,2730,1,0,67,117.0,10.113519628047182,9,2,0,4,0,0,5,-117.0,False
61,2731,1,0,65,126.0,10.008708914361483,9,2,0,4,0,0,5,-126.0,False
61,2732,1,0,66,136.0,9.71895785791622,11,2,0,5,0,0,6,-136.0,False
61,2733,1,0,65,147.0,9.210657140330882,12,2,0,6,1,0,5,-147.0,False
61,2734,1,0,65,158.0,8.922735333214481,11,2,0,6,0,0,5,-158.0,False
61,2735,1,0,64,172.0,8.49686604866162,14,2,0,6,0,0,8,-172.0,False
61,2736,1,0,62,187.0,8.064707066182235,15,2,0,6,0,0,9,-187.0,False
61,2737,1,0,65,204.0,7.028056562814503,22,2,0,8,1,2,11,-204.0,False
61,2738,1,0,66,222.0,6.8835038012599865,19,2,0,6,0,0,13,-222.0,False
61,2739,1,0,65,240.0,6.824078653768086,18,2,0,6,0,0,12,-240.0,False
61,2740,1,0,64,259.0,6.678890778461845,19,2,0,6,0,0,13,-259.0,False
61,2741,1,0,63,279.0,6.1648270378945185,21,2,0,6,1,0,14,-279.0,False
61,2742,1,0,62,301.0,5.990344861077891,22,2,0,6,0,0,16,-301.0,False
61,2743,1,0,63,325.0,5.743085905782706,25,2,0,6,0,0,19,-325.0,False
61,2744,1,0,63,349.0,5.6530109702132245,24,2,0,6,0,0,18,-349.0,False
61,2745,1,0,63,375.0,5.376717299983022,27,2,0,8,1,0,18,-375.0,False
61,2746,1,0,61,404.0,4.99879711742664,29,2,0,8,0,0,21,-404.0,False
62,2747,0,1,60,436.0,4.846119403906786,32,3,1,8,0,0,24,0.0,False
62,2748,0,1,59,467.0,4.645204403143491,33,3,1,8,0,0,25,0.0,False
62,2749,0,1,63,501.0,4.0999179017767275,39,3,1,10,1,2,26,0.0,False
62,2750,0,1,62,288.0,4.294650977512966,28,0,2,4,0,0,24,-288.0,False
62,2751,0,1,62,173.0,4.7978640934380286,20,0,2,0,0,0,20,-173.0,False
62,2752,0,1,62,122.0,5.327329288255533,16,0,2,0,0,0,16,-122.0,False
62,2753,0,1,64,88.0,5.774697602296211,14,0,2,0,1,0,13,-88.0,False
62,2754,0,1,64,69.0,6.54336533018124,10,0,2,0,1,0,9,-69.0,False
62,2755,0,1,64,57.0,7.338714156680305,9,0,2,0,1,0,8,-57.0,False
62,2756,0,1,64,45.0,8.086954888389512,7,0,2,0,1,0,6,-45.0,False
62,2757,0,1,65,32.0,8.43182813407057,6,0,2,0,2,0,4,-32.0,False
62,2758,0,1,65,19.0,8.542469165052472,5,0,2,0,1,1,3,-19.0,False
62,2759,0,1,65,10.0,9.004973268084079,4,0,2,0,2,1,1,-10.0,False
62,2760,0,1,65,15.0,9.37895086657632,5,0,2,0,2,2,1,-15.0,False
62,2761,0,1,70,17.0,8.9537059256755,9,0,2,2,3,4,0,-17.0,False
62,2762,0,1,70,22.0,9.37157180910425,5,0,2,0,3,2,0,-22.0,False
62,2763,0,1,71,27.0,9.524984325646548,6,0,2,0,3,2,1,-27.0,False
62,2764,0,1,70,33.0,9.939271224308532,6,0,2,0,4,2,0,-33.0,False
62,2765,0,1,71,39.0,9.994807721715413,7,0,2,0,5,2,0,-39.0,False
62,2766,0,1,71,45.0,10.28743402180162,6,0,2,0,4,2,0,-45.0,False
62,2767,0,1,71,52.0,10.473126665264168,7,0,2,0,5,2,0,-52.0,False
62,2768,0,1,72,59.0,10.464926714229426,8,0,2,0,5,2,1,-59.0,False
62,2769,0,1,71,66.0,10.299406728395844,8,0,2,0,6,2,0,-66.0,False
62,2770,0,1,69,75.0,10.39109130356611,9,0,2,0,5,4,0,-75.0,False
62,2771,0,1,66,84.0,10.436557344054092,9,0,2,0,5,4,0,-84.0,False
62,2772,0,1,66,93.0,10.431339608557092,9,0,2,0,5,4,0,-93.0,False
62,2773,0,1,69,102.0,9.593747300441315,14,0,2,2,6,6,0,-102.0,False
62,2774,0,1,70,112.0,9.528373817800873,11,0,2,0,6,4,1,-112.0,False
62,2775,0,1,69,122.0,9.468582621176171,10,0,2,0,6,4,0,-122.0,False
62,2776,0,1,68,133.0,9.418364010027107,11,0,2,0,7,4,0,-133.0,False
62,2777,0,1,68,144.0,9.152881473230773,12,0,2,0,8,4,0,-144.0,False
62,2778,0,1,67,155.0,8.778944268909417,11,0,2,0,7,4,0,-155.0,False
62,2779,0,1,68,167.0,8.476046076992896,13,0,2,0,8,4,1,-167.0,False
62,2780,0,1,67,181.0,8.207047311475748,14,0,2,0,10,4,0,-181.0,False
62,2781,0,1,67,197.0,7.8302718492555945,17,0,2,0,12,5,0,-197.0,False
62,2782,0,1,66,215.0,7.541420254952786,18,0,2,0,13,5,0,-215.0,False
62,2783,0,1,65,236.0,7.2330756268267,21,0,2,0,15,6,0,-236.0,False
62,2784,0,1,64,257.0,6.910367540868559,22,0,2,0,15,6,1,-257.0,False
62,2785,0,1,68,280.0,6.253752629031521,28,0,2,2,18,8,0,-280.0,False
62,2786,0,1,66,305.0,6.225903053217106,25,0,2,0,19,6,0,-305.0,False
62,2787,0,1,66,331.0,6.335742537848847,26,0,2,0,20,6,0,-331.0,False
62,2788,0,1,64,359.0,6.108903643478161,28,0,2,0,22,6,0,-359.0,False
62,2789,0,1,66,388.0,5.969913262626348,31,0,2,0,24,6,1,-388.0,False
62,2790,0,1,63,417.0,5.936019039520548,29,0,2,0,23,6,0,-417.0,False
62,2791,0,1,63,446.0,6.063591401375333,29,0,2,0,23,6,0,-446.0,False
63,2792,1,0,62,475.0,5.854425479865897,29,1,3,0,23,6,0,0.0,False
63,2793,1,0,62,505.0,5.6101488072440535,31,1,3,0,24,7,0,0.0,False
63,2794,1,0,61,536.0,5.179240912160546,32,1,3,0,23,8,1,0.0,False
63,2795,1,0,59,330.0,5.097155769630525,24,2,0,0,20,4,0,-330.0,False
63,2796,1,0,58,218.0,5.295599872385107,17,2,0,0,16,0,1,-218.0,False
63,2797,1,0,61,151.0,5.067691731284356,20,2,0,2,15,2,1,-151.0,False
63,2798,1,0,60,95.0,5.722564259558933,11,2,0,0,10,0,1,-95.0,False
63,2799,1,0,61,52.0,6.343481697013987,9,2,0,0,7,0,2,-52.0,False
63,2800,1,0,61,17.0,7.317714097211396,4,2,0,0,3,0,1,-17.0,False
63,2801,1,0,62,7.0,8.057046187755459,3,2,0,0,2,0,1,-7.0,False
63,2802,1,0,62,8.0,8.669182254774611,2,2,0,0,0,0,2,-8.0,False
63,2803,1,0,62,10.0,9.187280392437193,2,2,0,0,0,0,2,-10.0,False
63,2804,1,0,63,12.0,9.538023861236109,3,2,0,0,0,0,3,-12.0,False
63,2805,1,0,64,15.0,9.868407447870089,4,2,0,1,1,0,2,-15.0,False
63,2806,1,0,63,18.0,10.288159617305444,3,2,0,1,0,0,2,-18.0,False
63,2807,1,0,63,22.0,10.667796687929112,4,2,0,2,0,0,2,-22.0,False
63,2808,1,0,62,26.0,10.828584633228925,4,2,0,2,0,0,2,-26.0,False
63,2809,1,0,67,31.0,10.300901011012328,10,2,0,4,1,2,3,-31.0,False
63,2810,1,0,68,36.0,10.357813002055615,6,2,0,2,0,0,4,-36.0,False
63,2811,1,0,68,42.0,10.418351377236217,6,2,0,2,0,0,4,-42.0,False
63,2812,1,0,68,48.0,10.661547158597164,6,2,0,2,0,0,4,-48.0,False
63,2813,1,0,68,54.0,10.40548710718778,7,2,0,2,1,0,4,-54.0,False
63,2814,1,0,66,60.0,10.48646226398483,6,2,0,2,0,0,4,-60.0,False
63,2815,1,0,65,66.0,10.164949153172309,7,2,0,2,0,0,5,-66.0,False
63,2816,1,0,64,73.0,10.216199270706387,7,2,0,2,0,0,5,-73.0,False
63,2817,1,0,64,81.0,10.167302753179339,9,2,0,3,1,0,5,-81.0,False
63,2818,1,0,62,90.0,10.072798687695355,9,2,0,4,0,0,5,-90.0,False
63,2819,1,0,62,99.0,10.033919813617434,9,2,0,4,0,0,5,-99.0,False
63,2820,1,0,62,108.0,9.913280315125132,10,2,0,4,0,0,6,-108.0,False
63,2821,1,0,66,117.0,9.117947217857742,14,2,0,6,1,2,5,-117.0,False
63,2822,1,0,66,127.0,9.181345886949149,10,2,0,4,0,0,6,-127.0,False
63,2823,1,0,64,137.0,9.09930542842516,10,2,0,4,0,0,6,-137.0,False
63,2824,1,0,64,148.0,9.022297737537055,11,2,0,4,0,0,7,-148.0,False
63,2825,1,0,64,160.0,8.382298579097364,14,2,0,4,1,0,9,-160.0,False
63,2826,1,0,63,174.0,8.151769029749609,14,2,0,4,0,0,10,-174.0,False
63,2827,1,0,62,189.0,7.9283717674643155,15,2,0,5,0,0,10,-189.0,False
63,2828,1,0,62,206.0,7.693889648020871,17,2,0,5,0,0,12,-206.0,False
63,2829,1,0,61,224.0,6.974337015874276,19,2,0,5,1,0,13,-224.0,False
63,2830,1,0,60,242.0,6.494417273082072,19,2,0,5,0,0,14,-242.0,False
63,2831,1,0,59,264.0,6.288439785008382,22,2,0,6,0,0,16,-264.0,False
63,2832,1,0,58,288.0,6.044223267514189,24,2,0,6,0,0,18,-288.0,False
63,2833,1,0,63,313.0,5.43175252075543,30,2,0,8,1,2,19,-313.0,False
63,2834,1,0,62,339.0,5.387812012571095,26,2,0,6,0,0,20,-339.0,False
63,2835,1,0,63,367.0,5.38674128022356,29,2,0,6,0,0,23,-367.0,False
63,2836,1,0,62,396.0,5.2411801759348275,29,2,0,6,0,0,23,-396.0,False
64,2837,0,1,61,426.0,4.704705012900541,31,3,1,6,1,0,24,0.0,False
64,2838,0,1,61,457.0,4.797807580255323,31,3,1,6,0,0,25,0.0,False
64,2839,0,1,60,489.0,4.468102842534168,32,3,1,6,0,0,26,0.0,False
64,2840,0,1,61,292.0,4.571838928977772,28,0,2,2,1,0,25,-292.0,False
64,2841,0,1,62,199.0,4.855200656917513,22,0,2,0,2,0,20,-199.0,False
64,2842,0,1,60,144.0,5.063538740482873,18,0,2,0,1,1,16,-144.0,False
64,2843,0,1,60,104.0,5.732992049108717,15,0,2,0,1,2,12,-104.0,False
64,2844,0,1,60,79.0,6.33943196099467,11,0,2,0,1,2,8,-79.0,False
64,2845,0,1,65,67.0,6.388753849314977,15,0,2,2,2,4,7,-67.0,False
64,2846,0,1,66,54.0,7.110164908208631,9,0,2,0,1,2,6,-54.0,False
64,2847,0,1,66,40.0,7.856598709311804,7,0,2,0,1,2,4,-40.0,False
64,2848,0,1,65,29.0,8.325848103292973,6,0,2,0,2,2,2,-29.0,False
64,2849,0,1,66,29.0,8.830307670191393,7,0,2,0,4,2,1,-29.0,False
64,2850,0,1,66,35.0,9.326281231035832,6,0,2,0,3,2,1,-35.0,False
64,2851,0,1,67,38.0,9.599477998035225,6,0,2,0,3,2,1,-38.0,False
64,2852,0,1,67,43.0,9.927737182846418,5,0,2,0,3,2,0,-43.0,False
64,2853,0,1,68,48.0,10.018119744950981,6,0,2,0,4,2,0,-48.0,False
64,2854,0,1,68,55.0,10.267482358891868,7,0,2,0,4,3,0,-55.0,False
64,2855,0,1,68,63.0,10.456908007350254,8,0,2,0,4,4,0,-63.0,False
64,2856,0,1,69,71.0,10.344646072296564,9,0,2,0,4,4,1,-71.0,False
64,2857,0,1,74,80.0,9.787179994918002,14,0,2,2,6,6,0,-80.0,False
64,2858,0,1,72,89.0,9.8540437744789,9,0,2,0,5,4,0,-89.0,False
64,2859,0,1,70,98.0,9.857169979621549,9,0,2,0,5,4,0,-98.0,False
64,2860,0,1,67,107.0,9.866012652892266,9,0,2,0,5,4,0,-107.0,False
64,2861,0,1,69,116.0,9.699474153666033,11,0,2,0,6,4,1,-116.0,False
64,2862,0,1,69,126.0,9.683792028137836,10,0,2,0,6,4,0,-126.0,False
64,2863,0,1,68,136.0,9.677700822892234,10,0,2,0,6,4,0,-136.0,False
64,2864,0,1,68,148.0,9.849299136748762,12,0,2,0,7,5,0,-148.0,False
64,2865,0,1,69,160.0,9.573833084584354,13,0,2,0,8,5,0,-160.0,False
64,2866,0,1,68,172.0,9.091557770300847,13,0,2,0,7,5,1,-172.0,False
64,2867,0,1,67,184.0,8.730428196605684,12,0,2,0,7,5,0,-184.0,False
64,2868,0,1,67,199.0,8.484419036236293,15,0,2,0,9,6,0,-199.0,False
64,2869,0,1,70,215.0,7.554057586557094,21,0,2,2,11,8,0,-215.0,False
64,2870,0,1,70,233.0,7.603162449515419,18,0,2,0,12,6,0,-233.0,False
64,2871,0,1,69,252.0,7.320473485971434,20,0,2,0,13,6,1,-252.0,False
64,2872,0,1,68,270.0,7.162341542655274,19,0,2,0,13,6,0,-270.0,False
64,2873,0,1,68,290.0,6.814150422118426,21,0,2,0,15,6,0,-290.0,False
64,2874,0,1,67,312.0,6.802575819399352,22,0,2,0,16,6,0,-312.0,False
64,2875,0,1,66,335.0,6.624719646467794,23,0,2,0,17,6,0,-335.0,False
64,2876,0,1,66,360.0,6.356367013161468,26,0,2,0,18,7,1,-360.0,False
64,2877,0,1,66,387.0,6.018298750423194,28,0,2,0,21,7,0,-387.0,False
64,2878,0,1,65,417.0,5.869524657272187,30,0,2,0,23,7,0,-417.0,False
64,2879,0,1,64,449.0,5.7280998565096395,32,0,2,0,24,8,0,-449.0,False
64,2880,0,1,64,481.0,5.724970771345546,32,0,2,0,24,8,0,-481.0,False
64,2881,0,1,67,513.0,5.09292829791228,37,0,2,2,25,10,0,-513.0,False
65,2882,1,0,67,547.0,5.0678619929912525,35,1,3,0,26,8,1,0.0,False
65,2883,1,0,64,581.0,4.967618487711534,34,1,3,0,26,8,0,0.0,False
65,2884,1,0,63,615.0,4.9130028386003035,34,1,3,0,26,8,0,0.0,False
65,2885,1,0,63,380.0,4.9740004433878955,27,2,0,0,23,4,0,-380.0,False
65,2886,1,0,62,242.0,5.0754801896670605,18,2,0,0,18,0,0,-242.0,False
65,2887,1,0,62,175.0,5.4684296409399655,16,2,0,0,15,0,1,-175.0,False
65,2888,1,0,61,118.0,6.094154755637119,13,2,0,1,12,0,0,-118.0,False
65,2889,1,0,62,72.0,6.640057418363269,11,2,0,2,9,0,0,-72.0,False
65,2890,1,0,62,34.0,7.275166222690445,6,2,0,2,4,0,0,-34.0,False
65,2891,1,0,60,13.0,7.887760997206832,4,2,0,2,1,0,1,-13.0,False
65,2892,1,0,61,11.0,8.344488330684984,4,2,0,2,0,0,2,-11.0,False
65,2893,1,0,66,14.0,8.415702074105097,8,2,0,4,1,2,1,-14.0,False
65,2894,1,0,66,18.0,9.1876591683136,4,2,0,2,0,0,2,-18.0,False
65,2895,1,0,66,22.0,9.813633500397934,4,2,0,2,0,0,2,-22.0,False
65,2896,1,0,66,26.0,10.308135395557047,4,2,0,2,0,0,2,-26.0,False
65,2897,1,0,68,30.0,10.397085265022403,6,2,0,2,1,0,3,-30.0,False
65,2898,1,0,68,35.0,10.79139379868166,5,2,0,2,0,0,3,-35.0,False
65,2899,1,0,68,40.0,11.083908174385039,5,2,0,2,0,0,3,-40.0,False
65,2900,1,0,68,45.0,11.004966911223272,5,2,0,2,0,0,3,-45.0,False
65,2901,1,0,69,50.0,10.725704742274491,6,2,0,2,1,0,3,-50.0,False
65,2902,1,0,70,57.0,10.667994646425646,8,2,0,4,0,0,4,-57.0,False
65,2903,1,0,67,65.0,10.567932036819906,8,2,0,4,0,0,4,-65.0,False
65,2904,1,0,67,73.0,10.740435357477745,8,2,0,4,0,0,4,-73.0,False
65,2905,1,0,68,81.0,9.831766354536754,13,2,0,6,1,2,4,-81.0,False
65,2906,1,0,68,89.0,10.017172580651964,8,2,0,4,0,0,4,-89.0,False
65,2907,1,0,67,97.0,9.91164644295907,9,2,0,4,0,0,5,-97.0,False
65,2908,1,0,67,105.0,10.072671152345645,8,2,0,4,0,0,4,-105.0,False
65,2909,1,0,68,113.0,9.976688220724443,9,2,0,4,1,0,4,-113.0,False
65,2910,1,0,68,121.0,10.05683886091849,8,2,0,4,0,0,4,-121.0,False
65,2911,1,0,65,130.0,9.908828574722834,9,2,0,4,0,0,5,-130.0,False
65,2912,1,0,66,140.0,9.405122495895734,11,2,0,5,0,0,6,-140.0,False
65,2913,1,0,66,150.0,8.977132120370426,11,2,0,5,1,0,5,-150.0,False
65,2914,1,0,65,163.0,8.74508355183763,13,2,0,5,0,0,8,-163.0,False
65,2915,1,0,63,178.0,8.420305086647543,15,2,0,6,0,0,9,-178.0,False
65,2916,1,0,63,194.0,8.177851314850857,16,2,0,6,0,0,10,-194.0,False
65,2917,1,0,66,211.0,7.35488327981461,22,2,0,8,1,2,11,-211.0,False
65,2918,1,0,66,231.0,7.2569372336297295,21,2,0,6,0,0,15,-231.0,False
65,2919,1,0,64,251.0,7.087672950686738,20,2,0,6,0,0,14,-251.0,False
65,2920,1,0,63,273.0,6.817832579542522,22,2,0,6,0,0,16,-273.0,False
65,2921,1,0,63,295.0,6.50816923355288,23,2,0,6,1,0,16,-295.0,False
65,2922,1,0,62,317.0,6.110469353280134,22,2,0,6,0,0,16,-317.0,False
65,2923,1,0,62,340.0,5.650704291934746,24,2,0,6,0,0,18,-340.0,False
65,2924,1,0,61,365.0,5.41329855449405,25,2,0,6,0,0,19,-365.0,False
65,2925,1,0,60,392.0,4.855557688661141,28,2,0,7,1,0,20,-392.0,False
65,2926,1,0,60,421.0,4.81006024039019,29,2,0,8,0,0,21,-421.0,False
66,2927,0,1,60,453.0,4.91261537106771,32,3,1,8,0,0,24,0.0,False
66,2928,0,1,57,486.0,4.136001582569019,34,3,1,8,0,0,26,0.0,False
66,2929,0,1,62,520.0,3.8446582673391423,39,3,1,10,1,2,26,0.0,False
66,2930,0,1,62,301.0,4.224202352100526,27,0,2,4,0,0,23,-301.0,False
66,2931,0,1,62,182.0,4.644510466134417,19,0,2,0,0,0,19,-182.0,False
66,2932,0,1,62,130.0,5.255275539346513,16,0,2,0,0,0,16,-130.0,False
66,2933,0,1,64,90.0,5.8252521105719755,15,0,2,0,1,0,14,-90.0,False
66,2934,0,1,64,69.0,6.5642724378124,11,0,2,0,1,0,10,-69.0,False
66,2935,0,1,64,57.0,7.30191047741744,9,0,2,0,1,0,8,-57.0,False
66,2936,0,1,64,45.0,8.05717798808838,7,0,2,0,1,0,6,-45.0,False
66,2937,0,1,65,33.0,8.342800697263133,8,0,2,0,2,2,4,-33.0,False
66,2938,0,1,65,31.0,8.695534330827394,7,0,2,0,1,2,4,-31.0,False
66,2939,0,1,65,20.0,9.099561463782264,4,0,2,0,1,2,1,-20.0,False
66,2940,0,1,65,16.0,9.64368832002529,4,0,2,0,2,2,0,-16.0,False
66,2941,0,1,70,21.0,9.295409110487066,10,0,2,2,4,4,0,-21.0,False
66,2942,0,1,70,26.0,9.785321512060271,5,0,2,0,3,2,0,-26.0,False
66,2943,0,1,70,31.0,10.06702863987327,6,0,2,0,3,2,1,-31.0,False
66,2944,0,1,70,36.0,10.506112034056956,5,0,2,0,3,2,0,-36.0,False
66,2945,0,1,71,41.0,10.475300091666611,6,0,2,0,4,2,0,-41.0,False
66,2946,0,1,71,46.0,10.680662012015729,5,0,2,0,3,2,0,-46.0,False
66,2947,0,1,71,51.0,10.829923754463723,5,0,2,0,3,2,0,-51.0,False
66,2948,0,1,70,56.0,10.542051783601309,6,0,2,0,3,2,1,-56.0,False
66,2949,0,1,71,63.0,10.288136198907036,8,0,2,0,4,4,0,-63.0,False
66,2950,0,1,69,72.0,10.288555244373265,9,0,2,0,5,4,0,-72.0,False
66,2951,0,1,68,81.0,10.246264352825534,9,0,2,0,5,4,0,-81.0,False
66,2952,0,1,66,91.0,10.122820453769023,10,0,2,0,6,4,0,-91.0,False
66,2953,0,1,69,101.0,9.382618612796284,15,0,2,2,7,6,0,-101.0,False
66,2954,0,1,70,111.0,9.394970212267667,11,0,2,0,6,4,1,-111.0,False
66,2955,0,1,69,121.0,9.39513485857675,10,0,2,0,6,4,0,-121.0,False
66,2956,0,1,68,132.0,9.417698202378721,11,0,2,0,7,4,0,-132.0,False
66,2957,0,1,68,143.0,9.054559514663369,12,0,2,0,8,4,0,-143.0,False
66,2958,0,1,67,155.0,8.887545851890327,12,0,2,0,8,4,0,-155.0,False
66,2959,0,1,67,167.0,8.436599094030955,13,0,2,0,8,4,1,-167.0,False
66,2960,0,1,66,181.0,8.009982079689312,14,0,2,0,10,4,0,-181.0,False
66,2961,0,1,66,197.0,7.632744628597468,17,0,2,0,12,5,0,-197.0,False
66,2962,0,1,65,214.0,7.309066615937546,17,0,2,0,12,5,0,-214.0,False
66,2963,0,1,63,234.0,7.06763018957151,20,0,2,0,15,5,0,-234.0,False
66,2964,0,1,62,256.0,6.772282434550959,23,0,2,0,16,6,1,-256.0,False
66,2965,0,1,67,281.0,6.2901516007337,30,0,2,2,20,8,0,-281.0,False
66,2966,0,1,66,306.0,6.330136725915991,25,0,2,0,19,6,0,-306.0,False
66,2967,0,1,66,333.0,6.351254276795306,27,0,2,0,21,6,0,-333.0,False
66,2968,0,1,65,360.0,6.240943284767207,27,0,2,0,21,6,0,-360.0,False
66,2969,0,1,65,387.0,5.760267754659624,29,0,2,0,22,6,1,-387.0,False
66,2970,0,1,65,415.0,5.899093479568169,28,0,2,0,22,6,0,-415.0,False
66,2971,0,1,63,444.0,5.785476926095043,29,0,2,0,23,6,0,-444.0,False
67,2972,1,0,63,474.0,5.888425417996699,30,1,3,0,24,6,0,0.0,False
67,2973,1,0,62,506.0,5.629631403072191,33,1,3,0,25,8,0,0.0,False
67,2974,1,0,61,538.0,5.324127795032427,33,1,3,0,24,8,1,0.0,False
67,2975,1,0,60,327.0,5.310974358962083,25,2,0,0,20,4,1,-327.0,False
67,2976,1,0,57,221.0,5.332623269543127,17,2,0,0,16,0,1,-221.0,False
67,2977,1,0,62,155.0,5.379450915587123,19,2,0,2,14,2,1,-155.0,False
67,2978,1,0,61,99.0,5.867587648811448,11,2,0,0,10,0,1,-99.0,False
67,2979,1,0,62,50.0,6.580640316556977,8,2,0,0,6,0,2,-50.0,False
67,2980,1,0,62,18.0,7.554303672016805,3,2,0,0,2,0,1,-18.0,False
67,2981,1,0,62,8.0,8.16294858018939,3,2,0,0,2,0,1,-8.0,False
67,2982,1,0,62,9.0,8.843351125493863,2,2,0,0,0,0,2,-9.0,False
67,2983,1,0,62,11.0,9.411082448221643,2,2,0,0,0,0,2,-11.0,False
67,2984,1,0,63,13.0,9.58848639456321,3,2,0,0,0,0,3,-13.0,False
67,2985,1,0,64,16.0,9.858319778786644,4,2,0,1,1,0,2,-16.0,False
67,2986,1,0,63,20.0,10.239394332280387,4,2,0,2,0,0,2,-20.0,False
67,2987,1,0,63,25.0,10.537545410698279,5,2,0,2,0,0,3,-25.0,False
67,2988,1,0,62,30.0,10.718068950312786,5,2,0,2,0,0,3,-30.0,False
67,2989,1,0,67,35.0,10.056673140966165,10,2,0,4,1,2,3,-35.0,False
67,2990,1,0,68,40.0,10.096661457589546,6,2,0,2,0,0,4,-40.0,False
67,2991,1,0,68,45.0,10.345735227781194,5,2,0,2,0,0,3,-45.0,False
67,2992,1,0,68,50.0,10.479943885898283,5,2,0,2,0,0,3,-50.0,False
67,2993,1,0,66,55.0,10.177881139545702,6,2,0,2,1,0,3,-55.0,False
67,2994,1,0,65,60.0,10.265666320480204,5,2,0,2,0,0,3,-60.0,False
67,2995,1,0,64,66.0,9.986195550176799,7,2,0,2,0,0,5,-66.0,False
67,2996,1,0,63,73.0,9.817215836950158,7,2,0,2,0,0,5,-73.0,False
67,2997,1,0,64,81.0,9.65740151269258,9,2,0,3,1,0,5,-81.0,False
67,2998,1,0,63,89.0,9.711787479440181,8,2,0,3,0,0,5,-89.0,False
67,2999,1,0,62,98.0,9.76127649398335,9,2,0,4,0,0,5,-98.0,False
67,3000,1,0,63,107.0,9.557129231759435,10,2,0,4,0,0,6,-107.0,False
67,3001,1,0,66,116.0,8.684477664942456,14,2,0,6,1,2,5,-116.0,False
67,3002,1,0,65,125.0,8.70758064932746,9,2,0,4,0,0,5,-125.0,False
67,3003,1,0,64,135.0,8.729057406002001,10,2,0,4,0,0,6,-135.0,False
67,3004,1,0,63,146.0,8.730065823983223,11,2,0,4,0,0,7,-146.0,False
67,3005,1,0,65,158.0,8.439081391753446,14,2,0,4,1,0,9,-158.0,False
67,3006,1,0,64,172.0,8.417049435568236,14,2,0,4,0,0,10,-172.0,False
67,3007,1,0,63,186.0,8.265210043150095,14,2,0,4,0,0,10,-186.0,False
67,3008,1,0,62,201.0,7.9949135326466685,15,2,0,5,0,0,10,-201.0,False
67,3009,1,0,62,218.0,7.447540680844528,18,2,0,6,1,0,11,-218.0,False
67,3010,1,0,61,235.0,7.036293458813638,18,2,0,6,0,0,12,-235.0,False
67,3011,1,0,59,253.0,6.7359174591876725,18,2,0,6,0,0,12,-253.0,False
67,3012,1,0,58,273.0,6.48909423124065,20,2,0,6,0,0,14,-273.0,False
67,3013,1,0,61,294.0,5.701231611836064,26,2,0,8,1,2,15,-294.0,False
67,3014,1,0,61,317.0,5.769299604947049,23,2,0,6,0,0,17,-317.0,False
67,3015,1,0,62,341.0,5.641045407496742,25,2,0,6,0,0,19,-341.0,False
67,3016,1,0,62,366.0,5.5334929904595445,25,2,0,6,0,0,19,-366.0,False
68,3017,0,1,62,391.0,5.110979646044875,26,3,1,6,1,0,19,0.0,False
68,3018,0,1,60,419.0,4.838542560136914,28,3,1,6,0,0,22,0.0,False
68,3019,0,1,60,448.0,4.644403559035583,29,3,1,6,0,0,23,0.0,False
68,3020,0,1,60,246.0,4.4905165501784605,25,0,2,3,0,0,22,-246.0,False
68,3021,0,1,61,154.0,4.93198023002859,21,0,2,0,2,1,18,-154.0,False
68,3022,0,1,61,105.0,5.391641107845001,18,0,2,0,1,2,15,-105.0,False
68,3023,0,1,59,71.0,5.729266404601838,14,0,2,0,1,2,11,-71.0,False
68,3024,0,1,59,55.0,6.470669500600065,10,0,2,0,1,2,7,-55.0,False
68,3025,0,1,64,47.0,6.620722427993516,14,0,2,2,2,4,6,-47.0,False
68,3026,0,1,65,40.0,7.24971452582148,9,0,2,0,1,2,6,-40.0,False
68,3027,0,1,65,32.0,7.8102659127545735,6,0,2,0,1,2,3,-32.0,False
68,3028,0,1,65,29.0,8.39896426578392,6,0,2,0,3,2,1,-29.0,False
68,3029,0,1,66,30.0,8.724312857273684,6,0,2,0,4,2,0,-30.0,False
68,3030,0,1,66,35.0,9.063606648770797,5,0,2,0,3,2,0,-35.0,False
68,3031,0,1,67,40.0,9.295243204969443,6,0,2,0,3,2,1,-40.0,False
68,3032,0,1,67,46.0,9.56235827090153,6,0,2,0,3,3,0,-46.0,False
68,3033,0,1,68,54.0,9.549174847815443,9,0,2,0,5,4,0,-54.0,False
68,3034,0,1,68,62.0,9.687640546152775,8,0,2,0,4,4,0,-62.0,False
68,3035,0,1,68,70.0,9.902344115688331,8,0,2,0,4,4,0,-70.0,False
68,3036,0,1,69,79.0,9.909546091700678,10,0,2,0,5,4,1,-79.0,False
68,3037,0,1,74,88.0,9.327645354150892,14,0,2,2,6,6,0,-88.0,False
68,3038,0,1,71,97.0,9.370576039780795,9,0,2,0,5,4,0,-97.0,False
68,3039,0,1,70,106.0,9.505372470612533,9,0,2,0,5,4,0,-106.0,False
68,3040,0,1,70,115.0,9.609781289603509,9,0,2,0,5,4,0,-115.0,False
68,3041,0,1,69,124.0,9.17571049711685,11,0,2,0,6,4,1,-124.0,False
68,3042,0,1,68,134.0,9.383069560829773,10,0,2,0,6,4,0,-134.0,False
68,3043,0,1,68,145.0,9.443702263816729,11,0,2,0,7,4,0,-145.0,False
68,3044,0,1,68,156.0,9.415654177625791,11,0,2,0,7,4,0,-156.0,False
68,3045,0,1,69,167.0,9.056612725402044,12,0,2,0,8,4,0,-167.0,False
68,3046,0,1,69,178.0,8.738946263485799,12,0,2,0,7,4,1,-178.0,False
68,3047,0,1,67,190.0,8.50188038854418,12,0,2,0,7,5,0,-190.0,False
68,3048,0,1,67,205.0,8.407998815378145,15,0,2,0,9,6,0,-205.0,False
68,3049,0,1,70,221.0,7.503185773853777,21,0,2,2,11,8,0,-221.0,False
68,3050,0,1,70,237.0,7.533452818062372,16,0,2,0,10,6,0,-237.0,False
68,3051,0,1,71,254.0,7.435238766274396,18,0,2,0,11,6,1,-254.0,False
68,3052,0,1,71,273.0,7.163832480162039,19,0,2,0,13,6,0,-273.0,False
68,3053,0,1,71,292.0,6.973760813967042,20,0,2,0,14,6,0,-292.0,False
68,3054,0,1,70,312.0,6.802453615079904,20,0,2,0,14,6,0,-312.0,False
68,3055,0,1,69,333.0,6.541365353862336,21,0,2,0,15,6,0,-333.0,False
68,3056,0,1,68,356.0,6.311906300738317,24,0,2,0,17,6,1,-356.0,False
68,3057,0,1,69,382.0,6.264556891974443,27,0,2,0,20,7,0,-382.0,False
68,3058,0,1,65,411.0,5.818194731680784,29,0,2,0,21,8,0,-411.0,False
68,3059,0,1,65,441.0,5.891030420339126,30,0,2,0,22,8,0,-441.0,False
68,3060,0,1,64,472.0,5.665080837035413,31,0,2,0,23,8,0,-472.0,False
68,3061,0,1,67,503.0,5.021260239105846,36,0,2,2,24,10,0,-503.0,False
69,3062,1,0,68,535.0,5.104255220808775,33,1,3,0,24,8,1,0.0,False
69,3063,1,0,67,569.0,5.123243696678187,34,1,3,0,26,8,0,0.0,False
69,3064,1,0,67,604.0,5.197257808280888,35,1,3,0,27,8,0,0.0,False
69,3065,1,0,67,365.0,5.303654922781771,28,2,0,0,24,4,0,-365.0,False
69,3066,1,0,66,231.0,5.5849004501427055,19,2,0,0,19,0,0,-231.0,False
69,3067,1,0,66,165.0,5.722554038239645,16,2,0,0,15,0,1,-165.0,False
69,3068,1,0,65,107.0,6.2090850245732465,11,2,0,0,11,0,0,-107.0,False
69,3069,1,0,64,64.0,6.622459158446112,10,2,0,2,8,0,0,-64.0,False
69,3070,1,0,63,29.0,7.250932604684782,6,2,0,2,3,0,1,-29.0,False
69,3071,1,0,61,9.0,7.883984894962137,4,2,0,2,1,0,1,-9.0,False
69,3072,1,0,61,11.0,8.384941915765157,4,2,0,2,0,0,2,-11.0,False
69,3073,1,0,66,14.0,8.275456956317576,8,2,0,4,1,2,1,-14.0,False
69,3074,1,0,66,17.0,8.862978708399515,3,2,0,2,0,0,1,-17.0,False
69,3075,1,0,66,21.0,9.423358148306741,4,2,0,2,0,0,2,-21.0,False
69,3076,1,0,66,25.0,9.934005713566902,4,2,0,2,0,0,2,-25.0,False
69,3077,1,0,68,29.0,9.865892446319886,6,2,0,2,1,0,3,-29.0,False
69,3078,1,0,68,34.0,10.237916430539045,5,2,0,2,0,0,3,-34.0,False
69,3079,1,0,68,39.0,10.507554016592099,5,2,0,2,0,0,3,-39.0,False
69,3080,1,0,68,44.0,10.70683112539377,5,2,0,2,0,0,3,-44.0,False
69,3081,1,0,69,49.0,10.623847143707232,6,2,0,2,1,0,3,-49.0,False
69,3082,1,0,70,55.0,10.457886461062156,7,2,0,3,0,0,4,-55.0,False
69,3083,1,0,68,62.0,10.44074557763246,7,2,0,4,0,0,3,-62.0,False
69,3084,1,0,66,70.0,10.480818299842866,8,2,0,4,0,0,4,-70.0,False
69,3085,1,0,71,78.0,9.824286637903072,13,2,0,6,1,2,4,-78.0,False
69,3086,1,0,69,86.0,9.766167401855716,8,2,0,4,0,0,4,-86.0,False
69,3087,1,0,69,95.0,9.698594164044064,10,2,0,4,0,0,6,-95.0,False
69,3088,1,0,69,104.0,9.970057543808155,9,2,0,4,0,0,5,-104.0,False
69,3089,1,0,68,113.0,9.826221170233161,10,2,0,4,1,0,5,-113.0,False
69,3090,1,0,67,122.0,9.762877124909604,9,2,0,4,0,0,5,-122.0,False
69,3091,1,0,65,131.0,9.70192265297089,9,2,0,4,0,0,5,-131.0,False
69,3092,1,0,66,140.0,9.358904834803814,10,2,0,4,0,0,6,-140.0,False
69,3093,1,0,67,151.0,9.152467699766895,12,2,0,5,1,0,6,-151.0,False
69,3094,1,0,67,164.0,9.034185161875012,13,2,0,6,0,0,7,-164.0,False
69,3095,1,0,66,177.0,8.729646140550923,13,2,0,6,0,0,7,-177.0,False
69,3096,1,0,63,192.0,8.27692874614967,15,2,0,6,0,0,9,-192.0,False
69,3097,1,0,67,207.0,7.382547055988629,20,2,0,8,1,2,9,-207.0,False
69,3098,1,0,67,223.0,7.077920586918876,17,2,0,6,0,0,11,-223.0,False
69,3099,1,0,66,242.0,6.925934411715772,19,2,0,6,0,0,13,-242.0,False
69,3100,1,0,65,262.0,6.747429159184439,20,2,0,6,0,0,14,-262.0,False
69,3101,1,0,65,283.0,6.407207375027231,22,2,0,6,1,0,15,-283.0,False
69,3102,1,0,65,305.0,6.31373855710178,22,2,0,6,0,0,16,-305.0,False
69,3103,1,0,64,329.0,5.981986064955647,25,2,0,6,0,0,19,-329.0,False
69,3104,1,0,64,353.0,5.773334967244416,24,2,0,6,0,0,18,-353.0,False
69,3105,1,0,63,380.0,5.42481162344807,28,2,0,8,1,0,19,-380.0,False
69,3106,1,0,60,409.0,5.032091878537186,29,2,0,8,0,0,21,-409.0,False
70,3107,0,1,59,440.0,4.89377485056941,31,3,1,8,0,0,23,0.0,False
70,3108,0,1,58,473.0,4.550532411300818,34,3,1,8,0,0,26,0.0,False
70,3109,0,1,63,507.0,4.116101016168517,39,3,1,10,1,2,26,0.0,False
70,3110,0,1,62,292.0,4.264232966180824,27,0,2,4,0,0,23,-292.0,False
70,3111,0,1,62,178.0,4.808157717996152,20,0,2,0,0,0,20,-178.0,False
70,3112,0,1,62,123.0,5.2283531027806704,16,0,2,0,0,0,16,-123.0,False
70,3113,0,1,64,89.0,5.56364304372333,15,0,2,0,2,0,13,-89.0,False
70,3114,0,1,64,70.0,6.2259109707124445,10,0,2,0,1,0,9,-70.0,False
70,3115,0,1,64,58.0,7.018673365299411,9,0,2,0,1,0,8,-58.0,False
70,3116,0,1,64,46.0,7.769859934137373,7,0,2,0,1,0,6,-46.0,False
70,3117,0,1,65,35.0,8.421596092383613,8,0,2,0,2,2,4,-35.0,False
70,3118,0,1,66,32.0,8.776144339981675,8,0,2,0,2,2,4,-32.0,False
70,3119,0,1,66,20.0,9.169697451756937,5,0,2,0,2,2,1,-20.0,False
70,3120,0,1,65,20.0,9.6025144351987,5,0,2,0,3,2,0,-20.0,False
70,3121,0,1,70,25.0,9.284416340953051,10,0,2,2,4,4,0,-25.0,False
70,3122,0,1,69,30.0,9.668266261300655,5,0,2,0,3,2,0,-30.0,False
70,3123,0,1,70,35.0,9.695036706759602,6,0,2,0,3,2,1,-35.0,False
70,3124,0,1,70,40.0,10.069964114886416,5,0,2,0,3,2,0,-40.0,False
70,3125,0,1,71,45.0,10.153551772057618,6,0,2,0,4,2,0,-45.0,False
70,3126,0,1,71,50.0,10.351745957924303,5,0,2,0,3,2,0,-50.0,False
70,3127,0,1,71,57.0,10.380113682248075,7,0,2,0,5,2,0,-57.0,False
70,3128,0,1,72,64.0,10.394572604787832,8,0,2,0,5,2,1,-64.0,False
70,3129,0,1,69,72.0,10.171450657039946,9,0,2,0,6,3,0,-72.0,False
70,3130,0,1,68,80.0,10.128268940220257,8,0,2,0,5,3,0,-80.0,False
70,3131,0,1,66,90.0,10.130019164783958,10,0,2,0,6,4,0,-90.0,False
70,3132,0,1,64,100.0,10.092777989201425,10,0,2,0,6,4,0,-100.0,False
70,3133,0,1,68,110.0,9.230791664034625,15,0,2,2,7,6,0,-110.0,False
70,3134,0,1,69,120.0,9.260928113979348,11,0,2,0,6,4,1,-120.0,False
70,3135,0,1,69,131.0,9.384806699858895,11,0,2,0,7,4,0,-131.0,False
70,3136,0,1,67,142.0,9.244693752684116,11,0,2,0,7,4,0,-142.0,False
70,3137,0,1,68,153.0,9.030330435076884,12,0,2,0,8,4,0,-153.0,False
70,3138,0,1,68,164.0,9.018757037757135,11,0,2,0,7,4,0,-164.0,False
70,3139,0,1,68,176.0,8.518142784618535,13,0,2,0,8,4,1,-176.0,False
70,3140,0,1,68,189.0,8.116506379258697,13,0,2,0,9,4,0,-189.0,False
70,3141,0,1,69,206.0,7.678999531573414,18,0,2,0,12,6,0,-206.0,False
70,3142,0,1,68,223.0,7.439044281814102,17,0,2,0,11,6,0,-223.0,False
70,3143,0,1,66,240.0,7.24506619413971,17,0,2,0,11,6,0,-240.0,False
70,3144,0,1,66,261.0,7.015955013087949,22,0,2,0,15,6,1,-261.0,False
70,3145,0,1,68,283.0,6.291720108779983,27,0,2,2,17,8,0,-283.0,False
70,3146,0,1,68,306.0,6.468195481416094,23,0,2,0,17,6,0,-306.0,False
70,3147,0,1,66,329.0,6.465655325723898,23,0,2,0,17,6,0,-329.0,False
70,3148,0,1,65,355.0,6.27259636246193,26,0,2,0,20,6,0,-355.0,False
70,3149,0,1,66,382.0,5.8937827749269385,29,0,2,0,22,6,1,-382.0,False
70,3150,0,1,66,410.0,5.9483210650838565,28,0,2,0,22,6,0,-410.0,False
70,3151,0,1,64,438.0,5.72994978721243,28,0,2,0,22,6,0,-438.0,False
71,3152,1,0,64,468.0,5.84088782880595,30,1,3,0,24,6,0,0.0,False
71,3153,1,0,63,498.0,5.406918054182615,31,1,3,0,25,6,0,0.0,False
71,3154,1,0,64,531.0,5.214506145763872,34,1,3,0,25,8,1,0.0,False
71,3155,1,0,62,322.0,5.228758206115212,26,2,0,0,22,4,0,-322.0,False
71,3156,1,0,61,214.0,5.320519177184564,18,2,0,0,18,0,0,-214.0,False
71,3157,1,0,64,149.0,5.242291278796378,21,2,0,2,16,2,1,-149.0,False
71,3158,1,0,61,96.0,5.738165509248366,12,2,0,0,11,0,1,-96.0,False
71,3159,1,0,62,55.0,6.6309533211633385,9,2,0,0,7,0,2,-55.0,False
71,3160,1,0,61,24.0,7.416305236050583,4,2,0,0,3,0,1,-24.0,False
71,3161,1,0,62,6.0,8.089164680843414,3,2,0,0,2,0,1,-6.0,False
71,3162,1,0,62,9.0,8.791559294055443,3,2,0,0,1,0,2,-9.0,False
71,3163,1,0,62,9.0,9.311151063767497,2,2,0,0,0,0,2,-9.0,False
71,3164,1,0,63,12.0,9.733879429779742,4,2,0,1,0,0,3,-12.0,False
71,3165,1,0,64,15.0,9.933116310744666,4,2,0,1,1,0,2,-15.0,False
71,3166,1,0,63,18.0,10.400562761458291,3,2,0,1,0,0,2,-18.0,False
71,3167,1,0,63,22.0,10.77256620463524,4,2,0,2,0,0,2,-22.0,False
71,3168,1,0,62,27.0,11.158512599590491,5,2,0,2,0,0,3,-27.0,False
71,3169,1,0,67,32.0,10.446078257345823,10,2,0,4,1,2,3,-32.0,False
71,3170,1,0,68,37.0,10.422550238138449,6,2,0,2,0,0,4,-37.0,False
71,3171,1,0,68,43.0,10.60445673107854,6,2,0,2,0,0,4,-43.0,False
71,3172,1,0,68,49.0,10.778972659645907,6,2,0,2,0,0,4,-49.0,False
71,3173,1,0,66,55.0,10.6394728942464,7,2,0,2,1,0,4,-55.0,False
71,3174,1,0,65,61.0,10.717794783726417,6,2,0,2,0,0,4,-61.0,False
71,3175,1,0,66,67.0,10.657990116175498,7,2,0,2,0,0,5,-67.0,False
71,3176,1,0,64,73.0,10.59822435715151,6,2,0,2,0,0,4,-73.0,False
71,3177,1,0,63,79.0,10.385394699016544,7,2,0,2,1,0,4,-79.0,False
71,3178,1,0,63,88.0,10.403719097097886,9,2,0,4,0,0,5,-88.0,False
71,3179,1,0,63,97.0,10.455092380750557,9,2,0,4,0,0,5,-97.0,False
71,3180,1,0,64,106.0,10.157962764864735,10,2,0,4,0,0,6,-106.0,False
71,3181,1,0,66,115.0,9.14517157284823,14,2,0,6,1,2,5,-115.0,False
71,3182,1,0,65,127.0,8.897906591908338,12,2,0,4,0,0,8,-127.0,False
71,3183,1,0,64,139.0,8.776701355906583,12,2,0,4,0,0,8,-139.0,False
71,3184,1,0,64,152.0,8.591569199745251,13,2,0,4,0,0,9,-152.0,False
71,3185,1,0,65,166.0,8.0956620336102,16,2,0,4,1,0,11,-166.0,False
71,3186,1,0,64,180.0,7.918264669341829,14,2,0,4,0,0,10,-180.0,False
71,3187,1,0,62,197.0,7.559950253026576,17,2,0,4,0,0,13,-197.0,False
71,3188,1,0,62,215.0,7.312423447859606,18,2,0,4,0,0,14,-215.0,False
71,3189,1,0,61,235.0,6.801422706565135,21,2,0,5,1,0,15,-235.0,False
71,3190,1,0,61,256.0,6.457311907542499,22,2,0,5,0,0,17,-256.0,False
71,3191,1,0,58,279.0,6.077583183189375,23,2,0,6,0,0,17,-279.0,False
71,3192,1,0,57,304.0,5.957559701195372,25,2,0,6,0,0,19,-304.0,False
71,3193,1,0,61,330.0,5.296064120859101,31,2,0,8,1,2,20,-330.0,False
71,3194,1,0,60,358.0,5.264613482630449,28,2,0,6,0,0,22,-358.0,False
71,3195,1,0,61,387.0,5.33301517492829,30,2,0,6,0,0,24,-387.0,False
71,3196,1,0,59,417.0,5.115160696699973,30,2,0,6,0,0,24,-417.0,False
72,3197,0,1,60,447.0,4.953158220479147,31,3,1,6,1,0,24,0.0,False
72,3198,0,1,60,478.0,4.811876218091649,31,3,1,6,0,0,25,0.0,False
72,3199,0,1,59,510.0,4.4820655876707525,32,3,1,6,0,0,26,0.0,False
72,3200,0,1,60,306.0,4.543579259253513,27,0,2,2,1,1,23,-306.0,False
72,3201,0,1,61,209.0,4.888222222011252,22,0,2,0,2,2,18,-209.0,False
72,3202,0,1,59,153.0,5.127936486988832,18,0,2,0,1,2,15,-153.0,False
72,3203,0,1,59,111.0,5.745819194255385,14,0,2,0,1,2,11,-111.0,False
72,3204,0,1,59,90.0,6.3430678037382515,12,0,2,0,1,2,9,-90.0,False
72,3205,0,1,64,73.0,6.406418334244916,14,0,2,2,2,4,6,-73.0,False
72,3206,0,1,65,57.0,7.09966877443899,9,0,2,0,1,2,6,-57.0,False
72,3207,0,1,65,41.0,7.79442539148874,7,0,2,0,2,2,3,-41.0,False
72,3208,0,1,65,32.0,8.334239435840056,6,0,2,0,2,2,2,-32.0,False
72,3209,0,1,66,32.0,8.858831696278761,5,0,2,0,3,2,0,-32.0,False
72,3210,0,1,66,38.0,9.373874288265625,6,0,2,0,3,2,1,-38.0,False
72,3211,0,1,67,42.0,9.583704253692911,6,0,2,0,3,2,1,-42.0,False
72,3212,0,1,67,47.0,9.967286050933714,5,0,2,0,3,2,0,-47.0,False
72,3213,0,1,68,52.0,10.019645164541524,6,0,2,0,4,2,0,-52.0,False
72,3214,0,1,68,59.0,10.255264353060063,7,0,2,0,3,4,0,-59.0,False
72,3215,0,1,68,67.0,10.484901812557196,8,0,2,0,4,4,0,-67.0,False
72,3216,0,1,69,75.0,10.392160528538788,9,0,2,0,4,4,1,-75.0,False
72,3217,0,1,74,83.0,9.798966514115007,13,0,2,2,5,6,0,-83.0,False
72,3218,0,1,72,92.0,9.927051652847018,9,0,2,0,5,4,0,-92.0,False
72,3219,0,1,71,101.0,10.025446366054643,9,0,2,0,5,4,0,-101.0,False
72,3220,0,1,69,111.0,10.090484351866193,10,0,2,0,6,4,0,-111.0,False
72,3221,0,1,69,121.0,9.828115588962756,12,0,2,0,7,4,1,-121.0,False
72,3222,0,1,69,131.0,9.742903012031228,10,0,2,0,6,4,0,-131.0,False
72,3223,0,1,68,142.0,9.750479690862212,11,0,2,0,7,4,0,-142.0,False
72,3224,0,1,68,153.0,9.867273913062776,11,0,2,0,7,4,0,-153.0,False
72,3225,0,1,69,166.0,9.692983514014255,14,0,2,0,8,6,0,-166.0,False
72,3226,0,1,66,179.0,9.161961619890004,14,0,2,0,7,6,1,-179.0,False
72,3227,0,1,66,192.0,8.935379318648101,13,0,2,0,7,6,0,-192.0,False
72,3228,0,1,65,207.0,8.842265254102395,15,0,2,0,9,6,0,-207.0,False
72,3229,0,1,69,223.0,8.017266286075857,21,0,2,2,11,8,0,-223.0,False
72,3230,0,1,68,240.0,7.919451593680017,17,0,2,0,11,6,0,-240.0,False
72,3231,0,1,68,257.0,7.643038004944356,18,0,2,0,11,6,1,-257.0,False
72,3232,0,1,67,276.0,7.4479856549863905,19,0,2,0,13,6,0,-276.0,False
72,3233,0,1,67,295.0,7.128965984253067,20,0,2,0,14,6,0,-295.0,False
72,3234,0,1,65,316.0,6.729807680070774,21,0,2,0,15,6,0,-316.0,False
72,3235,0,1,65,339.0,6.571365016837235,23,0,2,0,17,6,0,-339.0,False
72,3236,0,1,64,363.0,6.142401257571463,25,0,2,0,18,6,1,-363.0,False
72,3237,0,1,65,387.0,5.941574467764448,25,0,2,0,19,6,0,-387.0,False
72,3238,0,1,63,416.0,5.695951193198399,29,0,2,0,21,8,0,-416.0,False
72,3239,0,1,62,446.0,5.6142240954174945,30,0,2,0,22,8,0,-446.0,False
72,3240,0,1,60,477.0,5.373982587612314,31,0,2,0,23,8,0,-477.0,False
72,3241,0,1,65,509.0,4.970086273708056,37,0,2,2,25,10,0,-509.0,False
73,3242,1,0,64,543.0,4.776568794656495,35,1,3,0,26,8,1,0.0,False
73,3243,1,0,64,577.0,4.9170239245296345,34,1,3,0,26,8,0,0.0,False
73,3244,1,0,63,611.0,4.904307061006989,34,1,3,0,26,8,0,0.0,False
73,3245,1,0,63,370.0,4.776462877302214,27,2,0,0,23,4,0,-370.0,False
73,3246,1,0,63,234.0,5.0019613780144105,19,2,0,0,19,0,0,-234.0,False
73,3247,1,0,63,167.0,5.284568434864605,16,2,0,0,15,0,1,-167.0,False
73,3248,1,0,63,109.0,5.889797092573143,12,2,0,1,11,0,0,-109.0,False
73,3249,1,0,63,65.0,6.496491560300905,10,2,0,1,8,0,1,-65.0,False
73,3250,1,0,61,32.0,7.17716675540484,8,2,0,2,5,0,1,-32.0,False
73,3251,1,0,61,21.0,8.10210524691272,5,2,0,2,2,0,1,-21.0,False
73,3252,1,0,61,12.0,8.723745314534169,4,2,0,2,0,0,2,-12.0,False
73,3253,1,0,66,15.0,8.663789637371467,8,2,0,4,1,2,1,-15.0,False
73,3254,1,0,66,18.0,9.271198862080364,3,2,0,2,0,0,1,-18.0,False
73,3255,1,0,66,21.0,9.727303542948457,3,2,0,2,0,0,1,-21.0,False
73,3256,1,0,66,24.0,10.134027486816143,3,2,0,2,0,0,1,-24.0,False
73,3257,1,0,68,27.0,10.197373886977758,5,2,0,2,1,0,2,-27.0,False
73,3258,1,0,68,32.0,10.582815491826107,5,2,0,2,0,0,3,-32.0,False
73,3259,1,0,68,37.0,10.76447155886034,5,2,0,2,0,0,3,-37.0,False
73,3260,1,0,68,42.0,10.849068808618817,5,2,0,2,0,0,3,-42.0,False
73,3261,1,0,69,48.0,10.551363659969017,7,2,0,3,1,0,3,-48.0,False
73,3262,1,0,70,55.0,10.472251392662795,8,2,0,4,0,0,4,-55.0,False
73,3263,1,0,69,62.0,10.483312407571402,7,2,0,4,0,0,3,-62.0,False
73,3264,1,0,66,70.0,10.560357380385808,8,2,0,4,0,0,4,-70.0,False
73,3265,1,0,70,78.0,9.780989289953272,13,2,0,6,1,2,4,-78.0,False
73,3266,1,0,67,86.0,9.743538487643752,8,2,0,4,0,0,4,-86.0,False
73,3267,1,0,66,94.0,9.624562709584659,9,2,0,4,0,0,5,-94.0,False
73,3268,1,0,66,102.0,9.715241569871363,8,2,0,4,0,0,4,-102.0,False
73,3269,1,0,67,110.0,9.66613365018207,9,2,0,4,1,0,4,-110.0,False
73,3270,1,0,67,118.0,9.733139064095155,8,2,0,4,0,0,4,-118.0,False
73,3271,1,0,66,127.0,9.632139761428718,9,2,0,4,0,0,5,-127.0,False
73,3272,1,0,66,137.0,9.204558756920985,11,2,0,5,0,0,6,-137.0,False
73,3273,1,0,66,148.0,8.964487241932437,12,2,0,5,1,0,6,-148.0,False
73,3274,1,0,63,161.0,8.717150506687343,13,2,0,6,0,0,7,-161.0,False
73,3275,1,0,63,175.0,8.572283118573585,14,2,0,6,0,0,8,-175.0,False
73,3276,1,0,63,189.0,8.150321839117577,14,2,0,6,0,0,8,-189.0,False
73,3277,1,0,66,205.0,7.268665078213256,21,2,0,8,1,2,10,-205.0,False
73,3278,1,0,67,222.0,7.016924163366052,18,2,0,6,0,0,12,-222.0,False
73,3279,1,0,65,241.0,6.822462046179976,19,2,0,6,0,0,13,-241.0,False
73,3280,1,0,65,261.0,6.662073009428294,20,2,0,6,0,0,14,-261.0,False
73,3281,1,0,65,279.0,6.428369279308315,20,2,0,6,1,0,13,-279.0,False
73,3282,1,0,63,300.0,6.227069551467322,21,2,0,6,0,0,15,-300.0,False
73,3283,1,0,64,322.0,6.111160344258499,23,2,0,6,0,0,17,-322.0,False
73,3284,1,0,63,346.0,5.925704230171969,24,2,0,6,0,0,18,-346.0,False
73,3285,1,0,64,375.0,5.691228819501141,30,2,0,8,1,0,21,-375.0,False
73,3286,1,0,62,404.0,5.466344618056272,29,2,0,8,0,0,21,-404.0,False
74,3287,0,1,62,434.0,5.425274578146432,30,3,1,8,0,0,22,0.0,False
74,3288,0,1,60,466.0,4.915718767731181,33,3,1,8,0,0,25,0.0,False
74,3289,0,1,63,499.0,4.363789277157824,38,3,1,10,1,2,25,0.0,False
74,3290,0,1,63,282.0,4.7360616480191,25,0,2,4,0,0,21,-282.0,False
74,3291,0,1,62,166.0,5.18242896386081,20,0,2,0,1,0,19,-166.0,False
74,3292,0,1,62,118.0,5.793422749472201,16,0,2,0,1,0,15,-118.0,False
74,3293,0,1,64,83.0,6.162880526810416,14,0,2,0,2,0,12,-83.0,False
74,3294,0,1,64,65.0,6.841110653425916,10,0,2,0,1,0,9,-65.0,False
74,3295,0,1,64,52.0,7.458998479174256,8,0,2,0,1,0,7,-52.0,False
74,3296,0,1,64,38.0,8.005318016993717,6,0,2,0,1,0,5,-38.0,False
74,3297,0,1,65,26.0,8.381733635547134,6,0,2,0,2,1,3,-26.0,False
74,3298,0,1,64,17.0,8.540050574980887,6,0,2,0,1,2,3,-17.0,False
74,3299,0,1,64,16.0,8.985426249246709,5,0,2,0,2,2,1,-16.0,False
74,3300,0,1,64,19.0,9.376854764281068,4,0,2,0,2,2,0,-19.0,False
74,3301,0,1,69,23.0,9.039273028495973,9,0,2,2,3,4,0,-23.0,False
74,3302,0,1,69,28.0,9.363066613473777,5,0,2,0,3,2,0,-28.0,False
74,3303,0,1,70,33.0,9.728870719778472,6,0,2,0,3,2,1,-33.0,False
74,3304,0,1,70,38.0,10.104638657591229,5,0,2,0,3,2,0,-38.0,False
74,3305,0,1,71,44.0,10.114114803775564,7,0,2,0,5,2,0,-44.0,False
74,3306,0,1,71,50.0,10.21564523057409,6,0,2,0,4,2,0,-50.0,False
74,3307,0,1,71,57.0,10.362888178034813,7,0,2,0,5,2,0,-57.0,False
74,3308,0,1,71,65.0,10.340678884514626,9,0,2,0,5,3,1,-65.0,False
74,3309,0,1,70,74.0,10.1749757622943,10,0,2,0,6,4,0,-74.0,False
74,3310,0,1,68,83.0,10.212032738239058,9,0,2,0,5,4,0,-83.0,False
74,3311,0,1,66,93.0,10.15507597452148,10,0,2,0,6,4,0,-93.0,False
74,3312,0,1,64,103.0,10.0929702438745,10,0,2,0,6,4,0,-103.0,False
74,3313,0,1,69,113.0,9.304102368338222,15,0,2,2,7,6,0,-113.0,False
74,3314,0,1,69,123.0,9.259073749523171,11,0,2,0,6,4,1,-123.0,False
74,3315,0,1,69,133.0,9.473507207183713,10,0,2,0,6,4,0,-133.0,False
74,3316,0,1,68,144.0,9.45642381662173,11,0,2,0,7,4,0,-144.0,False
74,3317,0,1,68,155.0,9.302259672385249,12,0,2,0,8,4,0,-155.0,False
74,3318,0,1,68,166.0,9.145783873464941,11,0,2,0,7,4,0,-166.0,False
74,3319,0,1,68,177.0,8.678292871430404,12,0,2,0,7,4,1,-177.0,False
74,3320,0,1,67,190.0,8.456699823152878,13,0,2,0,9,4,0,-190.0,False
74,3321,0,1,67,204.0,8.015766109282687,15,0,2,0,10,5,0,-204.0,False
74,3322,0,1,64,221.0,7.655842553467071,17,0,2,0,11,6,0,-221.0,False
74,3323,0,1,63,240.0,7.3572641972495525,19,0,2,0,13,6,0,-240.0,False
74,3324,0,1,62,260.0,6.804838558290039,21,0,2,0,14,6,1,-260.0,False
74,3325,0,1,67,282.0,6.169075048054337,27,0,2,2,17,8,0,-282.0,False
74,3326,0,1,65,304.0,6.099759937465806,22,0,2,0,16,6,0,-304.0,False
74,3327,0,1,65,329.0,6.313506909346155,25,0,2,0,19,6,0,-329.0,False
74,3328,0,1,63,356.0,6.293547575451982,27,0,2,0,21,6,0,-356.0,False
74,3329,0,1,65,381.0,6.192563363118141,28,0,2,0,21,6,1,-381.0,False
74,3330,0,1,64,409.0,6.117859753164239,28,0,2,0,22,6,0,-409.0,False
74,3331,0,1,63,437.0,6.0284215152899,28,0,2,0,22,6,0,-437.0,False
75,3332,1,0,62,465.0,5.878234948615266,28,1,3,0,22,6,0,0.0,False
75,3333,1,0,63,495.0,5.554623841932932,31,1,3,0,24,7,0,0.0,False
75,3334,1,0,62,527.0,5.237028324073487,33,1,3,0,24,8,1,0.0,False
75,3335,1,0,61,316.0,5.342812142633782,25,2,0,0,21,4,0,-316.0,False
75,3336,1,0,59,207.0,5.5872753761627445,17,2,0,0,17,0,0,-207.0,False
75,3337,1,0,64,140.0,5.548308028739422,19,2,0,2,14,2,1,-140.0,False
75,3338,1,0,62,88.0,5.98501952674645,12,2,0,0,11,0,1,-88.0,False
75,3339,1,0,61,45.0,6.5773919387601385,9,2,0,0,7,0,2,-45.0,False
75,3340,1,0,61,17.0,7.587070557466155,5,2,0,0,4,0,1,-17.0,False
75,3341,1,0,62,11.0,8.308186872878634,4,2,0,0,3,0,1,-11.0,False
75,3342,1,0,62,6.0,8.97662937344664,1,2,0,0,0,0,1,-6.0,False
75,3343,1,0,62,7.0,9.367888024778791,1,2,0,0,0,0,1,-7.0,False
75,3344,1,0,63,8.0,9.725569504576672,2,2,0,0,0,0,2,-8.0,False
75,3345,1,0,64,11.0,9.821692565372219,4,2,0,1,1,0,2,-11.0,False
75,3346,1,0,64,15.0,10.338720749745413,4,2,0,2,0,0,2,-15.0,False
75,3347,1,0,62,20.0,10.604372752324073,5,2,0,2,0,0,3,-20.0,False
75,3348,1,0,62,25.0,10.971191652843677,5,2,0,2,0,0,3,-25.0,False
75,3349,1,0,67,30.0,10.336900934007042,10,2,0,4,1,2,3,-30.0,False
75,3350,1,0,68,35.0,10.500579296906157,6,2,0,2,0,0,4,-35.0,False
75,3351,1,0,68,40.0,10.568577096637595,5,2,0,2,0,0,3,-40.0,False
75,3352,1,0,68,46.0,10.58112467782876,6,2,0,2,0,0,4,-46.0,False
75,3353,1,0,67,52.0,10.376317641863146,7,2,0,2,1,0,4,-52.0,False
75,3354,1,0,65,58.0,10.368073442920272,6,2,0,2,0,0,4,-58.0,False
75,3355,1,0,66,65.0,10.305716728173504,8,2,0,2,0,0,6,-65.0,False
75,3356,1,0,63,72.0,10.22072881581861,7,2,0,2,0,0,5,-72.0,False
75,3357,1,0,63,80.0,10.138890258852758,9,2,0,3,1,0,5,-80.0,False
75,3358,1,0,63,89.0,10.145295895972678,9,2,0,4,0,0,5,-89.0,False
75,3359,1,0,62,98.0,10.15456882077231,9,2,0,4,0,0,5,-98.0,False
75,3360,1,0,62,108.0,9.866889857333028,11,2,0,4,0,0,7,-108.0,False
75,3361,1,0,66,118.0,8.998764641162953,15,2,0,6,1,2,6,-118.0,False
75,3362,1,0,66,128.0,8.921841518201408,10,2,0,4,0,0,6,-128.0,False
75,3363,1,0,65,139.0,8.669292186695682,11,2,0,4,0,0,7,-139.0,False
75,3364,1,0,64,150.0,8.412150349638981,11,2,0,4,0,0,7,-150.0,False
75,3365,1,0,66,163.0,7.839512154170184,15,2,0,4,1,0,10,-163.0,False
75,3366,1,0,64,178.0,7.556091090910117,15,2,0,4,0,0,11,-178.0,False
75,3367,1,0,64,195.0,7.546326313843529,17,2,0,4,0,0,13,-195.0,False
75,3368,1,0,63,212.0,7.16403713292508,17,2,0,4,0,0,13,-212.0,False
75,3369,1,0,64,232.0,6.9158546155922425,21,2,0,5,1,0,15,-232.0,False
75,3370,1,0,62,254.0,6.410867744035778,23,2,0,6,0,0,17,-254.0,False
75,3371,1,0,60,278.0,5.991322205407798,24,2,0,6,0,0,18,-278.0,False
75,3372,1,0,59,304.0,5.725900128665938,26,2,0,6,0,0,20,-304.0,False
75,3373,1,0,63,330.0,4.932744138821874,31,2,0,8,1,2,20,-330.0,False
75,3374,1,0,62,358.0,5.035217705315959,28,2,0,6,0,0,22,-358.0,False
75,3375,1,0,62,386.0,5.120719131386463,29,2,0,6,0,0,23,-386.0,False
75,3376,1,0,62,417.0,5.286244171971759,31,2,0,6,0,0,25,-417.0,False
76,3377,0,1,62,448.0,5.130390594550746,32,3,1,6,1,0,25,0.0,False
76,3378,0,1,61,480.0,4.9137124509673,32,3,1,6,0,0,26,0.0,False
76,3379,0,1,60,512.0,4.599807895144602,32,3,1,6,0,0,26,0.0,False
76,3380,0,1,60,315.0,4.575957084821818,28,0,2,2,1,1,24,-315.0,False
76,3381,0,1,61,219.0,4.83231035292334,22,0,2,0,2,1,19,-219.0,False
76,3382,0,1,61,157.0,5.235362260998881,17,0,2,0,1,1,15,-157.0,False
76,3383,0,1,61,113.0,5.825904315750472,13,0,2,0,1,1,11,-113.0,False
76,3384,0,1,60,88.0,6.457023131159728,12,0,2,0,2,2,8,-88.0,False
76,3385,0,1,64,72.0,6.653466007216694,15,0,2,2,3,4,6,-72.0,False
76,3386,0,1,65,58.0,7.366614989755473,9,0,2,0,2,2,5,-58.0,False
76,3387,0,1,65,42.0,8.10791338718313,6,0,2,0,2,2,2,-42.0,False
76,3388,0,1,65,29.0,8.610413734883501,5,0,2,0,2,2,1,-29.0,False
76,3389,0,1,66,32.0,8.961275374471057,5,0,2,0,3,2,0,-32.0,False
76,3390,0,1,66,37.0,9.316552875901325,5,0,2,0,3,2,0,-37.0,False
76,3391,0,1,67,42.0,9.589423201562921,6,0,2,0,3,2,1,-42.0,False
76,3392,0,1,67,48.0,9.965820854015325,6,0,2,0,4,2,0,-48.0,False
76,3393,0,1,68,54.0,9.909449924128257,7,0,2,0,5,2,0,-54.0,False
76,3394,0,1,68,61.0,10.182508558062388,7,0,2,0,4,3,0,-61.0,False
76,3395,0,1,68,69.0,10.37327099103379,8,0,2,0,5,3,0,-69.0,False
76,3396,0,1,69,78.0,10.290844493601197,10,0,2,0,5,4,1,-78.0,False
76,3397,0,1,74,87.0,9.798528620727133,14,0,2,2,6,6,0,-87.0,False
76,3398,0,1,72,96.0,10.023916440516379,9,0,2,0,5,4,0,-96.0,False
76,3399,0,1,71,105.0,10.04327466433981,9,0,2,0,5,4,0,-105.0,False
76,3400,0,1,68,114.0,10.051377652071773,9,0,2,0,5,4,0,-114.0,False
76,3401,0,1,69,124.0,9.713587519788165,12,0,2,0,7,4,1,-124.0,False
76,3402,0,1,69,134.0,9.692278270098614,10,0,2,0,6,4,0,-134.0,False
76,3403,0,1,69,145.0,9.69948936759034,11,0,2,0,7,4,0,-145.0,False
76,3404,0,1,68,157.0,9.860032837898437,12,0,2,0,7,5,0,-157.0,False
76,3405,0,1,69,169.0,9.686628703533728,13,0,2,0,8,5,0,-169.0,False
76,3406,0,1,68,182.0,9.287988110079079,14,0,2,0,7,6,1,-182.0,False
76,3407,0,1,67,195.0,9.076827392426614,13,0,2,0,7,6,0,-195.0,False
76,3408,0,1,65,209.0,8.674049321294737,14,0,2,0,8,6,0,-209.0,False
76,3409,0,1,69,225.0,7.7688282939525894,21,0,2,2,11,8,0,-225.0,False
76,3410,0,1,68,241.0,7.588900706565103,16,0,2,0,10,6,0,-241.0,False
76,3411,0,1,68,258.0,7.316085811186642,18,0,2,0,11,6,1,-258.0,False
76,3412,0,1,66,277.0,7.004387011339224,19,0,2,0,13,6,0,-277.0,False
76,3413,0,1,67,298.0,6.804900966025703,22,0,2,0,16,6,0,-298.0,False
76,3414,0,1,65,320.0,6.793965931143329,22,0,2,0,16,6,0,-320.0,False
76,3415,0,1,65,343.0,6.779304678057736,23,0,2,0,17,6,0,-343.0,False
76,3416,0,1,65,367.0,6.5554148382495905,25,0,2,0,18,6,1,-367.0,False
76,3417,0,1,66,394.0,6.384325410857516,28,0,2,0,21,7,0,-394.0,False
76,3418,0,1,63,423.0,5.85611800054501,29,0,2,0,22,7,0,-423.0,False
76,3419,0,1,61,452.0,5.621689126012589,29,0,2,0,22,7,0,-452.0,False
76,3420,0,1,61,483.0,5.541964513411276,31,0,2,0,23,8,0,-483.0,False
76,3421,0,1,64,514.0,4.848369095214151,36,0,2,2,24,10,0,-514.0,False
77,3422,1,0,64,547.0,4.763533136693014,34,1,3,0,25,8,1,0.0,False
77,3423,1,0,63,580.0,4.770942032386939,33,1,3,0,25,8,0,0.0,False
77,3424,1,0,62,614.0,4.772548953327107,34,1,3,0,26,8,0,0.0,False
77,3425,1,0,62,377.0,4.787378952133244,28,2,0,0,24,4,0,-377.0,False
77,3426,1,0,61,241.0,5.09223438765662,19,2,0,0,19,0,0,-241.0,False
77,3427,1,0,62,170.0,5.380102967928619,16,2,0,0,15,0,1,-170.0,False
77,3428,1,0,62,109.0,6.178854943559193,11,2,0,0,11,0,0,-109.0,False
77,3429,1,0,63,62.0,6.8009351665702,9,2,0,0,8,0,1,-62.0,False
77,3430,1,0,62,27.0,7.453029965363514,5,2,0,1,3,0,1,-27.0,False
77,3431,1,0,61,6.0,8.198827540453895,3,2,0,2,0,0,1,-6.0,False
77,3432,1,0,62,9.0,8.767139771666882,4,2,0,2,0,0,2,-9.0,False
77,3433,1,0,66,12.0,8.617301298332974,8,2,0,4,1,2,1,-12.0,False
77,3434,1,0,66,15.0,9.148096513944795,3,2,0,2,0,0,1,-15.0,False
77,3435,1,0,66,18.0,9.68429302104054,3,2,0,2,0,0,1,-18.0,False
77,3436,1,0,66,22.0,10.177079673220318,4,2,0,2,0,0,2,-22.0,False
77,3437,1,0,68,26.0,10.329094134855227,6,2,0,2,1,0,3,-26.0,False
77,3438,1,0,68,31.0,10.72373698001739,5,2,0,2,0,0,3,-31.0,False
77,3439,1,0,68,36.0,10.865788357086181,5,2,0,2,0,0,3,-36.0,False
77,3440,1,0,68,41.0,10.986767230089761,5,2,0,2,0,0,3,-41.0,False
77,3441,1,0,69,47.0,10.78241189576327,7,2,0,3,1,0,3,-47.0,False
77,3442,1,0,70,53.0,10.70579062608702,7,2,0,3,0,0,4,-53.0,False
77,3443,1,0,68,60.0,10.699681701480776,7,2,0,4,0,0,3,-60.0,False
77,3444,1,0,67,67.0,10.654788876228611,7,2,0,4,0,0,3,-67.0,False
77,3445,1,0,70,75.0,9.942208222420994,13,2,0,6,1,2,4,-75.0,False
77,3446,1,0,69,83.0,10.120404684814082,8,2,0,4,0,0,4,-83.0,False
77,3447,1,0,67,91.0,10.019750287445175,9,2,0,4,0,0,5,-91.0,False
77,3448,1,0,67,99.0,10.20078027437321,8,2,0,4,0,0,4,-99.0,False
77,3449,1,0,67,107.0,10.043880546506246,9,2,0,4,1,0,4,-107.0,False
77,3450,1,0,67,115.0,9.857178309910278,8,2,0,4,0,0,4,-115.0,False
77,3451,1,0,66,124.0,9.676627814153573,9,2,0,4,0,0,5,-124.0,False
77,3452,1,0,67,133.0,9.460102858151615,10,2,0,4,0,0,6,-133.0,False
77,3453,1,0,67,145.0,8.947360965711658,13,2,0,5,1,0,7,-145.0,False
77,3454,1,0,65,158.0,8.582212989799777,13,2,0,6,0,0,7,-158.0,False
77,3455,1,0,63,173.0,8.159466795167877,15,2,0,6,0,0,9,-173.0,False
77,3456,1,0,63,189.0,7.961588893211486,16,2,0,6,0,0,10,-189.0,False
77,3457,1,0,66,206.0,6.995900479005898,22,2,0,8,1,2,11,-206.0,False
77,3458,1,0,66,225.0,6.831881074560951,20,2,0,6,0,0,14,-225.0,False
77,3459,1,0,64,244.0,6.530295681898756,19,2,0,6,0,0,13,-244.0,False
77,3460,1,0,63,266.0,6.384089975886534,22,2,0,6,0,0,16,-266.0,False
77,3461,1,0,63,288.0,6.047016173821586,23,2,0,6,1,0,16,-288.0,False
77,3462,1,0,63,311.0,6.036960646937992,23,2,0,6,0,0,17,-311.0,False
77,3463,1,0,63,337.0,5.825039162810119,27,2,0,6,0,0,21,-337.0,False
77,3464,1,0,62,364.0,5.653515717862052,27,2,0,6,0,0,21,-364.0,False
77,3465,1,0,62,393.0,5.319620801274714,30,2,0,7,1,0,22,-393.0,False
77,3466,1,0,61,424.0,5.187567369899131,31,2,0,8,0,0,23,-424.0,False
78,3467,0,1,59,457.0,4.927030042701076,33,3,1,8,0,0,25,0.0,False
78,3468,0,1,59,492.0,4.682360743046549,36,3,1,8,0,0,28,0.0,False
78,3469,0,1,64,527.0,4.232032304060308,40,3,1,10,1,2,27,0.0,False
78,3470,0,1,62,310.0,4.2937750133699115,27,0,2,4,0,0,23,-310.0,False
78,3471,0,1,62,193.0,4.857396125322256,20,0,2,0,0,0,20,-193.0,False
78,3472,0,1,62,143.0,5.439967062781512,16,0,2,0,0,0,16,-143.0,False
78,3473,0,1,64,105.0,5.965663857113123,15,0,2,0,2,0,13,-105.0,False
78,3474,0,1,64,82.0,6.670597067094757,10,0,2,0,1,0,9,-82.0,False
78,3475,0,1,64,66.0,7.425198171053895,8,0,2,0,1,0,7,-66.0,False
78,3476,0,1,64,49.0,8.093357207940207,6,0,2,0,1,0,5,-49.0,False
78,3477,0,1,65,32.0,8.584604481263876,5,0,2,0,2,0,3,-32.0,False
78,3478,0,1,64,14.0,8.805081789837432,3,0,2,0,1,0,2,-14.0,False
78,3479,0,1,64,10.0,9.10729824531394,4,0,2,0,2,2,0,-10.0,False
78,3480,0,1,64,14.0,9.521035411966626,4,0,2,0,2,2,0,-14.0,False
78,3481,0,1,69,19.0,9.239491230714343,10,0,2,2,4,4,0,-19.0,False
78,3482,0,1,69,24.0,9.559223641746378,5,0,2,0,3,2,0,-24.0,False
78,3483,0,1,70,29.0,9.7133377052571,6,0,2,0,3,2,1,-29.0,False
78,3484,0,1,70,35.0,10.12998215628515,6,0,2,0,4,2,0,-35.0,False
78,3485,0,1,71,41.0,10.287985023732222,7,0,2,0,5,2,0,-41.0,False
78,3486,0,1,71,47.0,10.60219171663817,6,0,2,0,4,2,0,-47.0,False
78,3487,0,1,71,53.0,10.791351617165033,6,0,2,0,4,2,0,-53.0,False
78,3488,0,1,70,59.0,10.588849524265909,7,0,2,0,4,2,1,-59.0,False
78,3489,0,1,70,66.0,10.439907076760907,8,0,2,0,6,2,0,-66.0,False
78,3490,0,1,69,74.0,10.532929587992816,8,0,2,0,5,3,0,-74.0,False
78,3491,0,1,66,83.0,10.449869193250981,9,0,2,0,5,4,0,-83.0,False
78,3492,0,1,65,92.0,10.490327463125327,9,0,2,0,5,4,0,-92.0,False
78,3493,0,1,68,101.0,9.51854495871513,14,0,2,2,6,6,0,-101.0,False
78,3494,0,1,69,110.0,9.53661114645961,10,0,2,0,5,4,1,-110.0,False
78,3495,0,1,69,120.0,9.576628992028986,10,0,2,0,6,4,0,-120.0,False
78,3496,0,1,67,131.0,9.432478010382535,11,0,2,0,7,4,0,-131.0,False
78,3497,0,1,68,143.0,9.06244540839029,13,0,2,0,9,4,0,-143.0,False
78,3498,0,1,67,155.0,8.770510979592293,12,0,2,0,8,4,0,-155.0,False
78,3499,0,1,68,169.0,8.57288315881762,15,0,2,0,10,4,1,-169.0,False
78,3500,0,1,66,184.0,8.336421239388836,15,0,2,0,11,4,0,-184.0,False
78,3501,0,1,66,201.0,7.844718745894139,18,0,2,0,12,6,0,-201.0,False
78,3502,0,1,65,219.0,7.605744293235889,18,0,2,0,12,6,0,-219.0,False
78,3503,0,1,61,239.0,7.135547762433928,20,0,2,0,14,6,0,-239.0,False
78,3504,0,1,62,259.0,6.839546692626555,21,0,2,0,14,6,1,-259.0,False
78,3505,0,1,65,281.0,6.033184545144919,27,0,2,2,17,8,0,-281.0,False
78,3506,0,1,65,304.0,6.17491039237725,23,0,2,0,17,6,0,-304.0,False
78,3507,0,1,65,329.0,6.32137302009958,25,0,2,0,19,6,0,-329.0,False
78,3508,0,1,64,355.0,6.337437391379645,26,0,2,0,20,6,0,-355.0,False
78,3509,0,1,64,382.0,6.103853644020443,29,0,2,0,22,6,1,-382.0,False
78,3510,0,1,64,410.0,6.135752022501896,28,0,2,0,22,6,0,-410.0,False
78,3511,0,1,62,438.0,6.009278653130029,28,0,2,0,22,6,0,-438.0,False
79,3512,1,0,62,468.0,5.895909720320172,30,1,3,0,23,7,0,0.0,False
79,3513,1,0,61,499.0,5.472656017371128,32,1,3,0,24,8,0,0.0,False
79,3514,1,0,60,530.0,4.978762399021624,32,1,3,0,23,8,1,0.0,False
79,3515,1,0,59,321.0,4.938795824152269,24,2,0,0,20,4,0,-321.0,False
79,3516,1,0,57,204.0,5.004841831470344,17,2,0,0,17,0,0,-204.0,False
79,3517,1,0,62,144.0,5.124336073026889,20,2,0,2,15,2,1,-144.0,False
79,3518,1,0,61,89.0,5.7199092430616805,11,2,0,0,10,0,1,-89.0,False
79,3519,1,0,62,45.0,6.521051656775193,9,2,0,0,7,0,2,-45.0,False
79,3520,1,0,62,17.0,7.445213257496476,5,2,0,0,4,0,1,-17.0,False
79,3521,1,0,63,8.0,8.197849489069709,3,2,0,0,2,0,1,-8.0,False
79,3522,1,0,63,7.0,8.867724572740634,2,2,0,0,0,0,2,-7.0,False
79,3523,1,0,63,9.0,9.469675234576114,2,2,0,0,0,0,2,-9.0,False
79,3524,1,0,64,11.0,9.655321740979995,3,2,0,0,0,0,3,-11.0,False
79,3525,1,0,65,15.0,9.995657700553116,5,2,0,2,1,0,2,-15.0,False
79,3526,1,0,62,19.0,10.365491531760501,4,2,0,2,0,0,2,-19.0,False
79,3527,1,0,62,24.0,10.547885806845384,5,2,0,2,0,0,3,-24.0,False
79,3528,1,0,62,29.0,10.989930631920421,5,2,0,2,0,0,3,-29.0,False
79,3529,1,0,67,34.0,10.315783442471853,10,2,0,4,1,2,3,-34.0,False
79,3530,1,0,68,39.0,10.33296420807607,6,2,0,2,0,0,4,-39.0,False
79,3531,1,0,68,44.0,10.430080732839755,5,2,0,2,0,0,3,-44.0,False
79,3532,1,0,68,50.0,10.607314204428704,6,2,0,2,0,0,4,-50.0,False
79,3533,1,0,68,56.0,10.581611961958693,7,2,0,2,1,0,4,-56.0,False
79,3534,1,0,67,62.0,10.555022368216662,6,2,0,2,0,0,4,-62.0,False
79,3535,1,0,65,68.0,10.335450757260089,7,2,0,2,0,0,5,-68.0,False
79,3536,1,0,64,75.0,10.29616530305539,7,2,0,3,0,0,4,-75.0,False
79,3537,1,0,63,83.0,10.170350029832116,9,2,0,3,1,0,5,-83.0,False
79,3538,1,0,62,91.0,10.253708630957624,8,2,0,3,0,0,5,-91.0,False
79,3539,1,0,62,100.0,10.149193075726902,9,2,0,4,0,0,5,-100.0,False
79,3540,1,0,62,109.0,9.874100152798205,10,2,0,4,0,0,6,-109.0,False
79,3541,1,0,66,119.0,9.049655693364894,15,2,0,6,1,2,6,-119.0,False
79,3542,1,0,65,129.0,8.853990169123332,10,2,0,4,0,0,6,-129.0,False
79,3543,1,0,64,140.0,8.660107674787149,11,2,0,4,0,0,7,-140.0,False
79,3544,1,0,63,151.0,8.524499811476927,11,2,0,4,0,0,7,-151.0,False
79,3545,1,0,65,165.0,8.13127047201517,16,2,0,4,1,0,11,-165.0,False
79,3546,1,0,64,180.0,7.953911318861774,15,2,0,4,0,0,11,-180.0,False
79,3547,1,0,63,196.0,7.813390243084191,16,2,0,4,0,0,12,-196.0,False
79,3548,1,0,63,213.0,7.55073285690254,17,2,0,4,0,0,13,-213.0,False
79,3549,1,0,62,233.0,7.1150456266825675,21,2,0,6,1,0,14,-233.0,False
79,3550,1,0,62,253.0,6.775001769316762,21,2,0,6,0,0,15,-253.0,False
79,3551,1,0,59,276.0,6.267471060029697,23,2,0,6,0,0,17,-276.0,False
79,3552,1,0,57,299.0,5.9515539048685735,23,2,0,6,0,0,17,-299.0,False
79,3553,1,0,62,324.0,5.384202497390512,30,2,0,8,1,2,19,-324.0,False
79,3554,1,0,61,350.0,5.326763762286633,26,2,0,6,0,0,20,-350.0,False
79,3555,1,0,62,378.0,5.4951322534633205,29,2,0,6,0,0,23,-378.0,False
79,3556,1,0,61,407.0,5.355721606271746,29,2,0,6,0,0,23,-407.0,False
80,3557,0,1,60,437.0,4.918032967083508,31,3,1,6,1,0,24,0.0,False
80,3558,0,1,60,467.0,4.699302529971854,30,3,1,6,0,0,24,0.0,False
80,3559,0,1,59,497.0,4.33694307684122,30,3,1,6,0,0,24,0.0,False
80,3560,0,1,60,294.0,4.442996228360268,26,0,2,2,1,0,23,-294.0,False
80,3561,0,1,61,196.0,4.8700418332331195,21,0,2,0,2,0,19,-196.0,False
80,3562,0,1,61,140.0,5.381168307185717,19,0,2,0,1,2,16,-140.0,False
80,3563,0,1,61,99.0,5.960286148340467,15,0,2,0,1,2,12,-99.0,False
80,3564,0,1,60,75.0,6.440341516228979,11,0,2,0,1,2,8,-75.0,False
80,3565,0,1,64,61.0,6.377229502479435,14,0,2,2,2,4,6,-61.0,False
80,3566,0,1,65,47.0,7.069686723070692,9,0,2,0,1,2,6,-47.0,False
80,3567,0,1,65,38.0,7.952045706099798,8,0,2,0,2,2,4,-38.0,False
80,3568,0,1,65,38.0,8.45267427865369,8,0,2,0,3,2,3,-38.0,False
80,3569,0,1,66,34.0,8.874281703462431,7,0,2,0,4,2,1,-34.0,False
80,3570,0,1,66,36.0,9.443205968887192,5,0,2,0,3,2,0,-36.0,False
80,3571,0,1,67,41.0,9.636317849613333,6,0,2,0,3,2,1,-41.0,False
80,3572,0,1,67,46.0,9.808412295854747,5,0,2,0,3,2,0,-46.0,False
80,3573,0,1,68,51.0,9.989305269846884,6,0,2,0,4,2,0,-51.0,False
80,3574,0,1,68,58.0,10.13036820916212,7,0,2,0,4,3,0,-58.0,False
80,3575,0,1,68,67.0,10.27718250080865,9,0,2,0,5,4,0,-67.0,False
80,3576,0,1,69,76.0,10.310317651394168,10,0,2,0,5,4,1,-76.0,False
80,3577,0,1,74,85.0,9.813618181607639,14,0,2,2,6,6,0,-85.0,False
80,3578,0,1,72,94.0,9.972445663778261,9,0,2,0,5,4,0,-94.0,False
80,3579,0,1,70,103.0,10.171036373692548,9,0,2,0,5,4,0,-103.0,False
80,3580,0,1,69,112.0,10.231156797050303,9,0,2,0,5,4,0,-112.0,False
80,3581,0,1,68,121.0,9.8512733121475,11,0,2,0,6,4,1,-121.0,False
80,3582,0,1,68,130.0,9.823857091547112,9,0,2,0,5,4,0,-130.0,False
80,3583,0,1,68,140.0,9.76338239525596,10,0,2,0,6,4,0,-140.0,False
80,3584,0,1,68,150.0,9.640881181512615,10,0,2,0,6,4,0,-150.0,False
80,3585,0,1,69,163.0,9.354340277578066,14,0,2,0,8,6,0,-163.0,False
80,3586,0,1,68,176.0,9.01349929706211,14,0,2,0,7,6,1,-176.0,False
80,3587,0,1,66,189.0,8.947201623829635,13,0,2,0,7,6,0,-189.0,False
80,3588,0,1,64,205.0,8.634478884559506,16,0,2,0,10,6,0,-205.0,False
80,3589,0,1,69,221.0,7.825996141927906,21,0,2,2,11,8,0,-221.0,False
80,3590,0,1,67,237.0,7.575802081293631,16,0,2,0,10,6,0,-237.0,False
80,3591,0,1,68,254.0,7.335495213814329,18,0,2,0,11,6,1,-254.0,False
80,3592,0,1,66,272.0,6.910142456117049,18,0,2,0,12,6,0,-272.0,False
80,3593,0,1,67,291.0,6.719194891130719,20,0,2,0,14,6,0,-291.0,False
80,3594,0,1,67,312.0,6.558280469392117,21,0,2,0,15,6,0,-312.0,False
80,3595,0,1,66,336.0,6.3701954007886155,24,0,2,0,18,6,0,-336.0,False
80,3596,0,1,67,360.0,6.310174709900726,25,0,2,0,18,6,1,-360.0,False
80,3597,0,1,66,389.0,6.061590792285823,30,0,2,0,22,8,0,-389.0,False
80,3598,0,1,64,417.0,5.854706775350756,29,0,2,0,21,8,0,-417.0,False
80,3599,0,1,62,447.0,5.651641059889415,30,0,2,0,22,8,0,-447.0,False
80,3600,0,1,61,478.0,5.502446634195869,31,0,2,0,23,8,0,-478.0,True
