step,vehicle_count,total_waiting_time,mean_speed,phase,queue_phase_0,queue_phase_3,state
0,4,0.0,0.0,0,2,2,GGgrrrGGgrrr
1,4,0.0,0.6628257775679232,0,0,0,GGgrrrGGgrrr
2,4,0.0,1.3396166710415855,0,0,0,GGgrrrGGgrrr
3,4,0.0,2.037684859335423,0,0,0,GGgrrrGGgrrr
4,4,0.0,2.7018711789045486,0,0,0,GGgrrrGGgrrr
5,7,0.0,1.9074580833848034,0,1,2,GGgrrrGGgrrr
6,7,0.0,2.5127586193382743,0,0,0,GGgrrrGGgrrr
7,7,0.0,3.11353109835514,0,0,0,GGgrrrGGgrrr
8,7,0.0,3.810651793237775,0,0,0,GGgrrrGGgrrr
9,7,0.0,4.342707094869444,0,0,0,GGgrrrGGgrrr
10,8,0.0,4.411206495179795,0,1,0,GGgrrrGGgrrr
11,8,0.0,5.024360246653668,0,0,0,GGgrrrGGgrrr
12,9,0.0,5.001201709256403,0,0,1,GGgrrrGGgrrr
13,9,0.0,5.584838516906732,0,0,0,GGgrrrGGgrrr
14,9,0.0,6.197308191356973,0,0,0,GGgrrrGGgrrr
15,10,0.0,6.1120679724961535,0,1,0,GGgrrrGGgrrr
16,10,0.0,6.675063327569516,0,0,0,GGgrrrGGgrrr
17,12,0.0,6.071363022178411,0,1,1,GGgrrrGGgrrr
18,12,0.0,6.644222968040656,0,0,0,GGgrrrGGgrrr
19,13,0.0,6.637055477499964,0,0,1,GGgrrrGGgrrr
20,14,0.0,6.750413043620617,0,1,0,GGgrrrGGgrrr
21,14,0.0,7.280294518774661,0,0,0,GGgrrrGGgrrr
22,14,0.0,7.834628577839604,0,0,0,GGgrrrGGgrrr
23,14,0.0,8.452520316129823,0,0,0,GGgrrrGGgrrr
24,14,0.0,8.916873352156541,0,0,0,GGgrrrGGgrrr
25,15,0.0,8.706038670162116,0,1,0,GGgrrrGGgrrr
26,16,0.0,8.539764273738028,0,1,0,GGgrrrGGgrrr
27,17,0.0,8.478638958477147,0,0,1,GGgrrrGGgrrr
28,18,0.0,8.455893120439521,0,0,1,GGgrrrGGgrrr
29,18,0.0,8.795171105728018,0,0,0,GGgrrrGGgrrr
30,19,0.0,8.618358272651598,0,1,0,GGgrrrGGgrrr
31,19,0.0,8.411451947576017,0,0,0,GGgrrrGGgrrr
32,19,0.0,8.10403887380228,0,0,0,GGgrrrGGgrrr
33,20,0.0,7.617679090297029,0,0,1,GGgrrrGGgrrr
34,20,0.0,7.919595216715552,0,0,0,GGgrrrGGgrrr
35,21,2.0,7.670542006558546,0,1,2,GGgrrrGGgrrr
36,23,4.0,6.9598045911062965,0,1,3,GGgrrrGGgrrr
37,23,6.0,6.957546085989454,0,0,2,GGgrrrGGgrrr
38,23,8.0,7.096128986605942,0,0,2,GGgrrrGGgrrr
39,23,12.0,7.388727881741697,0,0,4,GGgrrrGGgrrr
40,24,16.0,7.406513491680351,0,1,4,GGgrrrGGgrrr
41,25,20.0,7.43849973887013,0,0,5,GGgrrrGGgrrr
42,26,24.0,7.531550407802187,0,0,5,GGgrrrGGgrrr
43,26,28.0,7.659223904022789,0,0,4,GGgrrrGGgrrr
44,26,32.0,7.708755531944697,0,0,4,GGgrrrGGgrrr
45,26,36.0,7.857334252475716,0,0,4,GGgrrrGGgrrr
46,28,41.0,7.513571998501712,0,1,6,GGgrrrGGgrrr
47,28,46.0,7.643427061717796,0,0,5,GGgrrrGGgrrr
48,28,51.0,7.636741299567559,0,0,5,GGgrrrGGgrrr
49,29,56.0,7.333598789418638,0,1,5,GGgrrrGGgrrr
50,29,62.0,7.341059002799744,0,0,6,GGgrrrGGgrrr
51,31,68.0,7.0437300534051674,0,1,7,GGgrrrGGgrrr
52,31,74.0,6.779430809643368,0,0,7,GGgrrrGGgrrr
53,31,81.0,7.060616440502814,0,0,7,GGgrrrGGgrrr
54,31,88.0,7.333508984750523,0,0,7,GGgrrrGGgrrr
55,31,95.0,7.603076236453436,0,0,7,GGgrrrGGgrrr
56,33,102.0,7.350465343346812,0,1,8,GGgrrrGGgrrr
57,33,109.0,7.516149960406061,0,0,7,GGgrrrGGgrrr
58,33,116.0,7.6160773468850635,0,0,7,GGgrrrGGgrrr
59,32,123.0,7.442848058223841,0,0,7,GGgrrrGGgrrr
60,32,130.0,7.396877375397389,1,0,7,yyyrrryyyrrr
61,34,138.0,6.92259050474287,1,0,10,yyyrrryyyrrr
62,35,146.0,6.618836432323972,1,1,8,yyyrrryyyrrr
63,35,155.0,6.603343746358827,2,0,9,rrrrrrrrrrrr
64,36,164.0,6.442870084124093,2,1,9,rrrrrrrrrrrr
65,36,96.0,6.555376336036251,3,1,5,rrrGGgrrrGGg
66,36,47.0,6.44899447221459,3,1,5,rrrGGgrrrGGg
67,36,23.0,6.523091825007729,3,1,2,rrrGGgrrrGGg
68,37,5.0,6.3722381571663025,3,3,0,rrrGGgrrrGGg
69,38,7.0,6.383748858212499,3,2,1,rrrGGgrrrGGg
70,38,9.0,6.618588917345657,3,2,0,rrrGGgrrrGGg
71,37,13.0,6.330974995303621,3,3,1,rrrGGgrrrGGg
72,37,17.0,6.524692556686845,3,3,0,rrrGGgrrrGGg
73,37,21.0,6.55718001535437,3,3,0,rrrGGgrrrGGg
74,37,27.0,6.234688510152804,3,5,0,rrrGGgrrrGGg
75,37,34.0,6.094785462953764,3,5,1,rrrGGgrrrGGg
76,37,35.0,6.359373529974828,3,4,1,rrrGGgrrrGGg
77,37,38.0,6.57166145138539,3,4,2,rrrGGgrrrGGg
78,37,41.0,6.7384389098510376,3,4,2,rrrGGgrrrGGg
79,38,44.0,6.785235845543905,3,4,2,rrrGGgrrrGGg
80,39,47.0,6.77771878165205,3,6,0,rrrGGgrrrGGg
81,40,52.0,6.669233421171086,3,5,1,rrrGGgrrrGGg
82,40,57.0,6.7352211425264255,3,5,0,rrrGGgrrrGGg
83,39,63.0,6.620082689109842,3,6,0,rrrGGgrrrGGg
84,39,70.0,6.911199870343873,3,7,0,rrrGGgrrrGGg
85,40,77.0,6.770486979131981,3,9,0,rrrGGgrrrGGg
86,41,85.0,6.974016443252024,3,8,1,rrrGGgrrrGGg
87,42,91.0,7.135516124038832,3,7,1,rrrGGgrrrGGg
88,42,98.0,7.310863035940302,3,7,0,rrrGGgrrrGGg
89,42,105.0,7.515418540368731,3,7,0,rrrGGgrrrGGg
90,42,113.0,7.784949048941627,3,8,0,rrrGGgrrrGGg
91,44,121.0,7.717727874667282,3,9,1,rrrGGgrrrGGg
92,44,129.0,8.032493505067283,3,8,0,rrrGGgrrrGGg
93,44,137.0,8.151643624981448,3,8,0,rrrGGgrrrGGg
94,45,145.0,7.885295731138671,3,8,1,rrrGGgrrrGGg
95,45,153.0,7.934989776039821,4,8,0,rrryyyrrryyy
96,46,162.0,7.493638123494027,4,10,1,rrryyyrrryyy
97,46,172.0,7.679263361177356,4,10,0,rrryyyrrryyy
98,45,182.0,7.656205381299545,5,10,0,rrrrrrrrrrrr
99,46,193.0,7.537186949148722,5,10,2,rrrrrrrrrrrr
100,46,87.0,7.404374478963313,0,7,1,GGgrrrGGgrrr
101,45,50.0,7.196361181445703,0,5,1,GGgrrrGGgrrr
102,46,25.0,7.185085576668345,0,2,2,GGgrrrGGgrrr
103,45,9.0,7.262398229256159,0,1,2,GGgrrrGGgrrr
104,45,8.0,7.100111069754871,0,0,3,GGgrrrGGgrrr
105,45,11.0,7.351317991888385,0,0,3,GGgrrrGGgrrr
106,46,15.0,7.342747377005338,0,1,3,GGgrrrGGgrrr
107,46,19.0,7.504439775409922,0,0,3,GGgrrrGGgrrr
108,45,22.0,7.5111839984371995,0,0,3,GGgrrrGGgrrr
109,45,26.0,7.012835481234769,0,1,4,GGgrrrGGgrrr
110,45,31.0,7.0920906209377765,0,0,3,GGgrrrGGgrrr
111,45,33.0,6.89290892869386,0,2,3,GGgrrrGGgrrr
112,43,34.0,6.729383858719802,0,1,3,GGgrrrGGgrrr
113,42,35.0,6.418656916942728,0,0,4,GGgrrrGGgrrr
114,42,39.0,6.705238725214953,0,0,4,GGgrrrGGgrrr
115,43,44.0,6.872319784475175,0,0,6,GGgrrrGGgrrr
116,44,49.0,7.077022191029445,0,1,5,GGgrrrGGgrrr
117,42,54.0,7.015414202361755,0,0,5,GGgrrrGGgrrr
118,43,59.0,7.021146719903464,0,0,6,GGgrrrGGgrrr
119,42,64.0,6.908203217085382,0,0,5,GGgrrrGGgrrr
120,41,69.0,6.995371996455437,0,0,5,GGgrrrGGgrrr
121,43,76.0,6.971800407580349,0,1,8,GGgrrrGGgrrr
122,43,83.0,7.292497420142497,0,0,7,GGgrrrGGgrrr
123,43,91.0,7.6441780458501585,0,0,8,GGgrrrGGgrrr
124,45,99.0,7.501906056169015,0,1,9,GGgrrrGGgrrr
125,45,107.0,7.5430311582704705,0,0,8,GGgrrrGGgrrr
126,46,115.0,7.499858826160951,0,1,8,GGgrrrGGgrrr
127,46,125.0,7.588982403791533,0,0,10,GGgrrrGGgrrr
128,46,135.0,7.8323465693504986,0,0,10,GGgrrrGGgrrr
129,46,145.0,8.086814155697807,0,0,10,GGgrrrGGgrrr
130,47,155.0,8.028230408308128,1,0,11,yyyrrryyyrrr
131,47,165.0,7.747724183135768,1,1,10,yyyrrryyyrrr
132,48,175.0,7.5170447624180285,1,0,11,yyyrrryyyrrr
133,49,186.0,7.299536933500662,2,1,11,rrrrrrrrrrrr
134,47,198.0,6.9968694720140014,2,0,12,rrrrrrrrrrrr
135,47,141.0,7.085597645453281,3,1,10,rrrGGgrrrGGg
136,47,99.0,6.993371772068562,3,3,9,rrrGGgrrrGGg
137,47,70.0,6.833767561148016,3,2,8,rrrGGgrrrGGg
138,47,49.0,6.946833413141024,3,2,5,rrrGGgrrrGGg
139,48,34.0,6.999550053696665,3,3,4,rrrGGgrrrGGg
140,48,22.0,7.259697539388644,3,3,2,rrrGGgrrrGGg
141,49,25.0,7.0546297021196285,3,5,1,rrrGGgrrrGGg
142,48,19.0,6.967281139612219,3,3,0,rrrGGgrrrGGg
143,47,22.0,6.911681843290667,3,3,0,rrrGGgrrrGGg
144,45,26.0,6.7298436505996895,3,4,0,rrrGGgrrrGGg
145,43,30.0,6.644047706398339,3,4,0,rrrGGgrrrGGg
146,44,35.0,6.472232415195401,3,6,1,rrrGGgrrrGGg
147,43,40.0,6.485689704188254,3,5,0,rrrGGgrrrGGg
148,43,45.0,6.681211639367602,3,5,0,rrrGGgrrrGGg
149,42,50.0,6.753868515788329,3,5,0,rrrGGgrrrGGg
150,42,55.0,6.52311125584225,3,5,1,rrrGGgrrrGGg
151,42,62.0,6.719431361016897,3,6,0,rrrGGgrrrGGg
152,43,69.0,6.310313028298979,3,7,1,rrrGGgrrrGGg
153,43,73.0,6.3787561498065966,3,6,0,rrrGGgrrrGGg
154,42,79.0,6.341405644103818,3,6,0,rrrGGgrrrGGg
155,43,85.0,6.295639078126361,3,6,1,rrrGGgrrrGGg
156,44,92.0,6.22506805150421,3,8,0,rrrGGgrrrGGg
157,45,99.0,6.179474515815766,3,8,0,rrrGGgrrrGGg
158,45,106.0,6.352249455826178,3,7,0,rrrGGgrrrGGg
159,45,114.0,6.5742436127614265,3,8,0,rrrGGgrrrGGg
160,47,123.0,6.4940297730090535,3,9,2,rrrGGgrrrGGg
161,47,132.0,6.709856422823787,3,9,0,rrrGGgrrrGGg
162,48,141.0,6.685021705666871,3,10,0,rrrGGgrrrGGg
163,48,150.0,6.771797153542735,3,9,0,rrrGGgrrrGGg
164,48,160.0,6.836307319092367,3,10,0,rrrGGgrrrGGg
165,50,170.0,6.6972104292809975,4,10,2,rrryyyrrryyy
166,49,182.0,6.63354961924415,4,11,1,rrryyyrrryyy
167,49,194.0,6.47201809853811,4,12,1,rrryyyrrryyy
168,49,207.0,6.561470920081353,5,11,2,rrrrrrrrrrrr
169,49,221.0,6.577452417254828,5,12,2,rrrrrrrrrrrr
170,48,106.0,6.504809891321943,0,8,3,GGgrrrGGgrrr
171,47,52.0,6.092515535658413,0,4,4,GGgrrrGGgrrr
172,48,35.0,6.127954621739385,0,3,5,GGgrrrGGgrrr
173,47,27.0,6.209942808892467,0,1,5,GGgrrrGGgrrr
174,48,28.0,6.43414118662162,0,1,6,GGgrrrGGgrrr
175,48,34.0,6.750687945843737,0,0,6,GGgrrrGGgrrr
176,48,41.0,6.930550288136366,0,0,6,GGgrrrGGgrrr
177,47,49.0,6.515809819261147,0,0,7,GGgrrrGGgrrr
178,49,57.0,6.187855059296866,0,1,7,GGgrrrGGgrrr
179,49,67.0,6.131223291339551,0,0,6,GGgrrrGGgrrr
180,47,76.0,5.838252864484087,0,2,7,GGgrrrGGgrrr
181,47,86.0,6.010869774042721,0,2,8,GGgrrrGGgrrr
182,47,96.0,5.940760604446843,0,2,9,GGgrrrGGgrrr
183,48,99.0,5.978307209752141,0,3,8,GGgrrrGGgrrr
184,48,102.0,6.220512010675613,0,1,8,GGgrrrGGgrrr
185,48,105.0,6.3885814154206715,0,0,8,GGgrrrGGgrrr
186,48,113.0,6.560555644339755,0,0,8,GGgrrrGGgrrr
187,45,122.0,6.337541611617385,0,0,9,GGgrrrGGgrrr
188,45,132.0,6.561100208573895,0,0,10,GGgrrrGGgrrr
189,45,142.0,6.355624313588549,0,1,10,GGgrrrGGgrrr
190,46,152.0,6.303932526095776,0,1,10,GGgrrrGGgrrr
191,45,163.0,5.875915035798332,0,0,12,GGgrrrGGgrrr
192,45,174.0,5.9559505313527605,0,0,11,GGgrrrGGgrrr
193,46,186.0,5.893000152550684,0,0,13,GGgrrrGGgrrr
194,47,199.0,5.80594007083585,0,1,12,GGgrrrGGgrrr
195,47,212.0,5.860047729424851,0,0,12,GGgrrrGGgrrr
196,47,223.0,6.06982042681599,0,0,13,GGgrrrGGgrrr
197,47,237.0,6.374013445866594,0,0,14,GGgrrrGGgrrr
198,48,251.0,6.416811019330768,0,0,15,GGgrrrGGgrrr
199,49,265.0,6.396868739855097,0,1,14,GGgrrrGGgrrr
200,49,279.0,6.5473276467826045,1,0,14,yyyrrryyyrrr
201,50,294.0,6.649311852732541,1,1,15,yyyrrryyyrrr
202,49,309.0,6.634035592608754,1,0,15,yyyrrryyyrrr
203,50,325.0,6.70392952127381,2,1,16,rrrrrrrrrrrr
204,49,341.0,6.400364490990737,2,2,15,rrrrrrrrrrrr
205,49,264.0,6.484796020298271,3,1,12,rrrGGgrrrGGg
206,48,211.0,6.3891635613073765,3,1,10,rrrGGgrrrGGg
207,49,169.0,6.307751167302264,3,1,9,rrrGGgrrrGGg
208,48,130.0,6.265088181646372,3,2,7,rrrGGgrrrGGg
209,47,104.0,5.953819928643928,3,4,6,rrrGGgrrrGGg
210,46,83.0,5.95312799925188,3,3,5,rrrGGgrrrGGg
211,45,67.0,5.938748032779908,3,3,4,rrrGGgrrrGGg
212,45,75.0,6.130560354470734,3,4,4,rrrGGgrrrGGg
213,46,60.0,6.257568502489701,3,5,3,rrrGGgrrrGGg
214,48,49.0,6.275862798021702,3,5,3,rrrGGgrrrGGg
215,47,40.0,6.449922312157093,3,4,1,rrrGGgrrrGGg
216,45,36.0,6.477133225808912,3,4,0,rrrGGgrrrGGg
217,45,41.0,6.581996911815078,3,5,1,rrrGGgrrrGGg
218,45,46.0,6.902387265381196,3,5,0,rrrGGgrrrGGg
219,45,51.0,7.1557215303163595,3,5,0,rrrGGgrrrGGg
220,45,56.0,7.101624531260343,3,6,0,rrrGGgrrrGGg
221,46,62.0,7.1555689370425135,3,6,1,rrrGGgrrrGGg
222,45,68.0,7.326462066950137,3,6,0,rrrGGgrrrGGg
223,46,74.0,7.280754988771647,3,7,0,rrrGGgrrrGGg
224,47,80.0,7.164140027125508,3,6,1,rrrGGgrrrGGg
225,47,86.0,6.901648773611181,3,7,0,rrrGGgrrrGGg
226,48,94.0,6.871509110274769,3,8,1,rrrGGgrrrGGg
227,47,102.0,6.969057527106566,3,8,0,rrrGGgrrrGGg
228,47,110.0,7.265672799618571,3,8,0,rrrGGgrrrGGg
229,46,118.0,7.135488773090266,3,8,1,rrrGGgrrrGGg
230,47,126.0,7.248287953130724,3,9,0,rrrGGgrrrGGg
231,47,134.0,7.430593951616656,3,8,0,rrrGGgrrrGGg
232,47,142.0,7.6507994188951,3,8,0,rrrGGgrrrGGg
233,47,151.0,7.807420782364317,3,9,0,rrrGGgrrrGGg
234,47,160.0,7.88176133412278,3,9,0,rrrGGgrrrGGg
235,49,169.0,7.590573182011964,4,10,1,rrryyyrrryyy
236,49,179.0,7.715894223798314,4,10,0,rrryyyrrryyy
237,50,190.0,7.676196781238079,4,11,1,rrryyyrrryyy
238,48,202.0,7.5426778512468475,5,11,1,rrrrrrrrrrrr
239,47,214.0,7.507524055120926,5,11,1,rrrrrrrrrrrr
240,47,119.0,7.375823750969413,0,8,2,GGgrrrGGgrrr
241,46,58.0,7.452825352158264,0,5,2,GGgrrrGGgrrr
242,45,33.0,7.637856177565802,0,3,2,GGgrrrGGgrrr
243,44,20.0,7.84102332336358,0,2,2,GGgrrrGGgrrr
244,43,24.0,7.976966112953982,0,2,2,GGgrrrGGgrrr
245,43,19.0,7.786424182294518,0,2,2,GGgrrrGGgrrr
246,46,16.0,7.356471065887427,0,1,4,GGgrrrGGgrrr
247,44,18.0,7.124840102928499,0,0,2,GGgrrrGGgrrr
248,43,21.0,7.049258410818845,0,0,2,GGgrrrGGgrrr
249,43,26.0,7.185557354489664,0,0,3,GGgrrrGGgrrr
250,43,31.0,7.04688902115963,0,1,3,GGgrrrGGgrrr
251,43,38.0,7.15873879412637,0,1,4,GGgrrrGGgrrr
252,43,45.0,7.211162008082941,0,1,4,GGgrrrGGgrrr
253,43,47.0,7.2415586693925995,0,2,4,GGgrrrGGgrrr
254,42,50.0,6.837491849714807,0,3,6,GGgrrrGGgrrr
255,43,54.0,6.746380892925227,0,3,6,GGgrrrGGgrrr
256,43,59.0,6.846860656776205,0,2,6,GGgrrrGGgrrr
257,44,63.0,6.6533688226004335,0,1,7,GGgrrrGGgrrr
258,45,71.0,6.617876162146103,0,3,6,GGgrrrGGgrrr
259,43,76.0,6.414383739125575,0,1,6,GGgrrrGGgrrr
260,42,82.0,6.146436660576358,0,1,7,GGgrrrGGgrrr
261,43,90.0,6.274921849310419,0,0,8,GGgrrrGGgrrr
262,42,100.0,5.997085746933182,0,0,9,GGgrrrGGgrrr
263,42,110.0,6.11117899296061,0,0,8,GGgrrrGGgrrr
264,42,121.0,6.205601274463872,0,1,8,GGgrrrGGgrrr
265,43,125.0,6.214211655480258,0,2,8,GGgrrrGGgrrr
266,44,133.0,6.257082364114649,0,3,10,GGgrrrGGgrrr
267,45,139.0,6.321347554865979,0,1,10,GGgrrrGGgrrr
268,45,147.0,6.480699405491569,0,1,9,GGgrrrGGgrrr
269,46,156.0,6.505337063364647,0,2,9,GGgrrrGGgrrr
270,46,166.0,6.570466910841358,1,1,10,yyyrrryyyrrr
271,48,177.0,6.407205403582661,1,2,11,yyyrrryyyrrr
272,48,189.0,6.5453738492502085,1,2,10,yyyrrryyyrrr
273,45,201.0,6.2045867368751795,2,2,10,rrrrrrrrrrrr
274,45,214.0,5.976795232959923,2,3,11,rrrrrrrrrrrr
275,46,163.0,5.897707505292081,3,5,8,rrrGGgrrrGGg
276,48,115.0,5.666395921481421,3,5,7,rrrGGgrrrGGg
277,46,82.0,5.483453653207361,3,5,5,rrrGGgrrrGGg
278,45,60.0,5.493820622352918,3,5,4,rrrGGgrrrGGg
279,45,49.0,5.73265483459059,3,5,2,rrrGGgrrrGGg
280,44,42.0,5.846757551634846,3,6,1,rrrGGgrrrGGg
281,46,50.0,5.649228825372831,3,8,3,rrrGGgrrrGGg
282,46,52.0,6.078505381486656,3,7,0,rrrGGgrrrGGg
283,46,59.0,6.396018428455825,3,7,0,rrrGGgrrrGGg
284,46,66.0,6.558341103804672,3,7,0,rrrGGgrrrGGg
285,44,73.0,6.3775112506420815,3,7,0,rrrGGgrrrGGg
286,47,81.0,6.119772964278357,3,9,2,rrrGGgrrrGGg
287,47,89.0,6.378121835670536,3,8,0,rrrGGgrrrGGg
288,48,97.0,6.5163991865688375,3,9,0,rrrGGgrrrGGg
289,48,106.0,6.811799132590038,3,9,0,rrrGGgrrrGGg
290,48,115.0,6.9437893331234415,3,9,0,rrrGGgrrrGGg
291,50,124.0,6.730834245467078,3,10,1,rrrGGgrrrGGg
292,49,134.0,6.4400267816466705,3,10,1,rrrGGgrrrGGg
293,49,145.0,6.721905829042151,3,11,0,rrrGGgrrrGGg
294,49,156.0,6.990600107905899,3,11,0,rrrGGgrrrGGg
295,49,167.0,7.0916172765774315,3,11,0,rrrGGgrrrGGg
296,51,178.0,6.994552593229702,3,12,1,rrrGGgrrrGGg
297,50,189.0,7.002706445285011,3,11,0,rrrGGgrrrGGg
298,50,201.0,7.22573761057588,3,12,0,rrrGGgrrrGGg
299,50,213.0,7.183528912024298,3,12,0,rrrGGgrrrGGg
300,50,226.0,6.954918539724324,3,13,0,rrrGGgrrrGGg
301,52,239.0,6.858830241890773,3,13,1,rrrGGgrrrGGg
302,52,253.0,7.090265319306914,3,13,0,rrrGGgrrrGGg
303,52,263.0,7.230400629437531,3,13,0,rrrGGgrrrGGg
304,52,277.0,7.380836570735283,3,13,0,rrrGGgrrrGGg
305,52,292.0,7.4250443812338025,4,14,0,rrryyyrrryyy
306,54,307.0,7.130211065283181,4,15,1,rrryyyrrryyy
307,54,323.0,6.564578323700216,4,15,1,rrryyyrrryyy
308,53,339.0,6.459855105909768,5,14,0,rrrrrrrrrrrr
309,52,350.0,6.419193536369315,5,15,0,rrrrrrrrrrrr
310,52,243.0,6.6233032878332185,0,12,1,GGgrrrGGgrrr
311,53,181.0,6.7003840895123465,0,10,0,GGgrrrGGgrrr
312,52,124.0,6.543682711783402,0,6,1,GGgrrrGGgrrr
313,52,71.0,6.427725145891255,0,5,1,GGgrrrGGgrrr
314,52,32.0,6.597619255429451,0,3,0,GGgrrrGGgrrr
315,51,16.0,6.501124275499563,0,1,2,GGgrrrGGgrrr
316,51,20.0,6.333146709647304,0,2,2,GGgrrrGGgrrr
317,50,9.0,6.292291849091057,0,0,3,GGgrrrGGgrrr
318,51,11.0,6.275445190675304,0,1,4,GGgrrrGGgrrr
319,52,13.0,6.2658583974026625,0,1,3,GGgrrrGGgrrr
320,50,18.0,6.028197892988967,0,0,5,GGgrrrGGgrrr
321,50,23.0,5.932524508002631,0,1,5,GGgrrrGGgrrr
322,50,28.0,6.0923021163680575,0,0,5,GGgrrrGGgrrr
323,51,35.0,6.1002191084899104,0,0,7,GGgrrrGGgrrr
324,51,42.0,6.328543789037388,0,0,6,GGgrrrGGgrrr
325,50,47.0,6.184040681308207,0,0,8,GGgrrrGGgrrr
326,50,54.0,6.46887943101905,0,0,7,GGgrrrGGgrrr
327,50,61.0,6.370814867628901,0,1,7,GGgrrrGGgrrr
328,50,68.0,6.559422740695759,0,0,7,GGgrrrGGgrrr
329,50,76.0,6.732315283550295,0,0,8,GGgrrrGGgrrr
330,49,84.0,6.795991910272311,0,0,8,GGgrrrGGgrrr
331,50,93.0,6.876737591430491,0,0,10,GGgrrrGGgrrr
332,51,102.0,6.984469929660147,0,1,9,GGgrrrGGgrrr
333,52,111.0,7.061092854605908,0,0,10,GGgrrrGGgrrr
334,52,120.0,7.1491640261380685,0,0,9,GGgrrrGGgrrr
335,51,129.0,7.130745343321131,0,0,9,GGgrrrGGgrrr
336,52,139.0,7.103105023835833,0,1,9,GGgrrrGGgrrr
337,53,147.0,7.1703433963905185,0,1,9,GGgrrrGGgrrr
338,53,157.0,7.266458113807104,0,0,10,GGgrrrGGgrrr
339,54,167.0,7.087508890761934,0,0,11,GGgrrrGGgrrr
340,55,177.0,6.925057236897135,1,0,11,yyyrrryyyrrr
341,54,188.0,6.7812264239055935,1,0,10,yyyrrryyyrrr
342,54,200.0,6.4687130096499335,1,1,11,yyyrrryyyrrr
343,53,214.0,6.38745215529785,2,1,12,rrrrrrrrrrrr
344,52,228.0,6.331801403734678,2,1,12,rrrrrrrrrrrr
345,50,182.0,6.2477916160619795,3,3,10,rrrGGgrrrGGg
346,51,135.0,6.025034370481679,3,5,10,rrrGGgrrrGGg
347,50,98.0,5.761928259899941,3,6,7,rrrGGgrrrGGg
348,50,78.0,5.719124622497584,3,5,6,rrrGGgrrrGGg
349,49,64.0,5.671084046099031,3,6,3,rrrGGgrrrGGg
350,49,54.0,5.690116899725008,3,6,2,rrrGGgrrrGGg
351,49,50.0,5.66979230535334,3,6,2,rrrGGgrrrGGg
352,48,50.0,5.194937987773369,3,8,2,rrrGGgrrrGGg
353,49,58.0,5.212568170094874,3,8,4,rrrGGgrrrGGg
354,49,66.0,5.367846322710474,3,8,3,rrrGGgrrrGGg
355,50,74.0,5.4086058409740465,3,8,4,rrrGGgrrrGGg
356,51,82.0,5.446036737252302,3,10,2,rrrGGgrrrGGg
357,52,89.0,5.580433009302147,3,10,1,rrrGGgrrrGGg
358,48,96.0,5.191975567205913,3,9,1,rrrGGgrrrGGg
359,48,105.0,5.234751257310013,3,10,1,rrrGGgrrrGGg
360,48,115.0,5.425879900182675,3,10,0,rrrGGgrrrGGg
361,47,125.0,5.359988557949035,3,10,0,rrrGGgrrrGGg
362,48,135.0,5.382665223768311,3,11,0,rrrGGgrrrGGg
363,48,145.0,5.674387078514692,3,10,0,rrrGGgrrrGGg
364,50,155.0,5.788799086652283,3,11,1,rrrGGgrrrGGg
365,50,166.0,6.190135480184133,3,11,0,rrrGGgrrrGGg
366,50,177.0,6.417929662660445,3,11,0,rrrGGgrrrGGg
367,52,188.0,6.378867558588565,3,12,1,rrrGGgrrrGGg
368,52,199.0,6.518564911931521,3,11,0,rrrGGgrrrGGg
369,52,210.0,6.642413785886963,3,11,0,rrrGGgrrrGGg
370,51,222.0,6.58665229623358,3,12,0,rrrGGgrrrGGg
371,51,234.0,6.613466864226146,3,12,0,rrrGGgrrrGGg
372,52,247.0,6.307241887053177,3,14,1,rrrGGgrrrGGg
373,52,260.0,6.5604353196466665,3,13,0,rrrGGgrrrGGg
374,52,274.0,6.837150588682902,3,14,0,rrrGGgrrrGGg
375,53,288.0,6.946400946203389,4,14,1,rrryyyrrryyy
376,53,302.0,7.107075514848303,4,14,0,rrryyyrrryyy
377,54,316.0,6.706555446983429,4,16,0,rrryyyrrryyy
378,54,330.0,6.55363062431314,5,14,1,rrrrrrrrrrrr
379,54,346.0,6.679812855901122,5,15,1,rrrrrrrrrrrr
380,54,251.0,6.918105773308132,0,11,1,GGgrrrGGgrrr
381,54,196.0,7.134556310127704,0,9,1,GGgrrrGGgrrr
382,54,143.0,7.04472862782051,0,8,2,GGgrrrGGgrrr
383,54,96.0,6.951440233404656,0,5,3,GGgrrrGGgrrr
384,54,52.0,7.080748634044011,0,3,2,GGgrrrGGgrrr
385,53,31.0,7.245803109695912,0,2,3,GGgrrrGGgrrr
386,53,36.0,7.399691016498409,0,2,3,GGgrrrGGgrrr
387,55,28.0,6.911559164980809,0,3,4,GGgrrrGGgrrr
388,55,23.0,6.700881648556997,0,0,4,GGgrrrGGgrrr
389,54,29.0,6.629368336969405,0,0,4,GGgrrrGGgrrr
390,53,36.0,6.6402799798410825,0,0,5,GGgrrrGGgrrr
391,52,39.0,6.6809179026600685,0,1,5,GGgrrrGGgrrr
392,52,43.0,6.589681656994289,0,2,6,GGgrrrGGgrrr
393,51,48.0,6.427231113653021,0,1,7,GGgrrrGGgrrr
394,52,53.0,6.486691010918809,0,0,7,GGgrrrGGgrrr
395,51,59.0,6.508455542222622,0,0,6,GGgrrrGGgrrr
396,51,65.0,6.671183188350579,0,0,6,GGgrrrGGgrrr
397,50,72.0,6.270162019196103,0,1,7,GGgrrrGGgrrr
398,50,79.0,6.50045546177565,0,0,7,GGgrrrGGgrrr
399,51,86.0,6.619075108414347,0,0,8,GGgrrrGGgrrr
400,50,94.0,6.7621911682696565,0,0,8,GGgrrrGGgrrr
401,48,102.0,6.742383036862962,0,0,8,GGgrrrGGgrrr
402,49,110.0,6.514624573867316,0,1,9,GGgrrrGGgrrr
403,49,118.0,6.809127729956855,0,0,8,GGgrrrGGgrrr
404,51,127.0,6.85204400510861,0,1,10,GGgrrrGGgrrr
405,51,136.0,7.255984223703913,0,0,9,GGgrrrGGgrrr
406,51,145.0,7.508787203784022,0,0,9,GGgrrrGGgrrr
407,52,154.0,7.547592839109975,0,1,9,GGgrrrGGgrrr
408,52,164.0,7.703212407687754,0,0,10,GGgrrrGGgrrr
409,53,174.0,7.686720996174911,0,0,11,GGgrrrGGgrrr
410,54,185.0,7.777063567820908,1,0,12,yyyrrryyyrrr
411,53,196.0,7.771087585494946,1,0,11,yyyrrryyyrrr
412,54,208.0,7.721477963552213,1,2,11,yyyrrryyyrrr
413,53,221.0,7.6083876450912795,2,2,11,rrrrrrrrrrrr
414,52,234.0,7.495492562894009,2,2,11,rrrrrrrrrrrr
415,50,165.0,7.366581277226147,3,3,9,rrrGGgrrrGGg
416,51,116.0,7.146185032262844,3,5,8,rrrGGgrrrGGg
417,51,72.0,7.0632615533140655,3,5,5,rrrGGgrrrGGg
418,50,45.0,7.137830778638002,3,4,4,rrrGGgrrrGGg
419,50,31.0,7.2997015885546155,3,4,2,rrrGGgrrrGGg
420,50,29.0,7.54898624144592,3,4,1,rrrGGgrrrGGg
421,50,32.0,7.446594406470113,3,4,1,rrrGGgrrrGGg
422,51,37.0,7.186549464162354,3,6,1,rrrGGgrrrGGg
423,51,43.0,7.3085592318237484,3,6,0,rrrGGgrrrGGg
424,50,49.0,7.361467314392161,3,6,0,rrrGGgrrrGGg
425,47,55.0,7.081978856815217,3,6,0,rrrGGgrrrGGg
426,48,61.0,6.990891242728478,3,6,1,rrrGGgrrrGGg
427,47,67.0,6.688782768235462,3,7,0,rrrGGgrrrGGg
428,47,75.0,6.46873544208811,3,9,0,rrrGGgrrrGGg
429,47,83.0,6.372546447725948,3,8,1,rrrGGgrrrGGg
430,46,91.0,6.379680126059048,3,8,0,rrrGGgrrrGGg
431,47,99.0,6.402233630189684,3,8,1,rrrGGgrrrGGg
432,46,107.0,6.006734764388932,3,9,0,rrrGGgrrrGGg
433,46,115.0,6.105127350290686,3,8,0,rrrGGgrrrGGg
434,45,124.0,5.919040402942508,3,9,0,rrrGGgrrrGGg
435,45,133.0,6.004606936024609,3,9,0,rrrGGgrrrGGg
436,45,143.0,6.038383417098714,3,9,0,rrrGGgrrrGGg
437,46,152.0,6.007293852907729,3,10,1,rrrGGgrrrGGg
438,47,162.0,5.974305191992965,3,11,0,rrrGGgrrrGGg
439,47,173.0,6.072994501867079,3,10,0,rrrGGgrrrGGg
440,47,185.0,6.313803462436725,3,11,0,rrrGGgrrrGGg
441,48,198.0,6.276865170757181,3,11,1,rrrGGgrrrGGg
442,49,212.0,6.262812169373044,3,12,1,rrrGGgrrrGGg
443,51,228.0,6.017040792877232,3,13,3,rrrGGgrrrGGg
444,51,238.0,6.038443302889991,3,12,2,rrrGGgrrrGGg
445,51,249.0,6.135570287386756,4,12,3,rrryyyrrryyy
446,50,259.0,5.943102681948338,4,12,2,rrryyyrrryyy
447,49,269.0,5.762866702494615,4,12,2,rrryyyrrryyy
448,50,280.0,5.64439653248626,5,13,2,rrrrrrrrrrrr
449,50,293.0,5.775079867255714,5,13,2,rrrrrrrrrrrr
450,50,191.0,5.678568375610887,0,10,3,GGgrrrGGgrrr
451,50,132.0,5.567766038803627,0,7,4,GGgrrrGGgrrr
452,48,79.0,5.517909306628682,0,5,3,GGgrrrGGgrrr
453,48,39.0,5.306102491493716,0,4,3,GGgrrrGGgrrr
454,49,30.0,5.315987231301455,0,3,3,GGgrrrGGgrrr
455,49,17.0,5.448983999155429,0,1,4,GGgrrrGGgrrr
456,49,20.0,5.21129562398829,0,0,5,GGgrrrGGgrrr
457,49,26.0,5.387170989354552,0,0,6,GGgrrrGGgrrr
458,49,35.0,5.219712825883461,0,1,7,GGgrrrGGgrrr
459,49,46.0,5.4227984615825156,0,0,8,GGgrrrGGgrrr
460,48,56.0,5.071332723207731,0,1,10,GGgrrrGGgrrr
461,48,69.0,5.170326179145694,0,2,9,GGgrrrGGgrrr
462,48,82.0,4.97631387157669,0,3,9,GGgrrrGGgrrr
463,49,91.0,5.07828291555659,0,4,10,GGgrrrGGgrrr
464,50,99.0,5.249944301733063,0,3,11,GGgrrrGGgrrr
465,50,107.0,5.612341600446468,0,2,11,GGgrrrGGgrrr
466,50,114.0,5.933052542129678,0,1,11,GGgrrrGGgrrr
467,50,121.0,6.1948652181876405,0,0,11,GGgrrrGGgrrr
468,51,132.0,6.3057363847746215,0,1,11,GGgrrrGGgrrr
469,50,143.0,6.220385014131762,0,0,11,GGgrrrGGgrrr
470,50,155.0,6.322575752164198,0,0,12,GGgrrrGGgrrr
471,50,167.0,6.461150879237943,0,0,12,GGgrrrGGgrrr
472,50,180.0,6.558372923676218,0,0,14,GGgrrrGGgrrr
473,51,193.0,6.709929163797575,0,1,13,GGgrrrGGgrrr
474,53,206.0,6.6572613993498155,0,1,14,GGgrrrGGgrrr
475,53,219.0,6.825826323191363,0,0,13,GGgrrrGGgrrr
476,52,232.0,6.899304735192941,0,0,13,GGgrrrGGgrrr
477,51,246.0,6.8337417613073175,0,0,14,GGgrrrGGgrrr
478,52,260.0,6.887499169179591,0,1,14,GGgrrrGGgrrr
479,52,274.0,7.157102680873921,0,0,14,GGgrrrGGgrrr
480,52,288.0,7.279951819983773,1,0,14,yyyrrryyyrrr
481,52,302.0,7.482508774998801,1,0,14,yyyrrryyyrrr
482,52,316.0,7.39279038782621,1,1,14,yyyrrryyyrrr
483,52,330.0,7.174779266535348,2,1,14,rrrrrrrrrrrr
484,54,345.0,6.931093981874448,2,0,17,rrrrrrrrrrrr
485,51,251.0,6.483498133642867,3,0,12,rrrGGgrrrGGg
486,50,208.0,6.467882462066781,3,0,9,rrrGGgrrrGGg
487,50,173.0,6.711250444845304,3,1,8,rrrGGgrrrGGg
488,50,149.0,6.5822201242691065,3,3,7,rrrGGgrrrGGg
489,50,125.0,6.6715214574711625,3,2,6,rrrGGgrrrGGg
490,51,100.0,6.5330319509646495,3,2,6,rrrGGgrrrGGg
491,51,74.0,6.549118928936266,3,2,4,rrrGGgrrrGGg
492,50,83.0,6.529133354346934,3,3,4,rrrGGgrrrGGg
493,52,58.0,6.3096067310197075,3,4,5,rrrGGgrrrGGg
494,50,44.0,6.098475601798534,3,3,3,rrrGGgrrrGGg
495,50,42.0,5.878059406205432,3,5,3,rrrGGgrrrGGg
496,49,43.0,5.881950681487481,3,5,3,rrrGGgrrrGGg
497,50,48.0,5.982247416540534,3,5,3,rrrGGgrrrGGg
498,50,50.0,5.952036514125757,3,6,2,rrrGGgrrrGGg
499,50,52.0,6.0959094647024745,3,5,3,rrrGGgrrrGGg
500,49,54.0,6.062451303858612,3,5,2,rrrGGgrrrGGg
501,49,56.0,5.847235667724211,3,5,3,rrrGGgrrrGGg
502,47,59.0,5.610759576100095,3,5,1,rrrGGgrrrGGg
503,48,65.0,5.676088322431615,3,6,3,rrrGGgrrrGGg
504,48,71.0,5.286698845838388,3,8,1,rrrGGgrrrGGg
505,48,76.0,5.511283700350771,3,6,1,rrrGGgrrrGGg
506,48,84.0,5.4130947105715785,3,7,2,rrrGGgrrrGGg
507,47,90.0,5.490448933716878,3,7,1,rrrGGgrrrGGg
508,46,96.0,5.65690260414217,3,7,0,rrrGGgrrrGGg
509,47,103.0,5.842793468153444,3,8,0,rrrGGgrrrGGg
510,47,111.0,6.017540911374406,3,8,0,rrrGGgrrrGGg
511,49,119.0,5.900484333052798,3,8,2,rrrGGgrrrGGg
512,49,128.0,6.03582980538826,3,9,0,rrrGGgrrrGGg
513,49,138.0,6.244517010370579,3,9,1,rrrGGgrrrGGg
514,49,146.0,6.451436214566787,3,9,0,rrrGGgrrrGGg
515,50,157.0,6.501775904991485,4,12,0,rrryyyrrryyy
516,52,168.0,6.337612653528457,4,12,1,rrryyyrrryyy
517,52,180.0,6.338004479568657,4,11,1,rrryyyrrryyy
518,52,192.0,6.349089648693564,5,11,1,rrrrrrrrrrrr
519,50,205.0,6.169916878185961,5,11,2,rrrrrrrrrrrr
520,52,125.0,6.124542697606119,0,10,5,GGgrrrGGgrrr
521,51,75.0,5.8460047889186555,0,6,5,GGgrrrGGgrrr
522,51,45.0,5.988457186002315,0,3,5,GGgrrrGGgrrr
523,51,22.0,6.111607268255809,0,0,5,GGgrrrGGgrrr
524,51,29.0,6.222154733022468,0,0,7,GGgrrrGGgrrr
525,51,36.0,6.212022595522496,0,1,7,GGgrrrGGgrrr
526,52,44.0,5.906237423451169,0,0,10,GGgrrrGGgrrr
527,52,53.0,5.933404612451373,0,0,8,GGgrrrGGgrrr
528,52,63.0,5.943924020468363,0,0,9,GGgrrrGGgrrr
529,51,76.0,5.859736633045916,0,0,10,GGgrrrGGgrrr
530,52,92.0,5.511605436509836,0,3,12,GGgrrrGGgrrr
531,52,109.0,5.343967755874976,0,2,13,GGgrrrGGgrrr
532,51,126.0,5.269015307663586,0,2,12,GGgrrrGGgrrr
533,50,144.0,5.246361605717717,0,3,12,GGgrrrGGgrrr
534,50,163.0,5.3908670777047885,0,3,13,GGgrrrGGgrrr
535,51,174.0,5.132921478323975,0,4,15,GGgrrrGGgrrr
536,52,177.0,5.183841382698893,0,3,15,GGgrrrGGgrrr
537,51,186.0,5.140230048209896,0,2,14,GGgrrrGGgrrr
538,52,194.0,5.22217816398455,0,2,14,GGgrrrGGgrrr
539,52,203.0,5.357439351619375,0,0,14,GGgrrrGGgrrr
540,53,219.0,5.1281201798012725,0,1,16,GGgrrrGGgrrr
541,54,235.0,5.1811054614374905,0,0,16,GGgrrrGGgrrr
542,54,248.0,5.3398480414557845,0,0,16,GGgrrrGGgrrr
543,54,266.0,5.618827412356496,0,0,17,GGgrrrGGgrrr
544,54,284.0,5.767302637409131,0,0,17,GGgrrrGGgrrr
545,55,302.0,5.7116792473447076,0,1,17,GGgrrrGGgrrr
546,57,320.0,5.582122381484997,0,0,19,GGgrrrGGgrrr
547,57,339.0,5.659145105508435,0,0,18,GGgrrrGGgrrr
548,57,352.0,5.824201459329908,0,0,18,GGgrrrGGgrrr
549,57,371.0,5.919545082140623,0,0,19,GGgrrrGGgrrr
550,58,390.0,5.856745784677569,1,1,19,yyyrrryyyrrr
551,57,409.0,5.6885627577441955,1,0,19,yyyrrryyyrrr
552,57,429.0,5.715826702663039,1,0,20,yyyrrryyyrrr
553,57,450.0,5.636241369854716,2,0,22,rrrrrrrrrrrr
554,57,471.0,5.643829382319603,2,0,22,rrrrrrrrrrrr
555,59,404.0,5.6631120914842805,3,2,18,rrrGGgrrrGGg
556,59,357.0,5.8790817704535225,3,0,16,rrrGGgrrrGGg
557,58,314.0,5.9155069423839794,3,1,15,rrrGGgrrrGGg
558,58,276.0,5.837579008972943,3,1,14,rrrGGgrrrGGg
559,55,242.0,5.409392880556885,3,2,11,rrrGGgrrrGGg
560,55,210.0,5.081809818834294,3,4,9,rrrGGgrrrGGg
561,55,182.0,5.029218491612091,3,3,7,rrrGGgrrrGGg
562,55,195.0,5.10228066196984,3,4,8,rrrGGgrrrGGg
563,56,170.0,5.177889763108082,3,4,8,rrrGGgrrrGGg
564,56,146.0,5.271736731397647,3,5,7,rrrGGgrrrGGg
565,58,120.0,5.119357004240323,3,6,6,rrrGGgrrrGGg
566,58,97.0,5.0286877427107095,3,6,4,rrrGGgrrrGGg
567,58,79.0,5.2123410848935885,3,5,4,rrrGGgrrrGGg
568,58,69.0,5.0705784013065465,3,6,4,rrrGGgrrrGGg
569,57,61.0,5.001816956206793,3,6,2,rrrGGgrrrGGg
570,57,60.0,5.13165548288563,3,6,1,rrrGGgrrrGGg
571,58,64.0,4.923084103722761,3,8,2,rrrGGgrrrGGg
572,57,72.0,5.043286187778814,3,7,1,rrrGGgrrrGGg
573,57,77.0,5.003914435490596,3,7,1,rrrGGgrrrGGg
574,57,85.0,5.2529907319419875,3,8,0,rrrGGgrrrGGg
575,56,93.0,5.345998052971526,3,8,0,rrrGGgrrrGGg
576,57,101.0,5.476913473402395,3,8,1,rrrGGgrrrGGg
577,58,110.0,5.604263566941859,3,10,0,rrrGGgrrrGGg
578,58,119.0,5.917502779495103,3,9,0,rrrGGgrrrGGg
579,58,128.0,6.215720560542606,3,9,0,rrrGGgrrrGGg
580,58,137.0,6.439002988104615,3,9,0,rrrGGgrrrGGg
581,58,146.0,6.3655968794995506,3,10,0,rrrGGgrrrGGg
582,58,155.0,6.410108815913156,3,10,0,rrrGGgrrrGGg
583,58,165.0,6.429480268729555,3,10,1,rrrGGgrrrGGg
584,58,175.0,6.524965738640154,3,10,0,rrrGGgrrrGGg
585,58,185.0,6.647500326512602,4,10,0,rrryyyrrryyy
586,59,196.0,6.525416817182067,4,10,2,rrryyyrrryyy
587,59,209.0,6.277015581260606,4,13,1,rrryyyrrryyy
588,59,222.0,6.288282210030152,5,12,1,rrrrrrrrrrrr
589,59,238.0,6.294593416705261,5,12,4,rrrrrrrrrrrr
590,61,163.0,6.124682308186982,0,10,6,GGgrrrGGgrrr
591,60,100.0,6.046816423350722,0,6,6,GGgrrrGGgrrr
592,62,57.0,5.989087486503927,0,4,8,GGgrrrGGgrrr
593,62,40.0,6.158064449809781,0,2,7,GGgrrrGGgrrr
594,61,43.0,6.118027376246972,0,1,9,GGgrrrGGgrrr
595,62,51.0,6.051057037748367,0,0,11,GGgrrrGGgrrr
596,61,62.0,5.683569444208395,0,0,11,GGgrrrGGgrrr
597,61,75.0,5.417684072007112,0,1,12,GGgrrrGGgrrr
598,61,87.0,5.419975544541691,0,0,12,GGgrrrGGgrrr
599,59,102.0,5.228626393623142,0,0,13,GGgrrrGGgrrr
600,59,118.0,5.252316569544356,0,1,13,GGgrrrGGgrrr
601,59,134.0,5.2244236164573525,0,1,13,GGgrrrGGgrrr
602,59,152.0,5.266285252602971,0,2,14,GGgrrrGGgrrr
603,62,164.0,5.137315468561964,0,3,18,GGgrrrGGgrrr
604,62,179.0,5.188853852955951,0,4,17,GGgrrrGGgrrr
605,61,194.0,5.213115521353147,0,2,18,GGgrrrGGgrrr
606,60,209.0,5.297504315961342,0,1,18,GGgrrrGGgrrr
607,60,225.0,5.5413004266738835,0,0,19,GGgrrrGGgrrr
608,58,244.0,5.386469965382185,0,1,19,GGgrrrGGgrrr
609,58,263.0,5.584225020298859,0,0,19,GGgrrrGGgrrr
610,56,282.0,5.542867458555827,0,0,19,GGgrrrGGgrrr
611,55,302.0,5.700530126528114,0,0,20,GGgrrrGGgrrr
612,55,322.0,5.981934499169789,0,0,20,GGgrrrGGgrrr
613,57,342.0,5.759438861443281,0,1,22,GGgrrrGGgrrr
614,57,362.0,5.830239849607532,0,0,20,GGgrrrGGgrrr
615,57,382.0,5.751342151687734,0,1,20,GGgrrrGGgrrr
616,57,404.0,5.754490722828897,0,0,21,GGgrrrGGgrrr
617,57,424.0,5.81907344505262,0,0,21,GGgrrrGGgrrr
618,58,445.0,5.777467150339076,0,1,21,GGgrrrGGgrrr
619,59,467.0,5.834046274285848,0,0,23,GGgrrrGGgrrr
620,59,489.0,5.964888730625905,1,0,22,yyyrrryyyrrr
621,59,511.0,5.973706359779153,1,0,22,yyyrrryyyrrr
622,58,533.0,5.77751542637722,1,0,22,yyyrrryyyrrr
623,59,556.0,5.4015364239915336,2,2,23,rrrrrrrrrrrr
624,59,581.0,5.43048114935358,2,2,23,rrrrrrrrrrrr
625,58,494.0,5.198316664936186,3,3,21,rrrGGgrrrGGg
626,56,443.0,4.93151231525727,3,3,18,rrrGGgrrrGGg
627,56,390.0,5.007003239446324,3,4,16,rrrGGgrrrGGg
628,58,344.0,4.962976202694883,3,5,15,rrrGGgrrrGGg
629,57,302.0,4.993367213812924,3,5,14,rrrGGgrrrGGg
630,57,283.0,4.9408051143054825,3,4,14,rrrGGgrrrGGg
631,57,275.0,4.8006330104351305,3,5,12,rrrGGgrrrGGg
632,56,244.0,4.702065167631974,3,5,10,rrrGGgrrrGGg
633,56,219.0,4.816393153478463,3,5,8,rrrGGgrrrGGg
634,56,197.0,4.629539215890086,3,6,7,rrrGGgrrrGGg
635,56,177.0,4.710684805549051,3,6,6,rrrGGgrrrGGg
636,56,189.0,4.844543557905675,3,6,6,rrrGGgrrrGGg
637,54,167.0,4.5161228253085985,3,6,5,rrrGGgrrrGGg
638,53,144.0,4.380964913411502,3,6,4,rrrGGgrrrGGg
639,55,127.0,4.281503169542527,3,8,5,rrrGGgrrrGGg
640,54,114.0,4.358001010661967,3,8,3,rrrGGgrrrGGg
641,54,107.0,4.4768825577088505,3,8,2,rrrGGgrrrGGg
642,54,103.0,4.550210688524669,3,8,1,rrrGGgrrrGGg
643,54,108.0,4.455526183803934,3,8,2,rrrGGgrrrGGg
644,56,117.0,4.482581042597863,3,9,2,rrrGGgrrrGGg
645,57,124.0,4.723310441096316,3,10,0,rrrGGgrrrGGg
646,57,133.0,5.115952007649005,3,9,0,rrrGGgrrrGGg
647,57,142.0,5.428420969164175,3,9,0,rrrGGgrrrGGg
648,56,151.0,5.628529697128409,3,9,0,rrrGGgrrrGGg
649,57,160.0,5.780647272068367,3,10,0,rrrGGgrrrGGg
650,56,169.0,5.8467537492817305,3,9,0,rrrGGgrrrGGg
651,56,179.0,6.111333399431687,3,10,0,rrrGGgrrrGGg
652,56,189.0,6.320140575378747,3,10,0,rrrGGgrrrGGg
653,58,199.0,6.227191009486022,3,10,2,rrrGGgrrrGGg
654,59,210.0,6.3033061256997245,3,12,0,rrrGGgrrrGGg
655,59,221.0,6.424781709070858,4,11,0,rrryyyrrryyy
656,58,232.0,6.402187238034722,4,11,0,rrryyyrrryyy
657,57,244.0,6.2921502573106585,4,11,1,rrryyyrrryyy
658,58,258.0,6.188486822345677,5,12,3,rrrrrrrrrrrr
659,59,273.0,6.055727540543395,5,13,3,rrrrrrrrrrrr
660,59,160.0,6.058012349804241,0,8,5,GGgrrrGGgrrr
661,58,95.0,5.96393401432067,0,5,6,GGgrrrGGgrrr
662,59,71.0,5.894451596994883,0,5,7,GGgrrrGGgrrr
663,59,53.0,5.982999614495184,0,2,8,GGgrrrGGgrrr
664,62,43.0,5.798419560338366,0,2,10,GGgrrrGGgrrr
665,60,51.0,5.706902829433343,0,1,10,GGgrrrGGgrrr
666,60,61.0,5.870439406060188,0,0,11,GGgrrrGGgrrr
667,58,72.0,5.726717904925817,0,0,11,GGgrrrGGgrrr
668,58,86.0,5.8286807797055245,0,0,13,GGgrrrGGgrrr
669,57,101.0,5.177210126263924,0,2,13,GGgrrrGGgrrr
670,58,114.0,5.072159445321117,0,1,14,GGgrrrGGgrrr
671,57,127.0,4.946079813781282,0,1,14,GGgrrrGGgrrr
672,57,140.0,5.106750070711816,0,1,14,GGgrrrGGgrrr
673,58,154.0,5.155346536335094,0,0,16,GGgrrrGGgrrr
674,58,169.0,5.084347517632655,0,1,15,GGgrrrGGgrrr
675,59,185.0,5.122210886336223,0,0,17,GGgrrrGGgrrr
676,59,202.0,5.288199251235053,0,0,17,GGgrrrGGgrrr
677,56,219.0,5.096532892753495,0,0,17,GGgrrrGGgrrr
678,56,237.0,5.203893259704722,0,0,18,GGgrrrGGgrrr
679,55,255.0,5.263881056405465,0,0,18,GGgrrrGGgrrr
680,55,274.0,5.127544283053258,0,1,18,GGgrrrGGgrrr
681,54,292.0,5.19673117749136,0,0,19,GGgrrrGGgrrr
682,53,311.0,5.238660781435938,0,0,19,GGgrrrGGgrrr
683,54,330.0,5.287981190831825,0,0,20,GGgrrrGGgrrr
684,55,349.0,5.345641296047218,0,1,19,GGgrrrGGgrrr
685,57,368.0,5.314501104978467,0,1,20,GGgrrrGGgrrr
686,57,388.0,5.555510412676273,0,0,20,GGgrrrGGgrrr
687,57,408.0,5.775474975346849,0,0,20,GGgrrrGGgrrr
688,57,428.0,5.959907699092168,0,0,20,GGgrrrGGgrrr
689,57,448.0,6.040435616401885,0,0,20,GGgrrrGGgrrr
690,58,468.0,5.995410254824183,1,1,20,yyyrrryyyrrr
691,58,488.0,5.813582021611584,1,0,21,yyyrrryyyrrr
692,58,510.0,5.962359271411201,1,0,22,yyyrrryyyrrr
693,57,533.0,5.8988723300464,2,1,22,rrrrrrrrrrrr
694,55,556.0,5.595686162685506,2,1,22,rrrrrrrrrrrr
695,55,449.0,5.308312970041535,3,3,18,rrrGGgrrrGGg
696,57,395.0,5.133341704713399,3,3,18,rrrGGgrrrGGg
697,57,343.0,5.338211148123664,3,3,16,rrrGGgrrrGGg
698,57,314.0,5.2932456079252015,3,4,15,rrrGGgrrrGGg
699,57,297.0,5.3968217331945025,3,4,13,rrrGGgrrrGGg
700,58,269.0,5.325346761287418,3,5,11,rrrGGgrrrGGg
701,58,244.0,5.374870642349623,3,4,9,rrrGGgrrrGGg
702,58,261.0,5.214451569515831,3,6,11,rrrGGgrrrGGg
703,56,239.0,5.176701250984373,3,6,9,rrrGGgrrrGGg
704,55,217.0,5.262964638910569,3,6,8,rrrGGgrrrGGg
705,55,196.0,5.227046848311452,3,7,7,rrrGGgrrrGGg
706,54,209.0,5.124077353772192,3,6,7,rrrGGgrrrGGg
707,56,187.0,5.005714296358163,3,7,7,rrrGGgrrrGGg
708,56,166.0,5.168270911096494,3,7,5,rrrGGgrrrGGg
709,56,144.0,5.306116932083684,3,7,4,rrrGGgrrrGGg
710,56,125.0,5.03768350126131,3,8,4,rrrGGgrrrGGg
711,56,136.0,5.186130010367951,3,7,4,rrrGGgrrrGGg
712,56,109.0,5.363592557051674,3,7,2,rrrGGgrrrGGg
713,56,119.0,5.516787039782597,3,8,2,rrrGGgrrrGGg
714,55,116.0,5.5325760516423355,3,8,1,rrrGGgrrrGGg
715,55,120.0,5.244464423419409,3,9,1,rrrGGgrrrGGg
716,54,129.0,5.320130499233623,3,8,1,rrrGGgrrrGGg
717,53,137.0,5.430053898497816,3,9,0,rrrGGgrrrGGg
718,54,146.0,5.539938071305859,3,9,1,rrrGGgrrrGGg
719,55,155.0,5.622528031604608,3,10,0,rrrGGgrrrGGg
720,56,165.0,5.742480055603615,3,11,0,rrrGGgrrrGGg
721,57,175.0,5.78739446381689,3,10,1,rrrGGgrrrGGg
722,57,185.0,5.878313166276566,3,10,0,rrrGGgrrrGGg
723,57,196.0,6.086338557502373,3,11,0,rrrGGgrrrGGg
724,57,207.0,6.287939747741752,3,11,0,rrrGGgrrrGGg
725,58,218.0,6.3444839470928285,4,12,0,rrryyyrrryyy
726,57,229.0,6.332803205952187,4,11,0,rrryyyrrryyy
727,57,241.0,6.165326432495806,4,12,1,rrryyyrrryyy
728,56,254.0,6.2319367336324705,5,13,0,rrrrrrrrrrrr
729,56,268.0,6.28187724284666,5,13,1,rrrrrrrrrrrr
730,58,177.0,6.123825399387623,0,11,2,GGgrrrGGgrrr
731,58,99.0,5.922243822731937,0,8,3,GGgrrrGGgrrr
732,58,42.0,5.951745852781619,0,4,3,GGgrrrGGgrrr
733,58,30.0,6.037722429377292,0,2,5,GGgrrrGGgrrr
734,57,26.0,6.009320347600991,0,1,6,GGgrrrGGgrrr
735,56,26.0,5.805126013134007,0,1,7,GGgrrrGGgrrr
736,56,34.0,5.754242692367412,0,0,9,GGgrrrGGgrrr
737,55,43.0,5.672045732987347,0,0,9,GGgrrrGGgrrr
738,55,54.0,5.74780207397435,0,0,10,GGgrrrGGgrrr
739,57,64.0,5.629817198172585,0,1,11,GGgrrrGGgrrr
740,58,75.0,5.619618598372633,0,2,11,GGgrrrGGgrrr
741,55,86.0,5.177760371049232,0,0,12,GGgrrrGGgrrr
742,55,99.0,5.171780488333962,0,0,12,GGgrrrGGgrrr
743,54,113.0,5.001299068336686,0,0,13,GGgrrrGGgrrr
744,54,129.0,5.060793015115305,0,0,15,GGgrrrGGgrrr
745,56,143.0,4.973280026061412,0,2,17,GGgrrrGGgrrr
746,55,160.0,4.8256238814107695,0,1,16,GGgrrrGGgrrr
747,56,177.0,4.842638032805319,0,0,18,GGgrrrGGgrrr
748,54,196.0,4.6207322808109055,0,0,17,GGgrrrGGgrrr
749,54,216.0,4.709359493645989,0,1,17,GGgrrrGGgrrr
750,54,237.0,4.55983354995248,0,2,18,GGgrrrGGgrrr
751,55,259.0,4.556470145168111,0,3,18,GGgrrrGGgrrr
752,56,281.0,4.548356256642112,0,2,19,GGgrrrGGgrrr
753,56,304.0,4.455100972206081,0,3,19,GGgrrrGGgrrr
754,56,328.0,4.643805145977839,0,3,19,GGgrrrGGgrrr
755,56,352.0,4.842083974270735,0,3,19,GGgrrrGGgrrr
756,57,378.0,4.969132268063749,0,5,20,GGgrrrGGgrrr
757,58,404.0,5.112663760175325,0,4,21,GGgrrrGGgrrr
758,59,430.0,5.242787425895809,0,4,21,GGgrrrGGgrrr
759,59,456.0,5.484989281413767,0,4,20,GGgrrrGGgrrr
760,60,467.0,5.570945528941362,1,5,20,yyyrrryyyrrr
761,61,478.0,5.551050846744433,1,5,20,yyyrrryyyrrr
762,61,488.0,5.562294086007573,1,3,20,yyyrrryyyrrr
763,60,498.0,5.193470647726482,2,2,21,rrrrrrrrrrrr
764,60,510.0,5.245600785783049,2,3,20,rrrrrrrrrrrr
765,59,419.0,5.060869885708408,3,3,18,rrrGGgrrrGGg
766,60,372.0,5.1487227614907285,3,5,15,rrrGGgrrrGGg
767,59,332.0,5.1907062169663725,3,4,13,rrrGGgrrrGGg
768,59,296.0,5.348031755155376,3,5,11,rrrGGgrrrGGg
769,60,262.0,5.400052019925389,3,6,9,rrrGGgrrrGGg
770,60,243.0,5.314904960826129,3,6,9,rrrGGgrrrGGg
771,60,224.0,5.126060019239762,3,8,7,rrrGGgrrrGGg
772,60,205.0,5.044373468169138,3,7,7,rrrGGgrrrGGg
773,60,220.0,5.0672996093183365,3,8,6,rrrGGgrrrGGg
774,58,202.0,4.965254202215643,3,8,6,rrrGGgrrrGGg
775,59,183.0,5.0596352286250275,3,9,7,rrrGGgrrrGGg
776,59,164.0,4.847920895930416,3,10,5,rrrGGgrrrGGg
777,58,144.0,4.831761380179688,3,9,4,rrrGGgrrrGGg
778,59,123.0,4.92219513039015,3,10,2,rrrGGgrrrGGg
779,59,135.0,5.005493150852176,3,9,3,rrrGGgrrrGGg
780,59,123.0,4.816949819455798,3,9,3,rrrGGgrrrGGg
781,60,129.0,4.801014588064669,3,11,1,rrrGGgrrrGGg
782,60,138.0,4.5828473781381875,3,10,1,rrrGGgrrrGGg
783,60,147.0,4.695307820248908,3,11,0,rrrGGgrrrGGg
784,59,156.0,4.722571197605746,3,11,1,rrrGGgrrrGGg
785,59,168.0,4.873512470188884,3,12,1,rrrGGgrrrGGg
786,60,179.0,4.950054094055038,3,13,0,rrrGGgrrrGGg
787,60,191.0,5.128825456361994,3,12,0,rrrGGgrrrGGg
788,61,204.0,5.169680118103826,3,13,1,rrrGGgrrrGGg
789,62,217.0,5.1803407245151885,3,13,1,rrrGGgrrrGGg
790,62,230.0,5.289996858225863,3,13,0,rrrGGgrrrGGg
791,64,243.0,5.23836067023947,3,15,0,rrrGGgrrrGGg
792,63,257.0,5.279545726223344,3,14,0,rrrGGgrrrGGg
793,63,271.0,5.428466921169802,3,14,0,rrrGGgrrrGGg
794,62,286.0,5.495091783106337,3,15,0,rrrGGgrrrGGg
795,63,301.0,5.538531827822812,4,15,1,rrryyyrrryyy
796,64,316.0,5.324534055564378,4,16,1,rrryyyrrryyy
797,64,334.0,5.39194946016,4,16,2,rrryyyrrryyy
798,63,352.0,5.312037684966175,5,16,2,rrrrrrrrrrrr
799,63,372.0,5.412655430280728,5,16,4,rrrrrrrrrrrr
800,63,256.0,5.254921257657609,0,13,4,GGgrrrGGgrrr
801,64,201.0,5.2112363280023235,0,10,7,GGgrrrGGgrrr
802,64,157.0,5.057152560095765,0,7,8,GGgrrrGGgrrr
803,63,126.0,5.019156218129094,0,5,7,GGgrrrGGgrrr
804,63,103.0,5.226787465952933,0,3,8,GGgrrrGGgrrr
805,64,82.0,5.2957404477756915,0,2,10,GGgrrrGGgrrr
806,64,70.0,5.105670831795626,0,2,10,GGgrrrGGgrrr
807,64,72.0,5.179136110959441,0,0,11,GGgrrrGGgrrr
808,64,85.0,5.296824917099377,0,0,12,GGgrrrGGgrrr
809,64,100.0,5.347289127250267,0,0,13,GGgrrrGGgrrr
810,64,116.0,5.445462563389616,0,1,13,GGgrrrGGgrrr
811,63,134.0,5.182987781345939,0,3,14,GGgrrrGGgrrr
812,63,151.0,5.389281806236546,0,1,15,GGgrrrGGgrrr
813,62,172.0,5.149919522606232,0,3,17,GGgrrrGGgrrr
814,60,194.0,4.840895733633085,0,3,17,GGgrrrGGgrrr
815,61,218.0,4.736791906352011,0,4,19,GGgrrrGGgrrr
816,62,244.0,4.687993688556198,0,6,19,GGgrrrGGgrrr
817,61,271.0,4.678663025305709,0,5,20,GGgrrrGGgrrr
818,61,288.0,4.831252061254638,0,6,21,GGgrrrGGgrrr
819,61,306.0,4.806462957216605,0,8,21,GGgrrrGGgrrr
820,60,323.0,4.618246203742868,0,6,22,GGgrrrGGgrrr
821,60,341.0,4.554561111050986,0,6,21,GGgrrrGGgrrr
822,61,357.0,4.727925861351432,0,4,22,GGgrrrGGgrrr
823,61,374.0,4.965497673101796,0,3,22,GGgrrrGGgrrr
824,61,390.0,5.1150994212223235,0,2,22,GGgrrrGGgrrr
825,61,414.0,5.329387459208859,0,2,22,GGgrrrGGgrrr
826,62,429.0,5.366372769378272,0,2,22,GGgrrrGGgrrr
827,62,443.0,5.4268777308251455,0,0,22,GGgrrrGGgrrr
828,62,466.0,5.519147297347771,0,0,23,GGgrrrGGgrrr
829,63,489.0,5.584954443764959,0,0,24,GGgrrrGGgrrr
830,65,512.0,5.498618093731892,1,1,24,yyyrrryyyrrr
831,65,535.0,5.314855222781676,1,1,23,yyyrrryyyrrr
832,65,560.0,5.327601863122871,1,1,24,yyyrrryyyrrr
833,63,587.0,5.017947542876841,2,2,25,rrrrrrrrrrrr
834,63,614.0,5.05073961524833,2,2,25,rrrrrrrrrrrr
835,62,541.0,4.987128779189406,3,4,22,rrrGGgrrrGGg
836,61,492.0,4.809935814771989,3,6,20,rrrGGgrrrGGg
837,62,444.0,4.888881900459523,3,6,19,rrrGGgrrrGGg
838,61,397.0,4.8613657508481545,3,7,16,rrrGGgrrrGGg
839,59,360.0,4.617638350471019,3,7,14,rrrGGgrrrGGg
840,57,324.0,4.45878655342107,3,8,12,rrrGGgrrrGGg
841,58,309.0,4.402373531667281,3,9,11,rrrGGgrrrGGg
842,59,314.0,4.371016156830141,3,8,12,rrrGGgrrrGGg
843,59,286.0,4.187241287157646,3,9,9,rrrGGgrrrGGg
844,58,268.0,4.191287243688343,3,9,8,rrrGGgrrrGGg
845,59,251.0,4.339111582439513,3,9,9,rrrGGgrrrGGg
846,60,234.0,4.450865927540231,3,10,7,rrrGGgrrrGGg
847,60,216.0,4.624434345363089,3,9,6,rrrGGgrrrGGg
848,60,231.0,4.830693275017604,3,9,6,rrrGGgrrrGGg
849,60,212.0,5.022024294625271,3,10,5,rrrGGgrrrGGg
850,60,193.0,4.949738732853968,3,10,5,rrrGGgrrrGGg
851,61,178.0,4.9590480321398855,3,11,3,rrrGGgrrrGGg
852,61,170.0,5.095189919862445,3,10,2,rrrGGgrrrGGg
853,59,171.0,5.06631146180188,3,11,1,rrrGGgrrrGGg
854,59,173.0,5.327856180472057,3,11,0,rrrGGgrrrGGg
855,59,184.0,5.275771377896627,3,11,1,rrrGGgrrrGGg
856,57,197.0,5.0469729685333995,3,13,1,rrrGGgrrrGGg
857,58,208.0,5.245381842767981,3,12,1,rrrGGgrrrGGg
858,59,221.0,5.394087928192144,3,14,0,rrrGGgrrrGGg
859,59,234.0,5.5764408512049615,3,13,0,rrrGGgrrrGGg
860,59,247.0,5.7256970795355056,3,13,0,rrrGGgrrrGGg
861,61,260.0,5.643720440883378,3,14,1,rrrGGgrrrGGg
862,61,274.0,5.808045528769569,3,14,0,rrrGGgrrrGGg
863,62,288.0,5.826536273563555,3,14,1,rrrGGgrrrGGg
864,62,303.0,5.997270350850764,3,15,0,rrrGGgrrrGGg
865,62,318.0,6.145241333361673,4,15,0,rrryyyrrryyy
866,64,334.0,6.14495305548371,4,17,1,rrryyyrrryyy
867,64,350.0,6.336312384216408,4,16,0,rrryyyrrryyy
868,64,367.0,6.5001527312859455,5,16,1,rrrrrrrrrrrr
869,63,384.0,6.489718389553028,5,16,1,rrrrrrrrrrrr
870,62,286.0,6.4502993140854405,0,12,3,GGgrrrGGgrrr
871,64,215.0,6.07053080259454,0,10,6,GGgrrrGGgrrr
872,65,168.0,6.1155384305231255,0,9,5,GGgrrrGGgrrr
873,64,123.0,6.1594008196481855,0,6,5,GGgrrrGGgrrr
874,63,81.0,6.117653357508077,0,4,6,GGgrrrGGgrrr
875,61,50.0,5.9810286812098985,0,2,7,GGgrrrGGgrrr
876,62,41.0,5.862773934860178,0,2,7,GGgrrrGGgrrr
877,63,49.0,5.85100037802909,0,0,9,GGgrrrGGgrrr
878,61,59.0,5.693476591968143,0,0,8,GGgrrrGGgrrr
879,60,70.0,5.731510433008111,0,0,9,GGgrrrGGgrrr
880,59,83.0,5.742281909867322,0,1,10,GGgrrrGGgrrr
881,60,99.0,5.749136739751454,0,3,12,GGgrrrGGgrrr
882,61,115.0,5.516816797203367,0,2,14,GGgrrrGGgrrr
883,60,126.0,5.292812089881641,0,4,14,GGgrrrGGgrrr
884,60,138.0,5.496153794593121,0,4,14,GGgrrrGGgrrr
885,60,151.0,5.6263039902203795,0,4,14,GGgrrrGGgrrr
886,59,163.0,5.59829542819736,0,3,14,GGgrrrGGgrrr
887,60,176.0,5.673928307998096,0,4,14,GGgrrrGGgrrr
888,60,195.0,5.5659990012645375,0,4,16,GGgrrrGGgrrr
889,59,209.0,5.362309421425498,0,3,17,GGgrrrGGgrrr
890,57,222.0,5.198126700925565,0,2,16,GGgrrrGGgrrr
891,56,236.0,5.142233609129429,0,1,17,GGgrrrGGgrrr
892,57,250.0,5.231659657414218,0,2,17,GGgrrrGGgrrr
893,57,268.0,5.445551648801686,0,1,17,GGgrrrGGgrrr
894,58,284.0,5.584719785292297,0,0,19,GGgrrrGGgrrr
895,58,302.0,5.830643992231072,0,0,18,GGgrrrGGgrrr
896,58,320.0,5.961892298986191,0,0,18,GGgrrrGGgrrr
897,59,338.0,6.006947612565061,0,1,18,GGgrrrGGgrrr
898,59,358.0,6.081985179821269,0,0,20,GGgrrrGGgrrr
899,59,378.0,6.27276287574492,0,0,20,GGgrrrGGgrrr
900,60,398.0,6.292509066463707,1,0,21,yyyrrryyyrrr
901,62,418.0,6.1540197320552625,1,1,21,yyyrrryyyrrr
902,60,440.0,5.938246610207465,1,1,21,yyyrrryyyrrr
903,61,462.0,5.889621744810975,2,2,21,rrrrrrrrrrrr
904,60,485.0,5.676740799927956,2,2,21,rrrrrrrrrrrr
905,59,437.0,5.528307166327633,3,4,19,rrrGGgrrrGGg
906,59,395.0,5.513203125743248,3,4,17,rrrGGgrrrGGg
907,59,355.0,5.297855272586073,3,5,17,rrrGGgrrrGGg
908,57,320.0,5.194570409789954,3,5,15,rrrGGgrrrGGg
909,58,289.0,5.182661785537183,3,7,14,rrrGGgrrrGGg
910,57,260.0,5.329309969180801,3,7,11,rrrGGgrrrGGg
911,56,243.0,5.3624765331632265,3,7,10,rrrGGgrrrGGg
912,57,216.0,5.457614502356785,3,7,9,rrrGGgrrrGGg
913,57,191.0,5.558752906504802,3,7,6,rrrGGgrrrGGg
914,57,204.0,5.588784945349885,3,7,6,rrrGGgrrrGGg
915,57,183.0,5.182231194099112,3,8,6,rrrGGgrrrGGg
916,55,164.0,4.9064934688146415,3,8,5,rrrGGgrrrGGg
917,57,146.0,4.863184159956316,3,8,6,rrrGGgrrrGGg
918,57,161.0,4.714049686182367,3,11,4,rrrGGgrrrGGg
919,56,147.0,4.751281977277553,3,10,3,rrrGGgrrrGGg
920,55,140.0,4.50692132127666,3,11,3,rrrGGgrrrGGg
921,55,141.0,4.7314965939560825,3,10,2,rrrGGgrrrGGg
922,56,148.0,4.799630760719419,3,10,3,rrrGGgrrrGGg
923,56,159.0,4.862264894563859,3,10,2,rrrGGgrrrGGg
924,55,167.0,4.553746371393878,3,10,4,rrrGGgrrrGGg
925,56,175.0,4.568695279941105,3,11,3,rrrGGgrrrGGg
926,55,183.0,4.583683567530675,3,10,2,rrrGGgrrrGGg
927,56,192.0,4.690936711557295,3,11,3,rrrGGgrrrGGg
928,56,201.0,4.923941709919484,3,12,1,rrrGGgrrrGGg
929,56,212.0,5.152950844048457,3,12,1,rrrGGgrrrGGg
930,57,226.0,5.36347643291527,3,13,2,rrrGGgrrrGGg
931,58,238.0,5.429666985592764,3,13,2,rrrGGgrrrGGg
932,59,250.0,5.5311801261007085,3,12,3,rrrGGgrrrGGg
933,60,261.0,5.467350112965465,3,12,2,rrrGGgrrrGGg
934,60,272.0,5.484054114478446,3,12,1,rrrGGgrrrGGg
935,61,284.0,5.489751533918789,4,14,0,rrryyyrrryyy
936,61,298.0,5.667303050363511,4,14,0,rrryyyrrryyy
937,62,312.0,5.679994240025504,4,14,1,rrryyyrrryyy
938,60,326.0,5.4984114674534466,5,14,0,rrrrrrrrrrrr
939,59,341.0,5.386135306454659,5,14,1,rrrrrrrrrrrr
940,59,235.0,5.196510165527889,0,10,4,GGgrrrGGgrrr
941,60,189.0,5.205485951427732,0,8,4,GGgrrrGGgrrr
942,59,156.0,5.178515597309272,0,6,4,GGgrrrGGgrrr
943,59,128.0,5.355791041898273,0,4,5,GGgrrrGGgrrr
944,60,102.0,5.384292097028178,0,3,7,GGgrrrGGgrrr
945,59,77.0,5.4583243279061655,0,3,7,GGgrrrGGgrrr
946,60,60.0,5.3731185050812655,0,3,7,GGgrrrGGgrrr
947,61,73.0,5.299242522122429,0,2,10,GGgrrrGGgrrr
948,61,63.0,5.166221531743382,0,2,9,GGgrrrGGgrrr
949,59,71.0,4.9548969418308815,0,0,10,GGgrrrGGgrrr
950,60,85.0,4.947541420719377,0,0,13,GGgrrrGGgrrr
951,61,93.0,4.907673524544213,0,1,12,GGgrrrGGgrrr
952,60,102.0,4.8088900871572475,0,0,13,GGgrrrGGgrrr
953,61,117.0,4.672145440692173,0,0,15,GGgrrrGGgrrr
954,60,133.0,4.53433852033312,0,0,15,GGgrrrGGgrrr
955,60,153.0,4.600759981712898,0,0,17,GGgrrrGGgrrr
956,61,174.0,4.54393643161659,0,2,17,GGgrrrGGgrrr
957,61,192.0,4.628829689156888,0,1,17,GGgrrrGGgrrr
958,61,215.0,4.661206158602342,0,2,18,GGgrrrGGgrrr
959,59,239.0,4.491273136926817,0,3,18,GGgrrrGGgrrr
960,59,260.0,4.415310709692822,0,4,19,GGgrrrGGgrrr
961,60,278.0,4.026377940896217,0,4,22,GGgrrrGGgrrr
962,59,297.0,3.865553547681704,0,4,21,GGgrrrGGgrrr
963,59,311.0,3.7935735252336906,0,4,21,GGgrrrGGgrrr
964,59,330.0,3.792047373513343,0,3,21,GGgrrrGGgrrr
965,59,351.0,3.9360161496938817,0,3,23,GGgrrrGGgrrr
966,60,372.0,4.090023640678192,0,3,23,GGgrrrGGgrrr
967,61,393.0,4.1804595854350355,0,1,24,GGgrrrGGgrrr
968,62,414.0,4.279561512955228,0,1,23,GGgrrrGGgrrr
969,63,438.0,4.274097253640043,0,0,24,GGgrrrGGgrrr
970,63,463.0,4.282352337800373,1,0,23,yyyrrryyyrrr
971,63,484.0,4.317957418790582,1,1,23,yyyrrryyyrrr
972,63,510.0,4.164400070945214,1,4,25,yyyrrryyyrrr
973,62,536.0,4.158509805490535,2,3,25,rrrrrrrrrrrr
974,62,561.0,4.248947718598146,2,2,25,rrrrrrrrrrrr
975,61,484.0,4.1843692001101385,3,2,22,rrrGGgrrrGGg
976,61,425.0,4.176343494864853,3,4,21,rrrGGgrrrGGg
977,63,387.0,4.325878269273264,3,4,19,rrrGGgrrrGGg
978,63,393.0,4.422756570447711,3,4,17,rrrGGgrrrGGg
979,63,371.0,4.433451845505635,3,3,15,rrrGGgrrrGGg
980,63,353.0,4.172812442203461,3,5,14,rrrGGgrrrGGg
981,63,335.0,4.073091239185575,3,5,13,rrrGGgrrrGGg
982,64,319.0,3.8965488088000813,3,8,13,rrrGGgrrrGGg
983,65,306.0,3.989644379065354,3,8,13,rrrGGgrrrGGg
984,65,327.0,4.224187492128973,3,9,12,rrrGGgrrrGGg
985,65,315.0,4.415347349675592,3,10,11,rrrGGgrrrGGg
986,65,301.0,4.6378835912684915,3,9,11,rrrGGgrrrGGg
987,65,289.0,4.506696025607829,3,11,10,rrrGGgrrrGGg
988,64,271.0,4.402634698758719,3,10,10,rrrGGgrrrGGg
989,66,253.0,4.2775019673136825,3,11,11,rrrGGgrrrGGg
990,67,269.0,4.365430312791462,3,10,11,rrrGGgrrrGGg
991,67,252.0,4.531252111217095,3,10,9,rrrGGgrrrGGg
992,67,236.0,4.563541234453073,3,12,8,rrrGGgrrrGGg
993,66,222.0,4.636704653434123,3,12,7,rrrGGgrrrGGg
994,66,209.0,4.768321447662548,3,12,5,rrrGGgrrrGGg
995,66,201.0,4.810607012424973,3,13,5,rrrGGgrrrGGg
996,64,197.0,4.628675588944314,3,13,3,rrrGGgrrrGGg
997,65,211.0,4.466644182464406,3,15,3,rrrGGgrrrGGg
998,66,213.0,4.551335016630314,3,14,4,rrrGGgrrrGGg
999,66,219.0,4.700920097667527,3,14,2,rrrGGgrrrGGg
1000,67,232.0,4.767626349055971,3,14,2,rrrGGgrrrGGg
1001,66,244.0,4.79609904320177,3,14,1,rrrGGgrrrGGg
1002,66,259.0,4.62975129046761,3,16,1,rrrGGgrrrGGg
1003,66,273.0,4.641271551263852,3,15,0,rrrGGgrrrGGg
1004,65,289.0,4.617221244055865,3,15,0,rrrGGgrrrGGg
1005,66,307.0,4.708362951048871,4,16,2,rrryyyrrryyy
1006,66,323.0,4.811596116342518,4,16,2,rrryyyrrryyy
1007,67,342.0,4.545820983190737,4,18,2,rrryyyrrryyy
1008,67,362.0,4.580151156066142,5,16,3,rrrrrrrrrrrr
1009,67,380.0,4.584740451669092,5,16,4,rrrrrrrrrrrr
1010,66,283.0,4.487413762137064,0,13,5,GGgrrrGGgrrr
1011,67,226.0,4.477135212436585,0,10,6,GGgrrrGGgrrr
1012,68,188.0,4.242004028827255,0,9,7,GGgrrrGGgrrr
1013,67,162.0,4.135774695877845,0,6,7,GGgrrrGGgrrr
1014,67,175.0,4.193204236015558,0,6,7,GGgrrrGGgrrr
1015,66,151.0,4.17977617087614,0,4,8,GGgrrrGGgrrr
1016,66,132.0,4.182148835354463,0,3,8,GGgrrrGGgrrr
1017,68,115.0,4.119138977574967,0,4,10,GGgrrrGGgrrr
1018,67,103.0,3.8433017605212796,0,1,12,GGgrrrGGgrrr
1019,67,95.0,3.8490942187564006,0,0,11,GGgrrrGGgrrr
1020,67,109.0,3.9345143551288735,0,0,12,GGgrrrGGgrrr
1021,67,123.0,3.857534738579251,0,1,12,GGgrrrGGgrrr
1022,67,138.0,3.7398868988437957,0,1,13,GGgrrrGGgrrr
1023,67,146.0,3.841323198814809,0,0,14,GGgrrrGGgrrr
1024,65,156.0,3.777665356447759,0,0,16,GGgrrrGGgrrr
1025,65,174.0,3.9040797887511496,0,0,17,GGgrrrGGgrrr
1026,64,191.0,3.9274258561573485,0,0,17,GGgrrrGGgrrr
1027,67,208.0,3.915224127198016,0,1,20,GGgrrrGGgrrr
1028,67,226.0,4.071002899221994,0,0,19,GGgrrrGGgrrr
1029,67,248.0,4.065621114897457,0,0,21,GGgrrrGGgrrr
1030,67,268.0,4.0473100678412,0,0,21,GGgrrrGGgrrr
1031,67,288.0,4.01536287524016,0,0,21,GGgrrrGGgrrr
1032,68,309.0,4.015078529187283,0,1,21,GGgrrrGGgrrr
1033,69,329.0,4.042377053883379,0,0,24,GGgrrrGGgrrr
1034,68,356.0,4.059754054345455,0,0,25,GGgrrrGGgrrr
1035,70,381.0,4.076220778872098,0,1,25,GGgrrrGGgrrr
1036,69,409.0,4.094737052448058,0,1,25,GGgrrrGGgrrr
1037,70,438.0,4.157401603223624,0,2,26,GGgrrrGGgrrr
1038,71,463.0,4.20027596412775,0,2,28,GGgrrrGGgrrr
1039,71,487.0,4.265244336344029,0,2,27,GGgrrrGGgrrr
1040,71,511.0,4.308738151639138,1,1,27,yyyrrryyyrrr
1041,70,537.0,4.166698232786133,1,1,28,yyyrrryyyrrr
1042,72,567.0,4.078929212958531,1,3,29,yyyrrryyyrrr
1043,70,597.0,3.8228544375072473,2,2,28,rrrrrrrrrrrr
1044,71,628.0,3.7900492608906466,2,4,29,rrrrrrrrrrrr
1045,71,572.0,3.9099389442391894,3,5,25,rrrGGgrrrGGg
1046,71,525.0,3.992170069374236,3,6,23,rrrGGgrrrGGg
1047,72,492.0,4.003419148708737,3,8,21,rrrGGgrrrGGg
1048,73,479.0,4.0250067726545575,3,9,19,rrrGGgrrrGGg
1049,73,471.0,3.94971306114024,3,9,20,rrrGGgrrrGGg
1050,73,456.0,3.891774056146782,3,10,19,rrrGGgrrrGGg
1051,73,448.0,3.9489184017858716,3,10,17,rrrGGgrrrGGg
1052,72,478.0,3.641625291354395,3,12,17,rrrGGgrrrGGg
1053,71,473.0,3.551182636719985,3,11,18,rrrGGgrrrGGg
1054,72,468.0,3.600880808829747,3,12,18,rrrGGgrrrGGg
1055,72,465.0,3.705767999065962,3,12,17,rrrGGgrrrGGg
1056,73,458.0,3.633233351007542,3,12,18,rrrGGgrrrGGg
1057,74,453.0,3.5368823446524833,3,14,17,rrrGGgrrrGGg
1058,73,449.0,3.270183620951309,3,14,17,rrrGGgrrrGGg
1059,72,446.0,3.3125881923059994,3,14,16,rrrGGgrrrGGg
1060,71,443.0,3.351136081460735,3,14,16,rrrGGgrrrGGg
1061,71,463.0,3.5285122900772614,3,14,16,rrrGGgrrrGGg
1062,72,452.0,3.4105642472721485,3,15,17,rrrGGgrrrGGg
1063,73,473.0,3.4893507113561526,3,14,16,rrrGGgrrrGGg
1064,73,459.0,3.619176220346785,3,14,13,rrrGGgrrrGGg
1065,72,446.0,3.6626925056867887,3,15,12,rrrGGgrrrGGg
1066,71,433.0,3.702849999874908,3,15,11,rrrGGgrrrGGg
1067,71,419.0,3.6345130813417277,3,16,10,rrrGGgrrrGGg
1068,72,411.0,3.6564164025807457,3,16,9,rrrGGgrrrGGg
1069,72,429.0,3.7147195011620866,3,15,10,rrrGGgrrrGGg
1070,73,417.0,3.6896348431286503,3,16,10,rrrGGgrrrGGg
1071,73,407.0,3.5988346576300243,3,17,9,rrrGGgrrrGGg
1072,74,404.0,3.729861370613175,3,18,8,rrrGGgrrrGGg
1073,74,404.0,3.9813179909184915,3,18,6,rrrGGgrrrGGg
1074,74,413.0,4.236411025783667,3,18,6,rrrGGgrrrGGg
1075,74,424.0,4.349404026387473,4,18,4,rrryyyrrryyy
1076,74,437.0,4.1564026737183335,4,18,5,rrryyyrrryyy
1077,75,456.0,4.112127987396736,4,19,6,rrryyyrrryyy
1078,76,479.0,4.086637066821841,5,20,8,rrrrrrrrrrrr
1079,76,501.0,4.093261731938767,5,19,7,rrrrrrrrrrrr
1080,76,414.0,4.130274756918297,0,15,8,GGgrrrGGgrrr
1081,76,362.0,4.040425565038057,0,14,9,GGgrrrGGgrrr
1082,77,307.0,4.155395321798606,0,11,11,GGgrrrGGgrrr
1083,78,251.0,4.251760848106589,0,11,9,GGgrrrGGgrrr
1084,77,205.0,4.174051529110494,0,8,11,GGgrrrGGgrrr
1085,77,202.0,4.250599981800294,0,7,11,GGgrrrGGgrrr
1086,77,166.0,4.120993019882713,0,5,13,GGgrrrGGgrrr
1087,77,150.0,4.215737507380258,0,5,14,GGgrrrGGgrrr
1088,78,118.0,4.140884224566359,0,4,16,GGgrrrGGgrrr
1089,79,121.0,4.156159150265609,0,3,14,GGgrrrGGgrrr
1090,79,128.0,4.123164111745015,0,1,15,GGgrrrGGgrrr
1091,79,145.0,3.959842857807152,0,1,17,GGgrrrGGgrrr
1092,78,157.0,3.969309577539914,0,0,17,GGgrrrGGgrrr
1093,79,175.0,4.112165233505315,0,1,18,GGgrrrGGgrrr
1094,79,191.0,4.278027027626669,0,0,18,GGgrrrGGgrrr
1095,76,211.0,4.026114287423975,0,0,19,GGgrrrGGgrrr
1096,76,233.0,4.158975829173295,0,0,20,GGgrrrGGgrrr
1097,78,257.0,3.986701189254304,0,2,23,GGgrrrGGgrrr
1098,78,280.0,3.9925147343446747,0,2,21,GGgrrrGGgrrr
1099,78,305.0,4.088203125637667,0,1,22,GGgrrrGGgrrr
1100,76,333.0,3.9067625898455867,0,3,23,GGgrrrGGgrrr
1101,75,362.0,3.854539675482221,0,3,24,GGgrrrGGgrrr
1102,75,392.0,3.976138806106076,0,4,24,GGgrrrGGgrrr
1103,76,424.0,4.064237186134419,0,5,26,GGgrrrGGgrrr
1104,77,447.0,4.127007967409714,0,5,28,GGgrrrGGgrrr
1105,77,471.0,4.246728897771908,0,5,28,GGgrrrGGgrrr
1106,78,495.0,4.221842415540269,0,5,29,GGgrrrGGgrrr
1107,78,521.0,4.233924654477365,0,4,29,GGgrrrGGgrrr
1108,79,547.0,4.20354500267786,0,5,30,GGgrrrGGgrrr
1109,81,576.0,4.254840505083084,0,5,33,GGgrrrGGgrrr
1110,81,605.0,4.455051160438895,1,3,32,yyyrrryyyrrr
1111,81,641.0,4.600291876121361,1,3,33,yyyrrryyyrrr
1112,81,670.0,4.650081070782581,1,2,33,yyyrrryyyrrr
1113,80,703.0,4.2470204013258295,2,4,35,rrrrrrrrrrrr
1114,77,735.0,3.796518219174753,2,2,35,rrrrrrrrrrrr
1115,77,655.0,3.839326948267205,3,2,32,rrrGGgrrrGGg
1116,77,614.0,3.827218317832079,3,4,33,rrrGGgrrrGGg
1117,79,580.0,3.853641350109373,3,6,31,rrrGGgrrrGGg
1118,80,546.0,3.9430317332318894,3,6,28,rrrGGgrrrGGg
1119,79,518.0,3.765307058322522,3,7,26,rrrGGgrrrGGg
1120,78,494.0,3.627242193909182,3,6,24,rrrGGgrrrGGg
1121,78,478.0,3.4422983742935482,3,7,25,rrrGGgrrrGGg
1122,78,511.0,3.567487096173966,3,8,24,rrrGGgrrrGGg
1123,79,501.0,3.6647979174426277,3,12,22,rrrGGgrrrGGg
1124,78,494.0,3.6266927473884154,3,11,20,rrrGGgrrrGGg
1125,79,491.0,3.6992335581892952,3,12,20,rrrGGgrrrGGg
1126,79,489.0,3.8413479579841576,3,13,19,rrrGGgrrrGGg
1127,78,521.0,3.888724602979378,3,13,19,rrrGGgrrrGGg
1128,80,517.0,4.001970950530751,3,15,18,rrrGGgrrrGGg
1129,78,513.0,3.835368929305408,3,13,18,rrrGGgrrrGGg
1130,78,508.0,3.9320888304772197,3,13,16,rrrGGgrrrGGg
1131,78,537.0,4.002634562605678,3,13,16,rrrGGgrrrGGg
1132,78,532.0,4.084195386480796,3,14,15,rrrGGgrrrGGg
1133,79,528.0,4.21638868803345,3,16,15,rrrGGgrrrGGg
1134,77,523.0,4.183488771093754,3,15,14,rrrGGgrrrGGg
1135,77,517.0,4.140964968388549,3,15,14,rrrGGgrrrGGg
1136,78,511.0,4.321588724824627,3,15,13,rrrGGgrrrGGg
1137,76,504.0,4.3074831506067595,3,15,11,rrrGGgrrrGGg
1138,77,497.0,4.421475205556065,3,17,10,rrrGGgrrrGGg
1139,77,490.0,4.572601228739282,3,16,9,rrrGGgrrrGGg
1140,76,517.0,4.679261204726471,3,17,10,rrrGGgrrrGGg
1141,77,510.0,4.809116225093543,3,17,10,rrrGGgrrrGGg
1142,78,503.0,4.915521014939305,3,18,9,rrrGGgrrrGGg
1143,80,496.0,4.978217995835874,3,20,7,rrrGGgrrrGGg
1144,80,489.0,5.163142323436657,3,18,6,rrrGGgrrrGGg
1145,80,481.0,5.319903456041423,4,19,5,rrryyyrrryyy
1146,80,475.0,5.140198124089739,4,19,6,rrryyyrrryyy
1147,80,499.0,5.073453462306452,4,19,5,rrryyyrrryyy
1148,80,498.0,4.836191077365941,5,20,7,rrrrrrrrrrrr
1149,81,502.0,4.834416633760992,5,20,8,rrrrrrrrrrrr
1150,80,383.0,4.857790689910273,0,17,7,GGgrrrGGgrrr
1151,78,291.0,4.780591754404635,0,13,7,GGgrrrGGgrrr
1152,79,248.0,4.815675304212808,0,10,9,GGgrrrGGgrrr
1153,80,217.0,4.846320905455559,0,9,10,GGgrrrGGgrrr
1154,80,219.0,5.034863133809661,0,8,9,GGgrrrGGgrrr
1155,79,202.0,5.087699562719258,0,7,10,GGgrrrGGgrrr
1156,79,175.0,4.978156802746409,0,5,13,GGgrrrGGgrrr
1157,79,150.0,4.878709012832604,0,3,14,GGgrrrGGgrrr
1158,80,130.0,4.857171422237764,0,3,14,GGgrrrGGgrrr
1159,78,113.0,4.655251220674728,0,0,15,GGgrrrGGgrrr
1160,78,130.0,4.558716499065799,0,1,15,GGgrrrGGgrrr
1161,79,150.0,4.595990345575295,0,1,18,GGgrrrGGgrrr
1162,77,172.0,4.482874978793211,0,2,18,GGgrrrGGgrrr
1163,78,196.0,4.544530258778465,0,4,19,GGgrrrGGgrrr
1164,77,220.0,4.563695914532041,0,3,19,GGgrrrGGgrrr
1165,76,237.0,4.498571787000936,0,4,19,GGgrrrGGgrrr
1166,76,254.0,4.350682038948654,0,4,21,GGgrrrGGgrrr
1167,77,274.0,4.3384737899386385,0,4,23,GGgrrrGGgrrr
1168,78,294.0,4.376255333094856,0,5,22,GGgrrrGGgrrr
1169,77,314.0,4.407757268425844,0,3,23,GGgrrrGGgrrr
1170,75,336.0,4.308000450139142,0,3,24,GGgrrrGGgrrr
1171,76,365.0,4.2096763462155,0,5,26,GGgrrrGGgrrr
1172,76,388.0,4.305005178106057,0,3,25,GGgrrrGGgrrr
1173,78,411.0,4.236351027032678,0,3,27,GGgrrrGGgrrr
1174,78,435.0,4.3048386706643225,0,1,27,GGgrrrGGgrrr
1175,78,460.0,4.4155673256225585,0,0,29,GGgrrrGGgrrr
1176,78,490.0,4.542328726594408,0,0,30,GGgrrrGGgrrr
1177,78,520.0,4.681984910798635,0,0,30,GGgrrrGGgrrr
1178,81,551.0,4.619219705783403,0,1,33,GGgrrrGGgrrr
1179,81,583.0,4.68566853446367,0,0,32,GGgrrrGGgrrr
1180,81,617.0,4.745548361967033,1,1,33,yyyrrryyyrrr
1181,81,653.0,4.804899449381989,1,1,35,yyyrrryyyrrr
1182,81,691.0,4.885295694914605,1,2,36,yyyrrryyyrrr
1183,82,730.0,4.572365942515895,2,4,38,rrrrrrrrrrrr
1184,82,770.0,4.596427755245159,2,4,36,rrrrrrrrrrrr
1185,79,704.0,4.322899071240379,3,5,34,rrrGGgrrrGGg
1186,77,655.0,4.188912672156035,3,5,32,rrrGGgrrrGGg
1187,76,611.0,4.202232284894731,3,6,29,rrrGGgrrrGGg
1188,76,573.0,4.133195729106384,3,8,27,rrrGGgrrrGGg
1189,75,542.0,4.107606743805067,3,7,26,rrrGGgrrrGGg
1190,75,539.0,4.132484230048741,3,7,26,rrrGGgrrrGGg
1191,75,548.0,4.276054365352058,3,8,24,rrrGGgrrrGGg
1192,75,541.0,4.327643477353343,3,8,23,rrrGGgrrrGGg
1193,76,536.0,4.293862890873947,3,9,22,rrrGGgrrrGGg
1194,77,531.0,4.148529193326195,3,9,23,rrrGGgrrrGGg
1195,78,528.0,4.166441258371295,3,9,23,rrrGGgrrrGGg
1196,77,525.0,4.1206833811765335,3,9,21,rrrGGgrrrGGg
1197,76,523.0,4.11888790385589,3,10,21,rrrGGgrrrGGg
1198,76,514.0,4.023771741929375,3,11,22,rrrGGgrrrGGg
1199,75,508.0,3.8941435937721964,3,10,21,rrrGGgrrrGGg
1200,75,501.0,3.7770049742204024,3,10,21,rrrGGgrrrGGg
1201,73,529.0,3.6265258661278743,3,10,20,rrrGGgrrrGGg
1202,73,557.0,3.730955890052291,3,11,20,rrrGGgrrrGGg
1203,70,550.0,3.3676681499256924,3,11,18,rrrGGgrrrGGg
1204,73,541.0,3.239601989693535,3,13,18,rrrGGgrrrGGg
1205,73,532.0,3.340769926657951,3,12,16,rrrGGgrrrGGg
1206,72,557.0,3.291105809430769,3,13,15,rrrGGgrrrGGg
1207,72,552.0,3.3521691544502357,3,13,15,rrrGGgrrrGGg
1208,72,548.0,3.433446650979672,3,13,16,rrrGGgrrrGGg
1209,74,545.0,3.4417858280672746,3,15,16,rrrGGgrrrGGg
1210,74,538.0,3.585121891340304,3,14,13,rrrGGgrrrGGg
1211,74,526.0,3.7534541992856543,3,14,13,rrrGGgrrrGGg
1212,75,548.0,3.8435477981211466,3,14,15,rrrGGgrrrGGg
1213,75,535.0,3.990123840483105,3,14,13,rrrGGgrrrGGg
1214,75,521.0,4.068936926206347,3,14,12,rrrGGgrrrGGg
1215,76,507.0,4.09214112101264,4,15,10,rrryyyrrryyy
1216,77,497.0,4.024967272970434,4,14,11,rrryyyrrryyy
1217,75,485.0,3.8465024667445284,4,15,10,rrryyyrrryyy
1218,76,472.0,3.902806078484231,5,15,10,rrrrrrrrrrrr
1219,76,463.0,3.9919875746284497,5,15,8,rrrrrrrrrrrr
1220,76,352.0,3.9335880238447376,0,13,8,GGgrrrGGgrrr
1221,76,255.0,3.876322077270237,0,10,7,GGgrrrGGgrrr
1222,75,209.0,3.851404737360565,0,8,9,GGgrrrGGgrrr
1223,76,161.0,3.829961336633578,0,7,9,GGgrrrGGgrrr
1224,75,99.0,3.7741573995574407,0,4,8,GGgrrrGGgrrr
1225,77,49.0,3.790271504435633,0,3,9,GGgrrrGGgrrr
1226,76,44.0,3.802522236499122,0,1,9,GGgrrrGGgrrr
1227,76,51.0,3.71442817039427,0,0,9,GGgrrrGGgrrr
1228,76,62.0,3.802045835896114,0,0,10,GGgrrrGGgrrr
1229,76,74.0,3.856497497282446,0,0,11,GGgrrrGGgrrr
1230,76,83.0,3.7772689125729717,0,1,12,GGgrrrGGgrrr
1231,75,96.0,3.7372989443297553,0,1,13,GGgrrrGGgrrr
1232,76,109.0,3.5627121946679763,0,1,15,GGgrrrGGgrrr
1233,76,126.0,3.677562357827104,0,1,16,GGgrrrGGgrrr
1234,76,142.0,3.836330668569333,0,1,17,GGgrrrGGgrrr
1235,77,158.0,3.943712090626017,0,2,17,GGgrrrGGgrrr
1236,78,177.0,4.0314119527330305,0,1,19,GGgrrrGGgrrr
1237,77,193.0,3.957290212831066,0,0,19,GGgrrrGGgrrr
1238,76,210.0,4.029566401830844,0,1,18,GGgrrrGGgrrr
1239,75,229.0,4.091196210808401,0,1,19,GGgrrrGGgrrr
1240,75,247.0,4.053070504047671,0,1,19,GGgrrrGGgrrr
1241,76,268.0,4.1470417894608405,0,0,22,GGgrrrGGgrrr
1242,75,288.0,4.1502294748640916,0,0,21,GGgrrrGGgrrr
1243,76,312.0,4.25454104933775,0,1,24,GGgrrrGGgrrr
1244,76,334.0,4.400074022072404,0,0,23,GGgrrrGGgrrr
1245,78,358.0,4.485481880225045,0,1,25,GGgrrrGGgrrr
1246,78,383.0,4.624703023068924,0,0,25,GGgrrrGGgrrr
1247,77,409.0,4.64386062950075,0,0,26,GGgrrrGGgrrr
1248,77,436.0,4.720246884164778,0,0,27,GGgrrrGGgrrr
1249,77,463.0,4.70741283574422,0,0,27,GGgrrrGGgrrr
1250,77,491.0,4.687220035405322,1,0,28,yyyrrryyyrrr
1251,79,522.0,4.562135816968945,1,1,32,yyyrrryyyrrr
1252,79,554.0,4.432401590098169,1,1,32,yyyrrryyyrrr
1253,79,587.0,4.4749062465504,2,1,32,rrrrrrrrrrrr
1254,77,623.0,4.262878336709908,2,2,34,rrrrrrrrrrrr
1255,76,555.0,4.252050209538315,3,2,30,rrrGGgrrrGGg
1256,77,517.0,4.078825516896876,3,4,28,rrrGGgrrrGGg
1257,77,496.0,4.095829776484498,3,4,26,rrrGGgrrrGGg
1258,76,491.0,4.082859181797518,3,5,26,rrrGGgrrrGGg
1259,77,486.0,3.92508709150367,3,6,27,rrrGGgrrrGGg
1260,76,482.0,3.8828083958369133,3,6,25,rrrGGgrrrGGg
1261,77,480.0,3.6794862567672184,3,7,27,rrrGGgrrrGGg
1262,77,478.0,3.79056786203497,3,6,25,rrrGGgrrrGGg
1263,75,513.0,3.6422464544480695,3,7,27,rrrGGgrrrGGg
1264,75,512.0,3.7967117666229666,3,7,26,rrrGGgrrrGGg
1265,74,512.0,3.7766580842942616,3,7,26,rrrGGgrrrGGg
1266,76,512.0,3.722465912979581,3,8,27,rrrGGgrrrGGg
1267,77,512.0,3.687766807517642,3,7,27,rrrGGgrrrGGg
1268,75,511.0,3.53084497879887,3,7,25,rrrGGgrrrGGg
1269,75,547.0,3.4710860313322245,3,8,27,rrrGGgrrrGGg
1270,74,549.0,3.4473127191849056,3,9,26,rrrGGgrrrGGg
1271,76,543.0,3.4491313445777614,3,11,27,rrrGGgrrrGGg
1272,77,538.0,3.500467853970078,3,9,28,rrrGGgrrrGGg
1273,76,535.0,3.51300564233525,3,9,27,rrrGGgrrrGGg
1274,76,565.0,3.6208385726957317,3,10,26,rrrGGgrrrGGg
1275,75,561.0,3.574280633942588,3,10,24,rrrGGgrrrGGg
1276,76,556.0,3.5648589454796302,3,11,23,rrrGGgrrrGGg
1277,74,551.0,3.4523348581707882,3,10,22,rrrGGgrrrGGg
1278,74,547.0,3.5347844516231772,3,12,21,rrrGGgrrrGGg
1279,75,548.0,3.6113763606257656,3,13,21,rrrGGgrrrGGg
1280,75,577.0,3.8396747616215126,3,12,21,rrrGGgrrrGGg
1281,77,528.0,3.894662516258931,3,13,18,rrrGGgrrrGGg
1282,77,520.0,4.028507073468154,3,12,15,rrrGGgrrrGGg
1283,77,543.0,4.152546922282819,3,12,15,rrrGGgrrrGGg
1284,78,566.0,4.147744561554799,3,12,16,rrrGGgrrrGGg
1285,78,562.0,4.237671279885325,3,13,15,rrrGGgrrrGGg
1286,80,554.0,4.194503204718267,3,14,15,rrrGGgrrrGGg
1287,78,544.0,4.0545494591524935,3,13,11,rrrGGgrrrGGg
1288,76,538.0,3.8940313668225084,3,14,12,rrrGGgrrrGGg
1289,77,529.0,3.9011824233189705,3,14,12,rrrGGgrrrGGg
1290,75,521.0,3.656137223177905,3,14,11,rrrGGgrrrGGg
1291,75,510.0,3.7244481424871423,3,14,10,rrrGGgrrrGGg
1292,77,496.0,3.5149084350870905,3,16,8,rrrGGgrrrGGg
1293,76,484.0,3.4442093616765135,3,15,6,rrrGGgrrrGGg
1294,77,501.0,3.4652566303260253,3,16,6,rrrGGgrrrGGg
1295,77,492.0,3.637619327106253,3,16,5,rrrGGgrrrGGg
1296,76,479.0,3.718670416398334,3,17,4,rrrGGgrrrGGg
1297,77,497.0,3.864475447831866,3,18,3,rrrGGgrrrGGg
1298,77,484.0,4.037460009003994,3,17,1,rrrGGgrrrGGg
1299,78,475.0,4.115836667728494,3,17,1,rrrGGgrrrGGg
1300,78,493.0,4.200578908242966,3,17,1,rrrGGgrrrGGg
1301,79,510.0,4.279327233705082,3,17,2,rrrGGgrrrGGg
1302,80,527.0,4.348546653291281,3,19,0,rrrGGgrrrGGg
1303,80,546.0,4.449425128274262,3,18,1,rrrGGgrrrGGg
1304,78,565.0,4.187464107605627,3,19,2,rrrGGgrrrGGg
1305,78,586.0,4.307058095334087,3,19,2,rrrGGgrrrGGg
1306,77,605.0,4.379633063374679,3,19,2,rrrGGgrrrGGg
1307,78,624.0,4.454572773614199,3,21,1,rrrGGgrrrGGg
1308,78,642.0,4.539928979022216,3,20,0,rrrGGgrrrGGg
1309,79,663.0,4.495378079395814,3,20,2,rrrGGgrrrGGg
1310,79,682.0,4.492212850590255,3,21,0,rrrGGgrrrGGg
1311,79,704.0,4.607138222875799,3,21,1,rrrGGgrrrGGg
1312,81,724.0,4.483707279209466,3,22,1,rrrGGgrrrGGg
1313,81,746.0,4.527347772129508,3,22,0,rrrGGgrrrGGg
1314,80,768.0,4.531875681634405,3,22,0,rrrGGgrrrGGg
1315,80,790.0,4.699380060780158,4,22,0,rrryyyrrryyy
1316,80,812.0,4.76204471875825,4,22,0,rrryyyrrryyy
1317,80,835.0,4.6282221005296496,4,23,1,rrryyyrrryyy
1318,80,859.0,4.673975054724586,5,23,1,rrrrrrrrrrrr
1319,80,883.0,4.478696025201781,5,24,1,rrrrrrrrrrrr
1320,80,662.0,4.234769710781763,0,19,2,GGgrrrGGgrrr
1321,81,514.0,4.2347503715553065,0,17,4,GGgrrrGGgrrr
1322,82,385.0,4.283235220618274,0,15,4,GGgrrrGGgrrr
1323,82,266.0,4.302964627166723,0,11,4,GGgrrrGGgrrr
1324,80,184.0,4.126008825722577,0,9,4,GGgrrrGGgrrr
1325,80,142.0,4.195236259132747,0,7,4,GGgrrrGGgrrr
1326,81,157.0,4.064816390988307,0,7,7,GGgrrrGGgrrr
1327,82,131.0,4.076791921091985,0,6,9,GGgrrrGGgrrr
1328,81,111.0,4.089766829504458,0,4,9,GGgrrrGGgrrr
1329,80,99.0,3.890351392716088,0,3,11,GGgrrrGGgrrr
1330,81,92.0,3.920467143010696,0,3,12,GGgrrrGGgrrr
1331,80,99.0,3.7119051759558466,0,2,14,GGgrrrGGgrrr
1332,80,110.0,3.7181742500174715,0,2,14,GGgrrrGGgrrr
1333,80,114.0,3.555938532539167,0,4,12,GGgrrrGGgrrr
1334,80,133.0,3.5653290599947796,0,3,14,GGgrrrGGgrrr
1335,79,154.0,3.478613521390985,0,3,16,GGgrrrGGgrrr
1336,79,178.0,3.5122926744877274,0,5,17,GGgrrrGGgrrr
1337,80,204.0,3.48364192303073,0,5,20,GGgrrrGGgrrr
1338,80,231.0,3.348324372376799,0,7,19,GGgrrrGGgrrr
1339,79,261.0,3.027837511138943,0,7,22,GGgrrrGGgrrr
1340,79,278.0,3.0864380797361655,0,8,22,GGgrrrGGgrrr
1341,79,268.0,3.1480814527939196,0,8,20,GGgrrrGGgrrr
1342,79,287.0,3.2567332489347365,0,7,23,GGgrrrGGgrrr
1343,80,304.0,3.288232260773067,0,8,23,GGgrrrGGgrrr
1344,81,325.0,3.288811917179647,0,7,26,GGgrrrGGgrrr
1345,81,359.0,3.385980210981298,0,8,26,GGgrrrGGgrrr
1346,81,384.0,3.553072298920603,0,7,27,GGgrrrGGgrrr
1347,83,409.0,3.6550093096622325,0,7,29,GGgrrrGGgrrr
1348,84,433.0,3.7788315191989303,0,7,27,GGgrrrGGgrrr
1349,84,459.0,3.930798141933283,0,5,29,GGgrrrGGgrrr
1350,84,440.0,3.9959226621998116,1,5,27,yyyrrryyyrrr
1351,84,449.0,3.9705645110474928,1,6,28,yyyrrryyyrrr
1352,84,450.0,3.866058955878803,1,6,27,yyyrrryyyrrr
1353,86,450.0,3.74051783341208,2,6,28,rrrrrrrrrrrr
1354,84,472.0,3.5202118682564585,2,5,28,rrrrrrrrrrrr
1355,84,374.0,3.4424989259163814,3,5,28,rrrGGgrrrGGg
1356,83,348.0,3.429166183436664,3,5,26,rrrGGgrrrGGg
1357,83,347.0,3.4603620106347575,3,7,26,rrrGGgrrrGGg
1358,83,360.0,3.2437132182857975,3,9,27,rrrGGgrrrGGg
1359,83,353.0,3.054017773435765,3,9,26,rrrGGgrrrGGg
1360,82,389.0,2.9656578166548,3,9,29,rrrGGgrrrGGg
1361,81,351.0,2.9354954235381214,3,9,28,rrrGGgrrrGGg
1362,82,369.0,2.948556551837131,3,10,29,rrrGGgrrrGGg
1363,83,387.0,2.973112178639878,3,13,28,rrrGGgrrrGGg
1364,84,428.0,2.96629489441106,3,13,30,rrrGGgrrrGGg
1365,83,450.0,2.975071197956597,3,14,29,rrrGGgrrrGGg
1366,82,440.0,3.0202706974373013,3,14,28,rrrGGgrrrGGg
1367,82,424.0,3.1649429135759473,3,14,26,rrrGGgrrrGGg
1368,82,445.0,3.077921270094324,3,16,26,rrrGGgrrrGGg
1369,82,488.0,3.174607827735272,3,17,27,rrrGGgrrrGGg
1370,82,511.0,3.09217206308559,3,18,27,rrrGGgrrrGGg
1371,84,535.0,3.1310813159956616,3,18,29,rrrGGgrrrGGg
1372,84,531.0,3.267155686874544,3,19,25,rrrGGgrrrGGg
1373,85,535.0,3.245388924540034,3,20,26,rrrGGgrrrGGg
1374,85,530.0,3.45589015003824,3,20,23,rrrGGgrrrGGg
1375,83,553.0,3.3881942205161457,3,20,24,rrrGGgrrrGGg
1376,82,557.0,3.3913829455539513,3,20,24,rrrGGgrrrGGg
1377,82,578.0,3.4511004743753557,3,20,24,rrrGGgrrrGGg
1378,83,574.0,3.4256135542397232,3,21,22,rrrGGgrrrGGg
1379,83,572.0,3.522640044729336,3,21,21,rrrGGgrrrGGg
1380,84,591.0,3.5988875891324557,3,22,22,rrrGGgrrrGGg
1381,84,609.0,3.6922894251234792,3,22,20,rrrGGgrrrGGg
1382,86,626.0,3.7161274892517397,3,23,21,rrrGGgrrrGGg
1383,87,623.0,3.780089168870023,3,24,18,rrrGGgrrrGGg
1384,85,637.0,3.7683554367393404,3,23,17,rrrGGgrrrGGg
1385,85,677.0,3.932003583250642,4,23,18,rrryyyrrryyy
1386,84,695.0,3.899809207767773,4,23,18,rrryyyrrryyy
1387,84,713.0,3.660612549376906,4,23,19,rrryyyrrryyy
1388,85,735.0,3.553766202499926,5,24,19,rrrrrrrrrrrr
1389,85,756.0,3.532060374225092,5,23,20,rrrrrrrrrrrr
1390,84,660.0,3.466196659376481,0,21,20,GGgrrrGGgrrr
1391,84,600.0,3.553705717522189,0,18,21,GGgrrrGGgrrr
1392,83,566.0,3.2867683806988808,0,16,22,GGgrrrGGgrrr
1393,84,515.0,3.187562863126438,0,16,21,GGgrrrGGgrrr
1394,84,479.0,3.318753956160318,0,12,21,GGgrrrGGgrrr
1395,83,505.0,3.332050866823991,0,11,21,GGgrrrGGgrrr
1396,84,481.0,3.3638715855325194,0,10,23,GGgrrrGGgrrr
1397,84,457.0,3.51108071382109,0,9,21,GGgrrrGGgrrr
1398,84,433.0,3.2806685407832283,0,9,22,GGgrrrGGgrrr
1399,84,433.0,3.416333369485617,0,7,22,GGgrrrGGgrrr
1400,84,409.0,3.5225473220856403,0,6,22,GGgrrrGGgrrr
1401,84,359.0,3.582126557728751,0,6,21,GGgrrrGGgrrr
1402,83,332.0,3.1427202028161925,0,7,23,GGgrrrGGgrrr
1403,84,305.0,3.14461220276783,0,5,23,GGgrrrGGgrrr
1404,84,278.0,3.2325559393047185,0,3,23,GGgrrrGGgrrr
1405,85,303.0,3.347311609476739,0,3,25,GGgrrrGGgrrr
1406,85,300.0,3.52497779906376,0,2,24,GGgrrrGGgrrr
1407,83,285.0,3.4662753172192,0,1,23,GGgrrrGGgrrr
1408,84,285.0,3.5324708139455496,0,1,24,GGgrrrGGgrrr
1409,84,286.0,3.4128445916433,0,0,24,GGgrrrGGgrrr
1410,84,309.0,3.4949402793362205,0,0,24,GGgrrrGGgrrr
1411,83,310.0,3.4452662228982933,0,0,24,GGgrrrGGgrrr
1412,84,312.0,3.4788803740041434,0,1,25,GGgrrrGGgrrr
1413,85,337.0,3.5348927841899345,0,1,25,GGgrrrGGgrrr
1414,86,341.0,3.621156700126176,0,0,26,GGgrrrGGgrrr
1415,87,343.0,3.731168346703647,0,0,25,GGgrrrGGgrrr
1416,87,368.0,3.8618517486945776,0,0,25,GGgrrrGGgrrr
1417,87,388.0,3.994173154330081,0,0,25,GGgrrrGGgrrr
1418,88,412.0,4.043878068917049,0,1,25,GGgrrrGGgrrr
1419,88,439.0,4.129934715784466,0,0,27,GGgrrrGGgrrr
1420,89,467.0,4.167714674536196,1,1,28,yyyrrryyyrrr
1421,89,496.0,4.261126316737959,1,0,29,yyyrrryyyrrr
1422,87,527.0,4.138916879322582,1,1,30,yyyrrryyyrrr
1423,87,560.0,3.8582031912672714,2,3,32,rrrrrrrrrrrr
1424,87,595.0,3.8963146770994292,2,3,32,rrrrrrrrrrrr
1425,86,520.0,3.6282891861899618,3,3,30,rrrGGgrrrGGg
1426,84,484.0,3.4040880961744784,3,4,27,rrrGGgrrrGGg
1427,84,460.0,3.485628367871653,3,7,26,rrrGGgrrrGGg
1428,85,444.0,3.497345483670768,3,9,25,rrrGGgrrrGGg
1429,85,436.0,3.544107366155929,3,8,24,rrrGGgrrrGGg
1430,85,436.0,3.3848887223878874,3,9,24,rrrGGgrrrGGg
1431,86,470.0,3.413932214498134,3,11,24,rrrGGgrrrGGg
1432,86,471.0,3.49274652793763,3,11,23,rrrGGgrrrGGg
1433,86,473.0,3.420712860311464,3,13,23,rrrGGgrrrGGg
1434,86,477.0,3.5204981064255207,3,14,23,rrrGGgrrrGGg
1435,87,481.0,3.4752674955603307,3,14,25,rrrGGgrrrGGg
1436,86,486.0,3.5083014110075266,3,15,23,rrrGGgrrrGGg
1437,85,491.0,3.564798462163441,3,16,22,rrrGGgrrrGGg
1438,86,500.0,3.6725004411208952,3,18,22,rrrGGgrrrGGg
1439,86,542.0,3.830639216460981,3,19,23,rrrGGgrrrGGg
1440,87,551.0,4.007546976776684,3,19,23,rrrGGgrrrGGg
1441,85,560.0,3.9794899272042583,3,19,21,rrrGGgrrrGGg
1442,84,569.0,3.969769595613883,3,19,20,rrrGGgrrrGGg
1443,85,579.0,3.9445457022906294,3,19,21,rrrGGgrrrGGg
1444,86,619.0,4.044031296675138,3,21,20,rrrGGgrrrGGg
1445,84,629.0,3.9240892934673077,3,20,19,rrrGGgrrrGGg
1446,85,637.0,3.9383301140456863,3,21,19,rrrGGgrrrGGg
1447,85,645.0,3.9795073115707282,3,21,17,rrrGGgrrrGGg
1448,85,654.0,4.070015319388584,3,22,16,rrrGGgrrrGGg
1449,86,662.0,3.9504361582964864,3,24,16,rrrGGgrrrGGg
1450,86,669.0,4.042856324440708,3,22,15,rrrGGgrrrGGg
1451,87,706.0,4.06254713695548,3,22,16,rrrGGgrrrGGg
1452,86,681.0,4.000333738479941,3,22,13,rrrGGgrrrGGg
1453,86,718.0,4.124610474473411,3,23,14,rrrGGgrrrGGg
1454,87,754.0,4.220932006790832,3,25,13,rrrGGgrrrGGg
1455,87,761.0,4.333392976926137,4,24,12,rrryyyrrryyy
1456,89,768.0,4.300229881161805,4,24,14,rrryyyrrryyy
1457,89,774.0,4.378275946774603,4,24,11,rrryyyrrryyy
1458,88,780.0,4.240031052353701,5,24,11,rrrrrrrrrrrr
1459,85,786.0,3.803926249891025,5,24,10,rrrrrrrrrrrr
1460,85,661.0,3.659299269291416,0,21,12,GGgrrrGGgrrr
1461,85,576.0,3.7110589631538713,0,18,12,GGgrrrGGgrrr
1462,84,525.0,3.6439156561348645,0,16,12,GGgrrrGGgrrr
1463,85,455.0,3.698249526043425,0,14,12,GGgrrrGGgrrr
1464,86,418.0,3.793540176094776,0,14,12,GGgrrrGGgrrr
1465,84,385.0,3.551439300673147,0,13,13,GGgrrrGGgrrr
1466,84,349.0,3.631631304297134,0,10,14,GGgrrrGGgrrr
1467,83,284.0,3.5711935042315597,0,8,12,GGgrrrGGgrrr
1468,84,226.0,3.589188155476484,0,7,14,GGgrrrGGgrrr
1469,84,185.0,3.5964176910120917,0,5,14,GGgrrrGGgrrr
1470,85,169.0,3.6727772469253304,0,4,14,GGgrrrGGgrrr
1471,84,155.0,3.6760903839880243,0,3,14,GGgrrrGGgrrr
1472,84,156.0,3.756174189848659,0,2,15,GGgrrrGGgrrr
1473,84,177.0,3.84732458525995,0,3,16,GGgrrrGGgrrr
1474,83,185.0,3.835696711651245,0,2,17,GGgrrrGGgrrr
1475,84,208.0,3.67422733523458,0,5,18,GGgrrrGGgrrr
1476,85,232.0,3.656005998440789,0,3,20,GGgrrrGGgrrr
1477,83,247.0,3.4409830394378824,0,4,20,GGgrrrGGgrrr
1478,84,266.0,3.5052047022598094,0,6,23,GGgrrrGGgrrr
1479,83,286.0,3.500309050611672,0,5,23,GGgrrrGGgrrr
1480,83,304.0,3.566215214599833,0,4,23,GGgrrrGGgrrr
1481,84,325.0,3.5422662681206596,0,5,24,GGgrrrGGgrrr
1482,85,353.0,3.593297970420109,0,5,25,GGgrrrGGgrrr
1483,84,378.0,3.6564126134442754,0,4,27,GGgrrrGGgrrr
1484,84,402.0,3.822878355650187,0,4,27,GGgrrrGGgrrr
1485,84,426.0,3.9667285705584123,0,3,28,GGgrrrGGgrrr
1486,85,453.0,4.022141868354244,0,4,29,GGgrrrGGgrrr
1487,87,481.0,4.0170344232971535,0,3,32,GGgrrrGGgrrr
1488,87,509.0,4.100064067319604,0,2,30,GGgrrrGGgrrr
1489,87,538.0,4.178957245260642,0,1,31,GGgrrrGGgrrr
1490,87,573.0,4.257788814574076,1,1,34,yyyrrryyyrrr
1491,87,602.0,4.272718476182395,1,0,34,yyyrrryyyrrr
1492,90,637.0,4.161030832425473,1,3,36,yyyrrryyyrrr
1493,88,677.0,4.003785587322988,2,3,37,rrrrrrrrrrrr
1494,88,720.0,3.8547516921054363,2,5,39,rrrrrrrrrrrr
1495,88,631.0,3.8823386249651155,3,6,34,rrrGGgrrrGGg
1496,87,591.0,3.7860980004740847,3,7,30,rrrGGgrrrGGg
1497,88,567.0,3.745940793441011,3,10,31,rrrGGgrrrGGg
1498,87,546.0,3.6908904523527073,3,11,28,rrrGGgrrrGGg
1499,87,534.0,3.5697982063282954,3,14,27,rrrGGgrrrGGg
1500,87,563.0,3.6442495435674895,3,13,27,rrrGGgrrrGGg
1501,85,564.0,3.5760988032788172,3,14,25,rrrGGgrrrGGg
1502,88,567.0,3.5843226317183654,3,16,27,rrrGGgrrrGGg
1503,87,576.0,3.497674421589378,3,15,28,rrrGGgrrrGGg
1504,86,583.0,3.5004427536640064,3,16,26,rrrGGgrrrGGg
1505,85,628.0,3.4604475796348284,3,16,27,rrrGGgrrrGGg
1506,86,637.0,3.5006586258833003,3,16,27,rrrGGgrrrGGg
1507,88,646.0,3.5078965195694107,3,17,27,rrrGGgrrrGGg
1508,86,649.0,3.3502694133984665,3,17,26,rrrGGgrrrGGg
1509,85,651.0,3.34266429161869,3,17,25,rrrGGgrrrGGg
1510,84,654.0,3.2918623479760987,3,18,24,rrrGGgrrrGGg
1511,84,663.0,3.3372351273877463,3,18,24,rrrGGgrrrGGg
1512,84,706.0,3.203791733288282,3,19,25,rrrGGgrrrGGg
1513,84,716.0,3.1045540123470827,3,18,26,rrrGGgrrrGGg
1514,85,702.0,3.177617193106122,3,18,24,rrrGGgrrrGGg
1515,84,703.0,3.1257986067064163,3,19,22,rrrGGgrrrGGg
1516,84,714.0,3.1637592396135985,3,19,23,rrrGGgrrrGGg
1517,86,725.0,2.963093908970369,3,21,24,rrrGGgrrrGGg
1518,86,737.0,2.9757226396806873,3,20,23,rrrGGgrrrGGg
1519,86,785.0,2.9956009168575366,3,20,26,rrrGGgrrrGGg
1520,85,793.0,2.9418213514523175,3,20,27,rrrGGgrrrGGg
1521,85,802.0,2.9870790138277896,3,21,27,rrrGGgrrrGGg
1522,86,814.0,2.9803122649196188,3,22,27,rrrGGgrrrGGg
1523,86,823.0,3.0044041679059337,3,21,25,rrrGGgrrrGGg
1524,87,870.0,3.0487797284324643,3,22,27,rrrGGgrrrGGg
1525,87,886.0,3.107617306208973,3,22,26,rrrGGgrrrGGg
1526,87,901.0,3.195531152431639,3,23,26,rrrGGgrrrGGg
1527,87,885.0,3.2177457886609386,3,23,24,rrrGGgrrrGGg
1528,87,913.0,3.0977929050342294,3,24,23,rrrGGgrrrGGg
1529,84,909.0,2.7981466660803833,3,24,22,rrrGGgrrrGGg
1530,84,906.0,2.900208607211271,3,24,21,rrrGGgrrrGGg
1531,83,904.0,2.7278420896380045,3,24,21,rrrGGgrrrGGg
1532,83,919.0,2.874003140594563,3,25,20,rrrGGgrrrGGg
1533,83,917.0,2.8529973258787837,3,26,19,rrrGGgrrrGGg
1534,85,915.0,2.934449120126488,3,26,17,rrrGGgrrrGGg
1535,85,916.0,3.0486457257714705,3,25,14,rrrGGgrrrGGg
1536,84,918.0,2.9822436955903266,3,25,13,rrrGGgrrrGGg
1537,84,924.0,3.0120561770384566,3,25,13,rrrGGgrrrGGg
1538,84,948.0,2.922315623916812,3,27,13,rrrGGgrrrGGg
1539,83,976.0,2.864217642157136,3,28,15,rrrGGgrrrGGg
1540,83,979.0,2.8678595935114473,3,27,13,rrrGGgrrrGGg
1541,83,1016.0,3.014051157435618,3,27,13,rrrGGgrrrGGg
1542,83,1050.0,3.140752400532603,3,27,12,rrrGGgrrrGGg
1543,83,1074.0,3.2624157888041663,3,28,13,rrrGGgrrrGGg
1544,84,1113.0,3.4037833386931413,3,29,13,rrrGGgrrrGGg
1545,85,1121.0,3.295173104176447,3,29,14,rrrGGgrrrGGg
1546,86,1151.0,3.37587687637628,3,28,12,rrrGGgrrrGGg
1547,86,1171.0,3.4810293133579755,3,28,11,rrrGGgrrrGGg
1548,85,1192.0,3.477884666147005,3,29,10,rrrGGgrrrGGg
1549,86,1217.0,3.5735632049156627,3,30,10,rrrGGgrrrGGg
1550,86,1242.0,3.7442200977736975,3,29,10,rrrGGgrrrGGg
1551,87,1283.0,3.8598071228705924,3,30,12,rrrGGgrrrGGg
1552,87,1309.0,3.806636094721162,3,31,11,rrrGGgrrrGGg
1553,87,1335.0,3.9200887424195656,3,30,11,rrrGGgrrrGGg
1554,87,1362.0,3.9124060221938577,3,31,10,rrrGGgrrrGGg
1555,87,1391.0,4.020750204209193,4,31,10,rrryyyrrryyy
1556,87,1421.0,4.0272646028570955,4,31,10,rrryyyrrryyy
1557,87,1451.0,3.8996733265008205,4,31,11,rrryyyrrryyy
1558,86,1481.0,3.8104793758864823,5,31,10,rrrrrrrrrrrr
1559,87,1512.0,3.6912806822044346,5,34,10,rrrrrrrrrrrr
1560,87,1319.0,3.6333183795742094,0,28,12,GGgrrrGGgrrr
1561,86,1145.0,3.6814554981145267,0,24,10,GGgrrrGGgrrr
1562,86,1000.0,3.7951263016351304,0,21,10,GGgrrrGGgrrr
1563,85,898.0,3.8226794162758138,0,19,12,GGgrrrGGgrrr
1564,84,782.0,3.789250269815474,0,17,12,GGgrrrGGgrrr
1565,84,679.0,3.791260049364111,0,15,12,GGgrrrGGgrrr
1566,84,643.0,3.813570487984708,0,14,11,GGgrrrGGgrrr
1567,87,560.0,3.728001994409778,0,15,13,GGgrrrGGgrrr
1568,88,506.0,3.830340133932215,0,12,13,GGgrrrGGgrrr
1569,87,465.0,3.8691689145659924,0,11,13,GGgrrrGGgrrr
1570,85,425.0,3.742377656673995,0,10,14,GGgrrrGGgrrr
1571,84,389.0,3.7109302296820035,0,10,14,GGgrrrGGgrrr
1572,85,364.0,3.472199972918128,0,11,16,GGgrrrGGgrrr
1573,86,393.0,3.501942410594889,0,10,18,GGgrrrGGgrrr
1574,86,374.0,3.5795453748364774,0,11,18,GGgrrrGGgrrr
1575,86,358.0,3.6777887622308216,0,10,19,GGgrrrGGgrrr
1576,86,342.0,3.725662140485973,0,10,19,GGgrrrGGgrrr
1577,87,328.0,3.6213899646677237,0,9,21,GGgrrrGGgrrr
1578,87,319.0,3.4176609395844113,0,9,20,GGgrrrGGgrrr
1579,87,315.0,3.3756325562834655,0,7,21,GGgrrrGGgrrr
1580,86,316.0,3.3842582016470892,0,5,23,GGgrrrGGgrrr
1581,87,344.0,3.4844578376709188,0,5,24,GGgrrrGGgrrr
1582,88,351.0,3.6211112591948744,0,4,25,GGgrrrGGgrrr
1583,88,374.0,3.6997004479328166,0,4,24,GGgrrrGGgrrr
1584,88,399.0,3.7930146966335148,0,4,25,GGgrrrGGgrrr
1585,88,422.0,3.839075167162919,0,4,26,GGgrrrGGgrrr
1586,89,447.0,3.805060746623846,0,5,27,GGgrrrGGgrrr
1587,90,472.0,3.669532224676082,0,3,28,GGgrrrGGgrrr
1588,91,498.0,3.6207055146291753,0,2,29,GGgrrrGGgrrr
1589,91,527.0,3.6258379767497866,0,3,29,GGgrrrGGgrrr
1590,91,558.0,3.657543466720491,1,3,30,yyyrrryyyrrr
1591,92,592.0,3.6376625744120914,1,4,32,yyyrrryyyrrr
1592,90,628.0,3.4040817077654113,1,5,33,yyyrrryyyrrr
1593,90,665.0,3.2640723743818993,2,6,33,rrrrrrrrrrrr
1594,88,699.0,2.9618270648298006,2,7,34,rrrrrrrrrrrr
1595,87,666.0,2.809201728171717,3,9,33,rrrGGgrrrGGg
1596,88,637.0,2.784936718307188,3,8,33,rrrGGgrrrGGg
1597,88,622.0,2.7977415700374824,3,10,31,rrrGGgrrrGGg
1598,89,617.0,2.6767227654685737,3,11,30,rrrGGgrrrGGg
1599,89,584.0,2.7737574801161675,3,12,27,rrrGGgrrrGGg
1600,88,561.0,2.7592490359689803,3,13,27,rrrGGgrrrGGg
1601,88,605.0,2.869036728462467,3,14,30,rrrGGgrrrGGg
1602,88,611.0,2.9506864558477464,3,15,30,rrrGGgrrrGGg
1603,89,617.0,2.9754387913982825,3,17,28,rrrGGgrrrGGg
1604,91,604.0,2.998819362836049,3,18,26,rrrGGgrrrGGg
1605,90,612.0,2.9160589498386753,3,18,26,rrrGGgrrrGGg
1606,89,620.0,2.916662508117838,3,18,26,rrrGGgrrrGGg
1607,89,632.0,2.978465774748841,3,19,27,rrrGGgrrrGGg
1608,90,640.0,2.8531925227644632,3,20,27,rrrGGgrrrGGg
1609,90,646.0,2.8640928274654414,3,20,25,rrrGGgrrrGGg
1610,89,657.0,2.789115224906735,3,21,25,rrrGGgrrrGGg
1611,87,705.0,2.562539699999944,3,22,26,rrrGGgrrrGGg
1612,88,719.0,2.629259851557554,3,23,27,rrrGGgrrrGGg
1613,89,770.0,2.7347679364849657,3,25,27,rrrGGgrrrGGg
1614,88,767.0,2.7042092336404053,3,26,25,rrrGGgrrrGGg
1615,88,783.0,2.6376530396790256,3,28,24,rrrGGgrrrGGg
1616,88,789.0,2.7302390877570484,3,27,23,rrrGGgrrrGGg
1617,89,795.0,2.6388982485959,3,27,24,rrrGGgrrrGGg
1618,90,836.0,2.736728120428619,3,29,23,rrrGGgrrrGGg
1619,90,840.0,2.85329770045538,3,28,21,rrrGGgrrrGGg
1620,90,880.0,2.922678283005577,3,28,21,rrrGGgrrrGGg
1621,90,859.0,2.8947679967568276,3,30,19,rrrGGgrrrGGg
1622,90,864.0,3.0670913895947294,3,30,18,rrrGGgrrrGGg
1623,92,902.0,3.1075565731432797,3,31,19,rrrGGgrrrGGg
1624,92,905.0,3.2222650990337427,3,30,17,rrrGGgrrrGGg
1625,92,907.0,3.292120379733494,4,31,14,rrryyyrrryyy
1626,92,911.0,3.3084646823653587,4,31,14,rrryyyrrryyy
1627,92,916.0,3.371828470633287,4,32,14,rrryyyrrryyy
1628,92,963.0,3.315610239283872,5,33,16,rrrrrrrrrrrr
1629,91,967.0,3.2716096332451525,5,32,15,rrrrrrrrrrrr
1630,93,872.0,3.3090465335537322,0,28,18,GGgrrrGGgrrr
1631,92,768.0,3.32213401647795,0,25,16,GGgrrrGGgrrr
1632,92,688.0,3.3248952035794495,0,24,16,GGgrrrGGgrrr
1633,93,645.0,3.4515155725282165,0,22,15,GGgrrrGGgrrr
1634,92,605.0,3.395765832262084,0,19,18,GGgrrrGGgrrr
1635,91,542.0,3.360818595884049,0,18,16,GGgrrrGGgrrr
1636,91,516.0,3.368978234526489,0,16,16,GGgrrrGGgrrr
1637,91,459.0,3.2517097720301167,0,15,15,GGgrrrGGgrrr
1638,93,425.0,3.2906890285154073,0,15,15,GGgrrrGGgrrr
1639,93,433.0,3.456953156730359,0,14,14,GGgrrrGGgrrr
1640,92,423.0,3.5067202749884263,0,13,16,GGgrrrGGgrrr
1641,91,405.0,3.5578353237404916,0,13,15,GGgrrrGGgrrr
1642,92,397.0,3.615206001701302,0,12,18,GGgrrrGGgrrr
1643,93,390.0,3.5946115389569875,0,13,17,GGgrrrGGgrrr
1644,90,382.0,3.2533405164124707,0,11,18,GGgrrrGGgrrr
1645,90,376.0,3.107621714398041,0,12,21,GGgrrrGGgrrr
1646,90,362.0,3.217942969810327,0,12,21,GGgrrrGGgrrr
1647,91,386.0,3.194692421103353,0,13,21,GGgrrrGGgrrr
1648,92,374.0,3.0326069227646992,0,13,22,GGgrrrGGgrrr
1649,90,363.0,2.786391474262258,0,10,21,GGgrrrGGgrrr
1650,90,347.0,2.6567292950764223,0,8,22,GGgrrrGGgrrr
1651,90,344.0,2.8031544101398476,0,7,23,GGgrrrGGgrrr
1652,90,345.0,2.9607147306410955,0,5,24,GGgrrrGGgrrr
1653,91,344.0,3.1120249333804733,0,6,23,GGgrrrGGgrrr
1654,91,341.0,3.2914551202889926,0,4,23,GGgrrrGGgrrr
1655,92,353.0,3.3426347447998115,0,2,25,GGgrrrGGgrrr
1656,92,378.0,3.4328236441848046,0,3,25,GGgrrrGGgrrr
1657,94,403.0,3.478800163872464,0,3,27,GGgrrrGGgrrr
1658,95,430.0,3.5527600538127624,0,3,27,GGgrrrGGgrrr
1659,95,458.0,3.699630841678737,0,2,28,GGgrrrGGgrrr
1660,95,486.0,3.7585996517897717,1,1,29,yyyrrryyyrrr
1661,95,517.0,3.730818388764312,1,2,30,yyyrrryyyrrr
1662,95,545.0,3.754926381661052,1,3,29,yyyrrryyyrrr
1663,95,575.0,3.6691821790936716,2,3,31,rrrrrrrrrrrr
1664,95,610.0,3.6077405455559206,2,3,34,rrrrrrrrrrrr
1665,95,557.0,3.6147757297006686,3,6,30,rrrGGgrrrGGg
1666,95,524.0,3.7597424491088485,3,6,30,rrrGGgrrrGGg
1667,95,497.0,3.7775321201893264,3,6,27,rrrGGgrrrGGg
1668,95,484.0,3.5761537025309473,3,8,27,rrrGGgrrrGGg
1669,96,481.0,3.5038145259688793,3,7,27,rrrGGgrrrGGg
1670,93,477.0,3.3276810815916567,3,8,25,rrrGGgrrrGGg
1671,93,512.0,3.4558149368215485,3,10,25,rrrGGgrrrGGg
1672,92,513.0,3.407786973799555,3,11,25,rrrGGgrrrGGg
1673,94,515.0,3.3741093008437617,3,12,26,rrrGGgrrrGGg
1674,96,520.0,3.298297565379744,3,13,26,rrrGGgrrrGGg
1675,96,524.0,3.3855422944092326,3,13,24,rrrGGgrrrGGg
1676,96,533.0,3.413927700962247,3,15,26,rrrGGgrrrGGg
1677,96,542.0,3.4599296452735024,3,15,26,rrrGGgrrrGGg
1678,97,544.0,3.4616521006395624,3,17,25,rrrGGgrrrGGg
1679,94,582.0,3.1579281501840555,3,17,26,rrrGGgrrrGGg
1680,94,584.0,3.0635988413581705,3,17,25,rrrGGgrrrGGg
1681,94,589.0,2.985796666984288,3,19,24,rrrGGgrrrGGg
1682,94,630.0,2.8651567078311224,3,22,23,rrrGGgrrrGGg
1683,94,637.0,2.8634613454525053,3,21,21,rrrGGgrrrGGg
1684,95,642.0,2.920328921303558,3,22,21,rrrGGgrrrGGg
1685,93,650.0,2.8607660299128645,3,22,20,rrrGGgrrrGGg
1686,93,651.0,3.053412102186396,3,23,19,rrrGGgrrrGGg
1687,92,653.0,3.1152651791034414,3,24,16,rrrGGgrrrGGg
1688,92,662.0,3.206304026237575,3,25,16,rrrGGgrrrGGg
1689,93,668.0,3.252944511168701,3,27,14,rrrGGgrrrGGg
1690,93,679.0,3.324541008424437,3,28,14,rrrGGgrrrGGg
1691,94,690.0,3.361396841308568,3,29,15,rrrGGgrrrGGg
1692,94,732.0,3.2991505213481327,3,30,14,rrrGGgrrrGGg
1693,94,744.0,3.3970084014982436,3,30,13,rrrGGgrrrGGg
1694,95,758.0,3.4749255958245215,3,32,13,rrrGGgrrrGGg
1695,96,761.0,3.5451236032853135,4,31,11,rrryyyrrryyy
1696,96,800.0,3.607639196064088,4,31,10,rrryyyrrryyy
1697,96,808.0,3.415016685152644,4,32,10,rrryyyrrryyy
1698,96,817.0,3.4575315701593468,5,32,9,rrrrrrrrrrrr
1699,94,826.0,3.331432955879828,5,33,9,rrrrrrrrrrrr
1700,95,730.0,3.367836853146974,0,30,8,GGgrrrGGgrrr
1701,95,641.0,3.3008155573915996,0,26,7,GGgrrrGGgrrr
1702,94,590.0,3.063262264765521,0,24,8,GGgrrrGGgrrr
1703,94,522.0,3.1522874605361,0,21,10,GGgrrrGGgrrr
1704,93,456.0,2.960705449353858,0,20,9,GGgrrrGGgrrr
1705,94,422.0,2.941150569114941,0,20,8,GGgrrrGGgrrr
1706,93,420.0,2.7597015268314893,0,18,9,GGgrrrGGgrrr
1707,93,374.0,2.7466392211704247,0,16,8,GGgrrrGGgrrr
1708,93,338.0,2.8551353985935957,0,16,9,GGgrrrGGgrrr
1709,95,318.0,2.87743308297974,0,14,10,GGgrrrGGgrrr
1710,95,307.0,2.6673036767535447,0,15,9,GGgrrrGGgrrr
1711,95,300.0,2.807638960522533,0,13,10,GGgrrrGGgrrr
1712,95,294.0,2.9633007069242443,0,12,11,GGgrrrGGgrrr
1713,94,291.0,2.9706565636653357,0,12,11,GGgrrrGGgrrr
1714,94,289.0,2.941823116182945,0,12,13,GGgrrrGGgrrr
1715,95,288.0,3.011902690999033,0,13,13,GGgrrrGGgrrr
1716,95,307.0,2.994730208901696,0,14,15,GGgrrrGGgrrr
1717,96,295.0,2.8742034730743167,0,11,17,GGgrrrGGgrrr
1718,96,283.0,3.039773128674716,0,10,15,GGgrrrGGgrrr
1719,95,272.0,3.1197299856007854,0,9,17,GGgrrrGGgrrr
1720,96,262.0,3.1838256766730115,0,8,19,GGgrrrGGgrrr
1721,96,249.0,3.2724501703664384,0,6,18,GGgrrrGGgrrr
1722,96,251.0,3.3800470022744817,0,6,18,GGgrrrGGgrrr
1723,97,277.0,3.4598254557637422,0,7,21,GGgrrrGGgrrr
1724,96,282.0,3.4616555391985986,0,5,20,GGgrrrGGgrrr
1725,98,302.0,3.4759501461544273,0,7,21,GGgrrrGGgrrr
1726,98,324.0,3.611588400941538,0,5,21,GGgrrrGGgrrr
1727,98,345.0,3.663641621251647,0,4,23,GGgrrrGGgrrr
1728,98,366.0,3.7582971055155587,0,3,24,GGgrrrGGgrrr
1729,98,387.0,3.8542936701568764,0,4,25,GGgrrrGGgrrr
1730,99,410.0,3.8931046813343166,1,5,25,yyyrrryyyrrr
1731,100,433.0,3.9165867446172986,1,2,28,yyyrrryyyrrr
1732,99,465.0,3.809110178222103,1,4,28,yyyrrryyyrrr
1733,99,493.0,3.6486106656516095,2,4,29,rrrrrrrrrrrr
1734,99,523.0,3.623966885982188,2,7,28,rrrrrrrrrrrr
1735,101,441.0,3.60531545917766,3,9,27,rrrGGgrrrGGg
1736,100,403.0,3.5157069360314392,3,8,27,rrrGGgrrrGGg
1737,99,396.0,3.5550018064465223,3,8,23,rrrGGgrrrGGg
1738,98,388.0,3.574611594389326,3,7,23,rrrGGgrrrGGg
1739,98,388.0,3.6624815682785634,3,10,23,rrrGGgrrrGGg
1740,98,370.0,3.5460680205265414,3,10,21,rrrGGgrrrGGg
1741,98,370.0,3.158709081749968,3,10,23,rrrGGgrrrGGg
1742,97,402.0,2.9458714744581846,3,9,22,rrrGGgrrrGGg
1743,97,400.0,2.8925124964661104,3,10,23,rrrGGgrrrGGg
1744,97,404.0,2.9020085623721545,3,13,23,rrrGGgrrrGGg
1745,97,411.0,2.9057245968425898,3,15,24,rrrGGgrrrGGg
1746,99,417.0,2.9725632622125278,3,14,26,rrrGGgrrrGGg
1747,99,454.0,2.992577503293965,3,15,24,rrrGGgrrrGGg
1748,97,465.0,2.7429406804588874,3,15,24,rrrGGgrrrGGg
1749,96,470.0,2.617033632739974,3,17,23,rrrGGgrrrGGg
1750,96,481.0,2.539032234455744,3,20,23,rrrGGgrrrGGg
1751,95,500.0,2.3709292324238898,3,21,25,rrrGGgrrrGGg
1752,95,522.0,2.4858086645957798,3,22,27,rrrGGgrrrGGg
1753,95,534.0,2.570197422607826,3,20,26,rrrGGgrrrGGg
1754,96,554.0,2.635636777986787,3,22,27,rrrGGgrrrGGg
1755,97,570.0,2.6733999101004446,3,24,26,rrrGGgrrrGGg
1756,95,586.0,2.5191942574094615,3,25,26,rrrGGgrrrGGg
1757,95,630.0,2.6165761578368136,3,24,27,rrrGGgrrrGGg
1758,96,650.0,2.628020002333464,3,27,25,rrrGGgrrrGGg
1759,95,675.0,2.5778274977795608,3,27,25,rrrGGgrrrGGg
1760,96,729.0,2.46755929036342,3,29,27,rrrGGgrrrGGg
1761,96,787.0,2.534431358607935,3,30,28,rrrGGgrrrGGg
1762,96,789.0,2.5719766839143436,3,30,26,rrrGGgrrrGGg
1763,96,796.0,2.6619191483139075,3,31,25,rrrGGgrrrGGg
1764,96,840.0,2.6530059141685567,3,31,25,rrrGGgrrrGGg
1765,97,858.0,2.640175753914453,4,33,23,rrryyyrrryyy
1766,97,873.0,2.6840278310474797,4,32,22,rrryyyrrryyy
1767,97,884.0,2.71277824365064,4,33,19,rrryyyrrryyy
1768,98,898.0,2.669342961388647,5,33,19,rrrrrrrrrrrr
1769,98,912.0,2.553166089931657,5,35,17,rrrrrrrrrrrr
1770,97,807.0,2.3818696264493955,0,31,18,GGgrrrGGgrrr
1771,97,740.0,2.4586675083075495,0,27,20,GGgrrrGGgrrr
1772,97,658.0,2.6231383478141392,0,24,18,GGgrrrGGgrrr
1773,97,601.0,2.6994609684802873,0,22,16,GGgrrrGGgrrr
1774,96,597.0,2.665655633084588,0,22,17,GGgrrrGGgrrr
1775,96,572.0,2.6155421979654716,0,21,16,GGgrrrGGgrrr
1776,96,524.0,2.7133888679728795,0,19,17,GGgrrrGGgrrr
1777,96,483.0,2.660571974199357,0,17,18,GGgrrrGGgrrr
1778,97,462.0,2.7029728788301894,0,17,16,GGgrrrGGgrrr
1779,97,444.0,2.761509483771339,0,16,16,GGgrrrGGgrrr
1780,98,484.0,2.8246904480463058,0,18,19,GGgrrrGGgrrr
1781,96,470.0,2.701660678225247,0,17,19,GGgrrrGGgrrr
1782,95,456.0,2.6485905543264265,0,17,20,GGgrrrGGgrrr
1783,95,441.0,2.6872428648691637,0,15,20,GGgrrrGGgrrr
1784,95,432.0,2.5247023844955323,0,13,22,GGgrrrGGgrrr
1785,96,415.0,2.5554064709995745,0,14,22,GGgrrrGGgrrr
1786,96,388.0,2.6407352027585222,0,12,23,GGgrrrGGgrrr
1787,97,385.0,2.72149342980456,0,10,24,GGgrrrGGgrrr
1788,97,369.0,2.8372938466190765,0,9,22,GGgrrrGGgrrr
1789,97,403.0,2.7681538128687975,0,10,24,GGgrrrGGgrrr
1790,97,398.0,2.7580290506751663,0,10,26,GGgrrrGGgrrr
1791,98,423.0,2.7907352529426075,0,10,25,GGgrrrGGgrrr
1792,99,419.0,2.742431258475306,0,9,27,GGgrrrGGgrrr
1793,99,416.0,2.809207143000563,0,10,26,GGgrrrGGgrrr
1794,99,408.0,2.945213681453963,0,10,27,GGgrrrGGgrrr
1795,99,400.0,3.0505259929262682,0,9,26,GGgrrrGGgrrr
1796,99,434.0,2.9516532048516284,0,10,29,GGgrrrGGgrrr
1797,100,460.0,3.012391206330383,0,8,32,GGgrrrGGgrrr
1798,99,463.0,3.049602684872186,0,8,31,GGgrrrGGgrrr
1799,100,467.0,3.165113680906214,0,7,30,GGgrrrGGgrrr
1800,100,474.0,3.223516443862174,1,5,31,yyyrrryyyrrr
1801,100,492.0,3.2880773126651808,1,5,32,yyyrrryyyrrr
1802,100,497.0,3.0717967287095695,1,3,34,yyyrrryyyrrr
1803,101,527.0,3.1999335423236066,2,1,33,rrrrrrrrrrrr
1804,101,546.0,3.330192446183934,2,0,32,rrrrrrrrrrrr
1805,99,480.0,3.259637268070337,3,3,29,rrrGGgrrrGGg
1806,99,425.0,3.4108567029742245,3,1,27,rrrGGgrrrGGg
1807,101,397.0,3.2994482702220025,3,4,25,rrrGGgrrrGGg
1808,102,393.0,3.3385987243894446,3,3,25,rrrGGgrrrGGg
1809,102,423.0,3.4148198451179432,3,4,25,rrrGGgrrrGGg
1810,102,406.0,3.49940243749798,3,5,25,rrrGGgrrrGGg
1811,101,401.0,3.4076128686577105,3,4,25,rrrGGgrrrGGg
1812,101,400.0,3.213930791832494,3,6,27,rrrGGgrrrGGg
1813,101,398.0,3.1834586344560534,3,8,27,rrrGGgrrrGGg
1814,99,391.0,2.915073273712251,3,7,26,rrrGGgrrrGGg
1815,99,391.0,2.9851851172494297,3,8,23,rrrGGgrrrGGg
1816,99,389.0,3.0299059480315615,3,8,22,rrrGGgrrrGGg
1817,100,390.0,3.0119045966157802,3,10,24,rrrGGgrrrGGg
1818,100,423.0,3.04751040956821,3,10,26,rrrGGgrrrGGg
1819,100,425.0,2.8468435629655757,3,12,28,rrrGGgrrrGGg
1820,100,433.0,2.956627210552186,3,13,26,rrrGGgrrrGGg
1821,100,432.0,3.0270668510278966,3,13,26,rrrGGgrrrGGg
1822,102,440.0,2.9852929448261794,3,15,25,rrrGGgrrrGGg
1823,102,477.0,3.0104144428751503,3,14,27,rrrGGgrrrGGg
1824,103,493.0,3.012270251518346,3,16,29,rrrGGgrrrGGg
1825,102,507.0,2.945258392717459,3,17,28,rrrGGgrrrGGg
1826,102,552.0,2.898779765580605,3,19,28,rrrGGgrrrGGg
1827,102,560.0,2.882510638905267,3,20,27,rrrGGgrrrGGg
1828,101,563.0,2.845470314597982,3,20,26,rrrGGgrrrGGg
1829,102,610.0,2.858891725490192,3,21,28,rrrGGgrrrGGg
1830,102,624.0,2.762103681518719,3,23,26,rrrGGgrrrGGg
1831,102,640.0,2.804159201169228,3,23,25,rrrGGgrrrGGg
1832,103,660.0,2.8744781442092058,3,25,27,rrrGGgrrrGGg
1833,103,664.0,2.9735878406944765,3,25,25,rrrGGgrrrGGg
1834,105,671.0,3.0095876046656533,3,27,25,rrrGGgrrrGGg
1835,105,679.0,3.138713540821876,4,27,23,rrryyyrrryyy
1836,105,700.0,3.235111764944938,4,29,22,rrryyyrrryyy
1837,106,742.0,3.2883714024006667,4,31,24,rrryyyrrryyy
1838,106,756.0,3.2313255062988238,5,31,24,rrrrrrrrrrrr
1839,107,791.0,3.1637324865138905,5,31,25,rrrrrrrrrrrr
1840,107,711.0,3.254007814966964,0,27,23,GGgrrrGGgrrr
1841,107,666.0,3.4042624743827985,0,26,24,GGgrrrGGgrrr
1842,107,634.0,3.402279387566851,0,25,23,GGgrrrGGgrrr
1843,107,617.0,3.3981091541203368,0,23,24,GGgrrrGGgrrr
1844,108,600.0,3.2784191432929792,0,22,25,GGgrrrGGgrrr
1845,108,609.0,3.37512506215508,0,22,27,GGgrrrGGgrrr
1846,107,589.0,3.4039463655119833,0,22,25,GGgrrrGGgrrr
1847,107,553.0,3.3539108364808805,0,22,25,GGgrrrGGgrrr
1848,108,547.0,3.3095779269880388,0,20,26,GGgrrrGGgrrr
1849,109,514.0,3.2967407240591964,0,19,29,GGgrrrGGgrrr
1850,110,479.0,3.291675104023016,0,21,24,GGgrrrGGgrrr
1851,108,479.0,3.093734917207768,0,19,25,GGgrrrGGgrrr
1852,106,499.0,2.6411101352252246,0,21,28,GGgrrrGGgrrr
1853,106,500.0,2.600053177088445,0,20,30,GGgrrrGGgrrr
1854,107,509.0,2.6442298685344645,0,19,31,GGgrrrGGgrrr
1855,107,524.0,2.7233212968348393,0,18,35,GGgrrrGGgrrr
1856,106,518.0,2.676805031116967,0,18,33,GGgrrrGGgrrr
1857,106,519.0,2.429969692083567,0,18,34,GGgrrrGGgrrr
1858,105,522.0,2.431959875388049,0,17,34,GGgrrrGGgrrr
1859,105,572.0,2.5648045252970686,0,17,39,GGgrrrGGgrrr
1860,105,584.0,2.729423476556842,0,15,36,GGgrrrGGgrrr
1861,107,596.0,2.720949077412051,0,15,40,GGgrrrGGgrrr
1862,107,613.0,2.7584739300958727,0,15,38,GGgrrrGGgrrr
1863,107,644.0,2.834134967266459,0,14,41,GGgrrrGGgrrr
1864,108,663.0,2.9226584933226496,0,14,41,GGgrrrGGgrrr
1865,108,673.0,3.018900142232789,0,10,43,GGgrrrGGgrrr
1866,109,678.0,3.0853156738481893,0,10,42,GGgrrrGGgrrr
1867,110,682.0,3.165760299984307,0,9,44,GGgrrrGGgrrr
1868,110,693.0,3.3238116811692477,0,7,42,GGgrrrGGgrrr
1869,111,693.0,3.3834744291849446,0,8,43,GGgrrrGGgrrr
1870,111,714.0,3.379655860297979,1,5,41,yyyrrryyyrrr
1871,110,729.0,3.267741887202648,1,5,44,yyyrrryyyrrr
1872,108,746.0,3.152727902683679,1,6,45,yyyrrryyyrrr
1873,107,752.0,3.040761535889904,2,6,46,rrrrrrrrrrrr
1874,108,777.0,2.996448423267911,2,7,46,rrrrrrrrrrrr
1875,109,717.0,2.977210876859236,3,7,42,rrrGGgrrrGGg
1876,109,680.0,3.0489408779686786,3,6,40,rrrGGgrrrGGg
1877,109,649.0,3.0612274042650585,3,5,41,rrrGGgrrrGGg
1878,109,629.0,3.1834348469001843,3,6,39,rrrGGgrrrGGg
1879,108,628.0,3.042091543945217,3,7,38,rrrGGgrrrGGg
1880,107,617.0,2.8632670975188113,3,7,38,rrrGGgrrrGGg
1881,107,580.0,2.904186590388366,3,9,31,rrrGGgrrrGGg
1882,107,585.0,2.946741870593136,3,9,33,rrrGGgrrrGGg
1883,108,591.0,2.8228117147070115,3,11,33,rrrGGgrrrGGg
1884,107,621.0,2.5987637690014984,3,12,35,rrrGGgrrrGGg
1885,107,626.0,2.549186667815496,3,13,33,rrrGGgrrrGGg
1886,108,630.0,2.545624036516919,3,14,32,rrrGGgrrrGGg
1887,107,639.0,2.5219691765049617,3,15,30,rrrGGgrrrGGg
1888,107,635.0,2.4389241121751604,3,15,31,rrrGGgrrrGGg
1889,108,642.0,2.3905023062516353,3,18,30,rrrGGgrrrGGg
1890,107,648.0,2.352805163403082,3,17,29,rrrGGgrrrGGg
1891,107,651.0,2.4116994973006904,3,18,32,rrrGGgrrrGGg
1892,107,660.0,2.4469150248911786,3,18,33,rrrGGgrrrGGg
1893,108,711.0,2.533835720021636,3,20,33,rrrGGgrrrGGg
1894,108,724.0,2.54735944579749,3,21,32,rrrGGgrrrGGg
1895,108,741.0,2.577361418250256,3,22,33,rrrGGgrrrGGg
1896,106,794.0,2.4544100364428854,3,22,32,rrrGGgrrrGGg
1897,105,792.0,2.420880940175464,3,22,30,rrrGGgrrrGGg
1898,105,828.0,2.426241532611073,3,24,31,rrrGGgrrrGGg
1899,106,846.0,2.428490830531304,3,25,32,rrrGGgrrrGGg
1900,107,845.0,2.4044329117868384,3,28,31,rrrGGgrrrGGg
1901,107,859.0,2.4854510740373468,3,28,29,rrrGGgrrrGGg
1902,107,881.0,2.5906889343436363,3,30,29,rrrGGgrrrGGg
1903,107,906.0,2.680685760650982,3,30,29,rrrGGgrrrGGg
1904,108,918.0,2.7095315253557724,3,31,29,rrrGGgrrrGGg
1905,110,952.0,2.702021171057084,4,33,30,rrryyyrrryyy
1906,111,950.0,2.7058582453693,4,34,26,rrryyyrrryyy
1907,111,974.0,2.794309345780797,4,33,28,rrryyyrrryyy
1908,111,1002.0,2.8704645587491724,5,33,29,rrrrrrrrrrrr
1909,110,1043.0,2.852070505501294,5,35,28,rrrrrrrrrrrr
1910,110,941.0,2.743947474203941,0,32,30,GGgrrrGGgrrr
1911,109,890.0,2.6850473899045504,0,29,29,GGgrrrGGgrrr
1912,110,886.0,2.6893070656506195,0,29,30,GGgrrrGGgrrr
1913,110,852.0,2.752309638760525,0,27,31,GGgrrrGGgrrr
1914,111,836.0,2.829907341344677,0,26,31,GGgrrrGGgrrr
1915,111,853.0,2.956186189219488,0,24,32,GGgrrrGGgrrr
1916,110,840.0,2.9659949917783663,0,24,33,GGgrrrGGgrrr
1917,110,823.0,2.902553206408215,0,23,34,GGgrrrGGgrrr
1918,109,793.0,2.9162323456212276,0,22,33,GGgrrrGGgrrr
1919,109,744.0,2.884260305729754,0,22,29,GGgrrrGGgrrr
1920,110,709.0,2.9252476374244667,0,21,27,GGgrrrGGgrrr
1921,111,682.0,2.9433708995228836,0,20,29,GGgrrrGGgrrr
1922,110,731.0,2.8689832126900425,0,20,31,GGgrrrGGgrrr
1923,107,749.0,2.5778103971741118,0,19,36,GGgrrrGGgrrr
1924,108,769.0,2.5964404372477103,0,18,38,GGgrrrGGgrrr
1925,109,789.0,2.6386558364114987,0,18,37,GGgrrrGGgrrr
1926,109,843.0,2.56134559697189,0,16,38,GGgrrrGGgrrr
1927,109,830.0,2.594181391476578,0,14,39,GGgrrrGGgrrr
1928,108,880.0,2.49804250334807,0,15,39,GGgrrrGGgrrr
1929,106,892.0,2.326322283687258,0,14,41,GGgrrrGGgrrr
1930,107,910.0,2.335855177675275,0,13,44,GGgrrrGGgrrr
1931,108,934.0,2.1654393649574653,0,14,46,GGgrrrGGgrrr
1932,108,935.0,2.3302450265283463,0,11,44,GGgrrrGGgrrr
1933,108,959.0,2.46462829483363,0,10,45,GGgrrrGGgrrr
1934,108,984.0,2.5869831020607696,0,9,47,GGgrrrGGgrrr
1935,109,1040.0,2.640993784624007,0,10,47,GGgrrrGGgrrr
1936,109,1007.0,2.7481183599745087,0,8,46,GGgrrrGGgrrr
1937,109,1062.0,2.854964272626529,0,8,47,GGgrrrGGgrrr
1938,109,1083.0,2.958729372964685,0,7,48,GGgrrrGGgrrr
1939,110,1106.0,2.9970448086644907,0,7,51,GGgrrrGGgrrr
1940,111,1108.0,3.151747889810369,1,7,48,yyyrrryyyrrr
1941,112,1131.0,3.2013986151625553,1,5,50,yyyrrryyyrrr
1942,112,1150.0,3.272468678203579,1,4,48,yyyrrryyyrrr
1943,111,1173.0,3.2189514127793415,2,5,49,rrrrrrrrrrrr
1944,111,1200.0,3.1782958519940934,2,6,49,rrrrrrrrrrrr
1945,110,1081.0,2.9996426003267382,3,6,46,rrrGGgrrrGGg
1946,109,1055.0,2.9545068187556263,3,6,46,rrrGGgrrrGGg
1947,111,1043.0,2.9513477675427775,3,7,45,rrrGGgrrrGGg
1948,111,1022.0,3.034802151661581,3,6,41,rrrGGgrrrGGg
1949,111,1000.0,3.1087525605843855,3,8,39,rrrGGgrrrGGg
1950,111,999.0,3.0469190026156423,3,9,38,rrrGGgrrrGGg
1951,112,1007.0,3.0341859124371764,3,9,37,rrrGGgrrrGGg
1952,112,987.0,3.026639134464418,3,11,34,rrrGGgrrrGGg
1953,110,1026.0,2.83003555787498,3,11,35,rrrGGgrrrGGg
1954,111,1040.0,2.879023422577385,3,13,35,rrrGGgrrrGGg
1955,111,1053.0,2.9567544808161155,3,14,35,rrrGGgrrrGGg
1956,112,1067.0,3.0246478892829893,3,14,37,rrrGGgrrrGGg
1957,112,1083.0,3.1590162862379882,3,15,36,rrrGGgrrrGGg
1958,111,1109.0,3.0848312460875533,3,16,36,rrrGGgrrrGGg
1959,111,1089.0,3.1052053872102334,3,17,33,rrrGGgrrrGGg
1960,112,1123.0,3.214878728688846,3,18,34,rrrGGgrrrGGg
1961,111,1167.0,3.1829133612008635,3,18,34,rrrGGgrrrGGg
1962,109,1221.0,3.0124815685039397,3,18,36,rrrGGgrrrGGg
1963,109,1277.0,3.0718342805102905,3,19,37,rrrGGgrrrGGg
1964,109,1314.0,2.941407527091502,3,20,36,rrrGGgrrrGGg
1965,108,1363.0,2.924575883592038,3,21,37,rrrGGgrrrGGg
1966,108,1424.0,2.779604189682763,3,24,39,rrrGGgrrrGGg
1967,107,1404.0,2.8202709225629503,3,23,36,rrrGGgrrrGGg
1968,107,1466.0,2.9108572833363766,3,24,38,rrrGGgrrrGGg
1969,107,1531.0,3.014693970719282,3,25,40,rrrGGgrrrGGg
1970,107,1589.0,3.1043720163613457,3,24,39,rrrGGgrrrGGg
1971,109,1639.0,2.958322533963208,3,28,39,rrrGGgrrrGGg
1972,109,1704.0,2.922108692440519,3,27,38,rrrGGgrrrGGg
1973,109,1771.0,2.8304570210836193,3,28,40,rrrGGgrrrGGg
1974,109,1761.0,2.9602274096307184,3,29,37,rrrGGgrrrGGg
1975,109,1762.0,3.0301148094145676,3,30,38,rrrGGgrrrGGg
1976,110,1747.0,3.080496905038944,3,31,36,rrrGGgrrrGGg
1977,110,1731.0,3.0730839706818194,3,33,34,rrrGGgrrrGGg
1978,110,1715.0,3.103300687414447,3,33,34,rrrGGgrrrGGg
1979,109,1701.0,3.0784249693368744,3,34,33,rrrGGgrrrGGg
1980,109,1751.0,3.047638984415747,3,36,33,rrrGGgrrrGGg
1981,108,1737.0,2.949093198356899,3,37,31,rrrGGgrrrGGg
1982,109,1787.0,3.013972053686895,3,36,32,rrrGGgrrrGGg
1983,108,1762.0,2.9927567479555486,3,36,29,rrrGGgrrrGGg
1984,109,1742.0,3.052765717962285,3,38,27,rrrGGgrrrGGg
1985,108,1741.0,3.0552780729630635,3,37,27,rrrGGgrrrGGg
1986,109,1743.0,2.915526168354204,3,38,30,rrrGGgrrrGGg
1987,109,1811.0,2.8352715746518675,3,39,30,rrrGGgrrrGGg
1988,107,1816.0,2.6598759438422643,3,39,31,rrrGGgrrrGGg
1989,106,1841.0,2.630701055704476,3,40,29,rrrGGgrrrGGg
1990,106,1761.0,2.5928007752494318,3,40,28,rrrGGgrrrGGg
1991,106,1734.0,2.5396360153399993,3,41,27,rrrGGgrrrGGg
1992,106,1714.0,2.602748232850519,3,40,28,rrrGGgrrrGGg
1993,106,1763.0,2.710130828727073,3,40,28,rrrGGgrrrGGg
1994,106,1830.0,2.81136731804978,3,40,28,rrrGGgrrrGGg
1995,105,1785.0,2.7987385017967545,3,40,28,rrrGGgrrrGGg
1996,107,1731.0,2.826050876012354,3,41,25,rrrGGgrrrGGg
1997,106,1685.0,2.6580556268565165,3,40,24,rrrGGgrrrGGg
1998,106,1650.0,2.734124640920813,3,40,23,rrrGGgrrrGGg
1999,106,1633.0,2.5732559795171914,3,42,25,rrrGGgrrrGGg
2000,105,1672.0,2.447832618289297,3,41,27,rrrGGgrrrGGg
2001,105,1712.0,2.3265391951826726,3,42,27,rrrGGgrrrGGg
2002,106,1762.0,2.353333708058016,3,41,25,rrrGGgrrrGGg
2003,106,1830.0,2.358769637299764,3,42,25,rrrGGgrrrGGg
2004,105,1862.0,2.2785397317661897,3,42,24,rrrGGgrrrGGg
2005,107,1872.0,2.3077425249006827,4,43,20,rrryyyrrryyy
2006,107,1910.0,2.2975447313664423,4,42,21,rrryyyrrryyy
2007,108,1946.0,2.2951665235583865,4,43,20,rrryyyrrryyy
2008,106,1987.0,2.004681662246438,5,43,19,rrrrrrrrrrrr
2009,108,2003.0,2.0295086357267587,5,45,16,rrrrrrrrrrrr
2010,108,1811.0,2.0647211416759155,0,39,18,GGgrrrGGgrrr
2011,107,1684.0,2.021358630588913,0,37,18,GGgrrrGGgrrr
2012,107,1570.0,2.034843130841145,0,34,20,GGgrrrGGgrrr
2013,108,1492.0,2.10319428985817,0,31,19,GGgrrrGGgrrr
2014,108,1428.0,2.1465957141757728,0,29,21,GGgrrrGGgrrr
2015,109,1380.0,2.041213026927936,0,28,22,GGgrrrGGgrrr
2016,109,1328.0,1.9667282280171674,0,25,23,GGgrrrGGgrrr
2017,109,1297.0,2.0254235047882485,0,26,25,GGgrrrGGgrrr
2018,110,1268.0,2.0728498602924206,0,25,26,GGgrrrGGgrrr
2019,111,1235.0,2.0517697503669927,0,24,26,GGgrrrGGgrrr
2020,111,1199.0,2.0549809267481374,0,21,28,GGgrrrGGgrrr
2021,111,1229.0,2.0848492354330403,0,21,27,GGgrrrGGgrrr
2022,110,1208.0,2.0053864223312248,0,20,29,GGgrrrGGgrrr
2023,110,1197.0,1.9560315371398063,0,20,33,GGgrrrGGgrrr
2024,111,1248.0,2.0290264101711686,0,20,34,GGgrrrGGgrrr
2025,111,1233.0,1.9779161887908034,0,21,33,GGgrrrGGgrrr
2026,112,1197.0,1.9961318848630647,0,21,32,GGgrrrGGgrrr
2027,112,1188.0,2.001991241347904,0,19,34,GGgrrrGGgrrr
2028,112,1174.0,2.0538951316562306,0,19,36,GGgrrrGGgrrr
2029,113,1090.0,2.0875024223390883,0,19,40,GGgrrrGGgrrr
2030,113,1059.0,2.18693105333222,0,18,37,GGgrrrGGgrrr
2031,113,1081.0,2.275473406446569,0,17,37,GGgrrrGGgrrr
2032,113,1050.0,2.370216937339203,0,16,36,GGgrrrGGgrrr
2033,114,1099.0,2.400767326513863,0,16,37,GGgrrrGGgrrr
2034,115,1056.0,2.480704353757684,0,15,36,GGgrrrGGgrrr
2035,115,1027.0,2.5495885926792443,0,13,36,GGgrrrGGgrrr
2036,114,998.0,2.530632082832885,0,11,36,GGgrrrGGgrrr
2037,114,972.0,2.5822244680613715,0,10,37,GGgrrrGGgrrr
2038,114,1007.0,2.648592877675964,0,12,38,GGgrrrGGgrrr
2039,116,993.0,2.6805619208219507,0,11,43,GGgrrrGGgrrr
2040,115,905.0,2.7052709791778624,1,9,40,yyyrrryyyrrr
2041,114,847.0,2.5974353010385913,1,9,41,yyyrrryyyrrr
2042,112,831.0,2.3635036481212013,1,8,41,yyyrrryyyrrr
2043,112,868.0,2.198647059270028,2,10,44,rrrrrrrrrrrr
2044,113,844.0,2.1717115921786325,2,9,44,rrrrrrrrrrrr
2045,112,807.0,2.149695750513331,3,9,41,rrrGGgrrrGGg
2046,112,739.0,2.231329842090319,3,10,41,rrrGGgrrrGGg
2047,112,628.0,2.29825767627261,3,10,38,rrrGGgrrrGGg
2048,112,531.0,2.4322034530070704,3,10,35,rrrGGgrrrGGg
2049,111,543.0,2.4521083648874686,3,10,34,rrrGGgrrrGGg
2050,113,562.0,2.4167568475395615,3,13,37,rrrGGgrrrGGg
2051,113,544.0,2.524973384164973,3,12,34,rrrGGgrrrGGg
2052,114,566.0,2.510080132115355,3,13,37,rrrGGgrrrGGg
2053,113,616.0,2.3816143337355613,3,13,37,rrrGGgrrrGGg
2054,113,639.0,2.4502627998223185,3,14,36,rrrGGgrrrGGg
2055,113,663.0,2.317425264699613,3,16,36,rrrGGgrrrGGg
2056,113,717.0,2.455649215270148,3,18,36,rrrGGgrrrGGg
2057,113,741.0,2.5591473751606895,3,18,35,rrrGGgrrrGGg
2058,114,768.0,2.620631376919169,3,20,35,rrrGGgrrrGGg
2059,114,771.0,2.7005925689363597,3,20,32,rrrGGgrrrGGg
2060,112,796.0,2.6353110676593974,3,20,32,rrrGGgrrrGGg
2061,114,849.0,2.6805936038533424,3,22,33,rrrGGgrrrGGg
2062,113,831.0,2.6538719690227452,3,22,30,rrrGGgrrrGGg
2063,113,814.0,2.6990488396518986,3,24,29,rrrGGgrrrGGg
2064,112,838.0,2.6877473879875815,3,23,28,rrrGGgrrrGGg
2065,113,867.0,2.5751660023856893,3,25,29,rrrGGgrrrGGg
2066,113,846.0,2.544213643643707,3,27,26,rrrGGgrrrGGg
2067,113,879.0,2.6569549782077337,3,28,27,rrrGGgrrrGGg
2068,113,935.0,2.8141067190710043,3,29,27,rrrGGgrrrGGg
2069,113,968.0,2.946542559766853,3,29,26,rrrGGgrrrGGg
2070,114,1001.0,2.985729247096094,3,30,26,rrrGGgrrrGGg
2071,116,948.0,3.0122809144503466,3,31,24,rrrGGgrrrGGg
2072,116,981.0,3.144900997983456,3,31,22,rrrGGgrrrGGg
2073,115,909.0,3.1640076994960045,3,32,19,rrrGGgrrrGGg
2074,114,952.0,3.1769598018908862,3,33,19,rrrGGgrrrGGg
2075,114,1003.0,3.2374585695657103,4,34,19,rrryyyrrryyy
2076,115,1058.0,3.2895880759206038,4,35,21,rrryyyrrryyy
2077,115,1115.0,3.251568166851798,4,36,22,rrryyyrrryyy
2078,115,1166.0,3.2741815488110437,5,35,21,rrrrrrrrrrrr
2079,113,1152.0,3.0444731594873784,5,35,19,rrrrrrrrrrrr
2080,112,1071.0,2.9131329733297386,0,32,22,GGgrrrGGgrrr
2081,112,1033.0,2.7786164615240443,0,30,25,GGgrrrGGgrrr
2082,114,926.0,2.730510609086953,0,30,23,GGgrrrGGgrrr
2083,113,838.0,2.5495154819003747,0,28,22,GGgrrrGGgrrr
2084,113,821.0,2.461500450126625,0,26,27,GGgrrrGGgrrr
2085,113,797.0,2.588584873094548,0,26,23,GGgrrrGGgrrr
2086,111,702.0,2.4744109713789135,0,24,21,GGgrrrGGgrrr
2087,111,694.0,2.561646639820072,0,23,19,GGgrrrGGgrrr
2088,109,640.0,2.414852886673821,0,23,19,GGgrrrGGgrrr
2089,110,609.0,2.4397496358994215,0,22,20,GGgrrrGGgrrr
2090,111,579.0,2.339547413240892,0,23,20,GGgrrrGGgrrr
2091,112,533.0,2.4089337564609976,0,23,16,GGgrrrGGgrrr
2092,111,528.0,2.424753797635884,0,23,14,GGgrrrGGgrrr
2093,110,536.0,2.442859675090523,0,25,15,GGgrrrGGgrrr
2094,110,573.0,2.5446235091684306,0,25,14,GGgrrrGGgrrr
2095,111,528.0,2.608136371546965,0,26,14,GGgrrrGGgrrr
2096,113,515.0,2.5344085728269,0,27,14,GGgrrrGGgrrr
2097,113,514.0,2.5743606589852206,0,26,14,GGgrrrGGgrrr
2098,112,510.0,2.5031143273402114,0,24,12,GGgrrrGGgrrr
2099,111,511.0,2.4992462113303846,0,23,14,GGgrrrGGgrrr
2100,111,545.0,2.553270679786683,0,23,15,GGgrrrGGgrrr
2101,110,549.0,2.394683681453413,0,23,18,GGgrrrGGgrrr
2102,110,547.0,2.4854408476233325,0,23,14,GGgrrrGGgrrr
2103,112,546.0,2.571241784275617,0,22,17,GGgrrrGGgrrr
2104,112,543.0,2.7353896446833628,0,18,18,GGgrrrGGgrrr
2105,113,542.0,2.8587901232452593,0,17,19,GGgrrrGGgrrr
2106,115,571.0,2.9090543820496673,0,17,20,GGgrrrGGgrrr
2107,115,572.0,2.9823124030145856,0,15,20,GGgrrrGGgrrr
2108,116,577.0,2.989096505232596,0,13,23,GGgrrrGGgrrr
2109,116,618.0,2.9487457285421597,0,13,27,GGgrrrGGgrrr
2110,116,628.0,2.9120340848297004,1,12,30,yyyrrryyyrrr
2111,117,601.0,2.9525805477685716,1,11,30,yyyrrryyyrrr
2112,117,598.0,3.0495443665570843,1,10,31,yyyrrryyyrrr
2113,117,639.0,3.1282456784865813,2,10,34,rrrrrrrrrrrr
2114,116,647.0,3.0744765403085914,2,10,34,rrrrrrrrrrrr
2115,115,538.0,3.028191403863783,3,9,29,rrrGGgrrrGGg
2116,114,475.0,2.907487108250235,3,9,29,rrrGGgrrrGGg
2117,113,457.0,2.847326072670782,3,11,28,rrrGGgrrrGGg
2118,112,414.0,2.811719106525165,3,10,24,rrrGGgrrrGGg
2119,112,415.0,2.878159385723813,3,10,26,rrrGGgrrrGGg
2120,110,359.0,2.7327872749285436,3,9,29,rrrGGgrrrGGg
2121,111,308.0,2.733206676729865,3,10,25,rrrGGgrrrGGg
2122,112,278.0,2.760213535014592,3,11,20,rrrGGgrrrGGg
2123,111,264.0,2.731779307985524,3,11,22,rrrGGgrrrGGg
2124,112,252.0,2.7671006674332355,3,12,24,rrrGGgrrrGGg
2125,112,269.0,2.8303024885562054,3,11,24,rrrGGgrrrGGg
2126,113,257.0,2.825652052817531,3,14,20,rrrGGgrrrGGg
2127,112,264.0,2.7773010356605825,3,14,21,rrrGGgrrrGGg
2128,112,280.0,2.5852166054124117,3,18,24,rrrGGgrrrGGg
2129,112,294.0,2.6048909140488012,3,16,28,rrrGGgrrrGGg
2130,111,312.0,2.548467311090836,3,16,26,rrrGGgrrrGGg
2131,111,354.0,2.6047871065174366,3,17,28,rrrGGgrrrGGg
2132,110,402.0,2.4268851605848116,3,20,31,rrrGGgrrrGGg
2133,111,430.0,2.3283004008222883,3,21,31,rrrGGgrrrGGg
2134,111,443.0,2.4351142990561208,3,21,30,rrrGGgrrrGGg
2135,111,456.0,2.496680981458947,3,23,28,rrrGGgrrrGGg
2136,111,481.0,2.546341141091486,3,23,28,rrrGGgrrrGGg
2137,111,513.0,2.5225987254112487,3,23,30,rrrGGgrrrGGg
2138,111,552.0,2.558601064399198,3,24,31,rrrGGgrrrGGg
2139,111,585.0,2.625109118596854,3,26,31,rrrGGgrrrGGg
2140,110,625.0,2.619647360207233,3,25,29,rrrGGgrrrGGg
2141,112,659.0,2.6573461402498433,3,28,30,rrrGGgrrrGGg
2142,112,685.0,2.6144874583558475,3,29,27,rrrGGgrrrGGg
2143,111,718.0,2.609470538006841,3,29,26,rrrGGgrrrGGg
2144,110,755.0,2.603005543591969,3,29,26,rrrGGgrrrGGg
2145,110,779.0,2.701429786237669,4,29,24,rrryyyrrryyy
2146,111,812.0,2.7642081354036825,4,32,23,rrryyyrrryyy
2147,111,863.0,2.8097415316955616,4,32,24,rrryyyrrryyy
2148,111,899.0,2.8257758486554163,5,32,24,rrrrrrrrrrrr
2149,111,934.0,2.8419714187434093,5,33,23,rrrrrrrrrrrr
2150,111,848.0,2.7832361836278476,0,32,22,GGgrrrGGgrrr
2151,111,812.0,2.6938431681418655,0,30,22,GGgrrrGGgrrr
2152,110,784.0,2.6458933528697886,0,26,23,GGgrrrGGgrrr
2153,111,761.0,2.7096212122089707,0,26,23,GGgrrrGGgrrr
2154,109,736.0,2.541040838169812,0,26,22,GGgrrrGGgrrr
2155,109,742.0,2.549763099945166,0,26,22,GGgrrrGGgrrr
2156,110,793.0,2.5217787376228076,0,28,25,GGgrrrGGgrrr
2157,110,836.0,2.4970204931316613,0,27,24,GGgrrrGGgrrr
2158,109,884.0,2.2369134137485656,0,28,27,GGgrrrGGgrrr
2159,109,933.0,2.1676586530236093,0,29,28,GGgrrrGGgrrr
2160,109,927.0,2.1411240419276503,0,29,27,GGgrrrGGgrrr
2161,109,938.0,1.9176320114144514,0,30,27,GGgrrrGGgrrr
2162,108,951.0,1.812855723405867,0,28,27,GGgrrrGGgrrr
2163,107,1001.0,1.74766191551387,0,29,28,GGgrrrGGgrrr
2164,107,1053.0,1.8009703612042807,0,30,29,GGgrrrGGgrrr
2165,106,1112.0,1.7385986143171972,0,32,30,GGgrrrGGgrrr
2166,107,1173.0,1.7490712430304107,0,33,32,GGgrrrGGgrrr
2167,107,1230.0,1.806292217251852,0,32,32,GGgrrrGGgrrr
2168,106,1253.0,1.7967922312639277,0,32,34,GGgrrrGGgrrr
2169,106,1275.0,1.7522085540497312,0,33,34,GGgrrrGGgrrr
2170,105,1331.0,1.7102765658046557,0,33,33,GGgrrrGGgrrr
2171,106,1390.0,1.7664689551704296,0,34,33,GGgrrrGGgrrr
2172,106,1426.0,1.868429861523879,0,32,35,GGgrrrGGgrrr
2173,106,1418.0,1.9910709034928213,0,30,36,GGgrrrGGgrrr
2174,108,1422.0,2.04238317685022,0,30,36,GGgrrrGGgrrr
2175,108,1426.0,2.1106008729088623,0,28,35,GGgrrrGGgrrr
2176,108,1430.0,2.2427665950630584,0,27,35,GGgrrrGGgrrr
2177,108,1487.0,2.351972825260588,0,28,35,GGgrrrGGgrrr
2178,108,1546.0,2.503953229479332,0,28,35,GGgrrrGGgrrr
2179,110,1605.0,2.6119351974647955,0,28,37,GGgrrrGGgrrr
2180,110,1664.0,2.7107097778555467,1,26,36,yyyrrryyyrrr
2181,110,1723.0,2.756099763593786,1,25,37,yyyrrryyyrrr
2182,110,1737.0,2.8192721590789422,1,25,37,yyyrrryyyrrr
2183,110,1743.0,2.8493169438166857,2,26,38,rrrrrrrrrrrr
2184,108,1648.0,2.6954257640229127,2,26,37,rrrrrrrrrrrr
2185,108,1482.0,2.6348434767622932,3,27,34,rrrGGgrrrGGg
2186,107,1314.0,2.7071014742536468,3,26,31,rrrGGgrrrGGg
2187,109,1159.0,2.7703393987970157,3,26,30,rrrGGgrrrGGg
2188,110,1111.0,2.7850160961347497,3,26,28,rrrGGgrrrGGg
2189,110,1068.0,2.7852250608834903,3,25,29,rrrGGgrrrGGg
2190,110,1076.0,2.7461837190242875,3,27,30,rrrGGgrrrGGg
2191,109,1048.0,2.6232265819221157,3,26,32,rrrGGgrrrGGg
2192,109,1057.0,2.6341307943061656,3,27,28,rrrGGgrrrGGg
2193,108,1027.0,2.549390325513071,3,28,29,rrrGGgrrrGGg
2194,109,996.0,2.6560839669705385,3,28,27,rrrGGgrrrGGg
2195,109,1008.0,2.6146535144939387,3,29,26,rrrGGgrrrGGg
2196,109,981.0,2.71779395254302,3,29,26,rrrGGgrrrGGg
2197,109,960.0,2.814630039501795,3,29,29,rrrGGgrrrGGg
2198,109,938.0,2.885477025910796,3,30,27,rrrGGgrrrGGg
2199,107,918.0,2.8021080144403125,3,29,28,rrrGGgrrrGGg
2200,107,890.0,2.8308909390506343,3,29,26,rrrGGgrrrGGg
2201,105,895.0,2.7173322893265404,3,28,26,rrrGGgrrrGGg
2202,106,868.0,2.7182203528297033,3,30,25,rrrGGgrrrGGg
2203,106,881.0,2.8280345431888274,3,29,21,rrrGGgrrrGGg
2204,105,887.0,2.6983936467611924,3,28,23,rrrGGgrrrGGg
2205,106,859.0,2.750503890536193,3,29,21,rrrGGgrrrGGg
2206,106,831.0,2.8749935839612384,3,28,19,rrrGGgrrrGGg
2207,106,793.0,3.025607943946831,3,29,19,rrrGGgrrrGGg
2208,106,796.0,3.1620255562361885,3,30,17,rrrGGgrrrGGg
2209,106,711.0,3.318125834892707,3,28,16,rrrGGgrrrGGg
2210,108,730.0,3.430441210549219,3,30,20,rrrGGgrrrGGg
2211,107,711.0,3.5476514289011547,3,29,18,rrrGGgrrrGGg
2212,108,741.0,3.6220342126044947,3,30,17,rrrGGgrrrGGg
2213,107,724.0,3.6608847712414616,3,28,16,rrrGGgrrrGGg
2214,107,733.0,3.7836553224825367,3,31,15,rrrGGgrrrGGg
2215,108,748.0,3.825832752829499,4,32,14,rrryyyrrryyy
2216,108,763.0,3.897114749976941,4,31,13,rrryyyrrryyy
2217,108,781.0,3.939032787775316,4,32,14,rrryyyrrryyy
2218,108,787.0,3.7536740360656218,5,32,14,rrrrrrrrrrrr
2219,107,805.0,3.639535640562828,5,34,12,rrrrrrrrrrrr
2220,107,706.0,3.57955108312651,0,32,13,GGgrrrGGgrrr
2221,106,624.0,3.5918101311822963,0,28,13,GGgrrrGGgrrr
2222,108,603.0,3.5879411652251716,0,30,14,GGgrrrGGgrrr
2223,106,526.0,3.5202863680814063,0,26,11,GGgrrrGGgrrr
2224,105,452.0,3.5445097589214454,0,26,9,GGgrrrGGgrrr
2225,105,467.0,3.6792885208965043,0,28,7,GGgrrrGGgrrr
2226,106,455.0,3.730690841670152,0,27,8,GGgrrrGGgrrr
2227,106,488.0,3.494644778594727,0,27,9,GGgrrrGGgrrr
2228,106,524.0,3.5127810030416264,0,27,9,GGgrrrGGgrrr
2229,105,561.0,3.3864901212388006,0,28,9,GGgrrrGGgrrr
2230,104,605.0,3.155974904405229,0,31,11,GGgrrrGGgrrr
2231,103,628.0,3.0364819641856076,0,31,12,GGgrrrGGgrrr
2232,104,627.0,3.051235143836429,0,31,13,GGgrrrGGgrrr
2233,104,668.0,3.1476989081650615,0,32,12,GGgrrrGGgrrr
2234,104,712.0,3.1511538177757363,0,32,14,GGgrrrGGgrrr
2235,104,758.0,2.874463847734317,0,34,14,GGgrrrGGgrrr
2236,104,805.0,2.7536289434051446,0,32,16,GGgrrrGGgrrr
2237,104,855.0,2.754601186391127,0,35,17,GGgrrrGGgrrr
2238,105,904.0,2.7736693724890316,0,34,17,GGgrrrGGgrrr
2239,105,959.0,2.796584616018347,0,35,18,GGgrrrGGgrrr
2240,105,1014.0,2.691987473104187,0,36,19,GGgrrrGGgrrr
2241,106,1069.0,2.6649380085915757,0,36,22,GGgrrrGGgrrr
2242,106,1083.0,2.6690499786325375,0,34,23,GGgrrrGGgrrr
2243,106,1077.0,2.707457035522917,0,33,24,GGgrrrGGgrrr
2244,105,1086.0,2.7994499603411303,0,32,25,GGgrrrGGgrrr
2245,106,1094.0,2.9115105779357173,0,31,26,GGgrrrGGgrrr
2246,106,1150.0,3.0172273470052597,0,30,26,GGgrrrGGgrrr
2247,106,1206.0,3.1019928987811705,0,30,26,GGgrrrGGgrrr
2248,107,1264.0,3.10401648132831,0,30,28,GGgrrrGGgrrr
2249,108,1323.0,3.0597581507771445,0,30,29,GGgrrrGGgrrr
2250,109,1380.0,2.9813063082772957,0,31,28,GGgrrrGGgrrr
2251,110,1439.0,2.942502788763682,0,30,31,GGgrrrGGgrrr
2252,110,1501.0,2.7943435733197637,0,31,32,GGgrrrGGgrrr
2253,109,1564.0,2.686928641852903,0,30,33,GGgrrrGGgrrr
2254,109,1629.0,2.5282988122638788,0,30,36,GGgrrrGGgrrr
2255,110,1694.0,2.47029705920898,0,31,35,GGgrrrGGgrrr
2256,109,1739.0,2.3419657905350086,0,29,38,GGgrrrGGgrrr
2257,108,1807.0,2.106850316115068,0,29,41,GGgrrrGGgrrr
2258,109,1818.0,2.08550037624333,0,28,42,GGgrrrGGgrrr
2259,109,1889.0,2.1764064912809964,0,29,42,GGgrrrGGgrrr
2260,111,1960.0,2.1941638304621547,0,31,42,GGgrrrGGgrrr
2261,111,2031.0,2.237501363003981,0,29,42,GGgrrrGGgrrr
2262,112,2103.0,2.244065666851696,0,29,44,GGgrrrGGgrrr
2263,111,2175.0,2.259913250280681,0,30,43,GGgrrrGGgrrr
2264,110,2249.0,2.1936648642825003,0,30,44,GGgrrrGGgrrr
2265,112,2323.0,2.1815322532018486,0,31,45,GGgrrrGGgrrr
2266,113,2344.0,2.2165227039730935,0,30,44,GGgrrrGGgrrr
2267,113,2343.0,2.147596210993812,0,27,46,GGgrrrGGgrrr
2268,114,2343.0,2.170885093880612,0,25,47,GGgrrrGGgrrr
2269,113,2343.0,2.0844641565981408,0,23,45,GGgrrrGGgrrr
2270,114,2414.0,2.068326760859285,0,24,48,GGgrrrGGgrrr
2271,115,2421.0,2.0710488510767613,0,24,48,GGgrrrGGgrrr
2272,116,2427.0,2.109850525408423,0,22,49,GGgrrrGGgrrr
2273,116,2435.0,2.105685982529117,0,21,51,GGgrrrGGgrrr
2274,115,2436.0,2.089816818129105,0,21,50,GGgrrrGGgrrr
2275,115,2440.0,2.021014442988095,0,23,50,GGgrrrGGgrrr
2276,115,2508.0,2.106100542722193,0,21,50,GGgrrrGGgrrr
2277,117,2510.0,2.1911840427959732,0,21,51,GGgrrrGGgrrr
2278,117,2513.0,2.1349486820124546,0,19,50,GGgrrrGGgrrr
2279,117,2512.0,2.2193198458736645,0,16,49,GGgrrrGGgrrr
2280,115,2516.0,2.0997844141921242,1,15,52,yyyrrryyyrrr
2281,115,2521.0,2.1810157880951717,1,14,53,yyyrrryyyrrr
2282,115,2589.0,2.1121349718363938,1,14,55,yyyrrryyyrrr
2283,116,2658.0,2.172532533672345,2,16,54,rrrrrrrrrrrr
2284,116,2666.0,2.2075068573657766,2,16,54,rrrrrrrrrrrr
2285,116,2491.0,2.190177765023733,3,15,51,rrrGGgrrrGGg
2286,116,2331.0,2.217258322495744,3,14,48,rrrGGgrrrGGg
2287,116,2220.0,2.2815756261447584,3,16,46,rrrGGgrrrGGg
2288,116,2073.0,2.2014312240250145,3,17,43,rrrGGgrrrGGg
2289,116,1931.0,2.2541441435043383,3,17,40,rrrGGgrrrGGg
2290,117,1909.0,2.2844080611572988,3,16,41,rrrGGgrrrGGg
2291,117,1904.0,2.326390150259404,3,19,40,rrrGGgrrrGGg
2292,118,1887.0,2.3100299197482133,3,19,41,rrrGGgrrrGGg
2293,117,1818.0,2.1124547981257513,3,21,40,rrrGGgrrrGGg
2294,117,1749.0,2.1363215787747434,3,22,37,rrrGGgrrrGGg
2295,118,1685.0,2.174110628294312,3,21,38,rrrGGgrrrGGg
2296,118,1621.0,2.2090652078914546,3,21,37,rrrGGgrrrGGg
2297,118,1560.0,2.28053637356129,3,21,37,rrrGGgrrrGGg
2298,119,1438.0,2.329813697850717,3,22,37,rrrGGgrrrGGg
2299,119,1403.0,2.4626587647458176,3,23,37,rrrGGgrrrGGg
2300,118,1401.0,2.4492804054347332,3,25,37,rrrGGgrrrGGg
2301,118,1397.0,2.5136411766254456,3,24,37,rrrGGgrrrGGg
2302,119,1394.0,2.5122337597315942,3,25,36,rrrGGgrrrGGg
2303,121,1457.0,2.487311241357636,3,28,38,rrrGGgrrrGGg
2304,121,1459.0,2.4996543453835582,3,28,37,rrrGGgrrrGGg
2305,121,1463.0,2.4244277006010613,3,30,38,rrrGGgrrrGGg
2306,120,1383.0,2.4446140165127352,3,30,35,rrrGGgrrrGGg
2307,122,1434.0,2.4430760271571876,3,31,38,rrrGGgrrrGGg
2308,122,1485.0,2.425355851997825,3,29,39,rrrGGgrrrGGg
2309,122,1551.0,2.3062863512896565,3,32,37,rrrGGgrrrGGg
2310,122,1556.0,2.3471398961723584,3,32,36,rrrGGgrrrGGg
2311,122,1566.0,2.3971371249365694,3,36,37,rrrGGgrrrGGg
2312,122,1576.0,2.4889180314954205,3,37,35,rrrGGgrrrGGg
2313,123,1636.0,2.5268999664998444,3,38,37,rrrGGgrrrGGg
2314,123,1490.0,2.5884705849773115,3,38,31,rrrGGgrrrGGg
2315,123,1563.0,2.5995421331967585,4,39,34,rrryyyrrryyy
2316,124,1515.0,2.598075423746972,4,40,35,rrryyyrrryyy
2317,125,1592.0,2.428077602457012,4,41,38,rrryyyrrryyy
2318,126,1592.0,2.394492824537299,5,39,39,rrrrrrrrrrrr
2319,126,1582.0,2.386042950422349,5,41,38,rrrrrrrrrrrr
2320,126,1474.0,2.346856574974834,0,39,40,GGgrrrGGgrrr
2321,125,1456.0,2.3362827894363654,0,38,42,GGgrrrGGgrrr
2322,124,1295.0,2.313993165178169,0,36,39,GGgrrrGGgrrr
2323,124,1185.0,2.2902623904350925,0,34,39,GGgrrrGGgrrr
2324,125,1165.0,2.228419282368586,0,33,42,GGgrrrGGgrrr
2325,124,1117.0,2.244170650401872,0,32,42,GGgrrrGGgrrr
2326,124,1124.0,2.277931878266892,0,31,43,GGgrrrGGgrrr
2327,125,1056.0,2.324907814783492,0,29,42,GGgrrrGGgrrr
2328,125,955.0,2.2614575118632154,0,28,42,GGgrrrGGgrrr
2329,125,901.0,2.264919987281323,0,28,41,GGgrrrGGgrrr
2330,125,895.0,2.3426531347182036,0,30,42,GGgrrrGGgrrr
2331,123,967.0,2.1897231499004666,0,30,42,GGgrrrGGgrrr
2332,125,990.0,2.182058898134282,0,31,42,GGgrrrGGgrrr
2333,123,1070.0,2.0083049190404942,0,32,46,GGgrrrGGgrrr
2334,124,1142.0,2.044351295769422,0,33,46,GGgrrrGGgrrr
2335,124,1220.0,2.1567374024607124,0,35,46,GGgrrrGGgrrr
2336,123,1276.0,2.1843012766938843,0,36,46,GGgrrrGGgrrr
2337,123,1334.0,2.1572758561656893,0,36,47,GGgrrrGGgrrr
2338,123,1417.0,2.2222704179983377,0,35,47,GGgrrrGGgrrr
2339,124,1502.0,2.2823921726815146,0,36,49,GGgrrrGGgrrr
2340,123,1573.0,2.221607532168227,0,37,47,GGgrrrGGgrrr
2341,124,1584.0,2.228221032507262,0,38,47,GGgrrrGGgrrr
2342,124,1656.0,2.304052654320959,0,37,48,GGgrrrGGgrrr
2343,123,1734.0,2.2796481736747536,0,37,51,GGgrrrGGgrrr
2344,124,1811.0,2.270510998179305,0,38,52,GGgrrrGGgrrr
2345,124,1879.0,2.3540601911372563,0,36,51,GGgrrrGGgrrr
2346,125,1950.0,2.430105897806938,0,36,49,GGgrrrGGgrrr
2347,125,2035.0,2.511388593843562,0,35,50,GGgrrrGGgrrr
2348,126,2037.0,2.5972952715496143,0,34,50,GGgrrrGGgrrr
2349,128,2114.0,2.6750257752341495,0,34,54,GGgrrrGGgrrr
2350,128,2188.0,2.733736188498273,1,32,52,yyyrrryyyrrr
2351,128,2263.0,2.773772522602711,1,31,52,yyyrrryyyrrr
2352,128,2339.0,2.75769718012295,1,30,54,yyyrrryyyrrr
2353,127,2424.0,2.707178456432185,2,30,55,rrrrrrrrrrrr
2354,129,2479.0,2.594661387019765,2,33,56,rrrrrrrrrrrr
2355,129,2348.0,2.6661625123967188,3,33,48,rrrGGgrrrGGg
2356,128,2233.0,2.55768751516747,3,32,46,rrrGGgrrrGGg
2357,127,2213.0,2.524839410741674,3,32,46,rrrGGgrrrGGg
2358,127,2171.0,2.5642081482561268,3,31,42,rrrGGgrrrGGg
2359,127,2195.0,2.3772692587951187,3,33,42,rrrGGgrrrGGg
2360,126,2250.0,2.307073538792261,3,34,42,rrrGGgrrrGGg
2361,125,2317.0,2.2665754025455076,3,36,44,rrrGGgrrrGGg
2362,126,2297.0,2.2571266612469874,3,37,41,rrrGGgrrrGGg
2363,125,2255.0,2.1561447640425526,3,36,40,rrrGGgrrrGGg
2364,127,2289.0,2.1384117444677075,3,35,42,rrrGGgrrrGGg
2365,126,2333.0,2.1321914632579,3,36,45,rrrGGgrrrGGg
2366,126,2352.0,2.2764221855307656,3,34,46,rrrGGgrrrGGg
2367,126,2374.0,2.391529856014452,3,34,48,rrrGGgrrrGGg
2368,126,2396.0,2.331116290366563,3,34,48,rrrGGgrrrGGg
2369,125,2478.0,2.241231330465751,3,34,49,rrrGGgrrrGGg
2370,127,2501.0,2.289895443136695,3,35,50,rrrGGgrrrGGg
2371,126,2407.0,2.2812603364176893,3,34,45,rrrGGgrrrGGg
2372,126,2417.0,2.352645524452973,3,33,46,rrrGGgrrrGGg
2373,125,2430.0,2.340590445357803,3,34,46,rrrGGgrrrGGg
2374,126,2452.0,2.3791144666981996,3,34,48,rrrGGgrrrGGg
2375,125,2476.0,2.2838150092437113,3,35,48,rrrGGgrrrGGg
2376,125,2559.0,2.370573993687311,3,36,48,rrrGGgrrrGGg
2377,124,2581.0,2.3391213509703075,3,34,46,rrrGGgrrrGGg
2378,124,2384.0,2.416900234591253,3,33,42,rrrGGgrrrGGg
2379,125,2426.0,2.5028498879494947,3,34,45,rrrGGgrrrGGg
2380,126,2433.0,2.5808749755782374,3,34,45,rrrGGgrrrGGg
2381,126,2437.0,2.608770680217278,3,33,43,rrrGGgrrrGGg
2382,127,2431.0,2.650437181032668,3,35,42,rrrGGgrrrGGg
2383,128,2443.0,2.674003214506966,3,35,41,rrrGGgrrrGGg
2384,129,2460.0,2.6847303033130063,3,34,42,rrrGGgrrrGGg
2385,129,2537.0,2.7065094290211866,3,35,42,rrrGGgrrrGGg
2386,128,2557.0,2.652765668652012,3,36,42,rrrGGgrrrGGg
2387,128,2578.0,2.652237308590991,3,37,42,rrrGGgrrrGGg
2388,129,2598.0,2.694639232803139,3,37,44,rrrGGgrrrGGg
2389,130,2590.0,2.700675955196264,3,37,43,rrrGGgrrrGGg
2390,128,2559.0,2.580264399184876,3,37,40,rrrGGgrrrGGg
2391,127,2581.0,2.5413844482198353,3,38,41,rrrGGgrrrGGg
2392,128,2633.0,2.6327835382978892,3,41,41,rrrGGgrrrGGg
2393,128,2499.0,2.600742629688739,3,39,40,rrrGGgrrrGGg
2394,130,2551.0,2.558745919345673,3,41,42,rrrGGgrrrGGg
2395,129,2588.0,2.5145440223298996,3,40,39,rrrGGgrrrGGg
2396,128,2612.0,2.4789480192219484,3,42,39,rrrGGgrrrGGg
2397,129,2661.0,2.501536596444851,3,44,40,rrrGGgrrrGGg
2398,127,2706.0,2.3749187329379504,3,43,39,rrrGGgrrrGGg
2399,125,2765.0,2.0673143577781024,3,46,41,rrrGGgrrrGGg
2400,125,2695.0,2.099044236127451,3,46,38,rrrGGgrrrGGg
2401,125,2764.0,2.1453661606751524,3,47,37,rrrGGgrrrGGg
2402,126,2836.0,2.0531821907212304,3,49,38,rrrGGgrrrGGg
2403,126,2914.0,2.061065107628817,3,48,38,rrrGGgrrrGGg
2404,127,2995.0,2.1039750888891926,3,50,40,rrrGGgrrrGGg
2405,128,3078.0,2.1825894799256806,3,52,40,rrrGGgrrrGGg
2406,128,3171.0,2.2960564152318557,3,52,41,rrrGGgrrrGGg
2407,128,3237.0,2.389474970432655,3,53,37,rrrGGgrrrGGg
2408,127,3312.0,2.278530707823918,3,54,37,rrrGGgrrrGGg
2409,128,3395.0,2.360032870722442,3,54,38,rrrGGgrrrGGg
2410,127,3478.0,2.3582508610303785,3,54,37,rrrGGgrrrGGg
2411,126,3561.0,2.3248765896682624,3,54,37,rrrGGgrrrGGg
2412,126,3645.0,2.302157064920714,3,55,37,rrrGGgrrrGGg
2413,127,3739.0,2.2008521824554377,3,56,40,rrrGGgrrrGGg
2414,128,3823.0,2.262471708274074,3,55,39,rrrGGgrrrGGg
2415,129,3901.0,2.3451880085852173,4,57,36,rrryyyrrryyy
2416,128,3985.0,2.2813704545714284,4,56,36,rrryyyrrryyy
2417,128,4069.0,2.3284143707085074,4,56,36,rrryyyrrryyy
2418,129,3998.0,2.335788817015894,5,56,36,rrrrrrrrrrrr
2419,128,3930.0,2.197520561463667,5,57,35,rrrrrrrrrrrr
2420,129,3767.0,2.22212848967529,0,54,36,GGgrrrGGgrrr
2421,128,3659.0,2.2503718745038026,0,49,36,GGgrrrGGgrrr
2422,127,3575.0,2.2644560460002405,0,45,36,GGgrrrGGgrrr
2423,126,3515.0,2.2340394399743078,0,42,36,GGgrrrGGgrrr
2424,127,3357.0,2.203898334339415,0,41,36,GGgrrrGGgrrr
2425,128,3274.0,2.1852159693352435,0,42,35,GGgrrrGGgrrr
2426,129,3243.0,2.1218467541959134,0,41,37,GGgrrrGGgrrr
2427,129,3167.0,2.109352131794796,0,41,37,GGgrrrGGgrrr
2428,127,3095.0,1.7840603802906339,0,42,38,GGgrrrGGgrrr
2429,128,3005.0,1.8133844766223404,0,43,37,GGgrrrGGgrrr
2430,129,2997.0,1.8348503416344353,0,43,36,GGgrrrGGgrrr
2431,129,2810.0,1.797664817315053,0,40,35,GGgrrrGGgrrr
2432,128,2705.0,1.8116133532767318,0,40,36,GGgrrrGGgrrr
2433,128,2593.0,1.8484607826122377,0,41,34,GGgrrrGGgrrr
2434,128,2484.0,1.702255215617043,0,43,29,GGgrrrGGgrrr
2435,129,2445.0,1.6975827386971254,0,46,30,GGgrrrGGgrrr
2436,128,2475.0,1.6626672409114456,0,45,30,GGgrrrGGgrrr
2437,128,2405.0,1.7575579944049393,0,46,30,GGgrrrGGgrrr
2438,128,2337.0,1.703382087865024,0,45,30,GGgrrrGGgrrr
2439,128,2391.0,1.7693578053572638,0,44,26,GGgrrrGGgrrr
2440,129,2327.0,1.8862133316441594,0,44,26,GGgrrrGGgrrr
2441,129,2379.0,2.06141499230009,0,43,25,GGgrrrGGgrrr
2442,129,2439.0,2.2229910051924713,0,43,27,GGgrrrGGgrrr
2443,129,2492.0,2.3269264550690414,0,42,24,GGgrrrGGgrrr
2444,129,2553.0,2.4391216277704935,0,42,26,GGgrrrGGgrrr
2445,131,2618.0,2.468433856908484,0,43,28,GGgrrrGGgrrr
2446,131,2563.0,2.4817014335613803,0,39,26,GGgrrrGGgrrr
2447,132,2522.0,2.562051703354534,0,38,25,GGgrrrGGgrrr
2448,132,2482.0,2.692121317358612,0,36,24,GGgrrrGGgrrr
2449,132,2462.0,2.8116800112761453,0,36,25,GGgrrrGGgrrr
2450,134,2524.0,2.875250650869987,0,37,27,GGgrrrGGgrrr
2451,134,2581.0,2.9719725450966283,0,36,25,GGgrrrGGgrrr
2452,134,2497.0,3.113727417522027,0,36,25,GGgrrrGGgrrr
2453,133,2560.0,3.1723847241037006,0,38,27,GGgrrrGGgrrr
2454,132,2473.0,3.2347292002192685,0,38,23,GGgrrrGGgrrr
2455,133,2508.0,3.168807791145156,0,38,24,GGgrrrGGgrrr
2456,134,2519.0,3.233419413222675,0,36,24,GGgrrrGGgrrr
2457,133,2523.0,3.2336786115897684,0,35,24,GGgrrrGGgrrr
2458,134,2496.0,3.2628779490230855,0,35,28,GGgrrrGGgrrr
2459,130,2462.0,3.0548175890238336,0,34,25,GGgrrrGGgrrr
2460,130,2524.0,3.027966066128373,0,35,28,GGgrrrGGgrrr
2461,131,2579.0,3.0391453860011124,0,35,27,GGgrrrGGgrrr
2462,132,2640.0,2.977406655849415,0,34,29,GGgrrrGGgrrr
2463,132,2703.0,2.950582090880447,0,34,30,GGgrrrGGgrrr
2464,132,2685.0,2.994593059439445,0,33,31,GGgrrrGGgrrr
2465,134,2623.0,2.9258996983300523,0,32,33,GGgrrrGGgrrr
2466,134,2589.0,2.941450511717444,0,30,32,GGgrrrGGgrrr
2467,134,2654.0,2.935785780697127,0,30,36,GGgrrrGGgrrr
2468,133,2622.0,2.7417716907692844,0,29,36,GGgrrrGGgrrr
2469,132,2686.0,2.637981850736944,0,30,37,GGgrrrGGgrrr
2470,132,2752.0,2.5230779648039174,0,30,39,GGgrrrGGgrrr
2471,133,2822.0,2.484685046522792,0,31,41,GGgrrrGGgrrr
2472,133,2861.0,2.444073261036816,0,29,43,GGgrrrGGgrrr
2473,132,2913.0,2.3556835787501917,0,30,46,GGgrrrGGgrrr
2474,132,2864.0,2.2218196329266697,0,30,46,GGgrrrGGgrrr
2475,132,2813.0,1.9934750782619552,0,29,49,GGgrrrGGgrrr
2476,133,2771.0,1.999650390315099,0,29,50,GGgrrrGGgrrr
2477,133,2736.0,2.050487942282398,0,27,52,GGgrrrGGgrrr
2478,133,2795.0,2.1592622533121117,0,28,52,GGgrrrGGgrrr
2479,134,2866.0,2.154167465478563,0,30,52,GGgrrrGGgrrr
2480,134,2936.0,2.0564660245012027,1,30,53,yyyrrryyyrrr
2481,135,3013.0,1.965992222563734,1,31,54,yyyrrryyyrrr
2482,135,3094.0,1.9418672570418274,1,32,56,yyyrrryyyrrr
2483,135,3178.0,1.8165296822237484,2,32,58,rrrrrrrrrrrr
2484,136,3263.0,1.7878209297329308,2,33,60,rrrrrrrrrrrr
2485,135,3108.0,1.7049930230613686,3,35,55,rrrGGgrrrGGg
2486,135,3042.0,1.6014112049439189,3,38,55,rrrGGgrrrGGg
2487,134,3004.0,1.5363758196227466,3,37,51,rrrGGgrrrGGg
2488,133,2985.0,1.3668453282277624,3,39,52,rrrGGgrrrGGg
2489,135,2959.0,1.4284920252163367,3,35,51,rrrGGgrrrGGg
2490,135,2942.0,1.4747311658102848,3,39,48,rrrGGgrrrGGg
2491,136,2995.0,1.501840026148807,3,39,47,rrrGGgrrrGGg
2492,136,3023.0,1.4804036017570346,3,38,48,rrrGGgrrrGGg
2493,136,3053.0,1.474627353967047,3,39,48,rrrGGgrrrGGg
2494,135,3078.0,1.3919175947884053,3,41,47,rrrGGgrrrGGg
2495,136,3112.0,1.3324886574371388,3,42,48,rrrGGgrrrGGg
2496,137,3150.0,1.3706408796562104,3,44,46,rrrGGgrrrGGg
2497,137,3190.0,1.3834596753446557,3,43,46,rrrGGgrrrGGg
2498,138,3201.0,1.3791970429542129,3,46,46,rrrGGgrrrGGg
2499,138,3219.0,1.449678814924491,3,46,47,rrrGGgrrrGGg
2500,139,3271.0,1.5083189125391907,3,47,49,rrrGGgrrrGGg
2501,139,3324.0,1.4610126963936276,3,48,48,rrrGGgrrrGGg
2502,139,3380.0,1.5414566938476741,3,49,48,rrrGGgrrrGGg
2503,139,3437.0,1.6318978178852483,3,50,47,rrrGGgrrrGGg
2504,139,3478.0,1.7015238045700525,3,50,46,rrrGGgrrrGGg
2505,138,3477.0,1.6557026970442235,3,50,44,rrrGGgrrrGGg
2506,140,3317.0,1.6742641811470615,3,51,43,rrrGGgrrrGGg
2507,141,3158.0,1.7417713162200894,3,50,42,rrrGGgrrrGGg
2508,140,3046.0,1.785324059158988,3,48,44,rrrGGgrrrGGg
2509,141,3098.0,1.8341124021147843,3,52,44,rrrGGgrrrGGg
2510,141,3151.0,1.896122491364707,3,51,44,rrrGGgrrrGGg
2511,142,3171.0,1.9594645316139472,3,52,43,rrrGGgrrrGGg
2512,143,3229.0,2.063481831524964,3,53,42,rrrGGgrrrGGg
2513,144,3304.0,2.1636048649798005,3,52,42,rrrGGgrrrGGg
2514,143,3343.0,2.197464940327842,3,52,40,rrrGGgrrrGGg
2515,143,3399.0,2.2588594667810855,4,52,42,rrryyyrrryyy
2516,143,3459.0,2.3389142117452195,4,52,44,rrryyyrrryyy
2517,144,3472.0,2.299874761928391,4,54,45,rrryyyrrryyy
2518,145,3573.0,2.329943726949193,5,54,48,rrrrrrrrrrrr
2519,146,3634.0,2.3273090398893825,5,54,46,rrrrrrrrrrrr
2520,145,3582.0,2.30973681933125,0,49,47,GGgrrrGGgrrr
2521,144,3566.0,2.2651935096203446,0,48,47,GGgrrrGGgrrr
2522,145,3522.0,2.288182564242834,0,45,47,GGgrrrGGgrrr
2523,146,3361.0,2.2270355291755743,0,43,47,GGgrrrGGgrrr
2524,145,3141.0,2.209156879391035,0,40,45,GGgrrrGGgrrr
2525,144,3059.0,2.1903206904436017,0,39,48,GGgrrrGGgrrr
2526,144,3060.0,2.166085919781821,0,39,47,GGgrrrGGgrrr
2527,144,3058.0,1.9785019764956562,0,40,48,GGgrrrGGgrrr
2528,144,2892.0,2.038108193806036,0,37,46,GGgrrrGGgrrr
2529,145,2945.0,2.064974548521387,0,39,48,GGgrrrGGgrrr
2530,145,3037.0,2.1193118442797076,0,38,52,GGgrrrGGgrrr
2531,145,3018.0,2.053051681140667,0,38,51,GGgrrrGGgrrr
2532,146,3070.0,1.9900449436818968,0,39,54,GGgrrrGGgrrr
2533,146,3119.0,2.081356877843027,0,37,54,GGgrrrGGgrrr
2534,144,3170.0,2.0201463814859677,0,37,55,GGgrrrGGgrrr
2535,143,3190.0,2.00629874067471,0,35,56,GGgrrrGGgrrr
2536,143,3072.0,2.059939916867408,0,32,58,GGgrrrGGgrrr
2537,141,2947.0,1.9279101273384878,0,29,58,GGgrrrGGgrrr
2538,140,2836.0,1.9308584502307122,0,29,58,GGgrrrGGgrrr
2539,140,2891.0,1.9581525851902513,0,29,61,GGgrrrGGgrrr
2540,139,2947.0,1.8891806295205782,0,29,62,GGgrrrGGgrrr
2541,140,2976.0,1.9705772817958733,0,28,66,GGgrrrGGgrrr
2542,139,2963.0,1.9854231829525908,0,27,64,GGgrrrGGgrrr
2543,140,2961.0,2.064344680014841,0,28,62,GGgrrrGGgrrr
2544,140,3017.0,2.13809835061879,0,27,65,GGgrrrGGgrrr
2545,140,3073.0,2.17170146212361,0,25,68,GGgrrrGGgrrr
2546,140,3166.0,2.194629822974244,0,25,68,GGgrrrGGgrrr
2547,140,2911.0,2.2446742255578735,0,22,69,GGgrrrGGgrrr
2548,140,2978.0,2.330005497308193,0,22,69,GGgrrrGGgrrr
2549,140,3045.0,2.3950459637764463,0,21,69,GGgrrrGGgrrr
2550,140,3005.0,2.4767434888033844,1,20,67,yyyrrryyyrrr
2551,141,3009.0,2.493980292021768,1,21,68,yyyrrryyyrrr
2552,139,3074.0,2.3226489090825306,1,20,68,yyyrrryyyrrr
2553,139,3146.0,2.3361431685552576,2,20,69,rrrrrrrrrrrr
2554,140,3219.0,2.332832864467556,2,21,70,rrrrrrrrrrrr
2555,140,3220.0,2.359174148628618,3,21,68,rrrGGgrrrGGg
2556,139,3227.0,2.2723653138551256,3,20,67,rrrGGgrrrGGg
2557,139,3165.0,2.3170915230477114,3,21,63,rrrGGgrrrGGg
2558,138,3158.0,2.2689156203028764,3,23,62,rrrGGgrrrGGg
2559,137,3145.0,2.172203456605322,3,23,60,rrrGGgrrrGGg
2560,136,2820.0,2.1279023925907303,3,22,54,rrrGGgrrrGGg
2561,135,2623.0,1.911300666362102,3,23,54,rrrGGgrrrGGg
2562,135,2483.0,1.9124213595010298,3,24,53,rrrGGgrrrGGg
2563,133,2346.0,1.6758855223418714,3,25,55,rrrGGgrrrGGg
2564,133,2103.0,1.7596693597521182,3,25,53,rrrGGgrrrGGg
2565,132,2170.0,1.7675485472237324,3,26,54,rrrGGgrrrGGg
2566,133,2044.0,1.8629716867084103,3,25,54,rrrGGgrrrGGg
2567,132,1918.0,1.888555917659989,3,22,53,rrrGGgrrrGGg
2568,133,1957.0,1.9157173641949363,3,22,53,rrrGGgrrrGGg
2569,133,2026.0,1.963714907623041,3,21,53,rrrGGgrrrGGg
2570,133,2096.0,2.0249329468393684,3,22,53,rrrGGgrrrGGg
2571,133,2028.0,2.0129827006125542,3,22,52,rrrGGgrrrGGg
2572,133,2049.0,2.123801728656165,3,21,51,rrrGGgrrrGGg
2573,134,2093.0,2.193868446461342,3,23,50,rrrGGgrrrGGg
2574,132,2030.0,2.1123124005176073,3,22,48,rrrGGgrrrGGg
2575,132,2102.0,2.1017301565815543,3,23,50,rrrGGgrrrGGg
2576,134,2163.0,2.1583387779047816,3,26,51,rrrGGgrrrGGg
2577,133,2234.0,2.1728924679375634,3,25,50,rrrGGgrrrGGg
2578,133,2148.0,2.252543739552032,3,26,49,rrrGGgrrrGGg
2579,133,2079.0,2.392447351030194,3,27,49,rrrGGgrrrGGg
2580,134,2157.0,2.4729952612593884,3,28,51,rrrGGgrrrGGg
2581,136,2236.0,2.4974367417501258,3,29,52,rrrGGgrrrGGg
2582,136,2317.0,2.585716896801632,3,29,52,rrrGGgrrrGGg
2583,136,2371.0,2.6960079344296197,3,29,50,rrrGGgrrrGGg
2584,137,2304.0,2.815543330090369,3,30,47,rrrGGgrrrGGg
2585,137,2383.0,2.9117483493719765,3,31,48,rrrGGgrrrGGg
2586,138,2323.0,2.9583821462802824,3,31,50,rrrGGgrrrGGg
2587,139,2406.0,3.050808219651885,3,33,51,rrrGGgrrrGGg
2588,139,2490.0,3.1472244290012332,3,33,51,rrrGGgrrrGGg
2589,137,2557.0,2.9309024235274572,3,34,50,rrrGGgrrrGGg
2590,136,2640.0,2.8089941111375523,3,34,49,rrrGGgrrrGGg
2591,136,2726.0,2.666234897441844,3,36,51,rrrGGgrrrGGg
2592,137,2692.0,2.6955927839937255,3,39,48,rrrGGgrrrGGg
2593,137,2639.0,2.7036492188774672,3,39,46,rrrGGgrrrGGg
2594,137,2718.0,2.578678820092422,3,41,48,rrrGGgrrrGGg
2595,135,2791.0,2.4201926552170923,3,42,48,rrrGGgrrrGGg
2596,136,2883.0,2.4329363874329264,3,44,49,rrrGGgrrrGGg
2597,136,2977.0,2.30413761424327,3,46,49,rrrGGgrrrGGg
2598,136,3073.0,2.2097800664215637,3,48,50,rrrGGgrrrGGg
2599,137,3171.0,2.236319545491342,3,49,51,rrrGGgrrrGGg
2600,137,3092.0,2.348572291045907,3,50,46,rrrGGgrrrGGg
2601,139,3186.0,2.3951355755052717,3,52,48,rrrGGgrrrGGg
2602,137,3286.0,2.325479754327839,3,52,48,rrrGGgrrrGGg
2603,137,3387.0,2.2620451615662818,3,53,49,rrrGGgrrrGGg
2604,137,3488.0,2.220188216425423,3,53,49,rrrGGgrrrGGg
2605,136,3589.0,2.185701161005908,3,52,49,rrrGGgrrrGGg
2606,136,3680.0,2.057856826638446,3,53,50,rrrGGgrrrGGg
2607,135,3702.0,2.0408611264443337,3,54,47,rrrGGgrrrGGg
2608,135,3651.0,2.1023188105541863,3,54,46,rrrGGgrrrGGg
2609,136,3753.0,2.070056289744744,3,56,47,rrrGGgrrrGGg
2610,136,3856.0,2.028334229441851,3,55,48,rrrGGgrrrGGg
2611,134,3791.0,1.741824343505212,3,56,48,rrrGGgrrrGGg
2612,134,3757.0,1.7901725191311477,3,57,45,rrrGGgrrrGGg
2613,134,3861.0,1.8304610750008388,3,57,47,rrrGGgrrrGGg
2614,135,3966.0,1.7765946263608148,3,59,48,rrrGGgrrrGGg
2615,136,3910.0,1.7962866988352906,4,59,45,rrryyyrrryyy
2616,136,4015.0,1.8043591034465631,4,58,47,rrryyyrrryyy
2617,136,4117.0,1.791846851420458,4,59,47,rrryyyrrryyy
2618,134,4225.0,1.5321209133035696,5,61,48,rrrrrrrrrrrr
2619,133,4333.0,1.497982518178758,5,60,48,rrrrrrrrrrrr
2620,134,4240.0,1.5212411817968623,0,58,50,GGgrrrGGgrrr
2621,134,4031.0,1.5328101819056437,0,56,46,GGgrrrGGgrrr
2622,133,3847.0,1.4307030647254793,0,54,45,GGgrrrGGgrrr
2623,132,3692.0,1.3739055642265168,0,52,47,GGgrrrGGgrrr
2624,132,3483.0,1.4538908427468733,0,50,43,GGgrrrGGgrrr
2625,133,3339.0,1.5096725781472007,0,47,45,GGgrrrGGgrrr
2626,133,3197.0,1.5032991076147908,0,45,42,GGgrrrGGgrrr
2627,133,3201.0,1.5230425722657543,0,45,41,GGgrrrGGgrrr
2628,133,3150.0,1.5924442237528542,0,45,40,GGgrrrGGgrrr
2629,133,3139.0,1.535679732284919,0,44,40,GGgrrrGGgrrr
2630,133,3102.0,1.5442634165997762,0,43,39,GGgrrrGGgrrr
2631,133,3096.0,1.5422644953069238,0,43,38,GGgrrrGGgrrr
2632,134,3114.0,1.5556355890536337,0,43,38,GGgrrrGGgrrr
2633,134,3070.0,1.6298202957518992,0,44,41,GGgrrrGGgrrr
2634,134,3050.0,1.7485602014924133,0,44,41,GGgrrrGGgrrr
2635,134,2984.0,1.7749214506604094,0,43,40,GGgrrrGGgrrr
2636,134,2836.0,1.8472174481831878,0,40,39,GGgrrrGGgrrr
2637,134,2738.0,1.8431703089285325,0,38,39,GGgrrrGGgrrr
2638,135,2581.0,1.9418663494277284,0,37,38,GGgrrrGGgrrr
2639,135,2546.0,2.1036018163997396,0,34,44,GGgrrrGGgrrr
2640,134,2554.0,2.0587792097653925,0,34,46,GGgrrrGGgrrr
2641,133,2494.0,2.08185602795906,0,33,42,GGgrrrGGgrrr
2642,133,2376.0,2.2200794358340827,0,33,40,GGgrrrGGgrrr
2643,133,2217.0,2.3327229987691673,0,32,39,GGgrrrGGgrrr
2644,133,2047.0,2.402089975801402,0,32,34,GGgrrrGGgrrr
2645,135,2001.0,2.4390476888285084,0,34,35,GGgrrrGGgrrr
2646,135,1806.0,2.5326504525810094,0,31,33,GGgrrrGGgrrr
2647,135,1672.0,2.6497093144568398,0,31,37,GGgrrrGGgrrr
2648,135,1476.0,2.75955404953935,0,29,38,GGgrrrGGgrrr
2649,136,1382.0,2.831717929946808,0,28,40,GGgrrrGGgrrr
2650,137,1277.0,2.8289057815795364,1,26,42,yyyrrryyyrrr
2651,137,1191.0,2.823335269512125,1,22,43,yyyrrryyyrrr
2652,136,1143.0,2.7470628774309462,1,21,46,yyyrrryyyrrr
2653,136,1114.0,2.7749476730707396,2,20,50,rrrrrrrrrrrr
2654,135,1121.0,2.7581931084885056,2,22,50,rrrrrrrrrrrr
2655,135,1023.0,2.723985220399088,3,21,51,rrrGGgrrrGGg
2656,134,935.0,2.7207349670906655,3,21,50,rrrGGgrrrGGg
2657,134,839.0,2.659442317507858,3,19,48,rrrGGgrrrGGg
2658,134,817.0,2.789404948452309,3,22,45,rrrGGgrrrGGg
2659,133,828.0,2.790571859190794,3,21,44,rrrGGgrrrGGg
2660,133,797.0,2.860603669979045,3,22,43,rrrGGgrrrGGg
2661,134,780.0,2.897921733123382,3,22,43,rrrGGgrrrGGg
2662,134,702.0,2.955409430214638,3,22,40,rrrGGgrrrGGg
2663,131,632.0,2.7378849992678105,3,21,39,rrrGGgrrrGGg
2664,131,630.0,2.743172168069117,3,21,39,rrrGGgrrrGGg
2665,132,574.0,2.7407398561806344,3,21,40,rrrGGgrrrGGg
2666,131,554.0,2.633717868203855,3,24,40,rrrGGgrrrGGg
2667,130,619.0,2.629605013624141,3,26,40,rrrGGgrrrGGg
2668,128,631.0,2.5323036828070205,3,29,37,rrrGGgrrrGGg
2669,128,649.0,2.461888438934775,3,30,36,rrrGGgrrrGGg
2670,126,686.0,2.330121308885506,3,31,36,rrrGGgrrrGGg
2671,128,686.0,2.338581473205907,3,33,34,rrrGGgrrrGGg
2672,128,632.0,2.4488343640527166,3,32,30,rrrGGgrrrGGg
2673,127,606.0,2.4976901557538316,3,36,26,rrrGGgrrrGGg
2674,126,602.0,2.5208539956257816,3,35,27,rrrGGgrrrGGg
2675,124,603.0,2.4688081751600905,3,36,27,rrrGGgrrrGGg
2676,125,642.0,2.545551552907288,3,37,27,rrrGGgrrrGGg
2677,125,687.0,2.638772674982002,3,36,26,rrrGGgrrrGGg
2678,125,695.0,2.749992959441586,3,36,24,rrrGGgrrrGGg
2679,127,712.0,2.8477469062541925,3,38,25,rrrGGgrrrGGg
2680,127,750.0,3.0080797199348264,3,37,27,rrrGGgrrrGGg
2681,128,788.0,3.1029877079091284,3,38,26,rrrGGgrrrGGg
2682,128,833.0,3.223046731728654,3,37,25,rrrGGgrrrGGg
2683,128,786.0,3.3567999090876044,3,38,20,rrrGGgrrrGGg
2684,129,749.0,3.4504122350358637,3,38,21,rrrGGgrrrGGg
2685,129,720.0,3.5332088887482302,4,38,17,rrryyyrrryyy
2686,130,751.0,3.553905084441426,4,39,22,rrryyyrrryyy
2687,130,815.0,3.4993189197776515,4,38,26,rrryyyrrryyy
2688,129,876.0,3.257885489894698,5,41,28,rrrrrrrrrrrr
2689,130,940.0,3.2100126969743403,5,42,29,rrrrrrrrrrrr
2690,129,894.0,3.098167032238668,0,41,28,GGgrrrGGgrrr
2691,129,873.0,2.9762483862294933,0,38,28,GGgrrrGGgrrr
2692,127,844.0,2.8580617347553137,0,36,26,GGgrrrGGgrrr
2693,128,802.0,2.938390747993829,0,35,28,GGgrrrGGgrrr
2694,128,771.0,2.845051418612647,0,36,27,GGgrrrGGgrrr
2695,128,700.0,2.9798803381499694,0,33,21,GGgrrrGGgrrr
2696,127,692.0,2.89910137517912,0,34,22,GGgrrrGGgrrr
2697,126,684.0,2.8415068191685444,0,34,22,GGgrrrGGgrrr
2698,125,649.0,2.75823052535898,0,32,20,GGgrrrGGgrrr
2699,125,613.0,2.699499912939043,0,32,20,GGgrrrGGgrrr
2700,125,595.0,2.7558927264143245,0,31,22,GGgrrrGGgrrr
2701,126,556.0,2.6842111689378645,0,31,22,GGgrrrGGgrrr
2702,126,547.0,2.6644640968891595,0,29,19,GGgrrrGGgrrr
2703,125,565.0,2.436377053756545,0,31,23,GGgrrrGGgrrr
2704,126,547.0,2.452904649514072,0,31,19,GGgrrrGGgrrr
2705,126,539.0,2.4803843300273307,0,29,22,GGgrrrGGgrrr
2706,124,538.0,2.3047975022322844,0,28,23,GGgrrrGGgrrr
2707,122,537.0,2.157569252259591,0,28,23,GGgrrrGGgrrr
2708,122,542.0,2.2075065191789185,0,28,24,GGgrrrGGgrrr
2709,123,554.0,2.208475773593343,0,28,25,GGgrrrGGgrrr
2710,121,540.0,2.122684690614198,0,24,25,GGgrrrGGgrrr
2711,121,534.0,2.2169310556624917,0,22,26,GGgrrrGGgrrr
2712,122,568.0,2.291140684335588,0,23,25,GGgrrrGGgrrr
2713,122,606.0,2.301788651731319,0,23,27,GGgrrrGGgrrr
2714,123,647.0,2.296606764458445,0,24,28,GGgrrrGGgrrr
2715,123,686.0,2.3611907944612742,0,23,27,GGgrrrGGgrrr
2716,123,728.0,2.4920384779532436,0,23,28,GGgrrrGGgrrr
2717,124,751.0,2.611096686859436,0,22,30,GGgrrrGGgrrr
2718,124,740.0,2.7180073107011298,0,20,28,GGgrrrGGgrrr
2719,125,736.0,2.768420905363593,0,19,30,GGgrrrGGgrrr
2720,125,738.0,2.9485316575413445,1,17,30,yyyrrryyyrrr
2721,125,745.0,2.810676093297963,1,16,32,yyyrrryyyrrr
2722,126,751.0,2.8502501138298455,1,15,31,yyyrrryyyrrr
2723,126,784.0,2.99502024818018,2,14,30,rrrrrrrrrrrr
2724,127,796.0,3.0914445740753953,2,16,31,rrrrrrrrrrrr
2725,125,717.0,3.0863793486980007,3,15,27,rrrGGgrrrGGg
2726,127,661.0,3.1810125195849186,3,17,27,rrrGGgrrrGGg
2727,126,611.0,3.251550489251629,3,15,25,rrrGGgrrrGGg
2728,126,566.0,3.365304607944199,3,15,23,rrrGGgrrrGGg
2729,126,559.0,3.4496749362750774,3,18,22,rrrGGgrrrGGg
2730,126,531.0,3.514258648977721,3,17,22,rrrGGgrrrGGg
2731,127,504.0,3.433724057243742,3,19,22,rrrGGgrrrGGg
2732,128,477.0,3.268819017017711,3,17,23,rrrGGgrrrGGg
2733,128,485.0,3.057913099614016,3,19,23,rrrGGgrrrGGg
2734,128,486.0,2.9515030051465314,3,18,25,rrrGGgrrrGGg
2735,129,496.0,2.8277369749086416,3,20,27,rrrGGgrrrGGg
2736,129,511.0,2.786169804269204,3,23,27,rrrGGgrrrGGg
2737,129,521.0,2.820468368604748,3,24,26,rrrGGgrrrGGg
2738,131,571.0,2.8046716378086396,3,28,29,rrrGGgrrrGGg
2739,130,623.0,2.7429200555425033,3,29,27,rrrGGgrrrGGg
2740,129,614.0,2.511454568438789,3,30,29,rrrGGgrrrGGg
2741,130,636.0,2.4434279180612215,3,28,28,rrrGGgrrrGGg
2742,130,697.0,2.406166762360564,3,30,29,rrrGGgrrrGGg
2743,130,723.0,2.3105434910000273,3,30,31,rrrGGgrrrGGg
2744,130,758.0,2.2174553547294167,3,34,32,rrrGGgrrrGGg
2745,127,772.0,1.8844748782908298,3,35,31,rrrGGgrrrGGg
2746,127,806.0,1.9055613677641454,3,35,33,rrrGGgrrrGGg
2747,127,839.0,1.9062848315169716,3,38,31,rrrGGgrrrGGg
2748,127,878.0,1.8964661955092728,3,40,32,rrrGGgrrrGGg
2749,128,923.0,1.8707906989101373,3,42,33,rrrGGgrrrGGg
2750,129,966.0,1.9009437957360904,3,43,32,rrrGGgrrrGGg
2751,129,1025.0,1.953752000718704,3,43,34,rrrGGgrrrGGg
2752,129,1087.0,1.957209003656029,3,45,32,rrrGGgrrrGGg
2753,129,1135.0,1.8624219997019689,3,46,33,rrrGGgrrrGGg
2754,130,1153.0,1.881700044671263,3,46,31,rrrGGgrrrGGg
2755,129,1192.0,1.8262256298648725,4,48,29,rrryyyrrryyy
2756,130,1245.0,1.8414893708084892,4,49,32,rrryyyrrryyy
2757,130,1291.0,1.9288081649116207,4,50,31,rrryyyrrryyy
2758,130,1361.0,1.8872745818084384,5,52,30,rrrrrrrrrrrr
2759,130,1417.0,1.8279525350101955,5,52,32,rrrrrrrrrrrr
2760,130,1362.0,1.8812896427270953,0,47,32,GGgrrrGGgrrr
2761,130,1342.0,1.9344128262957618,0,46,31,GGgrrrGGgrrr
2762,130,1277.0,1.9781233284613593,0,48,29,GGgrrrGGgrrr
2763,132,1246.0,1.9799934688245504,0,46,29,GGgrrrGGgrrr
2764,131,1225.0,1.7942209158037221,0,46,30,GGgrrrGGgrrr
2765,131,1198.0,1.6946664665829712,0,47,30,GGgrrrGGgrrr
2766,131,1178.0,1.7631514711302638,0,45,30,GGgrrrGGgrrr
2767,130,1249.0,1.77022838533798,0,47,31,GGgrrrGGgrrr
2768,132,1229.0,1.8567260532692502,0,45,33,GGgrrrGGgrrr
2769,132,1200.0,1.8703066718879486,0,42,32,GGgrrrGGgrrr
2770,132,1205.0,1.9924436240805308,0,41,30,GGgrrrGGgrrr
2771,132,1200.0,2.0652796393176085,0,39,31,GGgrrrGGgrrr
2772,130,1199.0,1.9344504892426875,0,37,33,GGgrrrGGgrrr
2773,131,1235.0,2.00372172257289,0,39,35,GGgrrrGGgrrr
2774,132,1236.0,2.109187947208533,0,36,38,GGgrrrGGgrrr
2775,131,1238.0,2.127517182424064,0,35,37,GGgrrrGGgrrr
2776,132,1274.0,2.1743361562114774,0,32,40,GGgrrrGGgrrr
2777,131,1309.0,2.1896673757501848,0,32,40,GGgrrrGGgrrr
2778,133,1347.0,2.2481372629162855,0,33,41,GGgrrrGGgrrr
2779,134,1348.0,2.3085206378445653,0,29,42,GGgrrrGGgrrr
2780,133,1336.0,2.324185905855338,0,27,42,GGgrrrGGgrrr
2781,133,1295.0,2.324353618195298,0,28,41,GGgrrrGGgrrr
2782,133,1259.0,2.430389709755565,0,26,40,GGgrrrGGgrrr
2783,134,1256.0,2.4867338768484797,0,24,42,GGgrrrGGgrrr
2784,134,1253.0,2.453164714112887,0,24,43,GGgrrrGGgrrr
2785,134,1247.0,2.562552734533469,0,21,43,GGgrrrGGgrrr
2786,134,1248.0,2.661107347351139,0,19,45,GGgrrrGGgrrr
2787,135,1284.0,2.7378701831288983,0,21,47,GGgrrrGGgrrr
2788,137,1285.0,2.74756110645466,0,17,50,GGgrrrGGgrrr
2789,137,1319.0,2.825237980971707,0,16,49,GGgrrrGGgrrr
2790,137,1303.0,2.895433680364973,1,16,50,yyyrrryyyrrr
2791,136,1348.0,2.731838371597803,1,15,51,yyyrrryyyrrr
2792,136,1414.0,2.714607723451373,1,18,52,yyyrrryyyrrr
2793,138,1369.0,2.748709791597347,2,15,52,rrrrrrrrrrrr
2794,138,1436.0,2.8122988171279673,2,18,51,rrrrrrrrrrrr
2795,137,1404.0,2.837751950506332,3,18,49,rrrGGgrrrGGg
2796,137,1362.0,2.9368111246042203,3,18,47,rrrGGgrrrGGg
2797,138,1345.0,2.9952603299814085,3,17,46,rrrGGgrrrGGg
2798,141,1319.0,3.0036925533357093,3,17,46,rrrGGgrrrGGg
2799,138,1315.0,2.819939465675677,3,16,42,rrrGGgrrrGGg
2800,137,1305.0,2.7633337395021065,3,17,41,rrrGGgrrrGGg
2801,136,1297.0,2.662923447388559,3,19,40,rrrGGgrrrGGg
2802,134,1344.0,2.5323846856530534,3,22,42,rrrGGgrrrGGg
2803,135,1310.0,2.6072712887835605,3,20,41,rrrGGgrrrGGg
2804,134,1220.0,2.594109704878047,3,20,36,rrrGGgrrrGGg
2805,135,1194.0,2.616034095464258,3,21,35,rrrGGgrrrGGg
2806,135,1252.0,2.632111876696529,3,22,36,rrrGGgrrrGGg
2807,137,1300.0,2.654009437887471,3,24,39,rrrGGgrrrGGg
2808,138,1358.0,2.7137714355693534,3,25,40,rrrGGgrrrGGg
2809,138,1407.0,2.7512051485018243,3,25,36,rrrGGgrrrGGg
2810,137,1467.0,2.596368412975293,3,27,37,rrrGGgrrrGGg
2811,137,1533.0,2.6139377960679724,3,28,38,rrrGGgrrrGGg
2812,137,1603.0,2.645023838063431,3,30,40,rrrGGgrrrGGg
2813,137,1677.0,2.4904561175601025,3,34,42,rrrGGgrrrGGg
2814,137,1752.0,2.519859426777641,3,34,42,rrrGGgrrrGGg
2815,135,1830.0,2.3926951955294684,3,35,44,rrrGGgrrrGGg
2816,134,1899.0,2.407761063223258,3,37,43,rrrGGgrrrGGg
2817,134,1960.0,2.3696545716071618,3,37,42,rrrGGgrrrGGg
2818,136,2023.0,2.372278189985837,3,40,40,rrrGGgrrrGGg
2819,137,2094.0,2.408186947389072,3,41,39,rrrGGgrrrGGg
2820,136,2164.0,2.344690938367866,3,41,39,rrrGGgrrrGGg
2821,137,2110.0,2.3763819769862935,3,44,37,rrrGGgrrrGGg
2822,137,2177.0,2.389059642581932,3,43,35,rrrGGgrrrGGg
2823,137,2257.0,2.3023905432868994,3,47,36,rrrGGgrrrGGg
2824,137,2298.0,2.3382360922506304,3,48,35,rrrGGgrrrGGg
2825,137,2380.0,2.3519690399990267,4,49,35,rrryyyrrryyy
2826,138,2469.0,2.325409139983574,4,55,35,rrryyyrrryyy
2827,139,2559.0,2.3407813430827904,4,55,37,rrryyyrrryyy
2828,138,2651.0,2.1867776144547815,5,56,37,rrrrrrrrrrrr
2829,137,2744.0,2.1538069020663415,5,56,37,rrrrrrrrrrrr
2830,136,2727.0,2.1176339226782996,0,53,38,GGgrrrGGgrrr
2831,138,2596.0,2.1024993243828676,0,53,36,GGgrrrGGgrrr
2832,137,2606.0,2.002487888069942,0,48,37,GGgrrrGGgrrr
2833,138,2621.0,2.0279792312005487,0,48,40,GGgrrrGGgrrr
2834,137,2592.0,1.9038074537295644,0,49,40,GGgrrrGGgrrr
2835,138,2644.0,1.9558925868653372,0,46,43,GGgrrrGGgrrr
2836,137,2682.0,1.9022295644593494,0,44,42,GGgrrrGGgrrr
2837,137,2644.0,1.9736133934790294,0,42,42,GGgrrrGGgrrr
2838,136,2647.0,1.800666211409137,0,42,43,GGgrrrGGgrrr
2839,137,2581.0,1.6654249992361976,0,43,41,GGgrrrGGgrrr
2840,137,2624.0,1.6796136688031122,0,43,40,GGgrrrGGgrrr
2841,137,2641.0,1.7615070486021311,0,41,43,GGgrrrGGgrrr
2842,136,2692.0,1.7677692744990825,0,42,42,GGgrrrGGgrrr
2843,137,2704.0,1.689347666319427,0,42,45,GGgrrrGGgrrr
2844,137,2608.0,1.7402938890645834,0,41,39,GGgrrrGGgrrr
2845,136,2518.0,1.7217085015781304,0,39,41,GGgrrrGGgrrr
2846,136,2550.0,1.8552398265847585,0,37,41,GGgrrrGGgrrr
2847,135,2558.0,1.8854950500459018,0,36,42,GGgrrrGGgrrr
2848,136,2565.0,1.9693159268969425,0,35,43,GGgrrrGGgrrr
2849,136,2572.0,2.0550786962577994,0,32,43,GGgrrrGGgrrr
2850,137,2616.0,2.138514701485841,0,32,44,GGgrrrGGgrrr
2851,137,2578.0,2.252433034239206,0,30,43,GGgrrrGGgrrr
2852,136,2582.0,2.2641288091121927,0,27,44,GGgrrrGGgrrr
2853,137,2589.0,2.3726321116860167,0,27,45,GGgrrrGGgrrr
2854,136,2590.0,2.3885138654276714,0,23,46,GGgrrrGGgrrr
2855,136,2593.0,2.5356319569194197,0,21,46,GGgrrrGGgrrr
2856,136,2587.0,2.6820742166015505,0,18,47,GGgrrrGGgrrr
2857,136,2478.0,2.822311937958468,0,18,45,GGgrrrGGgrrr
2858,138,2510.0,2.874651109692316,0,17,51,GGgrrrGGgrrr
2859,139,2572.0,2.983363678755752,0,16,50,GGgrrrGGgrrr
2860,139,2639.0,3.10857143966211,1,16,51,yyyrrryyyrrr
2861,137,2704.0,2.9773446842321087,1,17,51,yyyrrryyyrrr
2862,137,2769.0,3.0014915541562948,1,15,52,yyyrrryyyrrr
2863,140,2839.0,2.9358775324739312,2,19,54,rrrrrrrrrrrr
2864,137,2710.0,2.740069443230489,2,17,52,rrrrrrrrrrrr
2865,137,2586.0,2.719711915531779,3,16,48,rrrGGgrrrGGg
2866,135,2489.0,2.538212268187257,3,20,50,rrrGGgrrrGGg
2867,135,2503.0,2.567304408431826,3,21,50,rrrGGgrrrGGg
2868,137,2360.0,2.5925694012019935,3,23,46,rrrGGgrrrGGg
2869,136,2306.0,2.542571559695322,3,24,45,rrrGGgrrrGGg
2870,137,2377.0,2.5091148997735293,3,26,47,rrrGGgrrrGGg
2871,136,2440.0,2.3590892792840106,3,27,49,rrrGGgrrrGGg
2872,136,2506.0,2.296767362907736,3,29,49,rrrGGgrrrGGg
2873,137,2569.0,2.1034331457663438,3,32,49,rrrGGgrrrGGg
2874,137,2637.0,2.083142230628812,3,33,49,rrrGGgrrrGGg
2875,137,2703.0,2.129125017034369,3,33,47,rrrGGgrrrGGg
2876,136,2773.0,2.0376202751866024,3,37,46,rrrGGgrrrGGg
2877,136,2845.0,2.0704437029073834,3,38,45,rrrGGgrrrGGg
2878,137,2863.0,1.9745149384418246,3,39,47,rrrGGgrrrGGg
2879,136,2864.0,1.9357841894823509,3,38,43,rrrGGgrrrGGg
2880,135,2894.0,1.92098423589571,3,38,43,rrrGGgrrrGGg
2881,133,2963.0,1.775586602760109,3,41,42,rrrGGgrrrGGg
2882,134,3035.0,1.801628609410804,3,42,43,rrrGGgrrrGGg
2883,134,2933.0,1.66646494388059,3,45,40,rrrGGgrrrGGg
2884,133,2840.0,1.6462738415761105,3,43,40,rrrGGgrrrGGg
2885,131,2914.0,1.5417529446050484,3,42,40,rrrGGgrrrGGg
2886,131,2999.0,1.639212103379423,3,43,42,rrrGGgrrrGGg
2887,131,3086.0,1.6715741085406808,3,44,43,rrrGGgrrrGGg
2888,132,3175.0,1.7046551683660325,3,47,43,rrrGGgrrrGGg
2889,133,3265.0,1.7911480420027748,3,47,44,rrrGGgrrrGGg
2890,133,3351.0,1.8846760321146703,3,47,43,rrrGGgrrrGGg
2891,134,3438.0,1.8804610535909771,3,48,43,rrrGGgrrrGGg
2892,134,3348.0,1.9311386804112594,3,49,41,rrrGGgrrrGGg
2893,135,3439.0,1.9947127700268672,3,50,43,rrrGGgrrrGGg
2894,135,3485.0,2.110128788235411,3,50,42,rrrGGgrrrGGg
2895,135,3531.0,2.1999557788666686,4,50,41,rrryyyrrryyy
2896,135,3558.0,2.2139591107343564,4,49,41,rrryyyrrryyy
2897,134,3649.0,2.1411846616286536,4,50,41,rrryyyrrryyy
2898,134,3743.0,2.0011789293297895,5,54,42,rrrrrrrrrrrr
2899,134,3838.0,2.06477391946172,5,53,42,rrrrrrrrrrrr
2900,134,3824.0,2.1039174492636974,0,51,43,GGgrrrGGgrrr
2901,133,3620.0,2.0902527529407844,0,49,42,GGgrrrGGgrrr
2902,133,3635.0,2.1223450466174634,0,47,44,GGgrrrGGgrrr
2903,134,3603.0,2.0189168178577566,0,47,45,GGgrrrGGgrrr
2904,134,3575.0,2.0798514264207744,0,47,43,GGgrrrGGgrrr
2905,135,3589.0,2.1134177337576268,0,47,44,GGgrrrGGgrrr
2906,134,3569.0,2.0769897449844237,0,44,44,GGgrrrGGgrrr
2907,131,3562.0,1.8504500539352196,0,42,44,GGgrrrGGgrrr
2908,132,3349.0,1.7881970514945038,0,41,42,GGgrrrGGgrrr
2909,132,3309.0,1.8459820323411167,0,39,43,GGgrrrGGgrrr
2910,131,3353.0,1.787797384618617,0,39,44,GGgrrrGGgrrr
2911,129,3367.0,1.6628343787180906,0,37,45,GGgrrrGGgrrr
2912,129,3417.0,1.7302602073119968,0,37,46,GGgrrrGGgrrr
2913,130,3436.0,1.7650988006064574,0,36,49,GGgrrrGGgrrr
2914,129,3485.0,1.684484449601426,0,37,49,GGgrrrGGgrrr
2915,128,3459.0,1.6449531934266228,0,35,48,GGgrrrGGgrrr
2916,128,3288.0,1.7645708562608655,0,35,48,GGgrrrGGgrrr
2917,128,3295.0,1.8838733149423994,0,34,48,GGgrrrGGgrrr
2918,127,3257.0,1.8811457247182253,0,32,51,GGgrrrGGgrrr
2919,128,3191.0,1.94496001220883,0,28,52,GGgrrrGGgrrr
2920,129,3146.0,2.0414445916102153,0,26,51,GGgrrrGGgrrr
2921,128,3030.0,2.0819478746165623,0,23,50,GGgrrrGGgrrr
2922,127,2989.0,2.1260807893789595,0,21,52,GGgrrrGGgrrr
2923,127,3023.0,2.216321990369592,0,20,52,GGgrrrGGgrrr
2924,127,2832.0,2.300472453461345,0,19,51,GGgrrrGGgrrr
2925,127,2868.0,2.4079945144116373,0,20,52,GGgrrrGGgrrr
2926,128,2885.0,2.524489791478774,0,17,54,GGgrrrGGgrrr
2927,128,2861.0,2.597901842239224,0,17,51,GGgrrrGGgrrr
2928,128,2851.0,2.686435520483517,0,16,50,GGgrrrGGgrrr
2929,128,2831.0,2.768147016213162,0,16,49,GGgrrrGGgrrr
2930,128,2850.0,2.8323484454727943,1,18,48,yyyrrryyyrrr
2931,129,2515.0,2.887601996419156,1,15,48,yyyrrryyyrrr
2932,129,2391.0,2.796850380909962,1,12,48,yyyrrryyyrrr
2933,129,2325.0,2.8531681589835087,2,10,51,rrrrrrrrrrrr
2934,128,2355.0,2.872363732874212,2,11,49,rrrrrrrrrrrr
2935,126,2325.0,2.7859923489814418,3,11,48,rrrGGgrrrGGg
2936,126,2327.0,2.7586779420190806,3,13,49,rrrGGgrrrGGg
2937,127,2344.0,2.8420582830831695,3,12,49,rrrGGgrrrGGg
2938,126,2347.0,2.8513071991851544,3,12,46,rrrGGgrrrGGg
2939,125,2355.0,2.9086668453741393,3,12,45,rrrGGgrrrGGg
2940,123,2392.0,2.797169678994128,3,13,45,rrrGGgrrrGGg
2941,124,2405.0,2.8139687491024996,3,12,44,rrrGGgrrrGGg
2942,125,2140.0,2.8318393684114045,3,12,40,rrrGGgrrrGGg
2943,126,1870.0,2.866270736018369,3,12,35,rrrGGgrrrGGg
2944,125,1600.0,2.838049541792189,3,12,33,rrrGGgrrrGGg
2945,124,1364.0,2.827192417034805,3,13,32,rrrGGgrrrGGg
2946,125,1174.0,2.855135883837049,3,16,31,rrrGGgrrrGGg
2947,123,1022.0,2.721887370875859,3,16,29,rrrGGgrrrGGg
2948,124,1031.0,2.684493421272239,3,19,29,rrrGGgrrrGGg
2949,123,808.0,2.658166802747526,3,19,28,rrrGGgrrrGGg
2950,123,724.0,2.7111579124096794,3,23,24,rrrGGgrrrGGg
2951,124,547.0,2.7625092988164366,3,25,26,rrrGGgrrrGGg
2952,122,565.0,2.6885751194197853,3,24,27,rrrGGgrrrGGg
2953,122,579.0,2.608939998181167,3,23,27,rrrGGgrrrGGg
2954,121,536.0,2.5077273366383612,3,27,27,rrrGGgrrrGGg
2955,122,553.0,2.5394922798105295,3,27,27,rrrGGgrrrGGg
2956,122,570.0,2.649029755658351,3,26,26,rrrGGgrrrGGg
2957,122,577.0,2.7524721970730757,3,28,24,rrrGGgrrrGGg
2958,123,626.0,2.804345140178707,3,30,25,rrrGGgrrrGGg
2959,124,623.0,2.76885465400651,3,31,23,rrrGGgrrrGGg
2960,125,655.0,2.7639957218584192,3,32,26,rrrGGgrrrGGg
2961,125,714.0,2.808447473716397,3,32,27,rrrGGgrrrGGg
2962,123,774.0,2.704800095894398,3,33,27,rrrGGgrrrGGg
2963,124,822.0,2.746825574372101,3,34,27,rrrGGgrrrGGg
2964,124,872.0,2.792295001840569,3,36,25,rrrGGgrrrGGg
2965,124,932.0,2.8086789990989454,4,36,25,rrryyyrrryyy
2966,124,976.0,2.8235188076177793,4,39,23,rrryyyrrryyy
2967,124,984.0,2.7438727375558045,4,39,23,rrryyyrrryyy
2968,123,1050.0,2.678671643281784,5,40,26,rrrrrrrrrrrr
2969,123,1114.0,2.53603097480089,5,40,26,rrrrrrrrrrrr
2970,123,1059.0,2.5803188586635577,0,39,26,GGgrrrGGgrrr
2971,124,1021.0,2.5887388029660467,0,39,26,GGgrrrGGgrrr
2972,125,1006.0,2.6327907755540503,0,36,27,GGgrrrGGgrrr
2973,125,989.0,2.693116573198803,0,36,24,GGgrrrGGgrrr
2974,125,1000.0,2.6511596822469663,0,38,27,GGgrrrGGgrrr
2975,123,1040.0,2.5355230462492484,0,39,27,GGgrrrGGgrrr
2976,123,1106.0,2.562334182551862,0,38,28,GGgrrrGGgrrr
2977,123,1140.0,2.404977392826241,0,39,29,GGgrrrGGgrrr
2978,122,1142.0,2.373456118143633,0,37,28,GGgrrrGGgrrr
2979,121,1140.0,2.355694906739546,0,36,30,GGgrrrGGgrrr
2980,120,1118.0,2.3368366592561567,0,35,30,GGgrrrGGgrrr
2981,118,1111.0,2.271062474616174,0,35,31,GGgrrrGGgrrr
2982,118,1139.0,2.2570795714773295,0,36,33,GGgrrrGGgrrr
2983,117,1202.0,2.240514627272628,0,34,32,GGgrrrGGgrrr
2984,117,1198.0,2.198984820892514,0,34,33,GGgrrrGGgrrr
2985,117,1164.0,2.1450133986202546,0,35,32,GGgrrrGGgrrr
2986,117,1145.0,2.200848170553535,0,34,34,GGgrrrGGgrrr
2987,118,1150.0,2.2660328941397037,0,35,35,GGgrrrGGgrrr
2988,119,1135.0,2.322173927612693,0,35,30,GGgrrrGGgrrr
2989,119,1170.0,2.3831423806153884,0,35,33,GGgrrrGGgrrr
2990,119,1230.0,2.319274110685227,0,36,35,GGgrrrGGgrrr
2991,119,1290.0,2.3580552543158992,0,36,34,GGgrrrGGgrrr
2992,118,1282.0,2.3519197204856237,0,34,33,GGgrrrGGgrrr
2993,119,1258.0,2.337182134006095,0,32,33,GGgrrrGGgrrr
2994,119,1244.0,2.355502579479041,0,30,37,GGgrrrGGgrrr
2995,121,1219.0,2.3335521896798994,0,30,36,GGgrrrGGgrrr
2996,121,1186.0,2.4307318726754894,0,28,35,GGgrrrGGgrrr
2997,121,1192.0,2.5039391607751016,0,26,36,GGgrrrGGgrrr
2998,122,1203.0,2.5694278772247627,0,24,41,GGgrrrGGgrrr
2999,122,1245.0,2.6755303745193184,0,25,41,GGgrrrGGgrrr
3000,123,1238.0,2.7295140366444826,1,24,42,yyyrrryyyrrr
3001,122,1250.0,2.68957207410381,1,25,41,yyyrrryyyrrr
3002,120,1268.0,2.574488797080872,1,24,43,yyyrrryyyrrr
3003,120,1278.0,2.6443807012383433,2,23,41,rrrrrrrrrrrr
3004,118,1292.0,2.4340883650237473,2,23,41,rrrrrrrrrrrr
3005,119,1171.0,2.4072536810446774,3,22,39,rrrGGgrrrGGg
3006,120,1093.0,2.3981639846267004,3,21,36,rrrGGgrrrGGg
3007,119,1061.0,2.3576112943366745,3,23,36,rrrGGgrrrGGg
3008,120,1078.0,2.3867991070752077,3,25,36,rrrGGgrrrGGg
3009,120,1057.0,2.43822230132141,3,25,36,rrrGGgrrrGGg
3010,120,1010.0,2.5129728689651096,3,24,37,rrrGGgrrrGGg
3011,120,1030.0,2.423868201470241,3,25,39,rrrGGgrrrGGg
3012,120,1059.0,2.3384903284079797,3,26,39,rrrGGgrrrGGg
3013,120,1046.0,2.3726597497811697,3,27,38,rrrGGgrrrGGg
3014,120,1013.0,2.2871769059214384,3,27,36,rrrGGgrrrGGg
3015,119,1000.0,2.2169591782333695,3,27,35,rrrGGgrrrGGg
3016,118,1063.0,2.1557985038258796,3,28,37,rrrGGgrrrGGg
3017,118,1046.0,2.2142309527666044,3,28,36,rrrGGgrrrGGg
3018,117,1031.0,2.193155306559411,3,29,36,rrrGGgrrrGGg
3019,117,1022.0,2.1365632910854733,3,32,36,rrrGGgrrrGGg
3020,117,1053.0,2.066047569317873,3,31,36,rrrGGgrrrGGg
3021,116,1027.0,2.053515336329515,3,31,33,rrrGGgrrrGGg
3022,116,1016.0,2.1390311445401555,3,32,33,rrrGGgrrrGGg
3023,117,1034.0,2.1973602015181384,3,33,33,rrrGGgrrrGGg
3024,118,991.0,2.276869119269518,3,33,31,rrrGGgrrrGGg
3025,119,951.0,2.381508629745875,3,32,27,rrrGGgrrrGGg
3026,119,964.0,2.4562051312317297,3,32,28,rrrGGgrrrGGg
3027,119,955.0,2.549882690925006,3,32,28,rrrGGgrrrGGg
3028,117,948.0,2.49123580297302,3,32,26,rrrGGgrrrGGg
3029,118,974.0,2.5742852368486147,3,34,26,rrrGGgrrrGGg
3030,117,972.0,2.5556470474108317,3,33,22,rrrGGgrrrGGg
3031,118,998.0,2.5992458606738844,3,34,24,rrrGGgrrrGGg
3032,118,1053.0,2.6395753716734207,3,35,23,rrrGGgrrrGGg
3033,118,971.0,2.6777110598154445,3,35,18,rrrGGgrrrGGg
3034,119,994.0,2.6696084142530223,3,38,19,rrrGGgrrrGGg
3035,119,1014.0,2.725561422229871,4,38,17,rrryyyrrryyy
3036,118,1039.0,2.679008349161639,4,40,17,rrryyyrrryyy
3037,120,1064.0,2.7064766582597457,4,41,18,rrryyyrrryyy
3038,118,1091.0,2.519293527365863,5,42,16,rrrrrrrrrrrr
3039,119,1120.0,2.5499338696834157,5,43,17,rrrrrrrrrrrr
3040,118,1042.0,2.478014487504703,0,40,17,GGgrrrGGgrrr
3041,117,992.0,2.4374891892994017,0,38,18,GGgrrrGGgrrr
3042,119,964.0,2.4888477384840964,0,38,20,GGgrrrGGgrrr
3043,118,895.0,2.5159535779497992,0,35,16,GGgrrrGGgrrr
3044,117,876.0,2.4787675446787647,0,34,16,GGgrrrGGgrrr
3045,117,860.0,2.5380926056131385,0,32,19,GGgrrrGGgrrr
3046,118,877.0,2.5141876597745614,0,33,21,GGgrrrGGgrrr
3047,119,898.0,2.533631761277909,0,33,21,GGgrrrGGgrrr
3048,118,885.0,2.4860505176257734,0,32,21,GGgrrrGGgrrr
3049,120,874.0,2.453229268042136,0,31,23,GGgrrrGGgrrr
3050,120,865.0,2.5072533307550215,0,29,23,GGgrrrGGgrrr
3051,119,885.0,2.5293450434354297,0,30,24,GGgrrrGGgrrr
3052,120,858.0,2.615871477443883,0,31,23,GGgrrrGGgrrr
3053,118,913.0,2.503641625353971,0,30,23,GGgrrrGGgrrr
3054,118,964.0,2.4420952874850204,0,32,26,GGgrrrGGgrrr
3055,118,893.0,2.532935058765489,0,31,24,GGgrrrGGgrrr
3056,119,885.0,2.559253303647751,0,30,25,GGgrrrGGgrrr
3057,119,873.0,2.596351150387023,0,30,23,GGgrrrGGgrrr
3058,119,858.0,2.614333349377265,0,29,22,GGgrrrGGgrrr
3059,118,906.0,2.4481787316887584,0,31,22,GGgrrrGGgrrr
3060,118,951.0,2.5079199400859657,0,31,23,GGgrrrGGgrrr
3061,118,1005.0,2.6012632655983263,0,31,26,GGgrrrGGgrrr
3062,117,1066.0,2.5430762551905417,0,32,28,GGgrrrGGgrrr
3063,119,1076.0,2.520546807189633,0,30,32,GGgrrrGGgrrr
3064,121,1069.0,2.5396178343400284,0,30,29,GGgrrrGGgrrr
3065,120,1074.0,2.5909874033900007,0,27,31,GGgrrrGGgrrr
3066,120,1082.0,2.6907134416727034,0,25,34,GGgrrrGGgrrr
3067,119,1127.0,2.730638768333637,0,24,33,GGgrrrGGgrrr
3068,119,1178.0,2.8234388072894636,0,25,33,GGgrrrGGgrrr
3069,120,1229.0,2.940157952826974,0,26,33,GGgrrrGGgrrr
3070,121,1285.0,3.068772887323319,1,25,37,yyyrrryyyrrr
3071,121,1349.0,3.083238011668838,1,26,38,yyyrrryyyrrr
3072,123,1412.0,3.0787707858512166,1,27,39,yyyrrryyyrrr
3073,122,1436.0,2.9534338284088735,2,25,40,rrrrrrrrrrrr
3074,123,1427.0,2.996220332422933,2,26,40,rrrrrrrrrrrr
3075,124,1318.0,3.0512621475784276,3,24,38,rrrGGgrrrGGg
3076,123,1253.0,3.007534984182551,3,24,35,rrrGGgrrrGGg
3077,123,1199.0,3.060525737642763,3,23,33,rrrGGgrrrGGg
3078,120,1154.0,2.7930800884019815,3,24,31,rrrGGgrrrGGg
3079,121,1175.0,2.843277023623387,3,25,33,rrrGGgrrrGGg
3080,120,1149.0,2.6545446429923154,3,25,34,rrrGGgrrrGGg
3081,120,1121.0,2.7074030497486223,3,25,34,rrrGGgrrrGGg
3082,119,1086.0,2.6777202856562217,3,26,31,rrrGGgrrrGGg
3083,118,1052.0,2.693813958831199,3,25,30,rrrGGgrrrGGg
3084,119,985.0,2.7815404722049113,3,27,28,rrrGGgrrrGGg
3085,119,927.0,2.910464245423102,3,26,28,rrrGGgrrrGGg
3086,120,896.0,2.9451321939724844,3,26,28,rrrGGgrrrGGg
3087,122,871.0,2.9815491969258185,3,26,30,rrrGGgrrrGGg
3088,120,895.0,2.9318009160917415,3,25,30,rrrGGgrrrGGg
3089,120,905.0,2.986333649090173,3,25,31,rrrGGgrrrGGg
3090,120,879.0,3.0176378240735913,3,25,31,rrrGGgrrrGGg
3091,120,853.0,2.9267894342551335,3,27,31,rrrGGgrrrGGg
3092,119,881.0,2.891998413397716,3,27,32,rrrGGgrrrGGg
3093,118,884.0,2.85955736618299,3,27,30,rrrGGgrrrGGg
3094,117,893.0,2.811254994685689,3,28,30,rrrGGgrrrGGg
3095,118,860.0,2.831479662855978,3,28,31,rrrGGgrrrGGg
3096,117,828.0,2.635335156244883,3,29,28,rrrGGgrrrGGg
3097,117,843.0,2.689992174603969,3,31,27,rrrGGgrrrGGg
3098,117,859.0,2.7523263507791533,3,30,28,rrrGGgrrrGGg
3099,117,854.0,2.8358109726227165,3,32,25,rrrGGgrrrGGg
3100,118,871.0,2.88869625275434,3,32,25,rrrGGgrrrGGg
3101,119,896.0,2.715982631387261,3,36,24,rrrGGgrrrGGg
3102,120,956.0,2.817302148127797,3,35,26,rrrGGgrrrGGg
3103,120,983.0,2.878113786899033,3,37,24,rrrGGgrrrGGg
3104,121,991.0,2.9077800041697928,3,39,23,rrrGGgrrrGGg
3105,121,1003.0,2.9450783606988824,4,39,22,rrryyyrrryyy
3106,120,1017.0,2.887268114680276,4,40,21,rrryyyrrryyy
3107,120,1032.0,2.896148826968817,4,42,20,rrryyyrrryyy
3108,119,1050.0,2.8853659424547455,5,43,20,rrrrrrrrrrrr
3109,120,1082.0,2.727912887398917,5,45,19,rrrrrrrrrrrr
3110,120,957.0,2.721139162536238,0,40,19,GGgrrrGGgrrr
3111,120,867.0,2.6438074593502914,0,37,21,GGgrrrGGgrrr
3112,120,825.0,2.7144441788058975,0,36,19,GGgrrrGGgrrr
3113,117,767.0,2.5226150657454363,0,34,19,GGgrrrGGgrrr
3114,117,741.0,2.4931738185939616,0,34,20,GGgrrrGGgrrr
3115,116,695.0,2.463100017203043,0,31,21,GGgrrrGGgrrr
3116,116,650.0,2.5588802183931203,0,31,21,GGgrrrGGgrrr
3117,116,683.0,2.612341186564863,0,31,24,GGgrrrGGgrrr
3118,115,633.0,2.3719682680307197,0,30,21,GGgrrrGGgrrr
3119,117,606.0,2.2919393208863994,0,30,20,GGgrrrGGgrrr
3120,117,594.0,2.2591926489788445,0,30,23,GGgrrrGGgrrr
3121,117,578.0,2.323335511270002,0,29,23,GGgrrrGGgrrr
3122,117,564.0,2.360014828695565,0,28,23,GGgrrrGGgrrr
3123,117,549.0,2.2620193110429687,0,27,23,GGgrrrGGgrrr
3124,117,539.0,2.257401242969363,0,25,26,GGgrrrGGgrrr
3125,117,536.0,2.2818081988610297,0,23,26,GGgrrrGGgrrr
3126,115,524.0,2.1145719359886455,0,20,28,GGgrrrGGgrrr
3127,117,527.0,2.082844129762333,0,19,30,GGgrrrGGgrrr
3128,117,525.0,1.9954083377989913,0,19,30,GGgrrrGGgrrr
3129,117,522.0,1.9556286617496805,0,16,31,GGgrrrGGgrrr
3130,117,532.0,2.04905564397324,0,16,30,GGgrrrGGgrrr
3131,118,539.0,2.1076485381967798,0,17,32,GGgrrrGGgrrr
3132,119,559.0,2.164037744207795,0,15,34,GGgrrrGGgrrr
3133,118,593.0,2.175820463084587,0,14,33,GGgrrrGGgrrr
3134,118,601.0,2.2261804378842425,0,12,34,GGgrrrGGgrrr
3135,118,611.0,2.3441301852569376,0,12,35,GGgrrrGGgrrr
3136,119,631.0,2.3773823829120757,0,11,35,GGgrrrGGgrrr
3137,121,631.0,2.406385987008633,0,10,36,GGgrrrGGgrrr
3138,121,652.0,2.51977003826394,0,8,37,GGgrrrGGgrrr
3139,122,688.0,2.573319679709468,0,8,38,GGgrrrGGgrrr
3140,122,689.0,2.639815905505924,1,8,37,yyyrrryyyrrr
3141,123,691.0,2.6653697583712233,1,9,36,yyyrrryyyrrr
3142,123,698.0,2.6246847941234184,1,7,36,yyyrrryyyrrr
3143,123,729.0,2.612667821386665,2,7,35,rrrrrrrrrrrr
3144,122,737.0,2.6169101032336677,2,7,35,rrrrrrrrrrrr
3145,122,661.0,2.7393463517646137,3,7,34,rrrGGgrrrGGg
3146,123,626.0,2.8257862804860183,3,8,34,rrrGGgrrrGGg
3147,124,568.0,2.8020981488226857,3,10,32,rrrGGgrrrGGg
3148,125,528.0,2.875750130057513,3,10,29,rrrGGgrrrGGg
3149,125,494.0,2.9676746680710533,3,10,28,rrrGGgrrrGGg
3150,125,489.0,3.0554811458306546,3,10,29,rrrGGgrrrGGg
3151,124,495.0,3.0198808865319484,3,12,27,rrrGGgrrrGGg
3152,124,538.0,2.9268352544163214,3,13,31,rrrGGgrrrGGg
3153,124,551.0,2.851302108367844,3,16,31,rrrGGgrrrGGg
3154,125,564.0,2.8901459531116207,3,18,34,rrrGGgrrrGGg
3155,126,571.0,2.949773846144653,3,19,29,rrrGGgrrrGGg
3156,126,590.0,2.871145269913539,3,20,32,rrrGGgrrrGGg
3157,126,640.0,2.900753784295798,3,21,32,rrrGGgrrrGGg
3158,125,665.0,2.8304581191670395,3,24,33,rrrGGgrrrGGg
3159,125,691.0,2.7732072783207347,3,24,35,rrrGGgrrrGGg
3160,125,686.0,2.7077149009213493,3,26,34,rrrGGgrrrGGg
3161,125,707.0,2.6442046156113372,3,29,33,rrrGGgrrrGGg
3162,125,764.0,2.7089508385717624,3,30,34,rrrGGgrrrGGg
3163,125,798.0,2.6186606970056023,3,32,35,rrrGGgrrrGGg
3164,126,865.0,2.6441834826593764,3,32,37,rrrGGgrrrGGg
3165,125,901.0,2.640099643413235,3,33,36,rrrGGgrrrGGg
3166,125,909.0,2.57274135314835,3,37,34,rrrGGgrrrGGg
3167,126,931.0,2.5870140166112443,3,37,33,rrrGGgrrrGGg
3168,126,958.0,2.5990570244764535,3,37,33,rrrGGgrrrGGg
3169,126,985.0,2.488766580749001,3,38,33,rrrGGgrrrGGg
3170,126,1015.0,2.5047734778395983,3,40,33,rrrGGgrrrGGg
3171,126,1079.0,2.3776970631058605,3,42,34,rrrGGgrrrGGg
3172,126,1065.0,2.3472360834894133,3,42,32,rrrGGgrrrGGg
3173,126,1115.0,2.372193232634657,3,45,31,rrrGGgrrrGGg
3174,125,1159.0,2.2259344068337445,3,46,35,rrrGGgrrrGGg
3175,126,1203.0,2.2615501509576696,4,46,32,rrryyyrrryyy
3176,126,1233.0,2.346589752335553,4,46,32,rrryyyrrryyy
3177,126,1314.0,2.2972010644379743,4,47,34,rrryyyrrryyy
3178,124,1392.0,2.1094366755596887,5,48,34,rrrrrrrrrrrr
3179,124,1408.0,2.093216529271495,5,50,32,rrrrrrrrrrrr
3180,126,1324.0,2.0529634421010434,0,47,35,GGgrrrGGgrrr
3181,126,1280.0,1.9984362163562177,0,44,35,GGgrrrGGgrrr
3182,126,1275.0,2.012932409004306,0,42,36,GGgrrrGGgrrr
3183,126,1250.0,2.1131225718568523,0,40,35,GGgrrrGGgrrr
3184,124,1189.0,2.0128046235844246,0,39,33,GGgrrrGGgrrr
3185,125,1155.0,1.9559252646815022,0,39,32,GGgrrrGGgrrr
3186,125,1128.0,2.0484599711415457,0,37,31,GGgrrrGGgrrr
3187,125,1122.0,2.004490707885415,0,38,34,GGgrrrGGgrrr
3188,125,1114.0,2.017394346741716,0,36,36,GGgrrrGGgrrr
3189,124,1092.0,1.9642371130015708,0,34,38,GGgrrrGGgrrr
3190,125,1096.0,1.8764238150390278,0,35,40,GGgrrrGGgrrr
3191,125,1073.0,1.9840004220918148,0,34,39,GGgrrrGGgrrr
3192,125,1077.0,2.1037966779585777,0,32,40,GGgrrrGGgrrr
3193,125,1019.0,2.225044644311496,0,30,39,GGgrrrGGgrrr
3194,126,992.0,2.336545993325539,0,28,39,GGgrrrGGgrrr
3195,127,995.0,2.3141100736895885,0,26,41,GGgrrrGGgrrr
3196,126,999.0,2.3461906921962865,0,23,41,GGgrrrGGgrrr
3197,126,1021.0,2.448149126458709,0,23,40,GGgrrrGGgrrr
3198,126,1000.0,2.5937239155007923,0,21,39,GGgrrrGGgrrr
3199,125,998.0,2.5075685772078598,0,20,41,GGgrrrGGgrrr
3200,127,1002.0,2.580500446668268,0,18,43,GGgrrrGGgrrr
3201,127,983.0,2.620230116684035,0,15,42,GGgrrrGGgrrr
3202,129,1029.0,2.621973554825534,0,16,44,GGgrrrGGgrrr
3203,129,1056.0,2.7139269304305165,0,13,45,GGgrrrGGgrrr
3204,129,1117.0,2.7944926480349044,0,13,46,GGgrrrGGgrrr
3205,130,1149.0,2.7796523908340984,0,12,47,GGgrrrGGgrrr
3206,130,1182.0,2.812725756600323,0,12,47,GGgrrrGGgrrr
3207,131,1210.0,2.8334352854042746,0,13,47,GGgrrrGGgrrr
3208,131,1238.0,2.8680494230573923,0,12,47,GGgrrrGGgrrr
3209,131,1187.0,2.909190866095842,0,11,43,GGgrrrGGgrrr
3210,133,1197.0,2.887548944095619,1,11,46,yyyrrryyyrrr
3211,133,1222.0,2.8399605698556987,1,11,45,yyyrrryyyrrr
3212,134,1253.0,2.8841889945399566,1,11,48,yyyrrryyyrrr
3213,133,1270.0,2.8496929544049565,2,10,50,rrrrrrrrrrrr
3214,133,1327.0,2.750831382679671,2,12,50,rrrrrrrrrrrr
3215,135,1264.0,2.723851678706341,3,10,49,rrrGGgrrrGGg
3216,134,1215.0,2.6861464576164087,3,9,45,rrrGGgrrrGGg
3217,133,1219.0,2.621071354472575,3,10,45,rrrGGgrrrGGg
3218,133,1169.0,2.641047419734823,3,12,42,rrrGGgrrrGGg
3219,134,1156.0,2.6148790331151552,3,11,42,rrrGGgrrrGGg
3220,135,1176.0,2.5293641769495787,3,13,41,rrrGGgrrrGGg
3221,133,1218.0,2.3792862606656575,3,14,41,rrrGGgrrrGGg
3222,134,1274.0,2.374668517419542,3,15,43,rrrGGgrrrGGg
3223,133,1285.0,2.2094289706886983,3,17,42,rrrGGgrrrGGg
3224,133,1303.0,2.313137918693504,3,18,41,rrrGGgrrrGGg
3225,133,1251.0,2.335276431284405,3,19,39,rrrGGgrrrGGg
3226,132,1275.0,2.325982992096976,3,21,40,rrrGGgrrrGGg
3227,134,1283.0,2.341298237502669,3,25,37,rrrGGgrrrGGg
3228,134,1297.0,2.403652412463117,3,22,36,rrrGGgrrrGGg
3229,133,1355.0,2.3406096106091425,3,25,36,rrrGGgrrrGGg
3230,134,1402.0,2.313263414617165,3,27,38,rrrGGgrrrGGg
3231,134,1468.0,2.2677489064924177,3,29,38,rrrGGgrrrGGg
3232,133,1447.0,2.2041414861030457,3,31,36,rrrGGgrrrGGg
3233,134,1512.0,2.2383674108353735,3,32,37,rrrGGgrrrGGg
3234,134,1581.0,2.334001947041142,3,35,36,rrrGGgrrrGGg
3235,134,1653.0,2.224281760609201,3,36,39,rrrGGgrrrGGg
3236,134,1727.0,2.272064162088136,3,37,37,rrrGGgrrrGGg
3237,134,1777.0,2.3428275543263894,3,38,36,rrrGGgrrrGGg
3238,134,1853.0,2.417052637727049,3,39,37,rrrGGgrrrGGg
3239,133,1930.0,2.3948521957480184,3,42,36,rrrGGgrrrGGg
3240,134,2010.0,2.3114230345486466,3,44,38,rrrGGgrrrGGg
3241,134,2088.0,2.2327690107333096,3,43,39,rrrGGgrrrGGg
3242,134,2148.0,2.2475546921477427,3,43,38,rrrGGgrrrGGg
3243,134,2194.0,2.2940020226835744,3,44,36,rrrGGgrrrGGg
3244,135,2173.0,2.3047452273079942,3,47,34,rrrGGgrrrGGg
3245,137,2256.0,2.335198711141106,4,47,38,rrryyyrrryyy
3246,136,2342.0,2.297259851683375,4,48,38,rrryyyrrryyy
3247,137,2383.0,2.3017138185034067,4,48,37,rrryyyrrryyy
3248,135,2469.0,2.1668433484479395,5,49,37,rrrrrrrrrrrr
3249,135,2532.0,2.169502732961435,5,49,37,rrrrrrrrrrrr
3250,135,2495.0,2.0212337060810266,0,48,38,GGgrrrGGgrrr
3251,135,2367.0,2.082921007163491,0,45,36,GGgrrrGGgrrr
3252,134,2362.0,2.069996782299981,0,43,41,GGgrrrGGgrrr
3253,134,2366.0,2.1169206528082594,0,41,42,GGgrrrGGgrrr
3254,134,2378.0,2.0328466243580596,0,39,43,GGgrrrGGgrrr
3255,137,2383.0,2.0658459586616655,0,40,43,GGgrrrGGgrrr
3256,137,2392.0,2.117596544931294,0,36,42,GGgrrrGGgrrr
3257,136,2405.0,2.0691763452887475,0,35,44,GGgrrrGGgrrr
3258,133,2455.0,1.8891644034214903,0,35,46,GGgrrrGGgrrr
3259,133,2506.0,1.9700353611108876,0,35,47,GGgrrrGGgrrr
3260,134,2525.0,1.9348748584213855,0,36,49,GGgrrrGGgrrr
3261,134,2411.0,2.0101852820006805,0,35,45,GGgrrrGGgrrr
3262,134,2462.0,1.9617825664186468,0,35,48,GGgrrrGGgrrr
3263,133,2479.0,1.9544832671173211,0,34,47,GGgrrrGGgrrr
3264,132,2533.0,1.9759207980148679,0,35,49,GGgrrrGGgrrr
3265,134,2554.0,2.0629433421965606,0,35,51,GGgrrrGGgrrr
3266,135,2608.0,2.1198625711275514,0,34,51,GGgrrrGGgrrr
3267,134,2628.0,2.0696714989010574,0,32,51,GGgrrrGGgrrr
3268,134,2509.0,2.0532932095426575,0,32,52,GGgrrrGGgrrr
3269,135,2551.0,2.138138778927994,0,32,54,GGgrrrGGgrrr
3270,136,2560.0,2.238483771103726,0,30,55,GGgrrrGGgrrr
3271,137,2567.0,2.3283373908988154,0,29,54,GGgrrrGGgrrr
3272,136,2578.0,2.3241578597811947,0,27,55,GGgrrrGGgrrr
3273,135,2609.0,2.3796779549638463,0,24,55,GGgrrrGGgrrr
3274,136,2652.0,2.4580553507493788,0,24,56,GGgrrrGGgrrr
3275,138,2687.0,2.502520683430756,0,22,57,GGgrrrGGgrrr
3276,139,2585.0,2.590772614674789,0,21,54,GGgrrrGGgrrr
3277,139,2609.0,2.703150158132917,0,20,56,GGgrrrGGgrrr
3278,139,2566.0,2.82025544448814,0,18,54,GGgrrrGGgrrr
3279,140,2566.0,2.8689688775825397,0,17,55,GGgrrrGGgrrr
3280,141,2599.0,2.9122403423029644,1,16,56,yyyrrryyyrrr
3281,141,2643.0,3.004718715021776,1,16,57,yyyrrryyyrrr
3282,141,2709.0,2.9724150533393994,1,20,57,yyyrrryyyrrr
3283,140,2738.0,2.9400162371210183,2,16,57,rrrrrrrrrrrr
3284,140,2616.0,2.9929427481041975,2,16,53,rrrrrrrrrrrr
3285,141,2561.0,3.008772967681044,3,16,55,rrrGGgrrrGGg
3286,141,2517.0,2.953295505667857,3,16,52,rrrGGgrrrGGg
3287,142,2507.0,2.9304598945770834,3,18,51,rrrGGgrrrGGg
3288,140,2501.0,2.7322961916588597,3,16,50,rrrGGgrrrGGg
3289,140,2507.0,2.686225750299463,3,19,50,rrrGGgrrrGGg
3290,140,2507.0,2.665118945925731,3,19,50,rrrGGgrrrGGg
3291,139,2532.0,2.6239173988016917,3,17,48,rrrGGgrrrGGg
3292,138,2540.0,2.4977172338040208,3,18,47,rrrGGgrrrGGg
3293,139,2363.0,2.4937543367155013,3,19,45,rrrGGgrrrGGg
3294,140,2333.0,2.49638195258163,3,22,42,rrrGGgrrrGGg
3295,142,2295.0,2.481451619074284,3,23,42,rrrGGgrrrGGg
3296,141,2275.0,2.377581369297826,3,24,39,rrrGGgrrrGGg
3297,141,2272.0,2.307993015476932,3,26,38,rrrGGgrrrGGg
3298,139,2293.0,2.1687192779494593,3,29,38,rrrGGgrrrGGg
3299,139,2325.0,2.196846370725128,3,30,38,rrrGGgrrrGGg
3300,141,2378.0,2.1510546721368398,3,30,41,rrrGGgrrrGGg
3301,140,2268.0,2.0780873407922344,3,29,39,rrrGGgrrrGGg
3302,137,2311.0,1.8502407956433673,3,31,39,rrrGGgrrrGGg
3303,139,2368.0,1.8649869851335041,3,34,39,rrrGGgrrrGGg
3304,138,2434.0,1.8359576022255948,3,35,38,rrrGGgrrrGGg
3305,140,2491.0,1.8727211692008434,3,38,38,rrrGGgrrrGGg
3306,139,2556.0,1.8098615205775588,3,38,38,rrrGGgrrrGGg
3307,138,2628.0,1.7102963782078329,3,39,40,rrrGGgrrrGGg
3308,139,2524.0,1.7402133190330524,3,41,40,rrrGGgrrrGGg
3309,140,2605.0,1.738584445989833,3,43,43,rrrGGgrrrGGg
3310,141,2685.0,1.6774249442713636,3,43,45,rrrGGgrrrGGg
3311,141,2759.0,1.6598061900997625,3,42,46,rrrGGgrrrGGg
3312,142,2840.0,1.6299035887320499,3,45,48,rrrGGgrrrGGg
3313,142,2911.0,1.6722119360922696,3,43,46,rrrGGgrrrGGg
3314,142,2986.0,1.728685758817373,3,45,45,rrrGGgrrrGGg
3315,142,2877.0,1.779034992720701,4,45,43,rrryyyrrryyy
3316,144,2964.0,1.7446517851578207,4,48,47,rrryyyrrryyy
3317,142,3052.0,1.5697331195742907,4,47,47,rrryyyrrryyy
3318,142,3149.0,1.5708811632444275,5,48,49,rrrrrrrrrrrr
3319,141,3244.0,1.3894514266866884,5,51,51,rrrrrrrrrrrr
3320,140,3223.0,1.3752580642523988,0,46,51,GGgrrrGGgrrr
3321,141,3224.0,1.3590228227272503,0,45,52,GGgrrrGGgrrr
3322,140,3030.0,1.292386669303892,0,43,49,GGgrrrGGgrrr
3323,140,2994.0,1.353944747847133,0,42,51,GGgrrrGGgrrr
3324,141,3008.0,1.4367089231131778,0,41,52,GGgrrrGGgrrr
3325,141,3025.0,1.484326844303103,0,39,52,GGgrrrGGgrrr
3326,141,3042.0,1.5269820404108794,0,37,52,GGgrrrGGgrrr
3327,141,3130.0,1.4384617544926221,0,40,53,GGgrrrGGgrrr
3328,141,3153.0,1.4646219126248912,0,40,53,GGgrrrGGgrrr
3329,143,2970.0,1.4811221113174584,0,38,54,GGgrrrGGgrrr
3330,143,3032.0,1.5461239510663993,0,37,55,GGgrrrGGgrrr
3331,143,3053.0,1.625358862375629,0,37,56,GGgrrrGGgrrr
3332,142,3081.0,1.641262567921429,0,36,57,GGgrrrGGgrrr
3333,142,3142.0,1.7383034646864732,0,36,58,GGgrrrGGgrrr
3334,144,3170.0,1.788715738816576,0,35,60,GGgrrrGGgrrr
3335,143,3130.0,1.802876687914413,0,34,56,GGgrrrGGgrrr
3336,142,3148.0,1.7856300061388204,0,33,58,GGgrrrGGgrrr
3337,142,3202.0,1.8401772140012775,0,34,60,GGgrrrGGgrrr
3338,142,3006.0,1.9554747237151366,0,32,60,GGgrrrGGgrrr
3339,143,3061.0,2.0362025801897237,0,32,62,GGgrrrGGgrrr
3340,142,3084.0,2.065431892567324,0,28,63,GGgrrrGGgrrr
3341,142,3110.0,2.1753458233944465,0,27,64,GGgrrrGGgrrr
3342,142,3137.0,2.3106617861923526,0,24,64,GGgrrrGGgrrr
3343,142,3174.0,2.402856409753291,0,23,64,GGgrrrGGgrrr
3344,143,3204.0,2.386421711247616,0,21,65,GGgrrrGGgrrr
3345,142,3252.0,2.431522511632666,0,19,64,GGgrrrGGgrrr
3346,143,3255.0,2.503337374461263,0,20,62,GGgrrrGGgrrr
3347,142,3067.0,2.495463108426706,0,17,60,GGgrrrGGgrrr
3348,142,3115.0,2.5748096206678923,0,17,61,GGgrrrGGgrrr
3349,143,3159.0,2.6728673572339785,0,18,63,GGgrrrGGgrrr
3350,144,3206.0,2.8053098655538307,1,16,65,yyyrrryyyrrr
3351,144,3283.0,2.826736558956983,1,17,64,yyyrrryyyrrr
3352,144,3331.0,2.8365045821683506,1,17,64,yyyrrryyyrrr
3353,143,3295.0,2.7637685539782866,2,19,63,rrrrrrrrrrrr
3354,143,3102.0,2.6936012933430127,2,20,63,rrrrrrrrrrrr
3355,142,3076.0,2.678154529905985,3,18,63,rrrGGgrrrGGg
3356,141,3067.0,2.5356833931018006,3,21,62,rrrGGgrrrGGg
3357,141,3052.0,2.459585028953837,3,22,59,rrrGGgrrrGGg
3358,140,3075.0,2.4004367309959576,3,23,57,rrrGGgrrrGGg
3359,140,2975.0,2.318426748533676,3,29,52,rrrGGgrrrGGg
3360,139,2841.0,2.234845006351347,3,26,49,rrrGGgrrrGGg
3361,139,2631.0,2.2350764695309584,3,28,47,rrrGGgrrrGGg
3362,138,2641.0,2.168878320632689,3,31,49,rrrGGgrrrGGg
3363,138,2652.0,2.151818846116273,3,31,50,rrrGGgrrrGGg
3364,138,2700.0,2.0631015742634684,3,35,48,rrrGGgrrrGGg
3365,138,2747.0,2.0645159495955494,3,37,48,rrrGGgrrrGGg
3366,137,2789.0,2.0088422559544283,3,36,48,rrrGGgrrrGGg
3367,137,2831.0,2.111874917495255,3,36,47,rrrGGgrrrGGg
3368,137,2800.0,2.0802622660831718,3,39,47,rrrGGgrrrGGg
3369,138,2581.0,2.1142603793418164,3,40,44,rrrGGgrrrGGg
3370,139,2613.0,2.1589681604430306,3,42,44,rrrGGgrrrGGg
3371,138,2563.0,2.1725348203425785,3,41,42,rrrGGgrrrGGg
3372,135,2581.0,1.995975128393931,3,39,40,rrrGGgrrrGGg
3373,136,2658.0,2.0732584721174043,3,40,41,rrrGGgrrrGGg
3374,136,2699.0,2.03563595646693,3,42,38,rrrGGgrrrGGg
3375,135,2665.0,2.001526707210008,3,42,35,rrrGGgrrrGGg
3376,134,2479.0,2.0168743237069666,3,44,35,rrrGGgrrrGGg
3377,134,2472.0,2.065420289548997,3,43,36,rrrGGgrrrGGg
3378,135,2515.0,2.0571093635672235,3,44,36,rrrGGgrrrGGg
3379,135,2492.0,2.0029129927130995,3,42,35,rrrGGgrrrGGg
3380,135,2540.0,2.045575107042222,3,43,35,rrrGGgrrrGGg
3381,136,2599.0,2.1446733864889294,3,45,35,rrrGGgrrrGGg
3382,136,2659.0,2.2079535215006234,3,45,32,rrrGGgrrrGGg
3383,136,2456.0,2.259104460005249,3,47,30,rrrGGgrrrGGg
3384,136,2497.0,2.23843664845393,3,47,31,rrrGGgrrrGGg
3385,136,2432.0,2.3529024710488526,4,45,29,rrryyyrrryyy
3386,137,2475.0,2.3866710288205244,4,45,30,rrryyyrrryyy
3387,138,2521.0,2.318706887672353,4,45,30,rrryyyrrryyy
3388,137,2593.0,2.1888109002702363,5,44,32,rrrrrrrrrrrr
3389,138,2646.0,2.1641749213626142,5,47,35,rrrrrrrrrrrr
3390,138,2309.0,2.1971594293611845,0,44,35,GGgrrrGGgrrr
3391,137,2288.0,2.077654670025371,0,44,37,GGgrrrGGgrrr
3392,137,2270.0,2.174194559366419,0,42,37,GGgrrrGGgrrr
3393,136,2276.0,2.169701607204071,0,43,37,GGgrrrGGgrrr
3394,136,2262.0,2.1159663047140764,0,42,39,GGgrrrGGgrrr
3395,136,2275.0,2.1469065452797067,0,42,40,GGgrrrGGgrrr
3396,135,2308.0,2.11136853680583,0,42,39,GGgrrrGGgrrr
3397,135,2357.0,2.1716006642185084,0,41,41,GGgrrrGGgrrr
3398,134,2029.0,2.1439516588600003,0,39,40,GGgrrrGGgrrr
3399,135,2004.0,2.159989699080264,0,39,41,GGgrrrGGgrrr
3400,133,1820.0,1.9607986206175863,0,39,40,GGgrrrGGgrrr
3401,132,1778.0,1.9340597842161829,0,37,39,GGgrrrGGgrrr
3402,131,1762.0,1.869631709201903,0,34,39,GGgrrrGGgrrr
3403,130,1781.0,1.8166479970359004,0,32,41,GGgrrrGGgrrr
3404,130,1833.0,1.8119469862396274,0,35,42,GGgrrrGGgrrr
3405,130,1854.0,1.875584998590915,0,31,42,GGgrrrGGgrrr
3406,130,1878.0,1.968741963171693,0,29,42,GGgrrrGGgrrr
3407,129,1887.0,2.004389599887136,0,28,42,GGgrrrGGgrrr
3408,129,1596.0,2.1896943656391983,0,26,40,GGgrrrGGgrrr
3409,128,1596.0,2.2445607629508064,0,24,45,GGgrrrGGgrrr
3410,128,1606.0,2.268454471431215,0,23,47,GGgrrrGGgrrr
3411,128,1634.0,2.341314572063199,0,22,47,GGgrrrGGgrrr
3412,128,1524.0,2.4278515890462313,0,22,44,GGgrrrGGgrrr
3413,128,1544.0,2.5140296143263514,0,21,44,GGgrrrGGgrrr
3414,128,1595.0,2.591294089642372,0,19,45,GGgrrrGGgrrr
3415,129,1617.0,2.630636177890502,0,19,46,GGgrrrGGgrrr
3416,130,1340.0,2.6710754290185306,0,17,47,GGgrrrGGgrrr
3417,130,1368.0,2.6929605790392985,0,17,48,GGgrrrGGgrrr
3418,130,1409.0,2.7138382033732054,0,17,53,GGgrrrGGgrrr
3419,130,1386.0,2.725372866126045,0,16,53,GGgrrrGGgrrr
3420,130,1397.0,2.7768523550828985,1,14,55,yyyrrryyyrrr
3421,130,1377.0,2.848109962458012,1,12,54,yyyrrryyyrrr
3422,129,1360.0,2.797333700447616,1,9,55,yyyrrryyyrrr
3423,129,1382.0,2.6984958024590804,2,11,56,rrrrrrrrrrrr
3424,128,1300.0,2.6266538480452195,2,13,53,rrrrrrrrrrrr
3425,126,1255.0,2.4742980103706596,3,12,55,rrrGGgrrrGGg
3426,127,1127.0,2.537154460217712,3,14,50,rrrGGgrrrGGg
3427,126,1128.0,2.3735146682687964,3,18,48,rrrGGgrrrGGg
3428,126,1115.0,2.383640556113812,3,19,46,rrrGGgrrrGGg
3429,126,1124.0,2.408750178650712,3,22,44,rrrGGgrrrGGg
3430,126,1166.0,2.4353113495200094,3,24,45,rrrGGgrrrGGg
3431,124,1170.0,2.14714394363696,3,21,48,rrrGGgrrrGGg
3432,124,1024.0,2.2040040313319453,3,21,43,rrrGGgrrrGGg
3433,122,1051.0,2.0657020756184497,3,20,41,rrrGGgrrrGGg
3434,121,1084.0,2.0815187781294733,3,21,41,rrrGGgrrrGGg
3435,120,1110.0,2.037713567385787,3,21,38,rrrGGgrrrGGg
3436,120,1112.0,1.9748774752264118,3,23,39,rrrGGgrrrGGg
3437,121,1101.0,2.0158231111310805,3,24,40,rrrGGgrrrGGg
3438,120,1126.0,2.023976429931716,3,26,39,rrrGGgrrrGGg
3439,120,1170.0,2.136002163790128,3,27,40,rrrGGgrrrGGg
3440,120,1229.0,2.234163055074902,3,29,39,rrrGGgrrrGGg
3441,118,1268.0,2.1552545317615652,3,29,37,rrrGGgrrrGGg
3442,118,1318.0,2.2714982883752484,3,30,40,rrrGGgrrrGGg
3443,117,1318.0,2.233368260992231,3,29,38,rrrGGgrrrGGg
3444,116,1201.0,2.2569830375488595,3,27,36,rrrGGgrrrGGg
3445,116,1215.0,2.344734963957586,3,26,37,rrrGGgrrrGGg
3446,116,1195.0,2.4214150429458785,3,25,33,rrrGGgrrrGGg
3447,116,1208.0,2.35189472213896,3,25,32,rrrGGgrrrGGg
3448,116,1216.0,2.2967568205325595,3,25,35,rrrGGgrrrGGg
3449,116,1244.0,2.3970631032801797,3,26,32,rrrGGgrrrGGg
3450,117,1269.0,2.4986549281257386,3,27,31,rrrGGgrrrGGg
3451,117,1299.0,2.6126529268694476,3,27,32,rrrGGgrrrGGg
3452,118,1328.0,2.733406024840216,3,29,31,rrrGGgrrrGGg
3453,118,1367.0,2.8222971845336495,3,29,30,rrrGGgrrrGGg
3454,119,1417.0,2.829287115809357,3,29,33,rrrGGgrrrGGg
3455,119,1408.0,2.8873453817107944,3,31,27,rrrGGgrrrGGg
3456,120,1304.0,2.955215199006122,3,33,26,rrrGGgrrrGGg
3457,120,1346.0,2.9418160406407385,3,33,26,rrrGGgrrrGGg
3458,121,1393.0,2.992774810568334,3,33,25,rrrGGgrrrGGg
3459,120,1446.0,2.749027473571384,3,34,27,rrrGGgrrrGGg
3460,119,1496.0,2.661708532787702,3,36,27,rrrGGgrrrGGg
3461,119,1545.0,2.72050982155887,3,35,25,rrrGGgrrrGGg
3462,118,1444.0,2.6902755475926297,3,37,24,rrrGGgrrrGGg
3463,118,1302.0,2.67938858365719,3,41,20,rrrGGgrrrGGg
3464,118,1219.0,2.831184543866315,3,38,18,rrrGGgrrrGGg
3465,117,1160.0,2.8445760423254383,3,39,18,rrrGGgrrrGGg
3466,117,1111.0,2.911562689640707,3,40,16,rrrGGgrrrGGg
3467,118,1163.0,2.9340094792658555,3,42,18,rrrGGgrrrGGg
3468,116,1222.0,2.6433189248051927,3,44,18,rrrGGgrrrGGg
3469,116,1284.0,2.6907585275152996,3,45,19,rrrGGgrrrGGg
3470,117,1335.0,2.722225677434017,3,46,18,rrrGGgrrrGGg
3471,117,1402.0,2.6992037250204186,3,46,21,rrrGGgrrrGGg
3472,117,1462.0,2.6089448602148395,3,46,21,rrrGGgrrrGGg
3473,116,1508.0,2.5147182562358776,3,47,17,rrrGGgrrrGGg
3474,117,1567.0,2.5152543222148434,3,48,17,rrrGGgrrrGGg
3475,116,1574.0,2.5358841741921476,3,48,16,rrrGGgrrrGGg
3476,116,1588.0,2.631114123057623,3,49,15,rrrGGgrrrGGg
3477,116,1652.0,2.674327175191196,3,50,15,rrrGGgrrrGGg
3478,116,1598.0,2.7573882180309597,3,50,8,rrrGGgrrrGGg
3479,115,1607.0,2.534632930552387,3,51,8,rrrGGgrrrGGg
3480,115,1642.0,2.533035765886894,3,50,9,rrrGGgrrrGGg
3481,117,1699.0,2.544818741203542,3,53,10,rrrGGgrrrGGg
3482,116,1764.0,2.538914826348464,3,52,13,rrrGGgrrrGGg
3483,116,1825.0,2.6050382342040503,3,52,14,rrrGGgrrrGGg
3484,116,1887.0,2.5589548917958207,3,53,15,rrrGGgrrrGGg
3485,115,1936.0,2.464322814552851,4,53,15,rrryyyrrryyy
3486,115,1966.0,2.5004455475719074,4,53,11,rrryyyrrryyy
3487,115,2020.0,2.5140036482917614,4,53,12,rrryyyrrryyy
3488,115,2077.0,2.4586889279695057,5,55,13,rrrrrrrrrrrr
3489,116,2121.0,2.4847230360682984,5,55,10,rrrrrrrrrrrr
3490,117,1953.0,2.5380727544456474,0,50,10,GGgrrrGGgrrr
3491,116,1807.0,2.5121136991674202,0,47,9,GGgrrrGGgrrr
3492,115,1704.0,2.5214269496980677,0,45,11,GGgrrrGGgrrr
3493,114,1677.0,2.499035778229163,0,43,12,GGgrrrGGgrrr
3494,115,1732.0,2.505520901212758,0,44,13,GGgrrrGGgrrr
3495,116,1783.0,2.5495823730547293,0,43,16,GGgrrrGGgrrr
3496,117,1845.0,2.581507150215545,0,42,21,GGgrrrGGgrrr
3497,117,1897.0,2.4952378723514403,0,43,20,GGgrrrGGgrrr
3498,117,1886.0,2.5701251890021806,0,42,20,GGgrrrGGgrrr
3499,116,1828.0,2.521374446885842,0,40,20,GGgrrrGGgrrr
3500,117,1775.0,2.523683455897745,0,41,21,GGgrrrGGgrrr
3501,118,1721.0,2.5572487740070224,0,39,19,GGgrrrGGgrrr
3502,117,1676.0,2.4537738275896377,0,38,20,GGgrrrGGgrrr
3503,117,1699.0,2.2727915286604303,0,38,20,GGgrrrGGgrrr
3504,118,1652.0,2.246930108670892,0,38,18,GGgrrrGGgrrr
3505,118,1607.0,2.168710158484247,0,35,20,GGgrrrGGgrrr
3506,119,1570.0,2.205118695799611,0,36,22,GGgrrrGGgrrr
3507,117,1536.0,2.0655751411282033,0,35,23,GGgrrrGGgrrr
3508,116,1482.0,2.0821271854357555,0,34,22,GGgrrrGGgrrr
3509,116,1440.0,2.205395273658735,0,33,20,GGgrrrGGgrrr
3510,116,1470.0,2.3539633563976667,0,32,21,GGgrrrGGgrrr
3511,117,1438.0,2.443795589154031,0,31,22,GGgrrrGGgrrr
3512,118,1412.0,2.522662892694435,0,29,24,GGgrrrGGgrrr
3513,117,1391.0,2.4989751576189763,0,27,24,GGgrrrGGgrrr
3514,117,1363.0,2.5810884750192886,0,26,25,GGgrrrGGgrrr
3515,118,1335.0,2.6413633052050747,0,25,27,GGgrrrGGgrrr
3516,118,1311.0,2.8008366297871605,0,23,29,GGgrrrGGgrrr
3517,119,1293.0,2.917567875992343,0,23,33,GGgrrrGGgrrr
3518,121,1338.0,2.9786957708347863,0,21,34,GGgrrrGGgrrr
3519,121,1320.0,3.1170224022917585,0,20,36,GGgrrrGGgrrr
3520,121,1290.0,3.199316398353897,1,19,36,yyyrrryyyrrr
3521,121,1262.0,3.277628930888852,1,19,36,yyyrrryyyrrr
3522,122,1242.0,3.2875618427149615,1,21,36,yyyrrryyyrrr
3523,122,1302.0,3.202827364555472,2,21,40,rrrrrrrrrrrr
3524,121,1292.0,3.135400841760457,2,21,40,rrrrrrrrrrrr
3525,120,1204.0,3.0681433245085006,3,21,37,rrrGGgrrrGGg
3526,119,1121.0,3.005144785767319,3,21,33,rrrGGgrrrGGg
3527,118,1099.0,2.8452609693119943,3,22,32,rrrGGgrrrGGg
3528,119,983.0,2.873717052488809,3,21,31,rrrGGgrrrGGg
3529,119,995.0,2.903880055838175,3,23,30,rrrGGgrrrGGg
3530,119,980.0,2.8241747200019582,3,24,31,rrrGGgrrrGGg
3531,118,902.0,2.805498511872901,3,23,29,rrrGGgrrrGGg
3532,119,846.0,2.812966648743552,3,23,28,rrrGGgrrrGGg
3533,120,760.0,2.7634657576132438,3,23,25,rrrGGgrrrGGg
3534,120,744.0,2.7569783161127135,3,25,23,rrrGGgrrrGGg
3535,119,689.0,2.699459811073405,3,25,25,rrrGGgrrrGGg
3536,119,635.0,2.6318057838908393,3,25,25,rrrGGgrrrGGg
3537,118,649.0,2.3989306942671473,3,26,27,rrrGGgrrrGGg
3538,118,639.0,2.441645838643255,3,28,27,rrrGGgrrrGGg
3539,116,643.0,2.367299642010203,3,28,25,rrrGGgrrrGGg
3540,116,645.0,2.473731447134252,3,30,23,rrrGGgrrrGGg
3541,114,655.0,2.3988740827917248,3,32,19,rrrGGgrrrGGg
3542,114,668.0,2.3235891456301605,3,33,19,rrrGGgrrrGGg
3543,115,716.0,2.378694899365368,3,33,19,rrrGGgrrrGGg
3544,114,730.0,2.3313973162650528,3,33,18,rrrGGgrrrGGg
3545,113,747.0,2.2808531511102927,3,33,19,rrrGGgrrrGGg
3546,112,766.0,2.1833244203883546,3,35,17,rrrGGgrrrGGg
3547,113,787.0,2.243933969708868,3,37,19,rrrGGgrrrGGg
3548,113,795.0,2.3540739701332094,3,38,18,rrrGGgrrrGGg
3549,114,833.0,2.405502595450358,3,40,15,rrrGGgrrrGGg
3550,114,849.0,2.4743723050494495,3,39,13,rrrGGgrrrGGg
3551,115,869.0,2.510666309076678,3,40,14,rrrGGgrrrGGg
3552,115,892.0,2.629414983432223,3,41,13,rrrGGgrrrGGg
3553,115,907.0,2.7999002571622182,3,41,11,rrrGGgrrrGGg
3554,116,961.0,2.891716212928769,3,44,11,rrrGGgrrrGGg
3555,116,982.0,2.9709218151784693,4,44,10,rrryyyrrryyy
3556,116,1008.0,2.976116036048722,4,45,10,rrryyyrrryyy
3557,116,1034.0,2.9813614365536507,4,46,10,rrryyyrrryyy
3558,117,1054.0,2.797923152099284,5,49,12,rrrrrrrrrrrr
3559,118,1075.0,2.787806560644234,5,48,11,rrrrrrrrrrrr
3560,119,991.0,2.8010977018733954,0,48,9,GGgrrrGGgrrr
3561,117,922.0,2.6920765006452267,0,45,10,GGgrrrGGgrrr
3562,117,866.0,2.734384403070148,0,41,11,GGgrrrGGgrrr
3563,116,842.0,2.7465011898068736,0,39,12,GGgrrrGGgrrr
3564,116,823.0,2.813161358373,0,38,13,GGgrrrGGgrrr
3565,115,831.0,2.7459244133030833,0,37,12,GGgrrrGGgrrr
3566,115,811.0,2.7201630455101604,0,37,13,GGgrrrGGgrrr
3567,114,764.0,2.5305526698311307,0,38,12,GGgrrrGGgrrr
3568,112,782.0,2.27067115794624,0,36,14,GGgrrrGGgrrr
3569,113,743.0,2.3320008341399783,0,35,14,GGgrrrGGgrrr
3570,113,751.0,2.424391840232592,0,36,13,GGgrrrGGgrrr
3571,113,723.0,2.4772710042376107,0,35,13,GGgrrrGGgrrr
3572,112,704.0,2.429958444798353,0,34,14,GGgrrrGGgrrr
3573,114,683.0,2.471135948927192,0,36,17,GGgrrrGGgrrr
3574,114,660.0,2.4977897483955998,0,33,19,GGgrrrGGgrrr
3575,114,633.0,2.6421640191571303,0,33,16,GGgrrrGGgrrr
3576,114,639.0,2.7476569669152835,0,32,16,GGgrrrGGgrrr
3577,114,621.0,2.839925604198821,0,29,18,GGgrrrGGgrrr
3578,112,601.0,2.5939063394400996,0,28,19,GGgrrrGGgrrr
3579,114,593.0,2.599382894819064,0,28,22,GGgrrrGGgrrr
3580,113,639.0,2.526217127446575,0,28,22,GGgrrrGGgrrr
3581,112,682.0,2.552450166942451,0,27,23,GGgrrrGGgrrr
3582,112,697.0,2.6120210600631646,0,28,25,GGgrrrGGgrrr
3583,112,703.0,2.6678143579726377,0,26,24,GGgrrrGGgrrr
3584,114,715.0,2.6596937960300533,0,27,27,GGgrrrGGgrrr
3585,114,715.0,2.73618805202247,0,24,25,GGgrrrGGgrrr
3586,115,758.0,2.8388745131839306,0,24,28,GGgrrrGGgrrr
3587,115,771.0,2.9677706091138543,0,25,27,GGgrrrGGgrrr
3588,116,815.0,3.0430371429658516,0,26,28,GGgrrrGGgrrr
3589,116,835.0,3.033849092859968,0,26,29,GGgrrrGGgrrr
3590,117,857.0,3.0609883008175744,1,25,30,yyyrrryyyrrr
3591,117,912.0,3.0944076084524617,1,26,29,yyyrrryyyrrr
3592,116,934.0,3.021900069180827,1,25,30,yyyrrryyyrrr
3593,116,959.0,2.944090719891627,2,27,32,rrrrrrrrrrrr
3594,116,926.0,2.911232437738459,2,28,35,rrrrrrrrrrrr
3595,116,838.0,3.0159736658629543,3,28,30,rrrGGgrrrGGg
3596,117,771.0,3.1350389480596945,3,31,29,rrrGGgrrrGGg
3597,116,704.0,3.012637103208203,3,27,29,rrrGGgrrrGGg
3598,115,672.0,2.9861020594981706,3,29,28,rrrGGgrrrGGg
3599,115,637.0,2.963446793659953,3,29,28,rrrGGgrrrGGg
