step,vehicle_count,total_waiting_time,mean_speed,phase,state
0,4,0.0,0.0,0,GGgrrrGGgrrr
1,4,0.0,0.6628257775679232,0,GGgrrrGGgrrr
2,4,0.0,1.3396166710415855,0,GGgrrrGGgrrr
3,4,0.0,2.037684859335423,0,GGgrrrGGgrrr
4,4,0.0,2.7018711789045486,0,GGgrrrGGgrrr
5,7,0.0,1.9074580833848034,0,GGgrrrGGgrrr
6,7,0.0,2.5127586193382743,0,GGgrrrGGgrrr
7,7,0.0,3.11353109835514,0,GGgrrrGGgrrr
8,7,0.0,3.810651793237775,0,GGgrrrGGgrrr
9,7,0.0,4.342707094869444,0,GGgrrrGGgrrr
10,8,0.0,4.411206495179795,0,GGgrrrGGgrrr
11,8,0.0,5.024360246653668,0,GGgrrrGGgrrr
12,9,0.0,5.001201709256403,0,GGgrrrGGgrrr
13,9,0.0,5.584838516906732,0,GGgrrrGGgrrr
14,9,0.0,6.197308191356973,0,GGgrrrGGgrrr
15,10,0.0,6.1120679724961535,0,GGgrrrGGgrrr
16,10,0.0,6.675063327569516,0,GGgrrrGGgrrr
17,12,0.0,6.071363022178411,0,GGgrrrGGgrrr
18,12,0.0,6.644222968040656,0,GGgrrrGGgrrr
19,13,0.0,6.637055477499964,0,GGgrrrGGgrrr
20,14,0.0,6.750413043620617,0,GGgrrrGGgrrr
21,14,0.0,7.280294518774661,0,GGgrrrGGgrrr
22,14,0.0,7.834628577839604,0,GGgrrrGGgrrr
23,14,0.0,8.452520316129823,0,GGgrrrGGgrrr
24,14,0.0,8.916873352156541,0,GGgrrrGGgrrr
25,15,0.0,8.706038670162116,0,GGgrrrGGgrrr
26,16,0.0,8.539764273738028,0,GGgrrrGGgrrr
27,17,0.0,8.478638958477147,0,GGgrrrGGgrrr
28,18,0.0,8.455893120439521,0,GGgrrrGGgrrr
29,18,0.0,8.795171105728018,0,GGgrrrGGgrrr
30,19,0.0,8.618358272651598,0,GGgrrrGGgrrr
31,19,0.0,8.411451947576017,0,GGgrrrGGgrrr
32,19,0.0,8.10403887380228,0,GGgrrrGGgrrr
33,20,0.0,7.617679090297029,0,GGgrrrGGgrrr
34,20,0.0,7.919595216715552,0,GGgrrrGGgrrr
35,21,2.0,7.670542006558546,0,GGgrrrGGgrrr
36,23,4.0,6.9598045911062965,0,GGgrrrGGgrrr
37,23,6.0,6.957546085989454,0,GGgrrrGGgrrr
38,23,8.0,7.096128986605942,0,GGgrrrGGgrrr
39,23,12.0,7.388727881741697,0,GGgrrrGGgrrr
40,24,16.0,7.406513491680351,0,GGgrrrGGgrrr
41,25,20.0,7.43849973887013,0,GGgrrrGGgrrr
42,26,24.0,7.531550407802187,0,GGgrrrGGgrrr
43,26,28.0,7.659223904022789,0,GGgrrrGGgrrr
44,26,32.0,7.708755531944697,0,GGgrrrGGgrrr
45,26,36.0,7.857334252475716,0,GGgrrrGGgrrr
46,28,41.0,7.513571998501712,0,GGgrrrGGgrrr
47,28,46.0,7.643427061717796,0,GGgrrrGGgrrr
48,28,51.0,7.636741299567559,0,GGgrrrGGgrrr
49,29,56.0,7.333598789418638,0,GGgrrrGGgrrr
50,29,62.0,7.341059002799744,0,GGgrrrGGgrrr
51,31,68.0,7.0437300534051674,0,GGgrrrGGgrrr
52,31,74.0,6.779430809643368,0,GGgrrrGGgrrr
53,31,81.0,7.060616440502814,0,GGgrrrGGgrrr
54,31,88.0,7.333508984750523,0,GGgrrrGGgrrr
55,31,95.0,7.603076236453436,0,GGgrrrGGgrrr
56,33,102.0,7.350465343346812,0,GGgrrrGGgrrr
57,33,109.0,7.516149960406061,0,GGgrrrGGgrrr
58,33,116.0,7.6160773468850635,0,GGgrrrGGgrrr
59,32,123.0,7.442848058223841,0,GGgrrrGGgrrr
60,32,130.0,7.396877375397389,1,yyyrrryyyrrr
61,34,138.0,6.92259050474287,1,yyyrrryyyrrr
62,35,146.0,6.618836432323972,1,yyyrrryyyrrr
63,35,155.0,6.603343746358827,2,rrrrrrrrrrrr
64,36,164.0,6.442870084124093,2,rrrrrrrrrrrr
65,36,96.0,6.555376336036251,3,rrrGGgrrrGGg
66,36,47.0,6.44899447221459,3,rrrGGgrrrGGg
67,36,23.0,6.523091825007729,3,rrrGGgrrrGGg
68,37,5.0,6.3722381571663025,3,rrrGGgrrrGGg
69,38,7.0,6.383748858212499,3,rrrGGgrrrGGg
70,38,9.0,6.618588917345657,3,rrrGGgrrrGGg
71,37,13.0,6.330974995303621,3,rrrGGgrrrGGg
72,37,17.0,6.524692556686845,3,rrrGGgrrrGGg
73,37,21.0,6.55718001535437,3,rrrGGgrrrGGg
74,37,27.0,6.234688510152804,3,rrrGGgrrrGGg
75,37,34.0,6.094785462953764,3,rrrGGgrrrGGg
76,37,35.0,6.359373529974828,3,rrrGGgrrrGGg
77,37,38.0,6.57166145138539,3,rrrGGgrrrGGg
78,37,41.0,6.7384389098510376,3,rrrGGgrrrGGg
79,38,44.0,6.785235845543905,3,rrrGGgrrrGGg
80,39,47.0,6.77771878165205,3,rrrGGgrrrGGg
81,40,52.0,6.669233421171086,3,rrrGGgrrrGGg
82,40,57.0,6.7352211425264255,3,rrrGGgrrrGGg
83,39,63.0,6.620082689109842,3,rrrGGgrrrGGg
84,39,70.0,6.911199870343873,3,rrrGGgrrrGGg
85,40,77.0,6.770486979131981,3,rrrGGgrrrGGg
86,41,85.0,6.974016443252024,3,rrrGGgrrrGGg
87,42,91.0,7.135516124038832,3,rrrGGgrrrGGg
88,42,98.0,7.310863035940302,3,rrrGGgrrrGGg
89,42,105.0,7.515418540368731,3,rrrGGgrrrGGg
90,42,113.0,7.784949048941627,3,rrrGGgrrrGGg
91,44,121.0,7.717727874667282,3,rrrGGgrrrGGg
92,44,129.0,8.032493505067283,3,rrrGGgrrrGGg
93,44,137.0,8.151643624981448,3,rrrGGgrrrGGg
94,45,145.0,7.885295731138671,3,rrrGGgrrrGGg
95,45,153.0,7.857750460834842,3,rrrGGgrrrGGg
96,46,162.0,7.489794172048609,3,rrrGGgrrrGGg
97,46,172.0,7.700691937720341,3,rrrGGgrrrGGg
98,45,182.0,7.724405055063585,3,rrrGGgrrrGGg
99,46,192.0,7.740871292637078,3,rrrGGgrrrGGg
100,46,202.0,7.5554841195479385,3,rrrGGgrrrGGg
101,45,213.0,7.363415277535724,3,rrrGGgrrrGGg
102,46,224.0,7.394537122413899,3,rrrGGgrrrGGg
103,45,235.0,7.357240961439501,3,rrrGGgrrrGGg
104,45,246.0,7.089575156014217,3,rrrGGgrrrGGg
105,45,258.0,7.237089960555001,3,rrrGGgrrrGGg
106,46,270.0,7.253549144837996,3,rrrGGgrrrGGg
107,46,282.0,7.46949210439321,3,rrrGGgrrrGGg
108,45,295.0,7.486116699738785,3,rrrGGgrrrGGg
109,44,308.0,7.206986357140213,3,rrrGGgrrrGGg
110,45,321.0,7.173197925567057,3,rrrGGgrrrGGg
111,45,335.0,6.872927955994869,3,rrrGGgrrrGGg
112,43,349.0,6.703466525462548,3,rrrGGgrrrGGg
113,42,363.0,6.429625851385803,3,rrrGGgrrrGGg
114,42,377.0,6.651614137343963,3,rrrGGgrrrGGg
115,43,391.0,6.605023947172071,3,rrrGGgrrrGGg
116,44,405.0,6.503984623373694,3,rrrGGgrrrGGg
117,42,419.0,6.26534206530711,3,rrrGGgrrrGGg
118,43,433.0,6.1144811842217415,3,rrrGGgrrrGGg
119,43,447.0,6.072363025114642,3,rrrGGgrrrGGg
120,42,462.0,5.920857274191785,3,rrrGGgrrrGGg
121,43,478.0,5.572157863376842,3,rrrGGgrrrGGg
122,42,494.0,5.438095803940399,3,rrrGGgrrrGGg
123,42,510.0,5.4596223663650925,3,rrrGGgrrrGGg
124,44,527.0,5.257790317935024,3,rrrGGgrrrGGg
125,43,544.0,5.212731740704759,3,rrrGGgrrrGGg
126,44,562.0,5.289321002575439,3,rrrGGgrrrGGg
127,44,580.0,5.421708602040198,3,rrrGGgrrrGGg
128,44,598.0,5.499410174308955,3,rrrGGgrrrGGg
129,43,616.0,5.383996833683256,3,rrrGGgrrrGGg
130,44,634.0,5.399357360845463,3,rrrGGgrrrGGg
131,45,652.0,5.368581569757419,3,rrrGGgrrrGGg
132,46,671.0,5.321772882837102,3,rrrGGgrrrGGg
133,47,690.0,5.209422055213713,3,rrrGGgrrrGGg
134,47,710.0,5.243477520497145,3,rrrGGgrrrGGg
135,47,730.0,5.362286860117805,3,rrrGGgrrrGGg
136,47,750.0,5.199568146628768,3,rrrGGgrrrGGg
137,48,770.0,5.187908348171404,3,rrrGGgrrrGGg
138,48,791.0,5.26821531461684,3,rrrGGgrrrGGg
139,49,812.0,5.277228329567657,3,rrrGGgrrrGGg
140,49,833.0,5.378309511691818,3,rrrGGgrrrGGg
141,51,855.0,5.2188003275897925,3,rrrGGgrrrGGg
142,51,877.0,5.300561466860936,3,rrrGGgrrrGGg
143,50,899.0,5.145045579668842,3,rrrGGgrrrGGg
144,50,921.0,5.254544267470855,3,rrrGGgrrrGGg
145,49,944.0,5.21796203057603,3,rrrGGgrrrGGg
146,51,967.0,5.030927537528547,3,rrrGGgrrrGGg
147,51,991.0,5.175611218048077,3,rrrGGgrrrGGg
148,51,1015.0,5.252256628847354,3,rrrGGgrrrGGg
149,50,1039.0,5.1626234401509965,3,rrrGGgrrrGGg
150,50,1063.0,4.935240851253509,3,rrrGGgrrrGGg
151,51,1087.0,4.870512930001363,3,rrrGGgrrrGGg
152,52,1112.0,4.88263907167433,3,rrrGGgrrrGGg
153,52,1137.0,4.8356113920942425,3,rrrGGgrrrGGg
154,51,1162.0,4.592570553472601,3,rrrGGgrrrGGg
155,51,1187.0,4.227013236366825,3,rrrGGgrrrGGg
156,53,1213.0,4.133797534756689,3,rrrGGgrrrGGg
157,53,1240.0,4.215702934437737,3,rrrGGgrrrGGg
158,52,1267.0,4.055016407884788,3,rrrGGgrrrGGg
159,52,1294.0,4.16212356372482,3,rrrGGgrrrGGg
160,53,1322.0,4.042824619201759,3,rrrGGgrrrGGg
161,54,1350.0,4.1688346537226,3,rrrGGgrrrGGg
162,54,1378.0,4.22707143949653,3,rrrGGgrrrGGg
163,54,1406.0,4.210197870958372,3,rrrGGgrrrGGg
164,53,1434.0,3.980343455371458,3,rrrGGgrrrGGg
165,55,1462.0,3.830531905689435,3,rrrGGgrrrGGg
166,56,1491.0,3.9544083290483925,3,rrrGGgrrrGGg
167,56,1521.0,4.082999987990152,3,rrrGGgrrrGGg
168,55,1551.0,4.072063234521517,3,rrrGGgrrrGGg
169,54,1581.0,3.923411751376511,3,rrrGGgrrrGGg
170,54,1612.0,4.024652623443917,3,rrrGGgrrrGGg
171,56,1643.0,3.8123625852576395,3,rrrGGgrrrGGg
172,56,1674.0,3.763418021224531,3,rrrGGgrrrGGg
173,56,1705.0,3.825114777158818,3,rrrGGgrrrGGg
174,57,1738.0,3.8859137085417665,3,rrrGGgrrrGGg
175,57,1771.0,4.072042960798801,3,rrrGGgrrrGGg
176,58,1804.0,4.10859308727889,3,rrrGGgrrrGGg
177,59,1837.0,4.10094846883603,3,rrrGGgrrrGGg
178,60,1870.0,4.024147536525851,3,rrrGGgrrrGGg
179,60,1903.0,4.117978844854003,3,rrrGGgrrrGGg
180,60,1937.0,4.249989780458972,3,rrrGGgrrrGGg
181,61,1971.0,4.264876590591104,3,rrrGGgrrrGGg
182,61,2005.0,4.287955998912947,3,rrrGGgrrrGGg
183,60,2039.0,3.896458539536131,3,rrrGGgrrrGGg
184,59,2074.0,3.750123260993872,3,rrrGGgrrrGGg
185,59,2109.0,3.8884895264391823,3,rrrGGgrrrGGg
186,59,2144.0,3.743157652233081,3,rrrGGgrrrGGg
187,59,2179.0,3.8008493648763517,3,rrrGGgrrrGGg
188,58,2214.0,3.652854450247929,3,rrrGGgrrrGGg
189,57,2249.0,3.4586331641702537,3,rrrGGgrrrGGg
190,59,2285.0,3.3441072649233434,3,rrrGGgrrrGGg
191,60,2322.0,3.2308806911767007,3,rrrGGgrrrGGg
192,60,2359.0,3.29579453587495,3,rrrGGgrrrGGg
193,61,2396.0,3.25856878006442,3,rrrGGgrrrGGg
194,61,2434.0,3.4120729733186925,3,rrrGGgrrrGGg
195,61,2472.0,3.5552256993001596,3,rrrGGgrrrGGg
196,61,2510.0,3.372868170691576,3,rrrGGgrrrGGg
197,61,2548.0,3.4014257006617683,3,rrrGGgrrrGGg
198,62,2586.0,3.4259622147067517,3,rrrGGgrrrGGg
199,61,2624.0,3.336997339336654,3,rrrGGgrrrGGg
200,61,2663.0,3.407220028985877,3,rrrGGgrrrGGg
201,62,2702.0,3.4445583422711104,3,rrrGGgrrrGGg
202,63,2741.0,3.462105701344623,3,rrrGGgrrrGGg
203,63,2780.0,3.338880373887557,3,rrrGGgrrrGGg
204,63,2820.0,3.3512942682543456,3,rrrGGgrrrGGg
205,63,2860.0,3.303426652294615,3,rrrGGgrrrGGg
206,63,2900.0,3.320797520718104,3,rrrGGgrrrGGg
207,65,2942.0,3.2623742866181225,3,rrrGGgrrrGGg
208,65,2984.0,3.3389604865625833,3,rrrGGgrrrGGg
209,65,3026.0,3.3491633651152815,3,rrrGGgrrrGGg
210,63,3068.0,3.001709623043462,3,rrrGGgrrrGGg
211,63,3110.0,3.0588080248143172,3,rrrGGgrrrGGg
212,64,3153.0,3.116524692392968,3,rrrGGgrrrGGg
213,65,3196.0,3.1442206939887964,3,rrrGGgrrrGGg
214,65,3239.0,2.9844014149343683,3,rrrGGgrrrGGg
215,65,3282.0,3.0300558645679434,3,rrrGGgrrrGGg
216,65,3326.0,3.054367631077898,3,rrrGGgrrrGGg
217,66,3370.0,2.935781446849246,3,rrrGGgrrrGGg
218,66,3414.0,3.0847847826479704,3,rrrGGgrrrGGg
219,65,3458.0,3.0515299988738143,3,rrrGGgrrrGGg
220,65,3502.0,3.1243740054436726,3,rrrGGgrrrGGg
221,66,3546.0,3.073987041657121,3,rrrGGgrrrGGg
222,66,3591.0,2.868100832404287,3,rrrGGgrrrGGg
223,67,3637.0,2.912649032590678,3,rrrGGgrrrGGg
224,68,3683.0,2.9220236433179045,3,rrrGGgrrrGGg
225,68,3729.0,2.9722881836244883,3,rrrGGgrrrGGg
226,69,3775.0,2.9860104037693356,3,rrrGGgrrrGGg
227,70,3821.0,3.016330879009021,3,rrrGGgrrrGGg
228,69,3868.0,2.9428109631060018,3,rrrGGgrrrGGg
229,70,3915.0,2.8629650870887993,3,rrrGGgrrrGGg
230,69,3962.0,2.6497213121234,3,rrrGGgrrrGGg
231,69,4010.0,2.6529439975881117,3,rrrGGgrrrGGg
232,69,4059.0,2.768913115703828,3,rrrGGgrrrGGg
233,70,4108.0,2.8414110756768616,3,rrrGGgrrrGGg
234,70,4157.0,2.868054244433137,3,rrrGGgrrrGGg
235,70,4206.0,2.6752189705035074,3,rrrGGgrrrGGg
236,70,4255.0,2.751772249420723,3,rrrGGgrrrGGg
237,70,4304.0,2.6406515234232804,3,rrrGGgrrrGGg
238,71,4353.0,2.680038103704236,3,rrrGGgrrrGGg
239,70,4403.0,2.5505963730624024,3,rrrGGgrrrGGg
240,70,4453.0,2.6145258039052464,3,rrrGGgrrrGGg
241,70,4503.0,2.6192884401450374,3,rrrGGgrrrGGg
242,69,4553.0,2.481237207517083,3,rrrGGgrrrGGg
243,70,4603.0,2.4673578104316634,3,rrrGGgrrrGGg
244,70,4655.0,2.528769858000783,3,rrrGGgrrrGGg
245,70,4707.0,2.5623233288026612,3,rrrGGgrrrGGg
246,73,4760.0,2.485069677180387,3,rrrGGgrrrGGg
247,73,4813.0,2.6014073973940777,3,rrrGGgrrrGGg
248,73,4866.0,2.4909499059877054,3,rrrGGgrrrGGg
249,73,4919.0,2.5073280904824085,3,rrrGGgrrrGGg
250,73,4972.0,2.522225945677597,3,rrrGGgrrrGGg
251,73,5025.0,2.5198201710326233,3,rrrGGgrrrGGg
252,73,5079.0,2.5021765022863307,3,rrrGGgrrrGGg
253,74,5134.0,2.4708263548042377,3,rrrGGgrrrGGg
254,74,5189.0,2.330789551785122,3,rrrGGgrrrGGg
255,74,5244.0,2.383425376544875,3,rrrGGgrrrGGg
256,74,5299.0,2.37055084998599,3,rrrGGgrrrGGg
257,75,5355.0,2.3803639042817233,3,rrrGGgrrrGGg
258,77,5411.0,2.3340003812851093,3,rrrGGgrrrGGg
259,76,5467.0,2.200525242856546,3,rrrGGgrrrGGg
260,76,5523.0,2.1574908290161505,3,rrrGGgrrrGGg
261,77,5580.0,2.2255069810276833,3,rrrGGgrrrGGg
262,77,5637.0,2.1283166424532096,3,rrrGGgrrrGGg
263,78,5694.0,2.2126680306694775,3,rrrGGgrrrGGg
264,78,5751.0,2.2672441072609573,3,rrrGGgrrrGGg
265,78,5808.0,2.3291679177733187,3,rrrGGgrrrGGg
266,79,5866.0,2.359140166459659,3,rrrGGgrrrGGg
267,80,5924.0,2.405880449054087,3,rrrGGgrrrGGg
268,81,5982.0,2.501174982604557,3,rrrGGgrrrGGg
269,81,6040.0,2.342461258250511,3,rrrGGgrrrGGg
270,81,6098.0,2.3917338115651363,3,rrrGGgrrrGGg
271,82,6156.0,2.448253036136397,3,rrrGGgrrrGGg
272,82,6215.0,2.538515619447192,3,rrrGGgrrrGGg
273,82,6274.0,2.425794791676238,3,rrrGGgrrrGGg
274,84,6333.0,2.4092318489442794,3,rrrGGgrrrGGg
275,84,6393.0,2.4757924299898044,3,rrrGGgrrrGGg
276,84,6453.0,2.3422142332758304,3,rrrGGgrrrGGg
277,84,6514.0,2.3395100757649665,3,rrrGGgrrrGGg
278,85,6575.0,2.280194196436704,3,rrrGGgrrrGGg
279,85,6636.0,2.3363890819987563,3,rrrGGgrrrGGg
280,85,6698.0,2.4532975584952,3,rrrGGgrrrGGg
281,86,6760.0,2.3829350589247804,3,rrrGGgrrrGGg
282,86,6822.0,2.4528652826698707,3,rrrGGgrrrGGg
283,86,6884.0,2.325743886414628,3,rrrGGgrrrGGg
284,86,6946.0,2.40155842303617,3,rrrGGgrrrGGg
285,85,7009.0,2.3378254347273115,3,rrrGGgrrrGGg
286,87,7072.0,2.339775319299388,3,rrrGGgrrrGGg
287,87,7135.0,2.3730873620575212,3,rrrGGgrrrGGg
288,89,7199.0,2.3705907834205084,3,rrrGGgrrrGGg
289,88,7263.0,2.280063190278126,3,rrrGGgrrrGGg
290,88,7328.0,2.344476762676107,3,rrrGGgrrrGGg
291,89,7393.0,2.369244495623216,3,rrrGGgrrrGGg
292,90,7458.0,2.373936250770161,3,rrrGGgrrrGGg
293,91,7524.0,2.3816733421808784,3,rrrGGgrrrGGg
294,91,7590.0,2.426563946714905,3,rrrGGgrrrGGg
295,90,7656.0,2.3294479218876956,3,rrrGGgrrrGGg
296,91,7722.0,2.2799786568912896,3,rrrGGgrrrGGg
297,91,7788.0,2.2969588853331553,3,rrrGGgrrrGGg
298,91,7855.0,2.3147688901786014,3,rrrGGgrrrGGg
299,92,7923.0,2.2739106898733867,3,rrrGGgrrrGGg
300,92,7991.0,2.0443326468775695,3,rrrGGgrrrGGg
301,93,8059.0,1.976547622289142,3,rrrGGgrrrGGg
302,93,8129.0,2.010659302770129,3,rrrGGgrrrGGg
303,92,8200.0,1.906808741994646,3,rrrGGgrrrGGg
304,93,8271.0,1.9212079202953412,3,rrrGGgrrrGGg
305,93,8342.0,1.8733607339862097,3,rrrGGgrrrGGg
306,94,8413.0,1.840644528965165,3,rrrGGgrrrGGg
307,96,8480.0,1.8661833300242356,3,rrrGGgrrrGGg
308,96,8550.0,1.9233776993306932,3,rrrGGgrrrGGg
309,97,8621.0,1.9783228688525882,3,rrrGGgrrrGGg
310,97,8692.0,2.059169933727887,3,rrrGGgrrrGGg
311,98,8763.0,2.116045762970498,3,rrrGGgrrrGGg
312,97,8834.0,2.05359504313633,3,rrrGGgrrrGGg
313,98,8906.0,2.083297147839339,3,rrrGGgrrrGGg
314,99,8978.0,2.0478856893572317,3,rrrGGgrrrGGg
315,99,9050.0,2.0825292493275938,3,rrrGGgrrrGGg
316,99,9123.0,2.1517828049365066,3,rrrGGgrrrGGg
317,99,9196.0,2.2324438587048125,3,rrrGGgrrrGGg
318,99,9269.0,2.2677626893795275,3,rrrGGgrrrGGg
319,101,9342.0,2.144423376088356,3,rrrGGgrrrGGg
320,101,9415.0,2.202161637746484,3,rrrGGgrrrGGg
321,101,9489.0,2.3018310405003217,3,rrrGGgrrrGGg
322,101,9563.0,2.379314493694281,3,rrrGGgrrrGGg
323,102,9637.0,2.366087252606821,3,rrrGGgrrrGGg
324,102,9711.0,2.2448560124737122,3,rrrGGgrrrGGg
325,103,9786.0,2.2424497757136765,3,rrrGGgrrrGGg
326,103,9862.0,2.2995328137800195,3,rrrGGgrrrGGg
327,103,9938.0,2.372184783854966,3,rrrGGgrrrGGg
328,103,10015.0,2.3952103714369883,3,rrrGGgrrrGGg
329,102,10092.0,2.1828256044440653,3,rrrGGgrrrGGg
330,102,10170.0,2.28039991741216,3,rrrGGgrrrGGg
331,103,10248.0,2.298793851332044,3,rrrGGgrrrGGg
332,102,10326.0,2.173161297698382,3,rrrGGgrrrGGg
333,103,10404.0,2.1277020391064085,3,rrrGGgrrrGGg
334,104,10483.0,2.1410778907193,3,rrrGGgrrrGGg
335,104,10563.0,2.2298709311548364,3,rrrGGgrrrGGg
336,105,10643.0,2.276599109758216,3,rrrGGgrrrGGg
337,105,10723.0,2.3174663132601263,3,rrrGGgrrrGGg
338,105,10803.0,2.3809624014519972,3,rrrGGgrrrGGg
339,105,10883.0,2.198331648300075,3,rrrGGgrrrGGg
340,106,10963.0,2.2466332287489914,3,rrrGGgrrrGGg
341,106,11043.0,2.2773167459741037,3,rrrGGgrrrGGg
342,105,11123.0,2.150641104580186,3,rrrGGgrrrGGg
343,104,11204.0,1.9754869205569348,3,rrrGGgrrrGGg
344,105,11285.0,1.9674124570974036,3,rrrGGgrrrGGg
345,105,11368.0,2.007956226517794,3,rrrGGgrrrGGg
346,106,11451.0,1.8518818874535694,3,rrrGGgrrrGGg
347,105,11535.0,1.7869665715786338,3,rrrGGgrrrGGg
348,105,11619.0,1.7504712624719119,3,rrrGGgrrrGGg
349,105,11703.0,1.7074647685134474,3,rrrGGgrrrGGg
350,104,11787.0,1.6894122418895352,3,rrrGGgrrrGGg
351,104,11871.0,1.7348461553848382,3,rrrGGgrrrGGg
352,104,11955.0,1.7838752763011787,3,rrrGGgrrrGGg
353,105,12039.0,1.8479790470488773,3,rrrGGgrrrGGg
354,106,12123.0,1.9035942305902422,3,rrrGGgrrrGGg
355,107,12207.0,1.9329486663312039,3,rrrGGgrrrGGg
356,107,12291.0,1.8028963602762558,3,rrrGGgrrrGGg
357,107,12375.0,1.837662580300089,3,rrrGGgrrrGGg
358,107,12459.0,1.870677662072506,3,rrrGGgrrrGGg
359,108,12544.0,1.883955312780328,3,rrrGGgrrrGGg
360,108,12629.0,1.7733585932718128,3,rrrGGgrrrGGg
361,107,12715.0,1.6880461890237632,3,rrrGGgrrrGGg
362,107,12801.0,1.737453018525786,3,rrrGGgrrrGGg
363,108,12888.0,1.7242961399504257,3,rrrGGgrrrGGg
364,110,12975.0,1.693623801148367,3,rrrGGgrrrGGg
365,110,12762.0,1.8441262034262782,3,rrrGGgrrrGGg
366,110,12556.0,1.8514581726616213,3,rrrGGgrrrGGg
367,110,12354.0,1.8277711569129909,3,rrrGGgrrrGGg
368,110,11854.0,1.9203249066138675,3,rrrGGgrrrGGg
369,110,11389.0,2.0009609390950005,3,rrrGGgrrrGGg
370,110,10936.0,1.9723556775193907,3,rrrGGgrrrGGg
371,111,10202.0,2.082307998948591,3,rrrGGgrrrGGg
372,111,9541.0,1.9960701073948408,3,rrrGGgrrrGGg
373,111,8912.0,2.0464594745198124,3,rrrGGgrrrGGg
374,111,8564.0,2.1403295018203523,3,rrrGGgrrrGGg
375,112,8210.0,2.188446093929931,3,rrrGGgrrrGGg
376,111,7670.0,2.104484322682574,3,rrrGGgrrrGGg
377,112,7158.0,2.117644704039461,3,rrrGGgrrrGGg
378,113,6875.0,2.1769979522868024,3,rrrGGgrrrGGg
379,113,6419.0,2.2294893206143294,3,rrrGGgrrrGGg
380,113,6012.0,2.255067456113894,3,rrrGGgrrrGGg
381,112,5905.0,2.1648421826761286,3,rrrGGgrrrGGg
382,112,5521.0,2.1802737778850134,3,rrrGGgrrrGGg
383,113,4857.0,2.2617731572901594,3,rrrGGgrrrGGg
384,113,4236.0,2.2480185206286936,3,rrrGGgrrrGGg
385,113,3862.0,2.296580088395944,3,rrrGGgrrrGGg
386,112,3463.0,2.224409261906854,3,rrrGGgrrrGGg
387,114,3009.0,2.1520404809183296,3,rrrGGgrrrGGg
388,114,2534.0,2.0234673166717614,3,rrrGGgrrrGGg
389,112,2153.0,1.8906736286705712,3,rrrGGgrrrGGg
390,112,1850.0,1.941750512869237,3,rrrGGgrrrGGg
391,111,1762.0,1.8833983802039198,3,rrrGGgrrrGGg
392,111,1633.0,1.8978045641727888,3,rrrGGgrrrGGg
393,112,1501.0,1.822078450470537,3,rrrGGgrrrGGg
394,112,1401.0,1.8868920170932157,3,rrrGGgrrrGGg
395,111,1327.0,1.8082480839361639,3,rrrGGgrrrGGg
396,111,1295.0,1.8090264148002793,3,rrrGGgrrrGGg
397,110,1233.0,1.7076334500317076,3,rrrGGgrrrGGg
398,111,1281.0,1.7060674667762117,3,rrrGGgrrrGGg
399,111,1244.0,1.7234875792343396,3,rrrGGgrrrGGg
400,111,1317.0,1.7671842407016123,3,rrrGGgrrrGGg
401,110,1301.0,1.686083415130931,3,rrrGGgrrrGGg
402,111,1300.0,1.7288376652281563,3,rrrGGgrrrGGg
403,112,1302.0,1.7142959646958629,3,rrrGGgrrrGGg
404,113,1378.0,1.671154432691852,3,rrrGGgrrrGGg
405,113,1384.0,1.6652199449058551,3,rrrGGgrrrGGg
406,113,1398.0,1.730783138869004,3,rrrGGgrrrGGg
407,113,1418.0,1.796221074398091,3,rrrGGgrrrGGg
408,114,1452.0,1.8569954285441663,3,rrrGGgrrrGGg
409,114,1486.0,1.9036650997485156,3,rrrGGgrrrGGg
410,114,1528.0,1.7897538440442957,3,rrrGGgrrrGGg
411,113,1576.0,1.6961831811553285,3,rrrGGgrrrGGg
412,113,1659.0,1.760687861076468,3,rrrGGgrrrGGg
413,112,1742.0,1.7444703187225474,3,rrrGGgrrrGGg
414,113,1826.0,1.7700578033513859,3,rrrGGgrrrGGg
415,113,1910.0,1.7436373226145376,3,rrrGGgrrrGGg
416,114,1995.0,1.6338344208656355,3,rrrGGgrrrGGg
417,114,2082.0,1.669892071762161,3,rrrGGgrrrGGg
418,114,2169.0,1.67835625047659,3,rrrGGgrrrGGg
419,113,2257.0,1.5913771800341594,3,rrrGGgrrrGGg
420,113,2346.0,1.6446135169784897,3,rrrGGgrrrGGg
421,114,2434.0,1.6566706978341852,3,rrrGGgrrrGGg
422,115,2524.0,1.6653507421066092,3,rrrGGgrrrGGg
423,113,2615.0,1.5142355426191083,3,rrrGGgrrrGGg
424,113,2706.0,1.5419370460315143,3,rrrGGgrrrGGg
425,113,2798.0,1.58100308494316,3,rrrGGgrrrGGg
426,114,2890.0,1.5910158994738535,3,rrrGGgrrrGGg
427,114,2984.0,1.628604337671575,3,rrrGGgrrrGGg
428,115,3076.0,1.6257274673517614,3,rrrGGgrrrGGg
429,116,3172.0,1.5970838708489485,3,rrrGGgrrrGGg
430,116,3268.0,1.6237447727105134,3,rrrGGgrrrGGg
431,115,3364.0,1.5891931770385581,3,rrrGGgrrrGGg
432,116,3460.0,1.6358691353489279,3,rrrGGgrrrGGg
433,116,3556.0,1.709362132896444,3,rrrGGgrrrGGg
434,116,3652.0,1.7503149395588267,3,rrrGGgrrrGGg
435,116,3748.0,1.7738419871574498,3,rrrGGgrrrGGg
436,115,3844.0,1.7374765867614361,3,rrrGGgrrrGGg
437,116,3940.0,1.7512282051596715,3,rrrGGgrrrGGg
438,116,4036.0,1.7510357928839664,3,rrrGGgrrrGGg
439,116,4132.0,1.7395169013570644,3,rrrGGgrrrGGg
440,115,4229.0,1.639010569067967,3,rrrGGgrrrGGg
441,115,4326.0,1.5964000315497155,3,rrrGGgrrrGGg
442,116,4423.0,1.6415322043426495,3,rrrGGgrrrGGg
443,116,4520.0,1.5290488751256233,3,rrrGGgrrrGGg
444,116,4617.0,1.6125060550322765,3,rrrGGgrrrGGg
445,116,4714.0,1.6801590083662223,3,rrrGGgrrrGGg
446,116,4811.0,1.7467980142717892,3,rrrGGgrrrGGg
447,115,4908.0,1.6998129132104252,3,rrrGGgrrrGGg
448,115,5005.0,1.7189335446584884,3,rrrGGgrrrGGg
449,115,5102.0,1.7141149485748812,3,rrrGGgrrrGGg
450,115,5199.0,1.6127082832866337,3,rrrGGgrrrGGg
451,116,5296.0,1.6050144195109644,3,rrrGGgrrrGGg
452,115,5394.0,1.49920206741444,3,rrrGGgrrrGGg
453,115,5492.0,1.5242887894625643,3,rrrGGgrrrGGg
454,115,5590.0,1.4299957902477072,3,rrrGGgrrrGGg
455,114,5688.0,1.2866781247118844,3,rrrGGgrrrGGg
456,115,5786.0,1.3411283576117112,3,rrrGGgrrrGGg
457,115,5884.0,1.40444953712501,3,rrrGGgrrrGGg
458,114,5982.0,1.3372213004866502,3,rrrGGgrrrGGg
459,114,6080.0,1.3599877278642285,3,rrrGGgrrrGGg
460,115,6178.0,1.4063957176540747,3,rrrGGgrrrGGg
461,115,6276.0,1.4300759725495533,3,rrrGGgrrrGGg
462,116,6374.0,1.4641195839052188,3,rrrGGgrrrGGg
463,116,6472.0,1.53138423000025,3,rrrGGgrrrGGg
464,117,6570.0,1.520003678699554,3,rrrGGgrrrGGg
465,116,6668.0,1.4631984911795508,3,rrrGGgrrrGGg
466,116,6766.0,1.5374504369908806,3,rrrGGgrrrGGg
467,116,6864.0,1.5901190077937992,3,rrrGGgrrrGGg
468,115,6962.0,1.493136215675482,3,rrrGGgrrrGGg
469,115,7060.0,1.4587315089730326,3,rrrGGgrrrGGg
470,115,7159.0,1.442566139185962,3,rrrGGgrrrGGg
471,115,7258.0,1.492271655719235,3,rrrGGgrrrGGg
472,116,7357.0,1.528246850002661,3,rrrGGgrrrGGg
473,116,7456.0,1.5685110820042438,3,rrrGGgrrrGGg
474,118,7555.0,1.4952800235665271,3,rrrGGgrrrGGg
475,117,7654.0,1.3203821511596017,3,rrrGGgrrrGGg
476,116,7753.0,1.208138464346508,3,rrrGGgrrrGGg
477,116,7852.0,1.2452909641865246,3,rrrGGgrrrGGg
478,116,7952.0,1.2962258958463355,3,rrrGGgrrrGGg
479,116,8052.0,1.34147312559496,3,rrrGGgrrrGGg
480,116,8152.0,1.384760446919187,3,rrrGGgrrrGGg
481,116,8252.0,1.4319838085738115,3,rrrGGgrrrGGg
482,115,8352.0,1.3547497435943656,3,rrrGGgrrrGGg
483,116,8452.0,1.3564558406580345,3,rrrGGgrrrGGg
484,117,8552.0,1.2327388860729185,3,rrrGGgrrrGGg
485,117,8652.0,1.2836346178615166,3,rrrGGgrrrGGg
486,116,8753.0,1.2172351024503576,3,rrrGGgrrrGGg
487,116,8854.0,1.2636108173337974,3,rrrGGgrrrGGg
488,116,8955.0,1.2718989833654055,3,rrrGGgrrrGGg
489,115,9056.0,1.1921719532882988,3,rrrGGgrrrGGg
490,116,9157.0,1.2176868874866804,3,rrrGGgrrrGGg
491,116,9258.0,1.1902301327752252,3,rrrGGgrrrGGg
492,116,9359.0,1.2356924693836047,3,rrrGGgrrrGGg
493,117,9460.0,1.241444953249859,3,rrrGGgrrrGGg
494,117,9561.0,1.2412007694478338,3,rrrGGgrrrGGg
495,117,9662.0,1.113118882505709,3,rrrGGgrrrGGg
496,117,9763.0,1.1460778732536927,3,rrrGGgrrrGGg
497,118,9864.0,1.1803326375913745,3,rrrGGgrrrGGg
498,118,9966.0,1.1915530797282607,3,rrrGGgrrrGGg
499,117,10068.0,1.0948968149722471,3,rrrGGgrrrGGg
500,117,10170.0,1.139747156953576,3,rrrGGgrrrGGg
501,118,10272.0,1.1642790491526938,3,rrrGGgrrrGGg
502,117,10374.0,1.0827270708941814,3,rrrGGgrrrGGg
503,118,10476.0,1.074299613754669,3,rrrGGgrrrGGg
504,119,10579.0,1.104464010189331,3,rrrGGgrrrGGg
505,119,10682.0,1.1139857832774294,3,rrrGGgrrrGGg
506,120,10785.0,1.1221112670781297,3,rrrGGgrrrGGg
507,119,10888.0,1.0413401655751127,3,rrrGGgrrrGGg
508,119,10991.0,1.0812186654750373,3,rrrGGgrrrGGg
509,119,11094.0,1.137559737977231,3,rrrGGgrrrGGg
510,119,11197.0,1.1936489820811869,3,rrrGGgrrrGGg
511,121,11300.0,1.2275396818787312,3,rrrGGgrrrGGg
512,121,11403.0,1.291202158603992,3,rrrGGgrrrGGg
513,121,11506.0,1.3525953598530227,3,rrrGGgrrrGGg
514,120,11609.0,1.2798587608018002,3,rrrGGgrrrGGg
515,120,11712.0,1.3282943670978193,3,rrrGGgrrrGGg
516,122,11815.0,1.363254807126728,3,rrrGGgrrrGGg
517,122,11918.0,1.3811765756307817,3,rrrGGgrrrGGg
518,122,12021.0,1.3973234453367294,3,rrrGGgrrrGGg
519,122,12124.0,1.451087763791502,3,rrrGGgrrrGGg
520,123,12227.0,1.4568009702095077,3,rrrGGgrrrGGg
521,124,12330.0,1.4714122275945822,3,rrrGGgrrrGGg
522,123,12433.0,1.4282201804301977,3,rrrGGgrrrGGg
523,123,12537.0,1.4745855442630083,3,rrrGGgrrrGGg
524,123,12641.0,1.5184695108364226,3,rrrGGgrrrGGg
525,123,12745.0,1.542256805380947,3,rrrGGgrrrGGg
526,123,12849.0,1.3781285739207736,3,rrrGGgrrrGGg
527,123,12953.0,1.4060051707131505,3,rrrGGgrrrGGg
528,123,13057.0,1.4511857094365859,3,rrrGGgrrrGGg
529,123,13161.0,1.4584417012125086,3,rrrGGgrrrGGg
530,124,13265.0,1.4251628486824104,3,rrrGGgrrrGGg
531,125,13369.0,1.4220260580177828,3,rrrGGgrrrGGg
532,124,13473.0,1.3883458318911965,3,rrrGGgrrrGGg
533,123,13578.0,1.3099902177745282,3,rrrGGgrrrGGg
534,123,13683.0,1.3043747454673864,3,rrrGGgrrrGGg
535,124,13788.0,1.3123864819361302,3,rrrGGgrrrGGg
536,125,13893.0,1.3323618225754381,3,rrrGGgrrrGGg
537,125,13998.0,1.3729076733541286,3,rrrGGgrrrGGg
538,126,14104.0,1.412335333121066,3,rrrGGgrrrGGg
539,126,14210.0,1.4666023450108097,3,rrrGGgrrrGGg
540,127,14316.0,1.510039655229353,3,rrrGGgrrrGGg
541,127,14422.0,1.578539805873418,3,rrrGGgrrrGGg
542,128,14528.0,1.5901982646865014,3,rrrGGgrrrGGg
543,127,14634.0,1.5253109036152726,3,rrrGGgrrrGGg
544,127,14740.0,1.5281602947882282,3,rrrGGgrrrGGg
545,127,14846.0,1.5933756291020544,3,rrrGGgrrrGGg
546,127,14952.0,1.5468920307237248,3,rrrGGgrrrGGg
547,128,15058.0,1.5624715550402772,3,rrrGGgrrrGGg
548,128,15164.0,1.5378834246090556,3,rrrGGgrrrGGg
549,128,15271.0,1.5577320016745906,3,rrrGGgrrrGGg
550,128,15378.0,1.6150471350706592,3,rrrGGgrrrGGg
551,128,15485.0,1.6627487770552536,3,rrrGGgrrrGGg
552,128,15592.0,1.6805102895592876,3,rrrGGgrrrGGg
553,129,15699.0,1.6588100492923477,3,rrrGGgrrrGGg
554,129,15806.0,1.6201328011072578,3,rrrGGgrrrGGg
555,128,15913.0,1.4875367123464882,3,rrrGGgrrrGGg
556,128,16020.0,1.5163692365579,3,rrrGGgrrrGGg
557,128,16127.0,1.551113783606715,3,rrrGGgrrrGGg
558,129,16235.0,1.5270590281103353,3,rrrGGgrrrGGg
559,129,16343.0,1.556796920251928,3,rrrGGgrrrGGg
560,128,16451.0,1.5295095390575313,3,rrrGGgrrrGGg
561,128,16559.0,1.590719291439188,3,rrrGGgrrrGGg
562,126,16667.0,1.4542484692969015,3,rrrGGgrrrGGg
563,126,16775.0,1.4756526385816056,3,rrrGGgrrrGGg
564,127,16883.0,1.4893169617468256,3,rrrGGgrrrGGg
565,129,16991.0,1.5388443469565374,3,rrrGGgrrrGGg
566,129,17099.0,1.5890557076540595,3,rrrGGgrrrGGg
567,129,17207.0,1.649199644052505,3,rrrGGgrrrGGg
568,129,17315.0,1.6403168156850192,3,rrrGGgrrrGGg
569,130,17423.0,1.661576212371547,3,rrrGGgrrrGGg
570,130,17531.0,1.707837233750025,3,rrrGGgrrrGGg
571,131,17639.0,1.748889531702909,3,rrrGGgrrrGGg
572,129,17747.0,1.5270698068706268,3,rrrGGgrrrGGg
573,129,17855.0,1.5308683775753282,3,rrrGGgrrrGGg
574,129,17964.0,1.5488546584655527,3,rrrGGgrrrGGg
575,130,18073.0,1.5591357511126143,3,rrrGGgrrrGGg
576,130,18182.0,1.5330568987863125,3,rrrGGgrrrGGg
577,129,18291.0,1.4801329577647702,3,rrrGGgrrrGGg
578,129,18400.0,1.5148618257790816,3,rrrGGgrrrGGg
579,128,18509.0,1.4253109565228685,3,rrrGGgrrrGGg
580,128,18618.0,1.4579958294033828,3,rrrGGgrrrGGg
581,129,18727.0,1.4997066146162883,3,rrrGGgrrrGGg
582,129,18836.0,1.567737451730986,3,rrrGGgrrrGGg
583,130,18945.0,1.6077979316159625,3,rrrGGgrrrGGg
584,129,19054.0,1.570864724913282,3,rrrGGgrrrGGg
585,128,19163.0,1.5151115949900056,3,rrrGGgrrrGGg
586,129,19272.0,1.5394873778972435,3,rrrGGgrrrGGg
587,128,19381.0,1.473556122504969,3,rrrGGgrrrGGg
588,128,19490.0,1.532969800477372,3,rrrGGgrrrGGg
589,128,19599.0,1.5618122821178304,3,rrrGGgrrrGGg
590,130,19708.0,1.5665527675855153,3,rrrGGgrrrGGg
591,130,19817.0,1.6027256176371367,3,rrrGGgrrrGGg
592,131,19927.0,1.642059489700851,3,rrrGGgrrrGGg
593,130,20037.0,1.6076284762365665,3,rrrGGgrrrGGg
594,129,20147.0,1.5677407847302451,3,rrrGGgrrrGGg
595,130,20257.0,1.581705244661164,3,rrrGGgrrrGGg
596,130,20367.0,1.5730130629825605,3,rrrGGgrrrGGg
597,131,20477.0,1.5367059317455511,3,rrrGGgrrrGGg
598,130,20587.0,1.4253520011338259,3,rrrGGgrrrGGg
599,130,20698.0,1.4576316263305207,3,rrrGGgrrrGGg
600,130,20809.0,1.470169083389648,3,rrrGGgrrrGGg
601,129,20920.0,1.3703474010303038,3,rrrGGgrrrGGg
602,129,21031.0,1.4185507181305435,3,rrrGGgrrrGGg
603,131,21142.0,1.4459715048886956,3,rrrGGgrrrGGg
604,131,21253.0,1.339457791585986,3,rrrGGgrrrGGg
605,131,21364.0,1.351706302294379,3,rrrGGgrrrGGg
606,130,21475.0,1.2977187361440732,3,rrrGGgrrrGGg
607,130,21587.0,1.321346434161644,3,rrrGGgrrrGGg
608,130,21699.0,1.357637727347943,3,rrrGGgrrrGGg
609,128,21811.0,1.1722889747216603,3,rrrGGgrrrGGg
610,128,21923.0,1.2090098731581438,3,rrrGGgrrrGGg
611,128,22035.0,1.263578862185196,3,rrrGGgrrrGGg
612,128,22147.0,1.3115342361054214,3,rrrGGgrrrGGg
613,129,22259.0,1.266445929066031,3,rrrGGgrrrGGg
614,129,22371.0,1.3232498283193523,3,rrrGGgrrrGGg
615,130,22483.0,1.3732778815809683,3,rrrGGgrrrGGg
616,130,22595.0,1.3958542926060356,3,rrrGGgrrrGGg
617,130,22707.0,1.432233165249585,3,rrrGGgrrrGGg
618,131,22819.0,1.4641087244550401,3,rrrGGgrrrGGg
619,131,22931.0,1.5049731032398435,3,rrrGGgrrrGGg
620,130,23043.0,1.4044005194727862,3,rrrGGgrrrGGg
621,130,23155.0,1.4389817087809873,3,rrrGGgrrrGGg
622,130,23267.0,1.4760930847640754,3,rrrGGgrrrGGg
623,130,23379.0,1.3636222607378878,3,rrrGGgrrrGGg
624,129,23491.0,1.285948197229994,3,rrrGGgrrrGGg
625,130,23603.0,1.3283486527917845,3,rrrGGgrrrGGg
626,130,23715.0,1.3675385169080037,3,rrrGGgrrrGGg
627,130,23827.0,1.3892640501468942,3,rrrGGgrrrGGg
628,131,23939.0,1.3887720216599653,3,rrrGGgrrrGGg
629,131,24051.0,1.3680959613367698,3,rrrGGgrrrGGg
630,132,24164.0,1.3020765355279809,3,rrrGGgrrrGGg
631,133,24277.0,1.3047080673030547,3,rrrGGgrrrGGg
632,131,24391.0,1.1768778214649704,3,rrrGGgrrrGGg
633,131,24505.0,1.2261012823473911,3,rrrGGgrrrGGg
634,131,24619.0,1.2692630322891545,3,rrrGGgrrrGGg
635,131,24733.0,1.25983818660991,3,rrrGGgrrrGGg
636,131,24847.0,1.232826912829183,3,rrrGGgrrrGGg
637,130,24961.0,1.198079064922542,3,rrrGGgrrrGGg
638,130,25075.0,1.2523941443065356,3,rrrGGgrrrGGg
639,131,25189.0,1.2862852006389982,3,rrrGGgrrrGGg
640,131,25303.0,1.3404237372600742,3,rrrGGgrrrGGg
641,131,25417.0,1.3863319685703075,3,rrrGGgrrrGGg
642,130,25531.0,1.3161382266388209,3,rrrGGgrrrGGg
643,130,25645.0,1.2505524542075135,3,rrrGGgrrrGGg
644,131,25759.0,1.2526499621756577,3,rrrGGgrrrGGg
645,132,25873.0,1.2435103445124256,3,rrrGGgrrrGGg
646,132,25987.0,1.271262137702609,3,rrrGGgrrrGGg
647,132,26101.0,1.3202959372062524,3,rrrGGgrrrGGg
648,131,26215.0,1.2759774337437388,3,rrrGGgrrrGGg
649,131,26329.0,1.2906522057395984,3,rrrGGgrrrGGg
650,131,26443.0,1.31371269583402,3,rrrGGgrrrGGg
651,130,26557.0,1.2781144590195501,3,rrrGGgrrrGGg
652,130,26671.0,1.3219782475988615,3,rrrGGgrrrGGg
653,132,26785.0,1.3175522353599183,3,rrrGGgrrrGGg
654,132,26899.0,1.3377832281632822,3,rrrGGgrrrGGg
655,132,27013.0,1.339945011760558,3,rrrGGgrrrGGg
656,131,27127.0,1.2082403666351007,3,rrrGGgrrrGGg
657,130,27242.0,1.0924300321939442,3,rrrGGgrrrGGg
658,131,27357.0,1.0998128819222885,3,rrrGGgrrrGGg
659,131,27472.0,1.1049035465605155,3,rrrGGgrrrGGg
660,131,27588.0,1.135285227298825,3,rrrGGgrrrGGg
661,130,27704.0,1.0522813914277362,3,rrrGGgrrrGGg
662,130,27820.0,0.9665693908431504,3,rrrGGgrrrGGg
663,130,27936.0,0.9837295098827515,3,rrrGGgrrrGGg
664,132,28052.0,0.9763391354089533,3,rrrGGgrrrGGg
665,132,28168.0,1.0328784434735208,3,rrrGGgrrrGGg
666,132,28284.0,1.0818807498619014,3,rrrGGgrrrGGg
667,132,28400.0,1.1332810381558016,3,rrrGGgrrrGGg
668,131,28516.0,1.0754544540437012,3,rrrGGgrrrGGg
669,133,28632.0,1.1104097497335002,3,rrrGGgrrrGGg
670,133,28748.0,1.1637949419797644,3,rrrGGgrrrGGg
671,133,28864.0,1.1839543458818156,3,rrrGGgrrrGGg
672,132,28679.0,1.2318394961805603,3,rrrGGgrrrGGg
673,132,28494.0,1.1471941577083007,3,rrrGGgrrrGGg
674,132,28007.0,1.2968205331722218,3,rrrGGgrrrGGg
675,133,27521.0,1.3108257311976335,3,rrrGGgrrrGGg
676,133,27033.0,1.3892043269500767,3,rrrGGgrrrGGg
677,133,26243.0,1.544021875416377,3,rrrGGgrrrGGg
678,133,25455.0,1.5746281156636475,3,rrrGGgrrrGGg
679,133,24666.0,1.6264482203710922,3,rrrGGgrrrGGg
680,133,23876.0,1.6748393267385107,3,rrrGGgrrrGGg
681,133,23383.0,1.7036942821511314,3,rrrGGgrrrGGg
682,133,22594.0,1.738814006921551,3,rrrGGgrrrGGg
683,134,21804.0,1.7542022713433763,3,rrrGGgrrrGGg
684,133,21311.0,1.579875295639128,3,rrrGGgrrrGGg
685,134,20523.0,1.5834822689259838,3,rrrGGgrrrGGg
686,134,20327.0,1.5717072041319746,3,rrrGGgrrrGGg
687,133,19539.0,1.496823979517633,3,rrrGGgrrrGGg
688,133,18750.0,1.5267055843203605,3,rrrGGgrrrGGg
689,133,17954.0,1.6317915751065946,3,rrrGGgrrrGGg
690,133,16864.0,1.647395839648207,3,rrrGGgrrrGGg
691,134,16362.0,1.6947697111000846,3,rrrGGgrrrGGg
692,134,15270.0,1.7583441398010977,3,rrrGGgrrrGGg
693,133,14178.0,1.7272123428932138,3,rrrGGgrrrGGg
694,131,13674.0,1.5023738869754915,3,rrrGGgrrrGGg
695,130,12879.0,1.4324874406474029,3,rrrGGgrrrGGg
696,131,11812.0,1.375788870189561,3,rrrGGgrrrGGg
697,131,10756.0,1.3593427628278878,3,rrrGGgrrrGGg
698,132,9711.0,1.3665395460721628,3,rrrGGgrrrGGg
699,132,8693.0,1.408585264298976,3,rrrGGgrrrGGg
700,132,8199.0,1.4426913801081513,3,rrrGGgrrrGGg
701,132,7463.0,1.465524766160563,3,rrrGGgrrrGGg
702,132,6747.0,1.3926995994238678,3,rrrGGgrrrGGg
703,132,5858.0,1.4513900127319022,3,rrrGGgrrrGGg
704,132,5567.0,1.495552059720957,3,rrrGGgrrrGGg
705,131,4781.0,1.416503957629264,3,rrrGGgrrrGGg
706,131,4338.0,1.4521557492426191,3,rrrGGgrrrGGg
707,132,3930.0,1.3699623079872247,3,rrrGGgrrrGGg
708,132,3588.0,1.3955970373002384,3,rrrGGgrrrGGg
709,132,3379.0,1.3831516841088882,3,rrrGGgrrrGGg
710,133,3352.0,1.3871623785786704,3,rrrGGgrrrGGg
711,131,3045.0,1.2053937041515341,3,rrrGGgrrrGGg
712,131,2762.0,1.227106328679981,3,rrrGGgrrrGGg
713,130,2509.0,1.14485570260451,3,rrrGGgrrrGGg
714,130,2312.0,1.1431888919501232,3,rrrGGgrrrGGg
715,131,2079.0,1.1222620225249815,3,rrrGGgrrrGGg
716,131,1850.0,1.1328412069894511,3,rrrGGgrrrGGg
717,131,1633.0,1.1582883073750827,3,rrrGGgrrrGGg
718,132,1727.0,1.179628973118508,3,rrrGGgrrrGGg
719,133,1811.0,1.2110641278928946,3,rrrGGgrrrGGg
720,134,1903.0,1.2373298900267546,3,rrrGGgrrrGGg
721,135,2000.0,1.2564121990059056,3,rrrGGgrrrGGg
722,135,2099.0,1.257940424679674,3,rrrGGgrrrGGg
723,135,2200.0,1.268784406920371,3,rrrGGgrrrGGg
724,134,2303.0,1.21234403632356,3,rrrGGgrrrGGg
725,133,2407.0,1.1492681740289825,3,rrrGGgrrrGGg
726,132,2513.0,1.0716785964373838,3,rrrGGgrrrGGg
727,133,2619.0,1.0921874689511195,3,rrrGGgrrrGGg
728,133,2728.0,1.1313992957589247,3,rrrGGgrrrGGg
729,133,2836.0,1.158101378623582,3,rrrGGgrrrGGg
730,134,2946.0,1.14090224643073,3,rrrGGgrrrGGg
731,135,3060.0,1.1376645456532222,3,rrrGGgrrrGGg
732,135,3173.0,1.1460256480580633,3,rrrGGgrrrGGg
733,135,3289.0,1.1425321729469604,3,rrrGGgrrrGGg
734,133,3402.0,0.9912357975503816,3,rrrGGgrrrGGg
735,133,3519.0,1.0355105051704976,3,rrrGGgrrrGGg
736,134,3636.0,1.0574823541527547,3,rrrGGgrrrGGg
737,134,3755.0,1.1019086371414846,3,rrrGGgrrrGGg
738,133,3875.0,1.0391780422692019,3,rrrGGgrrrGGg
739,134,3995.0,1.0753221291479413,3,rrrGGgrrrGGg
740,133,4115.0,0.9806059536483922,3,rrrGGgrrrGGg
741,133,4235.0,0.9881419764844092,3,rrrGGgrrrGGg
742,133,4355.0,0.9996118823404627,3,rrrGGgrrrGGg
743,133,4475.0,1.001339616228634,3,rrrGGgrrrGGg
744,133,4595.0,1.0402191581219304,3,rrrGGgrrrGGg
745,133,4715.0,0.9515411459484162,3,rrrGGgrrrGGg
746,133,4835.0,0.9904182582937798,3,rrrGGgrrrGGg
747,134,4955.0,1.0239362701961945,3,rrrGGgrrrGGg
748,134,5075.0,1.0636330669025473,3,rrrGGgrrrGGg
749,134,5195.0,1.0657451234905795,3,rrrGGgrrrGGg
750,134,5315.0,1.0943671497138472,3,rrrGGgrrrGGg
751,134,5435.0,1.0923924176884907,3,rrrGGgrrrGGg
752,135,5555.0,1.0959466488529062,3,rrrGGgrrrGGg
753,136,5675.0,1.0941032001037372,3,rrrGGgrrrGGg
754,136,5795.0,1.1293871755347122,3,rrrGGgrrrGGg
755,136,5915.0,1.174321771334122,3,rrrGGgrrrGGg
756,135,6035.0,1.1365397832199786,3,rrrGGgrrrGGg
757,135,6155.0,1.0527325422663685,3,rrrGGgrrrGGg
758,135,6275.0,0.9933625841797133,3,rrrGGgrrrGGg
759,135,6395.0,1.0290433331371607,3,rrrGGgrrrGGg
760,135,6515.0,1.0333122644525299,3,rrrGGgrrrGGg
761,135,6635.0,1.0439994380504771,3,rrrGGgrrrGGg
762,135,6755.0,1.0767407216373368,3,rrrGGgrrrGGg
763,136,6875.0,1.0843344557987373,3,rrrGGgrrrGGg
764,136,6995.0,1.1333320761569416,3,rrrGGgrrrGGg
765,137,7115.0,1.16988005151136,3,rrrGGgrrrGGg
766,135,7235.0,1.02335189378987,3,rrrGGgrrrGGg
767,135,7355.0,1.065218360116212,3,rrrGGgrrrGGg
768,135,7475.0,1.113592406782891,3,rrrGGgrrrGGg
769,135,7595.0,1.1410889576281138,3,rrrGGgrrrGGg
770,136,7715.0,1.1636858072810057,3,rrrGGgrrrGGg
771,136,7835.0,1.1996547649406195,3,rrrGGgrrrGGg
772,137,7955.0,1.2232349341922728,3,rrrGGgrrrGGg
773,137,8075.0,1.2648996261394287,3,rrrGGgrrrGGg
774,136,8195.0,1.2149937713264014,3,rrrGGgrrrGGg
775,137,8315.0,1.2420917513748688,3,rrrGGgrrrGGg
776,137,8435.0,1.2627933235407152,3,rrrGGgrrrGGg
777,137,8555.0,1.2610556131264612,3,rrrGGgrrrGGg
778,136,8675.0,1.1982185884526393,3,rrrGGgrrrGGg
779,136,8795.0,1.2201078598750934,3,rrrGGgrrrGGg
780,136,8915.0,1.1301172986032728,3,rrrGGgrrrGGg
781,136,9035.0,1.1663618648267668,3,rrrGGgrrrGGg
782,137,9155.0,1.1923832823568967,3,rrrGGgrrrGGg
783,137,9275.0,1.229980372106037,3,rrrGGgrrrGGg
784,137,9395.0,1.2383987659027256,3,rrrGGgrrrGGg
785,137,9515.0,1.2427501313364033,3,rrrGGgrrrGGg
786,137,9635.0,1.2538359115469608,3,rrrGGgrrrGGg
787,135,9755.0,1.0875233502318093,3,rrrGGgrrrGGg
788,136,9875.0,1.1308078534955315,3,rrrGGgrrrGGg
789,137,9995.0,1.1433824576657692,3,rrrGGgrrrGGg
790,137,10115.0,1.1830605577841957,3,rrrGGgrrrGGg
791,136,10235.0,1.144838604443631,3,rrrGGgrrrGGg
792,136,10355.0,1.1877219806657877,3,rrrGGgrrrGGg
793,136,10475.0,1.2024495146664045,3,rrrGGgrrrGGg
794,136,10595.0,1.2079474948225517,3,rrrGGgrrrGGg
795,137,10715.0,1.1871508553424612,3,rrrGGgrrrGGg
796,138,10835.0,1.1678918129568046,3,rrrGGgrrrGGg
797,138,10955.0,1.1600018778550254,3,rrrGGgrrrGGg
798,138,11075.0,1.2114387032953868,3,rrrGGgrrrGGg
799,138,11195.0,1.255072716456254,3,rrrGGgrrrGGg
800,137,11315.0,1.2065036954083657,3,rrrGGgrrrGGg
801,137,11435.0,1.2501964663619114,3,rrrGGgrrrGGg
802,137,11555.0,1.1917235170038156,3,rrrGGgrrrGGg
803,137,11675.0,1.197216354520786,3,rrrGGgrrrGGg
804,137,11795.0,1.207595897671169,3,rrrGGgrrrGGg
805,138,11915.0,1.240311318206956,3,rrrGGgrrrGGg
806,137,12035.0,1.199293685668631,3,rrrGGgrrrGGg
807,137,12155.0,1.2436390614019512,3,rrrGGgrrrGGg
808,137,12275.0,1.255891608443967,3,rrrGGgrrrGGg
809,137,12395.0,1.2913387167358281,3,rrrGGgrrrGGg
810,136,12515.0,1.206281350556022,3,rrrGGgrrrGGg
811,136,12635.0,1.2453348620386306,3,rrrGGgrrrGGg
812,136,12755.0,1.2856085947155418,3,rrrGGgrrrGGg
813,137,12875.0,1.2949223707835544,3,rrrGGgrrrGGg
814,135,12995.0,1.1395521399957549,3,rrrGGgrrrGGg
815,136,13115.0,1.1760667121627264,3,rrrGGgrrrGGg
816,136,13235.0,1.1896167119601015,3,rrrGGgrrrGGg
817,136,13355.0,1.21550612007969,3,rrrGGgrrrGGg
818,136,13475.0,1.2518434467547437,3,rrrGGgrrrGGg
819,136,13595.0,1.2611779525715807,3,rrrGGgrrrGGg
820,137,13715.0,1.2164671885506355,3,rrrGGgrrrGGg
821,136,13835.0,1.1293508880399794,3,rrrGGgrrrGGg
822,137,13955.0,1.1629217816395108,3,rrrGGgrrrGGg
823,135,14075.0,1.0135410475217435,3,rrrGGgrrrGGg
824,135,14195.0,1.0574997633644352,3,rrrGGgrrrGGg
825,135,14315.0,1.1014767939787573,3,rrrGGgrrrGGg
826,135,14435.0,1.1416214356168355,3,rrrGGgrrrGGg
827,135,14555.0,1.1774081858215428,3,rrrGGgrrrGGg
828,135,14675.0,1.205272213525,3,rrrGGgrrrGGg
829,135,14795.0,1.0866650338552821,3,rrrGGgrrrGGg
830,136,14915.0,1.0537814755400754,3,rrrGGgrrrGGg
831,136,15035.0,1.0994485982560775,3,rrrGGgrrrGGg
832,136,15155.0,1.1352904656036265,3,rrrGGgrrrGGg
833,136,15275.0,1.1721031472857306,3,rrrGGgrrrGGg
834,135,15395.0,1.1261284169750403,3,rrrGGgrrrGGg
835,135,15515.0,1.1304858096223502,3,rrrGGgrrrGGg
836,135,15635.0,1.140957749457619,3,rrrGGgrrrGGg
837,136,15755.0,1.1550138690003233,3,rrrGGgrrrGGg
838,136,15875.0,1.1568224063163812,3,rrrGGgrrrGGg
839,136,15995.0,1.1523890511010857,3,rrrGGgrrrGGg
840,136,16115.0,1.1838399496574736,3,rrrGGgrrrGGg
841,136,16235.0,1.2107633194637335,3,rrrGGgrrrGGg
842,136,16355.0,1.1495026836143116,3,rrrGGgrrrGGg
843,135,16475.0,1.0925945827380552,3,rrrGGgrrrGGg
844,132,16595.0,0.8612259349141764,3,rrrGGgrrrGGg
845,133,16715.0,0.888262166405479,3,rrrGGgrrrGGg
846,133,16835.0,0.9269752517114791,3,rrrGGgrrrGGg
847,133,16955.0,0.9591081527947372,3,rrrGGgrrrGGg
848,133,17075.0,0.9614835298153638,3,rrrGGgrrrGGg
849,133,17195.0,0.9546783380182775,3,rrrGGgrrrGGg
850,134,17315.0,0.9499162817611011,3,rrrGGgrrrGGg
851,134,17435.0,0.9889653803128193,3,rrrGGgrrrGGg
852,134,17555.0,1.0214524909776024,3,rrrGGgrrrGGg
853,134,17675.0,1.0197789283599914,3,rrrGGgrrrGGg
854,134,17795.0,1.0293753396713887,3,rrrGGgrrrGGg
855,134,17915.0,0.9628180634820495,3,rrrGGgrrrGGg
856,134,18035.0,0.9740911805979834,3,rrrGGgrrrGGg
857,134,18155.0,0.9224346860471582,3,rrrGGgrrrGGg
858,134,18275.0,0.9478017100784968,3,rrrGGgrrrGGg
859,134,18395.0,0.9843015977995128,3,rrrGGgrrrGGg
860,135,18515.0,1.0181890698793976,3,rrrGGgrrrGGg
861,135,18635.0,0.9920425980968596,3,rrrGGgrrrGGg
862,135,18755.0,0.9958166162392663,3,rrrGGgrrrGGg
863,135,18875.0,0.9644346153361457,3,rrrGGgrrrGGg
864,135,18995.0,1.016600153886135,3,rrrGGgrrrGGg
865,136,19115.0,1.0619872808687276,3,rrrGGgrrrGGg
866,135,19235.0,1.0256942922417205,3,rrrGGgrrrGGg
867,135,19355.0,1.0770342738763043,3,rrrGGgrrrGGg
868,135,19475.0,1.1232554261916092,3,rrrGGgrrrGGg
869,135,19595.0,1.1612187390169957,3,rrrGGgrrrGGg
870,136,19715.0,1.1548024141129503,3,rrrGGgrrrGGg
871,137,19835.0,1.1722007587234147,3,rrrGGgrrrGGg
872,137,19955.0,1.2162924614009143,3,rrrGGgrrrGGg
873,137,20075.0,1.247234683915364,3,rrrGGgrrrGGg
874,137,20195.0,1.2592966755048485,3,rrrGGgrrrGGg
875,137,20315.0,1.3046940147285324,3,rrrGGgrrrGGg
876,137,20435.0,1.3478914194530898,3,rrrGGgrrrGGg
877,136,20555.0,1.1543300199308522,3,rrrGGgrrrGGg
878,136,20675.0,1.1683391184904606,3,rrrGGgrrrGGg
879,135,20795.0,1.1302441937993202,3,rrrGGgrrrGGg
880,135,20915.0,1.1689403737253017,3,rrrGGgrrrGGg
881,135,21035.0,1.2003569222860657,3,rrrGGgrrrGGg
882,137,21155.0,1.1912052200207974,3,rrrGGgrrrGGg
883,137,21275.0,1.2023338002177244,3,rrrGGgrrrGGg
884,136,21395.0,1.1331187558955438,3,rrrGGgrrrGGg
885,136,21515.0,1.1797547997180187,3,rrrGGgrrrGGg
886,135,21635.0,1.131281879518673,3,rrrGGgrrrGGg
887,135,21755.0,1.134932523685605,3,rrrGGgrrrGGg
888,136,21875.0,1.1404470926844759,3,rrrGGgrrrGGg
889,136,21995.0,1.0707537197877395,3,rrrGGgrrrGGg
890,136,22115.0,1.0887782492797955,3,rrrGGgrrrGGg
891,136,22235.0,1.133887629866964,3,rrrGGgrrrGGg
892,136,22355.0,1.1777168089155536,3,rrrGGgrrrGGg
893,136,22475.0,1.1898728824161051,3,rrrGGgrrrGGg
894,137,22595.0,1.1899913587918536,3,rrrGGgrrrGGg
895,137,22715.0,1.2011810979179292,3,rrrGGgrrrGGg
896,136,22835.0,1.1355928657561103,3,rrrGGgrrrGGg
897,135,22955.0,1.0643061530820184,3,rrrGGgrrrGGg
898,135,23075.0,1.1185171653243116,3,rrrGGgrrrGGg
899,135,23195.0,1.1647586752297412,3,rrrGGgrrrGGg
900,136,23315.0,1.2089518837352435,3,rrrGGgrrrGGg
901,137,23435.0,1.2428400026339355,3,rrrGGgrrrGGg
902,137,23555.0,1.2444905375477393,3,rrrGGgrrrGGg
903,137,23675.0,1.2446453875659393,3,rrrGGgrrrGGg
904,136,23795.0,1.20583508676776,3,rrrGGgrrrGGg
905,136,23915.0,1.249011259613233,3,rrrGGgrrrGGg
906,136,24035.0,1.2918945470028476,3,rrrGGgrrrGGg
907,136,24155.0,1.219754169089143,3,rrrGGgrrrGGg
908,136,24275.0,1.2624234089242097,3,rrrGGgrrrGGg
909,137,24395.0,1.2621038442387211,3,rrrGGgrrrGGg
910,137,24515.0,1.2754372727710765,3,rrrGGgrrrGGg
911,137,24635.0,1.3101733873555128,3,rrrGGgrrrGGg
912,138,24755.0,1.3446170235805863,3,rrrGGgrrrGGg
913,138,24875.0,1.3541090536864318,3,rrrGGgrrrGGg
914,138,24995.0,1.3844093685692136,3,rrrGGgrrrGGg
915,137,25115.0,1.302481800314756,3,rrrGGgrrrGGg
916,137,25235.0,1.2995737428600984,3,rrrGGgrrrGGg
917,138,25355.0,1.2283975532859848,3,rrrGGgrrrGGg
918,137,25475.0,1.1474111059625256,3,rrrGGgrrrGGg
919,137,25595.0,1.1596458403674343,3,rrrGGgrrrGGg
920,137,25715.0,1.1765324110985294,3,rrrGGgrrrGGg
921,135,25835.0,1.014703985779556,3,rrrGGgrrrGGg
922,136,25955.0,1.0476045095939226,3,rrrGGgrrrGGg
923,136,26075.0,1.0787231371370456,3,rrrGGgrrrGGg
924,137,26195.0,1.0844640477942031,3,rrrGGgrrrGGg
925,137,26315.0,1.1097827229049737,3,rrrGGgrrrGGg
926,137,26435.0,1.1164441170501789,3,rrrGGgrrrGGg
927,138,26555.0,1.1523219077279645,3,rrrGGgrrrGGg
928,137,26675.0,1.115832876540122,3,rrrGGgrrrGGg
929,136,26795.0,1.061461581441754,3,rrrGGgrrrGGg
930,136,26915.0,1.119849352655647,3,rrrGGgrrrGGg
931,136,27035.0,1.1673531493198315,3,rrrGGgrrrGGg
932,137,27155.0,1.1703758661478336,3,rrrGGgrrrGGg
933,137,27275.0,1.088938847838215,3,rrrGGgrrrGGg
934,137,27395.0,1.1113122235310964,3,rrrGGgrrrGGg
935,136,27515.0,1.0468607700490602,3,rrrGGgrrrGGg
936,136,27635.0,1.1036344172526744,3,rrrGGgrrrGGg
937,137,27755.0,1.1488553017048795,3,rrrGGgrrrGGg
938,137,27875.0,1.2028046474821974,3,rrrGGgrrrGGg
939,137,27995.0,1.2535697004563402,3,rrrGGgrrrGGg
940,138,28115.0,1.3058742973598505,3,rrrGGgrrrGGg
941,138,28235.0,1.35144623540937,3,rrrGGgrrrGGg
942,138,28355.0,1.3706701677491797,3,rrrGGgrrrGGg
943,138,28475.0,1.3844936126359246,3,rrrGGgrrrGGg
944,139,28595.0,1.3934245672261145,3,rrrGGgrrrGGg
945,139,28715.0,1.4223401054411515,3,rrrGGgrrrGGg
946,139,28835.0,1.466058912851619,3,rrrGGgrrrGGg
947,140,28955.0,1.4956669197827999,3,rrrGGgrrrGGg
948,140,29075.0,1.5305199959557505,3,rrrGGgrrrGGg
949,139,29195.0,1.4449503767486644,3,rrrGGgrrrGGg
950,139,29315.0,1.3596054635443702,3,rrrGGgrrrGGg
951,139,29435.0,1.3986120542388274,3,rrrGGgrrrGGg
952,140,29555.0,1.4281800087049228,3,rrrGGgrrrGGg
953,140,29675.0,1.4410470561284197,3,rrrGGgrrrGGg
954,138,29795.0,1.313795610463208,3,rrrGGgrrrGGg
955,138,29915.0,1.3606601487196648,3,rrrGGgrrrGGg
956,138,30035.0,1.4070390097449808,3,rrrGGgrrrGGg
957,137,30155.0,1.3600615001780254,3,rrrGGgrrrGGg
958,137,30275.0,1.3629178552406742,3,rrrGGgrrrGGg
959,136,30395.0,1.2822847648711255,3,rrrGGgrrrGGg
960,136,30515.0,1.2834022359084225,3,rrrGGgrrrGGg
961,137,30635.0,1.214842538661839,3,rrrGGgrrrGGg
962,137,30755.0,1.2540513716453254,3,rrrGGgrrrGGg
963,137,30875.0,1.2899692366122726,3,rrrGGgrrrGGg
964,137,30995.0,1.3230767137990387,3,rrrGGgrrrGGg
965,137,31115.0,1.2943056047670498,3,rrrGGgrrrGGg
966,137,31235.0,1.279768814518388,3,rrrGGgrrrGGg
967,138,31355.0,1.3178484196338114,3,rrrGGgrrrGGg
968,138,31475.0,1.3673967423538347,3,rrrGGgrrrGGg
969,137,31595.0,1.2039654998939213,3,rrrGGgrrrGGg
970,136,31715.0,1.1559865531214462,3,rrrGGgrrrGGg
971,136,31835.0,1.196319383258256,3,rrrGGgrrrGGg
972,136,31955.0,1.196711686596722,3,rrrGGgrrrGGg
973,136,32075.0,1.213977004366872,3,rrrGGgrrrGGg
974,135,32195.0,1.162817005658305,3,rrrGGgrrrGGg
975,135,32315.0,1.191875284404506,3,rrrGGgrrrGGg
976,136,32435.0,1.1847396463539008,3,rrrGGgrrrGGg
977,137,32555.0,1.2025356712717683,3,rrrGGgrrrGGg
978,136,32374.0,1.2469659586791426,3,rrrGGgrrrGGg
979,136,32194.0,1.2514146537416213,3,rrrGGgrrrGGg
980,136,31712.0,1.3762120551102486,3,rrrGGgrrrGGg
981,136,31228.0,1.4391864873564055,3,rrrGGgrrrGGg
982,137,30743.0,1.4856316381570478,3,rrrGGgrrrGGg
983,138,30258.0,1.4987011774667751,3,rrrGGgrrrGGg
984,138,29471.0,1.6035451488057602,3,rrrGGgrrrGGg
985,138,28979.0,1.6336258797264018,3,rrrGGgrrrGGg
986,137,28191.0,1.6146677149763617,3,rrrGGgrrrGGg
987,136,27700.0,1.5929580896775641,3,rrrGGgrrrGGg
988,136,26912.0,1.644626853612507,3,rrrGGgrrrGGg
989,137,26122.0,1.6776435088837454,3,rrrGGgrrrGGg
990,138,25333.0,1.695929865202003,3,rrrGGgrrrGGg
991,138,24840.0,1.7487823943310317,3,rrrGGgrrrGGg
992,136,24349.0,1.604575411182772,3,rrrGGgrrrGGg
993,136,23562.0,1.6527456331147439,3,rrrGGgrrrGGg
994,136,22775.0,1.6585897952983157,3,rrrGGgrrrGGg
995,136,21689.0,1.7814398663860447,3,rrrGGgrrrGGg
996,136,20895.0,1.7600624989722828,3,rrrGGgrrrGGg
997,136,20098.0,1.7914131560170292,3,rrrGGgrrrGGg
998,136,19008.0,1.727674096055331,3,rrrGGgrrrGGg
999,135,17917.0,1.6852642082578502,3,rrrGGgrrrGGg
1000,135,17126.0,1.5743117628706027,3,rrrGGgrrrGGg
1001,134,16333.0,1.5272241179921455,3,rrrGGgrrrGGg
1002,133,15537.0,1.4427891538651114,3,rrrGGgrrrGGg
1003,133,14741.0,1.4568288153782345,3,rrrGGgrrrGGg
1004,133,14235.0,1.481519738498187,3,rrrGGgrrrGGg
1005,134,12850.0,1.5112634801358753,3,rrrGGgrrrGGg
1006,133,12054.0,1.4503355346535547,3,rrrGGgrrrGGg
1007,132,11260.0,1.3823661119092308,3,rrrGGgrrrGGg
1008,132,10171.0,1.3731294938973198,3,rrrGGgrrrGGg
1009,131,9080.0,1.3061277650767087,3,rrrGGgrrrGGg
1010,130,8574.0,1.215299250004705,3,rrrGGgrrrGGg
1011,131,8065.0,1.252261030558266,3,rrrGGgrrrGGg
1012,132,7269.0,1.2820029858105426,3,rrrGGgrrrGGg
1013,132,7063.0,1.3284594278409358,3,rrrGGgrrrGGg
1014,132,6563.0,1.3296688956381824,3,rrrGGgrrrGGg
1015,132,6068.0,1.3379955032960986,3,rrrGGgrrrGGg
1016,131,5572.0,1.2493978914419972,3,rrrGGgrrrGGg
1017,132,5076.0,1.2680374595511668,3,rrrGGgrrrGGg
1018,133,4586.0,1.2869586345753277,3,rrrGGgrrrGGg
1019,132,4386.0,1.2523553431464345,3,rrrGGgrrrGGg
1020,132,3898.0,1.2968217234053316,3,rrrGGgrrrGGg
1021,132,3701.0,1.3207075602185414,3,rrrGGgrrrGGg
1022,132,3213.0,1.345259026647753,3,rrrGGgrrrGGg
1023,132,2728.0,1.3461722700349394,3,rrrGGgrrrGGg
1024,132,2534.0,1.3582882968742385,3,rrrGGgrrrGGg
1025,132,2341.0,1.3661993025187031,3,rrrGGgrrrGGg
1026,133,2149.0,1.3898684564686783,3,rrrGGgrrrGGg
1027,135,2248.0,1.408721275806873,3,rrrGGgrrrGGg
1028,134,2057.0,1.3202444047991415,3,rrrGGgrrrGGg
1029,133,2157.0,1.2672541971584275,3,rrrGGgrrrGGg
1030,134,2258.0,1.2932711199989897,3,rrrGGgrrrGGg
1031,135,2361.0,1.2915901660888605,3,rrrGGgrrrGGg
1032,135,2464.0,1.1866930449424093,3,rrrGGgrrrGGg
1033,134,2571.0,1.115173626606571,3,rrrGGgrrrGGg
1034,134,2678.0,1.1545099441147177,3,rrrGGgrrrGGg
1035,135,2786.0,1.183555986210654,3,rrrGGgrrrGGg
1036,134,2897.0,1.131129703100868,3,rrrGGgrrrGGg
1037,134,3007.0,1.1641847182248113,3,rrrGGgrrrGGg
1038,135,3121.0,1.1906027063741296,3,rrrGGgrrrGGg
1039,135,3235.0,1.2246699466592863,3,rrrGGgrrrGGg
1040,134,3352.0,1.171757944489359,3,rrrGGgrrrGGg
1041,133,3469.0,1.1202903436356404,3,rrrGGgrrrGGg
1042,134,3587.0,1.1500407887507798,3,rrrGGgrrrGGg
1043,134,3705.0,1.1877394488813293,3,rrrGGgrrrGGg
1044,135,3823.0,1.1870314603965388,3,rrrGGgrrrGGg
1045,135,3941.0,1.1635980512927242,3,rrrGGgrrrGGg
1046,135,4059.0,1.2152786958636153,3,rrrGGgrrrGGg
1047,135,4177.0,1.2586448558304495,3,rrrGGgrrrGGg
1048,134,4295.0,1.195207827110801,3,rrrGGgrrrGGg
1049,135,4413.0,1.1987671577130994,3,rrrGGgrrrGGg
1050,136,4531.0,1.1755487235340698,3,rrrGGgrrrGGg
1051,136,4649.0,1.2199615139833961,3,rrrGGgrrrGGg
1052,136,4767.0,1.274526457522175,3,rrrGGgrrrGGg
1053,136,4885.0,1.3002143387755096,3,rrrGGgrrrGGg
1054,137,5003.0,1.3080484473706624,3,rrrGGgrrrGGg
1055,135,5121.0,1.1657590952145935,3,rrrGGgrrrGGg
1056,136,5239.0,1.2011278826259406,3,rrrGGgrrrGGg
1057,136,5358.0,1.2488890398395136,3,rrrGGgrrrGGg
1058,136,5477.0,1.2862677641597182,3,rrrGGgrrrGGg
1059,135,5596.0,1.21838186322113,3,rrrGGgrrrGGg
1060,134,5715.0,1.140666135576131,3,rrrGGgrrrGGg
1061,134,5834.0,1.144649093636635,3,rrrGGgrrrGGg
1062,135,5953.0,1.1618930487617463,3,rrrGGgrrrGGg
1063,136,6072.0,1.1959659191827452,3,rrrGGgrrrGGg
1064,136,6191.0,1.2439586611113742,3,rrrGGgrrrGGg
1065,136,6310.0,1.2596749979228181,3,rrrGGgrrrGGg
1066,136,6429.0,1.295967883997985,3,rrrGGgrrrGGg
1067,136,6548.0,1.3112139350459409,3,rrrGGgrrrGGg
1068,136,6667.0,1.3304475625245435,3,rrrGGgrrrGGg
1069,136,6786.0,1.3739884672787759,3,rrrGGgrrrGGg
1070,136,6905.0,1.302228866224351,3,rrrGGgrrrGGg
1071,136,7024.0,1.2207967321204194,3,rrrGGgrrrGGg
1072,136,7143.0,1.2597922135150057,3,rrrGGgrrrGGg
1073,135,7262.0,1.1536707568323892,3,rrrGGgrrrGGg
1074,135,7381.0,1.1651684011582013,3,rrrGGgrrrGGg
1075,135,7500.0,1.2072060511365674,3,rrrGGgrrrGGg
1076,136,7619.0,1.2159498126132224,3,rrrGGgrrrGGg
1077,136,7738.0,1.2742787041889574,3,rrrGGgrrrGGg
1078,137,7857.0,1.31299211098379,3,rrrGGgrrrGGg
1079,136,7976.0,1.2888400351152516,3,rrrGGgrrrGGg
1080,136,8095.0,1.3360993378721884,3,rrrGGgrrrGGg
1081,136,8214.0,1.3347821535903446,3,rrrGGgrrrGGg
1082,137,8333.0,1.335071017501265,3,rrrGGgrrrGGg
1083,137,8452.0,1.3491034814606147,3,rrrGGgrrrGGg
1084,137,8571.0,1.3852821233603632,3,rrrGGgrrrGGg
1085,136,8690.0,1.3029675013638033,3,rrrGGgrrrGGg
1086,137,8809.0,1.3024296669150899,3,rrrGGgrrrGGg
1087,137,8928.0,1.3215700558549792,3,rrrGGgrrrGGg
1088,138,9047.0,1.3264362098791571,3,rrrGGgrrrGGg
1089,137,9166.0,1.2929148647346116,3,rrrGGgrrrGGg
1090,136,9285.0,1.2452404212009638,3,rrrGGgrrrGGg
1091,137,9404.0,1.2846681304189231,3,rrrGGgrrrGGg
1092,137,9523.0,1.329882908035512,3,rrrGGgrrrGGg
1093,137,9642.0,1.3560151905727875,3,rrrGGgrrrGGg
1094,136,9761.0,1.2789318494280735,3,rrrGGgrrrGGg
1095,136,9880.0,1.3236455729388952,3,rrrGGgrrrGGg
1096,135,9999.0,1.2460073563753407,3,rrrGGgrrrGGg
1097,137,10118.0,1.225886513236589,3,rrrGGgrrrGGg
1098,136,10237.0,1.1742019462452007,3,rrrGGgrrrGGg
1099,136,10356.0,1.2167181695205174,3,rrrGGgrrrGGg
1100,135,10475.0,1.1639406530573906,3,rrrGGgrrrGGg
1101,135,10594.0,1.2011024307244265,3,rrrGGgrrrGGg
1102,135,10713.0,1.2079364291228516,3,rrrGGgrrrGGg
1103,135,10832.0,1.202980010489075,3,rrrGGgrrrGGg
1104,136,10951.0,1.2176852265161655,3,rrrGGgrrrGGg
1105,136,11070.0,1.2680102257127575,3,rrrGGgrrrGGg
1106,137,11189.0,1.314795280935308,3,rrrGGgrrrGGg
1107,137,11308.0,1.3532367657715687,3,rrrGGgrrrGGg
1108,136,11427.0,1.2722823698210117,3,rrrGGgrrrGGg
1109,136,11546.0,1.2260698982305833,3,rrrGGgrrrGGg
1110,135,11665.0,1.1868738325104111,3,rrrGGgrrrGGg
1111,135,11784.0,1.2107115450256272,3,rrrGGgrrrGGg
1112,135,11903.0,1.2430154009720773,3,rrrGGgrrrGGg
1113,134,12022.0,1.172047038814885,3,rrrGGgrrrGGg
1114,134,12141.0,1.215853091138463,3,rrrGGgrrrGGg
1115,134,12260.0,1.2420252192401833,3,rrrGGgrrrGGg
1116,135,12379.0,1.242834847090069,3,rrrGGgrrrGGg
1117,136,12498.0,1.2527802213260533,3,rrrGGgrrrGGg
1118,136,12617.0,1.2670275379580582,3,rrrGGgrrrGGg
1119,135,12736.0,1.1832816632727596,3,rrrGGgrrrGGg
1120,135,12855.0,1.2007488607232808,3,rrrGGgrrrGGg
1121,136,12974.0,1.238728873742967,3,rrrGGgrrrGGg
1122,136,13093.0,1.2846719753713225,3,rrrGGgrrrGGg
1123,136,13212.0,1.3158033035630379,3,rrrGGgrrrGGg
1124,135,13331.0,1.2343575766994406,3,rrrGGgrrrGGg
1125,136,13450.0,1.2337815916749115,3,rrrGGgrrrGGg
1126,136,13569.0,1.284413718661728,3,rrrGGgrrrGGg
1127,136,13688.0,1.3266390496947087,3,rrrGGgrrrGGg
1128,135,13807.0,1.2709733169241304,3,rrrGGgrrrGGg
1129,135,13926.0,1.153923683582935,3,rrrGGgrrrGGg
1130,135,14045.0,1.148149157166836,3,rrrGGgrrrGGg
1131,135,14164.0,1.203292404844183,3,rrrGGgrrrGGg
1132,135,14283.0,1.2386889489834558,3,rrrGGgrrrGGg
1133,134,14402.0,1.1817277072046164,3,rrrGGgrrrGGg
1134,134,14521.0,1.2284215898371162,3,rrrGGgrrrGGg
1135,135,14640.0,1.2430355492164635,3,rrrGGgrrrGGg
1136,136,14759.0,1.238314348335116,3,rrrGGgrrrGGg
1137,136,14878.0,1.2557347542083808,3,rrrGGgrrrGGg
1138,136,14997.0,1.2619878998010516,3,rrrGGgrrrGGg
1139,135,15116.0,1.2236237609864362,3,rrrGGgrrrGGg
1140,135,15235.0,1.257328528852036,3,rrrGGgrrrGGg
1141,135,15354.0,1.1538891924113774,3,rrrGGgrrrGGg
1142,136,15473.0,1.1907778138900635,3,rrrGGgrrrGGg
1143,134,15592.0,1.0482161055758101,3,rrrGGgrrrGGg
1144,134,15711.0,1.101592026017173,3,rrrGGgrrrGGg
1145,134,15830.0,1.1493953828345431,3,rrrGGgrrrGGg
1146,135,15949.0,1.180748173357152,3,rrrGGgrrrGGg
1147,135,16068.0,1.228989429758095,3,rrrGGgrrrGGg
1148,135,16187.0,1.2691564953133285,3,rrrGGgrrrGGg
1149,136,16306.0,1.2618890776080371,3,rrrGGgrrrGGg
1150,136,16425.0,1.2847244424790143,3,rrrGGgrrrGGg
1151,135,16544.0,1.1889281236060454,3,rrrGGgrrrGGg
1152,136,16663.0,1.206468660209337,3,rrrGGgrrrGGg
1153,136,16782.0,1.2222687427131864,3,rrrGGgrrrGGg
1154,136,16901.0,1.267254295382745,3,rrrGGgrrrGGg
1155,134,17020.0,1.1253516005783604,3,rrrGGgrrrGGg
1156,134,17139.0,1.15068635888298,3,rrrGGgrrrGGg
1157,136,17258.0,1.1587208537384577,3,rrrGGgrrrGGg
1158,136,17377.0,1.1685884738095023,3,rrrGGgrrrGGg
1159,136,17496.0,1.215658694798842,3,rrrGGgrrrGGg
1160,135,17615.0,1.1435291301678168,3,rrrGGgrrrGGg
1161,135,17734.0,1.1652665863028884,3,rrrGGgrrrGGg
1162,136,17853.0,1.2064356290663905,3,rrrGGgrrrGGg
1163,136,17972.0,1.252782365320616,3,rrrGGgrrrGGg
1164,134,18091.0,1.0970739017281324,3,rrrGGgrrrGGg
1165,134,18210.0,1.1389231977388032,3,rrrGGgrrrGGg
1166,135,18329.0,1.1708750838580833,3,rrrGGgrrrGGg
1167,136,18448.0,1.202612235351545,3,rrrGGgrrrGGg
1168,136,18567.0,1.183846618892892,3,rrrGGgrrrGGg
1169,136,18686.0,1.1684045960849687,3,rrrGGgrrrGGg
1170,135,18805.0,1.1122630894419374,3,rrrGGgrrrGGg
1171,136,18924.0,1.1545835416112733,3,rrrGGgrrrGGg
1172,136,19043.0,1.170877473058356,3,rrrGGgrrrGGg
1173,137,19162.0,1.1716788225966535,3,rrrGGgrrrGGg
1174,137,19281.0,1.2160638572066473,3,rrrGGgrrrGGg
1175,137,19400.0,1.2279490612266544,3,rrrGGgrrrGGg
1176,137,19519.0,1.2764209821218067,3,rrrGGgrrrGGg
1177,136,19638.0,1.2407510779002742,3,rrrGGgrrrGGg
1178,138,19757.0,1.2330914660902677,3,rrrGGgrrrGGg
1179,138,19876.0,1.2616245520592317,3,rrrGGgrrrGGg
1180,138,19995.0,1.3225195898999327,3,rrrGGgrrrGGg
1181,138,20114.0,1.3464386283270542,3,rrrGGgrrrGGg
1182,138,20233.0,1.4022160864453979,3,rrrGGgrrrGGg
1183,140,20352.0,1.4439006906447085,3,rrrGGgrrrGGg
1184,139,20472.0,1.3821437632190645,3,rrrGGgrrrGGg
1185,137,20590.0,1.262210968470031,3,rrrGGgrrrGGg
1186,137,20709.0,1.3071529390783865,3,rrrGGgrrrGGg
1187,137,20828.0,1.354720632373865,3,rrrGGgrrrGGg
1188,137,20947.0,1.4032081550587459,3,rrrGGgrrrGGg
1189,137,21066.0,1.439677316167857,3,rrrGGgrrrGGg
1190,138,21185.0,1.3974854216435486,3,rrrGGgrrrGGg
1191,138,21304.0,1.4172395497297023,3,rrrGGgrrrGGg
1192,138,21423.0,1.459907197365779,3,rrrGGgrrrGGg
1193,138,21542.0,1.5126029725435948,3,rrrGGgrrrGGg
1194,139,21661.0,1.5459849195191577,3,rrrGGgrrrGGg
1195,139,21780.0,1.453172841805511,3,rrrGGgrrrGGg
1196,139,21899.0,1.479621074394393,3,rrrGGgrrrGGg
1197,137,22018.0,1.3378393028164226,3,rrrGGgrrrGGg
1198,137,22137.0,1.319366983578698,3,rrrGGgrrrGGg
1199,137,22256.0,1.3624848769409859,3,rrrGGgrrrGGg
1200,138,22375.0,1.3673378582547586,3,rrrGGgrrrGGg
1201,137,22494.0,1.3115634844572568,3,rrrGGgrrrGGg
1202,137,22613.0,1.3706315982874564,3,rrrGGgrrrGGg
1203,137,22732.0,1.40948790783938,3,rrrGGgrrrGGg
1204,138,22851.0,1.416676539364256,3,rrrGGgrrrGGg
1205,137,22970.0,1.3138029203501178,3,rrrGGgrrrGGg
1206,136,23089.0,1.2711359752459417,3,rrrGGgrrrGGg
1207,136,23208.0,1.3232508296023564,3,rrrGGgrrrGGg
1208,136,23327.0,1.370321511971148,3,rrrGGgrrrGGg
1209,137,23446.0,1.3826283456517197,3,rrrGGgrrrGGg
1210,136,23565.0,1.2853598162427782,3,rrrGGgrrrGGg
1211,136,23684.0,1.2632447103354356,3,rrrGGgrrrGGg
1212,137,23803.0,1.3063622062795615,3,rrrGGgrrrGGg
1213,137,23922.0,1.361120951119358,3,rrrGGgrrrGGg
1214,136,24041.0,1.3101966697007745,3,rrrGGgrrrGGg
1215,136,24160.0,1.3167766468349011,3,rrrGGgrrrGGg
1216,137,24279.0,1.2869590571186715,3,rrrGGgrrrGGg
1217,136,24398.0,1.2116627037614738,3,rrrGGgrrrGGg
1218,137,24517.0,1.2551650332463586,3,rrrGGgrrrGGg
1219,137,24636.0,1.3030442074920028,3,rrrGGgrrrGGg
1220,137,24755.0,1.356269945714095,3,rrrGGgrrrGGg
1221,137,24874.0,1.2976858128204973,3,rrrGGgrrrGGg
1222,137,24993.0,1.311575060617261,3,rrrGGgrrrGGg
1223,137,25112.0,1.3357558156372697,3,rrrGGgrrrGGg
1224,136,25231.0,1.2940300049413958,3,rrrGGgrrrGGg
1225,136,25350.0,1.2329594399904193,3,rrrGGgrrrGGg
1226,136,25469.0,1.2764710162387067,3,rrrGGgrrrGGg
1227,137,25588.0,1.2959272133442408,3,rrrGGgrrrGGg
1228,137,25707.0,1.35563733612253,3,rrrGGgrrrGGg
1229,137,25826.0,1.4074477600488577,3,rrrGGgrrrGGg
1230,136,25945.0,1.3613623980965555,3,rrrGGgrrrGGg
1231,136,26064.0,1.4112188255387905,3,rrrGGgrrrGGg
1232,137,26183.0,1.4444146291877178,3,rrrGGgrrrGGg
1233,137,26302.0,1.489439931560237,3,rrrGGgrrrGGg
1234,137,26421.0,1.5294944203168497,3,rrrGGgrrrGGg
1235,135,26540.0,1.3783011194269454,3,rrrGGgrrrGGg
1236,136,26659.0,1.3700842823953427,3,rrrGGgrrrGGg
1237,135,26778.0,1.2837563605880682,3,rrrGGgrrrGGg
1238,135,26897.0,1.3257515523409205,3,rrrGGgrrrGGg
1239,135,27016.0,1.3551184153443583,3,rrrGGgrrrGGg
1240,135,27135.0,1.38279837407626,3,rrrGGgrrrGGg
1241,135,27254.0,1.2946222601998607,3,rrrGGgrrrGGg
1242,135,27373.0,1.3237405046474267,3,rrrGGgrrrGGg
1243,134,27492.0,1.2343056722586707,3,rrrGGgrrrGGg
1244,133,27611.0,1.121948769510729,3,rrrGGgrrrGGg
1245,134,27730.0,1.1494517250997542,3,rrrGGgrrrGGg
1246,134,27849.0,1.1790820703191667,3,rrrGGgrrrGGg
1247,134,27968.0,1.2128696136986044,3,rrrGGgrrrGGg
1248,134,28087.0,1.2485135261195044,3,rrrGGgrrrGGg
1249,133,28206.0,1.1479932420934944,3,rrrGGgrrrGGg
1250,134,28325.0,1.1355411605620356,3,rrrGGgrrrGGg
1251,132,28444.0,0.9175407878943865,3,rrrGGgrrrGGg
1252,133,28563.0,0.9254678173676513,3,rrrGGgrrrGGg
1253,133,28682.0,0.9606078727996202,3,rrrGGgrrrGGg
1254,133,28801.0,1.0142031494208683,3,rrrGGgrrrGGg
1255,134,28920.0,1.0621214970844781,3,rrrGGgrrrGGg
1256,134,29039.0,1.1119677787338864,3,rrrGGgrrrGGg
1257,134,29158.0,1.1543092745334405,3,rrrGGgrrrGGg
1258,134,29277.0,1.195256616661586,3,rrrGGgrrrGGg
1259,135,29396.0,1.2228373322106563,3,rrrGGgrrrGGg
1260,135,29515.0,1.2407532198188158,3,rrrGGgrrrGGg
1261,136,29634.0,1.265731052893019,3,rrrGGgrrrGGg
1262,135,29753.0,1.2055747108104728,3,rrrGGgrrrGGg
1263,135,29872.0,1.235643830322587,3,rrrGGgrrrGGg
1264,134,29991.0,1.144546519169424,3,rrrGGgrrrGGg
1265,134,30110.0,1.1498852719107036,3,rrrGGgrrrGGg
1266,134,30229.0,1.0707557264418266,3,rrrGGgrrrGGg
1267,135,30348.0,1.0982903575847407,3,rrrGGgrrrGGg
1268,135,30467.0,1.1154972180303107,3,rrrGGgrrrGGg
1269,135,30586.0,1.1465644546994034,3,rrrGGgrrrGGg
1270,135,30705.0,1.1901850117323745,3,rrrGGgrrrGGg
1271,135,30824.0,1.2263825137255446,3,rrrGGgrrrGGg
1272,137,30943.0,1.2170556343824737,3,rrrGGgrrrGGg
1273,137,31062.0,1.2399037493102512,3,rrrGGgrrrGGg
1274,137,31181.0,1.2895465341133507,3,rrrGGgrrrGGg
1275,137,31300.0,1.3310646270832878,3,rrrGGgrrrGGg
1276,136,31419.0,1.2815063981301567,3,rrrGGgrrrGGg
1277,136,31538.0,1.1865784291714159,3,rrrGGgrrrGGg
1278,134,31657.0,1.0016035706195865,3,rrrGGgrrrGGg
1279,134,31776.0,1.0527353400825061,3,rrrGGgrrrGGg
1280,134,31895.0,1.1072700093379222,3,rrrGGgrrrGGg
1281,135,32014.0,1.128812622064659,3,rrrGGgrrrGGg
1282,136,32133.0,1.1713654987783864,3,rrrGGgrrrGGg
1283,136,32252.0,1.2111235073222542,3,rrrGGgrrrGGg
1284,136,32371.0,1.2441942556419452,3,rrrGGgrrrGGg
1285,136,32189.0,1.3555206711625154,3,rrrGGgrrrGGg
1286,136,31705.0,1.4947682060289655,3,rrrGGgrrrGGg
1287,138,31220.0,1.5145081002566356,3,rrrGGgrrrGGg
1288,138,30735.0,1.5512019940654318,3,rrrGGgrrrGGg
1289,138,30250.0,1.5909375746438017,3,rrrGGgrrrGGg
1290,137,29763.0,1.5434409806545264,3,rrrGGgrrrGGg
1291,136,28974.0,1.6217678132591824,3,rrrGGgrrrGGg
1292,137,28779.0,1.6622956874469006,3,rrrGGgrrrGGg
1293,137,27988.0,1.6956565431011292,3,rrrGGgrrrGGg
1294,138,27197.0,1.7006226758382492,3,rrrGGgrrrGGg
1295,137,26405.0,1.6726688667271299,4,rrryyyrrryyy
1296,137,25614.0,1.714194685119943,4,rrryyyrrryyy
1297,137,25122.0,1.7348299870787334,4,rrryyyrrryyy
1298,137,24627.0,1.7507209240004873,5,rrrrrrrrrrrr
1299,136,24131.0,1.6706393946629257,5,rrrrrrrrrrrr
1300,136,23020.0,1.735514540289066,0,GGgrrrGGgrrr
1301,137,21911.0,1.7568186122463463,0,GGgrrrGGgrrr
1302,136,20800.0,1.6912914740693175,0,GGgrrrGGgrrr
1303,136,19686.0,1.69893332472012,0,GGgrrrGGgrrr
1304,137,19169.0,1.7277933509280148,0,GGgrrrGGgrrr
1305,137,18051.0,1.782600629589491,0,GGgrrrGGgrrr
1306,136,16936.0,1.747144941152319,0,GGgrrrGGgrrr
1307,136,16114.0,1.8049076828495914,0,GGgrrrGGgrrr
1308,134,14992.0,1.718003552111934,0,GGgrrrGGgrrr
1309,135,14167.0,1.7646930560955851,0,GGgrrrGGgrrr
1310,135,13342.0,1.8707914202511786,0,GGgrrrGGgrrr
1311,133,12509.0,1.7850937458171763,0,GGgrrrGGgrrr
1312,135,11678.0,1.8232454361270025,0,GGgrrrGGgrrr
1313,135,6621.0,1.9173408561764012,0,GGgrrrGGgrrr
1314,135,5771.0,2.039025541065911,0,GGgrrrGGgrrr
1315,133,4628.0,1.9699098750659514,0,GGgrrrGGgrrr
1316,133,3777.0,2.1220224960357155,0,GGgrrrGGgrrr
1317,134,3250.0,2.2900590069621747,0,GGgrrrGGgrrr
1318,134,2982.0,2.4252569283605654,0,GGgrrrGGgrrr
1319,134,2718.0,2.382359784891827,0,GGgrrrGGgrrr
1320,135,463.0,2.445902510723515,0,GGgrrrGGgrrr
1321,136,199.0,2.3969441054477123,0,GGgrrrGGgrrr
1322,137,213.0,2.4577854020194003,0,GGgrrrGGgrrr
1323,137,222.0,2.530245817130165,0,GGgrrrGGgrrr
1324,138,230.0,2.556494318509283,0,GGgrrrGGgrrr
1325,138,241.0,2.5652418500401115,0,GGgrrrGGgrrr
1326,139,256.0,2.5398653772775823,0,GGgrrrGGgrrr
1327,140,261.0,2.6194326074856717,0,GGgrrrGGgrrr
1328,140,267.0,2.7124547996447763,0,GGgrrrGGgrrr
1329,141,274.0,2.822683997663632,0,GGgrrrGGgrrr
1330,142,279.0,2.864066859641541,0,GGgrrrGGgrrr
1331,144,278.0,2.8713937219419563,0,GGgrrrGGgrrr
1332,144,287.0,2.9204177977949377,0,GGgrrrGGgrrr
1333,143,309.0,2.8901677899143,0,GGgrrrGGgrrr
1334,143,343.0,2.9475325514138393,0,GGgrrrGGgrrr
1335,143,351.0,2.8803699547199964,0,GGgrrrGGgrrr
1336,142,363.0,2.7878844234322107,0,GGgrrrGGgrrr
1337,143,393.0,2.875252614269765,0,GGgrrrGGgrrr
1338,143,412.0,2.9008913597618915,0,GGgrrrGGgrrr
1339,143,418.0,2.8214206700766744,0,GGgrrrGGgrrr
1340,142,443.0,2.6706152365251294,0,GGgrrrGGgrrr
1341,142,452.0,2.663278431108,0,GGgrrrGGgrrr
1342,142,459.0,2.7552490939700682,0,GGgrrrGGgrrr
1343,142,474.0,2.788654825188399,0,GGgrrrGGgrrr
1344,142,485.0,2.805788296860529,0,GGgrrrGGgrrr
1345,142,503.0,2.9457066180059015,0,GGgrrrGGgrrr
1346,142,520.0,2.997846346625088,0,GGgrrrGGgrrr
1347,143,540.0,3.1120990344735424,0,GGgrrrGGgrrr
1348,144,558.0,3.2101537375460882,0,GGgrrrGGgrrr
1349,143,582.0,3.245639378464555,0,GGgrrrGGgrrr
1350,142,615.0,3.2534058922462736,0,GGgrrrGGgrrr
1351,142,645.0,3.2391362400244743,0,GGgrrrGGgrrr
1352,141,662.0,3.299506878338784,0,GGgrrrGGgrrr
1353,141,697.0,3.249918454592488,0,GGgrrrGGgrrr
1354,140,720.0,3.2115898704221486,0,GGgrrrGGgrrr
1355,143,756.0,3.2447984506796455,0,GGgrrrGGgrrr
1356,143,788.0,3.3372257944106063,0,GGgrrrGGgrrr
1357,144,824.0,3.4282477817539,0,GGgrrrGGgrrr
1358,143,863.0,3.5579965580566846,0,GGgrrrGGgrrr
1359,143,903.0,3.7464907351671353,0,GGgrrrGGgrrr
1360,143,944.0,3.7468072765054865,1,yyyrrryyyrrr
1361,143,951.0,3.8681587584902632,1,yyyrrryyyrrr
1362,143,958.0,3.818017611229169,1,yyyrrryyyrrr
1363,142,969.0,3.7434874236687494,2,rrrrrrrrrrrr
1364,144,984.0,3.764038126972421,2,rrrrrrrrrrrr
1365,145,813.0,3.8459314436405623,3,rrrGGgrrrGGg
1366,143,672.0,3.835605087936608,3,rrrGGgrrrGGg
1367,143,566.0,3.9254910014281537,3,rrrGGgrrrGGg
1368,143,517.0,3.946787173097513,3,rrrGGgrrrGGg
1369,142,454.0,3.732709196442235,3,rrrGGgrrrGGg
1370,141,407.0,3.525434433990276,3,rrrGGgrrrGGg
1371,143,385.0,3.477673755831441,3,rrrGGgrrrGGg
1372,142,360.0,3.4820619753205238,3,rrrGGgrrrGGg
1373,139,369.0,3.308581443343637,3,rrrGGgrrrGGg
1374,139,360.0,3.338619084878662,3,rrrGGgrrrGGg
1375,139,361.0,3.272882322862072,3,rrrGGgrrrGGg
1376,138,378.0,3.149156837519601,3,rrrGGgrrrGGg
1377,135,410.0,2.9584425419681386,3,rrrGGgrrrGGg
1378,136,424.0,2.9335739948880715,3,rrrGGgrrrGGg
1379,135,442.0,2.8893349943154423,3,rrrGGgrrrGGg
1380,135,464.0,2.7085397019506985,3,rrrGGgrrrGGg
1381,134,492.0,2.6365761474359104,3,rrrGGgrrrGGg
1382,133,546.0,2.5039349055139892,3,rrrGGgrrrGGg
1383,132,560.0,2.4460353549950726,3,rrrGGgrrrGGg
1384,133,613.0,2.5062143719211125,3,rrrGGgrrrGGg
1385,133,644.0,2.4900597800431226,3,rrrGGgrrrGGg
1386,133,677.0,2.571750993423745,3,rrrGGgrrrGGg
1387,134,712.0,2.646039564617948,3,rrrGGgrrrGGg
1388,134,746.0,2.7722639133882647,3,rrrGGgrrrGGg
1389,135,783.0,2.817576413672578,3,rrrGGgrrrGGg
1390,136,842.0,2.818075248432621,3,rrrGGgrrrGGg
1391,136,884.0,2.852756455878797,3,rrrGGgrrrGGg
1392,137,927.0,2.8894229316843703,3,rrrGGgrrrGGg
1393,135,987.0,2.7977380163621777,3,rrrGGgrrrGGg
1394,134,1053.0,2.803832980597081,3,rrrGGgrrrGGg
1395,136,1122.0,2.8651260770823415,3,rrrGGgrrrGGg
1396,137,1193.0,2.8792682838209447,3,rrrGGgrrrGGg
1397,137,1266.0,2.9454710541430225,3,rrrGGgrrrGGg
1398,137,1341.0,2.927834949393549,3,rrrGGgrrrGGg
1399,136,1417.0,2.9267947520363307,3,rrrGGgrrrGGg
1400,138,1495.0,2.9492259130455722,3,rrrGGgrrrGGg
1401,137,1576.0,2.940295999314825,3,rrrGGgrrrGGg
1402,138,1657.0,2.93732036300928,3,rrrGGgrrrGGg
1403,135,1742.0,2.7425317514539445,3,rrrGGgrrrGGg
1404,136,1827.0,2.752638370365353,3,rrrGGgrrrGGg
1405,137,1914.0,2.8035375928044735,3,rrrGGgrrrGGg
1406,138,1999.0,2.803407000561637,3,rrrGGgrrrGGg
1407,138,2086.0,2.799852315419913,3,rrrGGgrrrGGg
1408,137,2176.0,2.7673366407197584,3,rrrGGgrrrGGg
1409,138,2269.0,2.710806087540791,3,rrrGGgrrrGGg
1410,138,2364.0,2.7826796151030173,3,rrrGGgrrrGGg
1411,137,2460.0,2.6062134576915246,3,rrrGGgrrrGGg
1412,135,2557.0,2.3796625822406225,3,rrrGGgrrrGGg
1413,135,2655.0,2.425530706481311,3,rrrGGgrrrGGg
1414,136,2754.0,2.3704074765785057,3,rrrGGgrrrGGg
1415,137,2853.0,2.4120354664975685,3,rrrGGgrrrGGg
1416,136,2953.0,2.3049954846951937,3,rrrGGgrrrGGg
1417,136,3053.0,2.3600296046766815,3,rrrGGgrrrGGg
1418,135,3153.0,2.332017213884227,3,rrrGGgrrrGGg
1419,135,3254.0,2.278657695879737,3,rrrGGgrrrGGg
1420,135,3355.0,2.327362709935743,3,rrrGGgrrrGGg
1421,134,3457.0,2.228611573438971,3,rrrGGgrrrGGg
1422,134,3560.0,2.1103670145324,3,rrrGGgrrrGGg
1423,135,3664.0,2.1089214227045963,3,rrrGGgrrrGGg
1424,133,3768.0,1.8909996998317051,3,rrrGGgrrrGGg
1425,134,3872.0,1.9390117256374988,3,rrrGGgrrrGGg
1426,133,3977.0,1.886036081823781,3,rrrGGgrrrGGg
1427,134,4082.0,1.9108472955984752,3,rrrGGgrrrGGg
1428,134,4188.0,1.849232585940931,3,rrrGGgrrrGGg
1429,133,4295.0,1.8127727066267876,3,rrrGGgrrrGGg
1430,134,4402.0,1.849724250066676,3,rrrGGgrrrGGg
1431,133,4509.0,1.8395678737566226,3,rrrGGgrrrGGg
1432,132,4616.0,1.7627935215838446,3,rrrGGgrrrGGg
1433,134,4723.0,1.7852058598261356,3,rrrGGgrrrGGg
1434,134,4831.0,1.8321243383226247,3,rrrGGgrrrGGg
1435,135,4939.0,1.727980218854012,3,rrrGGgrrrGGg
1436,136,5048.0,1.7631811548846497,3,rrrGGgrrrGGg
1437,135,5157.0,1.6918806591452105,3,rrrGGgrrrGGg
1438,135,5266.0,1.5954803400749313,3,rrrGGgrrrGGg
1439,135,5375.0,1.5188916825302665,3,rrrGGgrrrGGg
1440,135,5485.0,1.5494874179736586,3,rrrGGgrrrGGg
1441,136,5596.0,1.5847594392449085,3,rrrGGgrrrGGg
1442,136,5708.0,1.5007520424204963,3,rrrGGgrrrGGg
1443,138,5818.0,1.5264538235340896,3,rrrGGgrrrGGg
1444,137,5929.0,1.5031181152445119,3,rrrGGgrrrGGg
1445,137,6041.0,1.5349452024370862,3,rrrGGgrrrGGg
1446,138,6153.0,1.4926490461894275,3,rrrGGgrrrGGg
1447,139,6265.0,1.4927738491164542,3,rrrGGgrrrGGg
1448,140,6378.0,1.5374744868654278,3,rrrGGgrrrGGg
1449,140,6492.0,1.4493440348836668,3,rrrGGgrrrGGg
1450,139,6606.0,1.4053597666874227,3,rrrGGgrrrGGg
1451,139,6722.0,1.3462533674607595,3,rrrGGgrrrGGg
1452,139,6838.0,1.336430707765189,3,rrrGGgrrrGGg
1453,139,6955.0,1.1902706353110992,3,rrrGGgrrrGGg
1454,140,7072.0,1.2103132096589422,3,rrrGGgrrrGGg
1455,140,7192.0,1.2633248252460145,3,rrrGGgrrrGGg
1456,142,7312.0,1.2588126374587763,3,rrrGGgrrrGGg
1457,143,7432.0,1.2276367236719048,3,rrrGGgrrrGGg
1458,143,7553.0,1.2122217955004935,3,rrrGGgrrrGGg
1459,144,7676.0,1.2053716838628628,3,rrrGGgrrrGGg
1460,144,7799.0,1.253808318298753,3,rrrGGgrrrGGg
1461,144,7923.0,1.2582985109169649,3,rrrGGgrrrGGg
1462,143,8047.0,1.208598936206492,3,rrrGGgrrrGGg
1463,145,8171.0,1.214594497850571,3,rrrGGgrrrGGg
1464,145,8295.0,1.2340453301710141,3,rrrGGgrrrGGg
1465,142,8420.0,1.0555741250777542,3,rrrGGgrrrGGg
1466,142,8545.0,1.0731877220117192,3,rrrGGgrrrGGg
1467,142,8670.0,1.0871913555295378,3,rrrGGgrrrGGg
1468,144,8795.0,1.094249090740442,3,rrrGGgrrrGGg
1469,145,8920.0,1.1208772560996647,3,rrrGGgrrrGGg
1470,145,9045.0,1.162893258942773,3,rrrGGgrrrGGg
1471,144,9171.0,1.1207952622717863,3,rrrGGgrrrGGg
1472,143,9297.0,1.0819538076305415,3,rrrGGgrrrGGg
1473,143,9423.0,1.1149884572156574,3,rrrGGgrrrGGg
1474,143,9549.0,1.1541699071288798,3,rrrGGgrrrGGg
1475,143,9676.0,1.159756182108482,3,rrrGGgrrrGGg
1476,144,9803.0,1.1407174808723903,3,rrrGGgrrrGGg
1477,144,9930.0,1.1464065506237917,3,rrrGGgrrrGGg
1478,145,10057.0,1.159505139912179,3,rrrGGgrrrGGg
1479,145,10185.0,1.1701561973743857,3,rrrGGgrrrGGg
1480,145,10313.0,1.145043930889011,3,rrrGGgrrrGGg
1481,146,10441.0,1.153710435808107,3,rrrGGgrrrGGg
1482,146,10569.0,1.1644625529428887,3,rrrGGgrrrGGg
1483,146,10698.0,1.1888834318194768,3,rrrGGgrrrGGg
1484,145,10827.0,1.1074696904835761,3,rrrGGgrrrGGg
1485,145,10956.0,1.1417427082695848,3,rrrGGgrrrGGg
1486,146,11085.0,1.163586966863351,3,rrrGGgrrrGGg
1487,147,11214.0,1.1891126381540118,3,rrrGGgrrrGGg
1488,146,11343.0,1.1570515351411361,3,rrrGGgrrrGGg
1489,146,11472.0,1.1972101236080661,3,rrrGGgrrrGGg
1490,145,11601.0,1.1553115273759478,3,rrrGGgrrrGGg
1491,146,11730.0,1.1597380916356426,3,rrrGGgrrrGGg
1492,146,11859.0,1.1696006104861514,3,rrrGGgrrrGGg
1493,145,11988.0,1.109830094544849,3,rrrGGgrrrGGg
1494,146,12117.0,1.142185875215564,3,rrrGGgrrrGGg
1495,146,12246.0,1.150449542555324,3,rrrGGgrrrGGg
1496,145,12375.0,1.1088766436142692,3,rrrGGgrrrGGg
1497,145,12504.0,1.1480355278461751,3,rrrGGgrrrGGg
1498,145,12633.0,1.1802214295803821,3,rrrGGgrrrGGg
1499,145,12762.0,1.2147262944899078,3,rrrGGgrrrGGg
1500,143,12891.0,1.089265595153851,3,rrrGGgrrrGGg
1501,143,13020.0,1.1041608958733624,3,rrrGGgrrrGGg
1502,145,13149.0,1.0813728353364849,3,rrrGGgrrrGGg
1503,145,13278.0,1.1236431650569862,3,rrrGGgrrrGGg
1504,145,13407.0,1.1643159705114396,3,rrrGGgrrrGGg
1505,145,13536.0,1.2016585727360107,3,rrrGGgrrrGGg
1506,144,13665.0,1.1466164623162496,3,rrrGGgrrrGGg
1507,145,13794.0,1.0601040665579633,3,rrrGGgrrrGGg
1508,145,13923.0,1.0964800544769464,3,rrrGGgrrrGGg
1509,144,14052.0,1.0492484332704344,3,rrrGGgrrrGGg
1510,144,14181.0,1.0671908722090482,3,rrrGGgrrrGGg
1511,144,14310.0,1.067595282432239,3,rrrGGgrrrGGg
1512,144,14439.0,1.098494192255722,3,rrrGGgrrrGGg
1513,145,14568.0,1.0855176517425986,3,rrrGGgrrrGGg
1514,146,14697.0,1.0875745132566315,3,rrrGGgrrrGGg
1515,146,14826.0,1.119050812871839,3,rrrGGgrrrGGg
1516,146,14955.0,1.1422832912524044,3,rrrGGgrrrGGg
1517,146,15084.0,1.1554297953692323,3,rrrGGgrrrGGg
1518,147,15213.0,1.1492436397638321,3,rrrGGgrrrGGg
1519,146,15342.0,1.0906458309040066,3,rrrGGgrrrGGg
1520,145,15471.0,1.0519176640637382,3,rrrGGgrrrGGg
1521,145,15600.0,1.0588346420775365,3,rrrGGgrrrGGg
1522,144,15729.0,0.9837162634178801,3,rrrGGgrrrGGg
1523,144,15858.0,1.0259965551297343,3,rrrGGgrrrGGg
1524,145,15987.0,1.0526194898403365,3,rrrGGgrrrGGg
1525,144,16116.0,0.9857098915806952,3,rrrGGgrrrGGg
1526,144,16245.0,0.9797961625968892,3,rrrGGgrrrGGg
1527,144,16374.0,0.9773398141391945,3,rrrGGgrrrGGg
1528,144,16503.0,1.0198746888810102,3,rrrGGgrrrGGg
1529,144,16632.0,1.0675128467926607,3,rrrGGgrrrGGg
1530,144,16761.0,1.1135454578833746,3,rrrGGgrrrGGg
1531,145,16890.0,1.1435053439477068,3,rrrGGgrrrGGg
1532,145,17019.0,1.187323604616002,3,rrrGGgrrrGGg
1533,145,17148.0,1.2214447237971584,3,rrrGGgrrrGGg
1534,145,17277.0,1.1440912772939045,3,rrrGGgrrrGGg
1535,144,17406.0,1.0745594440575124,3,rrrGGgrrrGGg
1536,144,17535.0,1.1155551503246317,3,rrrGGgrrrGGg
1537,144,17664.0,1.1252193373788286,3,rrrGGgrrrGGg
1538,144,17793.0,1.1050381133686995,3,rrrGGgrrrGGg
1539,144,17922.0,1.086166461297572,3,rrrGGgrrrGGg
1540,144,18051.0,0.9586175178471161,3,rrrGGgrrrGGg
1541,144,18180.0,0.9888290228344017,3,rrrGGgrrrGGg
1542,144,18309.0,1.0124196925759197,3,rrrGGgrrrGGg
1543,144,18438.0,1.0424847126106562,3,rrrGGgrrrGGg
1544,143,18567.0,0.9651279259387543,3,rrrGGgrrrGGg
1545,144,18696.0,0.9613462234936703,3,rrrGGgrrrGGg
1546,145,18825.0,0.9299111355223474,3,rrrGGgrrrGGg
1547,145,18954.0,0.9490667427957848,3,rrrGGgrrrGGg
1548,145,19083.0,0.9902318513560879,3,rrrGGgrrrGGg
1549,145,19212.0,1.026496228291846,3,rrrGGgrrrGGg
1550,145,19341.0,1.0649737867231404,3,rrrGGgrrrGGg
1551,145,19470.0,1.0062531877178205,3,rrrGGgrrrGGg
1552,144,19599.0,0.9548711740496267,3,rrrGGgrrrGGg
1553,144,19728.0,0.9967315551108515,3,rrrGGgrrrGGg
1554,144,19857.0,1.0001245996521122,3,rrrGGgrrrGGg
1555,144,19986.0,0.9854116582263281,3,rrrGGgrrrGGg
1556,144,20115.0,0.9901983613345318,3,rrrGGgrrrGGg
1557,145,20244.0,1.020471920573972,3,rrrGGgrrrGGg
1558,144,20373.0,0.9948909628459468,3,rrrGGgrrrGGg
1559,144,20502.0,1.050464061216556,3,rrrGGgrrrGGg
1560,144,20631.0,0.9960425235225636,3,rrrGGgrrrGGg
1561,144,20760.0,1.033840322376362,3,rrrGGgrrrGGg
1562,143,20889.0,0.9813760035845438,3,rrrGGgrrrGGg
1563,143,21018.0,1.0209437492829385,3,rrrGGgrrrGGg
1564,143,21147.0,1.029776291097834,3,rrrGGgrrrGGg
1565,143,21276.0,1.0172334463631478,3,rrrGGgrrrGGg
1566,143,21405.0,1.0192540322026022,3,rrrGGgrrrGGg
1567,144,21534.0,1.0545205016458157,3,rrrGGgrrrGGg
1568,145,21663.0,1.0833414523293352,3,rrrGGgrrrGGg
1569,145,21792.0,1.1233680812741011,3,rrrGGgrrrGGg
1570,145,21921.0,1.1532330018676336,3,rrrGGgrrrGGg
1571,143,22050.0,1.009930948156201,3,rrrGGgrrrGGg
1572,144,22179.0,1.0321754134142556,3,rrrGGgrrrGGg
1573,144,22308.0,0.9470759329401051,3,rrrGGgrrrGGg
1574,143,22437.0,0.8780115879905874,3,rrrGGgrrrGGg
1575,143,22566.0,0.908148187212605,3,rrrGGgrrrGGg
1576,143,22695.0,0.9404837398900129,3,rrrGGgrrrGGg
1577,143,22824.0,0.9425344578209668,3,rrrGGgrrrGGg
1578,144,22953.0,0.9310621647403043,3,rrrGGgrrrGGg
1579,144,23082.0,0.9313161403839801,3,rrrGGgrrrGGg
1580,144,23211.0,0.9725415164163255,3,rrrGGgrrrGGg
1581,143,23340.0,0.9111631740241227,3,rrrGGgrrrGGg
1582,144,23469.0,0.940196737908833,3,rrrGGgrrrGGg
1583,145,23598.0,0.9737962180727744,3,rrrGGgrrrGGg
1584,145,23727.0,1.0163857021560156,3,rrrGGgrrrGGg
1585,144,23856.0,0.9691541637881246,3,rrrGGgrrrGGg
1586,144,23985.0,1.0041521245897622,3,rrrGGgrrrGGg
1587,145,24114.0,1.042620222290914,3,rrrGGgrrrGGg
1588,146,24243.0,1.0706016635903806,3,rrrGGgrrrGGg
1589,145,24372.0,1.0083809374246546,3,rrrGGgrrrGGg
1590,145,24501.0,1.0147774021867892,3,rrrGGgrrrGGg
1591,145,24630.0,1.0304931476813157,3,rrrGGgrrrGGg
1592,144,24759.0,0.9543190302063628,3,rrrGGgrrrGGg
1593,144,24888.0,0.9972233037013508,3,rrrGGgrrrGGg
1594,144,25017.0,1.0435918641291506,3,rrrGGgrrrGGg
1595,144,25146.0,1.0811169636132256,3,rrrGGgrrrGGg
1596,145,25275.0,1.1066128677794325,3,rrrGGgrrrGGg
1597,145,25404.0,1.1403881903599495,3,rrrGGgrrrGGg
1598,146,25533.0,1.1698830007502536,3,rrrGGgrrrGGg
1599,146,25662.0,1.2074446453668166,3,rrrGGgrrrGGg
1600,146,25791.0,1.2112027517993147,3,rrrGGgrrrGGg
1601,145,25920.0,1.149892829158596,3,rrrGGgrrrGGg
1602,145,26049.0,1.1572050414135344,3,rrrGGgrrrGGg
1603,144,26178.0,1.090121409680111,3,rrrGGgrrrGGg
1604,145,26307.0,1.117560926111437,3,rrrGGgrrrGGg
1605,144,26436.0,0.9765635957579146,3,rrrGGgrrrGGg
1606,144,26565.0,1.015930862685908,3,rrrGGgrrrGGg
1607,144,26694.0,1.0343034405558102,3,rrrGGgrrrGGg
1608,145,26823.0,1.0460889269119693,3,rrrGGgrrrGGg
1609,145,26952.0,1.0762515611293113,3,rrrGGgrrrGGg
1610,145,27081.0,1.1194578873547625,3,rrrGGgrrrGGg
1611,145,27210.0,1.1568250808348275,3,rrrGGgrrrGGg
1612,146,27339.0,1.1655418983816446,3,rrrGGgrrrGGg
1613,146,27468.0,1.1381928884172952,3,rrrGGgrrrGGg
1614,145,27597.0,1.0312821306502167,3,rrrGGgrrrGGg
1615,144,27726.0,0.9589126698713759,3,rrrGGgrrrGGg
1616,143,27855.0,0.8819599404222686,3,rrrGGgrrrGGg
1617,145,27984.0,0.8958245514143798,3,rrrGGgrrrGGg
1618,145,28113.0,0.9325455730944882,3,rrrGGgrrrGGg
1619,145,28242.0,0.9522691953573105,3,rrrGGgrrrGGg
1620,145,28371.0,0.9482505685694274,3,rrrGGgrrrGGg
1621,145,28500.0,0.9903110363079733,3,rrrGGgrrrGGg
1622,145,28629.0,1.0265402800125527,3,rrrGGgrrrGGg
1623,146,28758.0,1.0569711642005641,3,rrrGGgrrrGGg
1624,146,28887.0,1.1036326586561236,3,rrrGGgrrrGGg
1625,146,29016.0,1.1554177412811084,3,rrrGGgrrrGGg
1626,145,29145.0,1.1241433294280245,3,rrrGGgrrrGGg
1627,145,29274.0,1.1665231053576648,3,rrrGGgrrrGGg
1628,145,29403.0,1.2082949671078813,3,rrrGGgrrrGGg
1629,145,29532.0,1.2495090336040358,3,rrrGGgrrrGGg
1630,146,29661.0,1.161481164407833,3,rrrGGgrrrGGg
1631,146,29790.0,1.1900937737547899,3,rrrGGgrrrGGg
1632,145,29919.0,1.146293142493203,3,rrrGGgrrrGGg
1633,145,30048.0,1.1732834837436437,3,rrrGGgrrrGGg
1634,145,30177.0,1.2045596494095365,3,rrrGGgrrrGGg
1635,145,30306.0,1.2379400916157137,3,rrrGGgrrrGGg
1636,144,30435.0,1.172282297167166,3,rrrGGgrrrGGg
1637,145,30564.0,1.19890736017401,3,rrrGGgrrrGGg
1638,146,30693.0,1.229177358635144,3,rrrGGgrrrGGg
1639,146,30822.0,1.2510214566586793,3,rrrGGgrrrGGg
1640,146,30951.0,1.2537521711380675,3,rrrGGgrrrGGg
1641,146,31080.0,1.2789103933470456,3,rrrGGgrrrGGg
1642,146,31209.0,1.2223532897425038,3,rrrGGgrrrGGg
1643,146,31338.0,1.2493037057235186,3,rrrGGgrrrGGg
1644,145,31467.0,1.1837669863789524,3,rrrGGgrrrGGg
1645,145,31596.0,1.1266888077562889,3,rrrGGgrrrGGg
1646,145,31725.0,1.158419928230155,3,rrrGGgrrrGGg
1647,142,31854.0,0.9095067633707454,3,rrrGGgrrrGGg
1648,143,31983.0,0.9219388651241284,3,rrrGGgrrrGGg
1649,143,32112.0,0.9316601832003041,3,rrrGGgrrrGGg
1650,144,32241.0,0.9099266218837284,3,rrrGGgrrrGGg
1651,144,32370.0,0.9478837289470177,3,rrrGGgrrrGGg
1652,144,32499.0,0.9894057021175586,3,rrrGGgrrrGGg
1653,144,32628.0,1.0218529609507336,3,rrrGGgrrrGGg
1654,144,32757.0,1.05210182605317,3,rrrGGgrrrGGg
1655,145,32886.0,1.0618810539359107,3,rrrGGgrrrGGg
1656,144,33015.0,0.9801794775656677,3,rrrGGgrrrGGg
1657,145,33144.0,1.015288660783685,3,rrrGGgrrrGGg
1658,145,33273.0,1.0618700521881,3,rrrGGgrrrGGg
1659,145,33402.0,1.1026907777508574,3,rrrGGgrrrGGg
1660,145,33531.0,1.152635026144518,3,rrrGGgrrrGGg
1661,145,33660.0,1.1670530750432968,3,rrrGGgrrrGGg
1662,144,33789.0,1.0976126209069352,3,rrrGGgrrrGGg
1663,143,33617.0,1.1132817547276945,3,rrrGGgrrrGGg
1664,144,33143.0,1.2285387431703407,3,rrrGGgrrrGGg
1665,144,32674.0,1.291496833609324,3,rrrGGgrrrGGg
1666,143,31904.0,1.366902767074531,3,rrrGGgrrrGGg
1667,143,30832.0,1.5329444097958067,3,rrrGGgrrrGGg
1668,143,29760.0,1.5714096737737093,3,rrrGGgrrrGGg
1669,144,28688.0,1.5788449304461478,3,rrrGGgrrrGGg
1670,144,27614.0,1.567149877070091,3,rrrGGgrrrGGg
1671,144,26839.0,1.5944974599776176,3,rrrGGgrrrGGg
1672,144,26348.0,1.6166794874393904,3,rrrGGgrrrGGg
1673,145,25273.0,1.622806135543497,3,rrrGGgrrrGGg
1674,145,24198.0,1.5354844343721672,3,rrrGGgrrrGGg
1675,145,23421.0,1.5630541514067622,3,rrrGGgrrrGGg
1676,144,22641.0,1.5195944709136366,3,rrrGGgrrrGGg
1677,144,21567.0,1.555636827411008,3,rrrGGgrrrGGg
1678,144,20781.0,1.5590846748574227,3,rrrGGgrrrGGg
1679,144,20013.0,1.5993866151060034,3,rrrGGgrrrGGg
1680,145,19258.0,1.6053520559695893,3,rrrGGgrrrGGg
1681,146,18221.0,1.6318553939980336,3,rrrGGgrrrGGg
1682,146,17444.0,1.643969964779177,3,rrrGGgrrrGGg
1683,145,17018.0,1.6038429216210959,3,rrrGGgrrrGGg
1684,144,16010.0,1.5498281477531093,3,rrrGGgrrrGGg
1685,143,15032.0,1.4617154198018285,3,rrrGGgrrrGGg
1686,142,14054.0,1.4067354302140933,3,rrrGGgrrrGGg
1687,142,13280.0,1.4274496001778472,3,rrrGGgrrrGGg
1688,141,12509.0,1.3727447874959862,3,rrrGGgrrrGGg
1689,140,12034.0,1.2798778288194281,3,rrrGGgrrrGGg
1690,140,11547.0,1.3035220393197005,3,rrrGGgrrrGGg
1691,140,10780.0,1.246041929591104,3,rrrGGgrrrGGg
1692,140,10297.0,1.2789279575122712,3,rrrGGgrrrGGg
1693,139,9531.0,1.1892461616288288,3,rrrGGgrrrGGg
1694,139,8762.0,1.2268640197795015,3,rrrGGgrrrGGg
1695,140,7999.0,1.2402029229491842,3,rrrGGgrrrGGg
1696,140,7249.0,1.2746280821525575,3,rrrGGgrrrGGg
1697,140,6797.0,1.1896638482786872,3,rrrGGgrrrGGg
1698,140,6333.0,1.1953992990211122,3,rrrGGgrrrGGg
1699,140,5604.0,1.189590922476219,3,rrrGGgrrrGGg
1700,139,5177.0,1.1263164009301712,3,rrrGGgrrrGGg
1701,140,4732.0,1.1380781434406029,3,rrrGGgrrrGGg
1702,140,4063.0,1.1472385045278664,3,rrrGGgrrrGGg
1703,140,3406.0,1.1429088650376433,3,rrrGGgrrrGGg
1704,140,3002.0,1.083719011448483,3,rrrGGgrrrGGg
1705,140,2599.0,1.1186108702486008,3,rrrGGgrrrGGg
1706,140,2215.0,1.1471577550135281,3,rrrGGgrrrGGg
1707,140,1830.0,1.1417371405830596,3,rrrGGgrrrGGg
1708,140,1927.0,1.0799390778473994,3,rrrGGgrrrGGg
1709,143,2024.0,1.0785648286190537,3,rrrGGgrrrGGg
1710,144,2122.0,1.1026215004116562,3,rrrGGgrrrGGg
1711,145,2223.0,1.133002281121805,3,rrrGGgrrrGGg
1712,145,2327.0,1.1462964533791857,3,rrrGGgrrrGGg
1713,145,2433.0,1.161386120254882,3,rrrGGgrrrGGg
1714,146,2540.0,1.1880661130930699,3,rrrGGgrrrGGg
1715,143,2651.0,0.9392081107766008,3,rrrGGgrrrGGg
1716,143,2763.0,0.9790757395827964,3,rrrGGgrrrGGg
1717,144,2878.0,1.0071348904905226,3,rrrGGgrrrGGg
1718,144,2997.0,1.0445762216429424,3,rrrGGgrrrGGg
1719,144,3118.0,1.0512064662951797,3,rrrGGgrrrGGg
1720,145,3241.0,1.0765310594038031,3,rrrGGgrrrGGg
1721,145,3365.0,1.1137960723831815,3,rrrGGgrrrGGg
1722,145,3493.0,1.1259371513019043,3,rrrGGgrrrGGg
1723,145,3619.0,1.1470801438897371,3,rrrGGgrrrGGg
1724,145,3747.0,1.1809359419655718,3,rrrGGgrrrGGg
1725,146,3875.0,1.2092047607981904,3,rrrGGgrrrGGg
1726,146,4003.0,1.2559220281518635,3,rrrGGgrrrGGg
1727,145,4131.0,1.2241068747744128,3,rrrGGgrrrGGg
1728,145,4259.0,1.250906756610848,3,rrrGGgrrrGGg
1729,144,4387.0,1.1402866567733831,3,rrrGGgrrrGGg
1730,145,4515.0,1.134705626639732,3,rrrGGgrrrGGg
1731,145,4643.0,1.0806542676188586,3,rrrGGgrrrGGg
1732,144,4771.0,1.0281134657822664,3,rrrGGgrrrGGg
1733,144,4899.0,1.0439522588688983,3,rrrGGgrrrGGg
1734,144,5027.0,1.0478570330888342,3,rrrGGgrrrGGg
1735,144,5155.0,1.0574576268689782,3,rrrGGgrrrGGg
1736,145,5284.0,1.0505134689038202,3,rrrGGgrrrGGg
1737,144,5413.0,0.981063031683423,3,rrrGGgrrrGGg
1738,144,5542.0,1.0200679163734532,3,rrrGGgrrrGGg
1739,144,5671.0,1.0625965346136514,3,rrrGGgrrrGGg
1740,144,5800.0,1.0956619737627724,3,rrrGGgrrrGGg
1741,146,5929.0,1.1181644724233128,3,rrrGGgrrrGGg
1742,146,6058.0,1.1319713451606876,3,rrrGGgrrrGGg
1743,145,6187.0,1.0795534689638766,3,rrrGGgrrrGGg
1744,145,6316.0,1.1121301203500618,3,rrrGGgrrrGGg
1745,145,6445.0,1.116871817173199,3,rrrGGgrrrGGg
1746,146,6574.0,1.0036118074977436,3,rrrGGgrrrGGg
1747,146,6703.0,1.0289845396815946,3,rrrGGgrrrGGg
1748,146,6832.0,1.0694786443691404,3,rrrGGgrrrGGg
1749,146,6961.0,1.1023191663697574,3,rrrGGgrrrGGg
1750,146,7090.0,1.1130214047072349,3,rrrGGgrrrGGg
1751,146,7219.0,1.158886788052596,3,rrrGGgrrrGGg
1752,147,7348.0,1.1921074310514488,3,rrrGGgrrrGGg
1753,147,7477.0,1.1948737942685657,3,rrrGGgrrrGGg
1754,148,7606.0,1.2145722208555767,3,rrrGGgrrrGGg
1755,148,7735.0,1.2632923155571725,3,rrrGGgrrrGGg
1756,147,7864.0,1.2132835254408734,3,rrrGGgrrrGGg
1757,147,7993.0,1.2258695741097894,3,rrrGGgrrrGGg
1758,146,8122.0,1.1614773576193764,3,rrrGGgrrrGGg
1759,146,8251.0,1.1147714169729037,3,rrrGGgrrrGGg
1760,147,8380.0,1.15333052552041,3,rrrGGgrrrGGg
1761,146,8509.0,1.1131613935673452,3,rrrGGgrrrGGg
1762,146,8638.0,1.1594989163213139,3,rrrGGgrrrGGg
1763,146,8767.0,1.204810572527869,3,rrrGGgrrrGGg
1764,146,8896.0,1.218433648573534,3,rrrGGgrrrGGg
1765,147,9025.0,1.230200478547507,3,rrrGGgrrrGGg
1766,147,9154.0,1.2657761524792608,3,rrrGGgrrrGGg
1767,147,9283.0,1.292402352798383,3,rrrGGgrrrGGg
1768,148,9412.0,1.3147987370957772,3,rrrGGgrrrGGg
1769,148,9541.0,1.3567115285880877,3,rrrGGgrrrGGg
1770,147,9670.0,1.3166661336114982,3,rrrGGgrrrGGg
1771,147,9799.0,1.3487539416699907,3,rrrGGgrrrGGg
1772,147,9928.0,1.382431945760861,3,rrrGGgrrrGGg
1773,147,10057.0,1.3945347583011525,3,rrrGGgrrrGGg
1774,146,10186.0,1.227067819446337,3,rrrGGgrrrGGg
1775,146,10315.0,1.2278258098735797,3,rrrGGgrrrGGg
1776,145,10445.0,1.1569845707818927,3,rrrGGgrrrGGg
1777,146,10573.0,1.1810532285742599,3,rrrGGgrrrGGg
1778,146,10702.0,1.212886966470891,3,rrrGGgrrrGGg
1779,145,10831.0,1.134471113976545,3,rrrGGgrrrGGg
1780,145,10960.0,1.150641319696694,3,rrrGGgrrrGGg
1781,144,11089.0,1.058157344060274,3,rrrGGgrrrGGg
1782,144,11218.0,1.0647801782578763,3,rrrGGgrrrGGg
1783,143,11347.0,0.9979526399930166,3,rrrGGgrrrGGg
1784,145,11476.0,1.0096317348904942,3,rrrGGgrrrGGg
1785,145,11605.0,1.0056024655442926,3,rrrGGgrrrGGg
1786,145,11734.0,0.9947433304447039,3,rrrGGgrrrGGg
1787,145,11863.0,1.0227657662088325,3,rrrGGgrrrGGg
1788,145,11992.0,1.0696713099489505,3,rrrGGgrrrGGg
1789,145,12121.0,1.1092367968913421,3,rrrGGgrrrGGg
1790,144,12250.0,1.0537630647790661,3,rrrGGgrrrGGg
1791,145,12379.0,1.0568475229172194,3,rrrGGgrrrGGg
1792,146,12508.0,1.0591232140031466,3,rrrGGgrrrGGg
1793,146,12637.0,1.0738249882768267,3,rrrGGgrrrGGg
1794,145,12766.0,1.0443724185479564,3,rrrGGgrrrGGg
1795,145,12895.0,1.0687907532728502,3,rrrGGgrrrGGg
1796,145,13024.0,1.082805396953399,3,rrrGGgrrrGGg
1797,144,13153.0,1.0111418117842408,3,rrrGGgrrrGGg
1798,144,13282.0,1.057803792703286,3,rrrGGgrrrGGg
1799,144,13411.0,1.0993617346249802,3,rrrGGgrrrGGg
1800,144,13540.0,1.1367653820008683,3,rrrGGgrrrGGg
1801,144,13669.0,1.1359971225607104,3,rrrGGgrrrGGg
1802,144,13798.0,1.1566293428818961,3,rrrGGgrrrGGg
1803,146,13927.0,1.176410686277606,3,rrrGGgrrrGGg
1804,145,14056.0,1.1306148438410153,3,rrrGGgrrrGGg
1805,145,14185.0,1.1624056899113577,3,rrrGGgrrrGGg
1806,145,14314.0,1.1692758823831209,3,rrrGGgrrrGGg
1807,145,14443.0,1.1844655043468615,3,rrrGGgrrrGGg
1808,144,14572.0,1.117822304848199,3,rrrGGgrrrGGg
1809,144,14701.0,1.1143333147862753,3,rrrGGgrrrGGg
1810,145,14830.0,1.1237551166863258,3,rrrGGgrrrGGg
1811,144,14959.0,1.0590302677604897,3,rrrGGgrrrGGg
1812,143,15088.0,0.9233808347145848,3,rrrGGgrrrGGg
1813,143,15217.0,0.9547210545739573,3,rrrGGgrrrGGg
1814,143,15346.0,0.9925777279880661,3,rrrGGgrrrGGg
1815,143,15475.0,0.9993294020832388,3,rrrGGgrrrGGg
1816,143,15604.0,1.0064802844120488,3,rrrGGgrrrGGg
1817,143,15733.0,1.0173952837939402,3,rrrGGgrrrGGg
1818,142,15862.0,0.9346931260809073,3,rrrGGgrrrGGg
1819,143,15991.0,0.9584950092738984,3,rrrGGgrrrGGg
1820,144,16120.0,0.9789318673693861,3,rrrGGgrrrGGg
1821,143,16249.0,0.9295315951803872,3,rrrGGgrrrGGg
1822,143,16378.0,0.9652415798949042,3,rrrGGgrrrGGg
1823,142,16507.0,0.890176780427126,3,rrrGGgrrrGGg
1824,142,16636.0,0.8908977535546665,3,rrrGGgrrrGGg
1825,142,16765.0,0.894807605383706,3,rrrGGgrrrGGg
1826,144,16894.0,0.9152932011121092,3,rrrGGgrrrGGg
1827,144,17023.0,0.9317613898442251,3,rrrGGgrrrGGg
1828,143,17152.0,0.8754194985042507,3,rrrGGgrrrGGg
1829,143,17281.0,0.9130035017001206,3,rrrGGgrrrGGg
1830,143,17410.0,0.9563852885887041,3,rrrGGgrrrGGg
1831,143,17539.0,0.8902667478635764,3,rrrGGgrrrGGg
1832,143,17668.0,0.9241585410809303,3,rrrGGgrrrGGg
1833,143,17797.0,0.9467539099500808,3,rrrGGgrrrGGg
1834,144,17926.0,0.9734128695754506,3,rrrGGgrrrGGg
1835,143,18055.0,0.9158558662192229,3,rrrGGgrrrGGg
1836,144,18184.0,0.9440461891896812,3,rrrGGgrrrGGg
1837,144,18313.0,0.9818797907349881,3,rrrGGgrrrGGg
1838,144,18442.0,1.016626297287769,3,rrrGGgrrrGGg
1839,145,18571.0,1.038939189027724,3,rrrGGgrrrGGg
1840,144,18700.0,0.9743092160693672,3,rrrGGgrrrGGg
1841,145,18829.0,1.003780430828548,3,rrrGGgrrrGGg
1842,145,18958.0,1.0318294021563743,3,rrrGGgrrrGGg
1843,145,19087.0,1.0731268688110904,3,rrrGGgrrrGGg
1844,146,19216.0,1.0642797821182508,3,rrrGGgrrrGGg
1845,146,19345.0,1.077170705575752,3,rrrGGgrrrGGg
1846,146,19474.0,1.0311486298248789,3,rrrGGgrrrGGg
1847,146,19603.0,1.0737533242581756,3,rrrGGgrrrGGg
1848,146,19732.0,1.0900377971452535,3,rrrGGgrrrGGg
1849,147,19861.0,1.0970232257290229,3,rrrGGgrrrGGg
1850,146,19990.0,1.0244545096097268,3,rrrGGgrrrGGg
1851,146,20119.0,1.0518399167480013,3,rrrGGgrrrGGg
1852,146,20248.0,1.0635374357659524,3,rrrGGgrrrGGg
1853,146,20377.0,1.088026289989986,3,rrrGGgrrrGGg
1854,147,20506.0,1.127603316065077,3,rrrGGgrrrGGg
1855,147,20635.0,1.1737114247986615,3,rrrGGgrrrGGg
1856,147,20764.0,1.2070951071101608,3,rrrGGgrrrGGg
1857,147,20893.0,1.092645128747272,3,rrrGGgrrrGGg
1858,147,21022.0,1.0914035655209078,3,rrrGGgrrrGGg
1859,145,21151.0,1.0015855431901148,3,rrrGGgrrrGGg
1860,145,21280.0,1.053812116418951,3,rrrGGgrrrGGg
1861,146,21409.0,1.0986238222375486,3,rrrGGgrrrGGg
1862,146,21538.0,1.1521934155972402,3,rrrGGgrrrGGg
1863,146,21667.0,1.185419192403148,3,rrrGGgrrrGGg
1864,146,21796.0,1.2067389740862593,3,rrrGGgrrrGGg
1865,146,21925.0,1.2548300571234547,3,rrrGGgrrrGGg
1866,147,22054.0,1.2926988741008107,3,rrrGGgrrrGGg
1867,148,22183.0,1.3232810579564482,3,rrrGGgrrrGGg
1868,148,22312.0,1.320249809873061,3,rrrGGgrrrGGg
1869,148,22441.0,1.3135633847447714,3,rrrGGgrrrGGg
1870,148,22570.0,1.3351130763229828,3,rrrGGgrrrGGg
1871,148,22699.0,1.3599861938137399,3,rrrGGgrrrGGg
1872,148,22828.0,1.3795705388106367,3,rrrGGgrrrGGg
1873,147,22957.0,1.3125841024530878,3,rrrGGgrrrGGg
1874,147,23086.0,1.3422101942852236,3,rrrGGgrrrGGg
1875,147,23215.0,1.3677984453892402,3,rrrGGgrrrGGg
1876,147,23344.0,1.3826110592601828,3,rrrGGgrrrGGg
1877,148,23473.0,1.3673765220172904,3,rrrGGgrrrGGg
1878,147,23602.0,1.2961560804055905,3,rrrGGgrrrGGg
1879,146,23731.0,1.2161209315120216,3,rrrGGgrrrGGg
1880,147,23860.0,1.258493262896323,3,rrrGGgrrrGGg
1881,145,23989.0,1.0912095852723707,3,rrrGGgrrrGGg
1882,144,24118.0,1.0770049993259785,3,rrrGGgrrrGGg
1883,144,24247.0,1.1137760349253627,3,rrrGGgrrrGGg
1884,144,24376.0,1.1470925339919793,3,rrrGGgrrrGGg
1885,144,24505.0,1.190028127640696,3,rrrGGgrrrGGg
1886,145,24634.0,1.2133916568924932,3,rrrGGgrrrGGg
1887,145,24763.0,1.2279767512946218,3,rrrGGgrrrGGg
1888,146,24892.0,1.1800820910491738,3,rrrGGgrrrGGg
1889,145,25021.0,1.105170408594756,3,rrrGGgrrrGGg
1890,145,25150.0,1.1305796136252775,3,rrrGGgrrrGGg
1891,145,25279.0,1.1618879784606848,3,rrrGGgrrrGGg
1892,145,25408.0,1.194390993429971,3,rrrGGgrrrGGg
1893,145,25537.0,1.120081460546265,3,rrrGGgrrrGGg
1894,145,25666.0,1.1518414745747145,3,rrrGGgrrrGGg
1895,146,25795.0,1.1462898139657631,3,rrrGGgrrrGGg
1896,145,25924.0,1.095702192639489,3,rrrGGgrrrGGg
1897,144,26053.0,1.0378130297934798,3,rrrGGgrrrGGg
1898,143,26182.0,0.9883697133530317,3,rrrGGgrrrGGg
1899,144,26311.0,1.016785947732647,3,rrrGGgrrrGGg
1900,144,26440.0,0.9934436663356063,3,rrrGGgrrrGGg
1901,144,26569.0,1.017749270021487,3,rrrGGgrrrGGg
1902,144,26698.0,1.0603036211255483,3,rrrGGgrrrGGg
1903,144,26827.0,1.104721207761036,3,rrrGGgrrrGGg
1904,144,26956.0,1.0450649641170466,3,rrrGGgrrrGGg
1905,144,27085.0,0.9815178058231324,3,rrrGGgrrrGGg
1906,144,27214.0,1.0136679729715805,3,rrrGGgrrrGGg
1907,143,27343.0,0.9578376007806632,3,rrrGGgrrrGGg
1908,143,27472.0,0.9629920798881115,3,rrrGGgrrrGGg
1909,143,27601.0,0.9688001812152875,3,rrrGGgrrrGGg
1910,144,27730.0,0.9933413252891415,3,rrrGGgrrrGGg
1911,144,27859.0,1.0193249042541965,3,rrrGGgrrrGGg
1912,143,27988.0,0.9630951365855445,3,rrrGGgrrrGGg
1913,143,28117.0,0.9575500374798844,3,rrrGGgrrrGGg
1914,143,28246.0,0.8717983097948973,3,rrrGGgrrrGGg
1915,143,28375.0,0.907703785698304,3,rrrGGgrrrGGg
1916,143,28504.0,0.9362094580968159,3,rrrGGgrrrGGg
1917,144,28633.0,0.9396376097821586,3,rrrGGgrrrGGg
1918,144,28762.0,0.9588074822894421,3,rrrGGgrrrGGg
1919,144,28891.0,0.9930703215267123,3,rrrGGgrrrGGg
1920,143,29020.0,0.9445215897530462,3,rrrGGgrrrGGg
1921,144,29149.0,0.9703064598731684,3,rrrGGgrrrGGg
1922,144,29278.0,1.0020920066430499,3,rrrGGgrrrGGg
1923,144,29407.0,1.0286246896968056,3,rrrGGgrrrGGg
1924,145,29536.0,1.0633750436719211,3,rrrGGgrrrGGg
1925,145,29665.0,1.1054988616987205,3,rrrGGgrrrGGg
1926,145,29794.0,1.0414575716677723,3,rrrGGgrrrGGg
1927,145,29923.0,1.0577882712610702,3,rrrGGgrrrGGg
1928,145,30052.0,1.0652564405316032,3,rrrGGgrrrGGg
1929,144,30181.0,1.0368620929646177,3,rrrGGgrrrGGg
1930,145,30310.0,1.0511819208981903,3,rrrGGgrrrGGg
1931,146,30439.0,1.0522850950211442,3,rrrGGgrrrGGg
1932,146,30568.0,1.0634274059718782,3,rrrGGgrrrGGg
1933,146,30697.0,1.0992281153007806,3,rrrGGgrrrGGg
1934,145,30826.0,1.0279449366741578,3,rrrGGgrrrGGg
1935,145,30955.0,1.0635808562694877,3,rrrGGgrrrGGg
1936,145,31084.0,1.1049445464027263,3,rrrGGgrrrGGg
1937,145,31213.0,1.0801195162530273,3,rrrGGgrrrGGg
1938,145,31342.0,1.073954545155933,3,rrrGGgrrrGGg
1939,145,31471.0,1.0229118798640555,3,rrrGGgrrrGGg
1940,145,31600.0,1.068430530254777,3,rrrGGgrrrGGg
1941,146,31729.0,1.101889151202671,3,rrrGGgrrrGGg
1942,146,31858.0,1.1501702357228047,3,rrrGGgrrrGGg
1943,145,31987.0,1.1130131800666436,3,rrrGGgrrrGGg
1944,145,32116.0,1.157899141335511,3,rrrGGgrrrGGg
1945,145,32245.0,1.202510736173509,3,rrrGGgrrrGGg
1946,145,32374.0,1.2147360487727448,3,rrrGGgrrrGGg
1947,146,32503.0,1.2340711509798572,3,rrrGGgrrrGGg
1948,146,32632.0,1.2571609336632377,3,rrrGGgrrrGGg
1949,146,32761.0,1.263941684730192,3,rrrGGgrrrGGg
1950,146,32890.0,1.2663676477834322,3,rrrGGgrrrGGg
1951,145,33019.0,1.1434836226561809,3,rrrGGgrrrGGg
1952,145,33148.0,1.1764866342820834,3,rrrGGgrrrGGg
1953,145,33277.0,1.212390264189071,3,rrrGGgrrrGGg
1954,145,33406.0,1.2036051076560952,3,rrrGGgrrrGGg
1955,144,33535.0,1.1351530993690853,3,rrrGGgrrrGGg
1956,144,33664.0,1.019757589712724,3,rrrGGgrrrGGg
1957,144,33793.0,1.0323565700510342,3,rrrGGgrrrGGg
1958,145,33922.0,1.0586250650658269,3,rrrGGgrrrGGg
1959,145,34051.0,1.0629646067880447,3,rrrGGgrrrGGg
1960,145,34180.0,1.0941434871712334,3,rrrGGgrrrGGg
1961,145,34309.0,1.1440254412872741,3,rrrGGgrrrGGg
1962,144,34438.0,1.0894085555288582,3,rrrGGgrrrGGg
1963,144,34567.0,1.1219133068040366,3,rrrGGgrrrGGg
1964,145,34696.0,1.1199279366824764,3,rrrGGgrrrGGg
1965,144,34825.0,1.0477030407907033,3,rrrGGgrrrGGg
1966,145,34954.0,1.0769830230968371,3,rrrGGgrrrGGg
1967,145,35083.0,1.122971804348541,3,rrrGGgrrrGGg
1968,144,35212.0,1.082877533727003,3,rrrGGgrrrGGg
1969,144,35341.0,1.125562492831779,3,rrrGGgrrrGGg
1970,144,35169.0,1.2552126055904687,3,rrrGGgrrrGGg
1971,144,34695.0,1.2361228370992587,3,rrrGGgrrrGGg
1972,144,34219.0,1.2537268641432628,3,rrrGGgrrrGGg
1973,145,33442.0,1.406207205989948,3,rrrGGgrrrGGg
1974,145,32361.0,1.5572709485344427,3,rrrGGgrrrGGg
1975,144,31279.0,1.52835528077837,3,rrrGGgrrrGGg
1976,144,30197.0,1.57847317526075,3,rrrGGgrrrGGg
1977,144,29410.0,1.6446182822504942,3,rrrGGgrrrGGg
1978,144,28322.0,1.6904388388395173,3,rrrGGgrrrGGg
1979,144,28128.0,1.704752111530027,3,rrrGGgrrrGGg
1980,144,27038.0,1.6351612136069955,3,rrrGGgrrrGGg
1981,143,25949.0,1.5748986683981425,3,rrrGGgrrrGGg
1982,144,24861.0,1.5992842589087533,3,rrrGGgrrrGGg
1983,144,23775.0,1.5941935872436561,3,rrrGGgrrrGGg
1984,144,22688.0,1.5884137769542583,3,rrrGGgrrrGGg
1985,143,21605.0,1.5388857040417718,3,rrrGGgrrrGGg
1986,144,21113.0,1.5365425247679643,3,rrrGGgrrrGGg
1987,145,20026.0,1.5527614418823523,3,rrrGGgrrrGGg
1988,144,19532.0,1.5222006742723195,3,rrrGGgrrrGGg
1989,144,18443.0,1.5651596512527342,3,rrrGGgrrrGGg
1990,145,17360.0,1.5513845679626406,3,rrrGGgrrrGGg
1991,143,16867.0,1.3991465384457051,3,rrrGGgrrrGGg
1992,142,15784.0,1.3614627763736227,3,rrrGGgrrrGGg
1993,142,15585.0,1.404486831471045,3,rrrGGgrrrGGg
1994,141,14540.0,1.3434219947010757,3,rrrGGgrrrGGg
1995,140,13758.0,1.2886651116044767,3,rrrGGgrrrGGg
1996,140,13265.0,1.2125434800451662,3,rrrGGgrrrGGg
1997,140,12482.0,1.1629597687850164,3,rrrGGgrrrGGg
1998,140,11697.0,1.15961505994222,3,rrrGGgrrrGGg
1999,140,10912.0,1.172752852506175,3,rrrGGgrrrGGg
2000,140,10714.0,1.2003651298095503,3,rrrGGgrrrGGg
2001,140,9931.0,1.2390232712949008,3,rrrGGgrrrGGg
2002,141,9147.0,1.261998306747553,3,rrrGGgrrrGGg
2003,141,8661.0,1.2973739513215985,3,rrrGGgrrrGGg
2004,141,7883.0,1.2939028152495327,3,rrrGGgrrrGGg
2005,142,7103.0,1.2938261845623458,3,rrrGGgrrrGGg
2006,141,6617.0,1.2431888086915721,3,rrrGGgrrrGGg
2007,142,6129.0,1.2324428361068969,3,rrrGGgrrrGGg
2008,141,5643.0,1.1696090172165232,3,rrrGGgrrrGGg
2009,141,4864.0,1.2155340601813034,3,rrrGGgrrrGGg
2010,140,4084.0,1.1593286345555174,3,rrrGGgrrrGGg
2011,140,3889.0,1.2049254983833535,3,rrrGGgrrrGGg
2012,142,3103.0,1.202881939061358,3,rrrGGgrrrGGg
2013,142,2319.0,1.249048181923628,3,rrrGGgrrrGGg
2014,142,1828.0,1.2389367587756333,3,rrrGGgrrrGGg
2015,142,1921.0,1.2310074080076028,3,rrrGGgrrrGGg
2016,142,2018.0,1.1733851250762701,3,rrrGGgrrrGGg
2017,143,2115.0,1.1755454449744314,3,rrrGGgrrrGGg
2018,145,2215.0,1.1681161427948297,3,rrrGGgrrrGGg
2019,145,2318.0,1.215920235384588,3,rrrGGgrrrGGg
2020,145,2422.0,1.242834540712182,3,rrrGGgrrrGGg
2021,145,2530.0,1.2616025473999264,3,rrrGGgrrrGGg
2022,145,2641.0,1.287245438289045,3,rrrGGgrrrGGg
2023,145,2754.0,1.207894109771871,3,rrrGGgrrrGGg
2024,146,2868.0,1.2424824529604155,3,rrrGGgrrrGGg
2025,145,2984.0,1.190650872228221,3,rrrGGgrrrGGg
2026,145,3102.0,1.2150769253016975,3,rrrGGgrrrGGg
2027,145,3222.0,1.2221152865804223,3,rrrGGgrrrGGg
2028,145,3344.0,1.200571310522286,3,rrrGGgrrrGGg
2029,146,3468.0,1.1836992753249531,3,rrrGGgrrrGGg
2030,146,3593.0,1.223486482605028,3,rrrGGgrrrGGg
2031,146,3720.0,1.2542285987967179,3,rrrGGgrrrGGg
2032,145,3848.0,1.205485870051329,3,rrrGGgrrrGGg
2033,145,3976.0,1.2169550734327153,3,rrrGGgrrrGGg
2034,145,4104.0,1.2190006673442524,3,rrrGGgrrrGGg
2035,145,4232.0,1.2584385887751295,3,rrrGGgrrrGGg
2036,144,4360.0,1.2255934749501345,3,rrrGGgrrrGGg
2037,144,4488.0,1.235944076065749,3,rrrGGgrrrGGg
2038,144,4616.0,1.2401173534075278,3,rrrGGgrrrGGg
2039,146,4744.0,1.21438231067807,3,rrrGGgrrrGGg
2040,145,4872.0,1.144667452430663,3,rrrGGgrrrGGg
2041,145,5000.0,1.1777219666185346,3,rrrGGgrrrGGg
2042,145,5128.0,1.214092932762465,3,rrrGGgrrrGGg
2043,143,5256.0,1.076802506322932,3,rrrGGgrrrGGg
2044,144,5384.0,1.072806339392971,3,rrrGGgrrrGGg
2045,144,5512.0,1.1171397624396464,3,rrrGGgrrrGGg
2046,144,5640.0,1.151852181259458,3,rrrGGgrrrGGg
2047,143,5768.0,1.072263579765784,3,rrrGGgrrrGGg
2048,143,5896.0,1.0831639008571103,3,rrrGGgrrrGGg
2049,144,6024.0,1.1169470965891484,3,rrrGGgrrrGGg
2050,145,6152.0,1.1487432366772148,3,rrrGGgrrrGGg
2051,145,6280.0,1.1790816548605902,3,rrrGGgrrrGGg
2052,145,6408.0,1.1930218238707215,3,rrrGGgrrrGGg
2053,144,6536.0,1.134993855855629,3,rrrGGgrrrGGg
2054,143,6664.0,1.0814974114520985,3,rrrGGgrrrGGg
2055,143,6792.0,0.9813478704546559,3,rrrGGgrrrGGg
2056,143,6920.0,0.9851513947079765,3,rrrGGgrrrGGg
2057,143,7048.0,1.0219510314643256,3,rrrGGgrrrGGg
2058,144,7176.0,1.0224735115892363,3,rrrGGgrrrGGg
2059,143,7304.0,0.9461037298997578,3,rrrGGgrrrGGg
2060,143,7432.0,0.9917451114547616,3,rrrGGgrrrGGg
2061,144,7560.0,1.0278823662894567,3,rrrGGgrrrGGg
2062,144,7688.0,1.030026566808425,3,rrrGGgrrrGGg
2063,144,7816.0,1.0591752461180521,3,rrrGGgrrrGGg
2064,143,7944.0,1.0176849766019993,3,rrrGGgrrrGGg
2065,144,8072.0,1.039014908059717,3,rrrGGgrrrGGg
2066,143,8200.0,0.9943876056180246,3,rrrGGgrrrGGg
2067,143,8328.0,1.0392550783335714,3,rrrGGgrrrGGg
2068,142,8456.0,0.983016274050416,3,rrrGGgrrrGGg
2069,142,8584.0,1.025943473165765,3,rrrGGgrrrGGg
2070,143,8712.0,1.0576920225791437,3,rrrGGgrrrGGg
2071,144,8840.0,1.067547833970623,3,rrrGGgrrrGGg
2072,144,8968.0,1.0466496000551944,3,rrrGGgrrrGGg
2073,144,9096.0,1.0748064058581388,3,rrrGGgrrrGGg
2074,144,9224.0,1.1120125019204887,3,rrrGGgrrrGGg
2075,144,9352.0,1.1521956143948828,3,rrrGGgrrrGGg
2076,144,9480.0,1.1825263833758641,3,rrrGGgrrrGGg
2077,143,9608.0,1.1332653288878063,3,rrrGGgrrrGGg
2078,143,9736.0,1.1713256752488477,3,rrrGGgrrrGGg
2079,142,9864.0,1.1207898292674339,3,rrrGGgrrrGGg
2080,142,9992.0,1.145846287610895,3,rrrGGgrrrGGg
2081,143,10120.0,1.137928304884941,3,rrrGGgrrrGGg
2082,144,10248.0,1.1006262947299408,3,rrrGGgrrrGGg
2083,143,10376.0,1.0190955755444493,3,rrrGGgrrrGGg
2084,143,10504.0,1.0501872320418881,3,rrrGGgrrrGGg
2085,143,10632.0,1.0864264734415403,3,rrrGGgrrrGGg
2086,143,10760.0,1.1056470439472958,3,rrrGGgrrrGGg
2087,142,10888.0,1.0274610687118246,3,rrrGGgrrrGGg
2088,141,11016.0,0.9668042521336611,3,rrrGGgrrrGGg
2089,142,11144.0,0.9728985295407765,3,rrrGGgrrrGGg
2090,143,11272.0,0.9681746442860633,3,rrrGGgrrrGGg
2091,143,11400.0,1.00009287259988,3,rrrGGgrrrGGg
2092,143,11528.0,1.0053547599180679,3,rrrGGgrrrGGg
2093,143,11656.0,1.0260096129401572,3,rrrGGgrrrGGg
2094,143,11784.0,1.053198532809037,3,rrrGGgrrrGGg
2095,144,11912.0,0.9832586105795643,3,rrrGGgrrrGGg
2096,144,12040.0,1.0299959572436026,3,rrrGGgrrrGGg
2097,144,12168.0,1.0652832985011345,3,rrrGGgrrrGGg
2098,144,12296.0,1.0751608832292847,3,rrrGGgrrrGGg
2099,143,12424.0,1.005848726807943,3,rrrGGgrrrGGg
2100,144,12552.0,1.0371873438933263,3,rrrGGgrrrGGg
2101,144,12680.0,1.0724662499352897,3,rrrGGgrrrGGg
2102,144,12808.0,1.1170291986293157,3,rrrGGgrrrGGg
2103,145,12936.0,1.1168088958472784,3,rrrGGgrrrGGg
2104,144,13064.0,1.0442053813715,3,rrrGGgrrrGGg
2105,145,13192.0,1.0634502011405946,3,rrrGGgrrrGGg
2106,145,13320.0,1.1037517608137242,3,rrrGGgrrrGGg
2107,144,13448.0,1.0564054367014863,3,rrrGGgrrrGGg
2108,145,13576.0,1.090020270962148,3,rrrGGgrrrGGg
2109,145,13704.0,1.1377879924570002,3,rrrGGgrrrGGg
2110,143,13832.0,1.0052718586847702,3,rrrGGgrrrGGg
2111,143,13960.0,1.060763247480368,3,rrrGGgrrrGGg
2112,143,14088.0,1.1011093641883993,3,rrrGGgrrrGGg
2113,143,14216.0,1.143053006991268,3,rrrGGgrrrGGg
2114,142,14344.0,1.0545440204362622,3,rrrGGgrrrGGg
2115,143,14472.0,1.0438794918799918,3,rrrGGgrrrGGg
2116,144,14600.0,1.0816661795929867,3,rrrGGgrrrGGg
2117,144,14728.0,1.1210848676257765,3,rrrGGgrrrGGg
2118,144,14856.0,1.1593321653149622,3,rrrGGgrrrGGg
2119,143,14984.0,1.0923993712214486,3,rrrGGgrrrGGg
2120,144,15112.0,1.1162150934777264,3,rrrGGgrrrGGg
2121,145,15240.0,1.1108028333162798,3,rrrGGgrrrGGg
2122,145,15368.0,1.1279945581001467,3,rrrGGgrrrGGg
2123,145,15496.0,1.165303841085766,3,rrrGGgrrrGGg
2124,145,15624.0,1.206170072694381,3,rrrGGgrrrGGg
2125,145,15752.0,1.2421061676250766,3,rrrGGgrrrGGg
2126,145,15880.0,1.273837974032612,3,rrrGGgrrrGGg
2127,144,16008.0,1.1651002493844151,3,rrrGGgrrrGGg
2128,145,16136.0,1.164163773090285,3,rrrGGgrrrGGg
2129,145,16264.0,1.1983241816183674,3,rrrGGgrrrGGg
2130,145,16392.0,1.227040114893924,3,rrrGGgrrrGGg
2131,144,16520.0,1.0666031008887698,3,rrrGGgrrrGGg
2132,144,16648.0,1.0786224029604716,3,rrrGGgrrrGGg
2133,145,16776.0,1.1143034775041325,3,rrrGGgrrrGGg
2134,145,16904.0,1.1633841045292026,3,rrrGGgrrrGGg
2135,145,17032.0,1.1959608630601366,3,rrrGGgrrrGGg
2136,146,17160.0,1.1692881656603251,3,rrrGGgrrrGGg
2137,145,17288.0,1.1100414336940214,3,rrrGGgrrrGGg
2138,145,17416.0,1.1455849316445692,3,rrrGGgrrrGGg
2139,145,17544.0,1.1883705064493038,3,rrrGGgrrrGGg
2140,145,17672.0,1.2298558945143794,3,rrrGGgrrrGGg
2141,147,17800.0,1.2373859666358025,3,rrrGGgrrrGGg
2142,146,17928.0,1.1904119922537397,3,rrrGGgrrrGGg
2143,145,18056.0,1.1424261813004397,3,rrrGGgrrrGGg
2144,145,18184.0,1.1883742976013916,3,rrrGGgrrrGGg
2145,145,18312.0,1.2245046562075765,3,rrrGGgrrrGGg
2146,145,18440.0,1.1304337030535985,3,rrrGGgrrrGGg
2147,145,18568.0,1.149813134053026,3,rrrGGgrrrGGg
2148,145,18696.0,1.1926255618167052,3,rrrGGgrrrGGg
2149,145,18824.0,1.228048471018053,3,rrrGGgrrrGGg
2150,145,18952.0,1.2755695035960115,3,rrrGGgrrrGGg
2151,146,19080.0,1.2776633678939953,3,rrrGGgrrrGGg
2152,144,19208.0,1.1283191965484423,3,rrrGGgrrrGGg
2153,145,19336.0,1.0961597019521079,3,rrrGGgrrrGGg
2154,145,19464.0,1.1081304020137395,3,rrrGGgrrrGGg
2155,145,19592.0,1.128480312864582,3,rrrGGgrrrGGg
2156,145,19720.0,1.167632180783028,3,rrrGGgrrrGGg
2157,146,19848.0,1.1966621808812847,3,rrrGGgrrrGGg
2158,146,19976.0,1.1339823092831633,3,rrrGGgrrrGGg
2159,146,20104.0,1.178910309499431,3,rrrGGgrrrGGg
2160,145,20232.0,1.1276722049361827,3,rrrGGgrrrGGg
2161,145,20360.0,1.142589572768348,3,rrrGGgrrrGGg
2162,146,20488.0,1.153906627480874,3,rrrGGgrrrGGg
2163,146,20616.0,1.1911615646598592,3,rrrGGgrrrGGg
2164,145,20744.0,1.1306606593898467,3,rrrGGgrrrGGg
2165,145,20872.0,1.164253163574954,3,rrrGGgrrrGGg
2166,145,21000.0,1.1988290679523117,3,rrrGGgrrrGGg
2167,146,21128.0,1.1956066117795452,3,rrrGGgrrrGGg
2168,145,21256.0,1.121916058311313,3,rrrGGgrrrGGg
2169,146,21384.0,1.11951124246699,3,rrrGGgrrrGGg
2170,145,21512.0,1.0565247742334618,3,rrrGGgrrrGGg
2171,145,21640.0,1.099419123178802,3,rrrGGgrrrGGg
2172,146,21768.0,1.1212570937848543,3,rrrGGgrrrGGg
2173,146,21896.0,1.1370985102220619,3,rrrGGgrrrGGg
2174,147,22024.0,1.1408304646699732,3,rrrGGgrrrGGg
2175,147,22152.0,1.1935800235226506,3,rrrGGgrrrGGg
2176,147,22280.0,1.2479148739151065,3,rrrGGgrrrGGg
2177,148,22408.0,1.2830573018993572,3,rrrGGgrrrGGg
2178,148,22537.0,1.3285896624000375,3,rrrGGgrrrGGg
2179,149,22664.0,1.3660606394255508,3,rrrGGgrrrGGg
2180,147,22792.0,1.2259657495246996,3,rrrGGgrrrGGg
2181,147,22920.0,1.2461317290750342,3,rrrGGgrrrGGg
2182,146,23048.0,1.2209392524532137,3,rrrGGgrrrGGg
2183,146,23176.0,1.2500551405362998,3,rrrGGgrrrGGg
2184,146,23304.0,1.2621964090817444,3,rrrGGgrrrGGg
2185,147,23432.0,1.2474031610072644,3,rrrGGgrrrGGg
2186,147,23560.0,1.2835355479460662,3,rrrGGgrrrGGg
2187,148,23688.0,1.28273995385963,3,rrrGGgrrrGGg
2188,148,23816.0,1.3285631942650062,3,rrrGGgrrrGGg
2189,148,23944.0,1.3468613988474851,3,rrrGGgrrrGGg
2190,147,24072.0,1.302248660536166,3,rrrGGgrrrGGg
2191,146,24200.0,1.250951976946566,3,rrrGGgrrrGGg
2192,146,24328.0,1.2667940186825966,3,rrrGGgrrrGGg
2193,147,24456.0,1.3091375218940382,3,rrrGGgrrrGGg
2194,148,24584.0,1.349266758914295,3,rrrGGgrrrGGg
2195,147,24712.0,1.3038416084413964,3,rrrGGgrrrGGg
2196,146,24840.0,1.261187117074883,3,rrrGGgrrrGGg
2197,145,24968.0,1.2240613787954135,3,rrrGGgrrrGGg
2198,145,25096.0,1.2642997307452912,3,rrrGGgrrrGGg
2199,144,25224.0,1.18607919606707,3,rrrGGgrrrGGg
2200,145,25352.0,1.164206295663815,3,rrrGGgrrrGGg
2201,145,25480.0,1.1775825680314598,3,rrrGGgrrrGGg
2202,145,25608.0,1.2081677189950824,3,rrrGGgrrrGGg
2203,145,25736.0,1.2358484194849875,3,rrrGGgrrrGGg
2204,146,25864.0,1.2298541148216944,3,rrrGGgrrrGGg
2205,146,25992.0,1.2426608040508889,3,rrrGGgrrrGGg
2206,146,26120.0,1.2456611688447252,3,rrrGGgrrrGGg
2207,146,26248.0,1.2620407355854544,3,rrrGGgrrrGGg
2208,146,26376.0,1.301969603228987,3,rrrGGgrrrGGg
2209,145,26504.0,1.2593474528136275,3,rrrGGgrrrGGg
2210,146,26632.0,1.2946987021665783,3,rrrGGgrrrGGg
2211,147,26760.0,1.3002737330034395,3,rrrGGgrrrGGg
2212,146,26888.0,1.229923050592903,3,rrrGGgrrrGGg
2213,146,27016.0,1.2641525357637098,3,rrrGGgrrrGGg
2214,145,27144.0,1.1970955558116254,3,rrrGGgrrrGGg
2215,144,27272.0,1.1365989948424653,3,rrrGGgrrrGGg
2216,144,27400.0,1.1767869401921507,3,rrrGGgrrrGGg
2217,143,27528.0,1.1218187454688726,3,rrrGGgrrrGGg
2218,144,27656.0,1.0854471775681849,3,rrrGGgrrrGGg
2219,144,27784.0,1.0889904047458758,3,rrrGGgrrrGGg
2220,145,27912.0,1.1261817708428397,3,rrrGGgrrrGGg
2221,145,28040.0,1.1757538401717604,3,rrrGGgrrrGGg
2222,144,28168.0,1.135046225636203,3,rrrGGgrrrGGg
2223,143,28296.0,1.068506006418792,3,rrrGGgrrrGGg
2224,143,28424.0,1.0932821007321794,3,rrrGGgrrrGGg
2225,142,28552.0,1.0106384998285565,3,rrrGGgrrrGGg
2226,143,28680.0,1.0037221187758927,3,rrrGGgrrrGGg
2227,143,28808.0,1.0486851230643104,3,rrrGGgrrrGGg
2228,144,28936.0,1.0434031283432044,3,rrrGGgrrrGGg
2229,143,29064.0,0.9865654575380692,3,rrrGGgrrrGGg
2230,143,29192.0,1.0210228101324341,3,rrrGGgrrrGGg
2231,143,29320.0,1.0542112874815068,3,rrrGGgrrrGGg
2232,143,29448.0,1.0839471312425688,3,rrrGGgrrrGGg
2233,142,29576.0,1.0228119149014394,3,rrrGGgrrrGGg
2234,142,29704.0,1.0608791772332098,3,rrrGGgrrrGGg
2235,142,29832.0,1.0860349874839372,3,rrrGGgrrrGGg
2236,143,29960.0,1.1107801500493755,3,rrrGGgrrrGGg
2237,143,30088.0,1.134546663464369,3,rrrGGgrrrGGg
2238,143,30216.0,1.1668000827076752,3,rrrGGgrrrGGg
2239,142,30344.0,1.1102845161846115,3,rrrGGgrrrGGg
2240,142,30472.0,1.1321705244351743,3,rrrGGgrrrGGg
2241,143,30600.0,1.1376863787064735,3,rrrGGgrrrGGg
2242,144,30728.0,1.121735419154263,3,rrrGGgrrrGGg
2243,143,30856.0,0.9908931113252332,3,rrrGGgrrrGGg
2244,143,30984.0,0.9939360741950668,3,rrrGGgrrrGGg
2245,141,31112.0,0.8660385034657435,3,rrrGGgrrrGGg
2246,141,31240.0,0.8966957134052055,3,rrrGGgrrrGGg
2247,142,31368.0,0.9179742207064702,3,rrrGGgrrrGGg
2248,142,31496.0,0.9458740403484791,3,rrrGGgrrrGGg
2249,143,31624.0,0.9685590474907985,3,rrrGGgrrrGGg
2250,143,31752.0,1.0094296176757611,3,rrrGGgrrrGGg
2251,143,31880.0,1.0390666456778437,3,rrrGGgrrrGGg
2252,143,32008.0,0.9741368724581074,3,rrrGGgrrrGGg
2253,143,32136.0,0.9746788093418589,3,rrrGGgrrrGGg
2254,143,32264.0,0.9861867795586864,3,rrrGGgrrrGGg
2255,143,32392.0,1.016484185401925,3,rrrGGgrrrGGg
2256,142,32520.0,0.9764345123204521,3,rrrGGgrrrGGg
2257,142,32648.0,1.0135932123382125,3,rrrGGgrrrGGg
2258,144,32776.0,0.987647707542987,3,rrrGGgrrrGGg
2259,143,32904.0,0.8958884000152367,3,rrrGGgrrrGGg
2260,143,33032.0,0.9075599689349613,3,rrrGGgrrrGGg
2261,143,33160.0,0.9481241577402987,3,rrrGGgrrrGGg
2262,143,33288.0,0.996314191004835,3,rrrGGgrrrGGg
2263,143,33416.0,0.9513495185126795,3,rrrGGgrrrGGg
2264,143,33544.0,1.0018723109040366,3,rrrGGgrrrGGg
2265,144,33672.0,1.0328018544571458,3,rrrGGgrrrGGg
2266,144,33800.0,1.0768913921233767,3,rrrGGgrrrGGg
2267,144,33928.0,1.1173515148693525,3,rrrGGgrrrGGg
2268,144,34056.0,1.1588658937718546,3,rrrGGgrrrGGg
2269,143,34184.0,1.1051370165691283,3,rrrGGgrrrGGg
2270,144,34312.0,1.108816718762231,3,rrrGGgrrrGGg
2271,143,34440.0,1.0660918586369716,3,rrrGGgrrrGGg
2272,144,34568.0,1.0891896748312955,3,rrrGGgrrrGGg
2273,144,34696.0,1.088048445487568,3,rrrGGgrrrGGg
2274,143,34824.0,0.9904606593430262,3,rrrGGgrrrGGg
2275,143,34952.0,0.9886306316060423,3,rrrGGgrrrGGg
2276,143,34779.0,1.1342506976073907,3,rrrGGgrrrGGg
2277,144,34305.0,1.2667386061328392,3,rrrGGgrrrGGg
2278,144,33832.0,1.3053837727791866,3,rrrGGgrrrGGg
2279,144,33357.0,1.3278135325361264,3,rrrGGgrrrGGg
2280,143,32580.0,1.3757980676702009,3,rrrGGgrrrGGg
2281,144,31501.0,1.5200036101754426,3,rrrGGgrrrGGg
2282,145,30716.0,1.5612458866514825,3,rrrGGgrrrGGg
2283,145,29928.0,1.5925098147811176,3,rrrGGgrrrGGg
2284,143,28843.0,1.465243940185385,3,rrrGGgrrrGGg
2285,143,27757.0,1.4842262965644768,3,rrrGGgrrrGGg
2286,143,26673.0,1.5260241738186686,3,rrrGGgrrrGGg
2287,143,25588.0,1.5761477001527955,3,rrrGGgrrrGGg
2288,144,24502.0,1.6024400897460613,3,rrrGGgrrrGGg
2289,144,23713.0,1.635455877446323,3,rrrGGgrrrGGg
2290,145,22923.0,1.6290324968798955,3,rrrGGgrrrGGg
2291,145,22135.0,1.662733118140283,3,rrrGGgrrrGGg
2292,145,21053.0,1.6945532894691309,3,rrrGGgrrrGGg
2293,145,20260.0,1.7209363599408958,3,rrrGGgrrrGGg
2294,145,19176.0,1.7458366287685338,3,rrrGGgrrrGGg
2295,146,18092.0,1.7484275346130678,3,rrrGGgrrrGGg
2296,147,17303.0,1.7612947768269334,3,rrrGGgrrrGGg
2297,146,16515.0,1.6827137078560013,3,rrrGGgrrrGGg
2298,146,15434.0,1.7099670612058604,3,rrrGGgrrrGGg
2299,145,14640.0,1.6600260152179012,3,rrrGGgrrrGGg
2300,142,14147.0,1.4844415535043305,3,rrrGGgrrrGGg
2301,141,13651.0,1.451209891005277,3,rrrGGgrrrGGg
2302,141,12864.0,1.3743719328381019,3,rrrGGgrrrGGg
2303,141,12081.0,1.3903910761418348,3,rrrGGgrrrGGg
2304,141,11297.0,1.312209175843375,3,rrrGGgrrrGGg
2305,141,10809.0,1.3022775039065082,3,rrrGGgrrrGGg
2306,140,10029.0,1.2403952316935623,3,rrrGGgrrrGGg
2307,141,9543.0,1.2764590705729393,3,rrrGGgrrrGGg
2308,141,8767.0,1.3001446785847213,3,rrrGGgrrrGGg
2309,141,8280.0,1.3141496762026947,3,rrrGGgrrrGGg
2310,142,7506.0,1.3101701867283282,3,rrrGGgrrrGGg
2311,142,6727.0,1.3458516119647543,3,rrrGGgrrrGGg
2312,142,5952.0,1.393917936428158,3,rrrGGgrrrGGg
2313,142,5465.0,1.4062340883931745,3,rrrGGgrrrGGg
2314,142,4976.0,1.4112448640011381,3,rrrGGgrrrGGg
2315,141,4485.0,1.3255386493761272,3,rrrGGgrrrGGg
2316,142,4285.0,1.3483889028552503,3,rrrGGgrrrGGg
2317,142,3219.0,1.302714960518827,3,rrrGGgrrrGGg
2318,142,2730.0,1.3480857848785868,3,rrrGGgrrrGGg
2319,142,2244.0,1.3912772336159644,3,rrrGGgrrrGGg
2320,142,1762.0,1.4194579641210163,3,rrrGGgrrrGGg
2321,141,1855.0,1.3312711026970594,3,rrrGGgrrrGGg
2322,140,1949.0,1.2613371498145973,3,rrrGGgrrrGGg
2323,143,2047.0,1.2644459037179774,3,rrrGGgrrrGGg
2324,143,2146.0,1.2231170153131499,3,rrrGGgrrrGGg
2325,143,2248.0,1.252141040655848,3,rrrGGgrrrGGg
2326,144,2354.0,1.2446739713188009,3,rrrGGgrrrGGg
2327,144,2461.0,1.2714420717710055,3,rrrGGgrrrGGg
2328,144,2573.0,1.187767190065889,3,rrrGGgrrrGGg
2329,145,2686.0,1.191959337349257,3,rrrGGgrrrGGg
2330,145,2800.0,1.201714983411187,3,rrrGGgrrrGGg
2331,145,2915.0,1.2512366184178016,3,rrrGGgrrrGGg
2332,144,3028.0,1.2002714595577866,3,rrrGGgrrrGGg
2333,144,3148.0,1.2412567294139936,3,rrrGGgrrrGGg
2334,145,3272.0,1.23065211612619,3,rrrGGgrrrGGg
2335,145,3394.0,1.2572116489634864,3,rrrGGgrrrGGg
2336,144,3515.0,1.204780552117412,3,rrrGGgrrrGGg
2337,144,3640.0,1.2552450849812193,3,rrrGGgrrrGGg
2338,144,3765.0,1.2677077766978881,3,rrrGGgrrrGGg
2339,144,3891.0,1.189803176606329,3,rrrGGgrrrGGg
2340,143,4017.0,1.147467276584315,3,rrrGGgrrrGGg
2341,144,4143.0,1.1857012518072017,3,rrrGGgrrrGGg
2342,144,4269.0,1.228724987201072,3,rrrGGgrrrGGg
2343,144,4395.0,1.24523211313762,3,rrrGGgrrrGGg
2344,144,4521.0,1.232376274014967,3,rrrGGgrrrGGg
2345,145,4647.0,1.2728285015051803,3,rrrGGgrrrGGg
2346,145,4773.0,1.310042242079523,3,rrrGGgrrrGGg
2347,145,4899.0,1.3322681463154527,3,rrrGGgrrrGGg
2348,144,5025.0,1.2296865292413113,3,rrrGGgrrrGGg
2349,145,5151.0,1.2002498746481272,3,rrrGGgrrrGGg
2350,146,5277.0,1.2211376832413514,3,rrrGGgrrrGGg
2351,146,5404.0,1.2605306918976875,3,rrrGGgrrrGGg
2352,146,5531.0,1.3118332287722567,3,rrrGGgrrrGGg
2353,145,5658.0,1.2575968195326135,3,rrrGGgrrrGGg
2354,146,5785.0,1.279295708526878,3,rrrGGgrrrGGg
2355,146,5912.0,1.2911894123476613,3,rrrGGgrrrGGg
2356,146,6039.0,1.302727784477994,3,rrrGGgrrrGGg
2357,145,6166.0,1.2423756935950752,3,rrrGGgrrrGGg
2358,145,6293.0,1.1578268826299596,3,rrrGGgrrrGGg
2359,144,6420.0,1.0986903607853886,3,rrrGGgrrrGGg
2360,144,6547.0,1.08554891054689,3,rrrGGgrrrGGg
2361,144,6674.0,1.107847976035228,3,rrrGGgrrrGGg
2362,145,6801.0,1.1480494570783462,3,rrrGGgrrrGGg
2363,145,6928.0,1.1937022661115027,3,rrrGGgrrrGGg
2364,145,7055.0,1.2342069656987253,3,rrrGGgrrrGGg
2365,145,7182.0,1.2791324910267192,3,rrrGGgrrrGGg
2366,144,7309.0,1.2352951788648852,3,rrrGGgrrrGGg
2367,144,7436.0,1.2705987662813247,3,rrrGGgrrrGGg
2368,144,7563.0,1.2802883861558045,3,rrrGGgrrrGGg
2369,143,7690.0,1.2079451157151528,3,rrrGGgrrrGGg
2370,145,7817.0,1.2197621258028413,3,rrrGGgrrrGGg
2371,145,7944.0,1.2607001336906907,3,rrrGGgrrrGGg
2372,145,8071.0,1.2648676411504722,3,rrrGGgrrrGGg
2373,145,8198.0,1.2644419681888814,3,rrrGGgrrrGGg
2374,142,8325.0,1.0423400278783417,3,rrrGGgrrrGGg
2375,142,8452.0,1.0773111347893767,3,rrrGGgrrrGGg
2376,142,8579.0,1.1154787203045446,3,rrrGGgrrrGGg
2377,142,8706.0,1.1418984496779234,3,rrrGGgrrrGGg
2378,142,8833.0,1.153956557647801,3,rrrGGgrrrGGg
2379,142,8960.0,1.1664874517502537,3,rrrGGgrrrGGg
2380,143,9087.0,1.1869335302574477,3,rrrGGgrrrGGg
2381,143,9214.0,1.208153593347744,3,rrrGGgrrrGGg
2382,142,9341.0,1.128901258967991,3,rrrGGgrrrGGg
2383,142,9468.0,1.1546462595023637,3,rrrGGgrrrGGg
2384,142,9595.0,1.1730683066132823,3,rrrGGgrrrGGg
2385,141,9722.0,1.0802510176688176,3,rrrGGgrrrGGg
2386,140,9849.0,0.8927409568860883,3,rrrGGgrrrGGg
2387,140,9976.0,0.8954609240650888,3,rrrGGgrrrGGg
2388,141,10103.0,0.9232905250929504,3,rrrGGgrrrGGg
2389,141,10230.0,0.9563187487843626,3,rrrGGgrrrGGg
2390,141,10357.0,0.9916704528273912,3,rrrGGgrrrGGg
2391,141,10484.0,1.0208704833713245,3,rrrGGgrrrGGg
2392,141,10611.0,1.022737047618756,3,rrrGGgrrrGGg
2393,143,10738.0,1.0180880688695724,3,rrrGGgrrrGGg
2394,143,10865.0,1.0280226031094843,3,rrrGGgrrrGGg
2395,143,10992.0,1.0825741987406563,3,rrrGGgrrrGGg
2396,143,11119.0,1.1236964868136494,3,rrrGGgrrrGGg
2397,142,11246.0,1.0852229367569342,3,rrrGGgrrrGGg
2398,142,11373.0,1.0177840142882004,3,rrrGGgrrrGGg
2399,141,11500.0,0.9659587251717371,3,rrrGGgrrrGGg
2400,141,11627.0,1.0028187656662808,3,rrrGGgrrrGGg
2401,141,11754.0,1.0163233574664068,3,rrrGGgrrrGGg
2402,142,11881.0,1.008399109989172,3,rrrGGgrrrGGg
2403,141,12008.0,0.9269505201788248,3,rrrGGgrrrGGg
2404,141,12135.0,0.9342543356908777,3,rrrGGgrrrGGg
2405,141,12262.0,0.97395832967394,3,rrrGGgrrrGGg
2406,141,12389.0,1.011669237197533,3,rrrGGgrrrGGg
2407,141,12516.0,1.0465638427669028,3,rrrGGgrrrGGg
2408,140,12643.0,0.9843270673727039,3,rrrGGgrrrGGg
2409,141,12770.0,1.006084147540454,3,rrrGGgrrrGGg
2410,141,12897.0,1.0434213893893454,3,rrrGGgrrrGGg
2411,140,13024.0,0.9811742440928266,3,rrrGGgrrrGGg
2412,140,13151.0,1.0148278508845414,3,rrrGGgrrrGGg
2413,141,13278.0,1.0140810166204135,3,rrrGGgrrrGGg
2414,141,13405.0,1.0276557585504291,3,rrrGGgrrrGGg
2415,142,13532.0,1.0545863173359493,3,rrrGGgrrrGGg
2416,140,13659.0,0.9295114320381186,3,rrrGGgrrrGGg
2417,139,13786.0,0.8338198255704304,3,rrrGGgrrrGGg
2418,140,13913.0,0.8303357319018567,3,rrrGGgrrrGGg
2419,140,14040.0,0.8639274089088562,3,rrrGGgrrrGGg
2420,140,14167.0,0.8934413535494325,3,rrrGGgrrrGGg
2421,140,14294.0,0.8965743218121789,3,rrrGGgrrrGGg
2422,140,14421.0,0.9177077689849337,3,rrrGGgrrrGGg
2423,140,14548.0,0.9516280170812104,3,rrrGGgrrrGGg
2424,140,14675.0,0.9760783854462635,3,rrrGGgrrrGGg
2425,140,14802.0,0.8979499967515956,3,rrrGGgrrrGGg
2426,141,14929.0,0.9178244653587176,3,rrrGGgrrrGGg
2427,141,15056.0,0.929420713543813,3,rrrGGgrrrGGg
2428,141,15183.0,0.945115336787983,3,rrrGGgrrrGGg
2429,141,15310.0,0.953215314864977,3,rrrGGgrrrGGg
2430,141,15437.0,0.970412759368435,3,rrrGGgrrrGGg
2431,142,15564.0,0.8830325700964361,3,rrrGGgrrrGGg
2432,142,15691.0,0.9145357252508649,3,rrrGGgrrrGGg
2433,142,15818.0,0.9460679844804398,3,rrrGGgrrrGGg
2434,142,15945.0,0.9778523813678757,3,rrrGGgrrrGGg
2435,142,16072.0,0.9892694343873009,3,rrrGGgrrrGGg
2436,142,16199.0,1.0323089020104956,3,rrrGGgrrrGGg
2437,142,16326.0,1.0725303480021613,3,rrrGGgrrrGGg
2438,142,16453.0,1.0084012884803213,3,rrrGGgrrrGGg
2439,142,16580.0,1.0451048207752625,3,rrrGGgrrrGGg
2440,142,16707.0,1.0441735913448345,3,rrrGGgrrrGGg
2441,141,16834.0,0.9471369136547547,3,rrrGGgrrrGGg
2442,142,16961.0,0.9818507340415287,3,rrrGGgrrrGGg
2443,142,17088.0,1.027419144271306,3,rrrGGgrrrGGg
2444,142,17215.0,1.062513127692419,3,rrrGGgrrrGGg
2445,143,17342.0,1.0578626366182033,3,rrrGGgrrrGGg
2446,143,17469.0,1.1013491585811293,3,rrrGGgrrrGGg
2447,143,17596.0,1.1174051231817808,3,rrrGGgrrrGGg
2448,143,17723.0,1.0536643855074344,3,rrrGGgrrrGGg
2449,143,17850.0,1.0966733252165999,3,rrrGGgrrrGGg
2450,144,17977.0,1.0670155407375974,3,rrrGGgrrrGGg
2451,144,18104.0,1.1096038869473537,3,rrrGGgrrrGGg
2452,144,18231.0,1.1552589955772128,3,rrrGGgrrrGGg
2453,143,18358.0,1.1139871024042802,3,rrrGGgrrrGGg
2454,143,18485.0,1.150497822209279,3,rrrGGgrrrGGg
2455,144,18612.0,1.1825509720428353,3,rrrGGgrrrGGg
2456,145,18739.0,1.2150285232765379,3,rrrGGgrrrGGg
2457,145,18866.0,1.2533947048434737,3,rrrGGgrrrGGg
2458,145,18993.0,1.2567802481477444,3,rrrGGgrrrGGg
2459,145,19120.0,1.260408407174423,3,rrrGGgrrrGGg
2460,146,19247.0,1.27133741733714,3,rrrGGgrrrGGg
2461,145,19374.0,1.1504823707552383,3,rrrGGgrrrGGg
2462,144,19501.0,1.112030223790802,3,rrrGGgrrrGGg
2463,144,19628.0,1.1366103402032477,3,rrrGGgrrrGGg
2464,143,19755.0,1.031548831107062,3,rrrGGgrrrGGg
2465,143,19882.0,1.0713631773242331,3,rrrGGgrrrGGg
2466,143,20009.0,1.1216707555783365,3,rrrGGgrrrGGg
2467,144,20136.0,1.1599604438231466,3,rrrGGgrrrGGg
2468,145,20263.0,1.2059416057456298,3,rrrGGgrrrGGg
2469,144,20390.0,1.1581550497602946,3,rrrGGgrrrGGg
2470,144,20517.0,1.1651487086989119,3,rrrGGgrrrGGg
2471,144,20644.0,1.190500620518527,3,rrrGGgrrrGGg
2472,144,20771.0,1.129526969578654,3,rrrGGgrrrGGg
2473,144,20898.0,1.1473679691420027,3,rrrGGgrrrGGg
2474,144,21025.0,1.1606778736973695,3,rrrGGgrrrGGg
2475,145,21152.0,1.1917968230492646,3,rrrGGgrrrGGg
2476,145,21279.0,1.2260473237561287,3,rrrGGgrrrGGg
2477,145,21406.0,1.2724677883441198,3,rrrGGgrrrGGg
2478,145,21533.0,1.2177642702215157,3,rrrGGgrrrGGg
2479,145,21660.0,1.2574764366137294,3,rrrGGgrrrGGg
2480,145,21787.0,1.281964677271473,3,rrrGGgrrrGGg
2481,145,21914.0,1.2852870005138524,3,rrrGGgrrrGGg
2482,145,22041.0,1.2829866832197743,3,rrrGGgrrrGGg
2483,146,22168.0,1.285839957128542,3,rrrGGgrrrGGg
2484,147,22295.0,1.3234866083668666,3,rrrGGgrrrGGg
2485,146,22422.0,1.281410192542175,3,rrrGGgrrrGGg
2486,146,22549.0,1.3196198961438168,3,rrrGGgrrrGGg
2487,145,22676.0,1.2876498247497854,3,rrrGGgrrrGGg
2488,146,22803.0,1.3107408148620376,3,rrrGGgrrrGGg
2489,147,22930.0,1.3253920610135534,3,rrrGGgrrrGGg
2490,146,23057.0,1.2801546055579431,3,rrrGGgrrrGGg
2491,145,23184.0,1.2522541167306769,3,rrrGGgrrrGGg
2492,145,23311.0,1.2966342890852327,3,rrrGGgrrrGGg
2493,146,23438.0,1.3045456699350166,3,rrrGGgrrrGGg
2494,146,23565.0,1.208353491820295,3,rrrGGgrrrGGg
2495,146,23692.0,1.2573534982288401,3,rrrGGgrrrGGg
2496,146,23819.0,1.2976031992747015,3,rrrGGgrrrGGg
2497,146,23946.0,1.340041947134836,3,rrrGGgrrrGGg
2498,146,24073.0,1.272264172226133,3,rrrGGgrrrGGg
2499,146,24200.0,1.1772586476798723,3,rrrGGgrrrGGg
2500,146,24327.0,1.185901269392436,3,rrrGGgrrrGGg
2501,146,24454.0,1.2038752948394116,3,rrrGGgrrrGGg
2502,146,24581.0,1.2563182674393867,3,rrrGGgrrrGGg
2503,146,24708.0,1.3023083613308024,3,rrrGGgrrrGGg
2504,146,24835.0,1.3432501158124939,3,rrrGGgrrrGGg
2505,146,24962.0,1.3795515349080256,3,rrrGGgrrrGGg
2506,148,25089.0,1.3740234271076615,3,rrrGGgrrrGGg
2507,147,25216.0,1.313659514513782,3,rrrGGgrrrGGg
2508,147,25343.0,1.3497907157560733,3,rrrGGgrrrGGg
2509,145,25470.0,1.2338767528409524,3,rrrGGgrrrGGg
2510,145,25597.0,1.275738396003173,3,rrrGGgrrrGGg
2511,146,25724.0,1.284835149199382,3,rrrGGgrrrGGg
2512,146,25851.0,1.323000952269976,3,rrrGGgrrrGGg
2513,147,25978.0,1.345628132398949,3,rrrGGgrrrGGg
2514,147,26105.0,1.3760578693073293,3,rrrGGgrrrGGg
2515,147,26232.0,1.4347714086727035,3,rrrGGgrrrGGg
2516,147,26359.0,1.4843104784391499,3,rrrGGgrrrGGg
2517,148,26486.0,1.4834723364902973,3,rrrGGgrrrGGg
2518,148,26613.0,1.5033547933982216,3,rrrGGgrrrGGg
2519,147,26740.0,1.4491060562641662,3,rrrGGgrrrGGg
2520,148,26867.0,1.457019765456366,3,rrrGGgrrrGGg
2521,148,26994.0,1.4699699576205396,3,rrrGGgrrrGGg
2522,148,27121.0,1.4009030954018722,3,rrrGGgrrrGGg
2523,148,27248.0,1.448344191124117,3,rrrGGgrrrGGg
2524,147,27375.0,1.3913138963985632,3,rrrGGgrrrGGg
2525,146,27502.0,1.285228759560838,3,rrrGGgrrrGGg
2526,146,27629.0,1.2927482078800066,3,rrrGGgrrrGGg
2527,146,27756.0,1.2771559050838144,3,rrrGGgrrrGGg
2528,146,27883.0,1.329886888535666,3,rrrGGgrrrGGg
2529,146,28010.0,1.3829450956731326,3,rrrGGgrrrGGg
2530,146,28137.0,1.4346603281605235,3,rrrGGgrrrGGg
2531,147,28264.0,1.4417441837459914,3,rrrGGgrrrGGg
2532,145,28391.0,1.2969471346861083,3,rrrGGgrrrGGg
2533,145,28518.0,1.3110006765608813,3,rrrGGgrrrGGg
2534,145,28645.0,1.3509879388630273,3,rrrGGgrrrGGg
2535,144,28772.0,1.3038152585419398,3,rrrGGgrrrGGg
2536,143,28899.0,1.2517451440624425,3,rrrGGgrrrGGg
2537,143,29026.0,1.2553292552115458,3,rrrGGgrrrGGg
2538,144,29153.0,1.2594241110511222,3,rrrGGgrrrGGg
2539,144,29280.0,1.269109457548478,3,rrrGGgrrrGGg
2540,144,29407.0,1.2892320334157599,3,rrrGGgrrrGGg
2541,145,29534.0,1.31007055671816,3,rrrGGgrrrGGg
2542,145,29661.0,1.3222229423374052,3,rrrGGgrrrGGg
2543,145,29788.0,1.225080083773872,3,rrrGGgrrrGGg
2544,145,29915.0,1.2670420433952547,3,rrrGGgrrrGGg
2545,145,30042.0,1.275906852246028,3,rrrGGgrrrGGg
2546,143,30169.0,1.1169362593824994,3,rrrGGgrrrGGg
2547,143,30296.0,1.1570177996917461,3,rrrGGgrrrGGg
2548,144,30423.0,1.1626849232853114,3,rrrGGgrrrGGg
2549,144,30550.0,1.1793929263973828,3,rrrGGgrrrGGg
2550,143,30677.0,1.1299015390885179,3,rrrGGgrrrGGg
2551,143,30804.0,1.066913347512528,3,rrrGGgrrrGGg
2552,143,30931.0,1.1048854445397154,3,rrrGGgrrrGGg
2553,144,31058.0,1.1258009222308727,3,rrrGGgrrrGGg
2554,144,31185.0,1.1085036693603032,3,rrrGGgrrrGGg
2555,144,31312.0,1.1231343781504157,3,rrrGGgrrrGGg
2556,144,31439.0,1.0821020889492285,3,rrrGGgrrrGGg
2557,144,31566.0,1.1332135956678018,3,rrrGGgrrrGGg
2558,144,31693.0,1.1604847548300652,3,rrrGGgrrrGGg
2559,144,31820.0,1.1870929755093225,3,rrrGGgrrrGGg
2560,145,31947.0,1.2248248296536715,3,rrrGGgrrrGGg
2561,145,32074.0,1.2753382368494206,3,rrrGGgrrrGGg
2562,145,32201.0,1.315571766997257,3,rrrGGgrrrGGg
2563,145,32328.0,1.261789882325412,3,rrrGGgrrrGGg
2564,143,32455.0,1.1251610072765912,3,rrrGGgrrrGGg
2565,144,32582.0,1.1542582301524713,3,rrrGGgrrrGGg
2566,143,32709.0,1.0980760982407682,3,rrrGGgrrrGGg
2567,143,32836.0,1.1329820609672083,3,rrrGGgrrrGGg
2568,143,32963.0,1.172027619519225,3,rrrGGgrrrGGg
2569,143,33090.0,1.1982965717461322,3,rrrGGgrrrGGg
2570,143,33217.0,1.198336720331898,3,rrrGGgrrrGGg
2571,144,33344.0,1.1931663456752795,3,rrrGGgrrrGGg
2572,142,33471.0,1.0123387708956884,3,rrrGGgrrrGGg
2573,142,33598.0,1.0211036955547195,3,rrrGGgrrrGGg
2574,142,33725.0,1.0212158118225223,3,rrrGGgrrrGGg
2575,143,33852.0,1.048623508339289,3,rrrGGgrrrGGg
2576,143,33979.0,1.0796605012392064,3,rrrGGgrrrGGg
2577,144,34106.0,1.0777205725575683,3,rrrGGgrrrGGg
2578,143,34233.0,0.9998527522915305,3,rrrGGgrrrGGg
2579,143,34360.0,1.03129784656158,3,rrrGGgrrrGGg
2580,143,34487.0,1.0391900994269256,3,rrrGGgrrrGGg
2581,143,34614.0,1.0722871731083774,3,rrrGGgrrrGGg
2582,144,34741.0,1.0895355595843297,3,rrrGGgrrrGGg
2583,143,34868.0,1.0152407027067614,3,rrrGGgrrrGGg
2584,144,34393.0,1.2145616280796396,3,rrrGGgrrrGGg
2585,143,33917.0,1.180862923741928,3,rrrGGgrrrGGg
2586,143,33138.0,1.3419161813469007,3,rrrGGgrrrGGg
2587,144,32360.0,1.3908889875204429,3,rrrGGgrrrGGg
2588,144,31278.0,1.5573078934354387,3,rrrGGgrrrGGg
2589,145,30193.0,1.6347859729227585,3,rrrGGgrrrGGg
2590,145,29106.0,1.6721760501054388,3,rrrGGgrrrGGg
2591,145,28021.0,1.6881433441034075,3,rrrGGgrrrGGg
2592,145,27232.0,1.7216732069659038,3,rrrGGgrrrGGg
2593,146,26739.0,1.765011129842086,3,rrrGGgrrrGGg
2594,147,25950.0,1.8068896793537228,3,rrrGGgrrrGGg
2595,147,24860.0,1.8379103642872148,3,rrrGGgrrrGGg
2596,147,23772.0,1.8540600934302665,3,rrrGGgrrrGGg
2597,146,22979.0,1.7861849479437766,3,rrrGGgrrrGGg
2598,146,21893.0,1.825585295255001,3,rrrGGgrrrGGg
2599,146,20804.0,1.8721548276865019,3,rrrGGgrrrGGg
2600,147,19718.0,1.791570412901871,3,rrrGGgrrrGGg
2601,146,18925.0,1.8028520231300773,3,rrrGGgrrrGGg
2602,146,17836.0,1.840649749607197,3,rrrGGgrrrGGg
2603,146,17341.0,1.8485447133647446,3,rrrGGgrrrGGg
2604,146,16550.0,1.8630787780206717,3,rrrGGgrrrGGg
2605,146,15458.0,1.9148789638064023,3,rrrGGgrrrGGg
2606,145,14669.0,1.7776858402686442,3,rrrGGgrrrGGg
2607,141,13916.0,1.4980880539880252,3,rrrGGgrrrGGg
2608,141,13424.0,1.5047486388736504,3,rrrGGgrrrGGg
2609,141,12636.0,1.4729658417404867,3,rrrGGgrrrGGg
2610,141,12143.0,1.4922353354363502,3,rrrGGgrrrGGg
2611,140,11647.0,1.4263199737522863,3,rrrGGgrrrGGg
2612,141,10859.0,1.45154513408803,3,rrrGGgrrrGGg
2613,141,10072.0,1.4989036045763369,3,rrrGGgrrrGGg
2614,142,9580.0,1.5017402435485805,3,rrrGGgrrrGGg
2615,142,8798.0,1.5137763338619183,3,rrrGGgrrrGGg
2616,140,8602.0,1.3387626229101584,3,rrrGGgrrrGGg
2617,139,7816.0,1.2731720914372575,3,rrrGGgrrrGGg
2618,139,7035.0,1.3166620566770812,3,rrrGGgrrrGGg
2619,139,6548.0,1.3575271488926237,3,rrrGGgrrrGGg
2620,141,5765.0,1.362073894735179,3,rrrGGgrrrGGg
2621,140,5568.0,1.2984362360756607,3,rrrGGgrrrGGg
2622,140,4789.0,1.327925272694985,3,rrrGGgrrrGGg
2623,140,4005.0,1.352769238196834,3,rrrGGgrrrGGg
2624,139,3514.0,1.3120296695309719,3,rrrGGgrrrGGg
2625,140,3026.0,1.3235682232673571,3,rrrGGgrrrGGg
2626,141,2829.0,1.341414155588387,3,rrrGGgrrrGGg
2627,141,2341.0,1.385103584716947,3,rrrGGgrrrGGg
2628,141,2148.0,1.4091287641246752,3,rrrGGgrrrGGg
2629,141,1953.0,1.4520829286926558,3,rrrGGgrrrGGg
2630,140,2050.0,1.3751706891387077,3,rrrGGgrrrGGg
2631,142,2151.0,1.3781874106849479,3,rrrGGgrrrGGg
2632,141,2251.0,1.2574697592471817,3,rrrGGgrrrGGg
2633,142,2354.0,1.2524168688304624,3,rrrGGgrrrGGg
2634,142,2460.0,1.284672822066543,3,rrrGGgrrrGGg
2635,142,2570.0,1.3176969661490463,3,rrrGGgrrrGGg
2636,142,2679.0,1.3512307091513438,3,rrrGGgrrrGGg
2637,143,2791.0,1.3550431077498821,3,rrrGGgrrrGGg
2638,142,2906.0,1.2746823415740773,3,rrrGGgrrrGGg
2639,142,3023.0,1.3095326792547186,3,rrrGGgrrrGGg
2640,143,3143.0,1.3331494238392234,3,rrrGGgrrrGGg
2641,142,3266.0,1.2922620752844598,3,rrrGGgrrrGGg
2642,141,3388.0,1.2402743586417044,3,rrrGGgrrrGGg
2643,141,3512.0,1.2768875234082668,3,rrrGGgrrrGGg
2644,141,3637.0,1.3141590804868486,3,rrrGGgrrrGGg
2645,143,3762.0,1.3036251049849101,3,rrrGGgrrrGGg
2646,143,3887.0,1.275565002296215,3,rrrGGgrrrGGg
2647,142,4012.0,1.2011899047674055,3,rrrGGgrrrGGg
2648,142,4137.0,1.2370020560316977,3,rrrGGgrrrGGg
2649,141,4262.0,1.1804152752548103,3,rrrGGgrrrGGg
2650,140,4387.0,1.1146136598797605,3,rrrGGgrrrGGg
2651,140,4512.0,1.1067793801062056,3,rrrGGgrrrGGg
2652,140,4637.0,1.123281613835875,3,rrrGGgrrrGGg
2653,139,4762.0,1.0406529793439319,3,rrrGGgrrrGGg
2654,139,4887.0,0.9334591555581668,3,rrrGGgrrrGGg
2655,139,5012.0,0.9743059954603982,3,rrrGGgrrrGGg
2656,139,5137.0,0.9972626365223278,3,rrrGGgrrrGGg
2657,140,5262.0,0.9977921798698371,3,rrrGGgrrrGGg
2658,139,5387.0,0.9145160758890403,3,rrrGGgrrrGGg
2659,140,5512.0,0.9230603260491752,3,rrrGGgrrrGGg
2660,140,5637.0,0.9666732057475684,3,rrrGGgrrrGGg
2661,139,5762.0,0.9078949703090321,3,rrrGGgrrrGGg
2662,139,5887.0,0.9488276375306994,3,rrrGGgrrrGGg
2663,139,6012.0,0.9838825667376001,3,rrrGGgrrrGGg
2664,139,6137.0,1.0219077859027808,3,rrrGGgrrrGGg
2665,140,6262.0,1.0505368851587882,3,rrrGGgrrrGGg
2666,140,6387.0,1.0594830658285197,3,rrrGGgrrrGGg
2667,140,6512.0,1.065255584628825,3,rrrGGgrrrGGg
2668,140,6637.0,1.1021714735428654,3,rrrGGgrrrGGg
2669,140,6762.0,1.1462579276327611,3,rrrGGgrrrGGg
2670,140,6887.0,1.182039444392249,3,rrrGGgrrrGGg
2671,141,7012.0,1.1720990787008607,3,rrrGGgrrrGGg
2672,142,7137.0,1.142194758809294,3,rrrGGgrrrGGg
2673,142,7262.0,1.1527470384407943,3,rrrGGgrrrGGg
2674,140,7387.0,1.0170376137344033,3,rrrGGgrrrGGg
2675,140,7512.0,1.061581830235638,3,rrrGGgrrrGGg
2676,139,7637.0,0.9659207397616778,3,rrrGGgrrrGGg
2677,139,7762.0,0.9738782995952592,3,rrrGGgrrrGGg
2678,139,7887.0,0.9886533775286114,3,rrrGGgrrrGGg
2679,140,8012.0,1.027699726254824,3,rrrGGgrrrGGg
2680,140,8137.0,1.0777180184978843,3,rrrGGgrrrGGg
2681,140,8262.0,1.1196573459677686,3,rrrGGgrrrGGg
2682,139,8387.0,1.0733663500720558,3,rrrGGgrrrGGg
2683,138,8512.0,1.0225377221594045,3,rrrGGgrrrGGg
2684,139,8637.0,1.049156896017517,3,rrrGGgrrrGGg
2685,138,8762.0,0.9884212784625157,3,rrrGGgrrrGGg
2686,139,8887.0,1.0160730480920475,3,rrrGGgrrrGGg
2687,139,9012.0,1.027198419224174,3,rrrGGgrrrGGg
2688,139,9137.0,1.0273849426769712,3,rrrGGgrrrGGg
2689,140,9262.0,1.0305338239407806,3,rrrGGgrrrGGg
2690,140,9387.0,1.0490305127177406,3,rrrGGgrrrGGg
2691,140,9512.0,1.0812103029273203,3,rrrGGgrrrGGg
2692,141,9637.0,1.0765152314214703,3,rrrGGgrrrGGg
2693,141,9762.0,1.0839801528962776,3,rrrGGgrrrGGg
2694,140,9887.0,1.0335488183081323,3,rrrGGgrrrGGg
2695,140,10012.0,1.0672401852736153,3,rrrGGgrrrGGg
2696,140,10137.0,1.1018659808979825,3,rrrGGgrrrGGg
2697,140,10262.0,1.0995389838038603,3,rrrGGgrrrGGg
2698,140,10387.0,1.1187275213156165,3,rrrGGgrrrGGg
2699,139,10512.0,1.0559648252613507,3,rrrGGgrrrGGg
2700,138,10637.0,0.9892033693098654,3,rrrGGgrrrGGg
2701,138,10762.0,0.9487027128126341,3,rrrGGgrrrGGg
2702,138,10887.0,0.8894982050168789,3,rrrGGgrrrGGg
2703,138,11012.0,0.9020679561275357,3,rrrGGgrrrGGg
2704,138,11137.0,0.8913099680110484,3,rrrGGgrrrGGg
2705,138,11262.0,0.9175513877136077,3,rrrGGgrrrGGg
2706,138,11387.0,0.9559534902612117,3,rrrGGgrrrGGg
2707,139,11512.0,0.9830940816155206,3,rrrGGgrrrGGg
2708,139,11637.0,1.0232284831404828,3,rrrGGgrrrGGg
2709,139,11762.0,1.0696572993244555,3,rrrGGgrrrGGg
2710,139,11887.0,1.094397663178284,3,rrrGGgrrrGGg
2711,139,12012.0,1.0988944165264887,3,rrrGGgrrrGGg
2712,139,12137.0,1.0959793616197124,3,rrrGGgrrrGGg
2713,140,12262.0,1.1140851467483521,3,rrrGGgrrrGGg
2714,138,12387.0,0.967330386544299,3,rrrGGgrrrGGg
2715,138,12512.0,0.989239975528808,3,rrrGGgrrrGGg
2716,138,12637.0,1.0149286418102563,3,rrrGGgrrrGGg
2717,139,12762.0,0.9869392681304627,3,rrrGGgrrrGGg
2718,139,12887.0,0.9526580265184365,3,rrrGGgrrrGGg
2719,138,13012.0,0.8931665902571717,3,rrrGGgrrrGGg
2720,138,13137.0,0.9278557726241857,3,rrrGGgrrrGGg
2721,138,13262.0,0.963259364017935,3,rrrGGgrrrGGg
2722,137,13387.0,0.9058303192340447,3,rrrGGgrrrGGg
2723,138,13512.0,0.9289235994830303,3,rrrGGgrrrGGg
2724,139,13637.0,0.9577601356327757,3,rrrGGgrrrGGg
2725,139,13762.0,0.9714838469002058,3,rrrGGgrrrGGg
2726,139,13887.0,1.0020386919387867,3,rrrGGgrrrGGg
2727,139,14012.0,1.0374310815246792,3,rrrGGgrrrGGg
2728,139,14137.0,1.0708916220334967,3,rrrGGgrrrGGg
2729,140,14262.0,1.1027404955824476,3,rrrGGgrrrGGg
2730,139,14387.0,1.0469579211432607,3,rrrGGgrrrGGg
2731,138,14512.0,0.988692795495156,3,rrrGGgrrrGGg
2732,139,14637.0,1.010894628959022,3,rrrGGgrrrGGg
2733,139,14762.0,1.0422257955579035,3,rrrGGgrrrGGg
2734,139,14887.0,1.0431629395826967,3,rrrGGgrrrGGg
2735,139,15012.0,1.0458017696859385,3,rrrGGgrrrGGg
2736,140,15137.0,1.0357737772943507,3,rrrGGgrrrGGg
2737,139,15262.0,0.9624137949745266,3,rrrGGgrrrGGg
2738,139,15387.0,0.9896378153054721,3,rrrGGgrrrGGg
2739,139,15512.0,1.0056802478032463,3,rrrGGgrrrGGg
2740,139,15637.0,1.0125101802263612,3,rrrGGgrrrGGg
2741,139,15762.0,0.9040595704540696,3,rrrGGgrrrGGg
2742,140,15887.0,0.937445488647441,3,rrrGGgrrrGGg
2743,140,16012.0,0.9702042570705022,3,rrrGGgrrrGGg
2744,139,16137.0,0.9185991364898817,3,rrrGGgrrrGGg
2745,138,16262.0,0.8320627845129838,3,rrrGGgrrrGGg
2746,138,16387.0,0.838034492068173,3,rrrGGgrrrGGg
2747,138,16512.0,0.8817916258000076,3,rrrGGgrrrGGg
2748,138,16637.0,0.9290801150904532,3,rrrGGgrrrGGg
2749,139,16762.0,0.9540921708502337,3,rrrGGgrrrGGg
2750,140,16887.0,0.9509375628052966,3,rrrGGgrrrGGg
2751,140,17012.0,0.9649075734629136,3,rrrGGgrrrGGg
2752,139,17137.0,0.9275585510741554,3,rrrGGgrrrGGg
2753,139,17262.0,0.9629813674025802,3,rrrGGgrrrGGg
2754,140,17387.0,0.9750645288830865,3,rrrGGgrrrGGg
2755,140,17512.0,0.9882263332794768,3,rrrGGgrrrGGg
2756,141,17637.0,0.9913967061559783,3,rrrGGgrrrGGg
2757,141,17762.0,1.0471597525201792,3,rrrGGgrrrGGg
2758,141,17887.0,1.0965758167706536,3,rrrGGgrrrGGg
2759,141,18012.0,1.133739870113473,3,rrrGGgrrrGGg
2760,140,18137.0,1.0911714054574135,3,rrrGGgrrrGGg
2761,140,18262.0,1.1311738531371762,3,rrrGGgrrrGGg
2762,141,18387.0,1.1533011124212185,3,rrrGGgrrrGGg
2763,142,18512.0,1.1767648910218635,3,rrrGGgrrrGGg
2764,142,18637.0,1.1854718180825947,3,rrrGGgrrrGGg
2765,142,18762.0,1.1906482420457172,3,rrrGGgrrrGGg
2766,141,18887.0,1.115897888411193,3,rrrGGgrrrGGg
2767,141,19012.0,1.1567610968852429,3,rrrGGgrrrGGg
2768,142,19137.0,1.0724699147997383,3,rrrGGgrrrGGg
2769,142,19262.0,1.093793627917289,3,rrrGGgrrrGGg
2770,142,19387.0,1.1369316436512158,3,rrrGGgrrrGGg
2771,142,19512.0,1.1667114807851016,3,rrrGGgrrrGGg
2772,142,19637.0,1.178756458711764,3,rrrGGgrrrGGg
2773,141,19762.0,1.1224453297718684,3,rrrGGgrrrGGg
2774,141,19887.0,1.1385406794968609,3,rrrGGgrrrGGg
2775,140,20012.0,1.0685838439642066,3,rrrGGgrrrGGg
2776,141,20137.0,1.1061720397349464,3,rrrGGgrrrGGg
2777,140,20262.0,1.0690215542290484,3,rrrGGgrrrGGg
2778,140,20387.0,1.1142089901932157,3,rrrGGgrrrGGg
2779,141,20512.0,1.1456188827150775,3,rrrGGgrrrGGg
2780,141,20637.0,1.1731945227929745,3,rrrGGgrrrGGg
2781,141,20762.0,1.184458482027595,3,rrrGGgrrrGGg
2782,141,20887.0,1.1695130737862116,3,rrrGGgrrrGGg
2783,141,21012.0,1.1841527425737373,3,rrrGGgrrrGGg
2784,142,21137.0,1.219470695435762,3,rrrGGgrrrGGg
2785,142,21262.0,1.2491008579356357,3,rrrGGgrrrGGg
2786,141,21387.0,1.1669601428447816,3,rrrGGgrrrGGg
2787,141,21512.0,1.1638340591578946,3,rrrGGgrrrGGg
2788,142,21637.0,1.187311678147642,3,rrrGGgrrrGGg
2789,142,21762.0,1.230354499378822,3,rrrGGgrrrGGg
2790,142,21887.0,1.2406437822862042,3,rrrGGgrrrGGg
2791,142,22012.0,1.255740906366866,3,rrrGGgrrrGGg
2792,141,22137.0,1.129311941286401,3,rrrGGgrrrGGg
2793,142,22262.0,1.154927821809619,3,rrrGGgrrrGGg
2794,142,22387.0,1.1649675655806095,3,rrrGGgrrrGGg
2795,141,22512.0,1.0930954037751233,3,rrrGGgrrrGGg
2796,140,22637.0,1.0348793113538888,3,rrrGGgrrrGGg
2797,141,22762.0,1.0032382381681813,3,rrrGGgrrrGGg
2798,142,22887.0,1.0371725811825194,3,rrrGGgrrrGGg
2799,142,23012.0,1.075746125337709,3,rrrGGgrrrGGg
2800,141,23137.0,1.003700279762904,3,rrrGGgrrrGGg
2801,141,23262.0,0.999721595184517,3,rrrGGgrrrGGg
2802,141,23387.0,1.0318746453342225,3,rrrGGgrrrGGg
2803,142,23512.0,1.0680176087260738,3,rrrGGgrrrGGg
2804,142,23637.0,1.108813833695106,3,rrrGGgrrrGGg
2805,143,23762.0,1.1498144150515346,3,rrrGGgrrrGGg
2806,142,23887.0,1.100320599126484,3,rrrGGgrrrGGg
2807,142,24012.0,1.1522804013208336,3,rrrGGgrrrGGg
2808,143,24137.0,1.1631038519805437,3,rrrGGgrrrGGg
2809,143,24262.0,1.2057318481509294,3,rrrGGgrrrGGg
2810,144,24387.0,1.2528150522608006,3,rrrGGgrrrGGg
2811,144,24512.0,1.2689760080689918,3,rrrGGgrrrGGg
2812,142,24637.0,1.1357263080113273,3,rrrGGgrrrGGg
2813,143,24762.0,1.1824991196992811,3,rrrGGgrrrGGg
2814,143,24888.0,1.2288667981320593,3,rrrGGgrrrGGg
2815,143,25012.0,1.2720621363508529,3,rrrGGgrrrGGg
2816,143,25137.0,1.2831912367929335,3,rrrGGgrrrGGg
2817,144,25262.0,1.2876834625004836,3,rrrGGgrrrGGg
2818,143,25387.0,1.2537046408217785,3,rrrGGgrrrGGg
2819,143,25512.0,1.310024455741141,3,rrrGGgrrrGGg
2820,143,25637.0,1.3506439146202012,3,rrrGGgrrrGGg
2821,142,25762.0,1.302736599986935,3,rrrGGgrrrGGg
2822,142,25887.0,1.3453636394596666,3,rrrGGgrrrGGg
2823,143,26012.0,1.3706392204343067,3,rrrGGgrrrGGg
2824,143,26137.0,1.3979442462555005,3,rrrGGgrrrGGg
2825,143,26262.0,1.3713367582795746,3,rrrGGgrrrGGg
2826,142,26387.0,1.272459808296846,3,rrrGGgrrrGGg
2827,142,26512.0,1.2058790309962242,3,rrrGGgrrrGGg
2828,142,26637.0,1.1493008996494736,3,rrrGGgrrrGGg
2829,142,26762.0,1.1504391237287026,3,rrrGGgrrrGGg
2830,142,26887.0,1.1380170721325813,3,rrrGGgrrrGGg
2831,142,27012.0,1.182603883911295,3,rrrGGgrrrGGg
2832,142,27137.0,1.2344020732648777,3,rrrGGgrrrGGg
2833,142,27262.0,1.2756653175310702,3,rrrGGgrrrGGg
2834,141,27387.0,1.2244400292875008,3,rrrGGgrrrGGg
2835,142,27512.0,1.2233947887081065,3,rrrGGgrrrGGg
2836,141,27637.0,1.1491702383311593,3,rrrGGgrrrGGg
2837,142,27762.0,1.1893110977236692,3,rrrGGgrrrGGg
2838,142,27887.0,1.2015843625595775,3,rrrGGgrrrGGg
2839,142,28012.0,1.2181448885062531,3,rrrGGgrrrGGg
2840,142,28137.0,1.2546536097540282,3,rrrGGgrrrGGg
2841,142,28262.0,1.2670336709661594,3,rrrGGgrrrGGg
2842,142,28387.0,1.2800256946525796,3,rrrGGgrrrGGg
2843,141,28512.0,1.1017081441586456,3,rrrGGgrrrGGg
2844,141,28637.0,1.138016660694542,3,rrrGGgrrrGGg
2845,141,28762.0,1.1873542557451549,3,rrrGGgrrrGGg
2846,142,28887.0,1.198131205378773,3,rrrGGgrrrGGg
2847,142,29012.0,1.2388116805457356,3,rrrGGgrrrGGg
2848,142,29137.0,1.2887263218468599,3,rrrGGgrrrGGg
2849,142,29262.0,1.3285685298751109,3,rrrGGgrrrGGg
2850,143,29387.0,1.3185473227610263,3,rrrGGgrrrGGg
2851,141,29512.0,1.1816132379592013,3,rrrGGgrrrGGg
2852,141,29637.0,1.219348107310514,3,rrrGGgrrrGGg
2853,140,29762.0,1.159918094919785,3,rrrGGgrrrGGg
2854,140,29887.0,1.1531727949607613,3,rrrGGgrrrGGg
2855,140,30012.0,1.1575427373520957,3,rrrGGgrrrGGg
2856,140,30137.0,1.088127519149399,3,rrrGGgrrrGGg
2857,140,30262.0,1.123250596495751,3,rrrGGgrrrGGg
2858,140,30387.0,1.1434758228644997,3,rrrGGgrrrGGg
2859,141,30512.0,1.139893531268529,3,rrrGGgrrrGGg
2860,141,30637.0,1.1553217562897051,3,rrrGGgrrrGGg
2861,141,30762.0,1.1844462326331127,3,rrrGGgrrrGGg
2862,140,30887.0,1.1314581124380025,3,rrrGGgrrrGGg
2863,140,31012.0,1.1645233778005526,3,rrrGGgrrrGGg
2864,140,31137.0,1.194339483291369,3,rrrGGgrrrGGg
2865,140,31262.0,1.2175955365606779,3,rrrGGgrrrGGg
2866,139,31387.0,1.069850800819519,3,rrrGGgrrrGGg
2867,139,31512.0,1.0956730037719504,3,rrrGGgrrrGGg
2868,139,31637.0,1.094857182003732,3,rrrGGgrrrGGg
2869,139,31762.0,1.089185676165275,3,rrrGGgrrrGGg
2870,139,31887.0,1.007000953351616,3,rrrGGgrrrGGg
2871,139,32012.0,1.0346265759827538,3,rrrGGgrrrGGg
2872,139,32137.0,0.9779404827658812,3,rrrGGgrrrGGg
2873,139,32262.0,1.0127987856886858,3,rrrGGgrrrGGg
2874,139,32387.0,1.0459084418026285,3,rrrGGgrrrGGg
2875,139,32512.0,1.0508004444513,3,rrrGGgrrrGGg
2876,139,32637.0,1.0524234677635091,3,rrrGGgrrrGGg
2877,139,32762.0,1.0803230580094165,3,rrrGGgrrrGGg
2878,138,32887.0,1.0281142422753136,3,rrrGGgrrrGGg
2879,138,33012.0,0.9482530088425917,3,rrrGGgrrrGGg
2880,138,33137.0,0.9369765027081287,3,rrrGGgrrrGGg
2881,138,33262.0,0.9503199344636567,3,rrrGGgrrrGGg
2882,138,33387.0,0.872697317504737,3,rrrGGgrrrGGg
2883,137,33512.0,0.7678211852880832,3,rrrGGgrrrGGg
2884,138,33637.0,0.806725110865831,3,rrrGGgrrrGGg
2885,138,33762.0,0.8403412561624588,3,rrrGGgrrrGGg
2886,138,33887.0,0.8793175536657151,3,rrrGGgrrrGGg
2887,138,34012.0,0.9154267180161516,3,rrrGGgrrrGGg
2888,138,34137.0,0.9503888705620993,3,rrrGGgrrrGGg
2889,139,34262.0,0.9769259055529973,3,rrrGGgrrrGGg
2890,140,34086.0,1.0725275658837354,3,rrrGGgrrrGGg
2891,140,33609.0,1.195000616854603,3,rrrGGgrrrGGg
2892,140,32831.0,1.3231734660030947,3,rrrGGgrrrGGg
2893,139,32051.0,1.310549643634561,3,rrrGGgrrrGGg
2894,138,30971.0,1.3864041698229232,3,rrrGGgrrrGGg
2895,138,29888.0,1.4365168593343365,3,rrrGGgrrrGGg
2896,138,28805.0,1.505543319044491,3,rrrGGgrrrGGg
2897,139,27722.0,1.536022062112873,3,rrrGGgrrrGGg
2898,140,26636.0,1.5469936462894,3,rrrGGgrrrGGg
2899,140,26142.0,1.577809697245132,3,rrrGGgrrrGGg
2900,140,25057.0,1.61695619104258,3,rrrGGgrrrGGg
2901,139,24563.0,1.5686277491745046,3,rrrGGgrrrGGg
2902,139,23477.0,1.5961304681562998,3,rrrGGgrrrGGg
2903,140,22686.0,1.580878965058029,3,rrrGGgrrrGGg
2904,140,21599.0,1.5774981371039623,3,rrrGGgrrrGGg
2905,141,20810.0,1.591188576279664,3,rrrGGgrrrGGg
2906,141,19727.0,1.6427960039099003,3,rrrGGgrrrGGg
2907,140,19233.0,1.5889081814228136,3,rrrGGgrrrGGg
2908,140,18440.0,1.6215205823397851,3,rrrGGgrrrGGg
2909,140,17357.0,1.5799355064045253,3,rrrGGgrrrGGg
2910,139,16274.0,1.529354536823367,3,rrrGGgrrrGGg
2911,139,15482.0,1.5635765575017726,3,rrrGGgrrrGGg
2912,139,14690.0,1.4871175574242312,3,rrrGGgrrrGGg
2913,138,13899.0,1.4193825405013711,3,rrrGGgrrrGGg
2914,139,13108.0,1.4118211146340158,3,rrrGGgrrrGGg
2915,139,12618.0,1.407249958724614,3,rrrGGgrrrGGg
2916,138,12123.0,1.342833207608185,3,rrrGGgrrrGGg
2917,136,11333.0,1.1814089495062174,3,rrrGGgrrrGGg
2918,136,10544.0,1.2158756751880704,3,rrrGGgrrrGGg
2919,137,10049.0,1.2328245730244543,3,rrrGGgrrrGGg
2920,138,9852.0,1.2468928377889583,3,rrrGGgrrrGGg
2921,138,9066.0,1.2638420940321844,3,rrrGGgrrrGGg
2922,137,8283.0,1.1652505033375002,3,rrrGGgrrrGGg
2923,137,7793.0,1.1918673037348921,3,rrrGGgrrrGGg
2924,137,7302.0,1.2319148409176761,3,rrrGGgrrrGGg
2925,138,6518.0,1.2627242816759485,3,rrrGGgrrrGGg
2926,139,5736.0,1.301811018294541,3,rrrGGgrrrGGg
2927,139,5246.0,1.3411183029428135,3,rrrGGgrrrGGg
2928,139,4465.0,1.3841118778385277,3,rrrGGgrrrGGg
2929,139,3683.0,1.4349176532310632,3,rrrGGgrrrGGg
2930,138,3192.0,1.2917007219615197,3,rrrGGgrrrGGg
2931,139,2701.0,1.2881708610977654,3,rrrGGgrrrGGg
2932,139,2209.0,1.2970700909984259,3,rrrGGgrrrGGg
2933,139,2009.0,1.3361188413367764,3,rrrGGgrrrGGg
2934,139,1811.0,1.3743867234031275,3,rrrGGgrrrGGg
2935,141,1907.0,1.3856159945839355,3,rrrGGgrrrGGg
2936,142,2004.0,1.420014940859109,3,rrrGGgrrrGGg
2937,143,2104.0,1.4244097117071661,3,rrrGGgrrrGGg
2938,143,2207.0,1.3836615750657777,3,rrrGGgrrrGGg
2939,144,2314.0,1.4133668547005973,3,rrrGGgrrrGGg
2940,143,2420.0,1.343939107211467,3,rrrGGgrrrGGg
2941,144,2525.0,1.347259801515096,3,rrrGGgrrrGGg
2942,143,2636.0,1.2971317466090613,3,rrrGGgrrrGGg
2943,144,2751.0,1.3178468084839414,3,rrrGGgrrrGGg
2944,145,2865.0,1.3177614417303831,3,rrrGGgrrrGGg
2945,145,2978.0,1.3530123258858673,3,rrrGGgrrrGGg
2946,145,3097.0,1.406694574826283,3,rrrGGgrrrGGg
2947,146,3216.0,1.4286418541689345,3,rrrGGgrrrGGg
2948,146,3337.0,1.4759712166018546,3,rrrGGgrrrGGg
2949,145,3459.0,1.4329301768242673,3,rrrGGgrrrGGg
2950,145,3578.0,1.4459985391035595,3,rrrGGgrrrGGg
2951,145,3701.0,1.4491945275208242,3,rrrGGgrrrGGg
2952,145,3825.0,1.450402933206736,3,rrrGGgrrrGGg
2953,145,3949.0,1.3654921794899024,3,rrrGGgrrrGGg
2954,145,4073.0,1.3960680535889234,3,rrrGGgrrrGGg
2955,145,4198.0,1.4442541567220288,3,rrrGGgrrrGGg
2956,145,4323.0,1.4544585357697875,3,rrrGGgrrrGGg
2957,145,4448.0,1.474663331570572,3,rrrGGgrrrGGg
2958,144,4573.0,1.3276667451512885,3,rrrGGgrrrGGg
2959,144,4698.0,1.324460244486836,3,rrrGGgrrrGGg
2960,145,4823.0,1.3427651303595116,3,rrrGGgrrrGGg
2961,145,4949.0,1.3641839579206698,3,rrrGGgrrrGGg
2962,144,5075.0,1.287777619039139,3,rrrGGgrrrGGg
2963,145,5201.0,1.3198467435677397,3,rrrGGgrrrGGg
2964,145,5327.0,1.3528375279883638,3,rrrGGgrrrGGg
2965,145,5453.0,1.3846028228246419,3,rrrGGgrrrGGg
2966,146,5579.0,1.4176761063328287,3,rrrGGgrrrGGg
2967,146,5705.0,1.4591702036366807,3,rrrGGgrrrGGg
2968,146,5831.0,1.4705202910135535,3,rrrGGgrrrGGg
2969,146,5957.0,1.3949349128275106,3,rrrGGgrrrGGg
2970,145,6083.0,1.335558412318562,3,rrrGGgrrrGGg
2971,146,6209.0,1.3744251960289071,3,rrrGGgrrrGGg
2972,144,6335.0,1.242392234734642,3,rrrGGgrrrGGg
2973,144,6461.0,1.276515861898095,3,rrrGGgrrrGGg
2974,145,6587.0,1.245410035302064,3,rrrGGgrrrGGg
2975,145,6713.0,1.2717680547115022,3,rrrGGgrrrGGg
2976,145,6839.0,1.2163353180226368,3,rrrGGgrrrGGg
2977,145,6965.0,1.2585793203626838,3,rrrGGgrrrGGg
2978,145,7091.0,1.2776686354778652,3,rrrGGgrrrGGg
2979,145,7217.0,1.3007625584661813,3,rrrGGgrrrGGg
2980,144,7343.0,1.2536302257445848,3,rrrGGgrrrGGg
2981,143,7469.0,1.2055595777448573,3,rrrGGgrrrGGg
2982,143,7595.0,1.2508962255402793,3,rrrGGgrrrGGg
2983,143,7721.0,1.3017522082541786,3,rrrGGgrrrGGg
2984,144,7847.0,1.2273318835163554,3,rrrGGgrrrGGg
2985,144,7973.0,1.2441378363360922,3,rrrGGgrrrGGg
2986,143,8099.0,1.1713006764171305,3,rrrGGgrrrGGg
2987,143,8225.0,1.223114922232044,3,rrrGGgrrrGGg
2988,143,8351.0,1.2699584795379908,3,rrrGGgrrrGGg
2989,143,8477.0,1.3160304725743073,3,rrrGGgrrrGGg
2990,144,8603.0,1.3554876875720685,3,rrrGGgrrrGGg
2991,143,8729.0,1.3168253745218246,3,rrrGGgrrrGGg
2992,142,8855.0,1.2683481667476633,3,rrrGGgrrrGGg
2993,142,8981.0,1.2752004144162337,3,rrrGGgrrrGGg
2994,143,9107.0,1.2857576798252803,3,rrrGGgrrrGGg
2995,144,9233.0,1.28100617213455,3,rrrGGgrrrGGg
2996,144,9359.0,1.322934389109762,3,rrrGGgrrrGGg
2997,144,9485.0,1.3678676129569922,3,rrrGGgrrrGGg
2998,144,9611.0,1.3747343387223991,3,rrrGGgrrrGGg
2999,142,9737.0,1.228003854428805,3,rrrGGgrrrGGg
3000,142,9863.0,1.1589085232137026,3,rrrGGgrrrGGg
3001,142,9989.0,1.2004015661805898,3,rrrGGgrrrGGg
3002,141,10115.0,1.1076933020515953,3,rrrGGgrrrGGg
3003,141,10241.0,1.0961254200675545,3,rrrGGgrrrGGg
3004,142,10367.0,1.091791659752132,3,rrrGGgrrrGGg
3005,143,10493.0,1.0956767116935804,3,rrrGGgrrrGGg
3006,143,10619.0,1.1316005106196474,3,rrrGGgrrrGGg
3007,143,10745.0,1.1691597961471214,3,rrrGGgrrrGGg
3008,143,10871.0,1.176053679897511,3,rrrGGgrrrGGg
3009,143,10997.0,1.2237123386773818,3,rrrGGgrrrGGg
3010,144,11123.0,1.2537873163181141,3,rrrGGgrrrGGg
3011,143,11249.0,1.1929546075614836,3,rrrGGgrrrGGg
3012,143,11375.0,1.1387445026281728,3,rrrGGgrrrGGg
3013,143,11501.0,1.183329384272087,3,rrrGGgrrrGGg
3014,143,11627.0,1.226939802238962,3,rrrGGgrrrGGg
3015,143,11753.0,1.2660833969105239,3,rrrGGgrrrGGg
3016,143,11879.0,1.3145069475453706,3,rrrGGgrrrGGg
3017,143,12005.0,1.294331032124577,3,rrrGGgrrrGGg
3018,142,12131.0,1.195629187568988,3,rrrGGgrrrGGg
3019,142,12257.0,1.2225564026652245,3,rrrGGgrrrGGg
3020,143,12383.0,1.238378609197806,3,rrrGGgrrrGGg
3021,142,12509.0,1.1941824201738733,3,rrrGGgrrrGGg
3022,142,12635.0,1.2338314852362777,3,rrrGGgrrrGGg
3023,141,12761.0,1.1631172285492046,3,rrrGGgrrrGGg
3024,142,12887.0,1.184805044110643,3,rrrGGgrrrGGg
3025,143,13013.0,1.2005268583833497,3,rrrGGgrrrGGg
3026,143,13139.0,1.2026058674031284,3,rrrGGgrrrGGg
3027,143,13265.0,1.2018821480247044,3,rrrGGgrrrGGg
3028,141,13391.0,1.0085849509340887,3,rrrGGgrrrGGg
3029,140,13518.0,0.935578814984288,3,rrrGGgrrrGGg
3030,140,13645.0,0.9548861756440666,3,rrrGGgrrrGGg
3031,141,13772.0,0.971605464245867,3,rrrGGgrrrGGg
3032,140,13895.0,0.9061011376272837,3,rrrGGgrrrGGg
3033,141,14021.0,0.8985639011753643,3,rrrGGgrrrGGg
3034,141,14147.0,0.9317387899298561,3,rrrGGgrrrGGg
3035,141,14273.0,0.9435415316824064,3,rrrGGgrrrGGg
3036,141,14399.0,0.9314064701424226,3,rrrGGgrrrGGg
3037,142,14525.0,0.9161080462361134,3,rrrGGgrrrGGg
3038,142,14651.0,0.9529167916530087,3,rrrGGgrrrGGg
3039,142,14777.0,0.994924237351096,3,rrrGGgrrrGGg
3040,142,14903.0,1.0325797345517622,3,rrrGGgrrrGGg
3041,143,15029.0,1.0675956227644532,3,rrrGGgrrrGGg
3042,144,15155.0,1.097792560592044,3,rrrGGgrrrGGg
3043,144,15281.0,1.1447470693070707,3,rrrGGgrrrGGg
3044,143,15407.0,1.0902762363454352,3,rrrGGgrrrGGg
3045,142,15533.0,1.0277598742422625,3,rrrGGgrrrGGg
3046,143,15659.0,1.0569856485606715,3,rrrGGgrrrGGg
3047,143,15785.0,1.1163234694501853,3,rrrGGgrrrGGg
3048,143,15911.0,1.15491956663134,3,rrrGGgrrrGGg
3049,144,16037.0,1.189128445807195,3,rrrGGgrrrGGg
3050,144,16163.0,1.230810136192579,3,rrrGGgrrrGGg
3051,143,16289.0,1.165063763988396,3,rrrGGgrrrGGg
3052,144,16415.0,1.195720580794101,3,rrrGGgrrrGGg
3053,144,16541.0,1.239638764593158,3,rrrGGgrrrGGg
3054,144,16667.0,1.279052610725138,3,rrrGGgrrrGGg
3055,144,16793.0,1.3182503036269175,3,rrrGGgrrrGGg
3056,145,16919.0,1.3199717357753926,3,rrrGGgrrrGGg
3057,145,17045.0,1.2943644450850398,3,rrrGGgrrrGGg
3058,143,17171.0,1.158854040311446,3,rrrGGgrrrGGg
3059,143,17297.0,1.1861100148059887,3,rrrGGgrrrGGg
3060,144,17423.0,1.2146308201910154,3,rrrGGgrrrGGg
3061,143,17549.0,1.1640847558109901,3,rrrGGgrrrGGg
3062,143,17675.0,1.2019454775686216,3,rrrGGgrrrGGg
3063,144,17801.0,1.2035471601000212,3,rrrGGgrrrGGg
3064,143,17927.0,1.1366586554431366,3,rrrGGgrrrGGg
3065,143,18053.0,1.1421244135648743,3,rrrGGgrrrGGg
3066,143,18179.0,1.1807355851528267,3,rrrGGgrrrGGg
3067,142,18305.0,1.13570985503485,3,rrrGGgrrrGGg
3068,142,18431.0,1.1644051201619567,3,rrrGGgrrrGGg
3069,143,18557.0,1.1609736072733314,3,rrrGGgrrrGGg
3070,143,18683.0,1.1667305865969946,3,rrrGGgrrrGGg
3071,141,18809.0,1.036102777741498,3,rrrGGgrrrGGg
3072,142,18935.0,1.038518295909301,3,rrrGGgrrrGGg
3073,142,19061.0,1.0560387188371787,3,rrrGGgrrrGGg
3074,142,19187.0,1.1038235615564032,3,rrrGGgrrrGGg
3075,142,19313.0,1.1272594838307952,3,rrrGGgrrrGGg
3076,142,19439.0,1.1732558858756847,3,rrrGGgrrrGGg
3077,142,19565.0,1.2146830874252825,3,rrrGGgrrrGGg
3078,142,19691.0,1.2188695375994298,3,rrrGGgrrrGGg
3079,142,19817.0,1.2411127006570228,3,rrrGGgrrrGGg
3080,143,19943.0,1.2651003562670184,3,rrrGGgrrrGGg
3081,143,20069.0,1.264521391499014,3,rrrGGgrrrGGg
3082,143,20195.0,1.300756081630334,3,rrrGGgrrrGGg
3083,142,20321.0,1.2485100844073749,3,rrrGGgrrrGGg
3084,143,20447.0,1.2690634459548582,3,rrrGGgrrrGGg
3085,142,20573.0,1.1890875903185942,3,rrrGGgrrrGGg
3086,142,20699.0,1.196090011291798,3,rrrGGgrrrGGg
3087,142,20825.0,1.1598288215548316,3,rrrGGgrrrGGg
3088,142,20951.0,1.2011740883325166,3,rrrGGgrrrGGg
3089,141,21077.0,1.1433508334969955,3,rrrGGgrrrGGg
3090,141,21203.0,1.1792370955516163,3,rrrGGgrrrGGg
3091,140,21329.0,1.060508813020456,3,rrrGGgrrrGGg
3092,140,21455.0,1.0508399067968726,3,rrrGGgrrrGGg
3093,140,21581.0,1.0884747667088366,3,rrrGGgrrrGGg
3094,140,21707.0,1.1150542344306698,3,rrrGGgrrrGGg
3095,140,21833.0,1.00301506609714,3,rrrGGgrrrGGg
3096,141,21959.0,0.9897945616789751,3,rrrGGgrrrGGg
3097,141,22085.0,1.029312169568939,3,rrrGGgrrrGGg
3098,141,22211.0,1.0709150507113987,3,rrrGGgrrrGGg
3099,140,22337.0,1.003995137765586,3,rrrGGgrrrGGg
3100,140,22463.0,1.037255022557833,3,rrrGGgrrrGGg
3101,140,22589.0,1.0735881248589951,3,rrrGGgrrrGGg
3102,140,22715.0,0.9951164833865134,3,rrrGGgrrrGGg
3103,140,22841.0,1.0207184204163053,3,rrrGGgrrrGGg
3104,138,22967.0,0.8290766125331704,3,rrrGGgrrrGGg
3105,139,23093.0,0.815309215099456,3,rrrGGgrrrGGg
3106,139,23219.0,0.8456792316355353,3,rrrGGgrrrGGg
3107,139,23345.0,0.8836204877688788,3,rrrGGgrrrGGg
3108,139,23471.0,0.920202371613698,3,rrrGGgrrrGGg
3109,139,23597.0,0.9575626383102793,3,rrrGGgrrrGGg
3110,140,23723.0,0.983702772942281,3,rrrGGgrrrGGg
3111,141,23849.0,0.980743781908261,3,rrrGGgrrrGGg
3112,140,23975.0,0.9110317049846195,3,rrrGGgrrrGGg
3113,140,24101.0,0.9577135601621088,3,rrrGGgrrrGGg
3114,140,24227.0,0.9869232276069297,3,rrrGGgrrrGGg
3115,140,24353.0,1.023417978196328,3,rrrGGgrrrGGg
3116,140,24479.0,0.950003268463204,3,rrrGGgrrrGGg
3117,140,24605.0,0.9910522624546307,3,rrrGGgrrrGGg
3118,140,24731.0,0.9908128733342271,3,rrrGGgrrrGGg
3119,140,24857.0,0.9143434225825363,3,rrrGGgrrrGGg
3120,140,24983.0,0.9587812608271877,3,rrrGGgrrrGGg
3121,140,25109.0,0.8935386935728529,3,rrrGGgrrrGGg
3122,140,25235.0,0.9329640093667176,3,rrrGGgrrrGGg
3123,140,25361.0,0.9686095247999132,3,rrrGGgrrrGGg
3124,140,25487.0,0.9970360290747436,3,rrrGGgrrrGGg
3125,140,25613.0,1.029037868951584,3,rrrGGgrrrGGg
3126,141,25739.0,1.0508098191815523,3,rrrGGgrrrGGg
3127,141,25865.0,1.080585262700591,3,rrrGGgrrrGGg
3128,141,25991.0,1.0486933078632985,3,rrrGGgrrrGGg
3129,142,26117.0,1.009957850082339,3,rrrGGgrrrGGg
3130,141,26243.0,0.9736411718939544,3,rrrGGgrrrGGg
3131,141,26369.0,1.0175740245013594,3,rrrGGgrrrGGg
3132,140,26495.0,0.9701011969595712,3,rrrGGgrrrGGg
3133,140,26621.0,1.0108228392023229,3,rrrGGgrrrGGg
3134,140,26747.0,1.0498692880519966,3,rrrGGgrrrGGg
3135,140,26873.0,1.085107217297587,3,rrrGGgrrrGGg
3136,139,26999.0,1.022551604962824,3,rrrGGgrrrGGg
3137,139,27125.0,0.9866581079335678,3,rrrGGgrrrGGg
3138,140,27251.0,0.9694979063906922,3,rrrGGgrrrGGg
3139,141,27377.0,0.99723652156253,3,rrrGGgrrrGGg
3140,141,27503.0,1.039136704523213,3,rrrGGgrrrGGg
3141,141,27629.0,1.0724378252021038,3,rrrGGgrrrGGg
3142,140,27755.0,0.9782832442032886,3,rrrGGgrrrGGg
3143,140,27881.0,0.9699798976206596,3,rrrGGgrrrGGg
3144,140,28007.0,0.9774711276706283,3,rrrGGgrrrGGg
3145,140,28133.0,0.916161475867692,3,rrrGGgrrrGGg
3146,141,28259.0,0.9483268245614689,3,rrrGGgrrrGGg
3147,141,28385.0,0.9859228396814657,3,rrrGGgrrrGGg
3148,141,28511.0,0.9919729307927906,3,rrrGGgrrrGGg
3149,141,28637.0,1.0212778990578315,3,rrrGGgrrrGGg
3150,141,28763.0,1.0526443098811407,3,rrrGGgrrrGGg
3151,141,28889.0,1.0882774483723912,3,rrrGGgrrrGGg
3152,141,29015.0,1.09127073854429,3,rrrGGgrrrGGg
3153,142,29141.0,1.0972729477176266,3,rrrGGgrrrGGg
3154,142,29267.0,1.0035818865222572,3,rrrGGgrrrGGg
3155,142,29393.0,1.0257674057539659,3,rrrGGgrrrGGg
3156,142,29519.0,1.0748435201116107,3,rrrGGgrrrGGg
3157,141,29645.0,1.0293036150785664,3,rrrGGgrrrGGg
3158,141,29771.0,1.0707506612636768,3,rrrGGgrrrGGg
3159,141,29897.0,1.1006426153811075,3,rrrGGgrrrGGg
3160,142,30023.0,1.1162140867548744,3,rrrGGgrrrGGg
3161,143,30149.0,1.1283183191875097,3,rrrGGgrrrGGg
3162,142,30275.0,1.0386655356742893,3,rrrGGgrrrGGg
3163,142,30401.0,1.0887698060388276,3,rrrGGgrrrGGg
3164,142,30527.0,1.1353626482662267,3,rrrGGgrrrGGg
3165,143,30653.0,1.1553449045454693,3,rrrGGgrrrGGg
3166,143,30779.0,1.2018409561224768,3,rrrGGgrrrGGg
3167,142,30905.0,1.1437975742740623,3,rrrGGgrrrGGg
3168,142,31031.0,1.0959449876490224,3,rrrGGgrrrGGg
3169,142,31157.0,1.1401473824045334,3,rrrGGgrrrGGg
3170,141,31283.0,1.0724069855235854,3,rrrGGgrrrGGg
3171,142,31409.0,1.0979419053237538,3,rrrGGgrrrGGg
3172,142,31535.0,1.0702544818061532,3,rrrGGgrrrGGg
3173,142,31661.0,1.0861097657778764,3,rrrGGgrrrGGg
3174,141,31787.0,1.036285953902541,3,rrrGGgrrrGGg
3175,141,31913.0,1.0710756080585366,3,rrrGGgrrrGGg
3176,142,32039.0,1.0970953664313097,3,rrrGGgrrrGGg
3177,142,32165.0,1.1256727374105087,3,rrrGGgrrrGGg
3178,143,32291.0,1.099880226014832,3,rrrGGgrrrGGg
3179,143,32417.0,1.099508606197252,3,rrrGGgrrrGGg
3180,143,32543.0,1.1529512201874605,3,rrrGGgrrrGGg
3181,144,32669.0,1.1913673996507341,3,rrrGGgrrrGGg
3182,142,32795.0,1.0816344460422596,3,rrrGGgrrrGGg
3183,142,32921.0,1.1257762951374697,3,rrrGGgrrrGGg
3184,143,33047.0,1.1407659012143871,3,rrrGGgrrrGGg
3185,142,33173.0,1.0609900377706816,3,rrrGGgrrrGGg
3186,141,33299.0,1.0226801808319677,3,rrrGGgrrrGGg
3187,141,33425.0,1.0348323697987716,3,rrrGGgrrrGGg
3188,142,33551.0,1.0404471174411927,3,rrrGGgrrrGGg
3189,143,33677.0,1.080170493592309,3,rrrGGgrrrGGg
3190,143,33803.0,1.128409258923026,3,rrrGGgrrrGGg
3191,143,33929.0,1.1763889798498521,3,rrrGGgrrrGGg
3192,143,34055.0,1.204677404875679,3,rrrGGgrrrGGg
3193,143,34181.0,1.1842600287612544,3,rrrGGgrrrGGg
3194,144,34307.0,1.1657561670719254,3,rrrGGgrrrGGg
3195,144,34433.0,1.2143266684363896,3,rrrGGgrrrGGg
3196,144,34559.0,1.2550215839679355,3,rrrGGgrrrGGg
3197,145,34384.0,1.3577841525940892,3,rrrGGgrrrGGg
3198,145,33908.0,1.4679432597882356,3,rrrGGgrrrGGg
3199,143,33130.0,1.418224747818016,3,rrrGGgrrrGGg
3200,143,32050.0,1.5535965748830791,3,rrrGGgrrrGGg
3201,143,30966.0,1.639745951290622,3,rrrGGgrrrGGg
3202,144,29882.0,1.7207704476039132,3,rrrGGgrrrGGg
3203,144,28794.0,1.8066986279311794,3,rrrGGgrrrGGg
3204,144,27707.0,1.8744778071992971,3,rrrGGgrrrGGg
3205,142,27216.0,1.7473197983083304,3,rrrGGgrrrGGg
3206,143,26723.0,1.7607249976721666,3,rrrGGgrrrGGg
3207,143,25633.0,1.7663118252172745,3,rrrGGgrrrGGg
3208,143,24547.0,1.7982615729731275,3,rrrGGgrrrGGg
3209,142,23459.0,1.7289821286263691,3,rrrGGgrrrGGg
3210,143,22372.0,1.7535892432926246,3,rrrGGgrrrGGg
3211,143,21877.0,1.7713990822591064,3,rrrGGgrrrGGg
3212,143,20787.0,1.8147703511966802,3,rrrGGgrrrGGg
3213,144,19996.0,1.8274246503071159,3,rrrGGgrrrGGg
3214,143,19500.0,1.7407598904217894,3,rrrGGgrrrGGg
3215,144,18413.0,1.7477164880682008,3,rrrGGgrrrGGg
3216,144,17327.0,1.786612366295704,3,rrrGGgrrrGGg
3217,144,16281.0,1.807257377857818,3,rrrGGgrrrGGg
3218,143,15491.0,1.739722313858959,3,rrrGGgrrrGGg
3219,141,14995.0,1.588924876685703,3,rrrGGgrrrGGg
3220,139,14498.0,1.4111426800617848,3,rrrGGgrrrGGg
3221,139,13709.0,1.389931306733525,3,rrrGGgrrrGGg
3222,138,12919.0,1.336935972685732,3,rrrGGgrrrGGg
3223,138,12424.0,1.270621197534379,3,rrrGGgrrrGGg
3224,139,11635.0,1.3061329258265124,3,rrrGGgrrrGGg
3225,139,11139.0,1.3617176333904666,3,rrrGGgrrrGGg
3226,138,10646.0,1.2667902282234758,3,rrrGGgrrrGGg
3227,138,9856.0,1.2883669277884238,3,rrrGGgrrrGGg
3228,138,9362.0,1.3241191702577857,3,rrrGGgrrrGGg
3229,139,8578.0,1.3524354533832896,3,rrrGGgrrrGGg
3230,139,8085.0,1.3616108807624994,3,rrrGGgrrrGGg
3231,139,7297.0,1.385176530188621,3,rrrGGgrrrGGg
3232,139,6804.0,1.4279413622021047,3,rrrGGgrrrGGg
3233,139,6021.0,1.4672800157409172,3,rrrGGgrrrGGg
3234,137,5528.0,1.3065930786546358,3,rrrGGgrrrGGg
3235,138,5038.0,1.3078953821983375,3,rrrGGgrrrGGg
3236,138,4258.0,1.3425851285912684,3,rrrGGgrrrGGg
3237,137,3485.0,1.2907403062387253,3,rrrGGgrrrGGg
3238,137,3285.0,1.3316272578731048,3,rrrGGgrrrGGg
3239,137,2792.0,1.3484386941391768,3,rrrGGgrrrGGg
3240,137,2302.0,1.3507860163910554,3,rrrGGgrrrGGg
3241,137,2105.0,1.2585878624223532,3,rrrGGgrrrGGg
3242,138,1909.0,1.2611486926335898,3,rrrGGgrrrGGg
3243,138,2005.0,1.2998906244688564,3,rrrGGgrrrGGg
3244,140,2104.0,1.3032781765965715,3,rrrGGgrrrGGg
3245,139,2205.0,1.235233173014063,3,rrrGGgrrrGGg
3246,137,2308.0,1.0677898711219413,3,rrrGGgrrrGGg
3247,138,2413.0,1.0863131803425343,3,rrrGGgrrrGGg
3248,138,2521.0,1.098647245161983,3,rrrGGgrrrGGg
3249,139,2629.0,1.1080428435565048,3,rrrGGgrrrGGg
3250,139,2740.0,1.118616406176955,3,rrrGGgrrrGGg
3251,139,2853.0,1.1505636111338755,3,rrrGGgrrrGGg
3252,138,2969.0,1.080125948781143,3,rrrGGgrrrGGg
3253,138,3085.0,1.0969223107922828,3,rrrGGgrrrGGg
3254,139,3203.0,1.0894225456694497,3,rrrGGgrrrGGg
3255,138,3323.0,0.9904613469136656,3,rrrGGgrrrGGg
3256,138,3445.0,0.9883215499083596,3,rrrGGgrrrGGg
3257,139,3568.0,0.9680673375362583,3,rrrGGgrrrGGg
3258,139,3691.0,1.0038296090847298,3,rrrGGgrrrGGg
3259,139,3815.0,1.0340430948360129,3,rrrGGgrrrGGg
3260,138,3939.0,0.9692105422782834,3,rrrGGgrrrGGg
3261,138,4063.0,0.9991891091404907,3,rrrGGgrrrGGg
3262,139,4187.0,0.9798436199049848,3,rrrGGgrrrGGg
3263,139,4311.0,1.0037114591997751,3,rrrGGgrrrGGg
3264,139,4435.0,1.0363740959119032,3,rrrGGgrrrGGg
3265,139,4559.0,1.0575729573124526,3,rrrGGgrrrGGg
3266,139,4683.0,1.0848714078417159,3,rrrGGgrrrGGg
3267,139,4807.0,0.9982411497325276,3,rrrGGgrrrGGg
3268,139,4931.0,0.9194998457436129,3,rrrGGgrrrGGg
3269,139,5055.0,0.9651044672993933,3,rrrGGgrrrGGg
3270,138,5179.0,0.9099947612712193,3,rrrGGgrrrGGg
3271,138,5303.0,0.9475860608659775,3,rrrGGgrrrGGg
3272,137,5427.0,0.9136153988041953,3,rrrGGgrrrGGg
3273,137,5551.0,0.9499491846947982,3,rrrGGgrrrGGg
3274,138,5675.0,0.9498830293503194,3,rrrGGgrrrGGg
3275,138,5799.0,0.9576343237689855,3,rrrGGgrrrGGg
3276,139,5923.0,0.9876959131861649,3,rrrGGgrrrGGg
3277,139,6047.0,1.0314020737563594,3,rrrGGgrrrGGg
3278,138,6171.0,0.9341695315255578,3,rrrGGgrrrGGg
3279,139,6295.0,0.9280618367922313,3,rrrGGgrrrGGg
3280,139,6419.0,0.9691349245537113,3,rrrGGgrrrGGg
3281,139,6543.0,1.01252783620727,3,rrrGGgrrrGGg
3282,139,6667.0,1.0516978857544919,3,rrrGGgrrrGGg
3283,139,6791.0,1.090688292235609,3,rrrGGgrrrGGg
3284,139,6915.0,1.1235119829975417,3,rrrGGgrrrGGg
3285,139,7039.0,1.1577353095932477,3,rrrGGgrrrGGg
3286,140,7163.0,1.1859284390498728,3,rrrGGgrrrGGg
3287,140,7287.0,1.2202400631811565,3,rrrGGgrrrGGg
3288,139,7411.0,1.154880003900339,3,rrrGGgrrrGGg
3289,139,7535.0,1.1847755381722107,3,rrrGGgrrrGGg
3290,140,7659.0,1.2115590309322717,3,rrrGGgrrrGGg
3291,140,7783.0,1.2091229236569183,3,rrrGGgrrrGGg
3292,139,7907.0,1.1396882927771603,3,rrrGGgrrrGGg
3293,139,8031.0,1.0693827881613647,3,rrrGGgrrrGGg
3294,139,8155.0,1.1000025708525027,3,rrrGGgrrrGGg
3295,139,8279.0,1.0988783782865417,3,rrrGGgrrrGGg
3296,139,8403.0,1.1198092942149367,3,rrrGGgrrrGGg
3297,139,8527.0,1.1515711410781313,3,rrrGGgrrrGGg
3298,140,8651.0,1.1651150006450137,3,rrrGGgrrrGGg
3299,140,8775.0,1.1979808285064035,3,rrrGGgrrrGGg
3300,140,8899.0,1.1949920011123931,3,rrrGGgrrrGGg
3301,139,9023.0,1.0942760564306904,3,rrrGGgrrrGGg
3302,138,9147.0,1.0184594101644033,3,rrrGGgrrrGGg
3303,140,9271.0,1.0359952933068846,3,rrrGGgrrrGGg
3304,140,9395.0,1.071855611347822,3,rrrGGgrrrGGg
3305,140,9519.0,1.1140732846395556,3,rrrGGgrrrGGg
3306,139,9643.0,1.0403846809431807,3,rrrGGgrrrGGg
3307,139,9767.0,1.0370625557784459,3,rrrGGgrrrGGg
3308,140,9891.0,1.0382687941687907,3,rrrGGgrrrGGg
3309,139,10015.0,0.9886894426211787,3,rrrGGgrrrGGg
3310,140,10139.0,1.021266412730743,3,rrrGGgrrrGGg
3311,139,10263.0,0.9751153429951807,3,rrrGGgrrrGGg
3312,139,10387.0,0.9808361237643507,3,rrrGGgrrrGGg
3313,139,10511.0,1.014802420750536,3,rrrGGgrrrGGg
3314,139,10635.0,1.0460509039745667,3,rrrGGgrrrGGg
3315,139,10759.0,1.0814676769493887,3,rrrGGgrrrGGg
3316,140,10883.0,1.1114246622496813,3,rrrGGgrrrGGg
3317,140,11007.0,1.1511147695933774,3,rrrGGgrrrGGg
3318,141,11131.0,1.1477053688768868,3,rrrGGgrrrGGg
3319,141,11255.0,1.173163802503438,3,rrrGGgrrrGGg
3320,139,11379.0,1.0400338764808448,3,rrrGGgrrrGGg
3321,140,11503.0,1.0751734829658506,3,rrrGGgrrrGGg
3322,139,11627.0,1.035522464616848,3,rrrGGgrrrGGg
3323,139,11751.0,1.079925085987736,3,rrrGGgrrrGGg
3324,139,11875.0,1.0784028946178918,3,rrrGGgrrrGGg
3325,139,11999.0,1.0849700910801496,3,rrrGGgrrrGGg
3326,139,12123.0,1.1174921550216708,3,rrrGGgrrrGGg
3327,139,12247.0,1.1540943523839362,3,rrrGGgrrrGGg
3328,138,12371.0,1.0711246776186438,3,rrrGGgrrrGGg
3329,140,12495.0,1.0649762279957051,3,rrrGGgrrrGGg
3330,140,12619.0,1.0726909294301668,3,rrrGGgrrrGGg
3331,140,12743.0,1.0801149082489574,3,rrrGGgrrrGGg
3332,140,12867.0,1.1187640948312139,3,rrrGGgrrrGGg
3333,139,12991.0,1.0635862711664932,3,rrrGGgrrrGGg
3334,139,13115.0,0.9915230392175273,3,rrrGGgrrrGGg
3335,139,13240.0,1.0016816957867332,3,rrrGGgrrrGGg
3336,140,13363.0,0.9871502103592411,3,rrrGGgrrrGGg
3337,140,13487.0,1.0173692581333833,3,rrrGGgrrrGGg
3338,139,13611.0,0.9800280810580244,3,rrrGGgrrrGGg
3339,139,13735.0,1.02585267548626,3,rrrGGgrrrGGg
3340,139,13859.0,1.036288839273327,3,rrrGGgrrrGGg
3341,140,13983.0,1.0589960947410364,3,rrrGGgrrrGGg
3342,140,14107.0,1.0999818296324193,3,rrrGGgrrrGGg
3343,140,14231.0,1.1124963069558755,3,rrrGGgrrrGGg
3344,140,14355.0,1.0311656061715408,3,rrrGGgrrrGGg
3345,140,14479.0,1.0772699486300445,3,rrrGGgrrrGGg
3346,140,14603.0,1.129190590523636,3,rrrGGgrrrGGg
3347,140,14727.0,1.1718744132610714,3,rrrGGgrrrGGg
3348,140,14851.0,1.1789520796025148,3,rrrGGgrrrGGg
3349,140,14975.0,1.1912108517325262,3,rrrGGgrrrGGg
3350,141,15099.0,1.1891458727974782,3,rrrGGgrrrGGg
3351,142,15223.0,1.19068185626035,3,rrrGGgrrrGGg
3352,142,15347.0,1.2339269845268541,3,rrrGGgrrrGGg
3353,141,15471.0,1.1974341944140436,3,rrrGGgrrrGGg
3354,141,15595.0,1.2321872995348855,3,rrrGGgrrrGGg
3355,141,15719.0,1.2423001793440287,3,rrrGGgrrrGGg
3356,142,15843.0,1.2708274279080238,3,rrrGGgrrrGGg
3357,141,15967.0,1.2191383643358058,3,rrrGGgrrrGGg
3358,141,16091.0,1.2504137085078695,3,rrrGGgrrrGGg
3359,139,16215.0,1.1211775728344815,3,rrrGGgrrrGGg
3360,139,16339.0,1.1547294920742608,3,rrrGGgrrrGGg
3361,139,16463.0,1.1952956972408362,3,rrrGGgrrrGGg
3362,139,16587.0,1.225003575594431,3,rrrGGgrrrGGg
3363,138,16711.0,1.1368500206830554,3,rrrGGgrrrGGg
3364,139,16835.0,1.1449665706173047,3,rrrGGgrrrGGg
3365,139,16959.0,1.1440781767134385,3,rrrGGgrrrGGg
3366,139,17083.0,1.1615752701811097,3,rrrGGgrrrGGg
3367,138,17207.0,1.083015218445283,3,rrrGGgrrrGGg
3368,139,17331.0,1.0424093517987942,3,rrrGGgrrrGGg
3369,140,17455.0,1.0512120527221216,3,rrrGGgrrrGGg
3370,140,17579.0,1.0900438676681732,3,rrrGGgrrrGGg
3371,139,17703.0,1.034244458930399,3,rrrGGgrrrGGg
3372,139,17827.0,1.0535683301596066,3,rrrGGgrrrGGg
3373,140,17951.0,1.0712975659973725,3,rrrGGgrrrGGg
3374,138,18075.0,0.8818896050219045,3,rrrGGgrrrGGg
3375,138,18199.0,0.9158166915968771,3,rrrGGgrrrGGg
3376,138,18323.0,0.9545349288093659,3,rrrGGgrrrGGg
3377,138,18447.0,0.9953350613443321,3,rrrGGgrrrGGg
3378,139,18571.0,1.0256107788344533,3,rrrGGgrrrGGg
3379,139,18695.0,1.0680659627779472,3,rrrGGgrrrGGg
3380,139,18819.0,1.0991026157067336,3,rrrGGgrrrGGg
3381,139,18943.0,1.0426857285654922,3,rrrGGgrrrGGg
3382,139,19067.0,1.0272603391124064,3,rrrGGgrrrGGg
3383,140,19191.0,0.9946949899703439,3,rrrGGgrrrGGg
3384,140,19315.0,1.0390627103216925,3,rrrGGgrrrGGg
3385,140,19439.0,1.0859741808261478,3,rrrGGgrrrGGg
3386,141,19563.0,1.1087166081493385,3,rrrGGgrrrGGg
3387,141,19687.0,1.1492289601964172,3,rrrGGgrrrGGg
3388,142,19811.0,1.1672947771687292,3,rrrGGgrrrGGg
3389,142,19935.0,1.174306860586544,3,rrrGGgrrrGGg
3390,141,20059.0,1.1446487311777662,3,rrrGGgrrrGGg
3391,142,20183.0,1.1853430252008599,3,rrrGGgrrrGGg
3392,142,20307.0,1.2411445256764027,3,rrrGGgrrrGGg
3393,141,20431.0,1.1983725263583045,3,rrrGGgrrrGGg
3394,141,20555.0,1.2395406203039185,3,rrrGGgrrrGGg
3395,141,20679.0,1.1784744527237028,3,rrrGGgrrrGGg
3396,140,20803.0,1.1528002484658277,3,rrrGGgrrrGGg
3397,140,20927.0,1.1607008046756142,3,rrrGGgrrrGGg
3398,140,21051.0,1.1724980603101376,3,rrrGGgrrrGGg
3399,140,21175.0,1.2124026969929471,3,rrrGGgrrrGGg
3400,141,21299.0,1.225073299106446,3,rrrGGgrrrGGg
3401,140,21423.0,1.146341835169597,3,rrrGGgrrrGGg
3402,140,21547.0,1.1500421689494083,3,rrrGGgrrrGGg
3403,140,21671.0,1.1649920198113324,3,rrrGGgrrrGGg
3404,141,21795.0,1.196297718255204,3,rrrGGgrrrGGg
3405,140,21919.0,1.0910774597783797,3,rrrGGgrrrGGg
3406,139,22043.0,1.0364749307956374,3,rrrGGgrrrGGg
3407,139,22167.0,1.0843225503706635,3,rrrGGgrrrGGg
3408,139,22291.0,1.131624121041812,3,rrrGGgrrrGGg
3409,139,22415.0,1.169863928822373,3,rrrGGgrrrGGg
3410,140,22539.0,1.205960266682234,3,rrrGGgrrrGGg
3411,139,22663.0,1.1481118143541817,3,rrrGGgrrrGGg
3412,138,22787.0,1.0722530348064876,3,rrrGGgrrrGGg
3413,138,22911.0,1.0605601499766648,3,rrrGGgrrrGGg
3414,139,23035.0,1.058816077652963,3,rrrGGgrrrGGg
3415,139,23159.0,1.0748285426368007,3,rrrGGgrrrGGg
3416,140,23283.0,1.0766987675273882,3,rrrGGgrrrGGg
3417,140,23407.0,1.0465807779837675,3,rrrGGgrrrGGg
3418,140,23531.0,1.0547688023537438,3,rrrGGgrrrGGg
3419,140,23655.0,1.094424195786304,3,rrrGGgrrrGGg
3420,140,23779.0,1.1334403172305958,3,rrrGGgrrrGGg
3421,140,23903.0,1.1548144250732135,3,rrrGGgrrrGGg
3422,140,24027.0,1.1743358333660072,3,rrrGGgrrrGGg
3423,140,24151.0,1.2104084890935691,3,rrrGGgrrrGGg
3424,140,24275.0,1.1366179426211747,3,rrrGGgrrrGGg
3425,139,24399.0,1.0682848067855004,3,rrrGGgrrrGGg
3426,140,24523.0,1.0802880068278808,3,rrrGGgrrrGGg
3427,140,24647.0,1.1194348052489689,3,rrrGGgrrrGGg
3428,140,24771.0,1.1448524207680273,3,rrrGGgrrrGGg
3429,139,24895.0,1.0787757449929314,3,rrrGGgrrrGGg
3430,139,25019.0,1.117618947390976,3,rrrGGgrrrGGg
3431,139,25143.0,1.0606023198242027,3,rrrGGgrrrGGg
3432,139,25267.0,1.0711848625074845,3,rrrGGgrrrGGg
3433,139,25391.0,1.080959107776036,3,rrrGGgrrrGGg
3434,139,25515.0,1.116264043008833,3,rrrGGgrrrGGg
3435,139,25639.0,1.1425674565892476,3,rrrGGgrrrGGg
3436,139,25763.0,1.1730847780665365,3,rrrGGgrrrGGg
3437,140,25887.0,1.1704373468504292,3,rrrGGgrrrGGg
3438,140,26011.0,1.1955861604835067,3,rrrGGgrrrGGg
3439,140,26135.0,1.1323461973032594,3,rrrGGgrrrGGg
3440,139,26259.0,1.051152807789224,3,rrrGGgrrrGGg
3441,139,26383.0,1.0923069144741642,3,rrrGGgrrrGGg
3442,139,26507.0,1.119463418201194,3,rrrGGgrrrGGg
3443,138,26631.0,1.0793045860112591,3,rrrGGgrrrGGg
3444,139,26755.0,1.102208208419829,3,rrrGGgrrrGGg
3445,139,26879.0,1.1295876685773254,3,rrrGGgrrrGGg
3446,138,27003.0,1.039352547948089,3,rrrGGgrrrGGg
3447,138,27127.0,1.0459859596662724,3,rrrGGgrrrGGg
3448,138,27251.0,0.9807559215757609,3,rrrGGgrrrGGg
3449,138,27375.0,0.9786990325213276,3,rrrGGgrrrGGg
3450,138,27499.0,0.9955654858375538,3,rrrGGgrrrGGg
3451,139,27623.0,1.0183720983102758,3,rrrGGgrrrGGg
3452,139,27747.0,1.048218064680181,3,rrrGGgrrrGGg
3453,139,27871.0,1.0826619511371207,3,rrrGGgrrrGGg
3454,140,27995.0,1.1071076188792346,3,rrrGGgrrrGGg
3455,139,28119.0,1.0327957246138941,3,rrrGGgrrrGGg
3456,137,28243.0,0.8573262922410227,3,rrrGGgrrrGGg
3457,137,28367.0,0.8843080193389399,3,rrrGGgrrrGGg
3458,138,28491.0,0.9156194445785515,3,rrrGGgrrrGGg
3459,139,28615.0,0.94400351324349,3,rrrGGgrrrGGg
3460,139,28739.0,0.9797620447077049,3,rrrGGgrrrGGg
3461,139,28863.0,0.9829510748921862,3,rrrGGgrrrGGg
3462,139,28987.0,1.0030259454862498,3,rrrGGgrrrGGg
3463,139,29111.0,1.0290048905878741,3,rrrGGgrrrGGg
3464,138,29235.0,0.9553639677929224,3,rrrGGgrrrGGg
3465,138,29359.0,0.9685293755574687,3,rrrGGgrrrGGg
3466,138,29483.0,0.9986142534051112,3,rrrGGgrrrGGg
3467,138,29607.0,0.9429550695010163,3,rrrGGgrrrGGg
3468,138,29731.0,0.9817636723218283,3,rrrGGgrrrGGg
3469,139,29855.0,1.0127222268225573,3,rrrGGgrrrGGg
3470,139,29979.0,1.0508890780854552,3,rrrGGgrrrGGg
3471,139,30103.0,1.0727356768663547,3,rrrGGgrrrGGg
3472,139,30227.0,0.980948826971743,3,rrrGGgrrrGGg
3473,139,30351.0,1.0138169716729453,3,rrrGGgrrrGGg
3474,140,30475.0,1.045242604438683,3,rrrGGgrrrGGg
3475,139,30599.0,0.9954176141923223,3,rrrGGgrrrGGg
3476,139,30723.0,1.0403994276733597,3,rrrGGgrrrGGg
3477,139,30847.0,1.0734622856685048,3,rrrGGgrrrGGg
3478,139,30971.0,1.074299787616738,3,rrrGGgrrrGGg
3479,139,31095.0,1.0517648038415979,3,rrrGGgrrrGGg
3480,139,31219.0,1.068150469073567,3,rrrGGgrrrGGg
3481,140,31343.0,0.9875825378588936,3,rrrGGgrrrGGg
3482,140,31467.0,1.019742400116805,3,rrrGGgrrrGGg
3483,140,31591.0,1.0578935936712797,3,rrrGGgrrrGGg
3484,140,31715.0,1.0915975046893944,3,rrrGGgrrrGGg
3485,140,31839.0,1.0888719147275168,3,rrrGGgrrrGGg
3486,141,31963.0,1.0829070103394474,3,rrrGGgrrrGGg
3487,141,32087.0,1.1188336259130718,3,rrrGGgrrrGGg
3488,141,32211.0,1.1590888820912333,3,rrrGGgrrrGGg
3489,141,32335.0,1.1959934124366491,3,rrrGGgrrrGGg
3490,142,32459.0,1.2204893651230593,3,rrrGGgrrrGGg
3491,143,32583.0,1.2266574375275174,3,rrrGGgrrrGGg
3492,141,32707.0,1.0934840327724125,3,rrrGGgrrrGGg
3493,141,32831.0,1.130960525436565,3,rrrGGgrrrGGg
3494,141,32955.0,1.1434409927013074,3,rrrGGgrrrGGg
3495,141,33079.0,1.1579762154837412,3,rrrGGgrrrGGg
3496,141,33203.0,1.203302748789682,3,rrrGGgrrrGGg
3497,143,33327.0,1.231583050298213,3,rrrGGgrrrGGg
3498,141,33451.0,1.1239110973820632,3,rrrGGgrrrGGg
3499,141,33575.0,1.175864493998659,3,rrrGGgrrrGGg
3500,141,33699.0,1.2240716256260211,3,rrrGGgrrrGGg
3501,141,33823.0,1.267373551602643,3,rrrGGgrrrGGg
3502,141,33947.0,1.2786198101382436,3,rrrGGgrrrGGg
3503,141,34071.0,1.2666441933349903,3,rrrGGgrrrGGg
3504,141,33593.0,1.4466444833463445,3,rrrGGgrrrGGg
3505,142,32814.0,1.4504431075161197,3,rrrGGgrrrGGg
3506,142,32033.0,1.504653712339681,3,rrrGGgrrrGGg
3507,141,30950.0,1.5602728067064302,3,rrrGGgrrrGGg
3508,141,29864.0,1.6091651958506357,3,rrrGGgrrrGGg
3509,140,29075.0,1.6118382590965659,3,rrrGGgrrrGGg
3510,139,27988.0,1.5740970436377264,3,rrrGGgrrrGGg
3511,139,27196.0,1.6359320367416024,3,rrrGGgrrrGGg
3512,140,26404.0,1.6548032644141681,3,rrrGGgrrrGGg
3513,141,25313.0,1.6570605845816417,3,rrrGGgrrrGGg
3514,141,24520.0,1.6932970909205967,3,rrrGGgrrrGGg
3515,141,23431.0,1.6986777089014744,3,rrrGGgrrrGGg
3516,141,22344.0,1.7358308049468223,3,rrrGGgrrrGGg
3517,141,21550.0,1.7632137556335328,3,rrrGGgrrrGGg
3518,141,20760.0,1.673310901848381,3,rrrGGgrrrGGg
3519,141,19674.0,1.6941871264853579,3,rrrGGgrrrGGg
3520,141,19180.0,1.7482808535793866,3,rrrGGgrrrGGg
3521,141,18389.0,1.7855200203133978,3,rrrGGgrrrGGg
3522,141,17597.0,1.81822449554448,3,rrrGGgrrrGGg
3523,142,16512.0,1.8126610272952624,3,rrrGGgrrrGGg
3524,141,16016.0,1.7739548853117901,3,rrrGGgrrrGGg
3525,141,15225.0,1.6746249992376616,3,rrrGGgrrrGGg
3526,139,14728.0,1.5388357820585972,3,rrrGGgrrrGGg
3527,139,13937.0,1.5474892422121975,3,rrrGGgrrrGGg
3528,139,13443.0,1.4634393484655632,3,rrrGGgrrrGGg
3529,138,12655.0,1.3666985290049287,3,rrrGGgrrrGGg
3530,138,12155.0,1.3532914454942844,3,rrrGGgrrrGGg
3531,138,11367.0,1.4008407498848348,3,rrrGGgrrrGGg
3532,137,10876.0,1.342550450983652,3,rrrGGgrrrGGg
3533,137,10089.0,1.393831361734012,3,rrrGGgrrrGGg
3534,137,9302.0,1.4385861296045719,3,rrrGGgrrrGGg
3535,135,8810.0,1.2895761493905675,3,rrrGGgrrrGGg
3536,137,8315.0,1.282068344508021,3,rrrGGgrrrGGg
3537,137,7530.0,1.2620497346730541,3,rrrGGgrrrGGg
3538,136,6743.0,1.197819190043222,3,rrrGGgrrrGGg
3539,136,5957.0,1.241478682231572,3,rrrGGgrrrGGg
3540,136,5172.0,1.2806014586301584,3,rrrGGgrrrGGg
3541,136,4679.0,1.3318712030046846,3,rrrGGgrrrGGg
3542,136,3895.0,1.373086953554031,3,rrrGGgrrrGGg
3543,137,3404.0,1.4010295808523499,3,rrrGGgrrrGGg
3544,137,3202.0,1.3998685149402457,3,rrrGGgrrrGGg
3545,135,2711.0,1.1898619527257914,3,rrrGGgrrrGGg
3546,135,2219.0,1.2079592874129579,3,rrrGGgrrrGGg
3547,135,1732.0,1.228242823255799,3,rrrGGgrrrGGg
3548,134,1822.0,1.1483611637823672,3,rrrGGgrrrGGg
3549,134,1915.0,1.1379905728327024,3,rrrGGgrrrGGg
3550,136,2012.0,1.122244275864881,3,rrrGGgrrrGGg
3551,137,2111.0,1.1312447272700832,3,rrrGGgrrrGGg
3552,137,2209.0,1.157789933355684,3,rrrGGgrrrGGg
3553,137,2314.0,1.1689091480475817,3,rrrGGgrrrGGg
3554,137,2419.0,1.205032428808872,3,rrrGGgrrrGGg
3555,136,2528.0,1.1246130683894875,3,rrrGGgrrrGGg
3556,136,2636.0,1.0463632806806833,3,rrrGGgrrrGGg
3557,136,2750.0,1.047398487797421,3,rrrGGgrrrGGg
3558,135,2861.0,0.9803956373981731,3,rrrGGgrrrGGg
3559,136,2977.0,0.9776990561489413,3,rrrGGgrrrGGg
3560,136,3095.0,0.9962822193490333,3,rrrGGgrrrGGg
3561,136,3214.0,1.0305326778735395,3,rrrGGgrrrGGg
3562,136,3335.0,1.0688620210189648,3,rrrGGgrrrGGg
3563,136,3455.0,0.983301918683051,3,rrrGGgrrrGGg
3564,136,3577.0,1.013367404855741,3,rrrGGgrrrGGg
3565,135,3699.0,0.9503537062746297,3,rrrGGgrrrGGg
3566,135,3821.0,0.9769003884418895,3,rrrGGgrrrGGg
3567,135,3943.0,0.9727597332530887,3,rrrGGgrrrGGg
3568,136,4065.0,0.9648939278687467,3,rrrGGgrrrGGg
3569,136,4187.0,0.9906846620376129,3,rrrGGgrrrGGg
3570,136,4309.0,1.017177354007674,3,rrrGGgrrrGGg
3571,135,4431.0,0.9113916844976061,3,rrrGGgrrrGGg
3572,136,4553.0,0.9109869631931741,3,rrrGGgrrrGGg
3573,137,4675.0,0.9364623190977481,3,rrrGGgrrrGGg
3574,137,4797.0,0.9699401516713008,3,rrrGGgrrrGGg
3575,137,4919.0,1.0087763773918055,3,rrrGGgrrrGGg
3576,137,5041.0,1.0374898228338512,3,rrrGGgrrrGGg
3577,136,5163.0,0.9390269018416392,3,rrrGGgrrrGGg
3578,137,5285.0,0.9666952249351244,3,rrrGGgrrrGGg
3579,138,5407.0,1.0000081271581691,3,rrrGGgrrrGGg
3580,138,5529.0,1.0464652405746668,3,rrrGGgrrrGGg
3581,137,5651.0,1.015029317507692,3,rrrGGgrrrGGg
3582,137,5773.0,1.0535290133989035,3,rrrGGgrrrGGg
3583,137,5895.0,1.0533358617739352,3,rrrGGgrrrGGg
3584,138,6017.0,1.0705142362657651,3,rrrGGgrrrGGg
3585,137,6139.0,1.0300386040190173,3,rrrGGgrrrGGg
3586,136,6261.0,0.9806539923579313,3,rrrGGgrrrGGg
3587,136,6383.0,1.0148365481370003,3,rrrGGgrrrGGg
3588,137,6505.0,1.0406476682931949,3,rrrGGgrrrGGg
3589,137,6627.0,1.0633965093767832,3,rrrGGgrrrGGg
3590,138,6749.0,1.0885403855006857,3,rrrGGgrrrGGg
3591,137,6871.0,1.0143919662622456,3,rrrGGgrrrGGg
3592,137,6993.0,1.0095014877692243,3,rrrGGgrrrGGg
3593,137,7115.0,1.0412692198588536,3,rrrGGgrrrGGg
3594,137,7237.0,1.0689467125410526,3,rrrGGgrrrGGg
3595,137,7359.0,1.1049228447561412,3,rrrGGgrrrGGg
3596,137,7481.0,1.1368112342227163,3,rrrGGgrrrGGg
3597,139,7603.0,1.1413350383384153,3,rrrGGgrrrGGg
3598,139,7725.0,1.1566017786341094,3,rrrGGgrrrGGg
3599,139,7847.0,1.1931670477892637,3,rrrGGgrrrGGg
