step,vehicle_count,total_waiting_time,mean_speed,phase,queue_phase_0,queue_phase_3,green_elapsed,state
0,4,0.0,0.0,0,2,2,0,GGgrrrGGgrrr
1,4,0.0,0.6628257775679232,0,0,0,1,GGgrrrGGgrrr
2,4,0.0,1.3396166710415855,0,0,0,2,GGgrrrGGgrrr
3,4,0.0,2.037684859335423,0,0,0,3,GGgrrrGGgrrr
4,4,0.0,2.7018711789045486,0,0,0,4,GGgrrrGGgrrr
5,7,0.0,1.9074580833848034,0,1,2,5,GGgrrrGGgrrr
6,7,0.0,2.5127586193382743,0,0,0,6,GGgrrrGGgrrr
7,7,0.0,3.11353109835514,0,0,0,7,GGgrrrGGgrrr
8,7,0.0,3.810651793237775,0,0,0,8,GGgrrrGGgrrr
9,7,0.0,4.342707094869444,0,0,0,9,GGgrrrGGgrrr
10,8,0.0,4.411206495179795,0,1,0,10,GGgrrrGGgrrr
11,8,0.0,5.024360246653668,0,0,0,11,GGgrrrGGgrrr
12,9,0.0,5.001201709256403,0,0,1,12,GGgrrrGGgrrr
13,9,0.0,5.584838516906732,0,0,0,13,GGgrrrGGgrrr
14,9,0.0,6.197308191356973,0,0,0,14,GGgrrrGGgrrr
15,10,0.0,6.1120679724961535,0,1,0,15,GGgrrrGGgrrr
16,10,0.0,6.675063327569516,0,0,0,16,GGgrrrGGgrrr
17,12,0.0,6.071363022178411,0,1,1,17,GGgrrrGGgrrr
18,12,0.0,6.644222968040656,0,0,0,18,GGgrrrGGgrrr
19,13,0.0,6.637055477499964,0,0,1,19,GGgrrrGGgrrr
20,14,0.0,6.750413043620617,0,1,0,20,GGgrrrGGgrrr
21,14,0.0,7.280294518774661,0,0,0,21,GGgrrrGGgrrr
22,14,0.0,7.834628577839604,0,0,0,22,GGgrrrGGgrrr
23,14,0.0,8.452520316129823,0,0,0,23,GGgrrrGGgrrr
24,14,0.0,8.916873352156541,0,0,0,24,GGgrrrGGgrrr
25,15,0.0,8.706038670162116,0,1,0,25,GGgrrrGGgrrr
26,16,0.0,8.539764273738028,0,1,0,26,GGgrrrGGgrrr
27,17,0.0,8.478638958477147,0,0,1,27,GGgrrrGGgrrr
28,18,0.0,8.455893120439521,0,0,1,28,GGgrrrGGgrrr
29,18,0.0,8.795171105728018,0,0,0,29,GGgrrrGGgrrr
30,19,0.0,8.618358272651598,0,1,0,30,GGgrrrGGgrrr
31,19,0.0,8.411451947576017,0,0,0,31,GGgrrrGGgrrr
32,19,0.0,8.10403887380228,0,0,0,32,GGgrrrGGgrrr
33,20,0.0,7.617679090297029,0,0,1,33,GGgrrrGGgrrr
34,20,0.0,7.919595216715552,0,0,0,34,GGgrrrGGgrrr
35,21,2.0,7.670542006558546,0,1,2,35,GGgrrrGGgrrr
36,23,4.0,6.9598045911062965,0,1,3,36,GGgrrrGGgrrr
37,23,6.0,6.957546085989454,0,0,2,37,GGgrrrGGgrrr
38,23,8.0,7.096128986605942,0,0,2,38,GGgrrrGGgrrr
39,23,12.0,7.388727881741697,0,0,4,39,GGgrrrGGgrrr
40,24,16.0,7.406513491680351,0,1,4,40,GGgrrrGGgrrr
41,25,20.0,7.43849973887013,0,0,5,41,GGgrrrGGgrrr
42,26,24.0,7.501047780760156,1,0,5,0,yyyrrryyyrrr
43,26,28.0,7.559219152758383,1,0,4,0,yyyrrryyyrrr
44,26,32.0,7.498101311505185,1,0,4,0,yyyrrryyyrrr
45,26,37.0,7.541704002096371,2,1,4,0,rrrrrrrrrrrr
46,28,43.0,7.230720318472465,2,2,6,0,rrrrrrrrrrrr
47,28,23.0,7.349932896022947,3,1,3,0,rrrGGgrrrGGg
48,28,7.0,7.229257954435282,3,1,1,1,rrrGGgrrrGGg
49,29,5.0,6.671370885505637,3,2,0,2,rrrGGgrrrGGg
50,29,6.0,6.5882453751058,3,1,0,3,rrrGGgrrrGGg
51,31,8.0,6.284666985918205,3,3,1,4,rrrGGgrrrGGg
52,31,11.0,5.991009487646643,3,3,1,5,rrrGGgrrrGGg
53,31,14.0,6.244758015175762,3,3,0,6,rrrGGgrrrGGg
54,31,17.0,6.631034017541601,3,3,0,7,rrrGGgrrrGGg
55,31,21.0,7.001743523968248,3,4,0,8,rrrGGgrrrGGg
56,33,25.0,6.852607547899651,3,5,1,9,rrrGGgrrrGGg
57,33,29.0,7.126745872178279,3,4,0,10,rrrGGgrrrGGg
58,33,33.0,7.231328296675588,3,4,0,11,rrrGGgrrrGGg
59,32,38.0,7.236494774073969,3,5,0,12,rrrGGgrrrGGg
60,32,43.0,7.204049177623988,3,5,0,13,rrrGGgrrrGGg
61,35,48.0,6.707243573027842,3,6,2,14,rrrGGgrrrGGg
62,35,54.0,6.777761921584884,3,6,0,15,rrrGGgrrrGGg
63,35,61.0,7.078756994942206,3,7,0,16,rrrGGgrrrGGg
64,36,68.0,7.09396867109131,3,8,0,17,rrrGGgrrrGGg
65,36,75.0,7.201088902620782,3,7,0,18,rrrGGgrrrGGg
66,36,82.0,6.936166392184385,3,7,1,19,rrrGGgrrrGGg
67,36,89.0,7.0625038340687745,4,7,0,0,rrryyyrrryyy
68,37,97.0,6.9595723633276245,4,9,0,0,rrryyyrrryyy
69,38,105.0,6.842262119075077,4,8,1,0,rrryyyrrryyy
70,38,114.0,6.989303589639351,5,9,0,0,rrrrrrrrrrrr
71,39,124.0,7.005646619481204,5,9,2,0,rrrrrrrrrrrr
72,39,52.0,7.252006085138562,0,5,1,0,GGgrrrGGgrrr
73,39,20.0,7.608118563714569,0,2,1,1,GGgrrrGGgrrr
74,39,5.0,7.605349500436928,0,2,1,2,GGgrrrGGgrrr
75,40,5.0,7.682090284290567,0,1,1,3,GGgrrrGGgrrr
76,40,6.0,7.730966296305111,0,0,1,4,GGgrrrGGgrrr
77,40,7.0,7.830565162961794,0,0,1,5,GGgrrrGGgrrr
78,40,10.0,7.898755940952742,0,0,2,6,GGgrrrGGgrrr
79,41,14.0,7.831661473474778,0,0,4,7,GGgrrrGGgrrr
80,40,19.0,7.332830800945631,0,1,3,8,GGgrrrGGgrrr
81,41,25.0,6.987312916532783,0,0,4,9,GGgrrrGGgrrr
82,39,24.0,6.488845395462341,0,0,4,10,GGgrrrGGgrrr
83,39,27.0,6.428683533752164,0,1,4,11,GGgrrrGGgrrr
84,39,33.0,6.489395912191289,0,2,5,12,GGgrrrGGgrrr
85,40,39.0,6.54529919439739,0,2,6,13,GGgrrrGGgrrr
86,39,43.0,5.876819639358125,0,1,7,14,GGgrrrGGgrrr
87,40,49.0,6.0158814880920986,0,0,7,15,GGgrrrGGgrrr
88,40,55.0,6.241630234367706,0,0,6,16,GGgrrrGGgrrr
89,40,62.0,6.4773051829241854,0,0,7,17,GGgrrrGGgrrr
90,39,69.0,6.5079727691270275,0,0,7,18,GGgrrrGGgrrr
91,39,76.0,6.4424573625903525,0,1,7,19,GGgrrrGGgrrr
92,40,83.0,6.494046734816434,1,0,8,0,yyyrrryyyrrr
93,40,91.0,6.517327357075848,1,0,8,0,yyyrrryyyrrr
94,41,99.0,6.350726954150117,1,0,9,0,yyyrrryyyrrr
95,41,108.0,6.291108327414696,2,1,8,0,rrrrrrrrrrrr
96,42,119.0,6.262799235445014,2,2,10,0,rrrrrrrrrrrr
97,43,65.0,6.367513920518595,3,2,8,0,rrrGGgrrrGGg
98,43,44.0,6.627025823934849,3,3,5,1,rrrGGgrrrGGg
99,44,32.0,6.538395111039819,3,3,4,2,rrrGGgrrrGGg
100,45,26.0,6.507781957955539,3,4,2,3,rrrGGgrrrGGg
101,46,23.0,6.532369015394585,3,5,1,4,rrrGGgrrrGGg
102,47,22.0,6.769120946716952,3,4,2,5,rrrGGgrrrGGg
103,47,25.0,7.083882746569293,3,4,0,6,rrrGGgrrrGGg
104,46,30.0,7.1409788143194595,3,4,0,7,rrrGGgrrrGGg
105,47,33.0,7.13186421041386,3,4,1,8,rrrGGgrrrGGg
106,48,37.0,7.046654509431792,3,5,0,9,rrrGGgrrrGGg
107,44,41.0,6.600732244705585,3,4,0,10,rrrGGgrrrGGg
108,44,47.0,6.783316472330153,3,6,0,11,rrrGGgrrrGGg
109,45,53.0,6.850048735319668,3,7,0,12,rrrGGgrrrGGg
110,46,59.0,6.852078690838328,3,6,1,13,rrrGGgrrrGGg
111,47,65.0,6.799149473425761,3,7,0,14,rrrGGgrrrGGg
112,47,71.0,6.99595919583192,3,6,0,15,rrrGGgrrrGGg
113,48,78.0,7.120178389618353,3,7,1,16,rrrGGgrrrGGg
114,48,85.0,7.4870658629266815,3,7,0,17,rrrGGgrrrGGg
115,46,92.0,7.195091258133674,3,7,1,18,rrrGGgrrrGGg
116,45,99.0,7.076865309941118,3,8,0,19,rrrGGgrrrGGg
117,45,106.0,7.1717366193461105,4,7,0,0,rrryyyrrryyy
118,44,113.0,6.829196876556716,4,7,1,0,rrryyyrrryyy
119,44,121.0,6.75070178881821,4,7,1,0,rrryyyrrryyy
120,44,130.0,6.729478659499205,5,7,2,0,rrrrrrrrrrrr
121,45,142.0,6.501426829803625,5,10,4,0,rrrrrrrrrrrr
122,45,84.0,6.738308291055746,0,5,3,0,GGgrrrGGgrrr
123,45,47.0,6.956116848856703,0,2,4,1,GGgrrrGGgrrr
124,47,29.0,6.833353213156845,0,2,5,2,GGgrrrGGgrrr
125,47,22.0,6.939999922082716,0,0,5,3,GGgrrrGGgrrr
126,48,27.0,6.880164877566558,0,1,5,4,GGgrrrGGgrrr
127,48,32.0,6.977656447291545,0,0,5,5,GGgrrrGGgrrr
128,48,38.0,7.134656417350722,0,0,5,6,GGgrrrGGgrrr
129,48,45.0,7.33128811859859,0,0,6,7,GGgrrrGGgrrr
130,48,50.0,7.257389333733943,0,0,8,8,GGgrrrGGgrrr
131,49,57.0,7.074246335063592,0,1,7,9,GGgrrrGGgrrr
132,50,64.0,6.876669128272753,0,0,8,10,GGgrrrGGgrrr
133,51,72.0,6.673755960916197,0,1,7,11,GGgrrrGGgrrr
134,49,81.0,6.522995201081656,0,0,8,12,GGgrrrGGgrrr
135,49,88.0,6.579327571228991,0,0,9,13,GGgrrrGGgrrr
136,49,97.0,6.438281150113118,0,1,9,14,GGgrrrGGgrrr
137,49,106.0,6.284815178666591,0,0,10,15,GGgrrrGGgrrr
138,47,117.0,6.222309171779206,0,0,10,16,GGgrrrGGgrrr
139,48,128.0,6.366630719838928,0,0,11,17,GGgrrrGGgrrr
140,47,139.0,6.403880932687832,0,0,10,18,GGgrrrGGgrrr
141,48,146.0,6.113098116610804,0,2,10,19,GGgrrrGGgrrr
142,47,158.0,6.027941957551793,1,0,11,0,yyyrrryyyrrr
143,46,170.0,5.926911306530027,1,0,11,0,yyyrrryyyrrr
144,45,182.0,5.6926007500970774,1,0,11,0,yyyrrryyyrrr
145,45,197.0,5.738514187249423,2,2,12,0,rrrrrrrrrrrr
146,47,212.0,5.604439859342934,2,3,13,0,rrrrrrrrrrrr
147,47,172.0,5.785601277793811,3,3,10,0,rrrGGgrrrGGg
148,47,124.0,5.944001400734849,3,3,8,1,rrrGGgrrrGGg
149,47,90.0,6.154464829858902,3,3,7,2,rrrGGgrrrGGg
150,48,62.0,6.165883871339766,3,3,6,3,rrrGGgrrrGGg
151,49,39.0,6.154831385981783,3,4,3,4,rrrGGgrrrGGg
152,50,28.0,6.166861177913031,3,4,2,5,rrrGGgrrrGGg
153,50,34.0,6.228765819131797,3,4,2,6,rrrGGgrrrGGg
154,48,34.0,5.899063445873259,3,4,1,7,rrrGGgrrrGGg
155,49,36.0,5.945943936073721,3,5,1,8,rrrGGgrrrGGg
156,51,41.0,5.84024196825568,3,7,0,9,rrrGGgrrrGGg
157,50,46.0,5.836466227103117,3,5,0,10,rrrGGgrrrGGg
158,50,51.0,5.9521110089481795,3,5,0,11,rrrGGgrrrGGg
159,50,58.0,6.108171864839712,3,7,0,12,rrrGGgrrrGGg
160,52,65.0,5.933001799855533,3,7,2,13,rrrGGgrrrGGg
161,52,72.0,5.829394941562002,3,8,0,14,rrrGGgrrrGGg
162,51,79.0,5.895705249309638,3,7,0,15,rrrGGgrrrGGg
163,50,86.0,5.945009143399734,3,7,0,16,rrrGGgrrrGGg
164,49,94.0,6.040500032072579,3,8,0,17,rrrGGgrrrGGg
165,51,102.0,6.007126667635559,3,8,2,18,rrrGGgrrrGGg
166,52,112.0,6.059520883004306,3,10,1,19,rrrGGgrrrGGg
167,49,121.0,5.5933678473666655,4,9,1,0,rrryyyrrryyy
168,49,132.0,5.622653533808237,4,9,2,0,rrryyyrrryyy
169,48,145.0,5.526648921445447,4,10,3,0,rrryyyrrryyy
170,48,159.0,5.678328934529142,5,10,4,0,rrrrrrrrrrrr
171,50,175.0,5.475174569452576,5,11,7,0,rrrrrrrrrrrr
172,50,96.0,5.423044754991944,0,6,7,0,GGgrrrGGgrrr
173,49,61.0,5.344739556986673,0,3,8,1,GGgrrrGGgrrr
174,50,47.0,5.429327046326616,0,2,10,2,GGgrrrGGgrrr
175,50,52.0,5.653539640985365,0,0,11,3,GGgrrrGGgrrr
176,51,63.0,5.720865641078345,0,1,11,4,GGgrrrGGgrrr
177,52,75.0,5.805846249995026,0,0,13,5,GGgrrrGGgrrr
178,53,88.0,5.793593371540441,0,0,13,6,GGgrrrGGgrrr
179,53,102.0,5.885721744748574,0,0,12,7,GGgrrrGGgrrr
180,51,116.0,5.631812788709537,0,0,12,8,GGgrrrGGgrrr
181,52,132.0,5.587631916884894,0,1,12,9,GGgrrrGGgrrr
182,53,149.0,5.571300227615744,0,0,14,10,GGgrrrGGgrrr
183,53,156.0,5.6853711055857925,0,1,13,11,GGgrrrGGgrrr
184,53,165.0,5.773571314027404,0,2,13,12,GGgrrrGGgrrr
185,53,178.0,5.855088589101264,0,2,13,13,GGgrrrGGgrrr
186,53,192.0,5.762698584001861,0,2,15,14,GGgrrrGGgrrr
187,52,205.0,5.788419473058643,0,0,15,15,GGgrrrGGgrrr
188,51,220.0,5.736618692046966,0,0,15,16,GGgrrrGGgrrr
189,51,235.0,5.766006905225883,0,0,15,17,GGgrrrGGgrrr
190,50,251.0,5.2398773575442545,0,1,16,18,GGgrrrGGgrrr
191,51,269.0,4.8787116050684896,0,1,18,19,GGgrrrGGgrrr
192,50,285.0,4.848977722042794,1,0,17,0,yyyrrryyyrrr
193,51,303.0,4.806154256705257,1,0,18,0,yyyrrryyyrrr
194,51,322.0,4.865235189536389,1,1,17,0,yyyrrryyyrrr
195,50,339.0,4.8459141957796295,2,1,18,0,rrrrrrrrrrrr
196,50,360.0,4.955715438350504,2,2,19,0,rrrrrrrrrrrr
197,51,309.0,5.0375826345512,3,4,16,0,rrrGGgrrrGGg
198,52,270.0,5.0540021635417,3,3,16,1,rrrGGgrrrGGg
199,52,229.0,5.209817136755259,3,4,12,2,rrrGGgrrrGGg
200,52,188.0,5.4139301583076325,3,4,10,3,rrrGGgrrrGGg
201,53,147.0,5.584582201023009,3,5,9,4,rrrGGgrrrGGg
202,54,106.0,5.782853557043753,3,5,7,5,rrrGGgrrrGGg
203,55,96.0,5.948687331451409,3,4,8,6,rrrGGgrrrGGg
204,55,90.0,6.157378346095635,3,4,5,7,rrrGGgrrrGGg
205,55,68.0,6.159097812916546,3,4,3,8,rrrGGgrrrGGg
206,52,76.0,5.783498365777855,3,5,3,9,rrrGGgrrrGGg
207,53,68.0,5.453247423470647,3,6,4,10,rrrGGgrrrGGg
208,53,64.0,5.641757087683804,3,6,2,11,rrrGGgrrrGGg
209,53,64.0,5.831678384912559,3,7,1,12,rrrGGgrrrGGg
210,51,68.0,5.864177545787158,3,7,0,13,rrrGGgrrrGGg
211,50,75.0,6.007660497699925,3,7,0,14,rrrGGgrrrGGg
212,51,82.0,6.171980405421123,3,8,0,15,rrrGGgrrrGGg
213,52,89.0,6.315813492345288,3,8,0,16,rrrGGgrrrGGg
214,53,96.0,6.462659186376947,3,7,1,17,rrrGGgrrrGGg
215,51,104.0,6.366752872451323,3,8,0,18,rrrGGgrrrGGg
216,51,112.0,6.624552617073548,3,8,0,19,rrrGGgrrrGGg
217,52,120.0,6.757647342390367,4,8,1,0,rrryyyrrryyy
218,52,130.0,6.668223247941433,4,10,1,0,rrryyyrrryyy
219,51,140.0,6.678901848003928,4,9,1,0,rrryyyrrryyy
220,51,152.0,6.682332954908024,5,9,3,0,rrrrrrrrrrrr
221,51,164.0,6.405844823125592,5,9,4,0,rrrrrrrrrrrr
222,51,117.0,6.381598263632934,0,6,4,0,GGgrrrGGgrrr
223,53,92.0,6.053000985437169,0,6,6,1,GGgrrrGGgrrr
224,54,77.0,5.890099066658247,0,4,9,2,GGgrrrGGgrrr
225,53,65.0,5.7951957155786795,0,3,11,3,GGgrrrGGgrrr
226,54,60.0,5.8951645415054665,0,2,12,4,GGgrrrGGgrrr
227,53,74.0,5.946437917471645,0,2,12,5,GGgrrrGGgrrr
228,54,78.0,6.061054354111142,0,2,12,6,GGgrrrGGgrrr
229,55,87.0,6.103144765890955,0,0,14,7,GGgrrrGGgrrr
230,54,101.0,6.14722406862599,0,0,13,8,GGgrrrGGgrrr
231,53,116.0,6.080232673831322,0,0,13,9,GGgrrrGGgrrr
232,52,127.0,5.983451320974085,0,1,13,10,GGgrrrGGgrrr
233,52,139.0,5.767224896664942,0,2,13,11,GGgrrrGGgrrr
234,52,152.0,5.76297828862246,0,1,14,12,GGgrrrGGgrrr
235,52,165.0,5.559300429974169,0,0,15,13,GGgrrrGGgrrr
236,51,179.0,5.499224320482493,0,0,14,14,GGgrrrGGgrrr
237,51,193.0,5.299616625918838,0,0,15,15,GGgrrrGGgrrr
238,51,209.0,5.22111465568042,0,2,15,16,GGgrrrGGgrrr
239,50,224.0,5.339653539726116,0,1,15,17,GGgrrrGGgrrr
240,50,238.0,5.628039732860285,0,0,15,18,GGgrrrGGgrrr
241,49,253.0,5.679309311033069,0,0,15,19,GGgrrrGGgrrr
242,48,268.0,5.7218788935701,1,0,15,0,yyyrrryyyrrr
243,48,283.0,5.5543077325238555,1,1,15,0,yyyrrryyyrrr
244,47,300.0,5.431647233766139,1,1,16,0,yyyrrryyyrrr
245,47,315.0,5.389915586012511,2,0,16,0,rrrrrrrrrrrr
246,50,332.0,4.990448512171618,2,2,18,0,rrrrrrrrrrrr
247,50,270.0,5.079417396203066,3,2,14,0,rrrGGgrrrGGg
248,50,231.0,5.1703022832055305,3,3,12,1,rrrGGgrrrGGg
249,51,193.0,5.010649085003538,3,5,10,2,rrrGGgrrrGGg
250,51,154.0,5.019022621768155,3,5,8,3,rrrGGgrrrGGg
251,51,115.0,5.096192931556097,3,6,7,4,rrrGGgrrrGGg
252,51,84.0,5.319383854669296,3,6,6,5,rrrGGgrrrGGg
253,51,64.0,5.366739079048064,3,8,4,6,rrrGGgrrrGGg
254,53,54.0,5.188262111209363,3,9,3,7,rrrGGgrrrGGg
255,50,56.0,4.720064859086268,3,9,1,8,rrrGGgrrrGGg
256,50,61.0,4.80643216508135,3,9,0,9,rrrGGgrrrGGg
257,51,70.0,4.907836419020936,3,9,1,10,rrrGGgrrrGGg
258,52,80.0,5.028978972259068,3,11,0,11,rrrGGgrrrGGg
259,52,90.0,5.034665197704795,3,11,0,12,rrrGGgrrrGGg
260,50,100.0,4.8566253100486145,3,10,0,13,rrrGGgrrrGGg
261,51,110.0,4.92164614567233,3,10,1,14,rrrGGgrrrGGg
262,52,120.0,5.0941721855771185,3,10,1,15,rrrGGgrrrGGg
263,52,131.0,5.3711212717922585,3,11,0,16,rrrGGgrrrGGg
264,52,142.0,5.405739669277427,3,12,0,17,rrrGGgrrrGGg
265,52,153.0,5.6275762261100235,3,11,0,18,rrrGGgrrrGGg
266,52,164.0,5.480249994225416,3,11,1,19,rrrGGgrrrGGg
267,53,175.0,5.58405558244311,4,11,1,0,rrryyyrrryyy
268,52,187.0,5.605152325374056,4,12,0,0,rrryyyrrryyy
269,54,199.0,5.486451668772038,4,14,0,0,rrryyyrrryyy
270,53,212.0,5.474113784509042,5,12,1,0,rrrrrrrrrrrr
271,54,228.0,5.512001935164881,5,13,4,0,rrrrrrrrrrrr
272,54,168.0,5.590117985061016,0,10,4,0,GGgrrrGGgrrr
273,54,122.0,5.576072995853023,0,7,7,1,GGgrrrGGgrrr
274,56,97.0,5.310019827338187,0,6,7,2,GGgrrrGGgrrr
275,57,86.0,5.305059820640144,0,6,8,3,GGgrrrGGgrrr
276,58,67.0,5.39675583782856,0,3,10,4,GGgrrrGGgrrr
277,58,55.0,5.66199796812114,0,1,11,5,GGgrrrGGgrrr
278,58,59.0,5.965298449098966,0,0,12,6,GGgrrrGGgrrr
279,58,71.0,5.924633401495121,0,1,12,7,GGgrrrGGgrrr
280,57,84.0,5.971174678575128,0,0,12,8,GGgrrrGGgrrr
281,58,98.0,6.066057066167642,0,0,13,9,GGgrrrGGgrrr
282,59,112.0,6.146622127492693,0,0,13,10,GGgrrrGGgrrr
283,58,123.0,6.2004570718617655,0,1,12,11,GGgrrrGGgrrr
284,58,134.0,6.179858943844911,0,3,12,12,GGgrrrGGgrrr
285,58,146.0,6.321355660668588,0,2,12,13,GGgrrrGGgrrr
286,58,158.0,6.142553055576358,0,2,13,14,GGgrrrGGgrrr
287,58,169.0,5.9381754985120745,0,1,13,15,GGgrrrGGgrrr
288,58,182.0,5.938006383506426,0,2,14,16,GGgrrrGGgrrr
289,57,195.0,5.758134324852088,0,1,14,17,GGgrrrGGgrrr
290,57,209.0,5.894437813385039,0,0,14,18,GGgrrrGGgrrr
291,57,223.0,6.036520867086146,0,0,14,19,GGgrrrGGgrrr
292,57,238.0,5.732628962141871,1,0,17,0,yyyrrryyyrrr
293,55,253.0,5.32910192934122,1,0,15,0,yyyrrryyyrrr
294,56,271.0,5.176002321274212,1,3,15,0,yyyrrryyyrrr
295,56,288.0,5.238215402637487,2,3,15,0,rrrrrrrrrrrr
296,56,308.0,5.350490708577079,2,4,16,0,rrrrrrrrrrrr
297,57,273.0,5.438029840121347,3,4,15,0,rrrGGgrrrGGg
298,57,237.0,5.530245993519982,3,5,12,1,rrrGGgrrrGGg
299,58,201.0,5.483003977789868,3,7,10,2,rrrGGgrrrGGg
300,59,166.0,5.522924204023641,3,8,8,3,rrrGGgrrrGGg
301,59,131.0,5.684713261677052,3,7,7,4,rrrGGgrrrGGg
302,60,95.0,5.659969112069969,3,7,6,5,rrrGGgrrrGGg
303,60,93.0,5.69015127537692,3,8,4,6,rrrGGgrrrGGg
304,61,90.0,5.667301166400551,3,10,3,7,rrrGGgrrrGGg
305,60,90.0,5.685991525341425,3,9,3,8,rrrGGgrrrGGg
306,59,93.0,5.726401349256476,3,9,2,9,rrrGGgrrrGGg
307,60,102.0,5.253391147234775,3,10,5,10,rrrGGgrrrGGg
308,59,105.0,5.182609672147246,3,10,2,11,rrrGGgrrrGGg
309,60,110.0,5.152085256944364,3,11,1,12,rrrGGgrrrGGg
310,59,122.0,5.121164912988025,3,12,1,13,rrrGGgrrrGGg
311,58,132.0,5.157448810191033,3,12,0,14,rrrGGgrrrGGg
312,59,144.0,5.261974159302381,3,12,1,15,rrrGGgrrrGGg
313,59,156.0,5.255223711543602,3,12,1,16,rrrGGgrrrGGg
314,59,168.0,5.443667018968902,3,12,0,17,rrrGGgrrrGGg
315,60,180.0,5.474235727634001,3,13,0,18,rrrGGgrrrGGg
316,59,192.0,5.482224262067668,3,12,0,19,rrrGGgrrrGGg
317,58,205.0,5.43629580040229,4,13,0,0,rrryyyrrryyy
318,58,218.0,5.185949139163197,4,13,1,0,rrryyyrrryyy
319,59,231.0,5.051174703106498,4,14,0,0,rrryyyrrryyy
320,59,247.0,4.854113863530599,5,15,2,0,rrrrrrrrrrrr
321,59,265.0,4.842120097601635,5,15,3,0,rrrrrrrrrrrr
322,59,208.0,4.889016676555956,0,12,5,0,GGgrrrGGgrrr
323,60,154.0,4.8574924860051825,0,9,6,1,GGgrrrGGgrrr
324,60,121.0,5.016571266136496,0,6,6,2,GGgrrrGGgrrr
325,62,94.0,5.120980014163002,0,6,9,3,GGgrrrGGgrrr
326,62,71.0,5.326186159331758,0,3,9,4,GGgrrrGGgrrr
327,62,58.0,5.474564423350332,0,2,9,5,GGgrrrGGgrrr
328,61,61.0,5.493262836913949,0,1,10,6,GGgrrrGGgrrr
329,61,70.0,5.6370148320672495,0,0,12,7,GGgrrrGGgrrr
330,61,83.0,5.614078787739277,0,1,12,8,GGgrrrGGgrrr
331,61,95.0,5.581596714874934,0,0,14,9,GGgrrrGGgrrr
332,60,109.0,5.4331299576610945,0,1,14,10,GGgrrrGGgrrr
333,60,123.0,5.233765476754248,0,0,16,11,GGgrrrGGgrrr
334,59,139.0,5.1643838185471935,0,0,15,12,GGgrrrGGgrrr
335,60,158.0,5.145624539953124,0,3,16,13,GGgrrrGGgrrr
336,60,175.0,4.986030902126654,0,2,16,14,GGgrrrGGgrrr
337,60,190.0,5.048878674859826,0,1,17,15,GGgrrrGGgrrr
338,59,206.0,4.8796164030587965,0,0,18,16,GGgrrrGGgrrr
339,60,226.0,4.887832754165655,0,0,19,17,GGgrrrGGgrrr
340,60,248.0,4.501044456429264,0,1,21,18,GGgrrrGGgrrr
341,59,272.0,4.468790515115981,0,2,20,19,GGgrrrGGgrrr
342,58,296.0,4.429000612810228,1,2,20,0,yyyrrryyyrrr
343,58,321.0,4.565624915547339,1,3,20,0,yyyrrryyyrrr
344,58,346.0,4.647609668886535,1,3,20,0,yyyrrryyyrrr
345,58,375.0,4.5634369614174926,2,7,21,0,rrrrrrrrrrrr
346,60,405.0,4.501953920155949,2,8,22,0,rrrrrrrrrrrr
347,60,369.0,4.529218697871707,3,7,19,0,rrrGGgrrrGGg
348,61,331.0,4.473056932289376,3,7,18,1,rrrGGgrrrGGg
349,61,293.0,4.556385959433242,3,6,16,2,rrrGGgrrrGGg
350,61,254.0,4.7014475992360705,3,5,15,3,rrrGGgrrrGGg
351,62,251.0,4.731022484676528,3,7,14,4,rrrGGgrrrGGg
352,62,235.0,4.775960040947273,3,6,13,5,rrrGGgrrrGGg
353,63,207.0,4.771715384752487,3,6,12,6,rrrGGgrrrGGg
354,61,181.0,4.561872792110413,3,6,9,7,rrrGGgrrrGGg
355,62,167.0,4.6550154118202896,3,7,8,8,rrrGGgrrrGGg
356,64,156.0,4.690415088513975,3,10,7,9,rrrGGgrrrGGg
357,62,171.0,4.542206855724488,3,9,7,10,rrrGGgrrrGGg
358,62,159.0,4.610830804858829,3,9,5,11,rrrGGgrrrGGg
359,63,150.0,4.606977446429078,3,10,6,12,rrrGGgrrrGGg
360,61,142.0,4.47449096391312,3,11,4,13,rrrGGgrrrGGg
361,62,134.0,4.625951833265209,3,13,3,14,rrrGGgrrrGGg
362,61,126.0,4.747445242935029,3,12,2,15,rrrGGgrrrGGg
363,61,125.0,4.988171566131489,3,12,1,16,rrrGGgrrrGGg
364,63,138.0,5.053647009987398,3,13,2,17,rrrGGgrrrGGg
365,61,145.0,4.941684126156402,3,12,1,18,rrrGGgrrrGGg
366,62,156.0,5.0854269786043815,3,13,0,19,rrrGGgrrrGGg
367,62,170.0,4.988946661392684,4,13,2,0,rrryyyrrryyy
368,62,184.0,5.233487276621824,4,13,1,0,rrryyyrrryyy
369,61,198.0,5.223001510854286,4,13,1,0,rrryyyrrryyy
370,61,212.0,5.207199562199528,5,13,1,0,rrrrrrrrrrrr
371,62,228.0,5.18863931702424,5,14,3,0,rrrrrrrrrrrr
372,63,170.0,5.1696223857408405,0,11,5,0,GGgrrrGGgrrr
373,62,122.0,5.166079437745745,0,8,5,1,GGgrrrGGgrrr
374,62,96.0,5.2309077955567975,0,6,6,2,GGgrrrGGgrrr
375,63,75.0,5.224442600233865,0,4,8,3,GGgrrrGGgrrr
376,64,59.0,5.160204697649185,0,3,8,4,GGgrrrGGgrrr
377,65,54.0,5.124418418722216,0,3,10,5,GGgrrrGGgrrr
378,66,67.0,5.137620254580329,0,2,12,6,GGgrrrGGgrrr
379,65,75.0,5.181103708412597,0,1,13,7,GGgrrrGGgrrr
380,64,87.0,5.146369802459112,0,0,14,8,GGgrrrGGgrrr
381,64,104.0,4.8954146567460874,0,1,16,9,GGgrrrGGgrrr
382,63,124.0,4.795757123445196,0,1,17,10,GGgrrrGGgrrr
383,64,145.0,4.729837700227688,0,1,19,11,GGgrrrGGgrrr
384,64,168.0,4.772408949072388,0,2,19,12,GGgrrrGGgrrr
385,64,186.0,4.927958199407496,0,3,20,13,GGgrrrGGgrrr
386,65,206.0,4.934393986094178,0,4,21,14,GGgrrrGGgrrr
387,66,225.0,4.770371693472375,0,4,22,15,GGgrrrGGgrrr
388,66,247.0,4.648803523413261,0,3,24,16,GGgrrrGGgrrr
389,64,274.0,4.593083640274096,0,4,23,17,GGgrrrGGgrrr
390,64,295.0,4.7404741898356315,0,3,23,18,GGgrrrGGgrrr
391,64,316.0,4.718455164368713,0,3,23,19,GGgrrrGGgrrr
392,62,337.0,4.581492046525916,1,1,24,0,yyyrrryyyrrr
393,64,358.0,4.707984259409146,1,1,26,0,yyyrrryyyrrr
394,63,381.0,4.800606964218199,1,0,24,0,yyyrrryyyrrr
395,63,405.0,4.975698647332694,2,0,24,0,rrrrrrrrrrrr
396,64,430.0,5.035522996120265,2,2,24,0,rrrrrrrrrrrr
397,64,398.0,5.059718474242676,3,2,22,0,rrrGGgrrrGGg
398,65,369.0,4.998588687799023,3,3,21,1,rrrGGgrrrGGg
399,65,341.0,4.9596782913077595,3,4,18,2,rrrGGgrrrGGg
400,65,313.0,5.086713949501093,3,5,16,3,rrrGGgrrrGGg
401,66,287.0,5.127262993956689,3,8,15,4,rrrGGgrrrGGg
402,67,283.0,5.152148622716017,3,7,15,5,rrrGGgrrrGGg
403,68,256.0,5.2323470619154175,3,8,14,6,rrrGGgrrrGGg
404,67,253.0,5.083978629714091,3,9,12,7,rrrGGgrrrGGg
405,67,224.0,5.388750786503985,3,9,11,8,rrrGGgrrrGGg
406,66,194.0,5.47851560517307,3,9,9,9,rrrGGgrrrGGg
407,66,165.0,5.392487542055491,3,10,7,10,rrrGGgrrrGGg
408,65,141.0,5.140600640390545,3,9,6,11,rrrGGgrrrGGg
409,64,127.0,5.1918572940613545,3,9,4,12,rrrGGgrrrGGg
410,65,142.0,5.339910526087916,3,11,5,13,rrrGGgrrrGGg
411,63,133.0,5.266887857717582,3,11,3,14,rrrGGgrrrGGg
412,64,135.0,5.366276338934925,3,12,2,15,rrrGGgrrrGGg
413,63,139.0,5.389673761476966,3,11,1,16,rrrGGgrrrGGg
414,63,152.0,5.673432494582636,3,12,1,17,rrrGGgrrrGGg
415,63,158.0,5.996339593789274,3,12,0,18,rrrGGgrrrGGg
416,64,170.0,5.899523554280557,3,13,1,19,rrrGGgrrrGGg
417,64,182.0,5.872115038166753,4,13,0,0,rrryyyrrryyy
418,63,194.0,6.039493866215931,4,12,0,0,rrryyyrrryyy
419,62,206.0,6.059396889794359,4,12,0,0,rrryyyrrryyy
420,62,220.0,5.970721914641359,5,13,1,0,rrrrrrrrrrrr
421,63,234.0,5.813914194892492,5,13,2,0,rrrrrrrrrrrr
422,64,164.0,5.472799294782417,0,11,4,0,GGgrrrGGgrrr
423,63,136.0,5.4189799087044515,0,8,4,1,GGgrrrGGgrrr
424,63,113.0,5.416421742453982,0,6,6,2,GGgrrrGGgrrr
425,63,93.0,5.412435236440323,0,4,6,3,GGgrrrGGgrrr
426,64,101.0,5.473431435889619,0,3,9,4,GGgrrrGGgrrr
427,65,89.0,5.585019436527759,0,4,11,5,GGgrrrGGgrrr
428,66,76.0,5.661856389375095,0,3,11,6,GGgrrrGGgrrr
429,67,66.0,5.717264448092704,0,1,14,7,GGgrrrGGgrrr
430,67,78.0,5.805609323631954,0,0,14,8,GGgrrrGGgrrr
431,65,92.0,5.3246575778574154,0,0,16,9,GGgrrrGGgrrr
432,66,109.0,5.207096149318587,0,1,16,10,GGgrrrGGgrrr
433,65,128.0,5.062614993798005,0,1,17,11,GGgrrrGGgrrr
434,65,145.0,4.974754981035708,0,0,17,12,GGgrrrGGgrrr
435,64,165.0,4.84601976706628,0,0,19,13,GGgrrrGGgrrr
436,62,186.0,4.550245638228299,0,0,20,14,GGgrrrGGgrrr
437,63,201.0,4.4348763925816765,0,1,21,15,GGgrrrGGgrrr
438,62,221.0,4.408532668804613,0,0,20,16,GGgrrrGGgrrr
439,61,242.0,4.381607621135055,0,0,21,17,GGgrrrGGgrrr
440,60,264.0,4.35267782006539,0,0,22,18,GGgrrrGGgrrr
441,61,286.0,4.436856081755559,0,0,23,19,GGgrrrGGgrrr
442,62,309.0,4.231754810800263,1,2,23,0,yyyrrryyyrrr
443,62,333.0,4.191088470247721,1,0,25,0,yyyrrryyyrrr
444,61,358.0,4.121900001450475,1,1,24,0,yyyrrryyyrrr
445,61,384.0,4.1444604444804245,2,2,24,0,rrrrrrrrrrrr
446,61,412.0,4.227142943592534,2,3,25,0,rrrrrrrrrrrr
447,62,368.0,4.241086709782673,3,6,22,0,rrrGGgrrrGGg
448,62,330.0,4.309778980484029,3,7,19,1,rrrGGgrrrGGg
449,62,304.0,4.442246259252051,3,7,17,2,rrrGGgrrrGGg
450,63,281.0,4.505458968154389,3,10,16,3,rrrGGgrrrGGg
451,64,282.0,4.6197558199200275,3,10,16,4,rrrGGgrrrGGg
452,65,257.0,4.74093936897013,3,11,13,5,rrrGGgrrrGGg
453,65,243.0,4.906532224172567,3,10,11,6,rrrGGgrrrGGg
454,64,239.0,4.749186752779517,3,11,10,7,rrrGGgrrrGGg
455,64,236.0,4.940368464244394,3,11,9,8,rrrGGgrrrGGg
456,64,233.0,4.875654897039141,3,11,9,9,rrrGGgrrrGGg
457,65,254.0,4.905753266660923,3,12,8,10,rrrGGgrrrGGg
458,65,252.0,4.940988613719592,3,12,9,11,rrrGGgrrrGGg
459,64,245.0,4.913074532218733,3,12,8,12,rrrGGgrrrGGg
460,65,236.0,4.955657290269577,3,12,8,13,rrrGGgrrrGGg
461,64,229.0,4.924926373522806,3,12,6,14,rrrGGgrrrGGg
462,65,244.0,4.821164305698665,3,15,6,15,rrrGGgrrrGGg
463,64,238.0,4.804243203904953,3,14,5,16,rrrGGgrrrGGg
464,65,232.0,4.751028567571199,3,14,4,17,rrrGGgrrrGGg
465,65,228.0,4.876339944424834,3,14,3,18,rrrGGgrrrGGg
466,63,225.0,4.751924133115979,3,14,0,19,rrrGGgrrrGGg
467,64,240.0,4.760257585549391,4,15,1,0,rrryyyrrryyy
468,64,254.0,4.787884903054892,4,14,1,0,rrryyyrrryyy
469,63,270.0,4.5953423888423455,4,15,2,0,rrryyyrrryyy
470,63,285.0,4.698495981310621,5,15,1,0,rrrrrrrrrrrr
471,63,302.0,4.825743254388715,5,15,2,0,rrrrrrrrrrrr
472,64,239.0,4.728325559926406,0,13,3,0,GGgrrrGGgrrr
473,63,188.0,4.756222739054007,0,10,3,1,GGgrrrGGgrrr
474,65,148.0,4.6913031463110055,0,9,6,2,GGgrrrGGgrrr
475,65,107.0,4.6776104202008035,0,6,6,3,GGgrrrGGgrrr
476,65,71.0,4.717347300410093,0,4,7,4,GGgrrrGGgrrr
477,66,56.0,4.850973595885331,0,4,9,5,GGgrrrGGgrrr
478,66,52.0,5.059379209788929,0,3,9,6,GGgrrrGGgrrr
479,64,56.0,4.984248096638134,0,1,9,7,GGgrrrGGgrrr
480,64,65.0,5.076772527137485,0,0,11,8,GGgrrrGGgrrr
481,63,78.0,5.061974247168019,0,0,12,9,GGgrrrGGgrrr
482,63,88.0,5.24415713702953,0,0,12,10,GGgrrrGGgrrr
483,64,101.0,5.027805423519934,0,3,13,11,GGgrrrGGgrrr
484,64,115.0,4.6686924121433195,0,1,16,12,GGgrrrGGgrrr
485,64,130.0,4.740445757712838,0,1,15,13,GGgrrrGGgrrr
486,64,146.0,4.864242684066766,0,1,16,14,GGgrrrGGgrrr
487,63,162.0,4.97938706047041,0,0,17,15,GGgrrrGGgrrr
488,64,181.0,4.988700240314364,0,1,19,16,GGgrrrGGgrrr
489,64,199.0,5.23526684022512,0,0,19,17,GGgrrrGGgrrr
490,64,217.0,5.134900940133597,0,0,20,18,GGgrrrGGgrrr
491,62,235.0,5.041156399101145,0,0,19,19,GGgrrrGGgrrr
492,62,256.0,5.120192385903341,1,0,21,0,yyyrrryyyrrr
493,64,276.0,4.990435313223159,1,1,22,0,yyyrrryyyrrr
494,63,298.0,4.936286906148001,1,0,22,0,yyyrrryyyrrr
495,63,322.0,4.759938686145496,2,2,23,0,rrrrrrrrrrrr
496,63,347.0,4.8046254971333555,2,2,23,0,rrrrrrrrrrrr
497,64,307.0,4.879135859324079,3,2,21,0,rrrGGgrrrGGg
498,64,277.0,4.966907557661336,3,4,17,1,rrrGGgrrrGGg
499,64,250.0,4.850215458475192,3,6,15,2,rrrGGgrrrGGg
500,64,246.0,4.963205153024431,3,6,15,3,rrrGGgrrrGGg
501,65,268.0,5.0513800145139145,3,7,16,4,rrrGGgrrrGGg
502,65,263.0,5.166175629199134,3,8,14,5,rrrGGgrrrGGg
503,65,258.0,5.053559291600852,3,8,14,6,rrrGGgrrrGGg
504,65,256.0,4.730992889195361,3,11,12,7,rrrGGgrrrGGg
505,64,254.0,4.732434290077597,3,10,11,8,rrrGGgrrrGGg
506,64,251.0,4.562846681435577,3,10,11,9,rrrGGgrrrGGg
507,63,245.0,4.515453191473809,3,10,11,10,rrrGGgrrrGGg
508,63,239.0,4.709499313514929,3,11,10,11,rrrGGgrrrGGg
509,63,258.0,4.665405027510125,3,12,10,12,rrrGGgrrrGGg
510,63,252.0,4.7814754842128915,3,11,9,13,rrrGGgrrrGGg
511,64,246.0,4.552786834826527,3,11,10,14,rrrGGgrrrGGg
512,63,239.0,4.501531583248384,3,11,7,15,rrrGGgrrrGGg
513,63,234.0,4.61456569834991,3,12,6,16,rrrGGgrrrGGg
514,64,229.0,4.674372791683935,3,13,5,17,rrrGGgrrrGGg
515,62,224.0,4.629846038939857,3,13,4,18,rrrGGgrrrGGg
516,63,241.0,4.477949629537262,3,14,5,19,rrrGGgrrrGGg
517,63,235.0,4.7210477559411235,4,14,3,0,rrryyyrrryyy
518,62,252.0,4.759559517198938,4,14,3,0,rrryyyrrryyy
519,62,249.0,4.640648294254734,4,15,2,0,rrryyyrrryyy
520,63,253.0,4.718250947956398,5,15,3,0,rrrrrrrrrrrr
521,64,262.0,4.79542042557748,5,15,3,0,rrrrrrrrrrrr
522,64,197.0,4.894526563874935,0,12,2,0,GGgrrrGGgrrr
523,64,146.0,4.978322178030559,0,9,3,1,GGgrrrGGgrrr
524,65,100.0,5.037754949463196,0,7,3,2,GGgrrrGGgrrr
525,63,74.0,4.993875553290184,0,5,4,3,GGgrrrGGgrrr
526,64,48.0,5.0386347692460305,0,3,5,4,GGgrrrGGgrrr
527,65,25.0,5.021897011277317,0,1,6,5,GGgrrrGGgrrr
528,65,28.0,5.086819345107497,0,0,6,6,GGgrrrGGgrrr
529,66,36.0,5.106095992264864,0,1,7,7,GGgrrrGGgrrr
530,67,46.0,5.0960005452657935,0,1,8,8,GGgrrrGGgrrr
531,64,58.0,4.702587855343663,0,0,9,9,GGgrrrGGgrrr
532,64,70.0,4.484479574770437,0,0,10,10,GGgrrrGGgrrr
533,64,81.0,4.580535511833393,0,1,10,11,GGgrrrGGgrrr
534,65,97.0,4.694569330385609,0,3,12,12,GGgrrrGGgrrr
535,66,113.0,4.783852735820396,0,2,13,13,GGgrrrGGgrrr
536,65,123.0,4.685612759083144,0,3,13,14,GGgrrrGGgrrr
537,66,135.0,4.651106808924903,0,4,15,15,GGgrrrGGgrrr
538,67,149.0,4.581221158135787,0,6,14,16,GGgrrrGGgrrr
539,67,161.0,4.360533092384789,0,5,15,17,GGgrrrGGgrrr
540,68,175.0,4.289383049562533,0,3,17,18,GGgrrrGGgrrr
541,67,197.0,4.276888367164591,0,3,19,19,GGgrrrGGgrrr
542,67,215.0,4.146340680265434,1,3,20,0,yyyrrryyyrrr
543,66,230.0,4.108831559584522,1,2,19,0,yyyrrryyyrrr
544,67,248.0,4.137814319356785,1,3,19,0,yyyrrryyyrrr
545,66,268.0,4.076482799865667,2,2,23,0,rrrrrrrrrrrr
546,67,290.0,4.018351851264063,2,3,22,0,rrrrrrrrrrrr
547,67,269.0,3.8116165738397565,3,5,21,0,rrrGGgrrrGGg
548,67,255.0,3.8429378694956426,3,6,20,1,rrrGGgrrrGGg
549,68,246.0,3.890777859061496,3,7,19,2,rrrGGgrrrGGg
550,68,245.0,4.07722236710986,3,8,18,3,rrrGGgrrrGGg
551,68,247.0,4.281227171929511,3,9,17,4,rrrGGgrrrGGg
552,68,273.0,4.43850338884076,3,9,17,5,rrrGGgrrrGGg
553,69,273.0,4.562597671425776,3,9,17,6,rrrGGgrrrGGg
554,69,275.0,4.508416046920752,3,11,16,7,rrrGGgrrrGGg
555,70,275.0,4.379419685981392,3,13,14,8,rrrGGgrrrGGg
556,70,277.0,4.411462640893821,3,12,13,9,rrrGGgrrrGGg
557,69,278.0,4.340878786298493,3,12,12,10,rrrGGgrrrGGg
558,68,281.0,4.137698180251228,3,13,13,11,rrrGGgrrrGGg
559,68,284.0,4.252810217044562,3,13,11,12,rrrGGgrrrGGg
560,68,287.0,4.144458281050154,3,15,10,13,rrrGGgrrrGGg
561,68,311.0,4.320968252655153,3,14,10,14,rrrGGgrrrGGg
562,68,313.0,4.572649198280931,3,14,10,15,rrrGGgrrrGGg
563,69,315.0,4.715028767227454,3,15,10,16,rrrGGgrrrGGg
564,68,319.0,4.757021688888408,3,15,9,17,rrrGGgrrrGGg
565,71,341.0,4.6377796067320345,3,17,9,18,rrrGGgrrrGGg
566,71,342.0,4.736987208234977,3,15,7,19,rrrGGgrrrGGg
567,70,365.0,4.767955079493679,4,16,7,0,rrryyyrrryyy
568,70,345.0,4.890893456710012,4,16,6,0,rrryyyrrryyy
569,71,368.0,4.815011215316917,4,16,8,0,rrryyyrrryyy
570,72,369.0,4.677775130702616,5,17,7,0,rrrrrrrrrrrr
571,73,370.0,4.651107291988908,5,16,8,0,rrrrrrrrrrrr
572,71,294.0,4.530562117125388,0,14,8,0,GGgrrrGGgrrr
573,71,235.0,4.628233654375609,0,12,8,1,GGgrrrGGgrrr
574,71,186.0,4.5886230020387595,0,9,9,2,GGgrrrGGgrrr
575,72,142.0,4.719174484030805,0,9,8,3,GGgrrrGGgrrr
576,73,136.0,4.8863810293151175,0,7,10,4,GGgrrrGGgrrr
577,72,117.0,4.928151388328078,0,5,9,5,GGgrrrGGgrrr
578,72,102.0,5.058192449115899,0,3,10,6,GGgrrrGGgrrr
579,71,87.0,5.01944606094623,0,1,11,7,GGgrrrGGgrrr
580,72,81.0,5.135029288095156,0,2,12,8,GGgrrrGGgrrr
581,72,94.0,5.149820166621896,0,1,12,9,GGgrrrGGgrrr
582,71,109.0,5.067935236936126,0,0,13,10,GGgrrrGGgrrr
583,72,126.0,5.0436093321601385,0,1,15,11,GGgrrrGGgrrr
584,72,144.0,5.104818581308014,0,1,15,12,GGgrrrGGgrrr
585,72,165.0,4.996624203580943,0,3,17,13,GGgrrrGGgrrr
586,71,179.0,4.684582799083246,0,3,18,14,GGgrrrGGgrrr
587,71,196.0,4.627075484754589,0,5,18,15,GGgrrrGGgrrr
588,69,214.0,4.485609292330418,0,4,19,16,GGgrrrGGgrrr
589,68,228.0,4.433933186352585,0,2,19,17,GGgrrrGGgrrr
590,70,248.0,4.188646960921489,0,4,22,18,GGgrrrGGgrrr
591,69,266.0,4.168924407685722,0,2,21,19,GGgrrrGGgrrr
592,69,285.0,4.143565730032084,1,2,22,0,yyyrrryyyrrr
593,68,311.0,4.004120858774297,1,2,24,0,yyyrrryyyrrr
594,68,333.0,4.00625822783295,1,3,23,0,yyyrrryyyrrr
595,70,358.0,3.8313736726032874,2,4,26,0,rrrrrrrrrrrr
596,70,384.0,3.839393334256448,2,3,25,0,rrrrrrrrrrrr
597,71,353.0,3.876658783014601,3,4,25,0,rrrGGgrrrGGg
598,71,330.0,4.016274898119572,3,5,22,1,rrrGGgrrrGGg
599,71,310.0,4.237627841463397,3,5,21,2,rrrGGgrrrGGg
600,72,295.0,4.316043727133933,3,8,20,3,rrrGGgrrrGGg
601,72,291.0,4.344621674578651,3,8,19,4,rrrGGgrrrGGg
602,72,290.0,4.387804835726127,3,8,18,5,rrrGGgrrrGGg
603,73,290.0,4.168309099777362,3,9,19,6,rrrGGgrrrGGg
604,74,292.0,4.236706577123217,3,11,17,7,rrrGGgrrrGGg
605,75,292.0,4.337488920462031,3,12,16,8,rrrGGgrrrGGg
606,73,318.0,4.220898513340293,3,11,16,9,rrrGGgrrrGGg
607,71,346.0,4.059967736306471,3,12,16,10,rrrGGgrrrGGg
608,71,347.0,4.148393994240958,3,12,15,11,rrrGGgrrrGGg
609,71,348.0,4.242353147619036,3,13,14,12,rrrGGgrrrGGg
610,71,349.0,4.177762206082934,3,14,14,13,rrrGGgrrrGGg
611,70,351.0,4.280669424945578,3,14,13,14,rrrGGgrrrGGg
612,70,352.0,4.511646014784711,3,14,12,15,rrrGGgrrrGGg
613,72,353.0,4.475208608273593,3,14,13,16,rrrGGgrrrGGg
614,70,354.0,4.348577606188578,3,14,11,17,rrrGGgrrrGGg
615,72,356.0,4.370617337531645,3,16,10,18,rrrGGgrrrGGg
616,72,382.0,4.624152171667045,3,16,10,19,rrrGGgrrrGGg
617,70,385.0,4.591774490347089,4,16,9,0,rrryyyrrryyy
618,70,385.0,4.58424751444266,4,16,10,0,rrryyyrrryyy
619,70,410.0,4.577524750085773,4,16,9,0,rrryyyrrryyy
620,71,410.0,4.532924005493013,5,17,9,0,rrrrrrrrrrrr
621,71,413.0,4.586484999515435,5,16,11,0,rrrrrrrrrrrr
622,70,330.0,4.5614870534451155,0,12,10,0,GGgrrrGGgrrr
623,70,274.0,4.478489733446597,0,10,12,1,GGgrrrGGgrrr
624,70,221.0,4.564728801972409,0,9,11,2,GGgrrrGGgrrr
625,71,173.0,4.645038420474448,0,7,12,3,GGgrrrGGgrrr
626,72,133.0,4.661142859349642,0,6,11,4,GGgrrrGGgrrr
627,72,110.0,4.810779401759718,0,4,11,5,GGgrrrGGgrrr
628,72,103.0,4.646501325938544,0,2,13,6,GGgrrrGGgrrr
629,71,91.0,4.4902393699322785,0,1,12,7,GGgrrrGGgrrr
630,72,108.0,4.538938680570592,0,1,15,8,GGgrrrGGgrrr
631,73,109.0,4.425905943554929,0,2,14,9,GGgrrrGGgrrr
632,73,127.0,4.5302431784042145,0,1,15,10,GGgrrrGGgrrr
633,73,140.0,4.563399196420787,0,2,15,11,GGgrrrGGgrrr
634,72,153.0,4.449173463859148,0,2,16,12,GGgrrrGGgrrr
635,71,168.0,4.314628047510063,0,1,17,13,GGgrrrGGgrrr
636,71,184.0,4.03274619735078,0,2,17,14,GGgrrrGGgrrr
637,71,201.0,4.046512596734012,0,0,18,15,GGgrrrGGgrrr
638,70,221.0,3.9709550554681243,0,0,20,16,GGgrrrGGgrrr
639,70,242.0,3.89278383138678,0,0,22,17,GGgrrrGGgrrr
640,70,263.0,4.037814697910481,0,0,21,18,GGgrrrGGgrrr
641,70,284.0,4.000312859805322,0,1,21,19,GGgrrrGGgrrr
642,69,306.0,3.8892530281817064,1,1,21,0,yyyrrryyyrrr
643,69,330.0,3.731495924633747,1,2,23,0,yyyrrryyyrrr
644,70,357.0,3.6713503699840917,1,3,25,0,yyyrrryyyrrr
645,71,385.0,3.6321273921214408,2,4,25,0,rrrrrrrrrrrr
646,72,415.0,3.6104601258557034,2,6,25,0,rrrrrrrrrrrr
647,72,367.0,3.7214132301341554,3,5,23,0,rrrGGgrrrGGg
648,72,333.0,3.8162564390933573,3,8,21,1,rrrGGgrrrGGg
649,72,309.0,3.856894990676897,3,9,20,2,rrrGGgrrrGGg
650,71,287.0,3.7958526696567594,3,11,19,3,rrrGGgrrrGGg
651,72,270.0,3.7417413337953196,3,13,17,4,rrrGGgrrrGGg
652,72,294.0,3.8887612770374957,3,14,18,5,rrrGGgrrrGGg
653,74,300.0,3.9175798743991,3,14,19,6,rrrGGgrrrGGg
654,72,304.0,3.805663627409757,3,15,16,7,rrrGGgrrrGGg
655,72,310.0,3.9735208994827804,3,15,16,8,rrrGGgrrrGGg
656,72,316.0,3.9346315598156085,3,16,15,9,rrrGGgrrrGGg
657,71,322.0,3.855917719884231,3,15,14,10,rrrGGgrrrGGg
658,72,327.0,3.829891610639513,3,15,14,11,rrrGGgrrrGGg
659,72,333.0,3.9096016974719805,3,16,12,12,rrrGGgrrrGGg
660,72,338.0,4.077962064980849,3,16,11,13,rrrGGgrrrGGg
661,73,342.0,4.20577078872285,3,17,10,14,rrrGGgrrrGGg
662,73,370.0,4.171184201231237,3,18,11,15,rrrGGgrrrGGg
663,72,377.0,4.16789061322137,3,17,10,16,rrrGGgrrrGGg
664,72,404.0,3.92821496615753,3,17,12,17,rrrGGgrrrGGg
665,71,411.0,3.9106903674901035,3,18,10,18,rrrGGgrrrGGg
666,72,417.0,4.050409538142095,3,19,9,19,rrrGGgrrrGGg
667,72,424.0,4.180909947884793,4,19,8,0,rrryyyrrryyy
668,71,430.0,4.1459088036703555,4,19,7,0,rrryyyrrryyy
669,72,435.0,3.9874454345733374,4,20,7,0,rrryyyrrryyy
670,72,463.0,4.128777805297295,5,20,8,0,rrrrrrrrrrrr
671,73,471.0,4.207532979756869,5,21,9,0,rrrrrrrrrrrr
672,73,389.0,4.3878209073445475,0,16,8,0,GGgrrrGGgrrr
673,74,337.0,4.408137340225052,0,14,9,1,GGgrrrGGgrrr
674,74,283.0,4.507497305052095,0,12,8,2,GGgrrrGGgrrr
675,75,234.0,4.542248053776428,0,10,9,3,GGgrrrGGgrrr
676,75,188.0,4.698899971624498,0,9,8,4,GGgrrrGGgrrr
677,75,173.0,4.67881276537169,0,9,8,5,GGgrrrGGgrrr
678,75,140.0,4.800732089241758,0,6,8,6,GGgrrrGGgrrr
679,74,127.0,4.783448619750385,0,5,9,7,GGgrrrGGgrrr
680,74,97.0,4.847373830216083,0,3,10,8,GGgrrrGGgrrr
681,73,91.0,4.822658438173237,0,1,11,9,GGgrrrGGgrrr
682,74,94.0,4.8344107244342265,0,3,11,10,GGgrrrGGgrrr
683,74,100.0,4.744724848973823,0,0,12,11,GGgrrrGGgrrr
684,74,111.0,4.641412547313853,0,2,12,12,GGgrrrGGgrrr
685,74,124.0,4.524095213292496,0,1,14,13,GGgrrrGGgrrr
686,74,138.0,4.639952122002464,0,0,15,14,GGgrrrGGgrrr
687,74,153.0,4.534267396614413,0,1,15,15,GGgrrrGGgrrr
688,73,169.0,4.508937109577932,0,0,16,16,GGgrrrGGgrrr
689,72,186.0,4.5069601456548645,0,0,17,17,GGgrrrGGgrrr
690,71,202.0,4.545108541861947,0,0,17,18,GGgrrrGGgrrr
691,70,220.0,4.400699743587059,0,0,20,19,GGgrrrGGgrrr
692,71,238.0,4.430901579251951,1,1,19,0,yyyrrryyyrrr
693,70,259.0,4.322843438897775,1,1,20,0,yyyrrryyyrrr
694,69,281.0,4.193871337591604,1,1,21,0,yyyrrryyyrrr
695,68,306.0,4.0272698584489675,2,3,22,0,rrrrrrrrrrrr
696,70,334.0,3.866688042157565,2,6,24,0,rrrrrrrrrrrr
697,71,285.0,3.8396099695682526,3,7,20,0,rrrGGgrrrGGg
698,72,273.0,3.8743260352371838,3,8,20,1,rrrGGgrrrGGg
699,72,267.0,3.968009574912782,3,9,19,2,rrrGGgrrrGGg
700,72,269.0,3.9572813074637705,3,11,18,3,rrrGGgrrrGGg
701,72,300.0,3.98550425855124,3,13,18,4,rrrGGgrrrGGg
702,74,304.0,3.9294502060623944,3,14,19,5,rrrGGgrrrGGg
703,74,310.0,4.017226352431947,3,15,17,6,rrrGGgrrrGGg
704,73,318.0,3.916932050557288,3,16,16,7,rrrGGgrrrGGg
705,73,326.0,3.987950529600667,3,16,16,8,rrrGGgrrrGGg
706,73,358.0,4.088591703579877,3,17,17,9,rrrGGgrrrGGg
707,74,365.0,3.8309685734463206,3,19,17,10,rrrGGgrrrGGg
708,73,374.0,3.8089358747566546,3,17,16,11,rrrGGgrrrGGg
709,70,382.0,3.4688267825820054,3,17,15,12,rrrGGgrrrGGg
710,71,390.0,3.5261658720521902,3,17,15,13,rrrGGgrrrGGg
711,70,398.0,3.5141492715513394,3,17,13,14,rrrGGgrrrGGg
712,71,428.0,3.6324233472489933,3,19,13,15,rrrGGgrrrGGg
713,70,437.0,3.564302999978237,3,18,12,16,rrrGGgrrrGGg
714,70,445.0,3.6299006747849614,3,18,11,17,rrrGGgrrrGGg
715,70,453.0,3.3949302797943965,3,18,11,18,rrrGGgrrrGGg
716,69,461.0,3.2909205615154016,3,19,9,19,rrrGGgrrrGGg
717,70,471.0,3.3972996748742426,4,21,10,0,rrryyyrrryyy
718,70,497.0,3.4149504904623007,4,20,12,0,rrryyyrrryyy
719,71,479.0,3.5159441826970714,4,21,10,0,rrryyyrrryyy
720,71,505.0,3.4659774300821136,5,20,10,0,rrrrrrrrrrrr
721,71,506.0,3.5996523488064853,5,20,7,0,rrrrrrrrrrrr
722,72,420.0,3.6927488567383993,0,18,5,0,GGgrrrGGgrrr
723,72,340.0,3.828545153213584,0,15,5,1,GGgrrrGGgrrr
724,72,276.0,3.9281458417667796,0,12,4,2,GGgrrrGGgrrr
725,72,219.0,3.9450601741405844,0,10,4,3,GGgrrrGGgrrr
726,72,163.0,4.037531782714987,0,8,5,4,GGgrrrGGgrrr
727,74,121.0,4.048585348653649,0,8,5,5,GGgrrrGGgrrr
728,74,131.0,4.143964947353775,0,6,5,6,GGgrrrGGgrrr
729,74,114.0,4.309271432413862,0,5,6,7,GGgrrrGGgrrr
730,72,97.0,3.865583596727503,0,4,7,8,GGgrrrGGgrrr
731,73,83.0,3.79585552203582,0,4,8,9,GGgrrrGGgrrr
732,72,74.0,3.6412286519863284,0,2,9,10,GGgrrrGGgrrr
733,73,68.0,3.6861894071412578,0,2,9,11,GGgrrrGGgrrr
734,73,81.0,3.871284404429206,0,1,11,12,GGgrrrGGgrrr
735,73,83.0,3.9885054068950283,0,0,12,13,GGgrrrGGgrrr
736,74,97.0,4.052982764763759,0,0,13,14,GGgrrrGGgrrr
737,73,113.0,4.084302041347349,0,1,13,15,GGgrrrGGgrrr
738,72,124.0,3.842991089782288,0,2,14,16,GGgrrrGGgrrr
739,74,137.0,3.7261831790548277,0,3,16,17,GGgrrrGGgrrr
740,74,152.0,3.81308180198522,0,2,15,18,GGgrrrGGgrrr
741,74,169.0,3.940476853997724,0,1,17,19,GGgrrrGGgrrr
742,74,187.0,4.044004695667693,1,1,18,0,yyyrrryyyrrr
743,75,208.0,4.0548872319867675,1,2,20,0,yyyrrryyyrrr
744,75,225.0,4.058080423528351,1,2,20,0,yyyrrryyyrrr
745,76,247.0,3.9252860018598095,2,3,21,0,rrrrrrrrrrrr
746,76,269.0,3.9072874964117084,2,4,20,0,rrrrrrrrrrrr
747,76,231.0,3.8355988797896887,3,6,19,0,rrrGGgrrrGGg
748,76,215.0,3.9892446218272704,3,7,19,1,rrrGGgrrrGGg
749,77,202.0,4.014598253318316,3,8,18,2,rrrGGgrrrGGg
750,77,196.0,4.0631373512583,3,8,16,3,rrrGGgrrrGGg
751,77,197.0,3.9023566319868457,3,10,16,4,rrrGGgrrrGGg
752,77,223.0,3.7902712187746745,3,10,17,5,rrrGGgrrrGGg
753,78,230.0,3.839775118738221,3,11,18,6,rrrGGgrrrGGg
754,79,233.0,3.9294628594336585,3,12,18,7,rrrGGgrrrGGg
755,78,240.0,3.975149773088825,3,14,16,8,rrrGGgrrrGGg
756,76,249.0,3.8501615046122537,3,15,15,9,rrrGGgrrrGGg
757,77,259.0,3.948757538511281,3,15,16,10,rrrGGgrrrGGg
758,78,270.0,3.9963887265489992,3,16,16,11,rrrGGgrrrGGg
759,77,281.0,3.816956951883245,3,17,14,12,rrrGGgrrrGGg
760,78,292.0,3.95962574096808,3,18,13,13,rrrGGgrrrGGg
761,76,303.0,3.9895352606818544,3,18,12,14,rrrGGgrrrGGg
762,76,316.0,4.119135662620765,3,18,11,15,rrrGGgrrrGGg
763,73,328.0,3.870048188522042,3,18,10,16,rrrGGgrrrGGg
764,75,339.0,3.819385183361459,3,19,10,17,rrrGGgrrrGGg
765,76,349.0,3.8165567412516443,3,19,9,18,rrrGGgrrrGGg
766,76,359.0,3.951333733091451,3,19,7,19,rrrGGgrrrGGg
767,76,387.0,4.157578583981045,4,20,8,0,rrryyyrrryyy
768,76,397.0,4.308424488296396,4,20,7,0,rrryyyrrryyy
769,76,406.0,4.224425287975312,4,21,6,0,rrryyyrrryyy
770,77,415.0,4.059463755626421,5,21,7,0,rrrrrrrrrrrr
771,77,425.0,4.1916906867271155,5,20,6,0,rrrrrrrrrrrr
772,78,379.0,4.2700628231418785,0,17,9,0,GGgrrrGGgrrr
773,78,323.0,4.344747155085573,0,14,8,1,GGgrrrGGgrrr
774,77,275.0,4.220137625199489,0,12,9,2,GGgrrrGGgrrr
775,79,232.0,4.135345281317098,0,11,10,3,GGgrrrGGgrrr
776,79,199.0,4.210001688947854,0,9,9,4,GGgrrrGGgrrr
777,79,190.0,4.386482798848174,0,8,9,5,GGgrrrGGgrrr
778,79,172.0,4.4106996485000405,0,8,9,6,GGgrrrGGgrrr
779,78,183.0,4.464482778510629,0,7,9,7,GGgrrrGGgrrr
780,79,175.0,4.343758960065859,0,7,12,8,GGgrrrGGgrrr
781,79,166.0,4.521285696702182,0,5,12,9,GGgrrrGGgrrr
782,79,155.0,4.5241865739727265,0,4,12,10,GGgrrrGGgrrr
783,79,145.0,4.652199899633738,0,4,12,11,GGgrrrGGgrrr
784,79,137.0,4.7175660600010865,0,4,13,12,GGgrrrGGgrrr
785,79,135.0,4.5897760130719325,0,5,14,13,GGgrrrGGgrrr
786,78,138.0,4.512553663233826,0,1,16,14,GGgrrrGGgrrr
787,77,156.0,4.573786724844854,0,2,17,15,GGgrrrGGgrrr
788,78,170.0,4.6496851762956775,0,1,17,16,GGgrrrGGgrrr
789,79,188.0,4.594124494462489,0,1,18,17,GGgrrrGGgrrr
790,78,207.0,4.269859382181012,0,2,18,18,GGgrrrGGgrrr
791,78,226.0,4.055768966868331,0,2,18,19,GGgrrrGGgrrr
792,77,243.0,3.8803471898861686,1,0,21,0,yyyrrryyyrrr
793,77,266.0,3.805652589491246,1,1,22,0,yyyrrryyyrrr
794,77,290.0,3.7516567967745043,1,1,24,0,yyyrrryyyrrr
795,78,315.0,3.7671645686157227,2,1,26,0,rrrrrrrrrrrr
796,80,343.0,3.7783793591729604,2,3,27,0,rrrrrrrrrrrr
797,80,270.0,3.901535671449009,3,2,23,0,rrrGGgrrrGGg
798,78,244.0,3.701572812378365,3,3,22,1,rrrGGgrrrGGg
799,78,227.0,3.7054884330645974,3,3,21,2,rrrGGgrrrGGg
800,79,212.0,3.620664709394611,3,5,19,3,rrrGGgrrrGGg
801,80,206.0,3.6349994418111224,3,6,19,4,rrrGGgrrrGGg
802,80,225.0,3.547148005674129,3,6,20,5,rrrGGgrrrGGg
803,80,229.0,3.6803414300337103,3,8,19,6,rrrGGgrrrGGg
804,79,226.0,3.6352257129541012,3,9,19,7,rrrGGgrrrGGg
805,79,229.0,3.4902127250064234,3,9,19,8,rrrGGgrrrGGg
806,80,233.0,3.4747272956349335,3,11,17,9,rrrGGgrrrGGg
807,80,240.0,3.480474138050005,3,11,16,10,rrrGGgrrrGGg
808,78,249.0,3.20166868744595,3,12,16,11,rrrGGgrrrGGg
809,77,259.0,3.0445487467664005,3,13,17,12,rrrGGgrrrGGg
810,76,273.0,2.8539660465010517,3,13,17,13,rrrGGgrrrGGg
811,76,305.0,2.659851684684818,3,17,18,14,rrrGGgrrrGGg
812,76,319.0,2.684606862680071,3,17,17,15,rrrGGgrrrGGg
813,77,334.0,2.668015464149743,3,18,18,16,rrrGGgrrrGGg
814,77,341.0,2.768187173234349,3,18,18,17,rrrGGgrrrGGg
815,77,349.0,2.69355656593322,3,19,18,18,rrrGGgrrrGGg
816,78,358.0,2.7809531164885843,3,21,16,19,rrrGGgrrrGGg
817,78,367.0,2.87326588210927,4,20,15,0,rrryyyrrryyy
818,77,376.0,2.861355687542317,4,20,14,0,rrryyyrrryyy
819,77,392.0,2.8259241952952983,4,21,15,0,rrryyyrrryyy
820,78,420.0,2.8697841200819805,5,20,16,0,rrrrrrrrrrrr
821,79,429.0,2.88282227711979,5,21,15,0,rrrrrrrrrrrr
822,80,365.0,2.9162041828420673,0,17,16,0,GGgrrrGGgrrr
823,80,309.0,2.992089968105686,0,14,16,1,GGgrrrGGgrrr
824,80,272.0,3.0146223954418057,0,12,16,2,GGgrrrGGgrrr
825,80,241.0,3.0777316598804254,0,11,17,3,GGgrrrGGgrrr
826,80,233.0,2.9996879143777164,0,11,16,4,GGgrrrGGgrrr
827,80,235.0,3.153238348717777,0,9,18,5,GGgrrrGGgrrr
828,80,218.0,3.281643434333733,0,7,18,6,GGgrrrGGgrrr
829,80,210.0,3.166132988095618,0,6,19,7,GGgrrrGGgrrr
830,82,210.0,3.0821951793263085,0,6,20,8,GGgrrrGGgrrr
831,82,213.0,3.13708850140255,0,4,20,9,GGgrrrGGgrrr
832,83,213.0,3.205584217439284,0,4,21,10,GGgrrrGGgrrr
833,82,228.0,3.1504426785439272,0,4,21,11,GGgrrrGGgrrr
834,82,232.0,3.288176629241444,0,2,23,12,GGgrrrGGgrrr
835,81,233.0,3.250676469480258,0,1,23,13,GGgrrrGGgrrr
836,81,235.0,3.331301706486733,0,0,24,14,GGgrrrGGgrrr
837,83,255.0,3.320195002145507,0,1,24,15,GGgrrrGGgrrr
838,82,271.0,3.3497981000432495,0,0,23,16,GGgrrrGGgrrr
839,82,296.0,3.4782283725923078,0,1,25,17,GGgrrrGGgrrr
840,82,320.0,3.6007190200464736,0,0,25,18,GGgrrrGGgrrr
841,80,345.0,3.4707111335184626,0,0,25,19,GGgrrrGGgrrr
842,82,375.0,3.3903297799092145,1,2,29,0,yyyrrryyyrrr
843,83,406.0,3.3510459633237866,1,4,28,0,yyyrrryyyrrr
844,82,430.0,3.2493747044251755,1,3,27,0,yyyrrryyyrrr
845,82,458.0,3.150092335629797,2,5,29,0,rrrrrrrrrrrr
846,82,488.0,3.1903025977122303,2,6,28,0,rrrrrrrrrrrr
847,83,460.0,3.1918125098696994,3,6,29,0,rrrGGgrrrGGg
848,82,429.0,3.1161825380911097,3,5,25,1,rrrGGgrrrGGg
849,81,433.0,3.0888925117432735,3,6,27,2,rrrGGgrrrGGg
850,82,412.0,3.1393911906138583,3,7,27,3,rrrGGgrrrGGg
851,82,386.0,3.221082858514711,3,6,25,4,rrrGGgrrrGGg
852,83,361.0,3.239612197918775,3,7,25,5,rrrGGgrrrGGg
853,83,336.0,3.3842322079331675,3,7,24,6,rrrGGgrrrGGg
854,82,311.0,3.3707849841334956,3,8,20,7,rrrGGgrrrGGg
855,81,290.0,3.084730675166185,3,9,21,8,rrrGGgrrrGGg
856,80,319.0,2.901449370101869,3,10,20,9,rrrGGgrrrGGg
857,81,299.0,2.8548327063689976,3,11,20,10,rrrGGgrrrGGg
858,82,314.0,2.77431690849339,3,14,19,11,rrrGGgrrrGGg
859,82,310.0,2.9101355066670953,3,12,19,12,rrrGGgrrrGGg
860,82,313.0,2.8837829587071178,3,14,18,13,rrrGGgrrrGGg
861,81,321.0,2.8890948530165597,3,14,17,14,rrrGGgrrrGGg
862,81,329.0,3.0168260512615546,3,15,16,15,rrrGGgrrrGGg
863,83,363.0,3.1192302376755734,3,18,18,16,rrrGGgrrrGGg
864,82,374.0,3.215120677965771,3,18,16,17,rrrGGgrrrGGg
865,82,385.0,3.4580268126588822,3,19,15,18,rrrGGgrrrGGg
866,83,395.0,3.6020489007942578,3,19,15,19,rrrGGgrrrGGg
867,83,406.0,3.845594903627052,3,20,13,20,rrrGGgrrrGGg
868,84,418.0,4.036289353061216,4,22,12,0,rrryyyrrryyy
869,82,430.0,4.006387147980631,4,21,11,0,rrryyyrrryyy
870,82,442.0,4.020615525239399,4,21,11,0,rrryyyrrryyy
871,84,455.0,3.8782767271996454,5,21,14,0,rrrrrrrrrrrr
872,85,490.0,3.8348989870425574,5,22,14,0,rrrrrrrrrrrr
873,86,421.0,3.8546153354786403,0,18,14,0,GGgrrrGGgrrr
874,86,380.0,3.955291233653852,0,17,14,1,GGgrrrGGgrrr
875,85,339.0,3.8603973344016675,0,15,14,2,GGgrrrGGgrrr
876,85,300.0,3.910245202900757,0,13,14,3,GGgrrrGGgrrr
877,86,267.0,3.967032654274107,0,11,18,4,GGgrrrGGgrrr
878,87,253.0,3.9870402010713644,0,11,17,5,GGgrrrGGgrrr
879,86,220.0,3.902793357602079,0,8,16,6,GGgrrrGGgrrr
880,86,196.0,3.9997593230244073,0,6,18,7,GGgrrrGGgrrr
881,86,216.0,4.1014754156827555,0,6,20,8,GGgrrrGGgrrr
882,87,225.0,3.970368565567703,0,6,23,9,GGgrrrGGgrrr
883,88,207.0,3.8398339380916884,0,7,20,10,GGgrrrGGgrrr
884,87,197.0,3.8455510434735434,0,4,21,11,GGgrrrGGgrrr
885,87,192.0,4.025650277284827,0,3,21,12,GGgrrrGGgrrr
886,86,202.0,4.0458702295555184,0,2,22,13,GGgrrrGGgrrr
887,86,224.0,4.087892618182046,0,1,22,14,GGgrrrGGgrrr
888,85,240.0,3.739302815440133,0,1,24,15,GGgrrrGGgrrr
889,86,265.0,3.794387590471555,0,0,26,16,GGgrrrGGgrrr
890,85,291.0,3.831563396334777,0,0,26,17,GGgrrrGGgrrr
891,84,318.0,3.869726672541015,0,0,27,18,GGgrrrGGgrrr
892,82,346.0,3.711539137118351,0,0,28,19,GGgrrrGGgrrr
893,82,376.0,3.6528265427734374,1,1,30,0,yyyrrryyyrrr
894,83,408.0,3.685580946108194,1,1,31,0,yyyrrryyyrrr
895,83,437.0,3.6901554035073594,1,0,31,0,yyyrrryyyrrr
896,83,468.0,3.6547398481249234,2,0,31,0,rrrrrrrrrrrr
897,83,502.0,3.617540557095933,2,2,32,0,rrrrrrrrrrrr
898,83,481.0,3.6122938177010506,3,3,31,0,rrrGGgrrrGGg
899,84,462.0,3.5960260816437803,3,5,31,1,rrrGGgrrrGGg
900,85,443.0,3.571804323736736,3,5,30,2,rrrGGgrrrGGg
901,87,426.0,3.4843490766353633,3,6,29,3,rrrGGgrrrGGg
902,87,409.0,3.441830560671124,3,7,27,4,rrrGGgrrrGGg
903,87,392.0,3.4232820378069766,3,8,26,5,rrrGGgrrrGGg
904,87,404.0,3.301095093647933,3,10,27,6,rrrGGgrrrGGg
905,86,391.0,3.3033558516474573,3,11,25,7,rrrGGgrrrGGg
906,86,376.0,3.4577561613163175,3,11,23,8,rrrGGgrrrGGg
907,87,364.0,3.569855176338354,3,13,23,9,rrrGGgrrrGGg
908,86,375.0,3.589264408493871,3,13,22,10,rrrGGgrrrGGg
909,88,362.0,3.6275602491649015,3,14,21,11,rrrGGgrrrGGg
910,86,374.0,3.590204121129249,3,14,20,12,rrrGGgrrrGGg
911,86,363.0,3.7757093595660947,3,15,18,13,rrrGGgrrrGGg
912,85,340.0,3.672671085572303,3,15,17,14,rrrGGgrrrGGg
913,85,349.0,3.7506306463512433,3,15,16,15,rrrGGgrrrGGg
914,86,370.0,3.6727187952654825,3,17,16,16,rrrGGgrrrGGg
915,85,401.0,3.471204072313437,3,17,15,17,rrrGGgrrrGGg
916,84,409.0,3.5023340832797034,3,17,15,18,rrrGGgrrrGGg
917,85,442.0,3.4951402722837055,3,18,17,19,rrrGGgrrrGGg
918,85,451.0,3.5504936890393752,3,21,14,20,rrrGGgrrrGGg
919,86,460.0,3.7457626234459713,4,21,13,0,rrryyyrrryyy
920,84,469.0,3.781687935221599,4,20,12,0,rrryyyrrryyy
921,84,501.0,3.9617991504537247,4,20,12,0,rrryyyrrryyy
922,85,509.0,3.962925241941178,5,20,13,0,rrrrrrrrrrrr
923,85,518.0,4.028130728823959,5,20,13,0,rrrrrrrrrrrr
924,86,443.0,3.8645410821380923,0,17,13,0,GGgrrrGGgrrr
925,86,394.0,3.866403071047139,0,14,13,1,GGgrrrGGgrrr
926,86,349.0,3.8775079329283164,0,13,14,2,GGgrrrGGgrrr
927,85,343.0,3.8625313138404684,0,12,16,3,GGgrrrGGgrrr
928,86,296.0,3.9806281077004217,0,10,16,4,GGgrrrGGgrrr
929,87,296.0,4.078260034124229,0,10,16,5,GGgrrrGGgrrr
930,87,275.0,4.085394930068234,0,8,17,6,GGgrrrGGgrrr
931,88,256.0,4.111454455558868,0,8,17,7,GGgrrrGGgrrr
932,88,259.0,4.25796414351321,0,7,19,8,GGgrrrGGgrrr
933,89,238.0,4.200566382064709,0,6,21,9,GGgrrrGGgrrr
934,88,239.0,4.078365193611687,0,6,20,10,GGgrrrGGgrrr
935,87,220.0,4.016881744350375,0,4,20,11,GGgrrrGGgrrr
936,87,210.0,4.12981436567285,0,3,21,12,GGgrrrGGgrrr
937,86,228.0,4.017229971670049,0,3,22,13,GGgrrrGGgrrr
938,87,228.0,3.9441125982078176,0,2,23,14,GGgrrrGGgrrr
939,85,228.0,3.587733572795119,0,2,21,15,GGgrrrGGgrrr
940,86,239.0,3.6622843089852304,0,1,23,16,GGgrrrGGgrrr
941,86,264.0,3.827731169347142,0,0,25,17,GGgrrrGGgrrr
942,85,287.0,3.898781564429644,0,0,26,18,GGgrrrGGgrrr
943,82,314.0,3.69688021679085,0,0,27,19,GGgrrrGGgrrr
944,84,342.0,3.694274635176153,1,1,29,0,yyyrrryyyrrr
945,84,370.0,3.7694069486479265,1,0,28,0,yyyrrryyyrrr
946,84,401.0,3.8634374366284794,1,1,30,0,yyyrrryyyrrr
947,85,434.0,3.8979065276521605,2,2,32,0,rrrrrrrrrrrr
948,86,467.0,3.8755678136436726,2,3,31,0,rrrrrrrrrrrr
949,86,438.0,3.6707095987121368,3,4,29,0,rrrGGgrrrGGg
950,86,418.0,3.5080859023433213,3,3,28,1,rrrGGgrrrGGg
951,87,399.0,3.51187517383595,3,4,28,2,rrrGGgrrrGGg
952,87,381.0,3.564986416768247,3,6,26,3,rrrGGgrrrGGg
953,87,389.0,3.672309914135588,3,7,26,4,rrrGGgrrrGGg
954,88,373.0,3.691742206360964,3,9,24,5,rrrGGgrrrGGg
955,88,358.0,3.7494978425320578,3,9,24,6,rrrGGgrrrGGg
956,88,366.0,3.858871662659597,3,10,23,7,rrrGGgrrrGGg
957,86,350.0,3.768334444173632,3,11,22,8,rrrGGgrrrGGg
958,86,359.0,3.8800537932823955,3,11,22,9,rrrGGgrrrGGg
959,87,345.0,3.9314007907311206,3,13,21,10,rrrGGgrrrGGg
960,87,334.0,3.872571933037142,3,13,20,11,rrrGGgrrrGGg
961,88,332.0,3.7873140685363866,3,13,21,12,rrrGGgrrrGGg
962,87,345.0,3.731393911463354,3,14,21,13,rrrGGgrrrGGg
963,86,347.0,3.6516765681050902,3,14,18,14,rrrGGgrrrGGg
964,86,375.0,3.5064503609268303,3,16,17,15,rrrGGgrrrGGg
965,85,385.0,3.4257361333513514,3,16,17,16,rrrGGgrrrGGg
966,83,395.0,3.2895165102753205,3,17,16,17,rrrGGgrrrGGg
967,83,406.0,3.288661420725612,3,18,17,18,rrrGGgrrrGGg
968,84,418.0,3.4289202956130524,3,20,15,19,rrrGGgrrrGGg
969,85,428.0,3.4204643019493512,4,20,15,0,rrryyyrrryyy
970,85,461.0,3.6284447293529944,4,19,14,0,rrryyyrrryyy
971,85,469.0,3.81418925580195,4,19,13,0,rrryyyrrryyy
972,85,479.0,3.8935084729950606,5,19,14,0,rrrrrrrrrrrr
973,85,512.0,3.8385677719533504,5,19,14,0,rrrrrrrrrrrr
974,85,451.0,3.6662673437206434,0,17,16,0,GGgrrrGGgrrr
975,85,410.0,3.687439360090624,0,14,16,1,GGgrrrGGgrrr
976,86,376.0,3.731842240060803,0,12,16,2,GGgrrrGGgrrr
977,87,368.0,3.8167071381004996,0,11,18,3,GGgrrrGGgrrr
978,86,345.0,3.7517112220867217,0,9,18,4,GGgrrrGGgrrr
979,87,349.0,3.7230872512026,0,10,17,5,GGgrrrGGgrrr
980,88,327.0,3.6716822450023603,0,9,18,6,GGgrrrGGgrrr
981,87,306.0,3.603759711285373,0,7,19,7,GGgrrrGGgrrr
982,87,287.0,3.573592837913674,0,6,22,8,GGgrrrGGgrrr
983,87,266.0,3.463172973360562,0,5,21,9,GGgrrrGGgrrr
984,87,297.0,3.3652155341046295,0,6,24,10,GGgrrrGGgrrr
985,87,301.0,3.4187690988319996,0,5,24,11,GGgrrrGGgrrr
986,86,281.0,3.449923966590239,0,4,23,12,GGgrrrGGgrrr
987,86,257.0,3.496711093930417,0,5,24,13,GGgrrrGGgrrr
988,86,241.0,3.5717283426768494,0,5,24,14,GGgrrrGGgrrr
989,88,234.0,3.4102415158995822,0,5,24,15,GGgrrrGGgrrr
990,89,247.0,3.5312096946178393,0,3,24,16,GGgrrrGGgrrr
991,89,268.0,3.6392687851833325,0,2,24,17,GGgrrrGGgrrr
992,88,291.0,3.671424107774259,0,1,25,18,GGgrrrGGgrrr
993,85,314.0,3.4438950277449836,0,1,25,19,GGgrrrGGgrrr
994,85,339.0,3.551455003653261,1,0,26,0,yyyrrryyyrrr
995,85,365.0,3.5041311462127887,1,1,26,0,yyyrrryyyrrr
996,84,393.0,3.4921833176696784,1,0,28,0,yyyrrryyyrrr
997,84,421.0,3.4672882067126976,2,1,28,0,rrrrrrrrrrrr
998,85,450.0,3.503614755059233,2,1,29,0,rrrrrrrrrrrr
999,85,399.0,3.5873387034305297,3,1,27,0,rrrGGgrrrGGg
1000,87,370.0,3.565024570354495,3,3,25,1,rrrGGgrrrGGg
1001,87,349.0,3.6213729006256044,3,3,24,2,rrrGGgrrrGGg
1002,87,326.0,3.5723253776230877,3,5,21,3,rrrGGgrrrGGg
1003,87,330.0,3.6216877242807217,3,6,21,4,rrrGGgrrrGGg
1004,87,309.0,3.7403323353588034,3,6,20,5,rrrGGgrrrGGg
1005,89,289.0,3.7685491639146793,3,8,21,6,rrrGGgrrrGGg
1006,88,270.0,3.756168613493192,3,8,18,7,rrrGGgrrrGGg
1007,88,251.0,3.6804918124220976,3,9,18,8,rrrGGgrrrGGg
1008,88,258.0,3.773739052396449,3,9,19,9,rrrGGgrrrGGg
1009,87,261.0,3.6481467656436957,3,10,18,10,rrrGGgrrrGGg
1010,86,266.0,3.3176882907325718,3,12,17,11,rrrGGgrrrGGg
1011,87,275.0,3.2450729659310724,3,12,19,12,rrrGGgrrrGGg
1012,88,299.0,3.2848298212541085,3,13,18,13,rrrGGgrrrGGg
1013,87,305.0,3.2538533752342937,3,15,19,14,rrrGGgrrrGGg
1014,87,312.0,3.312463329829346,3,17,18,15,rrrGGgrrrGGg
1015,87,319.0,3.3144052209694395,3,18,18,16,rrrGGgrrrGGg
1016,87,350.0,3.380530947833418,3,18,17,17,rrrGGgrrrGGg
1017,87,364.0,3.344349432396746,3,18,20,18,rrrGGgrrrGGg
1018,86,374.0,3.2085510687581915,3,19,19,19,rrrGGgrrrGGg
1019,86,388.0,3.3668769981592885,3,20,18,20,rrrGGgrrrGGg
1020,87,420.0,3.526105197336409,3,21,16,21,rrrGGgrrrGGg
1021,88,432.0,3.559788542361383,4,21,17,0,rrryyyrrryyy
1022,86,446.0,3.3673458577596858,4,20,16,0,rrryyyrrryyy
1023,86,460.0,3.4018365558298216,4,21,15,0,rrryyyrrryyy
1024,85,478.0,3.2921914322499446,5,21,17,0,rrrrrrrrrrrr
1025,86,494.0,3.2569628707844855,5,22,16,0,rrrrrrrrrrrr
1026,86,422.0,3.2869700910361934,0,17,17,0,GGgrrrGGgrrr
1027,88,384.0,3.262059743990444,0,15,18,1,GGgrrrGGgrrr
1028,88,375.0,3.380272192937866,0,13,20,2,GGgrrrGGgrrr
1029,88,349.0,3.4344432188417575,0,11,19,3,GGgrrrGGgrrr
1030,89,350.0,3.425214073554891,0,10,20,4,GGgrrrGGgrrr
1031,88,331.0,3.4091205293160756,0,8,20,5,GGgrrrGGgrrr
1032,89,317.0,3.4293307789384864,0,7,21,6,GGgrrrGGgrrr
1033,89,305.0,3.545695068256685,0,6,21,7,GGgrrrGGgrrr
1034,88,314.0,3.524065981940586,0,6,21,8,GGgrrrGGgrrr
1035,91,319.0,3.51856521972214,0,7,23,9,GGgrrrGGgrrr
1036,91,285.0,3.469187813498803,0,5,22,10,GGgrrrGGgrrr
1037,88,290.0,3.2700439844932245,0,4,23,11,GGgrrrGGgrrr
1038,88,276.0,3.3533046933473263,0,4,23,12,GGgrrrGGgrrr
1039,88,255.0,3.4462252849687953,0,3,23,13,GGgrrrGGgrrr
1040,88,238.0,3.207613868176702,0,4,24,14,GGgrrrGGgrrr
1041,87,260.0,3.0402258558117885,0,3,24,15,GGgrrrGGgrrr
1042,88,269.0,3.0888357109088362,0,3,24,16,GGgrrrGGgrrr
1043,88,286.0,3.134046278598802,0,3,23,17,GGgrrrGGgrrr
1044,88,305.0,3.1122306325711646,0,3,25,18,GGgrrrGGgrrr
1045,89,327.0,3.1681841334593748,0,3,25,19,GGgrrrGGgrrr
1046,87,357.0,2.9916650262377407,1,3,26,0,yyyrrryyyrrr
1047,86,384.0,2.916263738745,1,3,26,0,yyyrrryyyrrr
1048,86,413.0,2.841052253434128,1,6,26,0,yyyrrryyyrrr
1049,87,445.0,2.8732073040397905,2,5,29,0,rrrrrrrrrrrr
1050,89,480.0,2.9356005874298092,2,7,31,0,rrrrrrrrrrrr
1051,89,431.0,3.061992818105199,3,7,28,0,rrrGGgrrrGGg
1052,89,389.0,3.1418442245902276,3,8,24,1,rrrGGgrrrGGg
1053,89,356.0,3.2707413180886733,3,7,23,2,rrrGGgrrrGGg
1054,90,327.0,3.3626230241376858,3,7,23,3,rrrGGgrrrGGg
1055,90,297.0,3.4779143478323666,3,5,22,4,rrrGGgrrrGGg
1056,92,278.0,3.471914134827633,3,6,20,5,rrrGGgrrrGGg
1057,92,288.0,3.486564229077504,3,5,18,6,rrrGGgrrrGGg
1058,92,290.0,3.317707056696064,3,8,19,7,rrrGGgrrrGGg
1059,92,289.0,3.3821387870451933,3,7,19,8,rrrGGgrrrGGg
1060,91,286.0,3.3582566495246886,3,7,20,9,rrrGGgrrrGGg
1061,91,289.0,3.2701134460569135,3,8,21,10,rrrGGgrrrGGg
1062,90,286.0,3.0264769762705814,3,8,20,11,rrrGGgrrrGGg
1063,91,283.0,3.0400722583124176,3,10,19,12,rrrGGgrrrGGg
1064,90,285.0,3.0216256907117645,3,12,18,13,rrrGGgrrrGGg
1065,90,287.0,3.155893570241899,3,13,17,14,rrrGGgrrrGGg
1066,91,290.0,3.2143269128814573,3,13,17,15,rrrGGgrrrGGg
1067,90,322.0,3.109894454148524,3,13,19,16,rrrGGgrrrGGg
1068,90,356.0,2.894294304791364,3,15,21,17,rrrGGgrrrGGg
1069,89,337.0,2.80496047700799,3,15,17,18,rrrGGgrrrGGg
1070,89,372.0,2.702664181728343,3,15,21,19,rrrGGgrrrGGg
1071,90,377.0,2.633094867740438,3,20,17,20,rrrGGgrrrGGg
1072,90,387.0,2.8295073035433687,3,18,17,21,rrrGGgrrrGGg
1073,90,398.0,3.015706228665321,3,19,16,22,rrrGGgrrrGGg
1074,90,412.0,3.2104033439438746,3,21,16,23,rrrGGgrrrGGg
1075,90,450.0,3.3181953591697506,4,21,17,0,rrryyyrrryyy
1076,92,464.0,3.301316437503999,4,22,18,0,rrryyyrrryyy
1077,91,478.0,3.226650008028468,4,21,16,0,rrryyyrrryyy
1078,92,496.0,3.201394775680672,5,22,18,0,rrrrrrrrrrrr
1079,92,515.0,3.1860941494638237,5,22,18,0,rrrrrrrrrrrr
1080,92,439.0,3.2063708656768486,0,18,17,0,GGgrrrGGgrrr
1081,94,421.0,3.1691638176653143,0,19,18,1,GGgrrrGGgrrr
1082,95,413.0,3.2317699734730456,0,15,21,2,GGgrrrGGgrrr
1083,94,383.0,3.189165164756655,0,13,21,3,GGgrrrGGgrrr
1084,94,376.0,3.293197924359076,0,12,21,4,GGgrrrGGgrrr
1085,92,351.0,3.1270747330022695,0,10,21,5,GGgrrrGGgrrr
1086,93,338.0,3.0464239428993225,0,10,22,6,GGgrrrGGgrrr
1087,93,316.0,3.1662463011059065,0,8,21,7,GGgrrrGGgrrr
1088,94,294.0,3.2298553685786797,0,6,23,8,GGgrrrGGgrrr
1089,95,299.0,3.2733722765931033,0,6,23,9,GGgrrrGGgrrr
1090,95,283.0,3.3212751427720244,0,4,22,10,GGgrrrGGgrrr
1091,97,269.0,3.2686168909510283,0,4,23,11,GGgrrrGGgrrr
1092,97,277.0,3.4288058857576735,0,4,23,12,GGgrrrGGgrrr
1093,96,283.0,3.510189975264513,0,3,24,13,GGgrrrGGgrrr
1094,94,269.0,3.454114619615094,0,2,24,14,GGgrrrGGgrrr
1095,93,268.0,3.5024587158574567,0,1,24,15,GGgrrrGGgrrr
1096,93,273.0,3.494089559258815,0,2,23,16,GGgrrrGGgrrr
1097,96,295.0,3.4402966395530723,0,1,27,17,GGgrrrGGgrrr
1098,96,325.0,3.5640371577203496,0,1,27,18,GGgrrrGGgrrr
1099,96,355.0,3.6497664747653307,0,2,27,19,GGgrrrGGgrrr
1100,95,377.0,3.5988660932469663,1,2,26,0,yyyrrryyyrrr
1101,95,403.0,3.436720503291683,1,3,28,0,yyyrrryyyrrr
1102,94,431.0,3.31577392065946,1,2,29,0,yyyrrryyyrrr
1103,94,460.0,3.3580123067136856,2,2,30,0,rrrrrrrrrrrr
1104,94,489.0,3.2436229873907485,2,2,30,0,rrrrrrrrrrrr
1105,94,434.0,3.198562154520445,3,2,27,0,rrrGGgrrrGGg
1106,96,403.0,3.1447677025616994,3,4,27,1,rrrGGgrrrGGg
1107,96,384.0,3.1679994002415337,3,4,28,2,rrrGGgrrrGGg
1108,96,361.0,3.3113153821121935,3,5,24,3,rrrGGgrrrGGg
1109,98,368.0,3.3700435853051145,3,7,26,4,rrrGGgrrrGGg
1110,98,348.0,3.4438678637947433,3,6,23,5,rrrGGgrrrGGg
1111,97,330.0,3.395979525808055,3,6,23,6,rrrGGgrrrGGg
1112,98,352.0,3.3972139286409693,3,8,25,7,rrrGGgrrrGGg
1113,97,361.0,3.2726151318110497,3,8,24,8,rrrGGgrrrGGg
1114,96,326.0,3.1332830084606536,3,10,23,9,rrrGGgrrrGGg
1115,95,353.0,3.0001311404095468,3,11,25,10,rrrGGgrrrGGg
1116,95,362.0,2.8207345530002392,3,12,26,11,rrrGGgrrrGGg
1117,97,374.0,2.5875013740558552,3,14,28,12,rrrGGgrrrGGg
1118,97,376.0,2.62646662393104,3,13,28,13,rrrGGgrrrGGg
1119,95,403.0,2.482299126542659,3,15,25,14,rrrGGgrrrGGg
1120,95,415.0,2.5581211216444197,3,15,27,15,rrrGGgrrrGGg
1121,96,422.0,2.6282009924239587,3,16,27,16,rrrGGgrrrGGg
1122,97,437.0,2.674943837535227,3,17,29,17,rrrGGgrrrGGg
1123,97,453.0,2.7134359423301615,3,19,28,18,rrrGGgrrrGGg
1124,96,496.0,2.6638314209731493,3,20,27,19,rrrGGgrrrGGg
1125,96,506.0,2.6549413120571947,3,20,29,20,rrrGGgrrrGGg
1126,95,547.0,2.714264001002434,3,20,32,21,rrrGGgrrrGGg
1127,96,567.0,2.825057535781984,3,22,30,22,rrrGGgrrrGGg
1128,97,559.0,2.9272009172788325,3,22,30,23,rrrGGgrrrGGg
1129,97,583.0,2.945052538798085,3,21,31,24,rrrGGgrrrGGg
1130,97,609.0,3.0700965998885845,3,22,30,25,rrrGGgrrrGGg
1131,97,631.0,3.1878797101255696,3,22,30,26,rrrGGgrrrGGg
1132,98,669.0,3.256804785867578,3,23,29,27,rrrGGgrrrGGg
1133,97,706.0,3.2650721498633706,3,23,29,28,rrrGGgrrrGGg
1134,97,741.0,3.3898192368693945,3,23,28,29,rrrGGgrrrGGg
1135,98,749.0,3.540111929877942,3,24,26,30,rrrGGgrrrGGg
1136,99,757.0,3.656216373030886,3,24,25,31,rrrGGgrrrGGg
1137,99,789.0,3.682331055163396,3,25,24,32,rrrGGgrrrGGg
1138,99,839.0,3.8673035306601355,3,25,25,33,rrrGGgrrrGGg
1139,98,872.0,3.948355761574117,3,25,23,34,rrrGGgrrrGGg
1140,97,876.0,4.006889671240709,3,25,21,35,rrrGGgrrrGGg
1141,97,909.0,3.9723368442365876,3,25,22,36,rrrGGgrrrGGg
1142,99,944.0,4.015986666601345,3,27,22,37,rrrGGgrrrGGg
1143,99,952.0,4.0259075131271,4,27,19,0,rrryyyrrryyy
1144,98,960.0,4.064300347670485,4,27,18,0,rrryyyrrryyy
1145,98,975.0,4.119387672675892,4,27,17,0,rrryyyrrryyy
1146,99,986.0,4.085619906630187,5,27,20,0,rrrrrrrrrrrr
1147,99,996.0,3.9417780687396475,5,28,18,0,rrrrrrrrrrrr
1148,99,870.0,3.9268563022999543,0,24,19,0,GGgrrrGGgrrr
1149,99,786.0,3.8536033661106734,0,20,21,1,GGgrrrGGgrrr
1150,98,715.0,3.791148754472366,0,18,20,2,GGgrrrGGgrrr
1151,98,646.0,3.896372636805775,0,16,20,3,GGgrrrGGgrrr
1152,100,583.0,3.9136964955443996,0,16,23,4,GGgrrrGGgrrr
1153,99,573.0,3.9975653538907956,0,14,22,5,GGgrrrGGgrrr
1154,98,511.0,4.060120244591988,0,12,24,6,GGgrrrGGgrrr
1155,97,491.0,4.017252748771611,0,11,23,7,GGgrrrGGgrrr
1156,96,462.0,3.925109209411941,0,10,23,8,GGgrrrGGgrrr
1157,99,435.0,3.839645721898607,0,9,25,9,GGgrrrGGgrrr
1158,97,425.0,3.733497698627449,0,7,25,10,GGgrrrGGgrrr
1159,96,403.0,3.7259131586704632,0,6,24,11,GGgrrrGGgrrr
1160,97,437.0,3.821882030962903,0,8,25,12,GGgrrrGGgrrr
1161,96,434.0,3.868375313874076,0,6,27,13,GGgrrrGGgrrr
1162,97,416.0,3.8089550490668915,0,7,29,14,GGgrrrGGgrrr
1163,96,388.0,3.8433792943821365,0,7,27,15,GGgrrrGGgrrr
1164,94,376.0,3.6606012552423413,0,5,28,16,GGgrrrGGgrrr
1165,94,378.0,3.7529224210724172,0,4,27,17,GGgrrrGGgrrr
1166,93,387.0,3.6163301683172624,0,3,28,18,GGgrrrGGgrrr
1167,94,398.0,3.7300023149516814,0,3,29,19,GGgrrrGGgrrr
1168,95,384.0,3.7867188018914333,1,4,27,0,yyyrrryyyrrr
1169,94,417.0,3.7162819650950842,1,5,28,0,yyyrrryyyrrr
1170,94,403.0,3.7496262961308733,1,6,28,0,yyyrrryyyrrr
1171,96,437.0,3.6762487573991405,2,9,31,0,rrrrrrrrrrrr
1172,96,471.0,3.723286590883408,2,8,30,0,rrrrrrrrrrrr
1173,97,429.0,3.735330985698381,3,8,28,0,rrrGGgrrrGGg
1174,98,409.0,3.648943123020241,3,11,26,1,rrrGGgrrrGGg
1175,98,395.0,3.6438823189876564,3,12,25,2,rrrGGgrrrGGg
1176,98,379.0,3.705279949765399,3,13,25,3,rrrGGgrrrGGg
1177,98,345.0,3.79145488581614,3,15,23,4,rrrGGgrrrGGg
1178,100,356.0,3.8000591244005637,3,16,24,5,rrrGGgrrrGGg
1179,100,332.0,3.65459032003669,3,18,21,6,rrrGGgrrrGGg
1180,100,327.0,3.639064827894254,3,17,21,7,rrrGGgrrrGGg
1181,99,317.0,3.5646378675880332,3,17,20,8,rrrGGgrrrGGg
1182,99,330.0,3.6019619373382255,3,19,21,9,rrrGGgrrrGGg
1183,99,374.0,3.361207412998403,3,20,25,10,rrrGGgrrrGGg
1184,98,396.0,3.128351750275363,3,21,23,11,rrrGGgrrrGGg
1185,96,416.0,2.991326964300468,3,21,25,12,rrrGGgrrrGGg
1186,95,436.0,2.966962722965859,3,22,26,13,rrrGGgrrrGGg
1187,94,455.0,2.9540277015205176,3,23,27,14,rrrGGgrrrGGg
1188,94,477.0,3.0520588676484905,3,24,26,15,rrrGGgrrrGGg
1189,94,508.0,3.108111014018719,3,24,27,16,rrrGGgrrrGGg
1190,96,522.0,3.0721946581437134,3,26,26,17,rrrGGgrrrGGg
1191,95,545.0,2.976826952798724,3,25,26,18,rrrGGgrrrGGg
1192,95,559.0,2.9890801919737164,3,25,26,19,rrrGGgrrrGGg
1193,95,592.0,3.0373875311033456,3,26,27,20,rrrGGgrrrGGg
1194,95,643.0,2.789528041802515,3,27,29,21,rrrGGgrrrGGg
1195,97,670.0,2.7775195900198666,3,28,27,22,rrrGGgrrrGGg
1196,96,699.0,2.73595687757585,3,27,26,23,rrrGGgrrrGGg
1197,96,743.0,2.7650919302216095,3,28,27,24,rrrGGgrrrGGg
1198,96,776.0,2.924861210640619,3,28,27,25,rrrGGgrrrGGg
1199,96,784.0,3.0539606478760306,3,28,25,26,rrrGGgrrrGGg
1200,98,807.0,3.089721840605267,3,29,26,27,rrrGGgrrrGGg
1201,98,831.0,3.1912064598149192,3,28,26,28,rrrGGgrrrGGg
1202,98,854.0,3.2819115346019228,3,28,26,29,rrrGGgrrrGGg
1203,98,879.0,3.3581687716486193,3,29,24,30,rrrGGgrrrGGg
1204,100,916.0,3.3443304090575436,4,30,26,0,rrryyyrrryyy
1205,100,955.0,3.1534330370135586,4,30,26,0,rrryyyrrryyy
1206,100,993.0,3.1675924524901458,4,30,25,0,rrryyyrrryyy
1207,98,979.0,3.0464775379506173,5,31,23,0,rrrrrrrrrrrr
1208,98,1037.0,3.1481168967200177,5,31,27,0,rrrrrrrrrrrr
1209,97,950.0,2.924291288405149,0,27,27,0,GGgrrrGGgrrr
1210,97,902.0,2.829142955148562,0,25,26,1,GGgrrrGGgrrr
1211,97,860.0,2.9574645684368157,0,23,27,2,GGgrrrGGgrrr
1212,97,833.0,2.9464127033313288,0,21,29,3,GGgrrrGGgrrr
1213,96,824.0,2.8721342975814106,0,20,28,4,GGgrrrGGgrrr
1214,96,742.0,2.9540656412691835,0,18,27,5,GGgrrrGGgrrr
1215,97,743.0,2.9340809124146148,0,18,29,6,GGgrrrGGgrrr
1216,98,703.0,2.9043166262758096,0,15,30,7,GGgrrrGGgrrr
1217,97,675.0,2.814163441486093,0,14,31,8,GGgrrrGGgrrr
1218,98,627.0,2.841059485496635,0,12,33,9,GGgrrrGGgrrr
1219,98,594.0,2.906916113079822,0,10,33,10,GGgrrrGGgrrr
1220,95,615.0,2.656428026795923,0,11,33,11,GGgrrrGGgrrr
1221,96,580.0,2.636542500566336,0,11,36,12,GGgrrrGGgrrr
1222,94,540.0,2.521658000598602,0,8,35,13,GGgrrrGGgrrr
1223,94,503.0,2.501289189663149,0,7,36,14,GGgrrrGGgrrr
1224,94,475.0,2.600772547553845,0,3,39,15,GGgrrrGGgrrr
1225,94,453.0,2.5711103789227714,0,3,38,16,GGgrrrGGgrrr
1226,94,457.0,2.7066119011828444,0,3,37,17,GGgrrrGGgrrr
1227,95,423.0,2.6424514415025775,0,3,37,18,GGgrrrGGgrrr
1228,95,409.0,2.8287035002412897,0,1,35,19,GGgrrrGGgrrr
1229,95,398.0,2.8772853341838682,1,1,35,0,yyyrrryyyrrr
1230,94,430.0,2.8659830062273124,1,2,38,0,yyyrrryyyrrr
1231,94,463.0,2.923170411337368,1,3,39,0,yyyrrryyyrrr
1232,97,474.0,2.8741160943827193,2,6,40,0,rrrrrrrrrrrr
1233,97,490.0,2.942033487707433,2,5,41,0,rrrrrrrrrrrr
1234,97,479.0,3.0149322433035675,3,8,40,0,rrrGGgrrrGGg
1235,97,442.0,3.025763016626806,3,8,36,1,rrrGGgrrrGGg
1236,98,417.0,3.0013315901849618,3,10,33,2,rrrGGgrrrGGg
1237,99,433.0,2.993107940562503,3,13,33,3,rrrGGgrrrGGg
1238,99,446.0,3.1065260084473016,3,12,31,4,rrrGGgrrrGGg
1239,99,444.0,3.2272952347898616,3,14,30,5,rrrGGgrrrGGg
1240,99,408.0,3.305987240945551,3,16,30,6,rrrGGgrrrGGg
1241,99,435.0,3.1740225579597348,3,17,31,7,rrrGGgrrrGGg
1242,99,484.0,3.104465072168325,3,19,31,8,rrrGGgrrrGGg
1243,100,519.0,3.093528040988487,3,20,29,9,rrrGGgrrrGGg
1244,99,564.0,2.970125861336767,3,20,31,10,rrrGGgrrrGGg
1245,100,560.0,2.8939827997971874,3,21,31,11,rrrGGgrrrGGg
1246,97,613.0,2.565024112497905,3,23,33,12,rrrGGgrrrGGg
1247,98,665.0,2.594584714757892,3,24,34,13,rrrGGgrrrGGg
1248,98,684.0,2.6801623354888586,3,24,34,14,rrrGGgrrrGGg
1249,98,738.0,2.7274374372700794,3,25,36,15,rrrGGgrrrGGg
1250,98,794.0,2.6507997441833706,3,25,38,16,rrrGGgrrrGGg
1251,98,854.0,2.755509345743428,3,26,37,17,rrrGGgrrrGGg
1252,99,869.0,2.6807486213752134,3,28,37,18,rrrGGgrrrGGg
1253,96,873.0,2.4140410835333745,3,28,34,19,rrrGGgrrrGGg
1254,95,905.0,2.408243912418069,3,28,33,20,rrrGGgrrrGGg
1255,96,888.0,2.464692111953132,3,29,32,21,rrrGGgrrrGGg
1256,96,874.0,2.591882154627865,3,29,31,22,rrrGGgrrrGGg
1257,96,850.0,2.556251135407864,3,30,31,23,rrrGGgrrrGGg
1258,96,901.0,2.5583551492092504,3,30,32,24,rrrGGgrrrGGg
1259,98,896.0,2.5428286535830416,3,31,32,25,rrrGGgrrrGGg
1260,98,906.0,2.6598324432493254,3,30,31,26,rrrGGgrrrGGg
1261,99,957.0,2.736497404726866,3,31,33,27,rrrGGgrrrGGg
1262,100,951.0,2.8245414748434836,3,32,30,28,rrrGGgrrrGGg
1263,100,988.0,2.9521097924700466,3,31,28,29,rrrGGgrrrGGg
1264,100,1029.0,3.062439498704933,3,31,27,30,rrrGGgrrrGGg
1265,100,1052.0,3.123370669262213,3,31,28,31,rrrGGgrrrGGg
1266,101,1086.0,3.128772682248966,3,32,30,32,rrrGGgrrrGGg
1267,102,1109.0,2.9516069748737395,3,33,29,33,rrrGGgrrrGGg
1268,101,1131.0,2.8841177737364307,3,33,26,34,rrrGGgrrrGGg
1269,100,1154.0,2.761301619849055,4,33,25,0,rrryyyrrryyy
1270,98,1176.0,2.544699489627743,4,34,24,0,rrryyyrrryyy
1271,99,1201.0,2.4949878033968305,4,35,25,0,rrryyyrrryyy
1272,100,1231.0,2.335454728929788,5,35,27,0,rrrrrrrrrrrr
1273,101,1270.0,2.390395256461378,5,36,27,0,rrrrrrrrrrrr
1274,101,1165.0,2.468001251614577,0,32,27,0,GGgrrrGGgrrr
1275,100,1085.0,2.4614136495370573,0,29,27,1,GGgrrrGGgrrr
1276,99,1052.0,2.4335305177378874,0,27,28,2,GGgrrrGGgrrr
1277,100,1010.0,2.5257787632872306,0,25,30,3,GGgrrrGGgrrr
1278,101,968.0,2.6566495031920523,0,24,29,4,GGgrrrGGgrrr
1279,102,927.0,2.7692900133318816,0,22,30,5,GGgrrrGGgrrr
1280,101,835.0,2.84269033562402,0,19,27,6,GGgrrrGGgrrr
1281,101,744.0,2.779898592450088,0,17,26,7,GGgrrrGGgrrr
1282,102,690.0,2.8004107697396647,0,15,27,8,GGgrrrGGgrrr
1283,102,652.0,2.657030761532725,0,15,24,9,GGgrrrGGgrrr
1284,102,614.0,2.7493103957172003,0,14,25,10,GGgrrrGGgrrr
1285,102,542.0,2.8649543761767333,0,14,23,11,GGgrrrGGgrrr
1286,103,518.0,2.9712033676588043,0,13,28,12,GGgrrrGGgrrr
1287,104,512.0,3.0455077020610903,0,12,28,13,GGgrrrGGgrrr
1288,105,447.0,3.095467238147884,0,12,28,14,GGgrrrGGgrrr
1289,104,427.0,3.0617103687652474,0,10,28,15,GGgrrrGGgrrr
1290,104,373.0,3.209479723683856,0,8,28,16,GGgrrrGGgrrr
1291,104,361.0,3.3653460441329703,0,8,28,17,GGgrrrGGgrrr
1292,106,320.0,3.4528982532298294,0,7,27,18,GGgrrrGGgrrr
1293,106,319.0,3.4507664804586584,0,6,28,19,GGgrrrGGgrrr
1294,106,317.0,3.389742368445031,1,3,26,0,yyyrrryyyrrr
1295,106,324.0,3.521863038080591,1,3,27,0,yyyrrryyyrrr
1296,106,306.0,3.6352401507886243,1,3,26,0,yyyrrryyyrrr
1297,105,318.0,3.569518021867723,2,1,29,0,rrrrrrrrrrrr
1298,106,304.0,3.5565841106857015,2,2,27,0,rrrrrrrrrrrr
1299,105,241.0,3.501853123868498,3,4,25,0,rrrGGgrrrGGg
1300,105,191.0,3.5490276326655703,3,4,24,1,rrrGGgrrrGGg
1301,106,155.0,3.604251105440087,3,6,22,2,rrrGGgrrrGGg
1302,106,150.0,3.606950050415611,3,5,22,3,rrrGGgrrrGGg
1303,107,164.0,3.557736071985758,3,8,21,4,rrrGGgrrrGGg
1304,108,188.0,3.5191757150899536,3,9,24,5,rrrGGgrrrGGg
1305,108,216.0,3.4944126754427436,3,11,25,6,rrrGGgrrrGGg
1306,106,247.0,3.362134897253094,3,11,28,7,rrrGGgrrrGGg
1307,106,271.0,3.4240384233370307,3,12,25,8,rrrGGgrrrGGg
1308,105,310.0,3.246520306997094,3,15,28,9,rrrGGgrrrGGg
1309,105,345.0,3.060167005734781,3,16,30,10,rrrGGgrrrGGg
1310,106,387.0,2.958046410366346,3,18,31,11,rrrGGgrrrGGg
1311,104,389.0,2.7594399931207247,3,17,31,12,rrrGGgrrrGGg
1312,104,428.0,2.686707328687433,3,20,32,13,rrrGGgrrrGGg
1313,105,466.0,2.731689946771754,3,21,29,14,rrrGGgrrrGGg
1314,105,515.0,2.7846004765966206,3,21,33,15,rrrGGgrrrGGg
1315,105,543.0,2.833534396235215,3,22,32,16,rrrGGgrrrGGg
1316,102,594.0,2.555403177919846,3,22,34,17,rrrGGgrrrGGg
1317,102,626.0,2.6501234401575946,3,23,32,18,rrrGGgrrrGGg
1318,102,673.0,2.532984863173946,3,25,30,19,rrrGGgrrrGGg
1319,103,725.0,2.483088060633534,3,26,31,20,rrrGGgrrrGGg
1320,103,780.0,2.400811055694071,3,27,34,21,rrrGGgrrrGGg
1321,104,837.0,2.4896059001772928,3,28,35,22,rrrGGgrrrGGg
1322,104,900.0,2.6206477737730487,3,29,35,23,rrrGGgrrrGGg
1323,104,966.0,2.706035692540789,3,30,36,24,rrrGGgrrrGGg
1324,105,1029.0,2.7035794200313013,3,30,36,25,rrrGGgrrrGGg
1325,105,1097.0,2.769589860857794,3,31,37,26,rrrGGgrrrGGg
1326,105,1165.0,2.728146768837212,3,32,39,27,rrrGGgrrrGGg
1327,104,1198.0,2.74186721919546,3,33,35,28,rrrGGgrrrGGg
1328,104,1263.0,2.8736087719448373,3,33,35,29,rrrGGgrrrGGg
1329,105,1333.0,2.9358884643227037,3,34,37,30,rrrGGgrrrGGg
1330,107,1402.0,2.947164487552657,3,36,36,31,rrrGGgrrrGGg
1331,107,1474.0,2.8769918566595187,3,36,37,32,rrrGGgrrrGGg
1332,106,1514.0,2.833685337011541,3,36,35,33,rrrGGgrrrGGg
1333,105,1540.0,2.7462277241051893,3,36,35,34,rrrGGgrrrGGg
1334,105,1611.0,2.740544219400224,3,36,35,35,rrrGGgrrrGGg
1335,105,1683.0,2.6483337943201843,3,38,35,36,rrrGGgrrrGGg
1336,105,1756.0,2.772350922980192,3,38,35,37,rrrGGgrrrGGg
1337,104,1829.0,2.65785426023488,3,38,36,38,rrrGGgrrrGGg
1338,104,1868.0,2.718776599079408,3,38,34,39,rrrGGgrrrGGg
1339,105,1890.0,2.753837278542444,3,38,34,40,rrrGGgrrrGGg
1340,105,1962.0,2.6933148218272707,3,40,33,41,rrrGGgrrrGGg
1341,104,2034.0,2.599621403872401,4,39,33,0,rrryyyrrryyy
1342,103,2106.0,2.5825247257544675,4,39,33,0,rrryyyrrryyy
1343,103,2179.0,2.6795092672328376,4,40,33,0,rrryyyrrryyy
1344,103,2218.0,2.643148582839919,5,40,33,0,rrrrrrrrrrrr
1345,103,2205.0,2.589708918745896,5,41,30,0,rrrrrrrrrrrr
1346,102,2088.0,2.6132812404061627,0,37,31,0,GGgrrrGGgrrr
1347,103,2024.0,2.5982177256013195,0,35,32,1,GGgrrrGGgrrr
1348,102,1973.0,2.618914097944008,0,31,33,2,GGgrrrGGgrrr
1349,101,1933.0,2.61567612742663,0,28,32,3,GGgrrrGGgrrr
1350,102,1899.0,2.6266382453550685,0,27,31,4,GGgrrrGGgrrr
1351,102,1865.0,2.747393695337005,0,24,31,5,GGgrrrGGgrrr
1352,101,1921.0,2.739064441258255,0,24,32,6,GGgrrrGGgrrr
1353,102,1886.0,2.7263247009029743,0,23,34,7,GGgrrrGGgrrr
1354,102,1852.0,2.6736031613228532,0,21,33,8,GGgrrrGGgrrr
1355,104,1786.0,2.6168056721589155,0,20,35,9,GGgrrrGGgrrr
1356,104,1699.0,2.7225717220682144,0,18,35,10,GGgrrrGGgrrr
1357,103,1684.0,2.7115972490992477,0,16,35,11,GGgrrrGGgrrr
1358,102,1699.0,2.613417227938238,0,18,35,12,GGgrrrGGgrrr
1359,103,1689.0,2.633371801137116,0,18,35,13,GGgrrrGGgrrr
1360,103,1696.0,2.611823639229465,0,16,37,14,GGgrrrGGgrrr
1361,102,1679.0,2.5889969727213313,0,15,37,15,GGgrrrGGgrrr
1362,103,1623.0,2.5626761923653887,0,14,37,16,GGgrrrGGgrrr
1363,103,1676.0,2.5906748161335806,0,15,36,17,GGgrrrGGgrrr
1364,103,1678.0,2.603262026909968,0,15,39,18,GGgrrrGGgrrr
1365,102,1725.0,2.504091848873773,0,18,39,19,GGgrrrGGgrrr
1366,102,1732.0,2.6092920566032753,1,15,40,0,yyyrrryyyrrr
1367,102,1724.0,2.738180722983395,1,14,39,0,yyyrrryyyrrr
1368,102,1731.0,2.7864041322306266,1,14,41,0,yyyrrryyyrrr
1369,102,1666.0,2.864966613305475,2,13,41,0,rrrrrrrrrrrr
1370,104,1601.0,2.8565034627089814,2,14,41,0,rrrrrrrrrrrr
1371,106,1489.0,2.8682513127227924,3,13,40,0,rrrGGgrrrGGg
1372,106,1402.0,2.892498435812746,3,13,35,1,rrrGGgrrrGGg
1373,106,1334.0,2.9415098080044495,3,13,34,2,rrrGGgrrrGGg
1374,106,1284.0,3.041777237865344,3,14,32,3,rrrGGgrrrGGg
1375,107,1221.0,3.0744231627071166,3,17,32,4,rrrGGgrrrGGg
1376,108,1160.0,3.154877296884253,3,15,32,5,rrrGGgrrrGGg
1377,108,1182.0,3.164485534389691,3,16,31,6,rrrGGgrrrGGg
1378,108,1164.0,3.13585069679161,3,18,31,7,rrrGGgrrrGGg
1379,107,1104.0,3.0081574479924864,3,18,29,8,rrrGGgrrrGGg
1380,108,1050.0,2.9215080633828814,3,19,28,9,rrrGGgrrrGGg
1381,107,1005.0,2.8604661653136394,3,20,24,10,rrrGGgrrrGGg
1382,108,963.0,2.854550822119899,3,22,25,11,rrrGGgrrrGGg
1383,107,936.0,2.901952449804846,3,23,23,12,rrrGGgrrrGGg
1384,107,897.0,3.0531045517852204,3,23,22,13,rrrGGgrrrGGg
1385,107,922.0,3.061807914810997,3,24,22,14,rrrGGgrrrGGg
1386,104,954.0,2.864364295255854,3,24,23,15,rrrGGgrrrGGg
1387,104,922.0,2.834128642526364,3,24,22,16,rrrGGgrrrGGg
1388,104,814.0,2.8920199698937927,3,25,19,17,rrrGGgrrrGGg
1389,104,774.0,3.0071617760691876,3,26,20,18,rrrGGgrrrGGg
1390,104,816.0,3.0172143607386914,3,30,18,19,rrrGGgrrrGGg
1391,102,848.0,2.9104065697742953,4,30,20,0,rrryyyrrryyy
1392,103,874.0,2.989880381902665,4,29,19,0,rrryyyrrryyy
1393,104,764.0,3.016320217712225,4,32,16,0,rrryyyrrryyy
1394,104,719.0,3.025800610025569,5,33,15,0,rrrrrrrrrrrr
1395,105,683.0,3.0239276617088313,5,35,17,0,rrrrrrrrrrrr
1396,105,577.0,2.9885454584818647,0,31,21,0,GGgrrrGGgrrr
1397,105,544.0,3.0233598440313227,0,26,18,1,GGgrrrGGgrrr
1398,105,468.0,2.8982844924738727,0,25,20,2,GGgrrrGGgrrr
1399,105,448.0,2.901371163244509,0,24,20,3,GGgrrrGGgrrr
1400,106,427.0,2.9212083106718807,0,24,22,4,GGgrrrGGgrrr
1401,106,445.0,2.989822769387895,0,23,21,5,GGgrrrGGgrrr
1402,108,417.0,2.9384390969859675,0,23,21,6,GGgrrrGGgrrr
1403,107,410.0,2.8084371691378465,0,22,20,7,GGgrrrGGgrrr
1404,106,383.0,2.7445885882269057,0,22,19,8,GGgrrrGGgrrr
1405,107,374.0,2.7071554598779266,0,21,23,9,GGgrrrGGgrrr
1406,107,388.0,2.836110255984603,0,18,23,10,GGgrrrGGgrrr
1407,107,384.0,2.953226385219362,0,16,23,11,GGgrrrGGgrrr
1408,106,386.0,2.904504488345378,0,16,23,12,GGgrrrGGgrrr
1409,107,391.0,2.984418096630644,0,15,25,13,GGgrrrGGgrrr
1410,107,426.0,2.9258869789115813,0,16,25,14,GGgrrrGGgrrr
1411,106,421.0,2.9722972427908494,0,15,24,15,GGgrrrGGgrrr
1412,107,427.0,3.0850727576624366,0,14,25,16,GGgrrrGGgrrr
1413,106,413.0,3.1501132876355795,0,12,25,17,GGgrrrGGgrrr
1414,105,393.0,3.1679985852001153,0,11,24,18,GGgrrrGGgrrr
1415,106,389.0,3.3987170157096065,0,11,23,19,GGgrrrGGgrrr
1416,106,377.0,3.4570966653852526,1,11,22,0,yyyrrryyyrrr
1417,106,370.0,3.5797544170732465,1,9,20,0,yyyrrryyyrrr
1418,106,380.0,3.6602380585343566,1,8,23,0,yyyrrryyyrrr
1419,106,391.0,3.664815847242809,2,8,26,0,rrrrrrrrrrrr
1420,107,404.0,3.6363317728325018,2,10,28,0,rrrrrrrrrrrr
1421,108,334.0,3.667324540002623,3,9,26,0,rrrGGgrrrGGg
1422,108,306.0,3.6785222878555555,3,9,27,1,rrrGGgrrrGGg
1423,109,305.0,3.6763663884662154,3,10,26,2,rrrGGgrrrGGg
1424,109,300.0,3.672165408838572,3,10,26,3,rrrGGgrrrGGg
1425,110,281.0,3.6464555862139396,3,11,24,4,rrrGGgrrrGGg
1426,111,294.0,3.644510056475404,3,12,25,5,rrrGGgrrrGGg
1427,111,324.0,3.6567982714342344,3,13,26,6,rrrGGgrrrGGg
1428,110,303.0,3.618015319161945,3,14,24,7,rrrGGgrrrGGg
1429,109,348.0,3.5536851209064033,3,16,28,8,rrrGGgrrrGGg
1430,110,396.0,3.544373614158533,3,16,32,9,rrrGGgrrrGGg
1431,112,444.0,3.4775502584676574,3,20,33,10,rrrGGgrrrGGg
1432,110,495.0,3.273576213464058,3,19,34,11,rrrGGgrrrGGg
1433,110,546.0,3.2857916721692484,3,19,34,12,rrrGGgrrrGGg
1434,107,598.0,3.01009884022894,3,20,33,13,rrrGGgrrrGGg
1435,109,603.0,3.0221923932926766,3,22,36,14,rrrGGgrrrGGg
1436,109,619.0,3.007655289418484,3,24,32,15,rrrGGgrrrGGg
1437,108,640.0,2.969671302083903,3,24,33,16,rrrGGgrrrGGg
1438,106,688.0,2.750226275585655,3,25,34,17,rrrGGgrrrGGg
1439,106,744.0,2.748568212540559,3,26,33,18,rrrGGgrrrGGg
1440,107,808.0,2.7482846769421383,3,27,38,19,rrrGGgrrrGGg
1441,107,872.0,2.6310755236710235,3,28,38,20,rrrGGgrrrGGg
1442,106,885.0,2.533196879370496,3,28,37,21,rrrGGgrrrGGg
1443,107,928.0,2.543200326623081,3,29,39,22,rrrGGgrrrGGg
1444,105,953.0,2.3798997903296395,3,30,37,23,rrrGGgrrrGGg
1445,105,1005.0,2.3947995109589604,3,31,36,24,rrrGGgrrrGGg
1446,107,1038.0,2.363718352717544,3,34,35,25,rrrGGgrrrGGg
1447,107,1107.0,2.4076992126295766,3,34,35,26,rrrGGgrrrGGg
1448,107,1176.0,2.485038822253537,3,34,35,27,rrrGGgrrrGGg
1449,107,1248.0,2.414427017926727,3,37,36,28,rrrGGgrrrGGg
1450,107,1295.0,2.4542066286688424,3,37,35,29,rrrGGgrrrGGg
1451,109,1355.0,2.3915276391997797,3,38,35,30,rrrGGgrrrGGg
1452,109,1427.0,2.4434120646293995,3,37,35,31,rrrGGgrrrGGg
1453,109,1500.0,2.545645439024478,3,38,35,32,rrrGGgrrrGGg
1454,108,1575.0,2.5659411906905483,3,38,37,33,rrrGGgrrrGGg
1455,108,1650.0,2.6748081086556055,3,38,37,34,rrrGGgrrrGGg
1456,111,1707.0,2.6308045870219203,3,39,38,35,rrrGGgrrrGGg
1457,110,1775.0,2.574360190581284,3,38,35,36,rrrGGgrrrGGg
1458,110,1849.0,2.65738757794286,3,39,35,37,rrrGGgrrrGGg
1459,109,1875.0,2.6356290065530406,3,39,33,38,rrrGGgrrrGGg
1460,109,1947.0,2.712197044339179,4,39,33,0,rrryyyrrryyy
1461,110,2020.0,2.740245082713393,4,41,33,0,rrryyyrrryyy
1462,109,2082.0,2.652049826726,4,40,35,0,rrryyyrrryyy
1463,110,2141.0,2.6268191541719936,5,40,34,0,rrrrrrrrrrrr
1464,109,2217.0,2.4413403090375194,5,41,36,0,rrrrrrrrrrrr
1465,109,2132.0,2.528562190449325,0,37,36,0,GGgrrrGGgrrr
1466,109,2091.0,2.427648155195115,0,35,36,1,GGgrrrGGgrrr
1467,108,2057.0,2.3603086608720827,0,31,38,2,GGgrrrGGgrrr
1468,108,2022.0,2.3377433517441677,0,29,37,3,GGgrrrGGgrrr
1469,109,2001.0,2.444080834145274,0,27,40,4,GGgrrrGGgrrr
1470,109,1980.0,2.567849414453591,0,25,40,5,GGgrrrGGgrrr
1471,109,1959.0,2.5126200142550554,0,24,40,6,GGgrrrGGgrrr
1472,108,1980.0,2.5453750890027407,0,22,41,7,GGgrrrGGgrrr
1473,107,1970.0,2.569554504474003,0,21,40,8,GGgrrrGGgrrr
1474,107,1919.0,2.6323355684327883,0,20,39,9,GGgrrrGGgrrr
1475,108,1901.0,2.63367276869485,0,20,39,10,GGgrrrGGgrrr
1476,109,1888.0,2.5515165505794393,0,18,41,11,GGgrrrGGgrrr
1477,109,1878.0,2.624260241420415,0,17,41,12,GGgrrrGGgrrr
1478,109,1880.0,2.5581176269533117,0,16,43,13,GGgrrrGGgrrr
1479,109,1886.0,2.6362840283071085,0,17,42,14,GGgrrrGGgrrr
1480,108,1823.0,2.6251001510094314,0,15,42,15,GGgrrrGGgrrr
1481,110,1822.0,2.6883714445843943,0,15,44,16,GGgrrrGGgrrr
1482,107,1827.0,2.490729709582042,0,14,44,17,GGgrrrGGgrrr
1483,107,1833.0,2.537582247286301,0,12,44,18,GGgrrrGGgrrr
1484,107,1840.0,2.6720588237044707,0,9,45,19,GGgrrrGGgrrr
1485,106,1857.0,2.7629014329247648,1,9,46,0,yyyrrryyyrrr
1486,108,1865.0,2.898072590880384,1,9,47,0,yyyrrryyyrrr
1487,108,1913.0,2.889956861010918,1,9,47,0,yyyrrryyyrrr
1488,108,1917.0,2.9341628597972194,2,8,46,0,rrrrrrrrrrrr
1489,108,1933.0,2.9647928212696155,2,9,46,0,rrrrrrrrrrrr
1490,108,1777.0,2.996990757799274,3,10,41,0,rrrGGgrrrGGg
1491,110,1740.0,2.946091425617005,3,12,41,1,rrrGGgrrrGGg
1492,111,1745.0,3.012862102343496,3,14,37,2,rrrGGgrrrGGg
1493,111,1754.0,3.037869345862346,3,12,35,3,rrrGGgrrrGGg
1494,112,1776.0,3.057036881361515,3,14,37,4,rrrGGgrrrGGg
1495,112,1798.0,3.094511749697699,3,14,35,5,rrrGGgrrrGGg
1496,113,1824.0,3.0923837276401573,3,17,34,6,rrrGGgrrrGGg
1497,112,1850.0,3.0975028572180134,3,17,33,7,rrrGGgrrrGGg
1498,110,1898.0,2.915677559035633,3,18,33,8,rrrGGgrrrGGg
1499,111,1933.0,2.906317125835698,3,22,32,9,rrrGGgrrrGGg
1500,110,1825.0,2.8130512250042967,3,23,30,10,rrrGGgrrrGGg
1501,110,1723.0,2.719553209587146,3,25,27,11,rrrGGgrrrGGg
1502,111,1754.0,2.6421795366744782,3,25,29,12,rrrGGgrrrGGg
1503,110,1789.0,2.650958991611929,3,24,29,13,rrrGGgrrrGGg
1504,109,1832.0,2.6679397221607877,3,24,29,14,rrrGGgrrrGGg
1505,108,1884.0,2.6757449544228358,3,28,30,15,rrrGGgrrrGGg
1506,108,1932.0,2.607399031598592,3,28,28,16,rrrGGgrrrGGg
1507,110,1984.0,2.615635188518505,3,30,29,17,rrrGGgrrrGGg
1508,109,2034.0,2.5921883984358662,3,28,26,18,rrrGGgrrrGGg
1509,109,2090.0,2.6547884815129317,3,30,26,19,rrrGGgrrrGGg
1510,108,2148.0,2.568439545747582,3,32,27,20,rrrGGgrrrGGg
1511,108,2208.0,2.5624033323338606,4,32,28,0,rrryyyrrryyy
1512,109,2262.0,2.538306198106208,4,35,28,0,rrryyyrrryyy
1513,110,2320.0,2.521090587157466,4,33,29,0,rrryyyrrryyy
1514,110,2385.0,2.4024664753117353,5,36,31,0,rrrrrrrrrrrr
1515,110,2424.0,2.3629321239985597,5,37,28,0,rrrrrrrrrrrr
1516,110,2310.0,2.346397562262591,0,34,30,0,GGgrrrGGgrrr
1517,113,2306.0,2.2806325919582897,0,34,31,1,GGgrrrGGgrrr
1518,112,2312.0,2.2611566700717423,0,30,31,2,GGgrrrGGgrrr
1519,111,2316.0,2.1795323159398947,0,29,31,3,GGgrrrGGgrrr
1520,111,2324.0,2.2294218444276135,0,28,32,4,GGgrrrGGgrrr
1521,111,2333.0,2.3137012990517336,0,28,32,5,GGgrrrGGgrrr
1522,112,2341.0,2.349796666890878,0,27,33,6,GGgrrrGGgrrr
1523,111,2350.0,2.327302317383032,0,24,34,7,GGgrrrGGgrrr
1524,111,2379.0,2.194359701646306,0,22,35,8,GGgrrrGGgrrr
1525,110,2388.0,2.166096109530652,0,21,37,9,GGgrrrGGgrrr
1526,109,2422.0,2.139663051017808,0,20,38,10,GGgrrrGGgrrr
1527,107,2481.0,1.9853445662272053,0,20,39,11,GGgrrrGGgrrr
1528,108,2464.0,2.062344833575235,0,18,39,12,GGgrrrGGgrrr
1529,107,2498.0,2.016117028810699,0,16,41,13,GGgrrrGGgrrr
1530,107,2510.0,2.1072674611840183,0,14,42,14,GGgrrrGGgrrr
1531,108,2525.0,2.130756759608258,0,12,44,15,GGgrrrGGgrrr
1532,108,2528.0,2.1431515271151262,0,13,43,16,GGgrrrGGgrrr
1533,109,2538.0,2.1179813131659575,0,13,43,17,GGgrrrGGgrrr
1534,110,2432.0,2.0219587971380624,0,13,43,18,GGgrrrGGgrrr
1535,110,2363.0,2.136171043674119,0,12,43,19,GGgrrrGGgrrr
1536,110,2297.0,2.1868165219548077,1,11,43,0,yyyrrryyyrrr
1537,109,2307.0,2.1567504132550908,1,10,46,0,yyyrrryyyrrr
1538,110,2362.0,2.180737548697577,1,12,47,0,yyyrrryyyrrr
1539,109,2396.0,2.0621997606878044,2,11,47,0,rrrrrrrrrrrr
1540,110,2428.0,2.0869155598400058,2,11,47,0,rrrrrrrrrrrr
1541,110,2402.0,2.177289364178627,3,13,45,0,rrrGGgrrrGGg
1542,110,2395.0,2.301840423020843,3,14,42,1,rrrGGgrrrGGg
1543,111,2382.0,2.3477666117762337,3,14,42,2,rrrGGgrrrGGg
1544,111,2378.0,2.3725523715025667,3,13,41,3,rrrGGgrrrGGg
1545,113,2344.0,2.3940933880546456,3,13,39,4,rrrGGgrrrGGg
1546,114,2320.0,2.432752658980587,3,13,39,5,rrrGGgrrrGGg
1547,115,2333.0,2.428621951258344,3,15,37,6,rrrGGgrrrGGg
1548,114,2369.0,2.313257698193333,3,16,38,7,rrrGGgrrrGGg
1549,113,2392.0,2.2411238219467835,3,15,36,8,rrrGGgrrrGGg
1550,112,2377.0,2.1561311192495625,3,16,34,9,rrrGGgrrrGGg
1551,113,2396.0,2.1930574075375313,3,18,33,10,rrrGGgrrrGGg
1552,115,2416.0,2.231212369551815,3,19,32,11,rrrGGgrrrGGg
1553,115,2444.0,2.3574017743743707,3,18,32,12,rrrGGgrrrGGg
1554,115,2492.0,2.4853801979662054,3,19,31,13,rrrGGgrrrGGg
1555,115,2519.0,2.627407676923045,3,19,30,14,rrrGGgrrrGGg
1556,113,2546.0,2.568820489954612,3,19,29,15,rrrGGgrrrGGg
1557,113,2596.0,2.5421933918386106,3,20,31,16,rrrGGgrrrGGg
1558,113,2626.0,2.5171996544113724,3,22,29,17,rrrGGgrrrGGg
1559,113,2494.0,2.5509819830265994,3,22,25,18,rrrGGgrrrGGg
1560,113,2525.0,2.581420887971146,3,22,27,19,rrrGGgrrrGGg
1561,113,2555.0,2.7343621468765544,3,24,24,20,rrrGGgrrrGGg
1562,113,2592.0,2.8219426619364443,3,24,23,21,rrrGGgrrrGGg
1563,113,2638.0,2.905389282805883,3,24,23,22,rrrGGgrrrGGg
1564,113,2686.0,2.9394994994818897,3,24,24,23,rrrGGgrrrGGg
1565,112,2736.0,2.910989729144713,3,26,24,24,rrrGGgrrrGGg
1566,112,2787.0,2.956306166233501,3,28,24,25,rrrGGgrrrGGg
1567,114,2837.0,2.7788487324674795,3,29,25,26,rrrGGgrrrGGg
1568,115,2889.0,2.771860461110741,3,28,25,27,rrrGGgrrrGGg
1569,115,2942.0,2.858426925615348,3,29,24,28,rrrGGgrrrGGg
1570,115,2997.0,3.004286272955907,4,30,25,0,rrryyyrrryyy
1571,114,3053.0,3.000993409744442,4,31,25,0,rrryyyrrryyy
1572,116,3110.0,3.034138172031359,4,33,26,0,rrryyyrrryyy
1573,116,3169.0,2.998620008650851,5,33,27,0,rrrrrrrrrrrr
1574,115,3229.0,2.9741298734116124,5,34,26,0,rrrrrrrrrrrr
1575,113,3191.0,2.8762063521293926,0,31,26,0,GGgrrrGGgrrr
1576,113,3144.0,2.899777105671699,0,31,25,1,GGgrrrGGgrrr
1577,113,2983.0,2.846238322844615,0,29,25,2,GGgrrrGGgrrr
1578,114,2977.0,2.6967694057095697,0,29,29,3,GGgrrrGGgrrr
1579,115,2970.0,2.701939292532935,0,27,28,4,GGgrrrGGgrrr
1580,115,2998.0,2.793578789873696,0,25,29,5,GGgrrrGGgrrr
1581,114,2953.0,2.795135964582736,0,25,28,6,GGgrrrGGgrrr
1582,114,2791.0,2.7889948646075067,0,24,29,7,GGgrrrGGgrrr
1583,113,2808.0,2.578236584004974,0,23,29,8,GGgrrrGGgrrr
1584,113,2788.0,2.6366759562463233,0,22,27,9,GGgrrrGGgrrr
1585,112,2780.0,2.5770531807342754,0,24,29,10,GGgrrrGGgrrr
1586,113,2767.0,2.6576358346434295,0,22,28,11,GGgrrrGGgrrr
1587,114,2791.0,2.7346810288598262,0,20,30,12,GGgrrrGGgrrr
1588,115,2748.0,2.7609705058639418,0,18,28,13,GGgrrrGGgrrr
1589,114,2719.0,2.70476349517305,0,16,29,14,GGgrrrGGgrrr
1590,113,2537.0,2.6775512245828774,0,14,26,15,GGgrrrGGgrrr
1591,114,2393.0,2.6871505778485907,0,16,29,16,GGgrrrGGgrrr
1592,113,2223.0,2.61103503989918,0,13,28,17,GGgrrrGGgrrr
1593,112,2069.0,2.4666109551208657,0,13,30,18,GGgrrrGGgrrr
1594,111,2084.0,2.4910515447373487,0,11,33,19,GGgrrrGGgrrr
1595,109,1949.0,2.472659555782152,1,11,34,0,yyyrrryyyrrr
1596,110,1814.0,2.558603866450554,1,10,35,0,yyyrrryyyrrr
1597,110,1846.0,2.592122692149372,1,11,35,0,yyyrrryyyrrr
1598,112,1858.0,2.564162291685745,2,13,36,0,rrrrrrrrrrrr
1599,112,1872.0,2.6207522168718804,2,11,33,0,rrrrrrrrrrrr
1600,112,1817.0,2.6899516990093884,3,10,32,0,rrrGGgrrrGGg
1601,112,1798.0,2.7628841227212297,3,10,33,1,rrrGGgrrrGGg
1602,112,1784.0,2.8473303101586156,3,10,32,2,rrrGGgrrrGGg
1603,113,1774.0,2.8306493254444884,3,11,33,3,rrrGGgrrrGGg
1604,115,1770.0,2.8015584450571454,3,11,33,4,rrrGGgrrrGGg
1605,115,1801.0,2.8273357398718577,3,12,34,5,rrrGGgrrrGGg
1606,115,1802.0,2.881373810599235,3,13,33,6,rrrGGgrrrGGg
1607,113,1823.0,2.7438690572585074,3,13,33,7,rrrGGgrrrGGg
1608,114,1854.0,2.648136242743813,3,16,33,8,rrrGGgrrrGGg
1609,113,1829.0,2.600334365233667,3,14,29,9,rrrGGgrrrGGg
1610,113,1675.0,2.630004097393765,3,16,29,10,rrrGGgrrrGGg
1611,113,1709.0,2.627986921032299,3,17,32,11,rrrGGgrrrGGg
1612,114,1746.0,2.4920044363095064,3,20,33,12,rrrGGgrrrGGg
1613,114,1797.0,2.4787562608687495,3,19,33,13,rrrGGgrrrGGg
1614,113,1837.0,2.4820064429594444,3,21,32,14,rrrGGgrrrGGg
1615,113,1703.0,2.4401196397033953,3,24,30,15,rrrGGgrrrGGg
1616,112,1712.0,2.3520170123532056,3,23,29,16,rrrGGgrrrGGg
1617,114,1560.0,2.4078049307616896,3,23,31,17,rrrGGgrrrGGg
1618,114,1604.0,2.4668260798989596,3,24,30,18,rrrGGgrrrGGg
1619,112,1647.0,2.2953947046722276,3,24,29,19,rrrGGgrrrGGg
1620,112,1702.0,2.3525408991316192,3,25,30,20,rrrGGgrrrGGg
1621,114,1748.0,2.419302945961973,3,29,29,21,rrrGGgrrrGGg
1622,114,1613.0,2.5576085392135828,3,28,27,22,rrrGGgrrrGGg
1623,113,1626.0,2.482929876530758,3,29,27,23,rrrGGgrrrGGg
1624,114,1477.0,2.551482013748669,3,30,25,24,rrrGGgrrrGGg
1625,114,1522.0,2.636155850224431,4,30,27,0,rrryyyrrryyy
1626,114,1569.0,2.671882557508699,4,31,26,0,rrryyyrrryyy
1627,113,1615.0,2.58390074784719,4,31,25,0,rrryyyrrryyy
1628,113,1646.0,2.6067635010453034,5,33,26,0,rrrrrrrrrrrr
1629,114,1494.0,2.657985934863806,5,35,25,0,rrrrrrrrrrrr
1630,115,1453.0,2.610129268033477,0,30,29,0,GGgrrrGGgrrr
1631,114,1368.0,2.6574677468889014,0,28,24,1,GGgrrrGGgrrr
1632,115,1368.0,2.7486610586988847,0,28,28,2,GGgrrrGGgrrr
1633,114,1369.0,2.7870482852311387,0,26,29,3,GGgrrrGGgrrr
1634,114,1368.0,2.8839428600825463,0,23,30,4,GGgrrrGGgrrr
1635,114,1393.0,2.843957501401445,0,24,30,5,GGgrrrGGgrrr
1636,114,1233.0,2.9214216417864445,0,24,30,6,GGgrrrGGgrrr
1637,113,1235.0,2.7518873084761784,0,24,32,7,GGgrrrGGgrrr
1638,114,1091.0,2.7780703062772263,0,21,27,8,GGgrrrGGgrrr
1639,114,1032.0,2.8780431076388515,0,21,27,9,GGgrrrGGgrrr
1640,114,1032.0,2.8720393170419536,0,21,31,10,GGgrrrGGgrrr
1641,113,1045.0,2.835645707142855,0,21,32,11,GGgrrrGGgrrr
1642,113,1049.0,2.7506995835697716,0,20,34,12,GGgrrrGGgrrr
1643,113,1053.0,2.784983015902338,0,21,34,13,GGgrrrGGgrrr
1644,111,994.0,2.6560330891167645,0,20,31,14,GGgrrrGGgrrr
1645,112,1014.0,2.7202006721158414,0,18,37,15,GGgrrrGGgrrr
1646,113,1035.0,2.8219153634973058,0,18,37,16,GGgrrrGGgrrr
1647,114,1083.0,2.9223141244297217,0,19,36,17,GGgrrrGGgrrr
1648,114,1112.0,2.8642390472715356,0,16,39,18,GGgrrrGGgrrr
1649,112,1144.0,2.729528862077473,0,16,39,19,GGgrrrGGgrrr
1650,113,1174.0,2.7751568057745133,1,15,41,0,yyyrrryyyrrr
1651,112,1203.0,2.7282581681181854,1,14,41,0,yyyrrryyyrrr
1652,112,1183.0,2.814139492324062,1,14,41,0,yyyrrryyyrrr
1653,112,1234.0,2.8446784601825277,2,15,41,0,rrrrrrrrrrrr
1654,112,1268.0,2.880456330453294,2,14,44,0,rrrrrrrrrrrr
1655,113,1197.0,2.8703423738823513,3,15,39,0,rrrGGgrrrGGg
1656,113,1186.0,2.8757935112599347,3,13,40,1,rrrGGgrrrGGg
1657,115,880.0,2.865509041658488,3,15,32,2,rrrGGgrrrGGg
1658,116,844.0,2.8872853847631244,3,15,31,3,rrrGGgrrrGGg
1659,116,868.0,2.944739404434551,3,17,33,4,rrrGGgrrrGGg
1660,115,873.0,2.846657815546659,3,19,33,5,rrrGGgrrrGGg
1661,115,880.0,2.8882458263709267,3,18,32,6,rrrGGgrrrGGg
1662,115,887.0,2.984862549315148,3,18,32,7,rrrGGgrrrGGg
1663,114,871.0,2.9239234597612116,3,18,29,8,rrrGGgrrrGGg
1664,114,873.0,2.855018553129149,3,19,30,9,rrrGGgrrrGGg
1665,115,900.0,2.870141649884705,3,21,28,10,rrrGGgrrrGGg
1666,114,900.0,2.8714286608654582,3,19,28,11,rrrGGgrrrGGg
1667,112,676.0,2.7116152067168735,3,22,27,12,rrrGGgrrrGGg
1668,110,435.0,2.504677589669433,3,22,24,13,rrrGGgrrrGGg
1669,112,412.0,2.4593549611696974,3,24,26,14,rrrGGgrrrGGg
1670,112,432.0,2.479757722867182,3,24,25,15,rrrGGgrrrGGg
1671,111,454.0,2.4663873726926737,3,25,25,16,rrrGGgrrrGGg
1672,111,464.0,2.5587983847102738,3,26,25,17,rrrGGgrrrGGg
1673,110,490.0,2.5657863163863888,3,27,24,18,rrrGGgrrrGGg
1674,112,536.0,2.4232827214849055,3,30,27,19,rrrGGgrrrGGg
1675,111,557.0,2.4123995769001034,3,28,23,20,rrrGGgrrrGGg
1676,111,584.0,2.5044235642201857,4,29,23,0,rrryyyrrryyy
1677,110,632.0,2.4495905946344316,4,30,21,0,rrryyyrrryyy
1678,110,657.0,2.48009585463537,4,31,20,0,rrryyyrrryyy
1679,110,663.0,2.4161298133011155,5,32,17,0,rrrrrrrrrrrr
1680,110,695.0,2.407103143137134,5,33,20,0,rrrrrrrrrrrr
1681,110,646.0,2.367902796965694,0,32,19,0,GGgrrrGGgrrr
1682,111,608.0,2.3946965809196374,0,30,20,1,GGgrrrGGgrrr
1683,111,583.0,2.5446097295581556,0,27,20,2,GGgrrrGGgrrr
1684,112,560.0,2.6202574815884945,0,26,21,3,GGgrrrGGgrrr
1685,112,567.0,2.712127963176689,0,25,21,4,GGgrrrGGgrrr
1686,111,519.0,2.678453274062163,0,22,18,5,GGgrrrGGgrrr
1687,110,510.0,2.6163208787133976,0,21,21,6,GGgrrrGGgrrr
1688,110,504.0,2.53647774999251,0,22,24,7,GGgrrrGGgrrr
1689,110,502.0,2.581807422776733,0,20,26,8,GGgrrrGGgrrr
1690,110,522.0,2.5804832688718125,0,20,25,9,GGgrrrGGgrrr
1691,110,549.0,2.5958683868059675,0,20,28,10,GGgrrrGGgrrr
1692,109,564.0,2.452237422013805,0,21,30,11,GGgrrrGGgrrr
1693,109,559.0,2.4141449583031602,0,20,28,12,GGgrrrGGgrrr
1694,108,548.0,2.3683899840556073,0,19,26,13,GGgrrrGGgrrr
1695,109,563.0,2.4476109357955824,0,19,27,14,GGgrrrGGgrrr
1696,109,588.0,2.5566984101446386,0,19,28,15,GGgrrrGGgrrr
1697,110,604.0,2.6415234674037524,0,20,28,16,GGgrrrGGgrrr
1698,110,648.0,2.710549057744221,0,22,29,17,GGgrrrGGgrrr
1699,110,691.0,2.775577196172613,0,21,29,18,GGgrrrGGgrrr
1700,110,709.0,2.6818906890047627,0,21,30,19,GGgrrrGGgrrr
1701,109,663.0,2.5080713284210336,1,18,29,0,yyyrrryyyrrr
1702,110,617.0,2.5707018878838332,1,19,27,0,yyyrrryyyrrr
1703,109,571.0,2.525712197425235,1,17,28,0,yyyrrryyyrrr
1704,109,562.0,2.5714217201282494,2,15,29,0,rrrrrrrrrrrr
1705,110,586.0,2.541659792064965,2,18,31,0,rrrrrrrrrrrr
1706,110,556.0,2.52171348954926,3,17,31,0,rrrGGgrrrGGg
1707,110,539.0,2.5177744703963154,3,19,31,1,rrrGGgrrrGGg
1708,110,552.0,2.5190499676741296,3,18,29,2,rrrGGgrrrGGg
1709,111,550.0,2.5216242351161036,3,20,29,3,rrrGGgrrrGGg
1710,113,573.0,2.5145519290876632,3,24,29,4,rrrGGgrrrGGg
1711,113,554.0,2.6150567370560984,3,22,27,5,rrrGGgrrrGGg
1712,114,505.0,2.6741030525120784,3,23,24,6,rrrGGgrrrGGg
1713,113,499.0,2.6408585521977295,3,23,26,7,rrrGGgrrrGGg
1714,112,523.0,2.571248555519126,3,21,26,8,rrrGGgrrrGGg
1715,112,524.0,2.5195742168006303,3,23,25,9,rrrGGgrrrGGg
1716,113,526.0,2.526535231690522,3,25,25,10,rrrGGgrrrGGg
1717,114,552.0,2.4071295530619268,3,28,26,11,rrrGGgrrrGGg
1718,113,584.0,2.461979979009127,3,27,26,12,rrrGGgrrrGGg
1719,113,522.0,2.591702101739963,3,26,23,13,rrrGGgrrrGGg
1720,112,534.0,2.575311207689942,3,27,24,14,rrrGGgrrrGGg
1721,109,546.0,2.446668345198208,3,26,24,15,rrrGGgrrrGGg
1722,110,569.0,2.5757732455166904,3,28,24,16,rrrGGgrrrGGg
1723,108,594.0,2.4959260765288303,3,26,24,17,rrrGGgrrrGGg
1724,108,624.0,2.5764368847678423,3,28,24,18,rrrGGgrrrGGg
1725,109,677.0,2.6517751275340333,3,30,24,19,rrrGGgrrrGGg
1726,109,675.0,2.7492963926343985,4,30,22,0,rrryyyrrryyy
1727,110,703.0,2.7797672515746785,4,31,22,0,rrryyyrrryyy
1728,109,732.0,2.6969236816657074,4,31,21,0,rrryyyrrryyy
1729,108,763.0,2.608470435670538,5,32,21,0,rrrrrrrrrrrr
1730,108,820.0,2.689615627610801,5,34,23,0,rrrrrrrrrrrr
1731,108,768.0,2.640579244017118,0,30,23,0,GGgrrrGGgrrr
1732,109,727.0,2.6736849025511966,0,28,22,1,GGgrrrGGgrrr
1733,109,701.0,2.6743780461059954,0,26,22,2,GGgrrrGGgrrr
1734,109,674.0,2.740266628202901,0,25,21,3,GGgrrrGGgrrr
1735,110,671.0,2.661483696664622,0,27,21,4,GGgrrrGGgrrr
1736,111,581.0,2.7748231423067264,0,24,21,5,GGgrrrGGgrrr
1737,111,505.0,2.8378705567187317,0,23,18,6,GGgrrrGGgrrr
1738,111,487.0,2.9154963753096474,0,23,15,7,GGgrrrGGgrrr
1739,111,445.0,2.8506135061517237,0,24,15,8,GGgrrrGGgrrr
1740,112,439.0,2.9061712363135106,0,21,19,9,GGgrrrGGgrrr
1741,113,427.0,2.847083888760021,0,21,22,10,GGgrrrGGgrrr
1742,111,414.0,2.697576943776523,0,22,20,11,GGgrrrGGgrrr
1743,111,403.0,2.6768760560958804,0,20,20,12,GGgrrrGGgrrr
1744,111,412.0,2.6132715762910346,0,21,21,13,GGgrrrGGgrrr
1745,110,421.0,2.6289880445671363,0,21,22,14,GGgrrrGGgrrr
1746,111,417.0,2.6597775148554046,0,21,25,15,GGgrrrGGgrrr
1747,110,426.0,2.6684859577791453,0,19,23,16,GGgrrrGGgrrr
1748,110,425.0,2.6019545428154602,0,18,23,17,GGgrrrGGgrrr
1749,110,428.0,2.693904772009381,0,18,22,18,GGgrrrGGgrrr
1750,110,420.0,2.785764793653896,0,18,19,19,GGgrrrGGgrrr
1751,111,433.0,2.8804260943314097,0,18,22,20,GGgrrrGGgrrr
1752,110,445.0,2.8263095673132286,0,16,23,21,GGgrrrGGgrrr
1753,110,457.0,2.934529859257705,1,15,23,0,yyyrrryyyrrr
1754,110,475.0,2.867829465423455,1,17,24,0,yyyrrryyyrrr
1755,110,496.0,2.9286128657906767,1,18,24,0,yyyrrryyyrrr
1756,110,519.0,2.948780873298394,2,18,26,0,rrrrrrrrrrrr
1757,110,560.0,2.964245838467128,2,21,26,0,rrrrrrrrrrrr
1758,111,536.0,2.963565582354294,3,23,25,0,rrrGGgrrrGGg
1759,112,493.0,2.98384355484889,3,22,24,1,rrrGGgrrrGGg
1760,113,505.0,2.9725058192888842,3,25,21,2,rrrGGgrrrGGg
1761,113,500.0,2.973817374663234,3,25,22,3,rrrGGgrrrGGg
1762,113,493.0,3.0031481393324864,3,26,21,4,rrrGGgrrrGGg
1763,112,485.0,2.9533140556906283,3,25,19,5,rrrGGgrrrGGg
1764,113,508.0,2.9857757200226462,3,26,21,6,rrrGGgrrrGGg
1765,111,526.0,2.8006998352500894,3,26,22,7,rrrGGgrrrGGg
1766,111,518.0,2.788134818303905,3,26,19,8,rrrGGgrrrGGg
1767,111,514.0,2.767107356405344,3,26,18,9,rrrGGgrrrGGg
1768,110,496.0,2.5009442003932203,3,24,20,10,rrrGGgrrrGGg
1769,112,496.0,2.515449050449374,3,25,20,11,rrrGGgrrrGGg
1770,113,499.0,2.547588041858085,3,26,20,12,rrrGGgrrrGGg
1771,113,502.0,2.536622937588216,3,26,22,13,rrrGGgrrrGGg
1772,113,554.0,2.55551026603775,3,26,24,14,rrrGGgrrrGGg
1773,111,561.0,2.3993689808531498,3,25,25,15,rrrGGgrrrGGg
1774,111,545.0,2.4411363390610523,3,24,24,16,rrrGGgrrrGGg
1775,110,593.0,2.389592909774459,3,24,26,17,rrrGGgrrrGGg
1776,110,616.0,2.3432489404026615,3,27,25,18,rrrGGgrrrGGg
1777,109,645.0,2.2266799310296665,3,26,27,19,rrrGGgrrrGGg
1778,109,677.0,2.1961492622119114,3,28,26,20,rrrGGgrrrGGg
1779,107,709.0,1.9885640380466993,3,27,26,21,rrrGGgrrrGGg
1780,107,729.0,2.0244372701819455,3,28,27,22,rrrGGgrrrGGg
1781,108,748.0,2.044055575644264,3,30,26,23,rrrGGgrrrGGg
1782,107,767.0,2.0306160253175607,3,29,25,24,rrrGGgrrrGGg
1783,107,812.0,2.0797817685576137,3,30,25,25,rrrGGgrrrGGg
1784,108,836.0,2.072898562768264,4,31,26,0,rrryyyrrryyy
1785,108,861.0,2.141415871554058,4,32,24,0,rrryyyrrryyy
1786,109,894.0,2.1720365793012544,4,34,23,0,rrryyyrrryyy
1787,109,930.0,2.2556439371634025,5,34,24,0,rrrrrrrrrrrr
1788,109,959.0,2.351555282422906,5,35,24,0,rrrrrrrrrrrr
1789,111,851.0,2.383457324253001,0,32,25,0,GGgrrrGGgrrr
1790,110,765.0,2.3189258250359557,0,28,20,1,GGgrrrGGgrrr
1791,112,682.0,2.3510482207366943,0,28,19,2,GGgrrrGGgrrr
1792,110,617.0,2.244156040431783,0,26,18,3,GGgrrrGGgrrr
1793,109,596.0,2.164118342850823,0,24,20,4,GGgrrrGGgrrr
1794,109,543.0,2.215753990723132,0,22,19,5,GGgrrrGGgrrr
1795,109,497.0,2.28679867477254,0,22,23,6,GGgrrrGGgrrr
1796,110,478.0,2.352547230236685,0,22,21,7,GGgrrrGGgrrr
1797,110,485.0,2.4481334968135253,0,21,20,8,GGgrrrGGgrrr
1798,110,481.0,2.5072146281384433,0,21,23,9,GGgrrrGGgrrr
1799,110,499.0,2.431974594230314,0,22,22,10,GGgrrrGGgrrr
1800,109,531.0,2.399137449259548,0,24,21,11,GGgrrrGGgrrr
1801,110,564.0,2.4254229822563693,0,27,20,12,GGgrrrGGgrrr
1802,109,610.0,2.3658490858312224,0,27,21,13,GGgrrrGGgrrr
1803,110,655.0,2.417686619888081,0,28,22,14,GGgrrrGGgrrr
1804,110,692.0,2.4078264369153657,0,31,23,15,GGgrrrGGgrrr
1805,110,699.0,2.5495877898576844,0,30,24,16,GGgrrrGGgrrr
1806,110,741.0,2.646520963602827,0,29,24,17,GGgrrrGGgrrr
1807,111,786.0,2.580241668600564,0,32,25,18,GGgrrrGGgrrr
1808,111,831.0,2.6764617725674027,0,30,25,19,GGgrrrGGgrrr
1809,111,865.0,2.7440498144116607,0,31,24,20,GGgrrrGGgrrr
1810,111,880.0,2.8161241718608414,0,31,24,21,GGgrrrGGgrrr
1811,111,931.0,2.793475446063774,0,30,25,22,GGgrrrGGgrrr
1812,112,980.0,2.7214975617122072,0,32,29,23,GGgrrrGGgrrr
1813,113,1028.0,2.7669485191620624,0,31,28,24,GGgrrrGGgrrr
1814,112,1078.0,2.7673603179164465,0,30,27,25,GGgrrrGGgrrr
1815,112,1128.0,2.8170552740755945,0,30,27,26,GGgrrrGGgrrr
1816,112,1189.0,2.8435595592341913,0,30,30,27,GGgrrrGGgrrr
1817,113,1249.0,2.7994278510171915,0,32,29,28,GGgrrrGGgrrr
1818,113,1309.0,2.8436407117444245,0,32,29,29,GGgrrrGGgrrr
1819,115,1335.0,2.8469499546369197,0,32,34,30,GGgrrrGGgrrr
1820,115,1330.0,2.878121584594914,0,30,32,31,GGgrrrGGgrrr
1821,114,1332.0,2.7025419219594804,0,29,35,32,GGgrrrGGgrrr
1822,114,1334.0,2.5617645384407193,1,28,34,0,yyyrrryyyrrr
1823,114,1343.0,2.606829445737135,1,26,36,0,yyyrrryyyrrr
1824,112,1395.0,2.4416574591747064,1,26,33,0,yyyrrryyyrrr
1825,111,1456.0,2.1992366480996597,2,28,35,0,rrrrrrrrrrrr
1826,112,1462.0,2.20705618225153,2,27,38,0,rrrrrrrrrrrr
1827,111,1359.0,2.1602642044313782,3,27,36,0,rrrGGgrrrGGg
1828,111,1305.0,2.2780157954617675,3,27,35,1,rrrGGgrrrGGg
1829,110,1258.0,2.261462450700119,3,26,34,2,rrrGGgrrrGGg
1830,111,1212.0,2.319882513066482,3,27,32,3,rrrGGgrrrGGg
1831,111,1218.0,2.29966106665487,3,26,31,4,rrrGGgrrrGGg
1832,110,1198.0,2.23148734393922,3,27,30,5,rrrGGgrrrGGg
1833,108,1168.0,2.131888800960609,3,25,31,6,rrrGGgrrrGGg
1834,109,1219.0,2.2270397328279676,3,27,32,7,rrrGGgrrrGGg
1835,108,1224.0,2.203232883339548,3,26,29,8,rrrGGgrrrGGg
1836,109,1138.0,2.3227006134325223,3,24,30,9,rrrGGgrrrGGg
1837,107,1103.0,2.1429364591827356,3,25,28,10,rrrGGgrrrGGg
1838,108,1069.0,2.2656117593726073,3,26,27,11,rrrGGgrrrGGg
1839,109,1071.0,2.4078381855979925,3,25,28,12,rrrGGgrrrGGg
1840,109,1036.0,2.544477665107442,3,25,26,13,rrrGGgrrrGGg
1841,110,1049.0,2.6595531434290933,3,25,26,14,rrrGGgrrrGGg
1842,111,1015.0,2.7843834582816096,3,27,24,15,rrrGGgrrrGGg
1843,111,1029.0,2.869621304195124,3,27,23,16,rrrGGgrrrGGg
1844,112,949.0,2.8878453043653556,3,27,23,17,rrrGGgrrrGGg
1845,111,963.0,2.853438979244424,3,27,21,18,rrrGGgrrrGGg
1846,112,930.0,2.952565010004512,3,28,23,19,rrrGGgrrrGGg
1847,112,943.0,2.912180995621234,4,31,20,0,rrryyyrrryyy
1848,112,994.0,2.939116997842078,4,32,20,0,rrryyyrrryyy
1849,113,995.0,2.974042921310583,4,31,22,0,rrryyyrrryyy
1850,114,963.0,2.9851227785442793,5,32,21,0,rrrrrrrrrrrr
1851,114,895.0,2.94024497646466,5,31,22,0,rrrrrrrrrrrr
1852,114,846.0,3.020983644836241,0,30,22,0,GGgrrrGGgrrr
1853,115,768.0,3.107652434192674,0,27,20,1,GGgrrrGGgrrr
1854,116,700.0,3.2065577068369446,0,23,23,2,GGgrrrGGgrrr
1855,116,648.0,3.2520642864432165,0,21,22,3,GGgrrrGGgrrr
1856,117,618.0,3.3074066806736613,0,20,23,4,GGgrrrGGgrrr
1857,116,624.0,3.3588496628150897,0,18,23,5,GGgrrrGGgrrr
1858,117,637.0,3.4120850647789736,0,18,23,6,GGgrrrGGgrrr
1859,115,651.0,3.339728775943764,0,17,23,7,GGgrrrGGgrrr
1860,114,634.0,3.346172804453706,0,17,23,8,GGgrrrGGgrrr
1861,115,617.0,3.223363853044771,0,17,25,9,GGgrrrGGgrrr
1862,115,663.0,3.1419966120325826,0,20,25,10,GGgrrrGGgrrr
1863,116,610.0,3.2025450939382423,0,20,23,11,GGgrrrGGgrrr
1864,114,633.0,3.121849913908688,0,21,25,12,GGgrrrGGgrrr
1865,113,642.0,3.083612035483842,0,22,24,13,GGgrrrGGgrrr
1866,114,652.0,3.137189308215829,0,22,26,14,GGgrrrGGgrrr
1867,114,625.0,3.1006306754621695,0,22,24,15,GGgrrrGGgrrr
1868,115,599.0,3.1374189091928226,0,23,24,16,GGgrrrGGgrrr
1869,115,576.0,3.17473908203251,0,22,25,17,GGgrrrGGgrrr
1870,115,612.0,3.202797719129133,0,22,25,18,GGgrrrGGgrrr
1871,114,553.0,3.0460929891276343,0,22,26,19,GGgrrrGGgrrr
1872,114,575.0,3.149252099221057,0,19,28,20,GGgrrrGGgrrr
1873,114,599.0,3.1973751507762813,1,19,29,0,yyyrrryyyrrr
1874,115,627.0,3.2209612179962317,1,21,29,0,yyyrrryyyrrr
1875,115,651.0,3.1367281588946923,1,23,29,0,yyyrrryyyrrr
1876,116,644.0,3.1556389033411296,2,23,32,0,rrrrrrrrrrrr
1877,116,648.0,3.172876892689441,2,23,31,0,rrrrrrrrrrrr
1878,116,606.0,3.175952885388998,3,21,30,0,rrrGGgrrrGGg
1879,116,572.0,3.0851605434885463,3,23,28,1,rrrGGgrrrGGg
1880,117,547.0,3.097619421669296,3,22,29,2,rrrGGgrrrGGg
1881,117,509.0,3.0969731844465795,3,21,27,3,rrrGGgrrrGGg
1882,117,507.0,3.1269924123470534,3,25,24,4,rrrGGgrrrGGg
1883,118,503.0,3.015366604003254,3,28,24,5,rrrGGgrrrGGg
1884,117,528.0,2.810476968509506,3,28,24,6,rrrGGgrrrGGg
1885,117,559.0,2.593510828983821,3,28,29,7,rrrGGgrrrGGg
1886,116,559.0,2.51273462247943,3,29,26,8,rrrGGgrrrGGg
1887,115,571.0,2.4472483059707404,3,30,29,9,rrrGGgrrrGGg
1888,115,614.0,2.3495559418718623,3,30,33,10,rrrGGgrrrGGg
1889,117,629.0,2.252572650672653,3,32,33,11,rrrGGgrrrGGg
1890,116,609.0,2.1903244680286904,3,26,31,12,rrrGGgrrrGGg
1891,116,615.0,2.15683769591474,3,26,32,13,rrrGGgrrrGGg
1892,114,597.0,2.029885246154088,3,21,33,14,rrrGGgrrrGGg
1893,116,597.0,2.111313269850671,3,23,36,15,rrrGGgrrrGGg
1894,117,624.0,2.117267646434818,3,24,32,16,rrrGGgrrrGGg
1895,116,663.0,2.049757630875306,3,23,36,17,rrrGGgrrrGGg
1896,116,702.0,2.075658024515582,3,24,36,18,rrrGGgrrrGGg
1897,116,753.0,2.0433084351841493,3,25,37,19,rrrGGgrrrGGg
1898,116,820.0,1.9877760094902213,3,29,39,20,rrrGGgrrrGGg
1899,118,867.0,2.022252170238703,3,29,38,21,rrrGGgrrrGGg
1900,118,911.0,2.0626331738854993,3,31,38,22,rrrGGgrrrGGg
1901,117,925.0,2.0256552764967526,3,29,38,23,rrrGGgrrrGGg
1902,117,924.0,2.0804678645459758,3,27,36,24,rrrGGgrrrGGg
1903,118,951.0,2.113046562763163,3,31,38,25,rrrGGgrrrGGg
1904,118,977.0,2.1285875316733907,3,33,38,26,rrrGGgrrrGGg
1905,119,1006.0,2.2202837051515147,3,36,38,27,rrrGGgrrrGGg
1906,120,1029.0,2.292673660298532,3,33,38,28,rrrGGgrrrGGg
1907,120,1081.0,2.3429883552820523,3,36,37,29,rrrGGgrrrGGg
1908,121,1136.0,2.397527198197122,3,36,38,30,rrrGGgrrrGGg
1909,121,1210.0,2.496387997035856,3,39,37,31,rrrGGgrrrGGg
1910,121,1241.0,2.5028667866061505,3,39,37,32,rrrGGgrrrGGg
1911,121,1279.0,2.62632827560253,3,42,36,33,rrrGGgrrrGGg
1912,121,1331.0,2.6048938437954376,4,41,36,0,rrryyyrrryyy
1913,122,1369.0,2.644573584361242,4,43,37,0,rrryyyrrryyy
1914,122,1435.0,2.7099624613469935,4,44,36,0,rrryyyrrryyy
1915,122,1503.0,2.718716716671515,5,46,37,0,rrrrrrrrrrrr
1916,122,1569.0,2.7211348611092854,5,45,37,0,rrrrrrrrrrrr
1917,123,1506.0,2.7491434429189447,0,43,37,0,GGgrrrGGgrrr
1918,123,1446.0,2.7453452037012713,0,40,37,1,GGgrrrGGgrrr
1919,124,1427.0,2.867442903869242,0,37,37,2,GGgrrrGGgrrr
1920,124,1412.0,2.854424551071092,0,37,37,3,GGgrrrGGgrrr
1921,122,1399.0,2.7432041714414677,0,33,37,4,GGgrrrGGgrrr
1922,121,1391.0,2.6827627203358246,0,30,39,5,GGgrrrGGgrrr
1923,122,1419.0,2.6797530591128904,0,30,41,6,GGgrrrGGgrrr
1924,122,1419.0,2.594549524965746,0,27,41,7,GGgrrrGGgrrr
1925,123,1409.0,2.640694589641939,0,30,39,8,GGgrrrGGgrrr
1926,121,1460.0,2.5087831085004146,0,30,41,9,GGgrrrGGgrrr
1927,120,1530.0,2.4492611667094915,0,31,41,10,GGgrrrGGgrrr
1928,119,1570.0,2.1611694817131673,0,30,44,11,GGgrrrGGgrrr
1929,119,1628.0,2.133931044462827,0,32,44,12,GGgrrrGGgrrr
1930,120,1682.0,2.1265614877146226,0,33,46,13,GGgrrrGGgrrr
1931,122,1740.0,2.090467075124185,0,37,46,14,GGgrrrGGgrrr
1932,122,1796.0,2.027009687161682,0,34,47,15,GGgrrrGGgrrr
1933,122,1868.0,2.086314898249104,0,37,48,16,GGgrrrGGgrrr
1934,121,1924.0,2.0999253370444193,0,36,47,17,GGgrrrGGgrrr
1935,120,1980.0,1.9716407216163256,0,36,47,18,GGgrrrGGgrrr
1936,120,2038.0,2.032974155455345,0,33,47,19,GGgrrrGGgrrr
1937,120,2108.0,1.9468085246170723,1,36,48,0,yyyrrryyyrrr
1938,119,2135.0,1.9488869487910716,1,34,48,0,yyyrrryyyrrr
1939,120,2124.0,1.9688098522187392,1,35,47,0,yyyrrryyyrrr
1940,121,2110.0,2.0296693094879807,2,36,45,0,rrrrrrrrrrrr
1941,121,2158.0,2.093086644636373,2,32,46,0,rrrrrrrrrrrr
1942,121,2139.0,2.1461935342055485,3,30,44,0,rrrGGgrrrGGg
1943,122,2145.0,2.224027593724525,3,31,41,1,rrrGGgrrrGGg
1944,122,2184.0,2.3246757716873208,3,31,40,2,rrrGGgrrrGGg
1945,123,2216.0,2.4049352163673623,3,32,38,3,rrrGGgrrrGGg
1946,123,2245.0,2.4409545694961046,3,30,39,4,rrrGGgrrrGGg
1947,125,2284.0,2.457664609237409,3,32,40,5,rrrGGgrrrGGg
1948,126,2352.0,2.4346443309947388,3,31,39,6,rrrGGgrrrGGg
1949,126,2402.0,2.4561065409347425,3,33,39,7,rrrGGgrrrGGg
1950,125,2452.0,2.292420882318548,3,35,38,8,rrrGGgrrrGGg
1951,125,2526.0,2.3492174314759353,3,35,38,9,rrrGGgrrrGGg
1952,125,2572.0,2.3218801492130434,3,36,36,10,rrrGGgrrrGGg
1953,126,2637.0,2.260779902729649,3,37,38,11,rrrGGgrrrGGg
1954,125,2711.0,2.130616510628559,3,39,36,12,rrrGGgrrrGGg
1955,126,2721.0,2.1756151030844197,3,40,37,13,rrrGGgrrrGGg
1956,127,2725.0,2.238227969901957,3,39,38,14,rrrGGgrrrGGg
1957,125,2739.0,2.1998098096553833,3,37,37,15,rrrGGgrrrGGg
1958,124,2769.0,2.126873600459422,3,38,38,16,rrrGGgrrrGGg
1959,123,2797.0,2.13413841044097,3,37,37,17,rrrGGgrrrGGg
1960,124,2872.0,2.0810631031941287,3,40,37,18,rrrGGgrrrGGg
1961,123,2948.0,2.0554853406429534,3,38,38,19,rrrGGgrrrGGg
1962,123,3026.0,2.1107796906469454,3,40,38,20,rrrGGgrrrGGg
1963,124,3106.0,2.1726833892394257,3,42,39,21,rrrGGgrrrGGg
1964,124,3187.0,2.1105088209759657,3,42,40,22,rrrGGgrrrGGg
1965,124,3250.0,2.137047107399113,3,42,39,23,rrrGGgrrrGGg
1966,125,3236.0,2.2012686818164435,3,43,37,24,rrrGGgrrrGGg
1967,125,3316.0,2.2529026220146045,4,43,37,0,rrryyyrrryyy
1968,126,3397.0,2.2731615570334323,4,44,38,0,rrryyyrrryyy
1969,126,3480.0,2.3323715763627226,4,45,38,0,rrryyyrrryyy
1970,126,3430.0,2.3977677711694065,5,47,36,0,rrrrrrrrrrrr
1971,128,3409.0,2.3459316607980556,5,49,35,0,rrrrrrrrrrrr
1972,128,3410.0,2.323813555605619,0,45,35,0,GGgrrrGGgrrr
1973,130,3440.0,2.3100456676404395,0,44,40,1,GGgrrrGGgrrr
1974,129,3471.0,2.274423359607586,0,42,39,2,GGgrrrGGgrrr
1975,129,3398.0,2.3255298930956845,0,41,38,3,GGgrrrGGgrrr
1976,130,3452.0,2.4003898808306974,0,42,40,4,GGgrrrGGgrrr
1977,128,3449.0,2.260241886052432,0,40,39,5,GGgrrrGGgrrr
1978,128,3412.0,2.1563076069635714,0,38,41,6,GGgrrrGGgrrr
1979,128,3488.0,2.1390170139605424,0,37,41,7,GGgrrrGGgrrr
1980,128,3534.0,2.1724579001682547,0,36,42,8,GGgrrrGGgrrr
1981,128,3588.0,2.065016610271904,0,36,44,9,GGgrrrGGgrrr
1982,128,3644.0,2.0704048718630963,0,34,46,10,GGgrrrGGgrrr
1983,129,3631.0,2.129795413072423,0,32,46,11,GGgrrrGGgrrr
1984,130,3483.0,2.213232124414999,0,31,46,12,GGgrrrGGgrrr
1985,129,3443.0,2.222685456525317,0,27,46,13,GGgrrrGGgrrr
1986,130,3425.0,2.2329330684772204,0,26,47,14,GGgrrrGGgrrr
1987,127,3499.0,1.870633974980057,0,25,49,15,GGgrrrGGgrrr
1988,127,3548.0,1.799490295023462,0,25,49,16,GGgrrrGGgrrr
1989,126,3627.0,1.7311654306868751,0,26,51,17,GGgrrrGGgrrr
1990,126,3655.0,1.8296289337114944,0,25,52,18,GGgrrrGGgrrr
1991,127,3733.0,1.8868493321672848,0,28,53,19,GGgrrrGGgrrr
1992,127,3789.0,1.960983727988497,1,26,54,0,yyyrrryyyrrr
1993,128,3845.0,1.979590421647069,1,26,55,0,yyyrrryyyrrr
1994,128,3901.0,2.022724742888423,1,24,55,0,yyyrrryyyrrr
1995,128,3957.0,2.098164374823234,2,23,55,0,rrrrrrrrrrrr
1996,127,4032.0,2.061656308402729,2,27,55,0,rrrrrrrrrrrr
1997,129,4042.0,2.1174068083189255,3,28,52,0,rrrGGgrrrGGg
1998,130,4067.0,2.1419713358115047,3,27,50,1,rrrGGgrrrGGg
1999,131,4108.0,2.185430791387898,3,27,49,2,rrrGGgrrrGGg
2000,131,4096.0,2.2412223797000235,3,27,47,3,rrrGGgrrrGGg
2001,131,4062.0,2.2984925133854466,3,29,44,4,rrrGGgrrrGGg
2002,131,4007.0,2.245101472420247,3,31,44,5,rrrGGgrrrGGg
2003,132,4059.0,2.2054507358455426,3,31,46,6,rrrGGgrrrGGg
2004,132,4113.0,2.201908482897487,3,33,44,7,rrrGGgrrrGGg
2005,131,4097.0,1.967788775014512,3,32,42,8,rrrGGgrrrGGg
2006,131,4031.0,1.982194664038392,3,30,41,9,rrrGGgrrrGGg
2007,132,3993.0,1.8914768616013773,3,32,41,10,rrrGGgrrrGGg
2008,131,3951.0,1.8057981423438092,3,32,42,11,rrrGGgrrrGGg
2009,131,4025.0,1.723666386304674,3,34,44,12,rrrGGgrrrGGg
2010,131,4100.0,1.7980021068027383,3,34,43,13,rrrGGgrrrGGg
2011,131,4152.0,1.8541089812170521,3,36,42,14,rrrGGgrrrGGg
2012,133,4183.0,1.7963203338309808,3,38,42,15,rrrGGgrrrGGg
2013,133,4231.0,1.8809841077128375,3,37,40,16,rrrGGgrrrGGg
2014,132,4195.0,1.8811741213504998,3,37,40,17,rrrGGgrrrGGg
2015,132,4266.0,1.9414720748165795,3,38,39,18,rrrGGgrrrGGg
2016,132,4344.0,1.9383978913982673,3,38,40,19,rrrGGgrrrGGg
2017,131,4422.0,1.7121189200450444,3,41,39,20,rrrGGgrrrGGg
2018,132,4503.0,1.7266125290483862,3,40,42,21,rrrGGgrrrGGg
2019,132,4586.0,1.7118706893398308,3,43,41,22,rrrGGgrrrGGg
2020,131,4655.0,1.6755492523032856,3,44,39,23,rrrGGgrrrGGg
2021,131,4724.0,1.7014442495470359,4,44,38,0,rrryyyrrryyy
2022,131,4808.0,1.7580111219612824,4,45,39,0,rrryyyrrryyy
2023,132,4826.0,1.6831219860531461,4,44,41,0,rrryyyrrryyy
2024,132,4762.0,1.7872495887942068,5,43,39,0,rrrrrrrrrrrr
2025,133,4644.0,1.817139257447841,5,43,39,0,rrrrrrrrrrrr
2026,134,4294.0,1.882855658083923,0,40,37,0,GGgrrrGGgrrr
2027,134,4097.0,1.9325845738698073,0,34,38,1,GGgrrrGGgrrr
2028,134,3943.0,1.9419682722863116,0,31,38,2,GGgrrrGGgrrr
2029,135,3898.0,1.847150001017765,0,32,40,3,GGgrrrGGgrrr
2030,135,3762.0,1.8961320775678603,0,31,40,4,GGgrrrGGgrrr
2031,134,3775.0,1.8886739488603261,0,32,41,5,GGgrrrGGgrrr
2032,134,3763.0,1.9466330519278021,0,31,42,6,GGgrrrGGgrrr
2033,134,3754.0,2.0019480075437444,0,32,42,7,GGgrrrGGgrrr
2034,135,3750.0,2.0463521056352767,0,33,43,8,GGgrrrGGgrrr
2035,134,3779.0,2.0579618564429216,0,31,44,9,GGgrrrGGgrrr
2036,134,3611.0,2.1196784740384076,0,31,42,10,GGgrrrGGgrrr
2037,133,3459.0,2.0998501801017873,0,32,42,11,GGgrrrGGgrrr
2038,133,3376.0,2.1454507744997784,0,32,44,12,GGgrrrGGgrrr
2039,133,3289.0,2.0740671247778084,0,35,46,13,GGgrrrGGgrrr
2040,132,3173.0,2.078777152823031,0,32,47,14,GGgrrrGGgrrr
2041,132,3035.0,2.130036458120268,0,33,48,15,GGgrrrGGgrrr
2042,132,2893.0,2.18845133223518,0,33,48,16,GGgrrrGGgrrr
2043,132,2778.0,2.283740208398455,0,34,47,17,GGgrrrGGgrrr
2044,131,2665.0,2.1425097331027816,0,33,48,18,GGgrrrGGgrrr
2045,130,2676.0,2.1237830214325393,0,33,47,19,GGgrrrGGgrrr
2046,129,2551.0,2.1117383089591755,1,33,47,0,yyyrrryyyrrr
2047,127,2441.0,2.026506705174734,1,32,48,0,yyyrrryyyrrr
2048,127,2357.0,2.037458666808987,1,32,50,0,yyyrrryyyrrr
2049,127,2220.0,1.9228218537969337,2,31,52,0,rrrrrrrrrrrr
2050,128,2148.0,1.9085567294997348,2,34,52,0,rrrrrrrrrrrr
2051,128,1987.0,1.8975082277143354,3,32,50,0,rrrGGgrrrGGg
2052,128,1853.0,1.8921177928357584,3,33,49,1,rrrGGgrrrGGg
2053,128,1757.0,1.897914655315934,3,34,49,2,rrrGGgrrrGGg
2054,128,1605.0,1.8673364622779298,3,33,49,3,rrrGGgrrrGGg
2055,128,1493.0,1.8409698872570137,3,30,48,4,rrrGGgrrrGGg
2056,128,1525.0,1.827034399535218,3,33,48,5,rrrGGgrrrGGg
2057,127,1553.0,1.747118188815104,3,32,48,6,rrrGGgrrrGGg
2058,128,1584.0,1.7873811333701157,3,33,48,7,rrrGGgrrrGGg
2059,128,1620.0,1.8341958448645181,3,35,46,8,rrrGGgrrrGGg
2060,127,1672.0,1.7928519397957465,3,35,46,9,rrrGGgrrrGGg
2061,126,1703.0,1.7921213989519105,3,35,45,10,rrrGGgrrrGGg
2062,126,1761.0,1.8761178422398987,3,35,44,11,rrrGGgrrrGGg
2063,126,1811.0,1.9396766657805047,3,35,44,12,rrrGGgrrrGGg
2064,126,1841.0,2.0112803720763464,3,34,43,13,rrrGGgrrrGGg
2065,127,1871.0,1.9600536399652597,3,33,43,14,rrrGGgrrrGGg
2066,125,1840.0,1.9235001902446662,3,33,39,15,rrrGGgrrrGGg
2067,124,1806.0,1.9422024469227879,3,34,36,16,rrrGGgrrrGGg
2068,124,1796.0,2.0337741721706233,3,34,35,17,rrrGGgrrrGGg
2069,124,1808.0,2.1592077220460895,3,34,33,18,rrrGGgrrrGGg
2070,125,1833.0,2.2638646870386365,3,36,34,19,rrrGGgrrrGGg
2071,124,1855.0,2.3094299132314924,3,35,33,20,rrrGGgrrrGGg
2072,123,1880.0,2.3448973849579957,3,36,33,21,rrrGGgrrrGGg
2073,123,1924.0,2.4439811821248925,3,37,34,22,rrrGGgrrrGGg
2074,123,1994.0,2.5320118144509247,3,38,34,23,rrrGGgrrrGGg
2075,123,2044.0,2.6313479054538607,3,37,33,24,rrrGGgrrrGGg
2076,122,2110.0,2.5593542168667165,3,39,32,25,rrrGGgrrrGGg
2077,122,2130.0,2.6649729380657603,4,39,30,0,rrryyyrrryyy
2078,122,2193.0,2.7079300091395355,4,39,31,0,rrryyyrrryyy
2079,122,2265.0,2.6897897696004733,4,40,32,0,rrryyyrrryyy
2080,122,2316.0,2.6604886341112928,5,41,32,0,rrrrrrrrrrrr
2081,122,2304.0,2.612389987929123,5,42,31,0,rrrrrrrrrrrr
2082,123,2122.0,2.5587643428846443,0,38,33,0,GGgrrrGGgrrr
2083,122,2099.0,2.351038239534371,0,37,33,1,GGgrrrGGgrrr
2084,122,2085.0,2.4550047415547347,0,34,35,2,GGgrrrGGgrrr
2085,121,2087.0,2.4660134703682437,0,31,37,3,GGgrrrGGgrrr
2086,121,2084.0,2.524191476767875,0,32,36,4,GGgrrrGGgrrr
2087,121,2079.0,2.5745500034179267,0,29,34,5,GGgrrrGGgrrr
2088,120,2082.0,2.518262186320422,0,28,36,6,GGgrrrGGgrrr
2089,119,2115.0,2.347851401517496,0,28,37,7,GGgrrrGGgrrr
2090,118,2115.0,2.3060910359759204,0,28,36,8,GGgrrrGGgrrr
2091,117,2108.0,2.2639034560962172,0,29,35,9,GGgrrrGGgrrr
2092,117,2104.0,2.334733272166283,0,30,36,10,GGgrrrGGgrrr
2093,116,2072.0,2.3126505635597385,0,30,35,11,GGgrrrGGgrrr
2094,114,2036.0,2.1612586413081583,0,33,34,12,GGgrrrGGgrrr
2095,116,1989.0,2.1572574061764738,0,32,35,13,GGgrrrGGgrrr
2096,115,1969.0,1.9485033656507111,0,34,33,14,GGgrrrGGgrrr
2097,115,1900.0,1.9753535430568376,0,33,32,15,GGgrrrGGgrrr
2098,115,1814.0,2.0122805854348047,0,34,29,16,GGgrrrGGgrrr
2099,114,1728.0,2.0102658006203584,0,34,27,17,GGgrrrGGgrrr
2100,114,1699.0,2.1224852548489186,0,33,31,18,GGgrrrGGgrrr
2101,113,1659.0,2.1159681398234156,0,31,29,19,GGgrrrGGgrrr
2102,112,1569.0,2.1282359497165624,0,30,29,20,GGgrrrGGgrrr
2103,113,1328.0,2.2041217931828676,0,30,27,21,GGgrrrGGgrrr
2104,113,1318.0,2.321717098354611,0,28,26,22,GGgrrrGGgrrr
2105,113,1327.0,2.434488635420583,0,28,28,23,GGgrrrGGgrrr
2106,114,1341.0,2.5343416987478835,0,28,28,24,GGgrrrGGgrrr
2107,114,1351.0,2.6488154685563425,0,26,28,25,GGgrrrGGgrrr
2108,115,1361.0,2.7759623249286833,0,24,29,26,GGgrrrGGgrrr
2109,115,1373.0,2.927642560203915,1,23,29,0,yyyrrryyyrrr
2110,116,1382.0,3.0608236478726116,1,21,29,0,yyyrrryyyrrr
2111,116,1161.0,3.231903573212595,1,21,27,0,yyyrrryyyrrr
2112,116,1170.0,3.332974903794627,2,19,28,0,rrrrrrrrrrrr
2113,116,1174.0,3.4537810200599326,2,18,27,0,rrrrrrrrrrrr
2114,116,1085.0,3.5768777201058732,3,17,25,0,rrrGGgrrrGGg
2115,115,1036.0,3.535987079426028,3,17,25,1,rrrGGgrrrGGg
2116,115,998.0,3.557061849358722,3,19,24,2,rrrGGgrrrGGg
2117,114,957.0,3.5702844481777287,3,17,22,3,rrrGGgrrrGGg
2118,114,965.0,3.621552473724185,3,19,22,4,rrrGGgrrrGGg
2119,113,937.0,3.5721169464953464,3,18,21,5,rrrGGgrrrGGg
2120,114,908.0,3.5098696617947898,3,18,21,6,rrrGGgrrrGGg
2121,112,888.0,3.1887895921659615,3,18,24,7,rrrGGgrrrGGg
2122,112,867.0,3.147396337615266,3,16,24,8,rrrGGgrrrGGg
2123,112,748.0,3.1289191867208017,3,14,27,9,rrrGGgrrrGGg
2124,112,447.0,2.996388629660898,3,13,28,10,rrrGGgrrrGGg
2125,113,430.0,3.000442573723297,3,12,29,11,rrrGGgrrrGGg
2126,112,444.0,2.883785728570733,3,12,31,12,rrrGGgrrrGGg
2127,114,469.0,2.799256743922392,3,13,34,13,rrrGGgrrrGGg
2128,114,508.0,2.6929613944339605,3,13,34,14,rrrGGgrrrGGg
2129,114,544.0,2.6557050900992256,3,14,34,15,rrrGGgrrrGGg
2130,113,588.0,2.547877115071372,3,14,35,16,rrrGGgrrrGGg
2131,112,603.0,2.4752413380984675,3,15,36,17,rrrGGgrrrGGg
2132,112,611.0,2.4174929299616896,3,16,36,18,rrrGGgrrrGGg
2133,112,622.0,2.3659674725972804,3,17,38,19,rrrGGgrrrGGg
2134,113,641.0,2.4271960152583953,3,18,37,20,rrrGGgrrrGGg
2135,112,637.0,2.3666398824933537,3,17,35,21,rrrGGgrrrGGg
2136,111,662.0,2.2713090425753197,3,18,39,22,rrrGGgrrrGGg
2137,112,685.0,2.2173977061834744,3,20,38,23,rrrGGgrrrGGg
2138,113,696.0,2.2020946880510865,3,21,39,24,rrrGGgrrrGGg
2139,113,687.0,2.2219151853229957,3,22,37,25,rrrGGgrrrGGg
2140,113,720.0,2.245106143909122,3,23,40,26,rrrGGgrrrGGg
2141,114,757.0,2.2935871510802235,3,25,41,27,rrrGGgrrrGGg
2142,115,794.0,2.3576195938533595,3,27,39,28,rrrGGgrrrGGg
2143,115,825.0,2.4347767550729555,3,27,38,29,rrrGGgrrrGGg
2144,115,874.0,2.5256628971086466,3,27,37,30,rrrGGgrrrGGg
2145,115,936.0,2.6160919688985325,3,28,37,31,rrrGGgrrrGGg
2146,115,935.0,2.7466431929595867,3,29,35,32,rrrGGgrrrGGg
2147,115,973.0,2.8084568386972864,3,30,35,33,rrrGGgrrrGGg
2148,113,1000.0,2.725957379411386,3,31,35,34,rrrGGgrrrGGg
2149,112,1004.0,2.7253807498923344,3,31,33,35,rrrGGgrrrGGg
2150,113,1053.0,2.6120841405751403,3,34,34,36,rrrGGgrrrGGg
2151,113,1107.0,2.5156157858198687,3,32,35,37,rrrGGgrrrGGg
2152,113,1145.0,2.5079777071445846,3,33,34,38,rrrGGgrrrGGg
2153,113,1188.0,2.3456718594637787,3,36,35,39,rrrGGgrrrGGg
2154,113,1181.0,2.3302910292097447,3,36,32,40,rrrGGgrrrGGg
2155,112,1208.0,2.239935721704143,3,38,31,41,rrrGGgrrrGGg
2156,112,1261.0,2.159773154038357,4,38,33,0,rrryyyrrryyy
2157,113,1307.0,2.1490020763802296,4,41,31,0,rrryyyrrryyy
2158,113,1353.0,2.1980849837632235,4,40,31,0,rrryyyrrryyy
2159,114,1401.0,2.0439886854726073,5,42,32,0,rrrrrrrrrrrr
2160,114,1452.0,2.042681043370986,5,42,32,0,rrrrrrrrrrrr
2161,115,1360.0,2.06935544921725,0,40,32,0,GGgrrrGGgrrr
2162,114,1270.0,2.0635221734043743,0,39,28,1,GGgrrrGGgrrr
2163,115,1271.0,2.0840192078151385,0,39,33,2,GGgrrrGGgrrr
2164,115,1258.0,2.174657470062318,0,36,34,3,GGgrrrGGgrrr
2165,114,1273.0,2.208139548472974,0,36,36,4,GGgrrrGGgrrr
2166,114,1292.0,2.1667369931195224,0,34,37,5,GGgrrrGGgrrr
2167,113,1344.0,2.123247605533638,0,34,35,6,GGgrrrGGgrrr
2168,113,1363.0,2.0312243660157896,0,33,35,7,GGgrrrGGgrrr
2169,113,1314.0,1.9252366955584224,0,32,37,8,GGgrrrGGgrrr
2170,113,1341.0,1.962065980364497,0,32,38,9,GGgrrrGGgrrr
2171,115,1419.0,1.9738233460874188,0,35,43,10,GGgrrrGGgrrr
2172,115,1405.0,2.021001186586705,0,35,43,11,GGgrrrGGgrrr
2173,116,1418.0,1.878284806330778,0,38,44,12,GGgrrrGGgrrr
2174,117,1494.0,1.8655101013146713,0,37,43,13,GGgrrrGGgrrr
2175,116,1528.0,1.7976227074535964,0,35,45,14,GGgrrrGGgrrr
2176,116,1567.0,1.8730265178475412,0,35,47,15,GGgrrrGGgrrr
2177,116,1522.0,1.939364365615431,0,35,47,16,GGgrrrGGgrrr
2178,117,1605.0,1.9911865686280874,0,36,48,17,GGgrrrGGgrrr
2179,116,1649.0,1.8474287777208664,0,36,52,18,GGgrrrGGgrrr
2180,115,1669.0,1.8505179359599782,0,33,51,19,GGgrrrGGgrrr
2181,114,1659.0,1.808379947626258,1,30,51,0,yyyrrryyyrrr
2182,114,1721.0,1.856217539780793,1,30,51,0,yyyrrryyyrrr
2183,115,1748.0,1.850077629457283,1,29,52,0,yyyrrryyyrrr
2184,115,1729.0,1.9180556052149254,2,27,52,0,rrrrrrrrrrrr
2185,115,1657.0,1.9836824373471607,2,27,50,0,rrrrrrrrrrrr
2186,115,1661.0,2.025915225702718,3,28,48,0,rrrGGgrrrGGg
2187,116,1657.0,2.0444990234969342,3,27,46,1,rrrGGgrrrGGg
2188,118,1630.0,2.0208293208698755,3,31,43,2,rrrGGgrrrGGg
2189,118,1629.0,2.0263914474873044,3,31,44,3,rrrGGgrrrGGg
2190,118,1628.0,2.078503552063953,3,32,43,4,rrrGGgrrrGGg
2191,118,1626.0,2.1449234675851843,3,32,40,5,rrrGGgrrrGGg
2192,118,1615.0,2.1668010830462894,3,33,40,6,rrrGGgrrrGGg
2193,119,1617.0,2.1930380083365235,3,31,40,7,rrrGGgrrrGGg
2194,119,1690.0,2.1585662507433514,3,33,41,8,rrrGGgrrrGGg
2195,118,1756.0,1.9995021796712837,3,34,41,9,rrrGGgrrrGGg
2196,118,1763.0,2.0584758569136543,3,31,39,10,rrrGGgrrrGGg
2197,117,1808.0,2.051190055305588,3,29,37,11,rrrGGgrrrGGg
2198,118,1793.0,2.1000431986330597,3,31,35,12,rrrGGgrrrGGg
2199,118,1792.0,2.187730903993886,3,27,35,13,rrrGGgrrrGGg
2200,118,1795.0,2.147389372410033,3,26,37,14,rrrGGgrrrGGg
2201,118,1801.0,2.219159611653399,3,25,38,15,rrrGGgrrrGGg
2202,119,1853.0,2.2440440186267607,3,29,37,16,rrrGGgrrrGGg
2203,120,1869.0,2.2933778680656625,3,33,37,17,rrrGGgrrrGGg
2204,121,1886.0,2.3129264278770796,3,32,38,18,rrrGGgrrrGGg
2205,122,1917.0,2.3805499754986483,3,33,36,19,rrrGGgrrrGGg
2206,122,1919.0,2.4913959470651608,3,34,33,20,rrrGGgrrrGGg
2207,121,1927.0,2.465948429647871,3,33,34,21,rrrGGgrrrGGg
2208,122,1941.0,2.524786223087909,3,34,34,22,rrrGGgrrrGGg
2209,120,1942.0,2.5029627167377484,3,32,35,23,rrrGGgrrrGGg
2210,122,1976.0,2.550648053940732,3,31,36,24,rrrGGgrrrGGg
2211,122,2024.0,2.6683469681298697,3,32,33,25,rrrGGgrrrGGg
2212,123,2091.0,2.791085918510337,3,35,34,26,rrrGGgrrrGGg
2213,124,2152.0,2.9184307152696,3,36,34,27,rrrGGgrrrGGg
2214,123,2208.0,2.8862071979822628,3,35,34,28,rrrGGgrrrGGg
2215,124,2266.0,2.8494735960694046,3,36,35,29,rrrGGgrrrGGg
2216,124,2178.0,2.8550356613144023,3,36,32,30,rrrGGgrrrGGg
2217,124,2236.0,2.91614800782645,3,37,33,31,rrrGGgrrrGGg
2218,125,2295.0,2.7869886585778114,3,38,34,32,rrrGGgrrrGGg
2219,125,2361.0,2.7575383045122766,3,38,33,33,rrrGGgrrrGGg
2220,126,2405.0,2.7569115489992284,4,37,34,0,rrryyyrrryyy
2221,124,2441.0,2.6495590625767464,4,37,35,0,rrryyyrrryyy
2222,124,2421.0,2.64567937246031,4,41,33,0,rrryyyrrryyy
2223,125,2413.0,2.6743561704919516,5,41,34,0,rrrrrrrrrrrr
2224,122,2466.0,2.4478011277019074,5,38,34,0,rrrrrrrrrrrr
2225,123,2398.0,2.433396035723264,0,38,37,0,GGgrrrGGgrrr
2226,123,2354.0,2.3757514291814283,0,35,37,1,GGgrrrGGgrrr
2227,122,2353.0,2.32603624306792,0,34,36,2,GGgrrrGGgrrr
2228,122,2276.0,2.2156927525524526,0,35,36,3,GGgrrrGGgrrr
2229,122,2204.0,2.234345070383772,0,37,37,4,GGgrrrGGgrrr
2230,123,2228.0,2.2703834981716255,0,36,38,5,GGgrrrGGgrrr
2231,123,2267.0,2.269060874553539,0,37,39,6,GGgrrrGGgrrr
2232,123,2310.0,2.2889273785763296,0,37,39,7,GGgrrrGGgrrr
2233,122,2341.0,2.275000543591234,0,38,39,8,GGgrrrGGgrrr
2234,123,2217.0,2.330879153544892,0,35,39,9,GGgrrrGGgrrr
2235,125,2275.0,2.202712765919925,0,34,41,10,GGgrrrGGgrrr
2236,125,2330.0,2.098708521504059,0,34,41,11,GGgrrrGGgrrr
2237,124,2402.0,1.9563599389502662,0,38,40,12,GGgrrrGGgrrr
2238,124,2466.0,1.9786702587742244,0,36,42,13,GGgrrrGGgrrr
2239,125,2516.0,1.9623105085096653,0,39,43,14,GGgrrrGGgrrr
2240,125,2593.0,1.9205729559411278,0,40,43,15,GGgrrrGGgrrr
2241,125,2520.0,1.779192759699316,0,42,43,16,GGgrrrGGgrrr
2242,124,2449.0,1.693760698126601,0,44,42,17,GGgrrrGGgrrr
2243,123,2342.0,1.6753039609601716,0,42,40,18,GGgrrrGGgrrr
2244,123,2289.0,1.596782520433107,0,41,40,19,GGgrrrGGgrrr
2245,122,2210.0,1.4555281828431499,0,38,39,20,GGgrrrGGgrrr
2246,122,2240.0,1.4723491772880746,0,37,41,21,GGgrrrGGgrrr
2247,122,2271.0,1.5331095411878415,0,38,41,22,GGgrrrGGgrrr
2248,122,2326.0,1.6094437286305565,0,40,42,23,GGgrrrGGgrrr
2249,124,2402.0,1.6187412934064542,0,42,44,24,GGgrrrGGgrrr
2250,124,2446.0,1.5862425859564133,0,42,43,25,GGgrrrGGgrrr
2251,124,2470.0,1.590522601260328,0,43,43,26,GGgrrrGGgrrr
2252,125,2522.0,1.5652887622071134,0,46,44,27,GGgrrrGGgrrr
2253,125,2576.0,1.6111701901431397,0,45,45,28,GGgrrrGGgrrr
2254,126,2663.0,1.6573403284209474,0,47,47,29,GGgrrrGGgrrr
2255,126,2720.0,1.7514001814005946,0,43,46,30,GGgrrrGGgrrr
2256,126,2785.0,1.7918921306171873,0,41,46,31,GGgrrrGGgrrr
2257,125,2854.0,1.6650713994423776,1,41,46,0,yyyrrryyyrrr
2258,125,2893.0,1.58478286945664,1,41,48,0,yyyrrryyyrrr
2259,126,2870.0,1.6312699190224387,1,41,48,0,yyyrrryyyrrr
2260,127,2892.0,1.6527828202763264,2,40,48,0,rrrrrrrrrrrr
2261,126,2925.0,1.5070303515803487,2,40,49,0,rrrrrrrrrrrr
2262,126,2896.0,1.5281445638050868,3,41,48,0,rrrGGgrrrGGg
2263,126,2858.0,1.5096298305305604,3,40,46,1,rrrGGgrrrGGg
2264,127,2829.0,1.5483429486256317,3,39,46,2,rrrGGgrrrGGg
2265,128,2760.0,1.6319950902105926,3,38,45,3,rrrGGgrrrGGg
2266,127,2800.0,1.6253973557337555,3,38,42,4,rrrGGgrrrGGg
2267,127,2847.0,1.6610959045501683,3,39,43,5,rrrGGgrrrGGg
2268,127,2893.0,1.6194282647582354,3,39,44,6,rrrGGgrrrGGg
2269,128,2976.0,1.4916829651062167,3,42,46,7,rrrGGgrrrGGg
2270,129,3029.0,1.5041323645928868,3,44,45,8,rrrGGgrrrGGg
2271,129,3085.0,1.5494557803163715,3,44,44,9,rrrGGgrrrGGg
2272,130,3146.0,1.5533021038395765,3,44,47,10,rrrGGgrrrGGg
2273,130,3201.0,1.5848287275939201,3,45,46,11,rrrGGgrrrGGg
2274,131,3290.0,1.52913940435414,3,47,48,12,rrrGGgrrrGGg
2275,130,3353.0,1.5221769331388495,3,47,48,13,rrrGGgrrrGGg
2276,130,3416.0,1.6210372246665676,3,48,47,14,rrrGGgrrrGGg
2277,131,3484.0,1.5944911338485235,3,50,48,15,rrrGGgrrrGGg
2278,131,3382.0,1.6645879798979484,3,49,46,16,rrrGGgrrrGGg
2279,131,3455.0,1.6031608897912462,3,50,46,17,rrrGGgrrrGGg
2280,131,3549.0,1.6572709614237746,3,50,45,18,rrrGGgrrrGGg
2281,131,3624.0,1.7556978165093136,3,50,45,19,rrrGGgrrrGGg
2282,131,3678.0,1.8370556051761575,4,49,46,0,rrryyyrrryyy
2283,131,3650.0,1.827855306333948,4,46,45,0,rrryyyrrryyy
2284,130,3588.0,1.6790504274479112,4,43,44,0,rrryyyrrryyy
2285,130,3580.0,1.725416984391585,5,39,47,0,rrrrrrrrrrrr
2286,130,3585.0,1.7811239221557538,5,39,43,0,rrrrrrrrrrrr
2287,130,3606.0,1.90395722778551,0,39,44,0,GGgrrrGGgrrr
2288,131,3616.0,1.9634224391023376,0,38,43,1,GGgrrrGGgrrr
2289,132,3666.0,2.0348963555895003,0,39,44,2,GGgrrrGGgrrr
2290,133,3701.0,2.0776738599733098,0,38,48,3,GGgrrrGGgrrr
2291,133,3714.0,2.1494147323160617,0,39,44,4,GGgrrrGGgrrr
2292,132,3745.0,2.067487866082286,0,39,44,5,GGgrrrGGgrrr
2293,132,3778.0,2.064329945342702,0,39,44,6,GGgrrrGGgrrr
2294,133,3837.0,2.026515888091734,0,41,45,7,GGgrrrGGgrrr
2295,133,3904.0,1.9114393395924028,0,39,47,8,GGgrrrGGgrrr
2296,132,3984.0,1.8207468161987488,0,39,48,9,GGgrrrGGgrrr
2297,132,4058.0,1.8078453215383354,0,38,49,10,GGgrrrGGgrrr
2298,131,4119.0,1.776471525668282,0,38,50,11,GGgrrrGGgrrr
2299,132,4143.0,1.803548642947533,0,40,49,12,GGgrrrGGgrrr
2300,132,4070.0,1.8529002011234361,0,34,49,13,GGgrrrGGgrrr
2301,132,4023.0,1.8985517272048757,0,33,49,14,GGgrrrGGgrrr
2302,133,4037.0,1.923517174934336,0,34,49,15,GGgrrrGGgrrr
2303,133,4052.0,1.9251285202363595,0,34,48,16,GGgrrrGGgrrr
2304,133,4079.0,1.8206517679922698,0,35,48,17,GGgrrrGGgrrr
2305,133,4120.0,1.779297270537162,0,35,48,18,GGgrrrGGgrrr
2306,131,4184.0,1.5676074793967107,0,37,50,19,GGgrrrGGgrrr
2307,132,4247.0,1.5787227248978546,1,37,52,0,yyyrrryyyrrr
2308,131,4334.0,1.5043680677022822,1,37,52,0,yyyrrryyyrrr
2309,131,4429.0,1.3886622871421404,1,42,53,0,yyyrrryyyrrr
2310,131,4497.0,1.3557384613421901,2,40,54,0,rrrrrrrrrrrr
2311,130,4480.0,1.3095520054137195,2,41,54,0,rrrrrrrrrrrr
2312,130,4226.0,1.3471621796084017,3,38,51,0,rrrGGgrrrGGg
2313,130,4252.0,1.4116011932609984,3,40,48,1,rrrGGgrrrGGg
2314,131,4279.0,1.4419890217470757,3,40,46,2,rrrGGgrrrGGg
2315,131,4332.0,1.4765717842070372,3,39,46,3,rrrGGgrrrGGg
2316,131,4417.0,1.4969950491739432,3,41,45,4,rrrGGgrrrGGg
2317,133,4481.0,1.527300124713658,3,44,48,5,rrrGGgrrrGGg
2318,132,4546.0,1.4349039025597916,3,43,47,6,rrrGGgrrrGGg
2319,133,4578.0,1.366451928097707,3,44,45,7,rrrGGgrrrGGg
2320,132,4625.0,1.2565206592668279,3,43,45,8,rrrGGgrrrGGg
2321,132,4692.0,1.2585668100309382,3,45,44,9,rrrGGgrrrGGg
2322,132,4758.0,1.2688847072028793,3,46,43,10,rrrGGgrrrGGg
2323,133,4818.0,1.2697752596652894,3,46,44,11,rrrGGgrrrGGg
2324,134,4883.0,1.207703202705467,3,50,43,12,rrrGGgrrrGGg
2325,134,4827.0,1.2708877896787776,3,47,42,13,rrrGGgrrrGGg
2326,133,4890.0,1.2232549984220626,3,47,41,14,rrrGGgrrrGGg
2327,133,4947.0,1.3103116325139728,3,48,40,15,rrrGGgrrrGGg
2328,134,5033.0,1.3941636220470415,3,50,40,16,rrrGGgrrrGGg
2329,134,4825.0,1.4135749565512579,3,52,35,17,rrrGGgrrrGGg
2330,134,4888.0,1.4995346453826444,3,53,34,18,rrrGGgrrrGGg
2331,134,4952.0,1.5540769143398392,3,53,34,19,rrrGGgrrrGGg
2332,135,5038.0,1.5821151964141693,4,56,33,0,rrryyyrrryyy
2333,135,5104.0,1.580696219226362,4,57,32,0,rrryyyrrryyy
2334,136,5171.0,1.5844830997364223,4,59,32,0,rrryyyrrryyy
2335,136,5242.0,1.5618012868339282,5,58,33,0,rrrrrrrrrrrr
2336,135,5174.0,1.5160920796194808,5,57,34,0,rrrrrrrrrrrr
2337,135,5174.0,1.5864248815011497,0,55,32,0,GGgrrrGGgrrr
2338,134,5202.0,1.5899816009959487,0,53,33,1,GGgrrrGGgrrr
2339,135,5247.0,1.6281898196961113,0,52,34,2,GGgrrrGGgrrr
2340,135,5306.0,1.6790944086073765,0,51,33,3,GGgrrrGGgrrr
2341,136,5374.0,1.731643436369003,0,51,35,4,GGgrrrGGgrrr
2342,135,5373.0,1.6696295433887227,0,49,36,5,GGgrrrGGgrrr
2343,135,5392.0,1.7331804108215192,0,47,37,6,GGgrrrGGgrrr
2344,136,5375.0,1.8111613574646332,0,48,37,7,GGgrrrGGgrrr
2345,136,5358.0,1.8796936952521133,0,45,38,8,GGgrrrGGgrrr
2346,136,5299.0,1.8419680688303446,0,42,39,9,GGgrrrGGgrrr
2347,135,5147.0,1.8380693171894502,0,38,41,10,GGgrrrGGgrrr
2348,135,5095.0,1.8750602230406928,0,36,40,11,GGgrrrGGgrrr
2349,135,5050.0,1.8601037483593785,0,35,42,12,GGgrrrGGgrrr
2350,135,5045.0,1.8502164192728083,0,33,42,13,GGgrrrGGgrrr
2351,134,5040.0,1.7442575325774716,0,34,44,14,GGgrrrGGgrrr
2352,134,4930.0,1.6918396568910588,0,35,45,15,GGgrrrGGgrrr
2353,134,4795.0,1.6567894906799316,0,38,44,16,GGgrrrGGgrrr
2354,135,4852.0,1.6333298878025893,0,37,46,17,GGgrrrGGgrrr
2355,133,4923.0,1.5028844339530534,0,38,47,18,GGgrrrGGgrrr
2356,133,5000.0,1.416469722104559,0,39,47,19,GGgrrrGGgrrr
2357,132,5077.0,1.332563011515894,1,40,48,0,yyyrrryyyrrr
2358,132,5155.0,1.3176183667504116,1,39,48,0,yyyrrryyyrrr
2359,130,5232.0,1.1122258339861146,1,39,49,0,yyyrrryyyrrr
2360,130,5312.0,1.1194437879312389,2,40,50,0,rrrrrrrrrrrr
2361,130,5390.0,1.1216834351526235,2,39,51,0,rrrrrrrrrrrr
2362,131,5256.0,1.1971167094267308,3,37,49,0,rrrGGgrrrGGg
2363,131,5131.0,1.255555266772913,3,34,46,1,rrrGGgrrrGGg
2364,131,4886.0,1.3182228728248127,3,32,44,2,rrrGGgrrrGGg
2365,131,4507.0,1.4086467559404012,3,30,41,3,rrrGGgrrrGGg
2366,131,4067.0,1.5048849990288407,3,30,37,4,rrrGGgrrrGGg
2367,131,3631.0,1.6194396385172385,3,31,34,5,rrrGGgrrrGGg
2368,132,3233.0,1.6383240976565805,3,36,33,6,rrrGGgrrrGGg
2369,131,2839.0,1.610468729992475,3,38,31,7,rrrGGgrrrGGg
2370,132,2569.0,1.6583864648996889,3,39,31,8,rrrGGgrrrGGg
2371,131,2201.0,1.5997563152847678,3,40,26,9,rrrGGgrrrGGg
2372,130,1707.0,1.616338720607874,3,40,26,10,rrrGGgrrrGGg
2373,130,1647.0,1.748745899684955,3,43,23,11,rrrGGgrrrGGg
2374,129,1521.0,1.796627529825912,3,39,22,12,rrrGGgrrrGGg
2375,129,1278.0,1.924501702537729,3,36,20,13,rrrGGgrrrGGg
2376,129,1080.0,2.0050008710867315,3,37,19,14,rrrGGgrrrGGg
2377,129,897.0,2.094638787977528,3,38,20,15,rrrGGgrrrGGg
2378,130,697.0,2.2005226628186816,3,39,20,16,rrrGGgrrrGGg
2379,130,730.0,2.300867463267886,3,44,17,17,rrrGGgrrrGGg
2380,131,763.0,2.414535534678367,3,45,17,18,rrrGGgrrrGGg
2381,129,804.0,2.336815957737818,3,47,16,19,rrrGGgrrrGGg
2382,130,844.0,2.4456914897425257,4,50,15,0,rrryyyrrryyy
2383,131,761.0,2.557090298073095,4,46,16,0,rrryyyrrryyy
2384,131,804.0,2.647525314405475,4,48,16,0,rrryyyrrryyy
2385,131,812.0,2.748906403501858,5,48,15,0,rrrrrrrrrrrr
2386,131,820.0,2.82157029488046,5,46,17,0,rrrrrrrrrrrr
2387,131,787.0,2.8801535736954187,0,42,17,0,GGgrrrGGgrrr
2388,133,821.0,2.880787585936565,0,43,22,1,GGgrrrGGgrrr
2389,133,835.0,2.920792654847838,0,43,22,2,GGgrrrGGgrrr
2390,133,872.0,2.915062913702763,0,48,23,3,GGgrrrGGgrrr
2391,132,909.0,2.8118232676519863,0,49,23,4,GGgrrrGGgrrr
2392,132,907.0,2.7468375591411727,0,48,24,5,GGgrrrGGgrrr
2393,133,943.0,2.539646393408553,0,48,28,6,GGgrrrGGgrrr
2394,134,982.0,2.4879933587877012,0,49,28,7,GGgrrrGGgrrr
2395,133,999.0,2.400131447790627,0,48,28,8,GGgrrrGGgrrr
2396,132,897.0,2.3481601495331916,0,42,28,9,GGgrrrGGgrrr
2397,131,947.0,2.2817120901698917,0,42,29,10,GGgrrrGGgrrr
2398,132,992.0,2.3270882210638932,0,40,32,11,GGgrrrGGgrrr
2399,132,1011.0,2.365707499645623,0,39,30,12,GGgrrrGGgrrr
2400,132,1041.0,2.408029915790826,0,39,32,13,GGgrrrGGgrrr
2401,132,1065.0,2.4631678721516463,0,39,31,14,GGgrrrGGgrrr
2402,132,1090.0,2.4083794932930758,0,39,32,15,GGgrrrGGgrrr
2403,132,1122.0,2.388201672726584,0,39,34,16,GGgrrrGGgrrr
2404,131,1170.0,2.435878413124355,0,39,33,17,GGgrrrGGgrrr
2405,131,1174.0,2.4477879669680456,0,38,32,18,GGgrrrGGgrrr
2406,131,1185.0,2.553092527917131,0,35,32,19,GGgrrrGGgrrr
2407,130,1126.0,2.5918266162083303,0,30,33,20,GGgrrrGGgrrr
2408,130,1151.0,2.623607887585206,0,29,34,21,GGgrrrGGgrrr
2409,128,1012.0,2.5516290942169872,1,26,35,0,yyyrrryyyrrr
2410,128,952.0,2.604567887035781,1,23,37,0,yyyrrryyyrrr
2411,127,905.0,2.582276837574936,1,20,37,0,yyyrrryyyrrr
2412,127,960.0,2.6258089299457854,2,20,39,0,rrrrrrrrrrrr
2413,131,1001.0,2.589434795226922,2,25,42,0,rrrrrrrrrrrr
2414,131,1004.0,2.655483638914491,3,25,38,0,rrrGGgrrrGGg
2415,131,990.0,2.650543862315821,3,26,39,1,rrrGGgrrrGGg
2416,132,974.0,2.655441708666116,3,28,37,2,rrrGGgrrrGGg
2417,132,978.0,2.717521116052128,3,30,37,3,rrrGGgrrrGGg
2418,134,1018.0,2.701327074934413,3,33,38,4,rrrGGgrrrGGg
2419,132,1006.0,2.5402561645916095,3,33,36,5,rrrGGgrrrGGg
2420,131,1027.0,2.4579077616080407,3,34,35,6,rrrGGgrrrGGg
2421,130,1061.0,2.390348138397109,3,35,36,7,rrrGGgrrrGGg
2422,130,1098.0,2.42028370680535,3,37,35,8,rrrGGgrrrGGg
2423,130,1103.0,2.4926883418791976,3,37,33,9,rrrGGgrrrGGg
2424,131,1080.0,2.537495132013607,3,36,34,10,rrrGGgrrrGGg
2425,130,1123.0,2.3869598545735506,3,37,33,11,rrrGGgrrrGGg
2426,129,1171.0,2.1903304313394036,3,39,35,12,rrrGGgrrrGGg
2427,128,1177.0,2.1480205777504073,3,39,36,13,rrrGGgrrrGGg
2428,128,1070.0,2.1289019165490832,3,36,36,14,rrrGGgrrrGGg
2429,128,982.0,2.2174040190084106,3,32,35,15,rrrGGgrrrGGg
2430,129,915.0,2.1885519908538145,3,29,37,16,rrrGGgrrrGGg
2431,127,868.0,1.9208461021443914,3,27,39,17,rrrGGgrrrGGg
2432,127,874.0,2.015919438776721,3,28,37,18,rrrGGgrrrGGg
2433,127,870.0,2.1040428361911427,3,28,39,19,rrrGGgrrrGGg
2434,127,894.0,2.090401306400247,3,29,38,20,rrrGGgrrrGGg
2435,128,910.0,2.1503661996105543,3,31,37,21,rrrGGgrrrGGg
2436,127,920.0,2.160459085264602,3,31,37,22,rrrGGgrrrGGg
2437,127,919.0,2.2395674319202845,3,30,39,23,rrrGGgrrrGGg
2438,129,958.0,2.2742557860438315,3,32,40,24,rrrGGgrrrGGg
2439,129,957.0,2.2906170471486895,3,32,39,25,rrrGGgrrrGGg
2440,129,951.0,2.3547382982583156,3,33,37,26,rrrGGgrrrGGg
2441,129,958.0,2.384073429780846,3,34,38,27,rrrGGgrrrGGg
2442,129,988.0,2.4567787090661533,3,35,39,28,rrrGGgrrrGGg
2443,129,999.0,2.5149607001389556,3,35,39,29,rrrGGgrrrGGg
2444,129,1021.0,2.5736805966109744,3,36,39,30,rrrGGgrrrGGg
2445,130,1044.0,2.593217605410841,3,34,39,31,rrrGGgrrrGGg
2446,129,1036.0,2.549300835352151,3,38,35,32,rrrGGgrrrGGg
2447,130,1073.0,2.631926389734577,3,41,36,33,rrrGGgrrrGGg
2448,130,1109.0,2.6961817743190006,4,42,35,0,rrryyyrrryyy
2449,129,1170.0,2.593801196866025,4,42,36,0,rrryyyrrryyy
2450,130,1198.0,2.5438111539784733,4,42,37,0,rrryyyrrryyy
2451,127,1208.0,2.318316073563714,5,42,35,0,rrrrrrrrrrrr
2452,127,1206.0,2.344570792262864,5,43,34,0,rrrrrrrrrrrr
2453,126,1084.0,2.253003043253511,0,39,36,0,GGgrrrGGgrrr
2454,125,1033.0,2.2419191368153397,0,39,37,1,GGgrrrGGgrrr
2455,125,1043.0,2.2729988243082038,0,38,37,2,GGgrrrGGgrrr
2456,124,1035.0,2.1113791521397047,0,37,39,3,GGgrrrGGgrrr
2457,124,1013.0,2.12792872660846,0,37,37,4,GGgrrrGGgrrr
2458,122,1002.0,1.9311197635439041,0,36,38,5,GGgrrrGGgrrr
2459,122,1077.0,1.7556946771356254,0,36,41,6,GGgrrrGGgrrr
2460,122,1117.0,1.8046314779932062,0,36,42,7,GGgrrrGGgrrr
2461,124,1157.0,1.8253048025161092,0,38,43,8,GGgrrrGGgrrr
2462,123,1184.0,1.8042977315564712,0,36,44,9,GGgrrrGGgrrr
2463,123,1219.0,1.8398674687558905,0,37,45,10,GGgrrrGGgrrr
2464,123,1264.0,1.7824500527377432,0,37,46,11,GGgrrrGGgrrr
2465,121,1349.0,1.6176694572303487,0,37,46,12,GGgrrrGGgrrr
2466,121,1399.0,1.661035511039443,0,36,48,13,GGgrrrGGgrrr
2467,121,1451.0,1.6868433287250395,0,35,49,14,GGgrrrGGgrrr
2468,121,1508.0,1.5800503448149439,0,36,52,15,GGgrrrGGgrrr
2469,122,1597.0,1.577911733293861,0,36,52,16,GGgrrrGGgrrr
2470,123,1653.0,1.6255756768823124,0,36,53,17,GGgrrrGGgrrr
2471,123,1643.0,1.7004139130907765,0,34,54,18,GGgrrrGGgrrr
2472,122,1685.0,1.629025819970462,0,32,55,19,GGgrrrGGgrrr
2473,121,1730.0,1.558197630698059,1,32,56,0,yyyrrryyyrrr
2474,122,1736.0,1.621081214163571,1,33,55,0,yyyrrryyyrrr
2475,123,1794.0,1.6477807346194455,1,32,56,0,yyyrrryyyrrr
2476,123,1883.0,1.616672595494102,2,34,55,0,rrrrrrrrrrrr
2477,123,1941.0,1.6000714769614133,2,34,55,0,rrrrrrrrrrrr
2478,123,1908.0,1.6261992911830876,3,34,53,0,rrrGGgrrrGGg
2479,123,1854.0,1.712753991370136,3,31,52,1,rrrGGgrrrGGg
2480,123,1803.0,1.748144024524098,3,30,50,2,rrrGGgrrrGGg
2481,123,1760.0,1.7811962333329807,3,27,49,3,rrrGGgrrrGGg
2482,123,1735.0,1.7769281793966045,3,28,47,4,rrrGGgrrrGGg
2483,123,1722.0,1.8465540882837332,3,26,47,5,rrrGGgrrrGGg
2484,124,1733.0,1.9115387500149674,3,28,48,6,rrrGGgrrrGGg
2485,124,1606.0,1.9978885782379177,3,26,44,7,rrrGGgrrrGGg
2486,122,1521.0,1.9143604872891091,3,28,41,8,rrrGGgrrrGGg
2487,122,1544.0,1.9596069296059713,3,28,42,9,rrrGGgrrrGGg
2488,123,1491.0,1.876118074484892,3,31,40,10,rrrGGgrrrGGg
2489,123,1465.0,1.839856931540523,3,30,41,11,rrrGGgrrrGGg
2490,123,1466.0,1.942076533085469,3,28,42,12,rrrGGgrrrGGg
2491,122,1470.0,1.9381677070875976,3,28,41,13,rrrGGgrrrGGg
2492,121,1482.0,1.9326124532731994,3,30,40,14,rrrGGgrrrGGg
2493,121,1510.0,1.8866128006062233,3,30,41,15,rrrGGgrrrGGg
2494,122,1564.0,1.9476248388202781,3,28,43,16,rrrGGgrrrGGg
2495,122,1563.0,2.0395065999522104,3,29,41,17,rrrGGgrrrGGg
2496,122,1616.0,2.139492057443746,3,29,41,18,rrrGGgrrrGGg
2497,122,1673.0,2.196320359744883,3,30,41,19,rrrGGgrrrGGg
2498,125,1726.0,2.176671552757601,3,33,42,20,rrrGGgrrrGGg
2499,127,1788.0,2.169392904592652,3,33,44,21,rrrGGgrrrGGg
2500,127,1847.0,2.2140557593476466,3,33,40,22,rrrGGgrrrGGg
2501,127,1871.0,2.304427958681245,3,34,40,23,rrrGGgrrrGGg
2502,127,1875.0,2.3855800823892457,3,33,37,24,rrrGGgrrrGGg
2503,127,1897.0,2.4817160693637947,3,35,36,25,rrrGGgrrrGGg
2504,129,1973.0,2.514197196661958,3,37,39,26,rrrGGgrrrGGg
2505,129,2047.0,2.3982618149249535,3,38,39,27,rrrGGgrrrGGg
2506,129,2123.0,2.3288214321834064,3,36,41,28,rrrGGgrrrGGg
2507,129,2130.0,2.2995754020826102,3,39,40,29,rrrGGgrrrGGg
2508,129,2137.0,2.2937791697164838,3,42,39,30,rrrGGgrrrGGg
2509,131,2151.0,2.257162638100145,3,44,39,31,rrrGGgrrrGGg
2510,131,2170.0,2.2626958114553677,4,44,38,0,rrryyyrrryyy
2511,132,2189.0,2.215557278092308,4,46,39,0,rrryyyrrryyy
2512,131,2276.0,2.133571807832651,4,46,41,0,rrryyyrrryyy
2513,129,2366.0,1.986570245188983,5,48,42,0,rrrrrrrrrrrr
2514,129,2458.0,1.865987777379057,5,49,44,0,rrrrrrrrrrrr
2515,128,2457.0,1.7831025704046515,0,48,43,0,GGgrrrGGgrrr
2516,127,2513.0,1.7124396839643397,0,47,44,1,GGgrrrGGgrrr
2517,128,2591.0,1.7094926287891619,0,48,45,2,GGgrrrGGgrrr
2518,127,2509.0,1.6398808810050207,0,47,43,3,GGgrrrGGgrrr
2519,130,2493.0,1.5817155875095381,0,47,46,4,GGgrrrGGgrrr
2520,130,2491.0,1.5941879776106533,0,44,48,5,GGgrrrGGgrrr
2521,130,2530.0,1.612773991447841,0,43,48,6,GGgrrrGGgrrr
2522,131,2573.0,1.6743087648789565,0,42,51,7,GGgrrrGGgrrr
2523,130,2665.0,1.6293672326565862,0,42,50,8,GGgrrrGGgrrr
2524,132,2760.0,1.618504650855028,0,43,52,9,GGgrrrGGgrrr
2525,130,2855.0,1.4322300680382571,0,42,54,10,GGgrrrGGgrrr
2526,130,2949.0,1.458847484217055,0,43,54,11,GGgrrrGGgrrr
2527,130,3046.0,1.4944252919329664,0,43,55,12,GGgrrrGGgrrr
2528,130,3114.0,1.5377831648609026,0,42,56,13,GGgrrrGGgrrr
2529,133,3158.0,1.5694716682579346,0,43,59,14,GGgrrrGGgrrr
2530,133,3257.0,1.6237617308281387,0,41,58,15,GGgrrrGGgrrr
2531,134,3357.0,1.6274716457500327,0,41,59,16,GGgrrrGGgrrr
2532,134,3457.0,1.6309071686364356,0,41,58,17,GGgrrrGGgrrr
2533,134,3559.0,1.693942315089256,0,41,59,18,GGgrrrGGgrrr
2534,136,3662.0,1.7552164596665372,0,42,61,19,GGgrrrGGgrrr
2535,135,3766.0,1.7195491788655612,1,41,60,0,yyyrrryyyrrr
2536,135,3871.0,1.7426589866400726,1,42,60,0,yyyrrryyyrrr
2537,135,3977.0,1.7690255671442705,1,42,61,0,yyyrrryyyrrr
2538,134,4013.0,1.7664765347508877,2,40,62,0,rrrrrrrrrrrr
2539,135,4020.0,1.7328860485775788,2,41,63,0,rrrrrrrrrrrr
2540,134,3888.0,1.6656977028130144,3,38,58,0,rrrGGgrrrGGg
2541,135,3869.0,1.6557244463424912,3,34,60,1,rrrGGgrrrGGg
2542,135,3857.0,1.7169967694394943,3,33,57,2,rrrGGgrrrGGg
2543,136,3770.0,1.7754620937939403,3,33,55,3,rrrGGgrrrGGg
2544,138,3753.0,1.8034089949173286,3,33,54,4,rrrGGgrrrGGg
2545,138,3779.0,1.7981449607744808,3,32,52,5,rrrGGgrrrGGg
2546,138,3743.0,1.8374715232948795,3,30,51,6,rrrGGgrrrGGg
2547,137,3714.0,1.8128483792236592,3,29,51,7,rrrGGgrrrGGg
2548,137,3699.0,1.8977519885377463,3,29,51,8,rrrGGgrrrGGg
2549,138,3684.0,1.9123995252590484,3,30,51,9,rrrGGgrrrGGg
2550,137,3763.0,1.920062064411989,3,29,51,10,rrrGGgrrrGGg
2551,137,3809.0,1.8299948323410435,3,29,50,11,rrrGGgrrrGGg
2552,136,3861.0,1.7007475575338595,3,32,48,12,rrrGGgrrrGGg
2553,136,3736.0,1.7515414104635088,3,32,46,13,rrrGGgrrrGGg
2554,138,3785.0,1.669233097372958,3,37,46,14,rrrGGgrrrGGg
2555,138,3834.0,1.661435721088853,3,35,44,15,rrrGGgrrrGGg
2556,138,3889.0,1.593994615102263,3,39,45,16,rrrGGgrrrGGg
2557,138,3974.0,1.6469999183851902,3,42,44,17,rrrGGgrrrGGg
2558,137,4029.0,1.6183495211770458,3,41,44,18,rrrGGgrrrGGg
2559,138,4103.0,1.6068996032822007,3,44,43,19,rrrGGgrrrGGg
2560,138,4191.0,1.622556682668482,3,45,43,20,rrrGGgrrrGGg
2561,138,4282.0,1.6362362824353516,3,48,43,21,rrrGGgrrrGGg
2562,138,4375.0,1.6989208213136815,4,50,43,0,rrryyyrrryyy
2563,139,4469.0,1.7959180246052142,4,51,44,0,rrryyyrrryyy
2564,140,4420.0,1.8321643436361013,4,53,42,0,rrryyyrrryyy
2565,140,4458.0,1.880629834097115,5,53,42,0,rrrrrrrrrrrr
2566,140,4498.0,1.927785061650779,5,55,42,0,rrrrrrrrrrrr
2567,140,4532.0,1.9913831565105162,0,52,44,0,GGgrrrGGgrrr
2568,141,4576.0,1.9897565815918976,0,50,44,1,GGgrrrGGgrrr
2569,142,4626.0,1.9593224675783796,0,47,47,2,GGgrrrGGgrrr
2570,141,4684.0,1.8728865332108244,0,44,48,3,GGgrrrGGgrrr
2571,141,4667.0,1.9220210863954945,0,43,50,4,GGgrrrGGgrrr
2572,139,4663.0,1.832751570556746,0,41,49,5,GGgrrrGGgrrr
2573,139,4755.0,1.9124418209915068,0,41,51,6,GGgrrrGGgrrr
2574,140,4813.0,1.948128872131362,0,40,51,7,GGgrrrGGgrrr
2575,141,4869.0,1.9974591258836387,0,37,53,8,GGgrrrGGgrrr
2576,140,4897.0,1.9797158223900324,0,34,53,9,GGgrrrGGgrrr
2577,140,4770.0,2.0739045248987673,0,32,52,10,GGgrrrGGgrrr
2578,140,4660.0,2.1711962161212064,0,30,53,11,GGgrrrGGgrrr
2579,140,4723.0,2.1500729876939366,0,31,53,12,GGgrrrGGgrrr
2580,140,4788.0,2.110256527334521,0,31,54,13,GGgrrrGGgrrr
2581,139,4853.0,2.0877170752058944,0,30,54,14,GGgrrrGGgrrr
2582,138,4922.0,2.026149266102739,0,29,56,15,GGgrrrGGgrrr
2583,137,4814.0,1.9325418654836413,0,29,55,16,GGgrrrGGgrrr
2584,139,4803.0,1.9268442833291213,0,27,57,17,GGgrrrGGgrrr
2585,139,4782.0,1.9910592033680483,0,28,57,18,GGgrrrGGgrrr
2586,139,4847.0,2.0577053506035456,0,28,60,19,GGgrrrGGgrrr
2587,138,4827.0,2.071273580237802,1,28,58,0,yyyrrryyyrrr
2588,136,4795.0,1.985127274155605,1,28,58,0,yyyrrryyyrrr
2589,137,4661.0,2.031968674569558,1,31,57,0,yyyrrryyyrrr
2590,137,4532.0,1.9052088599732204,2,31,57,0,rrrrrrrrrrrr
2591,137,4481.0,1.801707517718551,2,32,57,0,rrrrrrrrrrrr
2592,137,4265.0,1.7434802613809286,3,33,55,0,rrrGGgrrrGGg
2593,137,4164.0,1.7965608417359613,3,35,54,1,rrrGGgrrrGGg
2594,138,4133.0,1.8523694574513527,3,37,55,2,rrrGGgrrrGGg
2595,139,4035.0,1.8973945193843882,3,37,55,3,rrrGGgrrrGGg
2596,139,3913.0,1.941736873858964,3,37,52,4,rrrGGgrrrGGg
2597,139,3899.0,1.991738952088023,3,37,53,5,rrrGGgrrrGGg
2598,139,3796.0,2.057733181176484,3,39,51,6,rrrGGgrrrGGg
2599,139,3696.0,1.9975360820435772,3,40,48,7,rrrGGgrrrGGg
2600,139,3737.0,2.0263037791311547,3,40,47,8,rrrGGgrrrGGg
2601,139,3796.0,1.8271608422849555,3,43,48,9,rrrGGgrrrGGg
2602,138,3840.0,1.8162081203353693,3,43,48,10,rrrGGgrrrGGg
2603,138,3804.0,1.8430257187089911,3,42,49,11,rrrGGgrrrGGg
2604,138,3776.0,1.770350003441169,3,44,48,12,rrrGGgrrrGGg
2605,138,3844.0,1.837056082762264,3,45,48,13,rrrGGgrrrGGg
2606,136,3912.0,1.7749495526994157,3,45,48,14,rrrGGgrrrGGg
2607,136,3727.0,1.840411379397443,3,46,44,15,rrrGGgrrrGGg
2608,136,3818.0,1.8545889227732288,3,47,48,16,rrrGGgrrrGGg
2609,135,3883.0,1.8634900519708262,3,47,45,17,rrrGGgrrrGGg
2610,136,3848.0,1.9603031687556978,3,49,44,18,rrrGGgrrrGGg
2611,135,3892.0,1.95899613700381,3,48,42,19,rrrGGgrrrGGg
2612,135,3932.0,1.9697292830615842,4,48,40,0,rrryyyrrryyy
2613,134,3969.0,1.87786008690575,4,49,38,0,rrryyyrrryyy
2614,134,3840.0,1.7908713515272454,4,47,42,0,rrryyyrrryyy
2615,134,3742.0,1.7818091090160633,5,48,40,0,rrrrrrrrrrrr
2616,133,3404.0,1.742432208298461,5,46,39,0,rrrrrrrrrrrr
2617,133,3357.0,1.7757629069417589,0,43,39,0,GGgrrrGGgrrr
2618,134,3220.0,1.8095567228392742,0,40,44,1,GGgrrrGGgrrr
2619,134,3204.0,1.8804661512009222,0,38,47,2,GGgrrrGGgrrr
2620,136,3182.0,1.9594028527563727,0,37,43,3,GGgrrrGGgrrr
2621,136,3227.0,2.0173967701224678,0,35,45,4,GGgrrrGGgrrr
2622,135,3278.0,2.0670052636145857,0,36,48,5,GGgrrrGGgrrr
2623,135,3353.0,2.157666893015236,0,36,47,6,GGgrrrGGgrrr
2624,134,3250.0,2.1281668530941626,0,34,47,7,GGgrrrGGgrrr
2625,136,3145.0,2.1648690964730086,0,33,48,8,GGgrrrGGgrrr
2626,135,3048.0,2.131366701491394,0,33,50,9,GGgrrrGGgrrr
2627,134,2911.0,2.188163092163213,0,30,48,10,GGgrrrGGgrrr
2628,134,2559.0,2.2658896592028266,0,27,47,11,GGgrrrGGgrrr
2629,132,2625.0,2.0847733903687042,0,28,49,12,GGgrrrGGgrrr
2630,133,2671.0,2.079289556415025,0,28,50,13,GGgrrrGGgrrr
2631,131,2719.0,1.9547780199673148,0,27,50,14,GGgrrrGGgrrr
2632,132,2768.0,2.040388445891238,0,26,52,15,GGgrrrGGgrrr
2633,132,2823.0,2.125566308717217,0,24,52,16,GGgrrrGGgrrr
2634,131,2848.0,2.135183120804165,0,26,50,17,GGgrrrGGgrrr
2635,130,2906.0,2.023080424715189,0,26,53,18,GGgrrrGGgrrr
2636,130,2698.0,2.1094594331326695,0,26,51,19,GGgrrrGGgrrr
2637,131,2750.0,2.15486034164708,1,27,52,0,yyyrrryyyrrr
2638,132,2809.0,2.1957360262778844,1,28,53,0,yyyrrryyyrrr
2639,131,2876.0,2.1335437535403123,1,28,56,0,yyyrrryyyrrr
2640,131,2859.0,2.1752347557979057,2,29,52,0,rrrrrrrrrrrr
2641,130,2840.0,2.164348356888032,2,31,51,0,rrrrrrrrrrrr
2642,130,2825.0,2.2071718600770622,3,30,48,0,rrrGGgrrrGGg
2643,130,2835.0,2.27552449100229,3,30,48,1,rrrGGgrrrGGg
2644,130,2846.0,2.3559579553528653,3,29,48,2,rrrGGgrrrGGg
2645,131,2584.0,2.4459652314354052,3,30,44,3,rrrGGgrrrGGg
2646,131,2570.0,2.569829280849201,3,28,45,4,rrrGGgrrrGGg
2647,131,2436.0,2.6506677038305244,3,27,44,5,rrrGGgrrrGGg
2648,131,2230.0,2.705077489661095,3,23,42,6,rrrGGgrrrGGg
2649,130,1701.0,2.5359310018067807,3,24,35,7,rrrGGgrrrGGg
2650,129,1736.0,2.377951867437823,3,24,39,8,rrrGGgrrrGGg
2651,129,1752.0,2.3568092546836445,3,27,37,9,rrrGGgrrrGGg
2652,129,1791.0,2.3557517531806798,3,26,39,10,rrrGGgrrrGGg
2653,126,1817.0,2.0751684570379414,3,29,36,11,rrrGGgrrrGGg
2654,126,1646.0,2.1227775087725087,3,26,35,12,rrrGGgrrrGGg
2655,126,1495.0,2.1761990090686556,3,27,34,13,rrrGGgrrrGGg
2656,126,1374.0,2.2764259423072293,3,26,33,14,rrrGGgrrrGGg
2657,127,1250.0,2.237350379875117,3,27,36,15,rrrGGgrrrGGg
2658,127,851.0,2.3478294601033447,3,26,32,16,rrrGGgrrrGGg
2659,126,866.0,2.3761045713014792,3,26,32,17,rrrGGgrrrGGg
2660,125,884.0,2.4095791284716093,3,27,32,18,rrrGGgrrrGGg
2661,125,937.0,2.554737630300837,3,27,32,19,rrrGGgrrrGGg
2662,123,972.0,2.5164685297807172,3,28,31,20,rrrGGgrrrGGg
2663,122,982.0,2.49497391019197,3,29,28,21,rrrGGgrrrGGg
2664,123,1025.0,2.494518516638306,3,33,29,22,rrrGGgrrrGGg
2665,124,959.0,2.54727492565828,3,33,28,23,rrrGGgrrrGGg
2666,124,991.0,2.628566036007424,4,33,26,0,rrryyyrrryyy
2667,124,1023.0,2.732115817432753,4,32,26,0,rrryyyrrryyy
2668,124,1062.0,2.766051851234128,4,34,26,0,rrryyyrrryyy
2669,124,1075.0,2.6513438011747836,5,37,24,0,rrrrrrrrrrrr
2670,125,1020.0,2.579825683199208,5,37,24,0,rrrrrrrrrrrr
2671,126,958.0,2.5417943967250447,0,32,26,0,GGgrrrGGgrrr
2672,125,928.0,2.5166326240763803,0,31,28,1,GGgrrrGGgrrr
2673,125,912.0,2.6134432472548568,0,28,29,2,GGgrrrGGgrrr
2674,123,920.0,2.5331380844955884,0,27,29,3,GGgrrrGGgrrr
2675,123,951.0,2.6187999380644698,0,28,28,4,GGgrrrGGgrrr
2676,124,986.0,2.6802044379192975,0,27,30,5,GGgrrrGGgrrr
2677,124,1037.0,2.768078435463752,0,27,30,6,GGgrrrGGgrrr
2678,122,905.0,2.664952126192321,0,25,30,7,GGgrrrGGgrrr
2679,124,701.0,2.6917496052457315,0,26,25,8,GGgrrrGGgrrr
2680,124,629.0,2.7854527808828298,0,26,24,9,GGgrrrGGgrrr
2681,125,561.0,2.9004457230682474,0,25,21,10,GGgrrrGGgrrr
2682,124,512.0,2.8895388225535057,0,24,22,11,GGgrrrGGgrrr
2683,124,525.0,2.9750241503551846,0,23,20,12,GGgrrrGGgrrr
2684,125,516.0,3.0440867175955404,0,22,24,13,GGgrrrGGgrrr
2685,124,507.0,3.0462697603683835,0,22,21,14,GGgrrrGGgrrr
2686,123,510.0,2.87400406887904,0,22,20,15,GGgrrrGGgrrr
2687,122,507.0,2.751503098585411,0,20,21,16,GGgrrrGGgrrr
2688,123,527.0,2.710362491470341,0,21,23,17,GGgrrrGGgrrr
2689,123,553.0,2.6141265466763426,0,21,22,18,GGgrrrGGgrrr
2690,122,552.0,2.5518047076512453,0,21,20,19,GGgrrrGGgrrr
2691,123,548.0,2.5253211821956723,0,23,17,20,GGgrrrGGgrrr
2692,124,551.0,2.448784686898358,0,24,19,21,GGgrrrGGgrrr
2693,121,562.0,2.192036152762648,0,22,21,22,GGgrrrGGgrrr
2694,121,587.0,2.2062087480186494,0,24,19,23,GGgrrrGGgrrr
2695,120,575.0,2.209090658955479,0,22,18,24,GGgrrrGGgrrr
2696,120,609.0,2.232261371721772,0,24,22,25,GGgrrrGGgrrr
2697,121,606.0,2.2901250615728728,0,23,24,26,GGgrrrGGgrrr
2698,121,617.0,2.3795615005051634,0,22,27,27,GGgrrrGGgrrr
2699,121,652.0,2.4860017874863134,1,20,27,0,yyyrrryyyrrr
2700,121,670.0,2.5024526229681157,1,19,30,0,yyyrrryyyrrr
2701,122,677.0,2.4953590042754743,1,20,31,0,yyyrrryyyrrr
2702,122,680.0,2.4195199654257102,2,23,29,0,rrrrrrrrrrrr
2703,123,710.0,2.4613176829145194,2,26,27,0,rrrrrrrrrrrr
2704,122,628.0,2.436208125613025,3,24,25,0,rrrGGgrrrGGg
2705,122,572.0,2.454125217319996,3,25,24,1,rrrGGgrrrGGg
2706,121,482.0,2.436439599054735,3,25,19,2,rrrGGgrrrGGg
2707,122,430.0,2.4929784116980382,3,28,15,3,rrrGGgrrrGGg
2708,123,429.0,2.6059580868850456,3,28,17,4,rrrGGgrrrGGg
2709,123,426.0,2.692217132271755,3,28,17,5,rrrGGgrrrGGg
2710,124,410.0,2.7089274074693224,3,29,20,6,rrrGGgrrrGGg
2711,123,388.0,2.5977816154847657,3,30,18,7,rrrGGgrrrGGg
2712,122,378.0,2.4071471943412117,3,29,17,8,rrrGGgrrrGGg
2713,123,360.0,2.4310693609872196,3,31,16,9,rrrGGgrrrGGg
2714,123,387.0,2.4508397309315724,3,33,19,10,rrrGGgrrrGGg
2715,123,388.0,2.4399501856768824,3,33,18,11,rrrGGgrrrGGg
2716,122,412.0,2.3763543442440906,3,35,19,12,rrrGGgrrrGGg
2717,123,440.0,2.2769935600470426,3,35,19,13,rrrGGgrrrGGg
2718,124,470.0,2.3149015295710065,3,36,18,14,rrrGGgrrrGGg
2719,123,521.0,2.14864649978874,3,36,20,15,rrrGGgrrrGGg
2720,123,566.0,2.218828452648089,3,36,20,16,rrrGGgrrrGGg
2721,123,615.0,2.241103956253966,3,38,20,17,rrrGGgrrrGGg
2722,124,670.0,2.2640258529767907,3,42,22,18,rrrGGgrrrGGg
2723,124,705.0,2.338615834410155,3,42,22,19,rrrGGgrrrGGg
2724,124,727.0,2.2007762331969385,4,42,22,0,rrryyyrrryyy
2725,123,752.0,2.11311244476474,4,41,23,0,rrryyyrrryyy
2726,123,753.0,2.1914279434350457,4,40,24,0,rrryyyrrryyy
2727,123,756.0,2.2511258540114287,5,39,25,0,rrrrrrrrrrrr
2728,122,769.0,2.188870146942254,5,40,28,0,rrrrrrrrrrrr
2729,123,688.0,2.1399942389466107,0,37,27,0,GGgrrrGGgrrr
2730,123,641.0,2.118220859406879,0,32,30,1,GGgrrrGGgrrr
2731,123,590.0,2.1248920129974143,0,29,29,2,GGgrrrGGgrrr
2732,125,547.0,2.1598871127052854,0,27,32,3,GGgrrrGGgrrr
2733,125,527.0,2.1412860679425374,0,25,31,4,GGgrrrGGgrrr
2734,127,550.0,2.1368006966018864,0,26,36,5,GGgrrrGGgrrr
2735,127,538.0,2.1144275690394414,0,23,33,6,GGgrrrGGgrrr
2736,127,549.0,2.127441373720354,0,24,37,7,GGgrrrGGgrrr
2737,126,536.0,2.034970461162568,0,26,38,8,GGgrrrGGgrrr
2738,123,539.0,1.7748486879303818,0,22,39,9,GGgrrrGGgrrr
2739,123,554.0,1.8333898160135447,0,25,42,10,GGgrrrGGgrrr
2740,124,573.0,1.9214857710221893,0,26,43,11,GGgrrrGGgrrr
2741,124,576.0,1.91804468645819,0,24,43,12,GGgrrrGGgrrr
2742,124,623.0,2.009912215290598,0,23,43,13,GGgrrrGGgrrr
2743,123,649.0,2.018152779960569,0,22,43,14,GGgrrrGGgrrr
2744,123,718.0,1.9712846278126703,0,26,45,15,GGgrrrGGgrrr
2745,124,781.0,1.9571579045894427,0,28,46,16,GGgrrrGGgrrr
2746,124,776.0,1.8969209568302319,0,27,42,17,GGgrrrGGgrrr
2747,123,792.0,1.8558145949851634,0,27,41,18,GGgrrrGGgrrr
2748,123,802.0,1.9491398128993447,0,25,46,19,GGgrrrGGgrrr
2749,124,825.0,1.9787021721547517,1,28,47,0,yyyrrryyyrrr
2750,124,873.0,2.0732374284419164,1,25,48,0,yyyrrryyyrrr
2751,124,930.0,2.064335765440712,1,29,48,0,yyyrrryyyrrr
2752,124,992.0,2.169076248639814,2,28,49,0,rrrrrrrrrrrr
2753,123,1049.0,2.1219466197640857,2,29,49,0,rrrrrrrrrrrr
2754,124,1015.0,2.1022087876982507,3,31,46,0,rrrGGgrrrGGg
2755,124,992.0,2.126329805088363,3,29,42,1,rrrGGgrrrGGg
2756,125,969.0,2.0697834536981063,3,30,39,2,rrrGGgrrrGGg
2757,125,923.0,2.122142049591522,3,27,39,3,rrrGGgrrrGGg
2758,125,864.0,2.221985758054691,3,24,38,4,rrrGGgrrrGGg
2759,125,825.0,2.329996063927472,3,26,35,5,rrrGGgrrrGGg
2760,124,835.0,2.348095180329062,3,25,33,6,rrrGGgrrrGGg
2761,124,844.0,2.307835257543204,3,26,33,7,rrrGGgrrrGGg
2762,123,849.0,2.3114664204823936,3,26,32,8,rrrGGgrrrGGg
2763,123,862.0,2.2846696506206428,3,26,33,9,rrrGGgrrrGGg
2764,123,838.0,2.337057603224038,3,25,31,10,rrrGGgrrrGGg
2765,124,764.0,2.426590517004685,3,27,30,11,rrrGGgrrrGGg
2766,125,749.0,2.5458901546583332,3,27,31,12,rrrGGgrrrGGg
2767,124,735.0,2.5614851787352153,3,25,28,13,rrrGGgrrrGGg
2768,124,742.0,2.521782441214016,3,25,27,14,rrrGGgrrrGGg
2769,124,779.0,2.610952867071918,3,27,28,15,rrrGGgrrrGGg
2770,123,823.0,2.608804571153545,3,27,27,16,rrrGGgrrrGGg
2771,124,862.0,2.655751831288591,3,28,25,17,rrrGGgrrrGGg
2772,123,858.0,2.6158192511052296,3,28,24,18,rrrGGgrrrGGg
2773,122,896.0,2.6364492456022335,3,30,25,19,rrrGGgrrrGGg
2774,122,939.0,2.7425070577302764,4,30,24,0,rrryyyrrryyy
2775,119,976.0,2.538169351207959,4,30,24,0,rrryyyrrryyy
2776,120,1006.0,2.408833909720442,4,31,23,0,rrryyyrrryyy
2777,120,1053.0,2.386654259561583,5,33,23,0,rrrrrrrrrrrr
2778,120,1079.0,2.4435830010043884,5,32,22,0,rrrrrrrrrrrr
2779,121,1050.0,2.4893659988352743,0,32,22,0,GGgrrrGGgrrr
2780,121,1001.0,2.575786221802123,0,30,23,1,GGgrrrGGgrrr
2781,122,955.0,2.642875425408165,0,33,21,2,GGgrrrGGgrrr
2782,122,944.0,2.7196113663056964,0,26,21,3,GGgrrrGGgrrr
2783,122,884.0,2.7538511243645947,0,27,21,4,GGgrrrGGgrrr
2784,122,848.0,2.7651977086053283,0,26,21,5,GGgrrrGGgrrr
2785,122,814.0,2.7700121658396983,0,26,21,6,GGgrrrGGgrrr
2786,122,826.0,2.641264438060179,0,23,23,7,GGgrrrGGgrrr
2787,121,811.0,2.6187827220473006,0,24,21,8,GGgrrrGGgrrr
2788,122,778.0,2.641725580117957,0,24,23,9,GGgrrrGGgrrr
2789,119,743.0,2.381483392647647,0,23,22,10,GGgrrrGGgrrr
2790,119,714.0,2.425088695417168,0,23,21,11,GGgrrrGGgrrr
2791,121,680.0,2.378780641004428,0,24,22,12,GGgrrrGGgrrr
2792,120,650.0,2.347804052225568,0,23,22,13,GGgrrrGGgrrr
2793,122,666.0,2.3364257937400215,0,24,23,14,GGgrrrGGgrrr
2794,122,696.0,2.392901265507586,0,19,21,15,GGgrrrGGgrrr
2795,122,664.0,2.5036735351576413,0,18,23,16,GGgrrrGGgrrr
2796,121,629.0,2.492035169239388,0,17,22,17,GGgrrrGGgrrr
2797,120,603.0,2.4382770223134496,0,17,22,18,GGgrrrGGgrrr
2798,120,611.0,2.227193742705066,0,19,23,19,GGgrrrGGgrrr
2799,120,629.0,2.258476360711898,0,18,24,20,GGgrrrGGgrrr
2800,119,649.0,2.1825281272271932,1,18,25,0,yyyrrryyyrrr
2801,117,673.0,1.9629662035957933,1,18,26,0,yyyrrryyyrrr
2802,117,715.0,2.0045706215818972,1,19,26,0,yyyrrryyyrrr
2803,117,739.0,2.0989910245196968,2,20,27,0,rrrrrrrrrrrr
2804,118,769.0,2.15468136299937,2,22,28,0,rrrrrrrrrrrr
2805,119,727.0,2.1760317760852366,3,22,27,0,rrrGGgrrrGGg
2806,119,700.0,2.203514877416137,3,23,25,1,rrrGGgrrrGGg
2807,121,553.0,2.202912266080934,3,24,22,2,rrrGGgrrrGGg
2808,121,382.0,2.268891676727575,3,22,19,3,rrrGGgrrrGGg
2809,122,373.0,2.361326752753445,3,24,18,4,rrrGGgrrrGGg
2810,123,389.0,2.401513874168783,3,27,21,5,rrrGGgrrrGGg
2811,123,414.0,2.3921584875139814,3,28,20,6,rrrGGgrrrGGg
2812,123,412.0,2.2607483386326175,3,29,19,7,rrrGGgrrrGGg
2813,122,438.0,2.151061080188843,3,30,21,8,rrrGGgrrrGGg
2814,122,441.0,2.0215356583400954,3,33,21,9,rrrGGgrrrGGg
2815,122,458.0,2.0372745622169903,3,31,19,10,rrrGGgrrrGGg
2816,122,443.0,2.081222884193373,3,31,18,11,rrrGGgrrrGGg
2817,122,460.0,1.9022568261163042,3,34,20,12,rrrGGgrrrGGg
2818,122,479.0,1.9407312817336289,3,34,18,13,rrrGGgrrrGGg
2819,123,493.0,1.8890418044800144,3,40,19,14,rrrGGgrrrGGg
2820,123,475.0,1.9444272235628524,3,36,20,15,rrrGGgrrrGGg
2821,123,465.0,1.9483987220754317,3,35,18,16,rrrGGgrrrGGg
2822,122,483.0,1.8729480912486276,3,36,19,17,rrrGGgrrrGGg
2823,123,475.0,1.9166348976086671,3,35,17,18,rrrGGgrrrGGg
2824,123,490.0,1.8753005927548494,3,36,17,19,rrrGGgrrrGGg
2825,122,511.0,1.886564742931703,4,37,17,0,rrryyyrrryyy
2826,122,548.0,1.9375490422841022,4,40,20,0,rrryyyrrryyy
2827,123,569.0,1.9537813889870628,4,40,18,0,rrryyyrrryyy
2828,123,594.0,2.016466097350609,5,40,19,0,rrrrrrrrrrrr
2829,124,658.0,2.060526916860732,5,44,22,0,rrrrrrrrrrrr
2830,124,603.0,2.1033141790879593,0,39,21,0,GGgrrrGGgrrr
2831,124,576.0,2.079666491752087,0,39,20,1,GGgrrrGGgrrr
2832,123,557.0,2.0896066728822382,0,38,21,2,GGgrrrGGgrrr
2833,123,551.0,2.2028009556462713,0,37,20,3,GGgrrrGGgrrr
2834,124,531.0,2.2164439156929245,0,35,20,4,GGgrrrGGgrrr
2835,125,532.0,2.1914118618682363,0,33,22,5,GGgrrrGGgrrr
2836,125,515.0,2.2094642025016418,0,33,20,6,GGgrrrGGgrrr
2837,124,531.0,2.163511590397103,0,34,23,7,GGgrrrGGgrrr
2838,124,540.0,2.223249328799604,0,35,23,8,GGgrrrGGgrrr
2839,124,526.0,1.9806409491834922,0,36,22,9,GGgrrrGGgrrr
2840,124,526.0,1.9999987389461067,0,35,22,10,GGgrrrGGgrrr
2841,124,516.0,2.065435869602509,0,33,22,11,GGgrrrGGgrrr
2842,124,521.0,2.148755856839559,0,33,23,12,GGgrrrGGgrrr
2843,125,520.0,2.2126117656866118,0,32,24,13,GGgrrrGGgrrr
2844,125,564.0,2.150770916960364,0,32,24,14,GGgrrrGGgrrr
2845,125,582.0,2.2687586999756197,0,32,24,15,GGgrrrGGgrrr
2846,125,562.0,2.378912303371796,0,30,22,16,GGgrrrGGgrrr
2847,122,558.0,2.172600257158979,0,28,19,17,GGgrrrGGgrrr
2848,122,565.0,2.213396667619453,0,27,20,18,GGgrrrGGgrrr
2849,123,619.0,2.3248632497612483,0,30,23,19,GGgrrrGGgrrr
2850,124,636.0,2.4302068313881167,0,27,24,20,GGgrrrGGgrrr
2851,122,669.0,2.3548397710231876,0,27,25,21,GGgrrrGGgrrr
2852,122,706.0,2.4374764731711256,0,27,26,22,GGgrrrGGgrrr
2853,122,742.0,2.5775074952870862,0,26,28,23,GGgrrrGGgrrr
2854,123,735.0,2.6939573324514194,0,25,29,24,GGgrrrGGgrrr
2855,123,787.0,2.82909440872831,0,24,29,25,GGgrrrGGgrrr
2856,122,822.0,2.8202270495472472,1,23,30,0,yyyrrryyyrrr
2857,122,843.0,2.8752947074215633,1,20,30,0,yyyrrryyyrrr
2858,122,894.0,2.9236962344157016,1,23,31,0,yyyrrryyyrrr
2859,123,945.0,2.895994115269264,2,23,32,0,rrrrrrrrrrrr
2860,123,975.0,2.7554828564159526,2,25,30,0,rrrrrrrrrrrr
2861,123,940.0,2.7851327352214335,3,25,27,0,rrrGGgrrrGGg
2862,122,927.0,2.727901903238211,3,25,26,1,rrrGGgrrrGGg
2863,122,915.0,2.568921448764453,3,28,25,2,rrrGGgrrrGGg
2864,120,833.0,2.3624430785428734,3,28,23,3,rrrGGgrrrGGg
2865,121,762.0,2.4027975205917387,3,29,22,4,rrrGGgrrrGGg
2866,122,706.0,2.4961052422509846,3,28,22,5,rrrGGgrrrGGg
2867,122,673.0,2.600234833723203,3,29,20,6,rrrGGgrrrGGg
2868,121,723.0,2.568344605295262,3,30,23,7,rrrGGgrrrGGg
2869,121,742.0,2.5692308416488316,3,32,21,8,rrrGGgrrrGGg
2870,121,767.0,2.5001313095865676,3,33,21,9,rrrGGgrrrGGg
2871,121,793.0,2.5201246602141936,3,34,20,10,rrrGGgrrrGGg
2872,120,791.0,2.411535549481078,3,36,20,11,rrrGGgrrrGGg
2873,120,751.0,2.354439778804387,3,36,21,12,rrrGGgrrrGGg
2874,119,712.0,2.3110884832755354,3,34,20,13,rrrGGgrrrGGg
2875,118,698.0,2.3864067367523614,3,32,20,14,rrrGGgrrrGGg
2876,118,666.0,2.417634114501571,3,33,19,15,rrrGGgrrrGGg
2877,118,634.0,2.5719065575879716,3,29,20,16,rrrGGgrrrGGg
2878,117,617.0,2.626806170857557,3,30,18,17,rrrGGgrrrGGg
2879,118,638.0,2.737209465079088,3,30,19,18,rrrGGgrrrGGg
2880,117,661.0,2.8188268168462804,3,31,18,19,rrrGGgrrrGGg
2881,117,714.0,2.9794380613117504,4,33,20,0,rrryyyrrryyy
2882,117,736.0,2.9888966017695258,4,32,19,0,rrryyyrrryyy
2883,117,762.0,3.0534733831700236,4,33,18,0,rrryyyrrryyy
2884,117,770.0,2.9438569568954316,5,33,20,0,rrrrrrrrrrrr
2885,117,805.0,2.9445341066910586,5,34,19,0,rrrrrrrrrrrr
2886,117,695.0,2.8847565902803436,0,31,20,0,GGgrrrGGgrrr
2887,117,604.0,2.947157493173804,0,25,21,1,GGgrrrGGgrrr
2888,117,602.0,3.0180613595579646,0,25,22,2,GGgrrrGGgrrr
2889,119,549.0,3.0569108651908237,0,23,23,3,GGgrrrGGgrrr
2890,119,543.0,3.1823034155413765,0,22,22,4,GGgrrrGGgrrr
2891,119,538.0,3.2113682558435266,0,23,22,5,GGgrrrGGgrrr
2892,119,511.0,3.2029988436119012,0,22,22,6,GGgrrrGGgrrr
2893,120,506.0,3.275026710577805,0,22,22,7,GGgrrrGGgrrr
2894,120,478.0,3.262800951121257,0,20,22,8,GGgrrrGGgrrr
2895,119,499.0,3.2557375588541295,0,20,21,9,GGgrrrGGgrrr
2896,118,519.0,3.2297311950987457,0,22,21,10,GGgrrrGGgrrr
2897,116,534.0,3.0844515803117996,0,23,21,11,GGgrrrGGgrrr
2898,117,552.0,2.92054214490436,0,26,21,12,GGgrrrGGgrrr
2899,117,573.0,2.7879485518952416,0,27,21,13,GGgrrrGGgrrr
2900,117,569.0,2.787577030990373,0,26,21,14,GGgrrrGGgrrr
2901,117,550.0,2.8464806563075977,0,25,20,15,GGgrrrGGgrrr
2902,117,534.0,2.9123991507955367,0,25,20,16,GGgrrrGGgrrr
2903,116,515.0,2.7354280343009596,0,25,21,17,GGgrrrGGgrrr
2904,117,505.0,2.8268779322891797,0,22,22,18,GGgrrrGGgrrr
2905,118,524.0,2.9402736364359154,0,23,21,19,GGgrrrGGgrrr
2906,117,534.0,2.911956295485833,0,20,22,20,GGgrrrGGgrrr
2907,116,546.0,2.845242479577501,0,20,23,21,GGgrrrGGgrrr
2908,118,563.0,2.7571521498848073,0,20,26,22,GGgrrrGGgrrr
2909,118,580.0,2.663341751363036,1,18,25,0,yyyrrryyyrrr
2910,118,628.0,2.743361379565322,1,20,26,0,yyyrrryyyrrr
2911,118,650.0,2.8075063921494636,1,20,26,0,yyyrrryyyrrr
2912,119,671.0,2.8514309362242503,2,21,31,0,rrrrrrrrrrrr
2913,121,693.0,2.907183641651568,2,22,33,0,rrrrrrrrrrrr
2914,121,676.0,3.027487883736601,3,21,31,0,rrrGGgrrrGGg
2915,121,636.0,3.1004649629554724,3,19,30,1,rrrGGgrrrGGg
2916,121,592.0,3.1675437776278224,3,17,28,2,rrrGGgrrrGGg
2917,121,546.0,3.186843447344044,3,18,26,3,rrrGGgrrrGGg
2918,122,513.0,3.1050604335180294,3,18,26,4,rrrGGgrrrGGg
2919,123,479.0,3.045424406129281,3,20,25,5,rrrGGgrrrGGg
2920,124,455.0,3.0851621848614847,3,19,24,6,rrrGGgrrrGGg
2921,123,460.0,2.9534752451685553,3,18,26,7,rrrGGgrrrGGg
2922,122,469.0,2.70655890293537,3,19,29,8,rrrGGgrrrGGg
2923,121,454.0,2.528486364652854,3,19,25,9,rrrGGgrrrGGg
2924,122,441.0,2.4798261759856954,3,21,23,10,rrrGGgrrrGGg
2925,122,437.0,2.4771678355657913,3,20,26,11,rrrGGgrrrGGg
2926,123,428.0,2.4951923347961613,3,21,25,12,rrrGGgrrrGGg
2927,124,453.0,2.4687382032954086,3,20,28,13,rrrGGgrrrGGg
2928,121,476.0,2.144753814862944,3,23,27,14,rrrGGgrrrGGg
2929,121,464.0,2.0536041613050697,3,24,26,15,rrrGGgrrrGGg
2930,121,467.0,2.112512274904643,3,23,27,16,rrrGGgrrrGGg
2931,122,475.0,2.0780057639785507,3,23,29,17,rrrGGgrrrGGg
2932,123,478.0,2.0560707379418814,3,25,28,18,rrrGGgrrrGGg
2933,123,517.0,2.098706953286385,3,24,26,19,rrrGGgrrrGGg
2934,125,527.0,2.079238669252623,3,26,28,20,rrrGGgrrrGGg
2935,125,561.0,2.1461015029537567,3,28,28,21,rrrGGgrrrGGg
2936,124,617.0,2.082354027571852,3,28,28,22,rrrGGgrrrGGg
2937,124,651.0,1.9754781364824552,3,29,30,23,rrrGGgrrrGGg
2938,123,657.0,1.9070091983330582,3,30,28,24,rrrGGgrrrGGg
2939,124,677.0,1.9160028966770815,3,33,27,25,rrrGGgrrrGGg
2940,125,705.0,1.9954346696547194,4,35,26,0,rrryyyrrryyy
2941,125,743.0,2.036128970930029,4,35,27,0,rrryyyrrryyy
2942,126,777.0,2.0816475156830743,4,37,25,0,rrryyyrrryyy
2943,126,838.0,1.9519321067294697,5,36,29,0,rrrrrrrrrrrr
2944,127,850.0,1.9611219972941467,5,37,26,0,rrrrrrrrrrrr
2945,126,766.0,1.9133259002023102,0,35,24,0,GGgrrrGGgrrr
2946,127,771.0,1.9489209240046006,0,35,26,1,GGgrrrGGgrrr
2947,127,737.0,1.980757578295477,0,33,28,2,GGgrrrGGgrrr
2948,127,723.0,2.016742861688772,0,31,31,3,GGgrrrGGgrrr
2949,125,695.0,1.909778446842157,0,30,30,4,GGgrrrGGgrrr
2950,125,710.0,1.956623991919295,0,31,32,5,GGgrrrGGgrrr
2951,126,680.0,1.9743629160869256,0,30,33,6,GGgrrrGGgrrr
2952,127,677.0,1.9975732253934768,0,29,34,7,GGgrrrGGgrrr
2953,128,662.0,2.0668820860564048,0,28,34,8,GGgrrrGGgrrr
2954,128,635.0,2.112844433532931,0,27,34,9,GGgrrrGGgrrr
2955,128,628.0,2.079768577298162,0,26,35,10,GGgrrrGGgrrr
2956,127,616.0,2.039381020268204,0,24,36,11,GGgrrrGGgrrr
2957,128,641.0,2.0869121870881493,0,27,37,12,GGgrrrGGgrrr
2958,128,678.0,2.0678836060321446,0,26,38,13,GGgrrrGGgrrr
2959,127,680.0,2.062005494035931,0,24,38,14,GGgrrrGGgrrr
2960,128,693.0,2.18608512161265,0,23,39,15,GGgrrrGGgrrr
2961,127,706.0,2.2055507837879724,0,21,38,16,GGgrrrGGgrrr
2962,128,726.0,2.2912990361991583,0,21,40,17,GGgrrrGGgrrr
2963,129,787.0,2.384930670487977,0,20,42,18,GGgrrrGGgrrr
2964,129,784.0,2.52865098073293,0,20,40,19,GGgrrrGGgrrr
2965,128,808.0,2.557671414385261,1,20,39,0,yyyrrryyyrrr
2966,126,869.0,2.4739208156500276,1,21,41,0,yyyrrryyyrrr
2967,126,922.0,2.5162070558900225,1,24,41,0,yyyrrryyyrrr
2968,127,961.0,2.534662500282697,2,26,44,0,rrrrrrrrrrrr
2969,128,1033.0,2.5181298729834336,2,28,46,0,rrrrrrrrrrrr
2970,127,999.0,2.461547976629936,3,29,41,0,rrrGGgrrrGGg
2971,127,1004.0,2.379719064530569,3,30,40,1,rrrGGgrrrGGg
2972,127,952.0,2.41981507632144,3,28,38,2,rrrGGgrrrGGg
2973,128,933.0,2.437742568110693,3,28,37,3,rrrGGgrrrGGg
2974,129,857.0,2.474315591822827,3,28,37,4,rrrGGgrrrGGg
2975,129,845.0,2.531582074785105,3,27,36,5,rrrGGgrrrGGg
2976,128,796.0,2.504006285025594,3,28,32,6,rrrGGgrrrGGg
2977,127,743.0,2.500554271359608,3,28,31,7,rrrGGgrrrGGg
2978,128,720.0,2.583305124883659,3,31,29,8,rrrGGgrrrGGg
2979,127,709.0,2.586336549151814,3,30,29,9,rrrGGgrrrGGg
2980,126,743.0,2.5845259125593567,3,33,25,10,rrrGGgrrrGGg
2981,126,767.0,2.6839888794832296,3,33,26,11,rrrGGgrrrGGg
2982,126,791.0,2.7732697829195576,3,34,24,12,rrrGGgrrrGGg
2983,126,782.0,2.751486686981681,3,33,23,13,rrrGGgrrrGGg
2984,126,779.0,2.7097545447961657,3,34,24,14,rrrGGgrrrGGg
2985,126,803.0,2.7385228785586517,3,35,23,15,rrrGGgrrrGGg
2986,125,793.0,2.7254759044237273,3,35,21,16,rrrGGgrrrGGg
2987,125,788.0,2.799368716449295,3,35,19,17,rrrGGgrrrGGg
2988,124,779.0,2.7365127695023506,3,34,20,18,rrrGGgrrrGGg
2989,124,801.0,2.65802542318725,3,37,18,19,rrrGGgrrrGGg
2990,125,822.0,2.575558503093881,4,36,17,0,rrryyyrrryyy
2991,125,821.0,2.512496722471627,4,38,16,0,rrryyyrrryyy
2992,125,821.0,2.514454194869419,4,38,16,0,rrryyyrrryyy
2993,123,840.0,2.402674633939443,5,40,16,0,rrrrrrrrrrrr
2994,123,842.0,2.3712756516741873,5,42,17,0,rrrrrrrrrrrr
2995,124,766.0,2.2524757666265818,0,38,20,0,GGgrrrGGgrrr
2996,124,718.0,2.27210245291766,0,35,18,1,GGgrrrGGgrrr
2997,124,687.0,2.3301663743673258,0,33,19,2,GGgrrrGGgrrr
2998,124,687.0,2.397712254710128,0,33,21,3,GGgrrrGGgrrr
2999,125,681.0,2.4321540503350922,0,33,20,4,GGgrrrGGgrrr
3000,126,651.0,2.4890733265951543,0,30,22,5,GGgrrrGGgrrr
3001,126,648.0,2.5507004033345675,0,31,20,6,GGgrrrGGgrrr
3002,126,619.0,2.600140425243281,0,30,21,7,GGgrrrGGgrrr
3003,124,643.0,2.4647788722841217,0,30,21,8,GGgrrrGGgrrr
3004,124,613.0,2.339198390207277,0,29,21,9,GGgrrrGGgrrr
3005,124,611.0,2.2357880651343485,0,27,21,10,GGgrrrGGgrrr
3006,125,603.0,2.294941476383203,0,29,20,11,GGgrrrGGgrrr
3007,124,600.0,2.322632522611763,0,29,21,12,GGgrrrGGgrrr
3008,123,639.0,2.3160960990019377,0,26,20,13,GGgrrrGGgrrr
3009,122,643.0,2.2825506103505173,0,27,22,14,GGgrrrGGgrrr
3010,123,667.0,2.2324130847591226,0,28,24,15,GGgrrrGGgrrr
3011,123,671.0,2.381454099760649,0,25,23,16,GGgrrrGGgrrr
3012,124,673.0,2.4345845580630567,0,26,23,17,GGgrrrGGgrrr
3013,125,676.0,2.525088043626711,0,25,23,18,GGgrrrGGgrrr
3014,122,677.0,2.332787300904865,0,21,25,19,GGgrrrGGgrrr
3015,122,626.0,2.4853256806558366,0,21,25,20,GGgrrrGGgrrr
3016,121,561.0,2.500503076924528,0,20,24,21,GGgrrrGGgrrr
3017,121,586.0,2.6732432934564594,0,20,25,22,GGgrrrGGgrrr
3018,122,626.0,2.7151275813136517,1,20,27,0,yyyrrryyyrrr
3019,121,674.0,2.652419889055021,1,22,27,0,yyyrrryyyrrr
3020,123,727.0,2.627829745435656,1,26,29,0,yyyrrryyyrrr
3021,123,783.0,2.6561949383842043,2,28,28,0,rrrrrrrrrrrr
3022,123,839.0,2.669949133227064,2,27,30,0,rrrrrrrrrrrr
3023,124,808.0,2.7149403619119385,3,30,28,0,rrrGGgrrrGGg
3024,124,769.0,2.7550533081662185,3,27,25,1,rrrGGgrrrGGg
3025,125,767.0,2.7506842100528046,3,32,26,2,rrrGGgrrrGGg
3026,125,764.0,2.7885967781826184,3,32,24,3,rrrGGgrrrGGg
3027,124,794.0,2.6973870720051885,3,35,23,4,rrrGGgrrrGGg
3028,125,797.0,2.7035846078472505,3,36,24,5,rrrGGgrrrGGg
3029,124,804.0,2.632028202021376,3,38,21,6,rrrGGgrrrGGg
3030,126,837.0,2.597470677038254,3,39,24,7,rrrGGgrrrGGg
3031,125,852.0,2.5077250418316717,3,40,20,8,rrrGGgrrrGGg
3032,123,881.0,2.373228389792312,3,41,18,9,rrrGGgrrrGGg
3033,123,915.0,2.4299029100586504,3,42,19,10,rrrGGgrrrGGg
3034,122,979.0,2.4444446398038866,3,44,20,11,rrrGGgrrrGGg
3035,123,986.0,2.5567101820695153,3,44,21,12,rrrGGgrrrGGg
3036,122,986.0,2.547655868409906,3,45,20,13,rrrGGgrrrGGg
3037,124,1023.0,2.609730928360216,3,48,19,14,rrrGGgrrrGGg
3038,123,1090.0,2.6457965717657785,3,48,19,15,rrrGGgrrrGGg
3039,123,1131.0,2.753873771408499,3,48,20,16,rrrGGgrrrGGg
3040,122,1173.0,2.6627868357163735,3,49,20,17,rrrGGgrrrGGg
3041,120,1158.0,2.596626513148356,3,48,18,18,rrrGGgrrrGGg
3042,122,1116.0,2.670020209964039,3,46,20,19,rrrGGgrrrGGg
3043,121,1112.0,2.627800216792016,4,45,17,0,rrryyyrrryyy
3044,121,1109.0,2.5095972789899883,4,46,20,0,rrryyyrrryyy
3045,120,1107.0,2.3592003406423663,4,45,20,0,rrryyyrrryyy
3046,122,1130.0,2.2995614756241323,5,46,22,0,rrrrrrrrrrrr
3047,122,1128.0,2.3407296246016522,5,44,20,0,rrrrrrrrrrrr
3048,122,1045.0,2.4187782884573528,0,40,23,0,GGgrrrGGgrrr
3049,124,964.0,2.506960372637945,0,40,23,1,GGgrrrGGgrrr
3050,124,929.0,2.6387173040243153,0,35,25,2,GGgrrrGGgrrr
3051,123,875.0,2.6497462414802917,0,34,25,3,GGgrrrGGgrrr
3052,124,816.0,2.738459692689074,0,33,25,4,GGgrrrGGgrrr
3053,123,794.0,2.7180071823193415,0,30,25,5,GGgrrrGGgrrr
3054,124,733.0,2.728054079509377,0,29,25,6,GGgrrrGGgrrr
3055,124,703.0,2.772160346285372,0,28,25,7,GGgrrrGGgrrr
3056,124,701.0,2.736475468659106,0,25,27,8,GGgrrrGGgrrr
3057,124,702.0,2.810287764359283,0,24,27,9,GGgrrrGGgrrr
3058,123,632.0,2.8212510077644284,0,23,27,10,GGgrrrGGgrrr
3059,123,567.0,2.809776560396835,0,22,25,11,GGgrrrGGgrrr
3060,122,594.0,2.7924073257320385,0,22,26,12,GGgrrrGGgrrr
3061,122,533.0,2.8002882686826385,0,22,26,13,GGgrrrGGgrrr
3062,122,522.0,2.929737678121201,0,20,25,14,GGgrrrGGgrrr
3063,123,512.0,2.985360384099507,0,18,26,15,GGgrrrGGgrrr
3064,125,531.0,3.0699982357420743,0,20,27,16,GGgrrrGGgrrr
3065,124,530.0,3.0568810335640078,0,17,27,17,GGgrrrGGgrrr
3066,124,532.0,2.9125435726571913,0,19,27,18,GGgrrrGGgrrr
3067,123,561.0,2.8505014969529943,0,19,28,19,GGgrrrGGgrrr
3068,123,583.0,2.92569374322924,1,20,28,0,yyyrrryyyrrr
3069,123,609.0,2.9807443916259837,1,21,30,0,yyyrrryyyrrr
3070,122,656.0,2.9363039226459344,1,23,31,0,yyyrrryyyrrr
3071,122,683.0,2.84898353604504,2,23,32,0,rrrrrrrrrrrr
3072,124,717.0,2.819940615397516,2,25,34,0,rrrrrrrrrrrr
3073,125,646.0,2.8226547468435053,3,27,32,0,rrrGGgrrrGGg
3074,125,613.0,2.9105664535495683,3,28,28,1,rrrGGgrrrGGg
3075,125,590.0,2.947242571058939,3,30,27,2,rrrGGgrrrGGg
3076,125,543.0,3.002709295694675,3,30,23,3,rrrGGgrrrGGg
3077,125,512.0,3.063249450825923,3,30,22,4,rrrGGgrrrGGg
3078,126,499.0,3.0553419717186734,3,32,21,5,rrrGGgrrrGGg
3079,125,485.0,2.960811316768573,3,33,20,6,rrrGGgrrrGGg
3080,124,489.0,2.7479602786879216,3,34,21,7,rrrGGgrrrGGg
3081,124,523.0,2.7580732299892445,3,36,21,8,rrrGGgrrrGGg
3082,125,530.0,2.817456101320947,3,39,20,9,rrrGGgrrrGGg
3083,124,558.0,2.783651226344451,3,39,19,10,rrrGGgrrrGGg
3084,122,597.0,2.636039161305344,3,41,21,11,rrrGGgrrrGGg
3085,122,611.0,2.6549726608733306,3,41,23,12,rrrGGgrrrGGg
3086,120,644.0,2.492387997814484,3,40,23,13,rrrGGgrrrGGg
3087,121,687.0,2.391406147806222,3,43,26,14,rrrGGgrrrGGg
3088,122,676.0,2.3050442228231054,3,42,24,15,rrrGGgrrrGGg
3089,121,737.0,2.2108697841687412,3,45,24,16,rrrGGgrrrGGg
3090,120,784.0,2.1463808586964297,3,45,25,17,rrrGGgrrrGGg
3091,120,823.0,2.2175191470483346,3,44,26,18,rrrGGgrrrGGg
3092,120,864.0,2.2735033886008864,3,46,25,19,rrrGGgrrrGGg
3093,120,917.0,2.1830951972994814,4,47,28,0,rrryyyrrryyy
3094,118,973.0,1.9981383584476686,4,48,31,0,rrryyyrrryyy
3095,119,998.0,1.9964065272119496,4,47,35,0,rrryyyrrryyy
3096,119,1071.0,2.0186213500582966,5,48,34,0,rrrrrrrrrrrr
3097,118,1097.0,1.9593915215055013,5,47,35,0,rrrrrrrrrrrr
3098,119,1063.0,2.006417399236526,0,45,34,0,GGgrrrGGgrrr
3099,120,1053.0,2.061315686837939,0,42,33,1,GGgrrrGGgrrr
3100,120,1045.0,2.1462283960841684,0,40,31,2,GGgrrrGGgrrr
3101,121,1026.0,2.191017918704618,0,39,30,3,GGgrrrGGgrrr
3102,122,1046.0,2.25797015272265,0,36,35,4,GGgrrrGGgrrr
3103,123,1044.0,2.280839975792267,0,35,34,5,GGgrrrGGgrrr
3104,123,1067.0,2.3225199121033295,0,34,36,6,GGgrrrGGgrrr
3105,121,1062.0,2.184032638440444,0,31,36,7,GGgrrrGGgrrr
3106,120,1044.0,2.180449319865639,0,30,36,8,GGgrrrGGgrrr
3107,120,1090.0,2.2758036163329494,0,30,39,9,GGgrrrGGgrrr
3108,119,1110.0,2.2791418760616597,0,28,39,10,GGgrrrGGgrrr
3109,120,1114.0,2.2592436345998332,0,29,36,11,GGgrrrGGgrrr
3110,118,1155.0,2.1618976903777862,0,27,37,12,GGgrrrGGgrrr
3111,119,1172.0,2.246858934127414,0,26,37,13,GGgrrrGGgrrr
3112,118,1158.0,2.23488272740018,0,24,38,14,GGgrrrGGgrrr
3113,118,1152.0,2.3641626429406637,0,23,38,15,GGgrrrGGgrrr
3114,119,1138.0,2.4943784466840633,0,24,37,16,GGgrrrGGgrrr
3115,119,1107.0,2.6820010550017117,0,23,36,17,GGgrrrGGgrrr
3116,119,1105.0,2.8369996215723896,0,23,34,18,GGgrrrGGgrrr
3117,118,1155.0,2.874555621595062,0,23,34,19,GGgrrrGGgrrr
3118,119,1180.0,2.9389105461277962,1,23,34,0,yyyrrryyyrrr
3119,120,1217.0,2.9098750178614563,1,23,35,0,yyyrrryyyrrr
3120,118,1277.0,2.7668620810218614,1,23,37,0,yyyrrryyyrrr
3121,118,1341.0,2.7834138520817713,2,24,40,0,rrrrrrrrrrrr
3122,118,1349.0,2.7996257323916214,2,23,41,0,rrrrrrrrrrrr
3123,118,1286.0,2.9371028684588647,3,23,38,0,rrrGGgrrrGGg
3124,119,1298.0,2.933704971787517,3,26,37,1,rrrGGgrrrGGg
3125,119,1311.0,2.9513410617636593,3,26,36,2,rrrGGgrrrGGg
3126,119,1289.0,3.044214909528715,3,27,33,3,rrrGGgrrrGGg
3127,119,1292.0,3.0216676289415996,3,29,29,4,rrrGGgrrrGGg
3128,118,1344.0,3.0226637308488153,3,29,30,5,rrrGGgrrrGGg
3129,120,1408.0,3.0229532781429005,3,32,33,6,rrrGGgrrrGGg
3130,118,1457.0,2.874072205107962,3,30,34,7,rrrGGgrrrGGg
3131,117,1520.0,2.7728895524548545,3,32,34,8,rrrGGgrrrGGg
3132,116,1560.0,2.6182130579682448,3,33,36,9,rrrGGgrrrGGg
3133,115,1610.0,2.5009640726535114,3,34,35,10,rrrGGgrrrGGg
3134,116,1665.0,2.3591436595636845,3,33,37,11,rrrGGgrrrGGg
3135,115,1731.0,2.2228151167299677,3,35,36,12,rrrGGgrrrGGg
3136,115,1793.0,2.3234069794182313,3,36,34,13,rrrGGgrrrGGg
3137,115,1859.0,2.269364450365463,3,38,34,14,rrrGGgrrrGGg
3138,113,1933.0,2.113836662030219,3,38,36,15,rrrGGgrrrGGg
3139,114,1942.0,2.0063955449198447,3,39,37,16,rrrGGgrrrGGg
3140,114,2017.0,2.0332281383773587,3,38,37,17,rrrGGgrrrGGg
3141,113,2094.0,1.950877451963291,3,40,37,18,rrrGGgrrrGGg
3142,113,2159.0,2.0066096708415055,3,41,36,19,rrrGGgrrrGGg
3143,112,2218.0,1.9806994223126604,4,42,34,0,rrryyyrrryyy
3144,113,2296.0,1.9836376945433074,4,44,35,0,rrryyyrrryyy
3145,112,2330.0,1.9006842440486456,4,42,37,0,rrryyyrrryyy
3146,113,2325.0,1.9191783284308614,5,40,40,0,rrrrrrrrrrrr
3147,114,2324.0,1.9982428985291034,5,41,39,0,rrrrrrrrrrrr
3148,114,2259.0,2.1328026262841093,0,36,40,0,GGgrrrGGgrrr
3149,115,2221.0,2.1933030052900966,0,34,39,1,GGgrrrGGgrrr
3150,115,2194.0,2.263462672342066,0,32,38,2,GGgrrrGGgrrr
3151,115,2239.0,2.342673678559745,0,33,39,3,GGgrrrGGgrrr
3152,115,2285.0,2.433842504694969,0,32,40,4,GGgrrrGGgrrr
3153,115,2302.0,2.4761054544649226,0,30,40,5,GGgrrrGGgrrr
3154,117,2318.0,2.4631983629981,0,33,41,6,GGgrrrGGgrrr
3155,116,2302.0,2.3812519109870163,0,33,40,7,GGgrrrGGgrrr
3156,114,2347.0,2.2366935398600982,0,31,40,8,GGgrrrGGgrrr
3157,114,2395.0,2.210241579341686,0,31,41,9,GGgrrrGGgrrr
3158,114,2449.0,2.1593294887756214,0,33,42,10,GGgrrrGGgrrr
3159,116,2523.0,2.15373335116226,0,36,44,11,GGgrrrGGgrrr
3160,115,2573.0,2.1244100561698867,0,34,44,12,GGgrrrGGgrrr
3161,115,2623.0,2.065645142106139,0,33,45,13,GGgrrrGGgrrr
3162,115,2676.0,2.115209174538241,0,32,45,14,GGgrrrGGgrrr
3163,114,2720.0,2.113671164232465,0,30,45,15,GGgrrrGGgrrr
3164,115,2766.0,2.0762915302428624,0,30,46,16,GGgrrrGGgrrr
3165,114,2815.0,2.0395493757274936,0,28,45,17,GGgrrrGGgrrr
3166,113,2867.0,2.012763825767241,0,29,45,18,GGgrrrGGgrrr
3167,113,2885.0,1.9513088795034985,0,29,44,19,GGgrrrGGgrrr
3168,113,2738.0,1.9362504837819676,1,26,42,0,yyyrrryyyrrr
3169,114,2626.0,1.7317311532382562,1,27,42,0,yyyrrryyyrrr
3170,113,2488.0,1.638846385962865,1,23,41,0,yyyrrryyyrrr
3171,113,2353.0,1.6599035182288693,2,20,42,0,rrrrrrrrrrrr
3172,113,2197.0,1.74150544167885,2,18,42,0,rrrrrrrrrrrr
3173,114,2085.0,1.8049457100435229,3,17,40,0,rrrGGgrrrGGg
3174,115,1991.0,1.8067474363343758,3,17,39,1,rrrGGgrrrGGg
3175,115,1903.0,1.8528272299315696,3,18,35,2,rrrGGgrrrGGg
3176,115,1820.0,1.9066055303233012,3,19,33,3,rrrGGgrrrGGg
3177,115,1757.0,2.006221861070444,3,22,30,4,rrrGGgrrrGGg
3178,115,1717.0,2.090692460341027,3,24,27,5,rrrGGgrrrGGg
3179,115,1683.0,2.1317574973572215,3,23,26,6,rrrGGgrrrGGg
3180,115,1627.0,2.2320986353761434,3,24,23,7,rrrGGgrrrGGg
3181,116,1572.0,2.196276507026991,3,26,23,8,rrrGGgrrrGGg
3182,116,1548.0,2.2218844920388507,3,29,21,9,rrrGGgrrrGGg
3183,115,1497.0,2.2349520811113,3,27,21,10,rrrGGgrrrGGg
3184,114,1454.0,2.243285357781006,3,28,19,11,rrrGGgrrrGGg
3185,113,1426.0,2.2731697355047604,3,27,19,12,rrrGGgrrrGGg
3186,114,1395.0,2.393022290150243,3,28,18,13,rrrGGgrrrGGg
3187,115,1367.0,2.463101904346509,3,30,16,14,rrrGGgrrrGGg
3188,116,1381.0,2.5118812800591375,3,28,17,15,rrrGGgrrrGGg
3189,116,1295.0,2.5880804302364053,3,28,15,16,rrrGGgrrrGGg
3190,116,1261.0,2.6747825275459323,3,29,13,17,rrrGGgrrrGGg
3191,116,1231.0,2.759149034140263,3,32,12,18,rrrGGgrrrGGg
3192,116,1203.0,2.731788647396835,3,31,14,19,rrrGGgrrrGGg
3193,116,1172.0,2.7324332850862687,4,34,12,0,rrryyyrrryyy
3194,116,1209.0,2.578609115900624,4,36,10,0,rrryyyrrryyy
3195,115,1102.0,2.451956845158178,4,33,8,0,rrryyyrrryyy
3196,115,1146.0,2.4690684307334916,5,35,10,0,rrrrrrrrrrrr
3197,116,1122.0,2.3861048672997183,5,38,11,0,rrrrrrrrrrrr
3198,116,991.0,2.38494029745178,0,35,10,0,GGgrrrGGgrrr
3199,117,973.0,2.4099378022467226,0,33,10,1,GGgrrrGGgrrr
3200,117,827.0,2.521923913991546,0,33,10,2,GGgrrrGGgrrr
3201,117,817.0,2.623566084125087,0,33,10,3,GGgrrrGGgrrr
3202,119,781.0,2.6683169331386996,0,32,13,4,GGgrrrGGgrrr
3203,119,785.0,2.7603251994930647,0,33,11,5,GGgrrrGGgrrr
3204,119,814.0,2.821501425773582,0,34,12,6,GGgrrrGGgrrr
3205,118,850.0,2.766347282341286,0,34,14,7,GGgrrrGGgrrr
3206,118,888.0,2.751845014068046,0,35,13,8,GGgrrrGGgrrr
3207,118,928.0,2.6093458982973576,0,33,17,9,GGgrrrGGgrrr
3208,117,967.0,2.5240572047383285,0,34,18,10,GGgrrrGGgrrr
3209,115,974.0,2.400005623316381,0,34,18,11,GGgrrrGGgrrr
3210,116,980.0,2.397735433565966,0,31,17,12,GGgrrrGGgrrr
3211,117,986.0,2.428605823279252,0,31,16,13,GGgrrrGGgrrr
3212,117,998.0,2.3539660369820634,0,29,19,14,GGgrrrGGgrrr
3213,116,1015.0,2.397105731215114,0,28,20,15,GGgrrrGGgrrr
3214,116,1030.0,2.5132566166139836,0,27,20,16,GGgrrrGGgrrr
3215,116,1047.0,2.469181170122516,0,28,21,17,GGgrrrGGgrrr
3216,116,1097.0,2.5505000898913663,0,29,21,18,GGgrrrGGgrrr
3217,116,1110.0,2.5317131853652546,0,28,24,19,GGgrrrGGgrrr
3218,114,1131.0,2.376513133751746,0,27,24,20,GGgrrrGGgrrr
3219,114,1153.0,2.453403440607306,0,26,25,21,GGgrrrGGgrrr
3220,113,1205.0,2.4080587828813047,0,26,25,22,GGgrrrGGgrrr
3221,113,1228.0,2.454003467090042,0,25,27,23,GGgrrrGGgrrr
3222,114,1251.0,2.380198008371055,0,24,27,24,GGgrrrGGgrrr
3223,115,1277.0,2.3324173467683593,0,25,28,25,GGgrrrGGgrrr
3224,115,1303.0,2.303769067411981,0,24,28,26,GGgrrrGGgrrr
3225,115,1331.0,2.3267192434067243,0,24,29,27,GGgrrrGGgrrr
3226,115,1362.0,2.329713256879521,1,25,31,0,yyyrrryyyrrr
3227,117,1383.0,2.3508272902411838,1,24,34,0,yyyrrryyyrrr
3228,118,1406.0,2.3684369526749127,1,24,34,0,yyyrrryyyrrr
3229,117,1209.0,2.3298034464733393,2,21,34,0,rrrrrrrrrrrr
3230,117,1069.0,2.3586425158176803,2,21,36,0,rrrrrrrrrrrr
3231,117,802.0,2.4377334504838934,3,19,35,0,rrrGGgrrrGGg
3232,114,703.0,2.1475505130078467,3,17,33,1,rrrGGgrrrGGg
3233,115,660.0,2.1694950342009833,3,18,32,2,rrrGGgrrrGGg
3234,115,627.0,2.184245684110553,3,18,30,3,rrrGGgrrrGGg
3235,116,565.0,2.2443670493490937,3,19,29,4,rrrGGgrrrGGg
3236,116,559.0,2.34318340158548,3,20,29,5,rrrGGgrrrGGg
3237,117,526.0,2.373494114475164,3,18,30,6,rrrGGgrrrGGg
3238,118,496.0,2.4122335219670163,3,16,30,7,rrrGGgrrrGGg
3239,118,469.0,2.471228037873471,3,15,26,8,rrrGGgrrrGGg
3240,116,435.0,2.3112369025071917,3,15,28,9,rrrGGgrrrGGg
3241,117,427.0,2.307208956791765,3,15,27,10,rrrGGgrrrGGg
3242,117,436.0,2.3526609307212993,3,16,26,11,rrrGGgrrrGGg
3243,114,450.0,2.0739831648860454,3,17,26,12,rrrGGgrrrGGg
3244,115,467.0,2.065889214345515,3,21,32,13,rrrGGgrrrGGg
3245,115,489.0,2.1402133843802105,3,20,32,14,rrrGGgrrrGGg
3246,116,513.0,2.211448010836607,3,22,32,15,rrrGGgrrrGGg
3247,117,532.0,2.2213754077543104,3,23,31,16,rrrGGgrrrGGg
3248,117,561.0,2.230834705496786,3,24,30,17,rrrGGgrrrGGg
3249,117,595.0,2.3136014978020545,3,25,32,18,rrrGGgrrrGGg
3250,115,627.0,2.19576246346059,3,25,33,19,rrrGGgrrrGGg
3251,115,635.0,2.315836512716092,3,25,31,20,rrrGGgrrrGGg
3252,115,686.0,2.3687646598707026,3,26,33,21,rrrGGgrrrGGg
3253,115,711.0,2.4107870375773435,3,27,33,22,rrrGGgrrrGGg
3254,116,706.0,2.455347043101621,3,26,34,23,rrrGGgrrrGGg
3255,115,712.0,2.319566137993396,3,24,32,24,rrrGGgrrrGGg
3256,115,730.0,2.3723575057265176,3,24,32,25,rrrGGgrrrGGg
3257,115,763.0,2.441181870488708,3,25,32,26,rrrGGgrrrGGg
3258,115,814.0,2.487490901039847,3,26,31,27,rrrGGgrrrGGg
3259,116,839.0,2.4663829364102985,3,27,29,28,rrrGGgrrrGGg
3260,115,898.0,2.408564247994343,3,27,31,29,rrrGGgrrrGGg
3261,115,931.0,2.486015800646692,3,28,30,30,rrrGGgrrrGGg
3262,116,968.0,2.5249631769239738,3,29,32,31,rrrGGgrrrGGg
3263,114,974.0,2.431395205779392,3,30,31,32,rrrGGgrrrGGg
3264,114,957.0,2.3943816911371374,3,31,28,33,rrrGGgrrrGGg
3265,113,969.0,2.368746890416123,3,31,27,34,rrrGGgrrrGGg
3266,113,981.0,2.469235190555337,3,33,28,35,rrrGGgrrrGGg
3267,113,999.0,2.5612295947793897,4,33,28,0,rrryyyrrryyy
3268,114,1036.0,2.480989047729883,4,33,31,0,rrryyyrrryyy
3269,115,1042.0,2.5381405683166016,4,35,26,0,rrryyyrrryyy
3270,115,1055.0,2.3919243233975442,5,36,26,0,rrrrrrrrrrrr
3271,115,1067.0,2.49887330716948,5,35,25,0,rrrrrrrrrrrr
3272,114,960.0,2.4985974386533325,0,34,26,0,GGgrrrGGgrrr
3273,114,864.0,2.493826966409829,0,32,27,1,GGgrrrGGgrrr
3274,116,806.0,2.5391191012354803,0,31,29,2,GGgrrrGGgrrr
3275,114,777.0,2.472972713090643,0,27,29,3,GGgrrrGGgrrr
3276,115,799.0,2.567673667222903,0,29,31,4,GGgrrrGGgrrr
3277,115,840.0,2.667222643492956,0,29,33,5,GGgrrrGGgrrr
3278,115,863.0,2.6166332434955497,0,27,36,6,GGgrrrGGgrrr
3279,117,885.0,2.647723301042391,0,29,36,7,GGgrrrGGgrrr
3280,117,911.0,2.735156001208767,0,27,37,8,GGgrrrGGgrrr
3281,116,941.0,2.696882888473735,0,29,38,9,GGgrrrGGgrrr
3282,116,1007.0,2.7786630793522327,0,28,40,10,GGgrrrGGgrrr
3283,115,1039.0,2.633322693134381,0,27,41,11,GGgrrrGGgrrr
3284,115,1073.0,2.628701705232638,0,28,42,12,GGgrrrGGgrrr
3285,114,1109.0,2.6223158732769587,0,29,42,13,GGgrrrGGgrrr
3286,115,1147.0,2.6470314121355263,0,29,43,14,GGgrrrGGgrrr
3287,114,1222.0,2.554836774085506,0,30,43,15,GGgrrrGGgrrr
3288,114,1250.0,2.5263016559762113,0,29,43,16,GGgrrrGGgrrr
3289,115,1256.0,2.3448930342384116,0,30,44,17,GGgrrrGGgrrr
3290,115,1242.0,2.4435689759752712,0,28,42,18,GGgrrrGGgrrr
3291,115,1226.0,2.553073698771557,0,26,41,19,GGgrrrGGgrrr
3292,114,1294.0,2.5388664737732287,1,26,42,0,yyyrrryyyrrr
3293,115,1319.0,2.584591407725018,1,25,44,0,yyyrrryyyrrr
3294,116,1346.0,2.6138517287003284,1,25,45,0,yyyrrryyyrrr
3295,115,1370.0,2.5478737194848815,2,25,44,0,rrrrrrrrrrrr
3296,115,1391.0,2.546011859832467,2,24,42,0,rrrrrrrrrrrr
3297,116,1378.0,2.5629176677062167,3,26,39,0,rrrGGgrrrGGg
3298,116,1345.0,2.586659230214558,3,25,38,1,rrrGGgrrrGGg
3299,116,1377.0,2.5512961698952976,3,24,40,2,rrrGGgrrrGGg
3300,116,1373.0,2.586381650429533,3,23,38,3,rrrGGgrrrGGg
3301,117,1369.0,2.6191409258764655,3,24,38,4,rrrGGgrrrGGg
3302,117,1365.0,2.6828876937324653,3,23,37,5,rrrGGgrrrGGg
3303,119,1399.0,2.7075399933748914,3,26,37,6,rrrGGgrrrGGg
3304,119,1360.0,2.682941097798881,3,22,37,7,rrrGGgrrrGGg
3305,119,1382.0,2.716787315876839,3,24,34,8,rrrGGgrrrGGg
3306,119,1393.0,2.743750765841193,3,24,33,9,rrrGGgrrrGGg
3307,118,1447.0,2.555876019568511,3,25,32,10,rrrGGgrrrGGg
3308,118,1435.0,2.45951133000299,3,23,35,11,rrrGGgrrrGGg
3309,119,1494.0,2.5428009650064998,3,24,35,12,rrrGGgrrrGGg
3310,116,1517.0,2.3440980335571893,3,24,35,13,rrrGGgrrrGGg
3311,116,1577.0,2.3753043838490844,3,25,36,14,rrrGGgrrrGGg
3312,116,1594.0,2.446046893852851,3,24,35,15,rrrGGgrrrGGg
3313,114,1615.0,2.2451287097589683,3,25,37,16,rrrGGgrrrGGg
3314,115,1635.0,2.31255051552747,3,23,37,17,rrrGGgrrrGGg
3315,115,1659.0,2.3862129321413357,3,23,37,18,rrrGGgrrrGGg
3316,117,1686.0,2.4187288576076695,3,25,38,19,rrrGGgrrrGGg
3317,117,1746.0,2.529054101848147,3,24,39,20,rrrGGgrrrGGg
3318,118,1767.0,2.6284739361464617,3,26,37,21,rrrGGgrrrGGg
3319,118,1785.0,2.5989644598341024,3,22,37,22,rrrGGgrrrGGg
3320,116,1842.0,2.477140868811187,3,25,35,23,rrrGGgrrrGGg
3321,117,1903.0,2.526883473142821,3,26,37,24,rrrGGgrrrGGg
3322,116,1883.0,2.5190331992554227,3,26,34,25,rrrGGgrrrGGg
3323,117,1943.0,2.59372128696547,3,28,34,26,rrrGGgrrrGGg
3324,118,2005.0,2.6668727352955113,3,28,35,27,rrrGGgrrrGGg
3325,118,2068.0,2.7006205546782556,3,29,34,28,rrrGGgrrrGGg
3326,118,2133.0,2.7322363457037877,3,30,35,29,rrrGGgrrrGGg
3327,119,2200.0,2.7769774903747226,3,33,35,30,rrrGGgrrrGGg
3328,119,2267.0,2.7134272380705484,3,34,35,31,rrrGGgrrrGGg
3329,121,2335.0,2.63589209617123,3,35,37,32,rrrGGgrrrGGg
3330,121,2405.0,2.703132638558328,3,35,35,33,rrrGGgrrrGGg
3331,121,2476.0,2.782203474176539,3,35,36,34,rrrGGgrrrGGg
3332,120,2513.0,2.750107636371772,3,36,35,35,rrrGGgrrrGGg
3333,119,2525.0,2.691669800771001,3,37,34,36,rrrGGgrrrGGg
3334,122,2596.0,2.6561741764512594,3,39,36,37,rrrGGgrrrGGg
3335,120,2669.0,2.5802823620895987,3,39,35,38,rrrGGgrrrGGg
3336,119,2742.0,2.554470028302635,3,39,35,39,rrrGGgrrrGGg
3337,119,2817.0,2.5723900746034305,3,40,35,40,rrrGGgrrrGGg
3338,118,2855.0,2.5311479994298303,4,43,34,0,rrryyyrrryyy
3339,120,2801.0,2.542025266052062,4,43,34,0,rrryyyrrryyy
3340,120,2840.0,2.600443873986167,4,43,33,0,rrryyyrrryyy
3341,120,2919.0,2.6339377941989017,5,46,35,0,rrrrrrrrrrrr
3342,120,3000.0,2.6197189152024336,5,46,36,0,rrrrrrrrrrrr
3343,119,2917.0,2.5407975110962737,0,41,36,0,GGgrrrGGgrrr
3344,122,2775.0,2.547276369673545,0,41,38,1,GGgrrrGGgrrr
3345,121,2769.0,2.5320700205922453,0,38,37,2,GGgrrrGGgrrr
3346,122,2832.0,2.5253249396449555,0,39,38,3,GGgrrrGGgrrr
3347,122,2891.0,2.4874975011581495,0,37,39,4,GGgrrrGGgrrr
3348,121,2968.0,2.4484040793972013,0,39,41,5,GGgrrrGGgrrr
3349,122,3039.0,2.3352972420775946,0,40,41,6,GGgrrrGGgrrr
3350,122,2923.0,2.216500997229568,0,37,40,7,GGgrrrGGgrrr
3351,122,2852.0,2.2332627061921393,0,35,40,8,GGgrrrGGgrrr
3352,121,2878.0,2.1957205579996497,0,34,41,9,GGgrrrGGgrrr
3353,120,2958.0,2.168452956230809,0,35,43,10,GGgrrrGGgrrr
3354,122,3039.0,2.1748920327611994,0,37,44,11,GGgrrrGGgrrr
3355,122,3116.0,2.1961334325631086,0,36,43,12,GGgrrrGGgrrr
3356,122,3193.0,2.1283240958347003,0,37,43,13,GGgrrrGGgrrr
3357,123,3277.0,2.1920289606679404,0,39,44,14,GGgrrrGGgrrr
3358,124,3363.0,2.217130370311414,0,39,46,15,GGgrrrGGgrrr
3359,125,3440.0,2.150146028372282,0,41,46,16,GGgrrrGGgrrr
3360,124,3518.0,2.0268355145635777,0,41,46,17,GGgrrrGGgrrr
3361,124,3446.0,2.0818729401409355,0,40,45,18,GGgrrrGGgrrr
3362,123,3378.0,2.088165623404532,0,40,44,19,GGgrrrGGgrrr
3363,122,3312.0,1.9451186080836618,0,39,44,20,GGgrrrGGgrrr
3364,123,3353.0,1.9292025508354145,1,40,45,0,yyyrrryyyrrr
3365,122,3434.0,1.854740789791906,1,38,48,0,yyyrrryyyrrr
3366,122,3487.0,1.907057332620951,1,39,48,0,yyyrrryyyrrr
3367,122,3567.0,1.9415341674644,2,40,48,0,rrrrrrrrrrrr
3368,123,3649.0,1.9545842768487434,2,42,48,0,rrrrrrrrrrrr
3369,125,3680.0,1.9644890229168297,3,43,48,0,rrrGGgrrrGGg
3370,126,3694.0,2.047401642588636,3,43,45,1,rrrGGgrrrGGg
3371,126,3715.0,2.1261598343309664,3,41,44,2,rrrGGgrrrGGg
3372,126,3757.0,2.2173776967153973,3,41,43,3,rrrGGgrrrGGg
3373,127,3800.0,2.304443603480932,3,41,42,4,rrrGGgrrrGGg
3374,129,3746.0,2.333822340691754,3,42,41,5,rrrGGgrrrGGg
3375,129,3567.0,2.4511235168048904,3,41,39,6,rrrGGgrrrGGg
3376,127,3624.0,2.3187875554880835,3,42,40,7,rrrGGgrrrGGg
3377,125,3684.0,2.204790813139467,3,42,42,8,rrrGGgrrrGGg
3378,125,3746.0,2.1684737422663267,3,43,41,9,rrrGGgrrrGGg
3379,127,3808.0,2.1870418239592264,3,43,42,10,rrrGGgrrrGGg
3380,127,3872.0,2.209406413028639,3,43,40,11,rrrGGgrrrGGg
3381,128,3936.0,2.232497203855213,3,44,40,12,rrrGGgrrrGGg
3382,127,4021.0,2.1932430650123633,3,44,40,13,rrrGGgrrrGGg
3383,126,4087.0,2.156196206657556,3,45,39,14,rrrGGgrrrGGg
3384,127,3988.0,2.038748884523064,3,46,37,15,rrrGGgrrrGGg
3385,127,4040.0,2.064893954811121,3,46,35,16,rrrGGgrrrGGg
3386,128,4057.0,2.168190493430291,3,47,35,17,rrrGGgrrrGGg
3387,129,4015.0,2.2694174630932733,3,46,33,18,rrrGGgrrrGGg
3388,129,3972.0,2.2680730113591783,3,44,32,19,rrrGGgrrrGGg
3389,130,3941.0,2.1937875452761957,4,44,33,0,rrryyyrrryyy
3390,129,3993.0,2.1595401916406036,4,44,33,0,rrryyyrrryyy
3391,130,3972.0,2.2533821528944595,4,43,31,0,rrryyyrrryyy
3392,129,3786.0,2.1962937129413054,5,43,27,0,rrrrrrrrrrrr
3393,128,3858.0,2.2114097884390547,5,43,32,0,rrrrrrrrrrrr
3394,130,3877.0,2.259528225032798,0,41,35,0,GGgrrrGGgrrr
3395,130,3907.0,2.3500146393825148,0,37,36,1,GGgrrrGGgrrr
3396,130,3940.0,2.46574900026523,0,35,37,2,GGgrrrGGgrrr
3397,130,3984.0,2.555264946846803,0,34,39,3,GGgrrrGGgrrr
3398,130,4029.0,2.647639044162624,0,34,39,4,GGgrrrGGgrrr
3399,130,4051.0,2.615285672467975,0,34,39,5,GGgrrrGGgrrr
3400,131,3835.0,2.609252869110978,0,32,39,6,GGgrrrGGgrrr
3401,131,3861.0,2.6557609656503267,0,33,36,7,GGgrrrGGgrrr
3402,131,3824.0,2.702813132760169,0,32,38,8,GGgrrrGGgrrr
3403,129,3796.0,2.5190492839374183,0,30,39,9,GGgrrrGGgrrr
3404,129,3771.0,2.267984981283832,0,33,40,10,GGgrrrGGgrrr
3405,129,3822.0,2.227404679269449,0,30,42,11,GGgrrrGGgrrr
3406,129,3875.0,2.2053006219298457,0,29,43,12,GGgrrrGGgrrr
3407,129,3928.0,2.2121931505518746,0,30,44,13,GGgrrrGGgrrr
3408,128,3787.0,2.168911211168317,0,30,43,14,GGgrrrGGgrrr
3409,128,3856.0,2.0995833197801956,0,32,45,15,GGgrrrGGgrrr
3410,128,3911.0,2.0556049665551117,0,33,45,16,GGgrrrGGgrrr
3411,128,3892.0,2.066103147741271,0,33,45,17,GGgrrrGGgrrr
3412,127,3875.0,2.0568546029439716,0,34,45,18,GGgrrrGGgrrr
3413,126,3841.0,2.0205695587906853,0,33,46,19,GGgrrrGGgrrr
3414,127,3799.0,2.010595083320876,1,33,46,0,yyyrrryyyrrr
3415,127,3847.0,1.9062203902649473,1,35,46,0,yyyrrryyyrrr
3416,128,3575.0,1.9511307827676707,1,30,45,0,yyyrrryyyrrr
3417,127,3640.0,1.8859735489445817,2,29,48,0,rrrrrrrrrrrr
3418,127,3596.0,1.8843846189518005,2,28,47,0,rrrrrrrrrrrr
3419,128,3520.0,1.9671013929102996,3,28,48,0,rrrGGgrrrGGg
3420,127,3451.0,1.9489160899865678,3,25,47,1,rrrGGgrrrGGg
3421,127,3364.0,2.0341027112160797,3,25,44,2,rrrGGgrrrGGg
3422,127,3271.0,2.0650593305282388,3,26,42,3,rrrGGgrrrGGg
3423,127,3004.0,2.0726199795406024,3,26,39,4,rrrGGgrrrGGg
3424,128,2955.0,2.07711851789178,3,30,41,5,rrrGGgrrrGGg
3425,128,3008.0,2.0981793433787135,3,33,43,6,rrrGGgrrrGGg
3426,127,2989.0,1.922119931550911,3,33,45,7,rrrGGgrrrGGg
3427,128,2945.0,1.9473594997668051,3,35,42,8,rrrGGgrrrGGg
3428,127,2903.0,1.8757325646980438,3,35,42,9,rrrGGgrrrGGg
3429,128,2934.0,1.8224529883380416,3,38,40,10,rrrGGgrrrGGg
3430,127,2701.0,1.7783312285455737,3,39,40,11,rrrGGgrrrGGg
3431,127,2652.0,1.7273571905138065,3,40,42,12,rrrGGgrrrGGg
3432,127,2595.0,1.8012258312224962,3,39,40,13,rrrGGgrrrGGg
3433,127,2620.0,1.8965588552207473,3,38,40,14,rrrGGgrrrGGg
3434,128,2564.0,1.9500728143534283,3,39,39,15,rrrGGgrrrGGg
3435,128,2604.0,1.9758909805351526,3,38,39,16,rrrGGgrrrGGg
3436,129,2529.0,2.0213804075443425,3,41,35,17,rrrGGgrrrGGg
3437,129,2488.0,2.01428649109173,3,41,36,18,rrrGGgrrrGGg
3438,128,2453.0,2.055187896671112,3,42,34,19,rrrGGgrrrGGg
3439,127,2183.0,1.9401063476523193,4,42,31,0,rrryyyrrryyy
3440,126,2235.0,1.910078415134273,4,42,31,0,rrryyyrrryyy
3441,126,2288.0,1.9649518351276443,4,44,31,0,rrryyyrrryyy
3442,126,2309.0,2.0252156453154257,5,44,29,0,rrrrrrrrrrrr
3443,126,2330.0,1.991675606972967,5,46,28,0,rrrrrrrrrrrr
3444,127,2301.0,1.9468233865708864,0,44,30,0,GGgrrrGGgrrr
3445,127,2291.0,1.9718187425183449,0,44,27,1,GGgrrrGGgrrr
3446,127,2059.0,2.0448455233696543,0,44,27,2,GGgrrrGGgrrr
3447,128,2052.0,2.066685875444979,0,43,28,3,GGgrrrGGgrrr
3448,129,2027.0,2.107163005650918,0,37,30,4,GGgrrrGGgrrr
3449,130,2047.0,2.135704878383469,0,38,29,5,GGgrrrGGgrrr
3450,130,2058.0,2.1981161212239835,0,35,32,6,GGgrrrGGgrrr
3451,129,2059.0,2.2363955570239527,0,34,31,7,GGgrrrGGgrrr
3452,128,2033.0,2.2802161281662814,0,34,30,8,GGgrrrGGgrrr
3453,127,2068.0,2.2516515347898327,0,34,33,9,GGgrrrGGgrrr
3454,128,2024.0,2.213506475409249,0,33,33,10,GGgrrrGGgrrr
3455,129,1819.0,2.271183483646194,0,34,32,11,GGgrrrGGgrrr
3456,127,1819.0,2.0571785622856043,0,35,34,12,GGgrrrGGgrrr
3457,127,1731.0,2.1479511076286006,0,32,33,13,GGgrrrGGgrrr
3458,127,1654.0,2.2465316656484324,0,34,32,14,GGgrrrGGgrrr
3459,128,1561.0,2.2720701093878137,0,31,32,15,GGgrrrGGgrrr
3460,129,1545.0,2.2914712529475856,0,33,35,16,GGgrrrGGgrrr
3461,129,1514.0,2.256390538568752,0,32,37,17,GGgrrrGGgrrr
3462,128,1539.0,2.176178834096914,0,35,38,18,GGgrrrGGgrrr
3463,127,1377.0,2.068603525635216,0,33,39,19,GGgrrrGGgrrr
3464,126,1401.0,2.0340576235450016,1,31,40,0,yyyrrryyyrrr
3465,126,1436.0,2.01521049494629,1,30,40,0,yyyrrryyyrrr
3466,126,1478.0,2.040476152069947,1,28,42,0,yyyrrryyyrrr
3467,127,1491.0,1.9872304887698844,2,29,38,0,rrrrrrrrrrrr
3468,127,1549.0,1.9737886758124248,2,30,39,0,rrrrrrrrrrrr
3469,127,1543.0,2.0468188919391244,3,32,39,0,rrrGGgrrrGGg
3470,129,1567.0,2.080791483861641,3,35,38,1,rrrGGgrrrGGg
3471,129,1536.0,2.1186631620085885,3,34,35,2,rrrGGgrrrGGg
3472,130,1525.0,2.1945310027398865,3,33,38,3,rrrGGgrrrGGg
3473,130,1510.0,2.2914777008551135,3,35,35,4,rrrGGgrrrGGg
3474,130,1519.0,2.3752864900734383,3,34,35,5,rrrGGgrrrGGg
3475,131,1549.0,2.4034615368592047,3,37,34,6,rrrGGgrrrGGg
3476,130,1607.0,2.368125572544044,3,37,33,7,rrrGGgrrrGGg
3477,130,1605.0,2.415973297892209,3,39,30,8,rrrGGgrrrGGg
3478,129,1461.0,2.331078971818278,3,41,32,9,rrrGGgrrrGGg
3479,129,1506.0,2.3284094599949055,3,42,33,10,rrrGGgrrrGGg
3480,128,1550.0,2.124690056509781,3,45,33,11,rrrGGgrrrGGg
3481,128,1605.0,1.914141056137702,3,47,35,12,rrrGGgrrrGGg
3482,128,1653.0,1.9877151715381962,3,45,33,13,rrrGGgrrrGGg
3483,128,1729.0,2.036733669469198,3,47,33,14,rrrGGgrrrGGg
3484,128,1788.0,2.078907806441511,3,49,32,15,rrrGGgrrrGGg
3485,128,1844.0,2.0324152434204383,3,50,33,16,rrrGGgrrrGGg
3486,127,1630.0,2.009402554078086,3,48,32,17,rrrGGgrrrGGg
3487,127,1643.0,2.0484568771667653,3,47,29,18,rrrGGgrrrGGg
3488,126,1632.0,1.8671740003788215,3,47,31,19,rrrGGgrrrGGg
3489,125,1687.0,1.8019680592764282,4,48,29,0,rrryyyrrryyy
3490,127,1764.0,1.8635761303866398,4,51,30,0,rrryyyrrryyy
3491,127,1822.0,1.9274608848578998,4,52,29,0,rrryyyrrryyy
3492,126,1880.0,1.8300899346894948,5,52,28,0,rrrrrrrrrrrr
3493,125,1881.0,1.752608193153906,5,52,28,0,rrrrrrrrrrrr
3494,124,1622.0,1.6971307277360435,0,51,24,0,GGgrrrGGgrrr
3495,125,1616.0,1.7471253618149831,0,51,28,1,GGgrrrGGgrrr
3496,125,1632.0,1.8152495091298533,0,46,28,2,GGgrrrGGgrrr
3497,126,1604.0,1.8879600045489306,0,46,27,3,GGgrrrGGgrrr
3498,126,1612.0,1.9867512601498265,0,45,27,4,GGgrrrGGgrrr
3499,126,1615.0,2.1248546063909646,0,45,25,5,GGgrrrGGgrrr
3500,126,1685.0,2.1253089775845475,0,45,26,6,GGgrrrGGgrrr
3501,127,1514.0,2.0675916321793517,0,47,25,7,GGgrrrGGgrrr
3502,126,1495.0,1.9875997691931633,0,43,27,8,GGgrrrGGgrrr
3503,126,1452.0,1.969662831729074,0,41,29,9,GGgrrrGGgrrr
3504,126,1413.0,1.8517317984373407,0,40,30,10,GGgrrrGGgrrr
3505,127,1438.0,1.9076355370201612,0,39,30,11,GGgrrrGGgrrr
3506,126,1460.0,1.8073931659712574,0,41,29,12,GGgrrrGGgrrr
3507,125,1489.0,1.8669991315415417,0,40,28,13,GGgrrrGGgrrr
3508,124,1493.0,1.8934581640127568,0,41,29,14,GGgrrrGGgrrr
3509,124,1528.0,1.9560598313895647,0,39,29,15,GGgrrrGGgrrr
3510,124,1530.0,2.035188460662077,0,39,31,16,GGgrrrGGgrrr
3511,123,1492.0,2.0059046003108,0,37,31,17,GGgrrrGGgrrr
3512,124,1457.0,2.0940392343334406,0,34,34,18,GGgrrrGGgrrr
3513,123,1408.0,2.101509264148187,0,33,32,19,GGgrrrGGgrrr
3514,122,1331.0,2.107414291886723,0,30,31,20,GGgrrrGGgrrr
3515,123,1293.0,2.1956439746032466,0,28,31,21,GGgrrrGGgrrr
3516,123,1268.0,2.3210872271140808,0,27,32,22,GGgrrrGGgrrr
3517,123,1260.0,2.446730947630248,1,27,34,0,yyyrrryyyrrr
3518,124,1283.0,2.552281308995405,1,26,36,0,yyyrrryyyrrr
3519,123,1307.0,2.560817870116714,1,27,36,0,yyyrrryyyrrr
3520,123,1353.0,2.614921172965985,2,26,37,0,rrrrrrrrrrrr
3521,123,1377.0,2.5998883485429407,2,27,38,0,rrrrrrrrrrrr
3522,123,1338.0,2.5795623210707865,3,26,36,0,rrrGGgrrrGGg
3523,124,1337.0,2.518714806920289,3,28,36,1,rrrGGgrrrGGg
3524,124,1334.0,2.563075830140184,3,29,34,2,rrrGGgrrrGGg
3525,124,1353.0,2.5329809252916573,3,30,34,3,rrrGGgrrrGGg
3526,124,1352.0,2.559239977184417,3,31,33,4,rrrGGgrrrGGg
3527,123,1403.0,2.487218590458635,3,30,34,5,rrrGGgrrrGGg
3528,123,1430.0,2.5347631566389643,3,30,34,6,rrrGGgrrrGGg
3529,123,1404.0,2.466628568463411,3,31,33,7,rrrGGgrrrGGg
3530,122,1411.0,2.285410908965667,3,31,31,8,rrrGGgrrrGGg
3531,119,1444.0,2.0494246841108446,3,31,30,9,rrrGGgrrrGGg
3532,119,1461.0,2.09162134789924,3,31,30,10,rrrGGgrrrGGg
3533,118,1406.0,2.013767675333782,3,31,31,11,rrrGGgrrrGGg
3534,118,1335.0,2.026850691645619,3,31,32,12,rrrGGgrrrGGg
3535,118,1331.0,2.008863497904338,3,32,31,13,rrrGGgrrrGGg
3536,119,1279.0,1.9918222279392277,3,32,33,14,rrrGGgrrrGGg
3537,119,1232.0,2.0057651373825713,3,34,32,15,rrrGGgrrrGGg
3538,118,1213.0,1.95570731760347,3,35,34,16,rrrGGgrrrGGg
3539,118,1157.0,2.00646030751811,3,36,33,17,rrrGGgrrrGGg
3540,117,1103.0,1.9962276388625884,3,36,31,18,rrrGGgrrrGGg
3541,116,1059.0,2.01442465572861,3,39,30,19,rrrGGgrrrGGg
3542,114,1097.0,1.9028722638123303,4,41,28,0,rrryyyrrryyy
3543,115,1136.0,1.9487503691049521,4,43,27,0,rrryyyrrryyy
3544,114,1200.0,1.9081339019622348,4,43,27,0,rrryyyrrryyy
3545,114,1240.0,1.915568476959397,5,44,27,0,rrrrrrrrrrrr
3546,113,1286.0,1.8404583687213263,5,45,27,0,rrrrrrrrrrrr
3547,113,1243.0,1.8572700437460627,0,43,27,0,GGgrrrGGgrrr
3548,113,1199.0,1.8858284266172076,0,39,25,1,GGgrrrGGgrrr
3549,113,1181.0,1.8791963628579496,0,39,25,2,GGgrrrGGgrrr
3550,113,1184.0,1.9030893547052288,0,38,24,3,GGgrrrGGgrrr
3551,114,1051.0,1.9349767246596168,0,38,24,4,GGgrrrGGgrrr
3552,114,1007.0,1.989704684770058,0,36,26,5,GGgrrrGGgrrr
3553,114,963.0,2.0717585898737183,0,33,24,6,GGgrrrGGgrrr
3554,114,970.0,2.121043879964442,0,33,22,7,GGgrrrGGgrrr
3555,114,926.0,2.110104174804181,0,30,25,8,GGgrrrGGgrrr
3556,113,859.0,2.005646401771076,0,30,24,9,GGgrrrGGgrrr
3557,112,844.0,1.9235306463425406,0,33,24,10,GGgrrrGGgrrr
3558,112,816.0,1.80663359356892,0,34,24,11,GGgrrrGGgrrr
3559,113,811.0,1.851933788983749,0,34,26,12,GGgrrrGGgrrr
3560,112,806.0,1.8173754178079693,0,36,24,13,GGgrrrGGgrrr
3561,112,781.0,1.7288020414391252,0,35,22,14,GGgrrrGGgrrr
3562,111,820.0,1.6437964127566014,0,37,22,15,GGgrrrGGgrrr
3563,110,839.0,1.5383109212362454,0,34,22,16,GGgrrrGGgrrr
3564,110,868.0,1.5740414989147105,0,34,24,17,GGgrrrGGgrrr
3565,109,865.0,1.5136465865765816,0,29,25,18,GGgrrrGGgrrr
3566,108,872.0,1.3926462278801923,0,28,24,19,GGgrrrGGgrrr
3567,108,901.0,1.3968105520557097,0,29,26,20,GGgrrrGGgrrr
3568,108,929.0,1.321434101973519,0,29,28,21,GGgrrrGGgrrr
3569,107,979.0,1.2847615800613674,0,29,28,22,GGgrrrGGgrrr
3570,107,1040.0,1.353298224943158,0,32,30,23,GGgrrrGGgrrr
3571,107,1080.0,1.4292397655175002,0,32,30,24,GGgrrrGGgrrr
3572,107,1124.0,1.502873754560349,0,35,30,25,GGgrrrGGgrrr
3573,109,1151.0,1.5396850595643854,0,34,33,26,GGgrrrGGgrrr
3574,109,1161.0,1.6327337431913238,0,31,34,27,GGgrrrGGgrrr
3575,109,1155.0,1.7451036573888077,0,28,32,28,GGgrrrGGgrrr
3576,109,1147.0,1.8737379383016575,0,25,34,29,GGgrrrGGgrrr
3577,109,1150.0,1.881252489923367,1,21,35,0,yyyrrryyyrrr
3578,109,1149.0,1.9400488815387371,1,17,36,0,yyyrrryyyrrr
3579,110,1090.0,1.9617727488510717,1,19,36,0,yyyrrryyyrrr
3580,110,962.0,2.0549604657238754,2,18,35,0,rrrrrrrrrrrr
3581,110,906.0,2.1101218274606715,2,16,35,0,rrrrrrrrrrrr
3582,109,847.0,2.103422671098604,3,16,35,0,rrrGGgrrrGGg
3583,108,820.0,2.102509269822584,3,18,35,1,rrrGGgrrrGGg
3584,109,792.0,2.2060057179959687,3,17,34,2,rrrGGgrrrGGg
3585,108,773.0,2.22277907267633,3,18,32,3,rrrGGgrrrGGg
3586,108,764.0,2.317967244281093,3,20,30,4,rrrGGgrrrGGg
3587,107,701.0,2.288770637065076,3,20,29,5,rrrGGgrrrGGg
3588,107,706.0,2.3389716886418297,3,21,29,6,rrrGGgrrrGGg
3589,108,625.0,2.3491275758075374,3,22,27,7,rrrGGgrrrGGg
3590,109,558.0,2.3714246120534157,3,20,28,8,rrrGGgrrrGGg
3591,109,561.0,2.458751384806718,3,21,27,9,rrrGGgrrrGGg
3592,109,566.0,2.5247994791997166,3,21,27,10,rrrGGgrrrGGg
3593,109,572.0,2.5979144568677004,3,22,27,11,rrrGGgrrrGGg
3594,109,580.0,2.696878451732291,3,23,26,12,rrrGGgrrrGGg
3595,108,599.0,2.755502106193524,3,25,25,13,rrrGGgrrrGGg
3596,108,617.0,2.7478222013102047,3,26,25,14,rrrGGgrrrGGg
3597,108,659.0,2.757761134755587,3,27,27,15,rrrGGgrrrGGg
3598,108,639.0,2.8494973524408755,3,25,25,16,rrrGGgrrrGGg
3599,106,617.0,2.7349868138879128,3,24,24,17,rrrGGgrrrGGg
