step,vehicle_count,total_waiting_time,mean_speed,phase,state
0,4,0.0,0.0,0,GGgrrrGGgrrr
1,4,0.0,0.6628257775679232,0,GGgrrrGGgrrr
2,4,0.0,1.3396166710415855,0,GGgrrrGGgrrr
3,4,0.0,2.037684859335423,0,GGgrrrGGgrrr
4,4,0.0,2.7018711789045486,0,GGgrrrGGgrrr
5,7,0.0,1.9074580833848034,0,GGgrrrGGgrrr
6,7,0.0,2.5127586193382743,0,GGgrrrGGgrrr
7,7,0.0,3.11353109835514,0,GGgrrrGGgrrr
8,7,0.0,3.810651793237775,0,GGgrrrGGgrrr
9,7,0.0,4.342707094869444,0,GGgrrrGGgrrr
10,8,0.0,4.411206495179795,0,GGgrrrGGgrrr
11,8,0.0,5.024360246653668,0,GGgrrrGGgrrr
12,9,0.0,5.001201709256403,0,GGgrrrGGgrrr
13,9,0.0,5.584838516906732,0,GGgrrrGGgrrr
14,9,0.0,6.197308191356973,0,GGgrrrGGgrrr
15,10,0.0,6.1120679724961535,0,GGgrrrGGgrrr
16,10,0.0,6.675063327569516,0,GGgrrrGGgrrr
17,12,0.0,6.071363022178411,0,GGgrrrGGgrrr
18,12,0.0,6.644222968040656,0,GGgrrrGGgrrr
19,13,0.0,6.637055477499964,0,GGgrrrGGgrrr
20,14,0.0,6.750413043620617,0,GGgrrrGGgrrr
21,14,0.0,7.280294518774661,0,GGgrrrGGgrrr
22,14,0.0,7.834628577839604,0,GGgrrrGGgrrr
23,14,0.0,8.452520316129823,0,GGgrrrGGgrrr
24,14,0.0,8.916873352156541,0,GGgrrrGGgrrr
25,15,0.0,8.706038670162116,0,GGgrrrGGgrrr
26,16,0.0,8.539764273738028,0,GGgrrrGGgrrr
27,17,0.0,8.478638958477147,0,GGgrrrGGgrrr
28,18,0.0,8.455893120439521,0,GGgrrrGGgrrr
29,18,0.0,8.795171105728018,0,GGgrrrGGgrrr
30,19,0.0,8.42274484173345,1,yyyrrryyyrrr
31,19,0.0,7.900419051841132,1,yyyrrryyyrrr
32,19,0.0,7.357405134076098,1,yyyrrryyyrrr
33,20,1.0,6.5917016029728375,2,rrrrrrrrrrrr
34,20,2.0,6.870917894787449,2,rrrrrrrrrrrr
35,21,4.0,6.700609429562056,3,rrrGGgrrrGGg
36,23,6.0,6.166584800598696,3,rrrGGgrrrGGg
37,23,8.0,6.266870450167279,3,rrrGGgrrrGGg
38,23,10.0,6.335749170996257,3,rrrGGgrrrGGg
39,23,12.0,6.511472797909577,3,rrrGGgrrrGGg
40,24,14.0,6.547454880588588,3,rrrGGgrrrGGg
41,25,17.0,6.707204584115799,3,rrrGGgrrrGGg
42,26,20.0,6.831955616125904,3,rrrGGgrrrGGg
43,26,23.0,7.063306648572444,3,rrrGGgrrrGGg
44,26,26.0,7.235377715006586,3,rrrGGgrrrGGg
45,26,29.0,7.3645235951858785,3,rrrGGgrrrGGg
46,28,33.0,7.095023133477596,3,rrrGGgrrrGGg
47,28,37.0,7.208362562780609,3,rrrGGgrrrGGg
48,28,41.0,7.180428203624146,3,rrrGGgrrrGGg
49,29,46.0,6.678434068208996,3,rrrGGgrrrGGg
50,29,51.0,6.569652710934819,3,rrrGGgrrrGGg
51,31,57.0,6.301049553300655,3,rrrGGgrrrGGg
52,32,64.0,6.3591886920057235,3,rrrGGgrrrGGg
53,32,71.0,6.725475973884678,3,rrrGGgrrrGGg
54,32,78.0,7.100661916484384,3,rrrGGgrrrGGg
55,32,85.0,7.42429536168006,3,rrrGGgrrrGGg
56,34,92.0,7.193465577956428,3,rrrGGgrrrGGg
57,34,99.0,7.417016160507245,3,rrrGGgrrrGGg
58,34,107.0,7.700027047497639,3,rrrGGgrrrGGg
59,34,115.0,7.895888192766485,3,rrrGGgrrrGGg
60,34,123.0,7.838122579475722,3,rrrGGgrrrGGg
61,37,131.0,7.140910377889917,3,rrrGGgrrrGGg
62,37,140.0,7.1196283452119165,3,rrrGGgrrrGGg
63,37,150.0,7.262322242498591,3,rrrGGgrrrGGg
64,38,160.0,7.063148552902751,3,rrrGGgrrrGGg
65,38,170.0,7.10645058951692,4,rrryyyrrryyy
66,38,180.0,6.708227700619959,4,rrryyyrrryyy
67,37,191.0,6.541076033165777,4,rrryyyrrryyy
68,38,202.0,6.36244305832079,5,rrrrrrrrrrrr
69,38,213.0,6.073988188143792,5,rrrrrrrrrrrr
70,37,117.0,6.01824853262236,0,GGgrrrGGgrrr
71,38,60.0,6.13734732351516,0,GGgrrrGGgrrr
72,38,29.0,6.41881109996263,0,GGgrrrGGgrrr
73,36,10.0,6.288950483271512,0,GGgrrrGGgrrr
74,36,4.0,6.323162508440324,0,GGgrrrGGgrrr
75,37,5.0,6.469671581822828,0,GGgrrrGGgrrr
76,37,8.0,6.431446904352489,0,GGgrrrGGgrrr
77,37,11.0,6.442555742446192,0,GGgrrrGGgrrr
78,37,15.0,6.616128855191259,0,GGgrrrGGgrrr
79,38,21.0,6.464834671559485,0,GGgrrrGGgrrr
80,39,27.0,6.278825169384752,0,GGgrrrGGgrrr
81,40,35.0,5.970233310709275,0,GGgrrrGGgrrr
82,40,44.0,5.870949959241315,0,GGgrrrGGgrrr
83,40,46.0,5.883180502161185,0,GGgrrrGGgrrr
84,40,51.0,6.107635021143911,0,GGgrrrGGgrrr
85,42,47.0,6.029331514522007,0,GGgrrrGGgrrr
86,42,48.0,5.977092115807003,0,GGgrrrGGgrrr
87,43,52.0,6.133761530774617,0,GGgrrrGGgrrr
88,43,57.0,6.364664468883515,0,GGgrrrGGgrrr
89,43,64.0,6.653328386835967,0,GGgrrrGGgrrr
90,42,71.0,6.277579341634545,0,GGgrrrGGgrrr
91,43,78.0,6.374321421440593,0,GGgrrrGGgrrr
92,43,86.0,6.484782290918295,0,GGgrrrGGgrrr
93,43,94.0,6.583161920057088,0,GGgrrrGGgrrr
94,44,103.0,6.43851626891504,0,GGgrrrGGgrrr
95,45,113.0,6.368642692119486,0,GGgrrrGGgrrr
96,46,123.0,6.319782665149413,0,GGgrrrGGgrrr
97,46,127.0,6.52271338201051,0,GGgrrrGGgrrr
98,46,137.0,6.782777514200114,0,GGgrrrGGgrrr
99,47,147.0,6.865061585519752,0,GGgrrrGGgrrr
100,49,157.0,6.646595649985799,1,yyyrrryyyrrr
101,49,167.0,6.687094202812776,1,yyyrrryyyrrr
102,48,178.0,6.3942085731162335,1,yyyrrryyyrrr
103,48,191.0,6.634133901492775,2,rrrrrrrrrrrr
104,49,204.0,6.707424015896895,2,rrrrrrrrrrrr
105,48,128.0,6.8272919616499825,3,rrrGGgrrrGGg
106,49,89.0,6.880231828764366,3,rrrGGgrrrGGg
107,47,60.0,6.812818959179425,3,rrrGGgrrrGGg
108,46,40.0,6.779905387461957,3,rrrGGgrrrGGg
109,47,30.0,6.494678833604872,3,rrrGGgrrrGGg
110,46,22.0,6.521616153690388,3,rrrGGgrrrGGg
111,47,26.0,6.513991434382125,3,rrrGGgrrrGGg
112,47,21.0,6.720807520963567,3,rrrGGgrrrGGg
113,48,23.0,6.766508897958528,3,rrrGGgrrrGGg
114,48,27.0,6.943796734299912,3,rrrGGgrrrGGg
115,49,30.0,6.937091870617293,3,rrrGGgrrrGGg
116,50,34.0,6.868544766262865,3,rrrGGgrrrGGg
117,48,39.0,6.7374378174618315,3,rrrGGgrrrGGg
118,48,43.0,6.646619788789465,3,rrrGGgrrrGGg
119,48,48.0,6.855037930660477,3,rrrGGgrrrGGg
120,47,53.0,6.996035583525214,3,rrrGGgrrrGGg
121,48,59.0,7.056936067581815,3,rrrGGgrrrGGg
122,48,65.0,6.9879755811382,3,rrrGGgrrrGGg
123,47,71.0,7.12096012590556,3,rrrGGgrrrGGg
124,48,77.0,6.935865329221183,3,rrrGGgrrrGGg
125,47,84.0,7.009462941829778,3,rrrGGgrrrGGg
126,47,91.0,7.233682628838488,3,rrrGGgrrrGGg
127,47,98.0,7.176568059999909,3,rrrGGgrrrGGg
128,47,106.0,7.483891433699528,3,rrrGGgrrrGGg
129,46,114.0,7.5283863322819995,3,rrrGGgrrrGGg
130,47,122.0,7.5257922941471795,3,rrrGGgrrrGGg
131,46,130.0,7.452768051442196,3,rrrGGgrrrGGg
132,48,138.0,7.230151472668045,3,rrrGGgrrrGGg
133,49,146.0,7.163215635210684,3,rrrGGgrrrGGg
134,49,156.0,7.417762815010851,3,rrrGGgrrrGGg
135,49,166.0,7.438480425957744,4,rrryyyrrryyy
136,49,177.0,7.404796564126636,4,rrryyyrrryyy
137,51,188.0,7.175723026092601,4,rrryyyrrryyy
138,50,202.0,7.241725135241705,5,rrrrrrrrrrrr
139,51,216.0,7.356962048732846,5,rrrrrrrrrrrr
140,51,107.0,7.6538903623701575,0,GGgrrrGGgrrr
141,50,57.0,7.456033532923007,0,GGgrrrGGgrrr
142,51,31.0,7.404229251004502,0,GGgrrrGGgrrr
143,50,21.0,7.398980795303985,0,GGgrrrGGgrrr
144,50,25.0,7.6000089638342425,0,GGgrrrGGgrrr
145,49,29.0,7.592332066092211,0,GGgrrrGGgrrr
146,48,33.0,7.116998822988216,0,GGgrrrGGgrrr
147,48,39.0,6.862262615816275,0,GGgrrrGGgrrr
148,48,47.0,6.894820790934166,0,GGgrrrGGgrrr
149,47,57.0,6.807675119451112,0,GGgrrrGGgrrr
150,47,60.0,6.6239725266328096,0,GGgrrrGGgrrr
151,46,64.0,6.688166411597826,0,GGgrrrGGgrrr
152,48,70.0,6.622244141163478,0,GGgrrrGGgrrr
153,46,76.0,6.435908764304422,0,GGgrrrGGgrrr
154,45,83.0,6.214527904294935,0,GGgrrrGGgrrr
155,46,90.0,6.0155645782106095,0,GGgrrrGGgrrr
156,46,99.0,5.775099145651072,0,GGgrrrGGgrrr
157,46,108.0,5.585201591790747,0,GGgrrrGGgrrr
158,46,118.0,5.823260342678869,0,GGgrrrGGgrrr
159,46,129.0,6.062772847125126,0,GGgrrrGGgrrr
160,47,140.0,5.8917563470504115,0,GGgrrrGGgrrr
161,45,151.0,5.719210523959879,0,GGgrrrGGgrrr
162,46,163.0,5.7072449447126505,0,GGgrrrGGgrrr
163,46,176.0,5.873703589018897,0,GGgrrrGGgrrr
164,46,188.0,6.134735745453721,0,GGgrrrGGgrrr
165,47,201.0,6.1034594170429886,0,GGgrrrGGgrrr
166,48,215.0,5.99986562007015,0,GGgrrrGGgrrr
167,48,227.0,5.990428530060449,0,GGgrrrGGgrrr
168,49,227.0,5.944647085991683,0,GGgrrrGGgrrr
169,49,229.0,6.126336665985363,0,GGgrrrGGgrrr
170,49,241.0,6.401473526000199,1,yyyrrryyyrrr
171,49,254.0,6.394030755617598,1,yyyrrryyyrrr
172,49,267.0,6.6366562067207076,1,yyyrrryyyrrr
173,50,280.0,6.615274906337886,2,rrrrrrrrrrrr
174,51,293.0,6.584460063654251,2,rrrrrrrrrrrr
175,49,200.0,6.45523147093415,3,rrrGGgrrrGGg
176,48,139.0,6.5837402452039475,3,rrrGGgrrrGGg
177,49,98.0,6.6075909753627595,3,rrrGGgrrrGGg
178,50,62.0,6.4368979885804665,3,rrrGGgrrrGGg
179,50,36.0,6.64066450810339,3,rrrGGgrrrGGg
180,50,21.0,6.9298748384940225,3,rrrGGgrrrGGg
181,50,15.0,7.138001019023411,3,rrrGGgrrrGGg
182,50,17.0,7.082201349378003,3,rrrGGgrrrGGg
183,50,18.0,6.963734550799104,3,rrrGGgrrrGGg
184,49,22.0,6.8888943798860245,3,rrrGGgrrrGGg
185,48,26.0,6.985652532509138,3,rrrGGgrrrGGg
186,47,30.0,7.050461722666204,3,rrrGGgrrrGGg
187,46,34.0,7.204034915200749,3,rrrGGgrrrGGg
188,46,38.0,7.094442296187922,3,rrrGGgrrrGGg
189,46,42.0,7.2069426322290955,3,rrrGGgrrrGGg
190,47,46.0,7.049681532420018,3,rrrGGgrrrGGg
191,47,50.0,6.834373690986772,3,rrrGGgrrrGGg
192,47,54.0,6.9516076975420775,3,rrrGGgrrrGGg
193,48,59.0,6.7529385338259935,3,rrrGGgrrrGGg
194,47,66.0,6.8578083218907455,3,rrrGGgrrrGGg
195,46,71.0,6.856069773894951,3,rrrGGgrrrGGg
196,46,78.0,7.043067050569059,3,rrrGGgrrrGGg
197,46,85.0,7.267839281477646,3,rrrGGgrrrGGg
198,47,92.0,7.381840425465113,3,rrrGGgrrrGGg
199,48,99.0,7.372922673958499,3,rrrGGgrrrGGg
200,47,106.0,7.454673666318427,3,rrrGGgrrrGGg
201,46,114.0,7.306689969666609,3,rrrGGgrrrGGg
202,45,122.0,7.456528558409688,3,rrrGGgrrrGGg
203,46,130.0,7.533475046630096,3,rrrGGgrrrGGg
204,47,138.0,7.676965981124751,3,rrrGGgrrrGGg
205,47,146.0,7.799504772087409,4,rrryyyrrryyy
206,47,154.0,7.799713512135115,4,rrryyyrrryyy
207,48,164.0,7.552193020989496,4,rrryyyrrryyy
208,46,175.0,7.173964475108187,5,rrrrrrrrrrrr
209,46,187.0,7.018393508577652,5,rrrrrrrrrrrr
210,46,85.0,6.773599909974894,0,GGgrrrGGgrrr
211,45,44.0,6.827575191295343,0,GGgrrrGGgrrr
212,45,30.0,6.989326211195623,0,GGgrrrGGgrrr
213,45,24.0,6.857424672896861,0,GGgrrrGGgrrr
214,46,26.0,6.800581791754394,0,GGgrrrGGgrrr
215,46,33.0,6.768877427614109,0,GGgrrrGGgrrr
216,45,42.0,6.729395022953913,0,GGgrrrGGgrrr
217,44,51.0,6.426597035214127,0,GGgrrrGGgrrr
218,43,61.0,6.415039271425856,0,GGgrrrGGgrrr
219,43,71.0,6.590278703447292,0,GGgrrrGGgrrr
220,43,72.0,6.466006231603097,0,GGgrrrGGgrrr
221,43,78.0,6.259850174346051,0,GGgrrrGGgrrr
222,42,84.0,6.152798621860636,0,GGgrrrGGgrrr
223,43,89.0,6.004930651174899,0,GGgrrrGGgrrr
224,44,97.0,5.9294863027364135,0,GGgrrrGGgrrr
225,42,105.0,5.576308529580449,0,GGgrrrGGgrrr
226,43,114.0,5.234152267354508,0,GGgrrrGGgrrr
227,43,124.0,5.448524059449594,0,GGgrrrGGgrrr
228,43,134.0,5.650933443935105,0,GGgrrrGGgrrr
229,43,142.0,5.507849506427888,0,GGgrrrGGgrrr
230,43,153.0,5.835275370394712,0,GGgrrrGGgrrr
231,43,164.0,5.7572626114033305,0,GGgrrrGGgrrr
232,43,176.0,5.842946249916287,0,GGgrrrGGgrrr
233,43,189.0,5.804365557337024,0,GGgrrrGGgrrr
234,43,203.0,5.6718096288013164,0,GGgrrrGGgrrr
235,44,219.0,5.542369907977397,0,GGgrrrGGgrrr
236,44,227.0,5.630148288568396,0,GGgrrrGGgrrr
237,46,236.0,5.571008115992055,0,GGgrrrGGgrrr
238,46,246.0,5.862424374969995,0,GGgrrrGGgrrr
239,46,255.0,6.124436443684779,0,GGgrrrGGgrrr
240,45,269.0,6.1121770716015265,1,yyyrrryyyrrr
241,45,276.0,6.283473866159319,1,yyyrrryyyrrr
242,46,285.0,6.248411937801829,1,yyyrrryyyrrr
243,46,299.0,6.381094259897944,2,rrrrrrrrrrrr
244,46,313.0,6.42933986581772,2,rrrrrrrrrrrr
245,44,233.0,6.064183931694791,3,rrrGGgrrrGGg
246,45,176.0,5.3562968142182426,3,rrrGGgrrrGGg
247,45,129.0,5.230279266042828,3,rrrGGgrrrGGg
248,45,91.0,5.436669037739649,3,rrrGGgrrrGGg
249,45,61.0,5.5676427926901475,3,rrrGGgrrrGGg
250,45,49.0,5.599599030170613,3,rrrGGgrrrGGg
251,45,57.0,5.721070287416381,3,rrrGGgrrrGGg
252,45,52.0,5.370453189179938,3,rrrGGgrrrGGg
253,44,53.0,5.318496610826645,3,rrrGGgrrrGGg
254,44,60.0,5.122239522686144,3,rrrGGgrrrGGg
255,44,67.0,5.129161023008608,3,rrrGGgrrrGGg
256,44,75.0,5.067052122053813,3,rrrGGgrrrGGg
257,46,83.0,4.820543858773262,3,rrrGGgrrrGGg
258,46,92.0,4.684909099597587,3,rrrGGgrrrGGg
259,46,102.0,5.025001665731727,3,rrrGGgrrrGGg
260,46,112.0,5.415070040502736,3,rrrGGgrrrGGg
261,46,122.0,5.550599684071653,3,rrrGGgrrrGGg
262,48,132.0,5.599608609976737,3,rrrGGgrrrGGg
263,48,142.0,5.798199129489656,3,rrrGGgrrrGGg
264,47,152.0,5.925669468658527,3,rrrGGgrrrGGg
265,47,163.0,6.196043654689421,3,rrrGGgrrrGGg
266,48,174.0,6.280438668440894,3,rrrGGgrrrGGg
267,49,185.0,6.376528272324587,3,rrrGGgrrrGGg
268,49,196.0,6.263730197666356,3,rrrGGgrrrGGg
269,50,207.0,6.3148717540486174,3,rrrGGgrrrGGg
270,49,218.0,6.328688040648627,3,rrrGGgrrrGGg
271,50,230.0,6.434500786340907,3,rrrGGgrrrGGg
272,50,242.0,6.63376285574615,3,rrrGGgrrrGGg
273,51,255.0,6.733528114039924,3,rrrGGgrrrGGg
274,53,268.0,6.748188295467999,3,rrrGGgrrrGGg
275,53,281.0,6.994404666858537,4,rrryyyrrryyy
276,54,294.0,7.018798214585831,4,rrryyyrrryyy
277,53,307.0,6.921038564811062,4,rrryyyrrryyy
278,54,321.0,6.856704619479829,5,rrrrrrrrrrrr
279,53,336.0,6.756241213302106,5,rrrrrrrrrrrr
280,52,250.0,6.972242294274611,0,GGgrrrGGgrrr
281,54,174.0,7.058385360866863,0,GGgrrrGGgrrr
282,54,128.0,7.4349495754126735,0,GGgrrrGGgrrr
283,54,87.0,7.507297434368841,0,GGgrrrGGgrrr
284,54,49.0,7.781175923103764,0,GGgrrrGGgrrr
285,52,26.0,7.888974150679538,0,GGgrrrGGgrrr
286,52,15.0,7.4880368381633575,0,GGgrrrGGgrrr
287,52,18.0,7.620864270382076,0,GGgrrrGGgrrr
288,52,21.0,7.206892481961523,0,GGgrrrGGgrrr
289,52,25.0,7.311761485942442,0,GGgrrrGGgrrr
290,52,30.0,7.390531131172072,0,GGgrrrGGgrrr
291,52,36.0,7.093901002829877,0,GGgrrrGGgrrr
292,53,43.0,7.035767171137307,0,GGgrrrGGgrrr
293,52,45.0,6.744474041875479,0,GGgrrrGGgrrr
294,51,48.0,6.8133202261746835,0,GGgrrrGGgrrr
295,50,52.0,6.885468486705896,0,GGgrrrGGgrrr
296,51,57.0,6.892152577490424,0,GGgrrrGGgrrr
297,50,62.0,6.859843103925488,0,GGgrrrGGgrrr
298,50,65.0,6.6070248873286745,0,GGgrrrGGgrrr
299,49,73.0,6.613027671657467,0,GGgrrrGGgrrr
300,48,76.0,6.3411426804839754,0,GGgrrrGGgrrr
301,48,83.0,6.485755692684161,0,GGgrrrGGgrrr
302,49,91.0,6.486774974607811,0,GGgrrrGGgrrr
303,50,100.0,6.421385063190983,0,GGgrrrGGgrrr
304,50,109.0,6.488880344466587,0,GGgrrrGGgrrr
305,50,117.0,6.5715377898050376,0,GGgrrrGGgrrr
306,50,127.0,6.711309915465207,0,GGgrrrGGgrrr
307,53,138.0,6.442023913129126,0,GGgrrrGGgrrr
308,53,149.0,6.418392610185369,0,GGgrrrGGgrrr
309,53,160.0,6.636291055413803,0,GGgrrrGGgrrr
310,53,172.0,6.762477850239242,1,yyyrrryyyrrr
311,53,184.0,6.778059960481604,1,yyyrrryyyrrr
312,54,193.0,6.662467385848345,1,yyyrrryyyrrr
313,56,205.0,6.383915187932898,2,rrrrrrrrrrrr
314,54,218.0,6.159843023762341,2,rrrrrrrrrrrr
315,53,139.0,6.1459168468020655,3,rrrGGgrrrGGg
316,52,84.0,6.103816401203073,3,rrrGGgrrrGGg
317,51,58.0,6.110629258669803,3,rrrGGgrrrGGg
318,50,43.0,5.802575139589891,3,rrrGGgrrrGGg
319,52,35.0,5.646787476936675,3,rrrGGgrrrGGg
320,52,30.0,5.6079063848726225,3,rrrGGgrrrGGg
321,51,30.0,5.391816274807167,3,rrrGGgrrrGGg
322,51,39.0,5.372342794550447,3,rrrGGgrrrGGg
323,52,42.0,5.310262572739362,3,rrrGGgrrrGGg
324,53,48.0,5.2662067271965824,3,rrrGGgrrrGGg
325,54,58.0,5.2976294100011065,3,rrrGGgrrrGGg
326,51,64.0,5.091546735834025,3,rrrGGgrrrGGg
327,50,72.0,5.050051334837531,3,rrrGGgrrrGGg
328,48,81.0,4.850089414058465,3,rrrGGgrrrGGg
329,49,89.0,4.8567685148768,3,rrrGGgrrrGGg
330,49,98.0,5.100752908144539,3,rrrGGgrrrGGg
331,50,108.0,5.260778595560168,3,rrrGGgrrrGGg
332,50,118.0,5.4672744132610305,3,rrrGGgrrrGGg
333,51,127.0,5.400974770654416,3,rrrGGgrrrGGg
334,52,137.0,5.338541159661394,3,rrrGGgrrrGGg
335,52,148.0,5.499206806244954,3,rrrGGgrrrGGg
336,52,159.0,5.455037621685672,3,rrrGGgrrrGGg
337,52,172.0,5.512917264731763,3,rrrGGgrrrGGg
338,52,184.0,5.6077857905898485,3,rrrGGgrrrGGg
339,53,195.0,5.340010241178429,3,rrrGGgrrrGGg
340,54,209.0,5.4617248269669325,3,rrrGGgrrrGGg
341,54,223.0,5.722019023475566,3,rrrGGgrrrGGg
342,54,237.0,5.977291938572444,3,rrrGGgrrrGGg
343,54,251.0,6.236095155100072,3,rrrGGgrrrGGg
344,54,265.0,6.205664306200753,3,rrrGGgrrrGGg
345,54,280.0,6.48014805175461,4,rrryyyrrryyy
346,55,295.0,6.327001033295207,4,rrryyyrrryyy
347,55,310.0,6.521072144227391,4,rrryyyrrryyy
348,56,326.0,6.574400822885237,5,rrrrrrrrrrrr
349,57,342.0,6.397829327860451,5,rrrrrrrrrrrr
350,56,259.0,6.202009428833365,0,GGgrrrGGgrrr
351,55,192.0,5.997973731641133,0,GGgrrrGGgrrr
352,54,131.0,5.8445172433565675,0,GGgrrrGGgrrr
353,55,84.0,5.884290697561515,0,GGgrrrGGgrrr
354,55,51.0,5.773798152232987,0,GGgrrrGGgrrr
355,56,50.0,5.955179009207276,0,GGgrrrGGgrrr
356,57,44.0,5.973333753612489,0,GGgrrrGGgrrr
357,56,49.0,5.881235790666011,0,GGgrrrGGgrrr
358,55,54.0,5.796014653416093,0,GGgrrrGGgrrr
359,57,64.0,5.737777269195721,0,GGgrrrGGgrrr
360,56,76.0,5.850900859824505,0,GGgrrrGGgrrr
361,56,88.0,5.958692400140249,0,GGgrrrGGgrrr
362,56,101.0,5.951983867931817,0,GGgrrrGGgrrr
363,55,115.0,5.822599650463562,0,GGgrrrGGgrrr
364,55,129.0,5.5048033071088875,0,GGgrrrGGgrrr
365,55,146.0,5.63081751794345,0,GGgrrrGGgrrr
366,54,153.0,5.759003642086257,0,GGgrrrGGgrrr
367,55,161.0,5.84701581563941,0,GGgrrrGGgrrr
368,52,168.0,5.576719277291,0,GGgrrrGGgrrr
369,51,175.0,5.515830000546149,0,GGgrrrGGgrrr
370,52,182.0,5.569779072890596,0,GGgrrrGGgrrr
371,52,189.0,5.7887773966147655,0,GGgrrrGGgrrr
372,52,195.0,5.848306666369717,0,GGgrrrGGgrrr
373,52,208.0,6.084523721013853,0,GGgrrrGGgrrr
374,52,221.0,6.302897981781834,0,GGgrrrGGgrrr
375,54,234.0,6.324446995742893,0,GGgrrrGGgrrr
376,54,247.0,6.535774982936451,0,GGgrrrGGgrrr
377,55,260.0,6.557536451563286,0,GGgrrrGGgrrr
378,56,275.0,6.576080629952963,0,GGgrrrGGgrrr
379,56,290.0,6.657528283236922,0,GGgrrrGGgrrr
380,57,305.0,6.635848965512116,1,yyyrrryyyrrr
381,57,320.0,6.6713926167759725,1,yyyrrryyyrrr
382,57,335.0,6.816307690424315,1,yyyrrryyyrrr
383,56,352.0,6.59593127517244,2,rrrrrrrrrrrr
384,56,370.0,6.66960572859153,2,rrrrrrrrrrrr
385,56,318.0,6.416366582010176,3,rrrGGgrrrGGg
386,56,272.0,6.363656219209437,3,rrrGGgrrrGGg
387,56,229.0,5.891794117926131,3,rrrGGgrrrGGg
388,55,191.0,5.6279074498587205,3,rrrGGgrrrGGg
389,53,157.0,5.537778471087672,3,rrrGGgrrrGGg
390,54,166.0,5.680222943545506,3,rrrGGgrrrGGg
391,54,143.0,5.901505843185697,3,rrrGGgrrrGGg
392,53,119.0,5.916637802324407,3,rrrGGgrrrGGg
393,55,101.0,5.922460648309182,3,rrrGGgrrrGGg
394,55,112.0,6.210235496372308,3,rrrGGgrrrGGg
395,56,97.0,6.298318218838602,3,rrrGGgrrrGGg
396,55,88.0,6.392478537580587,3,rrrGGgrrrGGg
397,55,82.0,6.4361918082946366,3,rrrGGgrrrGGg
398,55,80.0,6.2773793190413665,3,rrrGGgrrrGGg
399,51,88.0,5.923100170192251,3,rrrGGgrrrGGg
400,52,97.0,6.0304807415175326,3,rrrGGgrrrGGg
401,52,106.0,6.251073836945002,3,rrrGGgrrrGGg
402,52,116.0,6.179340595296771,3,rrrGGgrrrGGg
403,53,126.0,6.3850295626760145,3,rrrGGgrrrGGg
404,52,136.0,6.319259568320898,3,rrrGGgrrrGGg
405,52,146.0,6.329458950142154,3,rrrGGgrrrGGg
406,52,156.0,6.575601365764435,3,rrrGGgrrrGGg
407,52,166.0,6.832634758643129,3,rrrGGgrrrGGg
408,53,176.0,6.95210808498655,3,rrrGGgrrrGGg
409,53,187.0,7.065689084910447,3,rrrGGgrrrGGg
410,55,198.0,6.952195124408585,3,rrrGGgrrrGGg
411,55,209.0,7.053529265216278,3,rrrGGgrrrGGg
412,55,222.0,7.244676262495862,3,rrrGGgrrrGGg
413,54,235.0,7.2828090723019345,3,rrrGGgrrrGGg
414,54,248.0,7.427852295381666,3,rrrGGgrrrGGg
415,55,261.0,7.43448039093965,4,rrryyyrrryyy
416,57,275.0,7.287394266467694,4,rrryyyrrryyy
417,57,288.0,7.324122545726938,4,rrryyyrrryyy
418,55,302.0,7.050317557634288,5,rrrrrrrrrrrr
419,55,317.0,6.967046409043394,5,rrrrrrrrrrrr
420,55,210.0,6.828164689955797,0,GGgrrrGGgrrr
421,56,147.0,6.421194713390908,0,GGgrrrGGgrrr
422,56,97.0,6.336972929637295,0,GGgrrrGGgrrr
423,52,58.0,5.902493789156216,0,GGgrrrGGgrrr
424,52,34.0,6.0983809579103445,0,GGgrrrGGgrrr
425,51,21.0,6.134644822690307,0,GGgrrrGGgrrr
426,51,27.0,5.913156134097531,0,GGgrrrGGgrrr
427,52,36.0,5.886639678630525,0,GGgrrrGGgrrr
428,53,44.0,5.892327775828566,0,GGgrrrGGgrrr
429,52,51.0,5.642563233232294,0,GGgrrrGGgrrr
430,51,60.0,5.627642882186508,0,GGgrrrGGgrrr
431,51,69.0,5.539388105173317,0,GGgrrrGGgrrr
432,52,78.0,5.54427455784843,0,GGgrrrGGgrrr
433,51,88.0,5.484735765746423,0,GGgrrrGGgrrr
434,50,98.0,5.476048403439304,0,GGgrrrGGgrrr
435,50,108.0,5.576060000298423,0,GGgrrrGGgrrr
436,50,118.0,5.7022550121449225,0,GGgrrrGGgrrr
437,51,129.0,5.510157897047068,0,GGgrrrGGgrrr
438,51,140.0,5.688877031357899,0,GGgrrrGGgrrr
439,51,153.0,5.939579283528931,0,GGgrrrGGgrrr
440,51,165.0,6.208718161577965,0,GGgrrrGGgrrr
441,51,177.0,6.183148613695638,0,GGgrrrGGgrrr
442,53,188.0,6.145591872486006,0,GGgrrrGGgrrr
443,53,200.0,6.0613236179797765,0,GGgrrrGGgrrr
444,52,212.0,6.099913042745727,0,GGgrrrGGgrrr
445,52,225.0,6.296476749854875,0,GGgrrrGGgrrr
446,52,239.0,6.584904530881162,0,GGgrrrGGgrrr
447,53,253.0,6.60956164243068,0,GGgrrrGGgrrr
448,53,267.0,6.681389979669337,0,GGgrrrGGgrrr
449,53,281.0,6.841620025474093,0,GGgrrrGGgrrr
450,54,296.0,6.942073270483468,1,yyyrrryyyrrr
451,55,311.0,6.923780227895219,1,yyyrrryyyrrr
452,56,326.0,6.822870698819157,1,yyyrrryyyrrr
453,55,341.0,6.752972170046351,2,rrrrrrrrrrrr
454,54,357.0,6.476508184854935,2,rrrrrrrrrrrr
455,52,274.0,6.463127142820695,3,rrrGGgrrrGGg
456,53,221.0,6.610973903933535,3,rrrGGgrrrGGg
457,53,195.0,6.624150546131274,3,rrrGGgrrrGGg
458,53,171.0,6.867541467105231,3,rrrGGgrrrGGg
459,52,147.0,6.745267111697567,3,rrrGGgrrrGGg
460,53,122.0,6.6484725071931745,3,rrrGGgrrrGGg
461,50,99.0,6.247891781947583,3,rrrGGgrrrGGg
462,52,78.0,6.243642786957374,3,rrrGGgrrrGGg
463,51,62.0,6.2200131074369684,3,rrrGGgrrrGGg
464,51,71.0,5.994659471593327,3,rrrGGgrrrGGg
465,51,61.0,6.0107451905858245,3,rrrGGgrrrGGg
466,51,54.0,5.846241584212017,3,rrrGGgrrrGGg
467,50,53.0,5.762862564395716,3,rrrGGgrrrGGg
468,49,57.0,5.589528802582969,3,rrrGGgrrrGGg
469,49,63.0,5.657352117647608,3,rrrGGgrrrGGg
470,49,69.0,5.704645200911536,3,rrrGGgrrrGGg
471,48,71.0,5.567374151456888,3,rrrGGgrrrGGg
472,50,73.0,5.557034028110893,3,rrrGGgrrrGGg
473,47,76.0,5.276532434777172,3,rrrGGgrrrGGg
474,49,86.0,5.099390602065195,3,rrrGGgrrrGGg
475,49,90.0,5.143760040056544,3,rrrGGgrrrGGg
476,49,95.0,5.252031104309855,3,rrrGGgrrrGGg
477,49,100.0,5.174459042088481,3,rrrGGgrrrGGg
478,49,110.0,5.338423329093697,3,rrrGGgrrrGGg
479,49,115.0,5.500749292110417,3,rrrGGgrrrGGg
480,49,122.0,5.786632971556576,3,rrrGGgrrrGGg
481,49,130.0,6.059198841144182,3,rrrGGgrrrGGg
482,50,137.0,6.1458148505278425,3,rrrGGgrrrGGg
483,51,144.0,6.1868308119752635,3,rrrGGgrrrGGg
484,53,155.0,6.054237414147143,3,rrrGGgrrrGGg
485,51,164.0,6.092828567756797,4,rrryyyrrryyy
486,51,174.0,6.131510184923438,4,rrryyyrrryyy
487,52,184.0,6.053703893163065,4,rrryyyrrryyy
488,52,196.0,6.125502110438561,5,rrrrrrrrrrrr
489,51,210.0,5.9947648550966495,5,rrrrrrrrrrrr
490,50,120.0,5.5259640670848285,0,GGgrrrGGgrrr
491,50,67.0,5.54062640091488,0,GGgrrrGGgrrr
492,49,37.0,5.443708756781652,0,GGgrrrGGgrrr
493,51,28.0,5.468240207203889,0,GGgrrrGGgrrr
494,51,25.0,5.735286685351625,0,GGgrrrGGgrrr
495,52,32.0,5.9086561147827075,0,GGgrrrGGgrrr
496,52,35.0,6.007275705784592,0,GGgrrrGGgrrr
497,53,43.0,5.969725188881174,0,GGgrrrGGgrrr
498,53,53.0,5.845848545053899,0,GGgrrrGGgrrr
499,53,65.0,6.011496863997577,0,GGgrrrGGgrrr
500,52,75.0,5.991653989834508,0,GGgrrrGGgrrr
501,53,88.0,6.018375526896937,0,GGgrrrGGgrrr
502,52,103.0,6.064454414837978,0,GGgrrrGGgrrr
503,54,113.0,6.039863385239857,0,GGgrrrGGgrrr
504,54,123.0,6.01523592696708,0,GGgrrrGGgrrr
505,53,133.0,6.037081665875329,0,GGgrrrGGgrrr
506,52,142.0,5.711572277122719,0,GGgrrrGGgrrr
507,51,151.0,5.611746148711536,0,GGgrrrGGgrrr
508,51,165.0,5.503770570252638,0,GGgrrrGGgrrr
509,50,177.0,5.541671155119528,0,GGgrrrGGgrrr
510,49,192.0,5.658472145403193,0,GGgrrrGGgrrr
511,51,207.0,5.615914708920951,0,GGgrrrGGgrrr
512,51,222.0,5.809254940870211,0,GGgrrrGGgrrr
513,52,234.0,5.9051532867219745,0,GGgrrrGGgrrr
514,52,245.0,6.1168798511491795,0,GGgrrrGGgrrr
515,52,258.0,6.153483660877888,0,GGgrrrGGgrrr
516,54,272.0,5.891394713154881,0,GGgrrrGGgrrr
517,53,289.0,5.771759721711324,0,GGgrrrGGgrrr
518,54,304.0,5.835339260175137,0,GGgrrrGGgrrr
519,54,318.0,6.044511446175201,0,GGgrrrGGgrrr
520,55,334.0,6.15431492969456,1,yyyrrryyyrrr
521,55,351.0,6.314976881916093,1,yyyrrryyyrrr
522,54,368.0,6.046610983475988,1,yyyrrryyyrrr
523,55,386.0,6.010799442989845,2,rrrrrrrrrrrr
524,54,404.0,6.001227596874624,2,rrrrrrrrrrrr
525,52,330.0,5.801135910968808,3,rrrGGgrrrGGg
526,53,295.0,5.7493420276989635,3,rrrGGgrrrGGg
527,53,269.0,5.404082389169042,3,rrrGGgrrrGGg
528,53,244.0,5.150530362369108,3,rrrGGgrrrGGg
529,53,218.0,5.203097094076749,3,rrrGGgrrrGGg
530,53,195.0,5.101372254536036,3,rrrGGgrrrGGg
531,51,207.0,4.761277942128157,3,rrrGGgrrrGGg
532,52,185.0,4.713405450140483,3,rrrGGgrrrGGg
533,52,161.0,4.811080811575187,3,rrrGGgrrrGGg
534,52,138.0,4.496669469506148,3,rrrGGgrrrGGg
535,53,117.0,4.436240694277266,3,rrrGGgrrrGGg
536,53,95.0,4.529073345112624,3,rrrGGgrrrGGg
537,54,82.0,4.6793462366035845,3,rrrGGgrrrGGg
538,55,94.0,4.871118850050746,3,rrrGGgrrrGGg
539,55,84.0,4.810589048569081,3,rrrGGgrrrGGg
540,55,79.0,4.633416731025254,3,rrrGGgrrrGGg
541,55,78.0,4.818879674229092,3,rrrGGgrrrGGg
542,56,82.0,4.998820886924475,3,rrrGGgrrrGGg
543,56,91.0,5.071374625849946,3,rrrGGgrrrGGg
544,56,101.0,5.009342534800392,3,rrrGGgrrrGGg
545,55,110.0,5.087077813484085,3,rrrGGgrrrGGg
546,56,120.0,5.1355706518995285,3,rrrGGgrrrGGg
547,57,130.0,5.136805456713091,3,rrrGGgrrrGGg
548,57,141.0,5.179330599628105,3,rrrGGgrrrGGg
549,58,153.0,5.152336726020923,3,rrrGGgrrrGGg
550,58,167.0,5.192040484625033,3,rrrGGgrrrGGg
551,57,178.0,5.135457104735283,3,rrrGGgrrrGGg
552,57,190.0,5.238935381521247,3,rrrGGgrrrGGg
553,58,201.0,5.336437851974274,3,rrrGGgrrrGGg
554,60,212.0,5.302345730554743,3,rrrGGgrrrGGg
555,61,224.0,5.5020313986738145,4,rrryyyrrryyy
556,60,237.0,5.5688412824949545,4,rrryyyrrryyy
557,60,251.0,5.82764345827663,4,rrryyyrrryyy
558,61,266.0,5.852105585013278,5,rrrrrrrrrrrr
559,60,282.0,5.560203215212195,5,rrrrrrrrrrrr
560,60,194.0,5.520378707806281,0,GGgrrrGGgrrr
561,60,125.0,5.436748661398499,0,GGgrrrGGgrrr
562,60,85.0,5.408508535663561,0,GGgrrrGGgrrr
563,61,68.0,5.3344245579219205,0,GGgrrrGGgrrr
564,61,59.0,5.161854789802748,0,GGgrrrGGgrrr
565,63,52.0,5.156345741603759,0,GGgrrrGGgrrr
566,62,51.0,5.104326124730377,0,GGgrrrGGgrrr
567,61,64.0,5.111205431040244,0,GGgrrrGGgrrr
568,60,71.0,5.002439959888167,0,GGgrrrGGgrrr
569,61,83.0,4.8258133270479275,0,GGgrrrGGgrrr
570,61,93.0,4.912183958781513,0,GGgrrrGGgrrr
571,62,106.0,4.750686461487255,0,GGgrrrGGgrrr
572,61,121.0,4.529842944890515,0,GGgrrrGGgrrr
573,60,138.0,4.491254589577832,0,GGgrrrGGgrrr
574,62,155.0,4.387693863886328,0,GGgrrrGGgrrr
575,62,173.0,4.435154806966526,0,GGgrrrGGgrrr
576,60,190.0,4.047759878087137,0,GGgrrrGGgrrr
577,61,210.0,3.9814736030849067,0,GGgrrrGGgrrr
578,61,232.0,4.156929576764282,0,GGgrrrGGgrrr
579,61,255.0,4.172964864159774,0,GGgrrrGGgrrr
580,60,273.0,4.194782471014267,0,GGgrrrGGgrrr
581,61,299.0,4.28649063580671,0,GGgrrrGGgrrr
582,61,319.0,4.479065136541047,0,GGgrrrGGgrrr
583,61,340.0,4.332745119136377,0,GGgrrrGGgrrr
584,61,358.0,4.210071965607635,0,GGgrrrGGgrrr
585,61,378.0,4.323945753098463,0,GGgrrrGGgrrr
586,62,399.0,4.36661804628471,0,GGgrrrGGgrrr
587,62,424.0,4.598465682632444,0,GGgrrrGGgrrr
588,62,446.0,4.823303152462203,0,GGgrrrGGgrrr
589,63,467.0,4.899399034234199,0,GGgrrrGGgrrr
590,65,488.0,4.915052205415199,1,yyyrrryyyrrr
591,65,512.0,4.8645500844896095,1,yyyrrryyyrrr
592,66,536.0,4.71658942455985,1,yyyrrryyyrrr
593,65,563.0,4.531982782668147,2,rrrrrrrrrrrr
594,63,592.0,4.089626659854762,2,rrrrrrrrrrrr
595,64,547.0,4.1109291801908965,3,rrrGGgrrrGGg
596,64,506.0,4.208693748844939,3,rrrGGgrrrGGg
597,65,468.0,4.259429510218775,3,rrrGGgrrrGGg
598,65,432.0,4.433316667784865,3,rrrGGgrrrGGg
599,65,399.0,4.6329182874146895,3,rrrGGgrrrGGg
600,65,411.0,4.571707383686628,3,rrrGGgrrrGGg
601,65,391.0,4.663507073842956,3,rrrGGgrrrGGg
602,64,377.0,4.655614925241124,3,rrrGGgrrrGGg
603,66,361.0,4.735285689007081,3,rrrGGgrrrGGg
604,67,344.0,4.7699446704836514,3,rrrGGgrrrGGg
605,68,327.0,4.790117666678771,3,rrrGGgrrrGGg
606,67,311.0,4.7205398911625,3,rrrGGgrrrGGg
607,67,295.0,4.884873487619558,3,rrrGGgrrrGGg
608,67,314.0,5.089845134013336,3,rrrGGgrrrGGg
609,65,297.0,5.05519995958899,3,rrrGGgrrrGGg
610,66,280.0,5.201613702097924,3,rrrGGgrrrGGg
611,64,263.0,5.161234427619224,3,rrrGGgrrrGGg
612,64,247.0,5.314448146997068,3,rrrGGgrrrGGg
613,65,230.0,5.150986643299802,3,rrrGGgrrrGGg
614,63,221.0,4.958255143842488,3,rrrGGgrrrGGg
615,63,214.0,4.8641463328924965,3,rrrGGgrrrGGg
616,63,210.0,4.851749840301319,3,rrrGGgrrrGGg
617,62,215.0,4.921778230100536,3,rrrGGgrrrGGg
618,63,230.0,5.098821010971859,3,rrrGGgrrrGGg
619,63,237.0,5.3062042562080896,3,rrrGGgrrrGGg
620,63,247.0,5.567571332919125,3,rrrGGgrrrGGg
621,64,261.0,5.672083274129062,3,rrrGGgrrrGGg
622,64,275.0,5.79739528401137,3,rrrGGgrrrGGg
623,65,290.0,5.749062363519434,3,rrrGGgrrrGGg
624,65,305.0,5.917215156100949,3,rrrGGgrrrGGg
625,66,321.0,5.979564506713907,4,rrryyyrrryyy
626,66,336.0,5.833715594918886,4,rrryyyrrryyy
627,66,351.0,5.928172408155286,4,rrryyyrrryyy
628,67,368.0,5.956357214330682,5,rrrrrrrrrrrr
629,66,385.0,5.954357064423477,5,rrrrrrrrrrrr
630,67,281.0,5.939516160092693,0,GGgrrrGGgrrr
631,68,218.0,5.736247561477351,0,GGgrrrGGgrrr
632,68,167.0,5.857581847628271,0,GGgrrrGGgrrr
633,68,121.0,5.93063509572233,0,GGgrrrGGgrrr
634,68,87.0,6.012464258333672,0,GGgrrrGGgrrr
635,68,54.0,6.036228377674114,0,GGgrrrGGgrrr
636,67,40.0,5.745974107033077,0,GGgrrrGGgrrr
637,67,32.0,5.786915139768329,0,GGgrrrGGgrrr
638,66,38.0,5.723736546947968,0,GGgrrrGGgrrr
639,65,46.0,5.59815509196346,0,GGgrrrGGgrrr
640,64,55.0,5.563524866241445,0,GGgrrrGGgrrr
641,64,66.0,5.441620484459373,0,GGgrrrGGgrrr
642,63,78.0,5.3887413360135294,0,GGgrrrGGgrrr
643,63,90.0,5.205320621780973,0,GGgrrrGGgrrr
644,63,101.0,4.948258196692181,0,GGgrrrGGgrrr
645,63,116.0,4.862562479106575,0,GGgrrrGGgrrr
646,62,131.0,4.613441164732388,0,GGgrrrGGgrrr
647,61,145.0,4.682272777299078,0,GGgrrrGGgrrr
648,60,162.0,4.735481613561829,0,GGgrrrGGgrrr
649,60,180.0,4.944213796105511,0,GGgrrrGGgrrr
650,60,198.0,5.101990739150204,0,GGgrrrGGgrrr
651,61,209.0,5.185174076084329,0,GGgrrrGGgrrr
652,60,227.0,5.184051796007359,0,GGgrrrGGgrrr
653,61,247.0,4.979404034020016,0,GGgrrrGGgrrr
654,61,265.0,5.032977234677804,0,GGgrrrGGgrrr
655,61,284.0,5.09381004209147,0,GGgrrrGGgrrr
656,62,304.0,5.0821045371363995,0,GGgrrrGGgrrr
657,62,325.0,5.188563466632956,0,GGgrrrGGgrrr
658,62,346.0,5.084429935450942,0,GGgrrrGGgrrr
659,62,367.0,5.223131453630904,0,GGgrrrGGgrrr
660,61,389.0,5.328154971480048,1,yyyrrryyyrrr
661,62,411.0,5.344727990451409,1,yyyrrryyyrrr
662,63,435.0,5.298808264056773,1,yyyrrryyyrrr
663,60,459.0,4.8266548831221066,2,rrrrrrrrrrrr
664,62,483.0,4.698287452665146,2,rrrrrrrrrrrr
665,61,403.0,4.633967055202869,3,rrrGGgrrrGGg
666,62,362.0,4.6177370290847035,3,rrrGGgrrrGGg
667,61,332.0,4.526423795582487,3,rrrGGgrrrGGg
668,61,312.0,4.6921617206147515,3,rrrGGgrrrGGg
669,63,296.0,4.804399866330315,3,rrrGGgrrrGGg
670,62,286.0,4.920889709569098,3,rrrGGgrrrGGg
671,62,306.0,4.990048893263329,3,rrrGGgrrrGGg
672,61,294.0,5.125279303129388,3,rrrGGgrrrGGg
673,61,281.0,5.119675840098053,3,rrrGGgrrrGGg
674,61,268.0,5.171136318396085,3,rrrGGgrrrGGg
675,62,254.0,5.13830630669785,3,rrrGGgrrrGGg
676,62,242.0,5.186283212443345,3,rrrGGgrrrGGg
677,62,229.0,5.138798010197609,3,rrrGGgrrrGGg
678,62,216.0,5.330709280556762,3,rrrGGgrrrGGg
679,62,202.0,5.60308075165377,3,rrrGGgrrrGGg
680,62,217.0,5.7891604847302895,3,rrrGGgrrrGGg
681,60,204.0,5.773674536115675,3,rrrGGgrrrGGg
682,60,192.0,5.781075419314291,3,rrrGGgrrrGGg
683,59,189.0,5.680061657392676,3,rrrGGgrrrGGg
684,59,186.0,5.660880088031947,3,rrrGGgrrrGGg
685,60,199.0,5.678086508906295,3,rrrGGgrrrGGg
686,60,201.0,5.77481919456963,3,rrrGGgrrrGGg
687,60,213.0,5.682774040184151,3,rrrGGgrrrGGg
688,59,226.0,5.758206961885964,3,rrrGGgrrrGGg
689,59,239.0,6.009225786200456,3,rrrGGgrrrGGg
690,59,252.0,6.073082052924312,3,rrrGGgrrrGGg
691,60,265.0,6.052868057634299,3,rrrGGgrrrGGg
692,60,279.0,6.011643120354962,3,rrrGGgrrrGGg
693,60,293.0,6.138190954634136,3,rrrGGgrrrGGg
694,60,307.0,6.3092887950436385,3,rrrGGgrrrGGg
695,60,321.0,6.379364859738582,4,rrryyyrrryyy
696,60,336.0,6.135225612062626,4,rrryyyrrryyy
697,62,351.0,5.948749491026372,4,rrryyyrrryyy
698,60,367.0,5.394700147258471,5,rrrrrrrrrrrr
699,58,384.0,5.048686051627349,5,rrrrrrrrrrrr
700,58,271.0,5.08964402194064,0,GGgrrrGGgrrr
701,57,207.0,5.058328454291559,0,GGgrrrGGgrrr
702,59,149.0,5.077807113765649,0,GGgrrrGGgrrr
703,58,104.0,5.1530094061126475,0,GGgrrrGGgrrr
704,58,79.0,5.383305094468788,0,GGgrrrGGgrrr
705,57,60.0,5.435246416159066,0,GGgrrrGGgrrr
706,57,69.0,5.502238578768914,0,GGgrrrGGgrrr
707,60,60.0,5.2375461712399245,0,GGgrrrGGgrrr
708,59,54.0,5.12826724400215,0,GGgrrrGGgrrr
709,59,58.0,5.268574727005657,0,GGgrrrGGgrrr
710,59,70.0,5.214864278236713,0,GGgrrrGGgrrr
711,59,84.0,5.309476151281498,0,GGgrrrGGgrrr
712,58,93.0,5.00675427101933,0,GGgrrrGGgrrr
713,57,104.0,4.952585928312638,0,GGgrrrGGgrrr
714,56,116.0,4.849070046732168,0,GGgrrrGGgrrr
715,57,129.0,4.928103420030527,0,GGgrrrGGgrrr
716,56,144.0,4.950520167803042,0,GGgrrrGGgrrr
717,56,162.0,5.066107186081458,0,GGgrrrGGgrrr
718,57,178.0,5.163567714716781,0,GGgrrrGGgrrr
719,58,191.0,5.27177375104686,0,GGgrrrGGgrrr
720,58,208.0,5.140785046835493,0,GGgrrrGGgrrr
721,58,225.0,5.31905376151119,0,GGgrrrGGgrrr
722,59,242.0,5.346168912018538,0,GGgrrrGGgrrr
723,59,259.0,5.515430267657874,0,GGgrrrGGgrrr
724,59,277.0,5.759417666114003,0,GGgrrrGGgrrr
725,58,295.0,5.893700133206147,0,GGgrrrGGgrrr
726,58,313.0,6.102247784749194,0,GGgrrrGGgrrr
727,60,331.0,5.989373573811071,0,GGgrrrGGgrrr
728,60,349.0,6.158836582619143,0,GGgrrrGGgrrr
729,60,367.0,6.32535893946807,0,GGgrrrGGgrrr
730,61,386.0,6.31654612385244,1,yyyrrryyyrrr
731,62,405.0,6.1925685273207725,1,yyyrrryyyrrr
732,62,424.0,5.93166456399086,1,yyyrrryyyrrr
733,60,445.0,5.761891126290981,2,rrrrrrrrrrrr
734,59,467.0,5.733643374073521,2,rrrrrrrrrrrr
735,58,388.0,5.71438539323527,3,rrrGGgrrrGGg
736,58,352.0,5.526659064606647,3,rrrGGgrrrGGg
737,59,321.0,5.542470885078726,3,rrrGGgrrrGGg
738,59,297.0,5.671354095033931,3,rrrGGgrrrGGg
739,59,274.0,5.243953650523779,3,rrrGGgrrrGGg
740,58,256.0,5.167522929493682,3,rrrGGgrrrGGg
741,58,274.0,5.196878135653154,3,rrrGGgrrrGGg
742,58,257.0,5.337468481054234,3,rrrGGgrrrGGg
743,58,237.0,5.1730724863783815,3,rrrGGgrrrGGg
744,57,218.0,5.121732747848741,3,rrrGGgrrrGGg
745,57,199.0,5.072973472812548,3,rrrGGgrrrGGg
746,57,179.0,5.160658672243316,3,rrrGGgrrrGGg
747,58,161.0,5.265479945531126,3,rrrGGgrrrGGg
748,57,142.0,5.082511223237841,3,rrrGGgrrrGGg
749,55,122.0,4.891573274214124,3,rrrGGgrrrGGg
750,55,117.0,4.92571868830675,3,rrrGGgrrrGGg
751,56,121.0,4.8357494887238825,3,rrrGGgrrrGGg
752,57,131.0,4.8742007852930245,3,rrrGGgrrrGGg
753,58,142.0,4.810763365237582,3,rrrGGgrrrGGg
754,57,154.0,4.964880636290271,3,rrrGGgrrrGGg
755,56,166.0,5.114191525598252,3,rrrGGgrrrGGg
756,56,178.0,5.348982794089666,3,rrrGGgrrrGGg
757,56,190.0,5.292102005348036,3,rrrGGgrrrGGg
758,58,202.0,5.327904452485909,3,rrrGGgrrrGGg
759,58,214.0,5.555068493232216,3,rrrGGgrrrGGg
760,59,227.0,5.711106215605652,3,rrrGGgrrrGGg
761,59,240.0,5.9029935443051516,3,rrrGGgrrrGGg
762,59,253.0,6.124858401608919,3,rrrGGgrrrGGg
763,61,266.0,5.930073044463181,3,rrrGGgrrrGGg
764,61,280.0,6.161947165714659,3,rrrGGgrrrGGg
765,62,294.0,6.258451588831893,4,rrryyyrrryyy
766,62,310.0,6.370419132669663,4,rrryyyrrryyy
767,61,326.0,6.39221338529156,4,rrryyyrrryyy
768,62,343.0,6.31071455554303,5,rrrrrrrrrrrr
769,62,360.0,6.135861223898181,5,rrrrrrrrrrrr
770,62,278.0,5.938548037171727,0,GGgrrrGGgrrr
771,61,209.0,5.909321404969632,0,GGgrrrGGgrrr
772,61,154.0,5.696259762585854,0,GGgrrrGGgrrr
773,62,109.0,5.670450239762051,0,GGgrrrGGgrrr
774,62,73.0,5.8046603628098765,0,GGgrrrGGgrrr
775,63,50.0,5.8678534156161275,0,GGgrrrGGgrrr
776,62,55.0,5.8587165628482625,0,GGgrrrGGgrrr
777,60,63.0,5.665890173856331,0,GGgrrrGGgrrr
778,61,70.0,5.445032816689133,0,GGgrrrGGgrrr
779,60,84.0,5.332640707193402,0,GGgrrrGGgrrr
780,61,100.0,5.324957032481721,0,GGgrrrGGgrrr
781,59,118.0,5.169377051275232,0,GGgrrrGGgrrr
782,60,136.0,5.244541240141588,0,GGgrrrGGgrrr
783,60,147.0,5.134436244332265,0,GGgrrrGGgrrr
784,59,158.0,5.034184874563379,0,GGgrrrGGgrrr
785,58,170.0,4.881241113706352,0,GGgrrrGGgrrr
786,58,183.0,5.054261053506432,0,GGgrrrGGgrrr
787,57,198.0,5.09487754551821,0,GGgrrrGGgrrr
788,57,213.0,5.09137919782504,0,GGgrrrGGgrrr
789,59,228.0,5.151004878958992,0,GGgrrrGGgrrr
790,59,247.0,5.298014536423229,0,GGgrrrGGgrrr
791,59,257.0,5.138879078902543,0,GGgrrrGGgrrr
792,59,273.0,5.181650567596668,0,GGgrrrGGgrrr
793,59,291.0,5.235690377087471,0,GGgrrrGGgrrr
794,60,309.0,5.180321094344344,0,GGgrrrGGgrrr
795,61,328.0,5.213890638504295,0,GGgrrrGGgrrr
796,62,346.0,5.250492813226409,0,GGgrrrGGgrrr
797,61,366.0,5.228080132904288,0,GGgrrrGGgrrr
798,61,386.0,5.351945761964105,0,GGgrrrGGgrrr
799,62,407.0,5.338223241457029,0,GGgrrrGGgrrr
800,63,429.0,5.28020203577259,1,yyyrrryyyrrr
801,63,452.0,5.348183176474121,1,yyyrrryyyrrr
802,63,476.0,5.237059970278391,1,yyyrrryyyrrr
803,63,494.0,5.420971111384387,2,rrrrrrrrrrrr
804,64,514.0,5.467732609164183,2,rrrrrrrrrrrr
805,62,403.0,5.060291166102169,3,rrrGGgrrrGGg
806,62,360.0,5.131068465192332,3,rrrGGgrrrGGg
807,61,322.0,5.047963644407245,3,rrrGGgrrrGGg
808,60,285.0,5.041558336437305,3,rrrGGgrrrGGg
809,60,293.0,5.126574992030695,3,rrrGGgrrrGGg
810,60,269.0,4.9986289854511465,3,rrrGGgrrrGGg
811,59,247.0,4.919986282821047,3,rrrGGgrrrGGg
812,59,224.0,5.036047931021381,3,rrrGGgrrrGGg
813,59,204.0,4.827645880283112,3,rrrGGgrrrGGg
814,58,186.0,4.629972669860094,3,rrrGGgrrrGGg
815,59,164.0,4.305220841528088,3,rrrGGgrrrGGg
816,59,144.0,4.367032066963026,3,rrrGGgrrrGGg
817,58,158.0,4.239878238460882,3,rrrGGgrrrGGg
818,58,141.0,4.2439872389274695,3,rrrGGgrrrGGg
819,59,127.0,4.273853511059038,3,rrrGGgrrrGGg
820,59,143.0,4.047054824434359,3,rrrGGgrrrGGg
821,58,138.0,4.2310972474915465,3,rrrGGgrrrGGg
822,59,138.0,4.436464396645619,3,rrrGGgrrrGGg
823,58,140.0,4.480562090040278,3,rrrGGgrrrGGg
824,58,152.0,4.6993616669885725,3,rrrGGgrrrGGg
825,59,164.0,4.829001289214171,3,rrrGGgrrrGGg
826,59,177.0,5.054174656145062,3,rrrGGgrrrGGg
827,59,190.0,5.084501830105323,3,rrrGGgrrrGGg
828,59,204.0,5.075576956253455,3,rrrGGgrrrGGg
829,59,218.0,4.883003849362446,3,rrrGGgrrrGGg
830,62,233.0,4.711678698335608,3,rrrGGgrrrGGg
831,62,248.0,4.868601363844265,3,rrrGGgrrrGGg
832,62,263.0,5.099069113848343,3,rrrGGgrrrGGg
833,62,279.0,5.374544648590171,3,rrrGGgrrrGGg
834,62,295.0,5.563105176358621,3,rrrGGgrrrGGg
835,63,311.0,5.617539886231907,4,rrryyyrrryyy
836,63,328.0,5.730882292691434,4,rrryyyrrryyy
837,64,347.0,5.785978288051451,4,rrryyyrrryyy
838,61,367.0,5.63629540438332,5,rrrrrrrrrrrr
839,61,387.0,5.64490394695999,5,rrrrrrrrrrrr
840,62,290.0,5.638363485560989,0,GGgrrrGGgrrr
841,61,217.0,5.739091005801913,0,GGgrrrGGgrrr
842,61,167.0,5.738704691935261,0,GGgrrrGGgrrr
843,62,134.0,5.814868121165199,0,GGgrrrGGgrrr
844,61,101.0,5.80974492705932,0,GGgrrrGGgrrr
845,63,82.0,5.752001775511102,0,GGgrrrGGgrrr
846,63,57.0,5.7794527367441875,0,GGgrrrGGgrrr
847,62,60.0,5.644225392563298,0,GGgrrrGGgrrr
848,61,72.0,5.555286893859757,0,GGgrrrGGgrrr
849,59,85.0,5.322668857828378,0,GGgrrrGGgrrr
850,60,99.0,5.1518891664899895,0,GGgrrrGGgrrr
851,60,115.0,5.382783239440638,0,GGgrrrGGgrrr
852,59,132.0,5.376067640849596,0,GGgrrrGGgrrr
853,57,149.0,5.117277804423852,0,GGgrrrGGgrrr
854,57,161.0,5.103185392145823,0,GGgrrrGGgrrr
855,58,174.0,4.773156855278382,0,GGgrrrGGgrrr
856,58,188.0,4.924505171911327,0,GGgrrrGGgrrr
857,57,202.0,4.778982144393028,0,GGgrrrGGgrrr
858,57,219.0,4.7381377846845325,0,GGgrrrGGgrrr
859,56,235.0,4.7651068328962145,0,GGgrrrGGgrrr
860,58,247.0,4.736898750257399,0,GGgrrrGGgrrr
861,58,266.0,4.835014306587055,0,GGgrrrGGgrrr
862,57,282.0,4.791349094426934,0,GGgrrrGGgrrr
863,58,302.0,4.84273844456791,0,GGgrrrGGgrrr
864,58,323.0,5.032847765257394,0,GGgrrrGGgrrr
865,60,344.0,5.036020945831931,0,GGgrrrGGgrrr
866,60,359.0,5.15158958206453,0,GGgrrrGGgrrr
867,60,374.0,5.243576014411858,0,GGgrrrGGgrrr
868,60,391.0,5.341045126642395,0,GGgrrrGGgrrr
869,60,414.0,5.519162339341046,0,GGgrrrGGgrrr
870,62,433.0,5.533828337962311,1,yyyrrryyyrrr
871,63,453.0,5.585756217863616,1,yyyrrryyyrrr
872,62,472.0,5.378931629662259,1,yyyrrryyyrrr
873,61,492.0,5.384359778428972,2,rrrrrrrrrrrr
874,60,512.0,5.359283477371968,2,rrrrrrrrrrrr
875,61,457.0,5.341461711901963,3,rrrGGgrrrGGg
876,60,411.0,5.247610398373494,3,rrrGGgrrrGGg
877,59,371.0,4.915366565621235,3,rrrGGgrrrGGg
878,59,337.0,4.940330780289354,3,rrrGGgrrrGGg
879,59,346.0,4.9461325440751445,3,rrrGGgrrrGGg
880,60,328.0,4.922346882816616,3,rrrGGgrrrGGg
881,59,307.0,4.901274663933327,3,rrrGGgrrrGGg
882,60,288.0,4.753873780541596,3,rrrGGgrrrGGg
883,60,271.0,4.633472193791983,3,rrrGGgrrrGGg
884,60,289.0,4.759773742662731,3,rrrGGgrrrGGg
885,60,271.0,4.975600366333549,3,rrrGGgrrrGGg
886,61,253.0,5.092678276598091,3,rrrGGgrrrGGg
887,60,234.0,5.223407344967977,3,rrrGGgrrrGGg
888,60,215.0,5.170727666264138,3,rrrGGgrrrGGg
889,59,230.0,5.036980710373029,3,rrrGGgrrrGGg
890,58,209.0,5.109883557909177,3,rrrGGgrrrGGg
891,59,190.0,5.24968358693281,3,rrrGGgrrrGGg
892,59,180.0,5.379790675653275,3,rrrGGgrrrGGg
893,58,182.0,5.312142527619368,3,rrrGGgrrrGGg
894,59,190.0,5.2746567023213125,3,rrrGGgrrrGGg
895,59,203.0,5.44591786096468,3,rrrGGgrrrGGg
896,60,217.0,5.609048109149243,3,rrrGGgrrrGGg
897,59,231.0,5.846195949965288,3,rrrGGgrrrGGg
898,58,245.0,6.027874260929934,3,rrrGGgrrrGGg
899,58,259.0,6.341058442116838,3,rrrGGgrrrGGg
900,58,273.0,6.288130148544399,3,rrrGGgrrrGGg
901,61,287.0,6.138266383340741,3,rrrGGgrrrGGg
902,61,301.0,6.234442761837508,3,rrrGGgrrrGGg
903,61,316.0,6.384034964487109,3,rrrGGgrrrGGg
904,61,332.0,6.477674654060284,3,rrrGGgrrrGGg
905,61,349.0,6.599722470962888,4,rrryyyrrryyy
906,62,366.0,6.705008336985679,4,rrryyyrrryyy
907,63,383.0,6.77554088887212,4,rrryyyrrryyy
908,63,401.0,6.7608184778656,5,rrrrrrrrrrrr
909,62,420.0,6.430148146714105,5,rrrrrrrrrrrr
910,62,313.0,6.4784032025261515,0,GGgrrrGGgrrr
911,63,253.0,6.516761859318685,0,GGgrrrGGgrrr
912,62,212.0,6.348857199930345,0,GGgrrrGGgrrr
913,61,178.0,6.3590043048912275,0,GGgrrrGGgrrr
914,58,155.0,5.985717617523745,0,GGgrrrGGgrrr
915,58,132.0,5.863909314914245,0,GGgrrrGGgrrr
916,59,110.0,5.69341057210061,0,GGgrrrGGgrrr
917,60,91.0,5.297147789928518,0,GGgrrrGGgrrr
918,60,82.0,5.121662223119131,0,GGgrrrGGgrrr
919,59,97.0,5.032990804429309,0,GGgrrrGGgrrr
920,58,98.0,5.033549014071026,0,GGgrrrGGgrrr
921,58,94.0,5.181828853299812,0,GGgrrrGGgrrr
922,59,100.0,4.9989219259535185,0,GGgrrrGGgrrr
923,59,111.0,5.168816826554836,0,GGgrrrGGgrrr
924,60,123.0,5.282937299635646,0,GGgrrrGGgrrr
925,60,135.0,5.428944509263929,0,GGgrrrGGgrrr
926,59,147.0,5.292226066152339,0,GGgrrrGGgrrr
927,60,160.0,5.02031982922133,0,GGgrrrGGgrrr
928,58,175.0,4.8519917048775145,0,GGgrrrGGgrrr
929,58,190.0,5.030304011647113,0,GGgrrrGGgrrr
930,57,204.0,5.117248220822416,0,GGgrrrGGgrrr
931,56,219.0,5.023505430332198,0,GGgrrrGGgrrr
932,56,234.0,5.304562419367926,0,GGgrrrGGgrrr
933,57,249.0,4.957086014082011,0,GGgrrrGGgrrr
934,57,264.0,5.167056230583802,0,GGgrrrGGgrrr
935,57,280.0,5.319057937832948,0,GGgrrrGGgrrr
936,57,287.0,5.543950776657209,0,GGgrrrGGgrrr
937,57,301.0,5.604585838805602,0,GGgrrrGGgrrr
938,58,317.0,5.7013071399409805,0,GGgrrrGGgrrr
939,59,333.0,5.847255082276143,0,GGgrrrGGgrrr
940,60,349.0,6.037092096435372,1,yyyrrryyyrrr
941,60,366.0,6.216371534553656,1,yyyrrryyyrrr
942,59,384.0,6.092975202804483,1,yyyrrryyyrrr
943,59,402.0,6.031173617643117,2,rrrrrrrrrrrr
944,59,420.0,5.506617494866642,2,rrrrrrrrrrrr
945,59,338.0,5.618998816737844,3,rrrGGgrrrGGg
946,59,292.0,5.787500352632211,3,rrrGGgrrrGGg
947,59,260.0,5.696871839479786,3,rrrGGgrrrGGg
948,60,236.0,5.756022457441343,3,rrrGGgrrrGGg
949,59,215.0,5.539983675532024,3,rrrGGgrrrGGg
950,60,195.0,5.557559576477478,3,rrrGGgrrrGGg
951,60,178.0,5.584340930801093,3,rrrGGgrrrGGg
952,61,160.0,5.598661122331817,3,rrrGGgrrrGGg
953,60,143.0,5.4897556485674786,3,rrrGGgrrrGGg
954,61,128.0,5.505618473025545,3,rrrGGgrrrGGg
955,59,117.0,5.386911901155922,3,rrrGGgrrrGGg
956,59,133.0,5.6196961667033545,3,rrrGGgrrrGGg
957,58,130.0,5.584368432273399,3,rrrGGgrrrGGg
958,58,126.0,5.714245462497514,3,rrrGGgrrrGGg
959,58,125.0,5.572178175642045,3,rrrGGgrrrGGg
960,58,133.0,5.537286736548246,3,rrrGGgrrrGGg
961,59,142.0,5.348267981011313,3,rrrGGgrrrGGg
962,57,151.0,5.259412165580613,3,rrrGGgrrrGGg
963,56,160.0,5.27454481269116,3,rrrGGgrrrGGg
964,56,170.0,5.0546594143054335,3,rrrGGgrrrGGg
965,56,180.0,5.067905190165611,3,rrrGGgrrrGGg
966,56,190.0,5.211694751649945,3,rrrGGgrrrGGg
967,56,205.0,5.113168735178207,3,rrrGGgrrrGGg
968,57,215.0,5.290434837518054,3,rrrGGgrrrGGg
969,59,226.0,5.303778621085336,3,rrrGGgrrrGGg
970,59,240.0,5.5368884083515075,3,rrrGGgrrrGGg
971,59,253.0,5.602182456122559,3,rrrGGgrrrGGg
972,58,265.0,5.67002620962319,3,rrrGGgrrrGGg
973,58,278.0,5.685764242219983,3,rrrGGgrrrGGg
974,59,295.0,5.760090752004188,3,rrrGGgrrrGGg
975,59,308.0,5.815302044959551,4,rrryyyrrryyy
976,60,325.0,5.73994607360257,4,rrryyyrrryyy
977,60,343.0,5.500344608991497,4,rrryyyrrryyy
978,59,362.0,5.394215530209649,5,rrrrrrrrrrrr
979,59,382.0,5.17420350206152,5,rrrrrrrrrrrr
980,60,300.0,5.036222705955381,0,GGgrrrGGgrrr
981,59,232.0,4.835735408706192,0,GGgrrrGGgrrr
982,60,195.0,4.778306165455017,0,GGgrrrGGgrrr
983,60,159.0,4.6528442278041,0,GGgrrrGGgrrr
984,59,138.0,4.636637545858968,0,GGgrrrGGgrrr
985,60,140.0,4.693662916290254,0,GGgrrrGGgrrr
986,59,112.0,4.722101126040715,0,GGgrrrGGgrrr
987,59,87.0,4.898459393438008,0,GGgrrrGGgrrr
988,58,86.0,4.83668382642307,0,GGgrrrGGgrrr
989,60,90.0,4.784474066961588,0,GGgrrrGGgrrr
990,62,102.0,4.797837578137262,0,GGgrrrGGgrrr
991,61,115.0,4.778539310000935,0,GGgrrrGGgrrr
992,60,129.0,4.74855031743848,0,GGgrrrGGgrrr
993,59,144.0,4.734383333393728,0,GGgrrrGGgrrr
994,58,157.0,4.73328773902362,0,GGgrrrGGgrrr
995,58,172.0,4.559292206523944,0,GGgrrrGGgrrr
996,57,188.0,4.536582563543274,0,GGgrrrGGgrrr
997,58,205.0,4.579339788447398,0,GGgrrrGGgrrr
998,58,223.0,4.6075133111558175,0,GGgrrrGGgrrr
999,58,239.0,4.822504455574374,0,GGgrrrGGgrrr
1000,60,256.0,4.888129054028968,0,GGgrrrGGgrrr
1001,60,273.0,5.0461526311623,0,GGgrrrGGgrrr
1002,60,290.0,5.119844400329128,0,GGgrrrGGgrrr
1003,60,309.0,5.211851033504787,0,GGgrrrGGgrrr
1004,60,328.0,5.360450074265079,0,GGgrrrGGgrrr
1005,62,348.0,5.395178542105541,0,GGgrrrGGgrrr
1006,62,365.0,5.59250000078799,0,GGgrrrGGgrrr
1007,63,384.0,5.582326242967594,0,GGgrrrGGgrrr
1008,63,402.0,5.643246756641468,0,GGgrrrGGgrrr
1009,63,421.0,5.682043517296884,0,GGgrrrGGgrrr
1010,63,441.0,5.629785532211412,1,yyyrrryyyrrr
1011,64,462.0,5.642645155698829,1,yyyrrryyyrrr
1012,63,484.0,5.267616214441069,1,yyyrrryyyrrr
1013,63,507.0,5.254429348980311,2,rrrrrrrrrrrr
1014,62,530.0,5.033514045645151,2,rrrrrrrrrrrr
1015,61,459.0,4.615181288310543,3,rrrGGgrrrGGg
1016,60,396.0,4.501146146522098,3,rrrGGgrrrGGg
1017,61,372.0,4.572094674716951,3,rrrGGgrrrGGg
1018,61,354.0,4.581588714500359,3,rrrGGgrrrGGg
1019,61,338.0,4.839045326559201,3,rrrGGgrrrGGg
1020,61,357.0,5.052950005433443,3,rrrGGgrrrGGg
1021,62,341.0,4.810113399796876,3,rrrGGgrrrGGg
1022,62,325.0,4.813073919004405,3,rrrGGgrrrGGg
1023,62,310.0,4.6732951144984725,3,rrrGGgrrrGGg
1024,61,292.0,4.5725171342469455,3,rrrGGgrrrGGg
1025,59,274.0,4.435017199296105,3,rrrGGgrrrGGg
1026,59,257.0,4.387283072223615,3,rrrGGgrrrGGg
1027,60,277.0,4.3155658304091995,3,rrrGGgrrrGGg
1028,60,260.0,4.503686098808431,3,rrrGGgrrrGGg
1029,59,244.0,4.5223341354584825,3,rrrGGgrrrGGg
1030,58,227.0,4.383739053111523,3,rrrGGgrrrGGg
1031,59,218.0,4.283911017143982,3,rrrGGgrrrGGg
1032,60,213.0,4.281549200633326,3,rrrGGgrrrGGg
1033,60,212.0,4.4104999432030105,3,rrrGGgrrrGGg
1034,59,218.0,4.385071990482755,3,rrrGGgrrrGGg
1035,61,233.0,4.309745317719816,3,rrrGGgrrrGGg
1036,62,249.0,4.3806409196849545,3,rrrGGgrrrGGg
1037,63,267.0,4.3834321053783665,3,rrrGGgrrrGGg
1038,62,285.0,4.246546163185307,3,rrrGGgrrrGGg
1039,62,304.0,4.210163419977319,3,rrrGGgrrrGGg
1040,61,323.0,4.029464497612231,3,rrrGGgrrrGGg
1041,62,345.0,4.037632859998658,3,rrrGGgrrrGGg
1042,63,368.0,4.064653406646242,3,rrrGGgrrrGGg
1043,63,384.0,4.18075447742047,3,rrrGGgrrrGGg
1044,64,399.0,4.264507539032439,3,rrrGGgrrrGGg
1045,64,414.0,4.415560519147985,4,rrryyyrrryyy
1046,65,430.0,4.454337696829546,4,rrryyyrrryyy
1047,65,446.0,4.588959305702651,4,rrryyyrrryyy
1048,65,468.0,4.497555395286271,5,rrrrrrrrrrrr
1049,66,487.0,4.441113073757933,5,rrrrrrrrrrrr
1050,65,371.0,4.1594175088863095,0,GGgrrrGGgrrr
1051,64,294.0,3.8627070854896943,0,GGgrrrGGgrrr
1052,64,231.0,3.92082715809813,0,GGgrrrGGgrrr
1053,64,185.0,3.905136698070772,0,GGgrrrGGgrrr
1054,65,145.0,3.9361977740006715,0,GGgrrrGGgrrr
1055,64,121.0,3.9290065238872978,0,GGgrrrGGgrrr
1056,66,77.0,4.008670020756904,0,GGgrrrGGgrrr
1057,65,80.0,4.063879010182593,0,GGgrrrGGgrrr
1058,66,62.0,4.050245180912906,0,GGgrrrGGgrrr
1059,65,67.0,3.9519873667059713,0,GGgrrrGGgrrr
1060,65,73.0,3.9595101877139296,0,GGgrrrGGgrrr
1061,65,87.0,3.9956826510678436,0,GGgrrrGGgrrr
1062,66,102.0,4.138363761116618,0,GGgrrrGGgrrr
1063,67,118.0,4.258741332336135,0,GGgrrrGGgrrr
1064,67,126.0,4.461826931943649,0,GGgrrrGGgrrr
1065,67,135.0,4.648733326889127,0,GGgrrrGGgrrr
1066,68,144.0,4.702691408171708,0,GGgrrrGGgrrr
1067,67,154.0,4.698211730046745,0,GGgrrrGGgrrr
1068,67,166.0,4.5802525784161965,0,GGgrrrGGgrrr
1069,66,185.0,4.623197179975431,0,GGgrrrGGgrrr
1070,67,203.0,4.688584156762297,0,GGgrrrGGgrrr
1071,69,222.0,4.650431787848491,0,GGgrrrGGgrrr
1072,69,241.0,4.701975910546525,0,GGgrrrGGgrrr
1073,68,257.0,4.64050449967936,0,GGgrrrGGgrrr
1074,68,273.0,4.7935454917446245,0,GGgrrrGGgrrr
1075,68,295.0,4.938101729114524,0,GGgrrrGGgrrr
1076,70,317.0,4.888245584020371,0,GGgrrrGGgrrr
1077,70,341.0,4.988218200935464,0,GGgrrrGGgrrr
1078,70,366.0,4.885049629062125,0,GGgrrrGGgrrr
1079,70,392.0,4.954234303745757,0,GGgrrrGGgrrr
1080,70,418.0,5.058374472366187,1,yyyrrryyyrrr
1081,72,445.0,5.05286981263375,1,yyyrrryyyrrr
1082,73,472.0,5.129945669429083,1,yyyrrryyyrrr
1083,71,501.0,5.016780480253239,2,rrrrrrrrrrrr
1084,70,530.0,4.939193050392705,2,rrrrrrrrrrrr
1085,68,482.0,4.734102320004207,3,rrrGGgrrrGGg
1086,69,445.0,4.705938654317036,3,rrrGGgrrrGGg
1087,69,419.0,4.626849666034617,3,rrrGGgrrrGGg
1088,69,395.0,4.597292442207179,3,rrrGGgrrrGGg
1089,70,379.0,4.7082706843166875,3,rrrGGgrrrGGg
1090,70,366.0,4.720696829665736,3,rrrGGgrrrGGg
1091,69,356.0,4.424624449805844,3,rrrGGgrrrGGg
1092,70,382.0,4.394439003198814,3,rrrGGgrrrGGg
1093,70,374.0,4.526729630735725,3,rrrGGgrrrGGg
1094,68,367.0,4.290687835429376,3,rrrGGgrrrGGg
1095,68,359.0,4.371541629482537,3,rrrGGgrrrGGg
1096,67,383.0,4.29811677141177,3,rrrGGgrrrGGg
1097,71,377.0,4.263074950990176,3,rrrGGgrrrGGg
1098,71,370.0,4.410799317146153,3,rrrGGgrrrGGg
1099,70,362.0,4.391274075019104,3,rrrGGgrrrGGg
1100,70,353.0,4.492777267132978,3,rrrGGgrrrGGg
1101,68,344.0,4.413964338979115,3,rrrGGgrrrGGg
1102,69,335.0,4.641248408511767,3,rrrGGgrrrGGg
1103,67,357.0,4.684631700734744,3,rrrGGgrrrGGg
1104,68,347.0,4.874719670660643,3,rrrGGgrrrGGg
1105,67,337.0,5.018620536753877,3,rrrGGgrrrGGg
1106,68,326.0,5.114229459480692,3,rrrGGgrrrGGg
1107,67,314.0,5.104668291298597,3,rrrGGgrrrGGg
1108,68,302.0,5.161882249279598,3,rrrGGgrrrGGg
1109,68,297.0,4.95423048952506,3,rrrGGgrrrGGg
1110,68,297.0,5.154162952658011,3,rrrGGgrrrGGg
1111,68,314.0,5.319625630424467,3,rrrGGgrrrGGg
1112,68,316.0,5.566054165784273,3,rrrGGgrrrGGg
1113,69,329.0,5.667890217454742,3,rrrGGgrrrGGg
1114,69,346.0,5.831810482724769,3,rrrGGgrrrGGg
1115,69,363.0,5.857367397940159,4,rrryyyrrryyy
1116,70,382.0,5.791189875288451,4,rrryyyrrryyy
1117,71,402.0,5.599663370012689,4,rrryyyrrryyy
1118,71,423.0,5.470850680107737,5,rrrrrrrrrrrr
1119,71,444.0,5.580062830152187,5,rrrrrrrrrrrr
1120,70,362.0,5.490251183340362,0,GGgrrrGGgrrr
1121,71,293.0,5.451915061264419,0,GGgrrrGGgrrr
1122,71,233.0,5.480421343678397,0,GGgrrrGGgrrr
1123,71,184.0,5.3526475868229015,0,GGgrrrGGgrrr
1124,71,150.0,5.485925835897639,0,GGgrrrGGgrrr
1125,72,163.0,5.541897304869011,0,GGgrrrGGgrrr
1126,72,144.0,5.6518506913137685,0,GGgrrrGGgrrr
1127,70,130.0,5.556368042289628,0,GGgrrrGGgrrr
1128,70,118.0,5.22294455129409,0,GGgrrrGGgrrr
1129,70,118.0,5.101789897269709,0,GGgrrrGGgrrr
1130,70,120.0,5.16151199126431,0,GGgrrrGGgrrr
1131,69,133.0,5.13097398358132,0,GGgrrrGGgrrr
1132,68,151.0,5.102092737750745,0,GGgrrrGGgrrr
1133,68,171.0,4.925884990732788,0,GGgrrrGGgrrr
1134,67,192.0,4.911217046447511,0,GGgrrrGGgrrr
1135,67,206.0,4.735763056061563,0,GGgrrrGGgrrr
1136,67,220.0,4.657798440899938,0,GGgrrrGGgrrr
1137,66,235.0,4.640838431436813,0,GGgrrrGGgrrr
1138,67,252.0,4.699899982386258,0,GGgrrrGGgrrr
1139,65,271.0,4.51352673046802,0,GGgrrrGGgrrr
1140,64,291.0,4.516651053648982,0,GGgrrrGGgrrr
1141,65,317.0,4.575849794871771,0,GGgrrrGGgrrr
1142,65,338.0,4.572191485591173,0,GGgrrrGGgrrr
1143,67,360.0,4.609247373817806,0,GGgrrrGGgrrr
1144,67,382.0,4.86834313080349,0,GGgrrrGGgrrr
1145,67,404.0,5.069428474631332,0,GGgrrrGGgrrr
1146,68,429.0,5.175509309416997,0,GGgrrrGGgrrr
1147,68,449.0,5.290604471269299,0,GGgrrrGGgrrr
1148,69,474.0,5.317481140028562,0,GGgrrrGGgrrr
1149,70,501.0,5.381117865630263,0,GGgrrrGGgrrr
1150,70,526.0,5.54652483030072,1,yyyrrryyyrrr
1151,70,554.0,5.637212281377126,1,yyyrrryyyrrr
1152,70,580.0,5.4674020286752,1,yyyrrryyyrrr
1153,69,608.0,5.34111927306638,2,rrrrrrrrrrrr
1154,69,636.0,5.090826351136014,2,rrrrrrrrrrrr
1155,69,587.0,5.164316235366523,3,rrrGGgrrrGGg
1156,68,538.0,5.1215510453287,3,rrrGGgrrrGGg
1157,70,492.0,4.981713605654904,3,rrrGGgrrrGGg
1158,67,452.0,4.692257401082383,3,rrrGGgrrrGGg
1159,67,421.0,4.516425744284046,3,rrrGGgrrrGGg
1160,67,435.0,4.454471336735366,3,rrrGGgrrrGGg
1161,66,423.0,4.399902861400213,3,rrrGGgrrrGGg
1162,66,410.0,4.24727108430894,3,rrrGGgrrrGGg
1163,66,398.0,4.349209656462912,3,rrrGGgrrrGGg
1164,66,386.0,4.182896254218232,3,rrrGGgrrrGGg
1165,65,375.0,4.132758883869567,3,rrrGGgrrrGGg
1166,66,363.0,4.202853925289766,3,rrrGGgrrrGGg
1167,66,350.0,4.129002017784389,3,rrrGGgrrrGGg
1168,66,337.0,4.314252969364491,3,rrrGGgrrrGGg
1169,65,325.0,4.382441534852928,3,rrrGGgrrrGGg
1170,65,313.0,4.400515083229185,3,rrrGGgrrrGGg
1171,65,300.0,4.176403927876301,3,rrrGGgrrrGGg
1172,64,319.0,4.236632810836923,3,rrrGGgrrrGGg
1173,65,305.0,4.390144264849069,3,rrrGGgrrrGGg
1174,65,290.0,4.595622313768823,3,rrrGGgrrrGGg
1175,65,276.0,4.475879158634553,3,rrrGGgrrrGGg
1176,65,266.0,4.554726285362498,3,rrrGGgrrrGGg
1177,65,263.0,4.684049098422509,3,rrrGGgrrrGGg
1178,67,281.0,4.762261679469067,3,rrrGGgrrrGGg
1179,67,282.0,4.982434277975517,3,rrrGGgrrrGGg
1180,68,288.0,5.08249251234767,3,rrrGGgrrrGGg
1181,68,296.0,5.322261971829157,3,rrrGGgrrrGGg
1182,68,307.0,5.435517635663688,3,rrrGGgrrrGGg
1183,70,322.0,5.488242959780051,3,rrrGGgrrrGGg
1184,69,337.0,5.444426444963589,3,rrrGGgrrrGGg
1185,70,354.0,5.494412143288289,4,rrryyyrrryyy
1186,69,369.0,5.539664042901912,4,rrryyyrrryyy
1187,69,385.0,5.686870520793471,4,rrryyyrrryyy
1188,69,401.0,5.787892093439814,5,rrrrrrrrrrrr
1189,69,417.0,5.821870960562741,5,rrrrrrrrrrrr
1190,69,316.0,5.4577160700094955,0,GGgrrrGGgrrr
1191,69,258.0,5.531564695264067,0,GGgrrrGGgrrr
1192,68,201.0,5.547905343270381,0,GGgrrrGGgrrr
1193,68,146.0,5.618456979438788,0,GGgrrrGGgrrr
1194,69,137.0,5.380964091262059,0,GGgrrrGGgrrr
1195,71,110.0,5.344270060021143,0,GGgrrrGGgrrr
1196,70,66.0,5.3805908444724455,0,GGgrrrGGgrrr
1197,67,33.0,5.090359677366685,0,GGgrrrGGgrrr
1198,67,28.0,5.174867087119739,0,GGgrrrGGgrrr
1199,66,35.0,5.059031326787614,0,GGgrrrGGgrrr
1200,67,43.0,4.834957919515689,0,GGgrrrGGgrrr
1201,67,50.0,4.945181996723529,0,GGgrrrGGgrrr
1202,65,60.0,4.780628245172774,0,GGgrrrGGgrrr
1203,64,71.0,4.747879925029489,0,GGgrrrGGgrrr
1204,65,82.0,4.5149597303161535,0,GGgrrrGGgrrr
1205,65,94.0,4.321846324995946,0,GGgrrrGGgrrr
1206,65,107.0,4.3689882719420305,0,GGgrrrGGgrrr
1207,65,120.0,4.466123147963457,0,GGgrrrGGgrrr
1208,65,136.0,4.536031179998423,0,GGgrrrGGgrrr
1209,65,153.0,4.464837669304809,0,GGgrrrGGgrrr
1210,66,168.0,4.564439492867573,0,GGgrrrGGgrrr
1211,66,186.0,4.723876604734303,0,GGgrrrGGgrrr
1212,66,205.0,4.680264074528988,0,GGgrrrGGgrrr
1213,66,223.0,4.817699362548472,0,GGgrrrGGgrrr
1214,66,244.0,4.900195354662001,0,GGgrrrGGgrrr
1215,67,266.0,4.946586099077052,0,GGgrrrGGgrrr
1216,68,289.0,5.029295869180415,0,GGgrrrGGgrrr
1217,68,313.0,5.235198972482086,0,GGgrrrGGgrrr
1218,68,337.0,5.225462797572445,0,GGgrrrGGgrrr
1219,68,362.0,5.402156466774707,0,GGgrrrGGgrrr
1220,68,388.0,5.358897368165801,1,yyyrrryyyrrr
1221,69,415.0,5.4071331628473365,1,yyyrrryyyrrr
1222,69,442.0,5.532009116405215,1,yyyrrryyyrrr
1223,69,469.0,5.383592645764861,2,rrrrrrrrrrrr
1224,67,498.0,5.200738856776714,2,rrrrrrrrrrrr
1225,67,432.0,4.802750058741813,3,rrrGGgrrrGGg
1226,67,407.0,4.953279277939277,3,rrrGGgrrrGGg
1227,68,381.0,5.03822826099228,3,rrrGGgrrrGGg
1228,68,359.0,5.231182654497139,3,rrrGGgrrrGGg
1229,68,350.0,5.377471345049774,3,rrrGGgrrrGGg
1230,66,342.0,5.281009013263491,3,rrrGGgrrrGGg
1231,66,333.0,5.126195705355003,3,rrrGGgrrrGGg
1232,66,323.0,4.72888411113973,3,rrrGGgrrrGGg
1233,66,345.0,4.836565165473374,3,rrrGGgrrrGGg
1234,65,337.0,4.825327240602118,3,rrrGGgrrrGGg
1235,65,330.0,4.879795401426991,3,rrrGGgrrrGGg
1236,65,323.0,4.501123229420871,3,rrrGGgrrrGGg
1237,65,317.0,4.570225582574352,3,rrrGGgrrrGGg
1238,64,306.0,4.4789447200815955,3,rrrGGgrrrGGg
1239,64,296.0,4.626081644090675,3,rrrGGgrrrGGg
1240,64,284.0,4.759647239065717,3,rrrGGgrrrGGg
1241,64,274.0,4.4899022397577415,3,rrrGGgrrrGGg
1242,64,262.0,4.653976172282308,3,rrrGGgrrrGGg
1243,64,249.0,4.566424117754159,3,rrrGGgrrrGGg
1244,64,241.0,4.704683203456214,3,rrrGGgrrrGGg
1245,64,229.0,4.6384412366009,3,rrrGGgrrrGGg
1246,63,220.0,4.466959013041401,3,rrrGGgrrrGGg
1247,63,203.0,4.583527877864537,3,rrrGGgrrrGGg
1248,63,192.0,4.671061094275371,3,rrrGGgrrrGGg
1249,62,205.0,4.589747336667263,3,rrrGGgrrrGGg
1250,62,216.0,4.701190537443937,3,rrrGGgrrrGGg
1251,63,227.0,4.711664511414246,3,rrrGGgrrrGGg
1252,65,221.0,4.56779450479512,3,rrrGGgrrrGGg
1253,65,226.0,4.582179521000619,3,rrrGGgrrrGGg
1254,65,236.0,4.591338388081849,3,rrrGGgrrrGGg
1255,65,247.0,4.722582507798347,4,rrryyyrrryyy
1256,66,259.0,4.71014357173041,4,rrryyyrrryyy
1257,64,273.0,4.487530138516192,4,rrryyyrrryyy
1258,64,288.0,4.279180960012968,5,rrrrrrrrrrrr
1259,66,304.0,4.236553922937242,5,rrrrrrrrrrrr
1260,65,202.0,4.21162462337668,0,GGgrrrGGgrrr
1261,65,163.0,4.046332129571366,0,GGgrrrGGgrrr
1262,65,134.0,4.1468890224040535,0,GGgrrrGGgrrr
1263,65,109.0,4.0657896430929785,0,GGgrrrGGgrrr
1264,64,87.0,4.181680931623111,0,GGgrrrGGgrrr
1265,63,96.0,4.149048730474495,0,GGgrrrGGgrrr
1266,64,76.0,4.203776667533187,0,GGgrrrGGgrrr
1267,65,59.0,4.319893644737753,0,GGgrrrGGgrrr
1268,66,56.0,4.387704178468684,0,GGgrrrGGgrrr
1269,66,67.0,4.488407379785772,0,GGgrrrGGgrrr
1270,65,79.0,4.445851359654977,0,GGgrrrGGgrrr
1271,65,87.0,4.433068275923426,0,GGgrrrGGgrrr
1272,67,97.0,4.444104789780963,0,GGgrrrGGgrrr
1273,68,108.0,4.444078126021147,0,GGgrrrGGgrrr
1274,68,121.0,4.5432794552192455,0,GGgrrrGGgrrr
1275,68,135.0,4.602396790982428,0,GGgrrrGGgrrr
1276,68,149.0,4.641955672522736,0,GGgrrrGGgrrr
1277,68,166.0,4.7194006213032305,0,GGgrrrGGgrrr
1278,69,185.0,4.574478171721348,0,GGgrrrGGgrrr
1279,68,205.0,4.345717707641008,0,GGgrrrGGgrrr
1280,67,224.0,4.434359730148072,0,GGgrrrGGgrrr
1281,68,246.0,4.499203716695326,0,GGgrrrGGgrrr
1282,67,269.0,4.483025100317793,0,GGgrrrGGgrrr
1283,68,294.0,4.231433035354669,0,GGgrrrGGgrrr
1284,68,313.0,4.21525927024275,0,GGgrrrGGgrrr
1285,68,334.0,4.233623227299994,0,GGgrrrGGgrrr
1286,69,356.0,4.237950213776153,0,GGgrrrGGgrrr
1287,69,380.0,4.293176500556678,0,GGgrrrGGgrrr
1288,71,404.0,4.1991476522649505,0,GGgrrrGGgrrr
1289,71,430.0,4.2828393783033905,0,GGgrrrGGgrrr
1290,71,462.0,4.34526308071229,1,yyyrrryyyrrr
1291,71,488.0,4.352743911356992,1,yyyrrryyyrrr
1292,73,516.0,4.260658760058717,1,yyyrrryyyrrr
1293,73,545.0,4.142160681364136,2,rrrrrrrrrrrr
1294,74,580.0,4.154983843208649,2,rrrrrrrrrrrr
1295,72,516.0,4.027211594420745,3,rrrGGgrrrGGg
1296,72,481.0,4.0861551062963555,3,rrrGGgrrrGGg
1297,69,466.0,3.863066991964728,3,rrrGGgrrrGGg
1298,70,453.0,3.9324715470249845,3,rrrGGgrrrGGg
1299,69,448.0,3.89383540936918,3,rrrGGgrrrGGg
1300,67,443.0,3.6722939493323126,3,rrrGGgrrrGGg
1301,68,439.0,3.6390329780594133,3,rrrGGgrrrGGg
1302,68,435.0,3.595195440862273,3,rrrGGgrrrGGg
1303,68,432.0,3.371253869042512,3,rrrGGgrrrGGg
1304,68,432.0,3.2291607644117235,3,rrrGGgrrrGGg
1305,67,464.0,3.250352432762555,3,rrrGGgrrrGGg
1306,67,466.0,3.3760441849583103,3,rrrGGgrrrGGg
1307,67,465.0,3.48677662927685,3,rrrGGgrrrGGg
1308,68,494.0,3.534124524387243,3,rrrGGgrrrGGg
1309,68,486.0,3.302070087930793,3,rrrGGgrrrGGg
1310,69,479.0,3.3181378293434958,3,rrrGGgrrrGGg
1311,69,474.0,3.3549138728790298,3,rrrGGgrrrGGg
1312,70,474.0,3.3769865459278896,3,rrrGGgrrrGGg
1313,71,469.0,3.449910335642303,3,rrrGGgrrrGGg
1314,71,497.0,3.6054328317683195,3,rrrGGgrrrGGg
1315,71,491.0,3.8388476405313754,3,rrrGGgrrrGGg
1316,70,485.0,3.928434598149613,3,rrrGGgrrrGGg
1317,70,478.0,4.093182659928616,3,rrrGGgrrrGGg
1318,71,469.0,4.146609174813315,3,rrrGGgrrrGGg
1319,71,462.0,4.029106979744929,3,rrrGGgrrrGGg
1320,72,487.0,4.096222050369041,3,rrrGGgrrrGGg
1321,72,477.0,4.114470192536336,3,rrrGGgrrrGGg
1322,72,470.0,4.3488586131996945,3,rrrGGgrrrGGg
1323,73,459.0,4.363015952995458,3,rrrGGgrrrGGg
1324,73,449.0,4.25386243182964,3,rrrGGgrrrGGg
1325,73,439.0,4.23466823235143,4,rrryyyrrryyy
1326,73,462.0,4.040356722419816,4,rrryyyrrryyy
1327,73,458.0,4.2169847050678575,4,rrryyyrrryyy
1328,74,454.0,4.297404943997444,5,rrrrrrrrrrrr
1329,73,478.0,4.088257419041887,5,rrrrrrrrrrrr
1330,74,369.0,4.113644496583558,0,GGgrrrGGgrrr
1331,74,296.0,4.078168838617484,0,GGgrrrGGgrrr
1332,73,240.0,4.045769048541985,0,GGgrrrGGgrrr
1333,74,204.0,4.126021595680389,0,GGgrrrGGgrrr
1334,73,183.0,4.179595378928196,0,GGgrrrGGgrrr
1335,73,162.0,4.414827514595796,0,GGgrrrGGgrrr
1336,72,174.0,4.533827063536518,0,GGgrrrGGgrrr
1337,72,155.0,4.503786200395707,0,GGgrrrGGgrrr
1338,73,136.0,4.505339698388935,0,GGgrrrGGgrrr
1339,73,121.0,4.358301509721713,0,GGgrrrGGgrrr
1340,72,108.0,4.244304416759011,0,GGgrrrGGgrrr
1341,71,123.0,4.063619007092657,0,GGgrrrGGgrrr
1342,71,125.0,4.147358987947351,0,GGgrrrGGgrrr
1343,71,132.0,3.942185534511794,0,GGgrrrGGgrrr
1344,72,152.0,3.9831735137826456,0,GGgrrrGGgrrr
1345,71,172.0,3.89303613691225,0,GGgrrrGGgrrr
1346,71,194.0,3.9980045432862,0,GGgrrrGGgrrr
1347,70,217.0,3.5710337073790974,0,GGgrrrGGgrrr
1348,70,229.0,3.6607780887287804,0,GGgrrrGGgrrr
1349,71,242.0,3.694422675766399,0,GGgrrrGGgrrr
1350,71,256.0,3.7722588562910677,0,GGgrrrGGgrrr
1351,71,271.0,3.8472662643836952,0,GGgrrrGGgrrr
1352,70,287.0,3.79043232908026,0,GGgrrrGGgrrr
1353,71,304.0,3.8208525284230603,0,GGgrrrGGgrrr
1354,72,323.0,3.8170020702281544,0,GGgrrrGGgrrr
1355,73,352.0,3.7884091867711285,0,GGgrrrGGgrrr
1356,73,376.0,3.8284765630272517,0,GGgrrrGGgrrr
1357,73,401.0,3.872485499737445,0,GGgrrrGGgrrr
1358,73,422.0,3.8928424657696845,0,GGgrrrGGgrrr
1359,75,445.0,3.8171827792974358,0,GGgrrrGGgrrr
1360,75,467.0,3.8129585562276618,1,yyyrrryyyrrr
1361,75,489.0,3.8385623756655014,1,yyyrrryyyrrr
1362,75,511.0,3.7114881968774593,1,yyyrrryyyrrr
1363,74,542.0,3.4777171209803734,2,rrrrrrrrrrrr
1364,76,574.0,3.3083048231757797,2,rrrrrrrrrrrr
1365,75,527.0,3.168632725867194,3,rrrGGgrrrGGg
1366,73,497.0,2.9157664504934044,3,rrrGGgrrrGGg
1367,73,482.0,3.053401205454855,3,rrrGGgrrrGGg
1368,71,470.0,2.9100883203024748,3,rrrGGgrrrGGg
1369,72,462.0,2.9305294842282286,3,rrrGGgrrrGGg
1370,73,493.0,2.976902871707344,3,rrrGGgrrrGGg
1371,74,490.0,2.8439894781238952,3,rrrGGgrrrGGg
1372,72,486.0,2.690468440131833,3,rrrGGgrrrGGg
1373,72,481.0,2.805244025581802,3,rrrGGgrrrGGg
1374,72,476.0,2.961446777129255,3,rrrGGgrrrGGg
1375,74,473.0,3.0524446177331006,3,rrrGGgrrrGGg
1376,74,469.0,3.2336680676437144,3,rrrGGgrrrGGg
1377,74,500.0,3.351027134242294,3,rrrGGgrrrGGg
1378,74,497.0,3.431190490977893,3,rrrGGgrrrGGg
1379,74,494.0,3.498203244999786,3,rrrGGgrrrGGg
1380,75,493.0,3.611948164099133,3,rrrGGgrrrGGg
1381,76,492.0,3.729139664538267,3,rrrGGgrrrGGg
1382,76,491.0,3.565580054729749,3,rrrGGgrrrGGg
1383,76,523.0,3.7153370045239824,3,rrrGGgrrrGGg
1384,76,522.0,3.7873748418291715,3,rrrGGgrrrGGg
1385,75,521.0,3.7444957748281027,3,rrrGGgrrrGGg
1386,76,521.0,3.764124603858454,3,rrrGGgrrrGGg
1387,77,522.0,3.8145945327162605,3,rrrGGgrrrGGg
1388,77,523.0,4.013975793238097,3,rrrGGgrrrGGg
1389,77,523.0,4.159225058394924,3,rrrGGgrrrGGg
1390,77,522.0,4.363929887220743,3,rrrGGgrrrGGg
1391,78,521.0,4.4358370075002025,3,rrrGGgrrrGGg
1392,77,551.0,4.326237855455591,3,rrrGGgrrrGGg
1393,78,581.0,4.456627097790849,3,rrrGGgrrrGGg
1394,78,579.0,4.579362136845319,3,rrrGGgrrrGGg
1395,78,576.0,4.629226919430757,4,rrryyyrrryyy
1396,80,575.0,4.617893396834465,4,rrryyyrrryyy
1397,78,573.0,4.532026739131247,4,rrryyyrrryyy
1398,79,573.0,4.626701602100614,5,rrrrrrrrrrrr
1399,78,574.0,4.664653378572284,5,rrrrrrrrrrrr
1400,78,445.0,4.6873244430633125,0,GGgrrrGGgrrr
1401,77,387.0,4.653853184649467,0,GGgrrrGGgrrr
1402,80,352.0,4.579272941926125,0,GGgrrrGGgrrr
1403,79,337.0,4.623372214854376,0,GGgrrrGGgrrr
1404,78,305.0,4.636371279218596,0,GGgrrrGGgrrr
1405,79,310.0,4.6318892086690315,0,GGgrrrGGgrrr
1406,78,294.0,4.6376124615339664,0,GGgrrrGGgrrr
1407,79,274.0,4.643901975434199,0,GGgrrrGGgrrr
1408,77,255.0,4.46616338570772,0,GGgrrrGGgrrr
1409,78,236.0,4.502533345817111,0,GGgrrrGGgrrr
1410,77,219.0,4.44215089188332,0,GGgrrrGGgrrr
1411,76,203.0,4.381719198914008,0,GGgrrrGGgrrr
1412,78,187.0,4.283684070742633,0,GGgrrrGGgrrr
1413,77,172.0,4.203026229305644,0,GGgrrrGGgrrr
1414,77,156.0,4.01925309414151,0,GGgrrrGGgrrr
1415,76,141.0,3.8882872519909806,0,GGgrrrGGgrrr
1416,76,137.0,3.9716660254757117,0,GGgrrrGGgrrr
1417,76,154.0,3.894531487265479,0,GGgrrrGGgrrr
1418,75,173.0,3.801312363182405,0,GGgrrrGGgrrr
1419,74,190.0,3.6775822715800865,0,GGgrrrGGgrrr
1420,74,209.0,3.4531911618648294,0,GGgrrrGGgrrr
1421,74,231.0,3.439557580168015,0,GGgrrrGGgrrr
1422,75,252.0,3.4221314023846694,0,GGgrrrGGgrrr
1423,76,263.0,3.4900016860799585,0,GGgrrrGGgrrr
1424,76,276.0,3.628839992807844,0,GGgrrrGGgrrr
1425,77,298.0,3.6938276488465562,0,GGgrrrGGgrrr
1426,77,321.0,3.7822091469426127,0,GGgrrrGGgrrr
1427,78,345.0,3.8083572123500846,0,GGgrrrGGgrrr
1428,78,369.0,3.8966314853565778,0,GGgrrrGGgrrr
1429,78,395.0,3.919873813636945,0,GGgrrrGGgrrr
1430,79,423.0,3.9372708351085643,1,yyyrrryyyrrr
1431,79,452.0,3.7934354263149035,1,yyyrrryyyrrr
1432,80,477.0,3.8469019517592953,1,yyyrrryyyrrr
1433,80,505.0,3.916562926097524,2,rrrrrrrrrrrr
1434,78,535.0,3.693295401858927,2,rrrrrrrrrrrr
1435,80,499.0,3.682384174889402,3,rrrGGgrrrGGg
1436,80,469.0,3.806105522794821,3,rrrGGgrrrGGg
1437,81,445.0,3.9675265532025796,3,rrrGGgrrrGGg
1438,81,431.0,4.116246312161122,3,rrrGGgrrrGGg
1439,81,418.0,4.218169670372317,3,rrrGGgrrrGGg
1440,81,415.0,4.173800164074349,3,rrrGGgrrrGGg
1441,80,444.0,4.1980014021297185,3,rrrGGgrrrGGg
1442,81,439.0,4.140279593578921,3,rrrGGgrrrGGg
1443,80,435.0,3.9093951254173995,3,rrrGGgrrrGGg
1444,80,431.0,3.920045983952531,3,rrrGGgrrrGGg
1445,79,430.0,3.8175823266004643,3,rrrGGgrrrGGg
1446,80,460.0,3.8502466934175983,3,rrrGGgrrrGGg
1447,81,458.0,3.9014974341707407,3,rrrGGgrrrGGg
1448,80,456.0,3.9061484198733547,3,rrrGGgrrrGGg
1449,80,455.0,3.8211515922455184,3,rrrGGgrrrGGg
1450,80,454.0,3.9487680294976286,3,rrrGGgrrrGGg
1451,80,487.0,3.924350351138929,3,rrrGGgrrrGGg
1452,79,487.0,3.9049595673830697,3,rrrGGgrrrGGg
1453,80,487.0,3.929480891950269,3,rrrGGgrrrGGg
1454,80,489.0,4.068833606367514,3,rrrGGgrrrGGg
1455,78,490.0,3.9665468145430682,3,rrrGGgrrrGGg
1456,79,490.0,3.790595422377308,3,rrrGGgrrrGGg
1457,78,490.0,3.757746147266587,3,rrrGGgrrrGGg
1458,79,489.0,3.866511769995755,3,rrrGGgrrrGGg
1459,79,489.0,3.988658231279537,3,rrrGGgrrrGGg
1460,79,488.0,4.137949480710501,3,rrrGGgrrrGGg
1461,79,517.0,4.277913186748982,3,rrrGGgrrrGGg
1462,79,516.0,4.405917849710378,3,rrrGGgrrrGGg
1463,79,513.0,4.176767111349564,3,rrrGGgrrrGGg
1464,80,541.0,4.252807237863656,3,rrrGGgrrrGGg
1465,79,538.0,4.338123960247289,4,rrryyyrrryyy
1466,78,534.0,4.399781815504076,4,rrryyyrrryyy
1467,78,562.0,4.448709600217156,4,rrryyyrrryyy
1468,80,560.0,4.342809592263941,5,rrrrrrrrrrrr
1469,81,557.0,4.261525402571963,5,rrrrrrrrrrrr
1470,80,434.0,4.251138293385957,0,GGgrrrGGgrrr
1471,80,357.0,4.4250492663026595,0,GGgrrrGGgrrr
1472,80,297.0,4.612814164648904,0,GGgrrrGGgrrr
1473,81,257.0,4.661260678909639,0,GGgrrrGGgrrr
1474,80,223.0,4.703808415591171,0,GGgrrrGGgrrr
1475,81,209.0,4.792265478850008,0,GGgrrrGGgrrr
1476,81,179.0,4.680690407346651,0,GGgrrrGGgrrr
1477,81,189.0,4.708492831410466,0,GGgrrrGGgrrr
1478,83,178.0,4.665224656802498,0,GGgrrrGGgrrr
1479,82,167.0,4.613408030860819,0,GGgrrrGGgrrr
1480,80,157.0,4.398456870722411,0,GGgrrrGGgrrr
1481,81,150.0,4.324788297085464,0,GGgrrrGGgrrr
1482,80,150.0,4.222577619339302,0,GGgrrrGGgrrr
1483,80,171.0,4.07539133575084,0,GGgrrrGGgrrr
1484,78,173.0,3.996327570360596,0,GGgrrrGGgrrr
1485,78,189.0,4.139689158071205,0,GGgrrrGGgrrr
1486,78,197.0,4.0560276934995185,0,GGgrrrGGgrrr
1487,77,212.0,3.86006958000747,0,GGgrrrGGgrrr
1488,78,231.0,3.8971100479534506,0,GGgrrrGGgrrr
1489,76,252.0,3.842972386211738,0,GGgrrrGGgrrr
1490,75,273.0,3.9306159576110167,0,GGgrrrGGgrrr
1491,76,299.0,4.016387574828517,0,GGgrrrGGgrrr
1492,76,322.0,3.997353610094029,0,GGgrrrGGgrrr
1493,77,346.0,4.093573179692523,0,GGgrrrGGgrrr
1494,78,374.0,4.123488145864261,0,GGgrrrGGgrrr
1495,78,391.0,4.305033184549337,0,GGgrrrGGgrrr
1496,78,419.0,4.481741883219133,0,GGgrrrGGgrrr
1497,78,446.0,4.641517554824306,0,GGgrrrGGgrrr
1498,79,471.0,4.747383145821236,0,GGgrrrGGgrrr
1499,80,499.0,4.81832164069502,0,GGgrrrGGgrrr
1500,80,529.0,4.9355399103672974,1,yyyrrryyyrrr
1501,80,560.0,5.065432799396822,1,yyyrrryyyrrr
1502,82,593.0,4.982712790939998,1,yyyrrryyyrrr
1503,81,627.0,4.725708530134703,2,rrrrrrrrrrrr
1504,81,663.0,4.763984872302342,2,rrrrrrrrrrrr
1505,80,594.0,4.653665781857728,3,rrrGGgrrrGGg
1506,80,547.0,4.52050487780384,3,rrrGGgrrrGGg
1507,80,513.0,4.374904235610581,3,rrrGGgrrrGGg
1508,80,509.0,4.2479565007438955,3,rrrGGgrrrGGg
1509,79,505.0,4.215759563862209,3,rrrGGgrrrGGg
1510,79,503.0,4.3184031409907035,3,rrrGGgrrrGGg
1511,78,501.0,4.280133284902127,3,rrrGGgrrrGGg
1512,78,499.0,4.354486632580305,3,rrrGGgrrrGGg
1513,79,533.0,4.204918099166859,3,rrrGGgrrrGGg
1514,80,532.0,4.279067353313983,3,rrrGGgrrrGGg
1515,80,531.0,4.368391334186244,3,rrrGGgrrrGGg
1516,78,531.0,4.143083558144799,3,rrrGGgrrrGGg
1517,79,532.0,3.9070742683460655,3,rrrGGgrrrGGg
1518,79,533.0,3.8459793647467513,3,rrrGGgrrrGGg
1519,78,534.0,3.760304354151007,3,rrrGGgrrrGGg
1520,77,536.0,3.71223709272852,3,rrrGGgrrrGGg
1521,76,528.0,3.7236640345139747,3,rrrGGgrrrGGg
1522,76,555.0,3.8616450759341796,3,rrrGGgrrrGGg
1523,75,548.0,3.6588055363393126,3,rrrGGgrrrGGg
1524,76,540.0,3.705752565045392,3,rrrGGgrrrGGg
1525,74,534.0,3.429255968158229,3,rrrGGgrrrGGg
1526,72,528.0,3.2092647443884066,3,rrrGGgrrrGGg
1527,72,528.0,3.3165095538237472,3,rrrGGgrrrGGg
1528,73,524.0,3.3504656568492726,3,rrrGGgrrrGGg
1529,73,550.0,3.413769853035722,3,rrrGGgrrrGGg
1530,73,541.0,3.4884005438607466,3,rrrGGgrrrGGg
1531,74,535.0,3.498315469581095,3,rrrGGgrrrGGg
1532,74,533.0,3.6256079342404823,3,rrrGGgrrrGGg
1533,75,559.0,3.6957914320053638,3,rrrGGgrrrGGg
1534,77,554.0,3.726165401529497,3,rrrGGgrrrGGg
1535,77,553.0,3.8563822218859043,4,rrryyyrrryyy
1536,77,548.0,3.9894976172755974,4,rrryyyrrryyy
1537,77,545.0,4.132096245885137,4,rrryyyrrryyy
1538,77,535.0,4.019158500693398,5,rrrrrrrrrrrr
1539,75,564.0,3.708041956395655,5,rrrrrrrrrrrr
1540,75,440.0,3.6167164966533036,0,GGgrrrGGgrrr
1541,75,359.0,3.6045349813114558,0,GGgrrrGGgrrr
1542,73,307.0,3.3750008380357754,0,GGgrrrGGgrrr
1543,74,252.0,3.418804653905598,0,GGgrrrGGgrrr
1544,73,202.0,3.346280777036787,0,GGgrrrGGgrrr
1545,74,180.0,3.216788904452806,0,GGgrrrGGgrrr
1546,74,161.0,3.015952963595505,0,GGgrrrGGgrrr
1547,74,178.0,3.0562876842485576,0,GGgrrrGGgrrr
1548,75,158.0,3.088112495151557,0,GGgrrrGGgrrr
1549,75,141.0,3.102167149465352,0,GGgrrrGGgrrr
1550,75,137.0,3.234197796514903,0,GGgrrrGGgrrr
1551,76,130.0,3.3472447808885573,0,GGgrrrGGgrrr
1552,77,130.0,3.395366459323829,0,GGgrrrGGgrrr
1553,78,140.0,3.4470192521295493,0,GGgrrrGGgrrr
1554,77,152.0,3.3639444048724627,0,GGgrrrGGgrrr
1555,76,165.0,3.2772792559280823,0,GGgrrrGGgrrr
1556,74,180.0,3.1230105492523,0,GGgrrrGGgrrr
1557,75,198.0,3.164705760197274,0,GGgrrrGGgrrr
1558,75,218.0,3.060755897868987,0,GGgrrrGGgrrr
1559,76,235.0,3.1553038401880262,0,GGgrrrGGgrrr
1560,76,254.0,3.152183839330915,0,GGgrrrGGgrrr
1561,76,276.0,3.3104844458261304,0,GGgrrrGGgrrr
1562,76,297.0,3.4543232447868633,0,GGgrrrGGgrrr
1563,77,320.0,3.502617504211659,0,GGgrrrGGgrrr
1564,77,343.0,3.618102702832417,0,GGgrrrGGgrrr
1565,77,367.0,3.752127200019136,0,GGgrrrGGgrrr
1566,77,393.0,3.893584217940886,0,GGgrrrGGgrrr
1567,79,420.0,3.876686003425984,0,GGgrrrGGgrrr
1568,81,447.0,3.9833998881250334,0,GGgrrrGGgrrr
1569,81,474.0,4.138877763802231,0,GGgrrrGGgrrr
1570,81,503.0,4.272006305854115,1,yyyrrryyyrrr
1571,81,531.0,4.44126772584672,1,yyyrrryyyrrr
1572,83,559.0,4.3914668830873875,1,yyyrrryyyrrr
1573,81,589.0,4.025440801565918,2,rrrrrrrrrrrr
1574,81,621.0,4.110745166068214,2,rrrrrrrrrrrr
1575,80,543.0,4.054330451123323,3,rrrGGgrrrGGg
1576,79,506.0,3.9022468166964948,3,rrrGGgrrrGGg
1577,80,476.0,3.755424629025117,3,rrrGGgrrrGGg
1578,80,456.0,3.5261455506578665,3,rrrGGgrrrGGg
1579,81,450.0,3.5297042288108966,3,rrrGGgrrrGGg
1580,81,445.0,3.449359004307594,3,rrrGGgrrrGGg
1581,81,443.0,3.5224604939271797,3,rrrGGgrrrGGg
1582,81,441.0,3.364488644050894,3,rrrGGgrrrGGg
1583,79,439.0,3.10899353191677,3,rrrGGgrrrGGg
1584,78,438.0,2.922813508229286,3,rrrGGgrrrGGg
1585,78,435.0,2.995809970762914,3,rrrGGgrrrGGg
1586,79,466.0,2.9724598798686266,3,rrrGGgrrrGGg
1587,80,465.0,3.0441379767709353,3,rrrGGgrrrGGg
1588,79,468.0,2.9182381273628795,3,rrrGGgrrrGGg
1589,79,470.0,3.0046866130361005,3,rrrGGgrrrGGg
1590,78,476.0,2.9691704097478664,3,rrrGGgrrrGGg
1591,78,513.0,2.8937907048627594,3,rrrGGgrrrGGg
1592,78,520.0,3.028961983047394,3,rrrGGgrrrGGg
1593,79,525.0,3.117205131147674,3,rrrGGgrrrGGg
1594,78,562.0,3.130426651619881,3,rrrGGgrrrGGg
1595,78,565.0,3.2677776555068467,3,rrrGGgrrrGGg
1596,79,602.0,3.3284569880180945,3,rrrGGgrrrGGg
1597,79,605.0,3.4648697444513683,3,rrrGGgrrrGGg
1598,81,609.0,3.5268113216215995,3,rrrGGgrrrGGg
1599,81,610.0,3.6465463233842828,3,rrrGGgrrrGGg
1600,81,646.0,3.7158858138086712,3,rrrGGgrrrGGg
1601,81,648.0,3.819710350111543,3,rrrGGgrrrGGg
1602,81,651.0,4.0077268045235055,3,rrrGGgrrrGGg
1603,82,655.0,4.19543572423206,3,rrrGGgrrrGGg
1604,83,658.0,4.214338678174626,3,rrrGGgrrrGGg
1605,83,660.0,4.347383787023406,4,rrryyyrrryyy
1606,83,662.0,4.589618123601949,4,rrryyyrrryyy
1607,81,694.0,4.5099199508742025,4,rrryyyrrryyy
1608,83,695.0,4.5078438228435225,5,rrrrrrrrrrrr
1609,83,695.0,4.646339710745895,5,rrrrrrrrrrrr
1610,83,596.0,4.798842949622864,0,GGgrrrGGgrrr
1611,83,511.0,4.918936835266877,0,GGgrrrGGgrrr
1612,84,433.0,4.97403302188973,0,GGgrrrGGgrrr
1613,84,362.0,4.861369806561096,0,GGgrrrGGgrrr
1614,84,334.0,4.953863679342035,0,GGgrrrGGgrrr
1615,84,256.0,4.90922061719984,0,GGgrrrGGgrrr
1616,82,271.0,4.83145450017907,0,GGgrrrGGgrrr
1617,84,228.0,4.789801634971342,0,GGgrrrGGgrrr
1618,83,183.0,4.633916614139552,0,GGgrrrGGgrrr
1619,82,139.0,4.572142443776901,0,GGgrrrGGgrrr
1620,82,117.0,4.655003103299107,0,GGgrrrGGgrrr
1621,81,104.0,4.382910410490404,0,GGgrrrGGgrrr
1622,81,93.0,4.596397680530771,0,GGgrrrGGgrrr
1623,82,106.0,4.403496144290946,0,GGgrrrGGgrrr
1624,80,119.0,4.297521490366032,0,GGgrrrGGgrrr
1625,80,134.0,4.302815457242276,0,GGgrrrGGgrrr
1626,79,146.0,4.203071786484908,0,GGgrrrGGgrrr
1627,78,164.0,3.9644669110265864,0,GGgrrrGGgrrr
1628,79,175.0,3.84347349125776,0,GGgrrrGGgrrr
1629,78,195.0,3.7239067130439176,0,GGgrrrGGgrrr
1630,79,219.0,3.568255686002238,0,GGgrrrGGgrrr
1631,79,239.0,3.71508643566639,0,GGgrrrGGgrrr
1632,79,263.0,3.6393520785039897,0,GGgrrrGGgrrr
1633,80,287.0,3.715489971169128,0,GGgrrrGGgrrr
1634,80,315.0,3.7907423001287235,0,GGgrrrGGgrrr
1635,80,344.0,3.812074119846013,0,GGgrrrGGgrrr
1636,80,375.0,3.754578104397711,0,GGgrrrGGgrrr
1637,81,408.0,3.6795834420039952,0,GGgrrrGGgrrr
1638,83,443.0,3.563618782317643,0,GGgrrrGGgrrr
1639,83,480.0,3.582968382823861,0,GGgrrrGGgrrr
1640,83,504.0,3.6588323004746197,1,yyyrrryyyrrr
1641,83,532.0,3.7706767987489203,1,yyyrrryyyrrr
1642,83,563.0,3.7278618238915517,1,yyyrrryyyrrr
1643,83,602.0,3.636232594171414,2,rrrrrrrrrrrr
1644,82,632.0,3.6261258417626188,2,rrrrrrrrrrrr
1645,83,579.0,3.6326643028588714,3,rrrGGgrrrGGg
1646,81,542.0,3.4110415122994495,3,rrrGGgrrrGGg
1647,82,542.0,3.3743780134272905,3,rrrGGgrrrGGg
1648,84,515.0,3.3189042294411233,3,rrrGGgrrrGGg
1649,84,508.0,3.3383755182349284,3,rrrGGgrrrGGg
1650,84,521.0,3.334078862200892,3,rrrGGgrrrGGg
1651,83,519.0,3.306450881789624,3,rrrGGgrrrGGg
1652,83,515.0,3.4187360857565627,3,rrrGGgrrrGGg
1653,84,509.0,3.4402322367179208,3,rrrGGgrrrGGg
1654,84,506.0,3.54399593820788,3,rrrGGgrrrGGg
1655,85,505.0,3.583074535461736,3,rrrGGgrrrGGg
1656,84,506.0,3.53104317476931,3,rrrGGgrrrGGg
1657,85,506.0,3.3951981164536553,3,rrrGGgrrrGGg
1658,85,508.0,3.278565136889047,3,rrrGGgrrrGGg
1659,85,545.0,3.4136742377767533,3,rrrGGgrrrGGg
1660,85,551.0,3.5570803040330334,3,rrrGGgrrrGGg
1661,85,557.0,3.685185656689776,3,rrrGGgrrrGGg
1662,84,561.0,3.5607551029840274,3,rrrGGgrrrGGg
1663,85,570.0,3.510288200473649,3,rrrGGgrrrGGg
1664,84,580.0,3.336000785880906,3,rrrGGgrrrGGg
1665,84,593.0,3.3620476149746046,3,rrrGGgrrrGGg
1666,82,641.0,3.240157510964576,3,rrrGGgrrrGGg
1667,82,644.0,3.3108200941225903,3,rrrGGgrrrGGg
1668,83,643.0,3.3171648669711975,3,rrrGGgrrrGGg
1669,84,648.0,3.315046831121041,3,rrrGGgrrrGGg
1670,84,662.0,3.3776266929912033,3,rrrGGgrrrGGg
1671,84,678.0,3.5431490659525053,3,rrrGGgrrrGGg
1672,84,694.0,3.633065664815445,3,rrrGGgrrrGGg
1673,85,741.0,3.5572544778140656,3,rrrGGgrrrGGg
1674,87,774.0,3.298600268151655,3,rrrGGgrrrGGg
1675,86,753.0,3.2562168071026805,4,rrryyyrrryyy
1676,85,770.0,3.1985317981458805,4,rrryyyrrryyy
1677,85,820.0,3.270493263973062,4,rrryyyrrryyy
1678,84,870.0,3.2027473191785267,5,rrrrrrrrrrrr
1679,85,855.0,3.234619593646472,5,rrrrrrrrrrrr
1680,86,727.0,3.24224093394575,0,GGgrrrGGgrrr
1681,86,683.0,3.1431311409037352,0,GGgrrrGGgrrr
1682,86,615.0,3.087471940757168,0,GGgrrrGGgrrr
1683,83,558.0,2.8186328661604985,0,GGgrrrGGgrrr
1684,83,514.0,2.968375074535734,0,GGgrrrGGgrrr
1685,84,510.0,3.088461749806669,0,GGgrrrGGgrrr
1686,84,469.0,3.2171701151338263,0,GGgrrrGGgrrr
1687,83,454.0,3.2081535669847727,0,GGgrrrGGgrrr
1688,83,421.0,3.2651006363347137,0,GGgrrrGGgrrr
1689,82,401.0,3.152047173497851,0,GGgrrrGGgrrr
1690,83,414.0,3.15906731728069,0,GGgrrrGGgrrr
1691,84,393.0,3.23484791883835,0,GGgrrrGGgrrr
1692,84,408.0,3.20824735884087,0,GGgrrrGGgrrr
1693,84,393.0,3.3591702188070736,0,GGgrrrGGgrrr
1694,83,377.0,3.3314832782435992,0,GGgrrrGGgrrr
1695,84,364.0,3.2450648084292983,0,GGgrrrGGgrrr
1696,83,369.0,3.2379407045108843,0,GGgrrrGGgrrr
1697,83,355.0,3.1443414929819,0,GGgrrrGGgrrr
1698,83,336.0,3.1878303979869034,0,GGgrrrGGgrrr
1699,82,343.0,3.1318011758810864,0,GGgrrrGGgrrr
1700,83,371.0,3.1710273975253864,0,GGgrrrGGgrrr
1701,84,380.0,3.2075708771545908,0,GGgrrrGGgrrr
1702,85,407.0,3.284735087686355,0,GGgrrrGGgrrr
1703,85,416.0,3.4013096540575916,0,GGgrrrGGgrrr
1704,86,424.0,3.445007251620301,0,GGgrrrGGgrrr
1705,87,439.0,3.51871028821444,0,GGgrrrGGgrrr
1706,87,449.0,3.590831143202049,0,GGgrrrGGgrrr
1707,87,463.0,3.6908549903884897,0,GGgrrrGGgrrr
1708,87,494.0,3.7325786552305984,0,GGgrrrGGgrrr
1709,89,505.0,3.749856461287972,0,GGgrrrGGgrrr
1710,91,514.0,3.708329033095868,1,yyyrrryyyrrr
1711,91,524.0,3.7871815269222004,1,yyyrrryyyrrr
1712,91,558.0,3.8782792357284004,1,yyyrrryyyrrr
1713,90,573.0,3.8260112300254328,2,rrrrrrrrrrrr
1714,91,588.0,3.8023470263575083,2,rrrrrrrrrrrr
1715,92,522.0,3.8398255000930797,3,rrrGGgrrrGGg
1716,93,475.0,3.919800525537903,3,rrrGGgrrrGGg
1717,90,440.0,3.6579556965853586,3,rrrGGgrrrGGg
1718,90,425.0,3.8595789745470515,3,rrrGGgrrrGGg
1719,88,420.0,3.7089213549736555,3,rrrGGgrrrGGg
1720,88,418.0,3.9171089446128406,3,rrrGGgrrrGGg
1721,88,418.0,3.9132589746070994,3,rrrGGgrrrGGg
1722,88,417.0,4.056495514594765,3,rrrGGgrrrGGg
1723,89,419.0,4.099311216864138,3,rrrGGgrrrGGg
1724,89,422.0,4.109210569984063,3,rrrGGgrrrGGg
1725,90,457.0,4.072030508584997,3,rrrGGgrrrGGg
1726,90,458.0,4.002193505718164,3,rrrGGgrrrGGg
1727,89,464.0,3.9537703460026337,3,rrrGGgrrrGGg
1728,87,472.0,3.856294894297512,3,rrrGGgrrrGGg
1729,87,480.0,3.976098684906114,3,rrrGGgrrrGGg
1730,85,488.0,3.859342566833859,3,rrrGGgrrrGGg
1731,86,496.0,3.786931365085738,3,rrrGGgrrrGGg
1732,86,536.0,3.8710836687992596,3,rrrGGgrrrGGg
1733,84,546.0,3.6970137715059614,3,rrrGGgrrrGGg
1734,84,587.0,3.800955178103953,3,rrrGGgrrrGGg
1735,84,597.0,3.69589751465252,3,rrrGGgrrrGGg
1736,86,607.0,3.7232596651851395,3,rrrGGgrrrGGg
1737,86,589.0,3.8299267114584308,3,rrrGGgrrrGGg
1738,85,600.0,3.8521544435585575,3,rrrGGgrrrGGg
1739,85,636.0,3.9745121611536955,3,rrrGGgrrrGGg
1740,85,643.0,4.006722920389801,3,rrrGGgrrrGGg
1741,86,650.0,3.8106087932539165,3,rrrGGgrrrGGg
1742,85,657.0,3.607719329383537,3,rrrGGgrrrGGg
1743,85,665.0,3.723174874696309,3,rrrGGgrrrGGg
1744,85,700.0,3.7801259672231526,3,rrrGGgrrrGGg
1745,85,706.0,3.8342287673597384,4,rrryyyrrryyy
1746,87,692.0,3.7986399124219186,4,rrryyyrrryyy
1747,87,724.0,3.8558072225072335,4,rrryyyrrryyy
1748,87,727.0,3.866603598420009,5,rrrrrrrrrrrr
1749,87,732.0,3.703103067419506,5,rrrrrrrrrrrr
1750,85,605.0,3.5802993221259394,0,GGgrrrGGgrrr
1751,87,527.0,3.5961320310356877,0,GGgrrrGGgrrr
1752,86,470.0,3.604810749943314,0,GGgrrrGGgrrr
1753,86,421.0,3.786273300573291,0,GGgrrrGGgrrr
1754,86,378.0,3.79579165938643,0,GGgrrrGGgrrr
1755,87,398.0,3.8800920811101642,0,GGgrrrGGgrrr
1756,88,355.0,3.886118038213948,0,GGgrrrGGgrrr
1757,85,313.0,3.6691805154685735,0,GGgrrrGGgrrr
1758,85,271.0,3.661583035998676,0,GGgrrrGGgrrr
1759,83,254.0,3.5645581734489116,0,GGgrrrGGgrrr
1760,85,239.0,3.5786933359088353,0,GGgrrrGGgrrr
1761,86,213.0,3.608599996646191,0,GGgrrrGGgrrr
1762,85,191.0,3.5911631304993175,0,GGgrrrGGgrrr
1763,85,170.0,3.733272869880582,0,GGgrrrGGgrrr
1764,85,183.0,3.8449126935253966,0,GGgrrrGGgrrr
1765,85,165.0,3.844149384966502,0,GGgrrrGGgrrr
1766,86,147.0,4.013194558369338,0,GGgrrrGGgrrr
1767,86,143.0,4.050427825125566,0,GGgrrrGGgrrr
1768,88,158.0,4.047023434632627,0,GGgrrrGGgrrr
1769,89,174.0,4.066275380206127,0,GGgrrrGGgrrr
1770,87,193.0,3.957363115410396,0,GGgrrrGGgrrr
1771,88,210.0,4.014722879608862,0,GGgrrrGGgrrr
1772,88,229.0,4.111161560662153,0,GGgrrrGGgrrr
1773,88,250.0,3.8948753983171644,0,GGgrrrGGgrrr
1774,88,273.0,3.8595112327761316,0,GGgrrrGGgrrr
1775,87,294.0,3.701178914037564,0,GGgrrrGGgrrr
1776,87,314.0,3.770312706236227,0,GGgrrrGGgrrr
1777,89,337.0,3.759509861892962,0,GGgrrrGGgrrr
1778,91,358.0,3.740731639454715,0,GGgrrrGGgrrr
1779,91,378.0,3.7696676004567187,0,GGgrrrGGgrrr
1780,91,405.0,3.82660206344993,1,yyyrrryyyrrr
1781,90,434.0,3.739960711790873,1,yyyrrryyyrrr
1782,91,460.0,3.726357656559642,1,yyyrrryyyrrr
1783,91,490.0,3.6469906067250166,2,rrrrrrrrrrrr
1784,93,522.0,3.4938058426226695,2,rrrrrrrrrrrr
1785,89,463.0,2.9660327457306255,3,rrrGGgrrrGGg
1786,89,438.0,2.9807907904827897,3,rrrGGgrrrGGg
1787,90,422.0,3.0501845729010824,3,rrrGGgrrrGGg
1788,90,417.0,3.151710560028074,3,rrrGGgrrrGGg
1789,91,401.0,3.187795480397887,3,rrrGGgrrrGGg
1790,91,392.0,3.159385547347412,3,rrrGGgrrrGGg
1791,92,384.0,3.067062351813053,3,rrrGGgrrrGGg
1792,94,387.0,3.0453016528279284,3,rrrGGgrrrGGg
1793,92,387.0,2.924041757976817,3,rrrGGgrrrGGg
1794,91,390.0,2.921739434172767,3,rrrGGgrrrGGg
1795,90,429.0,2.8915629935464704,3,rrrGGgrrrGGg
1796,88,438.0,2.7558153983485805,3,rrrGGgrrrGGg
1797,87,480.0,2.6097594405590296,3,rrrGGgrrrGGg
1798,87,487.0,2.690861086615473,3,rrrGGgrrrGGg
1799,88,527.0,2.7111638587450204,3,rrrGGgrrrGGg
1800,88,536.0,2.76094183368542,3,rrrGGgrrrGGg
1801,88,539.0,2.7869187634214563,3,rrrGGgrrrGGg
1802,88,557.0,2.87760897853566,3,rrrGGgrrrGGg
1803,90,575.0,2.742516774868785,3,rrrGGgrrrGGg
1804,89,573.0,2.7139251552982437,3,rrrGGgrrrGGg
1805,89,578.0,2.82265058006033,3,rrrGGgrrrGGg
1806,89,591.0,2.9704996142413513,3,rrrGGgrrrGGg
1807,89,620.0,2.9116876577010338,3,rrrGGgrrrGGg
1808,89,623.0,2.8780364242208196,3,rrrGGgrrrGGg
1809,89,636.0,2.971258317245095,3,rrrGGgrrrGGg
1810,89,649.0,2.8826820807293663,3,rrrGGgrrrGGg
1811,89,663.0,2.9844079038374907,3,rrrGGgrrrGGg
1812,89,677.0,2.9766733095279596,3,rrrGGgrrrGGg
1813,91,713.0,3.0425879046907953,3,rrrGGgrrrGGg
1814,91,721.0,3.198083838675769,3,rrrGGgrrrGGg
1815,91,741.0,3.342767997710092,4,rrryyyrrryyy
1816,91,755.0,3.4892551574022566,4,rrryyyrrryyy
1817,90,771.0,3.409733650992168,4,rrryyyrrryyy
1818,91,805.0,3.4106671335943184,5,rrrrrrrrrrrr
1819,91,808.0,3.2475699345803544,5,rrrrrrrrrrrr
1820,91,706.0,3.1374196074351617,0,GGgrrrGGgrrr
1821,90,656.0,3.1241619078996528,0,GGgrrrGGgrrr
1822,89,602.0,3.034566277215029,0,GGgrrrGGgrrr
1823,89,561.0,3.0689196619941543,0,GGgrrrGGgrrr
1824,89,515.0,3.2411616254556765,0,GGgrrrGGgrrr
1825,89,478.0,3.4080306337663417,0,GGgrrrGGgrrr
1826,91,510.0,3.3842320508490866,0,GGgrrrGGgrrr
1827,91,475.0,3.468813748353704,0,GGgrrrGGgrrr
1828,91,438.0,3.5536272686141834,0,GGgrrrGGgrrr
1829,90,407.0,3.3396534943016976,0,GGgrrrGGgrrr
1830,91,398.0,3.318179461051403,0,GGgrrrGGgrrr
1831,92,381.0,3.3540253343213795,0,GGgrrrGGgrrr
1832,92,399.0,3.4454971429778083,0,GGgrrrGGgrrr
1833,92,387.0,3.5122665847079806,0,GGgrrrGGgrrr
1834,93,381.0,3.326264092568109,0,GGgrrrGGgrrr
1835,91,362.0,3.117929863808769,0,GGgrrrGGgrrr
1836,91,342.0,3.1670601354205,0,GGgrrrGGgrrr
1837,91,323.0,3.1851850820652716,0,GGgrrrGGgrrr
1838,92,345.0,3.102954366405052,0,GGgrrrGGgrrr
1839,94,332.0,3.152241086268703,0,GGgrrrGGgrrr
1840,94,317.0,3.2560143000823354,0,GGgrrrGGgrrr
1841,93,304.0,3.276941056750675,0,GGgrrrGGgrrr
1842,93,305.0,3.379513064368288,0,GGgrrrGGgrrr
1843,94,320.0,3.501793021330612,0,GGgrrrGGgrrr
1844,93,332.0,3.380127010994094,0,GGgrrrGGgrrr
1845,94,344.0,3.458093617478511,0,GGgrrrGGgrrr
1846,93,357.0,3.418510163492294,0,GGgrrrGGgrrr
1847,93,378.0,3.4953701819547636,0,GGgrrrGGgrrr
1848,94,397.0,3.474933490074685,0,GGgrrrGGgrrr
1849,95,429.0,3.4182539304064123,0,GGgrrrGGgrrr
1850,97,453.0,3.3650041429442714,1,yyyrrryyyrrr
1851,96,482.0,3.298676563915729,1,yyyrrryyyrrr
1852,96,512.0,3.383746569904281,1,yyyrrryyyrrr
1853,96,544.0,3.361924350758235,2,rrrrrrrrrrrr
1854,95,569.0,3.0129818702465956,2,rrrrrrrrrrrr
1855,94,496.0,2.6596099611184814,3,rrrGGgrrrGGg
1856,94,462.0,2.6366678834041024,3,rrrGGgrrrGGg
1857,94,448.0,2.530820524375125,3,rrrGGgrrrGGg
1858,94,434.0,2.6012211654219266,3,rrrGGgrrrGGg
1859,95,433.0,2.6360830198237224,3,rrrGGgrrrGGg
1860,94,405.0,2.6469515815839704,3,rrrGGgrrrGGg
1861,95,399.0,2.7029879943888777,3,rrrGGgrrrGGg
1862,96,432.0,2.719695210194297,3,rrrGGgrrrGGg
1863,96,437.0,2.697622500676197,3,rrrGGgrrrGGg
1864,97,446.0,2.6398794927759104,3,rrrGGgrrrGGg
1865,97,458.0,2.623683047824599,3,rrrGGgrrrGGg
1866,97,464.0,2.5007050160494018,3,rrrGGgrrrGGg
1867,97,469.0,2.436653651615739,3,rrrGGgrrrGGg
1868,96,505.0,2.44790969976086,3,rrrGGgrrrGGg
1869,96,545.0,2.484107568825717,3,rrrGGgrrrGGg
1870,97,523.0,2.463580347729566,3,rrrGGgrrrGGg
1871,97,571.0,2.462470727823351,3,rrrGGgrrrGGg
1872,96,576.0,2.389840528811183,3,rrrGGgrrrGGg
1873,96,577.0,2.4496715619903946,3,rrrGGgrrrGGg
1874,95,597.0,2.3610007454716464,3,rrrGGgrrrGGg
1875,96,649.0,2.3906625421154772,3,rrrGGgrrrGGg
1876,97,670.0,2.4607976331510115,3,rrrGGgrrrGGg
1877,98,692.0,2.5585913210718148,3,rrrGGgrrrGGg
1878,98,700.0,2.7297553119443845,3,rrrGGgrrrGGg
1879,98,722.0,2.8456220390728024,3,rrrGGgrrrGGg
1880,99,744.0,2.8710252976625434,3,rrrGGgrrrGGg
1881,100,798.0,2.8609895518586272,3,rrrGGgrrrGGg
1882,100,822.0,2.882528283104214,3,rrrGGgrrrGGg
1883,100,802.0,2.9068309480351386,3,rrrGGgrrrGGg
1884,99,793.0,2.849665028804614,3,rrrGGgrrrGGg
1885,99,788.0,2.8651421608367906,4,rrryyyrrryyy
1886,99,793.0,2.7045315175979625,4,rrryyyrrryyy
1887,100,805.0,2.660413626638932,4,rrryyyrrryyy
1888,101,846.0,2.7112519139869473,5,rrrrrrrrrrrr
1889,101,869.0,2.6719533433098444,5,rrrrrrrrrrrr
1890,101,754.0,2.787867816153767,0,GGgrrrGGgrrr
1891,100,692.0,2.766181651194338,0,GGgrrrGGgrrr
1892,100,653.0,2.735966769128211,0,GGgrrrGGgrrr
1893,101,643.0,2.8055599219425744,0,GGgrrrGGgrrr
1894,101,645.0,2.9161023060388445,0,GGgrrrGGgrrr
1895,102,619.0,3.0369901634133853,0,GGgrrrGGgrrr
1896,102,592.0,3.1523617928924903,0,GGgrrrGGgrrr
1897,103,594.0,3.1701389161598983,0,GGgrrrGGgrrr
1898,102,565.0,3.110148510453932,0,GGgrrrGGgrrr
1899,103,573.0,3.093133665556064,0,GGgrrrGGgrrr
1900,101,524.0,2.9263838959629114,0,GGgrrrGGgrrr
1901,101,524.0,3.0045443287221705,0,GGgrrrGGgrrr
1902,101,555.0,2.9331660505076047,0,GGgrrrGGgrrr
1903,101,555.0,3.034823167772167,0,GGgrrrGGgrrr
1904,102,530.0,3.1000126611542007,0,GGgrrrGGgrrr
1905,103,516.0,3.1165840537178027,0,GGgrrrGGgrrr
1906,102,546.0,2.948305316790693,0,GGgrrrGGgrrr
1907,101,532.0,2.9637673785730136,0,GGgrrrGGgrrr
1908,102,512.0,3.04065538170708,0,GGgrrrGGgrrr
1909,101,526.0,3.0458109333522696,0,GGgrrrGGgrrr
1910,99,510.0,2.8287741090325733,0,GGgrrrGGgrrr
1911,97,535.0,2.665842222723911,0,GGgrrrGGgrrr
1912,97,506.0,2.7576534650002595,0,GGgrrrGGgrrr
1913,98,500.0,2.8239793069186776,0,GGgrrrGGgrrr
1914,99,513.0,2.8729203146802633,0,GGgrrrGGgrrr
1915,99,520.0,2.929802118185514,0,GGgrrrGGgrrr
1916,99,500.0,3.0589617869929655,0,GGgrrrGGgrrr
1917,100,494.0,3.142412082113521,0,GGgrrrGGgrrr
1918,101,503.0,3.22337110988801,0,GGgrrrGGgrrr
1919,101,526.0,3.3028750302955125,0,GGgrrrGGgrrr
1920,102,545.0,3.3089013114840085,1,yyyrrryyyrrr
1921,102,565.0,3.138783816707794,1,yyyrrryyyrrr
1922,102,614.0,3.145838493611365,1,yyyrrryyyrrr
1923,102,661.0,3.073395624407368,2,rrrrrrrrrrrr
1924,102,693.0,3.028167993269758,2,rrrrrrrrrrrr
1925,102,669.0,3.1330250039669925,3,rrrGGgrrrGGg
1926,103,626.0,3.192739091187356,3,rrrGGgrrrGGg
1927,102,582.0,3.1863238551970356,3,rrrGGgrrrGGg
1928,102,512.0,3.1296257952432867,3,rrrGGgrrrGGg
1929,102,482.0,3.2284523570264194,3,rrrGGgrrrGGg
1930,103,436.0,3.329223874749826,3,rrrGGgrrrGGg
1931,104,465.0,3.2630274099484726,3,rrrGGgrrrGGg
1932,104,454.0,3.33917592479874,3,rrrGGgrrrGGg
1933,102,452.0,3.0833265642900036,3,rrrGGgrrrGGg
1934,101,453.0,3.0975752782891735,3,rrrGGgrrrGGg
1935,101,481.0,3.259315651110166,3,rrrGGgrrrGGg
1936,101,519.0,3.3898238038814563,3,rrrGGgrrrGGg
1937,101,541.0,3.554315342715827,3,rrrGGgrrrGGg
1938,102,546.0,3.6230872955576676,3,rrrGGgrrrGGg
1939,102,550.0,3.4587235488430808,3,rrrGGgrrrGGg
1940,101,595.0,3.3317639076355983,3,rrrGGgrrrGGg
1941,102,645.0,3.306007533869488,3,rrrGGgrrrGGg
1942,101,635.0,3.2820364629620715,3,rrrGGgrrrGGg
1943,101,679.0,3.2230845286591636,3,rrrGGgrrrGGg
1944,100,728.0,3.1315494610391026,3,rrrGGgrrrGGg
1945,100,781.0,3.239184864088523,3,rrrGGgrrrGGg
1946,100,839.0,3.292794843488356,3,rrrGGgrrrGGg
1947,102,894.0,3.285011449389366,3,rrrGGgrrrGGg
1948,102,943.0,3.279835238805663,3,rrrGGgrrrGGg
1949,101,963.0,3.2481846986610305,3,rrrGGgrrrGGg
1950,101,1018.0,3.234073132828027,3,rrrGGgrrrGGg
1951,101,1072.0,3.1391679658847083,3,rrrGGgrrrGGg
1952,100,1127.0,3.099930153293826,3,rrrGGgrrrGGg
1953,101,1187.0,3.0672419064934084,3,rrrGGgrrrGGg
1954,101,1247.0,3.0832132135018755,3,rrrGGgrrrGGg
1955,101,1274.0,3.1635946244874646,4,rrryyyrrryyy
1956,102,1294.0,3.2580254403014157,4,rrryyyrrryyy
1957,102,1355.0,3.341138992726865,4,rrryyyrrryyy
1958,102,1416.0,3.1452926312515523,5,rrrrrrrrrrrr
1959,102,1479.0,3.2514207628163336,5,rrrrrrrrrrrr
1960,101,1409.0,3.144134335698933,0,GGgrrrGGgrrr
1961,101,1371.0,3.249689821321594,0,GGgrrrGGgrrr
1962,100,1304.0,3.234818753639244,0,GGgrrrGGgrrr
1963,101,1288.0,3.237313636219182,0,GGgrrrGGgrrr
1964,101,1292.0,3.1501646458670893,0,GGgrrrGGgrrr
1965,100,1306.0,3.1473051224825435,0,GGgrrrGGgrrr
1966,100,1321.0,3.096191900948644,0,GGgrrrGGgrrr
1967,99,1281.0,3.1168714290818333,0,GGgrrrGGgrrr
1968,99,1242.0,3.1376788437098035,0,GGgrrrGGgrrr
1969,99,1258.0,3.292212734156218,0,GGgrrrGGgrrr
1970,98,1271.0,3.283106048052914,0,GGgrrrGGgrrr
1971,100,1284.0,3.23413675065692,0,GGgrrrGGgrrr
1972,100,1333.0,3.2157701894916118,0,GGgrrrGGgrrr
1973,101,1334.0,3.0689776363081274,0,GGgrrrGGgrrr
1974,99,1340.0,2.946546440710812,0,GGgrrrGGgrrr
1975,99,1353.0,3.010716611122302,0,GGgrrrGGgrrr
1976,99,1402.0,3.1017219430381915,0,GGgrrrGGgrrr
1977,98,1419.0,3.037421484678948,0,GGgrrrGGgrrr
1978,97,1411.0,2.7838907124366137,0,GGgrrrGGgrrr
1979,97,1408.0,2.8409065147920587,0,GGgrrrGGgrrr
1980,96,1355.0,2.560865558024983,0,GGgrrrGGgrrr
1981,95,1338.0,2.544180914198627,0,GGgrrrGGgrrr
1982,96,1353.0,2.643227004420888,0,GGgrrrGGgrrr
1983,96,1368.0,2.7761086280658858,0,GGgrrrGGgrrr
1984,97,1383.0,2.7616433944542353,0,GGgrrrGGgrrr
1985,97,1400.0,2.9445488093619456,0,GGgrrrGGgrrr
1986,98,1446.0,2.9689836337718596,0,GGgrrrGGgrrr
1987,99,1463.0,2.9614655300701034,0,GGgrrrGGgrrr
1988,99,1412.0,3.0545390828261088,0,GGgrrrGGgrrr
1989,100,1458.0,3.164112166809728,0,GGgrrrGGgrrr
1990,100,1504.0,3.252029142548318,1,yyyrrryyyrrr
1991,100,1551.0,3.1117267310846604,1,yyyrrryyyrrr
1992,100,1598.0,3.138203474799567,1,yyyrrryyyrrr
1993,99,1647.0,3.093677952178797,2,rrrrrrrrrrrr
1994,100,1682.0,3.1413968375051295,2,rrrrrrrrrrrr
1995,99,1541.0,3.1531605292723017,3,rrrGGgrrrGGg
1996,100,1526.0,3.217106194800954,3,rrrGGgrrrGGg
1997,101,1538.0,3.2519716966154433,3,rrrGGgrrrGGg
1998,100,1550.0,3.311771670501261,3,rrrGGgrrrGGg
1999,102,1563.0,3.3418018756286694,3,rrrGGgrrrGGg
2000,101,1575.0,3.3345899566556607,3,rrrGGgrrrGGg
2001,101,1587.0,3.4431278493883046,3,rrrGGgrrrGGg
2002,102,1540.0,3.5019790360260243,3,rrrGGgrrrGGg
2003,101,1524.0,3.522617190523359,3,rrrGGgrrrGGg
2004,101,1542.0,3.4283944348834727,3,rrrGGgrrrGGg
2005,100,1561.0,3.263401195270886,3,rrrGGgrrrGGg
2006,100,1611.0,3.312079272200933,3,rrrGGgrrrGGg
2007,99,1630.0,3.1064857675142004,3,rrrGGgrrrGGg
2008,99,1644.0,3.1525295219981206,3,rrrGGgrrrGGg
2009,101,1558.0,3.1092168422169464,3,rrrGGgrrrGGg
2010,101,1573.0,3.11157812913833,3,rrrGGgrrrGGg
2011,100,1590.0,2.9916994627410727,3,rrrGGgrrrGGg
2012,101,1606.0,2.853799030084266,3,rrrGGgrrrGGg
2013,101,1623.0,2.9708686891252487,3,rrrGGgrrrGGg
2014,100,1653.0,2.7467628734030494,3,rrrGGgrrrGGg
2015,100,1687.0,2.7691620519705173,3,rrrGGgrrrGGg
2016,99,1730.0,2.698152892222991,3,rrrGGgrrrGGg
2017,98,1672.0,2.7022258908660777,3,rrrGGgrrrGGg
2018,98,1720.0,2.6829343832918044,3,rrrGGgrrrGGg
2019,100,1771.0,2.6793961798945,3,rrrGGgrrrGGg
2020,100,1825.0,2.7283625289512834,3,rrrGGgrrrGGg
2021,100,1880.0,2.766703426950404,3,rrrGGgrrrGGg
2022,100,1934.0,2.8522073663039422,3,rrrGGgrrrGGg
2023,101,1990.0,2.8346980865167093,3,rrrGGgrrrGGg
2024,102,1928.0,2.8556959336312366,3,rrrGGgrrrGGg
2025,103,1961.0,2.791445830260395,4,rrryyyrrryyy
2026,104,1993.0,2.791124225434876,4,rrryyyrrryyy
2027,104,2051.0,2.762625994851722,4,rrryyyrrryyy
2028,103,2109.0,2.6160556853196093,5,rrrrrrrrrrrr
2029,102,2170.0,2.264495009403666,5,rrrrrrrrrrrr
2030,101,2127.0,2.076862661755668,0,GGgrrrGGgrrr
2031,101,2086.0,2.122288866099732,0,GGgrrrGGgrrr
2032,101,2074.0,2.2165574278383033,0,GGgrrrGGgrrr
2033,102,1951.0,2.260121588083589,0,GGgrrrGGgrrr
2034,103,1957.0,2.2934238949154486,0,GGgrrrGGgrrr
2035,102,2004.0,2.3015179566826376,0,GGgrrrGGgrrr
2036,102,1989.0,2.381536751955967,0,GGgrrrGGgrrr
2037,102,1958.0,2.4837747473628564,0,GGgrrrGGgrrr
2038,101,1974.0,2.3793861533571743,0,GGgrrrGGgrrr
2039,103,1991.0,2.35728710019941,0,GGgrrrGGgrrr
2040,102,1988.0,2.3212380353182307,0,GGgrrrGGgrrr
2041,100,1864.0,2.1609110958350715,0,GGgrrrGGgrrr
2042,100,1911.0,2.2500236720128526,0,GGgrrrGGgrrr
2043,100,1932.0,2.164914843859307,0,GGgrrrGGgrrr
2044,101,1942.0,2.215820611081064,0,GGgrrrGGgrrr
2045,101,1981.0,2.3036432355617635,0,GGgrrrGGgrrr
2046,100,1977.0,2.2641827508022683,0,GGgrrrGGgrrr
2047,99,1985.0,2.249727259269454,0,GGgrrrGGgrrr
2048,99,1815.0,2.398288777705245,0,GGgrrrGGgrrr
2049,100,1827.0,2.5117260354751334,0,GGgrrrGGgrrr
2050,101,1836.0,2.475965685486891,0,GGgrrrGGgrrr
2051,101,1841.0,2.5882606962793786,0,GGgrrrGGgrrr
2052,102,1846.0,2.661965472112277,0,GGgrrrGGgrrr
2053,102,1851.0,2.717907724766642,0,GGgrrrGGgrrr
2054,102,1863.0,2.7398929243415355,0,GGgrrrGGgrrr
2055,103,1735.0,2.7418307105901,0,GGgrrrGGgrrr
2056,103,1754.0,2.810931340002799,0,GGgrrrGGgrrr
2057,104,1796.0,2.8540832448457545,0,GGgrrrGGgrrr
2058,105,1821.0,2.8936658110992464,0,GGgrrrGGgrrr
2059,105,1864.0,2.9081338380436037,0,GGgrrrGGgrrr
2060,105,1903.0,2.931336680148608,1,yyyrrryyyrrr
2061,106,1950.0,2.953180013907742,1,yyyrrryyyrrr
2062,107,1837.0,2.9563833181103543,1,yyyrrryyyrrr
2063,106,1891.0,2.8795563388805014,2,rrrrrrrrrrrr
2064,105,1940.0,2.8005539652368014,2,rrrrrrrrrrrr
2065,106,1894.0,2.687902636288208,3,rrrGGgrrrGGg
2066,106,1888.0,2.7183779821694696,3,rrrGGgrrrGGg
2067,107,1931.0,2.6842265137494734,3,rrrGGgrrrGGg
2068,107,1975.0,2.6584470203705055,3,rrrGGgrrrGGg
2069,104,1864.0,2.3981540510288486,3,rrrGGgrrrGGg
2070,105,1877.0,2.385837980979786,3,rrrGGgrrrGGg
2071,104,1857.0,2.3003973074514508,3,rrrGGgrrrGGg
2072,104,1912.0,2.258569477027563,3,rrrGGgrrrGGg
2073,104,1967.0,2.3418955494631555,3,rrrGGgrrrGGg
2074,104,2024.0,2.4462739809582783,3,rrrGGgrrrGGg
2075,102,2083.0,2.271445580988749,3,rrrGGgrrrGGg
2076,102,1958.0,2.2514278667038368,3,rrrGGgrrrGGg
2077,101,1985.0,2.261781383016386,3,rrrGGgrrrGGg
2078,101,2012.0,2.201705247724086,3,rrrGGgrrrGGg
2079,101,2037.0,2.2203958425272177,3,rrrGGgrrrGGg
2080,101,2064.0,2.2226993919934954,3,rrrGGgrrrGGg
2081,102,1978.0,2.2708859369964376,3,rrrGGgrrrGGg
2082,101,2002.0,2.059868738484572,3,rrrGGgrrrGGg
2083,103,1882.0,2.138775234053813,3,rrrGGgrrrGGg
2084,103,1910.0,2.2377859844847134,3,rrrGGgrrrGGg
2085,103,1936.0,2.346692335874139,3,rrrGGgrrrGGg
2086,103,1965.0,2.4841790524351803,3,rrrGGgrrrGGg
2087,103,1993.0,2.603748339713318,3,rrrGGgrrrGGg
2088,104,2019.0,2.716966010930871,3,rrrGGgrrrGGg
2089,105,2047.0,2.8083494086024086,3,rrrGGgrrrGGg
2090,104,2048.0,2.6905219438489776,3,rrrGGgrrrGGg
2091,104,2077.0,2.752003253317712,3,rrrGGgrrrGGg
2092,104,2018.0,2.8908721569525615,3,rrrGGgrrrGGg
2093,105,2073.0,3.0174457001695174,3,rrrGGgrrrGGg
2094,105,2073.0,3.1682422248063875,3,rrrGGgrrrGGg
2095,107,2099.0,3.3020388604157573,4,rrryyyrrryyy
2096,107,2125.0,3.3448533899898876,4,rrryyyrrryyy
2097,107,2150.0,3.41064881418002,4,rrryyyrrryyy
2098,107,2169.0,3.3899170087809614,5,rrrrrrrrrrrr
2099,108,2224.0,3.302569145633687,5,rrrrrrrrrrrr
2100,109,2177.0,3.2670033149408697,0,GGgrrrGGgrrr
2101,109,2177.0,3.263953573583559,0,GGgrrrGGgrrr
2102,106,2177.0,3.0971932947189433,0,GGgrrrGGgrrr
2103,106,1976.0,3.04807223027238,0,GGgrrrGGgrrr
2104,106,1934.0,3.0136753600251605,0,GGgrrrGGgrrr
2105,105,1952.0,2.9884552311361987,0,GGgrrrGGgrrr
2106,105,2009.0,2.8707767906036152,0,GGgrrrGGgrrr
2107,105,2031.0,2.928609683901558,0,GGgrrrGGgrrr
2108,106,2030.0,2.9550789236614534,0,GGgrrrGGgrrr
2109,106,1931.0,2.8746528746157245,0,GGgrrrGGgrrr
2110,106,1877.0,2.8781533654188842,0,GGgrrrGGgrrr
2111,105,1797.0,2.707690661758517,0,GGgrrrGGgrrr
2112,104,1776.0,2.6577251097934873,0,GGgrrrGGgrrr
2113,103,1719.0,2.572605435286402,0,GGgrrrGGgrrr
2114,103,1553.0,2.6115187533785895,0,GGgrrrGGgrrr
2115,102,1570.0,2.404353676906398,0,GGgrrrGGgrrr
2116,102,1578.0,2.3021531534670827,0,GGgrrrGGgrrr
2117,102,1587.0,2.3766996948443886,0,GGgrrrGGgrrr
2118,102,1628.0,2.495102257350265,0,GGgrrrGGgrrr
2119,100,1636.0,2.2896405380081264,0,GGgrrrGGgrrr
2120,100,1651.0,2.251458724719579,0,GGgrrrGGgrrr
2121,100,1617.0,2.1099949350778813,0,GGgrrrGGgrrr
2122,101,1437.0,2.17208607284323,0,GGgrrrGGgrrr
2123,101,1453.0,2.2296918236771672,0,GGgrrrGGgrrr
2124,102,1472.0,2.2785869762370354,0,GGgrrrGGgrrr
2125,102,1490.0,2.3802305939581783,0,GGgrrrGGgrrr
2126,103,1504.0,2.393760839740935,0,GGgrrrGGgrrr
2127,103,1552.0,2.4160801370102893,0,GGgrrrGGgrrr
2128,104,1567.0,2.402942687197971,0,GGgrrrGGgrrr
2129,104,1559.0,2.446601520520601,0,GGgrrrGGgrrr
2130,105,1554.0,2.4692822922771533,1,yyyrrryyyrrr
2131,105,1583.0,2.536508569086475,1,yyyrrryyyrrr
2132,105,1584.0,2.5638939042854862,1,yyyrrryyyrrr
2133,105,1573.0,2.4633453230843414,2,rrrrrrrrrrrr
2134,105,1620.0,2.5215479979300146,2,rrrrrrrrrrrr
2135,105,1577.0,2.4280361122988214,3,rrrGGgrrrGGg
2136,103,1545.0,2.231864081245665,3,rrrGGgrrrGGg
2137,102,1548.0,2.110952063278136,3,rrrGGgrrrGGg
2138,102,1542.0,2.1451592948371427,3,rrrGGgrrrGGg
2139,101,1504.0,2.085352696770559,3,rrrGGgrrrGGg
2140,100,1271.0,2.007003394412545,3,rrrGGgrrrGGg
2141,102,1240.0,1.9918358215183722,3,rrrGGgrrrGGg
2142,103,1018.0,2.0165522298549843,3,rrrGGgrrrGGg
2143,102,995.0,1.915783009302584,3,rrrGGgrrrGGg
2144,102,805.0,1.9080722042546239,3,rrrGGgrrrGGg
2145,101,817.0,1.8140705691040784,3,rrrGGgrrrGGg
2146,102,833.0,1.8617864232148402,3,rrrGGgrrrGGg
2147,102,813.0,1.9395210239179834,3,rrrGGgrrrGGg
2148,102,820.0,2.0297646486997962,3,rrrGGgrrrGGg
2149,102,866.0,2.141405349391909,3,rrrGGgrrrGGg
2150,103,879.0,2.2409156190193875,3,rrrGGgrrrGGg
2151,104,899.0,2.3326700560392313,3,rrrGGgrrrGGg
2152,104,916.0,2.4460219809863273,3,rrrGGgrrrGGg
2153,104,893.0,2.397184440460756,3,rrrGGgrrrGGg
2154,104,937.0,2.51822048213427,3,rrrGGgrrrGGg
2155,104,921.0,2.600052222801238,3,rrrGGgrrrGGg
2156,104,980.0,2.541745739641727,3,rrrGGgrrrGGg
2157,104,1024.0,2.6292768700359304,3,rrrGGgrrrGGg
2158,105,1054.0,2.7137724887158647,3,rrrGGgrrrGGg
2159,106,1094.0,2.7995732879553903,3,rrrGGgrrrGGg
2160,106,1096.0,2.869150013424222,3,rrrGGgrrrGGg
2161,107,1141.0,2.868236297574345,3,rrrGGgrrrGGg
2162,106,1127.0,2.8095089235441497,3,rrrGGgrrrGGg
2163,105,1170.0,2.8239570860538734,3,rrrGGgrrrGGg
2164,105,1180.0,2.852567741670495,3,rrrGGgrrrGGg
2165,105,1159.0,2.8386131706509548,4,rrryyyrrryyy
2166,106,1200.0,2.881366205933597,4,rrryyyrrryyy
2167,106,1208.0,2.931237435898509,4,rrryyyrrryyy
2168,105,1253.0,2.8536083840098985,5,rrrrrrrrrrrr
2169,105,982.0,2.795949783900356,5,rrrrrrrrrrrr
2170,104,923.0,2.790604243660613,0,GGgrrrGGgrrr
2171,104,866.0,2.7640025548057356,0,GGgrrrGGgrrr
2172,104,828.0,2.7804216327880713,0,GGgrrrGGgrrr
2173,103,805.0,2.6895659054116816,0,GGgrrrGGgrrr
2174,105,808.0,2.6656148972382208,0,GGgrrrGGgrrr
2175,105,813.0,2.7545748675358186,0,GGgrrrGGgrrr
2176,104,818.0,2.7421818442724133,0,GGgrrrGGgrrr
2177,104,859.0,2.8562105462639056,0,GGgrrrGGgrrr
2178,103,877.0,2.8874310785286306,0,GGgrrrGGgrrr
2179,103,862.0,2.859727851486025,0,GGgrrrGGgrrr
2180,104,876.0,2.8830691608064782,0,GGgrrrGGgrrr
2181,102,880.0,2.8208785587821965,0,GGgrrrGGgrrr
2182,101,778.0,2.8267913190340734,0,GGgrrrGGgrrr
2183,99,811.0,2.7358135585317904,0,GGgrrrGGgrrr
2184,99,809.0,2.7505995738275923,0,GGgrrrGGgrrr
2185,99,822.0,2.7095586632671167,0,GGgrrrGGgrrr
2186,99,717.0,2.7681358502987377,0,GGgrrrGGgrrr
2187,100,680.0,2.788000694277094,0,GGgrrrGGgrrr
2188,101,679.0,2.847577471926543,0,GGgrrrGGgrrr
2189,101,677.0,2.8172000802546777,0,GGgrrrGGgrrr
2190,100,676.0,2.747416399489264,0,GGgrrrGGgrrr
2191,99,607.0,2.814855283183025,0,GGgrrrGGgrrr
2192,99,546.0,2.942125366081335,0,GGgrrrGGgrrr
2193,100,558.0,3.045015408038054,0,GGgrrrGGgrrr
2194,102,567.0,3.0901698095673984,0,GGgrrrGGgrrr
2195,102,571.0,3.143689878121972,0,GGgrrrGGgrrr
2196,102,610.0,3.237840792788995,0,GGgrrrGGgrrr
2197,102,653.0,3.2631296178832416,0,GGgrrrGGgrrr
2198,102,667.0,3.2195517063992427,0,GGgrrrGGgrrr
2199,103,679.0,3.2103917015665413,0,GGgrrrGGgrrr
2200,103,696.0,3.2047797133516878,1,yyyrrryyyrrr
2201,102,710.0,3.129042583892978,1,yyyrrryyyrrr
2202,101,754.0,2.882935340986873,1,yyyrrryyyrrr
2203,101,768.0,2.8891401704895507,2,rrrrrrrrrrrr
2204,102,784.0,2.7217273866469305,2,rrrrrrrrrrrr
2205,102,706.0,2.664596400540728,3,rrrGGgrrrGGg
2206,101,659.0,2.6180443938067337,3,rrrGGgrrrGGg
2207,102,634.0,2.6462146356941694,3,rrrGGgrrrGGg
2208,101,603.0,2.627712272806251,3,rrrGGgrrrGGg
2209,99,609.0,2.4858791347707716,3,rrrGGgrrrGGg
2210,100,604.0,2.5502266809911798,3,rrrGGgrrrGGg
2211,100,506.0,2.506959285086944,3,rrrGGgrrrGGg
2212,101,515.0,2.4927249169762415,3,rrrGGgrrrGGg
2213,99,519.0,2.293514083157209,3,rrrGGgrrrGGg
2214,98,527.0,2.241466210737855,3,rrrGGgrrrGGg
2215,97,540.0,2.13972086896803,3,rrrGGgrrrGGg
2216,98,527.0,2.1805969334573807,3,rrrGGgrrrGGg
2217,98,506.0,2.2985803166448986,3,rrrGGgrrrGGg
2218,98,502.0,2.093719488086206,3,rrrGGgrrrGGg
2219,98,512.0,2.1922253989749128,3,rrrGGgrrrGGg
2220,98,522.0,2.2830450274613434,3,rrrGGgrrrGGg
2221,98,535.0,2.3624514151174623,3,rrrGGgrrrGGg
2222,99,578.0,2.4452704251365094,3,rrrGGgrrrGGg
2223,99,589.0,2.576361295560974,3,rrrGGgrrrGGg
2224,100,602.0,2.6768475998471057,3,rrrGGgrrrGGg
2225,100,616.0,2.7601818393031214,3,rrrGGgrrrGGg
2226,100,659.0,2.6520463797754132,3,rrrGGgrrrGGg
2227,101,636.0,2.689705413606743,3,rrrGGgrrrGGg
2228,101,617.0,2.769724690330097,3,rrrGGgrrrGGg
2229,100,629.0,2.770271702634213,3,rrrGGgrrrGGg
2230,100,640.0,2.851622192238823,3,rrrGGgrrrGGg
2231,100,652.0,2.9044428173855055,3,rrrGGgrrrGGg
2232,101,664.0,2.9434511369140894,3,rrrGGgrrrGGg
2233,101,678.0,3.066664476469314,3,rrrGGgrrrGGg
2234,101,673.0,3.2122351859753424,3,rrrGGgrrrGGg
2235,102,656.0,3.288803072702268,4,rrryyyrrryyy
2236,104,671.0,3.260370450271189,4,rrryyyrrryyy
2237,105,712.0,3.2462334238622628,4,rrryyyrrryyy
2238,105,755.0,3.312923568371562,5,rrrrrrrrrrrr
2239,105,769.0,3.37583625636713,5,rrrrrrrrrrrr
2240,102,692.0,3.200622065322195,0,GGgrrrGGgrrr
2241,103,638.0,3.223741852756291,0,GGgrrrGGgrrr
2242,103,641.0,3.1395381166378655,0,GGgrrrGGgrrr
2243,103,643.0,3.186327619599762,0,GGgrrrGGgrrr
2244,102,588.0,3.1716524153265344,0,GGgrrrGGgrrr
2245,102,591.0,3.2776709900982195,0,GGgrrrGGgrrr
2246,100,614.0,3.168548499243095,0,GGgrrrGGgrrr
2247,101,606.0,3.227819406914354,0,GGgrrrGGgrrr
2248,100,611.0,3.249810811428239,0,GGgrrrGGgrrr
2249,101,567.0,3.305922441401092,0,GGgrrrGGgrrr
2250,101,567.0,3.372569380416384,0,GGgrrrGGgrrr
2251,100,607.0,3.31386623374349,0,GGgrrrGGgrrr
2252,99,572.0,3.071213369175946,0,GGgrrrGGgrrr
2253,99,562.0,3.1247577116933254,0,GGgrrrGGgrrr
2254,98,562.0,3.137273682100035,0,GGgrrrGGgrrr
2255,99,561.0,3.1483458400613475,0,GGgrrrGGgrrr
2256,99,562.0,3.2458603513849877,0,GGgrrrGGgrrr
2257,99,566.0,3.167311551889274,0,GGgrrrGGgrrr
2258,98,571.0,3.0323567888197047,0,GGgrrrGGgrrr
2259,97,576.0,2.9854209201380524,0,GGgrrrGGgrrr
2260,99,614.0,2.9738231940743054,0,GGgrrrGGgrrr
2261,99,618.0,3.0212922504645507,0,GGgrrrGGgrrr
2262,100,621.0,3.0455327748984695,0,GGgrrrGGgrrr
2263,100,626.0,3.111466287473608,0,GGgrrrGGgrrr
2264,100,662.0,3.2244525065686536,0,GGgrrrGGgrrr
2265,103,667.0,3.1457773311416,0,GGgrrrGGgrrr
2266,103,673.0,3.204863500390695,0,GGgrrrGGgrrr
2267,103,711.0,3.259724202475751,0,GGgrrrGGgrrr
2268,104,714.0,3.3019021343834205,0,GGgrrrGGgrrr
2269,104,719.0,3.3937939859414104,0,GGgrrrGGgrrr
2270,106,724.0,3.4327291037911816,1,yyyrrryyyrrr
2271,105,730.0,3.377724283418924,1,yyyrrryyyrrr
2272,106,736.0,3.3866286996646338,1,yyyrrryyyrrr
2273,106,746.0,3.3060036207484664,2,rrrrrrrrrrrr
2274,105,784.0,3.113919712777235,2,rrrrrrrrrrrr
2275,103,692.0,2.9587678896242844,3,rrrGGgrrrGGg
2276,103,623.0,2.9945846121647794,3,rrrGGgrrrGGg
2277,104,570.0,2.830505656965414,3,rrrGGgrrrGGg
2278,105,531.0,2.8407712146576163,3,rrrGGgrrrGGg
2279,105,501.0,2.8881201440938162,3,rrrGGgrrrGGg
2280,105,505.0,2.8896577001019135,3,rrrGGgrrrGGg
2281,105,476.0,2.8202897452855398,3,rrrGGgrrrGGg
2282,105,469.0,2.4963297231091803,3,rrrGGgrrrGGg
2283,106,472.0,2.4819430072209214,3,rrrGGgrrrGGg
2284,106,510.0,2.4491843071234056,3,rrrGGgrrrGGg
2285,106,523.0,2.4463615104178382,3,rrrGGgrrrGGg
2286,106,531.0,2.3187054563908776,3,rrrGGgrrrGGg
2287,106,541.0,2.2985446510581378,3,rrrGGgrrrGGg
2288,107,554.0,2.3394581374351238,3,rrrGGgrrrGGg
2289,107,570.0,2.398297532858284,3,rrrGGgrrrGGg
2290,109,589.0,2.4092822599205466,3,rrrGGgrrrGGg
2291,109,638.0,2.480715719123453,3,rrrGGgrrrGGg
2292,108,641.0,2.477358081749765,3,rrrGGgrrrGGg
2293,108,665.0,2.3608088312465116,3,rrrGGgrrrGGg
2294,108,686.0,2.3906982243053387,3,rrrGGgrrrGGg
2295,109,705.0,2.3838536197578932,3,rrrGGgrrrGGg
2296,107,722.0,2.134874787599932,3,rrrGGgrrrGGg
2297,107,751.0,2.1299289376337622,3,rrrGGgrrrGGg
2298,106,778.0,2.088399219517335,3,rrrGGgrrrGGg
2299,106,810.0,2.1645981543273294,3,rrrGGgrrrGGg
2300,106,869.0,2.207264891806732,3,rrrGGgrrrGGg
2301,106,898.0,2.2333986388458236,3,rrrGGgrrrGGg
2302,107,939.0,2.2332168998934643,3,rrrGGgrrrGGg
2303,107,943.0,2.1055116174848423,3,rrrGGgrrrGGg
2304,107,953.0,2.1122900330794097,3,rrrGGgrrrGGg
2305,108,957.0,2.1380745673583,4,rrryyyrrryyy
2306,108,974.0,2.1741300001749053,4,rrryyyrrryyy
2307,110,1020.0,2.159212707482452,4,rrryyyrrryyy
2308,110,1033.0,2.1534181006012125,5,rrrrrrrrrrrr
2309,110,1095.0,1.9926630794498335,5,rrrrrrrrrrrr
2310,109,1023.0,1.9270432412026954,0,GGgrrrGGgrrr
2311,107,952.0,1.7863082864767648,0,GGgrrrGGgrrr
2312,108,933.0,1.8087919513486763,0,GGgrrrGGgrrr
2313,108,886.0,1.8235418318494852,0,GGgrrrGGgrrr
2314,107,882.0,1.729519786603708,0,GGgrrrGGgrrr
2315,106,855.0,1.646119822636373,0,GGgrrrGGgrrr
2316,107,880.0,1.674584793510114,0,GGgrrrGGgrrr
2317,110,884.0,1.6853874226318382,0,GGgrrrGGgrrr
2318,110,944.0,1.7652167712688196,0,GGgrrrGGgrrr
2319,108,799.0,1.6577138534628497,0,GGgrrrGGgrrr
2320,109,785.0,1.7516818358435435,0,GGgrrrGGgrrr
2321,108,763.0,1.8014411514711501,0,GGgrrrGGgrrr
2322,109,773.0,1.9143730940444459,0,GGgrrrGGgrrr
2323,110,796.0,1.9547546987014748,0,GGgrrrGGgrrr
2324,110,842.0,1.926296959456588,0,GGgrrrGGgrrr
2325,110,847.0,2.047113095387552,0,GGgrrrGGgrrr
2326,110,878.0,2.150193551021045,0,GGgrrrGGgrrr
2327,112,910.0,2.1939292026529835,0,GGgrrrGGgrrr
2328,112,901.0,2.3014503158996993,0,GGgrrrGGgrrr
2329,113,927.0,2.3688881323676636,0,GGgrrrGGgrrr
2330,113,940.0,2.430571505190654,0,GGgrrrGGgrrr
2331,112,891.0,2.4283382765543107,0,GGgrrrGGgrrr
2332,115,936.0,2.4192849333021993,0,GGgrrrGGgrrr
2333,115,976.0,2.529851814556602,0,GGgrrrGGgrrr
2334,114,949.0,2.5399914880311756,0,GGgrrrGGgrrr
2335,113,1005.0,2.517485377763817,0,GGgrrrGGgrrr
2336,113,1011.0,2.5663498296761205,0,GGgrrrGGgrrr
2337,115,1052.0,2.598801828587761,0,GGgrrrGGgrrr
2338,115,1062.0,2.639589665333331,0,GGgrrrGGgrrr
2339,115,1068.0,2.6518081784169185,0,GGgrrrGGgrrr
2340,115,1077.0,2.751104269979263,1,yyyrrryyyrrr
2341,116,1088.0,2.7861766955669767,1,yyyrrryyyrrr
2342,117,1110.0,2.845597825670582,1,yyyrrryyyrrr
2343,116,1060.0,2.8356846461081404,2,rrrrrrrrrrrr
2344,116,1118.0,2.831181891139764,2,rrrrrrrrrrrr
2345,116,1067.0,2.9339180841258057,3,rrrGGgrrrGGg
2346,117,1011.0,3.027889621353308,3,rrrGGgrrrGGg
2347,117,977.0,3.0545557430112513,3,rrrGGgrrrGGg
2348,117,926.0,3.1163943284361713,3,rrrGGgrrrGGg
2349,119,933.0,3.1291780323932303,3,rrrGGgrrrGGg
2350,117,934.0,3.001499550887063,3,rrrGGgrrrGGg
2351,116,939.0,2.922844922288478,3,rrrGGgrrrGGg
2352,117,985.0,2.926218730621156,3,rrrGGgrrrGGg
2353,117,997.0,2.9209728741190832,3,rrrGGgrrrGGg
2354,117,1011.0,2.777438389630838,3,rrrGGgrrrGGg
2355,116,1064.0,2.6856163662226207,3,rrrGGgrrrGGg
2356,116,1082.0,2.573123966597712,3,rrrGGgrrrGGg
2357,117,1104.0,2.5747337878616277,3,rrrGGgrrrGGg
2358,118,1159.0,2.643409403953812,3,rrrGGgrrrGGg
2359,118,1215.0,2.64763990356303,3,rrrGGgrrrGGg
2360,117,1260.0,2.6431973995795524,3,rrrGGgrrrGGg
2361,116,1231.0,2.58857719121832,3,rrrGGgrrrGGg
2362,116,1287.0,2.5515315709151056,3,rrrGGgrrrGGg
2363,117,1344.0,2.5878843748426648,3,rrrGGgrrrGGg
2364,117,1401.0,2.514077242976698,3,rrrGGgrrrGGg
2365,117,1441.0,2.560608323522623,3,rrrGGgrrrGGg
2366,117,1489.0,2.677597277080311,3,rrrGGgrrrGGg
2367,117,1508.0,2.7786274482966435,3,rrrGGgrrrGGg
2368,119,1477.0,2.778777981999371,3,rrrGGgrrrGGg
2369,120,1509.0,2.8128919889214488,3,rrrGGgrrrGGg
2370,121,1550.0,2.8588057731223846,3,rrrGGgrrrGGg
2371,120,1596.0,2.906243044054576,3,rrrGGgrrrGGg
2372,120,1644.0,3.035256579406656,3,rrrGGgrrrGGg
2373,121,1690.0,3.109250971148155,3,rrrGGgrrrGGg
2374,120,1672.0,3.0830396210821367,3,rrrGGgrrrGGg
2375,120,1664.0,3.0533043883567,4,rrryyyrrryyy
2376,119,1657.0,2.9767461929652064,4,rrryyyrrryyy
2377,119,1720.0,2.9870956745486246,4,rrryyyrrryyy
2378,120,1787.0,2.9162418819780784,5,rrrrrrrrrrrr
2379,120,1851.0,2.9290658498644495,5,rrrrrrrrrrrr
2380,121,1833.0,2.981178968545078,0,GGgrrrGGgrrr
2381,120,1847.0,2.9815922344896846,0,GGgrrrGGgrrr
2382,121,1840.0,3.011193920147182,0,GGgrrrGGgrrr
2383,122,1845.0,2.875668156336234,0,GGgrrrGGgrrr
2384,122,1856.0,2.8104118034052634,0,GGgrrrGGgrrr
2385,122,1872.0,2.8015200803725437,0,GGgrrrGGgrrr
2386,120,1890.0,2.632602854328933,0,GGgrrrGGgrrr
2387,119,1925.0,2.5307071455553505,0,GGgrrrGGgrrr
2388,118,1959.0,2.099501291274861,0,GGgrrrGGgrrr
2389,117,2019.0,1.9876215822779686,0,GGgrrrGGgrrr
2390,117,2060.0,2.043505565551937,0,GGgrrrGGgrrr
2391,117,2088.0,2.0801302360182357,0,GGgrrrGGgrrr
2392,117,2063.0,1.9493073797822889,0,GGgrrrGGgrrr
2393,119,2110.0,1.8917398918005803,0,GGgrrrGGgrrr
2394,120,2160.0,1.885197175376671,0,GGgrrrGGgrrr
2395,118,2204.0,1.7956801733204626,0,GGgrrrGGgrrr
2396,118,2238.0,1.872361828542663,0,GGgrrrGGgrrr
2397,118,2274.0,1.8133467528628464,0,GGgrrrGGgrrr
2398,119,2225.0,1.8551789228267845,0,GGgrrrGGgrrr
2399,119,2276.0,1.9370560334134703,0,GGgrrrGGgrrr
2400,118,2328.0,1.865041878086455,0,GGgrrrGGgrrr
2401,116,2381.0,1.6625193087105543,0,GGgrrrGGgrrr
2402,118,2432.0,1.6765874747961624,0,GGgrrrGGgrrr
2403,119,2488.0,1.7859969416612167,0,GGgrrrGGgrrr
2404,119,2504.0,1.849167131714199,0,GGgrrrGGgrrr
2405,120,2545.0,1.8679764784418067,0,GGgrrrGGgrrr
2406,120,2586.0,1.9150553041931915,0,GGgrrrGGgrrr
2407,120,2671.0,1.9586617687100065,0,GGgrrrGGgrrr
2408,122,2725.0,2.0015278398744067,0,GGgrrrGGgrrr
2409,122,2741.0,2.0656300279248123,0,GGgrrrGGgrrr
2410,122,2637.0,2.077448635417539,1,yyyrrryyyrrr
2411,122,2531.0,2.099166193739465,1,yyyrrryyyrrr
2412,122,2543.0,2.107220518202041,1,yyyrrryyyrrr
2413,124,2525.0,2.0578482405931933,2,rrrrrrrrrrrr
2414,123,2526.0,2.0708864706217605,2,rrrrrrrrrrrr
2415,124,2436.0,2.135007298261884,3,rrrGGgrrrGGg
2416,123,2406.0,2.1071725174790825,3,rrrGGgrrrGGg
2417,122,2427.0,2.1428351845236286,3,rrrGGgrrrGGg
2418,124,2393.0,2.188793737794492,3,rrrGGgrrrGGg
2419,125,2384.0,2.25372239821884,3,rrrGGgrrrGGg
2420,125,2385.0,2.3109987733086848,3,rrrGGgrrrGGg
2421,124,2400.0,2.325880452910929,3,rrrGGgrrrGGg
2422,124,2435.0,2.356850342267095,3,rrrGGgrrrGGg
2423,122,2356.0,2.1938938032343582,3,rrrGGgrrrGGg
2424,122,2378.0,2.1643535372382474,3,rrrGGgrrrGGg
2425,122,2396.0,2.1123870162127547,3,rrrGGgrrrGGg
2426,123,2414.0,2.1161915638538717,3,rrrGGgrrrGGg
2427,123,2434.0,2.122121305465759,3,rrrGGgrrrGGg
2428,125,2487.0,2.0931252310624173,3,rrrGGgrrrGGg
2429,124,2478.0,2.0812612270199082,3,rrrGGgrrrGGg
2430,125,2517.0,2.160393414514026,3,rrrGGgrrrGGg
2431,126,2450.0,2.1833704415916655,3,rrrGGgrrrGGg
2432,126,2498.0,2.2487931025552785,3,rrrGGgrrrGGg
2433,126,2552.0,2.2507705838776966,3,rrrGGgrrrGGg
2434,125,2623.0,2.169808354554564,3,rrrGGgrrrGGg
2435,126,2677.0,2.2074443837590314,3,rrrGGgrrrGGg
2436,126,2707.0,2.257324308350785,3,rrrGGgrrrGGg
2437,126,2642.0,2.3418135051723667,3,rrrGGgrrrGGg
2438,128,2550.0,2.3451962249698077,3,rrrGGgrrrGGg
2439,127,2622.0,2.2191794192998633,3,rrrGGgrrrGGg
2440,128,2678.0,2.1704352010903967,3,rrrGGgrrrGGg
2441,128,2738.0,2.231640823550235,3,rrrGGgrrrGGg
2442,127,2768.0,2.2219064739851313,3,rrrGGgrrrGGg
2443,128,2673.0,2.223246982662584,3,rrrGGgrrrGGg
2444,128,2616.0,2.2206145999531075,3,rrrGGgrrrGGg
2445,130,2361.0,2.2505485778878636,4,rrryyyrrryyy
2446,130,2260.0,2.330849800662602,4,rrryyyrrryyy
2447,129,2280.0,2.208603337075308,4,rrryyyrrryyy
2448,130,2324.0,2.2654753293573076,5,rrrrrrrrrrrr
2449,129,2376.0,2.2688848059401057,5,rrrrrrrrrrrr
2450,131,2335.0,2.3395651208480506,0,GGgrrrGGgrrr
2451,130,2295.0,2.28461168760541,0,GGgrrrGGgrrr
2452,130,2285.0,2.263776890136345,0,GGgrrrGGgrrr
2453,130,2292.0,2.189712273551243,0,GGgrrrGGgrrr
2454,129,2324.0,2.1751867488917043,0,GGgrrrGGgrrr
2455,130,2373.0,2.247522856478498,0,GGgrrrGGgrrr
2456,130,2391.0,2.214261919058705,0,GGgrrrGGgrrr
2457,131,2420.0,2.2538801225582428,0,GGgrrrGGgrrr
2458,131,2455.0,2.167225557844892,0,GGgrrrGGgrrr
2459,131,2495.0,2.1638958208647843,0,GGgrrrGGgrrr
2460,131,2359.0,2.1668175400390615,0,GGgrrrGGgrrr
2461,132,2169.0,2.063692390349576,0,GGgrrrGGgrrr
2462,133,2211.0,2.0823746748129053,0,GGgrrrGGgrrr
2463,131,2238.0,1.934531844029163,0,GGgrrrGGgrrr
2464,130,2268.0,1.8734184687543212,0,GGgrrrGGgrrr
2465,130,2337.0,1.9206186047173206,0,GGgrrrGGgrrr
2466,130,2406.0,1.9636513730169651,0,GGgrrrGGgrrr
2467,130,2414.0,2.0182702836752737,0,GGgrrrGGgrrr
2468,131,2456.0,1.9538482395789951,0,GGgrrrGGgrrr
2469,131,2312.0,2.040247372866776,0,GGgrrrGGgrrr
2470,131,2353.0,2.097350183017392,0,GGgrrrGGgrrr
2471,131,2428.0,2.1891832463646286,0,GGgrrrGGgrrr
2472,130,2472.0,2.1870101452325,0,GGgrrrGGgrrr
2473,130,2516.0,2.2897698385727945,0,GGgrrrGGgrrr
2474,132,2564.0,2.363874742848888,0,GGgrrrGGgrrr
2475,133,2646.0,2.40575505536975,0,GGgrrrGGgrrr
2476,134,2505.0,2.4586994890787897,0,GGgrrrGGgrrr
2477,133,2557.0,2.4387616557725535,0,GGgrrrGGgrrr
2478,133,2595.0,2.5345921318439526,0,GGgrrrGGgrrr
2479,133,2680.0,2.582949046420696,0,GGgrrrGGgrrr
2480,132,2736.0,2.480462142281441,1,yyyrrryyyrrr
2481,133,2783.0,2.483307469456287,1,yyyrrryyyrrr
2482,133,2816.0,2.4951013000838476,1,yyyrrryyyrrr
2483,131,2884.0,2.3323010304566627,2,rrrrrrrrrrrr
2484,132,2702.0,2.3787614948794884,2,rrrrrrrrrrrr
2485,130,2621.0,2.310008905981376,3,rrrGGgrrrGGg
2486,129,2594.0,2.2669696766242917,3,rrrGGgrrrGGg
2487,130,2583.0,2.2485330874872704,3,rrrGGgrrrGGg
2488,131,2619.0,2.2578654600009656,3,rrrGGgrrrGGg
2489,130,2517.0,2.1566985792318456,3,rrrGGgrrrGGg
2490,130,2545.0,2.250543532570205,3,rrrGGgrrrGGg
2491,129,2538.0,2.168143101532637,3,rrrGGgrrrGGg
2492,128,2562.0,2.0871947941977043,3,rrrGGgrrrGGg
2493,128,2546.0,2.097385244312621,3,rrrGGgrrrGGg
2494,129,2315.0,1.9868394622373982,3,rrrGGgrrrGGg
2495,129,2320.0,2.0379545353070214,3,rrrGGgrrrGGg
2496,128,2348.0,2.0182474640408476,3,rrrGGgrrrGGg
2497,127,2375.0,2.014134074486989,3,rrrGGgrrrGGg
2498,128,2429.0,2.051048074869105,3,rrrGGgrrrGGg
2499,130,2455.0,2.0837671488456557,3,rrrGGgrrrGGg
2500,128,2365.0,1.9987183582267074,3,rrrGGgrrrGGg
2501,128,2158.0,2.115792569281038,3,rrrGGgrrrGGg
2502,127,2217.0,2.1542810175600247,3,rrrGGgrrrGGg
2503,126,2261.0,2.2337083259115924,3,rrrGGgrrrGGg
2504,127,2278.0,2.3357987377351384,3,rrrGGgrrrGGg
2505,126,2299.0,2.292600437950746,3,rrrGGgrrrGGg
2506,125,2328.0,2.1272141359142758,3,rrrGGgrrrGGg
2507,125,2344.0,2.15715279821247,3,rrrGGgrrrGGg
2508,125,2363.0,2.189738750031756,3,rrrGGgrrrGGg
2509,126,2175.0,2.21925821060317,3,rrrGGgrrrGGg
2510,127,2190.0,2.1856388333492753,3,rrrGGgrrrGGg
2511,128,2242.0,2.2420183190365357,3,rrrGGgrrrGGg
2512,128,2297.0,2.306270179373905,3,rrrGGgrrrGGg
2513,128,2351.0,2.364652712385202,3,rrrGGgrrrGGg
2514,128,2407.0,2.4331297221416293,3,rrrGGgrrrGGg
2515,129,2467.0,2.454878202283465,4,rrryyyrrryyy
2516,129,2525.0,2.5293841399768304,4,rrryyyrrryyy
2517,130,2590.0,2.5859151512069376,4,rrryyyrrryyy
2518,129,2653.0,2.5415903667580495,5,rrrrrrrrrrrr
2519,129,2469.0,2.4135784160914713,5,rrrrrrrrrrrr
2520,129,2360.0,2.2724630795387792,0,GGgrrrGGgrrr
2521,129,2375.0,2.2542120520571713,0,GGgrrrGGgrrr
2522,129,2325.0,2.191897571708276,0,GGgrrrGGgrrr
2523,129,2337.0,2.2694596719462927,0,GGgrrrGGgrrr
2524,130,2353.0,2.3446698185044466,0,GGgrrrGGgrrr
2525,130,2372.0,2.4326295929909914,0,GGgrrrGGgrrr
2526,130,2392.0,2.420014636115661,0,GGgrrrGGgrrr
2527,129,2194.0,2.3909588929834267,0,GGgrrrGGgrrr
2528,128,2211.0,2.3759795276457885,0,GGgrrrGGgrrr
2529,130,2244.0,2.4032265429116926,0,GGgrrrGGgrrr
2530,128,2273.0,2.272132893687113,0,GGgrrrGGgrrr
2531,128,2307.0,2.134970935515799,0,GGgrrrGGgrrr
2532,128,2342.0,2.1328382818519405,0,GGgrrrGGgrrr
2533,127,2380.0,2.0568112187188805,0,GGgrrrGGgrrr
2534,127,2438.0,1.9919461719519076,0,GGgrrrGGgrrr
2535,126,2462.0,1.8868862410218574,0,GGgrrrGGgrrr
2536,126,2213.0,1.9033655013061779,0,GGgrrrGGgrrr
2537,124,2245.0,1.7037891193825405,0,GGgrrrGGgrrr
2538,124,2284.0,1.7651314841122214,0,GGgrrrGGgrrr
2539,125,2357.0,1.7786212825014263,0,GGgrrrGGgrrr
2540,124,2398.0,1.7059321971065626,0,GGgrrrGGgrrr
2541,125,2348.0,1.6627336826809005,0,GGgrrrGGgrrr
2542,124,2306.0,1.5775472210968735,0,GGgrrrGGgrrr
2543,125,2346.0,1.6053464476138817,0,GGgrrrGGgrrr
2544,126,2389.0,1.615507832064048,0,GGgrrrGGgrrr
2545,126,2434.0,1.66369416897471,0,GGgrrrGGgrrr
2546,126,2186.0,1.7277647408581602,0,GGgrrrGGgrrr
2547,126,2146.0,1.7852386699582778,0,GGgrrrGGgrrr
2548,126,2040.0,1.8433787719291312,0,GGgrrrGGgrrr
2549,127,1996.0,1.889869361169866,0,GGgrrrGGgrrr
2550,127,2041.0,1.926933854077335,1,yyyrrryyyrrr
2551,127,2088.0,1.8358764869967243,1,yyyrrryyyrrr
2552,127,2133.0,1.841154206664768,1,yyyrrryyyrrr
2553,126,2185.0,1.75691051516294,2,rrrrrrrrrrrr
2554,128,2235.0,1.7498834456850691,2,rrrrrrrrrrrr
2555,126,2219.0,1.6156080475067889,3,rrrGGgrrrGGg
2556,127,1911.0,1.7093600236288322,3,rrrGGgrrrGGg
2557,127,1904.0,1.7872259527058514,3,rrrGGgrrrGGg
2558,127,1884.0,1.8931707081125013,3,rrrGGgrrrGGg
2559,128,1840.0,1.9987787348756771,3,rrrGGgrrrGGg
2560,127,1759.0,2.017933163851581,3,rrrGGgrrrGGg
2561,127,1736.0,2.096426041604358,3,rrrGGgrrrGGg
2562,127,1730.0,2.1640233007916665,3,rrrGGgrrrGGg
2563,128,1734.0,2.2223328717903055,3,rrrGGgrrrGGg
2564,129,1644.0,2.3205897953246906,3,rrrGGgrrrGGg
2565,129,1658.0,2.4668483180354923,3,rrrGGgrrrGGg
2566,128,1691.0,2.5190243113674518,3,rrrGGgrrrGGg
2567,127,1708.0,2.55690278558055,3,rrrGGgrrrGGg
2568,128,1726.0,2.6459623258686835,3,rrrGGgrrrGGg
2569,129,1742.0,2.7547155545655566,3,rrrGGgrrrGGg
2570,128,1785.0,2.799993152046155,3,rrrGGgrrrGGg
2571,126,1616.0,2.7634831926315875,3,rrrGGgrrrGGg
2572,126,1629.0,2.8524311179220088,3,rrrGGgrrrGGg
2573,124,1646.0,2.667530672721307,3,rrrGGgrrrGGg
2574,124,1659.0,2.662336896530636,3,rrrGGgrrrGGg
2575,126,1703.0,2.6523029637334172,3,rrrGGgrrrGGg
2576,126,1738.0,2.7285140618578225,3,rrrGGgrrrGGg
2577,124,1759.0,2.5817106380760193,3,rrrGGgrrrGGg
2578,123,1779.0,2.5454649832064726,3,rrrGGgrrrGGg
2579,123,1843.0,2.6287643769892024,3,rrrGGgrrrGGg
2580,123,1863.0,2.6055450840846652,3,rrrGGgrrrGGg
2581,124,1885.0,2.6098784298344584,3,rrrGGgrrrGGg
2582,124,1905.0,2.672286398371505,3,rrrGGgrrrGGg
2583,124,1927.0,2.696537154176692,3,rrrGGgrrrGGg
2584,125,1976.0,2.7202714295680486,3,rrrGGgrrrGGg
2585,125,1999.0,2.801205665376212,4,rrryyyrrryyy
2586,126,2048.0,2.876569399288208,4,rrryyyrrryyy
2587,126,2085.0,2.9632878966513845,4,rrryyyrrryyy
2588,126,2119.0,3.026843465747626,5,rrrrrrrrrrrr
2589,126,2171.0,2.949284078929193,5,rrrrrrrrrrrr
2590,124,2106.0,2.766238855677279,0,GGgrrrGGgrrr
2591,124,2073.0,2.691270004116833,0,GGgrrrGGgrrr
2592,122,1840.0,2.566194934496466,0,GGgrrrGGgrrr
2593,122,1631.0,2.651876105095187,0,GGgrrrGGgrrr
2594,123,1438.0,2.603186704208589,0,GGgrrrGGgrrr
2595,123,1258.0,2.6850714393237998,0,GGgrrrGGgrrr
2596,123,1091.0,2.7895554149545827,0,GGgrrrGGgrrr
2597,122,983.0,2.7721046783135876,0,GGgrrrGGgrrr
2598,122,985.0,2.851100678991641,0,GGgrrrGGgrrr
2599,123,861.0,2.7615514534975913,0,GGgrrrGGgrrr
2600,123,728.0,2.8225571470924122,0,GGgrrrGGgrrr
2601,122,653.0,2.707036878222315,0,GGgrrrGGgrrr
2602,121,558.0,2.6919889318947807,0,GGgrrrGGgrrr
2603,120,568.0,2.7417301711959845,0,GGgrrrGGgrrr
2604,120,561.0,2.7946693262044406,0,GGgrrrGGgrrr
2605,120,604.0,2.9141362760610012,0,GGgrrrGGgrrr
2606,119,647.0,2.7698225421067164,0,GGgrrrGGgrrr
2607,119,692.0,2.8318483176989564,0,GGgrrrGGgrrr
2608,118,738.0,2.799268325169479,0,GGgrrrGGgrrr
2609,118,748.0,2.7189835168128105,0,GGgrrrGGgrrr
2610,117,749.0,2.67523666556857,0,GGgrrrGGgrrr
2611,117,755.0,2.6687720558495993,0,GGgrrrGGgrrr
2612,117,767.0,2.7746711538668136,0,GGgrrrGGgrrr
2613,117,778.0,2.8216993621561124,0,GGgrrrGGgrrr
2614,119,780.0,2.8787960263706363,0,GGgrrrGGgrrr
2615,119,786.0,2.9565759898983157,0,GGgrrrGGgrrr
2616,120,796.0,3.0769403551200742,0,GGgrrrGGgrrr
2617,120,835.0,3.2186359695117077,0,GGgrrrGGgrrr
2618,121,848.0,3.254538032277541,0,GGgrrrGGgrrr
2619,122,850.0,3.2812465351844775,0,GGgrrrGGgrrr
2620,123,855.0,3.266344457924598,1,yyyrrryyyrrr
2621,123,867.0,3.295377821284797,1,yyyrrryyyrrr
2622,123,916.0,3.2862720582939304,1,yyyrrryyyrrr
2623,122,931.0,3.071686522143237,2,rrrrrrrrrrrr
2624,123,945.0,3.058906591610336,2,rrrrrrrrrrrr
2625,123,897.0,2.9234631781149374,3,rrrGGgrrrGGg
2626,122,845.0,2.884510403354045,3,rrrGGgrrrGGg
2627,121,807.0,2.8521343664193397,3,rrrGGgrrrGGg
2628,122,808.0,2.9105885133061196,3,rrrGGgrrrGGg
2629,123,772.0,3.0311400965007285,3,rrrGGgrrrGGg
2630,121,746.0,2.8443439181668118,3,rrrGGgrrrGGg
2631,120,761.0,2.7074707867092807,3,rrrGGgrrrGGg
2632,121,782.0,2.7013938029165288,3,rrrGGgrrrGGg
2633,121,727.0,2.6800479619980075,3,rrrGGgrrrGGg
2634,120,736.0,2.701100534374986,3,rrrGGgrrrGGg
2635,120,751.0,2.651078509794743,3,rrrGGgrrrGGg
2636,120,731.0,2.6506898768715934,3,rrrGGgrrrGGg
2637,121,714.0,2.6788493125496053,3,rrrGGgrrrGGg
2638,123,768.0,2.72431003938698,3,rrrGGgrrrGGg
2639,122,716.0,2.6921159657642124,3,rrrGGgrrrGGg
2640,120,649.0,2.550545265766509,3,rrrGGgrrrGGg
2641,120,643.0,2.47476806415401,3,rrrGGgrrrGGg
2642,120,644.0,2.5692358316906327,3,rrrGGgrrrGGg
2643,121,690.0,2.654153943122866,3,rrrGGgrrrGGg
2644,121,733.0,2.7403368694239476,3,rrrGGgrrrGGg
2645,122,787.0,2.855772652305748,3,rrrGGgrrrGGg
2646,121,772.0,2.754339923295806,3,rrrGGgrrrGGg
2647,120,779.0,2.756559650092801,3,rrrGGgrrrGGg
2648,121,838.0,2.738913657400257,3,rrrGGgrrrGGg
2649,122,834.0,2.7646966601298346,3,rrrGGgrrrGGg
2650,122,859.0,2.840545870930196,3,rrrGGgrrrGGg
2651,123,921.0,2.9007642717224664,3,rrrGGgrrrGGg
2652,123,949.0,3.017028214640351,3,rrrGGgrrrGGg
2653,124,956.0,3.0817585457538064,3,rrrGGgrrrGGg
2654,123,988.0,3.1674559739879675,3,rrrGGgrrrGGg
2655,122,1026.0,3.1933164873952324,4,rrryyyrrryyy
2656,123,1062.0,3.229155711956072,4,rrryyyrrryyy
2657,125,1106.0,3.2401537139471697,4,rrryyyrrryyy
2658,125,1138.0,3.2178164559783005,5,rrrrrrrrrrrr
2659,125,1141.0,3.253823665631394,5,rrrrrrrrrrrr
2660,125,1088.0,3.165024495295427,0,GGgrrrGGgrrr
2661,124,1027.0,3.111374739530515,0,GGgrrrGGgrrr
2662,124,1008.0,3.161709955649684,0,GGgrrrGGgrrr
2663,124,946.0,3.033452851365024,0,GGgrrrGGgrrr
2664,124,907.0,3.0236850005353024,0,GGgrrrGGgrrr
2665,125,882.0,2.9157823936215714,0,GGgrrrGGgrrr
2666,124,853.0,2.85103854294545,0,GGgrrrGGgrrr
2667,123,821.0,2.7574550804254314,0,GGgrrrGGgrrr
2668,124,783.0,2.679204158644445,0,GGgrrrGGgrrr
2669,124,738.0,2.502764195847761,0,GGgrrrGGgrrr
2670,124,745.0,2.328427234142164,0,GGgrrrGGgrrr
2671,124,759.0,2.206244749107546,0,GGgrrrGGgrrr
2672,123,749.0,2.151362865520425,0,GGgrrrGGgrrr
2673,124,767.0,2.18861187659007,0,GGgrrrGGgrrr
2674,122,786.0,2.0512605426376758,0,GGgrrrGGgrrr
2675,123,759.0,2.0979358018293124,0,GGgrrrGGgrrr
2676,122,786.0,2.0587357864422016,0,GGgrrrGGgrrr
2677,122,810.0,2.1970805016625543,0,GGgrrrGGgrrr
2678,122,806.0,2.1928713372426656,0,GGgrrrGGgrrr
2679,124,819.0,2.311609314123105,0,GGgrrrGGgrrr
2680,125,852.0,2.40079492058546,0,GGgrrrGGgrrr
2681,124,913.0,2.4427758268454665,0,GGgrrrGGgrrr
2682,124,945.0,2.522733272290205,0,GGgrrrGGgrrr
2683,125,978.0,2.625995908390399,0,GGgrrrGGgrrr
2684,126,997.0,2.7062743402975804,0,GGgrrrGGgrrr
2685,127,1036.0,2.769261467901609,0,GGgrrrGGgrrr
2686,127,1074.0,2.7761382080112056,0,GGgrrrGGgrrr
2687,127,1096.0,2.766237075841274,0,GGgrrrGGgrrr
2688,129,1133.0,2.742807568126467,0,GGgrrrGGgrrr
2689,129,1190.0,2.68972901189828,0,GGgrrrGGgrrr
2690,130,1211.0,2.7438531850807526,1,yyyrrryyyrrr
2691,130,1248.0,2.8629664289648558,1,yyyrrryyyrrr
2692,129,1296.0,2.862634280330116,1,yyyrrryyyrrr
2693,130,1347.0,2.949051170627859,2,rrrrrrrrrrrr
2694,130,1382.0,3.0080427514931314,2,rrrrrrrrrrrr
2695,129,1346.0,2.8811844284162387,3,rrrGGgrrrGGg
2696,128,1321.0,2.817085674729387,3,rrrGGgrrrGGg
2697,128,1344.0,2.819994002668366,3,rrrGGgrrrGGg
2698,129,1382.0,2.845996395932753,3,rrrGGgrrrGGg
2699,129,1440.0,2.8674883392822776,3,rrrGGgrrrGGg
2700,129,1493.0,2.765129776636522,3,rrrGGgrrrGGg
2701,129,1491.0,2.610260953511316,3,rrrGGgrrrGGg
2702,128,1437.0,2.498057427565365,3,rrrGGgrrrGGg
2703,129,1457.0,2.3415899949381087,3,rrrGGgrrrGGg
2704,128,1481.0,2.3114001697941524,3,rrrGGgrrrGGg
2705,127,1502.0,2.243469365296907,3,rrrGGgrrrGGg
2706,127,1526.0,2.1099572698621625,3,rrrGGgrrrGGg
2707,127,1569.0,2.184668826375383,3,rrrGGgrrrGGg
2708,128,1611.0,2.237439885921512,3,rrrGGgrrrGGg
2709,126,1663.0,2.1226561561072788,3,rrrGGgrrrGGg
2710,126,1708.0,2.148478996759579,3,rrrGGgrrrGGg
2711,125,1768.0,2.0603867248818597,3,rrrGGgrrrGGg
2712,127,1835.0,2.0111713411211025,3,rrrGGgrrrGGg
2713,128,1903.0,2.0161673663295137,3,rrrGGgrrrGGg
2714,127,1975.0,1.9608329413510812,3,rrrGGgrrrGGg
2715,127,2037.0,1.9734411195246768,3,rrrGGgrrrGGg
2716,127,2015.0,2.036401005449528,3,rrrGGgrrrGGg
2717,128,2042.0,1.9593095251685135,3,rrrGGgrrrGGg
2718,129,2000.0,1.987760856474701,3,rrrGGgrrrGGg
2719,129,2029.0,2.0216796591975177,3,rrrGGgrrrGGg
2720,127,2087.0,1.892248493921663,3,rrrGGgrrrGGg
2721,127,2170.0,1.9512822627402782,3,rrrGGgrrrGGg
2722,129,2255.0,1.9864260251536177,3,rrrGGgrrrGGg
2723,130,2342.0,1.9850097252457417,3,rrrGGgrrrGGg
2724,131,2377.0,2.0903042795364817,3,rrrGGgrrrGGg
2725,130,2439.0,2.137656686636789,4,rrryyyrrryyy
2726,130,2330.0,2.261362890426753,4,rrryyyrrryyy
2727,131,2413.0,2.316403512635257,4,rrryyyrrryyy
2728,132,2496.0,2.3489851093883285,5,rrrrrrrrrrrr
2729,132,2583.0,2.3816558534170915,5,rrrrrrrrrrrr
2730,131,2539.0,2.3429460715494184,0,GGgrrrGGgrrr
2731,130,2535.0,2.2861445716615347,0,GGgrrrGGgrrr
2732,132,2548.0,2.2130511892969107,0,GGgrrrGGgrrr
2733,133,2562.0,2.2983957766793752,0,GGgrrrGGgrrr
2734,133,2578.0,2.358377353422796,0,GGgrrrGGgrrr
2735,132,2532.0,2.2951576034458134,0,GGgrrrGGgrrr
2736,132,2578.0,2.3214078820066746,0,GGgrrrGGgrrr
2737,133,2592.0,2.41501688594403,0,GGgrrrGGgrrr
2738,132,2600.0,2.320678813668476,0,GGgrrrGGgrrr
2739,132,2609.0,2.4420864074489215,0,GGgrrrGGgrrr
2740,132,2622.0,2.494212354748634,0,GGgrrrGGgrrr
2741,132,2645.0,2.3716600634180667,0,GGgrrrGGgrrr
2742,132,2658.0,2.322408674754872,0,GGgrrrGGgrrr
2743,132,2644.0,2.2728394506487564,0,GGgrrrGGgrrr
2744,132,2635.0,2.2120993588533007,0,GGgrrrGGgrrr
2745,131,2497.0,2.1961784180152284,0,GGgrrrGGgrrr
2746,131,2414.0,2.3147530882629144,0,GGgrrrGGgrrr
2747,129,2332.0,2.2555326008761782,0,GGgrrrGGgrrr
2748,131,2373.0,2.3090233424877065,0,GGgrrrGGgrrr
2749,131,2384.0,2.3445912277009278,0,GGgrrrGGgrrr
2750,129,2428.0,2.316907149485678,0,GGgrrrGGgrrr
2751,129,2413.0,2.486633225279568,0,GGgrrrGGgrrr
2752,129,2435.0,2.549084712938019,0,GGgrrrGGgrrr
2753,131,2464.0,2.5868241908629304,0,GGgrrrGGgrrr
2754,132,2443.0,2.6202924625889215,0,GGgrrrGGgrrr
2755,131,2355.0,2.5849399669707935,0,GGgrrrGGgrrr
2756,132,2292.0,2.5984478487267118,0,GGgrrrGGgrrr
2757,132,2327.0,2.7349802916023793,0,GGgrrrGGgrrr
2758,133,2363.0,2.791150395327982,0,GGgrrrGGgrrr
2759,133,2363.0,2.8596176679987253,0,GGgrrrGGgrrr
2760,133,2398.0,2.940762942559951,1,yyyrrryyyrrr
2761,133,2404.0,3.029864885253852,1,yyyrrryyyrrr
2762,132,2433.0,2.968440803043258,1,yyyrrryyyrrr
2763,132,2494.0,2.8896386864050836,2,rrrrrrrrrrrr
2764,132,2394.0,2.8444060315743407,2,rrrrrrrrrrrr
2765,133,2291.0,2.90032709784764,3,rrrGGgrrrGGg
2766,131,2291.0,2.8485720813669086,3,rrrGGgrrrGGg
2767,131,2314.0,2.893936102460182,3,rrrGGgrrrGGg
2768,131,2342.0,2.92868966086765,3,rrrGGgrrrGGg
2769,132,2371.0,2.83918684781237,3,rrrGGgrrrGGg
2770,132,2361.0,2.901019156117036,3,rrrGGgrrrGGg
2771,131,2392.0,2.8272603105033274,3,rrrGGgrrrGGg
2772,129,2395.0,2.6807495406474797,3,rrrGGgrrrGGg
2773,128,2227.0,2.6381246038822908,3,rrrGGgrrrGGg
2774,127,2060.0,2.5535380828063494,3,rrrGGgrrrGGg
2775,127,1880.0,2.5945484930193077,3,rrrGGgrrrGGg
2776,127,1704.0,2.466975424950765,3,rrrGGgrrrGGg
2777,127,1730.0,2.4186193183833176,3,rrrGGgrrrGGg
2778,126,1756.0,2.3419495138358397,3,rrrGGgrrrGGg
2779,128,1819.0,2.318066358132723,3,rrrGGgrrrGGg
2780,127,1854.0,2.3092884684490533,3,rrrGGgrrrGGg
2781,127,1891.0,2.3731244954435495,3,rrrGGgrrrGGg
2782,125,1891.0,2.2707682407666803,3,rrrGGgrrrGGg
2783,125,1943.0,2.3037954069151807,3,rrrGGgrrrGGg
2784,126,1998.0,2.332254012435121,3,rrrGGgrrrGGg
2785,125,2063.0,2.311112883442364,3,rrrGGgrrrGGg
2786,124,2088.0,2.2993573015702946,3,rrrGGgrrrGGg
2787,123,2150.0,2.2840989154926676,3,rrrGGgrrrGGg
2788,124,2217.0,2.3108962433781453,3,rrrGGgrrrGGg
2789,125,2283.0,2.308806077149474,3,rrrGGgrrrGGg
2790,125,2285.0,2.340914405593978,3,rrrGGgrrrGGg
2791,126,2318.0,2.3406513125406905,3,rrrGGgrrrGGg
2792,125,2390.0,2.276645642143226,3,rrrGGgrrrGGg
2793,125,2447.0,2.185198417514538,3,rrrGGgrrrGGg
2794,126,2487.0,2.2508024800747664,3,rrrGGgrrrGGg
2795,126,2549.0,2.3406327883670373,4,rrryyyrrryyy
2796,126,2587.0,2.31870827262105,4,rrryyyrrryyy
2797,127,2626.0,2.2967463199510436,4,rrryyyrrryyy
2798,128,2511.0,2.267541739819651,5,rrrrrrrrrrrr
2799,126,2586.0,2.039131456546322,5,rrrrrrrrrrrr
2800,125,2540.0,2.0058810673798932,0,GGgrrrGGgrrr
2801,124,2514.0,1.9409294085318607,0,GGgrrrGGgrrr
2802,124,2519.0,1.9639127713506939,0,GGgrrrGGgrrr
2803,124,2527.0,1.9976201170366676,0,GGgrrrGGgrrr
2804,124,2507.0,1.955287726621554,0,GGgrrrGGgrrr
2805,124,2472.0,1.9525403741247684,0,GGgrrrGGgrrr
2806,124,2283.0,2.0066348994407552,0,GGgrrrGGgrrr
2807,125,2258.0,2.035155252502577,0,GGgrrrGGgrrr
2808,125,2254.0,2.0509545740096953,0,GGgrrrGGgrrr
2809,124,2250.0,1.9732303472057398,0,GGgrrrGGgrrr
2810,125,2245.0,1.8902671146055703,0,GGgrrrGGgrrr
2811,124,2278.0,1.8632688906891604,0,GGgrrrGGgrrr
2812,123,2286.0,1.8613927853307735,0,GGgrrrGGgrrr
2813,122,2287.0,1.87708277593022,0,GGgrrrGGgrrr
2814,121,2056.0,1.9004000410381068,0,GGgrrrGGgrrr
2815,122,2048.0,1.968387680970728,0,GGgrrrGGgrrr
2816,121,2045.0,1.9509836368854938,0,GGgrrrGGgrrr
2817,121,2071.0,1.96689879589439,0,GGgrrrGGgrrr
2818,121,2071.0,2.111737062628475,0,GGgrrrGGgrrr
2819,123,2094.0,2.2108284112776166,0,GGgrrrGGgrrr
2820,123,2117.0,2.334577295370224,0,GGgrrrGGgrrr
2821,122,2095.0,2.3134201352382804,0,GGgrrrGGgrrr
2822,122,1887.0,2.4267385075910624,0,GGgrrrGGgrrr
2823,123,1910.0,2.5445792920253703,0,GGgrrrGGgrrr
2824,123,1966.0,2.6742518132301103,0,GGgrrrGGgrrr
2825,123,1992.0,2.750971308546479,0,GGgrrrGGgrrr
2826,124,2018.0,2.7983123814612285,0,GGgrrrGGgrrr
2827,125,1991.0,2.895058964842733,0,GGgrrrGGgrrr
2828,125,2022.0,3.039215468093252,0,GGgrrrGGgrrr
2829,125,2085.0,3.114399222575232,0,GGgrrrGGgrrr
2830,125,1900.0,3.162674674291678,1,yyyrrryyyrrr
2831,126,1935.0,3.2052185795642276,1,yyyrrryyyrrr
2832,127,1975.0,3.2450033136895207,1,yyyrrryyyrrr
2833,126,2021.0,3.1847678750995825,2,rrrrrrrrrrrr
2834,125,2072.0,3.131649469657223,2,rrrrrrrrrrrr
2835,126,2000.0,2.9996851588358573,3,rrrGGgrrrGGg
2836,126,1978.0,2.991100005588385,3,rrrGGgrrrGGg
2837,125,1769.0,2.9432189803545965,3,rrrGGgrrrGGg
2838,125,1722.0,2.899614188229757,3,rrrGGgrrrGGg
2839,125,1576.0,2.8473094602621027,3,rrrGGgrrrGGg
2840,123,1601.0,2.6503156043453724,3,rrrGGgrrrGGg
2841,123,1629.0,2.6122282604285716,3,rrrGGgrrrGGg
2842,123,1659.0,2.582200176742167,3,rrrGGgrrrGGg
2843,122,1690.0,2.326504052366528,3,rrrGGgrrrGGg
2844,122,1719.0,2.400734282306527,3,rrrGGgrrrGGg
2845,121,1752.0,2.3585909209100135,3,rrrGGgrrrGGg
2846,120,1778.0,2.280461624297227,3,rrrGGgrrrGGg
2847,120,1741.0,2.294565054876318,3,rrrGGgrrrGGg
2848,120,1538.0,2.2016669725506426,3,rrrGGgrrrGGg
2849,118,1510.0,2.059561510313662,3,rrrGGgrrrGGg
2850,118,1438.0,2.025574819755001,3,rrrGGgrrrGGg
2851,117,1375.0,2.035045660395218,3,rrrGGgrrrGGg
2852,116,1296.0,1.9840056199892582,3,rrrGGgrrrGGg
2853,116,1166.0,1.9562565502702518,3,rrrGGgrrrGGg
2854,116,1104.0,2.088468540814129,3,rrrGGgrrrGGg
2855,115,918.0,2.12440032811087,3,rrrGGgrrrGGg
2856,115,943.0,2.2317591368499907,3,rrrGGgrrrGGg
2857,114,998.0,2.2628919641583205,3,rrrGGgrrrGGg
2858,114,1019.0,2.273164358022151,3,rrrGGgrrrGGg
2859,115,1048.0,2.347605339854322,3,rrrGGgrrrGGg
2860,115,1097.0,2.4660973632942116,3,rrrGGgrrrGGg
2861,115,1119.0,2.5533876941467377,3,rrrGGgrrrGGg
2862,115,932.0,2.651122171400737,3,rrrGGgrrrGGg
2863,116,916.0,2.715834106978024,3,rrrGGgrrrGGg
2864,117,759.0,2.7454675636409767,3,rrrGGgrrrGGg
2865,117,746.0,2.8398293885410038,4,rrryyyrrryyy
2866,117,797.0,2.8831467824870765,4,rrryyyrrryyy
2867,118,853.0,2.9149493668375266,4,rrryyyrrryyy
2868,118,914.0,2.9269988477231195,5,rrrrrrrrrrrr
2869,116,975.0,2.7647344628749457,5,rrrrrrrrrrrr
2870,117,904.0,2.7266037280125035,0,GGgrrrGGgrrr
2871,116,866.0,2.616375281966189,0,GGgrrrGGgrrr
2872,117,848.0,2.6019341405168483,0,GGgrrrGGgrrr
2873,117,873.0,2.6604568340763675,0,GGgrrrGGgrrr
2874,117,862.0,2.7325808280115513,0,GGgrrrGGgrrr
2875,117,851.0,2.7814010948678174,0,GGgrrrGGgrrr
2876,117,843.0,2.6558777447989668,0,GGgrrrGGgrrr
2877,117,807.0,2.5962291327705467,0,GGgrrrGGgrrr
2878,116,798.0,2.5871381180952886,0,GGgrrrGGgrrr
2879,115,820.0,2.586203425557501,0,GGgrrrGGgrrr
2880,114,838.0,2.538327753119308,0,GGgrrrGGgrrr
2881,112,861.0,2.3585140542766565,0,GGgrrrGGgrrr
2882,114,794.0,2.400412987498805,0,GGgrrrGGgrrr
2883,111,720.0,2.2088767520953922,0,GGgrrrGGgrrr
2884,111,729.0,2.348961778576339,0,GGgrrrGGgrrr
2885,111,704.0,2.4406588194207934,0,GGgrrrGGgrrr
2886,110,643.0,2.4727435220682845,0,GGgrrrGGgrrr
2887,112,618.0,2.5278577744387514,0,GGgrrrGGgrrr
2888,112,613.0,2.6534478307963556,0,GGgrrrGGgrrr
2889,112,610.0,2.633520494209608,0,GGgrrrGGgrrr
2890,112,624.0,2.7244591934134137,0,GGgrrrGGgrrr
2891,112,643.0,2.7248272345866176,0,GGgrrrGGgrrr
2892,113,695.0,2.822923990611987,0,GGgrrrGGgrrr
2893,113,720.0,2.891143575332133,0,GGgrrrGGgrrr
2894,112,741.0,2.9272815308881674,0,GGgrrrGGgrrr
2895,112,761.0,3.0532029797046434,0,GGgrrrGGgrrr
2896,113,784.0,3.178085408411445,0,GGgrrrGGgrrr
2897,113,797.0,3.317772413491389,0,GGgrrrGGgrrr
2898,114,832.0,3.428202981126809,0,GGgrrrGGgrrr
2899,115,828.0,3.4831910937117163,0,GGgrrrGGgrrr
2900,115,809.0,3.55700373645164,1,yyyrrryyyrrr
2901,115,815.0,3.596160512144574,1,yyyrrryyyrrr
2902,114,820.0,3.3190648837473264,1,yyyrrryyyrrr
2903,115,835.0,3.3343724208916803,2,rrrrrrrrrrrr
2904,113,825.0,3.2182747506098957,2,rrrrrrrrrrrr
2905,114,800.0,3.218682004509188,3,rrrGGgrrrGGg
2906,113,754.0,3.1693217231175104,3,rrrGGgrrrGGg
2907,112,714.0,2.993341760453506,3,rrrGGgrrrGGg
2908,113,708.0,2.9689648247706075,3,rrrGGgrrrGGg
2909,112,672.0,2.9540727949207573,3,rrrGGgrrrGGg
2910,112,659.0,3.0416187594754303,3,rrrGGgrrrGGg
2911,112,652.0,3.1301976263139557,3,rrrGGgrrrGGg
2912,112,604.0,3.0444024598561796,3,rrrGGgrrrGGg
2913,112,567.0,3.0059491603252724,3,rrrGGgrrrGGg
2914,112,566.0,3.1237622921501864,3,rrrGGgrrrGGg
2915,110,575.0,2.9916551550858324,3,rrrGGgrrrGGg
2916,111,585.0,3.0100716054315226,3,rrrGGgrrrGGg
2917,109,596.0,2.902147312198404,3,rrrGGgrrrGGg
2918,109,646.0,2.9229716553783227,3,rrrGGgrrrGGg
2919,109,645.0,2.8697245646339944,3,rrrGGgrrrGGg
2920,110,650.0,2.9768760540828354,3,rrrGGgrrrGGg
2921,108,656.0,2.905964463203848,3,rrrGGgrrrGGg
2922,107,652.0,2.7075263230525453,3,rrrGGgrrrGGg
2923,107,653.0,2.7969294846098074,3,rrrGGgrrrGGg
2924,107,658.0,2.7709242940545926,3,rrrGGgrrrGGg
2925,107,697.0,2.833443365985558,3,rrrGGgrrrGGg
2926,107,710.0,2.8711476154009525,3,rrrGGgrrrGGg
2927,107,723.0,2.8524567935883316,3,rrrGGgrrrGGg
2928,107,735.0,2.958781730978703,3,rrrGGgrrrGGg
2929,108,748.0,3.019670656324427,3,rrrGGgrrrGGg
2930,108,710.0,3.123971182150103,3,rrrGGgrrrGGg
2931,109,755.0,3.0417054360803233,3,rrrGGgrrrGGg
2932,110,768.0,3.0772727523081183,3,rrrGGgrrrGGg
2933,110,798.0,3.131296098845641,3,rrrGGgrrrGGg
2934,111,798.0,3.1895850311005023,3,rrrGGgrrrGGg
2935,112,810.0,3.2140704932297877,4,rrryyyrrryyy
2936,112,850.0,3.2717268931062087,4,rrryyyrrryyy
2937,113,862.0,3.277074066658653,4,rrryyyrrryyy
2938,113,881.0,3.130863804727043,5,rrrrrrrrrrrr
2939,111,901.0,2.97994429683163,5,rrrrrrrrrrrr
2940,110,820.0,2.9657591144861297,0,GGgrrrGGgrrr
2941,110,750.0,3.0149750331474214,0,GGgrrrGGgrrr
2942,111,722.0,2.8597311945295254,0,GGgrrrGGgrrr
2943,110,676.0,2.6972650416241315,0,GGgrrrGGgrrr
2944,110,616.0,2.763972831645627,0,GGgrrrGGgrrr
2945,110,595.0,2.7908039134173643,0,GGgrrrGGgrrr
2946,109,608.0,2.71745801471898,0,GGgrrrGGgrrr
2947,110,594.0,2.7328493391179434,0,GGgrrrGGgrrr
2948,109,592.0,2.6392290810875108,0,GGgrrrGGgrrr
2949,107,591.0,2.393259227797593,0,GGgrrrGGgrrr
2950,107,596.0,2.402632315589169,0,GGgrrrGGgrrr
2951,107,640.0,2.4384085345051596,0,GGgrrrGGgrrr
2952,108,644.0,2.4156581676431665,0,GGgrrrGGgrrr
2953,109,635.0,2.4319058599094303,0,GGgrrrGGgrrr
2954,108,648.0,2.343643186899932,0,GGgrrrGGgrrr
2955,110,662.0,2.332409136723239,0,GGgrrrGGgrrr
2956,111,679.0,2.359767199352657,0,GGgrrrGGgrrr
2957,110,693.0,2.3165137588783615,0,GGgrrrGGgrrr
2958,110,742.0,2.266480502090372,0,GGgrrrGGgrrr
2959,109,685.0,2.2557790998857787,0,GGgrrrGGgrrr
2960,111,669.0,2.253256477453448,0,GGgrrrGGgrrr
2961,110,665.0,2.2003794188336725,0,GGgrrrGGgrrr
2962,110,664.0,2.2726093081470626,0,GGgrrrGGgrrr
2963,111,651.0,2.32855740120335,0,GGgrrrGGgrrr
2964,110,667.0,2.2850281826539027,0,GGgrrrGGgrrr
2965,111,684.0,2.3432055333203006,0,GGgrrrGGgrrr
2966,111,688.0,2.4664428821071938,0,GGgrrrGGgrrr
2967,111,728.0,2.5888711868300645,0,GGgrrrGGgrrr
2968,111,744.0,2.6426395094637174,0,GGgrrrGGgrrr
2969,113,757.0,2.706649828151744,0,GGgrrrGGgrrr
2970,113,770.0,2.785119111982195,1,yyyrrryyyrrr
2971,114,785.0,2.8519682439903797,1,yyyrrryyyrrr
2972,113,801.0,2.8240074921129716,1,yyyrrryyyrrr
2973,113,792.0,2.8548229776583276,2,rrrrrrrrrrrr
2974,115,807.0,2.793490436816572,2,rrrrrrrrrrrr
2975,112,732.0,2.538449352280859,3,rrrGGgrrrGGg
2976,113,680.0,2.530285727946459,3,rrrGGgrrrGGg
2977,113,632.0,2.6246562939911553,3,rrrGGgrrrGGg
2978,112,603.0,2.6354874666207935,3,rrrGGgrrrGGg
2979,112,521.0,2.7508495848832064,3,rrrGGgrrrGGg
2980,112,499.0,2.8311505065825915,3,rrrGGgrrrGGg
2981,112,487.0,2.88963390690423,3,rrrGGgrrrGGg
2982,113,518.0,2.9193812943056274,3,rrrGGgrrrGGg
2983,113,521.0,2.958949107509485,3,rrrGGgrrrGGg
2984,113,528.0,2.9035013337470437,3,rrrGGgrrrGGg
2985,113,538.0,2.8187050754979106,3,rrrGGgrrrGGg
2986,113,546.0,2.911882597013047,3,rrrGGgrrrGGg
2987,115,591.0,2.9592175113146246,3,rrrGGgrrrGGg
2988,114,604.0,2.917891467886581,3,rrrGGgrrrGGg
2989,114,610.0,2.9822539831962356,3,rrrGGgrrrGGg
2990,113,608.0,2.78731788394429,3,rrrGGgrrrGGg
2991,113,652.0,2.864512798141092,3,rrrGGgrrrGGg
2992,114,666.0,2.7733304275817305,3,rrrGGgrrrGGg
2993,114,711.0,2.8322265534395292,3,rrrGGgrrrGGg
2994,113,723.0,2.816809844296663,3,rrrGGgrrrGGg
2995,114,736.0,2.751887710953712,3,rrrGGgrrrGGg
2996,114,751.0,2.7995973658418145,3,rrrGGgrrrGGg
2997,114,766.0,2.650794669717492,3,rrrGGgrrrGGg
2998,114,779.0,2.6964717255459707,3,rrrGGgrrrGGg
2999,113,824.0,2.7183227085379422,3,rrrGGgrrrGGg
3000,114,842.0,2.8411750134950515,3,rrrGGgrrrGGg
3001,114,855.0,2.9431334165745433,3,rrrGGgrrrGGg
3002,114,867.0,2.969904503416494,3,rrrGGgrrrGGg
3003,115,913.0,3.099419053402956,3,rrrGGgrrrGGg
3004,115,928.0,3.21619755020971,3,rrrGGgrrrGGg
3005,116,944.0,3.2363638577958374,4,rrryyyrrryyy
3006,116,959.0,3.296123783627468,4,rrryyyrrryyy
3007,117,1009.0,3.306160270738422,4,rrryyyrrryyy
3008,117,1028.0,3.2464026195794156,5,rrrrrrrrrrrr
3009,116,1049.0,3.210123334581533,5,rrrrrrrrrrrr
3010,117,970.0,3.2755050061896624,0,GGgrrrGGgrrr
3011,117,889.0,3.4321025400167446,0,GGgrrrGGgrrr
3012,117,831.0,3.306905246475095,0,GGgrrrGGgrrr
3013,117,771.0,3.375938498665096,0,GGgrrrGGgrrr
3014,115,747.0,3.3075019091521636,0,GGgrrrGGgrrr
3015,115,690.0,3.4768845500550634,0,GGgrrrGGgrrr
3016,114,633.0,3.393397834079837,0,GGgrrrGGgrrr
3017,115,644.0,3.2728230431420253,0,GGgrrrGGgrrr
3018,114,597.0,3.228418907695633,0,GGgrrrGGgrrr
3019,114,556.0,3.3336644900059227,0,GGgrrrGGgrrr
3020,115,522.0,3.3531861633442355,0,GGgrrrGGgrrr
3021,114,484.0,3.3176949462093166,0,GGgrrrGGgrrr
3022,115,489.0,3.195206183625884,0,GGgrrrGGgrrr
3023,115,484.0,3.1345952759517486,0,GGgrrrGGgrrr
3024,114,515.0,3.1252314946983315,0,GGgrrrGGgrrr
3025,115,518.0,3.118232469217057,0,GGgrrrGGgrrr
3026,115,526.0,3.1236797672287886,0,GGgrrrGGgrrr
3027,116,537.0,2.9371310408704963,0,GGgrrrGGgrrr
3028,115,535.0,2.852995293909471,0,GGgrrrGGgrrr
3029,113,538.0,2.7059512272811506,0,GGgrrrGGgrrr
3030,113,542.0,2.6775885876945202,0,GGgrrrGGgrrr
3031,113,579.0,2.729930024289214,0,GGgrrrGGgrrr
3032,115,588.0,2.7353562481339493,0,GGgrrrGGgrrr
3033,114,597.0,2.754649416881717,0,GGgrrrGGgrrr
3034,114,608.0,2.868810212799325,0,GGgrrrGGgrrr
3035,116,650.0,2.802415928154395,0,GGgrrrGGgrrr
3036,116,660.0,2.8271040379726475,0,GGgrrrGGgrrr
3037,118,672.0,2.8467368112770477,0,GGgrrrGGgrrr
3038,118,687.0,2.9624905828494623,0,GGgrrrGGgrrr
3039,118,732.0,3.114297991237607,0,GGgrrrGGgrrr
3040,119,747.0,3.2374909016083815,1,yyyrrryyyrrr
3041,120,763.0,3.3051379900983164,1,yyyrrryyyrrr
3042,121,779.0,3.2209501145079615,1,yyyrrryyyrrr
3043,120,790.0,3.107663718209956,2,rrrrrrrrrrrr
3044,120,802.0,3.025839343854115,2,rrrrrrrrrrrr
3045,120,735.0,2.898746251250969,3,rrrGGgrrrGGg
3046,120,713.0,2.8009907600968065,3,rrrGGgrrrGGg
3047,120,681.0,2.922096263995011,3,rrrGGgrrrGGg
3048,120,667.0,2.9613945947920057,3,rrrGGgrrrGGg
3049,121,673.0,2.9715158694660597,3,rrrGGgrrrGGg
3050,122,686.0,3.0087522313484585,3,rrrGGgrrrGGg
3051,121,728.0,3.012154545730605,3,rrrGGgrrrGGg
3052,122,740.0,2.8592110949599565,3,rrrGGgrrrGGg
3053,122,753.0,2.86619684037459,3,rrrGGgrrrGGg
3054,122,733.0,2.852413057210103,3,rrrGGgrrrGGg
3055,121,717.0,2.789995325258136,3,rrrGGgrrrGGg
3056,121,706.0,2.660363660585774,3,rrrGGgrrrGGg
3057,121,728.0,2.7032744465607212,3,rrrGGgrrrGGg
3058,120,750.0,2.7167577928566184,3,rrrGGgrrrGGg
3059,120,812.0,2.6965650737834537,3,rrrGGgrrrGGg
3060,119,807.0,2.6890229884707586,3,rrrGGgrrrGGg
3061,119,874.0,2.744919276476278,3,rrrGGgrrrGGg
3062,118,941.0,2.638138372001932,3,rrrGGgrrrGGg
3063,118,962.0,2.5554784070157885,3,rrrGGgrrrGGg
3064,119,984.0,2.5786315396266426,3,rrrGGgrrrGGg
3065,118,1011.0,2.5909354599026395,3,rrrGGgrrrGGg
3066,117,1037.0,2.4348887113334707,3,rrrGGgrrrGGg
3067,117,1067.0,2.468038666568056,3,rrrGGgrrrGGg
3068,116,1096.0,2.3412588234613745,3,rrrGGgrrrGGg
3069,116,1120.0,2.314118312529908,3,rrrGGgrrrGGg
3070,116,1151.0,2.3107305303592223,3,rrrGGgrrrGGg
3071,116,1162.0,2.375284209723382,3,rrrGGgrrrGGg
3072,118,1192.0,2.390580833427282,3,rrrGGgrrrGGg
3073,119,1216.0,2.4181824992926653,3,rrrGGgrrrGGg
3074,120,1283.0,2.459348097549531,3,rrrGGgrrrGGg
3075,120,1302.0,2.5016616008039443,4,rrryyyrrryyy
3076,119,1324.0,2.4402598306235546,4,rrryyyrrryyy
3077,119,1362.0,2.487035580225628,4,rrryyyrrryyy
3078,119,1404.0,2.439645203719474,5,rrrrrrrrrrrr
3079,119,1445.0,2.3849767222994718,5,rrrrrrrrrrrr
3080,120,1358.0,2.404992184121911,0,GGgrrrGGgrrr
3081,118,1319.0,2.2546594930870696,0,GGgrrrGGgrrr
3082,117,1229.0,2.2527034449336885,0,GGgrrrGGgrrr
3083,118,1178.0,2.310859711619633,0,GGgrrrGGgrrr
3084,118,1141.0,2.3269873963730463,0,GGgrrrGGgrrr
3085,117,1135.0,2.360623770786455,0,GGgrrrGGgrrr
3086,116,1130.0,2.3760727130989148,0,GGgrrrGGgrrr
3087,118,1034.0,2.436324259112414,0,GGgrrrGGgrrr
3088,117,993.0,2.3508490221821874,0,GGgrrrGGgrrr
3089,117,988.0,2.3102603191894997,0,GGgrrrGGgrrr
3090,117,982.0,2.3721217260276046,0,GGgrrrGGgrrr
3091,117,1010.0,2.4154216305143184,0,GGgrrrGGgrrr
3092,117,1000.0,2.526828205058036,0,GGgrrrGGgrrr
3093,116,984.0,2.382298986033174,0,GGgrrrGGgrrr
3094,116,900.0,2.350402774970297,0,GGgrrrGGgrrr
3095,117,889.0,2.4176270651313074,0,GGgrrrGGgrrr
3096,117,943.0,2.4316705016097613,0,GGgrrrGGgrrr
3097,117,940.0,2.552459914438845,0,GGgrrrGGgrrr
3098,117,956.0,2.6821643495641654,0,GGgrrrGGgrrr
3099,117,972.0,2.716765548884053,0,GGgrrrGGgrrr
3100,117,990.0,2.8509208505957218,0,GGgrrrGGgrrr
3101,118,1011.0,2.8328816259609515,0,GGgrrrGGgrrr
3102,119,947.0,2.8952217966652953,0,GGgrrrGGgrrr
3103,119,970.0,2.965836607981112,0,GGgrrrGGgrrr
3104,119,996.0,3.0991942617982784,0,GGgrrrGGgrrr
3105,120,1051.0,3.283695380539838,0,GGgrrrGGgrrr
3106,121,1080.0,3.3127253699663917,0,GGgrrrGGgrrr
3107,121,1106.0,3.4122535296000756,0,GGgrrrGGgrrr
3108,121,1130.0,3.4970099095867244,0,GGgrrrGGgrrr
3109,122,1155.0,3.565029141282745,0,GGgrrrGGgrrr
3110,123,1183.0,3.577402648355512,1,yyyrrryyyrrr
3111,124,1211.0,3.4019031839322844,1,yyyrrryyyrrr
3112,123,1188.0,3.3231596685574245,1,yyyrrryyyrrr
3113,122,1221.0,3.2991329408916954,2,rrrrrrrrrrrr
3114,121,1276.0,3.243354988775712,2,rrrrrrrrrrrr
3115,121,1223.0,3.192468618285764,3,rrrGGgrrrGGg
3116,121,1216.0,3.161805458129265,3,rrrGGgrrrGGg
3117,121,1217.0,3.1558670463882113,3,rrrGGgrrrGGg
3118,121,1225.0,2.920573631286196,3,rrrGGgrrrGGg
3119,122,1274.0,2.8990258157221414,3,rrrGGgrrrGGg
3120,122,1218.0,2.956914506494218,3,rrrGGgrrrGGg
3121,124,1225.0,2.9312559745601754,3,rrrGGgrrrGGg
3122,124,1250.0,2.927483053307963,3,rrrGGgrrrGGg
3123,123,1269.0,2.8397228037228577,3,rrrGGgrrrGGg
3124,122,1300.0,2.7913472118424196,3,rrrGGgrrrGGg
3125,122,1338.0,2.776217145957421,3,rrrGGgrrrGGg
3126,121,1390.0,2.635987735770788,3,rrrGGgrrrGGg
3127,122,1439.0,2.6630231325904052,3,rrrGGgrrrGGg
3128,119,1495.0,2.3813509213854487,3,rrrGGgrrrGGg
3129,119,1555.0,2.277276796710299,3,rrrGGgrrrGGg
3130,118,1614.0,2.23780486701217,3,rrrGGgrrrGGg
3131,118,1676.0,2.181991374266736,3,rrrGGgrrrGGg
3132,118,1725.0,2.1215033356180832,3,rrrGGgrrrGGg
3133,118,1792.0,2.189299801076779,3,rrrGGgrrrGGg
3134,118,1838.0,2.303250213426001,3,rrrGGgrrrGGg
3135,117,1905.0,2.2491819384886114,3,rrrGGgrrrGGg
3136,118,1973.0,2.2450243449785026,3,rrrGGgrrrGGg
3137,120,2042.0,2.2522898706961056,3,rrrGGgrrrGGg
3138,120,2113.0,2.3373099800354655,3,rrrGGgrrrGGg
3139,121,2175.0,2.3461149059834048,3,rrrGGgrrrGGg
3140,121,2142.0,2.3977521852745816,3,rrrGGgrrrGGg
3141,122,2046.0,2.3841677087899913,3,rrrGGgrrrGGg
3142,122,1988.0,2.3457666239136845,3,rrrGGgrrrGGg
3143,122,2045.0,2.4329240451417418,3,rrrGGgrrrGGg
3144,121,2067.0,2.3740313053538724,3,rrrGGgrrrGGg
3145,121,2095.0,2.4431029727850704,4,rrryyyrrryyy
3146,123,2144.0,2.461574542268801,4,rrryyyrrryyy
3147,123,2217.0,2.355785113555484,4,rrryyyrrryyy
3148,123,2285.0,2.464055129170961,5,rrrrrrrrrrrr
3149,122,2357.0,2.438112563185809,5,rrrrrrrrrrrr
3150,122,2313.0,2.521437393035312,0,GGgrrrGGgrrr
3151,123,2305.0,2.585891368233962,0,GGgrrrGGgrrr
3152,124,2309.0,2.5969761791523593,0,GGgrrrGGgrrr
3153,124,2313.0,2.618755585771054,0,GGgrrrGGgrrr
3154,125,2315.0,2.6348879238890097,0,GGgrrrGGgrrr
3155,125,2237.0,2.7512924685467364,0,GGgrrrGGgrrr
3156,125,2144.0,2.7370032792351666,0,GGgrrrGGgrrr
3157,124,2071.0,2.6197698271357295,0,GGgrrrGGgrrr
3158,124,2026.0,2.6317978395435455,0,GGgrrrGGgrrr
3159,124,2040.0,2.521460565699286,0,GGgrrrGGgrrr
3160,123,2085.0,2.409379809722016,0,GGgrrrGGgrrr
3161,124,2075.0,2.2535817311907858,0,GGgrrrGGgrrr
3162,124,2004.0,2.1668322564082425,0,GGgrrrGGgrrr
3163,124,2068.0,2.2097051049562255,0,GGgrrrGGgrrr
3164,125,2109.0,2.282889324567759,0,GGgrrrGGgrrr
3165,123,2149.0,2.234661071752626,0,GGgrrrGGgrrr
3166,124,2187.0,2.3228715503466497,0,GGgrrrGGgrrr
3167,126,2227.0,2.337450708598051,0,GGgrrrGGgrrr
3168,124,2230.0,2.2647780864290805,0,GGgrrrGGgrrr
3169,124,2268.0,2.2306071589264036,0,GGgrrrGGgrrr
3170,123,2336.0,2.21563708616928,0,GGgrrrGGgrrr
3171,123,2373.0,2.035979014474603,0,GGgrrrGGgrrr
3172,123,2416.0,2.04902987133884,0,GGgrrrGGgrrr
3173,124,2459.0,2.1232027907847444,0,GGgrrrGGgrrr
3174,125,2528.0,2.2083193035301503,0,GGgrrrGGgrrr
3175,125,2573.0,2.285297706874497,0,GGgrrrGGgrrr
3176,126,2615.0,2.330229618427265,0,GGgrrrGGgrrr
3177,126,2659.0,2.421369548269137,0,GGgrrrGGgrrr
3178,127,2701.0,2.4845425945324484,0,GGgrrrGGgrrr
3179,127,2745.0,2.591444635178577,0,GGgrrrGGgrrr
3180,127,2787.0,2.6263677980792095,1,yyyrrryyyrrr
3181,129,2844.0,2.7281602403065626,1,yyyrrryyyrrr
3182,130,2876.0,2.8152568353953407,1,yyyrrryyyrrr
3183,131,2910.0,2.8483276419337247,2,rrrrrrrrrrrr
3184,130,2912.0,2.855549669419077,2,rrrrrrrrrrrr
3185,128,2821.0,2.826464257084718,3,rrrGGgrrrGGg
3186,129,2784.0,2.875154317243621,3,rrrGGgrrrGGg
3187,129,2802.0,2.687306186002922,3,rrrGGgrrrGGg
3188,130,2825.0,2.6823613297850804,3,rrrGGgrrrGGg
3189,130,2860.0,2.7530211589337408,3,rrrGGgrrrGGg
3190,131,2891.0,2.7950456325640043,3,rrrGGgrrrGGg
3191,132,2925.0,2.8436714941180075,3,rrrGGgrrrGGg
3192,131,2988.0,2.834093542830432,3,rrrGGgrrrGGg
3193,132,2843.0,2.8818945826976665,3,rrrGGgrrrGGg
3194,132,2849.0,2.8804325674208866,3,rrrGGgrrrGGg
3195,131,2902.0,2.8277053519900868,3,rrrGGgrrrGGg
3196,131,2932.0,2.799334326054794,3,rrrGGgrrrGGg
3197,129,2966.0,2.658862261684979,3,rrrGGgrrrGGg
3198,130,3034.0,2.6712309446373212,3,rrrGGgrrrGGg
3199,131,3073.0,2.6364853897966096,3,rrrGGgrrrGGg
3200,130,2999.0,2.6150823964089076,3,rrrGGgrrrGGg
3201,131,3043.0,2.6851078738378806,3,rrrGGgrrrGGg
3202,132,3097.0,2.7466807462091656,3,rrrGGgrrrGGg
3203,132,3161.0,2.7103728216513283,3,rrrGGgrrrGGg
3204,132,3232.0,2.7632968115912226,3,rrrGGgrrrGGg
3205,131,3305.0,2.7220573642606745,3,rrrGGgrrrGGg
3206,127,3378.0,2.4251849503413796,3,rrrGGgrrrGGg
3207,127,3328.0,2.4816742975188832,3,rrrGGgrrrGGg
3208,128,3402.0,2.5461992088628604,3,rrrGGgrrrGGg
3209,127,3477.0,2.5126512034793658,3,rrrGGgrrrGGg
3210,128,3555.0,2.5219351987736314,3,rrrGGgrrrGGg
3211,129,3631.0,2.549594970794286,3,rrrGGgrrrGGg
3212,128,3689.0,2.4860216915974114,3,rrrGGgrrrGGg
3213,129,3747.0,2.452269479606312,3,rrrGGgrrrGGg
3214,129,3825.0,2.4549386143504495,3,rrrGGgrrrGGg
3215,130,3682.0,2.484242881026264,4,rrryyyrrryyy
3216,129,3763.0,2.4982737157446335,4,rrryyyrrryyy
3217,129,3844.0,2.5632128934472203,4,rrryyyrrryyy
3218,129,3908.0,2.6495815849382858,5,rrrrrrrrrrrr
3219,129,3981.0,2.6003717223678913,5,rrrrrrrrrrrr
3220,129,3922.0,2.596292785595436,0,GGgrrrGGgrrr
3221,128,3904.0,2.552383381044643,0,GGgrrrGGgrrr
3222,126,3681.0,2.4346321017177384,0,GGgrrrGGgrrr
3223,126,3687.0,2.398207106894629,0,GGgrrrGGgrrr
3224,126,3692.0,2.313031308318484,0,GGgrrrGGgrrr
3225,124,3700.0,2.1644074424030952,0,GGgrrrGGgrrr
3226,124,3709.0,2.21624846776215,0,GGgrrrGGgrrr
3227,124,3719.0,2.2049301536462447,0,GGgrrrGGgrrr
3228,122,3753.0,2.0987743257949276,0,GGgrrrGGgrrr
3229,123,3526.0,2.1632751494844547,0,GGgrrrGGgrrr
3230,122,3516.0,2.1475073813440364,0,GGgrrrGGgrrr
3231,122,3527.0,2.18581583612399,0,GGgrrrGGgrrr
3232,122,3560.0,2.252015375638622,0,GGgrrrGGgrrr
3233,122,3597.0,2.2888533394035933,0,GGgrrrGGgrrr
3234,123,3636.0,2.2993849374869746,0,GGgrrrGGgrrr
3235,121,3677.0,2.0198197419492265,0,GGgrrrGGgrrr
3236,121,3710.0,2.1498315872267235,0,GGgrrrGGgrrr
3237,121,3772.0,2.2962175088286587,0,GGgrrrGGgrrr
3238,120,3555.0,2.221025745839532,0,GGgrrrGGgrrr
3239,120,3588.0,2.2869639154506456,0,GGgrrrGGgrrr
3240,120,3620.0,2.3729958421106354,0,GGgrrrGGgrrr
3241,121,3657.0,2.456485777162254,0,GGgrrrGGgrrr
3242,121,3722.0,2.562498866874455,0,GGgrrrGGgrrr
3243,120,3736.0,2.6104932358490913,0,GGgrrrGGgrrr
3244,122,3741.0,2.6829220872053323,0,GGgrrrGGgrrr
3245,122,3778.0,2.7386058355018728,0,GGgrrrGGgrrr
3246,122,3573.0,2.7699148991064657,0,GGgrrrGGgrrr
3247,123,3605.0,2.7985176876364135,0,GGgrrrGGgrrr
3248,123,3637.0,2.8739258422650633,0,GGgrrrGGgrrr
3249,124,3678.0,2.943118733571246,0,GGgrrrGGgrrr
3250,124,3698.0,3.0111485853131055,1,yyyrrryyyrrr
3251,123,3726.0,2.943302947426645,1,yyyrrryyyrrr
3252,122,3761.0,2.881785148592569,1,yyyrrryyyrrr
3253,122,3801.0,2.9087218196566984,2,rrrrrrrrrrrr
3254,123,3866.0,2.7801860801299134,2,rrrrrrrrrrrr
3255,122,3834.0,2.631233794555235,3,rrrGGgrrrGGg
3256,122,3823.0,2.7000452291561525,3,rrrGGgrrrGGg
3257,121,3823.0,2.719838595522433,3,rrrGGgrrrGGg
3258,120,3573.0,2.7685994629971895,3,rrrGGgrrrGGg
3259,121,3593.0,2.772357728684334,3,rrrGGgrrrGGg
3260,120,3596.0,2.7353034426616856,3,rrrGGgrrrGGg
3261,118,3622.0,2.549591975149122,3,rrrGGgrrrGGg
3262,118,3649.0,2.435081174041371,3,rrrGGgrrrGGg
3263,119,3679.0,2.432865265545482,3,rrrGGgrrrGGg
3264,118,3746.0,2.3822766987914163,3,rrrGGgrrrGGg
3265,118,3778.0,2.4220388027859916,3,rrrGGgrrrGGg
3266,118,3699.0,2.429091628538587,3,rrrGGgrrrGGg
3267,116,3446.0,2.2559804766318496,3,rrrGGgrrrGGg
3268,115,3185.0,1.9670254352185361,3,rrrGGgrrrGGg
3269,115,2937.0,2.0259395887903553,3,rrrGGgrrrGGg
3270,116,2692.0,2.1155459063981317,3,rrrGGgrrrGGg
3271,116,2457.0,2.1947994800850377,3,rrrGGgrrrGGg
3272,116,2490.0,2.2595605746297434,3,rrrGGgrrrGGg
3273,117,2351.0,2.2584078783551034,3,rrrGGgrrrGGg
3274,118,2390.0,2.2872474918918204,3,rrrGGgrrrGGg
3275,118,2399.0,2.275582518080335,3,rrrGGgrrrGGg
3276,117,2421.0,2.284469426832489,3,rrrGGgrrrGGg
3277,116,2457.0,2.2272972770757242,3,rrrGGgrrrGGg
3278,116,2491.0,2.140599353646277,3,rrrGGgrrrGGg
3279,117,2533.0,2.1452331407820893,3,rrrGGgrrrGGg
3280,117,2565.0,2.1704595293295954,3,rrrGGgrrrGGg
3281,117,2339.0,2.251831554482211,3,rrrGGgrrrGGg
3282,117,2385.0,2.316472201527186,3,rrrGGgrrrGGg
3283,118,2413.0,2.4103433205961324,3,rrrGGgrrrGGg
3284,118,2473.0,2.5294814099802587,3,rrrGGgrrrGGg
3285,118,2536.0,2.627249982332779,4,rrryyyrrryyy
3286,119,2584.0,2.686482384664563,4,rrryyyrrryyy
3287,120,2648.0,2.7006061231652803,4,rrryyyrrryyy
3288,119,2437.0,2.626944772928856,5,rrrrrrrrrrrr
3289,120,2488.0,2.6190969827631454,5,rrrrrrrrrrrr
3290,118,2450.0,2.4438662097638044,0,GGgrrrGGgrrr
3291,118,2402.0,2.4319140318692587,0,GGgrrrGGgrrr
3292,117,2388.0,2.4083635774536325,0,GGgrrrGGgrrr
3293,117,2367.0,2.3926103473008165,0,GGgrrrGGgrrr
3294,117,2358.0,2.4397321225579836,0,GGgrrrGGgrrr
3295,117,2088.0,2.425583752772739,0,GGgrrrGGgrrr
3296,117,2117.0,2.3036756142732764,0,GGgrrrGGgrrr
3297,118,2102.0,2.298042465528186,0,GGgrrrGGgrrr
3298,117,2064.0,2.1932143565069344,0,GGgrrrGGgrrr
3299,117,2066.0,2.188946988868242,0,GGgrrrGGgrrr
3300,117,2062.0,2.0974962102498114,0,GGgrrrGGgrrr
3301,117,2034.0,2.134177118186941,0,GGgrrrGGgrrr
3302,116,2054.0,2.0836787148826272,0,GGgrrrGGgrrr
3303,118,2068.0,2.1354486643970283,0,GGgrrrGGgrrr
3304,118,2086.0,2.0873752695323566,0,GGgrrrGGgrrr
3305,118,1832.0,2.2076804915349326,0,GGgrrrGGgrrr
3306,117,1852.0,2.217692352472409,0,GGgrrrGGgrrr
3307,116,1873.0,2.187622107410945,0,GGgrrrGGgrrr
3308,117,1895.0,2.257562655653031,0,GGgrrrGGgrrr
3309,117,1866.0,2.1676684372842105,0,GGgrrrGGgrrr
3310,116,1855.0,2.1278044478548845,0,GGgrrrGGgrrr
3311,116,1819.0,2.226718581835422,0,GGgrrrGGgrrr
3312,116,1716.0,2.299561079924412,0,GGgrrrGGgrrr
3313,116,1398.0,2.3528878444908545,0,GGgrrrGGgrrr
3314,117,1100.0,2.38534001233109,0,GGgrrrGGgrrr
3315,117,807.0,2.4680611571927695,0,GGgrrrGGgrrr
3316,119,827.0,2.4622018966157246,0,GGgrrrGGgrrr
3317,119,789.0,2.533294664181116,0,GGgrrrGGgrrr
3318,119,846.0,2.5929115510593093,0,GGgrrrGGgrrr
3319,119,870.0,2.6687698336957992,0,GGgrrrGGgrrr
3320,120,895.0,2.6992250142740084,1,yyyrrryyyrrr
3321,121,904.0,2.657359087104555,1,yyyrrryyyrrr
3322,121,880.0,2.656642771140878,1,yyyrrryyyrrr
3323,121,913.0,2.666854909820384,2,rrrrrrrrrrrr
3324,119,890.0,2.5319105009929,2,rrrrrrrrrrrr
3325,119,829.0,2.567158296797618,3,rrrGGgrrrGGg
3326,119,797.0,2.4934997796139045,3,rrrGGgrrrGGg
3327,118,837.0,2.3028985623943052,3,rrrGGgrrrGGg
3328,116,887.0,2.1384973021787554,3,rrrGGgrrrGGg
3329,117,866.0,2.175637366537424,3,rrrGGgrrrGGg
3330,116,851.0,2.1004073207670637,3,rrrGGgrrrGGg
3331,117,875.0,2.092518907591901,3,rrrGGgrrrGGg
3332,117,786.0,2.141188108244214,3,rrrGGgrrrGGg
3333,117,845.0,2.142756112655046,3,rrrGGgrrrGGg
3334,117,873.0,1.9611894070300646,3,rrrGGgrrrGGg
3335,116,931.0,1.7853066263444795,3,rrrGGgrrrGGg
3336,116,962.0,1.7530008177408163,3,rrrGGgrrrGGg
3337,116,989.0,1.6360457925175678,3,rrrGGgrrrGGg
3338,114,1015.0,1.4589160247782629,3,rrrGGgrrrGGg
3339,114,1000.0,1.4895499733517976,3,rrrGGgrrrGGg
3340,113,953.0,1.4544433036422308,3,rrrGGgrrrGGg
3341,112,977.0,1.3715373324325582,3,rrrGGgrrrGGg
3342,112,1025.0,1.4058512540383716,3,rrrGGgrrrGGg
3343,112,1039.0,1.4618638547017793,3,rrrGGgrrrGGg
3344,114,1099.0,1.4390735978084574,3,rrrGGgrrrGGg
3345,114,1116.0,1.437699324179423,3,rrrGGgrrrGGg
3346,114,1090.0,1.3220161400691648,3,rrrGGgrrrGGg
3347,114,1140.0,1.3450936915969556,3,rrrGGgrrrGGg
3348,114,1089.0,1.422918521798742,3,rrrGGgrrrGGg
3349,115,1108.0,1.5041806902316808,3,rrrGGgrrrGGg
3350,115,1162.0,1.4961701420269395,3,rrrGGgrrrGGg
3351,115,1190.0,1.5762385774800471,3,rrrGGgrrrGGg
3352,114,1215.0,1.6130087343596797,3,rrrGGgrrrGGg
3353,114,1199.0,1.763579917320402,3,rrrGGgrrrGGg
3354,114,1225.0,1.9140384789591092,3,rrrGGgrrrGGg
3355,114,1169.0,2.0358207766884124,4,rrryyyrrryyy
3356,115,1196.0,2.0820602784799336,4,rrryyyrrryyy
3357,116,1224.0,2.101335171184353,4,rrryyyrrryyy
3358,117,1251.0,2.1415590357264565,5,rrrrrrrrrrrr
3359,117,1280.0,2.143516768191903,5,rrrrrrrrrrrr
3360,117,1201.0,2.1764936314724537,0,GGgrrrGGgrrr
3361,117,1107.0,2.239956058334362,0,GGgrrrGGgrrr
3362,116,993.0,2.278775933952541,0,GGgrrrGGgrrr
3363,117,986.0,2.311836818189521,0,GGgrrrGGgrrr
3364,116,988.0,2.244912233353864,0,GGgrrrGGgrrr
3365,116,1003.0,2.295719402382851,0,GGgrrrGGgrrr
3366,116,1029.0,2.3634049753353614,0,GGgrrrGGgrrr
3367,116,1091.0,2.4602046368720667,0,GGgrrrGGgrrr
3368,118,1119.0,2.49579100272133,0,GGgrrrGGgrrr
3369,118,1106.0,2.5288963232890276,0,GGgrrrGGgrrr
3370,118,1135.0,2.4223859266828693,0,GGgrrrGGgrrr
3371,118,1196.0,2.4954663287341914,0,GGgrrrGGgrrr
3372,117,1167.0,2.480648786857418,0,GGgrrrGGgrrr
3373,118,1191.0,2.5233076983491425,0,GGgrrrGGgrrr
3374,117,1217.0,2.4750334883585823,0,GGgrrrGGgrrr
3375,118,1085.0,2.552134296782604,0,GGgrrrGGgrrr
3376,117,1006.0,2.5521569969044,0,GGgrrrGGgrrr
3377,115,1032.0,2.4031096228401596,0,GGgrrrGGgrrr
3378,116,1094.0,2.3911540844132344,0,GGgrrrGGgrrr
3379,115,1122.0,2.344556796767554,0,GGgrrrGGgrrr
3380,114,1150.0,2.2978270411668413,0,GGgrrrGGgrrr
3381,114,1045.0,2.164939429350082,0,GGgrrrGGgrrr
3382,113,1063.0,2.1498482469013656,0,GGgrrrGGgrrr
3383,113,996.0,2.2384690211513356,0,GGgrrrGGgrrr
3384,113,942.0,2.3060288709434396,0,GGgrrrGGgrrr
3385,113,884.0,2.3793811259632167,0,GGgrrrGGgrrr
3386,114,922.0,2.504490633196862,0,GGgrrrGGgrrr
3387,115,940.0,2.648842789764358,0,GGgrrrGGgrrr
3388,116,890.0,2.7555714201741814,0,GGgrrrGGgrrr
3389,116,907.0,2.8095755351270153,0,GGgrrrGGgrrr
3390,117,923.0,2.8652846126163274,1,yyyrrryyyrrr
3391,117,973.0,2.836940161768415,1,yyyrrryyyrrr
3392,116,992.0,2.874828109869372,1,yyyrrryyyrrr
3393,115,1012.0,2.896272245390721,2,rrrrrrrrrrrr
3394,115,1024.0,2.9956755610309567,2,rrrrrrrrrrrr
3395,115,967.0,2.965042653894297,3,rrrGGgrrrGGg
3396,115,856.0,3.011524869776907,3,rrrGGgrrrGGg
3397,115,796.0,3.0630360084707258,3,rrrGGgrrrGGg
3398,115,713.0,3.178272974658742,3,rrrGGgrrrGGg
3399,115,644.0,3.2670896424662543,3,rrrGGgrrrGGg
3400,116,583.0,3.276814040949164,3,rrrGGgrrrGGg
3401,115,549.0,3.2046828612223477,3,rrrGGgrrrGGg
3402,115,530.0,3.096351373522478,3,rrrGGgrrrGGg
3403,113,518.0,2.967875239840443,3,rrrGGgrrrGGg
3404,113,521.0,2.921980574642222,3,rrrGGgrrrGGg
3405,112,564.0,2.8753142280720665,3,rrrGGgrrrGGg
3406,112,523.0,2.943677208891388,3,rrrGGgrrrGGg
3407,112,563.0,2.8443895110577815,3,rrrGGgrrrGGg
3408,111,606.0,2.7476450479322483,3,rrrGGgrrrGGg
3409,111,650.0,2.6884162910407055,3,rrrGGgrrrGGg
3410,112,666.0,2.5795352877519635,3,rrrGGgrrrGGg
3411,112,637.0,2.5416263734577806,3,rrrGGgrrrGGg
3412,112,650.0,2.3887719511470697,3,rrrGGgrrrGGg
3413,112,662.0,2.3916055204304487,3,rrrGGgrrrGGg
3414,112,681.0,2.453209770815221,3,rrrGGgrrrGGg
3415,113,728.0,2.554689958734185,3,rrrGGgrrrGGg
3416,113,739.0,2.5027896945210646,3,rrrGGgrrrGGg
3417,113,755.0,2.414720331508571,3,rrrGGgrrrGGg
3418,110,743.0,2.1558663919456373,3,rrrGGgrrrGGg
3419,110,717.0,2.202367162177914,3,rrrGGgrrrGGg
3420,110,740.0,2.260706894286578,3,rrrGGgrrrGGg
3421,111,782.0,2.3249911239329286,3,rrrGGgrrrGGg
3422,112,791.0,2.4578182571133658,3,rrrGGgrrrGGg
3423,112,803.0,2.568951268191576,3,rrrGGgrrrGGg
3424,112,814.0,2.6898959316672024,3,rrrGGgrrrGGg
3425,110,826.0,2.620106954043014,4,rrryyyrrryyy
3426,111,833.0,2.6633893585754405,4,rrryyyrrryyy
3427,113,842.0,2.6553596796256187,4,rrryyyrrryyy
3428,113,887.0,2.6718139865335395,5,rrrrrrrrrrrr
3429,113,911.0,2.6867359583540393,5,rrrrrrrrrrrr
3430,113,811.0,2.7043518694899658,0,GGgrrrGGgrrr
3431,114,750.0,2.675787845739337,0,GGgrrrGGgrrr
3432,115,705.0,2.7446085621869485,0,GGgrrrGGgrrr
3433,115,674.0,2.886987967384691,0,GGgrrrGGgrrr
3434,115,693.0,3.025922384912478,0,GGgrrrGGgrrr
3435,114,702.0,3.080024475963337,0,GGgrrrGGgrrr
3436,115,657.0,3.121510391351173,0,GGgrrrGGgrrr
3437,115,674.0,2.973650497283004,0,GGgrrrGGgrrr
3438,115,664.0,3.066975274083945,0,GGgrrrGGgrrr
3439,114,676.0,2.9410176853435117,0,GGgrrrGGgrrr
3440,114,695.0,3.0234090714048354,0,GGgrrrGGgrrr
3441,114,717.0,2.9894103128724634,0,GGgrrrGGgrrr
3442,114,696.0,3.0703857532965166,0,GGgrrrGGgrrr
3443,113,692.0,3.0035641762527048,0,GGgrrrGGgrrr
3444,112,705.0,2.937876495610529,0,GGgrrrGGgrrr
3445,111,735.0,2.830214827309758,0,GGgrrrGGgrrr
3446,110,728.0,2.6741546940779957,0,GGgrrrGGgrrr
3447,110,724.0,2.655213400647462,0,GGgrrrGGgrrr
3448,110,718.0,2.602635006912969,0,GGgrrrGGgrrr
3449,110,705.0,2.495704013610395,0,GGgrrrGGgrrr
3450,109,722.0,2.4415186677625345,0,GGgrrrGGgrrr
3451,109,720.0,2.558641854885892,0,GGgrrrGGgrrr
3452,109,719.0,2.6783046524818173,0,GGgrrrGGgrrr
3453,108,716.0,2.6875557946324227,0,GGgrrrGGgrrr
3454,110,747.0,2.7379825314059945,0,GGgrrrGGgrrr
3455,110,730.0,2.881443539585036,0,GGgrrrGGgrrr
3456,111,722.0,2.9133009664785035,0,GGgrrrGGgrrr
3457,111,743.0,2.944936262501757,0,GGgrrrGGgrrr
3458,111,733.0,2.9852254798365347,0,GGgrrrGGgrrr
3459,112,722.0,3.027767911702021,0,GGgrrrGGgrrr
3460,113,729.0,3.071804604229044,1,yyyrrryyyrrr
3461,113,753.0,3.1582050460318096,1,yyyrrryyyrrr
3462,112,743.0,3.1210611163859663,1,yyyrrryyyrrr
3463,110,728.0,3.0062809910324835,2,rrrrrrrrrrrr
3464,109,718.0,2.9474123417817135,2,rrrrrrrrrrrr
3465,109,643.0,2.88403388845718,3,rrrGGgrrrGGg
3466,108,561.0,2.849645085612258,3,rrrGGgrrrGGg
3467,109,475.0,2.9261961738745805,3,rrrGGgrrrGGg
3468,108,421.0,2.917456566933898,3,rrrGGgrrrGGg
3469,107,346.0,2.9366697149659493,3,rrrGGgrrrGGg
3470,107,338.0,2.905052726471861,3,rrrGGgrrrGGg
3471,108,230.0,2.97438057431545,3,rrrGGgrrrGGg
3472,109,187.0,3.0137813537383633,3,rrrGGgrrrGGg
3473,109,184.0,2.9510168706021265,3,rrrGGgrrrGGg
3474,109,181.0,3.01349759212048,3,rrrGGgrrrGGg
3475,109,184.0,3.120251517635959,3,rrrGGgrrrGGg
3476,108,180.0,3.1126523867706446,3,rrrGGgrrrGGg
3477,106,182.0,3.07405657806942,3,rrrGGgrrrGGg
3478,106,178.0,3.0433026516684487,3,rrrGGgrrrGGg
3479,106,191.0,3.132063454026587,3,rrrGGgrrrGGg
3480,105,209.0,3.042314933595291,3,rrrGGgrrrGGg
3481,107,227.0,3.041153684770867,3,rrrGGgrrrGGg
3482,105,246.0,2.8687110274081378,3,rrrGGgrrrGGg
3483,105,269.0,2.8013631815437834,3,rrrGGgrrrGGg
3484,105,297.0,2.8666750769769633,3,rrrGGgrrrGGg
3485,104,327.0,2.83509559778048,3,rrrGGgrrrGGg
3486,105,363.0,2.8185760958519266,3,rrrGGgrrrGGg
3487,105,374.0,2.864559680861796,3,rrrGGgrrrGGg
3488,106,392.0,2.9362548891588296,3,rrrGGgrrrGGg
3489,105,415.0,2.9155731676238745,3,rrrGGgrrrGGg
3490,106,437.0,2.980740243440317,3,rrrGGgrrrGGg
3491,107,458.0,3.044759150218592,3,rrrGGgrrrGGg
3492,106,480.0,3.044277030552799,3,rrrGGgrrrGGg
3493,106,507.0,3.131137633083418,3,rrrGGgrrrGGg
3494,107,539.0,3.223693340163199,3,rrrGGgrrrGGg
3495,107,562.0,3.3149956452994247,4,rrryyyrrryyy
3496,107,602.0,3.378836538489893,4,rrryyyrrryyy
3497,108,637.0,3.425442343140734,4,rrryyyrrryyy
3498,107,667.0,3.3539339024283317,5,rrrrrrrrrrrr
3499,106,701.0,3.330919257914886,5,rrrrrrrrrrrr
3500,105,641.0,3.149588060799749,0,GGgrrrGGgrrr
3501,105,597.0,3.21420392572534,0,GGgrrrGGgrrr
3502,104,562.0,3.148277084919898,0,GGgrrrGGgrrr
3503,104,547.0,3.1625834353115203,0,GGgrrrGGgrrr
3504,106,530.0,3.1570916278805092,0,GGgrrrGGgrrr
3505,106,516.0,3.158082429998152,0,GGgrrrGGgrrr
3506,105,510.0,3.1399806099330694,0,GGgrrrGGgrrr
3507,104,503.0,3.1103352574541367,0,GGgrrrGGgrrr
3508,104,505.0,3.207270555535843,0,GGgrrrGGgrrr
3509,105,508.0,3.2656424157764135,0,GGgrrrGGgrrr
3510,102,543.0,3.041907366419377,0,GGgrrrGGgrrr
3511,103,547.0,3.1231709861281023,0,GGgrrrGGgrrr
3512,103,552.0,3.084706699059505,0,GGgrrrGGgrrr
3513,102,548.0,2.9995721162567426,0,GGgrrrGGgrrr
3514,102,548.0,3.004569628020503,0,GGgrrrGGgrrr
3515,101,552.0,2.7908918843992594,0,GGgrrrGGgrrr
3516,101,563.0,2.580429338149616,0,GGgrrrGGgrrr
3517,101,569.0,2.7100700129180657,0,GGgrrrGGgrrr
3518,102,568.0,2.8087062804414016,0,GGgrrrGGgrrr
3519,101,576.0,2.844674989401854,0,GGgrrrGGgrrr
3520,101,581.0,3.004901845160403,0,GGgrrrGGgrrr
3521,102,587.0,3.00710014972494,0,GGgrrrGGgrrr
3522,101,583.0,2.9925482509515464,0,GGgrrrGGgrrr
3523,102,591.0,3.0513750848115886,0,GGgrrrGGgrrr
3524,102,629.0,3.106326835639089,0,GGgrrrGGgrrr
3525,102,636.0,3.141993748692198,0,GGgrrrGGgrrr
3526,104,639.0,3.115759556991082,0,GGgrrrGGgrrr
3527,104,650.0,3.205903148891378,0,GGgrrrGGgrrr
3528,105,678.0,3.283714971117711,0,GGgrrrGGgrrr
3529,105,689.0,3.3922301325137654,0,GGgrrrGGgrrr
3530,106,694.0,3.4507521865207975,1,yyyrrryyyrrr
3531,107,700.0,3.4257890609522748,1,yyyrrryyyrrr
3532,105,706.0,3.35428299382395,1,yyyrrryyyrrr
3533,105,714.0,3.445909780832536,2,rrrrrrrrrrrr
3534,105,725.0,3.500679134795927,2,rrrrrrrrrrrr
3535,103,645.0,3.4114181735504028,3,rrrGGgrrrGGg
3536,104,609.0,3.3085281442601393,3,rrrGGgrrrGGg
3537,103,565.0,3.175154118168677,3,rrrGGgrrrGGg
3538,103,477.0,3.261172095192853,3,rrrGGgrrrGGg
3539,103,440.0,3.341955665034113,3,rrrGGgrrrGGg
3540,102,443.0,3.2330537518653784,3,rrrGGgrrrGGg
3541,103,412.0,3.223820231560248,3,rrrGGgrrrGGg
3542,104,406.0,3.2324442591152027,3,rrrGGgrrrGGg
3543,105,401.0,3.178945326958965,3,rrrGGgrrrGGg
3544,104,402.0,3.159826401295608,3,rrrGGgrrrGGg
3545,102,397.0,2.7510224354962602,3,rrrGGgrrrGGg
3546,103,401.0,2.7000228813231866,3,rrrGGgrrrGGg
3547,102,402.0,2.507485156377997,3,rrrGGgrrrGGg
3548,102,410.0,2.4667502877138334,3,rrrGGgrrrGGg
3549,102,450.0,2.4594168443940596,3,rrrGGgrrrGGg
3550,102,455.0,2.4679527771890566,3,rrrGGgrrrGGg
3551,102,469.0,2.4083547591384753,3,rrrGGgrrrGGg
3552,103,481.0,2.4404793298638103,3,rrrGGgrrrGGg
3553,103,487.0,2.487412672051019,3,rrrGGgrrrGGg
3554,102,484.0,2.43753151892866,3,rrrGGgrrrGGg
3555,102,525.0,2.515071235037147,3,rrrGGgrrrGGg
3556,102,537.0,2.570791435094371,3,rrrGGgrrrGGg
3557,101,551.0,2.5334106210902316,3,rrrGGgrrrGGg
3558,102,568.0,2.5649947201106547,3,rrrGGgrrrGGg
3559,103,615.0,2.6097085339360007,3,rrrGGgrrrGGg
3560,104,616.0,2.6849049802271283,3,rrrGGgrrrGGg
3561,104,612.0,2.7355162885639777,3,rrrGGgrrrGGg
3562,103,634.0,2.624920370126008,3,rrrGGgrrrGGg
3563,103,656.0,2.6538375875191793,3,rrrGGgrrrGGg
3564,103,680.0,2.704186750737464,3,rrrGGgrrrGGg
3565,103,727.0,2.663220364882538,4,rrryyyrrryyy
3566,103,739.0,2.702168820099958,4,rrryyyrrryyy
3567,103,733.0,2.689202714001365,4,rrryyyrrryyy
3568,104,748.0,2.616780797199482,5,rrrrrrrrrrrr
3569,103,792.0,2.5245083732246254,5,rrrrrrrrrrrr
3570,103,714.0,2.590362451305809,0,GGgrrrGGgrrr
3571,104,661.0,2.5629915606764864,0,GGgrrrGGgrrr
3572,104,612.0,2.7148612632761524,0,GGgrrrGGgrrr
3573,106,571.0,2.788829582721034,0,GGgrrrGGgrrr
3574,105,577.0,2.8519920860321344,0,GGgrrrGGgrrr
3575,105,580.0,2.858878301391268,0,GGgrrrGGgrrr
3576,106,547.0,2.9629668538410363,0,GGgrrrGGgrrr
3577,104,517.0,2.8557751071530433,0,GGgrrrGGgrrr
3578,101,513.0,2.6314102357091858,0,GGgrrrGGgrrr
3579,102,510.0,2.7007929781765494,0,GGgrrrGGgrrr
3580,103,514.0,2.745526411379488,0,GGgrrrGGgrrr
3581,103,488.0,2.667792662214843,0,GGgrrrGGgrrr
3582,103,488.0,2.7233600840001118,0,GGgrrrGGgrrr
3583,102,499.0,2.6486794703601944,0,GGgrrrGGgrrr
3584,103,491.0,2.711762457338637,0,GGgrrrGGgrrr
3585,102,503.0,2.701540360873155,0,GGgrrrGGgrrr
3586,104,498.0,2.8023780749272116,0,GGgrrrGGgrrr
3587,103,490.0,2.8989753559140268,0,GGgrrrGGgrrr
3588,102,523.0,2.811112310666583,0,GGgrrrGGgrrr
3589,103,525.0,2.937299550205473,0,GGgrrrGGgrrr
3590,104,534.0,2.8359369181609106,0,GGgrrrGGgrrr
3591,104,536.0,2.9114542836859156,0,GGgrrrGGgrrr
3592,104,568.0,2.9770782461181775,0,GGgrrrGGgrrr
3593,105,568.0,3.0833673413003186,0,GGgrrrGGgrrr
3594,105,571.0,3.158392050732713,0,GGgrrrGGgrrr
3595,106,576.0,3.1443625370521056,0,GGgrrrGGgrrr
3596,107,575.0,3.203745397398289,0,GGgrrrGGgrrr
3597,108,582.0,3.2715137780536874,0,GGgrrrGGgrrr
3598,109,592.0,3.361257166748014,0,GGgrrrGGgrrr
3599,109,597.0,3.4465386436250887,0,GGgrrrGGgrrr
